bus_id,Vm,Va_deg
1,0.973481,-33.2305
2,1.04702,-14.6834
3,0.968226,-32.5705
4,1.05914,-33.193
5,1.01962,-53.8425
6,1.02464,-13.0908
7,1.04706,-14.4388
8,1.06449,-26.6857
9,1.04276,-38.5235
10,1.05254,-32.3196
11,1.05254,-32.3196
12,1.01816,-14.6289
13,1.07779,-3.45242
14,1.07578,-35.262
15,1.02935,-14.1128
16,1.0293,-19.9603
17,1.01099,-28.4044
18,0.964606,-26.6608
19,1.03423,-22.77
20,0.965364,-26.6936
21,1.00903,-16.2163
22,1.0329,-23.9572
23,1.05354,-32.0589
24,1.06211,-31.578
25,1.09231,-28.5465
26,1.007,-24.8224
27,1.0372,-19.9877
28,1.03257,-33.246
29,1.0309,-20.2105
30,1.05417,-32.2283
31,1.05602,-29.1542
32,1.09446,-26.0435
33,1.06871,-25.7989
34,1.07768,-25.8666
35,1.05409,-21.0377
36,1.03947,-19.7781
37,1.00905,-18.1586
38,1.0519,-30.0032
39,1.0075,-42.6653
40,1.06444,-33.3675
41,1.06423,-31.988
42,1.12797,-10.0459
43,1.0574,-34.7825
44,1.03146,-50.5672
45,1.00465,-35.3019
46,1.05297,-34.3992
47,1.06299,-33.0921
48,1.05269,-33.2621
49,1.02642,-22.8313
50,1.06783,-34.2299
51,1.05265,-29.4739
52,1.0216,-36.9358
53,1.02235,-35.7266
54,1.01707,-18.5219
55,1.08443,-36.5253
56,1.08,-33.0428
57,1.06253,-7.49331
58,1.08426,-36.5401
59,0.996198,-30.6053
60,1.00387,-24.3813
61,0.982434,-28.1456
62,0.992895,-24.2756
63,1.01583,-14.198
64,1.08151,-26.1931
65,0.990862,-28.8278
66,1.03544,-25.6014
67,1.0093,-15.6711
68,1.00159,-23.6231
69,1.04742,-54.7518
70,1.02584,-13.4006
71,1.04083,-35.7354
72,1.0889,-27.4724
73,1.0889,-27.4724
74,1.08195,-26.0566
75,1.03685,-27.4751
76,1.08057,-10.9496
77,1.00496,-25.2872
78,1.0413,-15.905
79,1.02865,-34.3959
80,1.06975,-34.2686
81,1.06977,-34.2686
82,1.03558,-22.1161
83,1.0643,-33.6978
84,1.02117,-15.7027
85,1.04224,-11.6267
86,1.02752,-42.9961
87,1.03083,-14.2885
88,1.05104,-18.5999
89,1.05281,-36.9893
90,0.966145,-27.1021
91,0.964606,-26.6608
92,1.03496,-16.0445
93,0.980995,-28.4679
94,1.01912,-25.3427
95,1.01915,-36.2354
96,1.05971,-29.4867
97,1.03374,-15.9598
98,1.03104,-28.3287
99,0.987598,-27.8193
100,1.01938,-35.0117
101,0.98968,-15.971
102,1.05126,-11.2579
103,1.00842,-23.2687
104,1.03741,-20.8144
105,1.06136,-25.2103
106,1.0756,-30.4136
107,1.0496,-28.7288
108,1.06336,-32.083
109,1.05285,-19.9606
110,1.02978,-18.13
111,1.02629,-18.3249
112,1.0132,-33.4989
113,1.04484,-29.9526
114,1.04628,-34.2483
115,1.0778,-3.4525
116,1.0778,-3.4525
117,1.01262,-33.9877
118,1.03926,-27.1459
119,0.993926,-17.5033
120,1.06162,-31.8458
121,0.992713,-20.7879
122,1.0225,-22.8456
123,1.01934,-23.0153
124,1.01006,-25.3335
125,1.05432,-22.4099
126,1.03693,-10.8716
127,1.02514,-35.9072
128,1.05388,-8.75655
129,1.05885,-6.63047
130,1.07261,-7.15442
131,1.07365,-14.4495
132,1.0618,-5.61242
133,1.00137,-38.224
134,1.04784,-35.1492
135,1.08523,-36.3578
136,1.04955,-42.5374
137,1.02175,-17.2537
138,1.04778,-18.1503
139,1.03375,-8.85213
140,1.05918,-5.13347
141,1.0656,-1.98161
142,0.999821,-30.1206
143,1.0176,-25.8415
144,1.06868,-29.6131
145,1.08294,-25.9332
146,1.09283,-23.0252
147,1.03727,-32.2039
148,1.0386,-22.1539
149,1.02811,-36.0996
150,1.05433,-29.6346
151,1.01111,-21.2041
152,1.01106,-19.9512
153,1.04736,-29.4374
154,1.06535,-25.3375
155,1.03531,-7.1618
156,1.01107,-21.2094
157,0.950661,-30.1526
158,0.986553,-28.8289
159,1.04415,-32.301
160,1.0687,-23.8437
161,1.06848,-23.845
162,1.0083,-24.3048
163,0.990228,-25.5229
164,0.990228,-25.5229
165,1.05952,-31.5544
166,1.02806,-35.6971
167,1.02499,-36.1964
168,1.05958,-31.5493
169,1.00156,-27.918
170,1.03461,-35.6608
171,1.06403,-39.6662
172,1.07334,-35.5371
173,1.08586,-27.5758
174,1.08611,-30.5047
175,1.02827,-9.77776
176,1.09875,-5.81681
177,1.07926,-32.7376
178,1.07926,-32.7376
179,1.0253,-35.8977
180,1.07926,-32.7376
181,1.0371,-17.8526
182,1.02113,-17.7933
183,1.03031,-30.149
184,1.07399,-29.694
185,0.992064,-30.9041
186,1.00961,-23.6633
187,1.053,-9.78749
188,1.07942,-8.19471
189,1.02575,-13.8759
190,0.963754,-27.5656
191,1.00197,-27.8119
192,1.06655,-7.91881
193,1.04445,-30.4693
194,1.06079,-13.4543
195,1.07457,-35.2372
196,1.07457,-35.2372
197,1.02953,-22.7198
198,1.01967,-13.6811
199,1.01298,-42.3161
200,1.06971,-10.3626
201,1.05797,-25.4711
202,1.01901,-25.1364
203,1.08098,-24.9484
204,1.08576,-21.7486
205,1.10046,-18.2732
206,1.03521,-23.0372
207,1.00659,-9.17911
208,1.04749,-32.4137
209,1.04615,-16.3258
210,1.02273,-13.0634
211,1.02277,-12.9185
212,1.06844,-12.8687
213,1.06838,-12.8525
214,1.05886,-39.2593
215,1.06745,-35.5274
216,0.997475,-21.5294
217,1.00268,-30.622
218,1.01749,-18.5452
219,1.02339,-25.2178
220,1.02723,-14.0598
221,1.02198,-13.9082
222,1.06336,-9.87968
223,1.03209,-17.1432
224,1.0987,-5.81584
225,1.079,-12.2496
226,1.07839,-12.2436
227,1.02208,-57.145
228,1.01822,-57.6754
229,1.04112,-13.4249
230,1.08064,-12.5569
231,1.00553,-26.7173
232,1.05898,-19.5476
233,1.05773,-24.6437
234,1.05773,-24.6437
235,1.07199,-21.3343
236,1.06654,-31.8082
237,1.05512,-31.2661
238,1.01714,-29.2806
239,1.02641,-58.9362
240,1.04144,-15.9027
241,0.997779,-18.4977
242,1.02494,-22.5078
243,1.01727,-19.8923
244,1.0374,-7.63201
245,0.994448,-22.3299
246,1.0267,-25.875
247,1.06028,-24.6212
248,1.0788,-33.2971
249,1.02761,-19.8283
250,1.01616,-33.5077
251,1.0209,-35.0862
252,1.00867,-24.4519
253,1.03205,-28.8055
254,1.02917,-33.239
255,1.01492,-17.4602
256,1.06121,-8.64892
257,1.07404,-10.5999
258,1.05995,-3.74484
259,1.05017,-25.587
260,1.06548,-23.3671
261,1.03521,-17.0832
262,1.07407,-23.0335
263,1.06275,-24.54
264,1.07269,-19.5302
265,1.01518,-36.6824
266,1.08081,-33.0262
267,1.06864,-34.4639
268,1.01508,-13.5357
269,1.01728,-20.0111
270,1.06933,-8.37035
271,1.06932,-8.37088
272,1.05272,-13.2755
273,1.06672,-9.15625
274,1.08678,-30.419
275,1.05711,-26.1552
276,1.06591,-20.1491
277,1.02604,-29.0604
278,1.05687,-26.2149
279,1.01842,-42.138
280,1.05678,-37.2538
281,1.03318,-25.6061
282,1.0267,-25.875
283,1.01829,-36.4893
284,1.02525,-12.7135
285,1.08093,-32.8684
286,1.08073,-32.882
287,1.01545,-26.4288
288,1.00759,-29.1095
289,1.08289,-12.6743
290,1.08285,-23.9124
291,1.01857,-18.0897
292,1.03255,-23.3078
293,1.03257,-23.3084
294,1.00727,-30.6738
295,1.06866,-26.032
296,1.03209,-26.2033
297,1.00299,-24.2275
298,1.03456,-12.8053
299,1.0794,-23.0487
300,1.08192,-20.4839
301,1.01364,-10.089
302,1.00518,-20.4093
303,1.00101,-25.4935
304,1.0312,-20.6353
305,1.06027,-16.1177
306,1.02863,-26.2422
307,1.00704,-42.9848
308,1.0359,-14.1503
309,1.05466,-26.8488
310,1.05492,-26.8729
311,0.978796,-27.9905
312,1.0364,-19.6891
313,1.00998,-17.5979
314,1.03751,-13.5511
315,1.07316,-29.8759
316,1.03741,-16.4815
317,1.06132,-9.6812
318,1.01879,-35.1523
319,1.03276,-18.859
320,1.07473,-28.1249
321,1.06083,-15.7372
322,1.04366,-7.9639
323,1.08233,-7.80868
324,1.04509,-14.989
325,1.01141,-22.1479
326,1.0663,-15.1502
327,1.06811,-12.1903
328,1.03734,-15.9247
329,1.08051,-29.5142
330,1.04832,-16.5606
331,1.06978,-12.1846
332,0.997135,-31.6319
333,1.01909,-21.7601
334,1.0502,-54.2618
335,1.02962,-18.0881
336,1.03819,-10.0832
337,1.04411,-18.2029
338,1.06965,-11.9289
339,1.0343,-15.951
340,1.01907,-24.3106
341,1.05183,-17.8151
342,1.03812,-23.9648
343,1.04471,-21.5152
344,1.00727,-16.841
345,1.05256,-32.763
346,1.06872,-4.34382
347,1.05517,-27.4362
348,1.07866,-31.4075
349,1.10695,-21.5378
350,1.10693,-20.9868
351,1.04268,-11.9701
352,1.07304,-32.5874
353,1.04208,-37.089
354,1.03055,-9.43584
355,1.06808,-21.0355
356,0.989649,-17.7787
357,1.00979,-25.7622
358,0.990096,-17.748
359,1.04493,-21.4346
360,1.04735,-15.0878
361,1.07394,-10.7649
362,1.08328,-10.7776
363,1.0869,-27.5806
364,1.06985,-34.3185
365,1.05517,-29.4322
366,1.07937,-26.0198
367,1.0403,-19.7819
368,1.05509,-21.0427
369,1.08477,-36.5
370,1.04653,-35.359
371,1.01551,-14.2439
372,1.01374,-20.5139
373,1.08459,-36.5142
374,1.00393,-56.0229
375,1.00932,-37.4378
376,1.02873,-42.7445
377,1.04036,-21.0404
378,1.0532,-18.6514
379,1.06037,-14.3289
380,1.07214,-12.723
381,1.04394,-37.3856
382,1.01753,-20.7577
383,1.06076,-25.0803
384,0.980053,-23.3262
385,1.0267,-17.1586
386,1.04522,-11.9379
387,1.04245,-7.00657
388,1.07114,-30.4793
389,1.02979,-18.4869
390,1.0506,-13.3321
391,1.05321,-15.6306
392,1.03132,-23.6504
393,1.0365,-20.9039
394,1.00397,-17.2059
395,1.00408,-17.1993
396,1.01005,-23.5379
397,1.03336,-16.4009
398,1.01906,-36.3945
399,1.0507,-12.9457
400,1.00915,-18.5552
401,1.0499,-19.1389
402,0.998776,-21.4
403,1.05813,-25.9042
404,1.06223,-32.7132
405,1.0029,-24.7225
406,1.00233,-27.3151
407,1.02713,-30.6473
408,1.03385,-23.7478
409,0.995717,-21.5473
410,1.02821,-38.633
411,1.0048,-28.5681
412,0.98281,-26.2594
413,1.03885,-54.5751
414,1.03149,-35.1232
415,1.02966,-34.2453
416,1.07482,-34.7142
417,1.0431,-20.1974
418,1.02357,-31.8219
419,1.02754,-23.0843
420,1.03077,-22.637
421,1.02722,-33.157
422,1.04212,-13.0266
423,1.06904,-10.1677
424,1.01906,-19.492
425,1.05002,-15.806
426,1.03495,-33.6478
427,1.05962,-30.6465
428,1.03274,-47.7166
429,1.05073,-16.2363
430,1.06424,-31.9833
431,1.05546,-12.2553
432,1.0047,-32.1806
433,1.06629,-36.8284
434,0.997004,-16.169
435,1.00813,-23.0732
436,1.02691,-12.0821
437,1.0755,-25.2306
438,1.03278,-37.0061
439,0.984895,-30.8398
440,1.01866,-21.0813
441,1.0238,-22.8126
442,1.03158,-13.1515
443,1.08983,-29.4679
444,1.09435,-30.11
445,1.09937,-31.1682
446,1.05002,-26.1599
447,1.01687,-5.71404
448,1.02834,-12.5607
449,1.09461,-9.24279
450,1.08752,-9.53439
451,1.01324,-16.3719
452,1.0564,-49.4822
453,1.06979,-44.6856
454,1.04181,-15.9986
455,1.07339,-29.6571
456,1.07277,-29.7083
457,0.969979,-29.0622
458,1.05284,-27.3166
459,1.04831,-24.2355
460,1.01429,-15.1874
461,1.00695,-21.1802
462,1.03813,-54.3621
463,1.00852,-21.4902
464,1.16881,-24.7548
465,1.0715,-30.2099
466,1.03942,-39.361
467,0.990986,-35.5036
468,1.03741,-41.3714
469,1.06068,-14.3344
470,1.05054,-37.4096
471,1.04777,-33.4108
472,1.1013,-19.0171
473,1.10128,-19.0165
474,1.0165,-38.0209
475,0.995378,-24.9661
476,0.990911,-22.8621
477,0.98301,-25.321
478,1.01073,-26.1812
479,1.03,-25.7303
480,1.03896,-22.1157
481,1.03288,-18.3184
482,0.979697,-26.6458
483,1.03718,-17.184
484,1.01142,-27.54
485,1.01331,-48.0046
486,1.01067,-18.5457
487,1.02358,-39.3417
488,1.01679,-19.1476
489,1.01138,-31.6462
490,1.0892,-28.1574
491,1.06726,-9.58367
492,1.02747,-17.7032
493,1.05954,-4.05185
494,1.05381,-4.06579
495,1.05371,-4.05614
496,1.05381,-4.05318
497,1.0538,-4.04977
498,1.02891,-18.0629
499,1.09541,-9.12347
500,1.09564,-9.08469
501,1.08823,-9.44334
502,1.03098,-31.4907
503,1.06141,-32.6011
504,1.06755,-31.688
505,1.0751,-27.9462
506,1.03566,-42.8856
507,0.988313,-26.6837
508,1.04101,-33.0779
509,1.06649,-36.644
510,1.01557,-34.0806
511,1.04961,-28.6739
512,0.945228,-27.0292
513,1.01234,-27.0292
514,1.09487,-20.7442
515,0.99057,-30.9833
516,0.997458,-34.376
517,1.01512,-20.6538
518,1.04771,-17.0988
519,1.01519,-30.8953
520,1.00672,-26.1366
521,1.01831,-21.9878
522,1.01702,-21.7044
523,1.03094,-16.8649
524,1.04204,-11.7865
525,1.05874,-39.2643
526,1.0338,-7.79452
527,1.06959,-3.92681
528,1.03805,-22.6898
529,1.03777,-22.7067
530,1.0631,-33.0921
531,1.02464,-36.3415
532,1.0246,-36.3456
533,1.01465,-35.0956
534,1.0156,-35.1218
535,1.02535,-21.8834
536,1.03296,-16.9656
537,1.01681,-30.8381
538,1.03768,-34.1048
539,1.01213,-41.1128
540,1.04201,-13.8309
541,1.00577,-20.2921
542,1.03096,-17.6396
543,1.03094,-17.6431
544,1.04968,-37.8744
545,1.07459,-34.7022
546,1.05512,-14.2377
547,1.03271,-17.4833
548,1.04794,-7.09506
549,1.02016,-21.6987
550,1.04299,-11.8539
551,1.0311,-11.9008
552,1.02046,-35.8055
553,1.01637,-41.3084
554,1.04158,-13.5612
555,1.06532,-5.91661
556,1.06533,-5.91663
557,1.03892,-13.3868
558,1.08096,-30.2649
559,1.02139,-19.1923
560,1.00387,-34.9925
561,1.0236,-15.1436
562,1.03831,-39.6458
563,1.01005,-8.83227
564,1.05033,-4.91465
565,1.04562,-27.5222
566,1.0264,-44.5372
567,1.03731,-9.60495
568,1.03351,-19.2718
569,1.0488,-16.8903
570,1.00715,-17.1729
571,1.02065,-19.7794
572,0.990252,-17.0243
573,1.02953,-22.7198
574,1.01624,-22.1002
575,1.01872,-18.5625
576,1.05694,-25.2238
577,1.03418,-13.9444
578,1.04816,-16.7885
579,1.07493,-16.5061
580,1.0748,-16.5165
581,1.07564,-11.2663
582,1.07208,-8.55191
583,1.0366,-33.5614
584,1.02093,-21.0408
585,1.0005,-18.1055
586,1.05635,-31.6534
587,1.01887,-18.4606
588,1.05542,-28.4794
589,1.01262,-14.8541
590,1.08228,-20.3371
591,1.03306,-44.4178
592,1.01572,-30.5586
593,1.04199,-8.57364
594,1.05953,-4.05186
595,1.05373,-4.1335
596,1.02186,-42.7944
597,1.03326,-28.8404
598,1.06378,-25.3631
599,1.00805,-29.9979
600,0.98362,-27.6852
601,1.00005,-17.9425
602,1.0363,-12.257
603,1.06727,-11.5293
604,1.07151,-47.7199
605,1.07151,-47.7199
606,1.07152,-47.7201
607,1.04601,-51.2182
608,1.07151,-47.7199
609,1.03949,-36.7673
610,1.06755,-18.1452
611,1.03404,-18.6507
612,0.992541,-27.9405
613,1.03495,-37.2339
614,1.00983,-24.3486
615,1.03991,-25.6125
616,1.06331,-5.79946
617,1.06408,-4.99713
618,1.02915,-40.0797
619,1.02761,-40.1347
620,1.03479,-33.6456
621,1.0348,-33.6474
622,1.04302,-31.965
623,1.04235,-33.1593
624,1.08889,-28.3669
625,1.02306,-53.443
626,1.01713,-17.8512
627,0.982918,-20.1911
628,1.04557,-19.1028
629,1.04247,-24.6582
630,1.02584,-34.5808
631,1.07002,-34.11
632,1.07024,-34.026
633,1.04887,-20.5016
634,1.0279,-56.0088
635,1.01231,-24.7048
636,1.02247,-15.2128
637,1.01756,-17.3165
638,1.01515,-22.8393
639,1.0394,-39.3631
640,1.08278,-20.5115
641,1.05644,-2.15376
642,1.03003,-25.7308
643,0.995957,-16.3835
644,1.00363,-20.521
645,1.00112,-20.6765
646,1.01935,-31.0484
647,1.03142,-21.623
648,1.04584,-13.7824
649,1.05476,-32.9483
650,1.03603,-19.1477
651,1.02152,-39.7366
652,1.0517,-7.23534
653,1.01909,-18.8226
654,1.0344,-13.9127
655,1.00795,-24.8301
656,1.04768,-30.7074
657,1.05499,-24.9586
658,1.03211,-19.5655
659,1.01377,-38.2461
660,1.039,-10.5578
661,1.02249,-45.4945
662,1.05058,-12.8619
663,1.02463,-22.1416
664,1.05526,-10.4911
665,1.05317,-10.5779
666,1.05525,-10.4949
667,1.05315,-10.5891
668,1.04784,-26.38
669,1.07268,-22.1914
670,1.01378,-19.9127
671,1.04874,-31.5856
672,1.01994,-18.4047
673,1.05673,-28.8269
674,1.0259,-21.5964
675,1.01235,-23.8629
676,1.02405,-25.6719
677,1.04496,-41.5882
678,1.05936,-37.875
679,1.00364,-43.1815
680,1.03726,-19.801
681,1.035,-41.3951
682,1.03036,-10.583
683,1.0137,-40.4245
684,0.994085,-30.7536
685,1.09535,-10.361
686,0.981957,-27.7204
687,1.0953,-10.3785
688,1.02507,-36.8877
689,1.00452,-24.5481
690,1.04742,-16.2129
691,1.06677,-34.7445
692,1.00237,-18.0617
693,1.0726,-9.11537
694,1.0726,-9.11537
695,1.06673,-32.8342
696,1.07048,-28.8536
697,0.98696,-1.1055
698,0.98696,-1.1055
699,0.97968,-1.56753
700,1.00049,-4.51909
701,0.997776,-5.02226
702,1.01402,-35.3524
703,1.01831,-36.5781
704,1.04199,-32.6854
705,0.980503,-30.2081
706,0.97778,-27.8694
707,1.03985,-25.6326
708,1.03982,-25.6347
709,1.03984,-25.6365
710,1.01029,-28.7868
711,1.03185,-31.0222
712,1.03986,-25.6242
713,1.0112,-24.1898
714,1.03732,-16.8123
715,1.074,-11.8758
716,0.996428,-35.9524
717,1.03139,-24.5572
718,0.99602,-36.2642
719,1.02886,-39.7361
720,1.01662,-15.9573
721,1.04751,-19.5058
722,1.02801,-12.4217
723,0.993269,-17.5647
724,0.982452,-32.3141
725,1.05227,-29.98
726,1.07673,-30.875
727,1.06381,-26.7861
728,1.01518,-36.6822
729,1.01618,-36.2847
730,1.01413,-36.3257
731,1.02311,-30.757
732,1.02612,-47.199
733,1.00541,-10.4186
734,1.0188,-19.3396
735,1.07395,-31.3007
736,1.06476,-33.156
737,1.03631,-12.2572
738,1.07797,-32.1137
739,1.08054,-32.9168
740,1.02489,-29.2188
741,1.02585,-29.2547
742,0.994627,-28.3586
743,1.02563,-25.7491
744,1.02185,-11.2279
745,1.02102,-9.83038
746,1.00713,-38.6778
747,1.02201,-49.079
748,1.02352,-39.3436
749,1.03525,-13.185
750,1.02627,-21.5023
751,1.0267,-25.875
752,1.00803,-26.3769
753,1.04207,-17.58
754,1.04322,-27.162
755,1.04654,-25.1178
756,1.02715,-9.86173
757,1.08079,-33.1945
758,1.07567,-25.8271
759,1.07567,-25.8271
760,1.06491,-18.3269
761,1.05531,-19.6733
762,0.578043,-25.5907
763,1.0503,-25.5907
764,1.02953,-15.2491
765,1.00259,-35.4431
766,1.04113,-20.0697
767,1.023,-24.9564
768,1.04312,-43.8904
769,1.07507,-38.2964
770,1.03741,-16.6861
771,1.03741,-16.6861
772,1.03741,-16.6861
773,1.03637,-16.6861
774,1.03265,-18.8942
775,1.08106,-31.8561
776,1.03157,-15.2457
777,1.08047,-10.7832
778,1.04486,-42.2446
779,1.04461,-42.2595
780,1.04499,-42.2277
781,1.01857,-30.6398
782,1.01976,-18.0671
783,1.07358,-14.4642
784,1.07202,-15.0764
785,1.06324,-31.3964
786,1.01029,-9.99322
787,1.01255,-9.02101
788,1.01154,-9.02101
789,1.00928,-9.99322
790,1.00256,-6.43704
791,1.05898,-4.18552
792,0.983138,-31.3842
793,1.00386,-24.7056
794,1.02951,-26.0775
795,1.02517,-27.2829
796,1.03534,-22.977
797,1.022,-53.3816
798,1.03459,-22.262
799,1.02132,-30.8825
800,1.0476,-22.9397
801,0.970597,-2.53672
802,0.971159,-2.91821
803,0.971159,-2.91821
804,0.998325,-5.47437
805,0.998869,-5.85256
806,1.06022,-19.3301
807,1.04111,-14.1035
808,1.07832,-11.4367
809,1.07887,-11.3797
810,1.04816,-28.3508
811,1.02413,-20.431
812,1.07375,-13.4456
813,1.05763,-32.8097
814,1.02371,-14.0915
815,1.05409,-8.49135
816,1.06349,-5.64968
817,1.08165,-31.534
818,1.02235,-53.4149
819,1.02467,-21.5178
820,1.02442,-21.5515
821,1.07213,-15.0067
822,1.07281,-14.9702
823,1.0829,-31.3094
824,1.07971,-22.507
825,1.01868,-12.0959
826,1.02834,-12.6718
827,1.07391,-45.5394
828,1.07339,-41.4765
829,1.07829,-25.4406
830,1.06165,-15.4784
831,0.986163,-26.0509
832,1.03015,-12.5171
833,1.06225,-8.80004
834,1.05668,-35.4802
835,1.0661,-29.7251
836,1.03209,-10.603
837,1.05289,-9.78482
838,1.05279,-9.78214
839,1.02111,-21.9341
840,1.02169,-15.2332
841,1.07839,-31.9736
842,1.05649,-13.917
843,1.05301,-30.2569
844,1.01339,-21.9664
845,1.02062,-20.8986
846,1.01547,-32.6869
847,1.01646,-32.7521
848,1.01736,-32.6541
849,1.05081,-12.9421
850,1.0676,-9.22666
851,1.06058,-6.85815
852,1.05679,-25.0987
853,1.07073,-21.6529
854,1.0783,-14.1872
855,1.02872,-34.7339
856,1.03415,-43.0403
857,1.04655,-18.5645
858,1.0591,-14.3287
859,1.08475,-36.5034
860,1.04661,-35.3532
861,1.03944,-56.0492
862,1.06577,-24.8708
863,1.06567,-24.9083
864,1.036,-9.54927
865,1.03535,-9.88812
866,1.04234,-12.6932
867,0.997152,-31.7262
868,1.00812,-28.4
869,1.02127,-30.5916
870,1.04442,-17.5588
871,1.04269,-17.6507
872,1.07522,-30.1161
873,1.05783,-12.8527
874,1.03435,-43.3229
875,1.04425,-26.7449
876,1.04314,-26.7546
877,1.06178,-31.3005
878,1.06144,-31.3194
879,1.06651,-36.8246
880,1.04779,-36.5348
881,1.05465,-32.9437
882,1.06308,-31.7653
883,1.06874,-30.1431
884,1.04544,-55.2487
885,1.03851,-16.5761
886,1.00527,-17.7025
887,1.05808,-32.6636
888,1.05871,-32.6146
889,0.99519,-18.6372
890,1.05902,-17.8354
891,1.01526,-12.1076
892,1.04852,-22.4993
893,1.05069,-30.6765
894,1.03089,-37.5314
895,1.10268,-4.63336
896,1.08664,-7.81547
897,1.10544,-2.70234
898,1.10526,-2.58347
899,1.03158,-15.2459
900,1.02977,-15.3306
901,1.06046,-32.838
902,1.02459,-24.12
903,1.07046,-32.323
904,1.0512,-30.5072
905,1.06907,-34.3553
906,1.05197,-13.3671
907,1.06865,-36.3441
908,1.05228,-14.1736
909,1.00463,-34.664
910,1.0459,-13.2788
911,1.02527,-35.898
912,1.0252,-35.9088
913,0.976913,-23.8436
914,1.08777,-9.31143
915,1.08708,-9.66883
916,1.0923,-8.93686
917,0.995608,-20.76
918,1.07889,-32.2295
919,1.02282,-15.052
920,1.04916,-17.5661
921,1.00291,-6.44106
922,1.03548,-22.9501
923,1.02846,-30.1525
924,1.07572,-26.1526
925,1.04471,-22.6593
926,1.04042,-25.2453
927,1.04018,-23.9201
928,0.998822,-18.0044
929,1.07832,-21.0433
930,1.03377,-23.0586
931,1.06322,-33.9047
932,1.08263,-34.1186
933,1.08379,-34.2767
934,1.07624,-28.965
935,1.07613,-28.9087
936,1.02851,-39.4132
937,1.07783,-24.8833
938,1.05256,-21.8085
939,1.04761,-22.9478
940,1.00871,-12.5915
941,1.04099,-38.8662
942,1.03496,-32.8506
943,1.0306,-33.7275
944,1.01125,-17.0945
945,1.03857,-19.8558
946,1.02502,-41.2162
947,1.01259,-15.0559
948,1.04499,-42.2277
949,1.07501,-37.0865
950,1.02861,-5.27819
951,1.01519,-29.1774
952,0.980348,-28.3308
953,1.02513,-17.1653
954,1.0483,-10.4137
955,1.0163,-20.5983
956,1.01625,-20.5769
957,0.995991,-35.659
958,1.01727,-23.217
959,1.00493,-36.0616
960,1.02078,-25.4068
961,1.04454,-20.5204
962,1.05044,-17.6362
963,1.05045,-17.6332
964,1.0219,-32.5804
965,1.01409,-22.5409
966,1.01846,-22.7108
967,1.02841,-46.379
968,1.02573,-32.1639
969,1.04025,-24.7185
970,1.04306,-20.2125
971,1.03896,-22.1161
972,1.04139,-34.7384
973,1.06022,-9.98967
974,1.01968,-31.5847
975,1.06117,-23.6821
976,1.04435,-19.6132
977,1.07281,-17.2612
978,1.06995,-31.9514
979,1.02858,-42.4716
980,1.0062,-22.3155
981,1.00889,-31.0947
982,1.00725,-23.8905
983,1.06294,-33.5667
984,1.08491,-29.8903
985,1.03888,-27.5451
986,1.01225,-22.848
987,0.992768,-24.4962
988,1.02418,-31.7769
989,1.07908,-32.7696
990,1.07918,-32.7975
991,1.00995,-30.1346
992,1.04935,-20.2931
993,1.01865,-34.6758
994,1.00776,-31.9911
995,0.949083,-14.2502
996,0.998605,-16.1223
997,1.02772,-13.5346
998,1.04773,-9.70568
999,1.03758,-35.5657
1000,1.01557,-20.2023
1001,1.02086,-16.5527
1002,1.06648,-5.05917
1003,1.05837,-6.75149
1004,0.992737,-29.8204
1005,1.02331,-33.2384
1006,1.0165,-21.6522
1007,1.06238,-31.7184
1008,1.04776,-31.2692
1009,1.03656,-14.7282
1010,1.03777,-42.9417
1011,1.07002,-30.8077
1012,1.06331,-27.7631
1013,1.07219,-30.8557
1014,1.01165,-28.3223
1015,1.00254,-23.0085
1016,1.02249,-21.8341
1017,1.02255,-32.6225
1018,1.03198,-24.3537
1019,1.03198,-24.3526
1020,1.00228,-28.3317
1021,0.973349,-33.2072
1022,0.973339,-33.2054
1023,0.973339,-33.2054
1024,0.992641,-22.6093
1025,1.02884,-40.9462
1026,1.07083,-30.0603
1027,1.07088,-30.061
1028,1.04459,-30.0581
1029,1.0679,-20.8664
1030,1.0749,-29.5854
1031,1.07421,-29.6797
1032,1.04211,-37.0239
1033,1.01582,-31.8503
1034,1.04735,-26.371
1035,1.05939,-23.7971
1036,1.07185,-20.4497
1037,1.0601,-23.6918
1038,0.994587,-17.043
1039,1.05975,-23.7444
1040,1.03918,-42.7121
1041,1.04462,-42.6633
1042,1.0747,-37.3076
1043,1.00863,-41.7558
1044,1.04017,-31.4971
1045,1.0864,-22.2237
1046,1.07743,-32.9889
1047,1.06429,-31.906
1048,1.04178,-33.2565
1049,1.0512,-17.3198
1050,1.00589,-11.2635
1051,1.04327,-27.1487
1052,1.06606,-20.1018
1053,1.02084,-29.7718
1054,1.02299,-29.4609
1055,1.06599,-20.1014
1056,1.06599,-20.1013
1057,1.08779,-27.2268
1058,1.03105,-38.237
1059,1.04829,-33.9731
1060,1.03021,-10.9075
1061,1.11686,-4.78302
1062,1.10526,-4.98101
1063,1.06341,-15.2026
1064,1.07895,-12.5783
1065,1.05824,-33.849
1066,1.03525,-7.16011
1067,1.01661,-21.667
1068,1.02227,-20.0819
1069,1.03464,-28.9502
1070,1.00465,-22.535
1071,1.04795,-29.3027
1072,1.05382,-24.2858
1073,1.02125,-17.1874
1074,1.05209,-13.7114
1075,1.04217,-5.28433
1076,1.04211,-5.31193
1077,0.984684,-31.722
1078,0.995764,-17.0576
1079,1.00564,-24.6191
1080,1.06349,-33.1005
1081,1.05883,-27.6876
1082,1.00536,-23.0098
1083,1.03049,-25.0282
1084,1.06324,-11.6308
1085,1.001,-33.1345
1086,1.01817,-55.9667
1087,1.06454,-32.8443
1088,1.08437,-30.0784
1089,1.0358,-41.5389
1090,0.997822,-38.7575
1091,1.0598,-25.2396
1092,1.0595,-25.253
1093,1.00374,-16.5974
1094,0.996896,-27.8121
1095,1.07174,-31.9372
1096,1.06224,-32.798
1097,1.04426,-42.7151
1098,1.03506,-43.6912
1099,1.03862,-42.758
1100,1.04418,-42.7063
1101,1.04114,-34.579
1102,1.02858,-17.7539
1103,1.02691,-52.8443
1104,1.05205,-20.8294
1105,1.04302,-8.8385
1106,1.01274,-23.8259
1107,1.05231,-39.5056
1108,1.05993,-1.51076
1109,1.05822,-3.97483
1110,1.06826,-32.3716
1111,1.0465,-17.2974
1112,1.04411,-11.4892
1113,1.03302,-32.9915
1114,0.995012,-25.3453
1115,1.03934,-18.0967
1116,1.0239,-19.4363
1117,1.05708,-12.1687
1118,0.998915,-28.4571
1119,1.07914,-32.8021
1120,1.03215,-27.8365
1121,0.997075,-25.5904
1122,0.999765,-25.2773
1123,1.04221,-21.7244
1124,1.00583,-10.8725
1125,1.03614,-16.9005
1126,1.0067,-24.4884
1127,1.03368,-7.79133
1128,1.01851,-42.5339
1129,1.03085,-12.297
1130,1.02589,-39.7895
1131,1.0565,-35.9584
1132,1.01272,-32.3093
1133,1.0297,-18.0772
1134,1.04984,-25.0189
1135,1.04427,-23.6125
1136,1.04195,-34.3283
1137,1.03783,-34.3295
1138,1.05788,-31.336
1139,1.03541,-17.2708
1140,1.04006,-13.3465
1141,1.04833,-53.2588
1142,1.06857,-48.6433
1143,1.07333,-14.7641
1144,1.02214,-23.7922
1145,1.04866,-20.7542
1146,1.05483,-12.2684
1147,1.01003,-17.1818
1148,1.00764,-29.3196
1149,1.00091,-39.6904
1150,1.03739,-19.5049
1151,1.05967,-30.6487
1152,1.05933,-30.634
1153,1.07567,-27.2135
1154,0.996879,-31.7205
1155,0.985745,-23.7489
1156,1.05836,-32.6293
1157,1.04396,-30.1113
1158,1.044,-30.0876
1159,1.07,-34.7281
1160,1.07074,-33.8806
1161,1.07053,-34.6881
1162,1.08599,-30.3256
1163,1.01369,-34.4816
1164,1.01142,-33.5197
1165,0.963754,-27.5656
1166,1.01832,-27.556
1167,1.02969,-26.4133
1168,1.06047,-25.206
1169,1.02495,-35.5732
1170,1.0481,-31.0798
1171,1.08286,-35.2323
1172,1.08302,-35.009
1173,1.08444,-35.054
1174,1.07625,-33.1343
1175,1.04925,-15.9457
1176,1.08243,-9.72053
1177,1.04049,-40.4748
1178,1.06684,-31.2201
1179,1.01814,-24.1393
1180,1.01461,-24.2822
1181,0.999218,-35.3265
1182,1.07867,-32.8147
1183,1.06403,-31.9911
1184,1.03052,-16.4597
1185,1.0852,-36.2975
1186,0.979327,-27.8849
1187,1.06684,-31.2202
1188,1.03218,-34.7266
1189,1.03735,-33.2142
1190,1.0237,-31.7717
1191,1.06233,-27.7727
1192,1.06458,-28.0886
1193,1.05689,-23.1716
1194,1.08286,-35.2324
1195,1.07625,-33.1345
1196,1.0142,-19.49
1197,1.03714,-36.1797
1198,1.0727,-31.9656
1199,1.02057,-15.4127
1200,1.01114,-16.8226
1201,1.06294,-33.5667
1202,1.07174,-32.0244
1203,1.01898,-30.6101
1204,1.05478,-27.0234
1205,1.07907,-23.1355
1206,1.05755,-24.5439
1207,1.06316,-20.7253
1208,0.999427,-31.2093
1209,1.00421,-34.1591
1210,1.07268,-4.465
1211,1.06735,-8.17541
1212,1.03986,-16.4964
1213,1.02587,-8.20318
1214,1.07188,0.772445
1215,1.02159,-22.4275
1216,1.04797,-24.0487
1217,1.04453,-39.0019
1218,1.03653,-22.0106
1219,1.0195,-23.3844
1220,1.05276,-38.4221
1221,1.05972,-36.1649
1222,1.00225,-9.0761
1223,1.03599,-32.7083
1224,1.01033,-41.5259
1225,1.05553,-36.6526
1226,1.04855,-13.9013
1227,1.00888,-34.508
1228,1.00928,-34.1871
1229,1.02211,-16.8546
1230,1.00839,-16.6669
1231,1.02502,-26.5611
1232,1.02502,-26.5611
1233,1.05556,-10.3567
1234,1.05406,-8.79659
1235,1.05868,-11.8691
1236,1.06136,-10.9885
1237,1.05952,-11.1449
1238,1.04976,-7.89366
1239,1.00708,-30.6679
1240,1.03702,-26.7275
1241,1.04057,-22.2793
1242,1.04225,-31.9489
1243,1.04637,-27.8734
1244,1.01707,-25.6216
1245,0.990764,-26.247
1246,0.582411,-28.4381
1247,1.03105,-28.329
1248,1.06907,-31.0517
1249,1.01341,-42.5795
1250,0.99033,-17.5181
1251,0.9768,-19.0033
1252,1.05304,-18.6467
1253,1.08027,-27.2526
1254,1.06728,-24.1311
1255,1.00765,-25.8306
1256,1.03871,-52.0541
1257,1.04117,-8.9082
1258,1.04883,-23.1164
1259,1.04594,-23.496
1260,1.05481,-20.576
1261,1.08569,-19.7418
1262,1.04192,-21.4268
1263,1.01069,-11.4754
1264,1.07762,-32.9739
1265,1.06468,-31.9715
1266,1.04902,-36.8308
1267,1.01251,-32.5298
1268,1.0361,-12.4463
1269,1.03878,-40.3467
1270,1.05138,-14.1874
1271,1.05245,-14.1314
1272,1.04293,-27.0895
1273,1.06737,-34.6891
1274,1.08026,-33.254
1275,1.03732,-32.4244
1276,1.05017,-32.8452
1277,1.06265,-31.9485
1278,1.06977,-3.96874
1279,1.06971,-35.1088
1280,1.07656,-29.95
1281,1.06596,-25.0188
1282,1.04743,-14.4209
1283,0.98589,-25.2428
1284,1.02172,-42.7292
1285,1.035,-33.6493
1286,1.04463,-7.72211
1287,1.03929,-11.0537
1288,1.06695,-7.81141
1289,1.04245,-14.0316
1290,1.01949,-57.2209
1291,1.03802,-4.85394
1292,1.07185,1.01593
1293,1.0718,1.02013
1294,1.07182,1.03556
1295,1.07184,1.0188
1296,1.02166,-36.7408
1297,1.03302,-45.3541
1298,0.979061,-30.6243
1299,1.02728,-26.6386
1300,1.02723,-26.651
1301,1.06508,-27.946
1302,1.00287,-11.8319
1303,1.03828,-13.6878
1304,1.05924,-15.3267
1305,1.03828,-13.6878
1306,1.01957,-21.0996
1307,1.05912,-17.8106
1308,1.0367,-16.8662
1309,1.03712,-16.5111
1310,1.04318,-10.9564
1311,1.01447,-17.3627
1312,1.0144,-17.3793
1313,1.03032,-10.5821
1314,1.03032,-10.5821
1315,1.03497,-40.4751
1316,1.00407,-32.2844
1317,0.98056,-28.4365
1318,0.980629,-28.4314
1319,1.02655,-8.84352
1320,1.0599,-12.8539
1321,1.06701,-9.85439
1322,1.05558,-20.178
1323,0.985375,-25.9988
1324,1.00551,-25.6088
1325,1.03822,-14.5498
1326,1.04194,-46.6639
1327,1.00583,-16.0384
1328,1.04758,-11.4657
1329,1.05558,-5.8552
1330,1,-30.1068
1331,1.05482,-29.7333
1332,1.02812,-35.2718
1333,1.05593,-28.5922
1334,1.05742,-21.3012
1335,1.06585,-9.51154
1336,1.00925,-9.99233
1337,1.04338,-23.5116
1338,1.03017,-15.178
1339,1.09111,-9.69078
1340,1.00569,-20.2898
1341,1.03109,-17.6156
1342,1.04073,-12.8917
1343,1.02564,-30.9618
1344,1.01543,-15.2158
1345,1.0593,-17.7984
1346,1.04026,-21.716
1347,1.02546,-30.9243
1348,1.02539,-30.9284
1349,1.00293,-16.7997
1350,1.02631,-24.5426
1351,1.0199,-22.5429
1352,1.02979,-28.6291
1353,1.03199,-24.3506
1354,1.06743,-20.8165
1355,1.06315,-19.4619
1356,1.06349,-29.5069
1357,1.06349,-29.5061
1358,1.04999,-15.7987
1359,1.01052,-22.4444
1360,1.07939,-12.1958
1361,1.0794,-12.1958
1362,1.02974,-30.1196
1363,0.997382,-31.0101
1364,0.999393,-38.4731
1365,1.0051,-38.7718
1366,1.00273,-38.9802
1367,1.08353,-36.6032
1368,1.04157,-8.881
1369,0.980636,-28.2798
1370,1.02091,-25.4098
1371,1.05768,-30.4098
1372,1.06881,-34.4566
1373,0.9831,-23.4597
1374,1.0308,-23.6017
1375,1.0699,-29.1511
1376,1.05856,-25.467
1377,1.02229,-34.2932
1378,1.0418,-8.88784
1379,1.00653,-24.4848
1380,1.04861,-13.9023
1381,1.03746,-32.4463
1382,1.03978,-27.323
1383,1.04482,-30.4771
1384,1.02238,-29.3934
1385,1.01643,-30.0608
1386,1.02277,-11.6037
1387,0.990988,-19.4301
1388,1.02454,-8.39972
1389,1.01565,-41.2328
1390,1.04278,-22.3154
1391,1.01244,-23.7174
1392,1.02742,-36.1761
1393,1.07769,-32.1886
1394,1.03195,-15.1881
1395,0.993186,-25.8289
1396,1.00719,-16.5249
1397,0.98539,-27.8947
1398,1.02138,-27.9443
1399,1.02978,-18.4866
1400,1.02979,-18.4868
1401,0.973537,-32.345
1402,1.01514,-22.4324
1403,1.03038,-17.2193
1404,1.05791,-32.4131
1405,1.03094,-35.7601
1406,1.05796,-32.394
1407,1.0114,-36.7204
1408,1.05298,-14.3866
1409,1.05254,-13.6936
1410,1.04295,-20.005
1411,1.02415,-18.5461
1412,1.02261,-48.3079
1413,0.986121,-42.6906
1414,1.07292,-13.7293
1415,1.00093,-45.2811
1416,1.00682,-30.7601
1417,1.06436,-30.9505
1418,1.00302,-25.7017
1419,1.01146,-25.1965
1420,1.04473,-10.4112
1421,1.06427,-32.0567
1422,0.993584,-35.9671
1423,1.05686,-36.8293
1424,1.00528,-34.3801
1425,1.02973,-20.933
1426,1.0111,-28.9036
1427,1.08889,-8.66947
1428,1.04436,-28.0681
1429,1.03724,-10.3411
1430,1.08881,-8.68957
1431,1.04753,-22.2929
1432,1.07365,-41.6027
1433,1.04408,-19.8796
1434,1.00016,-15.9629
1435,1.0585,-37.0888
1436,1.04347,-32.1796
1437,1.05508,-26.5859
1438,0.999689,-31.9079
1439,1.02747,-8.47638
1440,1.02772,-8.7163
1441,1.05827,-4.04772
1442,1.02394,-35.9873
1443,1.02084,-25.4083
1444,1.02424,-35.9723
1445,0.994469,-16.0135
1446,1.02548,-14.1568
1447,1.02417,-32.5617
1448,1.03581,-11.6643
1449,1.03581,-11.6643
1450,1.03604,-32.447
1451,1.03535,-24.9564
1452,1.06281,-23.1832
1453,1.04196,-27.1597
1454,0.588073,-25.66
1455,1.05022,-25.588
1456,1.00419,-17.7469
1457,1.01018,-23.4357
1458,1.04432,-21.3912
1459,1.05747,-19.4982
1460,1.06488,-25.3635
1461,1.05627,-23.3253
1462,1.04138,-23.3476
1463,0.988443,-29.2799
1464,1.03495,-40.3311
1465,1.00964,-29.4998
1466,0.99784,-38.7488
1467,1.03581,-41.5389
1468,1.03346,-19.0684
1469,1.04282,-15.3641
1470,1.08611,-29.6669
1471,0.984957,-18.0031
1472,1.00681,-24.6148
1473,1.04413,-31.9718
1474,1.05068,-11.3854
1475,1.07887,-11.3798
1476,1.04179,-17.5167
1477,1.07087,-30.0608
1478,1.03796,-16.5998
1479,1.12801,-10.0469
1480,1.02769,-25.9215
1481,1.08005,-22.5073
1482,1.06015,-25.1852
1483,1.03158,-15.0737
1484,1.04149,-17.3178
1485,1.07027,-24.6599
1486,0.981631,-31.2642
1487,1.06386,-28.1347
1488,1.02427,-36.0583
1489,1.09053,-19.2001
1490,1.04122,-18.7023
1491,1.06307,-25.2973
1492,1.04619,-30.3539
1493,1.07416,-32.4215
1494,1.08192,5.42036
1495,1.03744,-40.0491
1496,0.995395,-28.663
1497,1.06465,-30.3984
1498,1.01099,-24.7851
1499,1.02755,-19.4685
1500,1.04444,4.05981
1501,1.07443,-31.2836
1502,1.0804,-31.5922
1503,1.04675,-27.6724
1504,0.992522,-15.9446
1505,1.03209,-16.529
1506,1.02335,-14.4009
1507,0.991673,-13.3912
1508,1.0478,-14.2811
1509,1.02835,-30.9914
1510,1.02899,-48.5862
1511,1.04318,-45.6301
1512,1.07319,-47.1365
1513,1.01509,-29.1889
1514,1.05296,-26.4304
1515,1.05983,-21.6565
1516,1.0624,-35.742
1517,1.12356,-11.4165
1518,0.984394,-10.0209
1519,1.08237,-20.3374
1520,1.09096,-16.8582
1521,1.01576,-46.9031
1522,1.06719,-43.7231
1523,1.02175,-21.8963
1524,1.02169,-49.0052
1525,1.02542,-17.7887
1526,1.03145,-17.6715
1527,1.07083,-41.2073
1528,1.04389,-38.5429
1529,1.04013,-41.4625
1530,1.08244,-36.6286
1531,1.08036,-32.233
1532,1.03344,-21.6311
1533,1.05275,-17.086
1534,1.0385,-39.8102
1535,1.03091,-22.2943
1536,1.06567,-8.0991
1537,1.08282,-2.14154
1538,1.0345,-11.7417
1539,1.05025,-8.53825
1540,1.03182,-27.865
1541,1.03551,-27.2031
1542,1.04404,-27.0684
1543,0.991715,-27.555
1544,1.03518,-39.3021
1545,1.022,-56.5999
1546,1.01793,-24.7284
1547,1.01008,-22.665
1548,1.06101,-32.6801
1549,1.07044,-37.8102
1550,1.05099,-36.2181
1551,1.02659,-36.9687
1552,1.00445,-35.0022
1553,1.08358,-30.3037
1554,1.05825,-25.5243
1555,1.06894,-29.6022
1556,1.03282,-29.6758
1557,1.08052,-32.9171
1558,1.0614,-40.1779
1559,1.07306,-34.9579
1560,1.08211,-31.3581
1561,1.03545,-39.8127
1562,1.00566,-21.4877
1563,1.03574,-22.4216
1564,1.03649,-22.6667
1565,0.99035,-19.0961
1566,1.07908,-23.1357
1567,1.07713,-21.0741
1568,1.04133,-17.6982
1569,1.0108,-20.2206
1570,1.07052,-13.2171
1571,1.02776,-19.3076
1572,1.0278,-37.9319
1573,1.05903,-14.6106
1574,1.05903,-14.6106
1575,1.05904,-14.6092
1576,1.05904,-14.6063
1577,1.0069,-30.0944
1578,1.04187,-27.5174
1579,1.02989,-14.728
1580,1.02883,-12.3085
1581,1.03947,-7.71768
1582,1.04086,-20.3038
1583,1.07946,-28.4034
1584,1.0768,-23.8203
1585,1.01569,-36.6776
1586,1.02135,-36.0113
1587,1.05675,-33.1639
1588,1.04444,4.02427
1589,1.02031,-42.4244
1590,1.03743,-8.8329
1591,1.02594,-21.321
1592,1.01407,-15.3272
1593,1.04058,-14.0356
1594,1.05838,-12.3653
1595,1.05469,-8.97138
1596,1.05529,-39.2593
1597,1.06107,-34.9855
1598,1.05888,-35.3423
1599,1.05339,-37.1326
1600,1.0846,-30.7729
1601,1.01066,-16.0371
1602,1.06476,-5.80738
1603,1.04148,-13.5596
1604,1.01124,-16.2985
1605,0.98178,-26.6058
1606,1.03219,-21.0794
1607,1.0289,-30.3276
1608,0.968815,-20.1901
1609,1.04299,-19.7174
1610,1.04557,-21.5896
1611,1.04227,-21.4207
1612,1.03219,-17.5461
1613,1.04939,-25.3775
1614,1.01867,-31.2731
1615,1.01838,-31.2725
1616,1.05363,-27.746
1617,0.965617,-27.1955
1618,0.956264,-41.8682
1619,1.01406,-38.2253
1620,1.03899,-42.3921
1621,1.01616,-33.27
1622,1.0736,-23.0991
1623,1.07333,-23.1307
1624,1.06293,-17.667
1625,1.04355,-32.0198
1626,1.07656,-33.0755
1627,1.0285,-42.7279
1628,1.02046,-48.1774
1629,0.987251,-17.9538
1630,1.02271,-14.8453
1631,0.981891,-26.0299
1632,1.05535,-26.8128
1633,1.06062,-20.4512
1634,1.00351,-32.9137
1635,1.04719,-16.3408
1636,1.04006,-30.654
1637,1.03006,-10.6902
1638,1.05668,-15.5976
1639,1.04175,-22.1353
1640,1.03467,-16.082
1641,1.07304,-29.6139
1642,1.06945,-11.9134
1643,1.04215,-41.8918
1644,1.04897,-42.3109
1645,1.09829,-31.3481
1646,0.995526,-30.6913
1647,1.01546,-17.9818
1648,1.01,-33.8033
1649,1.00999,-33.76
1650,1.0089,-33.8259
1651,1.07762,-28.0034
1652,1.03773,-19.7993
1653,1.06042,-5.03612
1654,1.03978,-35.2517
1655,1.06998,-22.9254
1656,1.01259,-17.0669
1657,1.00224,-17.3051
1658,1.00306,-17.8255
1659,1.02205,-34.8056
1660,1.05187,-16.121
1661,0.98896,-18.3753
1662,1.0616,-25.1899
1663,1.00572,-23
1664,1.04371,-20.1225
1665,1.01262,-38.7039
1666,1.05862,-34.2501
1667,0.98788,-30.0467
1668,1.02063,-25.8054
1669,1.05569,-19.388
1670,1.05523,-35.3241
1671,1.05398,-36.0978
1672,1.05475,-37.1461
1673,1.01081,-42.6289
1674,1.01089,-42.8974
1675,1.00594,-33.2278
1676,1.04698,-14.6821
1677,1.05743,-11.7627
1678,1.00615,-15.5117
1679,1.05519,-14.2395
1680,1.04029,-15.5923
1681,1.01505,-18.002
1682,1.03006,-10.6902
1683,1.05515,-20.3459
1684,1.07235,-14.9355
1685,1.02091,-15.491
1686,1.01897,-27.2816
1687,1.03011,-12.6521
1688,1.02856,-30.2746
1689,1.10256,-5.14049
1690,1.10246,-5.15488
1691,1.03852,-12.2009
1692,1.09142,-9.0592
1693,1.09129,-9.07168
1694,1.06947,-11.9246
1695,1.0527,-13.2749
1696,1.026,-12.63
1697,1.02525,-9.96307
1698,1.01563,-18.6343
1699,1.01056,-19.4337
1700,1.06349,-17.357
1701,1.07846,-32.8342
1702,1.0053,-38.61
1703,1.00145,-38.2088
1704,1.04804,-35.1305
1705,1.04804,-35.1319
1706,1.04808,-35.1324
1707,1.04804,-35.131
1708,1.00548,-38.6579
1709,1.0012,-38.3009
1710,1.04806,-35.1258
1711,1.08368,-26.576
1712,1.06836,-23.0674
1713,1.05097,-34.5164
1714,1.05075,-34.5329
1715,1.0171,-18.8472
1716,1.00694,-26.5039
1717,1.03999,-23.5273
1718,1.04977,-20.364
1719,1.04726,-15.7707
1720,1.07262,-13.3854
1721,1.03208,-33.8634
1722,1.04976,-33.1893
1723,1.04871,-33.1893
1724,0.995398,-30.0487
1725,1.05352,-33.4881
1726,1.07028,-24.6867
1727,1.05519,-30.2505
1728,1.06335,-31.1412
1729,1.05559,-12.0627
1730,1.05228,-16.0789
1731,1.05425,-8.49058
1732,1.05703,-39.7427
1733,1.00889,-20.1275
1734,1.04799,-13.0139
1735,1.04564,-14.0613
1736,1.01363,-22.5467
1737,1.01363,-22.5466
1738,1.03947,-16.3879
1739,1.03955,-16.4222
1740,1.01366,-22.5471
1741,0.960333,-14.2842
1742,0.962386,-13.5733
1743,0.960059,-14.3832
1744,1.01343,-22.5204
1745,1.01343,-22.5181
1746,1.01343,-22.5208
1747,1.05464,-12.5623
1748,1.04624,-13.2275
1749,1.07926,-12.1914
1750,1.00294,-24.221
1751,1.00541,-20.3053
1752,1.0343,-16.882
1753,1.06995,-30.8187
1754,1.01848,-13.5239
1755,1.02623,-17.353
1756,0.95238,-32.7252
1757,1.02084,-14.1561
1758,1.04703,-15.3679
1759,1.04354,-28.4783
1760,1.04111,-14.1035
1761,0.997592,-27.2223
1762,1.10144,-22.2903
1763,1.1041,-19.4665
1764,1.10395,-19.4834
1765,1.10135,-22.29
1766,1.02534,-19.1705
1767,1.06908,-23.7661
1768,1.05076,-21.9334
1769,1.08029,-33.2497
1770,0.996953,-22.5845
1771,1.03527,-24.2497
1772,1.02863,-25.9749
1773,1.03778,-21.2594
1774,1.01048,-37.1768
1775,1.08546,-40
1776,1.07663,-36.6528
1777,0.993528,-20.7386
1778,0.996711,-27.2523
1779,1.04869,-16.1215
1780,1.05914,-32.4928
1781,1.05925,-28.4676
1782,1.053,-37.1621
1783,1.01308,-28.6923
1784,1.01305,-28.7066
1785,1.0515,-17.375
1786,1.00429,-17.0892
1787,1.0197,-16.9909
1788,1.03916,-13.339
1789,1.0466,-14.8616
1790,1.06614,-12.1115
1791,1.0228,-12.9188
1792,1.08409,-36.5571
1793,1.08392,-36.5773
1794,1.04656,-13.4486
1795,1.04691,-13.3375
1796,1.06922,-34.3843
1797,1.03023,-12.7315
1798,1.04299,-19.6607
1799,1.05782,-15.2643
1800,1.03254,-13.2626
1801,1.03103,-13.3613
1802,1.0371,-16.8779
1803,1.02608,-16.4145
1804,1.07921,-23.0557
1805,1.04775,-38.6708
1806,1.07897,-33.6158
1807,1.03532,-7.16202
1808,1.0293,-35.96
1809,1.00929,-28.1397
1810,1.04067,-42.0884
1811,1.06729,-31.7276
1812,1.0543,-36.5091
1813,1.06138,-40.1801
1814,1.04145,-27.4275
1815,1.00661,-34.1048
1816,1.04173,-27.3972
1817,1.07514,-13.4893
1818,1.08376,-10.9514
1819,1.08206,-20.4752
1820,1.05702,-25.2118
1821,1.00844,-27.7223
1822,1.03086,-25.4816
1823,1.05404,-22.1699
1824,1.00361,-41.3576
1825,1.04384,-17.1946
1826,1.03105,-32.7985
1827,1.0407,-26.1234
1828,1.07249,-34.9957
1829,1.02895,-25.8093
1830,0.995044,-44.8966
1831,1.0655,-32.9164
1832,1.03899,-15.5357
1833,1.04785,-14.3956
1834,1.08452,-35.941
1835,1.08492,-35.9017
1836,1.01781,-35.6126
1837,1.05375,-20.5181
1838,1.05833,-18.7544
1839,1.06674,-15.1073
1840,1.03011,-15.1881
1841,1.02984,-15.212
1842,1.09089,-29.6934
1843,1.0614,-40.1779
1844,1.0614,-40.1779
1845,1.03034,-21.7504
1846,1.01605,-33.3722
1847,0.991634,-25.1805
1848,1.0326,-19.5364
1849,1.04007,-22.3287
1850,1.03967,-22.3421
1851,1.02083,-15.2793
1852,1.01265,-28.1501
1853,0.985493,-33.2369
1854,1.00499,-12.189
1855,1.03196,-20.0064
1856,1.03504,-14.6453
1857,0.983539,-26.6598
1858,1.06973,-11.9311
1859,1.00081,-17.4357
1860,1.00653,-24.9051
1861,1.00337,-26.8657
1862,0.985624,-41.0254
1863,1.05997,-18.7818
1864,1.00512,-29.5214
1865,1.03138,-34.0651
1866,1.06349,-22.6662
1867,1.04617,-14.4591
1868,0.992973,-34.7003
1869,1.03475,-28.6823
1870,1.04959,-37.654
1871,1.05696,-10.1535
1872,1.03556,-16.7413
1873,1.0981,-31.3646
1874,1.01335,-23.8609
1875,1.02792,-26.68
1876,1.0296,-18.7155
1877,1.0533,-30.2407
1878,1.08891,-27.5225
1879,1.0525,-41.1711
1880,1.03141,-45.6411
1881,1.03105,-45.6944
1882,1.05597,-37.0672
1883,1.03379,-12.5545
1884,1.05068,-11.3854
1885,1.08166,-32.442
1886,1.07961,-32.3472
1887,1.07888,-33.2771
1888,1.00372,-17.8296
1889,1.00207,-21.077
1890,1.00207,-21.077
1891,1.00207,-21.077
1892,1.00956,-21.0618
1893,1.00956,-21.0778
1894,1.00956,-21.0778
1895,1.00956,-21.0778
1896,0.991353,-25.0484
1897,1.0096,-21.0778
1898,1.00046,-15.1919
1899,1.0061,-10.2935
1900,1.02886,-11.8826
1901,1.07171,-8.84577
1902,1.05154,-35.8701
1903,1.03909,-21.5416
1904,1.04285,-36.1892
1905,1.06316,-31.6538
1906,1.03378,-13.2042
1907,1.03932,-20.6264
1908,1.07117,-17.9723
1909,1.04408,-19.8795
1910,1.04297,-20.0054
1911,1.05263,-25.1369
1912,1.06188,-21.0186
1913,1.00038,-29.9013
1914,1.04287,-20.0038
1915,1.04836,-16.1967
1916,1.01403,-10.043
1917,1.06555,-13.656
1918,1.05022,-14.7922
1919,1.08119,-25.0308
1920,1.0297,-38.5902
1921,1.05852,-32.6114
1922,1.05141,-5.76426
1923,1.06569,-5.81048
1924,1.03183,-24.3571
1925,1.06093,-17.9427
1926,1.05107,-30.962
1927,1.03078,-12.2486
1928,1.08129,-9.94491
1929,1.08449,-7.75711
1930,1.02644,-16.1941
1931,1.09501,-10.4429
1932,1.06324,-11.6308
1933,1.06324,-11.6308
1934,1.06346,-11.4512
1935,1.04426,-19.0158
1936,1.0764,-29.356
1937,1.09111,-29.6777
1938,1.06163,-25.1855
1939,1.07946,-21.9821
1940,1.0187,-31.274
1941,0.992933,-34.6995
1942,1.05962,-5.55813
1943,0.991968,-24.0573
1944,1.02626,-29.2261
1945,1.01489,-21.1557
1946,1.00961,-24.313
1947,1.03471,-39.7604
1948,1.0032,-35.1537
1949,1.03369,-19.8891
1950,1.04834,-29.9402
1951,1.03367,-32.9348
1952,1.00667,-34.3148
1953,1.03316,-11.0654
1954,1.06883,-28.0342
1955,1.06606,-25.1896
1956,1.05717,-20.5062
1957,1.00029,-24.909
1958,1.0074,-11.4752
1959,1.01168,-16.72
1960,1.0133,-33.1799
1961,1.0344,-19.6937
1962,1.03023,-19.69
1963,1.03519,-18.1962
1964,1.0344,-19.6937
1965,1.0344,-19.6937
1966,1.03003,-19.6898
1967,1.02999,-19.6898
1968,1.03003,-19.6744
1969,1.03003,-19.6898
1970,1.02999,-19.6898
1971,1.03003,-19.6898
1972,0.966205,-28.0524
1973,1.02999,-19.6898
1974,0.965064,-0.575099
1975,0.993939,-11.1802
1976,0.988825,-12.6941
1977,1.00102,-6.02229
1978,1.05073,-16.2931
1979,1.02102,-45.0357
1980,1.03022,-10.5793
1981,1.01437,-31.5093
1982,1.01869,-32.1795
1983,0.988684,-20.8593
1984,1.04786,-23.8038
1985,1.05007,-19.8813
1986,1.05506,-33.1261
1987,1.05058,-11.9795
1988,1.0548,-29.6407
1989,1.02478,-20.6835
1990,1.02992,-17.8391
1991,1.05943,-12.5738
1992,0.986827,-31.4965
1993,1.00482,-23.0881
1994,0.994089,-30.7538
1995,1.0227,-27.2993
1996,1.02187,-27.3509
1997,1.06089,-15.4722
1998,1.02751,-12.8183
1999,1.00305,-20.6293
2000,1.00052,-23.6136
2001,1.05077,-11.351
2002,1.06445,-32.0434
2003,1.07667,-33.0664
2004,1.00648,-30.4505
2005,1.03929,-11.0537
2006,1.06695,-7.8114
2007,0.988852,-25.5014
2008,1.01698,-24.114
2009,1.05454,-17.8258
2010,1.08319,-1.94843
2011,1.08317,-1.96384
2012,1.06709,-13.3522
2013,1.07056,-12.9341
2014,1.07284,-4.41899
2015,1.03661,-15.8614
2016,1.02977,-22.6733
2017,1.07129,-33.3274
2018,1.04482,-32.5202
2019,1.03846,-16.9917
2020,1.00365,-31.5454
2021,1.03733,-16.0313
2022,1.03149,-13.9547
2023,1.02073,-14.1895
2024,1.03381,-42.446
2025,1.0889,-30.0754
2026,1.02216,-47.0392
2027,1.03602,-7.62464
2028,1.04267,-41.8268
2029,1.03195,-9.68688
2030,1.01219,-49.441
2031,1.04931,-15.0204
2032,1.04988,-57.3409
2033,1.02005,-11.0896
2034,1.07706,-10.2299
2035,1.01667,-40.1145
2036,1.03672,-13.7768
2037,1.05447,-33.2734
2038,1.01445,-17.1257
2039,1.09591,-6.31589
2040,1.07895,-11.0111
2041,0.992226,-24.0115
2042,0.990261,-25.1316
2043,1.02484,-20.0184
2044,1.02656,-20.1672
2045,1.01853,-34.2428
2046,1.03538,-36.6085
2047,1.05726,-6.03076
2048,0.996949,-35.5165
2049,1.04248,-18.8987
2050,1.04211,-12.6742
2051,1.01598,-31.596
2052,1.01616,-31.5863
2053,1.01624,-31.5834
2054,1.02701,-12.8341
2055,1.1049,-15.4584
2056,1.10353,-15.8119
2057,1.10353,-15.8119
2058,1.1049,-15.4601
2059,1.10355,-15.8058
2060,1.10491,-15.4533
2061,1.06433,-20.8531
2062,1.0749,-24.7825
2063,1.00478,-35.761
2064,0.973019,-30.421
2065,1.02783,-12.8502
2066,1.05946,-18.3503
2067,1.05891,-11.3784
2068,1.05912,-11.4151
2069,1.07017,-24.6742
2070,1.02712,-16.5078
2071,1.03925,-13.2161
2072,0.983907,-27.2873
2073,0.988075,-26.6195
2074,1.04318,-30.3008
2075,1.04308,-30.4112
2076,1.00602,-25.9339
2077,1.03761,-27.3916
2078,1.053,-9.78744
2079,1.03554,-13.0325
2080,1.06358,-10.0471
2081,1.04355,-23.4582
2082,1.05127,-19.8667
2083,1.01383,-31.7902
2084,1.04901,-38.1637
2085,1.00831,-39.3743
2086,1.09863,-28.0231
2087,1.06312,-25.2755
2088,1.0628,-24.2353
2089,0.9892,-24.6108
2090,1.02995,-20.8792
2091,1.01865,-54.4986
2092,1.08166,-25.0081
2093,1.01939,-44.4874
2094,1.04396,-13.3843
2095,1.02434,-46.9758
2096,1.02731,-57.9566
2097,1.04236,-38.9003
2098,1.08393,-35.0372
2099,1.01986,-46.662
2100,1.07938,-32.7258
2101,1.03711,-29.1049
2102,1.03685,-29.0455
2103,1.0369,-29.0365
2104,1.03697,-29.035
2105,1.03695,-29.0286
2106,1.03894,-25.9921
2107,1.0312,-53.151
2108,1.02602,-17.9082
2109,1.00587,-54.1502
2110,1.02622,-24.7402
2111,1.06271,-26.702
2112,1.0037,-11.7562
2113,1.04565,-15.8639
2114,0.96825,-20.5083
2115,1.02427,-31.5222
2116,1.02238,-53.5074
2117,0.989518,-26.1006
2118,1.03896,-18.5121
2119,1.03563,-13.8623
2120,1.00219,-35.7272
2121,1.02266,-16.0971
2122,1.0221,-16.441
2123,1.02745,-12.8312
2124,1.0275,-12.8294
2125,1.02747,-12.829
2126,1.08966,-27.9267
2127,1.0799,-22.505
2128,1.07523,-22.4367
2129,1.0228,-35.635
2130,0.980686,-28.4316
2131,1.0553,-30.6802
2132,1.07659,-26.8956
2133,1.07822,-21.0454
2134,1.08985,-19.2287
2135,1.02608,-17.6941
2136,1.0549,-30.8872
2137,1.08629,-29.6371
2138,1.04479,-21.354
2139,1.0288,-21.8944
2140,1.03472,-17.3564
2141,1.0442,-21.2056
2142,1.0408,-17.1816
2143,1.04993,-16.9825
2144,1.03251,-44.3096
2145,1.02862,-36.0142
2146,0.991084,-27.6261
2147,0.971199,-34.8457
2148,1.03883,-19.8615
2149,1.01335,-23.8608
2150,0.998498,-31.363
2151,1.02894,-18.0588
2152,1.02781,-41.0216
2153,1.01094,-32.5607
2154,1.07474,-31.2829
2155,1.07422,-31.2678
2156,1.09215,-27.8681
2157,1.08444,-34.7444
2158,1.04103,-35.6759
2159,1.0794,-23.0487
2160,1.08211,-20.4646
2161,1.0388,-22.1485
2162,1.03861,-22.1758
2163,1.0386,-22.2181
2164,1.00803,-22.3957
2165,1.02384,-17.0064
2166,1.04017,-23.92
2167,0.99593,-25.0445
2168,1.0117,-20.6595
2169,1.01135,-20.6548
2170,1.06633,-30.8297
2171,0.990249,-25.5236
2172,0.990249,-25.5236
2173,1.07962,-33.3174
2174,1.02109,-14.3974
2175,1.06767,-32.2894
2176,1.06486,-25.1167
2177,1.06496,-25.1113
2178,0.991448,-35.429
2179,1.05891,-32.5734
2180,1.06364,-32.7979
2181,0.991449,-35.429
2182,1.03728,-39.836
2183,1.03957,-36.2556
2184,1.00191,-21.3917
2185,1.08337,-28.5502
2186,0.989064,-30.5088
2187,1.04747,-35.2241
2188,1.06136,-5.44862
2189,0.994128,-22.0649
2190,1.08931,-27.311
2191,1.09466,-25.9323
2192,1.08932,-27.2883
2193,1.08929,-27.3106
2194,1.09465,-25.9326
2195,1.0528,-17.2757
2196,1.09139,-29.1964
2197,1.03349,-40.8015
2198,1.05655,-11.6528
2199,1.06671,-24.7866
2200,1.00559,-20.7453
2201,1.07653,-30.1994
2202,0.987196,-17.9599
2203,1.07259,-30.4307
2204,1.01216,-20.6265
2205,1.02842,-44.9448
2206,0.99777,-22.0647
2207,1.02592,-41.6311
2208,1.01145,-40.7787
2209,1.08316,-35.3968
2210,1.08192,-35.4809
2211,1.00067,-30.1928
2212,0.990477,-30.7694
2213,1.00388,-22.1268
2214,1.04197,-44.0863
2215,1.05385,-25.9216
2216,0.990226,-25.5229
2217,1.02386,-20.2405
2218,1.07761,-26.0985
2219,1.07421,-32.4155
2220,0.95238,-27.3612
2221,0.99288,-27.3723
2222,1.02173,-24.1829
2223,1.04662,-26.5744
2224,1.03878,-13.7537
2225,0.983833,-25.3385
2226,1.07337,-24.8014
2227,1.07693,-22.2613
2228,0.985375,-25.5803
2229,1.07695,-26.9839
2230,1.07671,-25.1738
2231,1.01707,-18.8465
2232,1.07374,-22.644
2233,1.03199,-15.6568
2234,0.857526,-9.92666
2235,1.07189,-9.92628
2236,1.01759,-16.9468
2237,1.02301,-22.6328
2238,1.06193,-12.9041
2239,1.07939,-13.2659
2240,1.05933,-9.85796
2241,1.02979,-10.7176
2242,1.0688,-10.1342
2243,1.02261,-18.4503
2244,1.06402,-31.8822
2245,0.954295,-27.153
2246,1.08146,-26.7581
2247,1.04777,-26.3509
2248,1.05956,-21.367
2249,1.06346,-33.743
2250,1.03373,-24.6065
2251,1.09205,-27.7115
2252,1.09139,-27.8425
2253,1.03088,-12.526
2254,1.02141,-15.4468
2255,1.08067,-29.4307
2256,1.02615,-30.1571
2257,1.00129,-27.1228
2258,1.04173,-25.4898
2259,1.06511,-33.99
2260,1.05056,-16.831
2261,1.12018,-10.5581
2262,1.02714,-12.4313
2263,1.08097,-10.5581
2264,1.01805,-18.5948
2265,1.08145,-29.3763
2266,1.0654,-25.0487
2267,0.983251,-26.357
2268,1.08337,-28.5502
2269,1.01463,-20.2258
2270,1.02249,-21.8341
2271,1.04439,-42.7124
2272,1.00589,-25.9964
2273,0.996946,-25.913
2274,1.02391,-15.3656
2275,1.04399,3.89449
2276,1.04098,3.80634
2277,1.02802,-12.4522
2278,1.06251,-24.2677
2279,1.0637,-35.2078
2280,0.997129,-23.5968
2281,1.01909,-18.8226
2282,1.04804,-14.8488
2283,1.08339,-7.8912
2284,1.04199,-40.0246
2285,1.03584,-17.8192
2286,1.03642,-15.8833
2287,1.02969,-38.59
2288,0.99145,-35.4291
2289,0.99401,-35.2807
2290,1.02554,-31.5611
2291,1.0731,-31.7541
2292,1.0582,-27.4124
2293,0.983494,-19.5482
2294,1.02623,-18.4052
2295,1.03606,-17.6877
2296,0.971286,-32.6828
2297,1.01196,-31.3952
2298,1.03758,-20.9091
2299,0.992642,-24.5091
2300,1.01655,-57.554
2301,0.976464,-27.1367
2302,1.01915,-23.8772
2303,0.998427,-23.2655
2304,1.05285,-16.7874
2305,1.04427,-15.1324
2306,1.02126,-14.0925
2307,1.03581,-16.6235
2308,1.06922,-13.0543
2309,1.00749,-19.1644
2310,1.03206,-43.7867
2311,1.04742,-27.6124
2312,1.05245,-13.9818
2313,1.00856,-28.6988
2314,1.03614,-16.9005
2315,1.02075,-24.482
2316,1.00759,-29.1097
2317,1.0035,-19.6782
2318,1.05866,-32.5894
2319,1.05868,-32.5999
2320,1.0269,-21.3414
2321,1.05425,-17.8927
2322,1.04815,-20.7698
2323,1.05091,-15.6989
2324,1.03077,-37.0809
2325,1.04619,-13.2948
2326,1.05374,-12.5871
2327,1.05852,-14.7832
2328,1.05564,-14.1257
2329,1.07142,-9.31507
2330,1.07679,-3.66383
2331,1.01678,-22.9415
2332,1.0438,-50.9944
2333,1.02633,-14.5146
2334,1.0551,-13.9546
2335,1.04792,-7.48198
2336,0.992671,-24.5099
2337,1.01015,-24.4572
2338,1.01829,-22.5736
2339,1.02221,-19.2439
2340,1.01257,-36.1661
2341,1.0251,-36.8862
2342,1.00454,-24.5473
2343,1.03925,-19.7626
2344,1.05119,-18.5709
2345,1.05133,-18.5484
2346,1.02316,-14.2691
2347,1.02794,-15.8032
2348,1.04304,-6.97345
2349,1.00605,-30.6359
2350,1.04039,-16.2042
2351,1.02415,-19.2011
2352,1.0094,-23.9798
2353,0.988301,-31.9662
2354,1.03239,-43.9225
2355,1.02546,-30.9244
2356,0.993222,-24.5054
2357,1.06258,-22.9418
2358,1.06247,-20.6349
2359,1.06248,-23.2164
2360,1.06254,-20.8617
2361,1.06253,-23.0889
2362,1.02753,-23.1731
2363,1.02753,-23.1572
2364,1.02753,-23.1749
2365,1.02752,-23.1595
2366,1.02731,-23.1749
2367,1.02753,-23.1741
2368,0.969458,-25.7389
2369,1.02731,-23.1749
2370,1.03436,-54.5231
2371,1.02299,-14.1438
2372,1.03954,-54.1167
2373,1.0146,-57.854
2374,1.01463,-60.8777
2375,1.03349,-54.538
2376,1.04849,-54.0558
2377,1.01435,-53.2305
2378,1.02311,-54.954
2379,1.00941,-52.6523
2380,1.01133,-28.3627
2381,0.991759,-48.4657
2382,0.981573,-24.9294
2383,1.01325,-19.8738
2384,1.02412,-17.6994
2385,1.02413,-17.6972
2386,1.02211,-11.6188
2387,1.04319,-10.6759
2388,1.0114,-21.4729
2389,1.0731,-6.12521
2390,1.02174,-13.2857
2391,1.04456,-22.6799
2392,1.03367,-15.8752
2393,1.06761,-4.43453
2394,1.05556,-20.0896
2395,1.06992,-3.66729
2396,1.06993,-3.66689
2397,1.01154,-21.9945
2398,1.06048,-38.159
2399,1.01374,-21.7076
2400,1.03487,-21.4783
2401,1.05672,-4.59619
2402,1.00487,-38.7095
2403,1.0275,-34.5091
2404,0.998945,-11.6979
2405,1.05678,-4.58978
2406,1.02317,-18.5844
2407,1.01359,-47.7827
2408,1.06002,-31.0781
2409,1.08482,-36.4179
2410,1.08483,-36.4175
2411,1.01052,-19.4416
2412,1.06,-5.85374
2413,1.04235,-15.2256
2414,1.02816,-14.1053
2415,1.04065,-18.8496
2416,1.03814,-52.6861
2417,1.07233,-47.2093
2418,1.07303,-47.3376
2419,1.02565,-54.8251
2420,1.02641,-14.5052
2421,1.07921,-10.7126
2422,1.02371,-17.8452
2423,1.02619,-17.6832
2424,1.02784,-17.0828
2425,1.06717,-12.9831
2426,1.02257,-55.5875
2427,1.04696,-56.7439
2428,1.07578,-31.6499
2429,1.07547,-31.7352
2430,1.05087,-8.82274
2431,1.02848,-20.0638
2432,1.02855,-20.0656
2433,1.02773,-16.0861
2434,0.992775,-22.1512
2435,1.02233,-53.416
2436,1.01647,-55.5807
2437,1.01527,-52.9651
2438,1.01958,-53.122
2439,1.03168,-9.35234
2440,1.09039,-8.33277
2441,1.08671,-9.34959
2442,1.03909,-51.4888
2443,1.05184,-4.82363
2444,1.01613,-26.9529
2445,1.00373,-20.9006
2446,1.05992,-33.9461
2447,1.05823,-32.6433
2448,1.06975,-10.3631
2449,0.981331,-27.0755
2450,1.02976,-30.1191
2451,1.06196,-22.7998
2452,1.06226,-8.80044
2453,1.07281,-4.41824
2454,1.02247,-15.2129
2455,1.02998,-33.8569
2456,1.02438,-31.4916
2457,0.994073,-48.413
2458,1.0696,-27.5786
2459,1.06694,-26.4838
2460,1.07784,-25.1322
2461,1.06184,-36.3356
2462,1.07669,-36.5052
2463,1.0877,-29.4719
2464,1.04326,-15.8458
2465,1.02651,-20.9817
2466,1.0457,-17.5424
2467,1.04594,-17.5428
2468,1.03279,-16.4871
2469,1.01191,-23.516
2470,1.04204,-14.3607
2471,1.01462,-18.6912
2472,1.0517,-7.23534
2473,1.03566,-16.1021
2474,1.07937,-13.1777
2475,1.0351,-41.2682
2476,1.01821,-41.5222
2477,1.05419,-37.855
2478,1.01622,-32.1045
2479,1.04456,-13.3119
2480,1.00792,-24.0709
2481,1.0424,-15.5556
2482,1.04633,-17.4952
2483,1.08028,-12.5776
2484,1.01668,-16.8678
2485,0.973668,-27.4533
2486,1.04227,-32.3835
2487,1.01745,-18.1245
2488,1.03609,-15.0981
2489,1.05346,-36.2488
2490,0.980061,-28.4646
2491,0.99025,-21.1437
2492,1.04703,-14.8499
2493,1.03874,-15.8992
2494,1.00367,-21.4246
2495,1.04122,-17.5545
2496,1.06288,-12.7795
2497,1.0429,-15.9165
2498,1.00784,-25.8702
2499,1.05758,-19.533
2500,1.00896,-19.6449
2501,1.04446,-10.8518
2502,1.04425,-16.8762
2503,1.0637,-11.194
2504,1.02585,-54.5475
2505,1.0207,-17.7387
2506,1.03639,-16.9261
2507,1.01217,-28.5448
2508,1.02381,-28.5448
2509,1.04864,-16.0209
2510,1.06644,-11.097
2511,1.076,-6.64471
2512,1.05807,-25.5363
2513,1.05809,-25.538
2514,1.03708,-13.0158
2515,0.980956,-27.4567
2516,1.15216,-23.5057
2517,1.06716,-24.1466
2518,1.01474,-35.3962
2519,1.08478,-36.4876
2520,0.996633,-20.3926
2521,1.03694,-7.66369
2522,1.02461,-12.4015
2523,1.03524,-23.5815
2524,1.05379,-26.9827
2525,0.991895,-29.0034
2526,0.988433,-29.2796
2527,1.04699,-30.3725
2528,1.06395,-33.6644
2529,1.01863,-34.8771
2530,1.02045,-34.9505
2531,1.04855,-22.4862
2532,1.04214,-22.0474
2533,1.04089,-16.053
2534,1.03307,-15.1297
2535,1.02614,-38.8859
2536,1.02813,-38.8442
2537,1.0293,-38.8837
2538,1.05175,-15.7773
2539,0.998861,-15.7322
2540,1.04316,-26.0064
2541,1.02037,-29.8543
2542,0.998952,-24.1678
2543,1.04211,-27.4334
2544,1.07527,-25.1998
2545,1.03248,-19.0488
2546,1.05896,-10.6813
2547,1.06532,-35.7028
2548,1.0475,-28.4237
2549,1.00537,-54.2424
2550,1.04978,-39.4827
2551,1.06181,-11.4811
2552,1.00858,-12.5971
2553,1.07692,-10.6861
2554,1.02224,-31.7772
2555,1.02532,-32.4326
2556,1.02689,-56.0334
2557,1.0427,-54.501
2558,1.06513,-14.6738
2559,1.00032,-25.1047
2560,1.03592,-20.1763
2561,1.04431,-16.6646
2562,1.05095,-36.6844
2563,1.03556,-35.4923
2564,1.04734,-29.8939
2565,1.00939,-33.2697
2566,1.07002,-41.3903
2567,1.04241,-24.657
2568,1.05841,-32.7007
2569,1.0356,-13.2058
2570,0.966083,-27.1286
2571,1.0121,-27.0253
2572,1.03648,-22.447
2573,1.0539,-25.9221
2574,1.03438,-45.5399
2575,1.00196,-38.0138
2576,1.08774,-27.1433
2577,1.07474,-22.7384
2578,1.05372,-18.3518
2579,0.997383,-19.3366
2580,0.997502,-30.119
2581,1.03911,-30.0511
2582,1.03236,-36.5127
2583,1.09077,-9.63034
2584,1.01022,-52.5484
2585,1.0225,-9.19405
2586,1.0339,-28.1141
2587,1.02649,-51.7926
2588,1.07352,-48.4816
2589,1.03643,-17.763
2590,1.00857,-15.5901
2591,1.05717,-5.86768
2592,1.04581,-15.5695
2593,1.05718,-5.86705
2594,1.02899,-60.4887
2595,1.00719,-27.8494
2596,1.01316,-38.8187
2597,1.01399,-35.5773
2598,1.04559,-39.4668
2599,1.07814,-33.0028
2600,1.07832,-33.0011
2601,1.00698,-30.9356
2602,1.01355,-30.1787
2603,1.06023,-15.6081
2604,1.00724,-32.8075
2605,1.02312,-20.8996
2606,1.06412,-36.422
2607,1.02837,-42.0995
2608,1.00845,-15.3228
2609,1.00943,-38.5143
2610,1.04083,-25.6947
2611,1.02096,-31.2102
2612,1.00556,-18.4264
2613,1.00527,-35.9643
2614,1.02033,-18.2258
2615,1.04342,-9.88145
2616,1.02988,-28.7168
2617,1.0752,-28.6092
2618,1.06173,-15.7875
2619,1.08287,-12.6378
2620,1.02334,-32.5954
2621,1.00264,-14.1705
2622,0.983997,-31.3438
2623,0.979698,-28.5834
2624,1.01839,-18.0842
2625,1.03615,-18.0286
2626,0.994974,-27.1551
2627,0.991445,-27.2891
2628,1.02032,-23.8702
2629,0.996379,-24.486
2630,1.00006,-29.925
2631,0.976913,-23.8436
2632,1.00663,-28.9623
2633,1.03028,-21.1781
2634,1.05938,-15.3624
2635,1.00727,-17.8909
2636,1.04199,-8.57364
2637,1.04205,-8.57105
2638,1.06041,-5.03605
2639,1.0834,-16.7277
2640,1.09688,-6.10378
2641,1.09682,-6.10426
2642,1.05577,-17.0498
2643,1.0146,-24.7264
2644,1.03491,-16.7293
2645,1.05417,-6.9899
2646,1.06473,-6.44576
2647,1.07312,-29.914
2648,1.05507,-26.9364
2649,1.06405,-25.622
2650,1.03334,-11.5334
2651,1.00694,-9.74183
2652,1.06326,-11.4472
2653,1.02931,-7.75591
2654,1.03798,-4.85432
2655,1.08241,-5.8757
2656,1.04363,-5.87772
2657,1.09847,-5.22888
2658,1.04363,-5.87772
2659,1.09839,-5.38574
2660,1.03142,-43.3084
2661,1.04289,-42.0767
2662,0.564259,-12.7135
2663,1.02525,-12.7135
2664,1.05024,-32.0271
2665,1.05024,-32.0271
2666,1.04973,-18.3617
2667,1.01486,-46.551
2668,1.01327,-25.3443
2669,1.0275,-21.8049
2670,1.00414,-26.2746
2671,1.02099,-16.3133
2672,1.0254,-12.9536
2673,1.02518,-14.9921
2674,1.0398,-18.6439
2675,1.07988,-33.3001
2676,1.04963,-37.649
2677,1.0363,-32.1415
2678,1.05218,-27.2707
2679,0.99959,-18.2324
2680,0.9776,-30.7923
2681,1.0907,-29.9296
2682,1.03926,-36.9092
2683,1.02735,-29.8057
2684,1.0203,-30.8805
2685,1.02636,-29.5298
2686,1.07929,-33.2327
2687,1.03592,-19.5031
2688,1.0422,-37.007
2689,1.03969,-24.3366
2690,1.02544,-29.2625
2691,1.08138,-31.4932
2692,1.04146,-51.4061
2693,1.04461,-13.5749
2694,1.04528,-30.247
2695,1.01415,-34.4271
2696,1.06349,-31.3887
2697,1.08778,-28.2902
2698,1.06515,-20.5044
2699,1.05821,-21.7432
2700,1.04266,-15.997
2701,1.03832,-19.8807
2702,1.03785,-17.6283
2703,1.0775,-10.698
2704,1.04058,-39.8611
2705,1.07092,-30.3027
2706,1.03221,-25.3061
2707,1.04057,-21.9463
2708,1.02194,-40.1925
2709,1.00726,-23.8908
2710,1.03526,-12.531
2711,1.047,-16.9796
2712,1.07778,-25.6746
2713,1.08748,-21.7517
2714,1.10158,-18.9968
2715,1.01769,-51.8646
2716,1.02527,-35.0713
2717,1.05759,-34.7737
2718,1.07864,-31.5354
2719,1.02082,-16.3765
2720,1.07601,-11.7588
2721,1.05211,-11.9064
2722,1.00471,-29.2228
2723,1.03361,-17.3586
2724,1.01279,-31.7271
2725,1.00497,-38.6278
2726,1.0542,-37.8613
2727,1.06092,-6.42518
2728,1.03058,-33.725
2729,1.04398,-35.1087
2730,1.0416,-35.1114
2731,1.05714,-18.9455
2732,1.05543,-10.3666
2733,1.01989,-25.641
2734,1.01884,-25.7131
2735,1.0036,-32.9607
2736,0.964886,-27.3245
2737,1.03244,-19.544
2738,1.05636,-35.1407
2739,1.04331,-8.81795
2740,1.06059,-25.4978
2741,1.04631,-5.44944
2742,1.06511,-5.86733
2743,1.00054,-28.4996
2744,1.04479,-38.9734
2745,1.01319,-19.9012
2746,1.03084,-10.8495
2747,1.05675,-7.90146
2748,1.05391,-39.5268
2749,1.00691,-10.3723
2750,1.02813,-38.8442
2751,1.03255,-13.2191
2752,1.05489,-30.8883
2753,1.02161,-34.0865
2754,1.05213,-17.1988
2755,1.0331,-18.5736
2756,1.04551,-15.4347
2757,1.04,-32.7589
2758,1.12785,-10.0445
2759,1.04561,-29.295
2760,1.03277,-19.2873
2761,0.916557,-15.2123
2762,1.0175,-18.5458
2763,1.0418,-15.1424
2764,1.06582,-12.8665
2765,1.04686,-38.6943
2766,1.0431,-20.2132
2767,1.06282,-24.4043
2768,1.03376,-18.682
2769,1.04611,-20.8612
2770,1.0692,-18.467
2771,1.01291,-28.178
2772,1.02605,-12.953
2773,1.04732,-14.4211
2774,1.07128,-10.5612
2775,1.08962,-9.78181
2776,1.06044,-37.3494
2777,1.07329,-47.0826
2778,1.07439,-42.178
2779,1.07324,-43.9163
2780,1.02423,-45.6073
2781,1.06158,-15.4518
2782,0.987773,-28.5727
2783,1.01635,-18.4955
2784,1.03631,-13.3462
2785,1.02925,-13.8878
2786,1.0442,-35.0857
2787,1.04852,-30.7908
2788,1.06212,-31.7202
2789,1.08308,-23.9041
2790,1.07722,-22.144
2791,1.07294,-17.6634
2792,1.04959,-20.0755
2793,1.00256,-26.151
2794,0.998473,-18.9103
2795,1.04725,-34.2991
2796,0.994189,-22.052
2797,0.99529,-21.9303
2798,1.07069,-24.6361
2799,1.06933,-21.7977
2800,1.02753,-20.0672
2801,1.00742,-54.1486
2802,1.04549,-40.2017
2803,1.05888,-36.1956
2804,1.04308,-19.2845
2805,1.02542,-40.0612
2806,1.03618,-20.7771
2807,1.02887,-15.5177
2808,1.03879,-11.791
2809,1.04496,-5.32579
2810,1.03328,-11.8846
2811,1.03626,-21.8278
2812,1.04148,-13.5596
2813,1.08629,-9.53487
2814,1.08625,-9.54174
2815,1.03408,-42.3975
2816,0.993471,-28.829
2817,1.02437,-11.3444
2818,1.07265,-14.9434
2819,1.03584,-17.8192
2820,1.03641,-15.8841
2821,1.00756,-37.4307
2822,1.00696,-20.3049
2823,1.05312,-25.9359
2824,1.08602,-11.7926
2825,1.0909,-9.74242
2826,1.02589,-35.876
2827,1.03648,-19.4681
2828,1.03684,-16.9058
2829,1.02073,-17.7238
2830,1.00848,-20.1815
2831,1.07656,-10.9614
2832,1.03371,-34.4729
2833,1.02232,-18.933
2834,0.990651,-25.5942
2835,1.04899,-53.6825
2836,0.999505,-26.2265
2837,1.03375,-32.8215
2838,1.02238,-15.5572
2839,1.00003,-24.0323
2840,0.977098,-30.6345
2841,1.01444,-27.1519
2842,1.10082,-22.2842
2843,1.04268,-32.6163
2844,1.05862,-32.646
2845,1.08375,-36.628
2846,1.00876,-37.9491
2847,1.03874,-15.532
2848,1.04479,-15.8328
2849,1.04441,-12.4637
2850,1.04088,-52.9609
2851,1.03238,-15.3084
2852,1.03252,-15.2027
2853,1.07173,-9.96421
2854,1.01456,-19.8289
2855,1.04625,-13.2297
2856,1.04897,-42.1437
2857,1.05928,-38.9431
2858,1.03525,-17.3776
2859,1.03383,-17.386
2860,1.03654,-16.2783
2861,1.00451,-29.0102
2862,1.06095,-34.2177
2863,1.01138,-36.6935
2864,1.01196,-40.4811
2865,0.97778,-43.5721
2866,1.01592,-34.1677
2867,1.07142,-36.3293
2868,1.04348,-17.3447
2869,1.01961,-44.6298
2870,1.0508,-11.8678
2871,1.00995,-16.8515
2872,1.02533,-21.8873
2873,1.02615,-18.0333
2874,1.06769,-32.2911
2875,0.999414,-35.5709
2876,0.998457,-24.2556
2877,1.03484,-13.1834
2878,1.04299,-15.3241
2879,1.0338,-21.1039
2880,1.04425,-16.3276
2881,1.02474,-8.36392
2882,1.06907,-31.055
2883,1.01294,-21.9106
2884,1.03165,-16.1413
2885,1.06726,-33.2774
2886,1.07424,-28.3462
2887,1.02013,-23.2544
2888,1.03978,-22.5438
2889,1.02837,-20.7901
2890,1.01527,-19.249
2891,1.04978,-20.6844
2892,1.04783,-7.17986
2893,1.07939,-8.19423
2894,1.06851,-10.0568
2895,0.992988,-31.2454
2896,1.02335,-22.1115
2897,1.09879,-5.81747
2898,1.01495,-18.1571
2899,1.02886,-16.0151
2900,1.02666,-12.8386
2901,1.01468,-20.4325
2902,1.01711,-20.1636
2903,0.97778,-28.2977
2904,1.03288,-53.0772
2905,1.00808,-29.054
2906,1.01621,-19.4727
2907,1.03085,-14.5699
2908,1.02875,-12.7291
2909,1.03399,-14.9368
2910,1.04455,-11.0855
2911,1.05252,-16.6768
2912,1.01686,-20.2577
2913,1.05253,-16.6767
2914,1.02736,-18.2403
2915,1.00536,-25.6299
2916,1.01265,-22.2915
2917,1.03358,-16.0726
2918,1.06157,-15.0468
2919,1.01436,-22.5694
2920,1.04584,-11.6749
2921,1.03835,-12.2934
2922,1.06014,-30.8437
2923,1.05667,-16.2528
2924,1.08246,-12.7751
2925,1.08243,-12.7429
2926,1.05328,-33.6679
2927,0.98989,-25.9185
2928,1.04404,-15.7856
2929,1.04249,-15.9127
2930,1.05047,-12.5739
2931,1.04283,-16.0474
2932,1.07174,-32.0263
2933,1.03127,-16.0358
2934,0.993973,-31.8061
2935,1.05055,-11.3923
2936,1.05055,-11.3923
2937,1.04633,-5.45045
2938,1.06524,-5.91559
2939,1.02148,-35.0238
2940,1.07185,-29.2961
2941,0.997531,-37.191
2942,0.995946,-35.6492
2943,0.993196,-24.4098
2944,1.02948,-19.0388
2945,1.02851,-19.0249
2946,1.0226,-15.1534
2947,1.03828,-38.0668
2948,1.00294,-16.7381
2949,1.03077,-36.4449
2950,1.02892,-9.04847
2951,1.05277,-9.78159
2952,1.09212,-7.45915
2953,1.01177,-32.0721
2954,1.018,-13.4259
2955,1.02011,-27.3166
2956,1.08355,-31.0679
2957,1.07692,-31.4909
2958,1.07876,-32.3544
2959,1.07694,-31.4882
2960,1.08355,-31.0662
2961,1.07464,-26.0784
2962,1.07337,-26.6307
2963,1.04585,-13.6631
2964,1.06175,-13.898
2965,1.08046,-10.4806
2966,1.0344,-21.2872
2967,1.02568,-34.4199
2968,1.04147,-23.7286
2969,1.01792,-37.7432
2970,1.0184,-45.3611
2971,1.00973,-30.1743
2972,1.02346,-54.8534
2973,1.07589,-25.1885
2974,1.04569,-27.5419
2975,1.06315,-39.8279
2976,1.05705,-30.4477
2977,1.03698,-36.3379
2978,1.0559,-32.4666
2979,1.04982,-37.9218
2980,1.02065,-41.6646
2981,1.057,-11.631
2982,1.06903,-8.4139
2983,1.06134,-35.3134
2984,1.05504,-32.0185
2985,1.07533,-25.2244
2986,1.05619,-29.9163
2987,1.04565,-15.8639
2988,1.04461,-15.8639
2989,1.03729,-16.1423
2990,1.03097,-14.5706
2991,1.02707,-13.4871
2992,1.01818,-32.5021
2993,1.0497,-28.6223
2994,1.03219,-13.3054
2995,1.0585,-5.86885
2996,1.02592,-20.7106
2997,1.06458,-9.57868
2998,1.00662,-19.7368
2999,1.05884,-32.5725
3000,1.04699,-14.8491
3001,1.03841,-12.8101
3002,1.07557,-9.89736
3003,1.08861,-8.23961
3004,1.01218,-14.5049
3005,1.05508,-20.2511
3006,1.0074,-11.4752
3007,1.00861,-27.7349
3008,1.04217,-18.5588
3009,1.04284,-15.0012
3010,1.03827,-14.5195
3011,1.02836,-13.6924
3012,1.01589,-27.7316
3013,0.988141,-33.231
3014,1.05845,-30.7838
3015,1.06781,-32.4945
3016,1.02846,-16.9548
3017,1.00802,-39.1768
3018,1.00578,-23.0035
3019,1.00572,-23
3020,1.05448,-30.6053
3021,1.05538,-26.8138
3022,1.07408,-28.3736
3023,1.00937,-15.6628
3024,1.04561,-11.8881
3025,1.05263,-6.48117
3026,1.03944,-17.2465
3027,0.986887,-22.1151
3028,1.03174,-20.0027
3029,1.03204,-8.32039
3030,0.994528,-36.2227
3031,1.06231,-8.62647
3032,1.03022,-38.4728
3033,1.0208,-21.0021
3034,1.02116,-15.9466
3035,1.01644,-16.5698
3036,1.01025,-29.3783
3037,1.01073,-34.1782
3038,1.0218,-27.4214
3039,1.02131,-15.2572
3040,1.05897,-25.7312
3041,1.00757,-16.029
3042,1.01761,-9.29194
3043,1.02624,-21.7919
3044,1.04139,-34.7384
3045,0.995234,-33.5052
3046,1.01115,-33.1515
3047,1.04737,-26.3713
3048,1.04737,-26.3713
3049,1.05271,-1.36471
3050,1.05263,-1.33335
3051,1.05263,-1.33335
3052,1.05111,-18.5962
3053,1.03383,-45.1459
3054,1.04209,-40.0688
3055,1.04165,-41.1323
3056,1.02761,-21.3218
3057,1.03782,-16.6495
3058,1.03532,-11.8696
3059,1.06579,-31.2389
3060,1.04166,-35.3897
3061,1.05026,-30.6876
3062,1.04921,-30.6502
3063,1.01332,-10.8345
3064,1.0211,-21.6368
3065,1.04212,-42.8976
3066,1.03622,-18.3348
3067,1.04924,-15.2434
3068,1.0125,-22.4034
3069,0.993645,-14.0403
3070,1.04205,-21.7503
3071,1.0229,-29.6833
3072,1.00396,-19.6084
3073,1.03957,-39.3384
3074,1.02051,-13.6617
3075,1.07841,-11.1204
3076,1.04763,-15.7683
3077,1.01126,-20.7828
3078,1.05786,-14.9665
3079,1.07757,-11.6385
3080,1.02832,-7.0129
3081,1.04655,-5.14487
3082,1.01488,-23.7601
3083,1.02184,-35.9613
3084,1.02612,-35.6642
3085,1.02474,-31.6389
3086,0.945228,-27.0292
3087,0.987428,-26.129
3088,1.00725,-22.4861
3089,1.03818,-41.2779
3090,0.990616,-35.509
3091,0.963951,-32.9414
3092,0.987371,-26.0833
3093,1.03211,-17.5263
3094,1.05271,-15.2586
3095,1.08347,-36.676
3096,1.03976,-16.45
3097,0.974714,-27.3852
3098,0.983568,-26.4363
3099,1.05489,-12.5295
3100,1.0579,-12.2449
3101,1.02455,-40.7066
3102,1.06344,-34.0309
3103,1.06392,-17.4252
3104,1.04898,-20.3483
3105,1.06358,-26.0993
3106,1.02633,-58.096
3107,1.02478,-19.8899
3108,1.02766,-20.6665
3109,1.06375,-12.5184
3110,1.06375,-12.5184
3111,1.06375,-12.5184
3112,1.0325,-19.5199
3113,1.0325,-19.5199
3114,1.0325,-19.5199
3115,1.02989,-45.6126
3116,1.03553,-12.8809
3117,1.02183,-53.3956
3118,1.02488,-24.6631
3119,1.026,-9.97962
3120,1.05368,-17.8142
3121,0.960923,-15.2363
3122,1.04107,-18.3081
3123,1.08358,-26.5793
3124,1.01471,-20.2313
3125,0.988913,-29.7141
3126,1.07706,-30.5193
3127,1.04228,-30.0548
3128,1.05461,-22.4098
3129,1.05285,-10.8398
3130,1.06601,-24.8834
3131,1.06666,-24.872
3132,0.988005,-26.2957
3133,1.06781,-10.026
3134,1.02055,-15.1623
3135,1.03532,-7.16204
3136,1.05322,-14.3627
3137,1.07757,-32.326
3138,1.04614,-35.37
3139,1.07758,-32.3256
3140,1.03438,-16.4353
3141,1.05078,-16.8185
3142,1.08157,-12.3532
3143,1.03386,-12.372
3144,1.0052,-26.02
3145,1.03636,-19.7077
3146,1.08652,-20.2808
3147,1.0867,-20.3173
3148,1.01685,-19.1232
3149,1.03788,-22.3168
3150,1.08095,-30.2241
3151,1.03666,-22.7434
3152,1.06373,-10.1422
3153,1.00482,-25.6457
3154,1.01294,-35.797
3155,1.05602,-29.1543
3156,1.08485,-36.4174
3157,1.01884,-14.5878
3158,1.07051,-10.3049
3159,1.0044,-13.6416
3160,1.07892,-33.2862
3161,1.06433,-31.9828
3162,1.00186,-29.5789
3163,1.04969,-9.11814
3164,0.990911,-22.8621
3165,1.02506,-11.9018
3166,1.01982,-35.8399
3167,1.0161,-14.9497
3168,1.03157,-30.8104
3169,1.03519,-26.16
3170,1.02888,-53.1198
3171,1.0089,-11.991
3172,1.06457,-20.284
3173,1.05574,-17.5545
3174,1.02942,-20.4457
3175,0.97778,-23.1144
3176,1.08243,-29.8193
3177,1.05676,-34.9474
3178,1.05809,-34.1482
3179,1.01958,-23.7393
3180,1.02375,-22.0933
3181,1.06153,-10.1518
3182,1.02648,-16.4208
3183,1.02721,-21.6392
3184,1.0697,-34.3334
3185,1.06967,-34.3364
3186,1.01251,-23.714
3187,1.0677,-10.8663
3188,1.04394,-16.9391
3189,1.00781,-25.5692
3190,1.00723,-26.9685
3191,1.0363,-22.5531
3192,1.03873,-24.3458
3193,1.04726,-11.9254
3194,1.04244,-27.1309
3195,1.04034,-24.145
3196,1.0192,-21.7726
3197,1.0811,-33.1339
3198,1.0797,-33.1468
3199,1.05585,-41.0271
3200,1.01388,-32.734
3201,1.07682,-23.7851
3202,1.04235,-12.7633
3203,1.09864,-5.81143
3204,1.0739,-25.8361
3205,1.0625,-34.0641
3206,1.05022,-16.931
3207,1.01327,-33.8077
3208,1.07455,-35.2365
3209,1.00514,-38.6556
3210,1.04728,-35.2343
3211,1.02983,-43.5657
3212,1.06909,-30.7125
3213,1.05196,-34.3753
3214,1.0441,-35.0979
3215,1.01687,-28.496
3216,1.02251,-27.5777
3217,0.985924,-17.2464
3218,0.980502,-28.4576
3219,1.03933,-41.1535
3220,1.00152,-34.7018
3221,1.04266,-31.9906
3222,1.02155,-18.1912
3223,1.08032,-13.2956
3224,1.08064,-32.9474
3225,1.08069,-32.9443
3226,1.08069,-32.9431
3227,1.00418,-30.9401
3228,0.992431,-46.4185
3229,1.09562,-20.647
3230,1.09487,-20.7443
3231,1.02142,-25.6005
3232,1.04897,-5.15676
3233,0.989692,-25.0685
3234,1.03837,-12.294
3235,1.03239,-54.5877
3236,1.04212,4.03776
3237,1.05766,-35.8806
3238,1.03985,-26.1169
3239,1.03634,-16.5456
3240,1.04615,-15.569
3241,1.038,-35.4832
3242,1.03699,-26.069
3243,1.02304,-46.9297
3244,1.0429,-17.0676
3245,1.01468,-32.1225
3246,1.07807,-10.92
3247,1.00287,-24.3619
3248,1.00287,-24.3619
3249,1.00287,-24.3619
3250,1.04157,-8.88101
3251,1.01026,-24.8748
3252,1.03735,-20.0878
3253,1.06106,-36.6177
3254,1.01215,-19.4672
3255,1.06553,-31.2064
3256,1.05674,-24.5028
3257,1.03458,-14.5028
3258,1.03456,-21.0049
3259,1.04659,-9.63646
3260,1.0639,-31.9653
3261,0.939821,-38.5996
3262,1.07214,-25.426
3263,1.05041,-23.0677
3264,1.06926,-34.3796
3265,0.990564,-35.9138
3266,1.08417,-32.0999
3267,1.03524,-18.4878
3268,1.01931,-35.1232
3269,1.04348,-17.3447
3270,1.07885,-28.547
3271,0.987759,-25.3484
3272,1.0204,-23.4076
3273,1.04748,-23.4581
3274,1.04218,-19.771
3275,1.03563,-25.4918
3276,0.99014,-25.0154
3277,0.99036,-25.3482
3278,1.0204,-23.4076
3279,1.02049,-23.4076
3280,1.03712,-16.1747
3281,1.0268,-13.4659
3282,1.07964,-28.4071
3283,1.0877,-10.8025
3284,1.08118,-10.8025
3285,1.05898,-33.4893
3286,1.0626,-32.7086
3287,0.991788,-13.7398
3288,1.04277,-13.3998
3289,0.990615,-35.4483
3290,1.05609,-12.1665
3291,1.07049,-7.23906
3292,1.02431,-27.4303
3293,1.02125,-27.9352
3294,0.996715,-23.7221
3295,1.00956,-20.1417
3296,0.991848,-48.463
3297,1.01889,-54.8854
3298,1.05058,-34.4778
3299,1.01273,-37.5289
3300,1.01155,-17.082
3301,1.04909,-16.3721
3302,1.01353,-27.9992
3303,1.06487,-12.8128
3304,1.01489,-33.6188
3305,1.01973,-27.8336
3306,1.0425,-7.53445
3307,1.01041,-29.3606
3308,1.03563,-44.916
3309,1.03381,-7.79469
3310,1.12046,-17.0609
3311,1.11803,-17.3151
3312,1.12078,-19.7972
3313,1.12096,-16.8896
3314,1.04468,-19.7525
3315,1.025,-16.66
3316,1.07586,-13.3977
3317,1.03472,-15.7074
3318,1.03364,-15.8791
3319,1.02077,-23.0705
3320,1.00996,-19.7379
3321,1.06185,-31.2781
3322,1.06186,-31.2782
3323,1.02498,-13.0504
3324,0.999502,-21.6426
3325,1.03511,-17.3012
3326,1.03581,-17.2541
3327,1.04393,-15.3837
3328,1.03221,-14.3332
3329,1.05515,-12.2812
3330,1.02215,-22.4286
3331,1.02669,-34.5683
3332,0.984475,-28.2843
3333,1.03396,-33.674
3334,1.03491,-33.6354
3335,1.04637,-35.3684
3336,1.02403,-13.7591
3337,0.973339,-33.2054
3338,1.04934,-32.9768
3339,1.0683,-29.7621
3340,1.03569,-16.9308
3341,1.02099,-44.2371
3342,1.0221,-35.7219
3343,1.05821,-32.3054
3344,1.0428,-26.8378
3345,1.03824,-18.6274
3346,1.00448,-25.4479
3347,1.0144,-17.8549
3348,1.02706,-18.3899
3349,1.03029,-17.9944
3350,1.037,-17.2067
3351,1.03536,-27.8425
3352,0.998515,-39.5003
3353,1.02357,-42.4377
3354,1.03761,-40.2537
3355,0.995894,-31.8853
3356,1.05159,-15.1998
3357,1.06576,-11.3863
3358,1.01405,-32.7581
3359,1.12742,-10.0377
3360,1.08526,-10.0349
3361,1.07567,-26.3591
3362,1.03787,-52.7274
3363,1.02331,-55.6871
3364,1.05296,-23.7112
3365,1.11127,-19.9847
3366,1.11171,-19.9324
3367,1.1119,-19.775
3368,1.04442,-21.5936
3369,1.03521,-17.0832
3370,1.05032,-38.4193
3371,1.03915,-16.1057
3372,1.07392,-30.1947
3373,1.06172,-28.8677
3374,1.07635,-25.0527
3375,1.07693,-31.6259
3376,1.08449,-30.3138
3377,1.07818,-30.5737
3378,1.03778,-16.7317
3379,0.967393,-26.7503
3380,1.03658,-51.7197
3381,1.01637,-20.64
3382,1.02697,-13.5205
3383,1.08485,-36.482
3384,1.01488,-30.8937
3385,1.0067,-24.4886
3386,1.0107,-40.8856
3387,1.01119,-41.6477
3388,1.07005,-33.651
3389,1.08461,-29.588
3390,1.06386,-26.7625
3391,1.02345,-18.8632
3392,1.01984,-18.6684
3393,1.03571,-13.3352
3394,0.971572,-27.4727
3395,0.978278,-26.755
3396,1.02733,-36.5793
3397,0.986699,-29.9955
3398,0.986698,-29.9955
3399,1.01041,-31.7319
3400,1.07679,-11.9247
3401,1.05711,-10.1601
3402,1.04024,-16.4462
3403,0.986182,-26.6007
3404,0.998669,-23.3575
3405,1.01576,-30.1352
3406,1.07251,-7.17102
3407,1.03518,-17.8866
3408,1.04913,-15.7182
3409,1.05706,-19.0506
3410,1.01609,-34.1039
3411,1.05576,-14.4255
3412,1.01516,-22.4417
3413,1.05592,-33.2896
3414,1.01858,-22.9454
3415,1.03617,-9.11676
3416,1.03164,-25.4721
3417,1.01348,-9.31709
3418,1.05139,-32.3826
3419,1.05045,-39.4145
3420,1.08082,-32.9345
3421,1.02044,-23.1856
3422,1.02913,-48.2006
3423,1.01457,-5.98199
3424,1.01356,-10.0955
3425,1.02306,-13.8203
3426,1.06018,-8.66108
3427,1.02116,-46.7639
3428,1.0053,-49.4102
3429,1.0226,-46.9955
3430,1.01665,-25.6517
3431,1.04469,-30.4788
3432,1.04878,-54.1156
3433,1.05453,-49.9171
3434,1.02,-26.9093
3435,0.988938,-22.7254
3436,1.01546,-52.9972
3437,1.02962,-48.023
3438,1.03318,-53.8374
3439,1.05115,-27.7414
3440,1.01595,-49.9057
3441,1.02418,-50.2635
3442,1.02176,-36.6407
3443,1.04212,-57.0114
3444,1.03055,-52.7018
3445,1.03313,-11.0848
3446,0.995628,-21.2009
3447,1.06247,-40.3073
3448,0.992175,-26.3067
3449,1.03429,-25.7061
3450,1.02878,-42.5697
3451,1.06791,-31.2976
3452,1.02427,-22.3511
3453,1.01096,-26.0678
3454,1.02677,-25.2778
3455,1.0486,-33.4668
3456,1.00301,-11.5299
3457,1.04371,-31.9827
3458,1.05721,-30.7706
3459,0.994356,-22.6618
3460,1.02474,-35.9347
3461,1.05889,-30.633
3462,1.016,-22.3266
3463,1.08129,-12.3719
3464,1.03386,-12.372
3465,1.03046,-38.459
3466,1.03044,-38.4613
3467,1.03046,-38.4589
3468,1.03038,-38.4671
3469,1.07425,-28.3463
3470,1.07627,-28.0692
3471,1.07425,-28.3463
3472,1.07425,-28.3463
3473,0.991719,-35.5267
3474,0.991718,-35.5267
3475,1.03046,-38.4583
3476,1.05533,-36.5497
3477,1.06519,-37.2824
3478,1.06523,-33.6518
3479,0.983121,-49.7431
3480,1.01256,-32.9328
3481,1.03645,-48.1772
3482,1.03245,-16.0383
3483,1.01349,-10.5863
3484,1.1,-4.9433
3485,1.02385,-41.6257
3486,1.07505,-7.97993
3487,1.02759,-30.9374
3488,1.0171,-57.5984
3489,1.00903,-34.206
3490,1.02038,-22.9332
3491,1.04257,-38.0397
3492,1.02243,-9.21064
3493,1.05147,-13.0315
3494,1.03316,-16.6696
3495,1.05962,-5.55813
3496,1.08186,5.42926
3497,1.08889,-6.71711
3498,1.05847,-31.3803
3499,1.05742,-31.3803
3500,1.04094,-17.6319
3501,1.03553,-12.8809
3502,1.04413,-8.9345
3503,1.05458,-52.9809
3504,1.03149,-42.8341
3505,1.02499,-23.6361
3506,1.05206,-19.7704
3507,1.02042,-19.835
3508,1.04489,-8.37694
3509,1.04548,-8.37327
3510,1.03367,-28.525
3511,1.06403,-25.2925
3512,1.06106,-29.4535
3513,1.06928,-26.5802
3514,1.05294,-33.1405
3515,1.06349,-32.6539
3516,1.06468,-29.825
3517,1.01725,-26.4058
3518,0.996888,-25.1623
3519,1.00495,-25.64
3520,1.05166,-26.4208
3521,1.06973,-33.9569
3522,1.0728,-8.1891
3523,1.01019,-10.3208
3524,1.00288,-24.3624
3525,1.016,-36.4625
3526,1.07613,-13.3723
3527,1.07597,-13.3879
3528,1.05602,-6.12922
3529,1.05596,-6.13685
3530,1.06946,-3.94192
3531,1.08297,-28.6271
3532,1.06403,-25.6219
3533,1.08108,-9.79171
3534,1.00206,-19.9878
3535,0.996686,-31.4854
3536,1.01787,-27.0517
3537,1.04759,-21.3072
3538,1.05978,-41.7381
3539,1.07225,-37.493
3540,1.05708,-12.1691
3541,1.07531,-25.34
3542,1.12805,-10.0477
3543,1.04149,-13.5598
3544,1.01151,-58.211
3545,1.03892,-42.3908
3546,1.0614,-35.3104
3547,1.02721,-33.1569
3548,1.03304,-39.4035
3549,1.06201,-34.2223
3550,0.990026,-13.5975
3551,1.02678,-18.9656
3552,1.01143,-29.1417
3553,1.03907,-26.5853
3554,1.03879,-41.1292
3555,1.0841,-36.5476
3556,1.0841,-36.5476
3557,1.03899,-41.0328
3558,1.08414,-36.5403
3559,1.01797,-14.6424
3560,1.03315,-40.49
3561,1.03118,-19.2104
3562,1.02729,-12.1279
3563,1.025,-26.4981
3564,1.03288,-16.6511
3565,1.05024,-32.0271
3566,1.05956,-28.6673
3567,1.06853,-34.3939
3568,1.04731,-29.4364
3569,1.00554,-58.719
3570,1.04184,-18.015
3571,1.03021,-25.7191
3572,1.05671,-24.5024
3573,1.04601,-30.3421
3574,1.04677,-20.4447
3575,1.04351,-28.2178
3576,1.05722,-34.8128
3577,1.05589,-35.3472
3578,1.02611,-27.2672
3579,1.04892,-13.7231
3580,1.05755,-11.3587
3581,1.03998,-16.2841
3582,1.03764,-16.3532
3583,1.01333,-31.1785
3584,1.04136,-32.4786
3585,1.00005,-27.157
3586,1.04837,-30.1465
3587,1.01388,-5.97468
3588,1.06688,-4.56257
3589,1.03951,-16.6791
3590,1.0796,-12.7403
3591,1.07928,-28.418
3592,1.03696,-18.526
3593,1.05646,-10.1671
3594,1.04732,-9.81334
3595,1.03055,-53.3171
3596,1.06947,-48.3745
3597,1.06009,-8.4413
3598,1.04035,-5.41708
3599,1.03975,-11.0802
3600,1.08448,-9.58385
3601,1.01234,-16.6195
3602,1.01697,-11.9436
3603,1.04946,-28.0622
3604,1.02997,-13.8644
3605,1.05463,-33.6422
3606,1.06756,-32.3915
3607,1.07154,-33.3024
3608,1.07534,-27.7349
3609,1.07509,-28.147
3610,1.00747,-38.6547
3611,1.00832,-38.4002
3612,1.01652,-31.5247
3613,1.0505,-28.4097
3614,1.04398,-16.0214
3615,1.03308,-25.9777
3616,1.07217,-43.8431
3617,1.07057,-37.8203
3618,1.03733,-16.0313
3619,1.04416,-31.9729
3620,1.04415,-31.9715
3621,0.994606,-31.7571
3622,0.994014,-31.7661
3623,1.04416,-31.9695
3624,1.08456,-28.6446
3625,1.016,-35.0982
3626,1.0808,-33.1948
3627,1.03081,-20.6811
3628,1.03896,-15.5392
3629,1.05007,-16.7569
3630,1.01102,-38.0935
3631,1.06581,-25.072
3632,1.01304,-19.7463
3633,1.03819,-33.0731
3634,1.02385,-33.5767
3635,1.02931,-19.2341
3636,1.01978,-23.3639
3637,1.02237,-31.262
3638,1.02478,-12.6109
3639,1.01653,-11.2517
3640,1.05747,-13.6855
3641,1.06862,-9.99443
3642,0.994504,-48.9387
3643,1.00285,-24.3615
3644,1.06021,-5.32723
3645,0.987238,-25.4132
3646,0.983451,-26.6589
3647,1.01334,-23.8606
3648,1.02035,-20.3472
3649,1.0424,-14.3471
3650,1.03194,-10.1393
3651,0.994063,-16.057
3652,0.993681,-16.0361
3653,0.988113,-29.1472
3654,1.018,-48.0588
3655,1.03659,-12.8583
3656,1.08138,-10.1633
3657,1.02256,-51.0805
3658,1.07336,-45.8821
3659,1.01453,-9.25341
3660,1.04738,-32.5848
3661,1.03335,-18.3809
3662,1.06165,-24.3358
3663,1.07221,-21.2993
3664,1.02455,-35.3455
3665,1.01606,-22.3027
3666,1.06584,-30.8048
3667,1.08874,-27.5605
3668,1.03488,-13.0146
3669,1.03577,-12.9115
3670,1.06055,-19.308
3671,1.06492,-12.7921
3672,1.04256,-16.2075
3673,1.03579,-17.5016
3674,1.0529,-16.9576
3675,1.07471,-11.8709
3676,1.00257,-31.8889
3677,1.00939,-34.264
3678,1.02345,-7.52785
3679,1.05149,-23.228
3680,1.06198,-11.6872
3681,1.07109,-23.2269
3682,1.054,-27.4921
3683,1.01992,-27.8416
3684,1.04625,-31.1221
3685,1.05749,-31.4997
3686,1.05255,-25.5635
3687,1.04128,-53.488
3688,1.05112,-18.5968
3689,1.01205,-21.5111
3690,1.00797,-62.0661
3691,1.00758,-54.1372
3692,1.03371,-54.8068
3693,1.01412,-23.1278
3694,0.997433,-35.477
3695,1.05781,-13.8233
3696,1.06095,-31.2886
3697,1.06552,-27.3689
3698,1.02212,-34.3019
3699,1.07919,-21.0915
3700,0.991236,-35.4386
3701,1.04512,-16.0364
3702,1.08165,-11.2341
3703,0.998635,-17.4113
3704,1.07313,-14.8896
3705,1.0373,-52.3621
3706,1.01897,-27.2815
3707,1.0651,-31.0777
3708,1.05822,-31.079
3709,1.03782,-16.5971
3710,1.00542,-23.0606
3711,1.054,-39.5277
3712,1.01785,-42.8827
3713,1.05559,-20.0903
3714,1.04566,-45.3387
3715,1.04063,-47.3621
3716,1.06104,-41.2244
3717,1.06104,-41.2243
3718,1.06104,-41.2243
3719,0.964606,-26.6608
3720,1.02151,-26.1649
3721,1.10667,-26.2763
3722,1.06555,-25.8877
3723,1.02329,-15.3716
3724,1.02156,-38.1947
3725,1.03704,-37.3729
3726,1.04777,-34.7676
3727,1.08263,-31.4662
3728,1.04571,-45.3392
3729,1.05638,-45.8655
3730,1.06104,-41.2243
3731,1.00169,-23.1302
3732,1.02378,-31.8079
3733,1.02366,-31.8099
3734,1.03565,-16.1017
3735,1.07645,-11.5038
3736,1.04777,-33.4108
3737,1.06034,-29.7157
3738,1.08888,-27.5183
3739,1.03818,-14.6743
3740,1.02985,-18.0547
3741,1.00674,-12.333
3742,1.02446,-15.0143
3743,1.07373,-13.4446
3744,1.0644,-12.0714
3745,1.06418,-28.2728
3746,1.0278,-8.71826
3747,1.02153,-39.737
3748,1.06016,-35.7345
3749,1.04673,-42.8976
3750,1.05308,-22.5627
3751,1.05884,-20.6365
3752,1.02584,-58.4776
3753,0.985931,-30.0777
3754,1.02554,-35.9028
3755,0.983004,-25.3209
3756,1.02279,-19.8711
3757,1.02474,-15.4049
3758,0.999101,-43.057
3759,1.07882,-11.3922
3760,1.0196,-25.3589
3761,1.01838,-25.1085
3762,1.09288,-9.94047
3763,1.02875,-14.3818
3764,1.01425,-24.9892
3765,1.03146,-31.964
3766,1.08757,-25.6568
3767,1.01085,-30.1496
3768,1.03147,-13.3948
3769,1.01443,-14.5379
3770,1.04286,-14.7848
3771,1.08027,-12.5782
3772,1.08027,-12.584
3773,1.08013,-12.5845
3774,1.01466,-31.9032
3775,1.04734,-26.3703
3776,1.07188,-20.4477
3777,1.02157,-36.1249
3778,1.04286,3.5903
3779,1.04324,3.79342
3780,1.0747,-38.3457
3781,1.07454,-38.4254
3782,1.07454,-38.4254
3783,1.07475,-38.3369
3784,1.07454,-38.4254
3785,1.01684,-20.2571
3786,1.00529,-16.5092
3787,1.0248,-14.3676
3788,1.04414,-8.1452
3789,1.05002,-13.0662
3790,1.04724,-34.3221
3791,1.06931,-23.0282
3792,1.00014,-16.2949
3793,1.05102,-14.2575
3794,1.02096,-15.5296
3795,1.06977,-34.2663
3796,1.06968,-34.2755
3797,1.09091,-9.74244
3798,1.09091,-9.74244
3799,1.09151,-9.69789
3800,1.09091,-9.74244
3801,1.03824,-19.4087
3802,1.0757,-17.0677
3803,1.08034,-15.2904
3804,1.04557,-18.1411
3805,1.0297,-20.1762
3806,0.963343,-28.3092
3807,1.03188,-19.5122
3808,1.04037,-19.1848
3809,1.04015,-19.5274
3810,1.05258,-12.4255
3811,1.03191,-19.511
3812,1.03191,-19.5122
3813,1.03191,-19.4882
3814,1.03295,-42.123
3815,1.03887,-32.2968
3816,0.980735,-27.2871
3817,1.04251,-34.5436
3818,1.05769,-28.5965
3819,1.07028,-34.9487
3820,1.07723,-31.6901
3821,1.07705,-31.7023
3822,1.02398,-12.4844
3823,1.02517,-12.0982
3824,1.08108,-10.8861
3825,1.07926,-12.195
3826,1.08052,-25.087
3827,1.07026,-26.4361
3828,1.05864,-29.7486
3829,1.03923,-9.19783
3830,1.00675,-21.9952
3831,1.04599,-22.2343
3832,1.05376,-19.176
3833,1.05882,-16.2401
3834,1.06349,-11.6228
3835,0.998667,-24.4188
3836,1.04534,-21.3513
3837,1.05583,-35.3546
3838,1.03674,-27.6969
3839,1.00888,-19.961
3840,1.02334,-22.1114
3841,1.0374,-16.6587
3842,1.03626,-15.3794
3843,1.06505,-12.2633
3844,1.04203,-14.3613
3845,1.03639,-12.2071
3846,1.02707,-17.2585
3847,1.03186,-17.7197
3848,1.02253,-13.8263
3849,0.975811,-27.2071
3850,1.0524,-19.926
3851,0.997379,-24.6363
3852,1.06234,-31.7119
3853,1.04798,-31.2422
3854,1.07833,-12.308
3855,1.01874,-22.95
3856,1.01378,-22.6285
3857,1.03829,-22.5284
3858,1.02812,-25.7764
3859,1.00313,-27.3964
3860,0.994826,-24.3353
3861,1.05013,-13.3015
3862,1.05519,-24.9991
3863,1.00411,-24.0328
3864,1.08886,-27.5196
3865,1.05271,-16.0361
3866,1.06877,-12.8238
3867,0.994841,-24.9018
3868,1.05129,-33.088
3869,1.01376,-20.9241
3870,1.01247,-24.9671
3871,1.04853,-24.4917
3872,1.01761,-34.8884
3873,1.08114,-33.1316
3874,1.07971,-33.1472
3875,1.01433,-24.402
3876,1.028,-12.4516
3877,1.02467,-12.091
3878,1.01369,-31.2027
3879,0.973931,-38.0952
3880,1.03796,-22.4834
3881,1.03533,-21.5391
3882,0.99794,-23.6864
3883,0.988265,-30.8218
3884,1.02811,-34.4936
3885,1.02262,-49.6447
3886,1.06348,-15.2093
3887,0.967833,-25.9237
3888,1.01652,-36.8833
3889,1.03727,-24.3373
3890,1.05658,-21.7905
3891,1.00861,-20.1826
3892,1.04206,-50.9148
3893,1.06783,-46.1673
3894,1.02318,-38.9549
3895,1.04691,-24.2998
3896,1.03758,-57.0698
3897,1.09472,-27.4208
3898,1.08545,-28.95
3899,1.09632,-25.3255
3900,1.06841,-8.44333
3901,1.03486,-24.5578
3902,1.0653,-16.2171
3903,1.05365,-15.2908
3904,1.04839,-16.4509
3905,1.01813,-17.8545
3906,1.02932,-16.8154
3907,1.01093,-16.877
3908,1.03986,-31.8948
3909,1.04543,-27.4044
3910,1.03289,-17.3697
3911,1.05003,-16.1671
3912,1.0658,-25.0416
3913,1.0658,-25.0368
3914,1.00134,-24.0165
3915,1.08421,-31.5461
3916,1.07226,-31.1663
3917,1.06269,-26.8155
3918,1.08175,-20.4873
3919,0.995662,-21.5456
3920,1.01492,-21.878
3921,1.04834,-16.095
3922,1.04642,-16.3236
3923,1.07293,-11.0637
3924,1.01095,-19.456
3925,1.0014,-39.2614
3926,1.08478,-36.4494
3927,1.08464,-36.4635
3928,1.0365,-7.65625
3929,1.07035,-5.13897
3930,1.05687,-2.28359
3931,1.06041,-33.5681
3932,1.05835,-15.0672
3933,1.04695,-14.6815
3934,1.04529,-15.7283
3935,1.06571,-13.6578
3936,1.02519,-55.482
3937,1.05579,-31.0261
3938,1.07691,-22.2654
3939,1.07615,-33.1028
3940,1.06392,-31.9635
3941,1.0575,-27.2698
3942,1.02805,-38.5475
3943,1.00476,-21.7512
3944,1.06459,-31.9835
3945,1.06422,-31.9886
3946,1.01442,-18.3463
3947,1.01445,-18.7676
3948,1.04269,-14.8499
3949,1.06026,-33.9066
3950,1.05404,-34.306
3951,1.02898,-32.9053
3952,1.02921,-32.8992
3953,0.989872,-38.0674
3954,1.05978,-32.2867
3955,1.06012,-32.3704
3956,1.04774,-43.1111
3957,1.04513,-11.5881
3958,1.06013,-11.109
3959,1.0207,-35.4422
3960,0.980463,-6.3872
3961,0.9868,-9.08961
3962,0.996868,-12.7926
3963,1.00514,-10.0992
3964,1.02431,-9.98954
3965,1.01059,-17.7354
3966,1.01614,-13.2199
3967,1.02482,-12.2744
3968,1.08059,-10.1577
3969,1.01817,-13.482
3970,1.06574,-31.4779
3971,1.06123,-32.1423
3972,1.08728,-28.0432
3973,1.01716,-22.0173
3974,1.04097,-33.0769
3975,1.02625,-12.6409
3976,0.99438,-16.0098
3977,1.02923,-17.1273
3978,1.01721,-23.188
3979,1.02031,-8.96833
3980,1.03245,-30.2425
3981,1.02405,-19.4713
3982,1.01072,-34.8825
3983,1.07634,-10.4546
3984,1.05278,-12.4186
3985,1.04924,-12.2739
3986,1.04525,-34.4965
3987,1.03817,-19.4163
3988,1.07468,-10.9505
3989,1.06658,-13.8992
3990,1.07181,-13.1604
3991,1.02242,-16.7381
3992,1.06941,-30.2787
3993,1.00198,-34.182
3994,1.01692,-33.0371
3995,1.01723,-19.9799
3996,1.05781,-30.3954
3997,1.08663,-28.2523
3998,1.02164,-34.0869
3999,1.06942,-14.2092
4000,1.02351,-27.0485
4001,1.02347,-21.1045
4002,1.04795,-14.8928
4003,1.03599,-10.291
4004,1.05086,-36.7095
4005,1.00722,-26.1553
4006,1.01445,-18.7676
4007,1.00968,-20.794
4008,1.02674,-23.7291
4009,1.02421,-14.1958
4010,1.07119,-11.5123
4011,1.0181,-14.6317
4012,1.07193,-4.84183
4013,1.01482,-20.2066
4014,1.06628,-25.2606
4015,1.0407,-14.3283
4016,1.04465,-54.2136
4017,1.03504,-14.6454
4018,1.01587,-15.8985
4019,1.04368,-11.8052
4020,1.05395,-7.35263
4021,0.980596,-30.2106
4022,1.01327,-16.3713
4023,1.06172,-34.096
4024,1.04161,-19.9272
4025,1.03561,-35.5527
4026,1.0269,-29.7661
4027,1.0036,-23.9884
4028,1.02773,-13.0509
4029,1.07689,-11.3907
4030,1.03712,-16.1747
4031,1.02932,-7.75608
4032,1.05855,-35.6466
4033,1.01854,-29.9833
4034,1.07392,-14.216
4035,1.07688,-11.9127
4036,1.0131,-29.4534
4037,0.985375,-25.9988
4038,1.05406,-25.0958
4039,1.07923,-32.2446
4040,1.07112,-33.3751
4041,1.07374,-28.2929
4042,1.01008,-27.9416
4043,1.02793,-14.9211
4044,1.08409,-9.62286
4045,1.05906,-33.0642
4046,1.02995,-60.9579
4047,1.06214,-10.9143
4048,1.03085,-16.6546
4049,1.01415,-34.4271
4050,1.01415,-34.4271
4051,1.02982,-21.3597
4052,1.04187,-43.8178
4053,0.994496,-25.0026
4054,1.07008,-33.8219
4055,1.0633,-10.08
4056,1.06335,-6.10241
4057,1.03475,-56.5079
4058,1.07368,-29.6265
4059,1.03643,-18.7999
4060,1.04223,-16.186
4061,0.998086,-24.5267
4062,0.998736,-20.3952
4063,1.05314,-40.7005
4064,1.00848,-40.607
4065,1.00512,-38.6206
4066,1.01901,-27.9053
4067,1.03056,-31.5153
4068,1.0287,-34.3945
4069,1.02858,-34.3933
4070,1.06978,-34.2662
4071,1.04717,-14.8533
4072,0.9697,-28.0479
4073,1.03219,-34.7241
4074,1.07882,-32.3453
4075,1.05873,-11.8583
4076,1.05329,-14.0677
4077,1.01817,-13.482
4078,1.03447,-49.7965
4079,0.98443,-30.1637
4080,1.01623,-23.0226
4081,1.00474,-22.317
4082,1.01116,-32.9352
4083,1.03466,-17.3985
4084,1.045,-20.5434
4085,1.04986,-15.527
4086,0.973746,-30.4508
4087,1.04445,-30.4695
4088,1.02518,-37.7862
4089,1.00592,-34.4223
4090,1.06539,-41.0884
4091,0.996489,-27.2519
4092,1.02056,-35.0676
4093,1.04455,-18.9297
4094,1.07418,-13.9978
4095,1.06378,-25.6536
4096,1.06399,-25.633
4097,1.0657,-24.876
4098,1.07003,-22.8221
4099,1.0247,-34.5287
4100,1.02965,-25.8032
4101,1.0516,-36.2562
4102,1.05984,-29.4621
4103,1.07115,-28.3435
4104,0.984838,-14.1861
4105,1.03742,-39.0861
4106,1.05489,-33.285
4107,1.04201,-43.9457
4108,1.06385,-15.5296
4109,1.06385,-15.5292
4110,1.05808,-29.5267
4111,1.06623,-26.5025
4112,1.07834,-21.0234
4113,1.08439,-18.2703
4114,1.07714,-14.2126
4115,1.04454,-45.1606
4116,1.02087,-15.2747
4117,1.01375,-49.3453
4118,1.05763,-32.695
4119,1.0487,-27.4504
4120,1.04741,-20.7484
4121,1.0516,-31.028
4122,1.0478,-19.8447
4123,0.98659,-31.6341
4124,1.02934,-17.2242
4125,1.02683,-23.033
4126,1.03947,-19.2012
4127,1.04034,-18.8476
4128,1.02701,-29.6599
4129,1.05991,-11.2367
4130,1.0467,-31.0923
4131,1.04517,-8.23854
4132,1.02757,-38.7553
4133,1.05433,-41.9423
4134,1.05946,-37.4316
4135,1.04769,-12.0214
4136,1.07378,-9.93984
4137,0.98574,-23.7488
4138,1.05741,-31.9408
4139,1.0334,-17.3551
4140,1.02941,-17.5286
4141,1.02171,-14.0568
4142,1.04383,-7.98586
4143,1.04396,-7.96886
4144,1.05159,-30.5037
4145,1.04794,-25.7455
4146,1.03265,-17.155
4147,1.04867,-16.1211
4148,1.04316,-18.3158
4149,1.07726,-31.668
4150,1.06684,-31.2201
4151,1.06583,-30.8066
4152,1.04405,-13.6611
4153,1.01328,-30.805
4154,1.03958,-42.8413
4155,1.01882,-30.6539
4156,1.0866,-30.4905
4157,1.06852,-25.7259
4158,0.981099,-28.8519
4159,1.0549,-12.3528
4160,1.01819,-18.7893
4161,1.07017,-7.69566
4162,1.02706,-45.7065
4163,1.06422,-40.7897
4164,1.05595,-6.13682
4165,1.09536,-6.13301
4166,1.00757,-28.3811
4167,1.043,-40.4918
4168,1.03238,-18.1489
4169,1.01112,-16.8466
4170,1.01602,-27.5872
4171,1.02723,-35.7462
4172,1.0204,-20.3446
4173,1.03432,-54.4917
4174,1.06817,-48.4099
4175,1.01613,-53.1456
4176,1.03072,-12.6393
4177,1.03801,-23.1803
4178,1.0381,-23.182
4179,1.04015,-5.34519
4180,1.04015,-5.34519
4181,1.01191,-21.6986
4182,1.0279,-18.4281
4183,1.03789,-29.3117
4184,1.0228,-35.635
4185,1.02305,-35.6215
4186,1.00407,-22.5423
4187,1.02463,-14.2423
4188,1.03081,-17.6681
4189,1.01249,-20.9279
4190,1.00739,-25.2638
4191,1.02298,-35.8434
4192,1.03876,-19.198
4193,1.03808,-19.2441
4194,1.03061,-10.8927
4195,1.03061,-10.8927
4196,1.03078,-10.8677
4197,1.04201,-32.4163
4198,0.981957,-27.7204
4199,1.01324,-37.4045
4200,1.05428,-30.7007
4201,1.05782,-35.9452
4202,1.06349,-13.0085
4203,1.07493,-10.9998
4204,1.05312,-53.3784
4205,1.02928,-30.363
4206,1.02905,-30.2033
4207,1.00688,-15.3445
4208,1.03852,-12.2009
4209,1.04243,-12.6959
4210,1.09109,-9.08151
4211,1.10232,-5.15731
4212,0.957581,-27.872
4213,1.0477,-31.1458
4214,1.02409,-35.6466
4215,1.02481,-35.5688
4216,1.04777,-31.1321
4217,1.06004,-36.8796
4218,1.05936,-36.5775
4219,1.06742,-33.4963
4220,1.0209,-27.7395
4221,1.01183,-29.1349
4222,1.01363,-23.2663
4223,1.04946,-20.3763
4224,0.984139,-26.1714
4225,1.00114,-18.3183
4226,1.00653,-22.0833
4227,1.02772,-44.9296
4228,1.06789,-26.0048
4229,1.05001,-23.1171
4230,1.04997,-23.15
4231,1.04859,-39.6262
4232,1.05564,-37.3929
4233,1.02982,-47.9743
4234,1.03395,-35.6328
4235,1.06836,-32.3945
4236,1.05157,-5.74572
4237,0.97003,-29.1568
4238,1.03231,-19.5342
4239,1.01646,-18.6804
4240,1.01868,-12.0959
4241,1.04476,-8.37452
4242,1.06019,-15.9204
4243,1.06787,-10.8507
4244,1.025,-17.5353
4245,1.06349,-15.2096
4246,1.0669,-12.3658
4247,1.05687,-17.7424
4248,1.06607,-12.2543
4249,1.0428,-32.7925
4250,1.00374,-16.5974
4251,1.05883,-6.62968
4252,1.0244,-56.8689
4253,1.02565,-30.9125
4254,1.0817,-9.75311
4255,1.06349,-9.40145
4256,1.06349,-9.35922
4257,1.05118,-35.8483
4258,1.01502,-23.273
4259,1.02305,-42.6439
4260,1.01455,-20.2354
4261,1.0552,-14.5104
4262,1.01864,-18.5771
4263,0.990264,-17.5541
4264,0.961797,-30.7549
4265,1.03408,-29.0012
4266,0.988739,-20.635
4267,0.99612,-23.9807
4268,1.00026,-22.6337
4269,1.03797,-16.5977
4270,0.982453,-32.3142
4271,0.981776,-32.3974
4272,1.05239,-8.99962
4273,1.00037,-24.0302
4274,1.03985,-20.3065
4275,1.00999,-19.7327
4276,1.04785,-19.4996
4277,1.05205,-16.8967
4278,1.05207,-16.9034
4279,1.03633,-14.809
4280,1.0638,-32.8616
4281,1.02991,-21.3201
4282,1.11266,-17.3749
4283,1.07483,-17.3749
4284,1.08321,-12.8724
4285,1.04611,-15.9957
4286,1.07801,-11.1283
4287,0.989586,-18.0463
4288,1.03924,-39.4634
4289,1.02043,-37.5041
4290,1.02009,-37.4924
4291,1.03864,-14.6666
4292,1.0411,-33.5297
4293,1.05611,-16.6124
4294,1.00992,-34.3429
4295,1.04413,-13.2559
4296,1.06169,-11.0188
4297,1.03116,-53.618
4298,1.00247,-29.9211
4299,1.00303,-29.9417
4300,1.05549,-10.6464
4301,1.05241,-10.8807
4302,1.01703,-24.1127
4303,1.04199,-19.1448
4304,1.04171,-19.4077
4305,1.06506,-31.0794
4306,0.994951,-27.2597
4307,1.04662,-15.7474
4308,1.01641,-22.9753
4309,1.00731,-36.0642
4310,1.01087,-32.9852
4311,1.06185,-3.63243
4312,1.05109,-16.3885
4313,1.02541,-46.4328
4314,1.03835,-52.4221
4315,1.03804,-12.3205
4316,1.08447,-9.64309
4317,1.02722,-21.1082
4318,1.04541,-52.5385
4319,1.0143,-8.32565
4320,1.01825,-27.7944
4321,1.02591,-14.9093
4322,1.02813,-12.3947
4323,1.08136,-10.7573
4324,1.08128,-10.5211
4325,1.00658,-20.5663
4326,1.00315,-28.5805
4327,1.0299,-19.0896
4328,1.01438,-37.3907
4329,1.05271,-30.4757
4330,0.966325,-27.1334
4331,1.06974,-37.8696
4332,1.06974,-37.8696
4333,1.06977,-37.8723
4334,1.04068,-42.5095
4335,1.06977,-37.8601
4336,1.00729,-17.8228
4337,1.0549,-16.5474
4338,1.04147,-13.5595
4339,1.08601,-9.65703
4340,1.02015,-14.7097
4341,1.016,-20.8978
4342,1.04355,-21.3044
4343,1.04379,-21.3119
4344,1.026,-9.97962
4345,1.078,-37.6116
4346,1.03806,-38.9601
4347,1.07811,-37.5861
4348,1.01647,-56.437
4349,1.02677,-19.5525
4350,1.03133,-16.4461
4351,1.00176,-16.4114
4352,1.00307,-35.6731
4353,1.00346,-32.9451
4354,0.992579,-22.1742
4355,0.989364,-28.9807
4356,1.04034,-47.3551
4357,1.01284,-32.5797
4358,1.01112,-32.8814
4359,1.0379,-36.7662
4360,1.02788,-24.8211
4361,1.00047,-11.7157
4362,1.03435,-17.0119
4363,1.02908,-15.4961
4364,1.01723,-18.9065
4365,1.02878,-22.8511
4366,1.0028,-23.6937
4367,1.02054,-19.2624
4368,1.00011,-15.9032
4369,0.971344,-28.1783
4370,0.985375,-25.9988
4371,1.04062,-40.3058
4372,1.02231,-22.4323
4373,1.02495,-46.5402
4374,1.01372,-22.5967
4375,1.00101,-30.2604
4376,1.02903,-13.9291
4377,1.07702,-31.7089
4378,1.07876,-32.8583
4379,1.02715,-9.86187
4380,1.02221,-22.4081
4381,1.05176,-19.1692
4382,1.08255,-35.2997
4383,1.03828,-39.5421
4384,1.08263,-35.2753
4385,1.03011,-57.2791
4386,1.0328,-14.804
4387,1.08783,-27.158
4388,1.08655,-27.303
4389,1.03913,-16.4621
4390,1.0672,-12.6428
4391,1.06972,-34.3311
4392,1.02038,-14.1805
4393,1.01945,-45.8791
4394,1.00693,-19.1003
4395,1.02167,-53.2646
4396,0.9952,-25.13
4397,1.06524,-5.86708
4398,1.06885,-32.1453
4399,1.01968,-31.14
4400,1.02778,-20.7343
4401,1.05761,-13.3415
4402,1.00838,-20.0218
4403,1.02132,-17.7823
4404,0.991612,-35.9741
4405,1.024,-53.155
4406,0.986763,-49.1705
4407,0.997474,-31.2116
4408,1.06274,-34.8197
4409,1.02707,-24.4299
4410,1.06569,-24.9881
4411,1.06589,-24.9848
4412,1.06315,-33.5299
4413,1.06303,-33.5272
4414,1.08493,-29.881
4415,1.01312,-9.06239
4416,1.00653,-10.7213
4417,1.026,-12.8099
4418,1.01358,-26.3873
4419,0.984653,-31.7213
4420,1.04195,-46.6625
4421,1.01936,-36.6784
4422,1.01913,-37.202
4423,1.03344,-10.9759
4424,1.05718,-10.1597
4425,1.02007,-16.0847
4426,1.04542,-17.4604
4427,1.01979,-35.3107
4428,1.02255,-51.0826
4429,1.05544,-17.0146
4430,1.02423,-33.0217
4431,1.00585,-35.6617
4432,1.03934,-18.0967
4433,1.00284,-35.1962
4434,1.02855,-13.6295
4435,1.08168,-14.9391
4436,1.07337,-11.9233
4437,1.03478,-16.0793
4438,1.02961,-34.2483
4439,0.999887,-25.5473
4440,1.00907,-35.8188
4441,0.983627,-15.9616
4442,1.05094,-13.5065
4443,1.01655,-21.6429
4444,1.00354,-17.3075
4445,0.999112,-18.1207
4446,1.02774,-19.3071
4447,1.04713,-7.69314
4448,1.05422,-14.6994
4449,1.07511,-8.14762
4450,1.04688,-13.5292
4451,1.0495,-38.2045
4452,1.03209,-14.748
4453,1.06783,-11.1167
4454,0.99748,-35.4785
4455,1.00981,-19.8548
4456,1.01662,-21.1095
4457,1.02658,-19.2232
4458,1.02688,-16.7332
4459,1.05487,-10.5813
4460,1.05284,-10.6695
4461,1.05635,-30.4507
4462,1.02926,-21.5706
4463,0.995616,-18.0075
4464,1.04411,-31.9739
4465,1.04238,-12.7349
4466,1.04243,-12.731
4467,1.05078,-15.5433
4468,1.08221,-12.3513
4469,1.03095,-10.9278
4470,0.990469,-26.9296
4471,1.03096,-18.6943
4472,1.03089,-20.1268
4473,1.03089,-20.152
4474,1.0309,-20.0889
4475,0.980346,-26.9139
4476,1.02306,-20.1675
4477,1.02307,-20.1822
4478,1.02307,-20.1825
4479,1.02307,-20.1818
4480,0.980024,-26.9139
4481,0.983442,-26.5774
4482,1.02299,-20.1828
4483,1.04655,-22.8647
4484,1.0834,-10.3615
4485,0.989089,-35.6016
4486,1.02124,-30.5965
4487,1.0523,-16.7037
4488,1.02423,-36.3284
4489,0.99701,-17.7148
4490,0.998128,-17.5447
4491,1.03793,-12.2209
4492,1.04238,-12.7349
4493,1.08188,-19.9414
4494,1.08188,-19.9414
4495,1.04401,-19.9414
4496,1.02553,-24.6708
4497,1.02553,-24.6708
4498,1.05897,-3.98933
4499,1.04692,-20.4436
4500,1.03525,-17.3882
4501,1.00006,-31.1786
4502,0.993676,-40.0855
4503,1.01187,-19.2275
4504,1.01823,-20.1609
4505,0.993086,-22.5695
4506,1.00269,-22.9328
4507,1.07713,-7.6154
4508,1.07057,-30.616
4509,1.05472,-27.3701
4510,1.02611,-19.0056
4511,1.04826,-27.5215
4512,1.03928,-16.3281
4513,1.01191,-41.2693
4514,1.02347,-27.4983
4515,1.02443,-17.1513
4516,1.07112,-31.9751
4517,1.00179,-29.5895
4518,1.02835,-13.2365
4519,1.06977,-14.1686
4520,1.06357,-9.79905
4521,1.0403,-24.407
4522,1.05213,-17.1988
4523,1.02609,-12.6466
4524,1.03614,-16.9005
4525,1.00438,-20.697
4526,1.05179,-19.122
4527,1.05922,-14.7869
4528,1.03374,-19.2566
4529,1.01274,-21.795
4530,0.57086,-10.3412
4531,1.03725,-10.3412
4532,1.03293,-47.957
4533,1.03505,-40.4381
4534,1.00341,-10.4351
4535,1.05369,-7.06335
4536,1.05193,-4.68919
4537,1.06439,-6.50738
4538,1.0083,-20.2194
4539,1.06319,-10.0772
4540,1.04121,-44.1279
4541,1.04653,-13.583
4542,1.08566,-10.559
4543,1.08326,-7.35925
4544,1.06234,-33.1565
4545,1.03836,-42.6998
4546,1.03287,-43.941
4547,1.04107,-42.6066
4548,1.02073,-14.1895
4549,0.987476,-20.2643
4550,1.04512,-11.5881
4551,1.05801,-10.5453
4552,1.0703,-10.8071
4553,1.04431,-15.508
4554,1.04129,-15.905
4555,1.05787,-6.02597
4556,1.02278,-15.5666
4557,1.04063,-13.4321
4558,1.01437,-35.6997
4559,1.00547,-17.124
4560,1.06907,-31.055
4561,1.03314,-16.4093
4562,1.01787,-18.4476
4563,1.05566,-16.5014
4564,1.07489,-29.9808
4565,1.09755,-24.1379
4566,1.04512,-27.9874
4567,1.07231,-7.40279
4568,1.07465,-6.52242
4569,1.07846,-3.08367
4570,1.03624,-22.7305
4571,1.05656,-46.0329
4572,1.01348,-37.4109
4573,1.12795,-10.0451
4574,1.03473,-14.443
4575,1.04094,-17.6319
4576,1.01908,-9.20078
4577,1.01907,-9.2007
4578,1.06675,-34.744
4579,0.984535,-26.0441
4580,1.03236,-19.3675
4581,1.03074,-23.9113
4582,1.05968,-16.5188
4583,1.04947,-30.089
4584,1.08452,-36.5171
4585,1.0688,-32.1477
4586,0.995255,-26.0425
4587,1.08215,-32.644
4588,1.09683,-24.6052
4589,1.0966,-24.6043
4590,1.06349,-12.5117
4591,1.05947,-8.58214
4592,1.03038,-17.6488
4593,1.06437,-31.2304
4594,1.0819,-26.7406
4595,1.0812,-26.9197
4596,0.989236,-31.235
4597,0.998694,-20.4017
4598,1.01496,-21.7783
4599,0.990739,-28.7046
4600,0.987858,-46.9256
4601,0.999863,-31.1734
4602,1.05671,-52.8497
4603,1.07223,-45.4127
4604,0.987659,-26.3492
4605,1.01602,-36.465
4606,1.03526,-41.2716
4607,1.04766,-15.4164
4608,1.04775,-43.1112
4609,1.03871,-25.4815
4610,1.05867,-26.6291
4611,1.07096,-23.246
4612,0.980772,-28.3794
4613,1.06537,-40.611
4614,1.00668,-24.1914
4615,1.00324,-24.8092
4616,1.02854,-12.4836
4617,1.0738,-36.3855
4618,1.06897,-31.0553
4619,1.01169,-34.0526
4620,1.02976,-34.0059
4621,1.061,-34.8092
4622,0.99731,-39.5413
4623,1.05198,-13.3673
4624,0.991967,-28.4315
4625,1.03913,-34.5524
4626,1.00566,-28.4571
4627,1.03746,-16.5641
4628,1.04035,-15.9825
4629,1.01907,-24.013
4630,1.01581,-20.1871
4631,1.05997,-33.2229
4632,1.08829,-26.739
4633,1.08824,-26.7434
4634,1.02908,-33.2533
4635,1.04852,-34.951
4636,1.02323,-46.3267
4637,1.00902,-23.7669
4638,1.01065,-23.8533
4639,0.97353,-33.2403
4640,1.07682,-33.0547
4641,1.07759,-29.3556
4642,1.10051,-22.5209
4643,1.07258,-30.9065
4644,1.02611,-27.2672
4645,1.06464,-24.7186
4646,1.06509,-25.1908
4647,1.05213,-17.1988
4648,1.04831,-16.562
4649,1.06234,-8.80271
4650,1.054,-37.0226
4651,1.02847,-37.3056
4652,1.04477,-15.8198
4653,1.00256,-25.2695
4654,1.0296,-20.8224
4655,1.08597,-30.4289
4656,1.09506,-26.1726
4657,0.985853,-28.8173
4658,1.0763,-29.4835
4659,1.00792,-10.4273
4660,1.0116,-33.8462
4661,1.01087,-23.9829
4662,1.01344,-34.7209
4663,1.01963,-27.3017
4664,1.06984,-12.2402
4665,1.07734,-29.3413
4666,1.06015,-5.49988
4667,1.0599,-5.52619
4668,1.03638,-29.283
4669,1.04715,-25.1753
4670,1.0486,-22.8713
4671,1.03007,-12.5133
4672,0.995616,-18.0075
4673,1.03908,-34.6014
4674,1.03286,-47.6214
4675,1.03757,-51.9618
4676,1.07012,-44.308
4677,1.01977,-36.2467
4678,1.06103,-34.2125
4679,1.01181,-43.5125
4680,1.03603,-15.0966
4681,1.05004,-16.7595
4682,1.02108,-13.1061
4683,1.00641,-25.7047
4684,1.03381,-7.79464
4685,1.03381,-7.79467
4686,1.04791,4.64098
4687,1.04518,4.57492
4688,1.04692,4.29745
4689,1.04826,4.65194
4690,1.02697,-33.7467
4691,1.04193,-38.9551
4692,1.0734,-31.0287
4693,1.02901,-13.9285
4694,1.01805,-18.7577
4695,1.06975,-23.0869
4696,1.06979,-23.077
4697,1.06994,-3.66633
4698,1.04259,3.64268
4699,1.03973,3.5416
4700,1.04314,3.8104
4701,1.04083,3.77591
4702,1.04151,3.34135
4703,1.04183,3.53044
4704,1.04262,3.54807
4705,1.043,3.76419
4706,1.08453,-1.25358e-20
4707,1.0452,-20.726
4708,1.04456,-23.7827
4709,0.993978,-25.1548
4710,1.04875,-7.38765
4711,1.09879,-5.81738
4712,1.02246,-15.1305
4713,1.04177,-21.1723
4714,1.03137,-17.1904
4715,1.02422,-12.1606
4716,1.08748,-21.7545
4717,1.0875,-21.7523
4718,1.08725,-21.7722
4719,1.00303,-17.0404
4720,1.06932,-34.378
4721,1.05054,-17.8043
4722,1.02572,-34.4771
4723,1.00391,-27.4404
4724,1.07869,-15.0767
4725,1.02796,-25.8376
4726,1.06538,-40.6111
4727,1.04103,-24.0751
4728,1.01505,-30.6258
4729,1.04116,-27.5422
4730,1.05196,-17.1205
4731,1.02745,-25.9488
4732,1.0118,-22.9666
4733,1.05517,-29.4321
4734,1.02554,-17.4947
4735,0.999186,-31.332
4736,1.03688,-27.6496
4737,0.985853,-28.8173
4738,1.0663,-26.0803
4739,1.0135,-20.9757
4740,1.0296,-18.7156
4741,1.02778,-18.3756
4742,1.00354,-17.3075
4743,1.03371,-8.85132
4744,1.0192,-23.0874
4745,1.04415,3.82098
4746,1.07934,-23.1005
4747,1.0794,-23.0487
4748,1.03216,-8.36733
4749,1.05003,-16.1671
4750,1.02835,-13.6009
4751,1.02835,-13.6009
4752,1.02583,-58.7996
4753,1.01288,-17.3146
4754,1.06565,-36.9082
4755,1.07937,-31.9557
4756,1.08353,-31.9791
4757,1.02537,-14.1788
4758,0.992934,-19.7982
4759,0.999769,-22.908
4760,1.0244,-21.4482
4761,1.01896,-9.9975
4762,1.01126,-33.1935
4763,1.05842,-32.5874
4764,0.979902,-35.2872
4765,1.00798,-17.6156
4766,1.03648,-13.5075
4767,1.04223,-5.47877
4768,1.03429,-25.706
4769,0.983252,-29.9695
4770,1.03046,-11.0003
4771,1.01351,-10.5868
4772,1.0083,-6.44881
4773,1.00121,-19.8503
4774,1.07117,-23.1111
4775,1.0407,-36.2986
4776,1.06421,-32.6527
4777,1.02718,-17.364
4778,1.04611,-13.2366
4779,0.99704,-29.308
4780,1.01658,-31.8903
4781,1.02722,-43.4931
4782,1.02937,-19.1984
4783,1.01588,-27.7311
4784,1.06942,-34.2076
4785,1.06969,-35.1086
4786,1.06108,-30.2331
4787,1.07486,-30.6871
4788,1.02388,-31.7988
4789,1.02352,-31.8069
4790,0.991965,-14.2619
4791,0.993092,-14.1221
4792,1.01156,-8.8264
4793,1.04958,-33.9075
4794,1.04786,-28.4253
4795,1.03566,-11.6598
4796,1.0929,-9.94096
4797,1.01211,-9.89085
4798,1.05321,-53.5386
4799,0.990014,-35.5462
4800,1.01105,-20.0928
4801,1.00229,-19.5992
4802,1.04305,-30.2592
4803,1.03815,-17.2292
4804,1.01726,-33.0235
4805,1.05614,-36.7516
4806,1.00556,-16.512
4807,1.05999,-42.0452
4808,1.08068,-28.7899
4809,1.05434,-35.5349
4810,0.996557,-28.5513
4811,1.02648,-14.2318
4812,1.02648,-14.2318
4813,1.02106,-15.5221
4814,1.02106,-15.5221
4815,1.01059,-29.3479
4816,1.01814,-15.703
4817,1.05284,10.366
4818,1.01358,1.34651
4819,1.09085,7.64286
4820,1.01649,2.3395
4821,1.04683,-6.28284
4822,1.08351,-31.2545
4823,1.09281,-27.5917
4824,1.09205,-27.7401
4825,1.10245,-22.3867
4826,1.034,-19.2848
4827,1.06066,-33.3645
4828,1.00705,-26.4274
4829,1.02273,-13.0635
4830,1.01376,-20.0958
4831,1.0584,-31.2961
4832,1.05048,-13.4983
4833,1.01888,-29.1485
4834,1.01038,-29.5338
4835,1.0093,-30.9957
4836,1.02758,-17.5849
4837,1.03521,-19.5099
4838,1.05007,-16.757
4839,1.05783,-25.5933
4840,0.99102,-29.8984
4841,1.01042,-21.01
4842,1.03582,-17.2542
4843,1.03165,-15.0423
4844,1.05738,-31.9401
4845,1.04132,-14.1217
4846,0.956714,-28.5754
4847,0.956713,-28.5754
4848,1.07804,-25.9262
4849,1.01533,-19.6619
4850,1.02091,-21.5509
4851,0.989621,-18.828
4852,1.06272,-14.8664
4853,1.07241,-11.5146
4854,1.08267,-7.63579
4855,1.05237,-17.0977
4856,1.05969,-35.1304
4857,1.02099,-15.9296
4858,1.06142,-11.477
4859,1.04432,-13.7342
4860,1.04742,-23.981
4861,0.992598,-16.3094
4862,1.05497,-29.5047
4863,1.03189,-42.8553
4864,1.02053,-18.0099
4865,1.09909,-31.1856
4866,1.06457,-20.284
4867,1.02646,-26.6476
4868,1.02454,-26.8035
4869,1.05177,-39.4986
4870,1.01124,-37.7341
4871,0.991742,-35.5274
4872,1.05812,-35.8493
4873,1.04295,-17.9121
4874,1.06602,-24.9534
4875,1.04375,-41.7046
4876,1.06985,-37.6212
4877,1.05886,-20.6861
4878,1.0307,-22.6527
4879,1.05702,-21.296
4880,1.07069,-17.5064
4881,1.00921,-29.5706
4882,1.03638,-19.028
4883,1.02146,-41.6312
4884,1.03726,-15.7222
4885,1.04624,-12.7746
4886,1.05164,-24.4047
4887,1.06252,-36.2641
4888,1.0345,-15.7801
4889,1.04204,-13.5727
4890,1.04015,-36.973
4891,1.03767,-20.2426
4892,1.05584,-32.1975
4893,1.05778,-31.9746
4894,1.03634,-29.2816
4895,1.02986,-26.0468
4896,1.06236,-23.7938
4897,1.06685,-25.013
4898,1.07371,-20.8688
4899,1.01631,-20.5977
4900,1.05304,-35.9754
4901,1.05848,-14.4131
4902,1.08596,-9.74908
4903,1.08735,-7.70697
4904,1.09439,-5.78894
4905,1.05175,-39.5489
4906,1.00055,-14.9302
4907,1.07914,-32.8244
4908,1.07907,-33.265
4909,1.02667,-20.5523
4910,1.02848,-20.0638
4911,0.99451,-19.9227
4912,1.0612,-16.9112
4913,1.06702,-14.7287
4914,0.990513,-26.5194
4915,1.02479,-13.7396
4916,1.05375,-27.5423
4917,1.05821,-23.2649
4918,1.04168,-9.73296
4919,1.04393,-15.7743
4920,1.01991,-35.528
4921,1.05325,-12.4295
4922,1.06744,-8.37808
4923,1.05866,-16.2876
4924,1.05872,-16.256
4925,1.06036,-39.8923
4926,1.05789,-32.7933
4927,1.02506,-35.8961
4928,1.0046,-42.9122
4929,1.04365,-18.8506
4930,1.02527,-35.8981
4931,1.02528,-35.8979
4932,1.02522,-35.9007
4933,1.07945,-32.7118
4934,1.07945,-32.7118
4935,1.01615,-22.2926
4936,1.0558,-17.8876
4937,1.07905,-32.7921
4938,1.02776,-8.71751
4939,1.0575,-12.1583
4940,1.03828,-32.8778
4941,0.974379,-29.6497
4942,1.03947,-29.9269
4943,0.996473,-27.2603
4944,1.07148,-22.1537
4945,1.05227,-37.5947
4946,1.02683,-19.4903
4947,1.01534,-22.9797
4948,1.01403,-25.1856
4949,1.04412,-35.0851
4950,1.06178,-31.2959
4951,1.04921,-30.5832
4952,1.05366,-25.6346
4953,1.03658,-24.2818
4954,1.03927,-27.1379
4955,1.03662,-24.27
4956,1.03875,-19.1978
4957,1.04533,-18.7573
4958,1.03834,-35.5324
4959,1.05324,-30.6714
4960,0.993426,-25.9992
4961,1.05303,-19.2475
4962,1.05426,-18.2354
4963,1.06349,-19.2416
4964,1.00488,-33.4979
4965,1.05218,-17.2018
4966,1.04762,-35.0946
4967,1.04554,-35.0962
4968,1.07936,-31.9557
4969,1.0835,-31.9789
4970,1.07451,-27.4685
4971,1.0391,-31.9624
4972,1.01531,-15.3435
4973,1.01347,-15.6102
4974,1.03758,-24.074
4975,1.06843,-21.6709
4976,1.05896,-31.6255
4977,1.0678,-13.63
4978,0.928595,-22.4424
4979,0.928595,-22.4424
4980,1.03045,-20.068
4981,1.00901,-22.5946
4982,1.00901,-22.5946
4983,0.985172,-24.5952
4984,1.00927,-22.5946
4985,1.03036,-20.0904
4986,1.04928,-16.049
4987,1.04312,-10.7099
4988,1.08736,-9.0342
4989,1.01042,-27.1118
4990,1.03691,-17.6745
4991,1.05659,-21.2723
4992,1.03624,-17.1342
4993,1.01534,-19.9482
4994,1.01965,-14.5643
4995,0.979075,-30.6195
4996,1.03744,-16.0121
4997,1.0089,-32.759
4998,1.07271,-31.4722
4999,1.07297,-28.125
5000,1.047,-33.9104
5001,0.979671,-31.4859
5002,1.01846,-10.0394
5003,1.04781,-26.3735
5004,1.04725,-26.3686
5005,1.06893,-22.0005
5006,1.01866,-24.7433
5007,1.01464,-27.7271
5008,1.06132,-35.3156
5009,1.06555,-13.656
5010,1.04894,-19.15
5011,1.04146,-19.0189
5012,1.0291,-41.3749
5013,1.0359,-24.1234
5014,1.04049,-35.9189
5015,1.06695,-32.5009
5016,1.05418,-33.7245
5017,1.04859,-5.21081
5018,0.989364,-17.8245
5019,1.00408,-34.2435
5020,1.02666,-30.5354
5021,1.03266,-17.3032
5022,1.04778,-28.1187
5023,1.02982,-10.5257
5024,1.05298,-35.0979
5025,1.03203,-10.7113
5026,1.03082,-20.2474
5027,1.03499,-33.6379
5028,1.07731,-32.9568
5029,1.02509,-15.4731
5030,1.01772,-16.4809
5031,1.03978,-33.5742
5032,0.992138,-46.9344
5033,1.0222,-12.5613
5034,1.02508,-20.0645
5035,1.01108,-30.1534
5036,1.06542,-30.8537
5037,1.03589,-12.9317
5038,1.01415,-32.1966
5039,1.05238,-26.0685
5040,1.03638,-19.7038
5041,1.06027,-36.9979
5042,1.00586,-23.003
5043,0.986251,-24.9352
5044,1.02427,-14.2006
5045,1.04973,-36.7616
5046,1.04073,-31.2213
5047,1.0408,-32.9109
5048,1.078,-28.4901
5049,1.03983,-31.8959
5050,1.00106,-18.4238
5051,1.01566,-36.4837
5052,0.980895,-28.1585
5053,0.986916,-25.2135
5054,1.09016,-19.1984
5055,1.08323,-20.4051
5056,1.10134,-16.4934
5057,1.10271,-16.1399
5058,1.06622,-26.8631
5059,1.00319,-24.6274
5060,1.07907,-30.1964
5061,1.06458,-25.1753
5062,1.06454,-25.2088
5063,1.06913,-23.7629
5064,1.07609,-19.8484
5065,1.08173,-20.4869
5066,1.0813,-20.5156
5067,1.07016,-23.6748
5068,1.04149,-13.5598
5069,1.00875,-18.6117
5070,1.07131,-31.5512
5071,1.06326,-32.4459
5072,1.08792,-28.396
5073,1.04948,-5.02153
5074,1.06025,-24.8531
5075,1.04033,-39.7055
5076,1.03132,-18.5965
5077,1.0484,-33.8149
5078,1.06408,-34.1003
5079,1.06935,-27.9205
5080,1.0369,-21.3049
5081,1.01318,-37.7968
5082,1.02283,-15.4436
5083,0.964748,-26.6644
5084,1.03423,-22.77
5085,1.02278,-19.0439
5086,1.02257,-35.9234
5087,1.00467,-35.3004
5088,1.06242,-7.50959
5089,1.02585,-13.4001
5090,1.04168,-35.7104
5091,1.05891,-32.3711
5092,1.01679,-22.7781
5093,1.03741,-11.9148
5094,0.96612,-27.1012
5095,0.999795,-30.115
5096,1.02076,-22.9315
5097,1.01032,-25.1781
5098,1.08192,-26.0881
5099,1.03531,-7.1618
5100,1.00277,-27.683
5101,1.03814,-34.38
5102,1.08731,-27.4365
5103,1.08643,-27.5226
5104,1.03725,-17.3028
5105,1.03079,-29.9404
5106,1.00971,-23.6635
5107,0.963754,-27.5656
5108,1.0142,-42.1837
5109,1.02955,-13.8747
5110,1.04467,-16.531
5111,1.02381,-24.945
5112,1.0987,-5.81583
5113,1.06754,-31.7079
5114,0.999032,-20.9504
5115,1.03521,-17.0832
5116,1.08076,-32.8807
5117,1.08094,-32.8685
5118,1.06867,-26.0299
5119,1.01367,-10.0858
5120,1.06469,-20.828
5121,1.07325,-29.8625
5122,1.03276,-18.859
5123,1.03353,-9.05752
5124,1.04555,-21.4378
5125,1.03876,-12.8402
5126,1.03059,-9.43438
5127,1.04742,-21.3344
5128,1.05562,-20.837
5129,0.990811,-17.6691
5130,1.05446,-12.6533
5131,1.03598,-20.6299
5132,1.04299,-22.3205
5133,1.02295,-36.4792
5134,1.03152,-35.1218
5135,1.03053,-22.6606
5136,1.03495,-33.6478
5137,1.0316,-22.5377
5138,1.02455,-22.7745
5139,1.03273,-37.059
5140,1.01866,-21.0813
5141,1.00333,-23.2883
5142,1.05323,-25.9172
5143,1.02907,-9.68832
5144,1.02858,-9.69566
5145,1.01349,-16.3524
5146,1.01324,-16.3709
5147,1.04381,-15.7792
5148,1.00851,-21.49
5149,1.05882,-14.9073
5150,1.03942,-39.361
5151,1.01344,-18.4364
5152,1.01552,-18.3499
5153,1.06726,-9.58367
5154,0.991275,-26.2931
5155,0.991272,-26.2926
5156,1.01807,-15.38
5157,1.03403,-35.6346
5158,1.02815,-9.79096
5159,1.0471,-14.7806
5160,1.0477,-17.1649
5161,1.02844,-13.6838
5162,1.04812,-16.7783
5163,1.05867,-14.4174
5164,1.05546,-28.4763
5165,1.03302,-44.3877
5166,1.02724,-17.3527
5167,1.04768,-43.0717
5168,1.02761,-40.1028
5169,1.03256,-32.6199
5170,1.02176,-42.7299
5171,1.00224,-30.1384
5172,1.02906,-40.0575
5173,1.07024,-34.026
5174,1.02794,-55.9979
5175,1.04566,-19.0822
5176,1.07007,-34.1018
5177,1.04051,-39.3282
5178,1.01974,-47.9141
5179,1.05528,-32.9096
5180,1.02149,-39.7361
5181,1.0517,-7.23534
5182,1.04241,-24.657
5183,1.02138,-36.4458
5184,1.05939,-37.8716
5185,1.03036,-10.583
5186,1.01941,-36.3495
5187,1.01107,-24.1867
5188,1.0296,-12.2336
5189,1.00538,-10.4367
5190,1.01872,-19.339
5191,1.04278,-30.2829
5192,1.00895,-38.4283
5193,1.05517,-19.6817
5194,1.08165,-10.6389
5195,1.01984,-16.011
5196,1.0187,-30.6296
5197,1.0473,-19.6577
5198,1.06324,-31.3963
5199,0.999145,-5.60601
5200,1.0565,-13.9162
5201,1.05073,-16.2364
5202,1.07278,-14.9511
5203,1.01415,-18.7897
5204,1.02174,-21.75
5205,1.06225,-8.80004
5206,1.08353,-31.2549
5207,1.04213,-14.0048
5208,1.04263,-14.029
5209,1.0358,-9.56717
5210,1.06146,-31.318
5211,1.03728,-12.3274
5212,1.03512,-9.88708
5213,1.06178,-31.3003
5214,1.0182,-11.5752
5215,1.04118,-55.9293
5216,1.03851,-16.5761
5217,1.04506,-17.5476
5218,1.04638,-17.3272
5219,1.00884,-19.6175
5220,1.06917,-36.2858
5221,1.00905,-19.6639
5222,1.04929,-14.8251
5223,0.976913,-23.8436
5224,0.998551,-20.4178
5225,1.00441,-6.35607
5226,0.995661,-21.1434
5227,0.995662,-21.2146
5228,1.02433,-33.9757
5229,1.07001,-30.8065
5230,1.00386,-27.3365
5231,1.01625,-20.5761
5232,1.05571,-10.3453
5233,1.03648,-14.7352
5234,0.973349,-33.2072
5235,1.06061,-23.7051
5236,1.04178,-33.2565
5237,1.00732,-24.7956
5238,1.03921,-10.5648
5239,1.07029,-31.1761
5240,0.986177,-28.7791
5241,1.04116,-34.5763
5242,1.04023,-34.5183
5243,1.054,-30.9073
5244,1.05231,-39.5056
5245,1.05706,-12.1569
5246,0.996097,-25.5296
5247,1.0422,-21.7235
5248,1.02992,-18.0425
5249,1.03075,-12.2949
5250,1.04441,-13.0467
5251,0.985738,-23.7487
5252,1.01974,-23.0954
5253,1.04402,-30.0858
5254,1.04398,-30.11
5255,1.04682,-32.0062
5256,1.0711,-45.3967
5257,1.04898,-53.6563
5258,1.04619,-14.6769
5259,1.06829,-34.1278
5260,1.07907,-23.1355
5261,1.07633,-23.9289
5262,1.07259,-4.48623
5263,1.0421,-15.2163
5264,1.00272,-22.9129
5265,1.00329,-8.99318
5266,0.986013,-15.8524
5267,1.0473,-14.2135
5268,1.05739,-31.3887
5269,0.996206,-16.5344
5270,1.05031,-36.6863
5271,1.04118,-8.9079
5272,1.00653,-21.7009
5273,1.03871,-40.1884
5274,1.03731,-32.4116
5275,1.0691,-34.2352
5276,1.03372,-19.8805
5277,1.06509,-27.9444
5278,1.03729,-16.5299
5279,1.01441,-17.3605
5280,1.03712,-16.5109
5281,1.01772,-17.1118
5282,1.05819,-20.9145
5283,1.04242,-24.1744
5284,1.04122,-8.90496
5285,1.05402,-8.49599
5286,1.06292,-5.74534
5287,1.06989,-29.1913
5288,1.04172,-22.2866
5289,1.03202,-15.1838
5290,1.00719,-16.5262
5291,0.973915,-32.2922
5292,1.04295,-20.005
5293,1.00873,-19.9792
5294,1.01528,-19.0535
5295,0.99367,-35.9503
5296,0.993656,-35.9529
5297,1.03899,-11.2897
5298,1.0569,-36.83
5299,1.07813,-40.5853
5300,1.04408,-19.8795
5301,1.02084,-25.4083
5302,1.06247,-23.0943
5303,0.984682,-31.722
5304,1.01009,-33.5111
5305,1.04156,-17.3111
5306,1.07446,-31.2751
5307,1.02544,-17.786
5308,1.04219,-15.361
5309,1.05837,-6.75149
5310,1.03513,-21.3835
5311,1.07044,-37.8064
5312,1.07886,-20.8688
5313,1.01052,-19.7883
5314,1.03948,-25.3798
5315,1.02912,-19.1931
5316,1.03046,-14.6704
5317,1.05678,-33.1516
5318,1.04385,-31.9983
5319,1.0242,-41.7921
5320,1.05307,-37.1466
5321,1.08466,-30.778
5322,1.06476,-5.80738
5323,1.0542,-25.8058
5324,1.06292,-17.6709
5325,1.03006,-10.6902
5326,1.04173,-22.1379
5327,1.06945,-11.9134
5328,1.0422,-41.8827
5329,1.08699,-29.1354
5330,1.03804,-19.7535
5331,1.0242,-13.1563
5332,1.05192,-16.1162
5333,1.05861,-34.2505
5334,0.995857,-21.2061
5335,1.0314,-10.2777
5336,1.03355,-54.535
5337,1.02592,-14.9095
5338,1.02086,-15.4933
5339,1.03011,-12.6568
5340,1.01055,-19.4344
5341,1.05137,-34.4786
5342,1.05122,-34.4917
5343,1.00213,-17.3165
5344,1.04869,-33.1916
5345,0.997677,-28.7955
5346,1.05519,-30.2505
5347,1.07205,-30.0952
5348,1.06999,-30.8168
5349,1.0264,-40.0834
5350,1.00794,-20.3314
5351,1.03532,-7.16202
5352,1.00855,-33.7304
5353,1.06281,-32.1769
5354,1.05791,-14.9676
5355,1.08492,-35.9018
5356,1.08456,-35.9376
5357,1.06094,-15.4606
5358,1.03343,-21.6328
5359,1.08847,-30.117
5360,1.05696,-10.156
5361,1.02795,-26.6824
5362,1.0583,-36.7662
5363,1.0817,-32.4386
5364,1.07964,-32.3446
5365,1.08245,-10.3294
5366,1.03724,-36.7898
5367,1.0505,-16.0172
5368,1.02812,-21.5216
5369,1.02729,-39.5944
5370,1.03818,-38.9528
5371,1.03473,-39.7576
5372,1.01092,-34.2567
5373,1.02266,-9.19737
5374,1.00443,-29.7649
5375,1.05014,-19.8669
5376,1.05507,-33.1259
5377,1.0345,-19.065
5378,0.990465,-31.0415
5379,1.03689,-18.8957
5380,1.04949,-19.9594
5381,0.960843,-27.6476
5382,1.00754,-28.382
5383,1.01668,-24.1565
5384,1.05506,-17.7641
5385,1.07149,-33.3176
5386,1.02073,-14.1895
5387,1.03026,-14.0567
5388,1.0394,-15.9439
5389,1.03506,-42.3119
5390,1.06446,-20.8248
5391,1.04038,-21.7788
5392,1.03647,-17.7586
5393,1.0243,-20.2739
5394,1.03796,-14.6683
5395,1.03102,-14.8607
5396,1.053,-9.78744
5397,1.02935,-53.4535
5398,1.02958,-24.5038
5399,1.00438,-34.9332
5400,1.02869,-36.0048
5401,1.04015,-19.6559
5402,1.04312,-43.8904
5403,1.01809,-40.7193
5404,1.0678,-32.0247
5405,1.03886,-39.7839
5406,0.988839,-30.5036
5407,1.06873,-24.2867
5408,1.01049,-20.832
5409,0.987785,-17.8986
5410,1.01312,-19.6717
5411,1.05754,-10.8422
5412,1.08355,-35.3165
5413,1.03336,-44.4637
5414,1.08287,-35.3656
5415,1.01943,-20.7057
5416,1.07437,-32.3801
5417,0.954313,-27.1517
5418,1.02178,-24.1775
5419,1.03072,-12.5124
5420,1.08096,-10.5603
5421,1.02932,-7.75605
5422,1.08337,-28.5502
5423,1.01909,-18.8226
5424,1.02969,-38.59
5425,1.00884,-28.2362
5426,1.00759,-29.1084
5427,1.04703,-42.9527
5428,1.00397,-19.6092
5429,1.03559,-36.3595
5430,1.03431,-36.5764
5431,1.06918,-10.063
5432,1.0266,-19.0637
5433,1.03824,-17.0433
5434,1.02549,-30.9062
5435,0.992938,-24.4984
5436,1.03416,-54.7491
5437,1.02515,-59.1393
5438,1.082,-35.7444
5439,1.04585,-55.214
5440,1.00377,-20.8964
5441,1.02082,-11.4673
5442,1.04607,-13.5607
5443,1.04625,-14.694
5444,1.04354,-15.5277
5445,1.04068,-18.8462
5446,1.02123,-20.0347
5447,1.06755,-4.4504
5448,1.02187,-20.8359
5449,1.04859,-39.6252
5450,1.03633,-21.8159
5451,1.00841,-19.6195
5452,1.07581,-31.6447
5453,1.02146,-17.5405
5454,1.06,-5.85373
5455,1.0492,-13.9725
5456,1.01954,-55.0764
5457,1.07281,-4.41824
5458,1.03874,-15.896
5459,1.05759,-19.5312
5460,1.01498,-35.363
5461,1.00877,-20.3524
5462,1.02214,-18.1068
5463,1.06398,-33.6614
5464,0.98719,-29.357
5465,1.06336,-33.8143
5466,0.998796,-15.7305
5467,1.0406,-25.6987
5468,1.03047,-38.7019
5469,1.07471,-25.1485
5470,1.04831,-30.146
5471,1.02355,-33.1552
5472,1.02682,-56.0181
5473,1.04423,-54.1849
5474,1.03903,-30.0601
5475,1.0391,-30.0521
5476,1.0287,-36.1854
5477,1.03602,-27.7325
5478,1.04582,-15.5681
5479,1.01725,-38.1826
5480,1.04095,-14.2594
5481,1.02063,-18.2005
5482,1.02036,-18.2154
5483,1.03688,-17.9444
5484,1.03682,-20.5117
5485,1.01054,-25.584
5486,1.06671,-13.2039
5487,1.05219,-27.2534
5488,1.00059,-18.1208
5489,1.02031,-30.8938
5490,1.08353,-31.2549
5491,1.05777,-40.7347
5492,1.03948,-19.7025
5493,1.04665,-38.7105
5494,1.02061,-40.4088
5495,1.00539,-29.1255
5496,1.02161,-34.0865
5497,1.02813,-38.8442
5498,1.04783,-29.5973
5499,1.03395,-18.6512
5500,1.05387,-39.5256
5501,1.05213,-17.1988
5502,1.06926,-18.3637
5503,1.06227,-31.6903
5504,1.05294,-19.7543
5505,1.01434,-17.1309
5506,1.03625,-20.7718
5507,1.00855,-20.1783
5508,1.00811,-20.2326
5509,1.07656,-10.9614
5510,1.02656,-33.3778
5511,1.03384,-32.8223
5512,1.01454,-27.1169
5513,1.04269,-32.6152
5514,1.03254,-15.2026
5515,1.04443,-12.4628
5516,1.04478,-15.8334
5517,1.047,-12.5136
5518,1.07173,-9.97731
5519,1.00454,-29.006
5520,1.01777,-41.0136
5521,1.01529,-34.1844
5522,1.01191,-16.6241
5523,1.05127,-11.8432
5524,1.04325,-15.2794
5525,1.03026,-21.184
5526,1.01569,-19.2177
5527,0.993225,-31.2114
5528,0.993251,-31.2089
5529,1.02469,-22.1706
5530,1.03835,-12.2934
5531,1.07966,-30.3437
5532,1.08457,-30.149
5533,1.04293,-16.0387
5534,1.04176,-16.0927
5535,1.05289,-9.78472
5536,1.09218,-7.45402
5537,1.0459,-13.6595
5538,1.04534,-13.6374
5539,1.04147,-23.7286
5540,1.0135,-10.5866
5541,1.06003,-31.0802
5542,1.00229,-31.0936
5543,1.0678,-32.4942
5544,1.03525,-7.16011
5545,1.0212,-16.1898
5546,1.03432,-8.06865
5547,1.01936,-16.3969
5548,1.02992,-38.5522
5549,1.05108,-18.5955
5550,1.04921,-30.6467
5551,1.05027,-30.6825
5552,1.04192,-21.7188
5553,1.04244,-27.1309
5554,1.03194,-9.68195
5555,1.03202,-9.70977
5556,1.06373,-33.9394
5557,1.03077,-45.483
5558,1.02491,-24.6593
5559,1.05236,-13.4238
5560,1.05241,-13.3847
5561,1.05229,-10.9216
5562,1.05322,-14.3627
5563,1.00453,-13.6309
5564,1.00914,-12.4881
5565,1.04969,-9.11808
5566,0.990911,-22.8621
5567,1.02853,-17.7153
5568,1.02866,-17.7448
5569,1.01615,-14.944
5570,1.05845,-29.8654
5571,1.06527,-33.0305
5572,1.02574,-21.8764
5573,1.02574,-16.7347
5574,1.09862,-5.81446
5575,1.07314,-25.2802
5576,1.01321,-33.8204
5577,1.04505,-32.0897
5578,1.05315,-53.3632
5579,1.04908,-14.3445
5580,1.03808,-35.4807
5581,1.03458,-14.5028
5582,1.08401,-31.6603
5583,1.07849,-28.3999
5584,1.04276,-13.3996
5585,1.02536,-27.2309
5586,1.02213,-22.4282
5587,1.0245,-14.4822
5588,1.05792,-14.9678
5589,1.03698,-17.2036
5590,1.03952,-16.7266
5591,1.01616,-17.6994
5592,1.01447,-17.8357
5593,1.01793,-17.5441
5594,1.03697,-17.1331
5595,1.08895,-9.58866
5596,1.04812,-21.2465
5597,1.02649,-54.2823
5598,1.04444,-21.5943
5599,1.0317,-19.722
5600,1.0401,-16.0233
5601,1.07394,-30.1931
5602,1.04165,-15.867
5603,1.07393,-30.1983
5604,1.03251,-19.6757
5605,0.978616,-26.7216
5606,0.979577,-26.6291
5607,1.0571,-10.1684
5608,0.98993,-17.857
5609,1.02021,-44.5554
5610,1.01561,-34.0742
5611,1.01559,-34.079
5612,1.01947,-36.275
5613,0.978855,-27.9833
5614,1.02239,-46.4772
5615,1.01914,-52.5727
5616,1.05118,-27.7412
5617,1.03187,-52.5071
5618,1.03428,-25.7058
5619,1.03758,-34.4131
5620,1.059,-30.6352
5621,1.02482,-41.4924
5622,1.01778,-57.1368
5623,1.02244,-9.20664
5624,1.02878,-12.3411
5625,1.03571,-12.7869
5626,1.05517,-53.0852
5627,1.04094,-17.6318
5628,1.08159,-35.9571
5629,1.01624,-36.4352
5630,1.04414,-35.0854
5631,1.05602,-6.12987
5632,1.022,-45.4789
5633,1.05602,-6.12987
5634,1.07603,-25.1839
5635,1.03892,-42.3908
5636,1.04583,-30.3308
5637,1.03992,-16.2891
5638,1.00007,-27.1566
5639,1.03751,-16.3631
5640,1.01416,-32.1941
5641,1.05544,-10.3659
5642,1.05565,-20.1609
5643,1.0305,-13.6909
5644,1.0406,-25.6987
5645,1.03733,-16.0313
5646,1.01977,-23.3531
5647,1.04738,-32.5848
5648,1.01587,-21.9535
5649,1.07472,-11.8696
5650,1.05149,-23.227
5651,1.02343,-7.53082
5652,1.06184,-11.7004
5653,1.05607,-27.0749
5654,1.07107,-23.2217
5655,1.06238,-30.8331
5656,1.06064,-31.3859
5657,1.05846,-13.9428
5658,1.05822,-31.079
5659,1.054,-39.5277
5660,1.0403,-37.0678
5661,1.06546,-25.8848
5662,1.02451,-15.0043
5663,1.02776,-8.71751
5664,1.02574,-35.8918
5665,1.03555,-38.4313
5666,1.04855,-25.989
5667,0.997911,-16.3397
5668,1.07407,-35.2341
5669,1.07062,-34.8368
5670,1.02667,-30.5354
5671,1.06323,-11.6325
5672,1.02147,-22.4828
5673,1.02333,-22.1111
5674,1.06241,-31.7013
5675,1.04803,-31.23
5676,1.01318,-22.6089
5677,1.01376,-20.9253
5678,1.01386,-20.9013
5679,1.028,-12.4516
5680,1.03521,-42.9792
5681,1.03689,-42.8887
5682,1.03994,-20.3328
5683,1.00921,-15.6083
5684,1.03798,-16.6328
5685,1.00561,-23.0041
5686,1.07728,-22.2406
5687,1.05761,-27.2556
5688,1.02786,-37.9328
5689,1.06054,-11.0642
5690,1.02452,-9.96335
5691,1.04513,-11.5881
5692,1.07551,-10.544
5693,1.01723,-23.1861
5694,1.04875,-12.3178
5695,1.02139,-36.0044
5696,1.02268,-16.7056
5697,1.02111,-40.9035
5698,1.07016,-12.019
5699,1.07086,-5.07242
5700,1.00446,-20.6987
5701,1.03573,-35.5389
5702,1.07691,-11.3868
5703,1.03656,-35.5278
5704,1.01311,-29.4418
5705,1.07009,-33.8194
5706,1.04122,-55.9604
5707,1.03456,-28.9481
5708,1.01132,-32.9102
5709,1.02519,-32.9514
5710,1.05596,-33.2669
5711,0.980995,-27.4621
5712,1.0183,-36.4927
5713,1.04005,-38.8442
5714,1.07715,-14.2101
5715,0.994933,-30.4254
5716,1.04834,-29.9402
5717,1.05256,-25.1565
5718,1.05169,-30.475
5719,1.03978,-15.6245
5720,1.04762,-13.5081
5721,0.981154,-28.8321
5722,1.0182,-18.787
5723,1.05284,-7.18122
5724,1.02662,-12.5611
5725,1.05498,-29.6429
5726,1.02972,-12.6266
5727,1.01246,-21.3578
5728,1.0316,-10.852
5729,1.05054,-53.8968
5730,1.03117,-44.6029
5731,1.02371,-56.4083
5732,1.05431,-9.36493
5733,1.05356,-7.07614
5734,0.959256,-27.7333
5735,1.05538,-14.5897
5736,0.998345,-17.3177
5737,0.976329,-28.6382
5738,1.05734,-10.7999
5739,1.04092,-39.2311
5740,1.0411,-33.5297
5741,1.00958,-34.329
5742,1.0581,-4.10136
5743,1.05023,-17.7499
5744,0.96584,-27.1766
5745,1.03408,-17.8592
5746,1.04346,-17.4719
5747,1.0519,-16.8897
5748,1.02608,-9.97301
5749,1.07817,-37.576
5750,1.02819,-33.6377
5751,0.992726,-22.168
5752,1.04027,-17.4468
5753,1.00289,-23.6739
5754,1.03809,-39.6547
5755,1.01855,-22.9448
5756,1.05706,-17.775
5757,0.99519,-25.1277
5758,1.01802,-48.0562
5759,1.02897,-32.9946
5760,0.997468,-31.2123
5761,1.02707,-24.4281
5762,1.01936,-37.1483
5763,1.02258,-36.4455
5764,1.03309,-53.7129
5765,1.00354,-17.3075
5766,1.04947,-38.1423
5767,1.03567,-24.4697
5768,1.02884,-16.9341
5769,1.0523,-16.7037
5770,1.03711,-30.8691
5771,1.00272,-22.9305
5772,1.0771,-7.61947
5773,1.07114,-31.7479
5774,1.02622,-17.0753
5775,1.05213,-17.1988
5776,1.03012,-45.629
5777,1.06447,-6.48789
5778,1.06295,-10.0943
5779,1.04673,-13.5939
5780,1.05294,-33.1405
5781,1.0223,-42.707
5782,1.0089,-37.9189
5783,1.02252,-8.9138
5784,0.966394,-27.1356
5785,0.985358,-25.9997
5786,1.03041,-17.6466
5787,1.02656,-17.8361
5788,0.992209,-30.9245
5789,1.01492,-21.7379
5790,1.04772,-43.0906
5791,1.0635,-40.1079
5792,1.05197,-13.367
5793,1.05253,-13.6983
5794,1.04035,-15.9825
5795,1.0651,-24.5897
5796,1.04315,-9.87009
5797,1.04342,-9.88145
5798,1.00792,-10.4272
5799,0.997584,-44.6331
5800,0.951752,-29.8501
5801,1.05007,-16.7569
5802,1.0445,-7.81111
5803,1.07315,-47.1362
5804,1.01884,-36.4064
5805,1.02686,-38.8306
5806,1.02901,-13.9285
5807,1.06979,-23.0769
5808,1.0452,-20.6826
5809,1.01213,-19.6836
5810,1.04861,-7.41141
5811,1.05096,-17.711
5812,1.07285,-8.1602
5813,1.04591,-11.8505
5814,1.04454,-11.8521
5815,1.02537,-17.9125
5816,1.04611,-13.2363
5817,0.99304,-14.1663
5818,1.06381,-32.5051
5819,1.00949,-9.98506
5820,0.984046,-19.5633
5821,1.01549,-20.0537
5822,1.05498,-29.5038
5823,1.0099,-19.8361
5824,1.01345,-28.0325
5825,1.02657,-34.0312
5826,1.05588,-32.1946
5827,1.0533,-35.9201
5828,1.0579,-32.7899
5829,0.974226,-29.6461
5830,1.04342,-17.471
5831,1.03893,-35.5055
5832,1.05221,-17.1901
5833,0.979095,-30.6194
5834,1.01865,-24.7381
5835,1.06496,-13.6418
5836,1.06663,-13.5243
5837,1.02985,-10.5954
5838,1.05393,-25.7726
5839,1.04046,-36.8465
5840,1.07018,-23.673
5841,1.06027,-32.8449
5842,1.05673,-32.4314
5843,1.04499,-20.5444
5844,1.01318,-37.7963
5845,1.01918,-13.2136
5846,1.04293,-15.5544
5847,0.98782,-11.8078
5848,0.987783,-11.8119
5849,1.06009,-3.57356
5850,1.00277,-18.7155
5851,1.0342,-9.05369
5852,1.05942,-8.08993
5853,0.911845,-35.9767
5854,1.05303,-14.4601
5855,1.02303,-23.6452
5856,1.03198,-15.1286
5857,1.02208,-11.4064
5858,1.01831,-13.2317
5859,1.01807,-13.2682
5860,1.05045,-17.9202
5861,1.08141,-26.6774
5862,1.05468,-27.8678
5863,1.04322,-27.5357
5864,1.08361,-9.82947
5865,1.08387,-35.3225
5866,1.0391,-14.3917
5867,1.04727,-21.7776
5868,1.05793,-13.3181
5869,1.04289,-24.3525
5870,1.06372,-10.6985
5871,1.0479,-15.3725
5872,1.07604,-49.0718
5873,1.07999,-12.031
5874,1.0677,-35.3321
5875,1.05455,-8.19421
5876,1.03072,-15.227
5877,1.04757,-14.0462
5878,1.06693,-20.7449
5879,1.05135,-35.2718
5880,1.06137,-32.0757
5881,1.07182,-5.71672
5882,1.07233,-34.495
5883,1.06943,-34.26
5884,1.06557,-25.262
5885,0.999418,-22.5715
5886,1.08597,-11.3217
5887,1.04389,-14.2798
5888,1.06328,-32.3769
5889,1.07588,-26.9502
5890,1.05098,-36.115
5891,1.05502,-28.0992
5892,1.06089,-5.96044
5893,1.04293,-27.69
5894,1.08419,-9.40019
5895,1.03369,-14.0095
5896,1.06438,-12.6952
5897,1.08015,-10.363
5898,1.06448,-26.8407
5899,1.0744,-47.9745
5900,1.07933,-12.1703
5901,1.07355,-34.5533
5902,1.02755,-13.038
5903,1.09071,-33.1172
5904,1.0475,-13.9079
5905,1.0676,-20.9514
5906,1.07305,-34.3199
5907,1.0715,-5.67212
5908,1.06996,-34.2565
5909,1.08589,-11.1449
5910,1.0707,-12.2092
5911,1.06326,-32.4058
5912,1.08693,-33.8066
5913,1.08715,-27.0165
5914,1.08124,-26.7277
5915,1.08371,-36.052
5916,1.06605,-14.6966
5917,1.08749,-36.3737
5918,1.04192,-27.1784
5919,1.04581,-30.688
5920,1.04722,-35.5453
5921,1.06823,-28.2003
5922,1.08241,-5.8757
5923,1.03246,-25.6404
5924,1.07287,-34.2294
5925,1.08003,-32.7971
5926,1.05175,-35.4412
5927,1.09791,-34.8275
5928,1.02627,-23.5934
5929,1.08533,-31.6343
5930,1.0501,-31.9873
5931,1.08572,-35.7585
5932,1.08485,-37.7986
5933,1.05846,-35.1038
5934,1.0677,-35.3936
5935,1.08011,-32.8621
5936,1.06747,-33.6611
5937,1.02527,-24.116
5938,1.08516,-31.6322
5939,1.06441,-32.9292
5940,1.08462,-32.8753
5941,1.084,-35.568
5942,1.11464,-20.8247
5943,1.0847,-37.5213
5944,1.07535,-17.9344
5945,1.06584,-33.4972
5946,1.07886,-32.4402
5947,1.06047,-8.26682
5948,1.08098,5.52147
5949,1.10894,9.61683
5950,1.06169,-34.9554
5951,1.03694,0.549269
5952,1.09571,7.3849
5953,1.04497,-19.2156
5954,1.06464,-10.0131
5955,1.12362,-6.31683
5956,1.074,-6.81244
5957,1.04966,-17.8872
5958,1.04307,-30.8364
5959,1.07708,3.15893
5960,0.963516,-33.6101
5961,1.06724,8.02803
5962,1.08181,9.50734
5963,1.04467,-27.4147
5964,1.04061,-21.2455
5965,1.07913,-30.0478
5966,1.0597,-29.3905
5967,1.08883,1.14409
5968,1.0341,-22.9878
5969,1.09883,-5.37037
5970,1.02797,-5.41668
5971,1.09122,-3.48345
5972,1.04865,-17.5948
5973,1.03,-26.8508
5974,1.0349,-28.6834
5975,1.0366,-21.7811
5976,1.07413,7.35659
5977,1.03616,-22.9635
5978,1.02697,-8.94061
5979,1.0604,-29.8823
5980,0.969274,-34.9004
5981,1.04785,-8.05609
5982,1.04211,-20.9221
5983,1.01858,-13.3597
5984,1.05269,-5.95811
5985,1.00617,-20.0164
5986,0.974871,-34.2253
5987,1.04534,-9.03514
5988,0.969823,-32.9986
5989,0.939623,-37.0393
5990,0.985386,-42.1452
5991,0.976231,-29.8719
5992,1.08404,-29.5167
5993,0.964282,-22.3439
5994,1.02995,-30.9031
5995,1.07072,-29.6205
5996,0.972825,-28.9543
5997,0.968586,-33.9246
5998,1.03637,-30.974
5999,1.05301,-5.81904
6000,1.05278,-5.95856
6001,1.07193,8.43206
6002,1.03102,-9.45538
6003,1.05716,-28.0054
6004,1.15,14.1597
6005,0.964436,-31.5523
6006,1.0214,-12.0801
6007,1.07343,-29.2201
6008,0.94709,-31.7909
6009,1.05801,-6.75763
6010,1.05827,-6.74607
6011,1.0084,-16.9814
6012,1.01833,-16.6543
6013,1.03888,-12.751
6014,1.04573,-13.1138
6015,0.986071,-11.9911
6016,1.02197,-0.167203
6017,1.05103,-6.80484
6018,1.04892,-8.64079
6019,1.01987,-10.8775
6020,1.05296,-7.59405
6021,1.0185,-13.4953
6022,1.04489,-15.634
6023,1.00775,-22.6894
6024,1.02966,-20.448
6025,1.04304,-16.9106
6026,1.03665,-8.64535
6027,1.04643,4.57388
6028,1.04954,-16.221
6029,1.00985,-11.3413
6030,0.988566,-11.4613
6031,1.07198,-7.60721
6032,1.07282,-8.01886
6033,1.06423,-5.42827
6034,0.912314,-35.9377
6035,1.1055,9.50007
6036,1.06752,7.16425
6037,1.08423,5.00104
6038,1.04505,-16.4091
6039,1.02817,-24.3921
6040,0.990431,-30.5535
6041,1.05744,-27.085
6042,1.02625,-5.60568
6043,1.08947,2.41599
6044,1.07956,5.57068
6045,1.03747,-8.19942
6046,0.991707,-30.7553
6047,1.03361,-23.1404
6048,1.0427,-19.2008
6049,1.04649,-16.8702
6050,1.04649,-16.8702
6051,1.04751,-17.4429
6052,1.03628,-17.3797
6053,1.02141,-12.0923
6054,1.0213,-12.0908
6055,1.03274,-12.6399
6056,1.04084,-6.92006
6057,1.10168,8.86361
6058,1.1014,8.88469
6059,1.10039,9.2348
6060,1.04095,-4.48555
6061,1.06273,-3.505
6062,1.07174,-29.6779
6063,1.05785,7.66029
6064,1.08075,8.29041
6065,1.06412,9.22398
6066,1.0207,-23.9135
6067,1.00852,-22.0302
6068,1.05694,-29.7481
6069,1.06145,-4.80797
6070,1.04626,-13.812
6071,1.03647,1.51378
6072,1.07631,2.37307
6073,1.09902,9.63204
6074,1.04821,-11.3676
6075,1.03942,4.42977
6076,1.0825,5.4197
6077,1.03298,-7.52509
6078,1.04787,-10.9612
6079,1.0475,-11.0028
6080,1.06009,-3.57357
6081,1.04382,-7.2782
6082,1.06574,-25.4448
6083,1.0105,-21.1033
6084,1.04784,-17.6757
6085,1.0474,-19.149
6086,1.00275,-18.7221
6087,1.06466,-25.7927
6088,1.02572,-23.9841
6089,1.01444,-21.7614
6090,1.04748,-17.8072
6091,1.04623,-19.2954
6092,0.990483,-26.5119
6093,1.05323,-16.9004
6094,1.06036,-5.7447
6095,0.971793,-30.2164
6096,0.975568,-28.7327
6097,1.05793,-28.0641
6098,1.01832,-13.3311
6099,1.01898,-13.6454
6100,1.03079,-9.49067
6101,1.09365,9.57545
6102,1.04511,-6.74089
6103,1.04532,-7.61565
6104,1.10829,11.3889
6105,0.96779,-29.7797
6106,1.10823,7.79297
6107,1.03969,-22.4968
6108,1.01927,-13.7943
6109,1.07217,-1.20183
6110,1.02109,-14.1752
6111,1.03699,8.46639
6112,1.11001,8.4695
6113,0.965027,-32.5874
6114,1.01889,-12.8202
6115,1.03394,-21.2908
6116,1.05934,-8.08167
6117,1.0508,-16.8597
6118,1.04319,-14.9809
6119,1.04816,-17.1263
6120,1.10591,9.57217
6121,0.911391,-36.1332
6122,1.02331,-30.8286
6123,1.05187,-29.1666
6124,0.967231,-31.2415
6125,1.07846,9.87669
6126,1.14945,13.1405
6127,1.05826,-8.26196
6128,1.05315,-14.4747
6129,1.05551,-4.69536
6130,1.0241,-26.6531
6131,1.11266,11.4864
6132,1.04647,-6.60611
6133,1.07264,8.1056
6134,1.06177,-8.49584
6135,0.962898,-34.0588
6136,1.01866,-19.8034
6137,1.0663,-2.75207
6138,1.02782,-4.64555
6139,1.06,9.78809
6140,1.11401,10.2775
6141,1.0475,-11.0028
6142,0.996818,-30.1053
6143,1.06698,1.08905
6144,1.09082,0.605039
6145,1.04782,-28.4488
6146,0.979842,-28.9309
6147,0.985755,-29.5736
6148,1.10548,9.61199
6149,1.04556,-16.5357
6150,1.0207,-21.4081
6151,1.0484,-11.2898
6152,0.946959,-31.4851
6153,0.857609,-9.92858
6154,1.03319,-30.9996
6155,1.08251,-29.6165
6156,1.01652,-25.1742
6157,1.01333,-27.317
6158,1.02692,-5.98669
6159,0.973155,-32.8298
6160,1.03212,-15.159
6161,1.06082,-29.4451
6162,1.07337,-1.47022
6163,0.958134,-30.8449
6164,0.971304,-28.7495
6165,1.09107,1.29047
6166,1.1044,10.2244
6167,1.07207,7.93836
6168,1.07213,8.81527
6169,1.02862,5.39341
6170,1.07913,8.95729
6171,0.919117,-33.2309
6172,1.05273,-4.87068
6173,1.03185,-3.42255
6174,1.09376,-0.115293
6175,1.11968,12.6188
6176,1.14514,13.982
6177,1.05093,-5.96558
6178,1.03292,-23.3963
6179,1.00171,-27.6098
6180,1.07356,-29.6462
6181,1.018,-7.07267
6182,0.901898,-38.2417
6183,1.08755,13.7154
6184,1.00087,-29.4524
6185,1.10987,10.988
6186,1.03917,-22.5166
6187,1.00178,-26.5332
6188,0.988411,-22.5119
6189,1.00171,-12.4228
6190,1.06259,-4.5086
6191,1.02056,-0.551966
6192,1.02056,-0.551966
6193,1.03372,-15.8541
6194,1.08023,-39.8771
6195,0.971598,-28.7171
6196,1.03639,-8.27689
6197,1.04272,-7.98888
6198,1.04402,-6.66399
6199,1.02103,-14.0811
6200,1.04408,-16.1864
6201,1.02009,-11.6104
6202,1.10448,10.1904
6203,1.0676,7.17713
6204,1.04597,-17.3393
6205,1.04158,-7.02321
6206,0.965707,-29.5402
6207,1.04672,-17.7848
6208,0.964998,-32.5472
6209,0.990292,-12.24
6210,1.06349,-8.18066
6211,1.04097,-30.6073
6212,1.09126,7.0553
6213,1.03987,-9.3634
6214,1.03617,-12.1556
6215,1.06016,-29.1507
6216,1.01747,-29.6198
6217,1.01643,-13.6301
6218,1.01581,-13.7597
6219,1.05853,-26.275
6220,1.04929,-23.3139
6221,1.07556,-29.609
6222,1.03676,-5.59587
6223,1.0848,-3.89278
6224,0.912933,-35.2372
6225,0.942428,-32.9183
6226,1.0888,11.2376
6227,1.05005,-18.0907
6228,1.04086,-30.9264
6229,0.946076,-31.6341
6230,1.03667,-14.9857
6231,1.09748,7.26462
6232,1.09945,7.63653
6233,1.07955,6.35376
6234,1.09575,7.72723
6235,1.08955,7.63268
6236,0.920429,-32.496
6237,0.938765,-28.2031
6238,0.993809,-21.8923
6239,1.00979,-21.1066
6240,1.04413,-12.6766
6241,1.02362,-11.5195
6242,1.02033,-10.2085
6243,1.04408,4.42105
6244,1.06705,-4.46908
6245,0.986897,-3.4525
6246,0.986897,-3.4525
6247,0.998587,-3.36358
6248,0.998587,-3.36358
6249,0.976427,-1.95059
6250,1.01571,-5.41272
6251,0.972575,-12.5569
6252,1.03622,-24.6212
6253,1.09781,-2.63253
6254,1.09781,-2.63253
6255,1.09703,-2.62796
6256,1.09703,-2.62796
6257,1.09896,-26.0198
6258,1.09896,-26.0198
6259,1.06891,-19.7819
6260,1.06891,-19.7819
6261,1.08181,-21.0427
6262,1.08181,-21.0427
6263,1.00425,2.435
6264,1.00133,2.73994
6265,1.00474,2.68308
6266,1.00421,2.42964
6268,1.04013,-2.8895
6269,1.0456,-2.95956
6270,1.05692,-6.17369
6271,1.02612,-4.02837
6272,1.086,-6.46485
6273,1.04063,1.16306
6274,1.03418,1.76395
6275,1.04063,1.16306
6276,1.03418,1.76395
6277,1.03395,1.76528
6278,1.04422,-15.9423
6279,0.963174,3.35532
6280,0.954352,-0.243261
6281,0.958134,-0.287827
6282,1.01281,-33.1593
6283,1.067,-28.3669
6284,1.07723,-28.3669
6285,0.985859,-3.62288
6286,0.992041,-3.58434
6287,0.986272,-3.76114
6288,0.992182,-3.78789
6289,1.02992,-3.59596
6290,1.02985,-3.61268
6291,1.06592,-5.55723
6292,1.06592,-5.55723
6293,1.06592,-5.55723
6294,1.06592,-5.55723
6295,1.06592,-5.55723
6296,1.06592,-5.55723
6297,1.02881,-6.75138
6298,1.04131,1.83751
6299,1.0356,3.93509
6300,1.03586,4.05337
6301,1.02946,1.85492
6302,1.08392,-37.3051
6303,1.02487,-24.7786
6304,1.00225,-13.3708
6306,0.986053,-13.223
6307,0.986022,-13.238
6308,1.06599,2.54944
6309,1.04058,2.61086
6310,0.972838,3.07054
6311,0.973433,3.09249
6312,0.984458,-22.7818
6313,0.984418,-22.7816
6314,1.0701,-25.1479
6315,0.994503,-35.2323
6316,0.994651,-28.5745
6317,1.04348,-28.7934
6319,0.985478,-33.1343
6320,1.03881,-5.63671
6321,1.11176,-3.88277
6322,1.01888,2.89755
6323,1.01888,2.89755
6324,1.01888,2.89755
6325,1.01888,2.89755
6326,1.01888,2.89755
6327,1.01888,2.89755
6328,0.980103,8.29178
6329,0.9801,8.2889
6330,0.98008,8.26621
6331,0.978907,7.72922
6332,0.991735,-3.63407
6333,0.991735,-3.63407
6334,0.985937,-12.1958
6335,1.01573,-12.1958
6336,1.05195,-1.36011
6337,0.961888,-7.7252
6338,0.961888,-7.7252
6339,0.962005,-7.66974
6340,0.96226,-7.55085
6341,1.01945,-5.80738
6342,1.045,-12.6717
6343,1.04585,-12.6614
6344,1.10331,-22.6662
6345,1.05674,-28.0342
6346,1.03645,-25.1896
6347,1.07327,-25.1896
6348,1.08366,-25.1896
6349,1.06563,-28.0342
6350,1.02351,4.48355
6351,1.02769,4.44202
6352,1.00579,-4.41899
6353,1.00579,-4.41899
6354,1.01575,-0.404946
6355,0.957532,0.48163
6356,0.957532,0.48163
6357,1.02941,-9.09479
6358,1.02824,-9.43315
6359,1.02824,-9.43315
6360,1.02941,-9.0965
6361,1.02826,-9.42721
6362,1.02942,-9.08983
6363,0.994598,-22.4367
6364,0.999144,-27.3102
6365,1.00428,-20.9109
6366,1.00041,-27.3106
6367,0.992362,-25.9326
6369,0.981562,-25.9216
6370,0.981265,-25.9216
6371,0.999004,-3.25133
6372,0.969585,-3.04784
6373,1.05289,0.792668
6374,1.05289,0.792668
6375,1.03597,-4.41824
6376,0.993483,1.57572
6377,0.992859,1.57977
6378,1.00533,1.49963
6379,0.993483,1.57572
6380,0.962856,-25.6947
6381,1.0074,-0.494768
6382,1.0074,-0.494768
6383,1.09004,-28.2902
6384,1.11731,-28.2902
6385,1.10084,-28.2902
6386,1.08921,-28.2902
6387,1.06469,-5.31794
6388,1.06469,-5.31794
6389,1.06469,-5.31794
6390,1.03973,-6.68759
6391,0.94854,2.28743
6392,0.94854,2.28743
6393,0.94854,2.28743
6394,0.94854,2.28743
6395,1.01155,-3.5493
6396,1.0114,-3.54181
6397,0.922892,-3.90761
6398,0.922892,-3.90761
6399,0.954636,0.532747
6400,1.0566,-7.29644
6401,0.926468,-0.283275
6402,0.926468,-0.283275
6403,0.974201,-26.3713
6404,0.974201,-26.3713
6405,0.92861,7.30182
6406,0.928483,7.36181
6407,0.928436,7.36227
6408,0.928398,7.38027
6409,0.95872,1.07304
6410,0.95872,1.07304
6411,0.928784,-13.2405
6412,0.921548,-8.74208
6413,1.03997,-7.52809
6414,1.06925,-7.98198
6415,0.974857,-12.372
6416,1.05526,-13.7832
6417,1.04698,-6.15321
6418,1.04698,-6.15321
6419,1.05607,-24.5028
6420,1.043,-10.7032
6421,1.04575,-16.9241
6422,1.05286,-10.3572
6423,1.05537,-10.968
6424,0.981166,-29.584
6425,1.02949,-18.2028
6426,1.03804,-12.7977
6427,0.973867,-28.3463
6428,0.973867,-28.3463
6429,1.02022,-20.8154
6430,0.983653,-28.3463
6431,1.01689,-0.527344
6432,1.01689,-0.527344
6433,1.01689,-0.527344
6434,1.0599,-0.164205
6435,1.00532,-7.45574
6436,0.997773,-6.42137
6437,1.03164,1.86673
6438,1.03164,1.86673
6439,1.03834,8.81718
6440,1.11958,-6.88229
6441,1.11953,-6.88337
6442,1.01343,-9.94545
6443,0.977746,-7.22338
6444,1.06104,-41.2243
6445,1.06104,-41.2243
6446,1.06104,-41.2244
6447,1.10036,-26.2763
6448,1.04758,-26.2763
6449,1.10036,-26.2763
6450,1.04758,-26.2763
6451,1.1165,-4.42093
6452,1.08782,-3.44713
6453,1.08319,-5.69349
6454,1.08319,-5.69349
6455,1.0379,1.29116
6456,1.03344,1.09839
6457,1.03344,1.0986
6458,0.98355,2.10438
6459,0.963062,-25.0958
6460,0.963062,-25.0958
6461,1.14897,2.49429
6462,1.14897,2.49429
6463,1.07047,-4.0455
6464,0.931036,2.68777
6465,0.931036,2.68777
6466,1.04893,-3.52033
6467,1.02784,-2.6928
6468,1.02718,-2.61911
6469,1.01786,4.11853
6470,0.951081,-5.14095
6471,0.951081,-5.14095
6472,1.09351,-4.11765
6473,1.09351,-4.11765
6474,1.00901,-3.52943
6475,1.01053,-3.58047
6476,0.945849,-6.68573
6477,0.952406,-9.73048
6478,0.952456,-9.70016
6479,1.06867,-6.05141
6480,1.06867,-6.05141
6481,1.06867,-6.05141
6482,1.0785,-18.6814
6483,1.00305,-3.1479
6484,1.00305,-3.1479
6485,1.04397,11.2914
6486,1.04142,11.2592
6487,1.04305,10.9601
6488,1.04358,11.3026
6489,1.03303,-31.9791
6490,1.03303,-31.9791
6491,1.02906,-31.9557
6492,0.948686,-37.4127
6493,0.948686,-37.4127
6494,0.948686,-37.4127
6495,1.01642,-26.3531
6496,1.0165,-26.3536
6497,1.07196,-23.9948
6498,1.15,-28.125
6499,1.15,-28.125
