bus_id,Vm,Va_deg
1,1.04378,142.465
2,1.05552,142.596
3,1.04414,142.532
4,1.04406,142.594
5,1.07494,145.545
6,1.07492,145.542
7,1.07496,145.548
8,1.06244,143.087
9,1.06247,143.091
10,1.06241,143.083
11,1.05917,142.756
12,1.05914,142.752
13,1.0592,142.76
14,1.06162,142.983
15,1.06165,142.987
16,1.06159,142.979
17,1.06162,142.983
18,1.0703,144.646
19,1.07024,144.637
20,1.07036,144.655
21,1.0703,144.646
22,1.06994,144.58
23,1.09321,149.034
24,1.08927,149.41
25,1.0893,149.414
26,1.08636,144.516
27,1.08633,144.512
28,1.08639,144.52
29,1.08644,144.559
30,1.08642,144.557
31,1.07769,145.707
32,1.07767,145.704
33,1.09806,151.008
34,1.09809,151.012
35,1.09803,151.004
36,1.08106,145.754
37,1.08674,144.62
38,1.08679,144.624
39,1.06937,144.099
40,1.06936,144.098
41,1.06975,144.547
42,1.0694,144.499
43,1.06678,144.423
44,1.06673,144.415
45,1.06684,144.431
46,1.08266,145.384
47,1.04166,142.922
48,1.04205,142.817
49,1.04203,142.936
50,1.04197,142.927
51,1.0421,142.944
52,1.08567,144.825
53,1.06351,145.063
54,1.06256,144.539
55,1.06245,144.528
56,1.0624,144.655
57,1.06547,145.582
58,1.09417,144.825
59,1.09416,144.824
60,1.06947,146.217
61,1.06951,146.222
62,1.06761,146.012
63,1.06757,146.007
64,1.06764,146.018
65,1.07015,146.192
66,1.08662,147.382
67,1.08554,146.924
68,1.08653,147.371
69,1.0868,147.407
70,1.08662,147.382
71,1.07712,145.647
72,1.07931,146.06
73,1.06901,146.736
74,1.06803,147.176
75,1.06987,146.046
76,1.06982,146.037
77,1.06993,146.055
78,1.06987,146.046
79,1.07115,146.218
80,1.07109,146.211
81,1.07131,146.302
82,1.03733,143.833
83,1.03209,143.712
84,1.03202,143.702
85,1.04229,143.961
86,1.04222,143.951
87,1.04236,143.973
88,1.04281,144.18
89,1.09579,144.966
90,1.0749,146.131
91,1.05862,146.299
92,1.06662,145.648
93,1.05881,144.752
94,1.05472,144.661
95,1.05564,144.597
96,1.0577,145.669
97,1.06545,148.418
98,1.06309,147.261
99,1.06531,148.398
100,1.06593,148.485
101,1.06545,148.418
102,1.06545,148.418
103,1.06168,146.934
104,1.0086,156.331
105,1.01603,155.354
106,1.00876,156.368
107,1.00855,156.326
108,1.0086,156.331
109,1.0086,156.331
110,1.01594,155.269
111,1.01592,155.27
112,1.04796,144.623
113,1.00936,143.778
114,1.0077,143.593
115,1.00102,144.466
116,1.00844,143.704
117,1.00091,144.45
118,1.00101,144.504
119,1.00102,144.466
120,1.01125,143.669
121,1.05131,144.406
122,1.05034,144.471
123,1.05019,144.457
124,1.05049,144.485
125,1.05034,144.471
126,1.07092,147.365
127,1.05707,145.135
128,1.07081,147.352
129,1.07225,147.454
130,1.07092,147.365
131,1.06024,145.114
132,1.09137,145.413
133,1.08702,145.98
134,1.08688,145.963
135,1.08482,145.659
136,1.08472,145.639
137,1.08511,145.838
138,1.08817,146.132
139,1.08551,145.992
140,1.088,146.115
141,1.08844,146.155
142,1.08817,146.132
143,1.06939,147.274
144,1.06812,147.033
145,1.07222,146.816
146,1.07044,146.324
147,1.06469,153.863
148,1.06474,153.865
149,1.04668,143.848
150,1.03828,143.182
151,1.03642,142.627
152,1.04618,143.787
153,1.08159,151.296
154,1.0816,151.298
155,1.07515,147.121
156,1.07908,147.369
157,1.07905,147.363
158,1.07912,147.375
159,1.07375,146.888
160,1.07371,146.882
161,1.04662,144.528
162,1.04665,144.534
163,1.03351,145.221
164,1.07169,148.057
165,1.07174,148.068
166,1.07163,148.045
167,1.06767,146.961
168,1.06775,146.99
169,1.06732,146.895
170,1.06334,149.301
171,1.02088,142.264
172,1.02082,142.257
173,1.02093,142.27
174,1.05343,147.948
175,1.05351,147.958
176,1.08523,146.819
177,1.08741,146.755
178,1.08736,146.749
179,1.08637,147.165
180,1.08634,147.159
181,1.08641,147.171
182,1.02225,154.369
183,1.0495,144.391
184,1.04938,144.371
185,1.04963,144.409
186,1.0495,144.391
187,1.05212,144.676
188,1.05467,144.683
189,1.05455,144.664
190,1.05478,144.702
191,1.05467,144.683
192,1.05522,148.341
193,1.06165,146.212
194,1.05508,148.321
195,1.05651,148.454
196,1.05522,148.341
197,1.03642,152.393
198,1.03346,152.959
199,1.03715,152.506
200,1.03716,152.51
201,1.03715,152.506
202,1.03712,152.501
203,1.03816,143.757
204,1.0381,143.747
205,1.03515,142.692
206,1.03508,142.682
207,1.03522,142.702
208,1.0341,142.476
209,1.03405,142.467
210,1.03415,142.486
211,1.0312,142.24
212,1.03116,142.233
213,1.03124,142.248
214,1.0312,142.24
215,1.0398,143.77
216,1.03982,143.773
217,1.0398,143.77
218,1.03978,143.767
219,1.00431,143.3
220,1.00062,143.592
221,1.00052,143.58
222,1.00064,144.132
223,1.00077,143.52
224,1.00058,144.117
225,1.00083,144.187
226,1.00064,144.132
227,1.00064,144.132
228,1.00398,144.88
229,1.07012,147.663
230,1.06831,147.211
231,1.0684,147.221
232,1.06831,147.211
233,1.05385,148.692
234,1.06248,146.603
235,1.05372,148.672
236,1.05504,148.812
237,1.05385,148.692
238,1.08091,149.198
239,1.05256,145.586
240,1.05242,145.566
241,1.05271,145.605
242,1.06255,146.601
243,1.04963,145.039
244,1.04957,145.03
245,1.03482,143.312
246,1.05059,145.225
247,1.05067,145.236
248,1.0505,145.214
249,1.05059,145.225
250,1.04078,144.321
251,1.02001,143.256
252,1.02349,142.408
253,1.01714,141.688
254,1.01722,141.705
255,1.01464,141.482
256,1.01474,141.501
257,1.08708,147.891
258,1.07786,148.768
259,1.08663,147.782
260,1.07777,148.753
261,1.078,148.822
262,1.07786,148.768
263,1.07786,148.768
264,1.08631,146.921
265,1.08477,146.12
266,1.02647,142.004
267,1.08713,148.047
268,1.00221,143.955
269,1.00201,144.144
270,1.00197,144.137
271,1.00204,144.15
272,1.08688,148.083
273,1.09108,148.885
274,1.08986,147.967
275,1.08988,147.97
276,1.08985,147.964
277,1.06366,146.783
278,1.06358,146.767
279,1.06375,146.8
280,1.0604,146.013
281,1.06029,145.998
282,1.0605,146.029
283,1.06812,147.504
284,1.06802,147.487
285,1.0814,145.515
286,1.08138,145.511
287,1.08142,145.519
288,1.08565,146.922
289,1.02558,141.493
290,1.01867,142.214
291,1.01873,142.221
292,1.02674,141.76
293,1.02681,141.771
294,1.0526,137.848
295,1.00218,141.557
296,1.00708,141.797
297,1.00222,143.201
298,1.0021,143.184
299,1.0076,141.262
300,1.00369,141.454
301,1.00169,141.285
302,1.00165,141.281
303,1.06581,153.956
304,1.06574,153.946
305,1.07072,154.574
306,1.07078,154.582
307,1.07732,154.46
308,1.06387,153.926
309,0.992313,141.186
310,1.00169,143.511
311,1.00167,143.507
312,1.00171,143.514
313,1.02513,141.273
314,1.02413,141.202
315,1.01298,141.405
316,1.01286,141.386
317,1.01311,141.425
318,1.02238,141.048
319,1.05966,140.887
320,1.06661,142.77
321,1.06655,142.762
322,1.0557,137.851
323,1.05645,139.704
324,1.05601,139.787
325,1.06339,142.009
326,1.0604,138.372
327,1.0643,142.152
328,1.06331,141.996
329,1.06339,142.009
330,1.06339,142.009
331,1.03189,142.779
332,1.03184,142.771
333,1.03172,142.79
334,1.03138,142.987
335,1.03135,142.982
336,1.03141,142.993
337,1.03138,142.987
338,1.07904,146.962
339,1.07909,146.971
340,1.06984,146.747
341,1.0657,142.992
342,1.02865,144.631
343,1.02859,144.625
344,1.0287,144.637
345,1.07452,148.513
346,1.05445,145.514
347,1.0544,145.508
348,1.04703,137.315
349,1.04969,136.27
350,1.04974,136.28
351,1.05036,136.017
352,1.05438,139.584
353,1.05523,138.758
354,1.05437,136.813
355,1.05423,136.792
356,1.03365,155.416
357,1.02864,155.258
358,1.02189,155.226
359,1.02871,155.384
360,1.02879,155.394
361,1.02864,155.374
362,1.00759,147.945
363,1.00732,147.955
364,1.00649,150.058
365,1.00644,150.053
366,1.0879,150.119
367,1.08772,149.602
368,1.0877,149.6
369,1.08772,149.602
370,1.08253,149.565
371,1.08256,149.568
372,1.08251,149.563
373,1.07452,154.642
374,1.07453,154.643
375,1.07451,154.64
376,1.07452,154.642
377,1.0703,148.506
378,1.07028,148.503
379,1.07031,148.509
380,1.07643,149.005
381,0.985756,144.984
382,1.01401,142.337
383,0.986603,145.073
384,0.985756,144.984
385,0.985756,144.984
386,0.98566,144.97
387,1.00322,141.138
388,1.00313,141.12
389,1.00452,141.093
390,1.00463,141.111
391,1.00442,141.075
392,1.00452,141.093
393,0.999574,141.506
394,1.01126,154.533
395,1.01421,153.634
396,1.01039,155.136
397,1.0062,157.02
398,1.01055,155.369
399,1.006,156.999
400,1.00658,157.154
401,1.0062,157.02
402,1.0062,157.02
403,0.990776,141.025
404,0.99065,141.006
405,0.991269,140.796
406,0.991149,140.78
407,0.997153,140.963
408,0.997044,140.941
409,0.997277,140.987
410,1.00491,141.276
411,1.01053,141.504
412,0.996308,140.141
413,0.996253,140.13
414,0.996006,140.156
415,1.00659,141.462
416,0.995699,140.225
417,0.995645,140.214
418,0.995749,140.236
419,1.04749,138.097
420,1.04853,136.408
421,1.04843,136.385
422,1.04623,138.328
423,1.04735,136.984
424,1.04722,136.962
425,1.04749,137.004
426,1.04735,136.984
427,1.05357,140.381
428,1.06667,143.267
429,1.06096,140.987
430,1.06656,143.251
431,1.06653,143.434
432,1.06667,143.267
433,1.0559,140.916
434,1.05902,140.517
435,1.02286,142.772
436,1.02365,142.354
437,1.02316,142.316
438,1.02324,142.328
439,1.06678,154.124
440,1.06955,153.936
441,1.06917,154.64
442,1.0681,154.798
443,1.06901,146.807
444,1.06897,146.801
445,1.0695,143.527
446,1.01924,142.039
447,1.01917,142.029
448,1.01931,142.049
449,1.01924,142.039
450,1.00796,140.902
451,1.00788,140.891
452,1.00803,140.912
453,1.00796,140.902
454,1.0109,140.848
455,1.01083,140.836
456,1.01096,140.861
457,1.00244,141.003
458,1.0025,141.012
459,1.03031,145.221
460,1.03023,145.211
461,1.03206,145.839
462,1.00577,140.666
463,0.994583,140.15
464,0.99439,140.133
465,1.01083,141.192
466,0.995532,140.307
467,0.995383,140.283
468,0.995682,140.329
469,1.04769,138.419
470,1.04849,137.798
471,1.04578,138.187
472,1.04603,138.215
473,1.04578,138.187
474,1.04578,138.187
475,1.0527,136.352
476,1.05076,136.244
477,1.05069,136.232
478,1.05084,136.255
479,1.04687,138.04
480,1.04681,138.028
481,1.04748,138.015
482,1.04738,138.003
483,1.01027,141.231
484,1.0103,141.235
485,1.02352,142.921
486,1.02528,142.711
487,1.02526,142.732
488,1.02497,143.407
489,1.02512,143.424
490,1.02486,143.393
491,1.02257,142.597
492,1.03202,149.288
493,1.03017,145.73
494,1.03186,149.267
495,1.03303,149.478
496,1.03202,149.288
497,1.03202,149.288
498,1.02644,143.615
499,1.02658,143.629
500,1.02651,143.752
501,0.994704,147.845
502,0.994686,147.842
503,0.994722,147.849
504,0.994704,147.845
505,0.995641,148.031
506,0.995605,148.024
507,0.995677,148.036
508,0.995641,148.031
509,1.02019,143.014
510,1.02004,142.99
511,1.024,144.585
512,1.01793,143.027
513,1.0178,143.011
514,1.02355,142.28
515,1.02365,142.294
516,1.02356,142.525
517,1.02353,142.521
518,1.08657,148.308
519,0.995964,142.156
520,0.99458,141.505
521,0.996476,142.33
522,0.996402,142.316
523,0.996554,142.343
524,0.995006,145.906
525,0.997697,143.048
526,0.994896,145.894
527,0.995712,146.03
528,0.995006,145.906
529,0.991535,140.902
530,0.991521,140.905
531,1.03567,146.146
532,1.02733,147.803
533,1.04342,146.954
534,1.01854,143.451
535,1.01846,143.44
536,1.01796,142.663
537,1.05286,139.34
538,1.05278,139.326
539,1.05294,139.354
540,1.04611,137.213
541,1.04554,138.075
542,1.04544,138.062
543,1.04591,138.076
544,1.02073,145.525
545,1.02071,145.522
546,1.02074,145.529
547,1.02073,145.525
548,1.02393,142.291
549,1.02399,142.303
550,1.02707,142.615
551,1.01815,142.527
552,1.01673,142.479
553,1.01683,142.507
554,1.01662,142.452
555,1.01673,142.479
556,1.0564,142.109
557,1.04916,139.135
558,1.05201,139.97
559,1.0655,145.214
560,1.06752,142.654
561,1.06536,145.198
562,1.06624,145.299
563,1.0655,145.214
564,1.04617,138.147
565,1.0483,136.622
566,1.04702,137.626
567,1.04693,137.61
568,1.04573,137.978
569,1.04565,152.122
570,1.04777,152.188
571,1.04787,152.209
572,1.03794,152.221
573,1.03795,152.243
574,1.01177,157.787
575,1.03247,154.502
576,1.01164,157.767
577,1.01275,157.942
578,1.01177,157.787
579,1.0468,152.468
580,1.04668,152.449
581,1.02125,142.642
582,1.02054,142.729
583,1.02035,142.697
584,1.02076,142.755
585,1.01607,142.925
586,1.02126,142.484
587,1.02137,142.501
588,1.02117,142.467
589,0.997508,148.611
590,1.00074,148.736
591,0.999283,149.016
592,0.999761,150.256
593,0.999816,150.265
594,0.999704,150.247
595,1.05586,150.762
596,1.0517,147.954
597,1.05579,150.751
598,1.05726,150.883
599,1.05586,150.762
600,1.05652,147.937
601,1.05643,147.926
602,1.04601,147.707
603,1.04595,147.696
604,1.04929,147.773
605,1.0456,138.023
606,1.04534,138.002
607,1.05171,140.165
608,1.05639,141.242
609,1.04908,143.321
610,1.06027,141.409
611,1.05058,143.402
612,1.04887,143.302
613,1.04904,143.315
614,1.04908,143.321
615,1.04627,138.146
616,1.04637,138.169
617,1.04627,138.146
618,1.02484,142.337
619,1.01029,141.969
620,1.00261,141.195
621,1.0135,141.742
622,1.01346,141.736
623,1.01596,143.338
624,1.00679,142.443
625,1.0067,142.431
626,1.02089,142.521
627,1.02079,142.508
628,1.02101,142.534
629,1.02349,142.34
630,1.02356,142.351
631,1.06462,153.675
632,1.06457,153.666
633,1.06467,153.684
634,1.06462,153.675
635,1.05071,153.918
636,1.05658,153.696
637,1.05664,153.705
638,1.05652,153.686
639,1.05949,153.595
640,1.05743,140.851
641,1.05766,143.851
642,1.05754,141.025
643,1.05761,143.845
644,1.05827,144
645,1.05766,143.851
646,1.05766,143.851
647,0.996012,148.033
648,0.995979,148.029
649,0.996043,148.037
650,0.991848,147.614
651,0.995615,148
652,1.02461,144.928
653,1.00666,142.619
654,1.00689,142.652
655,1.02076,142.668
656,1.02058,142.651
657,1.02095,142.687
658,1.02076,142.668
659,1.02041,144.198
660,1.01914,142.462
661,1.02354,143.234
662,1.02346,143.22
663,1.02301,143.257
664,1.02354,143.234
665,1.00823,143.015
666,1.00995,143.434
667,1.04614,152.333
668,1.046,152.314
669,1.04629,152.354
670,1.0475,152.226
671,1.04736,152.204
672,1.04735,152.25
673,1.0463,152.253
674,1.04617,152.232
675,1.04645,152.273
676,1.04046,152.692
677,1.0406,152.711
678,1.04032,152.671
679,1.07978,151.061
680,1.07974,151.056
681,1.06755,148.857
682,1.06753,148.855
683,1.03597,153.2
684,1.03452,153.406
685,1.03788,152.734
686,1.03367,153.859
687,0.994557,147.812
688,1.02021,144.424
689,1.02013,144.406
690,1.02028,144.44
691,1.00873,142.823
692,1.00864,142.807
693,1.00883,142.841
694,1.00873,142.823
695,1.01594,142.776
696,1.01585,142.761
697,1.01606,142.792
698,1.01594,142.776
699,1.02293,153.187
700,1.0317,152.889
701,1.02484,144.925
702,1.02019,143.623
703,1.0315,147.669
704,1.0214,144.613
705,0.983165,140.726
706,0.98325,140.737
707,0.983831,140.702
708,1.00223,141.231
709,0.983432,141.702
710,0.983371,141.69
711,0.983492,141.715
712,0.983898,140.547
713,1.00323,140.839
714,0.977821,141.598
715,1.0289,146.758
716,1.02878,146.736
717,1.02965,147.425
718,1.02954,147.403
719,1.02975,147.449
720,1.02095,144.129
721,1.02114,144.15
722,1.02076,144.108
723,1.03166,148.085
724,0.999921,142.183
725,1.00307,142.26
726,1.003,142.245
727,1.00316,142.276
728,1.00307,142.26
729,1.01035,142.978
730,1.01026,142.967
731,0.989533,142.329
732,0.982473,141.016
733,0.982403,140.997
734,0.982554,141.035
735,0.991521,148.836
736,0.989488,143.639
737,0.992455,149.056
738,0.991387,148.819
739,0.991521,148.836
740,1.04279,143.482
741,1.05707,141.343
742,1.0437,143.619
743,1.04279,143.482
744,1.04279,143.482
745,1.04271,143.468
746,1.05463,139.705
747,1.0596,140.665
748,1.05801,141.401
749,0.98408,141.573
750,0.984005,141.562
751,1.00513,141.463
752,1.00501,141.453
753,0.973624,142.004
754,0.97526,141.698
755,0.980802,140.999
756,0.982188,141.531
757,0.985841,143.255
758,0.983945,142.998
759,1.00597,156.416
760,1.00924,154.5
761,1.00588,156.4
762,1.00645,156.502
763,1.00597,156.416
764,1.00597,156.416
765,1.0114,154.012
766,1.01127,153.996
767,1.01152,154.025
768,1.00959,154.788
769,1.00951,154.772
770,1.00957,154.785
771,1.00968,154.806
772,1.00962,154.443
773,0.984025,143.211
774,0.987354,143.591
775,0.983629,145.089
776,0.983546,145.078
777,0.982969,142.803
778,0.983091,142.826
779,0.984846,140.707
780,0.984932,140.719
781,0.984765,140.694
782,1.00827,142.719
783,1.00849,142.758
784,1.01298,142.897
785,1.00174,142.163
786,1.00763,142.731
787,1.00747,142.711
788,1.00734,142.737
789,1.00716,142.713
790,1.06267,145.482
791,1.06264,145.478
792,0.991409,142.371
793,0.996008,147.031
794,0.997368,143.155
795,0.996275,147.171
796,0.996008,147.031
797,0.996008,147.031
798,0.991232,142.181
799,0.990993,142.159
800,0.991454,142.204
801,0.991232,142.181
802,0.98335,141.763
803,1.00415,142.351
804,1.00422,142.359
805,0.989305,142.149
806,0.990406,142.356
807,0.984152,140.707
808,0.983515,141.798
809,0.964067,143.616
810,0.979601,141.924
811,0.979485,141.911
812,0.979704,141.936
813,1.01832,153.402
814,1.01839,153.414
815,1.01824,153.392
816,1.01832,153.402
817,1.02302,153.146
818,1.00946,154.608
819,1.00953,154.618
820,1.00946,154.608
821,1.0094,154.597
822,0.97941,141.485
823,0.98507,140.739
824,0.985004,140.726
825,1.05211,143.432
826,1.06327,144.4
827,1.05569,142.935
828,0.97866,142.321
829,0.975156,141.555
830,0.974908,141.516
831,0.975386,141.593
832,0.975156,141.555
833,0.985732,143.918
834,0.992671,149.966
835,0.995362,148.218
836,0.992561,149.943
837,0.993772,150.089
838,0.992671,149.966
839,0.992671,149.966
840,0.972421,143.955
841,0.972305,143.935
842,0.972528,143.976
843,0.972421,143.955
844,0.984192,143.337
845,0.9858,144.02
846,0.985929,144.042
847,0.958872,143.371
848,0.984283,143.953
849,0.98889,147.438
850,0.99552,147.876
851,0.996974,148.105
852,1.04039,154.707
853,1.04035,154.699
854,1.04043,154.713
855,1.03231,153.978
856,1.03924,154.856
857,1.03919,154.85
858,1.03929,154.862
859,1.03924,154.856
860,0.973391,142.01
861,0.973176,141.971
862,0.973654,142.049
863,0.982943,142.012
864,0.991669,142.3
865,1.01198,143.944
866,1.01213,143.967
867,1.01032,143.319
868,1.02235,148.547
869,1.01835,144.533
870,1.02218,148.525
871,1.02248,148.716
872,1.02235,148.547
873,1.01051,143.311
874,1.01043,143.297
875,1.01059,143.324
876,1.008,142.871
877,1.01252,144.754
878,1.01232,144.727
879,1.01274,144.778
880,1.03838,150.28
881,1.03292,147.88
882,1.03822,150.261
883,1.03962,150.453
884,1.03838,150.28
885,1.01502,144.699
886,1.00686,142.545
887,1.00671,142.524
888,0.976431,142.642
889,0.985308,143.614
890,0.985217,143.601
891,0.97519,142.29
892,1.01195,143.425
893,1.01202,143.433
894,1.0119,143.417
895,1.01195,143.425
896,0.99917,142.226
897,0.999333,142.25
898,0.998996,142.202
899,1.01094,143.133
900,1.0108,143.11
901,1.01106,143.159
902,1.01094,143.133
903,0.998458,142.599
904,0.99269,142.394
905,1.00027,142.455
906,1.00016,142.436
907,0.995387,142.552
908,0.993139,142.749
909,0.993366,146.228
910,1.01371,143.056
911,0.993253,146.21
912,0.993613,146.361
913,0.993366,146.228
914,1.00068,152.039
915,1.00134,152.458
916,1.00126,152.446
917,1.00143,152.469
918,1.00134,152.458
919,0.998058,151.206
920,0.984405,143.435
921,0.984479,143.446
922,0.984405,143.435
923,0.98702,145.344
924,0.991597,142.085
925,0.990858,142.107
926,0.991524,142.073
927,0.985245,142.308
928,0.990633,142.256
929,0.990708,142.27
930,0.990558,142.243
931,0.99523,147.84
932,0.995136,147.824
933,0.974117,142.039
934,0.973961,142.021
935,0.973738,142.633
936,0.986193,145.328
937,0.98864,142.546
938,0.985203,142.425
939,0.985071,142.406
940,0.97858,142.075
941,0.978453,142.055
942,0.978704,142.093
943,0.984594,141.402
944,0.987221,145.095
945,0.985038,144.745
946,0.97372,141.804
947,0.986041,144.33
948,0.986323,144.374
949,0.98021,142.938
950,0.980097,142.92
951,0.97698,142.051
952,0.965712,142.41
953,0.987068,143.773
954,0.983687,140.504
955,0.983494,140.477
956,0.983898,140.529
957,0.984669,141.832
958,1.05081,154.675
959,1.04802,154.601
960,0.984161,143.344
961,0.98474,145.729
962,0.984624,145.713
963,0.992019,147.737
964,0.983975,145.382
965,0.984055,145.397
966,0.98564,145.159
967,0.978719,141.217
968,0.984967,140.381
969,0.977697,142.233
970,0.977903,142.26
971,0.974094,141.721
972,0.973935,141.697
973,0.974241,141.747
974,0.974094,141.721
975,0.978414,141.505
976,0.978313,141.481
977,0.978499,141.527
978,0.978414,141.505
979,0.987056,145.552
980,0.977851,141.947
981,0.97894,142.096
982,0.973465,143.445
983,0.983849,145.23
984,0.983633,145.193
985,0.984021,145.267
986,0.987454,145.568
987,0.987286,145.546
988,0.989975,147.466
989,0.990126,147.497
990,0.986861,145.228
991,1.01948,146.222
992,1.0194,146.21
993,1.01527,144.936
994,1.0176,148.156
995,1.03662,147.647
996,0.988482,142.411
997,0.983562,143.561
998,0.986993,142.239
999,0.986896,142.226
1000,0.987083,142.252
1001,0.986993,142.239
1002,0.990418,142.434
1003,0.975199,141.885
1004,0.978599,141.805
1005,0.978762,141.829
1006,0.978599,141.805
1007,0.978452,141.781
1008,0.9759,141.579
1009,0.985077,145.101
1010,0.984964,145.086
1011,0.985191,145.118
1012,0.994648,148.147
1013,0.99455,148.13
1014,0.994774,148.164
1015,0.994648,148.147
1016,0.993004,148.639
1017,1.01092,144.117
1018,1.00874,144.119
1019,1.00373,143.27
1020,1.00252,142.825
1021,1.00097,143.284
1022,1.00907,147.371
1023,1.00881,143.552
1024,1.00896,147.353
1025,1.00886,147.532
1026,1.00907,147.371
1027,1.00913,143.727
1028,1.00901,143.71
1029,1.0106,143.573
1030,1.01048,143.554
1031,1.01072,143.594
1032,1.0106,143.573
1033,1.01256,144.864
1034,1.01321,144.605
1035,1.02649,149.521
1036,1.0143,145.157
1037,1.02638,149.501
1038,1.02777,149.692
1039,1.02649,149.521
1040,0.985508,146.636
1041,0.986795,145.455
1042,0.984572,145.903
1043,0.991379,149.731
1044,0.998032,148.16
1045,0.991235,149.711
1046,0.992141,149.792
1047,0.991379,149.731
1048,0.991379,149.731
1049,0.997809,142.379
1050,0.995352,147.348
1051,0.994704,143.174
1052,0.995239,147.331
1053,0.995869,147.579
1054,0.995352,147.348
1055,0.995352,147.348
1056,0.99929,143.508
1057,0.999157,143.48
1058,0.999413,143.534
1059,0.99929,143.508
1060,0.987466,143.467
1061,0.987276,143.449
1062,0.98768,143.486
1063,0.985665,145.351
1064,0.987668,144.315
1065,0.990072,149.224
1066,0.991213,144.68
1067,0.98997,149.202
1068,0.992609,149.42
1069,0.990072,149.224
1070,0.994936,142.984
1071,0.994829,142.972
1072,0.99505,142.998
1073,0.983984,142.52
1074,0.983931,142.508
1075,0.98404,142.534
1076,0.983984,142.52
1077,0.98373,142.337
1078,1.04148,145.37
1079,1.04156,145.381
1080,1.04141,145.358
1081,1.04148,145.37
1082,1.04149,147.446
1083,1.04548,145.247
1084,1.0414,147.434
1085,1.04143,147.556
1086,1.04149,147.446
1087,1.04149,147.446
1088,1.04545,144.419
1089,1.0454,144.408
1090,1.04551,144.431
1091,1.04545,144.419
1092,1.05183,141.913
1093,1.05191,141.923
1094,1.05174,141.901
1095,1.05183,141.913
1096,0.996792,151.156
1097,1.00026,155.594
1098,1.00006,151.997
1099,1.00013,155.58
1100,1.0013,155.801
1101,1.00026,155.594
1102,0.995637,149.976
1103,0.992976,148.817
1104,0.992854,148.801
1105,0.993094,148.832
1106,0.992976,148.817
1107,0.978283,142.546
1108,0.978208,142.533
1109,0.978358,142.56
1110,0.989759,142.303
1111,0.989649,142.292
1112,0.98143,142.021
1113,0.981375,142.007
1114,0.981501,142.035
1115,0.98143,142.021
1116,0.994755,148.441
1117,0.994634,148.423
1118,0.994881,148.462
1119,0.994755,148.441
1120,0.990933,148.262
1121,0.990712,148.229
1122,0.991198,148.3
1123,0.989826,147.869
1124,0.990205,147.648
1125,1.00655,144.358
1126,1.0065,144.35
1127,1.0084,147.502
1128,1.01408,143.635
1129,1.01082,147.675
1130,1.00836,147.494
1131,1.0084,147.502
1132,1.0084,147.502
1133,1.00433,143.243
1134,0.998086,143.233
1135,1.00933,143.34
1136,1.00058,143.21
1137,1.00044,143.193
1138,1.0007,143.227
1139,1.00058,143.21
1140,1.00058,142.427
1141,1.00045,142.408
1142,1.0007,142.445
1143,1.00115,143.168
1144,1.00124,143.185
1145,0.984907,142.783
1146,0.984728,142.76
1147,0.983937,145.337
1148,0.98163,142.252
1149,0.993617,148.948
1150,0.99334,147.93
1151,0.993215,147.915
1152,0.993477,147.946
1153,0.99334,147.93
1154,0.994301,148.972
1155,0.994163,148.954
1156,0.986239,145.364
1157,0.986145,145.348
1158,0.986326,145.378
1159,0.985395,145.824
1160,0.985788,142.379
1161,0.978101,141.813
1162,0.988301,144.438
1163,0.988425,144.453
1164,0.973523,141.748
1165,0.973365,141.732
1166,0.981845,143.722
1167,0.981925,143.738
1168,0.985198,144.782
1169,0.985087,144.767
1170,0.985316,144.799
1171,0.98538,145.21
1172,0.985528,145.227
1173,0.985214,145.194
1174,0.98538,145.21
1175,0.980898,143.215
1176,0.980794,143.198
1177,0.980989,143.232
1178,0.988604,143.418
1179,0.988695,143.43
1180,0.988502,143.406
1181,0.988604,143.418
1182,1.00095,143.225
1183,1.00084,143.213
1184,1.00105,143.237
1185,1.00095,143.225
1186,1.00001,144.008
1187,0.987946,143.929
1188,0.98788,143.917
1189,0.985609,145.7
1190,0.985459,145.677
1191,0.987952,146.917
1192,0.988073,146.938
1193,0.991293,154.818
1194,0.995977,151.533
1195,0.989605,146.401
1196,1.00336,156.836
1197,0.994542,150.069
1198,0.99591,151.519
1199,0.991293,154.818
1200,0.992273,149.313
1201,0.988079,145.779
1202,0.992162,149.289
1203,0.993352,149.496
1204,0.992273,149.313
1205,0.992273,149.313
1206,0.982331,144.017
1207,0.982238,143.992
1208,0.982214,143.997
1209,0.982562,144.058
1210,0.993219,142.747
1211,0.993079,142.728
1212,1.00142,143.401
1213,1.00133,143.382
1214,1.00151,143.418
1215,1.00054,144.184
1216,1.0004,144.166
1217,0.983474,142.099
1218,0.979902,141.933
1219,0.980177,141.982
1220,0.979902,141.933
1221,0.999923,144.245
1222,1.00063,144.279
1223,1.0022,144.361
1224,1.02695,153.591
1225,0.986693,145.646
1226,0.978271,141.663
1227,0.97186,143.235
1228,0.97176,143.213
1229,0.97194,143.254
1230,0.987082,143.437
1231,0.987708,144.19
1232,0.987583,144.173
1233,0.987839,144.209
1234,0.973567,141.786
1235,0.982234,140.644
1236,0.979412,142.122
1237,0.97932,142.104
1238,0.979534,142.143
1239,0.979412,142.122
1240,0.986097,145.272
1241,0.993212,149
1242,0.993045,148.976
1243,0.99111,148.284
1244,0.993931,148.145
1245,0.995903,149.964
1246,0.990871,147.666
1247,0.995077,150.11
1248,0.995903,149.964
1249,0.995786,149.94
1250,0.995903,149.964
1251,0.985784,143.442
1252,0.985834,143.452
1253,0.977851,142.248
1254,0.977804,142.238
1255,0.977907,142.259
1256,0.994308,149.286
1257,0.994735,145.261
1258,0.995242,149.425
1259,0.994258,149.276
1260,0.994308,149.286
1261,0.994308,149.286
1262,0.995713,149.774
1263,0.9898,145.594
1264,0.995631,149.764
1265,0.99615,149.942
1266,0.995713,149.774
1267,1.01866,148.576
1268,1.01125,145.852
1269,1.0185,148.55
1270,1.01973,148.731
1271,1.01866,148.576
1272,1.00952,147.586
1273,1.00878,147.394
1274,1.00896,147.42
1275,1.00745,146.142
1276,1.0375,150.497
1277,1.04036,152.595
1278,1.03708,151.465
1279,1.03705,151.459
1280,1.03712,151.472
1281,0.981677,142.796
1282,0.986277,143.579
1283,0.991974,145.125
1284,0.984661,143.299
1285,0.984499,143.279
1286,0.984608,143.29
1287,0.989195,147.641
1288,0.985884,146.875
1289,0.993634,148.63
1290,0.996791,150.085
1291,0.996658,150.066
1292,0.99694,150.107
1293,0.996791,150.085
1294,0.994147,150.819
1295,0.993016,148.701
1296,0.994031,150.801
1297,0.994823,150.916
1298,0.994147,150.819
1299,0.992921,149.606
1300,0.997097,153.165
1301,1.00226,151.493
1302,0.996969,153.144
1303,0.997977,153.26
1304,0.997097,153.165
1305,0.997097,153.165
1306,0.995274,149.627
1307,0.998864,156.453
1308,1.00443,152.838
1309,0.998746,156.434
1310,0.999679,156.563
1311,0.998864,156.453
1312,1.00066,151.937
1313,1.0006,151.928
1314,1.00071,151.946
1315,1.002,154.721
1316,1.00832,147.459
1317,1.00828,147.45
1318,1.01536,147.576
1319,1.01524,147.561
1320,1.01548,147.591
1321,1.01536,147.576
1322,0.993076,148.08
1323,0.987766,143.757
1324,0.992979,148.067
1325,0.994761,148.257
1326,0.993076,148.08
1327,0.993076,148.08
1328,0.985134,143.09
1329,0.983348,145.502
1330,0.984625,142.537
1331,0.984527,142.524
1332,0.984287,142.557
1333,0.984625,142.537
1334,0.986062,145.629
1335,0.986148,145.642
1336,1.00228,143.321
1337,0.999912,143.964
1338,0.999746,143.94
1339,1.00006,143.984
1340,0.999912,143.964
1341,1.00303,143.42
1342,1.00292,143.396
1343,1.00312,143.443
1344,1.00303,143.271
1345,1.00289,143.25
1346,1.00316,143.291
1347,1.00303,143.271
1348,1.00045,143.939
1349,1.00031,143.917
1350,1.00042,143.935
1351,1.00061,143.965
1352,1.00038,143.096
1353,1.00016,143.075
1354,0.998728,143.674
1355,0.998741,147.88
1356,1.00558,144.706
1357,0.99861,147.858
1358,1.0003,148.002
1359,0.998741,147.88
1360,0.998741,147.88
1361,1.00135,155.464
1362,1.00147,155.477
1363,1.00125,155.451
1364,1.00255,157.212
1365,1.0027,156.896
1366,1.00368,158.104
1367,1.00306,156.784
1368,1.00401,158.165
1369,1.0036,158.091
1370,1.00368,158.104
1371,1.03254,155.915
1372,1.03577,154.379
1373,1.03727,155.177
1374,1.03725,155.174
1375,1.0373,155.181
1376,0.995633,149.803
1377,1.00107,147.652
1378,0.995469,149.777
1379,0.997104,149.915
1380,0.995633,149.803
1381,0.995633,149.803
1382,0.984583,144.67
1383,0.984406,144.643
1384,0.984744,144.699
1385,0.987291,144.452
1386,0.993589,146.809
1387,0.988017,143.658
1388,0.987841,143.617
1389,1.00256,144.514
1390,1.00387,145.352
1391,1.00099,144.237
1392,1.00083,144.215
1393,1.00117,144.262
1394,1.00099,144.237
1395,1.00294,147.855
1396,1.00162,144.358
1397,1.00281,147.832
1398,1.00355,147.989
1399,1.00294,147.855
1400,0.988742,144.066
1401,0.988634,144.045
1402,0.98889,144.18
1403,0.98702,143.882
1404,0.986897,143.863
1405,0.987153,143.901
1406,0.98702,143.882
1407,1.00402,144.5
1408,1.00395,144.481
1409,1.0041,144.52
1410,0.998977,149.358
1411,0.999067,149.374
1412,0.983827,145.617
1413,0.983912,145.634
1414,0.999853,149.02
1415,0.999691,148.99
1416,1.00002,149.049
1417,0.985629,146.062
1418,0.989534,144.824
1419,0.989631,144.839
1420,0.989431,144.81
1421,0.978441,142.223
1422,0.97836,142.208
1423,0.978512,142.238
1424,0.990259,145.177
1425,0.992788,149.327
1426,0.994297,149.896
1427,0.994159,149.88
1428,0.994433,149.913
1429,0.994297,149.896
1430,0.99954,150.966
1431,1.00249,153.141
1432,1.04241,154.575
1433,1.0424,154.572
1434,1.04242,154.578
1435,1.00527,148.196
1436,1.0052,148.187
1437,1.00533,148.204
1438,1.00806,145.279
1439,1.00909,147.323
1440,1.00916,147.33
1441,1.00518,148.378
1442,1.02896,141.803
1443,1.01958,144.966
1444,1.01957,144.964
1445,1.01959,144.968
1446,1.01958,144.966
1447,0.987186,146.243
1448,0.997932,147.86
1449,0.997858,147.851
1450,0.99801,147.87
1451,0.993432,147.47
1452,0.993353,147.46
1453,0.993523,147.481
1454,0.993432,147.47
1455,0.990398,145.052
1456,0.989389,145.12
1457,0.989216,145.079
1458,0.98956,145.164
1459,0.992253,145.362
1460,0.992146,145.343
1461,0.992376,145.382
1462,0.999423,148.299
1463,0.9919,145.412
1464,0.999279,148.273
1465,0.998433,148.482
1466,0.999423,148.299
1467,0.999423,148.299
1468,0.988537,144.195
1469,0.98999,145.248
1470,0.989909,145.235
1471,0.990198,145.361
1472,0.99683,148.121
1473,1.00105,149.233
1474,0.99193,144.876
1475,0.99625,146.279
1476,0.996059,146.248
1477,1.00119,144.448
1478,1.00116,144.444
1479,1.00122,144.451
1480,0.99723,148.576
1481,0.992546,145.009
1482,0.99714,148.561
1483,0.998282,148.734
1484,0.99723,148.576
1485,0.990859,145.544
1486,1.0016,144.718
1487,0.987076,144.603
1488,1.00478,153.248
1489,0.996854,149.169
1490,0.998749,149.335
1491,0.998632,149.315
1492,0.996344,151.668
1493,0.995235,149.202
1494,0.996222,151.648
1495,0.996802,151.761
1496,0.996344,151.668
1497,0.990068,145.469
1498,0.994867,147.037
1499,0.994773,147.021
1500,1.00042,145.59
1501,1.00055,145.611
1502,1.01254,146.999
1503,1.03081,147.61
1504,1.05895,152.3
1505,1.05899,152.305
1506,1.00242,154.251
1507,1.00227,154.228
1508,1.00258,154.275
1509,1.00242,154.251
1510,1.00216,155.659
1511,1.00002,155.51
1512,1.00469,154.729
1513,0.999837,155.486
1514,1.00029,155.555
1515,1.00002,155.51
1516,1.00035,155.023
1517,1.0017,155.892
1518,1.00036,155.016
1519,1.00019,155
1520,1.00035,155.023
1521,1.02582,157.475
1522,1.02583,157.477
1523,1.02189,158.293
1524,1.01054,147.999
1525,1.00695,146.055
1526,1.01047,147.988
1527,1.01095,148.072
1528,1.01054,147.999
1529,1.00788,146.162
1530,1.00797,146.176
1531,1.00788,146.162
1532,1.00625,148.289
1533,1.00374,147.945
1534,1.00364,147.934
1535,0.994962,147.545
1536,1.00099,149.037
1537,1.00414,152.812
1538,0.99953,150.158
1539,1.01405,153.728
1540,1.01395,153.712
1541,1.01413,153.743
1542,1.00689,153.519
1543,1.04652,157.477
1544,1.0444,158.905
1545,1.04438,158.903
1546,1.04441,158.906
1547,1.0444,158.905
1548,1.00495,150.02
1549,1.00498,150.025
1550,0.992588,146.517
1551,0.992563,146.512
1552,0.992616,146.523
1553,0.992588,146.517
1554,1.00158,147.717
1555,1.01011,152.461
1556,1.02178,153.372
1557,1.01001,152.445
1558,1.00968,152.449
1559,1.01011,152.461
1560,1.01011,152.461
1561,1.01053,151.775
1562,1.00704,151.419
1563,1.00822,151.803
1564,1.01144,152.685
1565,1.0114,152.676
1566,1.01148,152.693
1567,1.01344,154.196
1568,1.01339,154.191
1569,1.01538,153.448
1570,1.01535,153.442
1571,1.01902,153.436
1572,1.01905,153.44
1573,1.00983,147.679
1574,1.0098,147.676
1575,1.00502,156.81
1576,1.00376,156.453
1577,1.00228,156.509
1578,1.0103,156.082
1579,1.00224,156.502
1580,1.00234,156.532
1581,1.00228,156.509
1582,1.00228,156.509
1583,1.01582,159.873
1584,1.01579,159.87
1585,1.01878,161.629
1586,1.01876,161.626
1587,1.01807,161.33
1588,1.01804,161.327
1589,1.0181,161.333
1590,1.01802,150.612
1591,1.01801,150.609
1592,0.999796,152.177
1593,1.00135,150.337
1594,1.00141,150.347
1595,1.00815,148.48
1596,1.01065,155.662
1597,1.0107,155.669
1598,1.01061,155.656
1599,1.0106,156.917
1600,1.00613,152.942
1601,1.00614,152.944
1602,1.00612,152.94
1603,1.04871,163.043
1604,1.04872,163.044
1605,1.05338,162.421
1606,1.00772,154.608
1607,1.01625,156.485
1608,1.00309,157.814
1609,1.01622,156.475
1610,1.01711,156.423
1611,1.01625,156.485
1612,1.01625,156.485
1613,0.990968,154.19
1614,1.0235,164.134
1615,0.993644,160.688
1616,0.993632,160.685
1617,0.993655,160.69
1618,0.993644,160.688
1619,0.971639,161.72
1620,1.02602,163.508
1621,1.02601,163.507
1622,1.01171,158.545
1623,1.01169,158.541
1624,1.01174,158.55
1625,1.03185,164.036
1626,1.03293,163.476
1627,0.990867,163.465
1628,0.990827,163.457
1629,0.99091,163.472
1630,0.990867,163.465
1631,0.983629,157.145
1632,0.989907,165.508
1633,1.02922,165.433
1634,1.02928,165.443
1635,1.02922,165.433
1636,1.02915,165.421
1637,1.02466,166.206
1638,1.02459,166.196
1639,1.02474,166.217
1640,1.02466,166.206
1641,1.02675,165.911
1642,0.980398,172.084
1643,0.968168,170.236
1644,0.966706,168.11
1645,0.966679,168.102
1646,0.968986,166.112
1647,0.96549,165.714
1648,0.971176,165.493
1649,0.965452,165.709
1650,0.965213,165.73
1651,0.96549,165.714
1652,0.96549,165.714
1653,0.974417,164.491
1654,1.01023,169.169
1655,1.01018,169.164
1656,1.01029,169.175
1657,0.988096,168.094
1658,0.988058,168.089
1659,0.989367,166.052
1660,0.989408,166.058
1661,0.989322,166.046
1662,0.989367,166.052
1663,0.98797,166.982
1664,0.987999,166.987
1665,0.987944,166.976
1666,1.0231,168.574
1667,1.02319,168.105
1668,1.02349,167.232
1669,0.988998,172.469
1670,1.01229,168.803
1671,1.01908,169.129
1672,1.01568,168.234
1673,1.01554,168.211
1674,1.0145,168.255
1675,1.02035,168.916
1676,1.01437,168.233
1677,1.01535,168.246
1678,1.0145,168.255
1679,1.0145,168.255
1680,1.00171,171.034
1681,1.00178,171.045
1682,1.00171,171.034
1683,1.00171,171.034
1684,1.00795,169.929
1685,1.01215,169.732
1686,1.00333,170.572
1687,0.962071,171.291
1688,0.962059,171.289
1689,0.959497,170.602
1690,0.959471,170.597
1691,1.01872,171.091
1692,1.03177,172.311
1693,1.01862,171.071
1694,1.01831,171.082
1695,1.01872,171.091
1696,1.01872,171.091
1697,1.02459,170.834
1698,1.02443,170.811
1699,1.01285,170.562
1700,1.01467,169.657
1701,1.01274,170.54
1702,1.01333,170.62
1703,1.01285,170.562
1704,1.0143,169.299
1705,1.02282,170.254
1706,1.02296,170.273
1707,1.02198,170.632
1708,1.02192,170.622
1709,1.02357,169.84
1710,1.02177,171.302
1711,0.959034,171.522
1712,0.958985,171.512
1713,0.953926,172.352
1714,0.953819,172.34
1715,0.954035,172.364
1716,0.953926,172.352
1717,0.97008,172.307
1718,0.991257,172.719
1719,1.00324,172.277
1720,0.996393,174.212
1721,1.00209,172.593
1722,0.996241,174.193
1723,0.996559,174.303
1724,0.996393,174.212
1725,1.00868,171.662
1726,1.0086,171.646
1727,1.01005,171.454
1728,1.01016,171.472
1729,1.00993,171.439
1730,1.01127,171.667
1731,1.01137,171.686
1732,1.01116,171.65
1733,1.0084,172.469
1734,1.01241,171.826
1735,1.00829,172.452
1736,1.00842,172.524
1737,1.0084,172.469
1738,1.0084,172.469
1739,0.954775,174.607
1740,0.940294,177.998
1741,0.944517,177.436
1742,0.940261,177.991
1743,0.941073,178.019
1744,0.940294,177.998
1745,0.945074,176.613
1746,0.952532,172.583
1747,0.952309,172.4
1748,0.952178,172.374
1749,0.957492,173.343
1750,0.959494,172.872
1751,0.957346,173.318
1752,0.957684,173.388
1753,0.957492,173.343
1754,0.948763,173.472
1755,0.952945,172.849
1756,0.948553,173.446
1757,0.949538,173.551
1758,0.948763,173.472
1759,1.0045,173.591
1760,1.00449,173.59
1761,1.00451,173.593
1762,1.0045,173.591
1763,0.960644,178.909
1764,0.972006,178.979
1765,1.02188,171.779
1766,1.02312,171.977
1767,1.02453,172.408
1768,1.02343,171.983
1769,1.02312,171.977
1770,1.02312,171.977
1771,1.02298,171.957
1772,0.960515,178.59
1773,1.02142,171.399
1774,1.02138,171.393
1775,1.02146,171.404
1776,1.02142,171.399
1777,1.02975,173.656
1778,1.02971,173.651
1779,1.02754,173.456
1780,1.02757,173.461
1781,1.02751,173.451
1782,1.02754,173.456
1783,0.953934,172.847
1784,0.953826,172.829
1785,0.953127,172.661
1786,0.953023,172.642
1787,0.95325,172.68
1788,0.952326,172.504
1789,0.956433,172.924
1790,0.971195,173.48
1791,0.971166,173.476
1792,0.971222,173.485
1793,0.971195,173.48
1794,0.971742,173.186
1795,1.03215,173.831
1796,1.0318,173.905
1797,1.03177,173.901
1798,1.02367,172.564
1799,1.0237,172.568
1800,1.0247,173.409
1801,1.02573,173.382
1802,1.02576,173.386
1803,0.951446,176.573
1804,0.951431,176.57
1805,0.951465,176.576
1806,0.951446,176.573
1807,0.950719,177.016
1808,0.950695,177.011
1809,0.950744,177.02
1810,0.951787,176.317
1811,1.02825,173.154
1812,1.03579,174.389
1813,1.03779,174.693
1814,1.03362,174.084
1815,1.03361,174.081
1816,0.967781,173.588
1817,0.95657,175.464
1818,0.955654,174.284
1819,0.955636,174.281
1820,0.951647,177.988
1821,1.00799,176.844
1822,0.956451,174.842
1823,0.955965,175.345
1824,1.04203,176.055
1825,1.04209,176.064
1826,1.03701,177.029
1827,1.04575,176.855
1828,1.03695,177.02
1829,1.03667,177.052
1830,1.03701,177.029
1831,1.03883,175.464
1832,1.05487,177.55
1833,1.02717,175.107
1834,1.0027,174.392
1835,1.02816,175.132
1836,1.02712,175.097
1837,1.02717,175.107
1838,1.02717,175.107
1839,0.995922,174.131
1840,0.995863,174.122
1841,0.995979,174.14
1842,0.993889,174.149
1843,0.993812,174.14
1844,0.978264,179.636
1845,0.953208,179.067
1846,0.957728,179.221
1847,0.957675,179.213
1848,1.02124,178.724
1849,1.02792,178.082
1850,1.02109,178.764
1851,1.02121,178.718
1852,1.02124,178.724
1853,1.02124,178.724
1854,1.02884,177.753
1855,1.02878,177.748
1856,1.02946,177.629
1857,1.05188,176.432
1858,1.0518,176.423
1859,1.06391,177.829
1860,1.06398,177.838
1861,1.06383,177.82
1862,1.06391,177.829
1863,1.04608,177.341
1864,1.05789,177.425
1865,1.04601,177.333
1866,1.04574,177.353
1867,1.04608,177.341
1868,1.04608,177.341
1869,1.02163,177.471
1870,1.03049,177.957
1871,1.03047,177.954
1872,1.04375,178.325
1873,1.03271,177.144
1874,1.03266,177.131
1875,1.03509,177.187
1876,1.02268,176.887
1877,1.03064,177.119
1878,1.02247,176.861
1879,1.02392,176.89
1880,1.02268,176.887
1881,1.05292,176.916
1882,1.05287,176.909
1883,1.05297,176.924
1884,1.05292,176.916
1885,1.05501,177.17
1886,1.04384,176.635
1887,1.05258,176.89
1888,1.04378,176.628
1889,1.04378,176.634
1890,1.04384,176.635
1891,1.04384,176.635
1892,0.955351,180.195
1893,0.955321,180.191
1894,0.9396,180.506
1895,0.948393,180.377
1896,0.939515,180.497
1897,0.941334,180.498
1898,0.9396,180.506
1899,0.9396,180.506
1900,0.947771,179.465
1901,0.94775,179.461
1902,0.947789,179.468
1903,0.947084,179.088
1904,1.07207,179
1905,1.07171,178.965
1906,1.07196,179.479
1907,1.07193,179.473
1908,1.07199,179.485
1909,1.06753,178.68
1910,1.06751,178.678
1911,1.06755,178.683
1912,1.06753,178.68
1913,1.06559,178.589
1914,1.05234,180.259
1915,0.969852,179.35
1916,1.09265,182.995
1917,1.05706,178.095
1918,1.06432,178.39
1919,1.06423,178.38
1920,1.05662,177.461
1921,1.0566,177.354
1922,1.05816,177.564
1923,1.04832,176.719
1924,1.05733,177.649
1925,1.04809,176.713
1926,1.04819,176.698
1927,1.04832,176.719
1928,1.06402,178.037
1929,1.06397,178.025
1930,1.06407,178.049
1931,1.06402,178.037
1932,1.09684,183.309
1933,1.05799,179.6
1934,1.06492,178.644
1935,1.05791,179.589
1936,1.05853,179.652
1937,1.05799,179.6
1938,1.05799,179.6
1939,1.06161,178.387
1940,1.06169,178.398
1941,1.06161,178.387
1942,1.06152,178.375
1943,1.06295,177.25
1944,1.06286,177.235
1945,1.06303,177.264
1946,1.06295,177.25
1947,1.06503,178.106
1948,1.06434,178.035
1949,1.06443,178.05
1950,1.06434,178.035
1951,1.06425,178.021
1952,1.07375,178.15
1953,1.06953,177.673
1954,1.06946,177.666
1955,1.06983,177.91
1956,0.965437,180.724
1957,0.955511,180.286
1958,0.962218,180.474
1959,0.95545,180.278
1960,0.955332,180.29
1961,0.955511,180.286
1962,0.955511,180.286
1963,0.963888,180.546
1964,0.963836,180.539
1965,0.979404,179.824
1966,0.973824,179.489
1967,0.973854,179.494
1968,0.973792,179.484
1969,0.973824,179.489
1970,0.986057,180.293
1971,0.986025,180.289
1972,0.999033,180.035
1973,0.965377,180.084
1974,0.977437,179.902
1975,0.964951,180.101
1976,0.965351,180.081
1977,0.965377,180.084
1978,1.08686,182.431
1979,1.08684,182.428
1980,1.08689,182.435
1981,1.09138,182.527
1982,1.08809,182.165
1983,1.0881,182.167
1984,1.08809,182.165
1985,1.08808,182.163
1986,1.0717,179.721
1987,1.06922,179.251
1988,1.06916,179.243
1989,1.06928,179.259
1990,1.06922,179.251
1991,1.07497,180.258
1992,1.07493,180.25
1993,1.06588,176.577
1994,1.06569,176.556
1995,1.06606,176.599
1996,1.06588,176.577
1997,1.06729,176.477
1998,1.06593,176.884
1999,1.06582,176.863
2000,1.06605,176.904
2001,1.06613,177.39
2002,1.06588,176.641
2003,1.03488,180.663
2004,1.03487,180.66
2005,1.03489,180.665
2006,1.03488,180.663
2007,1.07461,179.353
2008,1.07917,180.125
2009,1.07304,179.37
2010,1.07295,179.354
2011,1.07311,179.386
2012,1.07435,179.611
2013,1.07415,179.596
2014,1.07455,179.625
2015,0.981402,183.443
2016,1.07106,179.73
2017,1.07104,179.728
2018,1.06996,179.794
2019,1.06879,179.902
2020,1.0689,179.904
2021,1.05971,178.324
2022,1.05971,178.323
2023,0.994354,180.592
2024,0.994364,180.594
2025,0.980086,181.972
2026,1.07635,180.289
2027,1.07196,180.819
2028,1.07739,181.766
2029,1.07092,183.374
2030,1.07673,181.723
2031,1.07198,183.449
2032,1.07073,183.343
2033,1.07092,183.374
2034,1.06913,181.346
2035,1.02636,180.946
2036,1.02635,180.944
2037,1.00162,182.605
2038,1.0016,182.603
2039,1.00163,182.607
2040,1.00162,182.605
2041,1.08714,181.283
2042,1.08713,181.281
2043,1.07563,180.142
2044,1.07562,180.139
2045,1.07708,180.669
2046,1.07992,181.397
2047,1.07995,181.4
2048,1.07992,181.397
2049,1.07989,181.394
2050,1.0778,182.555
2051,1.07679,181.492
2052,1.05732,178.912
2053,1.05414,178.878
2054,1.05412,178.876
2055,1.03797,179.787
2056,0.984128,180.616
2057,0.984113,180.613
2058,0.984143,180.618
2059,0.987489,180.727
2060,0.98747,180.723
2061,0.987508,180.73
2062,0.987489,180.727
2063,0.990799,180.924
2064,1.08627,181.351
2065,1.07207,180.638
2066,1.07206,180.636
2067,1.07208,180.639
2068,1.00567,179.617
2069,1.02516,180.358
2070,1.02514,180.356
2071,1.02518,180.361
2072,1.082,184.343
2073,1.07876,187.153
2074,1.01895,178.579
2075,1.01897,178.582
2076,1.01893,178.576
2077,1.01895,178.579
2078,1.07691,183.939
2079,1.07687,183.933
2080,1.07695,183.945
2081,1.0752,184.741
2082,1.07902,184.43
2083,1.08014,183.68
2084,1.07897,184.424
2085,1.07921,184.463
2086,1.07902,184.43
2087,1.0592,179.03
2088,1.05876,178.965
2089,1.05874,178.963
2090,1.04375,178.378
2091,1.04375,178.379
2092,1.04374,178.377
2093,1.03779,179.171
2094,1.03902,178.564
2095,1.02569,177.835
2096,1.02568,177.833
2097,1.02571,177.837
2098,1.08198,189.073
2099,1.08194,189.069
2100,1.08202,189.077
2101,1.06767,181.639
2102,1.06763,181.633
2103,1.05999,181.29
2104,1.05555,181.142
2105,1.06539,180.854
2106,1.06538,180.853
2107,1.06539,180.855
2108,1.06539,180.854
2109,1.04842,178.188
2110,1.04841,178.187
2111,1.04842,178.19
2112,1.04842,178.188
2113,1.03488,180.201
2114,1.04239,177.628
2115,1.06721,183.055
2116,1.06344,181.265
2117,1.06114,180.663
2118,1.09187,192.333
2119,1.09185,192.33
2120,1.09189,192.335
2121,1.08846,191.426
2122,1.08968,192.14
2123,1.03486,177.349
2124,1.08878,189.483
2125,1.03785,177.407
2126,1.03784,177.405
2127,1.03475,177.956
2128,1.0306,179.37
2129,1.03025,178.109
2130,1.0324,177.024
2131,1.08524,187.727
2132,1.08522,187.726
2133,1.05796,183.699
2134,1.06699,184.183
2135,1.03385,177.068
2136,1.03357,176.797
2137,1.03353,176.79
2138,1.03362,176.805
2139,1.0324,176.545
2140,1.03244,176.551
2141,1.03914,177.987
2142,1.04789,179.04
2143,1.04042,177.515
2144,1.0404,177.511
2145,1.04045,177.519
2146,1.08134,185.596
2147,1.04095,177.336
2148,1.04314,177.456
2149,1.04321,177.465
2150,1.04307,177.448
2151,1.04314,177.456
2152,1.04111,177.332
2153,1.04104,177.323
2154,1.04159,177.32
2155,1.04155,177.311
2156,1.04163,177.328
2157,1.0263,177.535
2158,1.02626,177.529
2159,1.02634,177.541
2160,1.02676,177.646
2161,1.02597,177.419
2162,1.03538,175.728
2163,1.03117,176.175
2164,1.03006,176.231
2165,1.08611,190.069
2166,1.0861,190.067
2167,1.08863,191.017
2168,1.02588,176.276
2169,1.03496,175.516
2170,1.03491,175.507
2171,1.03502,175.525
2172,1.03472,175.452
2173,1.02847,176.072
2174,1.04146,174.955
2175,1.0414,174.948
2176,1.04151,174.963
2177,1.04137,175.306
2178,1.04889,175.789
2179,1.04894,175.797
2180,1.04885,175.78
2181,1.02535,175.432
2182,1.02525,175.411
2183,1.02547,175.451
2184,1.02535,175.432
2185,1.02294,175.729
2186,1.02278,175.711
2187,1.02314,175.953
2188,1.02302,175.932
2189,1.03181,174.584
2190,1.03168,174.563
2191,1.02401,175.306
2192,1.02438,175.347
2193,1.02384,175.285
2194,1.02402,175.493
2195,1.03028,175.073
2196,1.03012,175.05
2197,1.02986,174.758
2198,1.02969,174.729
2199,1.03001,174.785
2200,1.0206,178.991
2201,1.02513,175.566
2202,1.02663,175.343
2203,1.03282,174.589
2204,1.08331,188.047
2205,1.08362,188.274
2206,1.08361,188.271
2207,1.08514,188.754
2208,1.02802,175.499
2209,1.02791,175.483
2210,1.02811,175.515
2211,1.02802,175.499
2212,1.03623,174.765
2213,1.03628,174.773
2214,1.03623,174.765
2215,1.08333,188.351
2216,1.0833,188.349
2217,1.08335,188.354
2218,1.02243,177.557
2219,1.02867,175.927
2220,1.02751,176.124
2221,1.02759,176.134
2222,1.02744,176.114
2223,1.02751,176.124
2224,1.03298,174.527
2225,1.06203,180.566
2226,1.06201,180.563
2227,1.02494,176.666
2228,1.033,174.667
2229,1.03491,175.603
2230,1.02824,175.273
2231,1.03652,175.867
2232,1.03659,175.878
2233,1.03652,175.867
2234,1.03652,175.867
2235,1.02853,175.463
2236,1.02863,175.474
2237,1.03401,174.629
2238,1.04759,174.869
2239,1.03031,174.523
2240,1.03022,174.508
2241,1.03039,174.538
2242,1.03658,174.889
2243,1.0367,174.903
2244,1.03647,174.875
2245,1.03658,174.889
2246,1.03924,174.502
2247,1.03933,174.519
2248,1.02972,174.583
2249,1.02982,174.604
2250,1.02961,174.563
2251,1.02972,174.583
2252,1.07242,175.831
2253,1.07242,175.83
2254,1.07133,175.849
2255,1.07136,175.851
2256,1.0362,174.75
2257,1.03848,174.594
2258,1.03835,174.576
2259,1.0443,174.152
2260,1.04424,174.142
2261,1.04436,174.162
2262,1.03986,174.601
2263,1.05732,175.001
2264,1.05734,175.005
2265,1.05396,174.943
2266,1.08345,189.134
2267,1.07514,187.759
2268,1.07867,188.062
2269,1.07508,187.749
2270,1.07492,187.751
2271,1.07514,187.759
2272,1.07875,187.835
2273,1.07867,187.826
2274,1.07882,187.843
2275,1.07875,187.835
2276,1.08851,190.479
2277,1.08845,190.469
2278,1.04565,175.607
2279,1.04562,175.602
2280,1.03642,174.964
2281,1.04161,174.732
2282,1.04155,174.717
2283,1.04167,174.747
2284,1.04052,174.612
2285,1.03665,174.078
2286,1.03656,174.06
2287,1.03512,174.164
2288,1.04315,174.075
2289,1.04304,174.057
2290,1.04328,174.094
2291,1.04315,174.075
2292,1.04477,174.236
2293,1.04491,174.252
2294,1.04465,174.219
2295,1.06516,175.273
2296,1.0651,175.265
2297,1.04411,174.094
2298,1.04403,174.083
2299,1.04398,174.108
2300,1.04561,174.578
2301,1.04491,174.198
2302,1.04484,174.185
2303,1.04206,174.639
2304,1.07656,185.477
2305,1.07664,185.491
2306,1.08252,187.873
2307,1.08227,187.844
2308,1.08248,187.715
2309,1.04521,174.167
2310,1.04514,174.159
2311,1.04035,174.171
2312,1.04053,174.189
2313,1.0402,174.155
2314,1.0461,174.163
2315,1.07102,175.753
2316,1.07358,175.969
2317,1.06613,175.845
2318,1.06609,175.84
2319,1.04962,175.686
2320,1.08298,187.67
2321,1.04719,174.813
2322,1.04716,174.807
2323,1.04467,174.688
2324,1.0511,174.741
2325,1.05112,174.747
2326,1.06756,181.143
2327,1.06829,186.937
2328,1.06929,182.21
2329,1.06928,182.207
2330,1.06931,182.213
2331,1.04687,174.853
2332,1.07906,187.487
2333,1.04591,174.211
2334,1.05216,174.642
2335,1.05209,174.634
2336,1.05222,174.65
2337,1.06014,178.587
2338,1.06015,178.589
2339,1.06051,175.284
2340,1.06045,175.275
2341,1.06057,175.293
2342,1.05501,175.253
2343,1.05497,175.246
2344,1.05845,175.493
2345,1.05852,175.504
2346,1.05839,175.483
2347,1.0533,174.729
2348,1.05327,174.726
2349,1.05424,175.22
2350,1.05039,174.734
2351,1.05037,174.73
2352,1.05041,174.738
2353,1.05039,174.734
2354,0.969404,187.164
2355,0.967779,185.934
2356,0.980422,184.096
2357,0.9,189.393
2358,0.955579,188.577
2359,0.9,190.75
2360,0.9,188.631
2361,0.9,190.03
2362,0.9,188.737
2363,0.956382,184.755
2364,0.970245,185.763
2365,0.969404,187.164
2366,0.967779,185.934
2367,1.04994,153.282
2368,1.01439,148.466
2369,1.04644,152.803
2370,1.04994,153.282
2371,1.04994,153.282
2372,1.04994,153.282
2373,1.07764,151.268
2374,1.0749,150.836
2375,1.07255,148.323
2376,1.1,151.838
2377,1.06401,151.369
2378,1.07893,151.253
2379,1.07764,151.268
2380,1.07329,150.853
2381,1.07764,151.268
2382,1.03042,175.902
2383,1.07953,176.051
2384,1.02992,175.907
2385,1.03042,175.902
2386,1.03042,175.902
2387,1.03042,175.902
2388,1.08675,150.46
2389,1.07492,149.008
2390,1.07404,147.429
2391,1.1,150.752
2392,1.1,150.577
2393,1.1,150.582
2394,1.08541,150.541
2395,1.08675,150.46
2396,1.08675,150.46
2397,1.08675,150.46
2398,0.990632,167.935
2399,0.991431,167.029
2400,0.973525,170.604
2401,0.992541,167.783
2402,0.990632,167.935
2403,0.990632,167.935
2404,0.990632,167.935
2405,1.01908,152.729
2406,1.01847,152.709
2407,1.01908,152.729
2408,1.01908,152.729
2409,0.987683,171.861
2410,0.989658,172.868
2411,0.971916,173.7
2412,0.987926,171.722
2413,0.987683,171.861
2414,0.987683,171.861
2415,0.987683,171.861
2416,1.09002,195.425
2417,1.0861,192.653
2418,1.08715,190.041
2419,1.1,197.125
2420,1.09766,196.212
2421,1.1,197.87
2422,1.09518,195.953
2423,1.1,196.755
2424,1.09644,196.082
2425,1.08305,195.01
2426,1.09002,195.425
2427,1.08358,192.2
2428,1.0861,192.653
2429,0.953689,176.223
2430,0.975214,175.031
2431,0.986595,173.713
2432,0.913813,176.902
2433,0.950335,176.636
2434,0.977133,174.929
2435,0.975214,175.031
2436,0.952534,176.226
2437,0.975214,175.031
2438,0.925766,175.339
2439,0.94433,173.031
2440,0.952081,172.617
2441,0.919011,175.409
2442,0.921166,175.512
2443,0.917125,175.53
2444,0.919617,175.436
2445,0.917193,175.656
2446,0.91637,175.595
2447,0.945385,172.609
2448,0.94433,173.031
2449,0.938433,175.398
2450,0.94433,173.031
2451,1.07821,185.47
2452,1.07841,183.776
2453,1.07851,181.013
2454,1.09363,186.361
2455,1.1,187.149
2456,1.08933,185.914
2457,1.09077,186.799
2458,1.08619,186.293
2459,1.092,186.194
2460,1.07794,183.647
2461,1.07388,184.908
2462,1.07841,183.776
2463,1.07821,185.47
2464,1.1,151.52
2465,1.09958,151.44
2466,1.1,151.52
2467,1.1,151.52
2468,0.920045,178.98
2469,0.938894,179.064
2470,0.946094,178.418
2471,0.913595,179.159
2472,0.905987,179.15
2473,0.910169,179.227
2474,0.911784,179.074
2475,0.911766,179.059
2476,0.911443,179.079
2477,0.940091,179.086
2478,0.93333,178.71
2479,0.938894,179.064
2480,0.938894,179.064
2481,1.01337,164.546
2482,1.02057,162.912
2483,1.03776,167.341
2484,1.04889,167.826
2485,1.01081,164.42
2486,1.01337,164.546
2487,1.01337,164.546
2488,1.01337,164.546
2489,1.03795,160.58
2490,1.05692,162.01
2491,1.03718,160.519
2492,1.03795,160.58
2493,1.03795,160.58
2494,1.03795,160.58
2495,1.09025,193.579
2496,1.09192,192.852
2497,1.1,195.827
2498,1.1,195.456
2499,1.08967,193.488
2500,1.09025,193.579
2501,1.09025,193.579
2502,1.09025,193.579
2503,1.02442,163.342
2504,1.0441,165.028
2505,1.02426,163.333
2506,1.02442,163.342
2507,1.02442,163.342
2508,1.02442,163.342
2509,1.05693,154.656
2510,1.05136,155.396
2511,1.07512,156.59
2512,1.05675,154.552
2513,1.05693,154.656
2514,1.05693,154.656
2515,1.05693,154.656
2516,1.07588,150.851
2517,1.1,156.906
2518,1.07554,150.796
2519,1.07588,150.851
2520,1.07588,150.851
2521,1.07588,150.851
2522,1.07786,183.928
2523,1.1,188.569
2524,1.07739,183.863
2525,1.07786,183.928
2526,1.07786,183.928
2527,1.07786,183.928
2528,1.05806,153.194
2529,1.0699,152.98
2530,1.07729,151.81
2531,1.06825,153.344
2532,1.08183,153.353
2533,1.06015,153.162
2534,1.0694,153.032
2535,1.0699,152.98
2536,1.0699,152.98
2537,0.937821,175.814
2538,0.957505,175.258
2539,0.973341,174.065
2540,0.9,175.944
2541,0.905483,175.899
2542,0.9,175.882
2543,0.900359,175.921
2544,0.903935,175.876
2545,0.9,175.956
2546,0.959149,175.215
2547,0.941648,175.757
2548,0.957505,175.258
2549,0.957505,175.258
2550,1.01733,157.59
2551,1.03488,155.865
2552,1.01247,157.755
2553,1.01733,157.59
2554,1.01733,157.59
2555,1.01733,157.59
2556,1.01805,183.826
2557,1.03263,180.803
2558,1.05049,180.959
2559,1.05552,181.017
2560,1.01788,183.995
2561,1.01805,183.826
2562,1.01805,183.826
2563,1.01805,183.826
2564,1.0669,179.998
2565,1.07963,181.229
2566,1.06674,179.988
2567,1.0669,179.998
2568,1.0669,179.998
2569,1.0669,179.998
2570,1.01971,169.358
2571,1.02123,168.921
2572,1.04161,171.791
2573,1.0461,172.36
2574,1.01619,169.115
2575,1.01971,169.358
2576,1.01971,169.358
2577,1.01971,169.358
2578,1.1,153.336
2579,1.09833,153.16
2580,1.1,153.336
2581,1.1,153.336
2582,1.00905,151.481
2583,1.01059,148.931
2584,0.9,149.705
2585,1.00995,151.643
2586,1.00905,151.481
2587,1.00905,151.481
2588,1.00905,151.481
2589,1.05687,153.265
2590,1.05147,152.283
2591,1.07155,154.83
2592,1.07442,156.548
2593,1.08185,155.936
2594,1.05436,153.037
2595,1.05687,153.265
2596,1.05687,153.265
2597,1.05687,153.265
2598,1.0331,148.993
2599,1.03161,148.906
2600,1.0331,148.993
2601,1.0331,148.993
2602,0.989028,168.083
2603,0.989394,167.996
2604,0.989028,168.083
2605,0.989028,168.083
2606,1.05201,178.856
2607,1.05356,175.403
2608,1.04645,178.875
2609,1.06223,178.851
2610,1.1,175.44
2611,1.1,175.471
2612,1.05125,178.957
2613,1.05201,178.856
2614,1.05201,178.856
2615,1.05201,178.856
2616,1.03694,172.976
2617,1.03518,172.815
2618,1.03694,172.976
2619,1.03694,172.976
2620,1.00384,176.123
2621,1.00512,175.117
2622,1.00211,176.04
2623,1.00384,176.123
2624,1.00384,176.123
2625,1.00384,176.123
2626,0.946369,177.574
2627,0.956575,176.163
2628,0.941959,181.458
2629,0.951261,180.328
2630,0.945581,177.561
2631,0.946369,177.574
2632,0.946369,177.574
2633,0.946369,177.574
2634,1.08452,150.428
2635,1.08233,148.567
2636,1.07418,146.652
2637,1.05953,150.568
2638,1.05658,150.513
2639,1.06088,150.547
2640,1.08475,150.612
2641,1.08184,148.38
2642,1.08452,150.428
2643,1.08233,148.567
2644,1.09253,194.812
2645,1.09212,192.568
2646,1.09943,197.38
2647,1.09262,194.717
2648,1.09253,194.812
2649,1.09253,194.812
2650,1.09253,194.812
2651,0.990726,170.925
2652,0.990677,170.652
2653,0.990024,171.75
2654,0.99104,170.878
2655,0.990726,170.925
2656,0.990726,170.925
2657,0.990726,170.925
2658,1.1,183.817
2659,1.09936,183.751
2660,1.1,183.817
2661,1.1,183.817
2662,1.03459,155.645
2663,1.04024,155.089
2664,1.04902,155.664
2665,1.03368,155.691
2666,1.03459,155.645
2667,1.03459,155.645
2668,1.03459,155.645
2669,1.05904,137.729
2670,1.1,138.687
2671,1.05809,137.719
2672,1.05904,137.729
2673,1.05904,137.729
2674,1.05904,137.729
2675,1.02926,176.594
2676,1.02915,176.439
2677,1.02926,176.594
2678,1.02926,176.594
2679,0.926928,181.216
2680,0.940146,180.949
2681,0.948188,179.812
2682,0.918805,181.732
2683,0.917005,182.461
2684,0.907449,183.592
2685,0.919259,181.477
2686,0.9,185.534
2687,0.91564,182.623
2688,0.942013,180.925
2689,0.934805,179.401
2690,0.940146,180.949
2691,0.940146,180.949
2692,1.08752,179.977
2693,1.08498,179.808
2694,1.08752,179.977
2695,1.08752,179.977
2696,1.03355,174.187
2697,1.02694,174.013
2698,1.0514,176.155
2699,1.03307,174.13
2700,1.03355,174.187
2701,1.03355,174.187
2702,1.03355,174.187
2703,1.09188,148.721
2704,1.08933,146.328
2705,1.08544,145.457
2706,1.1,148.774
2707,1.09905,148.791
2708,1.08771,146.107
2709,1.09301,148.943
2710,1.08933,146.328
2711,1.08933,146.328
2712,1.07517,181.354
2713,1.07462,181.359
2714,1.07517,181.354
2715,1.07517,181.354
2716,0.996086,161.875
2717,1.00317,159.94
2718,1.01079,155.435
2719,0.995909,161.934
2720,1.00494,161.912
2721,1.00258,161.967
2722,1.00324,161.979
2723,1.00411,158.497
2724,1.00317,159.94
2725,1.00317,159.94
2726,1.00317,159.94
2727,1.01652,166.95
2728,0.996939,167.62
2729,0.99296,167.184
2730,1.0464,167.143
2731,1.02469,167.105
2732,1.0172,166.797
2733,1.01652,166.95
2734,0.994773,167.761
2735,1.01652,166.95
2736,1.08348,179.109
2737,1.08128,178.971
2738,1.08348,179.109
2739,1.08348,179.109
2740,1.08613,149.854
2741,1.08452,149.692
2742,1.08613,149.854
2743,1.08613,149.854
2744,1.01335,152.698
2745,1.00863,150.548
2746,1.0383,154.776
2747,1.0131,152.749
2748,1.01335,152.698
2749,1.01335,152.698
2750,1.01335,152.698
2751,1.08222,181.603
2752,1.1,186.145
2753,1.08198,181.57
2754,1.08222,181.603
2755,1.08222,181.603
2756,1.08222,181.603
2757,1.02348,155.602
2758,1.01277,154.768
2759,1.01821,155.198
2760,1.02348,155.602
2761,1.02348,155.602
2762,1.02348,155.602
2763,1.03829,192.715
2764,1.04162,191.803
2765,1.06732,188.954
2766,1.04432,193.358
2767,1.04374,193.067
2768,1.04178,193.09
2769,1.04385,193.223
2770,1.04634,193.579
2771,1.04634,193.468
2772,1.09006,191.517
2773,1.04533,193.47
2774,1.03545,192.341
2775,1.03829,192.715
2776,1.03829,192.715
2777,1.0412,191.644
2778,1.06585,154.564
2779,1.07885,152.591
2780,1.07562,151.279
2781,1.05648,154.353
2782,1.07906,152.398
2783,1.07885,152.591
2784,1.06585,154.564
2785,1.05026,152.363
2786,1.1,153.047
2787,1.1,152.786
2788,1.04935,152.362
2789,1.05026,152.363
2790,1.05026,152.363
2791,1.05026,152.363
2792,1.04365,151.875
2793,1.04365,159.078
2794,1.04356,151.812
2795,1.04365,151.875
2796,1.04365,151.875
2797,1.04365,151.875
2798,1.02046,179.332
2799,1.02042,179.187
2800,1.02046,179.332
2801,1.02046,179.332
2802,0.96221,143.824
2803,0.9,151.486
2804,0.929353,151.805
2805,0.96221,149.366
2806,0.96221,148.705
2807,0.96221,149.692
2808,0.96226,143.684
2809,0.96221,143.824
2810,0.96221,143.824
2811,0.96221,143.824
2812,1.08311,151.963
2813,1.08148,150.353
2814,1.1,157.266
2815,1.1,154.24
2816,1.08131,151.763
2817,1.08311,151.963
2818,1.08311,151.963
2819,1.08311,151.963
2820,1.08317,154.681
2821,1.08034,154.7
2822,1.08317,154.681
2823,1.08317,154.681
2824,1.08437,191.516
2825,1.08091,186.691
2826,1.0829,185.274
2827,1.09034,192.132
2828,1.09377,192.493
2829,1.09659,192.557
2830,1.09384,192.5
2831,1.09404,192.514
2832,1.1,192.832
2833,1.08118,191.126
2834,1.07961,186.346
2835,1.08091,186.691
2836,1.08091,186.691
2837,1.00846,155.344
2838,1.00947,155.302
2839,1.00846,155.344
2840,1.00846,155.344
2841,1.02607,177.425
2842,1.02607,183.299
2843,1.02596,177.377
2844,1.02607,177.425
2845,1.02607,177.425
2846,1.02607,177.425
2847,0.973235,173.634
2848,0.984961,172.635
2849,0.986799,175.206
2850,0.972017,173.623
2851,0.973235,173.634
2852,0.973235,173.634
2853,0.973235,173.634
2854,1.00176,161.944
2855,1.02104,158.851
2856,1.06729,155.216
2857,1.00002,162.005
2858,0.995827,161.983
2859,0.997626,162.03
2860,1.01961,158.732
2861,1.00158,162.273
2862,1.00176,161.944
2863,1.00176,161.944
2864,1.03026,174.123
2865,1.05456,178.165
2866,1.0298,174.085
2867,1.03026,174.123
2868,1.03026,174.123
2869,1.03026,174.123
2870,1.02382,165.585
2871,1.02935,165.79
2872,1.06876,170.148
2873,1.06529,170.377
2874,1.0235,165.577
2875,1.02382,165.585
2876,1.02382,165.585
2877,1.02382,165.585
2878,1.09916,188.68
2879,1.09723,188.544
2880,1.09916,188.68
2881,1.09916,188.68
2882,0.978577,167.975
2883,1.00741,168.894
2884,1.01403,168.929
2885,0.924859,169.527
2886,0.931947,168.675
2887,0.927029,169.267
2888,0.932042,168.665
2889,0.977838,167.434
2890,1.01001,168.947
2891,0.978577,167.975
2892,0.978577,167.975
2893,1.06967,146.881
2894,1.09208,152.822
2895,1.06948,146.839
2896,1.06967,146.881
2897,1.06967,146.881
2898,1.06967,146.881
2899,1.07554,153.297
2900,1.1,151.217
2901,1.07325,153.276
2902,1.07554,153.297
2903,1.07554,153.297
2904,1.07554,153.297
2905,1.02633,156.255
2906,1.02438,156.119
2907,1.02633,156.255
2908,1.02633,156.255
2909,1.08839,181.364
2910,1.1,183.591
2911,1.08782,181.298
2912,1.08839,181.364
2913,1.08839,181.364
2914,1.08839,181.364
2915,1.1,197.607
2916,1.1,195.774
2917,1.09869,192.865
2918,1.1,198.583
2919,1.09242,199.968
2920,1.09578,202.774
2921,1.1,202.248
2922,1.08828,198.499
2923,1.09703,203.306
2924,1.09852,195.625
2925,1.1,195.774
2926,1.08709,195.568
2927,1.1,197.607
2928,0.978305,185.757
2929,0.984541,183.892
2930,0.977128,187.77
2931,0.962257,186.652
2932,0.967783,187.326
2933,0.965041,186.988
2934,0.969922,187.59
2935,0.96863,187.406
2936,0.974597,185.548
2937,0.978305,185.757
2938,0.978305,185.757
2939,0.978305,185.757
2940,0.989067,173.454
2941,0.989673,173.3
2942,0.989067,173.454
2943,0.989067,173.454
2944,1.06481,146.681
2945,1.06362,146.524
2946,1.06481,146.681
2947,1.06481,146.681
2948,1.08101,149.413
2949,1.08031,147.388
2950,1.1,154.877
2951,1.1,154.567
2952,1.07776,149.072
2953,1.08101,149.413
2954,1.08101,149.413
2955,1.08101,149.413
2956,0.955977,177.856
2957,0.994221,177.691
2958,1.00193,177.277
2959,0.940222,179.746
2960,0.941154,179.625
2961,0.945999,179.057
2962,0.949608,178.628
2963,0.95234,178.297
2964,0.947443,178.889
2965,0.998696,177.628
2966,0.962284,176.996
2967,0.994221,177.691
2968,0.955977,177.856
2969,1.03928,155.557
2970,1.03677,155.384
2971,1.03928,155.557
2972,1.03928,155.557
2973,1.09428,192.878
2974,1.1,195.22
2975,1.1,196.673
2976,1.0937,192.783
2977,1.09428,192.878
2978,1.09428,192.878
2979,1.09428,192.878
2980,1.05585,178.391
2981,1.072,179.395
2982,1.05393,178.251
2983,1.05585,178.391
2984,1.05585,178.391
2985,1.05585,178.391
2986,1.04212,153.186
2987,1.02899,149.63
2988,1.0207,145.975
2989,1.07343,153.367
2990,1.06346,153.223
2991,1.02689,149.379
2992,1.04327,153.637
2993,1.02899,149.63
2994,1.04212,153.186
2995,0.996419,177.17
2996,1.01727,176.822
2997,1.02626,175.287
2998,1.00009,177.534
2999,0.992828,178.17
3000,0.995142,178.452
3001,1.00145,179.188
3002,1.00933,180.167
3003,0.989544,177.753
3004,0.986707,176.393
3005,0.996419,177.17
3006,1.01808,176.821
3007,0.996419,177.17
3008,1.06926,180.301
3009,1.07379,179.455
3010,1.09751,183.353
3011,1.06791,180.229
3012,1.06926,180.301
3013,1.06926,180.301
3014,1.06926,180.301
3015,0.986685,168.392
3016,0.989925,167.052
3017,0.934602,172.929
3018,0.988078,168.251
3019,0.986685,168.392
3020,0.986685,168.392
3021,0.986685,168.392
3022,1.0188,170.659
3023,1.02591,172.759
3024,1.0284,173.639
3025,1.02412,171.24
3026,1.01841,170.302
3027,1.02767,172.997
3028,1.0188,170.659
3029,1.02591,172.759
3030,1.09829,192.641
3031,1.1,194.823
3032,1.09789,192.523
3033,1.09829,192.641
3034,1.09829,192.641
3035,1.09829,192.641
3036,0.948984,143.367
3037,0.952805,143.309
3038,0.948984,143.367
3039,0.948984,143.367
3040,0.986513,172.596
3041,1.02242,177.433
3042,0.98622,172.568
3043,0.986513,172.596
3044,0.986513,172.596
3045,0.986513,172.596
3046,0.985595,163.97
3047,1.00065,162.304
3048,1.00483,159.621
3049,0.979226,164.961
3050,0.978247,165.17
3051,1.00223,162.154
3052,0.989472,163.904
3053,0.985595,163.97
3054,0.985595,163.97
3055,1.02763,175.37
3056,1.02849,175.354
3057,1.02763,175.37
3058,1.02763,175.37
3059,1.07649,183.915
3060,1.06621,181.71
3061,1.07158,180.969
3062,1.1,184.225
3063,1.077,184.193
3064,1.06252,181.459
3065,1.07649,183.915
3066,1.07649,183.915
3067,0.995675,174.318
3068,1.02417,177.318
3069,0.995489,174.304
3070,0.995675,174.318
3071,0.995675,174.318
3072,0.995675,174.318
3073,1.01996,145.692
3074,1.01935,145.632
3075,1.01996,145.692
3076,1.01996,145.692
3077,1.06915,179.092
3078,1.06814,179.028
3079,1.06915,179.092
3080,1.06915,179.092
3081,1.00125,189.062
3082,1.02135,184.846
3083,1.03024,179.995
3084,1.04195,184.953
3085,1.0121,190.287
3086,1.02177,184.506
3087,1.02135,184.846
3088,1.02135,184.846
3089,1.02135,184.846
3090,1.01967,168.872
3091,1.02621,168.596
3092,1.0156,168.617
3093,1.01967,168.872
3094,1.01967,168.872
3095,1.01967,168.872
3096,1.04706,118.757
3097,1.04967,120.193
3098,1.04957,120.34
3099,1.04953,120.334
3100,1.04961,120.345
3101,1.04957,120.34
3102,1.04782,122.325
3103,1.04995,120.634
3104,1.0478,122.32
3105,1.05063,122.36
3106,1.04782,122.325
3107,1.04782,122.325
3108,1.04675,117.592
3109,1.04674,117.59
3110,1.04726,117.358
3111,1.0486,116.999
3112,1.05178,120.698
3113,1.05199,118.358
3114,1.05176,120.695
3115,1.05226,120.817
3116,1.05178,120.698
3117,1.05178,120.698
3118,1.04864,116.437
3119,1.04929,119.385
3120,1.04936,119.394
3121,1.04922,119.375
3122,1.05206,120.548
3123,1.05725,120.367
3124,1.05197,120.536
3125,1.05259,120.561
3126,1.05206,120.548
3127,1.05206,120.548
3128,1.05536,120.216
3129,1.05541,120.226
3130,1.04274,107.925
3131,1.04304,106.791
3132,1.04298,106.781
3133,1.04401,108.022
3134,1.04335,107.118
3135,1.04419,108.06
3136,1.04393,108.012
3137,1.04401,108.022
3138,1.04401,108.022
3139,1.04898,119.969
3140,1.04895,119.964
3141,1.04902,119.077
3142,1.04906,119.081
3143,1.04898,119.072
3144,1.04909,119.659
3145,1.05453,123.152
3146,1.04985,119.546
3147,1.05258,120.494
3148,1.0504,119.622
3149,1.05297,120.549
3150,1.05248,120.48
3151,1.05258,120.494
3152,1.05258,120.494
3153,1.05018,119.531
3154,1.05008,119.516
3155,1.05028,119.547
3156,1.0485,119.368
3157,1.04845,116.984
3158,1.04846,116.986
3159,1.04844,116.982
3160,1.05626,129.993
3161,1.05625,129.991
3162,1.05628,129.995
3163,1.05626,129.993
3164,1.05523,130.106
3165,1.05745,129.962
3166,1.05746,129.964
3167,1.05598,125.263
3168,1.05593,125.253
3169,1.05603,125.275
3170,1.05615,129.414
3171,1.05722,128.949
3172,1.05607,129.404
3173,1.05717,129.433
3174,1.05615,129.414
3175,1.05615,129.414
3176,1.0568,126.592
3177,1.05675,126.581
3178,1.05686,126.602
3179,1.0568,126.592
3180,1.05318,120.447
3181,1.05652,128.733
3182,1.05661,128.734
3183,1.05684,128.17
3184,1.05731,130.676
3185,1.05727,130.668
3186,1.05737,130.682
3187,1.0556,130.124
3188,1.05554,130.116
3189,1.05566,130.133
3190,1.05713,129.935
3191,1.05058,119.104
3192,1.04945,119.048
3193,1.04942,119.045
3194,1.05006,119.063
3195,1.05004,119.06
3196,1.06487,128.297
3197,1.0577,129.662
3198,1.06481,128.288
3199,1.06497,128.247
3200,1.06487,128.297
3201,1.06487,128.297
3202,1.05568,130.229
3203,1.05711,130.992
3204,1.05718,130.999
3205,1.08054,140.566
3206,1.08465,140.991
3207,1.08784,141.853
3208,1.08422,141.246
3209,1.08419,141.242
3210,1.08701,141.596
3211,1.08698,141.592
3212,1.08703,141.6
3213,1.05454,130.113
3214,1.05453,130.111
3215,1.05361,130.169
3216,1.07695,139.3
3217,1.07693,139.297
3218,1.05719,128.901
3219,1.05705,128.824
3220,1.05703,128.821
3221,1.05707,128.827
3222,1.05705,128.824
3223,1.05832,129.585
3224,1.06019,133.567
3225,1.05858,131.915
3226,1.0661,127.912
3227,1.0583,129.248
3228,1.0662,127.877
3229,1.06606,127.904
3230,1.0661,127.912
3231,1.0661,127.912
3232,1.05655,129.936
3233,1.07471,138.443
3234,1.06823,136.227
3235,1.06496,135.161
3236,1.05803,126.255
3237,1.058,126.253
3238,1.05451,121.81
3239,1.05432,120.758
3240,1.05379,121.644
3241,1.0543,120.755
3242,1.05426,120.739
3243,1.05432,120.758
3244,1.05432,120.758
3245,1.05556,122.024
3246,1.07832,139.209
3247,1.07834,139.213
3248,1.07813,140.213
3249,1.08118,140.16
3250,1.0429,108.885
3251,1.05672,132.29
3252,1.05672,132.291
3253,1.05672,132.29
3254,1.06995,136.967
3255,1.07935,139.297
3256,1.08417,141.529
3257,1.08059,139.645
3258,1.08412,141.52
3259,1.08476,141.625
3260,1.08417,141.529
3261,1.09062,142.483
3262,1.09058,142.475
3263,1.0919,142.81
3264,1.08872,144.708
3265,1.09279,143.03
3266,1.08867,144.7
3267,1.08916,144.797
3268,1.08872,144.708
3269,1.08872,144.708
3270,1.09151,142.732
3271,1.09158,142.741
3272,1.09145,142.723
3273,1.05478,119.692
3274,1.05477,119.691
3275,1.05855,133.052
3276,1.05856,133.054
3277,1.05855,133.052
3278,1.05854,133.05
3279,1.0598,133.203
3280,1.05977,133.2
3281,1.06045,130.577
3282,1.05617,133.513
3283,1.04379,110.324
3284,1.04378,110.323
3285,1.0438,110.326
3286,1.04379,110.324
3287,1.04571,111.262
3288,1.04569,111.259
3289,1.08498,142.253
3290,1.08766,143.191
3291,1.08727,142.525
3292,1.0876,143.185
3293,1.08791,143.243
3294,1.08766,143.191
3295,1.08766,143.191
3296,1.08444,141.647
3297,1.04492,109.841
3298,1.04451,109.777
3299,1.04446,109.772
3300,1.04455,109.781
3301,1.04471,111.761
3302,1.04565,110.659
3303,1.04466,111.754
3304,1.0449,111.816
3305,1.04471,111.761
3306,1.04471,111.761
3307,1.05746,132.955
3308,1.05674,133.249
3309,1.05501,118.017
3310,1.05152,116.009
3311,1.05151,116.007
3312,1.05628,121.122
3313,1.05502,120.252
3314,1.05493,120.237
3315,1.05512,120.269
3316,1.05873,123.864
3317,1.05753,121.652
3318,1.05865,123.849
3319,1.05912,123.937
3320,1.05873,123.864
3321,1.05382,119.875
3322,1.05375,119.86
3323,1.05392,119.889
3324,1.05382,119.875
3325,1.05754,120.15
3326,1.05657,119.869
3327,1.0566,119.874
3328,1.05657,119.869
3329,1.05751,120.215
3330,1.056,133.755
3331,1.0565,133.674
3332,1.05679,119.452
3333,1.05677,119.448
3334,1.05667,119.592
3335,1.05666,119.59
3336,1.05568,118.605
3337,1.05548,133.842
3338,1.05257,136.602
3339,1.05536,134.65
3340,1.05251,136.594
3341,1.0528,136.667
3342,1.05257,136.602
3343,1.05541,134.268
3344,1.05536,134.261
3345,1.04644,112.141
3346,1.04634,112.123
3347,1.0448,114.854
3348,1.04724,112.717
3349,1.04472,114.835
3350,1.04577,114.934
3351,1.0448,114.854
3352,1.04404,111.078
3353,1.04416,111.098
3354,1.04389,111.059
3355,1.05022,115.535
3356,1.05878,126.815
3357,1.05877,126.814
3358,1.05991,127.397
3359,1.05988,127.393
3360,1.05993,127.4
3361,1.06244,129.066
3362,1.05843,126.452
3363,1.05839,126.447
3364,1.05847,126.457
3365,1.05872,126.583
3366,1.05821,125.952
3367,1.05818,125.946
3368,1.06057,122.68
3369,1.06142,123.435
3370,1.05973,123.018
3371,1.05984,123.019
3372,1.06492,132.679
3373,1.06339,131.728
3374,1.06338,131.726
3375,1.0634,131.729
3376,1.05285,134.608
3377,1.05277,134.598
3378,1.05217,136.627
3379,1.05314,134.828
3380,1.05209,136.615
3381,1.05244,136.689
3382,1.05217,136.627
3383,1.05222,134.401
3384,1.05342,133.991
3385,1.05368,134.068
3386,1.05577,134.344
3387,1.05573,134.337
3388,1.05461,134.311
3389,1.05466,134.317
3390,1.05269,116.536
3391,1.0528,116.553
3392,1.05258,116.516
3393,1.04887,114.943
3394,1.04875,114.926
3395,1.0489,114.755
3396,1.05194,117.457
3397,1.05308,116.617
3398,1.05182,117.44
3399,1.05221,117.521
3400,1.05194,117.457
3401,1.05942,123.84
3402,1.05943,123.841
3403,1.05941,123.838
3404,1.05949,123.397
3405,1.0594,124.659
3406,1.06465,134.539
3407,1.06576,132.654
3408,1.06458,134.528
3409,1.06464,134.537
3410,1.06514,134.642
3411,1.06371,132.78
3412,1.06363,132.769
3413,1.06377,132.791
3414,1.05838,133.581
3415,1.05833,133.57
3416,1.05832,133.435
3417,1.04433,108.588
3418,1.04431,108.585
3419,1.05436,134.594
3420,1.05247,135.176
3421,1.05217,137.042
3422,1.05673,135.557
3423,1.05261,137.119
3424,1.05217,137.042
3425,1.05207,137.021
3426,1.05463,134.87
3427,1.06726,131.504
3428,1.07241,131.581
3429,1.07237,131.573
3430,1.06905,131.506
3431,1.09074,143.9
3432,1.09286,144.242
3433,1.09283,144.238
3434,1.09269,144.3
3435,1.05311,135.748
3436,1.05547,134.688
3437,1.05299,135.729
3438,1.05331,135.812
3439,1.05311,135.748
3440,1.05311,135.748
3441,1.05485,134.665
3442,1.05475,134.641
3443,1.03951,139.351
3444,1.05074,137.945
3445,1.05666,135.28
3446,1.05058,137.925
3447,1.04337,140.268
3448,1.03951,139.351
3449,1.05097,137.31
3450,1.05566,134.238
3451,1.05552,134.217
3452,1.0558,134.258
3453,1.05566,134.238
3454,1.05885,136.718
3455,1.05887,136.721
3456,1.06713,137.684
3457,1.05567,135.784
3458,1.06095,123.359
3459,1.06604,123.343
3460,1.06598,123.333
3461,1.06106,121.861
3462,1.05947,124.889
3463,1.06601,124.394
3464,1.05935,124.877
3465,1.06022,124.93
3466,1.05947,124.889
3467,1.05947,124.889
3468,1.06182,121.787
3469,1.08125,141.952
3470,1.08128,141.954
3471,1.0752,141.029
3472,1.07766,130.201
3473,1.08606,130.617
3474,1.07772,130.364
3475,1.07894,130.173
3476,1.07881,130.151
3477,1.07881,130.198
3478,1.07894,130.173
3479,1.07596,132.823
3480,1.078,130.484
3481,1.07631,132.925
3482,1.0758,132.802
3483,1.07596,132.823
3484,1.07596,132.823
3485,1.05971,120.518
3486,1.0621,121.334
3487,1.06211,121.336
3488,1.06209,121.332
3489,1.05849,122.23
3490,1.06271,121.746
3491,1.05844,122.222
3492,1.05844,122.259
3493,1.05849,122.23
3494,1.05849,122.23
3495,1.06552,122.007
3496,1.06378,121.733
3497,1.06383,121.74
3498,1.06373,121.726
3499,1.06378,121.733
3500,1.05472,134.213
3501,1.05322,134.476
3502,1.05319,134.473
3503,1.05445,134.369
3504,1.06506,124.777
3505,1.06615,125.304
3506,1.06608,125.298
3507,1.06479,124.594
3508,1.06473,124.588
3509,1.06485,124.599
3510,1.06109,137.163
3511,1.06105,137.157
3512,1.06114,137.169
3513,1.06109,137.163
3514,1.05617,136.183
3515,1.05616,136.181
3516,1.05438,135.736
3517,1.08665,130.422
3518,1.07798,130.265
3519,1.07784,130.24
3520,1.07809,130.288
3521,1.07798,130.265
3522,1.07753,130.123
3523,1.07756,130.291
3524,1.07744,130.267
3525,1.07766,130.314
3526,1.07756,130.291
3527,1.04763,139.206
3528,1.06537,138.124
3529,1.04754,139.194
3530,1.04817,139.289
3531,1.04763,139.206
3532,1.04763,139.206
3533,1.06418,137.669
3534,1.06552,138.501
3535,1.06754,139.106
3536,1.06746,139.094
3537,1.05937,133.405
3538,1.05943,133.418
3539,1.05637,133.613
3540,1.05632,133.989
3541,1.05624,133.977
3542,1.0564,134.001
3543,1.05632,133.989
3544,1.05813,133.483
3545,1.05822,133.496
3546,1.05805,133.47
3547,1.05199,115.564
3548,1.05275,115.096
3549,1.05568,133.775
3550,1.05537,134.081
3551,1.05455,133.488
3552,1.07195,133.912
3553,1.08155,132.004
3554,1.07267,134.016
3555,1.07195,133.912
3556,1.07195,133.912
3557,1.07182,133.895
3558,1.09009,131.196
3559,1.08117,131.745
3560,1.08127,131.762
3561,1.08704,130.986
3562,1.06621,138.572
3563,1.06625,138.577
3564,1.06909,139.902
3565,1.0532,133.805
3566,1.05326,134.131
3567,1.05337,134.145
3568,1.05347,134.061
3569,1.05307,134.318
3570,1.05298,134.304
3571,1.05319,134.334
3572,1.05307,134.318
3573,1.05437,135.325
3574,1.05291,135.346
3575,1.05215,134.031
3576,1.05204,134.018
3577,1.05485,135.099
3578,1.05578,133.811
3579,1.05477,135.083
3580,1.05505,135.168
3581,1.05485,135.099
3582,1.05485,135.099
3583,1.05531,133.032
3584,1.0688,132.642
3585,1.05901,133.38
3586,1.08431,131.112
3587,1.08255,131.155
3588,1.08651,130.522
3589,1.08665,130.541
3590,1.08167,131.573
3591,1.05374,134.643
3592,1.05362,134.695
3593,1.05358,134.688
3594,1.05334,133.294
3595,1.05407,133.399
3596,1.05389,133.379
3597,1.05403,133.251
3598,1.05019,132.834
3599,1.05008,132.816
3600,1.05192,114.997
3601,1.04937,114.104
3602,1.08583,131.178
3603,1.07571,132.103
3604,1.0837,131.341
3605,1.08367,131.35
3606,1.08365,131.333
3607,1.04402,110.031
3608,1.04374,109.653
3609,1.04582,110.917
3610,1.07698,132.579
3611,1.07697,132.575
3612,1.07194,132.418
3613,1.07908,130.767
3614,1.079,130.759
3615,1.07914,130.775
3616,1.09017,130.97
3617,1.09013,130.962
3618,1.09022,130.977
3619,1.09017,130.97
3620,1.06165,137.345
3621,1.06159,137.334
3622,1.06172,137.355
3623,1.06513,138.42
3624,1.06508,138.411
3625,1.06517,138.431
3626,1.06513,138.42
3627,1.05851,136.759
3628,1.05207,135.046
3629,1.05071,134.93
3630,1.06031,137.144
3631,1.08107,130.696
3632,1.08019,130.489
3633,1.07794,133.401
3634,1.08655,132.032
3635,1.07787,133.394
3636,1.07836,133.527
3637,1.07794,133.401
3638,1.05629,133.707
3639,1.05626,133.703
3640,1.05631,133.712
3641,1.06068,133.278
3642,1.05442,136.838
3643,1.05575,134.654
3644,1.05428,136.819
3645,1.05458,136.946
3646,1.05442,136.838
3647,1.05442,136.838
3648,1.05341,134.47
3649,1.05228,133.759
3650,1.05214,133.739
3651,1.05243,133.778
3652,1.05228,133.759
3653,1.05476,134.487
3654,1.06829,140.061
3655,1.06826,140.058
3656,1.06831,140.064
3657,1.06829,140.061
3658,1.06593,138.499
3659,1.05626,134.324
3660,1.05907,133.88
3661,1.05636,134.358
3662,1.05626,134.324
3663,1.05626,134.324
3664,1.05614,134.305
3665,1.06012,133.748
3666,1.05949,133.743
3667,1.05938,133.725
3668,1.06013,133.807
3669,1.06632,122.661
3670,1.08368,125.236
3671,1.07479,123.973
3672,1.0797,130.365
3673,1.0786,130.162
3674,1.07865,130.171
3675,1.07589,131.742
3676,1.07849,130.207
3677,1.07584,131.733
3678,1.07628,131.813
3679,1.07589,131.742
3680,1.07948,130.37
3681,1.07969,134.338
3682,1.08091,132.478
3683,1.07995,134.425
3684,1.07959,134.319
3685,1.07969,134.338
3686,1.08049,131.715
3687,1.08037,131.693
3688,1.08994,131.006
3689,1.0877,130.89
3690,1.05325,133.318
3691,1.04973,132.854
3692,1.05277,133.85
3693,1.05017,132.758
3694,1.05,132.737
3695,1.05052,133.045
3696,1.05036,133.022
3697,1.05068,133.064
3698,1.05052,133.045
3699,1.05477,136.164
3700,1.05462,136.15
3701,1.0495,134.878
3702,1.05232,137.942
3703,1.05512,136.421
3704,1.05257,138.048
3705,1.05224,137.927
3706,1.05232,137.942
3707,1.05523,136.191
3708,1.08118,144.27
3709,1.08085,143.416
3710,1.08054,144.347
3711,1.05937,137.201
3712,1.05921,137.179
3713,1.06049,137.136
3714,1.05738,136.983
3715,1.05727,136.958
3716,1.05751,137.006
3717,1.05738,136.983
3718,1.05519,136.233
3719,1.05502,136.21
3720,1.05533,136.255
3721,1.05519,136.233
3722,1.07281,142.278
3723,1.07285,142.286
3724,1.06915,144.144
3725,1.07023,141.931
3726,1.07018,141.923
3727,1.05374,134.38
3728,1.05372,134.378
3729,1.05376,134.383
3730,1.05374,134.38
3731,1.05252,117.175
3732,1.05514,115.267
3733,1.05327,117.305
3734,1.0524,117.162
3735,1.05252,117.175
3736,1.05252,117.175
3737,1.04993,113.859
3738,1.04877,113.259
3739,1.0487,113.243
3740,1.05466,115.094
3741,1.07545,143.602
3742,1.07555,143.614
3743,1.07311,142.504
3744,1.07319,142.512
3745,1.07311,142.504
3746,1.07304,142.495
3747,1.07657,144.021
3748,1.07694,143.912
3749,1.07649,144.012
3750,1.07662,144.037
3751,1.07657,144.021
3752,1.07706,144.012
3753,1.07698,144.003
3754,1.07714,144.02
3755,1.05737,137.206
3756,1.05723,137.187
3757,1.05752,137.227
3758,1.05598,140.55
3759,1.05794,137.422
3760,1.05668,140.685
3761,1.05579,140.531
3762,1.05598,140.55
3763,1.0566,136.352
3764,1.05672,136.373
3765,1.05647,136.334
3766,1.0566,136.352
3767,1.0579,136.666
3768,1.05776,136.648
3769,1.05854,136.675
3770,1.07069,132.66
3771,1.06182,134.662
3772,1.0618,134.659
3773,1.05663,133.978
3774,1.05551,133.322
3775,1.0532,133.601
3776,1.05335,133.624
3777,1.05377,134.751
3778,1.05397,134.775
3779,1.05354,134.727
3780,1.05377,134.751
3781,1.0542,133.445
3782,1.05408,133.423
3783,1.05431,133.468
3784,1.07115,118.753
3785,1.07111,118.746
3786,1.07371,119.504
3787,1.07365,119.497
3788,1.07377,119.512
3789,1.06989,118.379
3790,1.05988,133.254
3791,1.05486,135.415
3792,1.05801,134.32
3793,1.05501,135.474
3794,1.05477,135.403
3795,1.05486,135.415
3796,1.05246,133.731
3797,1.05237,133.718
3798,1.05256,133.744
3799,1.05144,133.045
3800,1.05154,133.057
3801,1.05134,133.033
3802,1.04725,111.718
3803,1.04737,111.74
3804,1.0497,113.793
3805,1.04953,113.771
3806,1.04989,113.817
3807,1.04884,113.743
3808,1.04507,110.791
3809,1.04485,110.769
3810,1.05729,136.295
3811,1.05713,136.265
3812,1.05555,136.146
3813,1.05507,136.057
3814,1.05431,136.119
3815,1.052,138.792
3816,1.05644,136.503
3817,1.05183,138.766
3818,1.0524,138.887
3819,1.052,138.792
3820,1.06162,137.019
3821,1.06154,137.008
3822,1.05989,136.897
3823,1.05996,136.909
3824,1.05989,136.897
3825,1.05989,136.897
3826,1.05515,136.15
3827,1.05506,136.138
3828,1.05526,136.163
3829,1.05515,136.15
3830,1.0617,137.038
3831,1.0572,136.965
3832,1.05135,139.853
3833,1.05792,137.569
3834,1.0511,139.829
3835,1.0524,140.001
3836,1.05135,139.853
3837,1.05453,137.13
3838,1.0562,136.874
3839,1.05515,136.052
3840,1.06386,134.902
3841,1.06383,134.898
3842,1.06388,134.907
3843,1.06043,134.531
3844,1.06112,134.053
3845,1.07519,121.987
3846,1.07519,121.986
3847,1.0826,132.726
3848,1.08273,132.748
3849,1.08248,132.706
3850,1.07829,132.611
3851,1.07764,132.739
3852,1.07748,132.721
3853,1.07779,132.757
3854,1.07764,132.739
3855,1.07876,134.046
3856,1.0786,134.031
3857,1.08888,132.628
3858,1.08886,132.625
3859,1.08891,132.631
3860,1.05225,134.552
3861,1.05644,136.353
3862,1.05249,137.533
3863,1.05481,135.747
3864,1.05237,137.517
3865,1.05277,137.621
3866,1.05249,137.533
3867,1.05249,137.533
3868,1.05475,135.793
3869,1.06895,140.734
3870,1.06081,138.071
3871,1.06078,138.068
3872,1.06083,138.074
3873,1.07655,133.718
3874,1.06793,132.939
3875,1.06784,132.925
3876,1.06627,134.161
3877,1.06553,133.651
3878,1.0656,133.664
3879,1.07033,134.841
3880,1.05376,112.243
3881,1.05231,112.603
3882,1.04966,113.963
3883,1.04969,113.969
3884,1.04962,113.958
3885,1.05051,113.375
3886,1.04932,113.763
3887,1.04929,113.76
3888,1.07277,144.171
3889,1.05289,135.843
3890,1.05274,135.82
3891,1.05677,137.322
3892,1.05666,137.296
3893,1.05691,137.347
3894,1.0537,140.293
3895,1.06148,137.19
3896,1.05361,140.425
3897,1.0537,140.293
3898,1.05348,140.267
3899,1.0537,140.293
3900,1.05452,136.652
3901,1.05352,136.542
3902,1.05247,136.502
3903,1.05399,136.086
3904,1.05583,136.505
3905,1.05574,136.491
3906,1.05594,136.521
3907,1.05583,136.505
3908,1.05684,136.499
3909,1.05513,136.183
3910,1.05506,136.171
3911,1.05521,136.195
3912,1.05532,136.463
3913,1.05567,136.62
3914,1.05562,136.606
3915,1.05574,136.633
3916,1.05567,136.62
3917,1.05273,114.477
3918,1.05181,112.791
3919,1.05258,114.452
3920,1.05336,114.591
3921,1.05273,114.477
3922,1.05273,114.477
3923,1.05034,114.161
3924,1.05014,114.135
3925,1.05053,114.183
3926,1.05279,115.988
3927,1.05126,114.284
3928,1.05267,115.966
3929,1.05277,115.985
3930,1.05328,116.083
3931,1.05279,115.988
3932,1.04898,113.941
3933,1.06095,136.467
3934,1.06912,137.196
3935,1.05623,136.327
3936,1.05528,136.09
3937,1.05519,136.073
3938,1.05729,136.567
3939,1.06254,116.423
3940,1.06567,117.005
3941,1.05629,115.165
3942,1.0563,115.167
3943,1.05627,115.162
3944,1.05502,135.955
3945,1.05508,135.958
3946,1.05827,136.679
3947,1.06859,135.445
3948,1.06857,135.442
3949,1.06861,135.449
3950,1.0647,135.043
3951,1.06467,135.039
3952,1.06659,135.192
3953,1.06656,135.189
3954,1.06663,135.196
3955,1.06659,135.192
3956,1.05861,136.239
3957,1.06111,136.714
3958,1.05596,136.031
3959,1.05859,136.243
3960,1.05878,136.717
3961,1.0674,137.158
3962,1.06733,137.147
3963,1.06746,137.169
3964,1.0674,137.158
3965,1.04887,140.423
3966,1.06406,137.546
3967,1.04876,140.406
3968,1.04993,140.542
3969,1.04887,140.423
3970,1.05909,137.02
3971,1.05906,137.017
3972,1.05267,134.965
3973,1.05463,135.328
3974,1.05461,135.325
3975,1.05464,135.331
3976,1.05883,136.271
3977,1.05877,136.257
3978,1.05891,136.285
3979,1.05645,136.225
3980,1.05293,136.489
3981,1.07477,137.408
3982,1.06085,136.817
3983,1.06283,137.322
3984,1.06296,137.337
3985,1.06334,137.847
3986,1.06307,137.819
3987,1.07771,131.859
3988,1.08302,122.003
3989,1.08303,122.004
3990,1.08301,122.002
3991,1.05359,135.438
3992,1.05349,135.422
3993,1.05728,137.453
3994,1.06129,141.579
3995,1.068,139.523
3996,1.06191,141.659
3997,1.0612,141.563
3998,1.06129,141.579
3999,1.05151,135.958
4000,1.05166,135.982
4001,1.04932,135.815
4002,1.08383,136.534
4003,1.08376,136.525
4004,1.0839,136.543
4005,1.08383,136.534
4006,1.08127,137.523
4007,1.08273,136.639
4008,1.08139,137.572
4009,1.08121,137.512
4010,1.08127,137.523
4011,1.07651,135.259
4012,1.06206,136.876
4013,1.06211,136.885
4014,1.05322,135.878
4015,1.05537,136.305
4016,1.05529,136.292
4017,1.06304,137.079
4018,1.05744,136.201
4019,1.05467,136.089
4020,1.05459,136.076
4021,1.05475,136.103
4022,1.05467,136.089
4023,1.06058,134.999
4024,1.06068,134.996
4025,1.06063,134.989
4026,1.06071,135.003
4027,1.06193,134.7
4028,1.0619,134.692
4029,1.06165,136.585
4030,1.06209,137.778
4031,1.06217,137.791
4032,1.06202,137.766
4033,1.06227,137.423
4034,1.06219,137.435
4035,1.05374,136.139
4036,1.05973,135.016
4037,1.05401,136.193
4038,1.05374,136.139
4039,1.05364,136.127
4040,1.05374,136.139
4041,1.07879,129.956
4042,1.07877,129.954
4043,1.05429,136.077
4044,1.05627,137.261
4045,1.05613,137.245
4046,1.05643,137.277
4047,1.05627,137.261
4048,1.04563,136.188
4049,1.05349,137.592
4050,1.05309,135.793
4051,1.05349,135.167
4052,1.05335,135.147
4053,1.05362,135.187
4054,1.04732,135.803
4055,1.05195,140.856
4056,1.05729,136.857
4057,1.05183,140.835
4058,1.05245,141.078
4059,1.05195,140.856
4060,1.04819,135.327
4061,1.05411,135.985
4062,1.054,135.966
4063,1.05422,136.004
4064,1.05411,135.985
4065,1.05309,136.159
4066,1.04715,135.781
4067,1.04696,135.754
4068,1.04735,135.808
4069,1.04715,135.781
4070,1.05455,136.093
4071,1.05449,136.082
4072,1.05462,136.103
4073,1.05168,135.43
4074,1.05175,135.443
4075,1.05168,135.43
4076,1.07443,137.927
4077,1.06947,138.13
4078,1.08338,138.204
4079,1.06563,137.765
4080,1.07163,137.815
4081,1.0619,137.996
4082,1.06182,137.982
4083,1.06196,138.01
4084,1.06419,138.141
4085,1.06825,138.019
4086,1.06838,138.035
4087,1.05896,137.16
4088,1.05906,137.172
4089,1.05437,115.039
4090,1.05429,115.029
4091,1.05167,114.277
4092,1.05349,117.618
4093,1.05381,115.218
4094,1.05341,117.607
4095,1.05349,117.617
4096,1.05392,117.704
4097,1.04498,135.877
4098,1.06723,137.155
4099,1.0547,135.283
4100,1.05545,135.285
4101,1.04682,137.391
4102,1.04694,137.402
4103,1.04682,137.391
4104,1.04682,137.391
4105,1.06112,136.537
4106,1.05512,135.295
4107,1.04992,135.626
4108,1.04987,135.77
4109,1.04966,135.745
4110,1.05375,135.48
4111,1.04672,138.097
4112,1.04766,138.173
4113,1.04775,138.189
4114,1.04755,138.155
4115,1.06419,137.525
4116,1.05681,136.355
4117,1.05514,135.917
4118,1.05504,135.897
4119,1.05527,135.936
4120,1.06373,137.421
4121,1.0635,137.386
4122,1.07292,137.918
4123,1.07282,137.903
4124,1.07302,137.934
4125,1.04748,148.394
4126,1.05606,144.26
4127,1.06855,138.134
4128,1.05281,143.244
4129,1.04742,148.383
4130,1.05068,149.837
4131,1.04748,148.394
4132,1.0556,136.148
4133,1.0538,136.543
4134,1.05369,136.529
4135,1.05337,136.242
4136,1.04955,136.591
4137,1.05063,136.483
4138,1.0507,136.492
4139,1.05079,136.343
4140,1.05016,135.897
4141,1.05207,136.502
4142,1.05194,136.485
4143,1.04939,136.141
4144,1.05479,138.067
4145,1.06065,137.026
4146,1.05296,135.628
4147,1.0531,135.647
4148,1.0528,135.607
4149,1.05318,135.228
4150,1.05701,135.91
4151,1.05686,135.889
4152,1.05716,135.931
4153,1.0656,139.137
4154,1.06552,139.129
4155,1.06568,139.145
4156,1.0656,139.137
4157,1.07217,139.449
4158,1.05481,112.527
4159,1.05995,111.408
4160,1.06001,111.42
4161,1.0599,111.395
4162,1.05218,113.169
4163,1.05708,111.744
4164,1.057,111.731
4165,1.05716,111.758
4166,1.0522,136.075
4167,1.05195,136.048
4168,1.05165,136.11
4169,1.0522,136.075
4170,1.04999,136.583
4171,1.05005,136.597
4172,1.04999,136.583
4173,1.04798,138.129
4174,1.04809,138.145
4175,1.04786,138.114
4176,1.04798,138.129
4177,1.04432,136.274
4178,1.04422,136.259
4179,1.0628,138.152
4180,1.06524,139.558
4181,1.06481,139.333
4182,1.0658,139.839
4183,1.04737,138.238
4184,1.0473,138.229
4185,1.05489,136.105
4186,1.05494,136.113
4187,1.05489,136.105
4188,1.05837,135.957
4189,1.04708,137.77
4190,1.04696,137.755
4191,1.05139,136.449
4192,1.05151,136.465
4193,1.05128,136.43
4194,1.05063,136.616
4195,1.0505,136.598
4196,1.05076,136.635
4197,1.04902,135.975
4198,1.06708,139.239
4199,1.06717,139.249
4200,1.06333,138.572
4201,1.07734,140.208
4202,1.06921,139.065
4203,1.06906,139.046
4204,1.06936,139.086
4205,1.06845,138.949
4206,1.05416,143.778
4207,1.06453,138.736
4208,1.05403,143.757
4209,1.05502,143.967
4210,1.05416,143.778
4211,1.051,142.982
4212,1.06988,139.262
4213,1.05079,142.961
4214,1.05242,143.172
4215,1.051,142.982
4216,1.06335,138.445
4217,1.06346,138.458
4218,1.06335,138.445
4219,1.06324,138.43
4220,1.06342,138.437
4221,1.06332,138.423
4222,1.06337,138.427
4223,1.06359,138.463
4224,1.04358,136.644
4225,1.04371,136.659
4226,1.04345,136.63
4227,1.04128,137.227
4228,1.04138,137.242
4229,1.04128,137.227
4230,1.05133,137.435
4231,1.05124,137.415
4232,1.05142,137.455
4233,1.05133,137.435
4234,1.04496,137.912
4235,1.04522,137.944
4236,1.04104,136.791
4237,1.04081,136.766
4238,1.04128,136.816
4239,1.04104,136.791
4240,1.05087,142.779
4241,1.05637,138.312
4242,1.05076,142.758
4243,1.05054,142.962
4244,1.05087,142.779
4245,1.04212,138.458
4246,1.04245,138.476
4247,1.04177,138.44
4248,1.05,138.653
4249,1.05052,137.182
4250,1.04318,138.828
4251,1.04332,138.849
4252,1.04305,138.808
4253,1.04318,138.828
4254,1.0508,137.633
4255,1.05069,137.611
4256,1.05092,137.656
4257,1.04372,136.315
4258,1.05286,138.745
4259,1.05298,138.765
4260,1.04249,138.207
4261,1.07016,141.157
4262,1.05516,134.994
4263,1.05514,134.991
4264,1.09358,123.191
4265,1.0936,123.193
4266,1.09357,123.188
4267,1.0699,131.473
4268,1.0699,131.472
4269,1.06415,138.78
4270,1.06413,138.777
4271,1.0642,138.783
4272,1.06766,140.098
4273,1.06762,140.095
4274,1.06857,140.828
4275,1.05025,139.763
4276,1.05809,140.422
4277,1.04553,142.53
4278,1.05649,140.176
4279,1.04548,142.522
4280,1.04592,142.749
4281,1.04553,142.53
4282,1.05189,138.034
4283,1.04303,138.481
4284,1.05347,139.541
4285,1.04532,143.596
4286,1.0482,139.445
4287,1.04521,143.575
4288,1.04632,143.793
4289,1.04532,143.596
4290,1.06533,135.971
4291,1.06535,135.973
4292,1.06532,135.969
4293,1.06533,135.971
4294,1.06363,138.784
4295,1.04276,138.502
4296,1.0426,138.48
4297,1.04677,139.015
4298,1.04662,138.995
4299,1.04322,143.27
4300,1.05808,140.685
4301,1.0431,143.249
4302,1.04419,143.396
4303,1.04322,143.27
4304,1.04322,143.27
4305,1.04427,138.547
4306,1.04411,138.528
4307,1.04446,138.571
4308,1.04427,138.547
4309,1.06681,140.311
4310,1.06684,140.314
4311,1.06681,140.311
4312,1.05795,130.584
4313,1.06598,131.113
4314,1.0745,130.125
4315,1.07449,130.123
4316,1.04951,141.308
4317,1.06344,141.221
4318,1.06355,141.232
4319,1.05703,140.478
4320,1.05696,140.466
4321,1.0571,140.489
4322,1.05703,140.478
4323,1.05711,140.55
4324,1.05705,140.539
4325,1.05717,140.561
4326,1.05711,140.55
4327,1.06951,141.264
4328,1.06952,141.265
4329,1.07016,142.428
4330,1.07012,142.423
4331,1.0702,142.433
4332,1.05844,141.536
4333,1.05846,141.541
4334,1.05844,141.536
4335,1.05841,141.531
4336,1.06273,142.354
4337,1.07803,142.821
4338,1.0722,141.721
4339,1.07216,141.714
4340,1.08076,143.387
4341,1.0525,141.574
4342,1.09275,142.853
4343,1.09274,142.851
4344,1.0777,142.551
4345,1.04861,143.26
4346,1.08139,129.211
4347,1.05481,142.775
4348,1.05488,142.785
4349,1.05475,142.765
4350,1.05481,142.775
4351,1.05927,142.694
4352,1.05844,143.314
4353,1.05833,143.305
4354,1.05996,142.031
4355,1.05846,116.345
4356,1.05698,116.473
4357,1.05687,116.463
4358,1.04459,119.693
4359,1.05648,117.121
4360,1.04453,119.681
4361,1.04508,119.783
4362,1.04459,119.693
4363,1.04459,119.693
4364,1.06325,115.44
4365,1.04397,136.684
4366,1.05947,145.501
4367,1.08663,112.889
4368,1.03529,146.707
4369,1.04306,130.493
4370,1.04526,135.299
4371,1.04529,135.305
4372,1.04371,135.645
4373,1.04368,135.64
4374,1.04647,135.194
4375,1.04649,135.198
4376,1.05851,148.134
4377,1.0495,148.183
4378,1.01116,131.807
4379,1.05155,111.043
4380,1.04985,111.824
4381,1.04972,111.807
4382,1.049,111.794
4383,1.05633,112.183
4384,1.05353,111.355
4385,1.05689,112.26
4386,1.05623,112.164
4387,1.05633,112.183
4388,1.05633,112.183
4389,1.01625,123.377
4390,1.01228,122.632
4391,1.01105,122.6
4392,1.01288,122.632
4393,1.01228,122.632
4394,1.01225,122.627
4395,1.03093,151.393
4396,1.03421,150.64
4397,1.03229,151.682
4398,1.03231,151.684
4399,1.01547,154.152
4400,1.02065,153.873
4401,1.02074,153.883
4402,1.02056,153.864
4403,1.02737,152.978
4404,1.03261,152.548
4405,1.02804,152.997
4406,1.02727,152.967
4407,1.02737,152.978
4408,1.02267,152.408
4409,0.98432,133.134
4410,0.983882,133.25
4411,0.98391,133.254
4412,0.989649,132.847
4413,0.989701,132.855
4414,0.989649,132.847
4415,0.989586,132.839
4416,0.991387,132.753
4417,0.991332,132.746
4418,0.984471,133.126
4419,0.991459,132.813
4420,0.984405,133.118
4421,0.985261,133.133
4422,0.984471,133.126
4423,0.984471,133.126
4424,1.0452,110.211
4425,1.04523,110.216
4426,1.03931,111.281
4427,1.00988,156.07
4428,1.0099,156.072
4429,0.943549,142.067
4430,0.943514,142.062
4431,0.945269,140.75
4432,0.975615,165.042
4433,0.975636,165.044
4434,0.975615,165.042
4435,1.0362,110.504
4436,1.03275,110.675
4437,1.02883,110.929
4438,1.02881,110.927
4439,0.942054,146.116
4440,0.942036,146.112
4441,0.95649,149.034
4442,0.930792,143.839
4443,0.98324,134.884
4444,0.980182,133.772
4445,0.983003,134.862
4446,0.9838,134.96
4447,0.98324,134.884
4448,0.98324,134.884
4449,0.976966,133.768
4450,0.976741,133.745
4451,0.978927,133.658
4452,0.978047,133.89
4453,0.948532,139.534
4454,0.952501,139.009
4455,0.95246,139.003
4456,0.957124,138.366
4457,0.957087,138.36
4458,0.957163,138.372
4459,0.953509,138.098
4460,0.947996,139.793
4461,0.951311,138.178
4462,0.95118,138.157
4463,0.951474,138.197
4464,0.951311,138.178
4465,0.9756,138.545
4466,0.965832,137.818
4467,0.976212,138.592
4468,0.975449,138.523
4469,0.9756,138.545
4470,0.975627,135.474
4471,0.975469,135.443
4472,0.979162,137.177
4473,0.977708,135.614
4474,0.979596,137.267
4475,0.979162,137.177
4476,0.978962,137.15
4477,0.980071,135.18
4478,0.977046,134.822
4479,0.984026,136.334
4480,0.982273,135.606
4481,0.983817,136.308
4482,0.984489,136.395
4483,0.984026,136.334
4484,0.984026,136.334
4485,0.992524,163.79
4486,0.996287,161.941
4487,0.995584,162.336
4488,0.995492,162.324
4489,0.995671,162.347
4490,0.99408,163.343
4491,0.994158,163.355
4492,0.981088,167.22
4493,0.933594,141.471
4494,0.933508,141.461
4495,0.933675,141.482
4496,0.933594,141.471
4497,0.932475,141.591
4498,0.932354,141.568
4499,0.932582,141.612
4500,0.96009,160.737
4501,0.960078,160.735
4502,1.01218,111.007
4503,1.01217,111.006
4504,0.972054,136.152
4505,0.972062,136.154
4506,0.9736,135.402
4507,0.951471,138.869
4508,0.992468,120.773
4509,0.971662,121.275
4510,0.97166,121.275
4511,0.971665,121.275
4512,0.982897,168.697
4513,0.982875,168.694
4514,0.96623,164.813
4515,0.95454,140.017
4516,0.954623,140.029
4517,0.954468,140.005
4518,0.953396,139.57
4519,0.953331,139.559
4520,0.972797,137.853
4521,0.958315,139.855
4522,0.972703,137.843
4523,0.973476,137.776
4524,0.972797,137.853
4525,0.972797,137.853
4526,0.953517,139.559
4527,0.985995,116.159
4528,0.985987,116.158
4529,0.986004,116.161
4530,0.985995,116.159
4531,0.944806,121.965
4532,0.94479,121.963
4533,0.944822,121.967
4534,0.956154,121.649
4535,0.956147,121.648
4536,0.95616,121.65
4537,0.97724,112.347
4538,0.965885,111.566
4539,0.980021,111.411
4540,0.965832,111.558
4541,0.966663,111.572
4542,0.965885,111.566
4543,0.989504,170.528
4544,0.950612,165.59
4545,0.936859,151.897
4546,0.936855,151.896
4547,0.935158,158.267
4548,0.995813,171.137
4549,1.02906,174.458
4550,1.01839,173.942
4551,1.02181,174.043
4552,0.936711,155.167
4553,0.936717,155.168
4554,0.98965,108.531
4555,1.04283,177.115
4556,1.06718,177.159
4557,1.06716,177.156
4558,1.0672,177.161
4559,1.04249,176.047
4560,1.04251,176.05
4561,1.07101,177.755
4562,0.937678,146.197
4563,1.01563,173.085
4564,1.01562,173.084
4565,1.01564,173.087
4566,1.01157,172.993
4567,1.01159,172.995
4568,1.02032,173.993
4569,1.0203,173.991
4570,0.931697,136.5
4571,0.931692,136.499
4572,0.929395,139.673
4573,0.939319,152.69
4574,0.939311,152.689
4575,1.07146,177.558
4576,1.07141,177.553
4577,1.0715,177.563
4578,1.07481,178.469
4579,1.07476,178.464
4580,1.07714,178.526
4581,1.07876,178.767
4582,1.07886,178.78
4583,1.06386,177.89
4584,1.06394,177.902
4585,1.06379,177.879
4586,1.06386,177.89
4587,1.07518,178.371
4588,1.07506,178.359
4589,1.06426,177.928
4590,1.06418,177.914
4591,1.05664,177.739
4592,0.94159,146.435
4593,0.941568,146.432
4594,0.941613,146.438
4595,0.945506,133.316
4596,0.94553,133.321
4597,1.06548,178.194
4598,1.0617,177.965
4599,1.06169,177.963
4600,1.06171,177.966
4601,1.07118,178.875
4602,1.07117,178.873
4603,0.948629,155.857
4604,0.948633,155.858
4605,0.948625,155.856
4606,0.963849,140.873
4607,0.963847,140.873
4608,0.963852,140.874
4609,0.957328,136.779
4610,0.951999,142.882
4611,0.957357,136.612
4612,0.957312,136.777
4613,0.957316,136.777
4614,0.952431,143.328
4615,0.985102,166.827
4616,0.985105,166.828
4617,0.951936,133.667
4618,0.943958,130.954
4619,0.947081,132.941
4620,0.943929,130.947
4621,0.944534,130.885
4622,0.943958,130.954
4623,1.03508,174.258
4624,1.03505,174.254
4625,1.03511,174.262
4626,1.05201,176.188
4627,1.05211,176.2
4628,1.05191,176.176
4629,1.06907,178.114
4630,1.06915,178.125
4631,1.06899,178.104
4632,1.07392,178.289
4633,1.06793,177.829
4634,1.07442,178.317
4635,1.07392,178.289
4636,1.07378,178.278
4637,1.07169,178.656
4638,1.07175,178.668
4639,1.08299,180.606
4640,0.991151,133.513
4641,0.956995,145.381
4642,1.08414,181.345
4643,0.970599,138.847
4644,1.07469,178.849
4645,1.01095,133.588
4646,0.994287,156.19
4647,0.994281,156.189
4648,1.07901,181.435
4649,1.07841,183.007
4650,1.08109,181.503
4651,1.08105,181.495
4652,1.07724,183.845
4653,1.07764,183.803
4654,1.07479,185.523
4655,1.07898,184.513
4656,1.07804,183.932
4657,1.07935,184.57
4658,1.07898,184.513
4659,1.07883,184.494
4660,1.07898,184.513
4661,1.0713,176.997
4662,1.07684,180.405
4663,1.05049,170.631
4664,1.05043,170.621
4665,1.05055,170.641
4666,1.04745,169.749
4667,1.06191,171.295
4668,1.05262,170.863
4669,1.06185,171.286
4670,1.06219,171.326
4671,1.06191,171.295
4672,1.05695,172.854
4673,1.05686,172.844
4674,1.05704,172.864
4675,1.05695,172.854
4676,1.01426,157.843
4677,1.01426,157.844
4678,1.01425,157.842
4679,1.01426,157.843
4680,1.06687,175.263
4681,1.03075,164.21
4682,1.03075,164.209
4683,1.04012,167.262
4684,1.04011,167.26
4685,1.06944,175.957
4686,1.06967,175.391
4687,1.02012,144.441
4688,1.03739,164.743
4689,1.05037,166.93
4690,1.04585,165.334
4691,1.05033,166.922
4692,1.05122,167.042
4693,1.05037,166.93
4694,1.05037,166.93
4695,1.04319,166.687
4696,1.04315,166.678
4697,1.04323,166.695
4698,1.04319,166.687
4699,1.06944,175.313
4700,1.06943,175.312
4701,1.06782,174.405
4702,1.0612,171.358
4703,1.06438,172.742
4704,1.06435,172.739
4705,1.06842,176.564
4706,1.07116,175.606
4707,1.07115,175.605
4708,1.07077,175.406
4709,1.07076,175.405
4710,1.07078,175.407
4711,1.07077,175.406
4712,1.02767,149.736
4713,1.02764,149.733
4714,1.02855,149.539
4715,1.02847,149.229
4716,1.03578,156.482
4717,1.06511,177.823
4718,1.05558,180.314
4719,1.06266,178.878
4720,1.05555,180.312
4721,1.05705,180.369
4722,1.05558,180.314
4723,1.06788,176.539
4724,1.07381,163.784
4725,1.07383,163.786
4726,1.0738,163.782
4727,1.07731,163.856
4728,1.0773,163.854
4729,1.07733,163.858
4730,1.07731,163.856
4731,1.04137,143.991
4732,1.03078,149.277
4733,1.03351,146.147
4734,1.03359,146.158
4735,1.03195,149.542
4736,1.03569,150.187
4737,1.03218,149.286
4738,1.0356,150.176
4739,1.03636,150.256
4740,1.03569,150.187
4741,1.06475,169.753
4742,1.07172,175.218
4743,1.09669,145.158
4744,1.1,145.268
4745,1.1,145.311
4746,1.09665,145.156
4747,1.09669,145.158
4748,1.09669,145.158
4749,1.09669,145.158
4750,1.09186,182.279
4751,1.07351,185.837
4752,1.09135,182.247
4753,1.09186,182.279
4754,1.09186,182.279
4755,1.09186,182.279
4756,1.02972,162.747
4757,1.01211,161.178
4758,0.996079,162.615
4759,1.03613,162.831
4760,1.03681,162.967
4761,1.04284,163.07
4762,1.0446,162.877
4763,1.04365,162.87
4764,1.03693,162.835
4765,0.974872,165.19
4766,1.02367,162.912
4767,1.0093,160.947
4768,1.02972,162.747
4769,1.01211,161.178
4770,1.07851,132.2
4771,1.06256,131.315
4772,1.07944,132.235
4773,1.07851,132.2
4774,1.07851,132.2
4775,1.07851,132.2
4776,1.07778,177.779
4777,1.07445,177.886
4778,1.04148,178.121
4779,1.03062,178.164
4780,1.0493,177.857
4781,1.03423,177.977
4782,1.07296,177.79
4783,1.07778,177.779
4784,1.07778,177.779
4785,1.07778,177.779
4786,1.09838,127.626
4787,1.09825,127.617
4788,1.09838,127.626
4789,1.09838,127.626
4790,1.08752,182.339
4791,1.08714,181.425
4792,1.1,184.458
4793,1.08701,182.307
4794,1.08752,182.339
4795,1.08752,182.339
4796,1.08752,182.339
4797,1.1,127.959
4798,1.09932,127.962
4799,1.1,127.959
4800,1.1,127.959
4801,0.946995,166.331
4802,0.9,167.537
4803,0.949031,166.256
4804,0.946995,166.331
4805,0.946995,166.331
4806,0.946995,166.331
4807,1.07423,135.667
4808,1.07673,134.801
4809,1.1,135.678
4810,1.08318,134.917
4811,1.0742,135.723
4812,1.07423,135.667
4813,1.07423,135.667
4814,1.07423,135.667
4815,0.980846,168.857
4816,0.984831,168.729
4817,0.95806,171.498
4818,0.981109,168.787
4819,0.980846,168.857
4820,0.980846,168.857
4821,0.980846,168.857
4822,1.07207,182.834
4823,1.08244,182.167
4824,1.08552,181.813
4825,1.07943,183.606
4826,1.08334,182.095
4827,1.07476,182.797
4828,1.07207,182.834
4829,1.08244,182.167
4830,1.04134,137.296
4831,1.1,136.245
4832,1.0934,134.109
4833,1.03612,137.489
4834,1.09273,135.478
4835,1.1,136.245
4836,1.04134,137.296
4837,0.97206,148.46
4838,0.967922,143.808
4839,0.949518,142.614
4840,0.961348,148.541
4841,0.95745,148.604
4842,0.958519,148.515
4843,0.949308,148.481
4844,0.984461,148.94
4845,0.97206,148.46
4846,0.97206,148.46
4847,0.97206,148.46
4848,1.0712,127.796
4849,1.09732,128.055
4850,1.08412,129.151
4851,1.1,129.339
4852,1.07099,127.752
4853,1.0712,127.796
4854,1.0712,127.796
4855,1.0712,127.796
4856,1.08954,182.288
4857,1.1,187.128
4858,1.08928,182.243
4859,1.08954,182.288
4860,1.08954,182.288
4861,1.08954,182.288
4862,1.05137,114.256
4863,1.0579,113.049
4864,1.05555,112.456
4865,1.01343,114.401
4866,1.05859,114.398
4867,1.01553,114.482
4868,1.05843,112.827
4869,1.04806,114.476
4870,1.0579,113.049
4871,1.0579,113.049
4872,1.07758,146.778
4873,1.07665,146.839
4874,1.09142,148.202
4875,1.09377,148.478
4876,1.07696,146.66
4877,1.07758,146.778
4878,1.07758,146.778
4879,1.07758,146.778
4880,1.06359,121.231
4881,1.1,123.74
4882,1.06112,121.119
4883,1.06359,121.231
4884,1.06359,121.231
4885,1.06359,121.231
4886,0.998267,172.846
4887,0.992467,172.431
4888,0.986915,175.553
4889,0.999911,172.767
4890,0.998267,172.846
4891,0.998267,172.846
4892,0.998267,172.846
4893,1.04879,146.614
4894,1.06818,144.28
4895,1.04431,149.741
4896,1.04685,146.721
4897,1.04879,146.614
4898,1.04879,146.614
4899,1.04879,146.614
4900,0.978574,168.665
4901,0.950943,173.887
4902,0.978884,168.613
4903,0.978574,168.665
4904,0.978574,168.665
4905,0.978574,168.665
4906,1.06082,146.052
4907,1.08276,143.693
4908,1.1,146.835
4909,1.06047,146.156
4910,1.06082,146.052
4911,1.06082,146.052
4912,1.06082,146.052
4913,1.04481,136.79
4914,1.05834,136.491
4915,1.1,136.646
4916,1.04492,136.801
4917,1.04481,136.79
4918,1.04481,136.79
4919,1.04481,136.79
4920,1.07589,177.301
4921,1.06408,171.606
4922,1.06056,170.334
4923,1.07994,177.72
4924,1.08022,177.75
4925,1.07999,177.885
4926,1.07589,177.301
4927,1.07589,177.301
4928,1.07589,177.301
4929,1.01806,173.998
4930,1.01892,174.162
4931,1.0094,175.704
4932,0.993544,177.118
4933,1.01841,173.908
4934,1.01806,173.998
4935,1.01806,173.998
4936,1.01806,173.998
4937,1.01839,169.046
4938,0.999902,169.694
4939,0.993008,168.725
4940,1.02619,169.91
4941,1.02857,169.807
4942,1.02916,170.094
4943,1.02738,170.036
4944,1.02802,170.108
4945,1.02763,170.057
4946,1.01602,167.781
4947,0.994973,169.972
4948,1.01839,169.046
4949,0.999902,169.694
4950,0.96224,143.002
4951,0.928343,143.319
4952,0.964105,142.966
4953,0.96224,143.002
4954,0.96224,143.002
4955,0.96224,143.002
4956,1.07046,148.149
4957,1.1,155.375
4958,1.07023,148.111
4959,1.07046,148.149
4960,1.07046,148.149
4961,1.07046,148.149
4962,0.995368,173.354
4963,0.999287,173.364
4964,0.950262,176.442
4965,0.997162,173.207
4966,0.995368,173.354
4967,0.995368,173.354
4968,0.995368,173.354
4969,1.05453,157.061
4970,1.0444,152.121
4971,1.053,152.507
4972,1.06102,157.513
4973,1.06436,157.512
4974,1.06533,157.511
4975,1.06425,157.513
4976,1.06161,157.513
4977,1.07151,157.51
4978,1.06321,157.511
4979,1.06183,157.513
4980,1.1,158.033
4981,1.1,158.036
4982,1.06374,157.512
4983,1.04704,157.169
4984,1.04038,151.495
4985,1.05453,157.061
4986,1.05453,157.061
4987,1.0757,178.315
4988,1.05378,177.663
4989,1.01159,182.301
4990,1.1,181.755
4991,1.0859,179.362
4992,1.075,178.207
4993,1.0757,178.315
4994,1.0757,178.315
4995,1.0757,178.315
4996,1.09326,138.627
4997,1.09067,138.511
4998,1.09326,138.627
4999,1.09326,138.627
5000,0.98413,165.341
5001,0.970049,166.318
5002,0.952392,166.187
5003,0.992438,165.422
5004,0.969654,166.443
5005,0.987762,165.164
5006,0.970049,166.318
5007,0.98413,165.341
5008,1.09569,131.024
5009,1.09413,131.043
5010,1.09569,131.024
5011,1.09569,131.024
5012,1.1,143.126
5013,1.09715,142.969
5014,1.1,143.126
5015,1.1,143.126
5016,0.981426,169.485
5017,0.981667,169.421
5018,0.981426,169.485
5019,0.981426,169.485
5020,0.973237,167.374
5021,0.967264,166.557
5022,0.932966,171.994
5023,0.974451,167.246
5024,0.973237,167.374
5025,0.973237,167.374
5026,0.973237,167.374
5027,1.09015,134.018
5028,1.1,136.623
5029,1.09,133.995
5030,1.09015,134.018
5031,1.09015,134.018
5032,1.09015,134.018
5033,1.00535,170.25
5034,1.00424,172.218
5035,0.99425,172.233
5036,0.986387,172.401
5037,1.00594,172.539
5038,1.00569,169.618
5039,1.00535,170.25
5040,1.00535,170.25
5041,1.06411,178.169
5042,1.06814,177.978
5043,1.07831,178.838
5044,1.03052,178.641
5045,1.03547,179.251
5046,1.0837,180.287
5047,1.03758,179.491
5048,1.0732,179.13
5049,1.0316,178.82
5050,1.06116,180.954
5051,1.05322,177.494
5052,1.06797,177.92
5053,1.06814,177.978
5054,1.06814,177.978
5055,1.1,145.223
5056,1.09895,145.22
5057,1.1,145.223
5058,1.1,145.223
5059,1.03189,121.79
5060,1.05504,120.715
5061,1.08673,122.753
5062,1.05554,120.471
5063,1.02857,121.876
5064,1.03189,121.79
5065,1.03189,121.79
5066,0.927956,143.22
5067,0.92861,143.209
5068,0.927956,143.22
5069,0.927956,143.22
5070,1.1,128.083
5071,1.0988,128.095
5072,1.1,128.083
5073,1.1,128.083
5074,0.966186,166.708
5075,0.955692,166.256
5076,0.949338,167.318
5077,0.968181,166.67
5078,0.966186,166.708
5079,0.966186,166.708
5080,0.966186,166.708
5081,1.0711,177.331
5082,1.06043,172.946
5083,1.0627,172.256
5084,1.06136,177.697
5085,1.07094,178.729
5086,1.06859,178.476
5087,1.0727,178.198
5088,1.07452,177.388
5089,1.0711,177.331
5090,1.0711,177.331
5091,1.05813,172.513
5092,0.978415,133.657
5093,0.9,134.016
5094,0.973406,133.699
5095,0.9,133.917
5096,0.978946,133.65
5097,0.978415,133.657
5098,0.978415,133.657
5099,0.978415,133.657
5100,1.07994,129.044
5101,1.04583,129.505
5102,1.08022,129.037
5103,1.07994,129.044
5104,1.07994,129.044
5105,1.07994,129.044
5106,1.05885,112.685
5107,1.05338,112.199
5108,1.1,112.808
5109,1.06487,112.747
5110,1.05858,112.699
5111,1.05885,112.685
5112,1.05885,112.685
5113,1.05885,112.685
5114,1.08822,182.75
5115,1.08897,182.173
5116,1.08626,182.63
5117,1.08822,182.75
5118,1.08822,182.75
5119,1.08822,182.75
5120,1.03881,178.16
5121,1.0104,181.331
5122,0.967855,184.622
5123,1.03922,178.105
5124,1.03881,178.16
5125,1.03881,178.16
5126,1.03881,178.16
5127,1.1,146.441
5128,1.08249,143.777
5129,1.09701,146.117
5130,1.1,146.441
5131,1.1,146.441
5132,1.1,146.441
5133,1.1,138.475
5134,1.09865,138.392
5135,1.1,138.475
5136,1.1,138.475
5137,1.00201,169.227
5138,0.987268,169.295
5139,0.984832,169.451
5140,0.992028,170.383
5141,0.996207,169.899
5142,0.984916,169.33
5143,1.00633,168.874
5144,1.00201,169.227
5145,1.00201,169.227
5146,1.08865,142.749
5147,1.1,142.867
5148,1.1,142.996
5149,1.1,142.782
5150,1.1,142.929
5151,1.0884,142.749
5152,1.08865,142.749
5153,1.08865,142.749
5154,1.08865,142.749
5155,0.978252,171.323
5156,0.986228,168.86
5157,0.964366,172.982
5158,0.95515,173.988
5159,0.943783,175.251
5160,0.958103,173.665
5161,0.981262,170.829
5162,0.978252,171.323
5163,0.978252,171.323
5164,0.978252,171.323
5165,1.01289,139.16
5166,1.03028,137.598
5167,1.03982,136.95
5168,1.04067,139.236
5169,1.08343,137.605
5170,1.00815,139.416
5171,1.02978,137.45
5172,1.03028,137.598
5173,1.01289,139.16
5174,0.992916,172.839
5175,0.9,179.799
5176,0.99324,172.774
5177,0.992916,172.839
5178,0.992916,172.839
5179,0.992916,172.839
5180,1.05464,175.626
5181,1.05892,176.296
5182,1.1,175.911
5183,1.1,175.915
5184,1.05096,175.619
5185,1.05464,175.626
5186,1.05464,175.626
5187,1.05464,175.626
5188,1.09557,128.22
5189,1.1,128.389
5190,1.1,128.347
5191,1.09551,128.219
5192,1.09557,128.22
5193,1.09557,128.22
5194,1.09557,128.22
5195,1.05429,177.84
5196,1.06438,177.714
5197,1.0642,177.828
5198,1.06439,177.939
5199,1.06578,178.006
5200,1.0648,178.033
5201,1.06756,177.63
5202,1.06438,177.714
5203,1.0519,177.849
5204,1.05429,177.84
5205,1.06476,112.097
5206,1.1,111.641
5207,1.06344,112.131
5208,1.06476,112.097
5209,1.06476,112.097
5210,1.06476,112.097
5211,0.981733,170.011
5212,0.980347,168.908
5213,0.94236,171.197
5214,0.982393,169.973
5215,0.981733,170.011
5216,0.981733,170.011
5217,0.981733,170.011
5218,1.03891,175.35
5219,1.04961,175.699
5220,1.05832,176.216
5221,1.02528,175.444
5222,1.02698,175.471
5223,1.05005,175.71
5224,1.04961,175.699
5225,1.04961,175.699
5226,1.03856,175.283
5227,1.095,148.422
5228,1.0913,146.523
5229,1.09699,145.418
5230,1.1,148.453
5231,1.1,148.517
5232,1.1,148.491
5233,1.1,148.497
5234,1.1,148.481
5235,1.1,148.511
5236,1.08979,146.309
5237,1.09476,148.652
5238,1.095,148.422
5239,1.0913,146.523
5240,0.941546,119.726
5241,0.935198,120.533
5242,0.939308,119.754
5243,0.9,120.71
5244,0.9,119.774
5245,0.9,120.63
5246,0.942657,119.667
5247,0.941546,119.726
5248,0.941546,119.726
5249,0.941546,119.726
5250,1.08222,143.674
5251,1.08011,143.696
5252,1.08222,143.674
5253,1.08222,143.674
5254,1.05705,166.15
5255,1.1,165.708
5256,1.05569,166.156
5257,1.05705,166.15
5258,1.05705,166.15
5259,1.05705,166.15
5260,1.09206,140.84
5261,1.09217,139.131
5262,1.1,144.553
5263,1.1,143.501
5264,1.09025,140.709
5265,1.09206,140.84
5266,1.09206,140.84
5267,1.09206,140.84
5268,1.05633,112.6
5269,1.0595,112.345
5270,1.1,119.802
5271,1.05626,112.61
5272,1.05633,112.6
5273,1.05633,112.6
5274,1.05633,112.6
5275,1.08798,146.262
5276,1.09507,145.439
5277,1.1,146.48
5278,1.1,146.438
5279,1.08897,146.25
5280,1.08798,146.262
5281,1.08798,146.262
5282,1.08798,146.262
5283,1.07434,142.875
5284,1.1,143.084
5285,1.07413,142.876
5286,1.07434,142.875
5287,1.07434,142.875
5288,1.07434,142.875
5289,1.00689,174.273
5290,1.00614,173.768
5291,1.00759,174.13
5292,1.00689,174.273
5293,1.00689,174.273
5294,1.00689,174.273
5295,1.03207,174.251
5296,1.0335,174.732
5297,1.0339,174.788
5298,1.0007,174.478
5299,1.03298,174.151
5300,1.03349,174.794
5301,1.03207,174.251
5302,1.03207,174.251
5303,1.05592,83.275
5304,1.05679,82.4925
5305,1.0568,82.4938
5306,1.05678,82.4913
5307,1.05679,82.4925
5308,1.05769,81.7496
5309,1.05842,80.4989
5310,1.05841,80.4982
5311,1.05489,85.3527
5312,1.0551,84.2786
5313,1.04268,91.9123
5314,1.04267,91.9109
5315,1.0429,92.6006
5316,1.04287,93.3235
5317,1.04287,93.3221
5318,1.04288,93.3247
5319,1.04287,93.3235
5320,1.05303,85.804
5321,1.05308,85.813
5322,1.05298,85.7941
5323,1.05277,85.9588
5324,1.05301,85.6294
5325,1.05261,86.4827
5326,1.05427,84.7984
5327,1.05535,84.0932
5328,1.05618,83.4131
5329,1.05529,84.085
5330,1.05547,84.1261
5331,1.05535,84.0932
5332,1.05535,84.0932
5333,1.05364,83.184
5334,1.05358,83.1778
5335,1.05369,83.1911
5336,1.05364,83.184
5337,1.05574,83.1594
5338,1.05572,83.157
5339,1.05353,83.4454
5340,1.05464,85.1537
5341,1.05327,85.8837
5342,1.05299,86.5329
5343,1.0532,85.8752
5344,1.05374,85.8629
5345,1.05327,85.8837
5346,1.04968,86.1157
5347,1.04948,86.1629
5348,1.04942,86.1546
5349,1.04954,86.1718
5350,1.04948,86.1629
5351,1.04289,106.957
5352,1.04303,106.359
5353,1.0524,84.7264
5354,1.0524,84.7259
5355,1.04751,87.9035
5356,1.04755,87.9101
5357,1.04957,87.0246
5358,1.05239,86.3048
5359,1.05233,86.2977
5360,1.05246,86.3116
5361,1.04769,88.171
5362,1.04082,105.161
5363,1.04087,105.169
5364,1.05234,99.3716
5365,1.04364,102.47
5366,1.03991,104.077
5367,1.05292,98.8598
5368,1.04357,102.462
5369,1.04364,102.47
5370,1.04436,102.943
5371,1.04334,105.361
5372,1.03958,103.927
5373,1.04536,89.3903
5374,1.04521,88.805
5375,1.04517,88.7988
5376,1.04399,90.1536
5377,1.04394,90.1472
5378,1.04403,90.1594
5379,1.04358,90.8014
5380,1.04952,86.6859
5381,1.04951,86.6845
5382,1.05053,87.6522
5383,1.03903,101.992
5384,1.03902,101.991
5385,1.03919,102.536
5386,1.03919,102.535
5387,1.03919,102.537
5388,1.05456,82.7313
5389,1.05822,77.0732
5390,1.05858,76.5339
5391,1.05857,76.5331
5392,1.05859,76.5347
5393,1.05858,76.5339
5394,1.05631,78.5934
5395,1.0535,83.2898
5396,1.04222,95.1443
5397,1.04926,87.4585
5398,1.05397,80.8589
5399,1.05395,80.8569
5400,1.05398,80.8607
5401,1.05397,80.8589
5402,1.04124,106.686
5403,1.04124,106.685
5404,1.04125,106.686
5405,1.04124,106.686
5406,1.0535,81.0652
5407,1.05349,81.064
5408,1.05455,79.808
5409,1.05392,81.1898
5410,1.05391,81.189
5411,1.05392,81.1905
5412,1.04347,92.3235
5413,1.04859,88.8835
5414,1.05997,76.7741
5415,1.05905,76.8985
5416,1.05996,76.7727
5417,1.06,76.7693
5418,1.05997,76.7741
5419,1.0573,77.1303
5420,1.05729,77.1278
5421,1.05732,77.1327
5422,1.05334,81.7667
5423,1.05333,81.7656
5424,1.05335,81.7678
5425,1.05334,81.7667
5426,1.07142,64.9717
5427,1.07065,65.8753
5428,1.07063,65.8736
5429,1.0709,66.6782
5430,1.06962,68.6178
5431,1.06966,68.6243
5432,1.06958,68.6114
5433,1.07047,67.8552
5434,1.06953,70.3587
5435,1.0708,68.8027
5436,1.06947,70.3521
5437,1.06975,70.4177
5438,1.06953,70.3587
5439,1.07124,65.0881
5440,1.07219,63.8293
5441,1.04677,92.2712
5442,1.04676,92.2695
5443,1.04552,92.9719
5444,1.05263,82.7617
5445,1.05462,91.2707
5446,1.04786,91.6571
5447,1.04786,91.6579
5448,1.05084,90.7143
5449,1.06541,70.6181
5450,1.0718,63.1545
5451,1.07182,63.1563
5452,1.04425,96.6842
5453,1.06225,72.8352
5454,1.06375,71.8653
5455,1.06373,71.8639
5456,1.06094,74.0053
5457,1.07249,63.1728
5458,1.05971,92.0495
5459,1.04299,100.227
5460,1.07144,62.7613
5461,1.07144,62.7604
5462,1.07145,62.7622
5463,1.07142,61.4269
5464,1.07141,61.426
5465,1.07142,61.4269
5466,1.07143,61.4279
5467,1.07075,62.2639
5468,1.05325,82.7407
5469,1.05326,82.7411
5470,1.05325,82.7403
5471,1.06113,92.5787
5472,1.07343,62.7415
5473,1.06904,68.9041
5474,1.06709,69.8378
5475,1.06706,69.8323
5476,1.07504,67.6515
5477,1.07381,67.5481
5478,1.07499,67.6454
5479,1.07521,67.6638
5480,1.07504,67.6515
5481,1.07504,67.6515
5482,1.04427,107.021
5483,1.07324,66.9904
5484,1.07227,66.1667
5485,1.07127,64.1161
5486,1.07132,64.128
5487,1.07127,64.1161
5488,1.07233,65.7024
5489,1.0692,64.5291
5490,1.07143,63.9431
5491,1.07056,64.5629
5492,1.06914,64.5191
5493,1.0692,64.5291
5494,1.07276,62.2755
5495,1.07269,62.2634
5496,1.05164,85.4367
5497,1.05163,85.4358
5498,1.05172,85.437
5499,1.05723,88.0422
5500,1.05852,89.0365
5501,1.05995,89.7453
5502,1.05996,89.7467
5503,1.06526,71.0879
5504,1.0645,71.3656
5505,1.06449,71.3645
5506,1.06451,71.3668
5507,1.0645,71.3656
5508,1.06664,70.3387
5509,1.06665,70.3399
5510,1.06664,70.3374
5511,1.0741,61.8245
5512,1.07464,63.0379
5513,1.07464,63.0372
5514,1.05229,99.9766
5515,1.05455,100.589
5516,1.05318,100.232
5517,1.07378,61.9709
5518,1.0739,60.9791
5519,1.07324,60.3344
5520,1.07287,65.9619
5521,1.07288,65.9628
5522,1.07287,65.9611
5523,1.07451,66.9837
5524,1.0745,66.9829
5525,1.07451,66.9845
5526,1.07514,66.8022
5527,1.06267,93.3829
5528,1.05136,101.148
5529,1.05137,101.15
5530,1.05135,101.147
5531,1.05136,101.148
5532,1.05016,101.81
5533,1.0475,103.004
5534,1.04778,103.001
5535,1.07441,62.9918
5536,1.07401,63.2108
5537,1.07396,63.2062
5538,1.07407,63.2151
5539,1.07326,64.2332
5540,1.07453,63.2391
5541,1.07321,64.228
5542,1.0734,64.2791
5543,1.07326,64.2332
5544,1.05946,95.4192
5545,1.06008,94.8715
5546,1.0601,94.8742
5547,1.06006,94.8691
5548,1.06262,93.7686
5549,1.06261,93.7666
5550,1.06263,93.7705
5551,1.06262,93.7686
5552,1.0725,64.8167
5553,1.07294,64.2047
5554,1.07295,64.206
5555,1.07373,63.372
5556,1.04479,107.917
5557,1.0482,104.429
5558,1.06459,92.3793
5559,1.06459,92.3801
5560,1.0646,92.3941
5561,1.0646,92.3936
5562,1.06461,92.3947
5563,1.0646,92.3941
5564,1.06341,92.2658
5565,1.06341,92.2653
5566,1.06342,92.2664
5567,1.07386,63.0172
5568,1.07387,63.0183
5569,1.07385,63.0161
5570,1.07386,63.0172
5571,1.06505,93.5746
5572,1.06506,93.5768
5573,1.0556,98.2897
5574,1.07555,61.3908
5575,1.07551,61.3853
5576,1.07553,61.397
5577,1.07555,61.3908
5578,1.07519,61.6197
5579,1.07531,61.1534
5580,1.07535,61.1587
5581,1.07528,61.1486
5582,1.07531,61.1534
5583,1.07218,63.3472
5584,1.07305,63.1381
5585,1.07527,60.2173
5586,1.07525,60.2154
5587,1.07528,60.2193
5588,1.07527,60.2173
5589,1.06555,92.5668
5590,1.06657,92.6737
5591,1.06657,92.6732
5592,1.05311,106.855
5593,1.0549,107.178
5594,1.05565,106.499
5595,1.05509,107.222
5596,1.05482,107.168
5597,1.0549,107.178
5598,1.0549,107.178
5599,1.06705,93.4764
5600,1.07417,61.3678
5601,1.07416,61.366
5602,1.07235,62.9737
5603,1.07234,62.9718
5604,1.07049,63.846
5605,1.07325,61.7959
5606,1.07471,61.6369
5607,1.07929,62.3297
5608,1.07522,61.623
5609,1.07948,62.3481
5610,1.07926,62.3244
5611,1.07929,62.3297
5612,1.07478,60.7271
5613,1.06234,73.7574
5614,1.06015,95.7491
5615,1.06678,71.4121
5616,1.06677,71.4113
5617,1.06678,71.4129
5618,1.06678,71.4121
5619,1.07986,58.7101
5620,1.07766,59.2975
5621,1.07768,59.3005
5622,1.07766,59.2975
5623,1.07764,59.2946
5624,1.0757,59.7674
5625,1.07569,59.7648
5626,1.07572,59.771
5627,1.07328,65.3542
5628,1.07325,65.3504
5629,1.07331,65.358
5630,1.07328,65.3542
5631,1.07837,59.0775
5632,1.07834,59.0751
5633,1.07839,59.0797
5634,1.0756,60.309
5635,1.07708,59.5193
5636,1.07707,59.518
5637,1.07709,59.5205
5638,1.06626,69.233
5639,1.0598,109.257
5640,1.06098,111.059
5641,1.06097,111.059
5642,1.06098,111.06
5643,1.05813,102.26
5644,1.05811,102.257
5645,1.05816,102.263
5646,1.05877,102.023
5647,1.05797,102.609
5648,1.05799,102.612
5649,1.05794,102.605
5650,1.05797,102.609
5651,1.06525,93.0722
5652,1.06526,92.4527
5653,1.0652,92.4419
5654,1.06533,92.4638
5655,1.06526,92.4527
5656,1.06452,93.6644
5657,1.06649,93.1498
5658,1.06276,92.2002
5659,1.06271,92.1949
5660,1.06281,92.2058
5661,1.06015,91.1253
5662,1.0602,91.131
5663,1.06011,91.1203
5664,1.06015,91.1253
5665,1.05786,90.2167
5666,1.05791,90.255
5667,1.05787,90.2497
5668,1.05439,82.3783
5669,1.05446,82.3892
5670,1.05848,86.8277
5671,1.057,90.0678
5672,1.05693,90.057
5673,1.05708,90.0778
5674,1.057,90.0678
5675,1.05307,84.8277
5676,1.05513,84.0092
5677,1.053,84.8178
5678,1.05324,84.8829
5679,1.05307,84.8277
5680,1.06048,97.276
5681,1.0637,95.3203
5682,1.06839,94.0113
5683,1.06427,94.2237
5684,1.06182,101.828
5685,1.06179,101.824
5686,1.05488,103.252
5687,1.06206,101.817
5688,1.05556,103.308
5689,1.05486,103.248
5690,1.05488,103.252
5691,1.06436,101.798
5692,1.06432,101.792
5693,1.05658,107.547
5694,1.06124,110.543
5695,1.05871,108.828
5696,1.0587,108.826
5697,1.05872,108.83
5698,1.06635,92.7268
5699,1.06911,93.8481
5700,1.05844,92.0797
5701,1.06192,91.768
5702,1.05833,92.0696
5703,1.05848,92.1049
5704,1.05844,92.0797
5705,1.06976,93.2441
5706,1.06205,100.616
5707,1.06204,100.615
5708,1.07231,65.8446
5709,1.07303,65.4377
5710,1.07391,64.551
5711,1.07259,65.5662
5712,1.07407,64.5043
5713,1.07389,64.5485
5714,1.07391,64.551
5715,1.07391,64.551
5716,1.05964,90.0148
5717,1.05959,90.0063
5718,1.0597,90.0229
5719,1.06027,91.0186
5720,1.06022,91.011
5721,1.06942,93.7988
5722,1.06516,92.3854
5723,1.06509,92.3771
5724,1.06522,92.3927
5725,1.05581,81.2421
5726,1.05587,81.2471
5727,1.05566,79.6782
5728,1.05519,80.6913
5729,1.05314,82.0582
5730,1.05532,81.3838
5731,1.05309,82.0526
5732,1.05322,82.0899
5733,1.05314,82.0582
5734,1.05314,82.0582
5735,1.06909,69.9619
5736,1.06857,69.5661
5737,1.06913,69.0496
5738,1.0691,69.0452
5739,1.06916,69.0542
5740,1.05498,77.5832
5741,1.05521,77.3588
5742,1.0561,79.2145
5743,1.05521,77.2296
5744,1.05502,77.7745
5745,1.05518,77.2239
5746,1.05516,77.2141
5747,1.05521,77.2296
5748,1.05521,77.2296
5749,1.07654,59.8117
5750,1.07654,59.8126
5751,1.07653,59.8109
5752,1.07654,59.8117
5753,1.0621,95.2914
5754,1.06109,96.0637
5755,1.06183,95.4612
5756,1.06171,95.4464
5757,1.06174,95.3351
5758,1.06191,95.3569
5759,1.06165,95.3207
5760,1.06172,95.3332
5761,1.06184,95.3518
5762,1.07124,67.8781
5763,1.07123,67.8773
5764,1.07125,67.8788
5765,1.07053,68.4602
5766,1.06959,94.1692
5767,1.06499,94.8086
5768,1.065,94.8103
5769,1.06499,94.8086
5770,1.05825,83.608
5771,1.05824,83.6064
5772,1.05826,83.6095
5773,1.05663,83.1267
5774,1.05661,83.1241
5775,1.05937,84.4182
5776,1.05936,84.4165
5777,1.05938,84.4197
5778,1.0631,96.037
5779,1.06319,95.8437
5780,1.06318,95.8426
5781,1.0632,95.8447
5782,1.06319,95.8437
5783,1.05709,85.9951
5784,1.05879,84.5854
5785,1.06026,85.9301
5786,1.06024,85.9284
5787,1.06028,85.932
5788,1.06026,85.9301
5789,1.07451,65.2159
5790,1.07504,64.7725
5791,1.07483,64.9256
5792,1.07481,64.9228
5793,1.06973,69.3394
5794,1.06306,95.6636
5795,1.06307,95.6645
5796,1.06309,95.5324
5797,1.06308,95.5314
5798,1.06954,71.6737
5799,1.06954,71.6733
5800,1.08123,58.7094
5801,1.08122,58.7072
5802,1.08124,58.7113
5803,1.08123,58.7094
5804,1.07731,60.1337
5805,1.0773,60.132
5806,1.07733,60.1353
5807,1.08035,59.0694
5808,1.08037,59.071
5809,1.08034,59.0676
5810,1.06397,97.3879
5811,1.06397,97.3875
5812,1.06398,97.3884
5813,1.06397,97.3879
5814,1.05675,76.2679
5815,1.06755,73.0477
5816,1.06756,73.0488
5817,1.06788,63.2609
5818,1.06787,63.2599
5819,1.06788,63.2618
5820,1.07433,61.1827
5821,1.06011,69.5373
5822,1.06009,69.5335
5823,1.06237,67.9963
5824,1.05942,69.9911
5825,1.05711,102.473
5826,1.07832,106.091
5827,1.07832,106.092
5828,1.08955,109.146
5829,1.08955,109.147
5830,1.0767,105.122
5831,1.06498,94.8828
5832,1.06496,94.8807
5833,1.06499,94.8847
5834,1.0648,95.285
5835,1.07987,57.9583
5836,1.07926,59.5226
5837,1.07916,59.5092
5838,1.07496,61.3735
5839,1.08131,59.5281
5840,1.07489,61.3609
5841,1.07552,61.4714
5842,1.07496,61.3735
5843,1.07496,61.3735
5844,1.08073,58.9212
5845,1.08064,58.9077
5846,1.08084,58.9342
5847,1.06602,74.9234
5848,1.0649,74.8391
5849,1.05594,77.117
5850,1.06532,75.118
5851,1.05588,77.1046
5852,1.05623,77.2258
5853,1.05594,77.117
5854,1.05594,77.117
5855,1.05275,73.9924
5856,1.06511,75.0174
5857,1.06366,74.8332
5858,1.06358,74.8191
5859,1.06373,74.8485
5860,1.05571,77.7786
5861,1.06335,75.3588
5862,1.05562,77.7665
5863,1.0561,77.8627
5864,1.05571,77.7786
5865,1.0636,74.8615
5866,1.05779,77.6854
5867,1.05785,77.6968
5868,1.05779,77.6854
5869,1.05729,78.0689
5870,1.05722,78.0587
5871,1.05607,78.4008
5872,1.05661,79.0831
5873,1.05659,78.575
5874,1.05652,79.0729
5875,1.0568,79.1181
5876,1.05661,79.0831
5877,1.05661,79.0831
5878,1.06045,91.3513
5879,1.06045,91.3504
5880,1.06447,96.0575
5881,1.06448,96.0584
5882,1.06274,68.433
5883,1.06205,68.9215
5884,1.06203,68.9193
5885,1.06206,68.9236
5886,1.06205,68.9215
5887,1.06194,69.4835
5888,1.08393,56.5514
5889,1.08406,56.5631
5890,1.08331,56.0319
5891,1.08206,58.2154
5892,1.08487,56.6445
5893,1.08196,58.2025
5894,1.08228,58.2947
5895,1.08206,58.2154
5896,1.08206,58.2154
5897,1.07963,56.603
5898,1.08026,56.5023
5899,1.06552,74.9914
5900,1.06551,74.9895
5901,1.06554,74.993
5902,1.06593,72.6524
5903,1.06708,73.3857
5904,1.07333,65.2737
5905,1.07334,65.2749
5906,1.07387,65.2322
5907,1.06166,69.2268
5908,1.06233,69.9382
5909,1.06385,68.3868
5910,1.06328,70.2054
5911,1.0638,68.3775
5912,1.06418,68.3229
5913,1.06385,68.3868
5914,1.06989,72.6106
5915,1.06986,72.6049
5916,1.06993,72.6155
5917,1.06989,72.6106
5918,1.06327,70.8747
5919,1.0633,70.8795
5920,1.06324,70.8696
5921,1.06327,70.8747
5922,1.07047,72.824
5923,1.07045,72.8226
5924,1.06882,73.6434
5925,1.06882,73.6419
5926,1.07175,73.392
5927,1.07176,73.3934
5928,1.09605,55.9834
5929,1.09608,55.9866
5930,1.09438,56.1021
5931,1.09436,56.0988
5932,1.0944,56.1057
5933,1.09437,55.7524
5934,1.09433,55.7471
5935,1.09441,55.7577
5936,1.07757,57.0214
5937,1.07926,57.197
5938,1.0793,57.2039
5939,1.076,56.7377
5940,1.07605,56.7447
5941,1.076,56.7377
5942,1.07967,56.9315
5943,1.04533,100.017
5944,1.04531,100.015
5945,1.04534,100.019
5946,1.04533,100.017
5947,1.04107,100.026
5948,1.04106,100.024
5949,1.03778,100.097
5950,1.07435,67.5408
5951,1.07627,65.8111
5952,1.06415,67.9108
5953,1.07404,65.4047
5954,1.07396,65.3927
5955,1.07413,65.4175
5956,1.05982,75.6465
5957,1.05991,75.6548
5958,1.05972,75.6373
5959,1.06074,77.2595
5960,1.06067,77.2505
5961,1.06074,77.2594
5962,1.06082,77.2698
5963,1.06075,75.1712
5964,1.06067,75.1623
5965,1.06046,75.5078
5966,1.09141,55.3887
5967,1.09179,55.5055
5968,1.0918,55.5069
5969,1.06861,64.9796
5970,1.07591,65.7619
5971,1.06804,66.7978
5972,1.06867,65.0546
5973,1.06901,66.856
5974,1.06791,66.7842
5975,1.06804,66.7978
5976,1.06838,63.9362
5977,1.06852,63.9493
5978,1.07588,56.8243
5979,1.07685,55.5659
5980,1.07692,55.5786
5981,1.07603,60.1758
5982,1.08054,57.401
5983,1.07593,60.1653
5984,1.07651,60.3053
5985,1.07603,60.1758
5986,1.07603,60.1758
5987,1.07528,56.8059
5988,1.07535,56.8176
5989,1.0752,56.7942
5990,1.09293,55.6116
5991,1.09131,55.3692
5992,1.09131,55.3683
5993,1.05872,79.8518
5994,1.05827,80.1279
5995,1.05831,80.1341
5996,1.05823,80.1223
5997,1.05827,80.1279
5998,1.05798,80.216
5999,1.05795,80.2102
6000,1.05802,80.2217
6001,1.06266,74.7366
6002,1.06297,74.7039
6003,1.0629,74.6972
6004,1.06446,74.6597
6005,1.06616,74.6737
6006,1.06621,74.6802
6007,1.05789,80.4995
6008,1.06173,65.2334
6009,1.0623,65.2378
6010,1.05681,65.7403
6011,1.06078,65.4877
6012,1.06085,65.4979
6013,1.06078,65.4877
6014,1.07001,65.0003
6015,1.07118,74.0207
6016,1.08954,55.1888
6017,1.07886,55.8722
6018,1.07563,55.6967
6019,1.08238,55.7533
6020,1.08163,55.4577
6021,1.08025,55.7335
6022,1.08401,55.6913
6023,1.07995,55.421
6024,1.07059,56.6979
6025,1.07069,56.7103
6026,1.07283,57.2165
6027,1.07291,57.229
6028,1.07422,56.5971
6029,1.07413,56.5851
6030,1.07432,56.6097
6031,1.07422,56.5971
6032,1.06696,57.4689
6033,1.07557,55.7489
6034,1.07758,57.0374
6035,1.07548,55.8983
6036,1.07865,55.527
6037,1.07861,55.518
6038,1.0787,55.5364
6039,1.07484,56.0994
6040,1.07382,56.4922
6041,1.07389,56.5058
6042,1.07375,56.4801
6043,1.07382,56.4922
6044,1.07411,55.8241
6045,1.07334,56.378
6046,1.06359,62.5398
6047,1.0735,56.2906
6048,1.07347,56.2838
6049,1.07354,56.2981
6050,1.07447,55.9527
6051,1.07618,55.5425
6052,1.0772,55.5028
6053,1.07715,55.4956
6054,1.0773,55.5158
6055,1.07715,55.4972
6056,1.08531,55.2537
6057,1.08711,55.2745
6058,1.08707,55.2693
6059,1.08386,55.221
6060,1.08011,55.8508
6061,1.07763,55.937
6062,1.0776,55.932
6063,1.07485,56.1478
6064,1.05935,70.7709
6065,1.05928,70.7603
6066,1.05941,70.7826
6067,1.05383,67.7479
6068,1.06049,70.3868
6069,1.0538,69.438
6070,1.07656,55.5704
6071,1.07667,55.5856
6072,1.07662,55.0626
6073,1.07671,55.0771
6074,1.07653,55.0487
6075,1.07662,55.0626
6076,1.08163,55.5208
6077,1.07941,55.4998
6078,1.07951,55.5142
6079,1.05973,64.0233
6080,1.03447,100.261
6081,1.03362,100.265
6082,1.03882,100.363
6083,1.03881,100.362
6084,1.07512,55.9405
6085,1.07479,55.9371
6086,1.07477,55.9334
6087,1.07482,55.9405
6088,1.06595,58.7133
6089,1.06597,58.7161
6090,1.06593,58.7103
6091,1.06765,58.0947
6092,1.06764,58.0919
6093,1.07267,56.8534
6094,1.07264,56.851
6095,1.0727,56.856
6096,1.07574,55.6195
6097,1.07579,55.6282
6098,1.07599,55.3235
6099,1.07602,55.479
6100,1.07565,55.9498
6101,1.07293,56.8245
6102,1.07446,56.4952
6103,1.07441,56.4898
6104,1.07259,56.9374
6105,1.07514,56.0887
6106,1.07511,56.0826
6107,1.07437,56.0824
6108,1.07441,56.0882
6109,1.07419,55.9491
6110,1.06967,56.9774
6111,1.07401,55.9596
6112,1.07283,56.6936
6113,1.07276,56.6856
6114,1.07289,56.7017
6115,1.06845,57.1797
6116,1.06644,58.3325
6117,1.06633,58.3193
6118,1.06654,58.345
6119,1.07156,56.8107
6120,1.07149,56.7975
6121,1.07161,56.8246
6122,1.07156,56.8107
6123,1.07576,56.1203
6124,1.07567,56.1089
6125,1.07509,56.236
6126,1.07452,55.8571
6127,1.0867,56.9505
6128,1.09108,57.3944
6129,1.08906,56.5515
6130,1.08653,56.9344
6131,1.08826,56.8741
6132,1.09124,57.5035
6133,1.09108,57.3944
6134,1.07689,55.158
6135,1.08016,55.3626
6136,1.08113,55.2403
6137,1.08104,55.2227
6138,1.08121,55.2559
6139,1.08113,55.2403
6140,1.07732,55.1304
6141,1.07741,55.1408
6142,1.0763,55.3007
6143,1.06957,56.8141
6144,1.07325,56.0895
6145,1.07456,55.8784
6146,1.07442,55.8573
6147,1.08239,55.2377
6148,1.07696,55.6016
6149,1.07712,55.6225
6150,1.0768,55.5817
6151,1.07696,55.6016
6152,1.07651,55.0777
6153,1.08701,56.3937
6154,1.07668,55.1193
6155,1.07847,55.2135
6156,1.07812,55.2282
6157,1.07847,55.2135
6158,1.07597,55.3294
6159,1.07604,55.3395
6160,1.07687,55.2262
6161,1.07682,55.2149
6162,1.07693,55.2373
6163,1.07687,55.2262
6164,1.0318,107.581
6165,1.02853,106.992
6166,1.02854,106.993
6167,1.02853,106.992
6168,1.02852,106.99
6169,1.03389,108.125
6170,1.07885,55.2892
6171,1.07438,55.9796
6172,1.07602,55.8723
6173,1.01336,96.1289
6174,1.08672,56.3487
6175,1.0866,56.3366
6176,1.07923,55.6596
6177,1.0865,55.3347
6178,1.07979,55.7949
6179,1.05665,73.13
6180,1.05888,72.0905
6181,1.0566,73.1182
6182,1.05677,73.1687
6183,1.05665,73.13
6184,1.06649,74.2236
6185,1.05869,71.1741
6186,1.05861,71.1641
6187,1.06297,73.9151
6188,1.06289,73.9056
6189,1.06754,57.274
6190,1.06746,57.2628
6191,1.06619,57.5446
6192,1.06636,57.5627
6193,1.06602,57.5259
6194,1.075,55.9432
6195,1.07492,55.9323
6196,1.07508,55.9529
6197,1.07555,55.9207
6198,1.0755,55.9103
6199,1.05612,66.744
6200,1.05632,66.6557
6201,1.05631,66.6533
6202,1.05837,65.8568
6203,1.05833,65.8534
6204,1.0584,65.8602
6205,1.08041,55.0909
6206,1.08035,55.0763
6207,1.07757,55.8306
6208,1.0758,55.992
6209,1.0783,55.4487
6210,1.07931,55.1239
6211,1.07271,56.6188
6212,1.07264,56.6082
6213,1.07882,55.4518
6214,1.07876,55.4393
6215,1.07889,55.4642
6216,1.07882,55.4518
6217,1.07004,57.0705
6218,1.07222,56.8643
6219,1.07212,56.8478
6220,1.07028,62.2055
6221,1.07288,57.9197
6222,1.07023,62.1949
6223,1.07109,62.3956
6224,1.07028,62.2055
6225,1.07087,56.9211
6226,1.07237,57.7077
6227,1.0723,57.697
6228,1.07243,57.7193
6229,1.07237,57.7077
6230,1.07256,58.1739
6231,1.07249,58.1624
6232,1.07749,55.4563
6233,1.07742,55.4434
6234,1.07851,55.2838
6235,1.0786,55.2963
6236,1.07579,55.3629
6237,1.07369,56.449
6238,1.07365,56.4418
6239,1.07128,58.3053
6240,1.07123,58.2983
6241,1.0712,56.7282
6242,1.06673,59.9099
6243,1.06736,58.8186
6244,1.06722,58.8051
6245,1.06497,58.6606
6246,1.0648,58.6469
6247,1.06513,58.6733
6248,1.06497,58.6606
6249,1.06725,58.165
6250,1.06715,58.1511
6251,1.06281,60.2572
6252,1.0556,67.4019
6253,1.05611,67.1675
6254,1.05153,70.7377
6255,1.06657,59.9617
6256,1.06667,59.9749
6257,1.06428,60.8865
6258,1.06776,57.5819
6259,1.06761,57.5711
6260,1.07112,57.3628
6261,1.06725,60.8149
6262,1.06732,60.8282
6263,1.05761,79.0449
6264,1.05362,75.598
6265,1.06792,60.0622
6266,1.07177,57.3014
6267,1.07263,56.6643
6268,1.07592,57.2728
6269,1.07599,57.2835
6270,1.07592,57.2728
6271,1.07465,56.0258
6272,1.0563,71.2552
6273,1.0532,70.5123
6274,1.05318,70.5097
6275,1.05321,70.5148
6276,1.05713,71.1202
6277,1.05714,71.1214
6278,1.05712,71.119
6279,1.05754,78.6556
6280,1.05754,78.6547
6281,1.05755,78.6565
6282,1.076,57.6119
6283,1.05892,59.5791
6284,1.05883,59.5637
6285,1.06414,58.3556
6286,1.07595,57.7825
6287,1.06794,57.9377
6288,1.06682,58.8243
6289,1.06817,58.8273
6290,1.06463,59.2777
6291,1.06735,58.9538
6292,1.0674,58.9614
6293,1.0673,58.9466
6294,1.06735,58.9538
6295,1.07732,55.918
6296,1.07727,55.91
6297,1.07738,55.9263
6298,1.06827,58.5313
6299,1.07141,58.0626
6300,1.07722,56.3472
6301,1.07727,56.3562
6302,1.06664,58.6446
6303,1.0665,58.6269
6304,1.07987,55.3531
6305,1.07831,55.9537
6306,1.06049,61.7244
6307,1.06637,59.3536
6308,1.06034,61.7066
6309,1.0607,61.8381
6310,1.06049,61.7244
6311,1.06049,61.7244
6312,1.06694,58.5529
6313,1.06636,63.0921
6314,1.06571,62.788
6315,1.06594,63.6939
6316,1.06601,63.7063
6317,1.06594,63.6939
6318,1.06594,63.6939
6319,1.06832,65.1984
6320,1.06669,63.2797
6321,1.06822,65.1846
6322,1.06888,65.2939
6323,1.06832,65.1984
6324,1.06832,65.1984
6325,1.06503,62.2166
6326,1.06493,62.2048
6327,1.06513,62.2306
6328,1.03228,100.651
6329,1.03229,100.652
6330,1.03174,100.338
6331,1.02627,100.824
6332,1.05818,59.5497
6333,1.06773,60.1825
6334,1.06757,59.9095
6335,1.06748,59.8957
6336,1.06764,59.9247
6337,1.06381,60.9216
6338,1.06369,60.9078
6339,1.01713,88.4831
6340,1.01713,88.4819
6341,1.01714,88.4844
6342,1.01713,88.4831
6343,1.02245,86.486
6344,1.0197,87.412
6345,1.01969,87.4107
6346,1.01971,87.4132
6347,1.05395,68.2034
6348,1.06359,61.2162
6349,1.068,60.0944
6350,1.06788,60.0804
6351,1.06848,59.71
6352,1.06837,59.6952
6353,1.05905,59.8497
6354,1.0627,60.261
6355,1.06226,61.8301
6356,1.07215,59.5053
6357,1.06216,61.8142
6358,1.06158,62.0038
6359,1.06226,61.8301
6360,1.06226,61.8301
6361,1.06619,58.3691
6362,1.0663,58.3823
6363,1.06608,58.3549
6364,1.06535,58.8872
6365,1.07615,57.5716
6366,1.06264,60.9392
6367,1.06258,60.9263
6368,1.06248,61.0372
6369,1.06254,61.0492
6370,1.06241,61.0252
6371,1.06248,61.0372
6372,1.05543,64.4511
6373,1.06848,61.4282
6374,1.05582,64.5497
6375,1.05538,64.4394
6376,1.05543,64.4511
6377,1.06464,61.2079
6378,1.06119,60.4006
6379,1.06117,60.3985
6380,1.06365,60.9717
6381,1.05818,59.5905
6382,1.05828,59.6062
6383,1.05848,59.5354
6384,1.06763,59.8591
6385,1.06753,59.843
6386,1.06772,59.8746
6387,1.06763,59.8591
6388,1.06187,73.4312
6389,1.06186,73.4302
6390,1.05192,74.9724
6391,1.05192,74.9734
6392,1.05191,74.9713
6393,1.05161,75.49
6394,1.05163,75.4922
6395,1.0516,75.4878
6396,1.05161,75.49
6397,1.05091,74.7315
6398,1.0509,74.7305
6399,1.08726,56.2089
6400,1.0872,56.1992
6401,1.08731,56.2184
6402,1.08754,56.042
6403,1.08748,56.0328
6404,1.08759,56.0516
6405,1.08969,58.3387
6406,1.0896,57.2281
6407,1.08989,58.3844
6408,1.08963,58.3284
6409,1.08969,58.3387
6410,1.08969,58.3387
6411,1.08346,56.5177
6412,1.0834,56.5086
6413,1.06498,60.8715
6414,1.06487,60.8585
6415,1.06509,60.8852
6416,1.05817,59.9944
6417,1.05807,59.9792
6418,1.05851,60.0052
6419,1.05817,59.9944
6420,1.06319,60.5395
6421,1.05915,59.9111
6422,1.06754,60.9701
6423,1.06749,60.9599
6424,1.0676,60.9812
6425,1.06754,60.9701
6426,1.06311,60.9796
6427,1.06237,60.9923
6428,1.06251,61.0571
6429,1.06242,61.0475
6430,1.06513,59.2432
6431,1.06381,61.57
6432,1.06412,61.5803
6433,1.06209,61.3495
6434,1.06213,61.3581
6435,1.06136,61.2847
6436,1.06342,61.4995
6437,1.06335,61.4879
6438,1.06349,61.5104
6439,1.0627,59.7207
6440,1.05532,63.9237
6441,1.06498,61.4183
6442,1.05524,63.9122
6443,1.057,64.1006
6444,1.05532,63.9237
6445,1.07626,56.9296
6446,1.07624,56.9267
6447,1.08407,56.4899
6448,1.07003,58.5607
6449,1.07,58.5578
6450,1.05098,70.8977
6451,1.04615,72.0382
6452,1.04618,72.0432
6453,1.04615,72.0382
6454,1.05421,71.8693
6455,1.05418,71.865
6456,1.06,61.8899
6457,1.0773,57.9629
6458,1.05996,61.8842
6459,1.0607,62.0028
6460,1.06,61.8899
6461,1.06989,59.3982
6462,1.06187,61.7078
6463,1.06118,60.7085
6464,1.06113,60.7014
6465,1.06122,60.7164
6466,1.06118,60.7085
6467,1.05973,60.3771
6468,1.05967,60.3693
6469,1.05979,60.384
6470,1.06284,61.7604
6471,1.06279,61.7536
6472,1.06288,61.7674
6473,1.06284,61.7604
6474,1.05005,64.2964
6475,1.05995,60.5592
6476,1.05425,62.9383
6477,1.0542,62.9331
6478,1.0543,62.944
6479,1.06383,61.8312
6480,1.06379,61.826
6481,1.06387,61.8371
6482,1.05106,63.6379
6483,1.05104,63.6349
6484,1.05266,63.3051
6485,1.05055,63.7683
6486,1.0505,63.7649
6487,1.04963,71.7602
6488,1.04962,71.7594
6489,1.04963,71.761
6490,1.04963,71.7602
6491,1.06339,58.9237
6492,1.05907,62.3862
6493,1.065,60.1978
6494,1.05892,62.3658
6495,1.0596,62.4871
6496,1.05907,62.3862
6497,1.05907,62.3862
6498,1.06143,61.1416
6499,1.06131,61.1224
6500,1.06157,61.161
6501,1.05918,62.9239
6502,1.06551,61.9404
6503,1.05906,62.9032
6504,1.06011,63.0116
6505,1.05918,62.9239
6506,1.05918,62.9239
6507,1.06347,62.0176
6508,1.0636,62.0375
6509,1.06335,61.9964
6510,1.05415,70.7492
6511,1.05382,68.5948
6512,1.05411,70.7412
6513,1.05447,70.8353
6514,1.05415,70.7492
6515,1.05415,70.7492
6516,1.04916,66.2633
6517,1.05029,67.3748
6518,1.05023,67.3675
6519,1.05164,67.6672
6520,1.04711,77.3827
6521,1.04711,77.3831
6522,1.0756,57.2944
6523,1.07559,57.2933
6524,1.08526,58.0922
6525,1.08525,58.0912
6526,1.08527,58.094
6527,1.04828,65.8049
6528,1.04824,65.7991
6529,1.06427,61.8603
6530,1.04856,65.4862
6531,1.04851,65.4804
6532,1.04861,65.4927
6533,1.04856,65.4862
6534,1.04846,67.8598
6535,1.04841,67.8535
6536,1.06953,57.8501
6537,1.06465,60.4968
6538,1.06463,60.4938
6539,1.06282,60.3867
6540,1.06279,60.384
6541,1.06284,60.3896
6542,1.04847,65.6082
6543,1.05056,63.8453
6544,1.05052,63.8351
6545,1.054,64.816
6546,1.06065,62.2321
6547,1.0606,62.2217
6548,1.0607,62.2418
6549,1.04974,74.5212
6550,1.04973,74.5204
6551,1.04975,74.522
6552,1.04974,74.5212
6553,1.04865,75.4328
6554,1.05868,60.6912
6555,1.06444,60.9959
6556,1.06433,60.9832
6557,1.05793,62.7015
6558,1.05804,62.7142
6559,1.05793,62.7015
6560,1.05793,62.7015
6561,1.05909,61.6956
6562,1.05898,61.6812
6563,1.03085,82.6641
6564,1.03083,82.6624
6565,1.02668,83.6396
6566,1.02667,83.638
6567,1.02669,83.6412
6568,1.02905,83.095
6569,1.02904,83.0932
6570,1.02906,83.0965
6571,1.05404,64.5344
6572,1.04707,73.6971
6573,1.04791,67.5434
6574,1.04575,68.5198
6575,1.04574,68.5175
6576,1.02578,101.658
6577,1.05801,62.6925
6578,1.05802,62.6957
6579,1.05855,60.8425
6580,1.05148,65.431
6581,1.04709,68.2427
6582,1.05021,66.0051
6583,1.0502,66.0033
6584,1.04296,72.0431
6585,1.04452,71.5987
6586,1.04446,71.5904
6587,1.04452,71.5986
6588,1.04244,71.9928
6589,1.04382,72.5792
6590,1.05759,63.156
6591,1.05675,63.6677
6592,1.05738,63.3875
6593,1.05666,63.658
6594,1.05688,63.7034
6595,1.05675,63.6677
6596,1.05675,63.6677
6597,1.0567,61.3511
6598,1.0568,61.3618
6599,1.06411,60.9955
6600,1.04373,73.1861
6601,1.04369,73.1798
6602,1.0432,74.3436
6603,1.04341,72.7503
6604,1.04345,72.7569
6605,1.04289,73.0768
6606,1.05245,65.8188
6607,1.01505,104.845
6608,1.01532,104.842
6609,1.01504,104.844
6610,1.03666,77.6516
6611,1.03844,78.9638
6612,1.03842,78.9608
6613,1.03847,78.9671
6614,1.04061,70.8263
6615,1.04058,70.8214
6616,1.04138,72.3682
6617,1.03945,72.4287
6618,1.05822,62.2727
6619,1.05947,62.6527
6620,1.05946,62.6509
6621,1.05948,62.6545
6622,1.05947,62.6527
6623,1.05688,63.5086
6624,1.02297,102.233
6625,1.02296,102.232
6626,1.02298,102.234
6627,1.0506,65.809
6628,1.05059,65.8073
6629,1.05061,65.8105
6630,1.0506,65.809
6631,1.05238,65.5146
6632,1.05236,65.5131
6633,1.05069,65.7588
6634,1.03267,81.327
6635,1.0243,84.3416
6636,1.02855,82.7711
6637,1.05624,63.6702
6638,1.05323,64.4521
6639,1.04091,69.9345
6640,1.04088,69.9315
6641,1.04093,69.9374
6642,1.04172,70.1032
6643,1.04174,70.1059
6644,1.04172,70.1032
6645,1.03952,71.6885
6646,1.03955,71.6913
6647,1.0395,71.6857
6648,1.04401,76.0969
6649,1.05153,65.6306
6650,1.0541,65.2731
6651,1.05146,65.6146
6652,1.05187,65.6597
6653,1.05153,65.6306
6654,1.05128,65.6463
6655,1.0512,65.6324
6656,1.05123,65.6341
6657,1.05121,65.8347
6658,1.04423,68.0386
6659,1.04109,68.9898
6660,1.03882,70.4956
6661,1.03883,70.497
6662,1.03697,72.8962
6663,1.02387,91.2604
6664,1.02383,91.2511
6665,1.02391,91.2695
6666,1.02198,95.408
6667,1.02448,91.6266
6668,1.0228,95.6135
6669,1.02194,95.3993
6670,1.02198,95.408
6671,1.02316,90.495
6672,1.02323,90.504
6673,1.02269,90.0442
6674,1.02265,90.0352
6675,1.02273,90.0536
6676,1.02269,90.0442
6677,1.05138,65.8304
6678,1.05137,65.8281
6679,1.04955,66.6295
6680,1.04954,66.6272
6681,1.0511,65.8713
6682,1.05108,65.8693
6683,1.03004,76.9448
6684,1.03004,76.944
6685,1.03005,76.9458
6686,1.03004,76.9448
6687,1.03288,76.9965
6688,1.03289,76.9975
6689,1.03288,76.9956
6690,1.02629,76.7774
6691,1.02627,76.7761
6692,1.0263,76.7786
6693,1.05585,64.6818
6694,1.05224,65.7387
6695,1.05223,65.737
6696,1.05225,65.7402
6697,1.05317,65.6731
6698,1.05316,65.6711
6699,1.05318,65.6751
6700,1.00506,103.728
6701,0.999368,105.054
6702,1.00695,104.641
6703,0.999351,105.052
6704,0.999368,105.054
6705,0.999819,105.089
6706,1.00977,102.288
6707,1.04527,68.1824
6708,1.05267,66.5947
6709,1.04445,67.549
6710,1.02207,85.0582
6711,1.02206,85.0565
6712,1.02088,81.1954
6713,1.02073,81.1976
6714,1.02074,81.1981
6715,1.02048,75.2753
6716,1.02049,75.2769
6717,1.02047,75.2738
6718,1.02816,78.5643
6719,1.02817,78.5663
6720,1.02142,72.5768
6721,1.02039,74.6977
6722,1.02141,72.575
6723,1.02113,72.4759
6724,1.02142,72.5768
6725,1.02142,72.5768
6726,1.01324,71.4369
6727,1.01325,71.4375
6728,1.01324,71.4369
6729,1.01941,81.6829
6730,1.00589,91.8679
6731,1.05989,64.0583
6732,1.05989,64.0577
6733,1.0035,99.6645
6734,1.0008,104.712
6735,1.01093,70.4178
6736,1.01092,70.417
6737,1.01109,70.4162
6738,1.01093,70.4178
6739,1.01579,72.5555
6740,1.01185,70.0137
6741,1.02971,68.2656
6742,1.01149,86.1156
6743,1.01148,86.1152
6744,1.01149,86.1163
6745,1.02684,69.3698
6746,1.0262,68.4343
6747,1.02704,69.4126
6748,1.02679,69.3625
6749,1.02684,69.3698
6750,1.02684,69.3698
6751,1.02258,67.8467
6752,1.02757,68.272
6753,1.0275,68.2651
6754,1.02281,67.8484
6755,1.03213,67.5704
6756,1.03211,67.567
6757,1.03214,67.5736
6758,1.03189,67.6188
6759,1.02167,77.1374
6760,1.02167,77.1368
6761,1.02238,76.0949
6762,1.02237,76.0942
6763,1.02238,76.0956
6764,1.02238,76.0949
6765,1.00185,102.549
6766,1.00185,102.548
6767,1.00184,102.548
6768,1.00509,101.886
6769,1.03328,67.3779
6770,0.998672,104.76
6771,0.998669,104.76
6772,0.998729,104.76
6773,0.998672,104.76
6774,1.02161,76.4294
6775,1.02224,76.3912
6776,1.02223,76.3902
6777,1.02224,76.3908
6778,1.02124,75.747
6779,1.02123,75.746
6780,1.02124,75.7479
6781,1.02124,75.747
6782,1.01965,74.1541
6783,1.01964,74.1533
6784,1.02113,68.0565
6785,1.02112,68.0543
6786,1.02113,68.0556
6787,1.02115,68.0594
6788,1.01971,68.0347
6789,1.01968,68.032
6790,1.01973,68.0375
6791,1.01971,68.0347
6792,1.02183,67.9112
6793,1.02181,67.9091
6794,1.02184,67.9135
6795,1.03438,67.2547
6796,1.03288,69.1342
6797,1.03774,68.6584
6798,1.03282,69.1225
6799,1.03361,69.1738
6800,1.03288,69.1342
6801,1.00966,67.467
6802,1.04553,67.5248
6803,1.01501,68.4102
6804,1.01502,68.411
6805,1.01838,67.9279
6806,1.01838,67.9272
6807,1.01571,67.9397
6808,1.06714,70.6935
6809,1.07336,67.8479
6810,1.07692,65.9394
6811,1.07533,70.7836
6812,1.07754,70.8932
6813,1.07665,70.786
6814,1.06679,70.9857
6815,1.06714,70.6935
6816,1.06714,70.6935
6817,1.07186,67.6189
6818,1.05802,92.5452
6819,1.06464,93.1502
6820,1.05801,92.5446
6821,1.0576,92.523
6822,1.05802,92.5452
6823,1.05802,92.5452
6824,1.05953,76.8906
6825,1.06021,76.2152
6826,1.06539,74.3166
6827,1.06887,77.8831
6828,1.06453,77.4133
6829,1.07315,78.3396
6830,1.06008,76.2078
6831,1.06021,76.2152
6832,1.05833,76.6992
6833,1.05953,76.8906
6834,1.08116,56.0719
6835,1.08108,56.0679
6836,1.08116,56.0719
6837,1.08116,56.0719
6838,1.04723,67.9684
6839,1.05114,67.1223
6840,1.043,68.446
6841,1.03803,68.9922
6842,1.04749,67.953
6843,1.04723,67.9684
6844,1.04723,67.9684
6845,1.04723,67.9684
6846,1.0513,100.53
6847,1.05384,100.575
6848,1.05792,101.055
6849,1.05384,100.575
6850,1.05021,100.476
6851,1.05382,100.55
6852,1.05384,100.575
6853,1.0137,98.8954
6854,0.9,99.5276
6855,0.911464,99.2165
6856,1.01474,98.882
6857,1.0137,98.8952
6858,1.0137,98.8952
6859,1.0137,98.8954
6860,1.04782,70.4296
6861,1.04319,69.9617
6862,1.04094,69.9037
6863,1.04223,69.8921
6864,1.04908,70.4745
6865,1.04319,69.9617
6866,1.04782,70.4296
6867,1.05087,100.426
6868,1.06257,100.007
6869,1.07552,101.677
6870,1.06244,99.8572
6871,1.06257,100.006
6872,1.04868,100.394
6873,1.06257,100.007
6874,1.06087,99.1502
6875,1.06361,98.0512
6876,1.06533,98.4085
6877,1.05692,98.9439
6878,1.06361,98.0506
6879,1.06087,99.15
6880,1.06263,97.8906
6881,1.04677,74.496
6882,1.05304,73.8106
6883,1.05471,72.8517
6884,1.05325,75.1691
6885,1.0521,74.674
6886,1.05304,73.8103
6887,1.04979,74.4671
6888,1.05367,73.7502
6889,1.05304,73.8106
6890,1.09014,56.6411
6891,1.09549,56.7577
6892,1.09755,56.1665
6893,1.1,58.3228
6894,1.1,57.3908
6895,1.09083,56.3797
6896,1.09601,56.7918
6897,1.09014,56.6411
6898,1.09014,56.6411
6899,1.07944,55.5927
6900,1.07927,55.5828
6901,1.07944,55.5927
6902,1.07944,55.5927
6903,1.06984,67.703
6904,1.07005,64.0851
6905,1.06807,60.0968
6906,1.06931,68.0697
6907,1.07005,64.0848
6908,1.06972,63.875
6909,1.07005,64.0851
6910,1.0732,68.3104
6911,1.07273,68.2796
6912,1.0732,68.3104
6913,1.0732,68.3104
6914,1.06432,111.304
6915,1.07587,112.396
6916,1.06419,111.296
6917,1.06432,111.304
6918,1.06432,111.304
6919,1.06432,111.304
6920,1.07771,66.0849
6921,1.07728,66.0682
6922,1.07771,66.0849
6923,1.07771,66.0849
6924,1.07334,74.3306
6925,1.07309,74.3308
6926,1.07334,74.3306
6927,1.07334,74.3306
6928,1.04404,111.321
6929,1.05573,111.319
6930,1.06285,111.249
6931,1.04334,111.331
6932,1.05641,111.295
6933,1.05573,111.319
6934,1.04404,111.321
6935,1.02762,100.446
6936,1.0271,100.523
6937,1.00901,100.818
6938,1.02764,100.436
6939,1.02762,100.446
6940,1.02762,100.446
6941,1.02762,100.446
6942,1.05461,67.6246
6943,1.03552,67.8629
6944,1.05473,67.6213
6945,1.05461,67.6246
6946,1.05461,67.6246
6947,1.05461,67.6246
6948,1.04691,80.5849
6949,1.04795,80.8062
6950,1.03598,81.8057
6951,1.04851,80.4869
6952,1.04691,80.5849
6953,1.04691,80.5849
6954,1.04691,80.5849
6955,1.06094,94.3224
6956,1.06317,94.075
6957,1.06848,93.6223
6958,1.0625,94.4362
6959,1.07325,95.6287
6960,1.0569,94.2402
6961,1.06258,94.0694
6962,1.06317,94.075
6963,1.06094,94.3224
6964,1.0836,55.2284
6965,1.08323,55.2271
6966,1.0836,55.2284
6967,1.0836,55.2284
6968,1.09415,62.3883
6969,1.08015,65.2794
6970,1.07648,66.702
6971,1.08137,65.4046
6972,1.09108,75.2567
6973,1.08596,67.5768
6974,1.09218,66.513
6975,1.09771,62.7432
6976,1.08161,65.3917
6977,1.07947,65.5296
6978,1.08015,65.2794
6979,1.09421,62.0436
6980,1.09415,62.3883
6981,1.05287,70.3756
6982,1.05289,70.3707
6983,1.05287,70.3756
6984,1.05287,70.3756
6985,1.06408,100.481
6986,1.06439,100.001
6987,1.06736,100.661
6988,1.08377,102.592
6989,1.06336,100.45
6990,1.06408,100.481
6991,1.06408,100.481
6992,1.06408,100.481
6993,1.05124,66.7505
6994,1.05129,66.7406
6995,1.05124,66.7505
6996,1.05124,66.7505
6997,1.07425,58.3478
6998,1.07432,58.3314
6999,1.07425,58.3478
7000,1.07425,58.3478
7001,1.06476,111.391
7002,1.1,116.232
7003,1.08752,112.357
7004,1.1,112.856
7005,1.06423,111.344
7006,1.06476,111.391
7007,1.06476,111.391
7008,1.06476,111.391
7009,1.05031,75.5394
7010,1.03332,82.1934
7011,1.05028,75.4948
7012,1.05031,75.5394
7013,1.05031,75.5394
7014,1.05031,75.5394
7015,1.08825,56.5688
7016,1.08795,56.5497
7017,1.08825,56.5688
7018,1.08825,56.5688
7019,1.05269,66.4209
7020,1.05417,64.9239
7021,1.02396,67.49
7022,1.05296,66.4401
7023,1.05269,66.4209
7024,1.05269,66.4209
7025,1.05269,66.4209
7026,1.03807,69.6261
7027,1.03813,69.6143
7028,1.03807,69.6261
7029,1.03807,69.6261
7030,1.05834,76.1027
7031,1.05524,78.1547
7032,1.01101,84.4739
7033,1.05824,76.0378
7034,1.05834,76.1027
7035,1.05834,76.1027
7036,1.05834,76.1027
7037,1.04007,72.3381
7038,1.01606,75.0073
7039,1.04024,72.3094
7040,1.04007,72.3381
7041,1.04007,72.3381
7042,1.04007,72.3381
7043,1.04867,70.0803
7044,1.04995,68.4589
7045,1.04687,68.0298
7046,1.00118,71.8377
7047,1.04386,70.618
7048,1.04877,68.2926
7049,1.04995,68.4589
7050,1.04995,68.4589
7051,1.04995,68.4589
7052,1.05594,95.0767
7053,1.05983,93.4882
7054,1.06599,93.0966
7055,1.06682,95.19
7056,1.0672,93.5785
7057,1.05894,93.2521
7058,1.05983,93.4882
7059,1.05983,93.4882
7060,1.05504,95.3254
7061,1.05589,87.5163
7062,1.05486,87.2518
7063,1.0617,85.3821
7064,1.05601,87.5474
7065,1.05589,87.5163
7066,1.05589,87.5163
7067,1.05589,87.5163
7068,1.03464,100.122
7069,1.03467,100.121
7070,1.03464,100.122
7071,1.03464,100.122
7072,1.04751,67.9133
7073,1.04616,67.6749
7074,1.02723,69.7725
7075,1.0476,67.9234
7076,1.04751,67.9133
7077,1.04751,67.9133
7078,1.04751,67.9133
7079,1.05408,100.5
7080,1.05651,100.078
7081,1.06313,100.602
7082,1.1,100.046
7083,1.05405,100.517
7084,1.05408,100.5
7085,1.05408,100.5
7086,1.05408,100.5
7087,1.01723,68.0932
7088,0.968713,69.0139
7089,0.971151,68.9951
7090,0.978543,68.6898
7091,0.980285,68.917
7092,1.01746,68.0752
7093,1.01723,68.0932
7094,1.01723,68.0932
7095,1.01723,68.0932
7096,1.08756,62.9098
7097,1.08981,59.9041
7098,1.08678,58.1223
7099,1.07066,63.0219
7100,1.07167,62.9462
7101,1.07162,63.1356
7102,1.08937,59.7016
7103,1.0855,63.1514
7104,1.08981,59.9041
7105,1.08981,59.9041
7106,1.06377,59.4846
7107,1.06379,59.4809
7108,1.06377,59.4846
7109,1.06377,59.4846
7110,1.05789,79.9693
7111,1.05789,85.2578
7112,1.05777,79.9024
7113,1.05789,79.9693
7114,1.05789,79.9693
7115,1.05789,79.9693
7116,1.05194,94.4784
7117,1.06006,94.319
7118,1.05953,95.0488
7119,1.06089,94.2622
7120,1.05023,94.4663
7121,1.06006,94.319
7122,1.05194,94.4784
7123,1.07191,93.9534
7124,1.06853,99.4706
7125,1.07157,93.9212
7126,1.07191,93.9534
7127,1.07191,93.9534
7128,1.07191,93.9534
7129,1.05715,78.4965
7130,1.06056,77.6497
7131,1.05991,77.3708
7132,1.06009,77.5899
7133,1.06056,77.6497
7134,1.05677,78.5032
7135,1.06056,77.6497
7136,1.04231,71.2511
7137,1.03967,69.8006
7138,1.04014,69.8564
7139,1.03661,71.8861
7140,1.03933,71.5872
7141,1.04587,71.2667
7142,1.04231,71.2511
7143,1.0388,69.6464
7144,1.04231,71.2511
7145,1.0511,63.6649
7146,1.03741,65.1752
7147,1.05118,63.6522
7148,1.0511,63.6649
7149,1.0511,63.6649
7150,1.0511,63.6649
7151,1.08538,56.4081
7152,1.08803,58.3004
7153,1.08649,56.5857
7154,1.08532,56.3962
7155,1.08538,56.4081
7156,1.08538,56.4081
7157,1.08538,56.4081
7158,1.05881,78.794
7159,1.06127,77.9804
7160,1.05872,78.8362
7161,1.05881,78.794
7162,1.05881,78.794
7163,1.05881,78.794
7164,1.05722,78.8793
7165,1.05491,84.2387
7166,1.05209,79.0421
7167,1.05699,78.8432
7168,1.05722,78.8793
7169,1.05722,78.8793
7170,1.05722,78.8793
7171,1.03604,73.0181
7172,1.03617,72.9917
7173,1.03604,73.0181
7174,1.03604,73.0181
7175,1.04667,68.6668
7176,1.0507,66.8359
7177,1.05215,65.7599
7178,1.04429,68.929
7179,1.04229,69.1605
7180,1.03825,66.9668
7181,1.04735,66.1105
7182,1.05216,68.8021
7183,1.05044,66.6276
7184,1.0507,66.8359
7185,1.0507,66.8359
7186,1.0374,69.0008
7187,1.03857,70.0674
7188,1.02056,69.4705
7189,1.03185,70.7311
7190,1.03981,68.9052
7191,1.0374,69.0008
7192,1.0374,69.0008
7193,1.0374,69.0008
7194,1.06824,67.229
7195,1.07347,68.1812
7196,1.1,73.456
7197,1.06796,67.1987
7198,1.06824,67.229
7199,1.06824,67.229
7200,1.06824,67.229
7201,1.09027,57.3811
7202,1.09918,58.1451
7203,1.1,58.4694
7204,1.0943,57.5477
7205,1.09287,57.5935
7206,1.09011,57.3718
7207,1.09027,57.3811
7208,1.09027,57.3811
7209,1.09027,57.3811
7210,1.06762,74.8101
7211,1.06738,74.7965
7212,1.06762,74.8101
7213,1.06762,74.8101
7214,1.05169,68.481
7215,1.04753,68.0928
7216,1.05134,68.4992
7217,1.05169,68.481
7218,1.05169,68.481
7219,1.05169,68.481
7220,1.04589,72.7967
7221,1.0408,72.8305
7222,1.03609,73.0654
7223,1.03987,72.8331
7224,1.04727,72.7321
7225,1.04589,72.7967
7226,1.0408,72.8305
7227,1.04688,81.5876
7228,1.03742,85.9549
7229,1.03606,87.574
7230,1.04683,81.4725
7231,1.04688,81.5876
7232,1.04688,81.5876
7233,1.04688,81.5876
7234,1.08568,55.2741
7235,1.08474,55.2718
7236,1.08568,55.2741
7237,1.08568,55.2741
7238,1.06595,94.6172
7239,1.1,100.015
7240,1.06564,94.5843
7241,1.06595,94.6172
7242,1.06595,94.6172
7243,1.06595,94.6172
7244,1.05957,79.6427
7245,1.05944,79.6346
7246,1.05957,79.6427
7247,1.05957,79.6427
7248,1.07938,55.4775
7249,1.05384,55.5506
7250,1.08642,55.5354
7251,1.07913,55.4793
7252,1.07938,55.4775
7253,1.07938,55.4775
7254,1.07938,55.4775
7255,1.07582,94.1696
7256,1.07476,94.1074
7257,1.07582,94.1696
7258,1.07582,94.1696
7259,1.03172,74.2263
7260,1.01385,76.2255
7261,1.02108,75.4787
7262,1.0161,83.6181
7263,1.03186,74.171
7264,1.03172,74.2263
7265,1.03172,74.2263
7266,1.03172,74.2263
7267,1.08716,56.6419
7268,1.08021,57.1487
7269,1.07626,56.8803
7270,1.08217,57.342
7271,1.08705,56.6347
7272,1.08716,56.6419
7273,1.08716,56.6419
7274,1.08716,56.6419
7275,1.07397,73.9896
7276,1.07381,73.982
7277,1.07397,73.9896
7278,1.07397,73.9896
7279,1.07836,55.919
7280,1.07744,55.8906
7281,1.07836,55.919
7282,1.07836,55.919
7283,1.02618,73.2058
7284,1.02304,75.4145
7285,0.99928,82.2537
7286,0.993407,86.8748
7287,1.0251,73.3305
7288,1.02705,73.1221
7289,1.02618,73.2058
7290,1.02618,73.2058
7291,1.02618,73.2058
7292,1.04427,100.41
7293,1.03742,100.371
7294,1.03497,100.189
7295,1.04242,100.443
7296,1.046,100.391
7297,1.04427,100.41
7298,1.03656,100.383
7299,1.04427,100.41
7300,1.06344,99.6589
7301,1.06325,99.6494
7302,1.06344,99.6589
7303,1.06344,99.6589
7304,1.05888,78.7609
7305,1.06355,78.442
7306,1.0587,78.7791
7307,1.05888,78.7609
7308,1.05888,78.7609
7309,1.05888,78.7609
7310,1.05516,90.2059
7311,1.05596,86.9712
7312,1.05541,85.8068
7313,1.06326,90.2491
7314,1.05746,90.2222
7315,1.06252,90.2649
7316,1.0583,90.7062
7317,1.05479,86.5455
7318,1.05516,90.2059
7319,1.05596,86.9712
7320,1.05562,80.5186
7321,1.05038,80.6688
7322,1.04872,80.9611
7323,1.05678,80.5864
7324,1.04079,81.0082
7325,1.04925,80.7222
7326,1.04969,80.6818
7327,1.05038,80.6688
7328,1.05038,80.6688
7329,1.05544,80.4344
7330,1.05579,72.1062
7331,1.05362,71.4779
7332,1.05597,72.13
7333,1.05579,72.1062
7334,1.05579,72.1062
7335,1.05579,72.1062
7336,1.04064,72.6774
7337,1.04029,72.5148
7338,1.0407,72.6824
7339,1.04064,72.6774
7340,1.04064,72.6774
7341,1.04064,72.6774
7342,1.08394,55.5762
7343,1.08174,56.0631
7344,1.08349,55.5761
7345,1.08394,55.5762
7346,1.08394,55.5762
7347,1.08394,55.5762
7348,1.06196,94.3784
7349,1.06216,94.8778
7350,1.06511,95.3904
7351,1.06484,94.6806
7352,1.06423,94.5224
7353,1.07332,95.5928
7354,1.06732,94.8118
7355,1.06505,94.7017
7356,1.06745,94.9573
7357,1.07889,101.471
7358,1.05591,93.9683
7359,1.06196,94.3784
7360,1.06196,94.3784
7361,1.06231,94.9347
7362,1.06563,66.7596
7363,1.06445,64.1442
7364,1.06412,62.1894
7365,1.06176,63.9206
7366,1.06445,64.1442
7367,1.06779,66.925
7368,1.06445,64.1442
7369,1.07112,70.0964
7370,1.08339,71.3221
7371,1.08521,71.5313
7372,1.0909,71.9205
7373,1.07257,75.5387
7374,1.07112,76.7915
7375,1.07084,70.0501
7376,1.07112,70.0964
7377,1.07112,70.0964
7378,1.07112,70.0964
7379,1.05669,75.2143
7380,1.07133,74.8874
7381,1.05734,75.2203
7382,1.05669,75.2143
7383,1.05669,75.2143
7384,1.05669,75.2143
7385,1.04111,72.5789
7386,1.04327,72.1108
7387,1.03695,78.8268
7388,1.04108,72.6033
7389,1.04111,72.5789
7390,1.04111,72.5789
7391,1.04111,72.5789
7392,1.05462,80.2586
7393,1.05743,79.7752
7394,1.05821,79.8672
7395,1.05637,79.6894
7396,1.05743,79.7752
7397,1.05743,79.7752
7398,1.05476,80.2904
7399,1.05422,94.4103
7400,1.06034,93.9234
7401,1.06475,93.9553
7402,1.06047,93.8447
7403,1.06034,93.9234
7404,1.05257,94.4147
7405,1.06034,93.9234
7406,1.04712,81.1263
7407,1.03139,83.0764
7408,1.04747,81.0533
7409,1.04712,81.1263
7410,1.04712,81.1263
7411,1.04712,81.1263
7412,1.05333,79.6308
7413,1.05972,77.7147
7414,1.05753,78.3947
7415,1.05907,77.4874
7416,1.05406,79.8304
7417,1.05333,79.6308
7418,1.05972,77.7147
7419,1.05289,100.541
7420,1.04427,100.734
7421,1.053,100.518
7422,1.05289,100.541
7423,1.05289,100.541
7424,1.05289,100.541
7425,1.08491,102.477
7426,1.08264,102.337
7427,1.08491,102.477
7428,1.08491,102.477
7429,1.04867,67.3015
7430,1.04871,67.292
7431,1.04867,67.3015
7432,1.04867,67.3015
7433,1.06957,93.8761
7434,1.07045,93.4228
7435,1.06949,93.8921
7436,1.06957,93.8761
7437,1.06957,93.8761
7438,1.06957,93.8761
7439,1.05454,67.707
7440,1.02445,68.1746
7441,1.05495,67.6968
7442,1.05454,67.707
7443,1.05454,67.707
7444,1.05454,67.707
7445,1.05461,78.8435
7446,1.05464,78.8365
7447,1.05461,78.8435
7448,1.05461,78.8435
7449,1.05786,76.7924
7450,1.06065,76.2166
7451,1.0672,74.8883
7452,1.06192,77.2164
7453,1.07245,78.3564
7454,1.06263,77.2934
7455,1.05989,76.1949
7456,1.06065,76.2166
7457,1.05767,76.5889
7458,1.06065,76.2166
7459,1.07503,69.7411
7460,1.06623,70.5366
7461,1.06908,69.3594
7462,1.1,69.8339
7463,1.09355,69.7807
7464,1.07741,69.7805
7465,1.06538,70.7299
7466,1.0733,69.581
7467,1.06623,70.5366
7468,1.07503,69.7411
7469,1.04114,71.9542
7470,1.04119,71.9458
7471,1.04114,71.9542
7472,1.04114,71.9542
7473,1.06764,92.925
7474,1.1,93.337
7475,1.08438,93.2288
7476,1.06723,92.9244
7477,1.06764,92.925
7478,1.06764,92.925
7479,1.06764,92.925
7480,1.05938,96.2952
7481,1.06474,96.2016
7482,1.1,103.026
7483,1.06151,96.4342
7484,1.1,102.941
7485,1.06203,96.4494
7486,1.05891,96.2979
7487,1.05938,96.2952
7488,1.05938,96.2952
7489,1.05938,96.2952
7490,1.03763,69.2009
7491,1.0204,71.2083
7492,1.03773,69.1802
7493,1.03763,69.2009
7494,1.03763,69.2009
7495,1.03763,69.2009
7496,1.073,56.7795
7497,1.09098,59.1267
7498,1.08015,56.9173
7499,1.07276,56.7619
7500,1.073,56.7795
7501,1.073,56.7795
7502,1.073,56.7795
7503,1.07012,61.967
7504,1.07897,59.2454
7505,1.07898,59.2469
7506,1.07899,57.5807
7507,1.08747,55.09
7508,1.08744,55.0873
7509,1.0875,55.0927
7510,1.08266,57.9137
7511,1.08057,57.5827
7512,1.08013,57.4189
7513,1.08011,57.416
7514,1.08015,57.4214
7515,1.07535,60.7742
7516,1.08174,57.1026
7517,1.0817,57.0971
7518,1.07689,58.5443
7519,1.07885,57.3357
7520,1.07702,58.2816
7521,1.07697,58.2764
7522,1.07708,58.2869
7523,1.08038,57.2275
7524,1.08618,57.935
7525,1.08421,55.9618
7526,1.08611,57.9266
7527,1.08675,58.0375
7528,1.08618,57.935
7529,1.08618,55.2861
7530,1.08614,55.2763
7531,1.08623,55.296
7532,1.08618,55.2861
7533,1.08653,52.5226
7534,1.08648,52.5177
7535,1.08658,52.5281
7536,1.08653,52.5226
7537,1.07839,56.7456
7538,1.07802,57.2777
7539,1.08392,58.0874
7540,1.07921,56.5216
7541,1.08387,58.0776
7542,1.0844,58.1489
7543,1.08392,58.0874
7544,1.08392,58.0874
7545,1.08317,56.0568
7546,1.08326,56.0685
7547,1.08307,56.044
7548,1.08317,56.0568
7549,1.07798,54.9851
7550,1.08324,59.8917
7551,1.0856,58.6813
7552,1.08284,57.4665
7553,1.08317,59.8797
7554,1.08698,60.1829
7555,1.08532,58.406
7556,1.08324,59.8917
7557,1.07713,55.406
7558,1.07702,55.3946
7559,1.08706,55.149
7560,1.08777,53.6061
7561,1.08765,53.595
7562,1.09017,57.9158
7563,1.09044,56.3459
7564,1.08913,55.1462
7565,1.09026,56.2527
7566,1.09009,57.9056
7567,1.09044,56.3459
7568,1.09039,58.0657
7569,1.08903,54.0904
7570,1.07667,55.5005
7571,1.08232,57.3568
7572,1.08143,57.5623
7573,1.07651,55.688
7574,1.07642,55.6753
7575,1.07661,55.7
7576,1.07651,55.688
7577,1.07721,55.968
7578,1.07705,55.9475
7579,1.07738,55.9912
7580,1.07721,55.968
7581,1.07851,54.9978
7582,1.07844,54.9836
7583,1.08199,56.6371
7584,1.08189,56.6142
7585,1.08109,55.4052
7586,1.0793,55.1266
7587,1.07921,55.1136
7588,1.0859,54.9044
7589,1.08593,54.9082
7590,1.08587,54.9008
7591,1.0859,54.9044
7592,1.0834,54.1563
7593,1.08462,55.6547
7594,1.08451,55.6371
7595,1.08791,54.9639
7596,1.08779,54.9475
7597,1.08271,53.0112
7598,1.08258,52.996
7599,1.0784,56.2649
7600,1.07827,56.2512
7601,1.07854,56.2782
7602,1.08275,56.2112
7603,1.08266,56.197
7604,1.08282,56.2242
7605,1.08375,52.8718
7606,1.08369,52.8555
7607,1.08016,58.0269
7608,1.08006,58.0149
7609,1.08475,57.2755
7610,1.0847,57.268
7611,1.08179,53.657
7612,1.08574,55.4162
7613,1.08003,54.2593
7614,1.08008,54.2669
7615,1.07997,54.2526
7616,1.08605,54.763
7617,1.08599,54.7577
7618,1.0861,54.7687
7619,1.08605,54.763
7620,1.08441,51.7324
7621,1.08348,52.6849
7622,1.08353,52.6935
7623,1.08384,51.9187
7624,1.0855,51.5853
7625,1.08543,51.5723
7626,1.08704,51.2988
7627,1.07763,58.5875
7628,1.0776,58.5842
7629,1.07795,58.5876
7630,1.07763,58.5875
7631,1.07887,58.3106
7632,1.07676,58.1948
7633,1.08386,53.0891
7634,1.08406,58.1011
7635,1.08431,53.183
7636,1.08425,53.1743
7637,1.08405,53.1952
7638,1.08431,53.183
7639,1.09012,59.7949
7640,1.08711,59.6055
7641,1.08641,58.3181
7642,1.09008,59.7864
7643,1.09084,59.8277
7644,1.0868,59.6558
7645,1.09012,59.7949
7646,1.08544,51.4675
7647,1.08864,52.0643
7648,1.08936,50.8349
7649,1.08642,52.2238
7650,1.08902,51.136
7651,1.08478,53.4645
7652,1.08328,54.573
7653,1.08318,54.5597
7654,1.08337,54.585
7655,1.09027,56.8794
7656,1.08952,56.4861
7657,1.08763,54.3452
7658,1.09016,56.8676
7659,1.08974,56.5367
7660,1.08952,56.4861
7661,1.09067,56.9443
7662,1.08321,52.7699
7663,1.08313,52.7582
7664,1.08329,52.7834
7665,1.08321,52.7699
7666,1.08893,50.9356
7667,1.08885,50.9181
7668,1.08903,50.9521
7669,1.08449,51.6861
7670,1.08455,51.6957
7671,1.09227,55.2478
7672,1.09022,54.3153
7673,1.09052,51.4019
7674,1.09072,54.5146
7675,1.09208,55.2357
7676,1.09317,55.4027
7677,1.09022,54.3153
7678,1.08621,51.5964
7679,1.08393,52.1579
7680,1.08601,51.6339
7681,1.08595,51.6287
7682,1.08689,53.2161
7683,1.08686,53.2106
7684,1.08692,53.2221
7685,1.08689,53.2161
7686,1.08352,52.4492
7687,1.09508,50.1834
7688,1.09017,52.0773
7689,1.0871,52.5376
7690,1.0897,56.4971
7691,1.0897,55.7837
7692,1.08994,53.1605
7693,1.09028,56.5974
7694,1.08951,56.4802
7695,1.09001,55.8453
7696,1.0897,56.4971
7697,1.08867,50.7732
7698,1.08764,47.8328
7699,1.08878,50.5941
7700,1.08181,56.2034
7701,1.08177,56.1993
7702,1.08185,56.2077
7703,1.08902,48.8752
7704,1.08888,48.8568
7705,1.08916,48.8954
7706,1.08902,48.8752
7707,1.09119,47.7731
7708,1.09131,46.97
7709,1.09117,46.95
7710,1.08953,47.5191
7711,1.08936,47.5
7712,1.08705,47.7425
7713,1.08859,47.7591
7714,1.09364,46.9858
7715,1.0887,48.5845
7716,1.0886,48.5663
7717,1.08879,48.603
7718,1.08702,50.0783
7719,1.09164,47.648
7720,1.0917,47.6598
7721,1.09767,49.7869
7722,1.09755,49.7715
7723,1.09069,48.2918
7724,1.08804,47.722
7725,1.09061,47.6145
7726,1.09299,49.5009
7727,1.08948,53.1736
7728,1.09516,50.1306
7729,1.09008,53.3065
7730,1.08938,53.1597
7731,1.08948,53.1736
7732,1.08948,53.1736
7733,1.08573,54.3683
7734,1.08565,52.8126
7735,1.08573,52.8252
7736,1.08565,52.8126
7737,1.08565,52.8126
7738,1.08683,53.0951
7739,1.08675,53.0822
7740,1.08463,52.6299
7741,1.09083,50.6865
7742,1.09089,50.6974
7743,1.09075,50.6742
7744,1.09083,50.6865
7745,1.09062,46.9935
7746,1.08656,47.9303
7747,1.08644,47.9146
7748,1.08793,49.9312
7749,1.09067,47.8028
7750,1.09096,47.7195
7751,1.08563,47.9986
7752,1.08517,48.1188
7753,1.09272,48.4867
7754,1.09278,48.4979
7755,1.09266,48.4752
7756,1.09272,48.4867
7757,1.08533,47.1172
7758,1.0904,47.9318
7759,1.09051,47.9485
7760,1.09027,47.9149
7761,1.0876,48.0315
7762,1.08645,48.1576
7763,1.09286,47.6095
7764,1.08891,48.5031
7765,1.08811,48.4083
7766,1.08797,48.3912
7767,1.08824,48.4258
7768,1.08811,48.4083
7769,1.09075,47.8033
7770,1.08873,48.2483
7771,1.08888,48.2634
7772,1.08858,48.2329
7773,1.08885,48.2038
7774,1.08833,47.6446
7775,1.09085,48.8269
7776,1.0893,48.3971
7777,1.08927,55.2891
7778,1.09075,53.8921
7779,1.0947,49.5272
7780,1.0908,53.8853
7781,1.09115,55.4183
7782,1.08927,55.2891
7783,1.08927,55.2891
7784,1.0893,47.5702
7785,1.08966,47.6039
7786,1.08894,47.5352
7787,1.08875,50.0183
7788,1.08865,50.0066
7789,1.08887,50.0302
7790,1.08875,50.0183
7791,1.09509,49.0671
7792,1.09502,49.0556
7793,1.09516,49.0778
7794,1.08468,49.1078
7795,1.08489,49.1384
7796,1.08451,49.0747
7797,1.08468,49.1078
7798,1.08797,48.8817
7799,1.08781,48.8586
7800,1.08418,49.5933
7801,1.08609,48.0265
7802,1.08868,48.7575
7803,1.08856,48.7466
7804,1.0888,48.7692
7805,1.08868,48.7575
7806,1.09026,47.9339
7807,1.09016,47.6509
7808,1.08204,58.0335
7809,1.07915,57.5203
7810,1.07911,57.5147
7811,1.07919,57.5261
7812,1.07915,57.5203
7813,1.08086,56.6457
7814,1.08813,48.097
7815,1.08799,48.0834
7816,1.0883,48.1112
7817,1.09075,47.7438
7818,1.09273,47.9255
7819,1.08745,48.3624
7820,1.09291,48.6396
7821,1.08804,48.3376
7822,1.08966,48.2378
7823,1.08951,48.2199
7824,1.08983,48.2564
7825,1.09159,47.1784
7826,1.09146,47.1583
7827,1.09122,47.5564
7828,1.09109,47.5331
7829,1.09091,47.5856
7830,1.09032,48.0383
7831,1.0924,48.0821
7832,1.09226,48.0577
7833,1.09252,48.1056
7834,1.0924,48.0821
7835,1.09228,47.6049
7836,1.09017,48.462
7837,1.0903,48.6148
7838,1.08739,48.2685
7839,1.08948,48.0922
7840,1.08939,48.0812
7841,1.09096,48.0012
7842,1.09345,49.3853
7843,1.09071,48.0949
7844,1.09063,48.0837
7845,1.09082,48.1067
7846,1.08475,49.8072
7847,1.08384,49.6161
7848,1.09084,48.6647
7849,1.09066,48.6417
7850,1.09103,48.6909
7851,1.09242,48.7894
7852,1.09378,48.9989
7853,1.0912,48.7122
7854,1.09109,48.8001
7855,1.09052,49.0753
7856,1.09047,49.0673
7857,1.09057,49.0839
7858,1.09052,49.0753
7859,1.09704,50.4466
7860,1.09713,50.4535
7861,1.08578,49.7492
7862,1.08499,50.0246
7863,1.08907,55.2148
7864,1.09082,52.269
7865,1.08891,55.1975
7866,1.08962,55.3551
7867,1.08907,55.2148
7868,1.08907,55.2148
7869,1.08493,50.2365
7870,1.08474,50.2156
7871,1.08511,50.255
7872,1.08997,50.767
7873,1.0837,49.6203
7874,1.08351,49.5935
7875,1.08777,56.2442
7876,1.08938,55.5251
7877,1.08981,51.8095
7878,1.0876,56.2199
7879,1.0895,56.4154
7880,1.08985,55.4654
7881,1.08777,56.2442
7882,1.08962,51.8726
7883,1.08685,52.7328
7884,1.08732,50.7859
7885,1.09438,49.0695
7886,1.08941,49.5618
7887,1.08727,54.224
7888,1.08719,54.2162
7889,1.08535,52.421
7890,1.08704,56.3888
7891,1.09164,55.7399
7892,1.09137,53.437
7893,1.08694,56.3735
7894,1.08989,56.4305
7895,1.09187,55.7657
7896,1.08704,56.3888
7897,1.08936,53.7129
7898,1.08956,49.6549
7899,1.08934,49.6335
7900,1.08978,49.6769
7901,1.09462,49.7207
7902,1.09449,49.6948
7903,1.09476,49.7463
7904,1.08491,46.9896
7905,1.08256,53.2234
7906,1.1,49.8633
7907,1.08407,53.3188
7908,1.08247,53.216
7909,1.08256,53.2234
7910,1.09078,48.6276
7911,1.09091,48.6412
7912,1.09078,48.6276
7913,1.09078,48.6276
7914,1.09199,49.1043
7915,1.09151,48.6808
7916,1.09142,48.6722
7917,1.09159,48.6895
7918,1.08388,49.7148
7919,1.08375,49.3785
7920,1.08364,49.3648
7921,1.09158,49.2138
7922,1.09228,50.1525
7923,1.09717,51.2316
7924,1.09725,51.2425
7925,1.09717,51.2316
7926,1.0971,51.2195
7927,1.08988,48.8372
7928,1.08999,48.8523
7929,1.08483,49.3045
7930,1.0843,49.8613
7931,1.08952,50.6522
7932,1.08956,50.6585
7933,1.08413,49.4565
7934,1.08605,49.2415
7935,1.08845,49.7237
7936,1.0878,50.7433
7937,1.08402,49.6332
7938,1.08389,49.6119
7939,1.08751,48.4861
7940,1.09149,54.7675
7941,1.09145,51.1386
7942,1.09146,54.7615
7943,1.0922,54.9253
7944,1.09149,54.7675
7945,1.09149,54.7675
7946,1.09391,49.5261
7947,1.09399,49.5391
7948,1.08531,48.4565
7949,1.08549,48.4829
7950,1.0852,48.4408
7951,1.08531,48.4565
7952,1.08438,47.9784
7953,1.09161,50.3034
7954,1.09117,47.6704
7955,1.08715,50.7425
7956,1.09134,49.9298
7957,1.0911,49.9064
7958,1.09316,49.4249
7959,1.0931,49.4151
7960,1.09307,49.4371
7961,1.09316,49.4249
7962,1.09624,49.3364
7963,1.09631,49.346
7964,1.09616,49.3278
7965,1.09624,49.3364
7966,1.09288,48.8567
7967,1.09278,48.8462
7968,1.09297,48.8681
7969,1.09175,48.7173
7970,1.08982,47.8682
7971,1.0969,49.9696
7972,1.08908,53.7756
7973,1.08318,55.8986
7974,1.08313,55.8924
7975,1.08317,55.8973
7976,1.08931,53.8729
7977,1.08926,53.8662
7978,1.08777,49.0278
7979,1.08763,49.0116
7980,1.08791,49.0434
7981,1.08777,49.0278
7982,1.08552,49.007
7983,1.08548,48.9999
7984,1.08981,51.5763
7985,1.08986,51.5851
7986,1.08367,49.5809
7987,1.0884,55.6453
7988,1.09217,54.9694
7989,1.09251,50.9095
7990,1.09216,54.9476
7991,1.08825,55.6279
7992,1.09217,54.9694
7993,1.08978,55.8183
7994,1.08794,50.25
7995,1.08787,50.2416
7996,1.08601,49.3406
7997,1.09118,51.9336
7998,1.08955,53.1563
7999,1.086,49.9741
8000,1.08588,49.9636
8001,1.0849,47.453
8002,1.08543,49.157
8003,1.08531,49.1334
8004,1.08554,49.1782
8005,1.08971,50.1704
8006,1.08537,49.6222
8007,1.08548,49.6412
8008,1.08524,49.603
8009,1.08537,49.6222
8010,1.09161,50.3994
8011,1.09179,50.4256
8012,1.09175,48.5705
8013,1.09162,48.5511
8014,1.08736,56.1019
8015,1.08746,56.1182
8016,1.0875,56.1516
8017,1.08465,58.6732
8018,1.08671,57.6334
8019,1.089,56.3672
8020,1.08971,58.7875
8021,1.0845,58.6546
8022,1.08692,57.5313
8023,1.08671,57.6334
8024,1.07981,56.6907
8025,1.08497,55.8739
8026,1.08483,55.8549
8027,1.0844,49.4515
8028,1.08434,49.4411
8029,1.08447,49.4621
8030,1.0844,49.4515
8031,1.09548,50.814
8032,1.09498,50.4087
8033,1.08932,49.5831
8034,1.08956,49.6149
8035,1.08932,49.5831
8036,1.09553,49.7959
8037,1.0846,52.44
8038,1.08994,54.0449
8039,1.08673,52.5056
8040,1.0866,52.4873
8041,1.08848,53.5831
8042,1.08842,53.5739
8043,1.08854,53.5938
8044,1.08848,53.5831
8045,1.08589,46.6092
8046,1.08604,46.6296
8047,1.08576,46.5906
8048,1.08589,46.6092
8049,1.08759,47.0031
8050,1.08445,48.1935
8051,1.0891,47.003
8052,1.08903,46.9887
8053,1.08711,46.5896
8054,1.08657,47.0999
8055,1.08648,47.0907
8056,1.08666,46.5485
8057,1.08412,47.7431
8058,1.08404,47.7339
8059,1.08419,47.7525
8060,1.08486,47.1105
8061,1.08495,47.1214
8062,1.08877,50.1932
8063,1.0885,50.1658
8064,1.08904,50.2221
8065,1.08877,50.1932
8066,1.08939,50.5744
8067,1.08926,50.5557
8068,1.08953,50.5916
8069,1.08559,48.5718
8070,1.08549,48.5593
8071,1.08567,48.5843
8072,1.08559,48.5718
8073,1.08402,47.381
8074,1.09053,49.5163
8075,1.09046,49.5036
8076,1.09021,49.5337
8077,1.0913,53.055
8078,1.09121,53.0397
8079,1.08934,52.8995
8080,1.08925,52.8858
8081,1.08944,52.9121
8082,1.08934,52.8995
8083,1.08902,52.8978
8084,1.08923,52.9249
8085,1.08959,53.1731
8086,1.09052,53.0616
8087,1.09069,53.826
8088,1.09718,50.8371
8089,1.09059,53.8093
8090,1.09114,53.9464
8091,1.09069,53.826
8092,1.08969,50.5684
8093,1.08985,50.5923
8094,1.08707,48.9044
8095,1.08577,48.161
8096,1.08321,46.9125
8097,1.08269,46.8628
8098,1.09608,50.6618
8099,1.09591,50.6391
8100,1.09625,50.683
8101,1.09608,50.6618
8102,1.09591,50.4705
8103,1.09584,50.4563
8104,1.09599,50.4848
8105,1.09591,50.4705
8106,1.09443,50.9003
8107,1.09712,50.9169
8108,1.08786,49.2336
8109,1.08486,48.184
8110,1.08633,47.7422
8111,1.08579,48.2217
8112,1.08572,48.2104
8113,1.08572,48.2107
8114,1.08593,48.2439
8115,1.08782,49.7317
8116,1.0877,49.7182
8117,1.08793,49.7444
8118,1.08563,48.0688
8119,1.08606,48.0226
8120,1.08599,48.0087
8121,1.08603,48.6521
8122,1.08594,48.6342
8123,1.08613,48.6699
8124,1.08603,48.6521
8125,1.08438,48.0706
8126,1.0859,49.6944
8127,1.08587,49.6899
8128,1.08576,49.7003
8129,1.0864,49.7465
8130,1.08954,49.6837
8131,1.08965,49.6918
8132,1.09251,52.5481
8133,1.09237,52.5232
8134,1.09267,52.5738
8135,1.09335,53.5221
8136,1.09192,53.1107
8137,1.09203,53.1228
8138,1.09192,53.1107
8139,1.0872,50.7846
8140,1.09501,55.3789
8141,1.09509,55.3867
8142,1.09134,53.0484
8143,1.09128,53.039
8144,1.08978,52.942
8145,1.08938,53.9372
8146,1.08929,53.9251
8147,1.08507,55.7815
8148,1.085,55.7696
8149,1.08515,55.7934
8150,1.08507,55.7815
8151,1.09068,53.7547
8152,1.09076,53.7667
8153,1.09059,53.7425
8154,1.08494,55.5305
8155,1.08611,47.3969
8156,1.08551,48.0867
8157,1.0843,47.1292
8158,1.08872,49.6445
8159,1.08868,49.6369
8160,1.09112,50.4971
8161,1.09107,50.4894
8162,1.0911,50.4925
8163,1.09122,50.5089
8164,1.09383,51.1456
8165,1.09367,51.1202
8166,1.09398,51.1694
8167,1.09758,51.0485
8168,1.0975,51.0397
8169,1.09754,51.0425
8170,1.097,50.9199
8171,1.08656,48.6122
8172,1.08515,47.3955
8173,1.08506,47.3835
8174,1.08739,48.4706
8175,1.08531,46.9923
8176,1.08635,47.7544
8177,1.08505,49.614
8178,1.08516,49.6299
8179,1.08505,49.614
8180,1.08484,49.537
8181,1.09043,50.2515
8182,1.08742,55.6968
8183,1.08961,54.854
8184,1.09239,51.3969
8185,1.08721,55.6725
8186,1.08929,55.8037
8187,1.08742,55.6968
8188,1.08742,55.6968
8189,1.08475,49.4993
8190,1.08484,49.5126
8191,1.09054,50.8306
8192,1.09069,50.8542
8193,1.09638,51.1466
8194,1.09618,51.0324
8195,1.08667,48.9715
8196,1.09289,50.4629
8197,1.09304,50.4825
8198,1.09066,50.3875
8199,1.09073,50.396
8200,1.08859,49.3235
8201,1.08854,49.3147
8202,1.08865,49.3329
8203,1.08859,49.3235
8204,1.08911,49.1844
8205,1.08902,49.1756
8206,1.09442,50.3998
8207,1.09081,51.6537
8208,1.08517,48.6267
8209,1.08901,49.3957
8210,1.08908,49.4067
8211,1.08901,49.3957
8212,1.08895,49.3835
8213,1.08921,50.1517
8214,1.08917,50.1446
8215,1.08925,50.1593
8216,1.08921,50.1517
8217,1.09006,49.9364
8218,1.09158,50.76
8219,1.09153,50.7485
8220,1.08841,50.2745
8221,1.09509,50.7474
8222,1.09524,50.7621
8223,1.09509,50.7474
8224,1.09509,50.7474
8225,1.08629,48.938
8226,1.08705,48.0715
8227,1.08694,48.0561
8228,1.08715,48.0878
8229,1.08354,47.8095
8230,1.08653,47.0342
8231,1.08532,47.8739
8232,1.08509,47.8487
8233,1.09099,50.2475
8234,1.09112,50.2619
8235,1.09084,50.2311
8236,1.0899,50.2049
8237,1.08679,50.0381
8238,1.08667,50.0234
8239,1.08666,50.0295
8240,1.08707,50.065
8241,1.09102,50.1245
8242,1.09154,50.3864
8243,1.0854,57.3802
8244,1.08712,57.3624
8245,1.08362,57.6291
8246,1.0888,50.0896
8247,1.08882,49.5056
8248,1.08872,49.4909
8249,1.08834,49.3482
8250,1.08719,48.0415
8251,1.08699,48.0166
8252,1.08703,48.0703
8253,1.08719,48.0415
8254,1.08828,50.0988
8255,1.0883,48.8843
8256,1.08836,48.8964
8257,1.08824,48.8726
8258,1.08661,49.4827
8259,1.08652,49.4716
8260,1.08773,52.0808
8261,1.09621,50.9997
8262,1.09624,51.0058
8263,1.0927,55.0704
8264,1.09948,51.8101
8265,1.09356,55.1688
8266,1.09264,55.0565
8267,1.0927,55.0704
8268,1.0927,55.0704
8269,1.09015,52.4448
8270,1.09006,52.4334
8271,1.0931,50.7053
8272,1.09343,50.5906
8273,1.0892,52.0842
8274,1.08917,52.0782
8275,1.08719,50.0423
8276,1.08768,49.9431
8277,1.08599,49.8252
8278,1.08605,49.8319
8279,1.08718,49.863
8280,1.08855,47.8118
8281,1.08868,47.8312
8282,1.08925,47.7745
8283,1.08913,47.7566
8284,1.08938,47.7948
8285,1.08925,47.7745
8286,1.08557,48.385
8287,1.08547,48.3645
8288,1.08565,48.4059
8289,1.08537,47.6449
8290,1.08551,47.6631
8291,1.08523,47.6245
8292,1.0888,50.3435
8293,1.08615,49.874
8294,1.08609,49.8643
8295,1.08622,49.8844
8296,1.08615,49.874
8297,1.08865,50.0299
8298,1.08857,50.0197
8299,1.08838,50.165
8300,1.08828,50.156
8301,1.08848,50.174
8302,1.08838,50.165
8303,1.08787,52.1348
8304,1.09164,52.2593
8305,1.08834,52.218
8306,1.09439,54.1011
8307,1.09431,54.0887
8308,1.09566,51.1727
8309,1.08847,50.0478
8310,1.08843,50.0407
8311,1.08851,50.054
8312,1.09091,50.049
8313,1.08829,49.4878
8314,1.08825,49.4824
8315,1.08821,49.4943
8316,1.08516,54.3645
8317,1.0992,50.9697
8318,1.08508,54.3491
8319,1.0872,54.5007
8320,1.08516,54.3645
8321,1.08516,54.3645
8322,1.09472,50.5173
8323,1.09453,50.4882
8324,1.09169,51.6503
8325,1.0904,50.809
8326,1.09032,50.7956
8327,1.09048,50.8222
8328,1.0904,50.809
8329,1.08882,51.3395
8330,1.08874,51.3251
8331,1.08877,51.3318
8332,1.08895,51.3631
8333,1.086,48.7436
8334,1.08588,48.7303
8335,1.08613,48.7583
8336,1.09012,51.4021
8337,1.08993,51.3752
8338,1.09032,51.4286
8339,1.09045,50.2441
8340,1.09031,50.2333
8341,1.09057,50.2546
8342,1.09045,50.2441
8343,1.0925,51.2832
8344,1.09236,51.2641
8345,1.09292,50.4842
8346,1.08753,55.9375
8347,1.08751,54.5782
8348,1.0911,50.6467
8349,1.08728,55.9099
8350,1.08802,54.5847
8351,1.09096,56.0794
8352,1.08751,54.5782
8353,1.08571,57.5808
8354,1.08563,57.5691
8355,1.08732,56.9471
8356,1.08892,57.4134
8357,1.09417,58.067
8358,1.09612,57.3318
8359,1.09121,57.7048
8360,1.09618,57.1975
8361,1.09612,57.3318
8362,1.09411,58.0565
8363,1.09434,58.1831
8364,1.09141,53.1703
8365,1.09136,53.1613
8366,1.09124,53.1119
8367,1.08875,55.8255
8368,1.0943,55.4067
8369,1.09365,53.3179
8370,1.09435,55.4027
8371,1.0943,55.4067
8372,1.08977,55.9081
8373,1.08865,55.8113
8374,1.08832,50.1032
8375,1.09149,50.0895
8376,1.08837,50.0431
8377,1.08845,50.0554
8378,1.09068,52.6264
8379,1.09058,52.6131
8380,1.0861,48.7568
8381,1.08781,49.1155
8382,1.08757,48.0456
8383,1.08558,49.8415
8384,1.08653,48.03
8385,1.08643,48.0131
8386,1.09429,52.5525
8387,1.0915,51.7248
8388,1.09155,51.7315
8389,1.09146,51.7187
8390,1.0933,52.1114
8391,1.08761,51.0167
8392,1.08718,50.2518
8393,1.08706,50.2401
8394,1.0873,50.2645
8395,1.09236,50.9736
8396,1.08853,51.9934
8397,1.08856,51.9992
8398,1.09203,54.7164
8399,1.09194,54.6987
8400,1.09211,54.7333
8401,1.09419,57.6887
8402,1.09445,56.4933
8403,1.09174,54.4744
8404,1.09425,56.3851
8405,1.09407,57.6695
8406,1.09504,57.8948
8407,1.09445,56.4933
8408,1.09031,56.3531
8409,1.09585,56.1002
8410,1.09753,54.9917
8411,1.09023,56.3332
8412,1.09088,56.4171
8413,1.09579,56.0939
8414,1.09585,56.1002
8415,1.09436,54.6281
8416,1.09425,54.6104
8417,1.08668,56.131
8418,1.09024,50.595
8419,1.09016,50.5818
8420,1.09032,50.6066
8421,1.09528,50.6967
8422,1.08846,50.1033
8423,1.08839,50.0904
8424,1.08854,50.1159
8425,1.08846,50.1033
8426,1.08896,51.9278
8427,1.09038,51.4686
8428,1.09305,53.4015
8429,1.09313,53.41
8430,1.08802,50.8056
8431,1.08795,50.797
8432,1.08797,50.7988
8433,1.08929,49.9742
8434,1.08923,49.9639
8435,1.0892,49.9868
8436,1.09125,50.523
8437,1.09108,50.5056
8438,1.09143,50.5421
8439,1.09125,50.523
8440,1.09256,52.1997
8441,1.08836,50.9605
8442,1.08829,50.9504
8443,1.08718,50.2963
8444,1.08637,50.0948
8445,1.09031,50.8832
8446,1.08709,50.8555
8447,1.08712,50.8594
8448,1.08707,50.8514
8449,1.09041,51.3073
8450,1.08818,50.6903
8451,1.08831,50.7097
8452,1.08805,50.6696
8453,1.08818,50.6903
8454,1.08916,50.2379
8455,1.08895,50.0851
8456,1.08912,50.1057
8457,1.08881,50.0635
8458,1.08895,50.0851
8459,1.08948,50.3109
8460,1.08662,51.2309
8461,1.08989,50.5561
8462,1.09244,49.9244
8463,1.09233,49.9055
8464,1.08891,50.2727
8465,1.08696,47.7319
8466,1.08711,47.75
8467,1.08718,49.958
8468,1.091,49.9282
8469,1.09088,49.9091
8470,1.09005,54.5914
8471,1.09642,51.3003
8472,1.09146,54.798
8473,1.08993,54.5806
8474,1.09005,54.5914
8475,1.09005,54.5914
8476,1.09227,56.6878
8477,1.09241,55.0294
8478,1.09109,51.3587
8479,1.09208,56.6692
8480,1.09248,54.9784
8481,1.09241,55.0294
8482,1.09241,55.0294
8483,1.08889,51.0816
8484,1.08999,50.8899
8485,1.0881,50.0915
8486,1.08803,50.0832
8487,1.08835,50.0963
8488,1.08826,50.2977
8489,1.0884,50.3147
8490,1.08498,49.8742
8491,1.08471,48.5032
8492,1.085,48.5348
8493,1.08619,48.5591
8494,1.08593,49.2544
8495,1.08578,49.2377
8496,1.09182,52.3002
8497,1.09206,52.3273
8498,1.08905,52.1844
8499,1.0882,50.8312
8500,1.08835,50.8526
8501,1.08812,50.8184
8502,1.0882,50.8312
8503,1.08757,50.1208
8504,1.08747,50.1093
8505,1.08877,50.1789
8506,1.08887,50.1894
8507,1.0876,49.9435
8508,1.08776,49.9714
8509,1.08557,50.4627
8510,1.08564,50.4754
8511,1.0869,51.4517
8512,1.08888,50.8147
8513,1.08895,50.8297
8514,1.08888,50.8147
8515,1.08888,50.8147
8516,1.09187,51.9123
8517,1.08854,50.7528
8518,1.08842,50.7406
8519,1.08881,51.2388
8520,1.07891,49.0164
8521,1.09027,51.717
8522,1.09045,51.7398
8523,1.09018,51.7067
8524,1.08084,49.2517
8525,1.08625,52.6783
8526,1.08622,52.6736
8527,1.08628,52.6832
8528,1.08802,50.869
8529,1.09805,55.8374
8530,1.09797,55.8282
8531,1.09162,54.8599
8532,1.09156,54.8509
8533,1.09334,55.1992
8534,1.09328,55.1908
8535,1.0976,56.1415
8536,1.09765,56.1511
8537,1.09754,56.1323
8538,1.08621,54.9689
8539,1.09496,51.3623
8540,1.08611,54.9561
8541,1.08775,55.1402
8542,1.08621,54.9689
8543,1.08621,54.9689
8544,1.08817,50.0602
8545,1.08812,50.0515
8546,1.08821,50.0686
8547,1.08817,50.0602
8548,1.08416,49.8099
8549,1.0847,50.2345
8550,1.07917,49.0341
8551,1.08736,50.0204
8552,1.08765,50.0713
8553,1.08841,55.0857
8554,1.08855,55.1033
8555,1.08827,55.0691
8556,1.09699,56.0087
8557,1.09477,56.5983
8558,1.0877,56.2106
8559,1.09463,56.5814
8560,1.0952,56.6251
8561,1.09477,56.5983
8562,1.08753,58.0542
8563,1.08739,58.0371
8564,1.08501,57.2509
8565,1.08489,57.2335
8566,1.08872,51.2352
8567,1.08899,50.5366
8568,1.0905,55.8902
8569,1.09485,55.2376
8570,1.09623,52.0204
8571,1.09042,55.8775
8572,1.09374,55.2592
8573,1.09477,55.2267
8574,1.09297,56.0253
8575,1.0946,51.8
8576,1.08871,51.6448
8577,1.08861,51.6332
8578,1.08881,51.6571
8579,1.08871,51.6448
8580,1.0896,50.2902
8581,1.08968,50.3013
8582,1.0896,50.2902
8583,1.08954,50.2789
8584,1.0947,51.9519
8585,1.08889,50.1791
8586,1.08899,50.1922
8587,1.08889,50.1791
8588,1.08948,50.616
8589,1.08941,50.6035
8590,1.08956,50.6274
8591,1.0935,51.9571
8592,1.09346,51.9495
8593,1.09444,52.8091
8594,1.08876,50.161
8595,1.08871,50.1542
8596,1.08882,50.1677
8597,1.08876,50.161
8598,1.09064,47.7142
8599,1.08954,50.9789
8600,1.09111,52.2063
8601,1.09101,52.194
8602,1.08625,50.2389
8603,1.0795,49.0725
8604,1.07944,49.0581
8605,1.07956,49.0858
8606,1.0795,49.0725
8607,1.09685,54.4932
8608,1.09673,54.4737
8609,1.09695,54.6012
8610,1.08802,52.0993
8611,1.08786,52.0604
8612,1.08822,52.1414
8613,1.08802,52.0993
8614,1.08815,52.004
8615,1.08796,51.9769
8616,1.09492,53.9746
8617,1.0948,53.9574
8618,1.09504,53.9917
8619,1.09492,53.9746
8620,1.08918,52.2745
8621,1.09166,52.026
8622,1.08689,50.8513
8623,1.08685,50.8416
8624,1.08696,50.8615
8625,1.09436,52.3992
8626,1.08332,49.9617
8627,1.07992,49.1086
8628,1.0803,49.1659
8629,1.08043,49.186
8630,1.08791,50.6148
8631,1.08799,50.6295
8632,1.0843,50.3757
8633,1.08422,50.3611
8634,1.08269,49.6344
8635,1.08262,49.6236
8636,1.08276,49.6442
8637,1.08738,50.0514
8638,1.08731,50.0398
8639,1.08743,50.0627
8640,1.08738,50.0514
8641,1.08273,49.8512
8642,1.08266,49.8407
8643,1.08838,51.2141
8644,1.08821,51.1947
8645,1.08853,51.2333
8646,1.08838,51.2141
8647,1.08949,50.6469
8648,1.07926,49.1046
8649,1.07915,49.0895
8650,1.07938,49.1202
8651,1.08856,51.3348
8652,1.08866,51.3482
8653,1.08845,51.3195
8654,1.08822,50.8302
8655,1.08937,50.7234
8656,1.08932,50.7155
8657,1.08943,50.7317
8658,1.08722,51.6996
8659,1.08855,50.7161
8660,1.08848,50.7039
8661,1.08804,52.1758
8662,1.08943,52.0281
8663,1.0894,52.0218
8664,1.08946,52.0336
8665,1.08943,52.0281
8666,1.09377,53.0623
8667,1.0938,53.0681
8668,1.09375,53.0567
8669,1.09377,53.0623
8670,1.08675,50.5825
8671,1.08715,50.6896
8672,1.08736,50.7077
8673,1.09057,51.4262
8674,1.09138,55.5698
8675,1.09126,54.8223
8676,1.09149,52.2128
8677,1.09108,54.8056
8678,1.09144,54.8344
8679,1.09297,55.6787
8680,1.09138,55.5698
8681,1.09174,51.8613
8682,1.09151,51.8281
8683,1.09193,51.8941
8684,1.09333,51.8344
8685,1.0934,51.8479
8686,1.09325,51.8212
8687,1.0868,50.6775
8688,1.08675,50.6691
8689,1.08686,50.6863
8690,1.08866,50.7371
8691,1.08862,50.7272
8692,1.08871,50.7465
8693,1.09203,55.3556
8694,1.09644,53.383
8695,1.0919,55.3356
8696,1.09302,55.4869
8697,1.09203,55.3556
8698,1.09203,55.3556
8699,1.09304,52.8441
8700,1.09298,52.8333
8701,1.0931,52.8534
8702,1.09304,52.8441
8703,1.08548,50.5887
8704,1.08537,50.5755
8705,1.09012,50.971
8706,1.0949,52.3372
8707,1.09481,52.3243
8708,1.09502,52.3508
8709,1.0949,52.3372
8710,1.08807,50.976
8711,1.08668,50.0985
8712,1.08511,50.3912
8713,1.08519,50.4051
8714,1.088,50.1951
8715,1.08195,49.6145
8716,1.08985,54.4985
8717,1.09745,51.8964
8718,1.09117,54.6139
8719,1.08974,54.4846
8720,1.08985,54.4985
8721,1.09218,51.3797
8722,1.09225,51.3945
8723,1.09211,51.3654
8724,1.09218,51.3797
8725,1.08821,50.723
8726,1.09324,52.7562
8727,1.08378,49.981
8728,1.08366,49.9649
8729,1.08391,49.9969
8730,1.08378,49.981
8731,1.09315,50.7795
8732,1.08949,58.4206
8733,1.08934,55.986
8734,1.09221,52.8425
8735,1.08934,58.4082
8736,1.08901,55.891
8737,1.09083,58.6531
8738,1.08949,58.4206
8739,1.09146,52.3214
8740,1.08987,51.3021
8741,1.09048,50.771
8742,1.08428,50.5704
8743,1.08623,50.756
8744,1.08604,50.7233
8745,1.08953,51.5587
8746,1.08971,51.5764
8747,1.08936,51.5434
8748,1.08953,51.5587
8749,1.08282,49.8333
8750,1.08299,49.8581
8751,1.08262,49.8056
8752,1.08306,49.8726
8753,1.08519,50.4239
8754,1.0844,50.4728
8755,1.08425,50.457
8756,1.08455,50.4866
8757,1.08789,50.6407
8758,1.08798,50.6551
8759,1.08233,49.7742
8760,1.08224,49.7573
8761,1.08243,49.7889
8762,1.08233,49.7742
8763,1.08471,50.5735
8764,1.0822,49.7718
8765,1.08234,49.788
8766,1.08207,49.7559
8767,1.09275,53.2523
8768,1.09265,53.2357
8769,1.09149,56.2683
8770,1.09498,54.5288
8771,1.09135,56.2524
8772,1.09312,56.3209
8773,1.09149,56.2683
8774,1.09149,56.2683
8775,1.08873,52.3059
8776,1.08846,52.2761
8777,1.089,52.3372
8778,1.08873,52.3059
8779,1.09837,54.9247
8780,1.09613,54.2997
8781,1.096,54.2843
8782,1.08144,49.8048
8783,1.08823,51.1939
8784,1.08266,49.8619
8785,1.08259,49.8495
8786,1.08263,49.8576
8787,1.08277,49.8784
8788,1.08968,50.3493
8789,1.08978,50.3612
8790,1.08688,50.4936
8791,1.08681,50.5126
8792,1.09129,57.0704
8793,1.08795,55.2305
8794,1.08723,51.7916
8795,1.09119,57.055
8796,1.09276,57.2873
8797,1.09129,57.0704
8798,1.0875,55.1648
8799,1.0897,51.0788
8800,1.08072,49.6436
8801,1.08634,51.2576
8802,1.08625,51.2421
8803,1.08645,51.2739
8804,1.09001,54.1966
8805,1.08997,54.1903
8806,1.09005,54.2036
8807,1.09001,54.1966
8808,1.08659,53.1578
8809,1.08657,53.1546
8810,1.08527,54.9355
8811,1.09743,51.7959
8812,1.08518,54.9225
8813,1.08678,55.0188
8814,1.08527,54.9355
8815,1.08527,54.9355
8816,1.08661,50.8527
8817,1.08652,50.8404
8818,1.0867,50.8645
8819,1.09224,51.3401
8820,1.0859,50.5062
8821,1.08583,50.4948
8822,1.09292,53.7889
8823,1.09404,53.4483
8824,1.09394,53.4359
8825,1.09318,53.6079
8826,1.09779,54.802
8827,1.09688,50.7592
8828,1.09157,55.9027
8829,1.08627,55.7344
8830,1.08621,55.7277
8831,1.0868,56.3636
8832,1.08675,56.3567
8833,1.08686,56.3701
8834,1.0868,56.3636
8835,1.08649,56.3415
8836,1.08644,56.3351
8837,1.09738,54.127
8838,1.0965,54.122
8839,1.09658,54.1343
8840,1.09641,54.1097
8841,1.09597,55.253
8842,1.09591,55.2402
8843,1.09603,55.2658
8844,1.09719,54.1708
8845,1.09711,54.158
8846,1.09727,54.1817
8847,1.08517,50.8564
8848,1.08681,51.8592
8849,1.09393,51.7177
8850,1.08614,51.5159
8851,1.08448,50.7344
8852,1.08442,50.7282
8853,1.08453,50.7411
8854,1.08554,50.9239
8855,1.09366,50.6718
8856,1.0937,50.6782
8857,1.09298,54.5829
8858,1.09305,54.5943
8859,1.09298,54.5829
8860,1.08964,54.4519
8861,1.0898,54.4754
8862,1.09376,54.4479
8863,1.09367,54.4347
8864,1.08452,50.9473
8865,1.08455,50.9534
8866,1.08815,51.3432
8867,1.08444,49.9438
8868,1.08688,57.1973
8869,1.08273,58.3309
8870,1.08494,56.3605
8871,1.08682,57.1878
8872,1.08765,57.0169
8873,1.08225,58.5888
8874,1.08273,58.3309
8875,1.07839,55.5918
8876,1.07844,55.6029
8877,1.07834,55.581
8878,1.07839,55.5918
8879,1.07889,55.9451
8880,1.08166,56.7139
8881,1.08159,56.7047
8882,1.09367,54.1558
8883,1.09355,54.1408
8884,1.09378,54.1686
8885,1.09369,54.5912
8886,1.09381,54.6058
8887,1.09357,54.5762
8888,1.09369,54.5912
8889,1.09321,53.8654
8890,1.09312,53.8523
8891,1.09255,53.5065
8892,1.09267,53.5201
8893,1.09287,55.3683
8894,1.09668,54.4488
8895,1.09278,55.3541
8896,1.09336,55.4032
8897,1.09287,55.3683
8898,1.09287,55.3683
8899,1.09577,55.3584
8900,1.09598,54.4988
8901,1.0886,52.7103
8902,1.08856,52.7052
8903,1.0902,51.1012
8904,1.08597,51.637
8905,1.08608,51.6499
8906,1.08933,53.4378
8907,1.08921,53.4228
8908,1.08479,51.2144
8909,1.08845,51.5758
8910,1.09405,54.4281
8911,1.09332,54.3638
8912,1.09337,54.3692
8913,1.09327,54.3583
8914,1.0966,54.9314
8915,1.0951,53.0445
8916,1.08692,51.7685
8917,1.09575,54.352
8918,1.08961,52.6233
8919,1.08952,52.6102
8920,1.0896,52.6232
8921,1.08988,55.4727
8922,1.09661,54.5941
8923,1.08975,55.4608
8924,1.09047,55.5181
8925,1.08988,55.4727
8926,1.08515,54.3766
8927,1.0926,55.0337
8928,1.08964,54.675
8929,1.09187,55.0174
8930,1.09196,55.0334
8931,1.09178,55.0028
8932,1.09057,54.8066
8933,1.09068,54.8226
8934,1.09046,54.7912
8935,1.09535,54.2258
8936,1.09125,55.6604
8937,1.09673,54.5601
8938,1.09118,55.6508
8939,1.09154,55.7075
8940,1.09125,55.6604
8941,1.09125,55.6604
8942,1.09517,54.1249
8943,1.0951,54.1145
8944,1.09522,54.135
8945,1.09517,54.1249
8946,1.09495,54.1015
8947,1.09159,55.0853
8948,1.09152,55.0763
8949,1.08586,59.3935
8950,1.08808,58.1186
8951,1.09143,55.6435
8952,1.08595,59.5886
8953,1.08803,58.1089
8954,1.08806,58.0258
8955,1.08586,59.3935
8956,1.08895,55.844
8957,1.08889,55.8348
8958,1.08851,55.5162
8959,1.09366,52.7599
8960,1.09366,57.4869
8961,1.09366,58.3005
8962,1.1,57.3529
8963,1.09366,59.6129
8964,1.09323,52.6003
8965,1.09366,52.7599
8966,1.09366,52.7599
8967,1.09366,52.7599
8968,1.09988,56.3727
8969,1.1,56.8045
8970,1.09987,56.3692
8971,1.09988,56.3727
8972,1.09988,56.3727
8973,1.09988,56.3727
8974,1.09411,54.6127
8975,1.1,56.7587
8976,1.1,58.1128
8977,1.1,55.2683
8978,1.09395,54.5888
8979,1.09411,54.6127
8980,1.09411,54.6127
8981,1.09411,54.6127
8982,1.09564,54.5253
8983,1.09552,54.5179
8984,1.09564,54.5253
8985,1.09564,54.5253
8986,1.09436,56.3115
8987,1.09603,55.6124
8988,1.09804,54.6236
8989,1.1,56.4664
8990,1.1,56.4231
8991,1.1,56.4325
8992,1.09557,55.5849
8993,1.09603,55.6124
8994,1.09437,56.3323
8995,1.09436,56.3115
8996,1.09269,52.2155
8997,1.05113,55.7285
8998,1.08841,58.9959
8999,1.06918,60.233
9000,1.09233,52.1334
9001,1.09269,52.2155
9002,1.09269,52.2155
9003,1.09269,52.2155
9004,1.1,56.3315
9005,1.0687,59.0635
9006,1.09988,56.3003
9007,1.1,56.3315
9008,1.1,56.3315
9009,1.1,56.3315
9010,1.09211,58.038
9011,1.09736,57.0717
9012,1.09743,56.235
9013,1.1,59.0046
9014,1.09738,58.5717
9015,1.09465,58.058
9016,1.09643,56.931
9017,1.09736,57.0717
9018,1.09736,57.0717
9019,1.09166,57.7145
9020,1.09205,56.7507
9021,1.09683,55.2857
9022,1.09255,57.8109
9023,1.09254,57.7261
9024,1.09261,57.7764
9025,1.09167,56.7112
9026,1.09079,57.8304
9027,1.09205,56.7507
9028,1.09205,56.7507
9029,1.09243,57.3132
9030,1.0953,56.4524
9031,1.1,55.0335
9032,1.09703,57.5064
9033,1.09799,57.4506
9034,1.09775,57.4403
9035,1.09707,57.5117
9036,1.09338,57.3337
9037,1.09243,57.3132
9038,1.09479,56.4276
9039,1.09243,57.3132
9040,1.09806,56.1298
9041,1.1,58.218
9042,1.09796,56.1069
9043,1.09806,56.1298
9044,1.09806,56.1298
9045,1.09806,56.1298
9046,1.09317,50.6004
9047,1.09238,50.5459
9048,1.09317,50.6004
9049,1.09317,50.6004
9050,1.09758,56.1866
9051,1.1,57.0845
9052,1.09751,56.1754
9053,1.09758,56.1866
9054,1.09758,56.1866
9055,1.09758,56.1866
9056,1.09095,57.2841
9057,1.09397,56.0295
9058,1.09848,54.5002
9059,1.09146,57.3919
9060,1.09095,57.2841
9061,1.09095,57.2841
9062,1.09095,57.2841
9063,1.09621,57.2965
9064,1.09747,56.9921
9065,1.09979,56.5432
9066,1.09877,57.5578
9067,1.09983,63.5101
9068,1.09742,56.9557
9069,1.09522,57.3196
9070,1.09621,57.2965
9071,1.09747,56.9921
9072,1.09345,52.5373
9073,1.0893,60.2679
9074,1.09343,52.4884
9075,1.09345,52.5373
9076,1.09345,52.5373
9077,1.09345,52.5373
9078,1.08727,49.8025
9079,1.07458,50.4112
9080,1.07052,50.4767
9081,1.08686,49.7931
9082,1.08727,49.8025
9083,1.08727,49.8025
9084,1.08727,49.8025
9085,1.09169,58.242
9086,1.1,58.8466
9087,1.0916,58.237
9088,1.09169,58.242
9089,1.09169,58.242
9090,1.09169,58.242
9091,1.1,55.1781
9092,1.09965,55.1385
9093,1.1,55.1781
9094,1.1,55.1781
9095,1.09497,52.7078
9096,1.1,53.796
9097,1.0957,58.3607
9098,1.1,55.1892
9099,1.09557,58.6137
9100,1.1,58.4418
9101,1.09395,52.5421
9102,1.09497,52.7078
9103,1.09497,52.7078
9104,1.09497,52.7078
9105,1.09025,59.1022
9106,1.09086,57.939
9107,1.09409,55.5399
9108,1.0589,59.1372
9109,1.05875,59.1435
9110,1.09011,57.8726
9111,1.09086,57.939
9112,1.09086,57.939
9113,1.09086,57.939
9114,1.1,55.3164
9115,1.07247,55.5739
9116,1.07205,56.2669
9117,1.07126,55.7359
9118,1.09942,55.2803
9119,1.1,55.3164
9120,1.1,55.3164
9121,1.1,55.3164
9122,1.09194,52.0933
9123,1.09945,57.9783
9124,1.09526,57.2672
9125,1.09171,52.0456
9126,1.09194,52.0933
9127,1.09194,52.0933
9128,1.09194,52.0933
9129,1.09358,55.835
9130,1.09394,55.4296
9131,1.09489,52.5021
9132,1.05784,56.0603
9133,1.0932,55.4336
9134,1.09213,55.9073
9135,1.09394,55.4296
9136,1.09358,55.835
9137,1.09403,53.3258
9138,1.1,56.4954
9139,1.1,59.9596
9140,1.09363,53.2904
9141,1.09403,53.3258
9142,1.09403,53.3258
9143,1.09403,53.3258
9144,1.0902,49.7828
9145,1.1,53.6986
9146,1.09695,55.5902
9147,1.08996,49.725
9148,1.0902,49.7828
9149,1.0902,49.7828
9150,1.0902,49.7828
9151,1.09572,55.4789
9152,1.1,57.02
9153,1.09567,55.4698
9154,1.09572,55.4789
9155,1.09572,55.4789
9156,1.09572,55.4789
9157,1.09668,54.368
9158,1.09701,57.1566
9159,1.09644,54.3503
9160,1.09668,54.368
9161,1.09668,54.368
9162,1.09668,54.368
9163,1.1,54.8462
9164,1.09945,54.7461
9165,1.1,54.8462
9166,1.1,54.8462
9167,1.08857,55.9329
9168,1.09367,55.6862
9169,1.09332,53.4516
9170,1.09348,55.6361
9171,1.09073,55.9469
9172,1.08857,55.9329
9173,1.09367,55.6862
9174,1.09535,54.5852
9175,1.09529,54.581
9176,1.09535,54.5852
9177,1.09535,54.5852
9178,1.09531,56.3691
9179,1.09623,55.6349
9180,1.09767,54.53
9181,1.09735,56.808
9182,1.09749,56.565
9183,1.04549,56.6472
9184,1.09434,56.3362
9185,1.09531,56.3691
9186,1.09574,55.6136
9187,1.09623,55.6349
9188,1.1,56.65
9189,1.09928,61.3371
9190,1.09982,56.5826
9191,1.1,56.65
9192,1.1,56.65
9193,1.1,56.65
9194,1.09556,54.4324
9195,1.09538,54.4203
9196,1.09556,54.4324
9197,1.09556,54.4324
9198,1.1,56.3739
9199,1.09981,56.3739
9200,1.1,56.3739
9201,1.1,56.3739
9202,1.1,50.1576
9203,1.09904,49.9745
9204,1.1,50.1576
9205,1.1,50.1576
9206,1.09104,55.351
9207,1.08997,53.7621
9208,1.09877,51.4786
9209,1.08983,53.9003
9210,1.09249,55.6011
9211,1.08997,53.7621
9212,1.09104,55.351
9213,1.08766,48.9665
9214,1.08459,51.2042
9215,1.08619,51.0737
9216,1.09304,55.2819
9217,1.08766,55.3496
9218,1.08675,48.6855
9219,1.08766,48.9665
9220,1.08766,48.9665
9221,1.08766,48.9665
9222,1.08647,55.9863
9223,1.0918,55.5227
9224,1.09424,54.0948
9225,1.1,56.0319
9226,1.1,56.0565
9227,1.09242,55.5088
9228,1.09021,56.0078
9229,1.08647,55.9863
9230,1.08647,55.9863
9231,1.09076,56.5288
9232,1.1,57.0518
9233,1.09987,56.1743
9234,1.09917,57.0469
9235,1.09091,56.4707
9236,1.09076,56.5288
9237,1.1,57.0518
9238,1.0925,51.0322
9239,1.09191,50.7548
9240,1.0925,51.0322
9241,1.0925,51.0322
9242,1.09186,52.1058
9243,1.09196,52.1027
9244,1.09186,52.1058
9245,1.09186,52.1058
9246,1.08253,50.0407
9247,1.02493,55.5578
9248,1.08236,49.9865
9249,1.08253,50.0407
9250,1.08253,50.0407
9251,1.08253,50.0407
9252,1.1,50.8233
9253,1.03168,52.0099
9254,1.03043,51.7671
9255,1.031,51.1055
9256,1.09771,50.7888
9257,1.1,50.8233
9258,1.1,50.8233
9259,1.1,50.8233
9260,1.09632,58.0278
9261,1.09617,56.8963
9262,1.09971,55.4981
9263,1.09514,58.0533
9264,1.09632,58.0278
9265,1.09592,56.7972
9266,1.09632,58.0278
9267,1.09181,59.1235
9268,1.1,60.8409
9269,1.09204,64.9053
9270,1.09181,66.8834
9271,1.09181,64.4317
9272,1.09181,67.1407
9273,1.09181,65.6972
9274,1.09239,64.1675
9275,1.09134,58.9952
9276,1.09181,59.1235
9277,1.09181,59.1235
9278,1.09181,59.1235
9279,1.0876,57.618
9280,1.09236,56.3043
9281,1.09559,55.5437
9282,1.1,58.8825
9283,1.09228,56.0538
9284,1.09044,57.6634
9285,1.09236,56.3043
9286,1.0876,57.618
9287,1.09659,54.6512
9288,1.1,55.5538
9289,1.1,55.2963
9290,1.1,55.5634
9291,1.09634,54.6217
9292,1.09659,54.6512
9293,1.09659,54.6512
9294,1.09659,54.6512
9295,1.1,53.3113
9296,1.098,53.0361
9297,1.1,53.3113
9298,1.1,53.3113
9299,1.1,51.7604
9300,1.099,51.6147
9301,1.1,51.7604
9302,1.1,51.7604
9303,1.09283,56.3342
9304,1.09547,55.6448
9305,1.09762,54.9295
9306,1.1,56.3901
9307,1.1,56.4205
9308,1.09901,56.3627
9309,1.1,56.447
9310,1.09546,55.6137
9311,1.09412,56.3327
9312,1.09283,56.3342
9313,1.09547,55.6448
9314,1.09705,56.5531
9315,1.09656,56.4914
9316,1.09705,56.5531
9317,1.09705,56.5531
9318,1.08589,57.2618
9319,1.1,58.5937
9320,1.1,62.5811
9321,1.08563,57.2251
9322,1.08589,57.2618
9323,1.08589,57.2618
9324,1.08589,57.2618
9325,1.09724,56.0314
9326,1.1,59.5041
9327,1.1,56.7586
9328,1.09715,56.0125
9329,1.09724,56.0314
9330,1.09724,56.0314
9331,1.09724,56.0314
9332,1.09695,53.0748
9333,1.09569,52.8565
9334,1.09695,53.0748
9335,1.09695,53.0748
9336,1.09048,53.5525
9337,1.09043,53.5458
9338,1.09053,53.5589
9339,1.08988,53.6634
9340,1.09169,53.7802
9341,1.09164,53.7738
9342,1.09118,53.6741
9343,1.09107,53.5824
9344,1.09371,54.2556
9345,1.09293,54.0692
9346,1.09263,54.0844
9347,1.09008,53.4967
9348,1.09001,53.4869
9349,1.09014,53.5073
9350,1.09008,53.4967
9351,1.09442,54.7264
9352,1.09453,54.7351
9353,1.09646,55.3611
9354,1.09167,53.6672
9355,1.09274,57.7549
9356,1.09626,55.3024
9357,1.09266,57.7432
9358,1.09368,57.844
9359,1.09274,57.7549
9360,1.09427,54.624
9361,1.09422,54.6124
9362,1.09433,54.6351
9363,1.09427,54.624
9364,1.09386,54.5868
9365,1.0938,54.5762
9366,1.09014,53.5408
9367,1.09333,54.9632
9368,1.09338,54.9705
9369,1.09333,54.9632
9370,1.08916,54.0398
9371,1.09557,55.43
9372,1.08982,54.2178
9373,1.09159,54.6968
9374,1.08815,54.2619
9375,1.08545,53.0346
9376,1.08529,53.0166
9377,1.08561,53.0513
9378,1.08633,53.0754
9379,1.0865,53.0948
9380,1.0862,53.0574
9381,1.08633,53.0754
9382,1.08363,53.875
9383,1.0864,52.5421
9384,1.08347,53.9044
9385,1.08337,53.8848
9386,1.08383,53.3333
9387,1.08396,53.3511
9388,1.08818,55.0611
9389,1.08812,55.0534
9390,1.08823,55.0685
9391,1.09516,55.5724
9392,1.09244,54.4137
9393,1.0924,54.4065
9394,1.09226,54.4238
9395,1.09011,54.4729
9396,1.09015,54.4798
9397,1.09007,54.4654
9398,1.09195,54.7397
9399,1.09193,54.7368
9400,1.09515,54.8536
9401,1.0887,54.3386
9402,1.08861,54.3239
9403,1.08867,54.3325
9404,1.09058,54.4235
9405,1.09048,54.4076
9406,1.09206,54.4627
9407,1.09254,54.7242
9408,1.0916,54.604
9409,1.08704,54.328
9410,1.08709,54.3364
9411,1.08698,54.3199
9412,1.08712,54.2882
9413,1.08719,54.2975
9414,1.08712,54.2882
9415,1.08689,53.9402
9416,1.08694,53.9501
9417,1.0917,54.8248
9418,1.09158,54.8013
9419,1.08733,54.5123
9420,1.08629,53.9841
9421,1.0897,54.3926
9422,1.09156,54.7934
9423,1.09566,57.8503
9424,1.09492,55.5044
9425,1.09562,57.8446
9426,1.09616,57.9362
9427,1.09566,57.8503
9428,1.09566,57.8503
9429,1.09627,55.851
9430,1.09141,55.4368
9431,1.09139,55.4349
9432,1.09143,55.4385
9433,1.09116,55.1019
9434,1.09372,55.1561
9435,1.09371,55.1543
9436,1.09373,55.1578
9437,1.09372,55.1561
9438,1.08918,54.8684
9439,1.08916,54.8668
9440,1.08919,54.87
9441,1.08834,54.7638
9442,1.08825,54.7511
9443,1.09358,54.4335
9444,1.09529,54.4058
9445,1.09538,54.4199
9446,1.09532,54.3866
9447,1.09525,54.3724
9448,1.09539,54.4298
9449,1.09529,54.418
9450,1.0954,55.1702
9451,1.09555,55.187
9452,1.0954,55.1702
9453,1.08691,55.1476
9454,1.08677,55.1292
9455,1.09108,55.1012
9456,1.09099,55.0843
9457,1.09347,54.8567
9458,1.09282,54.611
9459,1.09484,54.4313
9460,1.09491,54.6231
9461,1.09489,54.6177
9462,1.09495,54.6278
9463,1.09319,54.2992
9464,1.09413,55.2049
9465,1.09414,55.2063
9466,1.09412,55.2033
9467,1.09428,55.1672
9468,1.09499,55.3569
9469,1.09319,55.0094
9470,1.09756,56.1647
9471,1.09753,56.1589
9472,1.09788,56.4524
9473,1.09784,56.4473
9474,1.09845,56.798
9475,1.09707,56.0599
9476,1.09702,56.0539
9477,1.08741,56.0643
9478,1.08735,56.0554
9479,1.08853,55.7008
9480,1.08846,55.6927
9481,1.0886,55.7094
9482,1.08853,55.7008
9483,1.08798,56.0054
9484,1.08803,56.0139
9485,1.08823,55.5506
9486,1.08817,55.5431
9487,1.09072,55.5267
9488,1.09082,55.5406
9489,1.08668,55.5728
9490,1.08852,55.6849
9491,1.08679,56.0465
9492,1.08686,56.0597
9493,1.08679,56.0465
9494,1.0867,56.0327
9495,1.09071,57.7023
9496,1.09064,57.6898
9497,1.08847,58.4308
9498,1.08297,59.7844
9499,1.08852,59.1905
9500,1.08438,59.7971
9501,1.08297,59.7844
9502,1.08297,59.7844
9503,1.08297,59.7844
9504,1.08798,58.454
9505,1.08791,58.441
9506,1.08807,58.4673
9507,1.08798,58.454
9508,1.09131,61.0589
9509,1.09817,58.6282
9510,1.09894,57.128
9511,1.0981,58.6201
9512,1.09851,58.6993
9513,1.09817,58.6282
9514,1.09817,58.6282
9515,1.09809,56.8463
9516,1.09804,56.837
9517,1.09501,55.8599
9518,1.09682,56.371
9519,1.08682,55.6685
9520,1.08678,55.6638
9521,1.08688,55.1562
9522,1.08827,57.1635
9523,1.09717,55.3234
9524,1.089,57.2263
9525,1.08827,57.1635
9526,1.08827,57.1635
9527,1.08698,55.2114
9528,1.08364,56.162
9529,1.08338,55.6284
9530,1.09184,54.7906
9531,1.08696,55.2102
9532,1.0885,55.0909
9533,1.08732,55.3643
9534,1.08832,54.9318
9535,1.09135,54.8641
9536,1.09264,54.6584
9537,1.08921,54.8578
9538,1.09269,55.0133
9539,1.09265,55.007
9540,1.09229,54.6887
9541,1.09225,54.6826
9542,1.09232,54.6949
9543,1.08734,56.1092
9544,1.0878,55.8632
9545,1.0879,55.8751
9546,1.0877,55.8494
9547,1.0878,55.8632
9548,1.08713,55.1047
9549,1.08723,55.1175
9550,1.08749,55.0257
9551,1.0874,55.0137
9552,1.08761,55.0388
9553,1.08749,55.0257
9554,1.08552,56.4311
9555,1.08562,56.4467
9556,1.08543,56.4175
9557,1.08693,55.3464
9558,1.08284,55.9758
9559,1.09032,55.3811
9560,1.08305,55.6875
9561,1.08299,55.6737
9562,1.08311,55.7005
9563,1.08237,56.1012
9564,1.0822,56.0816
9565,1.08252,56.1211
9566,1.0825,56.0871
9567,1.0977,56.6638
9568,1.09769,56.6632
9569,1.08882,54.8365
9570,1.08876,54.8264
9571,1.08887,54.847
9572,1.08695,55.4924
9573,1.09319,54.2851
9574,1.09313,54.2739
9575,1.09326,54.2954
9576,1.09041,55.1658
9577,1.08011,57.3943
9578,1.08012,57.3977
9579,1.08011,57.3943
9580,1.0801,57.3908
9581,1.08314,56.6939
9582,1.08316,56.697
9583,1.08314,56.6939
9584,1.07802,58.3196
9585,1.07799,58.3161
9586,1.07804,58.3228
9587,1.08304,56.1998
9588,1.08156,59.5115
9589,1.0852,56.7386
9590,1.08184,59.6242
9591,1.08151,59.5029
9592,1.08156,59.5115
9593,1.08156,59.5115
9594,1.08805,58.0272
9595,1.08718,56.2963
9596,1.08801,58.0193
9597,1.08852,58.1095
9598,1.08805,58.0272
9599,1.08805,58.0272
9600,1.09228,55.6853
9601,1.09215,56.7178
9602,1.09274,56.3458
9603,1.09228,56.7397
9604,1.09208,56.7083
9605,1.09215,56.7178
9606,1.09215,56.7178
9607,1.09473,55.5181
9608,1.09468,55.5092
9609,1.09268,56.2388
9610,1.09262,56.2313
9611,1.08837,54.7881
9612,1.08829,54.7733
9613,1.08588,55.6237
9614,1.09291,56.0539
9615,1.08869,55.2853
9616,1.09179,56.2197
9617,1.09197,57.0227
9618,1.092,57.0283
9619,1.09197,57.0227
9620,1.09241,56.3352
9621,1.08633,56.2334
9622,1.08775,55.4416
9623,1.08768,55.4338
9624,1.08781,55.4484
9625,1.08775,55.4416
9626,1.08384,56.8929
9627,1.08073,57.2369
9628,1.07614,57.6423
9629,1.0755,58.3476
9630,1.07668,57.4139
9631,1.07676,57.4261
9632,1.07971,57.5356
9633,1.07964,57.5219
9634,1.07979,57.549
9635,1.07491,60.3094
9636,1.07627,59.1919
9637,1.07485,60.296
9638,1.07529,60.4159
9639,1.07491,60.3094
9640,1.07491,60.3094
9641,1.09164,55.4801
9642,1.09486,55.9623
9643,1.09045,55.7943
9644,1.09208,55.6871
9645,1.09214,55.6972
9646,1.09258,55.8148
9647,1.09237,56.341
9648,1.09228,56.3308
9649,1.09247,56.35
9650,1.09237,56.341
9651,1.09172,55.6981
9652,1.09112,55.2755
9653,1.09108,55.2695
9654,1.09417,56.1897
9655,1.09434,56.348
9656,1.09445,56.4255
9657,1.09099,55.304
9658,1.09269,56.5822
9659,1.09508,59.9249
9660,1.09505,59.9214
9661,1.09655,60.8644
9662,1.09651,60.8608
9663,1.09445,59.4891
9664,1.09442,59.4852
9665,1.09448,59.4926
9666,1.09445,59.4891
9667,1.08089,57.7396
9668,1.08244,57.1279
9669,1.07331,59.5478
9670,1.07329,59.5441
9671,1.09577,55.8819
9672,1.09663,56.6366
9673,1.09652,56.4555
9674,1.09294,56.2116
9675,1.09378,56.0109
9676,1.08745,56.4006
9677,1.09417,56.4997
9678,1.09407,56.4811
9679,1.09414,56.5167
9680,1.08384,57.483
9681,1.08379,57.477
9682,1.08383,57.4827
9683,1.08649,59.6945
9684,1.09469,56.7247
9685,1.08644,59.6896
9686,1.08685,59.7883
9687,1.08649,59.6945
9688,1.08283,58.0441
9689,1.08289,58.0508
9690,1.08277,58.0382
9691,1.09186,55.8418
9692,1.09179,55.8296
9693,1.09388,56.6692
9694,1.09471,56.4759
9695,1.09463,56.4634
9696,1.09334,56.7993
9697,1.09325,56.7841
9698,1.09345,56.8157
9699,1.09426,56.0234
9700,1.09323,55.865
9701,1.09316,55.8567
9702,1.09329,55.8731
9703,1.08856,56.3865
9704,1.09344,57.079
9705,1.0857,56.9392
9706,1.06984,60.1676
9707,1.06976,60.158
9708,1.06581,61.2842
9709,1.06576,61.2783
9710,1.06586,61.2902
9711,1.09816,64.0018
9712,1.09109,58.7197
9713,1.09463,57.1718
9714,1.09097,58.7026
9715,1.09158,58.8029
9716,1.09109,58.7197
9717,1.09109,58.7197
9718,1.09298,57.1165
9719,1.09446,56.4657
9720,1.09359,56.8521
9721,1.0935,56.8403
9722,1.09369,56.8636
9723,1.09359,56.8521
9724,1.08512,57.6794
9725,1.09311,56.5302
9726,1.08437,57.1228
9727,1.09104,56.4749
9728,1.08757,56.8216
9729,1.08743,56.807
9730,1.09342,56.3989
9731,1.09368,56.4681
9732,1.09357,56.4084
9733,1.1,59.005
9734,1.09551,57.248
9735,1.0955,57.2461
9736,1.09552,57.2498
9737,1.05866,63.2467
9738,1.0644,61.7762
9739,1.05864,63.2436
9740,1.05865,63.3081
9741,1.05866,63.2467
9742,1.09201,57.2064
9743,1.09199,57.2037
9744,1.09203,57.2094
9745,1.09074,57.3675
9746,1.08571,57.0837
9747,1.08567,57.0791
9748,1.08631,57.0585
9749,1.08628,57.0531
9750,1.08552,57.341
9751,1.09259,57.2995
9752,1.09214,57.3871
9753,1.09205,57.376
9754,1.09087,57.2265
9755,1.09094,57.2384
9756,1.09223,57.4844
9757,1.09414,57.1071
9758,1.09406,57.0969
9759,1.08957,57.7558
9760,1.09184,57.3922
9761,1.09026,57.4886
9762,1.09033,57.4987
9763,1.09018,57.4784
9764,1.07421,59.8345
9765,1.07425,59.8406
9766,1.07647,58.9807
9767,1.07516,59.3894
9768,1.07512,59.3838
9769,1.0752,59.395
9770,1.07516,59.3894
9771,1.09339,61.609
9772,1.09347,61.6223
9773,1.09329,61.5968
9774,1.09339,61.609
9775,1.09088,61.6982
9776,1.09073,61.6873
9777,1.09389,61.8943
9778,1.09337,61.6435
9779,1.09381,61.8813
9780,1.09403,61.917
9781,1.09389,61.8943
9782,1.09562,61.6141
9783,1.06342,62.4319
9784,1.06565,61.6068
9785,1.06563,61.6045
9786,1.06566,61.6092
9787,1.09053,57.6871
9788,1.09001,57.6839
9789,1.08997,57.6793
9790,1.09118,57.7244
9791,1.06298,62.4803
9792,1.06288,62.6004
9793,1.06429,62.216
9794,1.08601,59.7904
9795,1.08339,57.9191
9796,1.08555,61.482
9797,1.08655,60.0319
9798,1.08549,61.472
9799,1.08652,61.5629
9800,1.08555,61.482
9801,1.08553,59.27
9802,1.09028,58.1465
9803,1.08907,58.0897
9804,1.08902,58.0844
9805,1.09015,59.2508
9806,1.09,57.9979
9807,1.09005,58.0036
9808,1.08995,57.9933
9809,1.08864,58.1287
9810,1.08862,58.1258
9811,1.08934,57.7703
9812,1.08704,60.8799
9813,1.06096,63.3715
9814,1.06095,63.3687
9815,1.06098,63.3742
9816,1.06164,63.132
9817,1.06398,62.492
9818,1.0682,62.1976
9819,1.07353,61.7108
9820,1.0723,62.0149
9821,1.07231,62.0168
9822,1.09047,59.1222
9823,1.09041,59.1111
9824,1.09054,59.1343
9825,1.09047,59.1222
9826,1.09276,59.6457
9827,1.09083,59.0347
9828,1.09301,59.6873
9829,1.09269,59.635
9830,1.09276,59.6457
9831,1.09276,59.6457
9832,1.08918,59.2124
9833,1.08906,59.2018
9834,1.08802,58.3562
9835,1.08651,61.4211
9836,1.07547,60.4401
9837,1.07758,59.6255
9838,1.07755,59.6215
9839,1.07761,59.6297
9840,1.08128,61.0053
9841,1.08109,60.9163
9842,1.08941,61.2465
9843,1.08943,61.2507
9844,1.08937,61.2422
9845,1.08941,61.2465
9846,1.08914,61.554
9847,1.08846,60.3332
9848,1.08843,60.3286
9849,1.08849,60.3373
9850,1.05943,63.7131
9851,1.05943,63.7117
9852,1.05944,63.7144
9853,1.09629,58.6496
9854,1.0963,58.6511
9855,1.09484,58.7017
9856,1.09483,58.6999
9857,1.09484,58.7035
9858,1.09484,58.7017
9859,1.09528,59.4314
9860,1.0888,58.0905
9861,1.08885,58.0961
9862,1.08804,58.4269
9863,1.08748,58.9443
9864,1.08743,58.9391
9865,1.08754,58.9502
9866,1.08748,58.9443
9867,1.08954,63.0861
9868,1.09129,64.3469
9869,1.09127,64.3421
9870,1.09132,64.3516
9871,1.09129,64.3469
9872,1.09011,63.7248
9873,1.09008,63.721
9874,1.09015,63.7288
9875,1.06809,63.5775
9876,1.08739,62.5659
9877,1.09386,60.6005
9878,1.08785,62.6309
9879,1.08733,62.5564
9880,1.08739,62.5659
9881,1.08964,59.5438
9882,1.08954,59.5341
9883,1.09219,60.5429
9884,1.09124,60.0051
9885,1.09117,59.9936
9886,1.09131,60.0156
9887,1.09124,60.0051
9888,1.08805,59.834
9889,1.08462,60.1074
9890,1.08824,59.033
9891,1.08974,60.6226
9892,1.08965,60.6132
9893,1.08024,61.1957
9894,1.07748,61.7125
9895,1.08004,61.3059
9896,1.06214,64.3627
9897,1.07537,62.448
9898,1.07533,62.4446
9899,1.0754,62.452
9900,1.07282,62.5441
9901,1.0957,65.4727
9902,1.09567,65.4679
9903,1.09573,65.4776
9904,1.09219,65.9513
9905,1.09387,65.5802
9906,1.09065,67.6772
9907,1.09074,67.5523
9908,1.0931,67.1227
9909,1.09143,67.6994
9910,1.09139,67.6926
9911,1.09147,67.7058
9912,1.0858,59.7089
9913,1.09001,60.124
9914,1.08991,60.1141
9915,1.09012,60.1338
9916,1.09001,60.124
9917,1.08643,59.555
9918,1.08634,59.5428
9919,1.08651,59.567
9920,1.0865,62.4395
9921,1.09095,60.2592
9922,1.08643,62.4282
9923,1.0872,62.5108
9924,1.0865,62.4395
9925,1.08201,61.2048
9926,1.08577,61.7288
9927,1.06362,64.5593
9928,1.06361,64.5569
9929,1.05982,64.2064
9930,1.06001,64.2409
9931,1.08046,63.0459
9932,1.0804,63.0364
9933,1.07544,62.6713
9934,1.07537,62.6616
9935,1.07626,62.0853
9936,1.07674,62.8657
9937,1.07667,62.8577
9938,1.08419,61.9821
9939,1.08608,62.1721
9940,1.08606,62.1702
9941,1.0898,62.594
9942,1.08978,62.5919
9943,1.08981,62.596
9944,1.0898,62.594
9945,1.08549,62.0446
9946,1.08468,61.8756
9947,1.08461,61.8678
9948,1.08758,61.485
9949,1.08751,61.4776
9950,1.08765,61.4934
9951,1.08578,61.8793
9952,1.08504,62.0584
9953,1.08446,61.9137
9954,1.08444,61.9126
9955,1.07246,63.0568
9956,1.07244,63.0543
9957,1.07443,62.8692
9958,1.07442,62.8668
9959,1.07444,62.8717
9960,1.07232,63.411
9961,1.07231,63.4093
9962,1.07609,62.9255
9963,1.07636,64.2582
9964,1.07638,64.2599
9965,1.07634,64.2566
9966,1.07636,64.2582
9967,1.07439,63.8195
9968,1.07437,63.8178
9969,1.08747,62.5705
9970,1.08741,62.5583
9971,1.08753,62.5833
9972,1.08747,62.5705
9973,1.08753,62.8503
9974,1.08744,62.8376
9975,1.08761,62.8627
9976,1.08979,62.9113
9977,1.08806,62.6261
9978,1.08799,62.6146
9979,1.08814,62.6388
9980,1.08446,65.8637
9981,1.08448,65.8656
9982,1.08693,66.0044
9983,1.08852,62.5433
9984,1.08851,62.542
9985,1.08724,63.9125
9986,1.08726,63.9188
9987,1.0872,63.9055
9988,1.08676,64.2412
9989,1.08679,64.0814
9990,1.08682,65.6837
9991,1.08686,65.6899
9992,1.08682,65.6837
9993,1.08928,67.2727
9994,1.0888,69.8376
9995,1.08882,69.8407
9996,1.09213,70.8524
9997,1.09112,70.7089
9998,1.08424,63.1093
9999,1.08523,62.9873
10000,1.09034,68.3768
10001,1.0903,68.3717
10002,1.09038,68.3814
10003,1.09003,68.533
10004,1.08845,69.5818
10005,1.09132,63.9636
10006,1.08981,63.1396
10007,1.09122,63.9507
10008,1.09164,64.0071
10009,1.09132,63.9636
10010,1.0933,64.8629
10011,1.09183,63.2485
10012,1.09319,64.8503
10013,1.09372,64.9362
10014,1.0933,64.8629
10015,1.09082,62.8608
10016,1.09075,62.8469
10017,1.0909,62.8746
10018,1.09082,62.8608
10019,1.09082,63.0356
10020,1.09072,63.0219
10021,1.09092,63.0477
10022,1.09099,62.9126
10023,1.07727,64.537
10024,1.07763,64.806
10025,1.07762,64.8044
10026,1.07997,64.7842
10027,1.07998,64.7859
10028,1.07997,64.7842
10029,1.08852,71.1079
10030,1.06328,64.4476
10031,1.06755,64.4275
10032,1.06753,64.4253
10033,1.06757,64.4296
10034,1.08932,62.8089
10035,1.0905,63.0746
10036,1.09031,62.8919
10037,1.09025,62.8869
10038,1.09035,62.8965
10039,1.09462,65.1693
10040,1.09198,63.1612
10041,1.09459,65.165
10042,1.09498,65.2329
10043,1.09462,65.1693
10044,1.08999,62.7253
10045,1.09227,63.1801
10046,1.09225,63.1759
10047,1.09206,63.4441
10048,1.09207,63.4457
10049,1.09205,63.4425
10050,1.08946,68.9913
10051,1.08865,68.5437
10052,1.08995,69.367
10053,1.08994,69.3643
10054,1.08996,69.3699
10055,1.09637,65.9046
10056,1.09314,64.8925
10057,1.09629,65.8916
10058,1.09673,65.9584
10059,1.09637,65.9046
10060,1.09637,65.9046
10061,1.08362,64.876
10062,1.08802,65.8334
10063,1.08791,65.8193
10064,1.09052,64.3085
10065,1.09041,64.295
10066,1.09064,64.3212
10067,1.09027,62.6727
10068,1.08989,62.6947
10069,1.09017,62.6551
10070,1.08836,62.3793
10071,1.08916,62.5982
10072,1.08906,62.5809
10073,1.08926,62.6142
10074,1.08875,62.3327
10075,1.08987,63.7065
10076,1.09057,63.0403
10077,1.09037,63.0123
10078,1.09108,62.7755
10079,1.09104,62.7707
10080,1.09195,62.8077
10081,1.09198,62.8133
10082,1.09192,62.8021
10083,1.09195,62.8077
10084,1.09173,67.0429
10085,1.09178,67.0483
10086,1.09168,67.0376
10087,1.09173,67.0429
10088,1.05374,67.5
10089,1.09593,70.4721
10090,1.09591,70.47
10091,1.08743,66.1163
10092,1.0874,66.1134
10093,1.08745,66.119
10094,1.08716,66.552
10095,1.08886,65.7947
10096,1.08884,65.7921
10097,1.0877,62.0862
10098,1.08762,62.072
10099,1.08892,62.1278
10100,1.08886,62.1149
10101,1.0881,62.6545
10102,1.08802,62.6425
10103,1.08816,62.6669
10104,1.08686,62.8459
10105,1.08677,62.8329
10106,1.08734,68.1184
10107,1.0928,70.5421
10108,1.09271,70.5291
10109,1.08704,68.471
10110,1.08713,68.4841
10111,1.08711,68.1302
10112,1.08703,68.1176
10113,1.08803,62.5859
10114,1.08813,62.5982
10115,1.08803,62.5859
10116,1.08744,64.7435
10117,1.08656,62.594
10118,1.08668,62.6054
10119,1.08723,62.951
10120,1.08727,62.9561
10121,1.08765,63.268
10122,1.08795,62.5809
10123,1.08724,63.2997
10124,1.08717,63.2904
10125,1.0873,63.3089
10126,1.08724,63.2997
10127,1.08773,63.0655
10128,1.08607,63.0787
10129,1.0857,62.9991
10130,1.08578,63.0079
10131,1.08563,62.9908
10132,1.08719,63.0107
10133,1.08827,62.7816
10134,1.08822,62.7767
10135,1.08813,62.7889
10136,1.08806,63.4105
10137,1.08721,62.9668
10138,1.08719,62.9636
10139,1.08615,63.0022
10140,1.0861,62.9917
10141,1.08621,63.0125
10142,1.08806,63.5838
10143,1.08674,63.5077
10144,1.08668,63.4965
10145,1.08754,63.5113
10146,1.08736,62.7578
10147,1.08642,62.693
10148,1.08732,63.0742
10149,1.08559,63.0806
10150,1.08786,62.0475
10151,1.08899,62.6289
10152,1.08892,62.6161
10153,1.08887,65.7247
10154,1.08877,65.71
10155,1.08791,64.1424
10156,1.08519,63.1522
10157,1.09208,63.6064
10158,1.09201,63.5943
10159,1.09214,63.6182
10160,1.08659,66.7472
10161,1.09937,64.219
10162,1.0885,66.8686
10163,1.08652,66.7372
10164,1.08659,66.7472
10165,1.08659,66.7472
10166,1.08678,62.8643
10167,1.08818,63.5114
10168,1.09487,63.8065
10169,1.09203,62.6716
10170,1.09794,64.0803
10171,1.08588,63.78
10172,1.08378,63.7453
10173,1.08389,63.7587
10174,1.0826,64.753
10175,1.0827,64.7646
10176,1.08901,63.6862
10177,1.089,63.7012
10178,1.08894,63.6724
10179,1.08678,62.7906
10180,1.08685,62.8034
10181,1.08591,63.236
10182,1.09601,66.3159
10183,1.09341,65.0365
10184,1.09345,65.0413
10185,1.09336,65.0312
10186,1.0934,65.0364
10187,1.09284,64.1877
10188,1.0928,64.1828
10189,1.09289,64.1926
10190,1.08754,62.9747
10191,1.08749,62.967
10192,1.08759,62.9835
10193,1.08754,62.9747
10194,1.09153,65.7438
10195,1.09159,65.7514
10196,1.09153,65.7438
10197,1.08927,65.0639
10198,1.0943,67.1473
10199,1.09206,65.8422
10200,1.09425,67.1394
10201,1.09472,67.218
10202,1.0943,67.1473
10203,1.09494,66.7643
10204,1.08509,63.3872
10205,1.08498,63.3752
10206,1.08521,63.3985
10207,1.08509,63.3872
10208,1.0853,63.3379
10209,1.0852,63.3258
10210,1.08539,63.3491
10211,1.09032,63.5323
10212,1.08512,63.4188
10213,1.08505,63.4055
10214,1.08521,63.4321
10215,1.09759,67.9291
10216,1.09759,67.9302
10217,1.09758,67.9279
10218,1.09759,67.9291
10219,1.08897,65.8998
10220,1.08449,63.5024
10221,1.08309,64.5125
10222,1.08514,63.0567
10223,1.0851,63.2925
10224,1.08583,63.4702
10225,1.08571,63.451
10226,1.08565,63.4922
10227,1.08583,63.4702
10228,1.0855,64.7802
10229,1.08583,63.948
10230,1.08845,64.8426
10231,1.08835,64.8306
10232,1.09266,63.797
10233,1.08703,63.2143
10234,1.09369,65.5786
10235,1.09271,67.0692
10236,1.0902,65.5021
10237,1.09269,67.0662
10238,1.09302,67.1178
10239,1.09271,67.0692
10240,1.09271,67.0692
10241,1.09151,64.9379
10242,1.09787,66.7603
10243,1.0977,67.0852
10244,1.0956,66.0904
10245,1.09147,65.8313
10246,1.09374,66.5366
10247,1.09371,66.5328
10248,1.09454,66.8967
10249,1.09533,66.7406
10250,1.08536,65.8786
10251,1.08523,65.8599
10252,1.08552,65.8975
10253,1.08534,65.8767
10254,1.08536,65.6394
10255,1.08873,66.5597
10256,1.08861,66.541
10257,1.08754,66.1003
10258,1.08877,69.3248
10259,1.08864,69.307
10260,1.08891,69.3419
10261,1.09462,65.8708
10262,1.08888,64.6662
10263,1.08897,64.6761
10264,1.08881,64.6574
10265,1.08888,64.6662
10266,1.08613,64.0154
10267,1.08633,64.2024
10268,1.08627,64.1921
10269,1.08639,64.2122
10270,1.08633,64.2024
10271,1.08566,63.9191
10272,1.08558,63.9092
10273,1.08574,63.9287
10274,1.08744,65.5441
10275,1.08752,65.5529
10276,1.08706,65.0285
10277,1.0909,67.4646
10278,1.08895,66.6762
10279,1.09004,65.5861
10280,1.09171,65.9402
10281,1.08932,65.5499
10282,1.08866,65.6064
10283,1.09332,66.3001
10284,1.09329,66.295
10285,1.09336,66.3057
10286,1.09211,65.5957
10287,1.09206,65.5086
10288,1.09222,65.5312
10289,1.09217,65.5261
10290,1.09303,65.5618
10291,1.09302,65.5602
10292,1.08548,67.1127
10293,1.08547,67.1122
10294,1.07658,65.3153
10295,1.07657,65.3147
10296,1.08234,66.0562
10297,1.09645,67.6084
10298,1.09472,66.8098
10299,1.09459,66.7987
10300,1.09484,66.8207
10301,1.09472,66.8098
10302,1.09529,66.8357
10303,1.09467,66.7523
10304,1.09459,66.74
10305,1.09473,66.7628
10306,1.09546,67.3453
10307,1.09407,67.4881
10308,1.09521,66.5745
10309,1.0943,67.5461
10310,1.09397,67.4746
10311,1.09407,67.4881
10312,1.09407,67.4881
10313,1.09168,65.798
10314,1.09173,65.8072
10315,1.09365,66.2096
10316,1.09358,66.2001
10317,1.09222,65.8282
10318,1.0955,65.7802
10319,1.09544,65.7718
10320,1.09556,65.7901
10321,1.0955,65.7802
10322,1.09459,66.4634
10323,1.09455,66.454
10324,1.09153,66.0757
10325,1.09619,65.7175
10326,1.09144,66.0665
10327,1.09153,66.0754
10328,1.09174,66.0975
10329,1.09153,66.0757
10330,1.0924,64.8848
10331,1.09246,64.8941
10332,1.08661,66.8185
10333,1.08661,66.8179
10334,1.0913,64.0409
10335,1.0893,64.1142
10336,1.08921,64.1005
10337,1.0894,64.128
10338,1.0893,64.1142
10339,1.09203,64.4043
10340,1.09214,64.4172
10341,1.08932,64.6114
10342,1.0938,64.1673
10343,1.08923,64.5987
10344,1.09008,64.6461
10345,1.08932,64.6114
10346,1.09189,64.0689
10347,1.09279,64.0837
10348,1.0927,64.0692
10349,1.09286,64.0983
10350,1.09279,64.0837
10351,1.0927,64.9179
10352,1.09084,65.2721
10353,1.09072,65.2586
10354,1.09098,65.2873
10355,1.09263,64.7716
10356,1.09112,64.9016
10357,1.08841,64.1296
10358,1.08822,64.1117
10359,1.08863,64.149
10360,1.08725,64.4419
10361,1.08632,64.1636
10362,1.08622,64.1425
10363,1.08644,64.1855
10364,1.08907,64.1016
10365,1.08893,64.0841
10366,1.08921,64.1188
10367,1.08907,64.1016
10368,1.0894,65.4176
10369,1.08804,64.4665
10370,1.08921,65.3983
10371,1.08978,65.4743
10372,1.0894,65.4176
10373,1.08641,64.1537
10374,1.09384,66.8953
10375,1.09383,66.8936
10376,1.0923,66.1826
10377,1.09233,66.1872
10378,1.09227,66.1779
10379,1.0923,66.1826
10380,1.08688,64.6848
10381,1.08685,64.6786
10382,1.09469,66.4888
10383,1.09467,66.4845
10384,1.09473,66.4931
10385,1.09673,66.0602
10386,1.09581,65.585
10387,1.0958,65.5822
10388,1.09582,65.5877
10389,1.09581,65.585
10390,1.09464,65.1762
10391,1.09564,65.7459
10392,1.08628,64.3881
10393,1.08699,64.32
10394,1.08428,64.4203
10395,1.08426,64.4158
10396,1.08431,64.4245
10397,1.09368,65.1153
10398,1.09367,65.1133
10399,1.09365,65.1197
10400,1.09148,64.7376
10401,1.09348,64.9266
10402,1.09201,64.7853
10403,1.09358,66.4956
10404,1.09418,65.3798
10405,1.09344,66.4769
10406,1.09397,66.5845
10407,1.09358,66.4956
10408,1.0911,64.7232
10409,1.09546,66.7207
10410,1.09543,66.7158
10411,1.09188,64.6704
10412,1.09678,66.2841
10413,1.09676,66.2806
10414,1.09681,66.2876
10415,1.09678,66.2841
10416,1.09757,66.8492
10417,1.0954,65.0696
10418,1.09611,66.0602
10419,1.09615,66.066
10420,1.09527,65.398
10421,1.09523,65.3933
10422,1.08404,63.9695
10423,1.08909,64.2726
10424,1.0906,67.7044
10425,1.09059,67.7035
10426,1.09061,67.7052
10427,1.0906,67.7044
10428,1.09543,64.6771
10429,1.09605,64.6778
10430,1.09687,65.6214
10431,1.09689,65.6242
10432,1.09686,65.6187
10433,1.09336,64.9868
10434,1.09337,64.9893
10435,1.09296,65.0244
10436,1.09624,66.496
10437,1.09254,64.7007
10438,1.08917,64.9913
10439,1.09229,64.8821
10440,1.08911,64.9831
10441,1.09037,64.9889
10442,1.08917,64.9913
10443,1.08917,64.9913
10444,1.09858,64.2798
10445,1.09201,64.6786
10446,1.09192,64.6643
10447,1.09211,64.6919
10448,1.09061,64.6602
10449,1.09707,66.6145
10450,1.09478,62.6383
10451,1.09488,62.6569
10452,1.09478,62.6383
10453,1.09467,62.6215
10454,1.09386,65.4
10455,1.09405,65.4169
10456,1.09542,62.8013
10457,1.097,63.0915
10458,1.09516,62.7236
10459,1.09188,63.8773
10460,1.09774,63.0711
10461,1.09224,63.9248
10462,1.09178,63.8599
10463,1.09188,63.8773
10464,1.09188,63.8773
10465,1.09933,67.9805
10466,1.0993,67.9762
10467,1.09935,67.9852
10468,1.09844,67.8361
10469,1.09877,67.8838
10470,1.09874,67.8791
10471,1.09933,63.1498
10472,1.09964,62.8414
10473,1.09965,62.8424
10474,1.09964,62.8404
10475,1.09703,63.6084
10476,1.09702,63.6066
10477,1.09833,62.8273
10478,1.09689,62.7404
10479,1.09848,67.4806
10480,1.08991,66.5308
10481,1.08754,66.1359
10482,1.08749,66.1292
10483,1.08652,66.2215
10484,1.06163,61.3742
10485,1.08368,59.486
10486,1.08367,59.4848
10487,1.08369,59.4872
10488,1.07855,57.958
10489,1.08905,65.7374
10490,1.0809,64.1762
10491,1.08091,64.1777
10492,1.08089,64.1746
10493,1.0809,64.1762
10494,1.09186,66.5215
10495,1.09186,66.5221
10496,1.09186,66.5209
10497,1.09186,66.5215
10498,1.07634,61.7122
10499,1.08137,60.247
10500,1.02204,33.5293
10501,1.03455,21.6552
10502,1.03459,21.6605
10503,1.0345,21.6498
10504,1.03459,21.5682
10505,1.03455,21.563
10506,1.03462,21.5731
10507,1.04768,20.2378
10508,1.03495,21.7892
10509,1.04766,20.2328
10510,1.04801,20.1611
10511,1.04768,20.2378
10512,1.04768,20.2378
10513,1.05119,20.7978
10514,1.05177,20.7958
10515,1.05174,20.7931
10516,1.05314,20.8565
10517,1.05316,20.8596
10518,1.06823,21.6079
10519,1.06454,21.3856
10520,1.08359,64.6397
10521,1.0793,64.8201
10522,1.0834,64.5405
10523,1.08359,64.6397
10524,1.08359,64.6397
10525,1.08359,64.6397
10526,1.09641,68.0032
10527,1.0518,68.4502
10528,1.05898,68.6543
10529,1.05339,69.873
10530,1.09643,67.9907
10531,1.09641,68.003
10532,1.09641,68.0032
10533,1.09641,68.0032
10534,1.09582,67.2725
10535,1.1,66.9483
10536,1.1,68.9057
10537,1.09582,67.2724
10538,1.09568,67.2222
10539,1.09582,67.2725
10540,1.09582,67.2725
10541,1.09072,68.3718
10542,1.09083,68.3614
10543,1.09072,68.3718
10544,1.09072,68.3718
10545,1.09417,55.9853
10546,1.09398,55.9839
10547,1.09417,55.9853
10548,1.09417,55.9853
10549,1.05355,64.31
10550,1.05931,64.2114
10551,1.05354,64.3078
10552,1.05434,64.3073
10553,1.05355,64.31
10554,1.05355,64.31
10555,1.09602,67.0565
10556,1.09602,74.7538
10557,1.09602,72.4967
10558,1.09633,71.5745
10559,1.09602,73.3787
10560,1.09602,72.5926
10561,1.09602,72.3631
10562,1.0957,66.9231
10563,1.09602,67.0565
10564,1.09602,67.0565
10565,1.09602,67.0565
10566,1.09561,56.4082
10567,1.09524,56.383
10568,1.09561,56.4082
10569,1.09561,56.4082
10570,1.09349,68.3764
10571,1.09573,68.1422
10572,1.09083,68.8224
10573,1.09103,69.9261
10574,1.09348,68.3756
10575,1.09364,68.3084
10576,1.09349,68.3764
10577,1.09349,68.3764
10578,1.0997,65.0858
10579,1.03302,67.7159
10580,1.09959,65.0574
10581,1.0997,65.0858
10582,1.0997,65.0858
10583,1.0997,65.0858
10584,1.09971,68.9571
10585,1.1,68.6025
10586,1.1,69.5122
10587,1.1,69.341
10588,1.09954,68.9272
10589,1.09971,68.9571
10590,1.09971,68.9571
10591,1.09971,68.9571
10592,1.0867,62.4832
10593,1.08876,62.2007
10594,1.04189,62.6676
10595,1.0867,62.4832
10596,1.0867,62.4832
10597,1.08686,62.4862
10598,1.0867,62.4832
10599,1.08995,66.1196
10600,1.09274,63.4295
10601,1.09848,61.5535
10602,1.09474,68.4504
10603,1.09445,67.9882
10604,1.09584,69.6716
10605,1.09646,70.0002
10606,1.09516,68.5819
10607,1.0944,67.9731
10608,1.09116,63.1336
10609,1.09274,63.4295
10610,1.08815,64.9317
10611,1.09274,63.4295
10612,1.09224,68.4842
10613,1.09479,67.6923
10614,1.09108,68.4981
10615,1.09293,68.4088
10616,1.09224,68.4842
10617,1.09224,68.4842
10618,1.1,68.0134
10619,1.0932,69.0326
10620,1.09251,68.1233
10621,1.09998,68.0088
10622,1.1,68.0134
10623,1.1,68.0134
10624,1.1,68.0134
10625,1.09642,67.7514
10626,1.09796,67.2961
10627,1.09576,67.7281
10628,1.09641,67.7507
10629,1.09642,67.7514
10630,1.09642,67.7514
10631,1.09628,68.7289
10632,1.0986,68.3327
10633,1.09982,68.2618
10634,1.0933,69.1589
10635,1.09269,69.4372
10636,1.09431,70.6584
10637,1.09628,68.7288
10638,1.09727,68.3547
10639,1.09763,68.2839
10640,1.0986,68.3327
10641,1.09769,69.216
10642,1.09769,69.2154
10643,1.09699,69.027
10644,1.09769,69.216
10645,1.096,56.861
10646,1.09598,56.8597
10647,1.09534,56.8293
10648,1.096,56.861
10649,1.08778,67.2112
10650,1.04885,71.3303
10651,1.08776,67.2091
10652,1.08762,67.1654
10653,1.08778,67.2112
10654,1.08778,67.2112
10655,1.09517,67.2327
10656,1.09513,67.2153
10657,1.09517,67.2327
10658,1.09517,67.2327
10659,1.09494,67.8529
10660,1.09047,68.3574
10661,1.09497,67.8489
10662,1.09494,67.8524
10663,1.09494,67.8529
10664,1.09494,67.8529
10665,1.0681,63.7845
10666,1.0681,63.7842
10667,1.06816,63.777
10668,1.0681,63.7845
10669,1.098,66.8074
10670,1.1,67.6726
10671,1.09796,66.8011
10672,1.098,66.8074
10673,1.098,66.8074
10674,1.098,66.8074
10675,1.1,68.3869
10676,1.09992,68.3571
10677,1.1,68.3869
10678,1.1,68.3869
10679,1.06076,63.9441
10680,1.0674,63.8167
10681,1.04408,65.7626
10682,1.06076,63.9435
10683,1.06075,63.9042
10684,1.06076,63.9441
10685,1.06076,63.9441
10686,1.0985,68.8991
10687,1.09942,68.1689
10688,1.1,71.0629
10689,1.0983,68.8595
10690,1.0985,68.8989
10691,1.0985,68.8991
10692,1.0985,68.8991
10693,1.09559,56.0028
10694,1.09525,55.9772
10695,1.09559,56.0028
10696,1.09559,56.0028
10697,1.09028,71.2701
10698,1.09083,72.9711
10699,1.09014,71.2275
10700,1.09028,71.2701
10701,1.09028,71.2701
10702,1.09028,71.2701
10703,1.09037,68.4055
10704,1.09056,68.3934
10705,1.09037,68.4055
10706,1.09037,68.4055
10707,1.08972,55.9437
10708,1.1,56.8354
10709,1.08956,55.9341
10710,1.08972,55.9437
10711,1.08972,55.9437
10712,1.08972,55.9437
10713,1.09118,68.9975
10714,1.09135,68.9773
10715,1.09118,68.9975
10716,1.09118,68.9975
10717,1.09052,66.2974
10718,1.07826,72.3462
10719,1.09052,66.2969
10720,1.09051,66.2552
10721,1.09052,66.2974
10722,1.09052,66.2974
10723,1.1,69.1693
10724,1.09897,69.1009
10725,1.1,69.1693
10726,1.1,69.1693
10727,1.1,65.879
10728,1.09997,65.8751
10729,1.1,65.8781
10730,1.09972,65.8738
10731,1.08829,68.7112
10732,1.08829,73.7529
10733,1.08828,68.7094
10734,1.08819,68.6689
10735,1.08829,68.7112
10736,1.08829,68.7112
10737,1.08166,65.0041
10738,1.1,66.1899
10739,1.08166,65.0032
10740,1.08084,64.9682
10741,1.08166,65.0037
10742,1.08166,65.0041
10743,1.08718,62.1176
10744,1.07774,62.8908
10745,1.08254,62.3353
10746,1.08724,62.1117
10747,1.08718,62.1176
10748,1.08718,62.1176
10749,1.08718,62.1176
10750,1.07029,61.7042
10751,1.07374,60.6789
10752,1.06914,61.8005
10753,1.06172,61.8828
10754,1.06928,61.8175
10755,1.07029,61.7038
10756,1.07046,61.756
10757,1.07029,61.7042
10758,1.07029,61.7042
10759,1.09699,71.7381
10760,1.1,77.9851
10761,1.09689,71.7035
10762,1.09699,71.7381
10763,1.09699,71.7381
10764,1.09699,71.7381
10765,1.09526,68.1283
10766,1.09092,69.9052
10767,1.1,68.286
10768,1.09492,68.0436
10769,1.09526,68.1283
10770,1.09526,68.1283
10771,1.09526,68.1283
10772,1.06995,60.8574
10773,1.06943,60.8231
10774,1.06995,60.8574
10775,1.06995,60.8574
10776,1.09932,68.3361
10777,1.09936,68.3259
10778,1.09932,68.3361
10779,1.09932,68.3361
10780,1.09928,67.6849
10781,1.0956,67.9317
10782,1.09574,67.6553
10783,1.09699,67.8099
10784,1.05516,68.0266
10785,1.06102,68.2197
10786,1.09927,67.6837
10787,1.1,67.5952
10788,1.09532,67.9731
10789,1.0956,67.9317
10790,1.08332,58.7934
10791,1.03539,59.5642
10792,1.08335,58.7899
10793,1.08332,58.7934
10794,1.08332,58.7934
10795,1.08332,58.7934
10796,1.1,68.4742
10797,1.09152,68.2053
10798,1.09758,68.2923
10799,1.1,68.4742
10800,1.1,68.4742
10801,1.1,68.4742
10802,1.07954,20.2474
10803,1.0794,20.6155
10804,1.07187,22.3705
10805,1.07938,20.0986
10806,1.07954,20.2474
10807,1.07954,20.2474
10808,1.07954,20.2474
10809,1.09387,57.5034
10810,1.1,58.0504
10811,1.1,58.4045
10812,1.09387,66.1619
10813,1.09352,57.4189
10814,1.09387,57.5034
10815,1.09387,57.5034
10816,1.09387,57.5034
10817,1.09735,69.0526
10818,1.08883,70.7898
10819,1.09054,76.4847
10820,1.09698,68.8065
10821,1.09735,69.0526
10822,1.09735,69.0526
10823,1.09735,69.0526
10824,1.1,65.1338
10825,1.09965,65.0754
10826,1.1,65.1338
10827,1.1,65.1338
10828,1.1,68.4055
10829,1.09993,68.3987
10830,1.1,68.4055
10831,1.1,68.4055
10832,1.05567,64.4318
10833,1.05689,64.6391
10834,1.03943,66.5669
10835,1.04633,65.6522
10836,1.05497,64.5115
10837,1.05519,64.4543
10838,1.05559,64.4182
10839,1.05567,64.4318
10840,1.05567,64.4318
10841,1.05567,64.4318
10842,1.1,65.9794
10843,1.08231,66.0599
10844,1.09955,65.978
10845,1.1,65.9794
10846,1.1,65.9794
10847,1.1,65.9794
10848,1.1,67.7676
10849,1.07573,68.0752
10850,1.06944,69.1528
10851,1.09989,67.7631
10852,1.1,67.7676
10853,1.1,67.7676
10854,1.1,67.7676
10855,1.08097,62.3651
10856,1.0763,62.4687
10857,1.08132,62.336
10858,1.08097,62.3651
10859,1.08097,62.3651
10860,1.08097,62.3651
10861,1.0966,68.0518
10862,1.09369,69.8955
10863,1.09357,69.2299
10864,1.09657,68.0203
10865,1.0966,68.0518
10866,1.0966,68.0518
10867,1.0966,68.0518
10868,1.09011,66.3556
10869,1.0599,70.6454
10870,1.09021,66.3266
10871,1.09011,66.3556
10872,1.09011,66.3556
10873,1.09011,66.3556
10874,1.08427,61.3256
10875,1.0799,61.7101
10876,1.07829,61.758
10877,1.07889,61.7011
10878,1.0652,63.0551
10879,1.08434,61.316
10880,1.08427,61.3256
10881,1.08427,61.3256
10882,1.08427,61.3256
10883,1.09363,69.1542
10884,1.08018,69.4272
10885,1.09371,69.1515
10886,1.09363,69.1542
10887,1.09363,69.1542
10888,1.09363,69.1542
10889,1.08419,60.7332
10890,1.0795,61.4569
10891,1.05894,61.1668
10892,1.05975,61.4507
10893,1.08422,60.7253
10894,1.08419,60.7332
10895,1.08419,60.7332
10896,1.08419,60.7332
10897,1.09833,58.717
10898,1.09511,59.0074
10899,1.09835,58.7148
10900,1.09833,58.717
10901,1.09833,58.717
10902,1.09833,58.717
10903,1.08159,65.8785
10904,1.08167,65.6804
10905,1.08159,65.8785
10906,1.08159,65.8785
10907,1.1,68.6374
10908,1.0925,68.9986
10909,1.09821,68.327
10910,1.1,68.6374
10911,1.1,68.6374
10912,1.1,68.6374
10913,1.1,69.8804
10914,1.1,67.3144
10915,1.0963,69.1555
10916,1.1,69.8804
10917,1.1,69.8804
10918,1.1,69.8804
10919,1.09793,71.4937
10920,1.09729,71.3779
10921,1.09793,71.4937
10922,1.09793,71.4937
10923,1.08748,71.7603
10924,1.08765,71.596
10925,1.08748,71.7603
10926,1.08748,71.7603
10927,1.09584,68.0555
10928,1.08958,67.6809
10929,1.07668,68.1073
10930,1.06536,68.0745
10931,1.09609,68.0661
10932,1.09584,68.0555
10933,1.09584,68.0555
10934,1.09584,68.0555
10935,1.09199,59.939
10936,1.09455,58.5231
10937,1.09604,55.9174
10938,1.05453,60.0232
10939,1.04857,60.1284
10940,1.05489,60.0052
10941,1.04863,60.2165
10942,1.0483,60.2251
10943,1.05482,60.0246
10944,1.09265,60.0229
10945,1.09199,59.939
10946,1.09199,59.939
10947,1.09452,58.4116
10948,1.09468,68.9159
10949,1.1,68.8256
10950,1.09598,68.9051
10951,1.09468,68.9159
10952,1.09468,68.9159
10953,1.09468,68.9159
10954,1.09167,22.8127
10955,1.08606,21.7597
10956,1.08239,21.739
10957,1.1,22.9438
10958,1.1,22.8553
10959,1.1,23.0523
10960,1.09214,22.8758
10961,1.08518,21.6435
10962,1.09167,22.8127
10963,1.08606,21.7597
10964,1.08971,63.3645
10965,1.08518,62.2692
10966,1.09001,63.4034
10967,1.08971,63.3645
10968,1.08971,63.3645
10969,1.08971,63.3645
10970,1.08314,63.65
10971,1.08277,63.3044
10972,1.08287,63.6338
10973,1.08314,63.65
10974,1.08314,63.65
10975,1.08314,63.65
10976,1.09979,67.7159
10977,1.1,68.1719
10978,1.1,68.0335
10979,1.09977,67.7126
10980,1.09979,67.7159
10981,1.09979,67.7159
10982,1.09979,67.7159
10983,1.09489,63.9183
10984,1.08959,62.5859
10985,1.08832,61.6242
10986,1.06149,64.2424
10987,1.06253,64.6799
10988,1.08814,62.4483
10989,1.09591,64.0284
10990,1.09489,63.9183
10991,1.09489,63.9183
10992,1.0963,66.1041
10993,1.09172,66.248
10994,1.09172,71.9115
10995,1.0963,69.8672
10996,1.09601,65.9463
10997,1.0963,66.1041
10998,1.0963,66.1041
10999,1.0963,66.1041
11000,1.08769,56.2486
11001,1.1,56.7038
11002,1.08756,56.2453
11003,1.08769,56.2486
11004,1.08769,56.2486
11005,1.08769,56.2486
11006,1.09457,57.2149
11007,1.1,64.3322
11008,1.09441,57.1548
11009,1.09457,57.2149
11010,1.09457,57.2149
11011,1.09457,57.2149
11012,1.08979,68.6885
11013,1.08956,68.5394
11014,1.08979,68.6885
11015,1.08979,68.6885
11016,1.05919,64.0727
11017,1.05923,64.0642
11018,1.05919,64.0727
11019,1.05919,64.0727
11020,1.08135,60.9696
11021,1.08144,60.9541
11022,1.08135,60.9696
11023,1.08135,60.9696
11024,1.08272,63.7705
11025,1.08638,65.3691
11026,1.08569,66.0078
11027,0.995376,68.3993
11028,1.08304,63.1404
11029,1.08272,63.7705
11030,1.08774,65.5455
11031,1.08638,65.3691
11032,1.07292,59.4818
11033,1.07295,59.4741
11034,1.07292,59.4818
11035,1.07292,59.4818
11036,1.09474,65.8378
11037,1.09455,65.8356
11038,1.09474,65.8378
11039,1.09474,65.8378
11040,1.09379,64.3252
11041,1.09833,63.3026
11042,1.1,64.668
11043,1.1,64.5096
11044,1.1,64.384
11045,1.1,63.8131
11046,1.1,65.2836
11047,1.09357,64.361
11048,1.09379,64.3252
11049,1.09379,64.3252
11050,1.09379,64.3252
11051,1.09286,58.0876
11052,1.09446,57.4829
11053,1.09271,58.1101
11054,1.09286,58.0876
11055,1.09286,58.0876
11056,1.09286,58.0876
11057,1.05752,63.232
11058,1.06305,62.7244
11059,1.05288,63.7308
11060,1.05167,64.0046
11061,1.05903,63.2022
11062,1.05752,63.232
11063,1.05752,63.232
11064,1.05752,63.232
11065,1.09497,67.8763
11066,1.09008,68.715
11067,1.09012,69.3076
11068,1.09499,67.8629
11069,1.09497,67.8763
11070,1.09497,67.8763
11071,1.09497,67.8763
11072,1.09484,56.4035
11073,1.09463,56.3901
11074,1.09484,56.4035
11075,1.09484,56.4035
11076,1.08868,70.5058
11077,1.08871,70.483
11078,1.08868,70.5058
11079,1.08868,70.5058
11080,1.09575,61.0848
11081,1.09982,59.1871
11082,1.1,62.561
11083,1.09575,67.5588
11084,1.0951,60.9472
11085,1.09575,61.0848
11086,1.09575,61.0848
11087,1.09575,61.0848
11088,1.09502,58.3928
11089,1.09772,55.8264
11090,1.1,59.2777
11091,1.1,59.8
11092,1.09958,59.0592
11093,1.09466,58.3469
11094,1.09502,58.3928
11095,1.09502,58.3928
11096,1.09502,58.3928
11097,1.09537,68.5597
11098,1.09655,68.1284
11099,1.1,72.219
11100,1.0957,68.4109
11101,1.09537,68.5597
11102,1.09537,68.5597
11103,1.09537,68.5597
11104,1.09596,64.6094
11105,1.0887,63.0862
11106,1.088,62.362
11107,1.1,65.0831
11108,1.09845,64.7805
11109,1.08759,62.9759
11110,1.09798,64.6691
11111,1.0887,63.0862
11112,1.09596,64.6094
11113,1.09119,55.2109
11114,1.08945,55.5508
11115,1.0897,55.5028
11116,1.09104,55.2049
11117,1.09119,55.2109
11118,1.09119,55.2109
11119,1.09119,55.2109
11120,1.1,64.2007
11121,1.09984,64.1957
11122,1.1,64.2007
11123,1.1,64.2007
11124,1.09075,55.2153
11125,1.1,56.6403
11126,1.09986,55.4415
11127,1.1,55.2378
11128,1.09057,55.2028
11129,1.09075,55.2153
11130,1.09075,55.2153
11131,1.09075,55.2153
11132,1.1,70.3465
11133,1.09916,70.1944
11134,1.1,70.3465
11135,1.1,70.3465
11136,1.09527,57.3186
11137,1.09498,57.29
11138,1.09527,57.3186
11139,1.09527,57.3186
11140,1.07752,64.992
11141,1.07772,64.9235
11142,1.07752,64.992
11143,1.07752,64.992
11144,1.1,62.0381
11145,1.08674,65.3081
11146,1.08406,68.0502
11147,1.08329,66.4862
11148,1.08935,65.2572
11149,1.08673,66.2772
11150,1.09938,61.9145
11151,1.1,62.0381
11152,1.1,62.0381
11153,1.1,62.0381
11154,1.09738,56.5397
11155,1.09737,56.5336
11156,1.09738,56.5397
11157,1.09738,56.5397
11158,1.08609,66.4366
11159,1.08785,65.2455
11160,1.07268,70.421
11161,1.08554,66.2577
11162,1.08609,66.4366
11163,1.08609,66.4366
11164,1.08609,66.4366
11165,1.09669,68.3093
11166,1.09664,68.2661
11167,1.09669,68.3093
11168,1.09669,68.3093
11169,1.0839,60.2654
11170,1.08793,58.3734
11171,1.08948,55.9292
11172,1.09128,60.3552
11173,1.08788,58.2469
11174,1.08793,58.3734
11175,1.08793,58.3734
11176,1.08793,58.3734
11177,1.1,67.5084
11178,1.09983,67.5021
11179,1.1,67.5084
11180,1.1,67.5084
11181,1.08,20.6758
11182,1.1,25.8558
11183,1.07977,20.6412
11184,1.08,20.6758
11185,1.08,20.6758
11186,1.08,20.6758
11187,1.0836,65.2066
11188,1.09451,64.9427
11189,1.09921,65.0615
11190,1.09043,65.2442
11191,1.09891,67.6374
11192,1.09044,65.2907
11193,1.09734,65.2939
11194,1.08634,64.8914
11195,1.0836,65.2066
11196,1.0836,65.2066
11197,1.09479,64.8922
11198,1.1,68.8848
11199,1.0994,68.1768
11200,1.06664,69.5336
11201,1.09983,68.8886
11202,1.1,68.8848
11203,1.1,68.8848
11204,1.1,68.8848
11205,1.09298,64.6639
11206,1.0955,64.7514
11207,1.1,65.8859
11208,1.09288,64.662
11209,1.09298,64.6639
11210,1.09298,64.6639
11211,1.09298,64.6639
11212,1.09716,56.4602
11213,1.0971,56.4496
11214,1.09716,56.4602
11215,1.09716,56.4602
11216,1.09667,70.5933
11217,1.1,67.8324
11218,1.09667,73.6706
11219,1.09667,74.6562
11220,1.09667,76.8455
11221,1.09574,70.0522
11222,1.09667,70.5933
11223,1.09667,70.5933
11224,1.09667,70.5933
11225,1.09195,66.0458
11226,1.09195,70.7218
11227,1.09195,74.3709
11228,1.09195,74.022
11229,1.09224,72.149
11230,1.09195,73.8095
11231,1.09308,70.8293
11232,1.0918,65.9795
11233,1.09195,66.0458
11234,1.09195,66.0458
11235,1.09195,66.0458
11236,1.09749,65.5189
11237,1.09385,66.0978
11238,1.0975,65.5148
11239,1.09749,65.5189
11240,1.09749,65.5189
11241,1.09749,65.5189
11242,1.06834,63.7096
11243,1.05457,65.265
11244,1.06838,63.7019
11245,1.06834,63.7096
11246,1.06834,63.7096
11247,1.06834,63.7096
11248,1.09378,61.1049
11249,1.09378,67.1978
11250,1.09378,66.5249
11251,1.09364,61.0418
11252,1.09378,61.1049
11253,1.09378,61.1049
11254,1.09378,61.1049
11255,1.09361,56.1428
11256,1.1,57.9944
11257,1.1,57.0257
11258,1.1,57.0046
11259,1.09357,56.1149
11260,1.09361,56.1428
11261,1.09361,56.1428
11262,1.09361,56.1428
11263,1.09519,57.7261
11264,1.09458,57.58
11265,1.09328,57.5912
11266,1.09326,57.5872
11267,1.09331,57.5948
11268,1.08752,56.4979
11269,1.08521,55.8767
11270,1.08952,56.8989
11271,1.09193,57.6385
11272,1.09189,57.634
11273,1.09197,57.6432
11274,1.09012,57.6874
11275,1.09187,57.6861
11276,1.09184,57.6814
11277,1.0917,57.7749
11278,1.08949,57.6693
11279,1.08681,57.575
11280,1.0869,57.5875
11281,1.08672,57.5634
11282,1.08851,57.7709
11283,1.08287,54.5008
11284,1.08021,57.8333
11285,1.0858,57.6541
11286,1.08329,57.8247
11287,1.08012,57.8216
11288,1.08021,57.8333
11289,1.08021,57.8333
11290,1.09394,57.6988
11291,1.0931,57.9017
11292,1.09321,57.9154
11293,1.09396,57.5207
11294,1.09406,57.5345
11295,1.09387,57.5065
11296,1.09012,58.5363
11297,1.09374,57.8969
11298,1.09052,58.572
11299,1.08994,58.5237
11300,1.09012,58.5363
11301,1.09012,58.5363
11302,1.08849,57.6405
11303,1.08774,57.933
11304,1.0884,57.6296
11305,1.08856,57.641
11306,1.08849,57.6405
11307,1.08849,57.6405
11308,1.08954,57.6601
11309,1.08947,57.6497
11310,1.08961,57.6697
11311,1.08954,57.6601
11312,1.08806,57.5714
11313,1.08944,58.3776
11314,1.09014,57.7622
11315,1.08938,58.3683
11316,1.08961,58.4064
11317,1.08944,58.3776
11318,1.08944,58.3776
11319,1.08466,53.5454
11320,1.08464,53.5414
11321,1.0845,53.5522
11322,1.08466,53.5454
11323,1.08252,53.4799
11324,1.07998,53.336
11325,1.0818,53.7024
11326,1.08182,53.7057
11327,1.08325,53.4686
11328,1.08319,53.4621
11329,1.0833,53.475
11330,1.08325,53.4686
11331,1.08384,55.889
11332,1.08273,53.9249
11333,1.08419,55.952
11334,1.08371,55.8731
11335,1.08384,55.889
11336,1.08384,55.889
11337,1.08664,58.2835
11338,1.08297,53.7919
11339,1.08291,53.7819
11340,1.08206,53.5607
11341,1.082,53.551
11342,1.08211,53.5703
11343,1.08183,53.5206
11344,1.07964,53.2243
11345,1.07961,53.2213
11346,1.07913,53.2432
11347,1.07916,53.2465
11348,1.07911,53.24
11349,1.07843,52.9168
11350,1.07846,52.9195
11351,1.07843,52.9168
11352,1.07922,54.3707
11353,1.08097,53.8101
11354,1.0804,54.7705
11355,1.08274,55.2664
11356,1.0807,53.9567
11357,1.08265,55.2514
11358,1.08312,55.3296
11359,1.08274,55.2664
11360,1.07745,53.0983
11361,1.07732,53.0825
11362,1.07767,53.2867
11363,1.0776,53.2715
11364,1.07776,53.3011
11365,1.07971,54.125
11366,1.07652,52.9652
11367,1.07641,52.9498
11368,1.07661,52.9811
11369,1.08347,59.9519
11370,1.08388,57.0871
11371,1.08393,57.0975
11372,1.08382,57.0775
11373,1.08388,57.0871
11374,1.08213,53.5675
11375,1.08243,56.4954
11376,1.08251,56.5042
11377,1.08243,56.4954
11378,1.08461,56.8204
11379,1.0826,55.9928
11380,1.08493,56.8645
11381,1.08453,56.8107
11382,1.08461,56.8204
11383,1.07909,53.6107
11384,1.0776,53.2472
11385,1.07773,52.8121
11386,1.07762,52.7964
11387,1.07681,53.029
11388,1.07673,53.0136
11389,1.07554,52.8403
11390,1.0754,52.8257
11391,1.07569,52.8545
11392,1.07554,52.8403
11393,1.07159,52.9318
11394,1.083,54.499
11395,1.07745,52.9709
11396,1.08291,54.4841
11397,1.0834,54.5543
11398,1.083,54.499
11399,1.06981,54.5479
11400,1.07129,53.2191
11401,1.0697,54.5298
11402,1.07103,54.6114
11403,1.06981,54.5479
11404,1.0736,52.768
11405,1.07368,52.7818
11406,1.0736,52.768
11407,1.08866,63.4635
11408,1.08864,63.4612
11409,1.07789,53.5844
11410,1.07858,53.5189
11411,1.07847,53.5063
11412,1.07867,53.53
11413,1.07877,53.8768
11414,1.07865,53.8642
11415,1.07889,53.8879
11416,1.07877,53.8768
11417,1.07469,55.8546
11418,1.08025,54.4874
11419,1.0746,55.8429
11420,1.07594,55.9296
11421,1.07469,55.8546
11422,1.08612,57.4066
11423,1.0875,57.6658
11424,1.08748,57.6635
11425,1.0797,53.2921
11426,1.07969,53.2901
11427,1.06989,52.8862
11428,1.06782,52.3952
11429,1.06777,52.3884
11430,1.06788,52.4021
11431,1.0659,51.9768
11432,1.06586,51.9708
11433,1.06977,51.4553
11434,1.06846,51.3572
11435,1.06831,51.3414
11436,1.07128,51.6591
11437,1.07138,51.6752
11438,1.07499,52.0321
11439,1.07608,52.8406
11440,1.07228,51.7927
11441,1.07595,52.8268
11442,1.07651,52.8911
11443,1.07608,52.8406
11444,1.066,51.8873
11445,1.07078,52.8087
11446,1.07131,62.4011
11447,1.09011,59.2333
11448,1.05494,51.0606
11449,1.05493,51.0595
11450,1.05494,51.0618
11451,1.05494,51.0606
11452,1.04719,48.8787
11453,1.04724,48.8855
11454,1.04602,48.7466
11455,1.04587,48.735
11456,1.05634,50.1814
11457,1.0563,50.1746
11458,1.05638,50.1874
11459,1.05674,50.1361
11460,1.0567,50.1298
11461,1.05677,50.1421
11462,1.05674,50.1361
11463,1.05879,50.6459
11464,1.05713,50.3318
11465,1.05017,49.4923
11466,1.05739,51.0533
11467,1.05486,50.1715
11468,1.0584,51.1916
11469,1.05739,51.0533
11470,1.05732,51.0451
11471,1.04048,47.947
11472,1.06844,51.9888
11473,1.05175,49.2311
11474,1.06835,51.9701
11475,1.07055,52.1806
11476,1.06844,51.9888
11477,1.04102,47.9951
11478,1.04096,47.9835
11479,1.04109,48.0068
11480,1.04421,48.4563
11481,1.04731,49.0039
11482,1.04715,48.9831
11483,1.04618,48.7476
11484,1.04515,48.7847
11485,1.04269,48.2259
11486,1.04188,48.098
11487,1.04199,48.1155
11488,1.03487,47.2658
11489,1.019,45.3166
11490,1.0283,46.4409
11491,1.02392,45.9102
11492,1.06755,57.4075
11493,1.06752,57.4045
11494,1.07782,64.8916
11495,1.07776,64.8824
11496,1.07185,62.7801
11497,1.08597,64.7013
11498,1.07933,63.6755
11499,1.08636,64.7367
11500,1.08592,64.6922
11501,1.08597,64.7013
11502,1.08597,64.7013
11503,1.08104,64.5057
11504,1.08098,64.4962
11505,1.0811,64.5148
11506,1.06395,53.6021
11507,1.06392,53.5958
11508,1.06398,53.6078
11509,1.06395,53.6021
11510,1.06611,54.3055
11511,1.06685,54.5736
11512,1.06376,55.1901
11513,1.06372,55.1839
11514,1.01198,44.6415
11515,1.01457,45.3324
11516,1.01139,44.1102
11517,1.01449,45.3163
11518,1.0153,45.3838
11519,1.01457,45.3324
11520,1.01457,45.3324
11521,1.01312,44.8661
11522,1.00934,44.0999
11523,1.00928,44.091
11524,1.0094,44.1081
11525,1.00934,44.0999
11526,1.00561,43.5512
11527,1.07245,55.0237
11528,1.05717,54.9281
11529,1.07241,55.0176
11530,1.07343,55.0223
11531,1.07245,55.0237
11532,1.07245,55.0237
11533,1.04556,56.8275
11534,1.04552,56.8203
11535,1.0456,56.8343
11536,1.04765,56.5972
11537,1.04761,56.5908
11538,1.04769,56.6038
11539,1.04765,56.5972
11540,1.04812,55.9494
11541,1.04802,55.9357
11542,1.04824,55.9653
11543,1.04812,55.9494
11544,1.05175,55.2607
11545,1.0504,55.4339
11546,1.04829,56.6958
11547,1.04824,56.6883
11548,1.0068,44.4866
11549,1.00679,44.4841
11550,1.00681,44.4888
11551,1.00427,44.8675
11552,1.00426,44.8652
11553,1.02365,46.3052
11554,1.02363,46.3032
11555,1.02366,46.3074
11556,0.986071,43.5856
11557,0.986005,43.5728
11558,0.986121,43.5968
11559,0.987288,44.1123
11560,0.990862,42.6712
11561,0.996969,42.3054
11562,1.00127,43.3848
11563,0.995921,42.9305
11564,0.995795,42.9127
11565,1.00393,43.5071
11566,1.00648,43.5312
11567,1.00377,43.4905
11568,1.00417,43.5202
11569,1.00393,43.5071
11570,1.00393,43.5071
11571,0.987588,43.4002
11572,1.02397,48.8048
11573,1.02395,48.8014
11574,1.02399,48.8079
11575,1.08443,63.917
11576,1.0863,63.7838
11577,1.08622,63.7681
11578,1.08637,63.798
11579,1.0863,63.7838
11580,1.08017,63.5215
11581,1.08444,63.5251
11582,1.08454,63.5405
11583,1.08265,63.8868
11584,1.08257,63.8714
11585,1.08274,63.9028
11586,1.08265,63.8868
11587,1.076,62.8436
11588,1.07603,62.8499
11589,1.07309,62.3377
11590,1.07879,63.3023
11591,1.07872,63.2962
11592,1.07886,63.308
11593,0.987819,42.8855
11594,0.987923,42.9032
11595,0.987704,42.8665
11596,0.987976,42.9261
11597,0.987878,42.9084
11598,0.988093,42.944
11599,0.981625,44.1746
11600,0.981814,44.1918
11601,0.994184,42.759
11602,1.04877,54.4573
11603,1.04869,54.4436
11604,1.04886,54.4728
11605,1.04877,54.4573
11606,1.04389,55.242
11607,1.04378,55.2273
11608,1.0477,53.6638
11609,0.985975,43.4485
11610,0.985834,43.4297
11611,0.991933,42.6123
11612,0.988882,43.1055
11613,0.989021,43.1265
11614,0.989199,43.1507
11615,0.996532,42.3717
11616,0.992152,41.719
11617,0.992067,41.7072
11618,0.992241,41.7316
11619,1.00409,43.6641
11620,1.00417,43.675
11621,1.00402,43.6535
11622,0.994988,41.9543
11623,0.99546,41.7561
11624,0.994892,41.9416
11625,0.995466,41.9707
11626,0.994988,41.9543
11627,0.994988,41.9543
11628,0.987661,41.6855
11629,0.987459,41.6342
11630,0.987897,41.7306
11631,0.987661,41.6855
11632,0.984104,42.9491
11633,0.977287,43.0057
11634,0.980822,44.4485
11635,0.980619,44.406
11636,0.98105,44.4918
11637,0.984949,43.1217
11638,0.984818,43.0965
11639,0.985063,43.1444
11640,1.0496,55.3783
11641,1.04452,55.1299
11642,1.05131,54.6488
11643,1.05122,54.6325
11644,1.05138,54.6659
11645,1.05131,54.6488
11646,1.05063,54.0013
11647,1.05056,53.9862
11648,1.04399,54.9139
11649,1.04389,54.8962
11650,0.989912,40.9544
11651,0.983379,41.7696
11652,0.98987,40.944
11653,0.990104,40.9311
11654,0.989912,40.9544
11655,0.989912,40.9544
11656,0.986352,42.3522
11657,0.991132,41.3516
11658,0.990691,42.0227
11659,0.991088,41.3411
11660,0.99172,41.3186
11661,0.991132,41.3516
11662,1.00359,43.0821
11663,1.00031,42.8754
11664,1.00207,42.8256
11665,0.996669,41.9316
11666,0.981111,39.5653
11667,0.978688,43.1346
11668,0.978568,43.1177
11669,0.966786,39.0102
11670,0.966881,39.0278
11671,0.990464,41.6901
11672,1.0491,53.8792
11673,1.04358,54.6908
11674,1.04347,54.6758
11675,1.04372,54.7073
11676,1.04488,53.6446
11677,1.04475,53.6295
11678,1.045,53.662
11679,1.03497,54.0884
11680,1.04968,54.2137
11681,1.04976,54.2298
11682,1.0469,51.9307
11683,1.0483,53.1906
11684,1.04671,51.8996
11685,1.04753,51.8629
11686,1.0469,51.9307
11687,1.0469,51.9307
11688,1.04578,51.8627
11689,1.03867,53.1253
11690,1.04569,51.8464
11691,1.04594,51.8327
11692,1.04578,51.8627
11693,1.04578,51.8627
11694,1.0376,52.1827
11695,1.03772,52.2691
11696,1.01967,47.2231
11697,1.01914,47.3992
11698,1.0161,46.8739
11699,1.01609,46.871
11700,1.03665,53.4934
11701,1.04344,53.6536
11702,1.0367,56.9129
11703,1.04119,56.0192
11704,1.04109,56.0043
11705,1.04129,56.0324
11706,1.04879,54.6285
11707,1.04889,54.6429
11708,1.04868,54.6144
11709,1.04214,58.1722
11710,1.03565,57.0023
11711,1.0356,56.996
11712,1.03571,57.0078
11713,0.970078,36.4375
11714,0.97018,36.4515
11715,0.973477,36.5569
11716,0.973373,36.542
11717,0.973129,36.5785
11718,0.967438,36.4764
11719,0.977641,38.931
11720,1.03332,55.8361
11721,1.04264,54.022
11722,1.04686,55.9319
11723,1.03108,57.2662
11724,0.985973,39.7773
11725,0.977617,37.0382
11726,0.987267,39.9094
11727,0.985973,39.7773
11728,0.985973,39.7773
11729,0.98017,42.8572
11730,0.980037,42.8399
11731,0.982126,42.3337
11732,1.0433,51.613
11733,1.03889,51.0936
11734,1.04386,51.6481
11735,1.04318,51.5914
11736,1.0433,51.613
11737,1.0433,51.613
11738,1.04124,56.4871
11739,1.03741,51.2313
11740,1.02723,50.5328
11741,1.02703,50.507
11742,1.0399,52.9868
11743,1.03974,52.9662
11744,1.04007,53.0053
11745,1.0399,52.9868
11746,1.03731,51.8883
11747,1.04533,57.0922
11748,1.03527,50.9284
11749,0.984667,40.2201
11750,0.988933,41.7734
11751,0.982978,41.0248
11752,0.988875,41.7593
11753,0.989752,41.8242
11754,0.988933,41.7734
11755,0.988933,41.7734
11756,0.979948,39.9393
11757,0.979852,39.9229
11758,0.969225,40.4147
11759,0.969387,40.4368
11760,0.969225,40.4147
11761,0.969079,40.3912
11762,0.976274,40.4938
11763,0.977728,40.1624
11764,0.959622,34.7218
11765,0.959563,34.7134
11766,0.970644,36.1446
11767,0.970487,36.1278
11768,0.970794,36.163
11769,0.962325,35.7655
11770,0.962112,35.7465
11771,0.962518,35.7835
11772,0.956391,34.7005
11773,0.967283,34.6832
11774,0.967396,34.7007
11775,1.01508,42.5074
11776,0.992825,39.1363
11777,0.97447,35.3044
11778,0.986604,38.7811
11779,1.02468,42.9199
11780,1.01508,42.5074
11781,1.01508,42.5074
11782,0.974609,39.3031
11783,0.972507,38.5351
11784,0.972553,38.5435
11785,0.970825,37.7199
11786,0.970698,37.7057
11787,0.970955,37.735
11788,1.01992,47.3687
11789,1.02976,51.3187
11790,1.01957,49.2059
11791,1.01953,49.198
11792,1.01961,49.2144
11793,1.01957,49.2059
11794,1.0193,48.8247
11795,0.957038,34.1485
11796,0.963468,35.8979
11797,0.965459,44.0752
11798,1.05853,60.3285
11799,1.05946,60.5859
11800,1.05076,59.1449
11801,1.06488,62.474
11802,1.06206,61.0878
11803,1.06479,62.4587
11804,1.06519,62.5277
11805,1.06488,62.474
11806,1.06488,62.474
11807,1.05436,59.6921
11808,1.04969,58.9527
11809,1.04979,58.9716
11810,1.04969,58.9527
11811,1.0426,59.9618
11812,1.04638,60.7256
11813,1.04774,60.7605
11814,1.04625,60.7068
11815,1.04693,60.7366
11816,1.04638,60.7256
11817,1.04638,60.7256
11818,1.04558,61.2193
11819,1.04449,60.6212
11820,1.04435,60.602
11821,1.04464,60.6413
11822,1.04449,60.6212
11823,0.980127,40.1715
11824,0.983281,40.0377
11825,0.979925,40.1495
11826,0.980488,40.2008
11827,0.980127,40.1715
11828,0.980127,40.1715
11829,0.972851,35.1691
11830,0.952652,34.2723
11831,0.980566,40.1956
11832,0.968954,36.5948
11833,0.981523,40.3246
11834,0.980423,40.1706
11835,0.980566,40.1956
11836,0.949077,32.6394
11837,0.970872,35.1968
11838,0.970821,35.1882
11839,0.97093,35.2039
11840,0.970872,35.1968
11841,0.975885,37.2184
11842,0.953101,32.6851
11843,0.975793,37.2074
11844,0.977628,37.391
11845,0.975885,37.2184
11846,0.975885,37.2184
11847,0.950756,33.4755
11848,0.954486,32.9058
11849,0.954314,32.9206
11850,0.95442,32.8943
11851,0.959424,33.5362
11852,0.948477,38.8736
11853,0.953081,39.6102
11854,0.953148,39.6227
11855,0.953017,39.5977
11856,0.941636,37.7363
11857,0.941718,37.7504
11858,0.957086,41.2113
11859,0.968423,35.4446
11860,0.968335,35.4269
11861,0.968512,35.4622
11862,0.947007,35.2639
11863,0.940276,35.1701
11864,0.976999,39.7514
11865,0.95434,36.1255
11866,0.976881,39.7337
11867,0.978889,39.9261
11868,0.976999,39.7514
11869,0.967961,35.9843
11870,0.926405,28.9589
11871,0.926342,28.9469
11872,0.926297,28.9726
11873,0.926405,28.9589
11874,0.935258,29.752
11875,0.939996,30.5392
11876,0.939896,30.5244
11877,0.940082,30.5555
11878,0.977638,37.9098
11879,0.955918,34.0067
11880,0.977584,37.8974
11881,0.980066,38.1343
11882,0.977638,37.9098
11883,0.959908,34.0003
11884,0.959804,33.9831
11885,0.942335,31.585
11886,0.949927,34.1518
11887,0.937112,34.2543
11888,0.94297,35.1605
11889,0.943019,35.1694
11890,0.939314,35.388
11891,0.930349,35.6591
11892,0.930482,35.6738
11893,0.938412,35.7189
11894,0.944352,39.9465
11895,0.941177,35.0642
11896,0.933797,31.0419
11897,0.933482,30.9869
11898,0.935646,30.5538
11899,0.935518,30.5342
11900,0.933641,31.3207
11901,0.934043,31.6614
11902,0.938737,31.8595
11903,0.938633,31.8416
11904,0.922366,28.4262
11905,0.922262,28.408
11906,0.92248,28.4444
11907,0.922366,28.4262
11908,0.943323,31.18
11909,0.927198,30.4293
11910,0.94705,34.2235
11911,0.945765,33.8278
11912,0.945683,33.812
11913,0.941719,32.2069
11914,0.94165,32.1936
11915,0.941854,30.8475
11916,0.941988,30.8646
11917,0.941721,30.8316
11918,0.931343,29.8446
11919,0.931389,29.8575
11920,0.911619,28.3901
11921,0.934675,33.7462
11922,0.926309,28.0041
11923,0.931073,28.9186
11924,0.930962,28.9494
11925,0.930925,28.8863
11926,0.931073,28.9186
11927,0.90831,28.1032
11928,0.971175,37.8945
11929,0.938792,32.2779
11930,0.97109,37.8799
11931,0.973919,38.1574
11932,0.971175,37.8945
11933,0.928943,30.5639
11934,0.978386,38.8547
11935,0.965198,39.1778
11936,0.978962,38.8859
11937,0.978158,38.8094
11938,0.978386,38.8547
11939,0.91898,28.5833
11940,0.91877,28.5562
11941,0.945626,40.3553
11942,0.945531,40.3417
11943,0.942605,39.8077
11944,0.927094,31.2409
11945,0.927041,31.2287
11946,0.92601,33.1861
11947,0.919142,28.9438
11948,0.919282,28.9729
11949,0.925206,30.1369
11950,0.92479,29.5379
11951,0.925264,29.4171
11952,0.925213,29.4064
11953,0.925312,29.428
11954,0.907571,26.3333
11955,0.920335,28.8167
11956,0.92322,29.4726
11957,0.927159,29.3292
11958,0.926992,29.3023
11959,0.926747,29.364
11960,0.924644,29.085
11961,0.924421,29.0434
11962,0.924853,29.1255
11963,0.924644,29.085
11964,0.905261,26.8119
11965,0.904878,26.7597
11966,0.924499,29.6162
11967,0.924264,29.5764
11968,0.924734,29.6578
11969,0.947876,45.2935
11970,0.947855,45.29
11971,0.947894,45.2971
11972,0.908775,27.2698
11973,0.908915,27.2994
11974,0.905905,26.9191
11975,0.929367,31.108
11976,0.925956,29.069
11977,0.922568,28.989
11978,0.922443,28.9639
11979,0.922692,29.0157
11980,0.921824,31.5605
11981,0.919802,29.5161
11982,0.919895,29.5357
11983,0.915323,31.6905
11984,0.915022,31.6527
11985,0.915568,31.7234
11986,0.918905,33.4966
11987,0.910935,27.0349
11988,0.91102,27.0508
11989,0.910856,27.0196
11990,0.910935,27.0349
11991,0.93927,38.626
11992,0.92209,35.3315
11993,0.925791,34.0964
11994,0.930316,36.2285
11995,0.995129,57.118
11996,0.984973,54.8733
11997,0.995069,57.1032
11998,0.995948,57.2225
11999,0.995129,57.118
12000,0.995129,57.118
12001,0.968252,53.9712
12002,0.98567,54.6999
12003,0.985571,54.6857
12004,0.961282,51.835
12005,0.961364,51.8516
12006,0.9612,51.8193
12007,0.961282,51.835
12008,0.907193,24.7621
12009,0.915469,27.7351
12010,0.912053,27.6794
12011,0.911913,27.6612
12012,0.91218,27.698
12013,0.912053,27.6794
12014,0.920297,26.3441
12015,0.904195,25.8687
12016,0.929944,31.3197
12017,0.929845,31.301
12018,0.904127,27.8242
12019,0.904213,25.3944
12020,0.903509,27.8865
12021,0.903831,27.9511
12022,0.918625,35.7755
12023,0.933366,36.7251
12024,0.933556,36.755
12025,0.916683,35.2197
12026,0.916587,35.2035
12027,0.916781,35.2381
12028,0.970097,37.3286
12029,0.940767,32.2026
12030,0.969959,37.3094
12031,0.973491,37.5654
12032,0.970097,37.3286
12033,0.933787,32.4937
12034,0.909867,27.767
12035,0.904986,29.1374
12036,0.905594,29.5764
12037,0.905311,29.5425
12038,0.905851,29.6073
12039,0.907193,24.7621
12040,0.912839,25.7211
12041,0.912763,25.7071
12042,0.912914,25.7347
12043,0.907127,24.4938
12044,0.906962,24.4602
12045,0.907286,24.5271
12046,0.905334,25.225
12047,0.905266,25.2122
12048,0.904915,25.2473
12049,0.992334,53.8789
12050,0.992324,53.8765
12051,0.908159,24.9695
12052,0.907426,24.7683
12053,0.907224,24.7209
12054,0.914423,27.9186
12055,0.914279,27.8983
12056,0.903539,24.4291
12057,0.903601,24.4402
12058,0.907657,23.6295
12059,0.926097,29.423
12060,0.926037,29.4107
12061,0.920051,28.328
12062,0.908866,25.0007
12063,0.908792,24.9886
12064,0.908947,25.0126
12065,0.908866,25.0007
12066,0.922434,34.6761
12067,1.05771,59.7945
12068,1.05772,59.7364
12069,0.928317,40.3251
12070,0.928194,40.3118
12071,0.928439,40.3403
12072,0.928317,40.3251
12073,0.92789,40.0929
12074,0.92777,40.0607
12075,0.922371,35.6941
12076,0.92228,35.6799
12077,0.922472,35.7104
12078,0.910671,32.7882
12079,0.910777,32.8091
12080,0.910563,32.7679
12081,0.913159,28.2794
12082,0.903798,26.1753
12083,0.903626,26.1491
12084,0.903949,26.2029
12085,0.907921,24.9362
12086,0.903992,25.6389
12087,0.916143,28.1669
12088,0.903975,28.528
12089,0.905237,27.7279
12090,0.90893,28.0577
12091,0.907105,26.7261
12092,0.906876,26.6903
12093,0.905852,28.514
12094,0.920866,30.1627
12095,0.915918,28.3888
12096,0.903333,25.5406
12097,0.914062,24.7639
12098,0.904151,26.6654
12099,0.904316,26.6875
12100,0.903984,26.6413
12101,0.906932,24.0108
12102,0.909904,26.8918
12103,0.909724,26.8664
12104,0.910099,26.9184
12105,0.91171,27.2527
12106,0.90549,26.7857
12107,0.904518,25.2408
12108,0.904418,25.2193
12109,0.90534,29.6009
12110,0.910663,25.6521
12111,0.910775,25.675
12112,0.910565,25.6287
12113,0.916033,27.6573
12114,0.915836,27.6253
12115,0.91161,27.4739
12116,0.91183,27.5061
12117,1.04752,58.3099
12118,1.04748,58.3045
12119,1.04755,58.3147
12120,0.904607,25.6088
12121,0.91233,24.5836
12122,0.91227,24.5702
12123,0.904957,27.7859
12124,0.909869,32.1418
12125,0.916993,29.3005
12126,0.916822,29.2654
12127,0.922392,31.0802
12128,0.905669,27.2867
12129,0.905362,27.2394
12130,0.908235,27.9592
12131,0.929698,41.0757
12132,0.946968,40.8608
12133,0.922645,37.1372
12134,0.951677,42.6095
12135,0.927727,26.7292
12136,0.927599,26.7095
12137,0.927846,26.7485
12138,0.910979,25.3388
12139,0.921109,26.7059
12140,0.923103,27.0004
12141,0.925458,27.4416
12142,0.90526,29.2378
12143,0.905372,29.2619
12144,0.90517,29.217
12145,0.90526,29.2378
12146,0.906264,26.3438
12147,0.904529,28.7446
12148,0.904379,28.7237
12149,0.904685,28.7669
12150,0.904529,28.7446
12151,0.905315,26.6374
12152,0.905948,27.1632
12153,0.904446,25.5576
12154,0.904361,25.544
12155,0.913032,24.8661
12156,0.908125,24.9834
12157,0.90785,24.9308
12158,0.908435,25.0327
12159,0.905319,25.1137
12160,0.903875,22.5206
12161,0.903752,22.4978
12162,0.903985,22.5448
12163,0.909373,24.433
12164,0.903958,24.3923
12165,0.910501,23.3994
12166,0.910344,23.3759
12167,0.906591,23.6545
12168,0.903441,25.5058
12169,0.904475,25.4945
12170,0.9043,25.4627
12171,0.904635,25.5279
12172,0.902195,26.4236
12173,0.91542,24.7017
12174,0.910928,25.8268
12175,0.910705,25.7879
12176,0.911153,25.8679
12177,0.916112,24.5616
12178,0.927189,27.7027
12179,0.927001,27.6721
12180,0.936605,26.2967
12181,0.936518,26.2817
12182,0.936693,26.3126
12183,0.936605,26.2967
12184,0.918008,22.2702
12185,0.900128,23.7039
12186,0.90977,27.7921
12187,0.909448,27.7446
12188,0.905292,26.5673
12189,0.90707,27.5837
12190,0.906876,27.5557
12191,0.907267,27.6126
12192,0.90707,27.5837
12193,0.912504,32.7523
12194,0.910187,30.7615
12195,0.910036,30.73
12196,0.910304,30.7937
12197,0.909749,31.1881
12198,0.910049,31.2324
12199,0.909417,31.1406
12200,0.909749,31.1881
12201,0.906502,24.819
12202,0.906456,24.8094
12203,0.90316,24.6145
12204,0.907708,26.0325
12205,0.911619,25.2827
12206,0.912008,25.3369
12207,0.903437,25.4772
12208,0.903333,25.457
12209,0.903536,25.495
12210,0.930877,26.6166
12211,0.931012,26.644
12212,0.937905,25.2177
12213,0.938044,25.2391
12214,0.937764,25.1941
12215,0.924592,32.6897
12216,0.919184,35.5193
12217,0.919014,35.5025
12218,0.960935,38.3879
12219,0.927361,33.761
12220,0.960831,38.3713
12221,0.962483,38.5167
12222,0.960935,38.3879
12223,0.922882,35.0252
12224,0.922772,35.0067
12225,0.92522,26.105
12226,0.925412,26.143
12227,0.908525,24.9895
12228,0.944574,46.8808
12229,0.944748,46.9068
12230,0.915638,45.8295
12231,0.939419,47.283
12232,0.940991,47.591
12233,0.940831,47.5656
12234,0.949436,47.4555
12235,0.949314,47.4297
12236,0.949555,47.4817
12237,0.949436,47.4555
12238,0.93723,25.7913
12239,0.95257,26.9893
12240,0.952405,26.9599
12241,0.939227,25.0902
12242,0.939011,25.0536
12243,0.906673,26.6963
12244,0.909179,27.5879
12245,0.906565,26.1165
12246,0.908667,23.1842
12247,0.908583,23.1661
12248,0.908768,23.2107
12249,0.908435,23.3697
12250,0.906957,24.5328
12251,0.905679,23.7371
12252,0.914454,25.5669
12253,0.914225,25.5262
12254,0.936948,27.467
12255,0.913191,26.1136
12256,0.912953,26.0787
12257,0.920648,25.2799
12258,0.910639,24.576
12259,0.910513,24.5532
12260,0.910766,24.5994
12261,0.910639,24.576
12262,0.910617,25.2435
12263,0.926866,24.2919
12264,0.908965,23.8472
12265,0.908775,23.8082
12266,0.909194,23.8849
12267,0.928018,26.687
12268,0.928128,26.7085
12269,0.928145,27.4173
12270,0.928028,27.3977
12271,0.928267,27.4375
12272,0.928145,27.4173
12273,0.940875,25.1449
12274,0.940748,25.1266
12275,0.903802,22.2634
12276,0.903414,22.2275
12277,0.907768,24.8836
12278,0.939352,24.0536
12279,0.9395,24.0805
12280,0.939352,24.0536
12281,0.913571,25.6454
12282,0.913352,25.6149
12283,0.925921,27.2978
12284,0.925593,27.2498
12285,0.926241,27.3415
12286,0.911119,25.8226
12287,0.929235,26.5017
12288,0.96751,29.4308
12289,0.967375,29.4142
12290,0.954295,28.1756
12291,0.92256,26.3793
12292,0.922482,26.3629
12293,0.922637,26.3973
12294,0.92256,26.3793
12295,0.918252,29.4985
12296,0.902929,26.3699
12297,0.909099,23.2318
12298,0.909214,23.2488
12299,0.90897,23.215
12300,0.909099,23.2318
12301,0.927851,25.3033
12302,0.910707,24.5081
12303,0.955904,52.9465
12304,0.950885,50.9385
12305,0.950835,50.9295
12306,0.948093,48.4487
12307,0.912435,24.9695
12308,0.910317,23.6747
12309,0.910172,23.6519
12310,0.910475,23.7005
12311,0.946571,25.58
12312,0.946713,25.6042
12313,0.946437,25.5558
12314,0.912605,25.3333
12315,0.912228,25.7294
12316,0.922903,23.8525
12317,0.922993,23.8789
12318,0.905605,22.302
12319,0.925898,31.1708
12320,0.937306,24.8105
12321,0.937096,24.7758
12322,0.912478,26.3955
12323,0.911968,26.3614
12324,0.926419,27.0857
12325,0.907181,23.8855
12326,0.93552,32.8244
12327,0.935439,32.8122
12328,0.90064,23.9919
12329,0.900493,23.9754
12330,0.901646,26.2765
12331,0.901341,26.2387
12332,0.912426,23.5211
12333,0.907495,23.4231
12334,0.907671,23.4656
12335,0.903913,22.2209
12336,0.903693,22.1809
12337,0.908147,23.8805
12338,0.908281,23.9014
12339,0.90803,23.8614
12340,0.929654,26.8459
12341,0.916323,25.0106
12342,0.916894,24.3123
12343,0.916529,24.3613
12344,0.920696,24.4071
12345,0.920562,24.3864
12346,0.920829,24.4265
12347,0.92842,26.482
12348,0.955835,27.4428
12349,0.955771,27.4339
12350,0.909768,23.264
12351,0.90964,23.2399
12352,0.920305,22.5617
12353,0.917071,22.1205
12354,0.916925,22.0974
12355,0.916637,22.155
12356,0.912377,25.7929
12357,0.911972,25.7246
12358,0.922565,23.8906
12359,0.922643,23.9095
12360,0.902359,22.8135
12361,0.902209,22.7938
12362,0.934954,23.9071
12363,0.934706,23.8474
12364,0.93525,23.9687
12365,0.934954,23.9071
12366,0.901264,23.1994
12367,0.901144,23.1784
12368,0.90507,23.1519
12369,0.904757,23.1155
12370,0.914899,24.3933
12371,0.904463,25.3044
12372,0.927255,24.1001
12373,0.92743,24.1246
12374,0.927255,24.1001
12375,0.927091,24.0768
12376,0.901217,23.5411
12377,0.909236,22.9164
12378,0.908164,22.9638
12379,0.909236,22.9164
12380,0.940972,24.1978
12381,0.944289,25.7226
12382,0.95105,25.1914
12383,0.913722,25.4064
12384,0.913589,25.3871
12385,0.9311,24.3895
12386,0.929769,24.603
12387,0.929623,24.5848
12388,1.04102,57.3598
12389,1.04103,57.3619
12390,1.04101,57.3578
12391,1.04102,57.3598
12392,0.910175,26.0514
12393,0.909047,23.2868
12394,0.908889,23.2498
12395,0.913632,23.5437
12396,0.913815,23.586
12397,0.913434,23.4996
12398,0.901374,25.9398
12399,0.900964,25.8949
12400,0.901748,25.979
12401,0.91842,25.965
12402,0.918285,25.9361
12403,0.904382,22.9929
12404,0.904779,23.0803
12405,0.905277,22.4809
12406,0.905475,22.5242
12407,0.908653,23.6456
12408,0.90428,22.6555
12409,0.904043,22.6148
12410,0.915325,23.4524
12411,0.915528,23.5011
12412,0.902131,25.8928
12413,0.931981,23.0802
12414,0.943746,24.0124
12415,0.943247,23.9426
12416,0.925064,25.1733
12417,0.925222,25.1998
12418,0.908845,23.331
12419,0.906252,23.2654
12420,0.905919,23.2128
12421,0.947217,24.0683
12422,0.946969,24.0419
12423,0.947077,24.0466
12424,0.93933,23.898
12425,0.938769,23.9538
12426,0.939039,23.8533
12427,0.93933,23.898
12428,0.933254,24.3424
12429,0.912152,24.7621
12430,0.918631,23.4754
12431,0.918397,23.432
12432,0.918858,23.5191
12433,0.918631,23.4754
12434,0.913393,24.5889
12435,0.913077,24.5473
12436,0.913715,24.6301
12437,0.935297,23.6077
12438,0.935555,23.6372
12439,0.937713,23.9097
12440,0.937602,23.8911
12441,0.940192,24.9266
12442,0.959545,28.6185
12443,0.952849,26.4323
12444,0.952728,26.4571
12445,0.952677,26.4111
12446,0.952645,26.3705
12447,0.95248,26.3482
12448,0.952909,26.4014
12449,0.95081,26.817
12450,0.93667,26.7957
12451,0.921039,23.7101
12452,0.929279,24.3264
12453,0.94123,25.2702
12454,0.941029,25.2467
12455,0.941469,25.2942
12456,0.925569,24.8147
12457,0.925878,24.875
12458,0.930609,23.0152
12459,0.941031,25.3881
12460,0.941351,25.4394
12461,0.940736,25.3443
12462,0.926207,27.2191
12463,0.906552,22.6771
12464,0.906397,22.6392
12465,0.90673,22.7123
12466,0.906552,22.6771
12467,0.933966,25.0919
12468,0.933864,25.0725
12469,0.934087,25.1114
12470,0.933966,25.0919
12471,0.955607,27.3399
12472,0.955509,27.3183
12473,0.955697,27.3623
12474,0.955607,27.3399
12475,0.924391,26.4662
12476,0.940778,26.1493
12477,0.957009,25.257
12478,0.918089,24.5579
12479,0.933304,23.2119
12480,0.9,23.386
12481,0.90016,23.4128
12482,0.907318,23.0547
12483,0.922664,23.8701
12484,0.951285,24.726
12485,0.951157,24.7057
12486,0.942889,25.0051
12487,0.966083,28.8034
12488,0.956433,26.6341
12489,0.9679,28.9279
12490,0.965988,28.7853
12491,0.966083,28.8034
12492,0.966083,28.8034
12493,0.93248,24.7
12494,0.932286,24.6664
12495,0.958229,27.3583
12496,0.926328,23.9644
12497,0.926193,23.9312
12498,0.941773,25.3887
12499,0.916019,23.7125
12500,0.948208,24.4946
12501,0.931188,23.481
12502,0.937518,25.1279
12503,0.961301,28.865
12504,0.939858,24.6015
12505,0.939663,24.5843
12506,0.940055,24.6198
12507,0.939858,24.6015
12508,0.962218,29.9848
12509,0.945231,25.9091
12510,0.962135,29.965
12511,0.962092,29.967
12512,0.968824,30.7326
12513,0.962218,29.9848
12514,0.933822,24.6564
12515,0.933742,24.6344
12516,0.933899,24.6777
12517,0.933822,24.6564
12518,0.914815,24.0647
12519,0.914283,24.0049
12520,0.941047,25.2615
12521,0.94119,25.2822
12522,0.91076,25.3353
12523,0.928968,27.6762
12524,0.928851,27.6573
12525,0.91139,26.9909
12526,0.913723,27.4019
12527,0.948827,24.1374
12528,0.949198,24.2146
12529,0.941814,26.318
12530,0.941665,26.3015
12531,0.915043,24.1848
12532,0.915193,24.2108
12533,0.91492,24.1682
12534,0.908361,23.7693
12535,0.927199,24.8189
12536,0.929833,42.3672
12537,0.929918,42.3865
12538,0.964944,43.1964
12539,0.958177,42.756
12540,0.965533,43.2228
12541,0.964846,43.1775
12542,0.964944,43.1964
12543,0.964944,43.1964
12544,0.919735,45.3664
12545,0.919637,45.3468
12546,0.919828,45.3852
12547,0.946292,42.5661
12548,0.940531,41.1772
12549,0.916181,23.8563
12550,0.916065,23.8405
12551,0.923627,25.1654
12552,0.923521,25.1464
12553,0.923723,25.1854
12554,0.923627,25.1654
12555,0.94339,34.1966
12556,0.943462,34.2103
12557,0.924464,25.4791
12558,0.965859,36.3199
12559,0.948906,34.5337
12560,0.965765,36.3076
12561,0.967143,36.3871
12562,0.965859,36.3199
12563,0.965859,36.3199
12564,0.930417,23.0851
12565,0.930222,23.0586
12566,0.9747,30.3305
12567,0.962816,26.0372
12568,0.975756,30.5151
12569,0.974367,30.2938
12570,0.9747,30.3305
12571,0.944187,23.7575
12572,0.903335,22.1201
12573,0.920231,25.3882
12574,0.920443,25.4211
12575,0.931345,24.868
12576,0.931186,24.845
12577,0.947402,25.558
12578,0.947305,25.5416
12579,0.939847,24.8829
12580,0.939739,24.8655
12581,0.939962,24.8993
12582,0.939847,24.8829
12583,0.971087,26.7993
12584,0.916448,40.8404
12585,0.916485,40.8459
12586,0.912168,37.0687
12587,0.912128,37.0636
12588,0.912209,37.074
12589,0.912168,37.0687
12590,0.93682,38.5571
12591,0.936786,38.5527
12592,0.919468,24.8448
12593,0.917316,23.6167
12594,0.947248,24.4013
12595,0.947125,24.38
12596,0.947424,24.4302
12597,0.946326,26.0539
12598,0.945825,25.9954
12599,0.908346,26.4179
12600,0.924307,24.4387
12601,0.918,25.186
12602,0.917893,25.1698
12603,0.932298,28.2363
12604,0.929918,24.4343
12605,0.930043,24.4597
12606,0.929795,24.4118
12607,0.929918,24.4343
12608,0.927295,24.0754
12609,0.927438,24.0917
12610,0.906195,23.101
12611,0.906054,23.0827
12612,0.959867,26.9344
12613,0.961739,27.0192
12614,0.962001,27.0614
12615,0.961477,26.9735
12616,0.917871,24.2126
12617,0.931642,23.723
12618,0.931475,23.6888
12619,0.928746,23.9078
12620,0.928528,23.8745
12621,0.928969,23.9394
12622,0.928746,23.9078
12623,0.923851,25.0351
12624,0.923215,24.9791
12625,0.925114,23.2048
12626,0.924999,23.1852
12627,0.925226,23.222
12628,0.925114,23.2048
12629,0.949859,24.9214
12630,0.94319,24.677
12631,0.925716,26.9427
12632,0.92547,26.9137
12633,0.957751,25.3626
12634,0.941407,25.8155
12635,0.960025,24.7521
12636,0.966344,26.383
12637,0.960678,25.418
12638,0.966341,30.4776
12639,0.95518,25.9408
12640,0.966273,30.4608
12641,0.969888,30.7288
12642,0.966341,30.4776
12643,0.948413,27.6922
12644,0.948278,27.671
12645,0.948566,27.7129
12646,0.922822,24.4163
12647,0.922721,24.3942
12648,0.922936,24.4379
12649,0.968721,26.6389
12650,0.968618,26.619
12651,0.960473,27.1905
12652,0.956525,26.6474
12653,0.939844,25.3294
12654,0.938037,25.4864
12655,0.93765,25.4336
12656,0.938416,25.5361
12657,0.938037,25.4864
12658,0.933076,25.6128
12659,0.943156,24.4019
12660,0.941292,24.4103
12661,0.969909,26.0126
12662,0.969803,25.984
12663,0.970032,26.0385
12664,0.969909,26.0126
12665,0.925163,24.4281
12666,0.925377,24.4722
12667,0.971683,31.7648
12668,0.967511,27.7515
12669,0.970991,31.968
12670,0.971304,31.7136
12671,0.971683,31.7648
12672,0.971683,31.7648
12673,0.923526,24.7003
12674,0.930446,24.5215
12675,0.931812,24.4531
12676,0.931624,24.4193
12677,0.930864,24.5042
12678,0.968687,26.6249
12679,0.968615,26.6062
12680,0.968856,26.6578
12681,0.959888,26.8923
12682,0.959775,26.8719
12683,0.959991,26.9093
12684,0.945449,23.7057
12685,0.944989,23.6597
12686,0.945399,23.766
12687,0.945449,23.7057
12688,0.940036,27.1737
12689,0.946621,25.2864
12690,0.953348,23.8614
12691,0.930334,24.1183
12692,0.930018,24.0646
12693,0.930681,24.1794
12694,0.962288,26.8368
12695,0.940357,24.1232
12696,0.939422,24.1951
12697,0.9244,24.8928
12698,0.924302,24.8742
12699,0.947759,54.2946
12700,0.949258,54.7759
12701,0.933453,24.1207
12702,0.9495,24.4321
12703,0.949334,24.4042
12704,0.964658,25.61
12705,0.974411,25.0398
12706,0.974133,24.9971
12707,0.947515,23.6381
12708,0.957261,25.6428
12709,0.957072,25.6156
12710,0.957436,25.6721
12711,0.969673,26.6802
12712,0.964404,26.4126
12713,0.92857,23.872
12714,0.961131,29.6512
12715,0.948143,26.4476
12716,0.967709,30.2089
12717,0.961131,29.6512
12718,0.960733,29.5777
12719,0.938741,25.6799
12720,0.944722,25.553
12721,0.944535,25.5245
12722,0.944901,25.5859
12723,0.944722,25.553
12724,0.95128,24.4443
12725,0.953228,24.1426
12726,0.960855,25.0803
12727,0.960759,25.0599
12728,0.963047,25.7849
12729,0.962955,25.766
12730,0.947699,24.3443
12731,0.958309,24.6906
12732,0.958179,24.6725
12733,0.9366,25.1375
12734,0.943602,30.3375
12735,0.923283,24.8917
12736,0.941715,23.8128
12737,0.950335,25.2739
12738,0.97065,25.2181
12739,0.947893,24.7934
12740,0.947671,24.757
12741,0.948145,24.8283
12742,0.947893,24.7934
12743,0.932377,24.1789
12744,0.944283,23.4954
12745,0.94396,23.4563
12746,0.934582,43.0915
12747,0.912298,44.7104
12748,0.922033,45.5348
12749,0.922166,45.5516
12750,0.921889,45.5156
12751,0.922033,45.5348
12752,0.96817,51.9738
12753,0.956279,26.8426
12754,0.956814,25.4906
12755,0.956661,25.4721
12756,0.956979,25.5083
12757,0.968067,26.6802
12758,0.967641,26.6212
12759,0.968549,26.7382
12760,0.968067,26.6802
12761,0.961101,24.4597
12762,0.962705,28.036
12763,0.962625,28.0219
12764,0.91087,23.4516
12765,0.911048,23.4873
12766,0.910672,23.4155
12767,0.955472,24.7785
12768,0.955351,24.7633
12769,0.955589,24.7923
12770,0.955472,24.7785
12771,0.970002,30.6597
12772,0.969194,26.4068
12773,0.971891,30.85
12774,0.970002,30.6597
12775,0.969924,30.6445
12776,0.970002,30.6597
12777,0.936019,23.6039
12778,0.952095,24.7958
12779,0.952004,24.7818
12780,0.952181,24.8117
12781,0.952095,24.7958
12782,0.956769,25.2813
12783,0.956661,25.2603
12784,0.949738,24.2603
12785,0.949553,24.2418
12786,0.955779,24.2409
12787,0.95589,24.2614
12788,0.953254,24.7749
12789,0.953126,24.7563
12790,0.953402,24.7925
12791,0.924653,24.4176
12792,0.924065,24.355
12793,0.923877,24.3242
12794,0.924231,24.3857
12795,0.940815,29.8372
12796,0.971958,25.6676
12797,0.975542,27.1898
12798,0.975436,27.1682
12799,0.967875,26.4182
12800,0.966408,33.2451
12801,0.93729,27.5391
12802,0.966356,33.2342
12803,0.968531,33.4446
12804,0.966408,33.2451
12805,0.924919,25.7353
12806,0.924857,25.7232
12807,0.971034,25.8125
12808,0.970835,25.7842
12809,0.960351,24.8908
12810,0.960205,24.8656
12811,0.960498,24.918
12812,0.960351,24.8908
12813,0.949174,24.5624
12814,0.954428,24.8176
12815,0.949791,23.318
12816,0.9496,23.2806
12817,0.949424,23.3623
12818,0.971998,25.721
12819,0.971799,25.69
12820,0.930914,25.1415
12821,0.930795,25.12
12822,0.931012,25.1601
12823,0.953714,24.3219
12824,0.965392,27.6413
12825,0.959764,24.7693
12826,0.959533,24.7483
12827,0.95897,25.9667
12828,0.947524,25.3094
12829,0.947423,25.2855
12830,0.947635,25.3325
12831,0.947524,25.3094
12832,0.967768,26.2176
12833,0.967902,26.24
12834,0.957657,25.8632
12835,0.961526,26.0671
12836,0.945351,25.0915
12837,0.945211,25.0677
12838,0.945487,25.1162
12839,0.945351,25.0915
12840,0.957854,34.2735
12841,0.965738,36.871
12842,0.96332,35.6247
12843,0.966986,36.9939
12844,0.965738,36.871
12845,0.965559,36.8433
12846,0.965738,36.871
12847,0.964895,34.9332
12848,0.962828,34.6177
12849,0.96523,34.9807
12850,0.964895,34.9332
12851,0.964658,34.9007
12852,0.946172,38.7515
12853,0.935539,36.8661
12854,0.935369,36.8389
12855,0.960206,24.9205
12856,0.953914,24.3567
12857,0.953964,24.3686
12858,0.974567,26.9144
12859,0.974649,26.9318
12860,0.956433,25.8287
12861,0.956234,25.7956
12862,0.956646,25.8659
12863,0.966694,25.1936
12864,0.946339,25.3137
12865,0.946282,25.3006
12866,0.97181,26.3344
12867,0.952787,24.2883
12868,0.960485,25.2406
12869,0.960608,25.2587
12870,0.960485,25.2406
12871,0.975389,25.9173
12872,0.975479,25.9328
12873,0.975389,25.9173
12874,0.975308,25.8995
12875,0.951615,25.3807
12876,0.951481,25.3565
12877,0.95176,25.4027
12878,0.954984,25.8669
12879,0.954773,25.8346
12880,0.970936,24.7862
12881,0.970786,24.7549
12882,0.952729,23.6442
12883,0.965764,25.2139
12884,0.954116,23.7418
12885,0.958407,26.283
12886,0.933483,24.7029
12887,0.933415,24.6838
12888,0.933558,24.72
12889,0.933483,24.7029
12890,0.974286,26.4689
12891,0.932846,25.2678
12892,0.932662,25.2138
12893,0.957099,24.0923
12894,0.945595,24.4558
12895,0.945326,24.4198
12896,0.945843,24.4962
12897,0.972192,26.2599
12898,0.972056,26.2395
12899,0.97235,26.2816
12900,0.972192,26.2599
12901,0.958471,25.3624
12902,0.956548,24.8191
12903,0.956352,24.7853
12904,0.958856,26.0053
12905,0.953119,25.6263
12906,0.947378,25.4672
12907,0.947474,25.4814
12908,0.945773,24.9839
12909,0.93901,24.8157
12910,0.963275,25.7181
12911,0.962966,25.6841
12912,0.951585,23.4583
12913,0.951304,23.4182
12914,0.951872,23.498
12915,0.934336,24.4059
12916,0.972077,26.6814
12917,0.959579,24.5732
12918,0.965656,25.2441
12919,0.95603,24.4778
12920,0.960264,24.6696
12921,0.954976,24.119
12922,0.961031,25.4612
12923,0.968369,24.0635
12924,0.968324,24.053
12925,0.972289,25.0349
12926,0.972225,25.0247
12927,0.976395,25.9691
12928,0.972997,26.7735
12929,0.972731,26.7255
12930,0.973296,26.8208
12931,0.960538,24.9495
12932,0.966686,25.967
12933,0.969423,24.4353
12934,0.959381,24.1739
12935,0.959292,24.1594
12936,0.959465,24.1889
12937,0.959381,24.1739
12938,0.977122,26.2779
12939,0.981433,29.9266
12940,0.976045,26.7231
12941,0.981336,29.9085
12942,0.982545,30.0526
12943,0.981433,29.9266
12944,0.981433,29.9266
12945,0.962019,26.4781
12946,0.962212,26.5057
12947,0.975301,26.5073
12948,0.960645,34.3956
12949,0.963494,26.7755
12950,0.973887,25.9414
12951,0.931008,26.6327
12952,0.930903,26.6159
12953,0.97704,26.667
12954,0.976895,26.6395
12955,0.971839,23.8808
12956,0.96967,24.5319
12957,0.970539,25.316
12958,0.97215,25.2563
12959,0.960995,24.3692
12960,0.960908,24.3543
12961,0.980999,26.8431
12962,0.974687,26.3518
12963,0.974474,26.3152
12964,0.982671,27.0369
12965,0.964818,25.1916
12966,0.964703,25.172
12967,0.964953,25.2131
12968,0.964818,25.1916
12969,0.960712,24.8986
12970,0.962901,24.6399
12971,0.962675,24.6076
12972,0.910025,42.1172
12973,0.909896,42.0993
12974,0.910143,42.1372
12975,0.964598,38.5795
12976,0.949833,38.4673
12977,0.964509,38.5619
12978,0.965876,38.5826
12979,0.964598,38.5795
12980,0.964598,38.5795
12981,0.982428,40.9698
12982,0.982291,40.9552
12983,0.910247,41.4179
12984,0.964885,26.8578
12985,0.973047,29.6403
12986,0.968556,25.4183
12987,0.971212,31.7834
12988,0.964571,26.2706
12989,0.973062,31.9683
12990,0.971038,31.7459
12991,0.971212,31.7834
12992,0.971212,31.7834
12993,0.973741,25.9182
12994,0.973462,25.8862
12995,0.985241,27.2118
12996,0.957737,24.0423
12997,0.957846,24.0613
12998,0.957637,24.0242
12999,0.980439,25.8623
13000,0.978891,29.4747
13001,0.967695,25.601
13002,0.978703,29.4481
13003,0.980173,29.6547
13004,0.978891,29.4747
13005,0.960219,24.6965
13006,0.969021,24.5174
13007,0.964114,34.0164
13008,0.965462,28.0273
13009,0.963942,33.9995
13010,0.964022,33.9996
13011,0.965276,34.243
13012,0.962115,26.4281
13013,0.962002,26.409
13014,0.96335,25.3702
13015,0.963504,25.4004
13016,0.959239,24.2277
13017,0.959157,24.2092
13018,0.977567,25.5169
13019,0.97764,25.5249
13020,0.977567,25.5169
13021,0.983177,25.7945
13022,0.983035,25.7714
13023,0.955122,26.4201
13024,0.955197,26.4345
13025,0.955054,26.4065
13026,0.977541,40.4298
13027,0.983414,41.2211
13028,0.977465,40.4234
13029,0.977473,40.3944
13030,0.977541,40.4298
13031,0.977541,40.4298
13032,0.929678,34.9899
13033,0.985077,29.6452
13034,0.994173,26.129
13035,0.98643,29.8056
13036,0.984879,29.6107
13037,0.985077,29.6452
13038,0.964893,25.3833
13039,0.983421,30.3879
13040,0.975859,26.649
13041,0.982589,30.6002
13042,0.983048,30.3313
13043,0.983421,30.3879
13044,0.983421,30.3879
13045,0.96521,25.0507
13046,0.964913,25.0164
13047,0.965501,25.0889
13048,0.97014,24.9746
13049,0.990937,25.9764
13050,0.98134,26.7515
13051,0.981188,26.7285
13052,0.970032,25.4191
13053,0.970177,25.4591
13054,0.948392,25.8108
13055,0.948262,25.7865
13056,0.948528,25.8354
13057,0.96205,27.1232
13058,0.984514,27.105
13059,0.972249,28.4399
13060,0.973553,26.6975
13061,0.965587,25.4855
13062,0.98795,27.0993
13063,0.975539,26.2864
13064,0.964592,25.4443
13065,0.972001,25.2804
13066,0.972166,25.3094
13067,0.97188,25.2588
13068,0.9794,26.8455
13069,0.979618,26.8718
13070,0.9794,26.8455
13071,0.979202,26.8193
13072,0.969372,27.4634
13073,0.969191,27.4328
13074,0.979959,26.6482
13075,0.989508,27.6759
13076,0.989701,27.6966
13077,0.989327,27.655
13078,0.989508,27.6759
13079,0.97878,26.2781
13080,0.962143,26.3941
13081,0.961804,26.3548
13082,0.962532,26.44
13083,0.982879,30.1499
13084,0.977207,26.7327
13085,0.982648,30.1042
13086,0.984032,30.3693
13087,0.982879,30.1499
13088,0.985284,27.1413
13089,0.974999,26.8458
13090,0.983496,27.0777
13091,0.983403,27.0643
13092,0.963172,26.7037
13093,0.984756,27.5732
13094,0.984639,27.5577
13095,0.979394,28.363
13096,0.97949,28.3766
13097,0.979298,28.3488
13098,0.980301,28.2973
13099,0.980211,28.2845
13100,0.980405,28.3109
13101,0.980301,28.2973
13102,0.985217,27.1225
13103,0.98513,25.4884
13104,0.989087,27.3491
13105,0.982664,25.5266
13106,0.975346,25.5046
13107,0.982229,27.0328
13108,0.985641,27.4101
13109,0.998686,47.6462
13110,0.995823,47.4478
13111,0.995866,47.4551
13112,1.00446,49.1102
13113,1.00235,47.9842
13114,1.00442,49.102
13115,1.00486,49.1497
13116,1.00446,49.1102
13117,0.984858,28.5031
13118,0.980033,31.6146
13119,0.979924,31.5953
13120,0.967014,29.4402
13121,0.975949,34.3435
13122,0.981754,31.9639
13123,0.975768,34.3249
13124,0.975942,34.3421
13125,0.976483,34.4547
13126,0.975949,34.3435
13127,0.982501,31.3822
13128,0.982374,31.3616
13129,0.982634,31.4033
13130,0.982501,31.3822
13131,0.989955,39.5612
13132,0.986149,42.2224
13133,0.994001,40.8191
13134,0.993747,40.796
13135,0.985668,41.0629
13136,0.990316,42.1708
13137,0.988077,43.0326
13138,0.990187,42.1446
13139,0.990397,42.143
13140,0.990316,42.1708
13141,0.990316,42.1708
13142,0.968774,27.2073
13143,0.968684,27.1965
13144,0.968867,27.2183
13145,0.982056,27.1028
13146,0.979109,26.5327
13147,0.978992,26.515
13148,0.988284,26.9966
13149,0.973368,27.3292
13150,0.973533,27.3495
13151,0.995352,26.9839
13152,0.993015,25.3314
13153,0.983571,28.1638
13154,0.994701,27.3667
13155,0.983107,28.581
13156,0.983062,28.5701
13157,0.983154,28.5927
13158,0.995571,44.3178
13159,0.988251,27.3589
13160,0.992057,25.3289
13161,0.992171,25.343
13162,0.990381,25.0616
13163,0.985841,25.4338
13164,0.984144,25.5248
13165,0.984056,25.5083
13166,0.984233,25.54
13167,0.984144,25.5248
13168,1.00009,35.9765
13169,0.998285,36.8984
13170,0.998174,36.9049
13171,0.998239,36.8938
13172,0.998285,36.8984
13173,0.994767,38.0704
13174,0.994738,38.0666
13175,0.9948,38.0743
13176,0.994767,38.0704
13177,0.974869,27.1907
13178,0.981981,28.3738
13179,0.981891,28.3589
13180,0.982161,27.7106
13181,0.982022,27.6962
13182,0.998702,25.8495
13183,0.998636,25.8346
13184,0.998771,25.8639
13185,0.998702,25.8495
13186,1.00575,27.7303
13187,0.990806,25.6974
13188,0.980261,32.0127
13189,0.988456,27.9269
13190,0.981643,32.1332
13191,0.980261,32.0127
13192,0.980184,31.9997
13193,0.980261,32.0127
13194,0.992532,27.7772
13195,0.992606,27.7904
13196,0.992267,27.9064
13197,0.992352,27.9197
13198,0.982782,29.0902
13199,0.999617,27.2447
13200,1.00125,26.2582
13201,1.00142,26.2821
13202,0.996847,25.9582
13203,0.996717,25.9363
13204,0.988758,26.1668
13205,1.00443,23.6137
13206,1.00431,23.5903
13207,1.00457,23.6373
13208,1.00224,26.9461
13209,1.00275,27.0512
13210,0.986235,26.0986
13211,0.986122,26.082
13212,1.00307,27.1224
13213,1.00298,27.1069
13214,1.00316,27.1394
13215,0.98512,26.5023
13216,0.985031,26.4847
13217,0.985195,26.5179
13218,1.00777,30.244
13219,1.00737,28.1553
13220,1.00769,30.2292
13221,1.00814,30.3361
13222,1.00777,30.244
13223,1.00777,30.244
13224,0.983214,25.4725
13225,0.983331,25.4871
13226,0.983214,25.4725
13227,0.98498,28.3487
13228,0.986287,26.2984
13229,0.986205,26.2841
13230,0.986379,26.3138
13231,1.04151,48.8493
13232,1.0416,48.8623
13233,1.04642,51.5593
13234,1.04635,51.5463
13235,1.0465,51.5719
13236,1.04642,51.5593
13237,1.0442,48.3496
13238,1.03122,48.9054
13239,1.04016,49.2701
13240,1.03111,48.8921
13241,1.03073,48.9033
13242,1.03122,48.9054
13243,1.03122,48.9054
13244,1.01353,34.2055
13245,1.01352,34.2029
13246,1.01355,34.2081
13247,1.00067,33.0547
13248,1.00748,33.7768
13249,0.977873,28.0827
13250,0.985392,34.4982
13251,0.987828,33.6596
13252,0.979487,35.0619
13253,0.976413,27.5865
13254,0.977873,28.0827
13255,0.977873,28.0827
13256,0.977873,28.0827
13257,0.943548,25.384
13258,0.914956,31.1923
13259,0.94342,25.3041
13260,0.943548,25.384
13261,0.943548,25.384
13262,0.943548,25.384
13263,1.09717,58.804
13264,1.09304,58.117
13265,1.09074,58.4139
13266,1.1,59.4809
13267,1.1,59.8501
13268,1.1,60.4502
13269,1.1,59.2728
13270,1.1,59.6106
13271,1.1,59.4211
13272,1.09076,63.8399
13273,1.09239,58.0311
13274,1.09304,58.117
13275,1.09304,58.117
13276,1.09304,58.117
13277,0.921137,46.3542
13278,0.921553,46.3295
13279,0.921137,46.3542
13280,0.921137,46.3542
13281,0.967892,43.1296
13282,0.95633,41.8512
13283,0.965588,47.0675
13284,0.916379,44.7736
13285,0.9,51.5217
13286,0.968992,42.7743
13287,0.967892,43.1296
13288,0.967892,43.1296
13289,0.967892,43.1296
13290,1.07762,48.9099
13291,1.05071,48.2601
13292,1.02012,47.1721
13293,1.05774,49.0304
13294,1.07354,48.9155
13295,1.05883,48.9823
13296,1.06389,48.9894
13297,1.04431,49.1178
13298,1.06546,49.12
13299,1.0471,48.228
13300,1.07762,48.9099
13301,1.07762,48.9099
13302,1.07069,56.0723
13303,1.07077,56.0567
13304,1.07068,56.0719
13305,1.07069,56.0723
13306,0.957638,27.7142
13307,0.964881,35.0343
13308,0.957588,27.7048
13309,0.957453,27.6554
13310,0.957638,27.7142
13311,0.957638,27.7142
13312,1.02013,42.3042
13313,1.00884,43.8952
13314,1.00138,45.0507
13315,1.02011,42.3005
13316,1.00812,44.0902
13317,1.02602,41.9884
13318,1.00884,43.8952
13319,0.950185,49.4749
13320,0.950221,49.4661
13321,0.950185,49.4749
13322,0.950185,49.4749
13323,1.01485,28.7315
13324,1.01206,28.3593
13325,1.01485,28.7315
13326,1.01485,28.7315
13327,0.902142,27.445
13328,0.902068,27.4314
13329,0.90288,27.2522
13330,0.902142,27.445
13331,0.983354,26.781
13332,1.03258,31.037
13333,1.02131,32.802
13334,0.979353,26.5395
13335,0.983354,26.781
13336,0.983354,26.781
13337,0.983354,26.781
13338,0.981998,45.2653
13339,0.981415,45.0274
13340,0.981998,45.2653
13341,0.981998,45.2653
13342,0.982945,44.1109
13343,0.980691,48.1974
13344,0.982868,44.0733
13345,0.982945,44.1109
13346,0.982945,44.1109
13347,0.982945,44.1109
13348,0.95794,43.2636
13349,0.958629,43.1095
13350,0.95794,43.2636
13351,0.95794,43.2636
13352,0.918971,25.1392
13353,0.90184,28.6968
13354,0.9,37.4758
13355,0.918817,24.9934
13356,0.918893,25.1288
13357,0.918971,25.1392
13358,0.918971,25.1392
13359,0.986616,28.6465
13360,0.994018,33.3131
13361,0.940758,35.1039
13362,0.929978,34.4247
13363,0.941377,31.0228
13364,0.938684,33.2726
13365,0.924397,33.6811
13366,0.986615,28.6465
13367,0.977791,27.4966
13368,0.986616,28.6465
13369,0.986616,28.6465
13370,1.02833,46.196
13371,0.990673,47.9907
13372,0.949583,48.2758
13373,1.05062,48.6991
13374,0.981549,48.359
13375,1.04777,48.3796
13376,0.986723,48.3479
13377,0.990673,47.9907
13378,0.990673,47.9907
13379,1.03246,45.3377
13380,0.947533,52.6194
13381,0.929449,55.5568
13382,0.947904,52.5449
13383,0.947533,52.6194
13384,0.947533,52.6194
13385,0.947533,52.6194
13386,1.05438,59.679
13387,1.02124,60.3693
13388,1.02017,60.1852
13389,1.05436,59.6761
13390,1.05473,59.6723
13391,1.05438,59.679
13392,1.05438,59.679
13393,1.07273,53.6584
13394,1.06691,52.3062
13395,1.05837,50.1955
13396,1.06617,52.2072
13397,1.07365,53.8211
13398,1.07273,53.6584
13399,1.06691,52.3062
13400,1.09077,60.6688
13401,1.09411,59.3502
13402,1.09306,57.8288
13403,1.1,61.7448
13404,1.1,63.9728
13405,1.09411,59.3496
13406,1.09238,60.3284
13407,1.09098,58.8161
13408,1.09411,59.3502
13409,1.0913,55.5905
13410,1.07901,55.1695
13411,1.07108,55.7054
13412,1.1,55.7359
13413,1.1,55.8178
13414,1.1,55.6688
13415,1.09845,55.764
13416,1.0913,55.5904
13417,1.07735,55.0801
13418,1.08726,55.5903
13419,1.0913,55.5905
13420,0.998184,53.6859
13421,0.999661,51.6692
13422,1.02883,60.0106
13423,0.997195,53.4575
13424,0.998184,53.6859
13425,0.998184,53.6859
13426,0.998184,53.6859
13427,0.993853,46.4852
13428,0.919835,50.1191
13429,0.994408,46.453
13430,0.993853,46.4852
13431,0.993853,46.4852
13432,0.993853,46.4852
13433,0.970535,54.0693
13434,0.954499,51.1815
13435,0.937651,60.457
13436,0.970489,53.8238
13437,0.970535,54.0693
13438,0.970535,54.0693
13439,0.970535,54.0693
13440,0.948999,52.2564
13441,0.949171,52.2432
13442,0.948999,52.2564
13443,0.948999,52.2564
13444,1.0675,54.7427
13445,1.06749,54.7421
13446,1.06762,54.739
13447,1.0675,54.7427
13448,1.03287,51.4773
13449,0.981021,51.9597
13450,1.03324,51.4702
13451,1.03287,51.4773
13452,1.03287,51.4773
13453,1.03287,51.4773
13454,0.946532,55.4784
13455,0.912409,56.4474
13456,0.920163,56.0269
13457,0.94677,55.456
13458,0.946532,55.4784
13459,0.946532,55.4784
13460,0.946532,55.4784
13461,0.92902,28.8992
13462,0.92456,32.5636
13463,0.929594,35.2256
13464,0.930042,35.2186
13465,0.92366,33.3404
13466,0.927052,27.8937
13467,0.92902,28.8992
13468,0.92902,28.8992
13469,0.92902,28.8992
13470,0.947817,55.2165
13471,0.927932,56.7338
13472,0.947928,55.2032
13473,0.947817,55.2165
13474,0.947817,55.2165
13475,0.947817,55.2165
13476,1.01299,43.0688
13477,0.993587,46.3008
13478,1.01325,42.953
13479,1.01299,43.0688
13480,1.01299,43.0688
13481,1.01299,43.0688
13482,1.07146,58.1605
13483,1.04921,59.4857
13484,1.04929,57.5849
13485,0.980301,59.6755
13486,1.07513,57.891
13487,1.07146,58.1605
13488,1.05033,59.7666
13489,1.07146,58.1605
13490,0.961717,25.732
13491,0.949844,35.165
13492,0.961631,25.7169
13493,0.961618,25.6719
13494,0.961717,25.732
13495,0.961717,25.732
13496,1.09183,62.0099
13497,1.1,61.2999
13498,1.09081,62.0517
13499,1.09181,62.0081
13500,1.09183,62.0099
13501,1.09183,62.0099
13502,0.915185,26.8103
13503,0.9,36.5644
13504,0.9,37.9855
13505,0.9,35.1287
13506,0.9,33.9631
13507,0.914374,26.5204
13508,0.915185,26.8103
13509,0.915185,26.8103
13510,0.915185,26.8103
13511,0.961203,44.8141
13512,0.928603,49.1005
13513,0.962356,44.5542
13514,0.961203,44.8141
13515,0.961203,44.8141
13516,0.961203,44.8141
13517,0.938904,27.7551
13518,0.939061,27.4649
13519,0.938904,27.7551
13520,0.938904,27.7551
13521,1.04814,57.2515
13522,1.05473,57.754
13523,1.0482,57.2448
13524,1.04814,57.2515
13525,1.04814,57.2515
13526,1.04814,57.2515
13527,1.0128,48.7049
13528,0.975712,53.6692
13529,0.952705,53.1225
13530,1.0146,55.3081
13531,1.01546,47.2279
13532,1.0128,48.7049
13533,0.972513,54.3453
13534,0.975712,53.6692
13535,0.947654,53.5937
13536,0.910069,57.2022
13537,0.910825,55.6592
13538,0.948031,53.5594
13539,0.947654,53.5937
13540,0.947634,53.5905
13541,0.947654,53.5937
13542,0.949343,55.5607
13543,0.934654,56.6374
13544,0.949424,55.5515
13545,0.949343,55.5607
13546,0.949343,55.5607
13547,0.949343,55.5607
13548,0.941026,39.5382
13549,0.94131,39.5233
13550,0.941026,39.5382
13551,0.941026,39.5382
13552,0.951411,55.5738
13553,0.912993,57.3984
13554,0.95166,55.5583
13555,0.951411,55.5738
13556,0.951411,55.5738
13557,0.951411,55.5738
13558,0.906138,27.7282
13559,0.906344,27.5131
13560,0.906138,27.7282
13561,0.906138,27.7282
13562,0.928029,23.6622
13563,0.9,29.6979
13564,0.928002,23.5983
13565,0.928029,23.6622
13566,0.928029,23.6622
13567,0.928029,23.6622
13568,1.02053,50.0493
13569,0.971155,51.6717
13570,1.02084,50.0365
13571,1.02053,50.0493
13572,1.02053,50.0493
13573,1.02053,50.0493
13574,0.948972,55.006
13575,0.949175,54.9967
13576,0.948972,55.006
13577,0.948972,55.006
13578,0.96961,55.072
13579,0.951177,53.7983
13580,0.945961,62.9441
13581,0.970366,54.7447
13582,0.96961,55.072
13583,0.96961,55.072
13584,0.96961,55.072
13585,0.986381,43.873
13586,1.00127,44.8196
13587,1.00287,45.4041
13588,0.986334,43.8158
13589,0.986381,43.873
13590,0.986381,43.873
13591,0.986381,43.873
13592,1.07025,54.5957
13593,1.06919,55.3598
13594,1.06913,54.7883
13595,1.06984,55.7239
13596,1.06919,54.7719
13597,1.06877,54.6127
13598,1.06923,54.603
13599,1.07013,54.5166
13600,1.07025,54.5957
13601,1.07025,54.5957
13602,1.07025,54.5957
13603,0.949392,55.1283
13604,0.949548,55.0977
13605,0.949392,55.1283
13606,0.949392,55.1283
13607,0.91919,26.2009
13608,0.917519,31.7452
13609,0.918968,26.1258
13610,0.91919,26.2009
13611,0.91919,26.2009
13612,0.91919,26.2009
13613,0.979993,28.2123
13614,0.984707,37.402
13615,0.986917,34.6812
13616,0.985001,33.0561
13617,0.982303,36.3608
13618,0.984877,34.4112
13619,0.984981,37.1946
13620,0.978229,27.6361
13621,0.979993,28.2123
13622,0.979993,28.2123
13623,0.979993,28.2123
13624,0.921377,34.5832
13625,0.9,41.2833
13626,0.9,34.7344
13627,0.921554,34.5238
13628,0.921377,34.5832
13629,0.921377,34.5832
13630,0.921377,34.5832
13631,0.981743,42.8981
13632,0.948157,49.1225
13633,0.981743,50.4219
13634,0.981736,42.8172
13635,0.981743,42.8981
13636,0.981743,42.8981
13637,0.981743,42.8981
13638,1.08721,61.84
13639,1.07609,59.7013
13640,1.08781,61.8924
13641,1.08721,61.84
13642,1.08721,61.84
13643,1.08721,61.84
13644,1.08361,61.613
13645,1.06043,59.9537
13646,1.03051,60.7771
13647,1.03057,60.7448
13648,1.08501,61.6733
13649,1.08361,61.613
13650,1.08361,61.613
13651,1.08361,61.613
13652,0.948923,52.6073
13653,0.948995,52.5922
13654,0.948923,52.6073
13655,0.948923,52.6073
13656,0.955826,54.6185
13657,0.955961,54.5837
13658,0.955826,54.6185
13659,0.955826,54.6185
13660,0.97253,29.9228
13661,0.968745,29.5394
13662,0.97253,29.9228
13663,0.97253,29.9228
13664,0.965849,52.0527
13665,0.954582,50.3536
13666,0.967108,52.0955
13667,0.965849,52.0527
13668,0.965849,52.0527
13669,0.965849,52.0527
13670,1.01006,44.9247
13671,0.979752,44.1186
13672,1.01129,44.9369
13673,1.01006,44.9247
13674,1.01006,44.9247
13675,1.01006,44.9247
13676,0.948502,52.6371
13677,0.948757,52.632
13678,0.948502,52.6371
13679,0.948502,52.6371
13680,1.03669,51.8689
13681,1.0369,51.8555
13682,1.03669,51.8689
13683,1.03669,51.8689
13684,0.987982,44.3317
13685,0.988581,45.6083
13686,0.98752,44.7886
13687,0.987555,44.1902
13688,0.987982,44.3317
13689,0.987982,44.3317
13690,0.987982,44.3317
13691,0.986729,43.7477
13692,0.986281,46.9149
13693,0.986657,43.7238
13694,0.986729,43.7477
13695,0.986729,43.7477
13696,0.986729,43.7477
13697,0.919204,33.8695
13698,0.913447,41.6308
13699,0.923702,37.2243
13700,0.919186,33.7933
13701,0.919204,33.8695
13702,0.919204,33.8695
13703,0.919204,33.8695
13704,1.04331,57.588
13705,1.09606,57.9746
13706,1.04297,57.5899
13707,1.04331,57.588
13708,1.04331,57.588
13709,1.04331,57.588
13710,1.02932,57.898
13711,0.922443,58.3281
13712,1.03,57.8843
13713,1.02932,57.898
13714,1.02932,57.898
13715,1.02932,57.898
13716,0.971938,49.2355
13717,0.948446,48.3634
13718,0.972588,49.233
13719,0.971938,49.2355
13720,0.971938,49.2355
13721,0.971938,49.2355
13722,0.978597,43.4306
13723,0.978597,52.708
13724,0.978597,51.3398
13725,0.978494,43.3467
13726,0.978597,43.4306
13727,0.978597,43.4306
13728,0.978597,43.4306
13729,0.949843,54.6447
13730,0.949912,54.6275
13731,0.949843,54.6447
13732,0.949843,54.6447
13733,0.949926,55.1661
13734,0.950137,55.1586
13735,0.949926,55.1661
13736,0.949926,55.1661
13737,1.07,55.8496
13738,1.06999,55.8438
13739,1.07,55.8496
13740,1.07,55.8496
13741,1.01099,47.8313
13742,0.974453,56.3853
13743,1.01091,47.7697
13744,1.01099,47.8313
13745,1.01099,47.8313
13746,1.01099,47.8313
13747,0.917898,24.5207
13748,0.918416,24.4608
13749,0.917898,24.5207
13750,0.917898,24.5207
13751,1.07506,60.041
13752,1.06585,60.4446
13753,1.07514,60.036
13754,1.07506,60.041
13755,1.07506,60.041
13756,1.07506,60.041
13757,0.933376,25.6281
13758,0.93259,25.3383
13759,0.933376,25.6281
13760,0.933376,25.6281
13761,0.919316,26.5024
13762,0.9,35.1573
13763,0.9,32.5487
13764,0.917115,26.1252
13765,0.919316,26.5024
13766,0.919316,26.5024
13767,0.919316,26.5024
13768,0.995604,46.9427
13769,0.996341,46.9228
13770,0.995604,46.9427
13771,0.995604,46.9427
13772,0.948843,55.1538
13773,0.921209,56.9795
13774,0.948998,55.1388
13775,0.948843,55.1538
13776,0.948843,55.1538
13777,0.948843,55.1538
13778,1.07758,52.3418
13779,1.07732,52.335
13780,1.07758,52.3418
13781,1.07758,52.3418
13782,0.971836,45.0518
13783,0.963566,46.1388
13784,0.971883,45.0405
13785,0.971836,45.0518
13786,0.971836,45.0518
13787,0.971836,45.0518
13788,0.986239,43.802
13789,0.965227,44.6832
13790,0.986256,43.7847
13791,0.986239,43.802
13792,0.986239,43.802
13793,0.986239,43.802
13794,1.06262,62.1879
13795,1.0504,61.8874
13796,1.05728,61.7918
13797,1.06262,62.1879
13798,1.06262,62.1879
13799,1.06262,62.1879
13800,0.967026,55.0388
13801,0.963825,54.5807
13802,0.93152,62.8418
13803,0.969305,54.7434
13804,0.967026,55.0388
13805,0.967026,55.0388
13806,0.967026,55.0388
13807,1.08616,55.0985
13808,1.07883,55.0588
13809,1.06879,55.0593
13810,1.1,55.2274
13811,1.1,55.155
13812,1.1,56.9399
13813,1.07797,55.0595
13814,1.07883,55.0588
13815,1.08002,54.8252
13816,1.07883,55.0588
13817,0.913291,26.7968
13818,0.9,29.4517
13819,0.91358,26.6717
13820,0.913291,26.7968
13821,0.913291,26.7968
13822,0.913291,26.7968
13823,0.977717,41.7128
13824,0.951574,41.5489
13825,0.941057,44.2732
13826,0.948238,41.8317
13827,0.97864,41.7014
13828,0.977717,41.7128
13829,0.977717,41.7128
13830,0.977717,41.7128
13831,0.908247,24.2928
13832,0.9,31.0488
13833,0.908048,24.2087
13834,0.908247,24.2928
13835,0.908247,24.2928
13836,0.908247,24.2928
13837,1.06977,65.0006
13838,1.07269,71.0595
13839,1.01717,70.6974
13840,1.06994,64.9329
13841,1.06977,65.0006
13842,1.06977,65.0006
13843,1.06977,65.0006
13844,0.905477,26.9184
13845,0.9,36.5643
13846,0.902116,39.4161
13847,0.9,34.9646
13848,0.9,38.8996
13849,0.9,35.5427
13850,0.901133,33.881
13851,0.9,33.5428
13852,0.905225,26.7591
13853,0.905477,26.9184
13854,0.905477,26.9184
13855,0.905477,26.9184
13856,0.964376,28.5938
13857,0.964716,28.5117
13858,0.964376,28.5938
13859,0.964376,28.5938
13860,0.968677,28.5453
13861,0.966503,28.2546
13862,0.968677,28.5453
13863,0.968677,28.5453
13864,1.04506,53.3543
13865,1.00728,62.0817
13866,1.04496,53.3022
13867,1.04506,53.3543
13868,1.04506,53.3543
13869,1.04506,53.3543
13870,0.97166,26.363
13871,0.938078,33.9595
13872,0.94321,31.8565
13873,0.975936,29.7956
13874,0.976997,36.4643
13875,0.971166,26.2393
13876,0.97166,26.363
13877,0.97166,26.363
13878,0.97166,26.363
13879,1.06952,52.5352
13880,1.06989,51.6203
13881,1.06446,51.9701
13882,1.06968,52.5767
13883,1.06952,52.5352
13884,1.06952,52.5352
13885,1.06952,52.5352
13886,0.989928,32.4781
13887,0.981832,29.4283
13888,0.988631,32.4785
13889,0.989928,32.4781
13890,0.989928,32.4781
13891,0.989928,32.4781
13892,0.948755,53.4475
13893,0.931865,57.9893
13894,0.948964,53.3027
13895,0.948755,53.4475
13896,0.948755,53.4475
13897,0.948755,53.4475
13898,1.0388,46.6064
13899,1.01424,44.0995
13900,0.96372,43.2192
13901,1.05514,48.5497
13902,1.05408,48.6641
13903,1.05601,48.5121
13904,1.05497,48.6878
13905,1.06046,50.9936
13906,1.05768,49.1903
13907,0.9,45.2721
13908,1.05944,51.0204
13909,0.9,45.8188
13910,1.03646,45.4794
13911,0.999145,42.946
13912,1.01424,44.0995
13913,1.0388,46.6064
13914,0.914669,45.312
13915,0.909262,45.9159
13916,0.905204,46.2894
13917,0.904537,46.3931
13918,0.901294,46.4444
13919,0.908598,45.6497
13920,0.9,47.1597
13921,0.914806,45.2905
13922,0.914669,45.312
13923,0.914669,45.312
13924,0.914669,45.312
13925,0.94732,54.1817
13926,0.947509,54.1671
13927,0.94732,54.1817
13928,0.94732,54.1817
13929,0.91215,27.0994
13930,0.9,32.6852
13931,0.9,33.572
13932,0.9,30.8282
13933,0.912345,26.5358
13934,0.91215,27.0994
13935,0.91215,27.0994
13936,0.91215,27.0994
13937,1.08057,65.7032
13938,1.08465,64.4486
13939,1.08166,64.6482
13940,1.07371,69.1138
13941,1.0813,65.6551
13942,1.08057,65.7032
13943,1.08057,65.7032
13944,1.08057,65.7032
13945,0.917782,26.5593
13946,0.9,37.7072
13947,0.9,36.2824
13948,0.9,36.0413
13949,0.9,31.1051
13950,0.914217,26.0922
13951,0.917782,26.5593
13952,0.917782,26.5593
13953,0.917782,26.5593
13954,0.950685,55.4041
13955,0.931206,57.0207
13956,0.950745,55.3914
13957,0.950685,55.4041
13958,0.950685,55.4041
13959,0.950685,55.4041
13960,0.960378,27.9707
13961,0.960378,39.0577
13962,1.00145,32.4982
13963,0.96073,34.6703
13964,0.963816,34.9161
13965,0.959261,27.7127
13966,0.960378,27.9707
13967,0.960378,27.9707
13968,0.960378,27.9707
13969,0.9,45.1504
13970,0.903419,45.1026
13971,0.9,45.1504
13972,0.9,45.1504
13973,1.03058,51.7582
13974,0.981255,55.1442
13975,1.03082,51.7353
13976,1.03058,51.7582
13977,1.03058,51.7582
13978,1.03058,51.7582
13979,0.903981,27.971
13980,0.905273,27.5849
13981,0.903981,27.971
13982,0.903981,27.971
13983,0.962788,54.5455
13984,0.962998,54.5027
13985,0.962788,54.5455
13986,0.962788,54.5455
13987,1.0479,56.637
13988,1.0148,59.2192
13989,1.04787,56.6175
13990,1.0479,56.637
13991,1.0479,56.637
13992,1.0479,56.637
13993,0.969098,51.3795
13994,0.955108,49.6924
13995,0.960583,52.4562
13996,0.969453,51.3813
13997,0.969098,51.3795
13998,0.969098,51.3795
13999,0.969098,51.3795
14000,1.02288,36.8493
14001,1.00587,32.5582
14002,0.992854,28.0787
14003,1.02674,37.6778
14004,0.985424,30.9387
14005,1.02288,36.8493
14006,1.02288,36.8493
14007,0.944361,27.0009
14008,0.942887,26.7497
14009,0.944361,27.0009
14010,0.944361,27.0009
14011,0.984264,42.9209
14012,0.976804,43.6191
14013,0.984405,42.9107
14014,0.984264,42.9209
14015,0.984264,42.9209
14016,0.984264,42.9209
14017,1.04808,59.8516
14018,1.0399,57.9991
14019,1.04879,59.9362
14020,1.04808,59.8516
14021,1.04808,59.8516
14022,1.04808,59.8516
14023,0.94881,54.038
14024,0.933331,55.2471
14025,0.949008,54.0144
14026,0.94881,54.038
14027,0.94881,54.038
14028,0.94881,54.038
14029,0.944506,52.9341
14030,0.925568,55.3567
14031,0.944648,52.9092
14032,0.944506,52.9341
14033,0.944506,52.9341
14034,0.944506,52.9341
14035,0.913453,34.521
14036,0.914193,34.3411
14037,0.913453,34.521
14038,0.913453,34.521
14039,0.946258,55.3966
14040,0.946615,55.3804
14041,0.946258,55.3966
14042,0.946258,55.3966
14043,0.971095,55.9269
14044,0.963575,53.9863
14045,0.971095,65.5688
14046,0.971563,55.6491
14047,0.971095,55.9269
14048,0.971095,55.9269
14049,0.971095,55.9269
14050,1.07591,54.6926
14051,1.07223,54.5685
14052,1.0681,54.7161
14053,1.08591,54.7178
14054,1.08709,54.7486
14055,1.08707,54.7332
14056,1.08154,54.5807
14057,1.0786,54.6553
14058,1.07151,54.5536
14059,1.07591,54.6926
14060,1.07591,54.6926
14061,1.06237,53.0031
14062,1.06169,53.3065
14063,1.06177,53.2779
14064,1.06237,53.0002
14065,1.06237,53.0031
14066,1.06237,53.0031
14067,1.06237,53.0031
14068,0.968982,56.1034
14069,0.952585,55.2165
14070,0.905146,65.942
14071,0.970579,55.7952
14072,0.968982,56.1034
14073,0.968982,56.1034
14074,0.968982,56.1034
14075,0.926016,24.9235
14076,0.916447,32.7021
14077,0.923038,34.8887
14078,0.919171,31.0368
14079,0.925758,24.6885
14080,0.926016,24.9235
14081,0.926016,24.9235
14082,0.926016,24.9235
14083,1.09105,58.2207
14084,1.1,60.3289
14085,1.08752,64.2325
14086,1.09861,60.1403
14087,1.0876,57.8452
14088,1.1,60.3289
14089,1.1,60.3289
14090,1.04644,55.8702
14091,1.04093,56.5857
14092,1.04651,55.8632
14093,1.04644,55.8702
14094,1.04644,55.8702
14095,1.04644,55.8702
14096,1.03148,56.949
14097,1.03265,56.9295
14098,1.03148,56.949
14099,1.03148,56.949
14100,1.06796,61.6776
14101,1.06798,61.675
14102,1.06796,61.6776
14103,1.06796,61.6776
14104,1.05022,57.5884
14105,1.06807,61.7385
14106,1.06406,59.1467
14107,1.08403,58.2371
14108,1.04938,57.5368
14109,1.05022,57.5884
14110,1.05022,57.5884
14111,1.05022,57.5884
14112,0.963771,27.9399
14113,0.963866,27.9347
14114,0.963771,27.9399
14115,0.963771,27.9399
14116,1.07662,64.0482
14117,1.08629,63.7311
14118,1.07635,64.0623
14119,1.07662,64.0482
14120,1.07662,64.0482
14121,1.07662,64.0482
14122,0.967009,51.3074
14123,0.954242,49.459
14124,0.959931,51.9876
14125,0.967902,51.3275
14126,0.967009,51.3074
14127,0.967009,51.3074
14128,0.967009,51.3074
14129,1.05657,53.319
14130,1.04358,52.2795
14131,0.95076,53.151
14132,1.058,53.3585
14133,1.05657,53.319
14134,1.05657,53.319
14135,1.05657,53.319
14136,0.961492,53.7673
14137,0.960542,55.3882
14138,0.961676,53.7266
14139,0.961492,53.7673
14140,0.961492,53.7673
14141,0.961492,53.7673
14142,1.02542,46.199
14143,0.979924,46.1342
14144,0.951482,47.6393
14145,1.07804,52.6138
14146,1.02806,45.3531
14147,1.02542,46.199
14148,0.975668,46.1109
14149,1.02542,46.199
14150,0.947748,53.3037
14151,0.9,58.6336
14152,0.9,54.2864
14153,0.9,53.94
14154,0.9,54.1454
14155,0.947963,53.2542
14156,0.947748,53.3037
14157,0.947748,53.3037
14158,0.947748,53.3037
14159,0.949044,55.7535
14160,0.949457,55.6998
14161,0.949044,55.7535
14162,0.949044,55.7535
14163,0.94195,26.2055
14164,0.9,26.3702
14165,0.942285,26.2004
14166,0.94195,26.2055
14167,0.94195,26.2055
14168,0.94195,26.2055
14169,1.07195,56.5861
14170,1.07187,56.5789
14171,1.07195,56.5861
14172,1.07195,56.5861
14173,0.965836,56.4617
14174,0.952872,55.6817
14175,0.930717,64.3261
14176,0.934304,55.998
14177,0.967196,56.2018
14178,0.965836,56.4617
14179,0.965836,56.4617
14180,0.965836,56.4617
14181,0.973533,55.7595
14182,0.960409,53.8977
14183,0.967486,62.26
14184,0.973533,61.105
14185,0.973398,55.2609
14186,0.973533,55.7595
14187,0.973533,55.7595
14188,0.973533,55.7595
14189,0.948207,55.056
14190,0.927853,57.4403
14191,0.917168,55.9046
14192,0.925668,57.0745
14193,0.948663,55.0161
14194,0.948207,55.056
14195,0.948207,55.056
14196,0.948207,55.056
14197,0.915469,28.3897
14198,0.9,32.8715
14199,0.9,32.2079
14200,0.9,35.4
14201,0.911593,27.9965
14202,0.915469,28.3897
14203,0.915469,28.3897
14204,0.915469,28.3897
14205,1.01488,51.1511
14206,1.01093,53.0964
14207,1.00933,53.6034
14208,1.01844,57.6815
14209,1.01201,49.8012
14210,1.01488,51.1511
14211,1.01163,53.4093
14212,1.01093,53.0964
14213,0.946585,53.6682
14214,0.946715,53.6451
14215,0.946585,53.6682
14216,0.946585,53.6682
14217,0.969592,48.9509
14218,0.949558,46.5485
14219,0.968098,47.6131
14220,0.969592,48.9509
14221,0.969592,48.9509
14222,0.969592,48.9509
14223,1.00495,54.0682
14224,1.00059,52.9298
14225,1.01615,59.8141
14226,1.00409,53.8515
14227,1.00495,54.0682
14228,1.00495,54.0682
14229,1.00495,54.0682
14230,0.907438,24.5216
14231,0.907438,32.5451
14232,0.907327,24.4701
14233,0.907438,24.5216
14234,0.907438,24.5216
14235,0.907438,24.5216
14236,1.01915,48.8311
14237,1.01743,48.6464
14238,1.01915,48.8311
14239,1.01915,48.8311
14240,0.908872,44.4299
14241,0.9,49.7986
14242,0.9,50.1236
14243,0.9,51.9734
14244,0.9,44.5563
14245,0.9,44.5198
14246,0.9,53.8219
14247,0.9,51.969
14248,0.9,44.526
14249,0.9,53.7367
14250,0.9,53.1015
14251,0.909144,44.2823
14252,0.908872,44.4299
14253,0.908872,44.4299
14254,0.908872,44.4299
14255,0.949868,52.851
14256,0.950008,52.8236
14257,0.949868,52.851
14258,0.949868,52.851
14259,1.07695,55.1963
14260,1.0714,55.9128
14261,1.07715,55.2608
14262,1.07706,55.1555
14263,1.07695,55.1963
14264,1.07695,55.1963
14265,1.07695,55.1963
14266,0.975719,26.3345
14267,0.975661,26.3245
14268,0.975857,25.7956
14269,0.97579,25.7809
14270,0.975922,25.8099
14271,0.975857,25.7956
14272,0.976225,25.986
14273,0.976135,25.9643
14274,0.976342,26.0081
14275,0.976225,25.986
14276,0.97248,25.8133
14277,0.972371,25.7989
14278,0.977731,26.52
14279,0.973834,26.6061
14280,0.97368,24.836
14281,0.973779,24.8504
14282,0.961962,25.0117
14283,0.971395,26.5511
14284,0.97291,25.9384
14285,0.972813,25.924
14286,0.973002,25.9545
14287,0.972125,24.5494
14288,0.972018,24.53
14289,0.972231,24.5677
14290,0.971636,24.1587
14291,0.971767,24.1792
14292,0.968518,24.5159
14293,0.969369,23.1809
14294,0.96956,23.2173
14295,0.969169,23.1407
14296,0.969369,23.1809
14297,0.972883,24.9066
14298,0.967713,23.5322
14299,0.968064,23.578
14300,0.967713,23.5322
14301,0.967418,23.4851
14302,0.968957,23.7842
14303,0.969342,23.8297
14304,0.970682,24.9042
14305,0.971881,22.7796
14306,0.971727,22.7559
14307,0.972068,22.8056
14308,0.970397,24.9989
14309,0.970202,24.9723
14310,0.970596,25.0231
14311,0.970367,24.6026
14312,0.970258,24.5786
14313,0.970123,24.6355
14314,0.970367,24.6026
14315,0.961562,25.0847
14316,0.97325,25.3831
14317,0.973097,25.3594
14318,0.968992,24.3693
14319,0.969083,24.3859
14320,0.96767,25.6974
14321,0.973378,23.6883
14322,0.973464,23.7086
14323,0.973275,23.67
14324,0.973378,23.6883
14325,0.974586,25.7792
14326,0.966194,24.3005
14327,0.966323,24.3262
14328,0.966037,24.2771
14329,0.966194,24.3005
14330,0.971391,25.4655
14331,0.969498,24.6066
14332,0.972147,25.3202
14333,0.969607,24.5546
14334,0.969835,24.5839
14335,0.969872,23.7736
14336,0.96953,23.7113
14337,0.960708,24.5474
14338,0.972489,24.3546
14339,0.970744,24.956
14340,0.970691,24.9444
14341,0.971988,21.9972
14342,0.974,21.2473
14343,0.969401,23.5835
14344,0.973966,25.411
14345,0.976015,24.7979
14346,0.973211,24.9943
14347,0.972946,24.9401
14348,0.963375,24.238
14349,0.968425,24.2521
14350,0.971584,25.0559
14351,0.971246,25.023
14352,0.968601,24.4348
14353,0.969074,24.4008
14354,0.968842,24.3558
14355,0.972258,22.971
14356,0.972178,22.9499
14357,0.972353,22.9909
14358,0.972258,22.971
14359,0.973543,23.4683
14360,0.967337,23.5743
14361,0.964673,22.8691
14362,0.964896,23.1179
14363,0.982518,25.5785
14364,0.982353,25.562
14365,0.982672,25.5948
14366,0.982518,25.5785
14367,0.970727,24.5799
14368,0.960894,20.9169
14369,0.960703,20.8873
14370,0.961076,20.949
14371,0.986012,21.7694
14372,0.981583,29.2091
14373,0.979831,25.8364
14374,0.981531,29.1981
14375,0.982709,29.314
14376,0.981583,29.2091
14377,0.982099,23.3926
14378,0.968903,24.374
14379,0.96744,24.4036
14380,0.98945,21.4921
14381,0.98957,21.5094
14382,0.979685,19.7449
14383,0.979426,19.7066
14384,0.964436,22.9247
14385,0.969054,22.8011
14386,0.969209,22.8364
14387,0.969054,22.8011
14388,0.968891,22.7605
14389,0.961301,20.463
14390,0.963901,19.5598
14391,0.978064,26.314
14392,0.978112,26.3234
14393,0.978064,26.314
14394,0.978012,26.3045
14395,0.97154,24.1971
14396,0.971225,24.1459
14397,0.971906,24.2533
14398,0.970853,23.6421
14399,0.970595,23.6105
14400,0.968619,22.7842
14401,0.968401,22.75
14402,0.971343,23.9335
14403,0.971447,23.952
14404,0.971242,23.9176
14405,0.968894,23.8283
14406,0.969109,23.8517
14407,0.990994,21.5818
14408,0.990652,21.5237
14409,0.990659,21.6426
14410,0.990994,21.5818
14411,0.971589,23.4065
14412,0.968415,24.4199
14413,0.982731,24.9967
14414,0.983628,23.63
14415,0.967669,24.1644
14416,0.968014,24.2099
14417,0.973234,23.5439
14418,0.973073,23.5162
14419,0.97338,23.569
14420,0.973234,23.5439
14421,0.972005,25.2725
14422,0.969777,24.6272
14423,0.985799,19.6602
14424,0.974079,21.4172
14425,0.973973,21.393
14426,0.974203,21.4414
14427,0.971304,24.0556
14428,0.971184,24.0321
14429,0.971412,24.0829
14430,0.971304,24.0556
14431,0.961417,21.452
14432,0.961207,21.4184
14433,0.961659,21.4899
14434,0.961417,21.452
14435,0.969789,23.4503
14436,0.978337,26.8801
14437,0.978179,26.8534
14438,0.972571,23.6399
14439,0.984295,25.3235
14440,0.977522,26.3217
14441,0.992727,25.9194
14442,0.980105,25.8707
14443,0.979995,25.8565
14444,0.980208,25.8854
14445,0.988028,21.2178
14446,0.987826,21.1813
14447,0.988222,21.2541
14448,0.988028,21.2178
14449,0.99072,21.696
14450,0.976635,21.9398
14451,0.976555,21.9229
14452,0.97672,21.9566
14453,0.970891,24.7096
14454,0.970792,24.695
14455,0.970981,24.7243
14456,0.980383,19.3705
14457,0.987376,20.7057
14458,0.973422,25.3636
14459,0.97334,25.3479
14460,0.986475,23.0623
14461,0.98669,23.2345
14462,0.975356,21.279
14463,0.97516,21.2417
14464,0.975545,21.3115
14465,0.973928,21.8902
14466,0.96664,23.1091
14467,0.967125,19.3928
14468,0.966958,19.3661
14469,0.97466,21.7501
14470,0.974839,21.7774
14471,0.97451,21.7213
14472,0.991667,21.8457
14473,0.966414,23.0432
14474,0.966167,23.0102
14475,0.975784,23.6664
14476,0.986794,22.7379
14477,0.976426,26.9817
14478,0.982558,23.1761
14479,0.982757,23.1999
14480,0.982558,23.1761
14481,0.992362,25.1727
14482,0.974879,23.5828
14483,0.974717,23.5553
14484,0.983446,21.8121
14485,0.983111,21.773
14486,0.98377,21.8498
14487,0.992624,22.0293
14488,0.986182,20.8165
14489,0.986111,20.8008
14490,0.986258,20.831
14491,0.994669,21.388
14492,0.97958,22.4316
14493,0.988815,21.374
14494,0.985178,21.5078
14495,0.989769,20.768
14496,0.989641,20.7486
14497,0.989898,20.7859
14498,0.977269,21.0686
14499,0.988301,19.8545
14500,0.986746,19.9153
14501,0.991465,25.2563
14502,0.99134,25.2313
14503,0.991576,25.2818
14504,0.991465,25.2563
14505,0.987136,29.4711
14506,0.98835,26.2915
14507,0.987039,29.4539
14508,0.987641,29.6084
14509,0.987136,29.4711
14510,0.987136,29.4711
14511,0.994063,23.369
14512,0.993957,23.3549
14513,0.994181,23.3842
14514,0.994063,23.369
14515,1.0015,26.3114
14516,1.0014,26.2959
14517,0.986678,23.0637
14518,1.00367,26.1527
14519,0.999273,23.1737
14520,1.00354,26.1395
14521,1.00501,26.2392
14522,1.00367,26.1527
14523,0.988764,21.4502
14524,0.988901,21.4698
14525,0.99003,21.944
14526,0.990148,21.9628
14527,0.989932,21.924
14528,0.991153,22.2884
14529,0.991653,24.8226
14530,0.988615,21.3252
14531,0.9889,21.4374
14532,0.999609,21.9531
14533,0.990709,21.698
14534,0.992351,21.1161
14535,0.991026,20.5221
14536,0.991081,20.5318
14537,0.990973,20.5118
14538,0.991026,20.5221
14539,0.999702,21.8121
14540,0.983607,19.4649
14541,0.983524,19.4441
14542,0.983705,19.4864
14543,0.983607,19.4649
14544,0.986063,20.7438
14545,0.991725,20.3724
14546,0.992057,21.5072
14547,1.01208,23.3989
14548,1.02187,24.1725
14549,0.989487,23.1199
14550,0.989392,25.4984
14551,0.989158,25.477
14552,1.00175,26.7495
14553,0.992436,23.3885
14554,0.992683,23.4274
14555,0.992436,23.3885
14556,0.984129,25.5053
14557,0.999445,25.5209
14558,0.999296,25.4959
14559,0.994849,20.5588
14560,0.994802,20.5521
14561,0.994889,20.5654
14562,0.994849,20.5588
14563,1.01091,25.0614
14564,1.01014,21.8574
14565,1.01075,25.0436
14566,1.01167,25.1864
14567,1.01091,25.0614
14568,0.991947,21.0644
14569,0.991858,21.0484
14570,1.01888,29.2247
14571,1.01807,26.2467
14572,1.01468,22.9705
14573,1.01869,29.1937
14574,1.03081,30.1891
14575,1.01369,25.7118
14576,1.01807,26.2467
14577,1.00718,24.793
14578,0.99339,21.3833
14579,1.00701,24.7645
14580,1.00834,24.9152
14581,1.00718,24.793
14582,1.00215,20.6574
14583,1.00209,20.6465
14584,1.01006,20.884
14585,1.01166,20.8149
14586,1.02,23.4477
14587,1.01822,22.0208
14588,1.01983,23.421
14589,1.02118,23.5456
14590,1.02,23.4477
14591,0.99985,20.433
14592,0.999697,20.3973
14593,1.00507,22.0504
14594,1.00814,20.6363
14595,0.996858,20.5411
14596,0.996699,20.5193
14597,0.996989,20.5609
14598,0.996858,20.5411
14599,0.988459,26.1072
14600,0.988385,26.0915
14601,0.988535,26.1225
14602,0.988459,26.1072
14603,1.0115,24.1626
14604,1.01137,24.1486
14605,1.00677,26.7823
14606,1.00033,20.7204
14607,1.01161,21.6341
14608,0.999525,21.9134
14609,0.997037,20.4436
14610,0.996804,20.3911
14611,0.996306,20.5097
14612,1.00064,21.3524
14613,1.00397,21.8254
14614,1.01145,25.2306
14615,1.00906,22.3709
14616,1.01135,25.2129
14617,1.01244,25.3708
14618,1.01145,25.2306
14619,1.01145,25.2306
14620,1.01327,25.4602
14621,1.00731,23.0951
14622,1.01348,25.5726
14623,1.01314,25.4391
14624,1.01327,25.4602
14625,1.00253,25.9371
14626,1.00281,26.647
14627,1.00271,26.6244
14628,1.0029,26.6699
14629,1.00281,26.647
14630,1.00608,23.8566
14631,1.00599,23.8343
14632,1.00029,26.1796
14633,1.0034,26.6935
14634,1.00318,26.6568
14635,1.00229,24.8679
14636,1.00078,27.1308
14637,1.0093,27.1146
14638,1.01138,24.5536
14639,1.00236,26.1647
14640,1.0055,27.1537
14641,1.00562,27.175
14642,1.00248,21.3262
14643,1.00233,21.297
14644,0.992823,20.2727
14645,0.992598,20.2371
14646,0.992643,20.3118
14647,0.992823,20.2727
14648,0.998622,21.7972
14649,1.01201,21.5851
14650,0.997196,20.973
14651,0.997085,20.9562
14652,0.997303,20.9892
14653,1.01442,24.8563
14654,1.00338,26.2537
14655,1.00345,26.2703
14656,1.01249,24.6264
14657,1.01235,24.61
14658,1.01261,24.6437
14659,1.01249,24.6264
14660,1.00734,26.08
14661,0.993648,25.9389
14662,0.993562,25.9214
14663,1.00489,26.402
14664,1.00482,26.3916
14665,1.00543,30.2178
14666,0.998469,27.9439
14667,1.00536,30.2082
14668,1.0074,30.3324
14669,1.00543,30.2178
14670,1.00543,30.2178
14671,1.01417,21.8685
14672,1.01071,21.5375
14673,0.993395,20.3646
14674,0.993506,20.3812
14675,0.993284,20.348
14676,0.993395,20.3646
14677,1.0129,33.3324
14678,1.01748,32.9937
14679,1.002,26.1464
14680,1.0019,26.1277
14681,1.00213,26.1637
14682,1.02176,24.1926
14683,1.02039,23.957
14684,1.02026,23.939
14685,1.01403,24.7883
14686,1.01469,21.7393
14687,1.00712,21.3146
14688,1.02452,21.0674
14689,1.00318,21.6706
14690,1.00746,21.7727
14691,1.00755,21.7913
14692,1.00746,21.7727
14693,1.00746,21.7727
14694,1.01379,21.3994
14695,1.0137,21.3831
14696,1.01282,22.2501
14697,1.01275,22.234
14698,1.01203,21.0129
14699,1.01518,21.8206
14700,1.03349,20.6464
14701,1.00589,21.005
14702,1.00598,21.0184
14703,1.00589,21.005
14704,1.00581,20.9921
14705,1.01264,21.8565
14706,1.01252,21.8424
14707,1.01276,21.8693
14708,1.00895,20.6518
14709,1.02572,22.5056
14710,1.01707,21.5931
14711,1.0265,22.5788
14712,1.02553,22.4737
14713,1.02572,22.5056
14714,1.02572,22.5056
14715,1.00325,26.9827
14716,1.01127,25.6874
14717,1.01138,25.7053
14718,1.01115,25.6714
14719,1.01127,25.6874
14720,1.00398,26.9695
14721,1.00846,24.0303
14722,1.016,25.3196
14723,1.01589,25.3023
14724,1.0148,20.9459
14725,1.00896,21.606
14726,1.0089,21.594
14727,1.01204,21.072
14728,1.01215,21.0941
14729,1.01829,23.8302
14730,0.988279,21.593
14731,0.98853,21.6137
14732,0.988047,21.5717
14733,1.02777,23.782
14734,1.03044,23.0448
14735,1.00304,26.3563
14736,0.995191,23.4076
14737,1.00285,26.3268
14738,1.00426,26.52
14739,1.00304,26.3563
14740,1.00304,26.3563
14741,1.01823,25.4476
14742,1.01836,25.461
14743,1.01823,25.4476
14744,1.02116,25.9474
14745,1.00914,25.8037
14746,1.00928,25.8287
14747,1.00898,25.7782
14748,1.0067,23.8279
14749,1.01768,26.7878
14750,1.01757,26.7705
14751,1.01777,26.8049
14752,1.01768,26.7878
14753,1.01397,26.6913
14754,1.01411,26.7084
14755,1.01623,25.1628
14756,1.01562,26.9025
14757,1.01802,26.8362
14758,1.01994,25.99
14759,1.0198,25.9682
14760,1.00778,26.8857
14761,1.02706,28.1747
14762,1.02695,28.1557
14763,1.02718,28.1939
14764,1.01559,25.3269
14765,1.01539,25.3522
14766,1.02409,28.8416
14767,1.02413,28.7916
14768,1.02405,28.7816
14769,1.02421,28.8014
14770,1.01588,25.9155
14771,1.01582,25.9048
14772,1.01595,25.9258
14773,1.02512,35.2451
14774,1.0211,32.7917
14775,1.02106,32.7855
14776,1.02685,34.4143
14777,1.02681,34.4078
14778,1.00561,33.5411
14779,1.02087,25.6799
14780,1.02062,25.6465
14781,1.01133,24.2721
14782,1.01561,23.9171
14783,1.01534,23.8805
14784,1.0225,23.9759
14785,1.01444,24.4296
14786,1.01433,24.4152
14787,1.02871,24.5086
14788,1.02863,24.4964
14789,1.02879,24.5204
14790,1.01319,23.6285
14791,1.0222,21.0069
14792,1.02213,20.994
14793,1.02228,21.0188
14794,1.01901,21.1393
14795,1.01912,21.1511
14796,1.01141,31.0168
14797,1.02489,29.0276
14798,1.01131,31.1165
14799,1.01141,31.0168
14800,1.01131,31.0034
14801,1.01141,31.0168
14802,1.02503,28.8706
14803,1.02508,28.8841
14804,1.01983,27.2178
14805,1.01971,27.2036
14806,1.01289,24.0705
14807,1.01298,24.0867
14808,1.01282,24.055
14809,1.02375,24.1196
14810,1.02384,24.1344
14811,1.05457,25.0772
14812,1.05448,25.0627
14813,1.01469,24.1114
14814,1.01481,24.1263
14815,1.01634,22.3853
14816,1.02342,25.6544
14817,1.02307,24.8989
14818,1.02336,25.6418
14819,1.02334,25.6422
14820,1.02368,25.7113
14821,1.02342,25.6544
14822,1.01629,25.1441
14823,1.01767,25.4471
14824,1.02054,22.5248
14825,1.01491,24.8813
14826,1.01453,24.8353
14827,1.02268,22.8741
14828,1.0228,22.8988
14829,1.02254,22.8482
14830,1.02268,22.8741
14831,1.02255,25.018
14832,1.02062,26.022
14833,1.02378,25.9373
14834,1.0237,25.7422
14835,1.02273,27.4896
14836,1.01291,30.8101
14837,1.02685,27.835
14838,1.01396,30.9714
14839,1.01268,30.7891
14840,1.01291,30.8101
14841,1.01291,30.8101
14842,1.02292,25.7934
14843,1.02315,25.8257
14844,1.02271,25.7641
14845,1.02579,26.0282
14846,1.02568,26.0065
14847,1.02578,26.0279
14848,1.02588,26.0534
14849,1.03322,36.869
14850,1.02076,37.831
14851,1.02082,37.8452
14852,1.03067,34.064
14853,1.04169,35.3565
14854,1.03058,34.0528
14855,1.03042,34.0267
14856,1.03067,34.064
14857,1.04142,34.7397
14858,1.01592,21.6172
14859,1.0427,20.467
14860,1.04282,20.4835
14861,1.04257,20.4501
14862,1.0427,20.467
14863,1.02577,21.0902
14864,1.02568,21.0673
14865,1.05346,23.926
14866,1.05327,23.8972
14867,1.03652,23.0595
14868,1.03049,23.3386
14869,1.03062,23.3588
14870,1.02773,21.4287
14871,1.03127,22.2095
14872,1.03111,22.1869
14873,1.02335,22.3882
14874,1.02303,22.3206
14875,1.01676,25.1128
14876,1.01651,25.2125
14877,1.0212,22.6916
14878,1.02211,22.3857
14879,1.03707,34.9629
14880,1.03197,34.8535
14881,1.04806,33.7399
14882,1.03059,33.3826
14883,1.03016,34.5216
14884,1.03043,33.3659
14885,1.03087,33.3497
14886,1.03059,33.3826
14887,1.03059,33.3826
14888,1.03925,31.3069
14889,1.02447,27.4632
14890,1.02442,27.4551
14891,1.02473,29.7907
14892,1.02468,29.7832
14893,1.02473,29.7903
14894,1.02686,29.4664
14895,1.03678,31.2843
14896,1.03673,31.2765
14897,1.02429,21.0405
14898,1.02348,22.1723
14899,1.02534,22.3868
14900,1.03237,22.0236
14901,1.03222,22.0082
14902,1.04918,47.3515
14903,1.04917,47.3488
14904,1.04919,47.354
14905,1.0219,26.1217
14906,1.02357,28.3998
14907,1.0234,28.3842
14908,1.02377,28.417
14909,1.02318,26.7785
14910,1.02308,26.7595
14911,1.02329,26.7971
14912,1.02318,26.7785
14913,1.01647,31.438
14914,1.02379,30.1942
14915,1.01654,31.5092
14916,1.01636,31.4201
14917,1.01647,31.438
14918,1.02467,27.4344
14919,1.02171,22.8385
14920,1.02155,22.8167
14921,1.02138,23.5676
14922,1.02105,22.205
14923,1.02122,25.3667
14924,1.02109,25.3439
14925,1.01983,25.2365
14926,1.02007,25.292
14927,1.01983,25.2365
14928,1.02045,24.9812
14929,1.02199,22.5886
14930,1.0221,22.6138
14931,1.02185,22.5658
14932,1.02199,22.5886
14933,1.03389,23.6541
14934,1.04317,21.5785
14935,1.03499,23.7628
14936,1.03367,23.6348
14937,1.03389,23.6541
14938,1.03389,23.6541
14939,1.02808,22.4471
14940,1.0282,22.4621
14941,1.02808,22.4471
14942,1.01858,25.9542
14943,1.02728,22.9749
14944,1.0184,25.9275
14945,1.01935,26.0943
14946,1.01858,25.9542
14947,1.02916,22.2185
14948,1.02089,22.535
14949,1.01984,22.3217
14950,1.01964,22.2856
14951,1.07446,16.5232
14952,1.05598,18.7099
14953,1.06951,16.7945
14954,1.05588,18.6943
14955,1.05611,18.8034
14956,1.05598,18.7099
14957,1.06724,17.2004
14958,1.06737,17.2138
14959,1.06711,17.1863
14960,1.0628,17.3597
14961,1.04095,36.1492
14962,1.03584,38.7116
14963,1.03985,34.4454
14964,1.0398,34.4327
14965,1.01999,42.0607
14966,1.03085,40.6624
14967,1.04345,20.5613
14968,1.04543,19.9039
14969,1.04533,19.884
14970,1.03817,21.4061
14971,1.03803,21.3875
14972,1.03514,21.5635
14973,1.02955,22.0876
14974,1.04266,20.4692
14975,1.02943,22.0696
14976,1.03003,22.2036
14977,1.02955,22.0876
14978,1.03101,22.9293
14979,1.03112,22.9426
14980,1.02932,22.2598
14981,1.02923,22.2468
14982,1.02251,23.2501
14983,1.02321,23.1329
14984,1.02332,23.1509
14985,1.02346,22.9119
14986,1.02336,22.8932
14987,1.03024,22.6197
14988,1.03014,22.6028
14989,1.0279,22.7078
14990,1.02753,25.6007
14991,1.03624,22.2327
14992,1.02803,25.7475
14993,1.02741,25.5829
14994,1.02753,25.6007
14995,1.02597,25.4891
14996,1.03202,23.1998
14997,1.02638,25.596
14998,1.02588,25.4709
14999,1.02597,25.4891
15000,1.02597,25.4891
15001,1.02476,24.9713
15002,1.02931,26.7085
15003,1.02919,26.6901
15004,1.02945,26.728
15005,1.07677,17.093
15006,1.07671,17.0836
15007,1.07746,17.5605
15008,1.07491,16.6584
15009,1.07499,16.6729
15010,1.02052,22.381
15011,1.02957,26.5718
15012,1.02952,26.5607
15013,1.02963,26.584
15014,1.02957,26.5718
15015,1.04452,20.0584
15016,1.04466,20.0753
15017,1.04452,20.0584
15018,1.0444,20.0421
15019,1.05536,18.0533
15020,1.04004,21.2501
15021,1.04508,20.4428
15022,1.03991,21.2342
15023,1.0404,21.3037
15024,1.04004,21.2501
15025,1.05402,18.2434
15026,1.05412,18.258
15027,1.02904,21.4204
15028,1.02897,21.4136
15029,1.029,21.4143
15030,1.02916,21.4326
15031,1.04122,21.7182
15032,1.04142,31.9387
15033,1.04135,31.9267
15034,1.04149,31.9527
15035,1.04142,31.9387
15036,1.0306,27.2288
15037,1.03047,27.2055
15038,1.03072,27.2527
15039,1.03716,30.7663
15040,1.03789,31.293
15041,1.03801,31.3138
15042,1.03612,30.4452
15043,1.036,30.4257
15044,1.02892,30.712
15045,1.03649,32.3069
15046,1.02772,30.6857
15047,1.02874,30.6843
15048,1.02892,30.712
15049,1.02892,30.712
15050,1.02902,31.342
15051,1.03411,30.7795
15052,1.02905,31.4005
15053,1.02887,31.3063
15054,1.02902,31.342
15055,1.03379,30.72
15056,1.03396,30.7413
15057,1.03364,30.6992
15058,1.02346,25.9645
15059,1.02335,25.95
15060,1.02239,25.919
15061,1.02232,25.9037
15062,1.02245,25.9353
15063,1.02086,25.7837
15064,1.02294,25.755
15065,1.02282,25.7407
15066,1.02305,25.7701
15067,1.07456,17.0489
15068,1.06643,16.7768
15069,1.06664,16.815
15070,1.06622,16.7425
15071,1.06992,16.976
15072,1.06982,16.9606
15073,1.05695,18.3357
15074,1.05711,18.2414
15075,1.057,18.2263
15076,1.07389,16.5119
15077,1.07383,16.504
15078,1.07054,15.9704
15079,1.04562,32.2036
15080,1.04552,32.189
15081,1.04573,32.2193
15082,1.04562,32.2036
15083,1.03207,33.3049
15084,1.03771,34.8146
15085,1.03165,33.272
15086,1.03195,33.29
15087,1.03207,33.3049
15088,1.03721,35.8009
15089,1.03729,35.8184
15090,1.03711,35.7856
15091,1.03981,36.0072
15092,1.02266,24.7896
15093,1.02256,24.7705
15094,1.02276,24.807
15095,1.02136,24.9007
15096,1.02122,24.8824
15097,1.02131,24.8919
15098,1.02354,22.6443
15099,1.05893,18.23
15100,1.06551,16.8485
15101,1.06457,17.8779
15102,1.06581,17.2155
15103,1.07544,17.4475
15104,1.07539,17.4408
15105,1.02061,25.6492
15106,1.02057,25.643
15107,1.02065,25.6554
15108,1.06968,15.2529
15109,1.07027,16.2835
15110,1.07027,15.5247
15111,1.07019,15.5111
15112,1.07035,15.5397
15113,1.05943,18.3212
15114,1.06729,16.7116
15115,1.05932,18.3071
15116,1.05942,18.4271
15117,1.05943,18.3212
15118,1.0423,21.9833
15119,1.04141,21.5662
15120,1.04135,21.5549
15121,1.04147,21.5778
15122,1.04141,21.5662
15123,1.0403,21.7265
15124,1.04022,21.715
15125,1.04039,21.7371
15126,1.03689,23.3776
15127,1.0214,24.9843
15128,1.0303,21.9782
15129,1.03019,21.9641
15130,1.0304,21.994
15131,1.0303,21.9782
15132,1.0303,22.6011
15133,1.03388,24.2612
15134,1.03379,24.2461
15135,1.034,24.2772
15136,1.03388,24.2612
15137,1.07261,12.9211
15138,1.07246,13.5808
15139,1.07238,13.5687
15140,1.0736,11.7664
15141,1.0666,12.1258
15142,1.03275,22.9191
15143,1.05297,18.5916
15144,1.05288,18.5783
15145,1.0605,17.975
15146,1.06374,16.954
15147,1.07656,16.8092
15148,1.07016,11.1057
15149,1.03062,21.7626
15150,1.03737,24.1078
15151,1.02308,24.8064
15152,1.02104,24.1178
15153,1.03029,21.8144
15154,1.0305,21.8529
15155,1.03029,21.8144
15156,1.07451,16.7255
15157,1.07466,16.7493
15158,1.07229,16.6785
15159,1.07212,16.6548
15160,1.07246,16.7031
15161,1.07229,16.6785
15162,1.07082,16.8433
15163,1.07075,16.8291
15164,1.07089,16.8582
15165,1.07287,16.3393
15166,1.0729,16.4233
15167,1.06764,16.8396
15168,1.06222,17.1081
15169,1.06229,17.1179
15170,1.06447,10.6854
15171,1.06029,10.2909
15172,1.07272,12.1863
15173,1.06203,10.8082
15174,1.07563,11.8132
15175,1.0755,11.8019
15176,1.07574,11.8252
15177,1.07563,11.8132
15178,1.07794,11.6683
15179,1.07815,11.6991
15180,1.07769,11.6321
15181,1.03055,22.2514
15182,1.03047,22.2384
15183,1.02663,22.7854
15184,1.02671,22.7983
15185,1.02655,22.7742
15186,1.03484,22.7637
15187,1.03476,22.7516
15188,1.03593,29.6636
15189,1.03703,28.1494
15190,1.03092,26.9889
15191,1.03103,27.007
15192,1.0392,30.5826
15193,1.03909,30.5567
15194,1.03932,30.6083
15195,1.03794,29.7567
15196,1.00926,42.9001
15197,1.00924,42.8972
15198,1.00927,42.9031
15199,1.00926,42.9001
15200,1.07073,11.4997
15201,1.07063,11.4865
15202,1.07019,11.5194
15203,1.07073,11.4997
15204,1.06836,14.0936
15205,1.06528,13.3236
15206,1.06512,13.2953
15207,1.06989,14.1507
15208,1.06969,14.1251
15209,1.07005,14.1759
15210,1.06989,14.1507
15211,1.06975,14.8176
15212,1.06213,9.60926
15213,1.06149,10.3664
15214,1.04543,21.1593
15215,1.04534,21.1449
15216,1.0455,21.1735
15217,1.0449,20.2422
15218,1.0448,20.2295
15219,1.0539,19.27
15220,1.0453,20.2752
15221,1.04516,20.2601
15222,1.04544,20.2889
15223,1.04562,21.1504
15224,1.04794,20.5781
15225,1.04551,21.1372
15226,1.04575,21.1906
15227,1.04562,21.1504
15228,1.02866,22.9784
15229,1.03544,23.2602
15230,1.03535,23.2457
15231,1.03428,22.0014
15232,1.02977,22.2104
15233,1.03147,22.3606
15234,1.06966,16.8037
15235,1.06975,16.8163
15236,1.07107,16.9977
15237,1.07355,17.1289
15238,1.06908,16.8147
15239,1.06898,16.7986
15240,1.06921,16.8302
15241,1.08435,9.53957
15242,1.09246,11.2682
15243,1.06958,12.5487
15244,1.06948,12.5331
15245,1.06913,11.9137
15246,1.06926,11.9309
15247,1.0382,29.2803
15248,1.03816,29.2745
15249,1.03626,30.4202
15250,1.03623,30.4155
15251,1.03281,21.7851
15252,1.03311,21.659
15253,1.033,21.6454
15254,1.03321,21.6724
15255,1.02894,24.3498
15256,1.02876,24.322
15257,1.02879,25.0081
15258,1.02871,24.9912
15259,1.0297,29.158
15260,1.04347,29.4186
15261,1.02954,29.1379
15262,1.03073,29.1508
15263,1.0297,29.158
15264,1.0297,29.158
15265,1.02934,24.0521
15266,1.02919,24.0192
15267,1.02949,24.0856
15268,1.06995,16.9337
15269,1.07009,16.9658
15270,1.08147,18.6681
15271,1.07084,16.9983
15272,1.0707,16.9823
15273,1.04302,23.6074
15274,1.04315,23.6292
15275,1.04302,23.6074
15276,1.03648,22.7501
15277,1.03789,22.5555
15278,1.03653,23.006
15279,1.04556,22.7983
15280,1.0455,22.787
15281,1.04563,22.8087
15282,1.03425,22.8134
15283,1.03205,22.4578
15284,1.03809,23.8688
15285,1.0299,24.2417
15286,1.03585,23.303
15287,1.03577,23.2878
15288,1.03591,23.3187
15289,1.03595,27.9236
15290,1.03273,26.4568
15291,1.03585,27.9083
15292,1.0364,27.9899
15293,1.03595,27.9236
15294,1.06836,11.7542
15295,1.06771,11.8065
15296,1.07264,12.3289
15297,1.07256,12.3136
15298,1.07273,12.3444
15299,1.08516,11.3888
15300,1.07463,12.0974
15301,1.07446,12.0703
15302,1.07479,12.1248
15303,1.07463,12.0974
15304,1.08076,9.15783
15305,1.06687,12.0201
15306,1.06679,12.0074
15307,1.08065,11.5801
15308,1.05899,10.3178
15309,1.05887,10.3065
15310,1.0591,10.3307
15311,1.07632,9.58489
15312,1.03067,32.983
15313,1.04425,33.6895
15314,1.0309,32.9768
15315,1.03067,32.983
15316,1.0305,32.9689
15317,1.03067,32.983
15318,1.04433,36.9086
15319,1.03578,30.959
15320,1.04221,30.5868
15321,1.04214,30.5702
15322,1.04228,30.6031
15323,1.03723,24.4009
15324,1.02521,25.3245
15325,1.02852,25.9985
15326,1.02837,25.98
15327,1.02866,26.0182
15328,1.02852,25.9985
15329,1.03334,23.7033
15330,1.07542,17.377
15331,1.08096,18.7147
15332,1.06588,18.6022
15333,1.06579,18.5882
15334,1.07215,17.6106
15335,1.03913,24.2991
15336,1.04381,22.5092
15337,1.03903,24.2845
15338,1.03895,24.4083
15339,1.03913,24.2991
15340,1.03913,24.2991
15341,1.04949,21.406
15342,1.04932,21.3746
15343,1.0448,24.8034
15344,1.04288,22.2172
15345,1.04304,22.2416
15346,1.07158,12.4015
15347,1.07066,12.8959
15348,1.07053,12.8748
15349,1.07098,12.5494
15350,1.0885,11.0621
15351,1.08823,11.0288
15352,1.06613,14.4156
15353,1.06601,14.396
15354,1.06624,14.4371
15355,1.08326,8.51054
15356,1.08321,8.50191
15357,1.07651,9.71678
15358,1.07639,9.70001
15359,1.07664,9.73458
15360,1.07651,9.71678
15361,1.04282,33.9949
15362,1.04256,35.1838
15363,1.04382,33.762
15364,1.04389,33.7775
15365,1.04375,33.7487
15366,1.04721,30.737
15367,1.06003,18.4668
15368,1.07362,16.7262
15369,1.05961,18.4153
15370,1.06042,18.5869
15371,1.06003,18.4668
15372,1.06003,18.4668
15373,1.06768,15.209
15374,1.06758,15.1947
15375,1.06678,14.7648
15376,1.07861,17.9211
15377,1.06994,15.4544
15378,1.07271,17.1621
15379,1.05696,9.2873
15380,1.05684,9.2725
15381,1.09192,11.2178
15382,1.09225,11.2661
15383,1.09161,11.1685
15384,1.09192,11.2178
15385,1.05799,10.1384
15386,1.0579,10.1205
15387,1.05808,10.1549
15388,1.05799,10.1384
15389,1.06751,13.2189
15390,1.06523,13.0771
15391,1.0676,15.6188
15392,1.06748,15.6057
15393,1.0671,14.0571
15394,1.07082,12.6403
15395,1.07071,12.6264
15396,1.07738,9.4943
15397,1.07731,9.48394
15398,1.07248,10.1019
15399,1.07334,11.732
15400,1.07341,11.7427
15401,1.06644,10.1814
15402,1.06631,10.1629
15403,1.06656,10.2014
15404,1.0565,8.60133
15405,1.05663,8.62665
15406,1.05983,9.37589
15407,1.05994,9.39196
15408,1.0597,9.35982
15409,1.05964,10.2215
15410,1.05556,9.45431
15411,1.07448,12.2384
15412,1.07068,10.481
15413,1.056,9.65459
15414,1.05587,9.63965
15415,1.05612,9.66942
15416,1.056,9.65459
15417,1.05844,10.1786
15418,1.05833,10.1641
15419,1.05857,10.1935
15420,1.07361,17.5071
15421,1.06712,17.0753
15422,1.05203,20.4622
15423,1.06657,19.1224
15424,1.05229,20.5345
15425,1.05194,20.4476
15426,1.05203,20.4622
15427,1.06372,18.1936
15428,1.04111,23.0118
15429,1.04332,23.065
15430,1.03955,23.1521
15431,1.03256,22.5299
15432,1.03265,22.5438
15433,1.03245,22.5155
15434,1.03256,22.5299
15435,1.04215,22.8118
15436,1.04005,23.1787
15437,1.03998,23.1657
15438,1.04012,23.1928
15439,1.05319,21.607
15440,1.05312,21.5938
15441,1.04724,21.7086
15442,1.04715,21.6954
15443,1.04733,21.7229
15444,1.05137,21.8102
15445,1.05962,9.37178
15446,1.05755,9.22287
15447,1.05738,9.20655
15448,1.05744,9.20699
15449,1.05783,9.25357
15450,1.05729,9.01708
15451,1.05716,9.0007
15452,1.05902,10.4386
15453,1.0583,10.2379
15454,1.05661,9.16144
15455,1.05636,9.12648
15456,1.07946,9.14168
15457,1.058,8.68059
15458,1.05781,8.66027
15459,1.05817,8.70222
15460,1.08702,10.6623
15461,1.08711,10.6725
15462,1.08702,10.6623
15463,1.08692,10.6521
15464,1.07123,11.0828
15465,1.06774,12.9144
15466,1.06761,12.9035
15467,1.0703,14.2872
15468,1.07864,12.0592
15469,1.0784,12.2678
15470,1.07834,12.2559
15471,1.07307,17.3527
15472,1.07301,17.3384
15473,1.07313,17.3681
15474,1.07307,17.3527
15475,1.07509,17.4907
15476,1.07498,17.4778
15477,1.07521,17.5053
15478,1.07188,16.1665
15479,1.06391,15.3184
15480,1.07754,17.7504
15481,1.0706,9.3953
15482,1.0729,10.8879
15483,1.07274,10.8724
15484,1.07572,10.3493
15485,1.07547,10.3234
15486,1.07599,10.3752
15487,1.08425,9.03021
15488,1.05389,29.2369
15489,1.05384,29.2314
15490,1.04244,24.7233
15491,1.04241,24.7193
15492,1.06473,14.4361
15493,1.06841,14.404
15494,1.06779,13.018
15495,1.06547,10.1431
15496,1.05581,8.69293
15497,1.05602,8.88378
15498,1.05583,8.85254
15499,1.05623,8.91506
15500,1.05602,8.88378
15501,1.0555,9.25058
15502,1.05606,9.19953
15503,1.05591,9.18334
15504,1.08506,8.67747
15505,1.0849,8.65985
15506,1.08494,9.98498
15507,1.05801,9.11536
15508,1.05776,9.07907
15509,1.05825,9.14936
15510,1.05801,9.11536
15511,1.06388,9.80019
15512,1.06417,9.838
15513,1.08551,10.2358
15514,1.06047,9.51143
15515,1.077,11.7677
15516,1.07684,11.7488
15517,1.05936,9.35516
15518,1.05923,9.33666
15519,1.05949,9.37497
15520,1.06266,9.79613
15521,1.06253,9.77813
15522,1.06281,9.81522
15523,1.06266,9.79613
15524,1.07121,10.9035
15525,1.0712,10.8364
15526,1.05008,23.5445
15527,1.05011,23.5486
15528,1.06417,21.9306
15529,1.06424,21.9383
15530,1.0641,21.9219
15531,1.06417,21.9306
15532,1.04553,23.0063
15533,1.04546,22.9991
15534,1.04559,23.0133
15535,1.04688,23.1874
15536,1.04684,23.1802
15537,1.0421,23.4675
15538,1.06823,9.60707
15539,1.06701,9.98227
15540,1.06459,9.24457
15541,1.07094,10.8319
15542,1.07086,10.8207
15543,1.06794,10.4676
15544,1.05869,21.745
15545,1.05058,21.1992
15546,1.0568,20.6645
15547,1.05089,21.2548
15548,1.05043,21.1779
15549,1.05058,21.1992
15550,1.05058,21.1992
15551,1.03835,23.8899
15552,1.05209,21.9498
15553,1.03826,23.8676
15554,1.03868,23.9714
15555,1.03835,23.8899
15556,1.04318,24.0064
15557,1.04809,23.3902
15558,1.04296,23.9718
15559,1.04355,24.0648
15560,1.04318,24.0064
15561,1.05198,21.7706
15562,1.07184,11.3
15563,1.07193,11.3089
15564,1.07184,11.3
15565,1.07742,8.81654
15566,1.08636,10.4953
15567,1.08629,10.4872
15568,1.04098,23.308
15569,1.04792,25.7531
15570,1.04806,25.7691
15571,1.04818,22.0032
15572,1.05005,25.5058
15573,1.07029,12.3585
15574,1.07021,12.3461
15575,1.07806,12.5344
15576,1.0779,12.5121
15577,1.07823,12.5575
15578,1.07936,8.66295
15579,1.06942,13.4589
15580,1.06762,13.6498
15581,1.06573,14.073
15582,1.06697,14.2748
15583,1.06678,14.2469
15584,1.06715,14.3022
15585,1.06697,14.2748
15586,1.0647,15.2379
15587,1.06459,15.2236
15588,1.07429,12.6205
15589,1.07425,12.6143
15590,1.06603,24.7568
15591,1.06584,24.7347
15592,1.06621,24.7776
15593,1.06316,24.6362
15594,1.04686,26.505
15595,1.06938,25.2088
15596,1.04674,26.4894
15597,1.04737,26.5782
15598,1.04686,26.505
15599,1.06471,24.6169
15600,1.06456,24.6015
15601,1.06485,24.6317
15602,1.06471,24.6169
15603,1.03568,24.3302
15604,1.03557,24.315
15605,1.07538,11.3036
15606,1.07354,11.1121
15607,1.07615,11.455
15608,1.07626,11.4738
15609,1.07602,11.4361
15610,1.07615,11.455
15611,1.07235,10.9759
15612,1.07259,16.5201
15613,1.08268,12.5918
15614,1.07275,16.6837
15615,1.07246,16.5003
15616,1.07259,16.5201
15617,1.07873,11.8358
15618,1.04939,21.3546
15619,1.04944,21.3628
15620,1.04939,21.3546
15621,1.07048,17.1725
15622,1.06552,17.8158
15623,1.06029,19.0063
15624,1.06025,18.9982
15625,1.06033,19.0142
15626,1.08167,12.2378
15627,1.07059,11.9697
15628,1.07043,11.9496
15629,1.07204,13.0911
15630,1.07195,13.0762
15631,1.07215,13.1061
15632,1.08785,10.8529
15633,1.07105,10.2494
15634,1.07031,12.7814
15635,1.07581,12.6089
15636,1.08586,8.52673
15637,1.08575,8.51105
15638,1.08359,11.6261
15639,1.08372,11.642
15640,1.08359,11.6261
15641,1.06899,11.6141
15642,1.07352,13.3327
15643,1.06938,25.1713
15644,1.06435,24.9189
15645,1.05801,25.6898
15646,1.06366,24.9802
15647,1.05789,25.6731
15648,1.05798,25.7379
15649,1.05801,25.6898
15650,1.07141,25.2433
15651,1.07153,25.2575
15652,1.0713,25.2294
15653,1.07141,25.2433
15654,1.07037,9.94807
15655,1.07027,9.9342
15656,1.07052,9.96687
15657,1.07034,9.94178
15658,1.07231,11.3776
15659,1.07219,11.3639
15660,1.06212,18.3626
15661,1.06863,15.7205
15662,1.06199,18.3467
15663,1.06253,18.4929
15664,1.06212,18.3626
15665,1.06328,15.0746
15666,1.06318,15.0582
15667,1.06338,15.0905
15668,1.05564,19.842
15669,1.06384,18.5695
15670,1.05552,19.8259
15671,1.05598,19.9329
15672,1.05564,19.842
15673,1.05564,19.842
15674,1.06432,18.1652
15675,1.06305,14.9028
15676,1.06982,12.7394
15677,1.07159,12.892
15678,1.07146,12.8764
15679,1.06942,11.3672
15680,1.07056,12.9572
15681,1.07637,8.77567
15682,1.07622,8.74413
15683,1.07655,8.81067
15684,1.03601,35.9229
15685,1.03286,37.8952
15686,1.03247,38.4527
15687,1.03271,37.8698
15688,1.03288,37.881
15689,1.03286,37.8952
15690,1.03286,37.8952
15691,1.03769,35.4143
15692,1.03779,35.4258
15693,1.03769,35.4143
15694,1.05049,21.7605
15695,1.05906,22.1173
15696,1.04243,24.0692
15697,1.04237,24.0581
15698,1.0763,9.09891
15699,1.07641,9.11486
15700,1.07008,10.7046
15701,1.0705,9.71436
15702,1.07053,9.71958
15703,1.07203,10.8834
15704,1.04465,24.6367
15705,1.05773,25.0525
15706,1.05535,24.3225
15707,1.05765,25.0423
15708,1.05769,25.0479
15709,1.0581,25.1064
15710,1.06107,25.2574
15711,1.05064,25.3339
15712,1.05184,29.8323
15713,1.05187,29.835
15714,1.05181,29.8296
15715,1.04987,30.1945
15716,1.04985,30.1912
15717,1.06579,17.9054
15718,1.07444,14.7523
15719,1.06569,17.8922
15720,1.06623,18.0965
15721,1.06579,17.9054
15722,1.06579,17.9054
15723,1.07044,13.7837
15724,1.06712,13.7135
15725,1.07018,12.9247
15726,1.06996,22.098
15727,1.06099,22.0022
15728,1.04701,22.7169
15729,1.06331,22.0855
15730,1.04681,22.6881
15731,1.04773,22.7934
15732,1.04701,22.7169
15733,1.06787,21.5959
15734,1.06809,21.6098
15735,1.06787,21.5959
15736,1.07083,13.2316
15737,1.07104,13.2439
15738,1.07083,13.2316
15739,1.09113,9.49255
15740,1.07035,13.7414
15741,1.0714,13.604
15742,1.07124,13.5906
15743,1.08643,9.33418
15744,1.06916,17.0662
15745,1.07287,14.2888
15746,1.06904,17.0493
15747,1.07062,17.1998
15748,1.06916,17.0662
15749,1.06916,17.0662
15750,1.06901,13.7573
15751,1.06874,17.1392
15752,1.07047,14.1706
15753,1.06857,17.1209
15754,1.06933,17.2913
15755,1.06874,17.1392
15756,1.06974,12.4533
15757,1.06335,14.8875
15758,1.06306,15.1982
15759,1.06767,13.9967
15760,1.07171,14.7228
15761,1.07178,14.7363
15762,1.07164,14.7098
15763,1.07171,14.7228
15764,1.06186,21.8378
15765,1.06192,21.8446
15766,1.0618,21.8318
15767,1.06186,21.8378
15768,1.06605,24.3406
15769,1.06612,24.3526
15770,1.06605,24.3406
15771,1.06597,24.3278
15772,1.07558,25.3742
15773,1.07298,24.954
15774,1.0729,24.9423
15775,1.07828,25.141
15776,1.07819,25.1284
15777,1.07838,25.1539
15778,1.05388,28.9809
15779,1.05543,28.8457
15780,1.0554,28.8408
15781,1.05155,29.3146
15782,1.08668,11.2474
15783,1.08665,11.243
15784,1.07271,17.0178
15785,1.07863,14.7516
15786,1.07267,17.0128
15787,1.07329,17.1205
15788,1.07271,17.0178
15789,1.08992,25.0184
15790,1.08246,24.1363
15791,1.07204,13.4823
15792,1.07194,13.1829
15793,1.0719,13.1774
15794,1.07402,13.4793
15795,1.07263,13.4528
15796,1.03819,37.0021
15797,1.04598,35.8274
15798,1.03816,36.9973
15799,1.03816,36.9974
15800,1.03809,37.0559
15801,1.03819,37.0021
15802,1.04854,35.0559
15803,1.07899,21.5649
15804,1.07901,21.5678
15805,1.05334,34.4859
15806,1.07753,23.2845
15807,1.07435,22.7887
15808,1.07434,22.7867
15809,1.07106,22.4282
15810,1.07105,22.4262
15811,1.07107,22.4303
15812,1.07106,22.4282
15813,1.09932,26.8793
15814,1.08374,24.2665
15815,1.08386,24.2805
15816,1.08362,24.2525
15817,1.08374,24.2665
15818,1.09509,26.4387
15819,1.09503,26.4293
15820,1.09515,26.4475
15821,1.09509,26.4387
15822,1.07713,29.0531
15823,1.08964,25.3891
15824,1.08629,25.2849
15825,1.08265,24.6564
15826,1.07744,23.225
15827,1.07765,23.3167
15828,1.07756,23.3045
15829,1.07774,23.33
15830,1.07597,22.9065
15831,1.07593,22.9007
15832,1.09491,20.5066
15833,1.09489,20.5018
15834,1.07615,23.6887
15835,1.07339,24.4232
15836,1.07879,23.5508
15837,1.07327,24.4014
15838,1.07354,24.4756
15839,1.07339,24.4232
15840,1.07339,24.4232
15841,1.07359,24.2776
15842,1.07652,23.7323
15843,1.07343,24.2594
15844,1.07372,24.3146
15845,1.07359,24.2776
15846,1.07359,24.2776
15847,1.07616,23.5431
15848,1.08721,24.7839
15849,1.08711,24.7707
15850,1.083,14.5895
15851,1.08413,12.7795
15852,1.08407,12.7733
15853,1.08896,27.2753
15854,1.08888,27.264
15855,1.08692,26.3407
15856,1.086,27.4425
15857,1.08681,26.3241
15858,1.08696,26.3183
15859,1.08692,26.3407
15860,1.08502,27.6253
15861,1.08496,27.6165
15862,1.08508,27.6345
15863,1.08502,27.6253
15864,1.07739,23.4947
15865,1.07552,22.7009
15866,1.07775,23.3667
15867,1.07665,23.0383
15868,1.07659,23.0272
15869,1.07669,23.0494
15870,1.07665,23.0383
15871,1.07362,24.1521
15872,1.07896,23.7195
15873,1.07352,24.1422
15874,1.07358,24.1842
15875,1.07362,24.1521
15876,1.0741,23.438
15877,1.07408,23.4344
15878,1.07412,23.4419
15879,1.07504,23.3708
15880,1.0728,21.8822
15881,1.07287,21.8942
15882,1.07272,21.8683
15883,1.0728,21.8822
15884,1.07231,21.5961
15885,1.07226,21.5867
15886,1.08562,16.5821
15887,1.08561,16.5804
15888,1.07407,23.291
15889,1.07398,23.2803
15890,1.07417,23.3037
15891,1.08993,27.3675
15892,1.09705,26.7957
15893,1.09708,26.8004
15894,1.09705,26.7957
15895,1.09702,26.791
15896,1.09226,27.3846
15897,1.07321,21.9033
15898,1.07332,21.9163
15899,1.0731,21.8899
15900,1.07372,22.0015
15901,1.07379,22.0148
15902,1.07365,21.9871
15903,1.07372,22.0015
15904,1.07462,22.1452
15905,1.07269,21.8503
15906,1.07242,21.5656
15907,1.07237,21.556
15908,1.07246,21.575
15909,1.07212,21.5654
15910,1.07194,21.5787
15911,1.0718,23.7808
15912,1.07497,22.1928
15913,1.07168,23.7624
15914,1.07237,23.8627
15915,1.0718,23.7808
15916,1.07333,21.7408
15917,1.07314,21.7256
15918,1.07247,23.7182
15919,1.07411,23.5884
15920,1.07229,23.6892
15921,1.07256,23.7551
15922,1.07247,23.7182
15923,1.07247,23.7182
15924,1.07314,21.2704
15925,1.07312,21.7464
15926,1.073,21.7288
15927,1.07269,21.7154
15928,1.07169,21.0435
15929,1.07156,21.0308
15930,1.07542,23.2968
15931,1.07566,22.2735
15932,1.07532,23.2838
15933,1.07574,23.3476
15934,1.07542,23.2968
15935,1.07542,23.2968
15936,1.07228,21.5894
15937,1.07216,21.5752
15938,1.09134,21.044
15939,1.09137,21.0497
15940,1.09131,21.0386
15941,1.07558,21.4956
15942,1.07477,22.1231
15943,1.0736,21.0056
15944,1.07355,20.999
15945,1.07365,21.0127
15946,1.0736,21.0056
15947,1.07369,21.9613
15948,1.07364,21.9549
15949,1.07375,21.9678
15950,1.07369,21.9613
15951,1.06999,27.8292
15952,1.06998,27.8279
15953,1.07683,20.8179
15954,1.0768,20.813
15955,1.07687,20.8231
15956,1.07786,20.8596
15957,1.07549,20.8864
15958,1.08892,20.4886
15959,1.0889,20.4865
15960,1.09813,19.6335
15961,1.09781,19.3282
15962,1.09653,24.5172
15963,1.09675,23.178
15964,1.09875,23.0268
15965,1.09811,23.0672
15966,1.09869,23.0191
15967,1.09888,23.0282
15968,1.09875,23.0268
15969,1.09875,23.0268
15970,1.09611,22.7888
15971,1.09838,19.568
15972,1.0984,19.5702
15973,1.09426,19.9099
15974,1.09536,19.7112
15975,1.09413,19.8898
15976,1.09434,19.9402
15977,1.09426,19.9099
15978,1.09426,19.9099
15979,1.09736,19.5303
15980,1.09727,19.5165
15981,1.0959,19.6267
15982,1.09582,19.6132
15983,1.09529,19.6603
15984,1.0952,19.6473
15985,1.09538,19.6723
15986,1.09529,19.6603
15987,1.09584,19.9174
15988,1.0956,19.9623
15989,1.09554,19.9536
15990,1.09534,19.7411
15991,1.09544,19.7544
15992,1.09526,19.7272
15993,1.09673,18.8995
15994,1.09685,18.9147
15995,1.09625,19.3108
15996,1.09613,19.2988
15997,1.09682,19.0613
15998,1.09674,19.0469
15999,1.09808,18.1592
16000,1.09588,18.4358
16001,1.09594,18.4449
16002,1.09581,18.4272
16003,1.09588,18.4358
16004,1.09763,18.5893
16005,1.09728,18.9551
16006,1.09736,18.6742
16007,1.09731,18.6658
16008,1.09296,18.8904
16009,1.09536,18.5615
16010,1.09876,17.1599
16011,1.09879,17.1637
16012,1.09876,17.1599
16013,1.09874,17.1564
16014,1.09916,17.0447
16015,1.09893,16.9247
16016,1.0989,16.9213
16017,1.1,15.7801
16018,1.09778,14.9282
16019,1.04531,14.5125
16020,1.03462,15.1316
16021,1.03903,15.3932
16022,1.0391,15.4022
16023,1.03903,15.3932
16024,1.03896,15.3833
16025,1.02105,15.1497
16026,1.09848,15.0872
16027,1.09728,15.214
16028,1.09698,14.1078
16029,1.09724,15.2097
16030,1.0985,15.082
16031,1.09734,15.236
16032,1.09728,15.214
16033,1.09583,14.282
16034,1.0932,13.3491
16035,1.09581,14.2795
16036,1.09591,14.2941
16037,1.09583,14.282
16038,1.0869,13.4642
16039,1.09958,13.5057
16040,1.08689,13.462
16041,1.08688,13.4664
16042,1.0869,13.4642
16043,1.02402,25.1545
16044,1.02359,25.1118
16045,1.02402,25.1545
16046,1.02402,25.1545
16047,0.979502,28.0655
16048,0.978765,27.7766
16049,0.979502,28.0655
16050,0.979502,28.0655
16051,1.07783,17.8484
16052,1.09033,22.0348
16053,1.07757,17.7945
16054,1.07783,17.8484
16055,1.07783,17.8484
16056,1.07783,17.8484
16057,1.07423,27.1209
16058,1.1,27.1366
16059,1.1,27.0907
16060,1.1,27.1132
16061,1.1,27.1272
16062,1.07419,27.1161
16063,1.07363,27.1332
16064,1.07423,27.1209
16065,1.07423,27.1209
16066,1.09638,26.4957
16067,1.09597,26.4915
16068,1.09638,26.4957
16069,1.09638,26.4957
16070,1.05875,10.3675
16071,1.09551,15.5818
16072,1.09428,16.8234
16073,1.1,16.1482
16074,1.0614,13.9726
16075,1.0585,10.2371
16076,1.05875,10.3675
16077,1.05875,10.3675
16078,1.05875,10.3675
16079,1.06336,18.6146
16080,1.04379,24.7437
16081,1.04379,29.4377
16082,1.06328,18.5517
16083,1.06336,18.6146
16084,1.06336,18.6146
16085,1.06336,18.6146
16086,1.02063,24.945
16087,1.02097,24.9382
16088,1.02063,24.945
16089,1.02063,24.945
16090,1.07884,12.6843
16091,1.0784,12.6685
16092,1.07884,12.6843
16093,1.07884,12.6843
16094,1.08304,17.9045
16095,1.1,21.1767
16096,1.1,19.6954
16097,1.1,21.6062
16098,1.1,21.0327
16099,1.1,19.4539
16100,1.08345,25.0306
16101,1.0795,17.6088
16102,1.08304,17.9045
16103,1.08304,17.9045
16104,1.08304,17.9045
16105,1.09634,12.8019
16106,1.09571,13.5629
16107,1.09333,9.64701
16108,1.09986,15.0637
16109,1.099,14.1285
16110,1.09634,12.8019
16111,1.09584,13.6064
16112,1.09571,13.5629
16113,1.09571,13.5629
16114,1.07346,25.6716
16115,1.09119,25.7472
16116,1.07297,25.6742
16117,1.07346,25.6716
16118,1.07346,25.6716
16119,1.07346,25.6716
16120,1.02718,24.6786
16121,1.0208,31.3535
16122,1.02708,24.6171
16123,1.02718,24.6786
16124,1.02718,24.6786
16125,1.02718,24.6786
16126,1.07109,13.5541
16127,1.04222,19.7223
16128,1.03365,21.234
16129,1.06685,20.4687
16130,1.07067,13.4067
16131,1.07109,13.5541
16132,1.07109,13.5541
16133,1.07109,13.5541
16134,1.04617,33.1442
16135,1.04616,33.1432
16136,1.0447,32.8938
16137,1.04617,33.1442
16138,1.09515,20.7824
16139,1.09671,19.9447
16140,1.1,21.6918
16141,1.0948,20.7936
16142,1.09515,20.7824
16143,1.09515,20.7824
16144,1.09515,20.7824
16145,1.1,26.2244
16146,1.09984,26.2203
16147,1.1,26.2244
16148,1.1,26.2244
16149,1.00902,24.3053
16150,1.02243,29.2713
16151,1.00887,24.2466
16152,1.00902,24.3053
16153,1.00902,24.3053
16154,1.00902,24.3053
16155,1.09542,20.1236
16156,1.09593,19.9389
16157,1.1,20.3306
16158,1.1,20.2775
16159,1.09538,20.12
16160,1.09503,20.1255
16161,1.09542,20.1236
16162,1.09542,20.1236
16163,1.09751,19.8603
16164,1.1,21.3952
16165,1.09737,19.8535
16166,1.09751,19.8603
16167,1.09751,19.8603
16168,1.09751,19.8603
16169,1.02299,41.1763
16170,0.998636,44.0071
16171,1.02299,41.1761
16172,1.02279,41.0299
16173,1.02299,41.1763
16174,1.02299,41.1763
16175,1.06618,10.269
16176,1.0687,15.8424
16177,1.07,14.5395
16178,1.06609,10.2531
16179,1.06606,10.2246
16180,1.06618,10.269
16181,1.06618,10.269
16182,1.0933,26.1497
16183,1.1,27.1925
16184,1.09318,26.1382
16185,1.0933,26.1497
16186,1.09329,26.1493
16187,1.0933,26.1497
16188,1.0968,26.3624
16189,1.09646,26.3629
16190,1.0968,26.3624
16191,1.0968,26.3624
16192,1.1,27.5664
16193,1.09962,27.5726
16194,1.09998,27.5628
16195,1.1,27.5664
16196,1.0504,35.4789
16197,1.04036,42.9343
16198,1.05039,35.4767
16199,1.05028,35.4345
16200,1.0504,35.4789
16201,1.0504,35.4789
16202,1.07543,27.0888
16203,1.06219,28.5402
16204,1.07541,27.0857
16205,1.07538,27.0425
16206,1.07543,27.0888
16207,1.07543,27.0888
16208,1.09344,26.119
16209,1.09309,26.1133
16210,1.09343,26.1184
16211,1.09344,26.119
16212,1.03198,25.0679
16213,1.03197,25.0663
16214,1.03189,25.0523
16215,1.03021,24.8431
16216,1.1,16.7198
16217,1.1,17.3083
16218,1.09968,16.6905
16219,1.1,16.7198
16220,1.1,16.7198
16221,1.1,16.7198
16222,1.07358,22.1989
16223,1.0825,20.4746
16224,1.08928,18.5197
16225,1.06388,22.5694
16226,1.08022,22.3404
16227,1.08248,20.473
16228,1.07358,22.1989
16229,1.08312,20.2691
16230,1.09877,16.1111
16231,1.09691,16.4462
16232,1.09724,16.5455
16233,1.09784,16.9123
16234,1.09877,16.1039
16235,1.09877,16.1111
16236,1.09877,16.1111
16237,1.09877,16.1111
16238,1.09689,25.9087
16239,1.1,28.5189
16240,1.09645,25.8291
16241,1.09687,25.9069
16242,1.09689,25.9087
16243,1.09689,25.9087
16244,1.087,25.6552
16245,1.08699,25.654
16246,1.08673,25.6618
16247,1.087,25.6552
16248,1.09929,19.2284
16249,1.09745,19.094
16250,1.0871,20.0615
16251,1.1,20.0968
16252,1.08386,19.584
16253,1.0989,19.1415
16254,1.09929,19.2284
16255,1.09929,19.2284
16256,1.09929,19.2284
16257,1.04788,30.4114
16258,1.04162,36.8105
16259,1.04779,30.3719
16260,1.04788,30.4114
16261,1.04788,30.4114
16262,1.04788,30.4114
16263,1.07402,17.4426
16264,1.06868,17.6315
16265,1.05857,17.8202
16266,1.07402,17.4424
16267,1.0741,17.4389
16268,1.07402,17.4426
16269,1.07402,17.4426
16270,1.1,26.2122
16271,1.09985,26.1918
16272,1.09976,26.2268
16273,1.1,26.2122
16274,1.09999,28.4678
16275,1.1,28.457
16276,1.09999,28.4678
16277,1.09999,28.4678
16278,1.09036,25.4227
16279,1.1,26.2644
16280,1.09029,25.4187
16281,1.09036,25.4227
16282,1.09036,25.4227
16283,1.09036,25.4227
16284,1.09883,16.4655
16285,1.09881,16.4616
16286,1.09883,16.4655
16287,1.09883,16.4655
16288,1.0192,27.3119
16289,1.01941,26.902
16290,1.0192,27.3119
16291,1.0192,27.3119
16292,1.08356,17.5646
16293,1.08228,17.4847
16294,1.08356,17.5646
16295,1.08356,17.5646
16296,0.983448,24.3203
16297,0.99329,30.7679
16298,0.991852,31.4464
16299,0.989267,28.694
16300,0.998199,33.9395
16301,0.983252,24.2942
16302,0.982674,24.0887
16303,0.983448,24.3203
16304,0.983448,24.3203
16305,1.03996,37.418
16306,1.02992,33.9376
16307,1.0383,34.7631
16308,1.00886,37.4534
16309,1.00418,37.6067
16310,1.00452,37.5329
16311,1.00693,37.5446
16312,1.03824,37.69
16313,1.03996,37.418
16314,1.03996,37.418
16315,1.03996,37.418
16316,1.03475,38.7734
16317,1.02856,39.4679
16318,1.03309,38.2421
16319,1.0429,39.6516
16320,1.03761,38.911
16321,1.02797,39.6468
16322,1.02856,39.4679
16323,1.03569,38.5546
16324,1.03475,38.7734
16325,1.02932,25.7544
16326,1.03476,26.2414
16327,1.03681,27.0569
16328,1.03453,27.0256
16329,1.03663,27.8117
16330,1.03567,27.4656
16331,1.02867,27.6143
16332,0.998134,32.1334
16333,1.03508,29.5154
16334,1.03328,28.187
16335,1.0364,29.5791
16336,1.0286,25.7332
16337,1.02932,25.7544
16338,1.02932,25.7544
16339,1.02932,25.7544
16340,0.976416,23.6563
16341,0.975827,23.6358
16342,0.976416,23.6563
16343,0.976416,23.6563
16344,1.02196,28.6167
16345,1.06991,29.0733
16346,1.04798,28.6125
16347,1.02143,28.617
16348,1.02196,28.6167
16349,1.02196,28.6167
16350,1.02196,28.6167
16351,1.09009,25.9685
16352,1.08979,25.9678
16353,1.09009,25.9685
16354,1.09009,25.9685
16355,1.07259,14.6271
16356,1.04815,21.4191
16357,1.08469,21.774
16358,1.07502,18.5521
16359,1.07228,14.5094
16360,1.07259,14.6271
16361,1.07259,14.6271
16362,1.07259,14.6271
16363,1.09999,26.2939
16364,1.09972,26.2956
16365,1.09999,26.2939
16366,1.09999,26.2939
16367,1.07772,12.5938
16368,1.1,13.5843
16369,1.07753,12.5877
16370,1.07772,12.5938
16371,1.07772,12.5938
16372,1.07772,12.5938
16373,1.04233,33.875
16374,1.04102,33.617
16375,1.04233,33.875
16376,1.04233,33.875
16377,1.0826,12.5008
16378,1.1,16.3968
16379,1.1,15.1084
16380,1.08212,12.4497
16381,1.0826,12.5008
16382,1.0826,12.5008
16383,1.0826,12.5008
16384,1.1,19.4875
16385,1.09234,19.7026
16386,1.09979,19.488
16387,1.1,19.4875
16388,1.1,19.4875
16389,1.1,19.4875
16390,1.07902,11.9283
16391,1.08127,15.5639
16392,1.07881,11.8658
16393,1.07902,11.9283
16394,1.07902,11.9283
16395,1.07902,11.9283
16396,1.04251,37.424
16397,1.04139,37.3628
16398,1.04251,37.424
16399,1.04251,37.424
16400,1.09849,19.5948
16401,1.1,21.3604
16402,1.09845,19.5841
16403,1.09849,19.5948
16404,1.09849,19.5948
16405,1.09849,19.5948
16406,1.02171,25.0219
16407,1.02108,26.1569
16408,1.02003,25.5174
16409,1.00817,25.817
16410,1.02168,25.0031
16411,1.02171,25.0219
16412,1.02171,25.0219
16413,1.02171,25.0219
16414,1.08697,21.7963
16415,1.1,22.7725
16416,1.08688,21.7912
16417,1.08697,21.7963
16418,1.08697,21.7963
16419,1.08697,21.7963
16420,1.07006,25.7518
16421,1.08098,25.8824
16422,1.08305,25.8849
16423,1.1,26.8938
16424,1.1,27.2973
16425,1.06885,25.751
16426,1.07006,25.7518
16427,1.07006,25.7518
16428,1.07006,25.7518
16429,1.02825,23.5547
16430,1.02825,30.8789
16431,1.02187,29.7462
16432,1.02825,29.893
16433,1.02796,23.4183
16434,1.02825,23.5547
16435,1.02825,23.5547
16436,1.02825,23.5547
16437,1.1,21.5377
16438,1.09568,21.0126
16439,1.07854,22.3578
16440,1.1,22.2149
16441,1.0775,23.0678
16442,1.07682,22.6998
16443,1.09898,21.4746
16444,1.1,21.5377
16445,1.1,21.5377
16446,1.1,21.5377
16447,1.09535,11.4764
16448,1.09286,11.3171
16449,1.09535,11.4764
16450,1.09535,11.4764
16451,1.04637,37.7714
16452,1.04542,37.5352
16453,1.04637,37.7714
16454,1.04637,37.7714
16455,1.04518,35.9005
16456,1.04371,35.8049
16457,1.04518,35.9005
16458,1.04518,35.9005
16459,1.06671,14.0522
16460,1.0407,20.1984
16461,1.06662,14.0182
16462,1.06671,14.0522
16463,1.06671,14.0522
16464,1.06671,14.0522
16465,1.09166,26.0276
16466,1.1,28.8753
16467,1.09155,26.0091
16468,1.09166,26.0276
16469,1.09166,26.0276
16470,1.09166,26.0276
16471,1.08064,18.4118
16472,1.08749,17.1818
16473,1.08032,18.4566
16474,1.08064,18.4118
16475,1.08064,18.4118
16476,1.08064,18.4118
16477,1.08396,25.877
16478,1.08363,25.8691
16479,1.08396,25.877
16480,1.08396,25.877
16481,1.08626,17.2076
16482,1.08708,17.3676
16483,1.08347,17.8226
16484,1.09123,17.5782
16485,1.09259,17.863
16486,1.08644,17.0782
16487,1.08743,17.3591
16488,1.08626,17.2076
16489,1.08626,17.2076
16490,1.05291,27.5104
16491,1.07201,26.4236
16492,1.09395,26.184
16493,1.05982,28.2462
16494,1.0579,27.6488
16495,1.05813,27.9385
16496,1.05836,27.5922
16497,1.06019,27.9502
16498,1.0597,27.8133
16499,1.05453,27.3861
16500,1.07355,26.231
16501,1.07201,26.4236
16502,1.07201,26.4236
16503,1.09601,19.9089
16504,1.1,20.5479
16505,1.09596,19.9046
16506,1.09601,19.9089
16507,1.09601,19.9089
16508,1.09601,19.9089
16509,1.09739,19.4096
16510,1.1,20.1092
16511,1.09736,19.4048
16512,1.09739,19.4096
16513,1.09739,19.4096
16514,1.09739,19.4096
16515,1.09969,26.1929
16516,1.09228,26.8855
16517,1.09963,26.1883
16518,1.09969,26.1929
16519,1.09969,26.1929
16520,1.09969,26.1929
16521,1.03081,41.5164
16522,1.03081,47.6868
16523,1.03081,46.9259
16524,1.03081,46.0011
16525,1.03057,41.4405
16526,1.03081,41.5164
16527,1.03081,41.5164
16528,1.03081,41.5164
16529,1.09764,19.5589
16530,1.1,20.3396
16531,1.09757,19.5481
16532,1.09764,19.5589
16533,1.09764,19.5589
16534,1.09764,19.5589
16535,1.00589,27.779
16536,1.00478,27.5305
16537,1.00589,27.779
16538,1.00589,27.779
16539,1.08517,12.0074
16540,1.09462,13.2972
16541,1.09214,13.3553
16542,1.09388,12.7432
16543,1.09205,13.3628
16544,1.08072,11.8732
16545,1.09516,13.4074
16546,1.09214,13.3553
16547,1.03157,28.7999
16548,1.03581,27.5847
16549,1.03894,24.1491
16550,1.04202,28.9947
16551,1.04368,28.9794
16552,1.04135,29.7702
16553,1.03157,28.7999
16554,1.03186,26.7313
16555,1.03581,27.5847
16556,1.08167,12.0904
16557,1.1,16.3269
16558,1.1,15.3662
16559,1.1,13.7645
16560,1.07912,11.86
16561,1.08167,12.0904
16562,1.08167,12.0904
16563,1.08167,12.0904
16564,1.08162,22.9967
16565,1.08731,21.8908
16566,1.09003,23.5293
16567,1.0813,23.0296
16568,1.08162,22.9967
16569,1.08162,22.9967
16570,1.08162,22.9967
16571,1.07556,17.6877
16572,1.05153,22.7225
16573,1.07539,17.6331
16574,1.07556,17.6877
16575,1.07556,17.6877
16576,1.07556,17.6877
16577,1.09815,19.0998
16578,1.1,19.552
16579,1.09813,19.0965
16580,1.09815,19.0998
16581,1.09815,19.0998
16582,1.09815,19.0998
16583,1.06171,25.0912
16584,1.07183,24.0733
16585,1.07459,22.0862
16586,1.07231,23.918
16587,1.0661,25.2243
16588,1.06171,25.0912
16589,1.06171,25.0912
16590,1.09149,20.1091
16591,1.09813,21.3576
16592,1.09593,21.0353
16593,1.08791,19.8753
16594,1.09149,20.1091
16595,1.09149,20.1091
16596,1.09149,20.1091
16597,1.03212,26.8373
16598,1.06427,27.4981
16599,1.0633,27.1765
16600,1.02936,26.8241
16601,1.03212,26.8373
16602,1.03212,26.8373
16603,1.03212,26.8373
16604,1.1,28.5103
16605,1.09986,28.5035
16606,1.1,28.5103
16607,1.1,28.5103
16608,1.09133,25.4566
16609,1.09099,25.4458
16610,1.09133,25.4566
16611,1.09133,25.4566
16612,1.0601,10.8169
16613,1.0599,10.694
16614,1.0601,10.8169
16615,1.0601,10.8169
16616,1.09123,25.6933
16617,1.09906,26.1004
16618,1.09095,25.6938
16619,1.09123,25.6933
16620,1.09123,25.6933
16621,1.09123,25.6933
16622,1.08042,12.5318
16623,1.05148,19.2362
16624,1.08623,15.9811
16625,1.1,19.4187
16626,1.08207,16.3397
16627,1.0796,12.4156
16628,1.08042,12.5318
16629,1.08042,12.5318
16630,1.08042,12.5318
16631,1.09258,26.0413
16632,1.1,26.3224
16633,1.09247,26.0389
16634,1.09258,26.0413
16635,1.09258,26.0413
16636,1.09258,26.0413
16637,1.09588,27.2654
16638,1.1,27.7068
16639,1.09584,27.263
16640,1.09588,27.2654
16641,1.09588,27.2654
16642,1.09588,27.2654
16643,1.09391,26.6556
16644,1.1,29.0927
16645,1.09377,26.634
16646,1.09391,26.6556
16647,1.09391,26.6556
16648,1.09391,26.6556
16649,1.0381,34.9801
16650,1.0381,43.2965
16651,1.0381,40.4568
16652,1.0381,42.6996
16653,1.03792,34.9178
16654,1.0381,34.9801
16655,1.0381,34.9801
16656,1.0381,34.9801
16657,1.0813,17.8192
16658,1.1,18.5505
16659,1.1,19.0816
16660,1.1,18.6405
16661,1.07931,17.7548
16662,1.0813,17.8192
16663,1.0813,17.8192
16664,1.0813,17.8192
16665,0.971897,25.1826
16666,0.985004,30.8563
16667,0.99102,30.6195
16668,0.971608,25.0927
16669,0.971897,25.1826
16670,0.971897,25.1826
16671,0.971897,25.1826
16672,1.07558,14.2386
16673,1.1,14.8646
16674,1.1,14.7038
16675,1.1,14.9691
16676,1.07471,14.2396
16677,1.07558,14.2386
16678,1.07558,14.2386
16679,1.07558,14.2386
16680,1.07634,12.4417
16681,1.07552,12.3203
16682,1.07634,12.4417
16683,1.07634,12.4417
16684,0.974179,25.7653
16685,0.972656,25.4757
16686,0.974179,25.7653
16687,0.974179,25.7653
16688,1.06928,10.7479
16689,1.06928,18.8048
16690,1.06913,10.6904
16691,1.06928,10.7479
16692,1.06928,10.7479
16693,1.06928,10.7479
16694,1.07906,26.3294
16695,1.09351,26.4283
16696,1.1,27.369
16697,1.1,29.703
16698,1.07795,26.2998
16699,1.07906,26.3294
16700,1.07906,26.3294
16701,1.07906,26.3294
16702,1.01918,26.4943
16703,1.0037,30.2414
16704,0.999307,29.6794
16705,1.0019,30.5867
16706,0.994191,27.6983
16707,1.00349,29.1335
16708,1.00443,32.63
16709,1.01918,33.0049
16710,1.02034,26.0654
16711,1.01918,26.4943
16712,1.01918,26.4943
16713,1.01918,26.4943
16714,1.05478,47.1861
16715,1.09252,54.285
16716,1.05438,47.1426
16717,1.05478,47.1861
16718,1.05478,47.1861
16719,1.05478,47.1861
16720,1.08918,25.717
16721,1.1,26.3657
16722,1.08908,25.7126
16723,1.08918,25.717
16724,1.08918,25.717
16725,1.08918,25.717
16726,1.02673,27.1541
16727,1.02728,32.6073
16728,1.02661,27.0971
16729,1.02673,27.1541
16730,1.02673,27.1541
16731,1.02673,27.1541
16732,1.08541,23.8465
16733,1.1,28.6318
16734,1.08495,23.7686
16735,1.08541,23.8465
16736,1.08541,23.8465
16737,1.08541,23.8465
16738,0.994851,44.2294
16739,0.99555,44.176
16740,0.994851,44.2294
16741,0.994851,44.2294
16742,1.03207,44.1678
16743,1.053,46.7627
16744,1.03029,43.9506
16745,1.03207,44.1678
16746,1.03207,44.1678
16747,1.03207,44.1678
16748,1.0295,26.8863
16749,1.02766,35.2126
16750,1.02923,26.8317
16751,1.0295,26.8863
16752,1.0295,26.8863
16753,1.0295,26.8863
16754,1.08544,22.1151
16755,1.08399,23.0788
16756,1.09424,28.4433
16757,1.08407,21.8051
16758,1.08544,22.1151
16759,1.08544,22.1151
16760,1.08544,22.1151
16761,1.04758,30.4388
16762,1.04708,30.2454
16763,1.04758,30.4388
16764,1.04758,30.4388
16765,1.0862,23.3003
16766,1.08748,22.3496
16767,1.08256,22.6236
16768,1.1,23.791
16769,1.08695,22.056
16770,1.08748,22.3496
16771,1.08748,22.3496
16772,1.08874,23.4793
16773,1.09872,19.9318
16774,1.09747,19.5433
16775,1.08835,20.6992
16776,1.08993,20.319
16777,1.09626,21.1394
16778,1.09725,19.8795
16779,1.09872,19.9318
16780,1.09872,19.9318
16781,1.09872,19.9318
16782,0.968298,24.2332
16783,0.911339,29.5002
16784,0.900742,35.694
16785,0.967646,23.8228
16786,0.968298,24.2332
16787,0.968298,24.2332
16788,0.968298,24.2332
16789,1.04777,24.0355
16790,1.04853,27.1545
16791,1.0475,23.9321
16792,1.04777,24.0355
16793,1.04777,24.0355
16794,1.04777,24.0355
16795,1.09377,26.2385
16796,1.09647,26.8635
16797,1.1,26.4052
16798,1.09317,26.21
16799,1.09377,26.2385
16800,1.09377,26.2385
16801,1.09377,26.2385
16802,1.02238,24.6314
16803,1.02186,24.6182
16804,1.02238,24.6314
16805,1.02238,24.6314
16806,1.08298,12.7131
16807,1.08207,12.6975
16808,1.08298,12.7131
16809,1.08298,12.7131
16810,1.09519,26.2885
16811,1.1,27.1682
16812,1.09514,26.2832
16813,1.09519,26.2885
16814,1.09519,26.2885
16815,1.09519,26.2885
16816,1.08712,20.2518
16817,1.09843,19.601
16818,1.08933,20.2511
16819,1.08712,20.2518
16820,1.08712,20.2518
16821,1.08712,20.2518
16822,1.09076,21.7665
16823,1.09391,20.9143
16824,1.09602,20.088
16825,1.09395,20.8114
16826,1.09391,20.9143
16827,1.09391,20.9143
16828,1.09391,20.9143
16829,1.03521,35.7562
16830,1.0435,36.3877
16831,1.04561,42.4106
16832,1.03479,35.7341
16833,1.03521,35.7562
16834,1.03521,35.7562
16835,1.03521,35.7562
16836,1.09276,20.2994
16837,1.09542,19.5815
16838,1.1,22.9895
16839,1.09243,20.2151
16840,1.09276,20.2994
16841,1.09276,20.2994
16842,1.09276,20.2994
16843,1.08271,16.0593
16844,1.08285,15.9995
16845,1.03246,15.0921
16846,1.04721,7.8626
16847,1.07651,16.1298
16848,1.07713,16.3877
16849,1.07713,16.1314
16850,1.08417,16.0119
16851,1.03035,15.1245
16852,1.03246,15.0921
16853,1.03246,15.0921
16854,1.08429,19.5044
16855,1.08337,19.3144
16856,1.08429,19.5044
16857,1.08429,19.5044
16858,1.1,26.2845
16859,1.09907,26.262
16860,1.1,26.2845
16861,1.1,26.2845
16862,1.05233,33.3493
16863,1.05072,33.3671
16864,1.05233,33.3493
16865,1.05233,33.3493
16866,1.04729,21.0592
16867,1.01622,27.7586
16868,1.04724,21.0274
16869,1.04729,21.0592
16870,1.04729,21.0592
16871,1.04729,21.0592
16872,1.04037,26.5144
16873,1.05029,22.1054
16874,1.04954,21.4266
16875,1.04525,27.0386
16876,1.0434,26.6282
16877,1.04988,21.3025
16878,1.04806,27.1361
16879,1.05029,22.1054
16880,1.04037,26.5144
16881,1.09103,21.4306
16882,1.09232,20.6322
16883,1.09877,20.0237
16884,1.09175,20.5076
16885,1.09061,21.532
16886,1.09232,20.6322
16887,1.09232,20.6322
16888,1.00161,15.5076
16889,1.00454,15.4585
16890,1.00161,15.5076
16891,1.00161,15.5076
16892,1.07238,24.482
16893,1.06942,24.5066
16894,1.07238,24.482
16895,1.07238,24.482
16896,1.03548,23.0434
16897,1.04214,29.2961
16898,1.03564,29.3502
16899,1.03526,22.9776
16900,1.03548,23.0434
16901,1.03548,23.0434
16902,1.03548,23.0434
16903,1.07855,17.9842
16904,1.08237,24.7349
16905,1.06036,23.1946
16906,1.07831,17.8861
16907,1.07855,17.9842
16908,1.07855,17.9842
16909,1.07855,17.9842
16910,1.07355,26.1017
16911,1.08772,25.9359
16912,1.05025,26.932
16913,1.07279,26.0923
16914,1.07355,26.1017
16915,1.07355,26.1017
16916,1.07355,26.1017
16917,0.992428,21.9622
16918,0.989965,28.2033
16919,0.992428,32.1766
16920,0.992277,21.9053
16921,0.992428,21.9622
16922,0.992428,21.9622
16923,0.992428,21.9622
16924,1.1,28.394
16925,1.09922,28.2394
16926,1.1,28.394
16927,1.1,28.394
16928,1.01448,29.1003
16929,1.01567,28.8749
16930,1.01448,29.1003
16931,1.01448,29.1003
16932,1.04213,27.5805
16933,1.04022,27.5809
16934,1.04213,27.5805
16935,1.04213,27.5805
16936,1.02767,35.5432
16937,1.0026,42.175
16938,1.02767,41.0989
16939,1.05962,39.7881
16940,1.0026,41.2169
16941,1.0026,42.9376
16942,1.0026,42.0824
16943,1.02706,35.4159
16944,1.02767,35.5432
16945,1.02767,35.5432
16946,1.02767,35.5432
16947,1.0054,67.6462
16948,1.0174,67.9826
16949,1.00532,67.637
16950,1.00547,67.6488
16951,1.0054,67.6462
16952,1.00426,67.6381
16953,1.01726,67.9886
16954,1.0042,67.63
16955,1.0042,67.6443
16956,1.00426,67.6381
16957,0.993905,67.34
16958,0.992577,67.5158
16959,0.992942,67.5707
16960,0.992131,67.4553
16961,0.992577,67.5158
16962,0.995856,67.6107
16963,0.995955,67.6321
16964,0.995731,67.5876
16965,0.995332,67.486
16966,1.01344,67.5083
16967,0.995378,67.4852
16968,0.995332,67.486
16969,0.995332,67.486
16970,1.01142,67.5428
16971,1.01104,66.857
16972,1.01099,67.3372
16973,1.01093,67.3271
16974,1.01107,67.3474
16975,1.01099,67.3372
16976,1.02028,67.7502
16977,1.03269,67.3287
16978,1.02025,67.7454
16979,1.02022,67.7601
16980,1.02028,67.7502
16981,1.01818,67.9946
16982,1.01246,67.6398
16983,1.01816,67.9899
16984,1.01826,68.0015
16985,1.01818,67.9946
16986,0.997539,68.1153
16987,1.00028,67.7664
16988,1.00041,67.7828
16989,1.01735,69.5804
16990,0.999403,68.1012
16991,1.01728,69.5635
16992,1.0182,69.6408
16993,1.01735,69.5804
16994,0.996573,67.796
16995,1.01281,68.1382
16996,1.01288,68.1487
16997,1.01274,68.1275
16998,0.996007,67.2031
16999,0.998389,67.5824
17000,0.990517,67.8964
17001,0.990778,67.9352
17002,0.994053,67.3168
17003,0.99385,67.2959
17004,0.994261,67.3375
17005,1.00695,67.6809
17006,1.00968,67.9009
17007,1.00909,68.0104
17008,1.009,68.0015
17009,0.994484,67.232
17010,0.994244,69.25
17011,0.994407,69.2751
17012,0.994643,67.2575
17013,1.01692,67.8376
17014,0.994436,67.2325
17015,0.994879,67.2755
17016,0.994643,67.2575
17017,0.994643,67.2575
17018,0.996427,68.2596
17019,0.996545,68.2829
17020,0.996427,68.2596
17021,0.996427,68.2596
17022,1.00838,70.1805
17023,1.01107,68.0366
17024,1.00821,70.1547
17025,1.00987,70.2918
17026,1.00838,70.1805
17027,1.01151,67.5158
17028,1.01139,67.486
17029,0.992876,67.5401
17030,0.992682,67.5056
17031,0.993052,67.5742
17032,0.992876,67.5401
17033,1.00193,67.922
17034,1.00213,67.9474
17035,1.01085,68.7073
17036,1.01082,68.7023
17037,1.01089,68.7124
17038,1.01085,68.7073
17039,0.993654,69.3659
17040,0.988114,69.7364
17041,0.988243,69.7539
17042,0.987989,69.7164
17043,1.0116,66.7597
17044,0.991212,67.7005
17045,1.03073,68.9196
17046,1.02167,68.165
17047,1.03048,68.8932
17048,1.03088,68.9745
17049,1.03073,68.9196
17050,1.02132,68.1036
17051,0.994744,67.9665
17052,0.994659,67.9517
17053,0.99415,68.185
17054,0.994052,68.1693
17055,0.994242,68.2008
17056,0.99415,68.185
17057,1.01804,68.053
17058,1.01795,68.0395
17059,1.01813,68.0655
17060,1.01804,68.053
17061,1.01632,68.04
17062,1.01626,68.0275
17063,1.0164,68.0511
17064,1.01632,68.04
17065,1.0213,68.0934
17066,0.992533,68.8578
17067,0.990891,69.0126
17068,0.990654,68.9886
17069,0.991142,69.0385
17070,0.990891,69.0126
17071,0.985266,69.0413
17072,0.9962,68.0566
17073,0.992451,69.5263
17074,0.995682,69.2098
17075,0.995525,69.177
17076,0.991335,68.3238
17077,0.9915,68.3546
17078,0.989516,69.3703
17079,0.989228,69.3381
17080,1.01537,68.3712
17081,1.01549,68.3893
17082,1.02519,69.2054
17083,1.01751,68.5308
17084,1.0258,69.2496
17085,1.02519,69.2054
17086,1.02504,69.185
17087,1.01467,68.3104
17088,1.01476,68.3288
17089,1.01455,68.2895
17090,1.01534,68.2839
17091,0.993698,70.0817
17092,1.01265,68.6898
17093,1.01255,68.6755
17094,1.01274,68.7026
17095,1.02505,69.6016
17096,1.01763,68.9508
17097,1.02495,69.5876
17098,1.02448,69.6475
17099,1.02505,69.6016
17100,1.00964,68.2772
17101,1.03012,72.5371
17102,0.996119,69.2096
17103,0.996406,69.4377
17104,0.996535,69.4577
17105,0.996941,69.1564
17106,1.00213,69.2532
17107,0.983612,71.6727
17108,1.00816,70.6029
17109,0.990677,69.9647
17110,1.00795,70.5795
17111,1.01088,70.611
17112,1.00816,70.6029
17113,1.00816,70.6029
17114,0.988705,69.935
17115,1.01114,70.0274
17116,0.999654,68.1299
17117,1.01082,69.989
17118,1.01117,70.1561
17119,1.01114,70.0274
17120,1.01114,70.0274
17121,0.985112,69.5844
17122,0.986474,68.7526
17123,0.986405,68.7414
17124,0.986545,68.7646
17125,0.988175,68.5073
17126,0.988266,68.5185
17127,0.984587,71.3023
17128,1.01343,70.1394
17129,1.00128,69.0823
17130,1.01332,70.1201
17131,1.01562,70.1705
17132,1.01343,70.1394
17133,0.989289,69.7885
17134,0.989174,69.769
17135,0.985326,71.6352
17136,0.985449,71.6549
17137,0.985326,71.6352
17138,1.01748,67.6188
17139,1.01915,68.2237
17140,1.02139,68.2342
17141,1.02145,68.2438
17142,1.02044,68.1991
17143,1.01085,69.3213
17144,1.00484,69.9726
17145,1.02835,69.7334
17146,1.0153,69.3935
17147,1.02828,69.7192
17148,1.02882,69.7511
17149,1.02835,69.7334
17150,1.02835,69.7334
17151,1.02312,68.8463
17152,1.02313,68.8469
17153,1.01437,67.4337
17154,1.03082,69.3436
17155,0.999484,72.6916
17156,1.01855,71.5642
17157,0.998036,73.6806
17158,0.997988,73.6733
17159,1.01198,74.8499
17160,1.00575,74.1268
17161,1.02641,73.1697
17162,1.01087,74.0565
17163,1.02633,73.1552
17164,1.02717,73.1241
17165,1.02641,73.1697
17166,1.02641,73.1697
17167,1.01907,76.3394
17168,1.04211,70.2012
17169,1.05619,69.879
17170,1.04618,70.3818
17171,1.05615,69.8723
17172,1.05653,69.8625
17173,1.05619,69.879
17174,1.05619,69.879
17175,1.03576,69.9828
17176,1.03573,69.9749
17177,1.0983,69.4361
17178,1.08871,70.0614
17179,1.09868,69.4165
17180,1.09826,69.4293
17181,1.0983,69.4361
17182,1.08293,70.5863
17183,1.08296,70.5896
17184,1.06448,72.369
17185,1.07581,78.0211
17186,1.07593,78.0353
17187,1.07888,78.2688
17188,1.05679,76.2418
17189,1.07144,77.5429
17190,1.05668,76.2248
17191,1.05658,76.1989
17192,1.05679,76.2418
17193,1.07887,78.1466
17194,1.07879,78.1319
17195,1.07434,76.4508
17196,1.07442,76.46
17197,1.07425,76.4408
17198,1.07434,76.4508
17199,1.07338,76.4057
17200,1.07343,76.4154
17201,1.07332,76.3953
17202,1.07375,77.2788
17203,1.07344,76.4704
17204,1.0742,77.3249
17205,1.07361,77.2593
17206,1.07375,77.2788
17207,1.07375,77.2788
17208,1.07722,78.4292
17209,1.07719,78.4239
17210,1.07258,78.8516
17211,1.07616,78.5627
17212,1.07348,78.8582
17213,1.07253,78.8432
17214,1.07258,78.8516
17215,1.03762,69.4126
17216,1.03761,69.4118
17217,1.03783,69.4109
17218,1.08116,77.359
17219,1.08116,77.358
17220,1.08117,77.36
17221,1.08116,77.359
17222,1.0831,78.0499
17223,1.08311,78.0515
17224,1.08309,78.0484
17225,1.08052,80.0049
17226,1.08051,80.0045
17227,1.08064,80.0038
17228,1.08052,80.0049
17229,0.953116,40.2276
17230,1.08098,80.9758
17231,1.08097,80.9748
17232,1.08114,80.9753
17233,1.08098,80.9758
17234,1.0633,74.459
17235,1.06331,74.4605
17236,1.0633,74.459
17237,1.09195,84.2502
17238,1.08607,84.0159
17239,1.09188,84.241
17240,1.09201,84.269
17241,1.09195,84.2502
17242,1.09195,84.2502
17243,1.08542,83.2766
17244,1.08546,83.2805
17245,1.0453,72.2444
17246,0.963689,32.8162
17247,1.08552,84.6661
17248,1.08551,84.665
17249,1.08553,84.6671
17250,1.00164,25.6759
17251,1.06021,61.1572
17252,1.04698,59.0709
17253,1.06143,61.2428
17254,1.06018,61.1524
17255,1.06021,61.1572
17256,1.04458,59.4266
17257,1.07245,82.8599
17258,1.07544,84.6118
17259,1.03356,20.7091
17260,1.03454,21.2852
17261,1.03365,20.7176
17262,1.03344,20.6958
17263,1.03356,20.7091
17264,1.04044,21.3375
17265,1.03639,20.8173
17266,1.03464,21.2375
17267,1.03629,20.805
17268,1.04076,21.3609
17269,1.03617,20.8009
17270,1.04044,21.3375
17271,1.03496,20.1494
17272,1.03448,21.2613
17273,1.0349,20.1362
17274,1.03501,20.1536
17275,1.03496,20.1494
17276,1.03496,20.1494
17277,1.0363,20.6613
17278,1.04934,20.8093
17279,1.03619,20.6483
17280,1.03618,20.6734
17281,1.0363,20.6613
17282,1.0363,20.6613
17283,1.05661,73.3979
17284,1.05659,73.3943
17285,1.05676,73.3997
17286,1.05661,73.3979
17287,1.06811,62.1395
17288,1.0681,62.1391
17289,1.04675,93.047
17290,1.035,97.6844
17291,1.04665,93.0301
17292,1.04701,93.0117
17293,1.04675,93.047
17294,1.04675,93.047
17295,1.04938,92.8025
17296,1.04947,92.8193
17297,1.04928,92.7857
17298,1.05034,92.1552
17299,1.05049,92.1701
17300,1.05034,92.1552
17301,1.05034,92.1552
17302,1.05442,93.056
17303,1.05015,92.9971
17304,1.03639,96.4675
17305,1.05432,93.0403
17306,1.04998,92.973
17307,1.05517,93.0669
17308,1.05015,92.9971
17309,1.03356,13.4368
17310,1.04844,16.5231
17311,1.04843,16.5213
17312,1.06393,88.8698
17313,1.064,88.8812
17314,1.07015,87.7463
17315,1.07008,87.7349
17316,1.07023,87.7575
17317,1.07491,89.2717
17318,1.07328,88.434
17319,1.07482,89.2599
17320,1.07525,89.3209
17321,1.07491,89.2717
17322,1.06984,16.2135
17323,1.06698,9.78432
17324,1.06974,16.2014
17325,1.07136,16.4437
17326,1.06984,16.2135
17327,1.06984,16.2135
17328,1.06099,9.0065
17329,1.0609,8.99483
17330,1.0611,9.01684
17331,1.05771,9.6739
17332,1.05759,9.66256
17333,0.979074,25.1971
17334,0.979041,25.1935
17335,1.07037,9.23694
17336,1.07029,9.22081
17337,1.06006,14.3814
17338,1.07219,9.64152
17339,1.05998,14.3655
17340,1.06301,14.6829
17341,1.06006,14.3814
17342,1.06896,8.89574
17343,1.06463,8.21786
17344,1.06877,12.0829
17345,1.07641,19.9713
17346,1.06864,12.0213
17347,1.06877,12.0829
17348,1.06873,12.0762
17349,1.06296,8.35069
17350,1.06288,8.33782
17351,1.06728,8.07534
17352,1.06586,8.60197
17353,1.06773,8.32897
17354,1.06666,8.37786
17355,1.06899,10.1744
17356,1.06868,10.1557
17357,1.07054,10.1881
17358,1.07031,10.1609
17359,1.07044,10.1762
17360,1.07309,14.8886
17361,1.06881,10.6985
17362,1.07267,14.8275
17363,1.07434,15.097
17364,1.07309,14.8886
17365,1.0695,7.26518
17366,1.0694,7.25353
17367,1.06642,8.08286
17368,1.06653,8.0946
17369,1.07002,7.20591
17370,1.06633,7.32023
17371,1.06663,7.35815
17372,1.06174,8.19186
17373,1.06328,7.96415
17374,1.0631,7.93536
17375,1.06346,7.98929
17376,1.06479,7.71697
17377,1.07234,7.53323
17378,1.06583,7.44899
17379,1.06735,8.2412
17380,1.06712,10.7515
17381,1.06694,10.431
17382,1.06672,10.4125
17383,1.07076,10.6961
17384,1.06679,7.691
17385,1.06553,8.3095
17386,1.06794,10.4606
17387,1.06767,10.4344
17388,1.06823,10.4876
17389,1.07255,14.6017
17390,1.0722,10.3149
17391,1.07224,14.572
17392,1.07382,14.7728
17393,1.07255,14.6017
17394,1.06857,8.48122
17395,1.06872,8.51007
17396,1.06759,9.79362
17397,1.06921,7.5806
17398,1.06889,7.53345
17399,1.06957,7.62669
17400,1.06479,9.65619
17401,1.06463,9.63202
17402,1.06494,9.68317
17403,1.06732,10.3587
17404,1.06884,9.15548
17405,1.06872,9.13059
17406,1.06898,9.18191
17407,1.07175,8.25992
17408,1.07092,8.29798
17409,1.0639,8.50894
17410,1.06414,8.5311
17411,1.06383,8.03015
17412,1.0707,8.17085
17413,1.07056,8.14816
17414,1.07055,8.15019
17415,1.06398,7.65888
17416,1.07086,10.2924
17417,0.970431,39.0901
17418,1.06625,7.35727
17419,1.06648,7.39376
17420,1.06639,7.88016
17421,1.06886,7.11294
17422,1.06643,7.83766
17423,1.06681,7.68807
17424,1.06669,7.66618
17425,1.06696,7.70796
17426,1.06681,7.68807
17427,1.06589,7.39993
17428,1.06619,7.94982
17429,1.06474,7.62709
17430,1.06417,7.55746
17431,1.06536,7.69566
17432,1.06371,7.69251
17433,1.06418,7.70286
17434,1.06391,7.66622
17435,1.06448,7.73807
17436,1.06374,8.77028
17437,1.07048,10.1578
17438,1.06065,8.15907
17439,1.05988,8.06016
17440,1.06137,8.26409
17441,1.06065,8.15907
17442,1.07052,10.0758
17443,1.06843,9.64689
17444,1.06824,9.61803
17445,1.06829,9.63011
17446,1.06877,9.69162
17447,1.06906,10.6525
17448,1.06893,10.6326
17449,1.06997,10.7416
17450,1.06777,8.30135
17451,1.07346,10.4322
17452,1.07261,10.4616
17453,1.07332,10.4171
17454,1.06975,10.6151
17455,1.06985,10.6308
17456,1.0671,10.2733
17457,1.06279,8.7586
17458,1.0625,8.72562
17459,1.06312,8.7965
17460,1.06864,10.4582
17461,1.06846,10.4252
17462,1.06881,10.4888
17463,1.06712,9.55945
17464,1.06532,9.53606
17465,1.08287,14.7756
17466,1.08033,11.8012
17467,1.08311,14.8921
17468,1.0828,14.7624
17469,1.08287,14.7756
17470,1.07329,12.1743
17471,1.07321,12.163
17472,1.07329,12.1742
17473,1.07844,12.4982
17474,1.07752,20.3165
17475,1.07845,12.4703
17476,1.07844,12.4982
17477,1.07844,12.4982
17478,1.07834,12.4866
17479,1.07366,8.06553
17480,1.07261,9.12128
17481,1.07838,7.93332
17482,1.07832,7.92004
17483,1.07648,7.97219
17484,1.07838,7.93332
17485,1.06098,8.01123
17486,1.06124,8.0644
17487,1.06098,8.01123
17488,1.06677,7.59787
17489,1.06739,7.67102
17490,1.06677,7.59787
17491,1.06896,9.26092
17492,1.06932,9.30889
17493,1.06896,9.26092
17494,1.07128,7.9839
17495,1.07112,7.95932
17496,1.07142,8.00969
17497,1.07319,9.5619
17498,1.073,9.52328
17499,1.06224,8.27298
17500,1.07137,8.39613
17501,1.07113,8.36265
17502,1.07162,8.42658
17503,1.07137,8.39613
17504,1.06707,7.83574
17505,1.06841,7.9898
17506,1.07633,10.3739
17507,1.07645,10.3913
17508,1.06763,9.24684
17509,1.0688,9.31213
17510,1.06905,10.743
17511,1.06888,10.7199
17512,1.07047,11.1442
17513,1.07036,14.1597
17514,1.06942,11.4007
17515,1.07009,14.1191
17516,1.07174,14.5041
17517,1.07036,14.1597
17518,1.06827,10.6523
17519,1.07078,10.6568
17520,1.07061,10.625
17521,1.06709,10.5498
17522,1.06679,10.5184
17523,1.06916,10.6437
17524,1.06523,10.7822
17525,1.06501,10.7527
17526,1.06867,10.4899
17527,1.06893,10.5468
17528,1.06842,10.4374
17529,1.0704,11.1413
17530,1.07022,11.114
17531,1.06917,9.95227
17532,1.069,9.92463
17533,1.07178,11.1189
17534,1.07012,10.7766
17535,1.07038,10.8207
17536,1.06999,11.0564
17537,1.06978,11.0299
17538,1.07083,14.4106
17539,1.07163,10.2265
17540,1.07076,14.3964
17541,1.0729,14.6611
17542,1.07083,14.4106
17543,1.07279,10.1344
17544,1.073,10.1638
17545,1.07279,10.1344
17546,1.07263,10.1072
17547,1.06458,8.95728
17548,1.06427,8.91072
17549,1.07301,10.0196
17550,1.07272,10.0171
17551,1.07256,9.98578
17552,1.07432,9.92808
17553,1.07449,9.95762
17554,1.07411,9.89733
17555,1.06401,9.87763
17556,1.0711,10.5045
17557,1.07128,10.5299
17558,1.07089,10.479
17559,1.0711,10.5045
17560,1.074,10.2568
17561,1.06301,9.89812
17562,1.06319,9.92277
17563,1.07162,10.3292
17564,1.06377,8.59197
17565,1.06958,9.27118
17566,1.07029,10.718
17567,1.06476,8.25895
17568,1.06465,8.23064
17569,1.07257,7.88834
17570,1.07239,7.86799
17571,1.07273,7.90818
17572,1.07257,7.88834
17573,1.07073,9.60682
17574,1.07058,9.588
17575,1.07066,9.59156
17576,1.06885,8.72465
17577,1.07349,11.8242
17578,1.07358,11.8386
17579,1.0734,11.8095
17580,1.06586,9.90439
17581,1.06614,9.9362
17582,1.06586,9.90439
17583,1.06505,9.24337
17584,1.07179,11.4528
17585,1.07159,11.4202
17586,1.07099,11.2118
17587,1.07067,11.1813
17588,1.07136,11.2444
17589,1.07099,11.2118
17590,1.06682,10.3095
17591,1.07852,12.9406
17592,1.07235,11.6756
17593,1.07258,11.699
17594,1.07214,11.6516
17595,1.06965,11.4698
17596,1.06987,11.4944
17597,1.06941,11.4479
17598,1.06965,11.4698
17599,1.06551,9.47786
17600,1.07166,11.4724
17601,1.07372,10.4408
17602,1.07483,12.1735
17603,1.07167,11.5576
17604,1.07146,11.5331
17605,1.07187,11.58
17606,1.07442,14.5941
17607,1.071,10.6548
17608,1.07548,14.7621
17609,1.07406,14.5445
17610,1.07442,14.5941
17611,1.07257,11.9631
17612,1.07235,11.9371
17613,1.07277,11.9865
17614,1.07257,11.9631
17615,1.07165,11.447
17616,1.07181,11.4725
17617,1.07152,11.4233
17618,1.07165,11.447
17619,1.0843,12.4078
17620,1.08419,12.3824
17621,1.08441,12.4316
17622,1.0843,12.4078
17623,1.08085,12.0958
17624,1.0698,10.9517
17625,1.0696,10.9269
17626,1.07279,9.94685
17627,1.07234,9.88264
17628,1.07323,10.0078
17629,1.07279,9.94685
17630,1.07664,14.8666
17631,1.08221,13.1562
17632,1.07768,15.0046
17633,1.07622,14.8025
17634,1.07664,14.8666
17635,1.07664,14.8666
17636,1.07105,10.6209
17637,1.07053,10.5621
17638,1.07788,13.0291
17639,1.07763,12.9945
17640,1.07587,10.5864
17641,1.07561,10.5488
17642,1.07611,10.6307
17643,1.07587,10.5864
17644,1.07834,12.8411
17645,1.07824,12.8234
17646,1.07859,12.9553
17647,1.07188,11.3999
17648,1.08012,12.0226
17649,1.08101,12.9759
17650,1.08147,13.0479
17651,1.08045,12.9039
17652,1.07971,12.1803
17653,1.07995,12.6131
17654,1.07971,12.5804
17655,1.07995,12.6124
17656,1.08017,12.6423
17657,1.07228,10.4595
17658,1.0724,10.4855
17659,1.07218,10.436
17660,1.06845,10.1782
17661,1.06861,10.1999
17662,1.0739,14.5863
17663,1.0779,10.6744
17664,1.07372,14.5651
17665,1.07491,14.76
17666,1.0739,14.5863
17667,1.07589,63.9507
17668,1.07587,63.9496
17669,1.0759,63.9518
17670,1.07589,63.9507
17671,1.07562,15.0876
17672,1.07826,13.5016
17673,1.07599,15.1694
17674,1.07562,15.0876
17675,1.07539,15.0559
17676,1.07524,10.28
17677,1.0751,10.2624
17678,1.07523,10.2792
17679,1.07235,11.8245
17680,1.07227,11.8118
17681,1.07243,11.8385
17682,1.07235,11.8245
17683,1.07354,12.3612
17684,1.07957,13.0534
17685,1.07952,13.0591
17686,1.0794,13.0407
17687,1.07965,13.079
17688,1.07669,12.5978
17689,1.07656,12.5751
17690,1.07681,12.6176
17691,1.07705,12.6675
17692,1.07716,13.4049
17693,1.07701,13.3813
17694,1.07731,13.4287
17695,1.07779,12.8047
17696,1.07807,12.8182
17697,1.07776,12.7764
17698,1.0772,12.6754
17699,1.09364,12.9373
17700,1.08348,17.1577
17701,1.04784,96.5548
17702,1.06199,68.745
17703,1.06213,68.7482
17704,1.08297,13.7977
17705,1.08452,14.6531
17706,1.08858,15.7517
17707,1.08446,14.6449
17708,1.08452,14.6537
17709,1.08452,14.6531
17710,1.08382,13.852
17711,1.07918,12.9974
17712,1.03833,102.929
17713,1.0306,107.756
17714,1.03831,102.925
17715,1.03813,102.767
17716,1.03833,102.929
17717,1.0612,68.8695
17718,1.06115,68.8634
17719,1.06142,69.0429
17720,1.06148,69.049
17721,1.09698,13.9572
17722,1.09373,13.3025
17723,1.09709,13.9687
17724,1.09691,13.9518
17725,1.09698,13.9572
17726,1.09521,14.3368
17727,1.09172,13.1673
17728,1.09514,14.3305
17729,1.09536,14.3489
17730,1.09521,14.3368
17731,1.09521,14.3368
17732,1.0965,16.142
17733,1.09672,14.5221
17734,1.09233,13.2395
17735,1.09647,16.1354
17736,1.09685,16.2143
17737,1.09652,14.4626
17738,1.0965,16.142
17739,1.06875,17.8708
17740,1.05979,20.7777
17741,1.06279,19.571
17742,1.03763,44.4195
17743,1.03648,51.3324
17744,1.05237,24.1662
17745,1.05238,24.1693
17746,1.05425,22.9526
17747,1.05427,22.9594
17748,1.03603,45.902
17749,1.04801,91.1366
17750,1.04801,91.1359
17751,1.04929,25.696
17752,1.05218,61.1483
17753,1.05218,61.1477
17754,1.05232,61.1472
17755,1.05218,61.1483
17756,1.05061,86.7223
17757,1.05016,87.2488
17758,1.05029,86.9398
17759,1.04672,27.2851
17760,1.04663,27.2764
17761,1.04671,27.284
17762,1.04632,27.5403
17763,1.04625,27.5308
17764,1.04293,29.1277
17765,1.04606,28.2013
17766,1.04282,29.1078
17767,1.04311,29.1994
17768,1.04293,29.1277
17769,1.04293,29.1277
17770,1.06126,77.0246
17771,1.1,16.7085
17772,1.1,16.0807
17773,1.1,17.2397
17774,1.1,17.8837
17775,1.09632,16.9348
17776,1.09171,16.7353
17777,1.1,16.7085
17778,1.1,16.7085
17779,1.1,16.7085
17780,1.07888,16.4062
17781,1.07965,13.0368
17782,1.06023,16.5643
17783,1.06109,16.4738
17784,1.08072,16.483
17785,1.07888,16.4062
17786,1.07888,16.4062
17787,1.07888,16.4062
17788,1.09884,20.1491
17789,1.09205,16.8918
17790,1.09721,15.6002
17791,1.08464,20.2724
17792,1.08778,20.2785
17793,1.08729,20.3323
17794,1.08688,20.1965
17795,1.08234,20.291
17796,1.08115,20.3278
17797,1.1,20.4868
17798,1.09884,20.1491
17799,1.09884,20.1491
17800,1.09884,20.1491
17801,1.0352,70.1405
17802,1.03091,70.7465
17803,1.03026,70.612
17804,1.03252,70.3226
17805,1.03602,70.0823
17806,1.0352,70.1405
17807,1.0352,70.1405
17808,1.0352,70.1405
17809,0.985239,74.0207
17810,0.984624,73.5123
17811,0.985239,74.0207
17812,0.985239,74.0207
17813,1.1,80.8605
17814,1.09665,80.5503
17815,1.1,80.8605
17816,1.1,80.8605
17817,1.09883,13.2842
17818,1.1,13.3221
17819,1.09865,13.285
17820,1.09883,13.2842
17821,1.09883,13.2842
17822,1.09883,13.2842
17823,1.0779,13.1295
17824,1.07955,13.1082
17825,1.0779,13.1295
17826,1.0779,13.1295
17827,0.973186,73.7248
17828,0.9,77.0852
17829,0.927664,79.894
17830,0.955429,73.9201
17831,0.926493,79.1606
17832,0.974998,73.5472
17833,0.973186,73.7248
17834,0.973186,73.7248
17835,0.973186,73.7248
17836,1.0869,13.1504
17837,1.09649,13.1023
17838,1.09804,13.3096
17839,1.09617,13.1736
17840,1.08553,13.1623
17841,1.0869,13.1504
17842,1.0869,13.1504
17843,1.0869,13.1504
17844,1.07756,10.5886
17845,1.1,15.0005
17846,1.1,14.7987
17847,1.0766,10.5338
17848,1.07756,10.5886
17849,1.07756,10.5886
17850,1.07756,10.5886
17851,1.1,15.8752
17852,1.09965,15.8733
17853,1.1,15.8752
17854,1.1,15.8752
17855,1.00213,76.6746
17856,0.960158,80.8642
17857,1.00237,76.6342
17858,1.00213,76.6746
17859,1.00213,76.6746
17860,1.00213,76.6746
17861,1.05619,10.6005
17862,1.05921,10.5649
17863,1.05619,10.6005
17864,1.05619,10.6005
17865,1.08218,13.3395
17866,1.09261,13.494
17867,1.08203,13.3389
17868,1.08218,13.3395
17869,1.08218,13.3395
17870,1.08218,13.3395
17871,1.09093,14.9075
17872,1.08701,13.4337
17873,1.1,15.2946
17874,1.1,15.1435
17875,1.1,15.1029
17876,1.08987,14.9409
17877,1.09093,14.9075
17878,1.09093,14.9075
17879,1.09093,14.9075
17880,1.09847,16.1938
17881,1.09852,16.1889
17882,1.09847,16.1938
17883,1.09847,16.1938
17884,1.07931,13.1234
17885,1.08263,19.9505
17886,1.1,15.2146
17887,1.1,18.8779
17888,1.07959,19.2056
17889,1.08044,19.1395
17890,1.09531,15.8884
17891,1.07703,12.6731
17892,1.07931,13.1234
17893,1.07931,13.1234
17894,1.07931,13.1234
17895,0.9719,74.4948
17896,0.974053,74.2454
17897,0.9719,74.4948
17898,0.9719,74.4948
17899,1.08528,79.046
17900,1.08406,81.2423
17901,1.08341,81.4315
17902,1.05797,79.0806
17903,1.0988,79.112
17904,1.08548,81.5766
17905,1.08618,78.6584
17906,1.08528,79.046
17907,1.08406,81.2423
17908,1.03354,72.6189
17909,1.02157,71.7223
17910,0.979209,73.3966
17911,1.03082,72.7618
17912,1.03036,72.9242
17913,1.03043,72.7416
17914,1.03089,72.6643
17915,1.03069,72.7687
17916,1.04331,72.5553
17917,1.03354,72.6189
17918,1.01957,71.5423
17919,1.03354,72.6189
17920,1.1,16.9357
17921,1.09397,15.7863
17922,1.09362,17.3633
17923,1.08871,16.9896
17924,1.09697,17.4633
17925,1.09399,17.016
17926,1.1,16.9357
17927,1.1,16.9357
17928,1.1,16.9357
17929,1.08178,13.5925
17930,1.08064,13.3902
17931,1.08178,13.5925
17932,1.08178,13.5925
17933,1.07878,66.2223
17934,1.07304,65.7241
17935,1.1,70.9973
17936,1.07897,65.963
17937,1.07878,66.2223
17938,1.07878,66.2223
17939,1.07878,66.2223
17940,0.981146,73.4691
17941,0.973311,73.7059
17942,0.981284,73.4625
17943,0.981146,73.4691
17944,0.981146,73.4691
17945,0.981146,73.4691
17946,1.0638,10.7295
17947,0.999214,10.9114
17948,1.06472,10.7187
17949,1.0638,10.7295
17950,1.0638,10.7295
17951,1.0638,10.7295
17952,1.09571,14.6747
17953,1.1,15.1871
17954,1.1,14.8226
17955,1.09465,14.6725
17956,1.09571,14.6747
17957,1.09571,14.6747
17958,1.09571,14.6747
17959,1.07382,10.6354
17960,1.07074,10.6469
17961,1.07382,10.6354
17962,1.07382,10.6354
17963,1.09467,21.1091
17964,1.089,17.7976
17965,1.08298,15.1753
17966,1.08866,15.786
17967,1.05866,21.476
17968,1.05905,21.6231
17969,1.05864,21.9578
17970,1.05871,21.4268
17971,1.09247,21.3415
17972,1.05898,21.5284
17973,1.08243,15.0686
17974,1.09742,21.0246
17975,1.08809,17.5901
17976,1.08298,15.1753
17977,1.08443,16.5633
17978,1.09794,16.2268
17979,1.06508,16.9979
17980,1.06737,17.1484
17981,1.06878,16.7464
17982,1.0864,16.4944
17983,1.08443,16.5633
17984,1.08443,16.5633
17985,1.08443,16.5633
17986,1.08381,13.3165
17987,1.1,13.6567
17988,1.09421,13.3653
17989,1.08346,13.3144
17990,1.08381,13.3165
17991,1.08381,13.3165
17992,1.08381,13.3165
17993,1.08467,16.0693
17994,1.09033,14.7048
17995,1.1,14.8344
17996,1.1,15.0837
17997,1.08539,16.191
17998,1.08467,16.0693
17999,1.08467,16.0693
18000,1.08467,16.0693
18001,1.0798,10.904
18002,1.07378,15.2769
18003,1.09921,15.387
18004,1.09267,15.1025
18005,1.1,11.8905
18006,1.09758,15.6031
18007,1.07349,15.0579
18008,1.07752,10.6137
18009,1.0798,10.904
18010,1.0798,10.904
18011,1.0798,10.904
18012,1.0938,86.5446
18013,1.08804,85.8287
18014,1.09509,86.6955
18015,1.0912,86.5903
18016,1.0938,86.5446
18017,1.0938,86.5446
18018,1.0938,86.5446
18019,1.01716,68.7682
18020,0.986337,75.3461
18021,0.986337,75.7488
18022,1.01695,68.6926
18023,1.01716,68.7682
18024,1.01716,68.7682
18025,1.01716,68.7682
18026,1.06056,19.4108
18027,1.06388,19.9472
18028,0.994753,20.1181
18029,1.06368,19.317
18030,1.06056,19.4108
18031,1.06056,19.4108
18032,1.06056,19.4108
18033,1.07656,12.4234
18034,1.08365,14.5571
18035,1.09128,18.1566
18036,1.08686,16.3243
18037,1.09029,17.6586
18038,1.09259,18.5775
18039,1.07771,18.2991
18040,1.07408,11.8613
18041,1.07656,12.4234
18042,1.07656,12.4234
18043,1.07656,12.4234
18044,1.09039,14.7521
18045,1.1,15.3301
18046,1.09021,14.7449
18047,1.09039,14.7521
18048,1.09039,14.7521
18049,1.09039,14.7521
18050,0.972083,73.1105
18051,0.9,73.9978
18052,0.9,73.7074
18053,0.973431,73.0787
18054,0.972083,73.1105
18055,0.972083,73.1105
18056,0.972083,73.1105
18057,1.00766,77.7969
18058,1.00717,77.6284
18059,1.00766,77.7969
18060,1.00766,77.7969
18061,1.08263,15.2227
18062,1.08225,13.6471
18063,1.08456,15.2476
18064,1.08263,15.2227
18065,1.08263,15.2227
18066,1.08263,15.2227
18067,1.08227,8.38861
18068,1.08218,8.37542
18069,1.08144,8.34896
18070,1.08776,9.06375
18071,1.08766,9.05142
18072,1.08294,8.48271
18073,1.08073,8.41603
18074,1.08371,8.61917
18075,1.08226,8.54177
18076,1.08111,8.41716
18077,1.08117,8.42836
18078,1.08843,8.30223
18079,1.09209,9.37698
18080,1.09192,9.34597
18081,1.09571,9.89747
18082,1.09399,9.68684
18083,1.09428,9.71584
18084,1.08081,9.12667
18085,1.08171,8.64832
18086,1.08045,9.09917
18087,1.08466,9.15864
18088,1.08081,9.12667
18089,1.09205,13.4142
18090,1.09338,13.385
18091,1.09102,13.1128
18092,1.09053,13.01
18093,1.09114,13.1527
18094,1.09191,13.1052
18095,1.09127,13.1263
18096,1.09139,13.1431
18097,1.09113,13.1084
18098,1.09662,13.9661
18099,1.09578,13.5932
18100,1.09594,13.8888
18101,1.09591,13.884
18102,1.04411,5.90319
18103,1.08773,12.9911
18104,1.09091,13.2747
18105,1.09085,13.2647
18106,1.09096,13.2848
18107,1.0888,5.836
18108,1.08887,5.8479
18109,1.08874,5.82511
18110,1.0888,5.836
18111,1.08915,6.42731
18112,1.08905,6.41758
18113,1.09135,6.99688
18114,1.09099,7.31872
18115,1.07816,13.487
18116,1.09415,12.9657
18117,1.09406,12.9556
18118,1.09426,12.9753
18119,1.09479,12.7844
18120,1.09473,12.776
18121,1.09485,12.7925
18122,1.09479,12.7844
18123,1.09374,12.7108
18124,1.09362,12.6931
18125,1.09387,12.727
18126,1.07591,12.9809
18127,1.08798,13.2674
18128,1.08805,13.2754
18129,1.0879,13.2589
18130,1.08798,13.2674
18131,1.08512,13.0762
18132,1.09554,12.9456
18133,1.0955,12.9369
18134,1.09623,12.9635
18135,1.09617,12.9539
18136,1.09519,12.7239
18137,1.09798,13.8151
18138,1.09692,13.1632
18139,1.09905,13.8657
18140,1.09793,13.8066
18141,1.09798,13.8151
18142,1.09657,12.9556
18143,1.09651,12.9491
18144,1.09475,12.7286
18145,1.0948,12.7343
18146,1.09641,12.9339
18147,1.08816,5.09355
18148,1.08535,3.90345
18149,1.08533,3.89999
18150,1.08537,3.907
18151,1.08535,3.90345
18152,1.08638,4.88519
18153,1.05535,-2.60756
18154,1.05532,-2.61113
18155,1.05234,-0.872874
18156,1.05239,-0.866211
18157,1.05234,-0.872874
18158,1.08336,3.58662
18159,1.08289,3.93048
18160,1.08289,3.95154
18161,1.08277,3.90882
18162,1.08289,3.93048
18163,1.08175,3.96353
18164,1.08162,3.94211
18165,1.08186,3.98433
18166,1.07982,5.51623
18167,1.08277,4.47769
18168,1.07971,5.49587
18169,1.08183,5.5949
18170,1.07982,5.51623
18171,1.07982,5.51623
18172,1.08716,3.32093
18173,1.093,12.6157
18174,1.09543,12.5747
18175,1.09458,12.6872
18176,1.09845,13.6455
18177,1.09623,13.3839
18178,1.09516,12.8353
18179,1.09838,13.6329
18180,1.09927,13.6684
18181,1.09845,13.6455
18182,1.0961,13.3887
18183,1.03504,19.1139
18184,1.05733,13.7397
18185,1.05866,13.8595
18186,1.05865,13.3741
18187,1.06649,15.0222
18188,1.06566,14.7583
18189,1.0664,15.0077
18190,1.06887,15.0278
18191,1.06649,15.0222
18192,1.06222,-6.20355
18193,1.06224,-6.20093
18194,1.06219,-6.20616
18195,1.06222,-6.20355
18196,1.09999,13.0717
18197,1.1,13.074
18198,1.0823,0.659525
18199,1.06298,-4.88092
18200,1.06295,-4.88745
18201,1.06302,-4.87518
18202,1.08695,12.8359
18203,1.06321,13.3185
18204,1.06719,12.7153
18205,1.0641,13.3732
18206,1.06313,13.3034
18207,1.06321,13.3185
18208,1.06249,12.1848
18209,1.06035,11.9812
18210,1.06027,11.9666
18211,1.06043,11.9962
18212,1.06035,11.9812
18213,1.05259,14.9931
18214,1.05256,14.9889
18215,1.05261,14.9971
18216,1.05991,-7.30002
18217,1.05992,-7.29884
18218,1.05991,-7.3011
18219,1.02128,21.9233
18220,1.02125,21.9201
18221,1.0213,21.9268
18222,1.00849,24.9227
18223,1.08208,-2.96994
18224,1.05691,-8.06153
18225,1.0569,-8.06385
18226,1.05692,-8.05926
18227,0.963254,-5.56426
18228,1.07977,-5.07576
18229,1.0794,-4.97467
18230,1.07832,-6.20596
18231,1.02142,8.31013
18232,1.03222,37.9609
18233,1.0322,37.9558
18234,1.03225,37.966
18235,1.03222,37.9609
18236,1.00909,39.7461
18237,1.01458,38.9049
18238,1.01113,39.7671
18239,1.00909,39.7461
18240,1.00909,39.7461
18241,0.994028,8.24936
18242,0.986053,6.15157
18243,0.993877,8.22639
18244,0.996928,8.38631
18245,0.994028,8.24936
18246,0.994028,8.24936
18247,0.982446,5.59598
18248,0.983549,5.8987
18249,1.0217,-8.39171
18250,1.02168,-8.39581
18251,1.02173,-8.38746
18252,1.01282,-8.28385
18253,0.979954,20.9314
18254,1.06111,-8.4299
18255,1.05953,-8.50793
18256,1.05949,-8.51384
18257,1.05957,-8.50153
18258,1.05953,-8.50793
18259,1.06702,-7.98883
18260,1.06518,-8.10748
18261,1.06696,-7.99525
18262,1.0693,-8.00333
18263,1.06702,-7.98883
18264,1.01801,36.1785
18265,0.984071,5.96592
18266,1.08447,-6.33766
18267,1.05215,-12.9982
18268,1.0528,-12.6663
18269,1.05274,-12.6759
18270,1.05286,-12.6578
18271,1.05412,-12.7768
18272,1.05404,-12.7864
18273,1.08415,-9.68326
18274,1.0816,-11.4124
18275,1.08239,-10.7706
18276,1.08241,-10.7672
18277,1.08237,-10.7738
18278,1.08239,-10.7706
18279,0.986063,5.80237
18280,0.986094,5.80768
18281,0.95888,-3.00599
18282,1.05294,-14.0795
18283,1.06279,-12.5397
18284,1.06723,-11.3297
18285,1.06705,-11.3546
18286,1.06742,-11.3048
18287,1.06723,-11.3297
18288,1.06909,-9.10088
18289,1.06919,-10.4984
18290,1.0689,-9.12559
18291,1.0733,-8.97139
18292,1.06909,-9.10088
18293,1.05911,-14.0772
18294,1.05899,-14.1028
18295,1.05922,-14.054
18296,1.06648,-11.2523
18297,0.978206,5.06989
18298,1.05381,-14.1749
18299,1.05466,-14.2015
18300,1.05699,-15.48
18301,1.05777,-14.7878
18302,1.05782,-14.781
18303,1.05777,-14.7878
18304,0.972274,3.92315
18305,0.972201,3.91038
18306,0.972356,3.93461
18307,0.972274,3.92315
18308,0.957583,-1.47549
18309,0.958904,-0.233565
18310,0.957872,-1.04093
18311,1.05676,-15.2848
18312,1.05583,-15.1374
18313,1.06722,-10.5043
18314,1.06963,-14.6694
18315,1.06706,-10.5273
18316,1.07272,-10.1598
18317,1.06722,-10.5043
18318,1.06722,-10.5043
18319,0.963649,1.51005
18320,0.968591,3.07672
18321,0.968512,3.06357
18322,0.968677,3.09131
18323,0.970351,2.82572
18324,0.970257,2.81284
18325,0.970448,2.83838
18326,0.972205,6.45416
18327,0.972402,4.05637
18328,0.972098,6.442
18329,0.972616,6.66706
18330,0.972205,6.45416
18331,1.06752,-10.3318
18332,1.05735,-17.983
18333,1.07016,-9.80234
18334,1.07256,-10.0887
18335,1.06976,-9.85072
18336,1.07269,-9.75333
18337,1.07016,-9.80234
18338,1.07016,-9.80234
18339,1.05773,-13.4933
18340,1.06985,-13.9026
18341,1.06973,-13.9255
18342,1.06998,-13.8808
18343,1.06985,-13.9026
18344,1.06245,-17.2847
18345,0.950122,3.15699
18346,0.950184,3.1681
18347,0.950059,3.14565
18348,0.958714,3.68506
18349,0.958663,3.67359
18350,0.958759,3.69651
18351,0.958714,3.68506
18352,0.959395,6.49642
18353,0.958062,6.08007
18354,0.959279,6.47312
18355,0.961723,6.52023
18356,0.959395,6.49642
18357,1.06152,-17.349
18358,1.0613,-16.9402
18359,1.06061,-11.1225
18360,1.06513,-10.3434
18361,1.06829,-15.354
18362,1.06795,-15.6583
18363,1.0673,-15.4921
18364,1.06758,-15.454
18365,1.06702,-15.5323
18366,1.0673,-15.4921
18367,1.06052,-15.1552
18368,1.07087,-10.5663
18369,1.07233,-14.6751
18370,1.07067,-10.5921
18371,1.07331,-10.2396
18372,1.07087,-10.5663
18373,1.06112,-17.4294
18374,1.06094,-17.4494
18375,1.06129,-17.4083
18376,1.07024,-15.0793
18377,1.07145,-10.787
18378,1.0721,-15.0117
18379,1.07348,-10.3421
18380,1.07145,-10.787
18381,1.07131,-10.8092
18382,1.07145,-10.787
18383,1.06066,-17.2706
18384,1.07064,-14.9508
18385,1.07074,-14.9352
18386,1.05552,-14.2262
18387,1.05446,-15.6653
18388,1.05776,-17.5837
18389,1.06385,-16.2316
18390,1.08689,-17.5941
18391,1.06859,-16.552
18392,1.06844,-16.5731
18393,1.06875,-16.5294
18394,1.05909,-12.4049
18395,1.05974,-16.8854
18396,1.05956,-16.9074
18397,1.06116,-17.6196
18398,1.06094,-17.6545
18399,1.06138,-17.583
18400,1.06116,-17.6196
18401,1.05913,-17.9162
18402,1.0589,-17.9537
18403,1.07175,-10.0167
18404,1.06919,-14.4416
18405,1.07334,-9.71169
18406,1.07163,-10.0355
18407,1.07175,-10.0167
18408,0.934465,2.95244
18409,0.934372,2.926
18410,0.966011,0.507718
18411,0.966222,0.537155
18412,0.933736,2.97071
18413,0.936898,2.65911
18414,1.05772,-16.9186
18415,1.05146,-17.6893
18416,1.06937,-15.3405
18417,1.06202,-17.3471
18418,1.06374,-17.3507
18419,1.06366,-17.3672
18420,1.06384,-17.3358
18421,1.06374,-17.3507
18422,1.07034,-16.5449
18423,1.07409,-15.3458
18424,1.06401,-10.3807
18425,1.07443,-15.8065
18426,1.06389,-10.3969
18427,1.07125,-10.0406
18428,1.06401,-10.3807
18429,1.06401,-10.3807
18430,1.08977,-17.4862
18431,0.956161,3.35287
18432,0.956089,3.34269
18433,0.956246,3.36362
18434,1.06422,-16.2407
18435,1.06469,-16.6549
18436,1.06377,-17.6555
18437,1.0636,-17.6786
18438,1.06393,-17.6289
18439,1.06292,-18.7304
18440,1.05988,-18.014
18441,1.05972,-18.0384
18442,1.06004,-17.9927
18443,1.05988,-18.014
18444,1.06484,-17.8799
18445,1.06454,-17.9132
18446,1.04762,-13.3279
18447,1.04655,-16.995
18448,1.04588,-16.8147
18449,1.04575,-16.8369
18450,1.06363,-16.4771
18451,1.06567,-18.5034
18452,1.06596,-18.4647
18453,1.06535,-18.5433
18454,1.06254,-17.0788
18455,1.0622,-17.1457
18456,1.06287,-16.5199
18457,1.06266,-16.5444
18458,1.06617,-15.9731
18459,1.06586,-16.0123
18460,1.06253,-16.9671
18461,1.06121,-19.254
18462,1.0611,-19.2662
18463,1.06135,-19.2406
18464,1.06304,-18.3208
18465,1.0628,-18.3593
18466,1.06872,-19.3589
18467,1.06925,-19.6485
18468,1.06906,-19.6726
18469,1.06942,-19.6241
18470,1.06925,-19.6485
18471,1.05998,-16.9465
18472,1.05963,-16.9895
18473,1.0603,-16.9074
18474,1.06667,-15.2157
18475,1.06652,-15.2424
18476,1.06683,-15.1922
18477,1.06667,-15.2157
18478,1.07079,-10.5248
18479,1.07482,-14.0719
18480,1.07068,-10.5404
18481,1.07307,-10.3268
18482,1.07079,-10.5248
18483,1.07079,-10.5248
18484,1.06836,-16.406
18485,1.06848,-16.388
18486,1.09108,-17.1406
18487,1.09091,-17.1552
18488,1.0768,-18.6677
18489,1.08751,-17.6372
18490,1.08127,-18.2857
18491,1.0811,-18.3047
18492,1.08143,-18.2662
18493,1.08127,-18.2857
18494,1.0618,-17.2762
18495,1.06166,-17.3046
18496,1.06301,-18.1472
18497,1.04578,-17.2528
18498,1.06078,-17.5882
18499,1.0611,-17.5476
18500,1.06059,-17.6148
18501,1.04676,-19.0038
18502,1.04656,-19.0319
18503,1.04911,-21.2279
18504,1.06612,-15.5277
18505,1.06597,-15.5507
18506,1.06,-18.9762
18507,1.0604,-18.9219
18508,1.05956,-19.0293
18509,1.06,-18.9762
18510,1.06399,-16.9551
18511,1.06379,-16.9848
18512,1.06331,-16.4964
18513,1.06063,-20.2059
18514,1.06062,-20.1767
18515,1.06302,-18.5938
18516,1.06273,-18.6427
18517,1.06326,-18.5478
18518,1.06302,-18.5938
18519,1.06557,-18.9345
18520,1.04219,-18.6031
18521,1.0421,-18.6163
18522,1.04236,-18.5794
18523,1.04219,-18.6031
18524,1.06239,-19.0909
18525,1.07742,-17.2142
18526,1.07753,-17.1978
18527,1.07732,-17.2297
18528,1.06434,-19.8301
18529,1.06898,-19.6416
18530,1.06883,-19.6633
18531,1.06725,-15.0204
18532,1.0671,-15.0388
18533,1.04429,-19.2237
18534,1.04417,-19.243
18535,1.07305,-15.6746
18536,1.07289,-15.6934
18537,1.07492,-15.678
18538,1.04526,-18.3847
18539,1.04882,-16.2218
18540,1.04875,-16.2327
18541,1.04785,-16.8245
18542,1.04775,-16.8346
18543,1.04794,-16.8152
18544,1.04785,-16.8245
18545,1.05279,-15.8075
18546,1.05463,-14.5868
18547,1.05912,-12.4878
18548,1.05904,-12.4973
18549,1.0592,-12.478
18550,1.06936,-19.5497
18551,1.06727,-19.311
18552,1.06711,-19.3248
18553,1.06053,-20.3155
18554,1.06501,-21.2803
18555,1.06534,-21.2292
18556,1.0647,-21.3359
18557,1.06501,-21.2803
18558,1.05722,-20.7395
18559,1.07238,-19.07
18560,1.07226,-19.0926
18561,1.05706,-20.6209
18562,1.06217,-17.5442
18563,1.06378,-20.2801
18564,1.08941,-17.1149
18565,1.08926,-17.1373
18566,1.06771,-19.1305
18567,1.06143,-18.6533
18568,1.06672,-19.6085
18569,1.06687,-19.5838
18570,1.06672,-19.6085
18571,1.06658,-19.631
18572,1.03645,-12.4676
18573,1.03641,-12.4741
18574,1.03818,-13.3365
18575,1.02728,-11.8254
18576,0.954949,4.49859
18577,0.939357,4.93207
18578,0.939385,4.93727
18579,0.951403,4.43249
18580,0.951365,4.42429
18581,0.95144,4.43992
18582,1.06702,-19.3841
18583,1.06674,-19.4147
18584,1.06729,-19.3526
18585,1.06702,-19.3841
18586,1.05798,-20.225
18587,1.05778,-20.2442
18588,1.04998,-16.115
18589,1.05026,-16.08
18590,1.04967,-16.1515
18591,1.05199,-15.9307
18592,1.0738,-11.0257
18593,1.05609,-15.484
18594,1.07359,-11.055
18595,1.07432,-10.7272
18596,1.0738,-11.0257
18597,1.0738,-11.0257
18598,1.04822,-16.2269
18599,1.06871,-15.3272
18600,1.06909,-15.2873
18601,1.06848,-15.3492
18602,1.06717,-18.8668
18603,1.08572,-17.7287
18604,1.08556,-17.7526
18605,1.06238,-20.036
18606,1.06306,-15.1685
18607,1.06293,-15.1922
18608,1.06318,-15.1441
18609,1.06141,-19.5886
18610,1.06126,-19.6111
18611,1.06156,-19.5639
18612,1.07226,-19.2602
18613,1.06045,-21.5309
18614,1.06077,-20.2554
18615,1.06053,-20.2995
18616,1.061,-20.2104
18617,0.971697,-7.67745
18618,0.973088,-7.33768
18619,0.973157,-7.32767
18620,0.97302,-7.34752
18621,0.938252,3.52724
18622,1.04555,-22.6607
18623,1.04529,-22.6951
18624,1.05232,-21.7359
18625,1.05518,-20.7501
18626,1.05366,-20.1708
18627,1.06332,-19.0927
18628,1.05206,-23.6028
18629,1.05226,-23.5828
18630,1.04275,-18.93
18631,1.04292,-18.91
18632,1.04125,-18.2487
18633,1.04115,-18.5153
18634,1.06133,-21.424
18635,1.06078,-21.4844
18636,1.0618,-21.3605
18637,1.06929,-10.6202
18638,1.0713,-15.2819
18639,1.07227,-10.4231
18640,1.06922,-10.6303
18641,1.06929,-10.6202
18642,1.07536,-18.2999
18643,1.04466,-17.8025
18644,1.04459,-17.8119
18645,1.04366,-17.68
18646,0.992126,-7.62189
18647,1.01485,-8.95011
18648,0.980578,-5.83492
18649,1.05427,-21.3756
18650,1.04145,-22.9542
18651,1.04137,-22.9678
18652,1.0575,-21.4497
18653,1.06706,-16.1228
18654,1.06423,-17.1212
18655,1.06992,-18.9693
18656,1.0701,-18.9518
18657,1.06069,-22.0989
18658,1.06937,-19.106
18659,1.06946,-19.0888
18660,1.06927,-19.1251
18661,1.06171,-20.3466
18662,1.06156,-20.376
18663,1.06185,-20.3192
18664,1.06171,-20.3466
18665,1.05759,-21.8182
18666,1.04153,-22.1936
18667,1.04172,-22.1718
18668,1.06543,-20.3355
18669,1.06526,-20.3572
18670,1.03972,-23.3383
18671,1.04978,-23.4959
18672,1.0081,-9.14138
18673,1.05853,-17.1373
18674,1.05811,-17.2102
18675,1.05942,-16.9807
18676,1.06482,-19.6328
18677,1.06487,-17.7154
18678,1.04068,-18.4104
18679,1.04907,-19.0938
18680,1.04931,-19.0635
18681,1.04696,-17.7928
18682,1.06548,-19.6064
18683,1.06998,-14.4506
18684,1.07025,-14.4091
18685,1.06998,-14.4506
18686,1.06968,-14.4929
18687,0.987883,-2.4395
18688,0.990865,-4.34049
18689,0.987777,-2.45509
18690,0.987863,-2.44345
18691,0.989195,-2.32229
18692,0.970389,-7.94597
18693,0.983085,-6.22407
18694,0.987025,-4.93821
18695,0.962549,16.0108
18696,1.05746,-21.1701
18697,1.06388,-19.8609
18698,1.05773,-20.6972
18699,1.05272,-19.9961
18700,1.06139,-15.0657
18701,1.06153,-15.0436
18702,1.06121,-15.0876
18703,1.06139,-15.0657
18704,1.05827,-20.3084
18705,1.05849,-20.2724
18706,1.05115,-20.7404
18707,1.05099,-20.7609
18708,1.05133,-20.7171
18709,1.06829,-15.5097
18710,1.06813,-15.5452
18711,1.0724,-10.6733
18712,1.07875,-12.8053
18713,1.07223,-10.6931
18714,1.07321,-10.4969
18715,1.0724,-10.6733
18716,1.04672,-19.504
18717,1.07181,-14.7344
18718,1.07168,-14.7547
18719,1.04032,-23.3723
18720,1.04017,-23.4028
18721,1.04048,-23.3419
18722,1.04032,-23.3723
18723,1.05184,-22.7528
18724,1.0689,-23.4011
18725,1.06915,-21.8281
18726,1.0421,-23.329
18727,1.04192,-23.3612
18728,1.04233,-23.2948
18729,1.04121,-22.7958
18730,1.04111,-22.8119
18731,1.04129,-22.7819
18732,1.04702,-22.1288
18733,1.07414,-14.6905
18734,1.0742,-14.6864
18735,1.0751,-14.3212
18736,1.07506,-14.3255
18737,1.07513,-14.3165
18738,1.0751,-14.3212
18739,1.07448,-14.7943
18740,1.07445,-14.7991
18741,1.07452,-14.7894
18742,1.05516,-15.7131
18743,1.05507,-15.7322
18744,1.0521,-16.3802
18745,1.06407,-14.3274
18746,1.0716,-10.4703
18747,1.07543,-13.1878
18748,1.07354,-10.316
18749,1.07146,-10.489
18750,1.0716,-10.4703
18751,1.0716,-10.4703
18752,1.06139,-19.9916
18753,1.06163,-19.9525
18754,1.06715,-18.9286
18755,1.06728,-18.9091
18756,1.05752,-23.5902
18757,1.06111,-20.1284
18758,1.05091,-20.2145
18759,1.05125,-20.1631
18760,1.05061,-20.261
18761,1.06954,-19.0004
18762,1.05131,-20.2254
18763,1.05097,-20.2688
18764,1.07197,-18.7149
18765,1.05297,-21.294
18766,1.05291,-21.3032
18767,1.06236,-22.9417
18768,1.06248,-22.9209
18769,1.0565,-23.4268
18770,1.05025,-23.1748
18771,1.05509,-19.1342
18772,1.0515,-21.9756
18773,1.06909,-18.9072
18774,1.06889,-18.931
18775,1.07647,-18.6047
18776,1.05072,-20.4208
18777,1.05421,-22.2031
18778,1.05396,-22.2354
18779,1.05443,-22.1687
18780,1.05421,-22.2031
18781,1.05972,-20.1066
18782,1.06477,-16.575
18783,1.04972,-20.8329
18784,1.075,-18.5647
18785,1.05627,-20.6532
18786,1.05359,-19.3433
18787,1.07641,-18.4926
18788,1.05717,-22.563
18789,1.05692,-22.6026
18790,1.05579,-19.8045
18791,1.05568,-19.8234
18792,1.05591,-19.7827
18793,1.0616,-20.3397
18794,1.05093,-20.0227
18795,1.07033,-11.3583
18796,1.06373,-15.8349
18797,1.07023,-11.3691
18798,1.07344,-10.9777
18799,1.07033,-11.3583
18800,1.05737,-16.9832
18801,1.0573,-16.994
18802,1.05028,-17.5742
18803,1.06454,-19.175
18804,1.05287,-17.4078
18805,1.0528,-17.4237
18806,1.04069,-17.895
18807,1.01628,-10.4795
18808,1.0162,-10.4957
18809,1.01636,-10.4628
18810,1.0426,-17.9124
18811,0.980996,-6.04451
18812,0.971188,-7.73616
18813,1.06933,-11.1525
18814,1.05966,-17.9765
18815,1.07171,-10.827
18816,1.06919,-11.168
18817,1.06933,-11.1525
18818,1.06933,-11.1525
18819,1.06498,-23.5364
18820,1.05478,-23.0387
18821,1.05469,-23.0588
18822,1.04016,-23.3114
18823,1.04001,-23.3304
18824,1.04033,-23.2908
18825,1.05442,-19.1593
18826,1.05426,-19.1844
18827,1.06272,-16.7746
18828,1.0625,-16.799
18829,1.06296,-16.7512
18830,1.06272,-16.7746
18831,1.05428,-19.1415
18832,1.04893,-17.775
18833,1.06343,-19.5403
18834,1.05184,-19.752
18835,1.05173,-19.7739
18836,1.05205,-19.7065
18837,1.05173,-19.7731
18838,1.04778,-17.9003
18839,1.04763,-17.9223
18840,1.06101,-15.9017
18841,1.06092,-15.9187
18842,1.06111,-15.8847
18843,1.06797,-14.9557
18844,1.06781,-14.9749
18845,1.06814,-14.9367
18846,1.06361,-15.46
18847,1.06352,-15.4778
18848,1.06368,-15.4436
18849,1.06361,-15.46
18850,0.98223,-7.29688
18851,0.982151,-7.30671
18852,0.982092,-7.28406
18853,0.97903,-7.54322
18854,0.975958,-7.70177
18855,1.05504,-19.1244
18856,1.05314,-19.5954
18857,1.05683,-18.3441
18858,1.05981,-17.5686
18859,1.05516,-18.831
18860,1.05313,-17.2917
18861,1.05681,-16.698
18862,1.05156,-17.4665
18863,1.05245,-16.2013
18864,1.05269,-16.1818
18865,1.05221,-16.224
18866,1.05245,-16.2013
18867,1.06248,-16.8077
18868,1.05584,-17.1142
18869,1.06161,-16.117
18870,1.0618,-16.0844
18871,1.04889,-17.7884
18872,1.04871,-17.823
18873,1.05165,-19.7203
18874,1.05147,-19.7499
18875,1.04425,-19.8018
18876,1.04404,-19.8234
18877,1.04444,-19.7823
18878,1.04425,-19.8018
18879,1.04,-22.2624
18880,1.0399,-22.2855
18881,1.04013,-22.2416
18882,1.05137,-20.2777
18883,1.05123,-20.2988
18884,1.05164,-21.3059
18885,1.07503,-11.3885
18886,1.07396,-11.685
18887,1.07393,-11.6886
18888,1.07393,-11.6887
18889,1.05722,-18.7075
18890,1.05273,-19.3671
18891,1.05295,-19.3477
18892,1.06128,-17.3271
18893,1.05463,-22.8061
18894,1.05453,-22.8186
18895,1.06129,-23.556
18896,1.05539,-18.7141
18897,1.05564,-18.6765
18898,1.05019,-18.3562
18899,1.06089,-15.9844
18900,1.03654,-17.3244
18901,1.05467,-19.4336
18902,1.05458,-19.4558
18903,1.05478,-19.4123
18904,1.05969,-18.6707
18905,1.06394,-18.9758
18906,1.05627,-18.2276
18907,1.01071,-6.92688
18908,1.01066,-6.93655
18909,1.01076,-6.91793
18910,1.01071,-6.92688
18911,1.00765,-4.73623
18912,1.00974,-5.28952
18913,1.00758,-4.74616
18914,1.00758,-4.74498
18915,1.00781,-4.68121
18916,1.00765,-4.73623
18917,1.07301,-10.64
18918,1.07642,-13.8193
18919,1.0743,-10.4628
18920,1.07287,-10.6644
18921,1.07301,-10.64
18922,1.07301,-10.64
18923,1.05365,-17.3481
18924,1.05352,-17.3715
18925,1.05378,-17.328
18926,1.05365,-17.3481
18927,1.04631,-18.044
18928,1.04659,-18.0024
18929,1.04607,-18.0823
18930,1.04631,-18.044
18931,1.05068,-17.235
18932,1.05953,-17.5974
18933,1.0593,-17.6272
18934,1.05978,-17.5722
18935,1.06227,-16.671
18936,1.05713,-18.4738
18937,1.07039,-19.1551
18938,1.07021,-19.1829
18939,1.05753,-18.1516
18940,1.05732,-18.1828
18941,1.05774,-18.1194
18942,0.959548,-6.69253
18943,0.971868,-7.47578
18944,0.971838,-7.48204
18945,0.971895,-7.47035
18946,0.97521,-6.86593
18947,0.975182,-6.87204
18948,1.05735,-18.2347
18949,1.05573,-18.5947
18950,1.0556,-18.6123
18951,1.05421,-18.8227
18952,1.07215,-11.8561
18953,1.0752,-11.0209
18954,1.07505,-11.0417
18955,1.0693,-12.4796
18956,1.06981,-12.1352
18957,1.06818,-12.6888
18958,1.06083,-16.4255
18959,1.06091,-16.4116
18960,1.05583,-18.7314
18961,1.05783,-18.698
18962,1.05768,-18.7205
18963,1.06112,-15.5127
18964,1.05333,-17.4871
18965,1.05306,-17.5239
18966,1.05362,-17.4481
18967,1.05333,-17.4871
18968,1.05706,-16.9245
18969,1.05728,-16.8848
18970,1.05694,-16.9479
18971,1.05566,-17.3673
18972,1.05551,-17.3885
18973,1.0567,-16.746
18974,1.06448,-16.5436
18975,1.05827,-16.9243
18976,1.05808,-16.946
18977,1.05844,-16.9039
18978,1.05827,-16.9243
18979,1.05545,-18.0635
18980,1.05525,-18.0837
18981,1.05565,-18.0441
18982,1.05685,-17.0766
18983,1.05784,-17.9621
18984,1.05768,-17.9856
18985,1.05745,-18.3189
18986,1.05878,-17.5843
18987,1.06114,-16.3749
18988,1.06095,-16.414
18989,1.06133,-16.3394
18990,1.06256,-15.1928
18991,1.06261,-15.1853
18992,1.06165,-15.1662
18993,1.06157,-15.1816
18994,1.06171,-15.1495
18995,1.05105,-16.6857
18996,1.05088,-16.7118
18997,1.07131,-11.0718
18998,1.06677,-13.7509
18999,1.07115,-11.0972
19000,1.07301,-10.8263
19001,1.07131,-11.0718
19002,1.05957,-18.7094
19003,1.0594,-18.7339
19004,1.05975,-18.687
19005,1.05647,-18.6652
19006,1.05788,-18.1125
19007,1.07075,-12.2646
19008,1.07269,-12.0161
19009,1.07404,-11.7727
19010,1.07398,-11.7802
19011,1.07411,-11.7653
19012,0.955658,-5.75499
19013,0.968574,-7.45878
19014,0.968501,-7.46702
19015,0.968653,-7.45128
19016,0.953684,2.20693
19017,0.950693,2.12486
19018,0.950617,2.11233
19019,0.950775,2.26124
19020,0.96302,3.11749
19021,0.957097,2.45237
19022,0.962775,3.09035
19023,0.963731,3.17939
19024,0.96302,3.11749
19025,0.96302,3.11749
19026,0.95506,2.28754
19027,0.949597,2.59244
19028,0.949437,2.5662
19029,1.0563,-18.0656
19030,1.05652,-18.0436
19031,1.05611,-18.0852
19032,1.05981,-18.4005
19033,1.05968,-18.423
19034,1.05993,-18.3804
19035,1.05723,-16.6939
19036,1.05917,-16.017
19037,1.05933,-15.9946
19038,1.05901,-16.0376
19039,1.06319,-13.2877
19040,1.05268,-16.946
19041,1.05256,-16.967
19042,1.05282,-16.925
19043,1.05268,-16.946
19044,1.055,-15.9794
19045,1.05478,-16.0006
19046,1.07024,-10.5775
19047,1.07513,-11.5077
19048,1.07008,-10.5979
19049,1.0723,-10.4799
19050,1.07024,-10.5775
19051,1.05773,-16.7464
19052,1.0641,-11.2809
19053,1.0688,-14.2279
19054,1.0679,-10.9444
19055,1.06392,-11.307
19056,1.0641,-11.2809
19057,1.0641,-11.2809
19058,1.06309,-15.7353
19059,1.05561,-17.4327
19060,1.0553,-17.4758
19061,1.05275,-17.0964
19062,1.05256,-17.1203
19063,1.05293,-17.0695
19064,1.05275,-17.0964
19065,1.07034,-12.2805
19066,1.07079,-12.2687
19067,1.07075,-12.2739
19068,1.06172,-16.774
19069,1.05752,-18.5792
19070,1.05738,-18.5987
19071,1.05589,-18.2386
19072,1.05579,-18.2588
19073,1.056,-18.2177
19074,1.06436,-16.1348
19075,1.06427,-16.1442
19076,1.06444,-16.1257
19077,1.06807,-15.3218
19078,1.06801,-15.3308
19079,1.06814,-15.3136
19080,1.06229,-16.7958
19081,1.06489,-16.0543
19082,1.06602,-17.8234
19083,1.06592,-17.8379
19084,1.06512,-17.7938
19085,1.06201,-18.164
19086,1.01977,-9.40662
19087,1.01976,-9.40886
19088,1.01978,-9.40409
19089,1.01977,-9.40662
19090,1.02279,-9.51836
19091,1.07688,-11.3352
19092,1.07682,-11.3442
19093,1.08445,-10.255
19094,1.08132,-10.9742
19095,1.08439,-10.2655
19096,1.08438,-10.2646
19097,1.08534,-10.1608
19098,1.08445,-10.255
19099,1.07822,-11.005
19100,1.07829,-10.9952
19101,1.06434,-13.9476
19102,1.06418,-13.9701
19103,1.0664,-13.6013
19104,1.05952,-14.7646
19105,1.05927,-14.8072
19106,1.0598,-14.724
19107,1.05952,-14.7646
19108,1.07261,-12.5495
19109,1.07327,-11.9636
19110,1.07325,-11.9615
19111,1.06191,-16.3094
19112,1.02874,-14.3718
19113,1.06015,-14.2101
19114,1.05999,-14.23
19115,1.06028,-14.1889
19116,1.05233,-16.7064
19117,1.07084,-12.4994
19118,1.07096,-12.4776
19119,1.07171,-12.0378
19120,1.07184,-12.0182
19121,1.05665,-18.4275
19122,1.06897,-11.3764
19123,1.07441,-14.226
19124,1.06885,-11.3886
19125,1.07094,-11.105
19126,1.06897,-11.3764
19127,1.06897,-11.3764
19128,1.06792,-14.3671
19129,0.948994,12.9521
19130,0.948938,12.9465
19131,0.949043,12.9576
19132,0.927152,29.7367
19133,0.927099,29.7265
19134,0.923643,27.346
19135,0.923572,27.3352
19136,0.923707,27.3564
19137,0.928907,30.6183
19138,1.08186,-7.83147
19139,1.08027,-7.93698
19140,1.08022,-7.94533
19141,1.08032,-7.92841
19142,1.08027,-7.93698
19143,1.07885,-8.62093
19144,1.07878,-8.62934
19145,1.0789,-8.61329
19146,1.07885,-8.62093
19147,1.07685,-9.3622
19148,1.07678,-9.36957
19149,0.953139,2.02446
19150,0.95348,5.88822
19151,0.958419,4.7474
19152,0.953376,5.8634
19153,0.954938,6.02792
19154,0.95348,5.88822
19155,0.956372,4.00973
19156,0.95158,3.48799
19157,1.07727,-10.5675
19158,1.0773,-10.5615
19159,1.07727,-10.5675
19160,1.07724,-10.5734
19161,1.07911,-16.3501
19162,1.08235,-17.3944
19163,1.08232,-17.3983
19164,1.08238,-17.3911
19165,1.07568,-13.0714
19166,1.07606,-14.2893
19167,1.07777,-15.104
19168,1.07772,-15.0902
19169,1.0777,-15.1167
19170,1.05429,-17.7053
19171,1.05411,-17.7242
19172,1.0553,-18.278
19173,1.05525,-18.2867
19174,1.05536,-18.2678
19175,1.02774,-9.1065
19176,1.02589,-9.36551
19177,1.02582,-9.3776
19178,1.03105,-7.90266
19179,1.03069,-8.64496
19180,1.03097,-7.91512
19181,1.03235,-7.82938
19182,1.03105,-7.90266
19183,1.03105,-7.90266
19184,1.02638,-10.5223
19185,1.0263,-10.5359
19186,1.02646,-10.5093
19187,1.02638,-10.5223
19188,1.07308,-12.9741
19189,1.07322,-12.9565
19190,1.07308,-12.9741
19191,1.07762,-12.893
19192,1.07294,-13.0347
19193,1.07312,-13.0163
19194,1.07279,-13.0534
19195,1.07294,-13.0347
19196,1.0888,-11.3877
19197,1.08548,-11.9504
19198,1.08871,-11.405
19199,1.08935,-11.3307
19200,1.0888,-11.3877
19201,1.0888,-11.3877
19202,1.06526,-12.6091
19203,1.08242,-14.9478
19204,1.08206,-8.23461
19205,1.08227,-14.8373
19206,1.08236,-14.8224
19207,1.08227,-14.8373
19208,1.09009,-10.6989
19209,1.09002,-10.7132
19210,1.09016,-10.6819
19211,1.08876,-11.2026
19212,1.08927,-10.9201
19213,1.0637,-15.0789
19214,1.07653,-17.4037
19215,1.07602,-17.0956
19216,1.07608,-17.0856
19217,1.08353,-17.781
19218,1.0834,-17.7994
19219,0.918832,19.707
19220,0.926459,18.2366
19221,0.918716,19.6838
19222,0.920247,19.8352
19223,0.918832,19.707
19224,0.918832,19.707
19225,0.9358,14.8017
19226,0.935718,14.7902
19227,1.08582,-11.5843
19228,1.08845,-14.1557
19229,1.08558,-11.6176
19230,1.08705,-11.3844
19231,1.08582,-11.5843
19232,1.08582,-11.5843
19233,1.08276,-14.9299
19234,1.08288,-14.9083
19235,1.08264,-14.9508
19236,1.07956,-15.4272
19237,1.07941,-15.4476
19238,1.08526,-14.6248
19239,1.0854,-14.605
19240,1.09266,-16.7276
19241,1.09263,-16.7321
19242,1.0924,-16.7204
19243,1.09266,-16.7276
19244,1.08595,-18.0164
19245,1.08204,-13.5305
19246,1.09151,-10.3521
19247,1.08782,-11.2924
19248,0.919411,19.1545
19249,1.07561,-16.605
19250,1.07583,-16.5697
19251,1.07561,-16.605
19252,1.07547,-16.6302
19253,1.08013,-17.1331
19254,1.07996,-17.1559
19255,1.08029,-17.111
19256,1.07888,-17.8649
19257,1.07902,-17.8416
19258,1.07872,-17.8909
19259,1.07888,-17.8649
19260,1.08066,-16.8922
19261,1.07879,-14.7129
19262,1.07905,-14.9296
19263,1.0812,-14.8932
19264,1.08106,-14.9111
19265,1.08133,-14.8764
19266,1.08336,-12.8668
19267,1.08841,-14.5462
19268,1.0885,-14.5357
19269,1.08841,-14.5462
19270,1.08773,-15.1117
19271,1.08763,-15.1245
19272,1.08782,-15.1005
19273,1.08773,-15.1117
19274,1.09159,-14.243
19275,1.08898,-15.5052
19276,1.06789,-12.8741
19277,1.06792,-12.8692
19278,1.06786,-12.8792
19279,1.06789,-12.8741
19280,1.08285,-18.0463
19281,1.08287,-18.0538
19282,1.08158,-17.6478
19283,1.08152,-17.6608
19284,1.08176,-16.8988
19285,1.08167,-16.9114
19286,1.08116,-15.1235
19287,1.08096,-15.1442
19288,1.0859,-14.4945
19289,1.08605,-14.4724
19290,1.08072,-15.8324
19291,1.07602,-15.4418
19292,1.07583,-15.4616
19293,1.08181,-15.5183
19294,1.07372,-15.7595
19295,1.07348,-15.8034
19296,1.074,-15.7152
19297,1.07455,-16.0861
19298,1.07808,-15.1959
19299,1.08119,-15.4073
19300,1.08143,-15.3821
19301,1.07651,-15.3618
19302,1.0763,-15.3874
19303,1.07675,-15.3356
19304,1.08574,-11.9982
19305,1.09092,-11.8406
19306,1.09085,-11.8503
19307,1.09099,-11.8321
19308,1.08672,-11.1486
19309,1.09088,-11.9257
19310,1.08811,-11.1117
19311,1.08672,-11.1486
19312,1.08666,-11.1578
19313,1.08672,-11.1486
19314,1.08589,-12.5886
19315,1.08583,-12.5973
19316,1.07894,-14.8938
19317,1.07883,-14.912
19318,1.07896,-14.4423
19319,1.08276,-13.5114
19320,1.08265,-13.52
19321,1.08284,-13.504
19322,1.07885,-14.6631
19323,1.07824,-14.1505
19324,1.06205,-10.6412
19325,1.06203,-10.6439
19326,1.06204,-10.6378
19327,1.07485,-15.5497
19328,1.08354,-15.3205
19329,1.08553,-7.64595
19330,1.08647,-11.2653
19331,1.07992,-14.9449
19332,1.08714,-11.3638
19333,1.09129,-7.35706
19334,1.08553,-7.64595
19335,1.08553,-7.64595
19336,1.0767,-14.7184
19337,1.08692,-11.4715
19338,1.08399,-13.4205
19339,1.08684,-11.4837
19340,1.0882,-11.3077
19341,1.08685,-11.482
19342,1.07757,-15.0133
19343,1.07753,-15.0249
19344,1.07762,-15.0022
19345,0.966126,5.5144
19346,0.966117,5.51291
19347,0.966117,5.51268
19348,0.961498,4.16444
19349,1.09023,-15.4262
19350,1.09046,-15.402
19351,1.09002,-15.4521
19352,1.08556,-15.0856
19353,1.0857,-15.0625
19354,1.08556,-15.0856
19355,1.09271,-16.4374
19356,1.09259,-16.4625
19357,1.08456,-15.5173
19358,1.08697,-14.8536
19359,1.07209,-16.029
19360,1.07183,-16.0631
19361,1.07234,-15.9975
19362,1.07653,-15.9075
19363,1.07414,-16.1265
19364,1.08463,-15.2429
19365,1.08455,-15.2553
19366,1.08471,-15.2311
19367,1.08463,-15.2429
19368,1.08363,-15.6904
19369,1.08355,-15.7024
19370,1.08689,-17.4335
19371,1.08681,-17.4439
19372,1.08697,-17.4214
19373,1.08448,-17.8228
19374,1.07506,-15.6652
19375,1.07496,-15.6805
19376,1.07334,-15.8083
19377,1.07327,-15.8241
19378,1.07262,-15.9366
19379,1.07251,-15.9522
19380,1.09122,-13.6816
19381,1.09184,-13.582
19382,1.09193,-13.5695
19383,1.09227,-13.4567
19384,1.09397,-13.2096
19385,1.09385,-13.2212
19386,1.09408,-13.1965
19387,1.08969,-16.3316
19388,1.0902,-16.2118
19389,1.09011,-16.2336
19390,1.08336,-16.4217
19391,1.08325,-16.4398
19392,1.0835,-16.4013
19393,1.08487,-16.5232
19394,1.06948,-12.3515
19395,1.06945,-12.3548
19396,1.0695,-12.3483
19397,1.06918,-12.254
19398,1.07837,-16.6371
19399,1.07811,-16.6792
19400,1.07863,-16.5973
19401,1.0741,-16.5343
19402,1.07326,-16.3524
19403,1.07343,-16.3352
19404,1.08742,-15.1058
19405,1.08728,-15.1296
19406,1.07987,-15.3948
19407,1.07974,-15.4186
19408,1.07787,-16.0176
19409,1.07505,-15.5866
19410,1.0873,-15.0679
19411,1.09396,-17.3541
19412,1.09365,-17.3911
19413,1.09322,-17.3105
19414,1.08079,-17.159
19415,1.08038,-17.2097
19416,1.0846,-15.0128
19417,1.08474,-14.987
19418,1.0845,-15.0351
19419,1.09156,-16.6081
19420,1.08732,-14.9777
19421,0.921189,17.694
19422,0.921218,17.6977
19423,0.92146,17.5591
19424,1.08924,-12.4559
19425,1.08579,-13.5889
19426,1.09519,-13.6924
19427,1.09802,-13.4154
19428,1.08756,-11.5122
19429,1.09374,-13.3332
19430,1.08966,-11.3946
19431,1.08756,-11.5122
19432,1.08749,-11.5247
19433,1.06955,-11.2716
19434,1.07251,-11.3817
19435,1.0702,-11.2626
19436,1.06947,-11.2808
19437,1.06955,-11.2716
19438,1.06955,-11.2716
19439,1.06678,-12.6705
19440,1.06758,-12.3404
19441,1.06751,-12.3496
19442,1.08717,-14.7133
19443,1.08598,-11.8466
19444,1.09226,-14.2383
19445,1.08579,-11.8741
19446,1.08784,-11.6046
19447,1.08598,-11.8466
19448,1.08598,-11.8466
19449,1.08158,-16.8221
19450,1.08152,-16.8317
19451,1.08165,-16.8117
19452,1.08646,-17.359
19453,1.08275,-16.2359
19454,1.08276,-16.3256
19455,1.08294,-16.3037
19456,1.09253,-15.7527
19457,1.09241,-15.7719
19458,1.08307,-15.6924
19459,1.0823,-15.0542
19460,1.08225,-15.0639
19461,1.08463,-15.5649
19462,1.08455,-15.5752
19463,1.08472,-15.5539
19464,0.950496,10.8054
19465,0.950475,10.8019
19466,0.95052,10.8092
19467,1.08708,-15.3596
19468,1.08693,-16.4135
19469,1.08696,-16.4109
19470,1.06641,-11.5032
19471,1.06637,-11.5096
19472,1.06645,-11.4966
19473,0.992943,3.34535
19474,0.992846,3.33193
19475,0.993035,3.3583
19476,0.982953,3.77072
19477,0.992362,3.88662
19478,0.992103,3.53886
19479,0.99347,3.90968
19480,0.992298,3.87412
19481,0.992362,3.88662
19482,1.08735,-14.8764
19483,1.0873,-14.8876
19484,1.08654,-15.038
19485,1.0862,-15.0813
19486,1.08627,-15.0694
19487,1.08612,-15.094
19488,0.938466,13.8903
19489,1.02074,-1.3516
19490,1.02072,-1.35476
19491,1.08063,-15.5514
19492,1.07994,-15.1427
19493,1.08001,-15.4845
19494,1.07997,-15.4907
19495,1.08006,-15.4784
19496,0.966712,7.62151
19497,0.966747,7.62663
19498,0.957092,9.74907
19499,0.957112,9.75348
19500,0.957092,9.74907
19501,0.957072,9.74488
19502,1.02223,-1.12812
19503,1.04475,-4.36212
19504,1.04634,-4.05874
19505,1.04636,-4.05524
19506,1.04634,-4.05874
19507,1.04632,-4.06249
19508,1.08173,-16.0345
19509,1.08181,-15.7651
19510,1.08073,-16.0343
19511,1.08079,-16.0266
19512,0.977479,6.35126
19513,1.08758,-14.5434
19514,1.02533,-0.5684
19515,1.02529,-0.575102
19516,1.02537,-0.562373
19517,1.02533,-0.5684
19518,0.939425,14.6381
19519,0.939401,14.6337
19520,0.939445,14.6426
19521,0.939425,14.6381
19522,1.08684,-13.757
19523,1.08759,-12.9896
19524,1.05648,-5.0368
19525,1.0055,2.53643
19526,0.970172,8.01821
19527,0.970136,8.01098
19528,0.974191,7.4039
19529,0.98898,6.18449
19530,0.980696,6.77103
19531,0.988948,6.17811
19532,0.99015,6.11795
19533,0.98898,6.18449
19534,0.974973,5.99958
19535,0.967928,6.667
19536,1.08798,-13.8824
19537,1.08793,-13.8892
19538,1.08817,-14.3182
19539,1.08771,-14.167
19540,1.08642,-14.4008
19541,1.08657,-14.3457
19542,1.08649,-14.3533
19543,1.08664,-14.3386
19544,1.08657,-14.3457
19545,1.0878,-14.1178
19546,1.08774,-14.1257
19547,1.08785,-14.1105
19548,1.06173,-3.31661
19549,1.06169,-3.32104
19550,1.06177,-3.31227
19551,1.06173,-3.31661
19552,1.08922,-11.5253
19553,1.09191,-13.3326
19554,1.09206,-13.3163
19555,1.09351,-12.8209
19556,1.09339,-12.8395
19557,1.09363,-12.8009
19558,1.09845,-10.8634
19559,1.09585,-12.4145
19560,1.09828,-10.8909
19561,1.09914,-10.7553
19562,1.09845,-10.8634
19563,1.08913,-13.4086
19564,0.992159,4.90994
19565,1.00695,2.03757
19566,1.00776,2.06096
19567,1.0078,2.06748
19568,1.00823,1.87583
19569,1.01258,1.11509
19570,1.01261,1.12185
19571,1.01818,0.694854
19572,1.01807,0.676808
19573,1.01826,0.711278
19574,1.0118,1.2725
19575,1.00227,2.95232
19576,1.0266,1.14946
19577,1.02574,0.741236
19578,1.02716,1.23285
19579,1.02651,1.13873
19580,1.0266,1.14898
19581,1.0266,1.14946
19582,1.02468,0.587286
19583,1.02516,0.471703
19584,1.02509,0.460664
19585,1.02383,0.574945
19586,1.02374,0.565111
19587,1.02395,0.585793
19588,1.06236,1.30063
19589,1.06644,-0.0829013
19590,1.0626,1.42975
19591,1.06231,1.29421
19592,1.06236,1.30063
19593,1.06549,-1.60877
19594,1.06547,-1.61232
19595,1.0655,-1.60525
19596,1.06549,-1.60877
19597,1.03325,0.916611
19598,1.03549,0.183885
19599,1.0358,0.966484
19600,1.0332,0.908664
19601,1.03325,0.916611
19602,1.03359,-0.270703
19603,1.03353,-0.27793
19604,1.0347,-0.465568
19605,1.03465,-0.473638
19606,1.09178,-6.95081
19607,1.08663,-6.43619
19608,1.08657,-6.44354
19609,1.09232,-7.18092
19610,1.09226,-7.18781
19611,1.09238,-7.1747
19612,1.02611,-0.407203
19613,1.02458,-0.366889
19614,1.02449,-0.384295
19615,0.984998,5.43783
19616,1.09168,-12.6042
19617,1.09405,-11.5288
19618,1.09409,-11.5237
19619,1.09401,-11.5339
19620,1.09399,-11.4191
19621,1.09698,-8.92462
19622,1.09696,-8.92686
19623,1.097,-8.92203
19624,1.09698,-8.92462
19625,1.02725,-0.356318
19626,1.02721,-0.363551
19627,0.938353,15.2422
19628,0.966063,8.73235
19629,1.06785,-1.2764
19630,1.0679,-1.2644
19631,1.06779,-1.28762
19632,1.06785,-1.2764
19633,1.07038,-2.01081
19634,1.09547,-9.49976
19635,1.09545,-9.50255
19636,1.03046,-0.523791
19637,1.03045,-0.526459
19638,1.00195,3.40445
19639,1.00418,3.97925
19640,1.00421,3.98542
19641,1.00415,3.97252
19642,0.996786,5.51393
19643,1.00311,5.00034
19644,0.996951,5.55301
19645,0.996786,5.51393
19646,0.996786,5.51393
19647,0.996736,5.50736
19648,1.09431,-10.6072
19649,1.09435,-10.6033
19650,0.994977,5.65435
19651,0.99197,5.37005
19652,0.99571,5.67602
19653,0.994914,5.64526
19654,0.994977,5.65435
19655,0.994977,5.65435
19656,0.989169,5.20839
19657,1.03399,-0.507012
19658,1.03402,-0.504001
19659,1.03395,-0.510413
19660,1.03399,-0.507012
19661,1.03341,-0.255104
19662,1.03345,-0.248956
19663,1.03341,-0.255104
19664,1.03338,-0.26158
19665,1.09556,-8.53627
19666,0.963432,9.20449
19667,0.986867,5.20017
19668,0.98684,5.1965
19669,0.986891,5.204
19670,1.01113,2.09586
19671,1.01115,2.09941
19672,1.09915,-10.3612
19673,1.09912,-10.3646
19674,1.09918,-10.3574
19675,0.979188,5.63845
19676,0.979156,5.63059
19677,0.979218,5.64615
19678,0.979188,5.63845
19679,1.09603,-6.84743
19680,1.00031,3.90527
19681,1.07637,0.365679
19682,1.08012,0.485854
19683,1.07285,0.502641
19684,1.06777,0.821329
19685,1.0678,0.825357
19686,1.09173,-9.10309
19687,1.08672,-10.1802
19688,1.09369,-10.2301
19689,1.08992,-10.1959
19690,1.08665,-10.1926
19691,1.08672,-10.1802
19692,1.08672,-10.1802
19693,1.09334,-10.2051
19694,1.09375,-10.0461
19695,1.06643,0.828055
19696,1.06635,0.817622
19697,1.06552,3.13007
19698,1.06814,2.12451
19699,1.06815,3.15391
19700,1.06552,3.13007
19701,1.06552,3.13007
19702,1.06582,1.28067
19703,1.06572,1.27058
19704,1.06592,1.29197
19705,1.06677,1.17187
19706,1.0667,1.16088
19707,1.06684,1.1829
19708,1.0343,-0.485649
19709,1.03431,-0.483827
19710,1.03429,-0.487535
19711,0.960324,9.88396
19712,0.954133,11.941
19713,1.0292,-0.939255
19714,1.03017,-0.0320494
19715,1.02867,0.343054
19716,1.02862,0.336257
19717,0.973835,6.48905
19718,0.973877,6.49845
19719,0.973792,6.47955
19720,1.02065,0.64703
19721,1.02061,0.641405
19722,1.00154,2.11038
19723,1.00151,2.10618
19724,1.00156,2.11453
19725,1.09285,-5.13426
19726,1.00135,1.87766
19727,1.00185,1.91183
19728,0.967617,7.76859
19729,0.967647,7.7718
19730,0.967588,7.76509
19731,1.07165,2.71962
19732,0.99967,4.2383
19733,0.998305,4.48446
19734,0.998269,4.47901
19735,0.985705,6.83436
19736,0.995769,5.40292
19737,0.985448,6.94207
19738,0.985634,6.82322
19739,0.985705,6.83436
19740,0.985705,6.83436
19741,1.00429,2.43581
19742,1.00513,3.03461
19743,1.00531,2.42947
19744,1.07178,-12.2663
19745,1.08808,-6.05454
19746,1.08851,-6.782
19747,1.0879,-5.05448
19748,1.07163,-12.3336
19749,1.07178,-12.2663
19750,1.07178,-12.2663
19751,1.07178,-12.2663
19752,1.08596,-5.96733
19753,1.1,-4.38329
19754,1.08586,-5.97513
19755,1.08596,-5.96733
19756,1.08596,-5.96733
19757,1.08596,-5.96733
19758,1.01347,1.73899
19759,1.00693,2.49975
19760,1.00614,2.44084
19761,0.997455,1.87701
19762,1.00256,2.1388
19763,0.99501,1.96766
19764,1.00434,1.86018
19765,1.00665,2.60729
19766,1.00693,2.49975
19767,1.00693,2.49975
19768,1.01864,1.4353
19769,1.08743,-6.39023
19770,1.1,-5.38529
19771,1.0874,-6.39977
19772,1.08743,-6.39023
19773,1.08743,-6.39023
19774,1.08743,-6.39023
19775,1.08993,14.4604
19776,1.1,14.4756
19777,1.09807,14.9525
19778,1.0975,14.1631
19779,1.1,14.5938
19780,1.1,14.767
19781,1.1,14.6327
19782,1.09944,14.4186
19783,1.0908,14.3588
19784,1.08993,14.4604
19785,1.0985,15.0703
19786,1.08391,-3.77884
19787,1.07994,-6.98839
19788,1.08119,-6.58403
19789,1.09469,-3.51651
19790,1.09073,-3.60686
19791,1.08889,-3.69517
19792,1.0866,-3.75534
19793,1.09062,-3.71215
19794,1.09187,-3.74087
19795,1.07669,-7.57719
19796,1.08937,-3.33482
19797,1.07994,-6.98839
19798,1.08391,-3.77884
19799,1.09793,-13.6182
19800,1.09671,-13.7667
19801,1.09793,-13.6182
19802,1.09793,-13.6182
19803,1.05419,-19.5492
19804,1.0104,-15.7691
19805,1.00372,-14.3583
19806,0.984679,-10.0669
19807,1.05364,-19.6658
19808,1.05419,-19.5492
19809,1.05419,-19.5492
19810,1.05419,-19.5492
19811,1.0704,-18.5747
19812,1.07092,-11.2904
19813,1.07092,-11.943
19814,1.04487,-12.9861
19815,1.07017,-18.6734
19816,1.0704,-18.5747
19817,1.0704,-18.5747
19818,1.0704,-18.5747
19819,1.06957,-17.6989
19820,1.07627,-11.839
19821,1.1,-12.2185
19822,1.1,-11.8732
19823,1.06797,-17.926
19824,1.06957,-17.6989
19825,1.06957,-17.6989
19826,1.06957,-17.6989
19827,1.07975,-4.59258
19828,1.06642,1.4299
19829,1.07966,-4.62397
19830,1.07975,-4.59258
19831,1.07975,-4.59258
19832,1.07975,-4.59258
19833,1.09312,9.55503
19834,1.04209,11.7016
19835,1.02936,11.5318
19836,1.05908,10.6598
19837,1.09284,9.51572
19838,1.09312,9.55503
19839,1.09312,9.55503
19840,1.09312,9.55503
19841,1.0821,-18.113
19842,1.0793,-18.3071
19843,1.0821,-18.113
19844,1.0821,-18.113
19845,1.06712,-17.9363
19846,1.06561,-18.1871
19847,1.06712,-17.9363
19848,1.06712,-17.9363
19849,1.07406,-14.871
19850,1.0878,-8.32874
19851,1.1,-11.8713
19852,1.08424,-10.0918
19853,1.08399,-11.9779
19854,1.1,-7.43978
19855,1.09589,-9.50557
19856,1.0677,-15.7999
19857,1.07406,-14.871
19858,1.07406,-14.871
19859,1.07406,-14.871
19860,1.07476,-7.02241
19861,1.08526,-5.89926
19862,1.08343,-6.8404
19863,1.08403,-6.66263
19864,1.08244,-6.68615
19865,1.07531,-7.24326
19866,1.07476,-7.02241
19867,1.07476,-7.02241
19868,1.07476,-7.02241
19869,1.09052,7.96572
19870,1.09325,7.16832
19871,1.0893,8.0236
19872,1.09052,7.96572
19873,1.09052,7.96572
19874,1.09052,7.96572
19875,1.08275,-16.8007
19876,1.1,-14.6816
19877,1.08261,-16.8123
19878,1.08275,-16.8007
19879,1.08275,-16.8007
19880,1.08275,-16.8007
19881,1.07151,-7.37672
19882,1.07826,-6.4036
19883,1.05749,-7.09361
19884,1.05852,-6.75919
19885,1.06002,-7.1248
19886,1.07328,-7.55271
19887,1.07151,-7.37672
19888,1.07151,-7.37672
19889,1.07151,-7.37672
19890,1.08828,-14.3774
19891,1.08886,-14.3965
19892,1.08828,-14.3774
19893,1.08828,-14.3774
19894,1.08591,-5.18271
19895,1.1,0.0484858
19896,1.1,-4.84452
19897,1.08569,-5.20893
19898,1.08591,-5.18271
19899,1.08591,-5.18271
19900,1.08591,-5.18271
19901,1.09515,9.8169
19902,1.09504,9.80913
19903,1.09515,9.8169
19904,1.09515,9.8169
19905,0.937674,-4.90874
19906,0.9,-4.20242
19907,0.937988,-4.91756
19908,0.937674,-4.90874
19909,0.937674,-4.90874
19910,0.937674,-4.90874
19911,1.01036,1.9392
19912,1.0108,1.78224
19913,1.00401,2.58082
19914,1.01297,1.8835
19915,1.01036,1.9392
19916,1.01036,1.9392
19917,1.01036,1.9392
19918,1.1,-10.3481
19919,1.08016,-6.53675
19920,1.08182,-9.30486
19921,1.09981,-10.369
19922,1.1,-10.3481
19923,1.1,-10.3481
19924,1.1,-10.3481
19925,1.09992,13.6296
19926,1.1,13.5037
19927,1.1,13.6374
19928,1.09992,13.6296
19929,1.09992,13.6296
19930,1.09992,13.6296
19931,1.08803,-11.0103
19932,1.09418,-9.76953
19933,1.0883,-11.1763
19934,1.08803,-11.0103
19935,1.08803,-11.0103
19936,1.08803,-11.0103
19937,1.09931,-7.97377
19938,1.09923,-7.99331
19939,1.09931,-7.97377
19940,1.09931,-7.97377
19941,1.07055,-7.10297
19942,1.07631,-6.392
19943,1.07918,-6.75873
19944,1.07922,-6.96485
19945,1.07914,-6.65764
19946,1.0792,-6.69652
19947,1.07906,-7.03263
19948,1.07928,-6.64917
19949,1.07313,-7.30796
19950,1.07055,-7.10297
19951,1.07055,-7.10297
19952,1.07055,-7.10297
19953,1.08164,-4.95819
19954,1.08156,-5.04785
19955,1.08164,-4.95819
19956,1.08164,-4.95819
19957,1.05795,-20.2633
19958,1.06461,-15.992
19959,1.06461,-11.1667
19960,1.06461,-13.4997
19961,1.0646,-15.3122
19962,1.06459,-13.8972
19963,1.05784,-20.3242
19964,1.05795,-20.2633
19965,1.05795,-20.2633
19966,1.05795,-20.2633
19967,1.09622,-11.5369
19968,1.09481,-12.9887
19969,1.1,-10.9718
19970,1.1,-10.7819
19971,1.09735,-11.4742
19972,1.09622,-11.5369
19973,1.09622,-11.5369
19974,1.09622,-11.5369
19975,1.1,-16.6876
19976,1.04251,-11.733
19977,1.04862,-11.408
19978,1.04913,-11.7373
19979,1.05464,-14.5376
19980,1.05404,-11.1999
19981,1.04226,-13.8047
19982,1.09365,-17.05
19983,1.1,-16.6876
19984,1.1,-16.6876
19985,1.1,-16.6876
19986,1.08166,-1.81584
19987,1.08163,-1.82716
19988,1.08166,-1.81584
19989,1.08166,-1.81584
19990,1.08138,-1.57077
19991,1.08137,-1.57599
19992,1.08138,-1.57077
19993,1.08138,-1.57077
19994,1.07673,-0.248159
19995,1.07948,-0.609618
19996,1.07859,0.0140355
19997,1.07833,0.153295
19998,1.07824,0.339319
19999,1.07663,-0.336835
20000,1.07673,-0.248159
20001,1.07673,-0.248159
20002,1.07673,-0.248159
20003,1.0891,-1.89103
20004,1.0841,-5.83264
20005,1.08154,-5.24725
20006,1.1,1.65487e-15
20007,1.1,-0.212366
20008,1.1,-0.583322
20009,1.07516,-7.337
20010,1.09098,-1.31647
20011,1.0891,-1.89103
20012,1.0891,-1.89103
20013,0.926153,4.54798
20014,0.926762,4.52932
20015,0.926153,4.54798
20016,0.926153,4.54798
20017,0.935178,34.3397
20018,0.935685,33.2584
20019,0.9,36.8097
20020,0.925376,35.5528
20021,0.9,35.6479
20022,0.9288,35.1376
20023,0.9,34.7271
20024,0.925771,35.51
20025,0.936603,33.7753
20026,0.935178,34.3397
20027,0.935178,34.3397
20028,0.935178,34.3397
20029,1.1,-12.9388
20030,1.09942,-13.0428
20031,1.1,-12.9388
20032,1.1,-12.9388
20033,1.08864,-5.25705
20034,1.09847,4.63046
20035,1.08858,-5.28755
20036,1.08864,-5.25705
20037,1.08864,-5.25705
20038,1.08864,-5.25705
20039,1.04272,-11.203
20040,1.04272,-3.33285
20041,1.04272,-2.29473
20042,1.04272,-8.32786
20043,1.04249,-11.3045
20044,1.04272,-11.203
20045,1.04272,-11.203
20046,1.04272,-11.203
20047,1.09933,13.9817
20048,1.06659,14.7043
20049,1.06666,14.8037
20050,1.06699,14.9941
20051,1.0993,13.9743
20052,1.09933,13.9817
20053,1.09933,13.9817
20054,1.09933,13.9817
20055,1.09295,17.2536
20056,1.09392,10.8615
20057,1.09528,12.1988
20058,1.09733,10.2514
20059,1.07273,17.8837
20060,1.07375,17.3187
20061,1.07409,17.4219
20062,1.09609,12.4751
20063,1.08907,10.0779
20064,1.09528,12.1988
20065,1.09392,10.8615
20066,1.09627,20.9452
20067,1.09142,17.7488
20068,1.09007,16.3691
20069,1.08916,15.8274
20070,1.08991,21.6891
20071,1.09916,21.0783
20072,1.08952,21.4516
20073,1.08946,21.1496
20074,1.08942,21.3215
20075,1.1,21.6767
20076,1.08956,16.2501
20077,1.0978,20.8831
20078,1.09627,20.9452
20079,1.08928,17.5313
20080,1.1,14.7313
20081,1.09788,14.4592
20082,1.0942,13.5518
20083,1.09459,14.6893
20084,1.1,14.7313
20085,1.1,14.7313
20086,1.1,14.7313
20087,1.09562,9.89137
20088,1.09554,9.87688
20089,1.09562,9.89137
20090,1.09562,9.89137
20091,1.08494,-15.1036
20092,1.08494,-10.6756
20093,1.08485,-15.1367
20094,1.08494,-15.1036
20095,1.08494,-15.1036
20096,1.08494,-15.1036
20097,0.930791,4.82996
20098,0.910553,7.4906
20099,0.930851,4.80985
20100,0.930791,4.82996
20101,0.930791,4.82996
20102,0.930791,4.82996
20103,1.07756,-6.82466
20104,1.08158,-5.46977
20105,1.05998,-5.96237
20106,1.06218,-3.70998
20107,1.07626,-7.16166
20108,1.07756,-6.82466
20109,1.07756,-6.82466
20110,1.07756,-6.82466
20111,1.08764,-5.75576
20112,1.1,-5.02259
20113,1.1,-5.21794
20114,1.1,-4.39315
20115,1.08678,-5.79948
20116,1.08764,-5.75576
20117,1.08764,-5.75576
20118,1.08764,-5.75576
20119,1.04675,-16.3435
20120,1.01888,-11.0949
20121,1.04683,-16.3718
20122,1.04675,-16.3435
20123,1.04675,-16.3435
20124,1.04675,-16.3435
20125,1.06896,-11.2978
20126,1.06703,-14.0567
20127,1.01859,-10.9677
20128,1.07174,-10.9582
20129,1.06896,-11.2978
20130,1.06896,-11.2978
20131,1.06896,-11.2978
20132,1.09554,-14.1035
20133,1.0771,-12.5296
20134,1.09502,-14.1206
20135,1.09554,-14.1035
20136,1.09554,-14.1035
20137,1.09554,-14.1035
20138,1.08085,-0.845712
20139,1.07639,-5.88642
20140,1.07468,-6.10064
20141,1.1,-0.706573
20142,1.1,-0.726248
20143,1.1,-0.692909
20144,1.1,-0.786074
20145,1.1,-0.669873
20146,1.1,-0.741279
20147,1.0743,-6.46294
20148,1.08776,-0.430114
20149,1.08085,-0.845712
20150,1.07639,-5.88642
20151,1.00231,2.7318
20152,1.00258,2.70422
20153,1.00231,2.7318
20154,1.00231,2.7318
20155,1.09107,-4.58035
20156,1.09031,-4.7522
20157,1.09107,-4.58035
20158,1.09107,-4.58035
20159,1.095,-17.1945
20160,1.09027,-17.4715
20161,1.095,-17.1945
20162,1.095,-17.1945
20163,1.05759,-10.9209
20164,1.05759,-1.31642
20165,1.05754,-10.9549
20166,1.05759,-10.9209
20167,1.05759,-10.9209
20168,1.05759,-10.9209
20169,1.08383,-7.09329
20170,1.09588,-9.12239
20171,1.09674,-8.37511
20172,1.07388,-6.98203
20173,1.07162,-6.89182
20174,1.0897,-6.89043
20175,1.09586,-9.51489
20176,1.09588,-9.12239
20177,1.08383,-7.09329
20178,1.08595,-10.2745
20179,1.08845,-6.09697
20180,1.08603,-10.6455
20181,1.08595,-10.2745
20182,1.08595,-10.2745
20183,1.08595,-10.2745
20184,1.08286,-6.38923
20185,1.07989,-8.92179
20186,1.07675,-10.792
20187,1.08826,-6.27826
20188,1.09511,-6.18399
20189,1.08718,-6.33651
20190,1.09345,-5.28754
20191,1.08286,-6.38923
20192,1.08286,-6.38923
20193,1.08286,-6.38923
20194,1.03846,-0.209171
20195,1.03719,0.297311
20196,1.03598,0.0955136
20197,1.04214,-0.1425
20198,1.04283,0.130784
20199,1.04236,-0.124679
20200,1.04251,-0.0883486
20201,1.0375,0.404746
20202,1.04492,-0.486011
20203,1.03719,0.297311
20204,1.03846,-0.209171
20205,1.1,-7.88365
20206,1.0995,-7.94706
20207,1.1,-7.88365
20208,1.1,-7.88365
20209,1.05679,-16.6322
20210,1.02647,-9.83131
20211,1.04054,-12.4096
20212,1.05641,-16.7155
20213,1.05679,-16.6322
20214,1.05679,-16.6322
20215,1.05679,-16.6322
20216,1.06004,-18.1042
20217,1.07579,-13.4371
20218,1.06872,-15.2808
20219,1.05893,-18.3034
20220,1.06004,-18.1042
20221,1.06004,-18.1042
20222,1.06004,-18.1042
20223,1.03534,0.191517
20224,1.01586,0.980161
20225,1.01758,0.929177
20226,1.03547,0.184151
20227,1.03534,0.191517
20228,1.03534,0.191517
20229,1.03534,0.191517
20230,1.03426,0.9208
20231,1.034,0.679264
20232,1.02525,1.31695
20233,1.01558,1.33372
20234,1.03616,0.839208
20235,1.03426,0.9208
20236,1.03426,0.9208
20237,1.03426,0.9208
20238,1.1,14.0751
20239,1.0996,14.0737
20240,1.1,14.0751
20241,1.1,14.0751
20242,0.931314,29.6937
20243,0.932685,32.4602
20244,0.932755,32.1433
20245,0.90783,30.2931
20246,0.91361,30.5737
20247,0.921799,29.9828
20248,0.935274,32.9467
20249,0.942056,28.7412
20250,0.931314,29.6937
20251,0.931314,29.6937
20252,1.0785,-5.82329
20253,1.07804,-5.92421
20254,1.0785,-5.82329
20255,1.0785,-5.82329
20256,1.08912,-14.6912
20257,1.1,-11.9112
20258,1.1,-12.2525
20259,1.1,-11.717
20260,1.08816,-14.8233
20261,1.08912,-14.6912
20262,1.08912,-14.6912
20263,1.08912,-14.6912
20264,1.08006,-6.12364
20265,1.1,-5.04846
20266,1.1,-5.17116
20267,1.1,-5.30527
20268,1.0793,-6.19965
20269,1.08006,-6.12364
20270,1.08006,-6.12364
20271,1.08006,-6.12364
20272,1.0931,13.6618
20273,1.1,15.6544
20274,1.0931,13.6512
20275,1.0931,13.6618
20276,1.0931,13.6618
20277,1.0931,13.6618
20278,1.06282,-10.1454
20279,1.06284,-10.2543
20280,1.06282,-10.1454
20281,1.06282,-10.1454
20282,1.07999,-18.2186
20283,1.1,-15.1935
20284,1.1,-14.9569
20285,1.07895,-18.3155
20286,1.07999,-18.2186
20287,1.07999,-18.2186
20288,1.07999,-18.2186
20289,1.08536,-14.3782
20290,1.08465,-14.5215
20291,1.08536,-14.3782
20292,1.08536,-14.3782
20293,1.1,-14.0821
20294,1.09937,-14.15
20295,1.1,-14.0821
20296,1.1,-14.0821
20297,1.09036,15.8028
20298,1.0862,14.5541
20299,1.09261,14.2229
20300,1.07786,15.8597
20301,1.08001,15.8444
20302,1.07916,15.9788
20303,1.08476,14.4267
20304,1.09219,15.8988
20305,1.09036,15.8028
20306,1.09036,15.8028
20307,1.08827,-14.1908
20308,1.1,-10.193
20309,1.0882,-14.2026
20310,1.08827,-14.1908
20311,1.08827,-14.1908
20312,1.08827,-14.1908
20313,0.927427,6.52303
20314,0.932348,6.01843
20315,0.933886,6.42635
20316,0.927427,6.52303
20317,0.927427,6.52303
20318,0.927427,6.52303
20319,1.07242,-7.30456
20320,1.0779,-6.42188
20321,1.06844,-7.21515
20322,1.06711,-7.11577
20323,1.06838,-6.87657
20324,1.07326,-7.4319
20325,1.07242,-7.30456
20326,1.07242,-7.30456
20327,1.07242,-7.30456
20328,1.07273,68.1683
20329,1.07273,68.1679
20330,1.04584,42.7892
20331,1.04583,42.7878
20332,1.04431,43.4182
20333,1.05197,44.7126
20334,1.0448,37.8246
20335,1.04188,37.6137
20336,1.04182,37.609
20337,1.04193,37.6187
20338,1.04389,37.7073
20339,1.04386,37.7024
20340,1.04393,37.7127
20341,1.04389,37.7073
20342,1.04148,37.5968
20343,1.04308,36.3556
20344,1.04305,36.3509
20345,1.04311,36.3605
20346,1.04308,36.3556
20347,1.04419,39.167
20348,1.04417,39.1645
20349,1.0442,39.1699
20350,1.04061,40.0501
20351,1.0426,39.3446
20352,1.04583,38.419
20353,1.04046,40.0246
20354,1.04205,40.1482
20355,1.04257,39.31
20356,1.0426,39.3446
20357,1.04761,38.447
20358,1.04778,38.4673
20359,1.04663,38.4803
20360,1.04651,38.3978
20361,1.04581,43.2071
20362,1.0458,43.2048
20363,1.04583,43.2094
20364,1.05322,84.2869
20365,1.0535,83.3438
20366,1.05349,83.3416
20367,1.05377,83.3429
20368,1.0535,83.3438
20369,1.04122,39.7172
20370,1.04058,36.5881
20371,1.03675,37.5763
20372,1.04269,39.9027
20373,1.0404,36.5663
20374,1.04002,36.3788
20375,1.04122,39.7172
20376,1.05318,38.5028
20377,1.05988,39.1645
20378,1.06433,39.6311
20379,1.06169,39.2967
20380,1.06164,39.2868
20381,1.06448,39.5799
20382,1.05718,38.9791
20383,1.05358,86.8586
20384,1.06579,41.0604
20385,1.0532,42.0647
20386,1.05319,42.0634
20387,1.05321,42.0659
20388,1.04206,41.1331
20389,1.05123,40.2668
20390,1.03436,40.8669
20391,1.02764,41.4679
20392,1.03163,41.1611
20393,1.03086,41.459
20394,1.02761,41.4615
20395,1.02764,41.4679
20396,1.04953,39.8211
20397,1.04109,38.7732
20398,1.04945,39.8091
20399,1.04973,39.8412
20400,1.04953,39.8211
20401,1.05345,40.0748
20402,1.0435,38.9384
20403,1.05337,40.0634
20404,1.05361,40.0943
20405,1.05345,40.0748
20406,1.05345,40.0748
20407,1.01905,40.2519
20408,1.02728,39.666
20409,1.03409,38.2676
20410,1.02765,39.6342
20411,1.01898,40.2398
20412,1.01878,40.3061
20413,1.01905,40.2519
20414,1.03982,45.2664
20415,1.04505,44.2427
20416,1.03974,45.2535
20417,1.03973,45.4037
20418,1.03982,45.2664
20419,1.04486,44.0456
20420,1.0448,44.0332
20421,1.04491,44.0573
20422,1.04486,44.0456
20423,1.04756,44.5824
20424,1.04525,43.816
20425,1.05186,47.5662
20426,1.0445,48.3358
20427,1.04892,47.4734
20428,1.0448,48.3978
20429,1.04443,48.3238
20430,1.0445,48.3358
20431,1.0445,48.3358
20432,1.0486,47.2722
20433,1.04869,47.285
20434,1.0488,45.8363
20435,1.03305,40.0183
20436,1.0377,40.4745
20437,1.03769,40.4736
20438,1.03191,39.9994
20439,1.02039,38.3552
20440,1.0319,39.9972
20441,1.03203,40.0098
20442,1.03191,39.9994
20443,1.03191,39.9994
20444,1.03083,39.855
20445,1.02968,39.7958
20446,1.01967,38.606
20447,1.02967,39.7935
20448,1.0298,39.8067
20449,1.02968,39.7958
20450,1.02968,39.7958
20451,1.07501,57.9223
20452,1.07573,58.3579
20453,1.07316,56.6822
20454,1.07315,56.681
20455,1.07316,56.6821
20456,1.07318,56.6836
20457,1.07047,55.3494
20458,1.07207,56.1198
20459,1.05831,49.6243
20460,1.05829,49.6222
20461,1.05832,49.6268
20462,1.05506,47.9931
20463,1.05834,49.2108
20464,1.05836,49.2135
20465,1.05833,49.208
20466,1.06535,84.6255
20467,1.07182,81.6564
20468,1.07419,83.9691
20469,1.07108,80.6195
20470,1.07104,80.6126
20471,1.02813,39.4086
20472,1.02812,39.4076
20473,1.06529,51.7723
20474,1.06529,51.7714
20475,1.0653,51.7731
20476,1.06529,51.7723
20477,1.05235,56.8764
20478,1.07973,57.781
20479,1.05233,56.8736
20480,1.05073,56.844
20481,1.05235,56.8764
20482,1.05235,56.8764
20483,1.07482,58.2509
20484,1.07484,58.2534
20485,1.0748,58.2479
20486,1.07482,58.2509
20487,1.07556,57.6617
20488,1.07553,57.659
20489,1.09655,65.8655
20490,1.09652,65.8592
20491,1.09513,65.2624
20492,1.09683,66.7474
20493,1.0968,66.7438
20494,1.09686,66.7514
20495,1.01452,38.5864
20496,1.01453,38.5876
20497,1.07143,79.782
20498,1.07028,59.9505
20499,1.07029,59.9523
20500,1.07026,59.9487
20501,1.0801,80.2642
20502,1.08021,79.3428
20503,1.0802,79.3418
20504,1.0687,76.6363
20505,1.06869,76.6357
20506,1.03387,53.9731
20507,1.03658,54.4093
20508,1.03657,54.4075
20509,1.09024,63.685
20510,1.08941,63.3467
20511,1.08752,62.9967
20512,1.08998,63.3774
20513,1.08941,63.3467
20514,1.08941,63.3467
20515,1.09212,64.2139
20516,1.0962,65.3609
20517,1.09619,65.3592
20518,1.09621,65.3627
20519,1.0786,81.6647
20520,1.0789,81.5454
20521,1.07885,81.5367
20522,1.08224,80.6402
20523,1.07931,81.4918
20524,1.08219,80.6324
20525,1.0823,80.5882
20526,1.08224,80.6402
20527,1.08224,80.6402
20528,1.0705,78.3146
20529,1.07049,78.3134
20530,1.0705,78.3157
20531,1.0705,78.3146
20532,1.08506,70.4849
20533,1.07125,71.5836
20534,1.07104,71.5604
20535,1.07148,71.605
20536,1.0738,71.4676
20537,1.0736,71.4442
20538,1.07401,71.4922
20539,1.07545,71.1992
20540,1.07479,72.2815
20541,1.07465,72.2574
20542,1.09444,67.4543
20543,1.09444,67.4537
20544,1.09444,67.455
20545,1.09444,67.4543
20546,1.05974,57.1799
20547,1.05973,57.1785
20548,1.05975,57.1813
20549,1.04568,56.1376
20550,0.993681,37.4483
20551,0.997161,37.62
20552,0.997121,37.6154
20553,0.979775,37.0348
20554,0.992933,37.4205
20555,0.979744,37.0301
20556,0.979506,37.0139
20557,0.979775,37.0348
20558,1.05792,57.8062
20559,1.02136,52.3241
20560,1.02137,52.3254
20561,1.07538,71.0309
20562,1.08032,72.2988
20563,1.08039,72.3132
20564,1.08032,72.2988
20565,1.0877,73.0654
20566,1.08336,72.2211
20567,1.08762,73.0509
20568,1.08858,73.164
20569,1.0877,73.0654
20570,1.08194,72.1966
20571,1.08251,83.9191
20572,1.08057,82.5285
20573,1.05064,59.3714
20574,1.05063,59.37
20575,1.05065,59.3726
20576,1.08535,74.1181
20577,1.08094,76.8839
20578,1.0809,76.8788
20579,1.08098,76.8896
20580,1.08484,74.1469
20581,1.0848,74.1413
20582,1.08489,74.1526
20583,1.0881,68.242
20584,1.08808,68.2398
20585,1.08812,68.2445
20586,1.0831,75.7228
20587,1.08297,75.6968
20588,1.08108,76.9347
20589,1.08566,76.146
20590,1.0819,76.8299
20591,1.0859,76.1185
20592,1.08545,76.1235
20593,1.08566,76.146
20594,1.08566,76.146
20595,1.08167,77.5048
20596,1.08289,75.5845
20597,1.05211,58.8416
20598,1.03482,56.6051
20599,1.04451,58.2575
20600,1.03478,56.5991
20601,1.03508,56.5146
20602,1.03482,56.6051
20603,1.05367,58.7614
20604,1.07725,70.3089
20605,1.07992,70.0083
20606,1.07978,69.9882
20607,1.08005,70.0267
20608,1.07992,70.0083
20609,1.08112,70.7594
20610,1.08129,70.777
20611,1.08112,70.7594
20612,1.07998,70.0556
20613,1.07988,70.0362
20614,1.07977,70.0778
20615,1.07998,70.0556
20616,1.08201,82.9357
20617,1.08198,82.9323
20618,1.08887,73.1406
20619,1.0888,73.1281
20620,1.08368,75.5541
20621,1.08343,74.6458
20622,1.08334,74.6318
20623,1.08767,74.4777
20624,1.01353,51.4565
20625,1.0798,86.295
20626,1.07527,88.482
20627,1.07977,86.2909
20628,1.07993,86.2259
20629,1.0798,86.295
20630,1.0798,86.295
20631,1.08197,74.7371
20632,1.08217,74.765
20633,1.08174,74.7087
20634,1.08197,74.7371
20635,1.09547,73.6466
20636,1.08596,75.247
20637,1.08518,75.1797
20638,1.08533,75.2042
20639,1.08502,75.1511
20640,1.08518,75.1797
20641,1.08814,73.1098
20642,1.08791,73.0853
20643,1.07971,81.7883
20644,1.08013,82.0367
20645,1.0805,81.5081
20646,1.08053,80.3768
20647,1.08088,80.3863
20648,1.0804,80.3644
20649,1.08195,80.3742
20650,1.08053,80.3768
20651,1.08053,80.3768
20652,1.09044,76.5549
20653,1.09028,76.5344
20654,1.08691,75.2393
20655,1.08869,74.188
20656,1.08858,74.1687
20657,1.08666,74.081
20658,1.081,71.5179
20659,1.08126,72.1109
20660,1.08115,72.0963
20661,1.08136,72.1249
20662,1.08126,72.1109
20663,1.0798,72.4283
20664,1.07986,72.4448
20665,1.07973,72.4131
20666,1.0783,71.0997
20667,1.08014,70.8772
20668,1.079,70.769
20669,1.07914,70.7924
20670,1.07729,71.1187
20671,1.08136,80.1312
20672,1.08135,80.1288
20673,1.08138,80.1336
20674,1.08136,80.1312
20675,1.08582,76.0337
20676,1.08422,75.7993
20677,1.08624,76.0812
20678,1.08569,76.0138
20679,1.08582,76.0337
20680,1.08445,75.9657
20681,1.0867,75.5631
20682,1.0866,75.5427
20683,1.0868,75.5835
20684,1.0867,75.5631
20685,1.08563,77.3171
20686,1.08548,77.297
20687,1.07916,70.5381
20688,1.07982,71.4138
20689,1.07964,71.3818
20690,1.07999,71.4426
20691,1.07689,70.3475
20692,1.07865,70.556
20693,1.07881,70.5861
20694,1.07865,70.556
20695,1.07904,70.649
20696,1.07588,70.7004
20697,1.07926,71.7644
20698,1.08049,71.3562
20699,1.08064,71.377
20700,1.08033,71.3342
20701,1.08049,71.3562
20702,1.07811,71.3122
20703,1.07823,71.3336
20704,1.07797,71.2907
20705,1.07589,70.8351
20706,1.07608,70.857
20707,1.07572,70.8149
20708,1.08872,71.8251
20709,1.09114,71.2603
20710,1.08877,71.8612
20711,1.08863,71.813
20712,1.08872,71.8251
20713,1.08872,71.8251
20714,1.09037,71.3528
20715,1.09027,71.3422
20716,1.09033,71.1164
20717,1.0673,74.09
20718,1.08545,75.3235
20719,1.08547,75.3259
20720,1.08543,75.3213
20721,1.08545,75.3235
20722,1.08322,83.355
20723,1.08323,83.3565
20724,1.08321,83.3535
20725,1.08322,83.355
20726,1.0828,74.477
20727,1.08293,74.4991
20728,1.08268,74.4543
20729,1.08462,74.9583
20730,1.08449,74.932
20731,1.08477,74.9863
20732,1.08462,74.9583
20733,1.08458,73.9204
20734,1.08803,74.2668
20735,1.08534,73.9393
20736,1.08829,74.3131
20737,1.08787,74.2417
20738,1.08803,74.2668
20739,1.08135,72.1335
20740,1.0849,73.1723
20741,1.08481,73.1585
20742,1.07977,71.7055
20743,1.07969,71.6913
20744,1.07984,71.7188
20745,1.07977,71.7055
20746,1.08454,72.383
20747,1.08446,72.3709
20748,1.08462,72.3952
20749,1.08048,71.3522
20750,1.0807,71.373
20751,1.08027,71.333
20752,1.07939,70.7269
20753,1.07835,70.8111
20754,1.08114,70.7276
20755,1.08096,70.7056
20756,1.08381,70.8865
20757,1.08538,77.7979
20758,1.08382,77.8479
20759,1.08529,77.7828
20760,1.0856,77.8055
20761,1.08538,77.7979
20762,1.08224,79.0343
20763,1.08205,79.0194
20764,1.08244,79.0504
20765,1.08277,77.9978
20766,1.08269,77.9824
20767,1.0815,80.149
20768,1.08359,75.5528
20769,1.0902,76.1704
20770,1.08556,76.9579
20771,1.08433,76.5403
20772,1.08543,76.9421
20773,1.08581,77.0038
20774,1.08556,76.9579
20775,1.08959,76.3462
20776,1.0895,76.3292
20777,1.08968,76.3617
20778,1.07984,71.1086
20779,1.07995,71.1275
20780,1.07862,71.4676
20781,1.08129,72.0388
20782,1.07956,71.1233
20783,1.07939,71.1054
20784,1.08444,71.8539
20785,1.08429,71.8366
20786,1.07906,70.8738
20787,1.07869,71.343
20788,1.08334,70.9472
20789,1.07995,72.0793
20790,1.08265,72.6638
20791,1.08251,72.6464
20792,1.08562,72.7286
20793,1.08367,72.9719
20794,1.08359,72.9528
20795,1.08374,72.9894
20796,1.08384,74.2259
20797,1.08649,75.4327
20798,1.08326,74.3318
20799,1.08414,74.0165
20800,1.08423,74.0355
20801,1.08405,73.9975
20802,1.08414,74.0165
20803,1.08055,70.6128
20804,1.0804,70.5918
20805,1.08004,70.6462
20806,1.08055,70.6128
20807,1.08956,73.6734
20808,1.07844,70.9705
20809,1.07821,70.9484
20810,1.0783,70.9476
20811,1.07881,71.0184
20812,1.07946,71.612
20813,1.07962,71.6344
20814,1.0793,71.5873
20815,1.07946,71.612
20816,1.07832,70.9784
20817,1.08352,82.7335
20818,1.08355,82.7373
20819,1.08349,82.7303
20820,1.08352,82.7335
20821,1.08423,83.5407
20822,1.08193,82.6969
20823,1.08332,70.9135
20824,1.08316,70.8952
20825,1.08323,70.9017
20826,1.08309,70.8818
20827,1.08336,70.923
20828,1.08323,70.9017
20829,1.08091,70.829
20830,1.08077,70.8066
20831,1.08101,70.8485
20832,1.08752,72.3872
20833,1.08464,71.02
20834,1.08858,72.5068
20835,1.08752,72.3872
20836,1.08737,72.3688
20837,1.05287,59.277
20838,1.03612,54.895
20839,1.03611,54.8945
20840,1.08427,73.6646
20841,1.08247,72.5012
20842,1.08253,72.5106
20843,1.08247,72.5012
20844,1.0844,74.2465
20845,1.08454,73.8988
20846,1.08431,74.3382
20847,1.08508,73.885
20848,1.08502,73.8724
20849,1.08653,74.4757
20850,1.05069,60.1356
20851,1.08601,72.0534
20852,1.08629,72.0847
20853,1.07895,71.0328
20854,1.07924,71.3491
20855,1.07913,71.3274
20856,1.07899,71.6859
20857,1.07885,71.6665
20858,1.08108,72.4564
20859,1.08098,72.4449
20860,1.08658,73.3943
20861,1.0825,72.4681
20862,1.08289,72.9358
20863,1.08296,72.9442
20864,1.08289,72.9358
20865,1.08283,72.9268
20866,1.09023,72.1878
20867,1.09029,72.1973
20868,1.09082,71.2621
20869,1.09077,71.2523
20870,1.09086,71.2704
20871,1.08779,71.4072
20872,1.08673,72.0018
20873,1.0868,72.01
20874,1.09193,75.8012
20875,1.09045,75.5531
20876,1.09033,75.5332
20877,1.09057,75.5711
20878,1.07632,76.8156
20879,1.08781,77.4417
20880,1.0933,76.2079
20881,1.08764,77.421
20882,1.08751,77.5595
20883,1.08781,77.4417
20884,1.0767,74.0958
20885,1.08392,73.6828
20886,1.08384,73.6731
20887,1.084,73.6927
20888,1.08504,74.6874
20889,1.06938,65.8839
20890,1.06937,65.8816
20891,1.0694,65.8864
20892,1.06938,65.8839
20893,1.07847,71.4207
20894,1.08448,71.8702
20895,1.08461,71.8853
20896,1.08437,71.8555
20897,1.08414,70.9304
20898,1.08407,70.9135
20899,1.0814,71.3393
20900,1.08522,72.9287
20901,1.08932,72.0441
20902,1.08515,72.9146
20903,1.0869,72.9665
20904,1.08522,72.9287
20905,1.08078,71.0343
20906,1.08071,71.0208
20907,1.08465,71.8448
20908,1.08504,72.2765
20909,1.07976,71.4899
20910,1.07873,71.346
20911,1.08709,71.3868
20912,1.0802,71.1687
20913,1.0801,71.1553
20914,1.08085,71.2109
20915,1.08075,71.1925
20916,1.07945,71.3845
20917,1.07937,71.3672
20918,1.08611,71.9161
20919,1.08604,71.9
20920,1.08041,71.0747
20921,1.08029,71.057
20922,1.08052,71.0928
20923,1.08401,73.6783
20924,1.09198,74.1644
20925,1.09193,74.1564
20926,1.09203,74.1725
20927,1.07662,74.4875
20928,1.08571,72.2077
20929,1.08564,72.2002
20930,1.08577,72.2146
20931,1.08826,73.45
20932,1.08821,73.4417
20933,1.08833,73.4588
20934,1.08826,73.45
20935,1.08543,85.186
20936,1.08549,85.1938
20937,1.08604,85.5778
20938,1.08387,85.1725
20939,1.08515,87.9983
20940,1.08769,86.225
20941,1.08332,85.0399
20942,1.08387,85.1725
20943,1.08378,85.1609
20944,1.08611,88.2268
20945,1.08687,71.4062
20946,1.08671,71.3847
20947,1.08731,71.2856
20948,1.08975,72.3903
20949,1.08929,71.4772
20950,1.08943,72.4728
20951,1.0896,72.3686
20952,1.08975,72.3903
20953,1.08353,70.8938
20954,1.08873,71.4137
20955,1.08607,71.3386
20956,1.08711,71.9219
20957,1.08684,71.4613
20958,1.08698,71.9006
20959,1.08789,71.9814
20960,1.08711,71.9219
20961,1.08711,71.9219
20962,1.08764,71.3785
20963,1.08448,71.0127
20964,1.04529,60.3421
20965,1.08994,73.7654
20966,1.08338,73.1741
20967,1.08323,73.1488
20968,1.08325,73.165
20969,1.0836,73.208
20970,1.07951,72.6243
20971,1.07928,72.6004
20972,1.08043,72.5397
20973,1.08026,72.5145
20974,1.08375,68.4898
20975,1.08372,68.4854
20976,1.081,67.8733
20977,1.08757,68.8181
20978,1.08754,68.8139
20979,1.08761,68.8223
20980,1.08757,68.8181
20981,1.08803,72.8433
20982,1.08809,72.8522
20983,1.08797,72.8344
20984,1.0863,71.7226
20985,1.08635,71.7315
20986,1.07933,71.4323
20987,1.08672,71.3683
20988,1.08664,71.354
20989,1.07968,71.0737
20990,1.0798,71.09
20991,1.0863,72.3611
20992,1.08575,71.4503
20993,1.08566,71.4366
20994,1.0843,72.7656
20995,1.07891,71.1445
20996,1.08525,71.8666
20997,1.0891,73.2385
20998,1.08462,71.8452
20999,1.08289,71.8569
21000,1.0876,72.1559
21001,1.08268,78.4342
21002,1.08148,78.8722
21003,1.08152,78.8775
21004,1.08554,86.8664
21005,1.07646,88.3975
21006,1.08558,86.8572
21007,1.08553,86.8647
21008,1.08554,86.8664
21009,1.08554,86.8664
21010,1.08376,86.1611
21011,1.07811,87.8427
21012,1.08384,86.147
21013,1.08375,86.1586
21014,1.08376,86.1611
21015,1.08376,86.1611
21016,1.0809,68.3403
21017,1.08092,68.3438
21018,1.08347,69.3881
21019,1.08791,73.6716
21020,1.08769,73.6513
21021,1.08809,73.6922
21022,1.08479,73.064
21023,1.08471,73.0533
21024,1.08488,73.0746
21025,1.0833,72.6581
21026,1.08371,72.6589
21027,1.0836,72.6472
21028,1.0867,84.4486
21029,1.08651,84.4239
21030,1.08664,84.4434
21031,1.08228,84.6537
21032,1.08672,85.0048
21033,1.08205,84.6328
21034,1.08255,84.6522
21035,1.08228,84.6537
21036,1.08681,85.1831
21037,1.08239,82.5505
21038,1.08393,83.0582
21039,1.08228,82.528
21040,1.08226,82.5374
21041,1.08239,82.5505
21042,1.08245,81.6111
21043,1.08244,81.61
21044,1.08246,81.6123
21045,1.0848,72.0065
21046,1.08539,72.1746
21047,1.08528,72.1631
21048,1.08385,71.8234
21049,1.08377,72.685
21050,1.083,71.1684
21051,1.08307,71.1813
21052,1.08293,71.1554
21053,1.08721,71.5095
21054,1.08613,71.7671
21055,1.05118,60.7686
21056,1.05119,60.7702
21057,1.05117,60.7672
21058,1.0857,84.8625
21059,1.0872,85.103
21060,1.08717,85.0991
21061,1.08723,85.1072
21062,1.08617,71.4734
21063,1.07987,71.0951
21064,1.07977,71.0827
21065,1.07996,71.1057
21066,1.08694,71.9912
21067,1.08635,84.7074
21068,1.08631,84.7021
21069,1.0864,84.7129
21070,1.08635,84.7074
21071,1.09258,85.169
21072,1.09255,85.164
21073,1.09258,85.1679
21074,1.09262,85.1751
21075,1.08605,85.5423
21076,1.05411,62.6137
21077,1.05412,62.6174
21078,1.05408,62.6097
21079,1.06093,63.9842
21080,1.04429,60.2622
21081,1.04801,61.7571
21082,1.04425,60.2562
21083,1.04434,60.1526
21084,1.04429,60.2622
21085,1.08712,71.2358
21086,1.08718,71.2444
21087,1.08707,71.2268
21088,1.08712,71.2358
21089,1.08531,70.8175
21090,1.08543,70.5376
21091,1.09032,85.7361
21092,1.08771,84.5809
21093,1.08761,84.57
21094,1.08781,84.5921
21095,1.08771,84.5809
21096,1.08798,85.4877
21097,1.08793,85.4774
21098,1.08804,85.4978
21099,1.08492,84.7206
21100,1.08823,71.399
21101,1.08817,71.3919
21102,1.08829,71.4059
21103,1.08823,71.399
21104,1.08839,71.2981
21105,1.08635,71.2025
21106,1.08632,71.1952
21107,1.08639,71.2092
21108,1.08492,72.6349
21109,1.08499,72.6459
21110,1.08492,72.6349
21111,1.08485,72.623
21112,1.08368,72.5435
21113,1.08745,72.5976
21114,1.08737,72.5869
21115,1.08751,72.608
21116,1.08745,72.5976
21117,1.08471,72.4706
21118,1.08816,71.7832
21119,1.0895,72.8486
21120,1.09227,73.4865
21121,1.0915,73.2428
21122,1.08815,71.5122
21123,1.09016,72.2037
21124,1.09146,72.2354
21125,1.09039,72.2068
21126,1.09011,72.1972
21127,1.09016,72.2037
21128,1.08877,71.3308
21129,1.08873,71.3241
21130,1.08882,71.3384
21131,1.08877,71.3308
21132,1.08659,71.7778
21133,1.08597,71.1476
21134,1.08592,71.1341
21135,1.0859,71.1344
21136,1.08645,71.4723
21137,1.08499,70.8103
21138,1.08485,70.7877
21139,1.0861,71.2639
21140,1.08652,71.304
21141,1.08641,71.1996
21142,1.08953,72.1264
21143,1.08945,72.106
21144,1.08963,72.1458
21145,1.08953,72.1264
21146,1.087,72.0256
21147,1.08806,71.7609
21148,1.08691,72.1492
21149,1.08972,71.3297
21150,1.08513,70.9723
21151,1.08532,70.9862
21152,1.09017,71.3681
21153,1.08716,72.1404
21154,1.08871,71.5873
21155,1.08791,72.1952
21156,1.08705,72.1262
21157,1.08716,72.1404
21158,1.08699,72.1339
21159,1.0882,71.8389
21160,1.08833,71.851
21161,1.08803,72.4664
21162,1.08968,71.7544
21163,1.08793,72.455
21164,1.08855,72.5347
21165,1.08803,72.4664
21166,1.08644,71.8509
21167,1.02483,55.2654
21168,1.02486,55.2722
21169,1.02483,55.2654
21170,1.02255,54.2656
21171,1.02589,55.699
21172,1.02216,54.2048
21173,1.02255,54.2656
21174,1.02247,54.2528
21175,1.09347,73.7743
21176,1.09336,73.7596
21177,1.09362,73.8969
21178,1.0935,73.8819
21179,1.09373,73.9113
21180,1.09136,73.0932
21181,1.0906,72.7634
21182,1.09602,74.1751
21183,1.09301,73.3614
21184,1.09312,73.3819
21185,1.0947,74.0889
21186,1.09112,73.0717
21187,1.09128,73.0918
21188,1.08503,70.8273
21189,1.09093,71.4026
21190,1.09079,71.3816
21191,1.0911,71.4267
21192,1.09093,71.4026
21193,1.08891,72.2991
21194,1.09022,71.3809
21195,1.08873,72.2776
21196,1.08966,72.3924
21197,1.08891,72.2991
21198,1.08891,72.2991
21199,1.09197,72.3398
21200,1.09181,71.4576
21201,1.09044,72.4224
21202,1.09197,72.3398
21203,1.0918,72.3186
21204,1.09197,72.3398
21205,1.08993,73.8395
21206,1.08515,75.9985
21207,1.08519,76.0052
21208,1.08889,73.144
21209,1.08766,71.9252
21210,1.08778,71.9355
21211,1.08754,71.9144
21212,1.09083,72.1654
21213,1.0904,72.0966
21214,1.09569,73.819
21215,1.08709,71.2232
21216,1.08698,71.1989
21217,1.08752,70.9914
21218,1.08775,71.421
21219,1.08651,70.8449
21220,1.08603,83.7056
21221,1.08597,83.698
21222,1.08608,83.7137
21223,1.08662,82.0951
21224,1.08682,83.1148
21225,1.07541,67.5172
21226,1.07542,67.5184
21227,1.09429,73.4915
21228,1.09425,73.4862
21229,1.09433,73.4963
21230,1.08939,72.2924
21231,1.0904,72.6764
21232,1.09035,72.6711
21233,1.09045,72.6819
21234,1.02106,54.034
21235,1.02105,54.0312
21236,1.02108,54.0369
21237,1.02106,54.034
21238,1.03839,58.3755
21239,1.03838,58.3736
21240,1.0384,58.3774
21241,1.03606,57.9143
21242,1.03608,57.9165
21243,1.03903,58.5208
21244,1.03902,58.5188
21245,1.03904,58.523
21246,1.03903,58.5208
21247,1.09507,74.192
21248,1.09213,73.6085
21249,1.09202,73.5913
21250,1.09224,73.6248
21251,1.09213,73.6085
21252,1.09051,72.6521
21253,1.09039,72.6353
21254,1.09062,72.67
21255,1.09051,72.6521
21256,1.09209,73.3775
21257,1.08454,77.2798
21258,1.08538,79.1289
21259,1.08536,79.1256
21260,1.05808,64.043
21261,1.05974,64.2589
21262,1.05776,63.8445
21263,1.05775,63.8418
21264,1.06614,67.2883
21265,1.07034,66.9595
21266,1.06847,66.7791
21267,1.06848,66.7809
21268,0.997174,50.0397
21269,1.09054,72.3526
21270,1.0903,72.3324
21271,1.09217,73.2977
21272,1.09228,73.3161
21273,1.09217,73.2977
21274,1.09217,73.2977
21275,1.09584,73.9867
21276,1.09155,73.0519
21277,1.08992,72.0337
21278,1.08983,72.0134
21279,1.09001,72.0549
21280,1.09491,74.0451
21281,1.09488,74.0397
21282,1.09495,74.0511
21283,1.0956,74.1129
21284,1.06044,64.86
21285,1.0604,64.8517
21286,1.06048,64.8687
21287,1.06044,64.86
21288,1.04967,62.0535
21289,1.05291,63.1635
21290,1.04994,61.9674
21291,1.04964,62.0483
21292,1.04967,62.0535
21293,1.05783,64.3208
21294,1.01899,53.3306
21295,1.09119,72.0358
21296,1.09181,71.8825
21297,1.09173,71.8738
21298,1.09188,71.8916
21299,1.09181,71.8825
21300,1.09165,71.9861
21301,1.09158,71.9772
21302,1.09173,71.9946
21303,1.09165,71.9861
21304,1.08862,72.6977
21305,1.09309,71.9622
21306,1.08858,72.6884
21307,1.08947,72.7459
21308,1.08862,72.6977
21309,1.09434,72.7712
21310,1.09432,72.7674
21311,1.0825,70.3139
21312,1.08247,70.3107
21313,1.08144,70.1407
21314,1.08143,70.1376
21315,1.08145,70.1436
21316,1.08144,70.1407
21317,1.08012,69.9762
21318,1.08008,69.9708
21319,1.08758,71.4235
21320,1.08755,71.4181
21321,1.08761,71.4291
21322,1.08758,71.4235
21323,1.09108,71.706
21324,1.08852,72.4012
21325,1.09367,71.7086
21326,1.09217,72.6469
21327,1.09355,71.6944
21328,1.09369,71.6701
21329,1.09367,71.7086
21330,1.09367,71.7086
21331,1.09274,73.4964
21332,1.09263,73.4807
21333,1.09285,73.5107
21334,1.09183,72.6765
21335,1.09513,74.1675
21336,1.05656,64.5531
21337,1.05658,64.555
21338,1.05655,64.5513
21339,1.06091,65.8766
21340,0.985574,48.779
21341,0.98557,48.7783
21342,0.985578,48.7798
21343,1.08673,84.6097
21344,1.08672,84.6084
21345,1.08442,86.9005
21346,1.08049,87.1375
21347,1.08446,86.899
21348,1.08441,86.8993
21349,1.08442,86.9005
21350,1.05993,66.1039
21351,1.05073,62.6497
21352,1.05741,65.56
21353,1.05077,62.5001
21354,1.05073,62.6497
21355,1.05071,62.6465
21356,1.09582,73.3882
21357,1.09583,73.3892
21358,1.09581,73.3871
21359,1.09582,73.3882
21360,1.00747,51.8416
21361,1.08983,71.842
21362,1.08977,71.8326
21363,1.0899,71.8506
21364,1.09485,72.8049
21365,1.09479,72.7952
21366,1.0941,72.571
21367,1.09475,73.1995
21368,1.09484,72.6496
21369,1.0947,73.191
21370,1.09499,73.2439
21371,1.09475,73.1995
21372,1.08807,82.0621
21373,1.09102,73.5175
21374,1.09097,73.3233
21375,1.09098,73.5101
21376,1.09279,73.5218
21377,1.09102,73.5175
21378,1.09102,73.5175
21379,1.0565,63.7721
21380,1.05647,63.7685
21381,1.05651,63.7756
21382,1.0565,63.7721
21383,1.07544,69.5453
21384,1.07304,69.1096
21385,1.07302,69.1078
21386,1.04338,60.0226
21387,1.08888,80.7354
21388,1.08888,80.734
21389,1.08889,80.7369
21390,1.05279,62.978
21391,1.04939,62.3827
21392,1.04938,62.3806
21393,1.04833,62.1412
21394,1.07263,69.3536
21395,1.07266,69.3576
21396,1.07048,69.2596
21397,1.07051,69.2637
21398,1.07044,69.2555
21399,1.07048,69.2596
21400,1.05875,66.7351
21401,1.05872,66.7301
21402,1.05059,62.0654
21403,1.05059,62.0642
21404,1.05059,62.064
21405,1.05135,62.5366
21406,1.05134,62.5353
21407,1.05136,62.5382
21408,0.97482,46.9565
21409,0.974814,46.9553
21410,0.974825,46.9577
21411,1.04515,62.5801
21412,1.04507,62.6177
21413,1.04802,62.1349
21414,1.04801,62.1331
21415,1.02714,58.6149
21416,1.04474,61.8792
21417,1.04466,61.8678
21418,1.04446,61.8753
21419,1.04439,61.8653
21420,1.04454,61.8855
21421,1.04446,61.8753
21422,1.04424,61.8796
21423,1.04419,61.8685
21424,1.04428,61.8907
21425,1.04424,61.8796
21426,1.04379,61.9022
21427,1.04452,62.0424
21428,1.0445,62.0408
21429,1.04231,61.7652
21430,1.01343,53.9892
21431,1.08332,74.4067
21432,1.08326,74.3971
21433,1.08339,74.4167
21434,1.08332,74.4067
21435,1.09867,75.2797
21436,1.09548,76.5839
21437,1.09009,75.5316
21438,1.07256,74.5074
21439,1.09628,76.7451
21440,1.09856,75.18
21441,1.08974,75.4793
21442,1.09867,75.2797
21443,1.08191,75.3687
21444,1.07244,74.6972
21445,1.08208,75.3839
21446,1.08191,75.3687
21447,1.08181,75.3586
21448,1.08191,75.3687
21449,1.02635,58.8062
21450,1.02894,59.0545
21451,1.02633,58.8041
21452,1.02773,58.7677
21453,1.02635,58.8062
21454,1.02635,58.8062
21455,1.03459,60.2234
21456,1.03458,60.2212
21457,1.03461,60.2257
21458,1.0451,62.6114
21459,1.04149,62.0519
21460,1.04147,62.0487
21461,1.04151,62.0548
21462,1.03208,58.8274
21463,1.03207,58.8263
21464,0.932931,36.6116
21465,1.04002,61.554
21466,1.02663,56.8625
21467,1.02982,58.04
21468,1.00484,54.992
21469,1.02675,56.2008
21470,1.02503,55.8049
21471,1.02496,55.797
21472,1.02509,55.8129
21473,1.02214,55.3863
21474,1.02412,55.8748
21475,1.0221,55.3775
21476,1.02214,55.3855
21477,1.02282,55.3532
21478,1.02554,55.6819
21479,1.02676,55.9525
21480,1.02626,55.8161
21481,1.02627,55.8171
21482,1.02626,55.8151
21483,1.02683,55.994
21484,1.02582,55.5921
21485,1.02396,55.3411
21486,1.02395,55.3399
21487,1.02078,54.4528
21488,1.02767,57.8872
21489,1.02406,62.7313
21490,1.02756,57.8455
21491,1.02766,57.8854
21492,1.02767,57.8872
21493,1.02767,57.8872
21494,1.02322,54.5376
21495,1.02502,56.2976
21496,0.937439,17.4759
21497,0.939576,16.3885
21498,0.937429,17.4928
21499,0.937439,17.4759
21500,0.937422,17.4731
21501,0.92551,25.5325
21502,0.924888,25.2417
21503,0.933022,38.089
21504,0.932978,38.0803
21505,0.934965,39.9041
21506,0.934906,39.8953
21507,0.935179,39.9122
21508,0.933254,38.4068
21509,0.933313,38.4162
21510,1.01839,52.5863
21511,1.01768,52.7748
21512,1.01797,52.676
21513,1.01785,52.6619
21514,1.0181,52.6903
21515,1.01778,53.003
21516,0.92886,21.8174
21517,0.928838,21.8135
21518,0.928976,21.82
21519,0.929827,21.5108
21520,0.94066,20.5655
21521,0.929788,21.5261
21522,0.929827,21.5108
21523,0.929795,21.5067
21524,0.929827,21.5108
21525,0.928772,21.9418
21526,0.928749,21.9374
21527,0.928797,21.9461
21528,0.934331,18.7198
21529,0.941902,17.2711
21530,0.934401,18.7541
21531,0.934318,18.7175
21532,0.934331,18.7198
21533,0.934331,18.7198
21534,0.933783,19.4007
21535,0.941681,17.4556
21536,0.93371,19.4248
21537,0.933772,19.3984
21538,0.933783,19.4007
21539,0.933783,19.4007
21540,0.936302,18.1973
21541,1.01636,50.728
21542,1.02107,47.1045
21543,1.01643,50.7681
21544,1.01636,50.728
21545,1.01636,50.728
21546,1.02373,53.8737
21547,0.934841,30.7991
21548,1.09281,72.4102
21549,1.08059,72.7867
21550,1.08578,72.9918
21551,1.08261,72.7143
21552,1.08449,73.3309
21553,1.09288,72.4006
21554,1.09281,72.4102
21555,1.09281,72.4102
21556,1.09281,72.4102
21557,1.07979,72.5912
21558,1.07308,80.0079
21559,1.07968,72.5409
21560,1.07979,72.5912
21561,1.07979,72.5912
21562,1.07979,72.5912
21563,1.09119,72.581
21564,1.06487,72.9896
21565,1.06372,73.137
21566,1.07774,77.3595
21567,1.09132,72.5736
21568,1.09119,72.581
21569,1.09119,72.581
21570,1.09119,72.581
21571,1.08798,72.8727
21572,1.08705,72.6851
21573,1.08798,72.8727
21574,1.08798,72.8727
21575,1.09843,69.9726
21576,1.08787,68.7993
21577,1.1,71.258
21578,1.1,70.2594
21579,1.1,70.4881
21580,1.09856,69.9041
21581,1.09843,69.9726
21582,1.09843,69.9726
21583,1.09843,69.9726
21584,1.08981,72.1452
21585,1.09905,72.5951
21586,1.09881,72.3746
21587,1.08975,72.1399
21588,1.08981,72.1452
21589,1.08981,72.1452
21590,1.08981,72.1452
21591,1.07041,40.0417
21592,1.06967,40.047
21593,1.07041,40.0417
21594,1.07041,40.0417
21595,1.07887,59.5584
21596,1.07671,58.0991
21597,1.07584,58.3276
21598,1.1,63.8399
21599,1.07588,57.9504
21600,1.07671,58.0991
21601,1.07671,58.0991
21602,1.07671,58.0991
21603,1.09187,73.133
21604,1.09263,75.1624
21605,1.09298,75.5635
21606,1.09165,73.0823
21607,1.09187,73.133
21608,1.09187,73.133
21609,1.09187,73.133
21610,1.05214,62.7516
21611,1.04977,62.3619
21612,1.03828,63.0747
21613,1.02116,63.1042
21614,1.05233,62.6771
21615,1.05214,62.7516
21616,1.05214,62.7516
21617,1.05214,62.7516
21618,1.08669,85.4012
21619,1.08627,85.1268
21620,1.08669,85.4012
21621,1.08669,85.4012
21622,1.06192,39.317
21623,1.06482,39.4299
21624,1.06543,39.9236
21625,1.06609,39.582
21626,1.06496,39.467
21627,1.06182,39.3108
21628,1.06192,39.317
21629,1.06192,39.317
21630,1.06192,39.317
21631,1.08784,73.3198
21632,1.09258,79.8696
21633,1.08765,73.2672
21634,1.08784,73.3198
21635,1.08784,73.3198
21636,1.08784,73.3198
21637,1.04761,38.1943
21638,1.04781,38.1864
21639,1.04761,38.1943
21640,1.04761,38.1943
21641,1.04044,62.211
21642,1.04048,62.158
21643,1.04044,62.211
21644,1.04044,62.211
21645,1.06073,40.4636
21646,1.06041,40.4628
21647,1.06073,40.4636
21648,1.06073,40.4636
21649,1.09482,74.7011
21650,1.09383,74.5101
21651,1.09482,74.7011
21652,1.09482,74.7011
21653,1.06562,40.2949
21654,1.06509,40.2931
21655,1.06562,40.2949
21656,1.06562,40.2949
21657,1.08389,72.7093
21658,1.08389,78.715
21659,1.0838,72.664
21660,1.08389,72.7093
21661,1.08389,72.7093
21662,1.08389,72.7093
21663,1.07313,59.2455
21664,1.07547,58.4559
21665,1.08121,67.3964
21666,1.07291,58.8484
21667,1.07313,59.2455
21668,1.07313,59.2455
21669,1.07313,59.2455
21670,1.08465,72.2337
21671,1.03919,80.1047
21672,1.05179,78.7177
21673,1.06469,78.7638
21674,1.08465,78.1352
21675,1.08447,72.1084
21676,1.08465,72.2337
21677,1.08465,72.2337
21678,1.08465,72.2337
21679,1.08018,72.1349
21680,1.08018,78.6076
21681,1.08061,76.7542
21682,1.08018,80.2168
21683,1.07964,71.9323
21684,1.08018,72.1349
21685,1.08018,72.1349
21686,1.08018,72.1349
21687,1.0888,84.2408
21688,1.08858,84.2372
21689,1.0888,84.2408
21690,1.0888,84.2408
21691,1.07839,71.4656
21692,1.07857,76.3011
21693,1.07839,77.9141
21694,1.07806,71.2944
21695,1.07839,71.4656
21696,1.07839,71.4656
21697,1.07839,71.4656
21698,1.09596,74.9373
21699,1.09494,74.6091
21700,1.09596,74.9373
21701,1.09596,74.9373
21702,1.08767,71.4913
21703,1.1,71.736
21704,1.1,71.8979
21705,1.08767,71.4887
21706,1.08767,71.4913
21707,1.08767,71.4913
21708,1.08767,71.4913
21709,1.08986,75.4826
21710,1.08986,79.9605
21711,1.08976,75.4397
21712,1.08986,75.4826
21713,1.08986,75.4826
21714,1.08986,75.4826
21715,1.05724,65.4313
21716,1.0567,65.2469
21717,1.05724,65.4313
21718,1.05724,65.4313
21719,1.0808,71.4428
21720,1.0808,78.0403
21721,1.0807,71.3973
21722,1.0808,71.4428
21723,1.0808,71.4428
21724,1.0808,71.4428
21725,1.1,75.1713
21726,1.09798,74.8226
21727,1.1,75.1713
21728,1.1,75.1713
21729,1.08443,73.8194
21730,1.09816,81.127
21731,1.05798,80.3375
21732,1.08438,73.7975
21733,1.08443,73.8194
21734,1.08443,73.8194
21735,1.08443,73.8194
21736,1.05291,63.043
21737,1.05212,62.5536
21738,1.0692,64.4116
21739,1.07177,63.5859
21740,1.0675,63.2148
21741,1.05214,62.9111
21742,1.05291,63.043
21743,1.05291,63.043
21744,1.05291,63.043
21745,1.09795,67.1866
21746,1.09796,66.4712
21747,1.07274,68.0388
21748,1.1,68.1529
21749,1.09738,67.0161
21750,1.09795,67.1866
21751,1.09795,67.1866
21752,1.09795,67.1866
21753,1.09914,75.1705
21754,1.09778,74.9009
21755,1.09914,75.1705
21756,1.09914,75.1705
21757,1.09689,73.7908
21758,1.09623,73.7927
21759,1.09689,73.7908
21760,1.09689,73.7908
21761,1.1,86.3794
21762,1.09826,86.1866
21763,1.1,86.3794
21764,1.1,86.3794
21765,1.07138,40.6172
21766,1.07087,40.6197
21767,1.07138,40.6172
21768,1.07138,40.6172
21769,1.09318,73.5976
21770,1.09318,81.1703
21771,1.09318,78.2749
21772,1.09318,79.7616
21773,1.0929,73.4815
21774,1.09318,73.5976
21775,1.09318,73.5976
21776,1.09318,73.5976
21777,1.00723,51.2077
21778,1.00957,51.8717
21779,1.01837,48.8011
21780,1.02573,51.515
21781,1.01007,51.9602
21782,1.00957,51.8717
21783,1.00875,51.0785
21784,1.00723,51.2077
21785,1.0824,86.3649
21786,1.08958,88.7228
21787,1.08704,85.2252
21788,1.08919,88.7901
21789,1.08958,88.7228
21790,1.08958,88.7228
21791,1.08958,88.7228
21792,1.08763,72.5954
21793,1.08786,72.5857
21794,1.08763,72.5954
21795,1.08763,72.5954
21796,1.1,75.9523
21797,1.0964,77.3238
21798,1.08495,77.3542
21799,1.06663,74.7496
21800,1.09367,76.3793
21801,1.08513,77.3714
21802,1.09702,77.4225
21803,1.0964,77.3238
21804,1.09975,75.8282
21805,1.09465,76.8677
21806,1.09272,76.6457
21807,1.09465,76.8677
21808,1.09465,76.8677
21809,1.095,74.0645
21810,1.09422,73.9193
21811,1.095,74.0645
21812,1.095,74.0645
21813,1.0938,74.5557
21814,1.09165,74.2443
21815,1.0938,74.5557
21816,1.0938,74.5557
21817,1.02703,55.0267
21818,1.02603,54.9042
21819,1.01861,58.9219
21820,1.03147,58.45
21821,1.02926,57.6435
21822,1.02909,56.6049
21823,1.02758,60.3051
21824,1.02806,54.6022
21825,1.02703,55.0267
21826,1.02703,55.0267
21827,1.02591,54.8598
21828,1.08645,76.2381
21829,1.08645,80.0611
21830,1.08632,76.1935
21831,1.08645,76.2381
21832,1.08645,76.2381
21833,1.08645,76.2381
21834,1.04122,62.7556
21835,1.04532,62.7295
21836,1.03618,66.2496
21837,1.03238,64.4544
21838,1.04064,62.3765
21839,1.04122,62.7556
21840,1.04122,62.7556
21841,1.04122,62.7556
21842,1.08373,73.2574
21843,1.02601,78.4396
21844,1.01998,79.684
21845,1.02655,78.1725
21846,1.08306,73.0623
21847,1.08373,73.2574
21848,1.08373,73.2574
21849,1.08373,73.2574
21850,1.05587,63.852
21851,1.06251,69.4844
21852,1.05581,63.817
21853,1.05587,63.852
21854,1.05587,63.852
21855,1.05587,63.852
21856,1.1,58.3597
21857,1.09634,58.1819
21858,1.1,58.3597
21859,1.1,58.3597
21860,1.08498,73.0296
21861,1.08802,72.1889
21862,1.1,74.4826
21863,1.1,74.1603
21864,1.09892,73.8214
21865,1.09874,73.4252
21866,1.09885,73.6752
21867,1.09885,73.6019
21868,1.08794,72.5996
21869,1.08498,73.0296
21870,1.08498,73.0296
21871,1.08498,73.0296
21872,1.1,90.5698
21873,1.099,90.3591
21874,1.1,90.5698
21875,1.1,90.5698
21876,1.08003,78.5758
21877,1.08003,84.8667
21878,1.05369,85.0961
21879,1.05369,82.6861
21880,1.07986,78.518
21881,1.08003,78.5758
21882,1.08003,78.5758
21883,1.08003,78.5758
21884,0.981951,46.9191
21885,0.979234,48.0171
21886,0.900484,49.1326
21887,0.9,48.8759
21888,0.981923,46.8521
21889,0.981951,46.9191
21890,0.981951,46.9191
21891,0.981951,46.9191
21892,1.0467,40.2807
21893,1.06187,39.334
21894,1.04448,40.385
21895,1.0467,40.2807
21896,1.0467,40.2807
21897,1.0467,40.2807
21898,1.06636,0.946338
21899,1.06599,1.05567
21900,1.0567,-3.90146
21901,1.05282,-3.29616
21902,1.05642,-3.82219
21903,1.05277,-3.30099
21904,1.05314,-3.28409
21905,1.05282,-3.29616
21906,1.05755,-3.98552
21907,1.05778,-3.89585
21908,1.05775,-3.90094
21909,1.05872,-3.47453
21910,1.05872,-3.47429
21911,1.05872,-3.47453
21912,1.05872,-3.47477
21913,1.07292,-8.14318
21914,1.07203,-7.71057
21915,1.06065,-4.09593
21916,1.06209,-4.16294
21917,1.07656,-7.08466
21918,1.05865,-2.49028
21919,1.05864,-2.4913
21920,1.05866,-2.48932
21921,1.05865,-2.49028
21922,1.06502,0.826951
21923,1.06503,0.828798
21924,1.065,0.825297
21925,1.08708,-8.24695
21926,1.06331,-0.150575
21927,1.06331,-0.151204
21928,1.06332,-0.149914
21929,1.06331,-0.150575
21930,1.07847,-7.74587
21931,1.09275,-8.38212
21932,1.06355,1.61675
21933,1.06354,1.61642
21934,1.06357,1.61681
21935,1.06279,-4.19096
21936,1.06278,-4.19143
21937,1.06279,-4.19049
21938,1.07849,-7.90852
21939,1.07975,-7.95444
21940,1.05903,5.18624
21941,1.08525,-7.73458
21942,1.05848,-1.77058
21943,1.06173,-1.55179
21944,1.06187,-1.64868
21945,1.06127,-1.37092
21946,1.06128,-1.37047
21947,1.06127,-1.37144
21948,1.06127,-1.37092
21949,1.07055,-7.58192
21950,1.06215,2.60359
21951,1.07933,-6.55103
21952,1.07932,-6.55121
21953,1.07933,-6.55084
21954,1.06268,1.02152
21955,1.06311,0.526647
21956,1.06196,1.85377
21957,1.06341,1.04855
21958,1.06201,1.87894
21959,1.06193,1.84942
21960,1.06196,1.85377
21961,1.06196,1.85377
21962,1.05995,4.24463
21963,1.05994,4.24362
21964,1.05995,4.2456
21965,1.06029,3.79924
21966,1.06053,3.63165
21967,1.0627,1.90612
21968,1.06269,1.90548
21969,1.0627,1.90681
21970,1.06358,1.38876
21971,1.06356,1.38769
21972,1.06478,-4.95761
21973,1.06634,-5.28763
21974,1.06635,-5.28674
21975,1.06633,-5.28848
21976,1.0947,-7.73981
21977,1.08801,-7.71146
21978,1.08888,-7.69814
21979,1.06194,-1.00866
21980,1.06305,-3.48642
21981,1.09494,-7.83054
21982,1.09493,-7.83173
21983,1.09484,-7.78564
21984,1.0949,-7.82748
21985,1.0949,-7.82858
21986,1.09491,-7.82626
21987,1.06336,-3.51539
21988,1.06306,-3.51041
21989,1.06325,-3.52411
21990,1.06191,-1.78595
21991,1.06192,-1.78498
21992,1.06192,-1.32645
21993,1.06147,0.746496
21994,1.06185,1.04296
21995,1.06185,1.0418
21996,1.05998,3.74486
21997,1.09504,-8.35369
21998,1.09497,-8.33506
21999,1.09442,-8.25755
22000,1.09344,-8.18513
22001,1.09294,-8.18803
22002,1.09293,-8.18879
22003,1.09295,-8.18715
22004,1.09294,-8.18803
22005,1.0939,-8.1599
22006,1.0939,-8.15906
22007,1.09654,-8.37285
22008,1.09396,-8.15052
22009,1.09396,-7.89599
22010,1.09398,-7.89319
22011,1.09394,-7.89903
22012,1.09375,-6.71322
22013,1.09427,-7.56513
22014,1.09387,-6.68639
22015,1.09374,-6.71582
22016,1.09375,-6.71322
22017,1.06268,-0.800925
22018,1.06258,0.51055
22019,1.06408,-0.432235
22020,1.06254,0.506548
22021,1.06266,0.531463
22022,1.06258,0.51055
22023,1.0625,2.36748
22024,1.06251,2.36829
22025,1.06195,1.62642
22026,1.06196,1.627
22027,1.06232,-1.10677
22028,1.06228,-1.40741
22029,1.06309,-4.822
22030,1.06308,-4.82303
22031,1.06271,-4.78274
22032,1.06152,-2.37346
22033,1.06152,-2.37367
22034,1.06152,-2.37308
22035,1.06152,-2.37346
22036,1.08956,-8.12435
22037,1.0877,-8.08673
22038,1.0877,-8.08717
22039,1.08885,-8.12493
22040,1.08885,-8.12543
22041,1.05882,-0.964404
22042,1.05882,-0.964905
22043,1.05882,-0.96389
22044,1.06152,-2.47951
22045,1.06153,-2.47841
22046,1.06068,-2.96435
22047,1.06109,-2.54407
22048,1.06138,-2.29097
22049,1.06042,-2.31965
22050,1.08666,-4.89098
22051,1.06026,-3.34518
22052,1.06142,-2.39894
22053,1.06191,-3.37831
22054,1.06139,-2.40255
22055,1.06155,-2.37205
22056,1.06142,-2.39895
22057,1.06142,-2.39894
22058,1.06126,-3.49288
22059,1.06062,-3.5553
22060,1.09489,-8.36503
22061,1.05909,-4.38233
22062,1.05903,-4.39023
22063,1.05916,-4.37416
22064,1.05909,-4.38233
22065,1.0599,-4.02826
22066,1.05993,-4.2642
22067,1.05987,-4.27173
22068,1.05905,-1.42002
22069,1.06043,-2.52338
22070,1.06002,-4.18849
22071,1.06037,-2.58092
22072,1.06173,-1.35188
22073,1.05905,-1.42002
22074,1.05905,-1.42002
22075,1.06969,-6.10634
22076,1.06968,-6.10743
22077,1.06969,-6.10527
22078,1.09551,-8.18604
22079,1.0955,-8.18702
22080,1.09552,-8.18508
22081,1.09563,-8.22129
22082,1.09564,-8.21907
22083,1.0614,-4.67951
22084,1.0614,-4.68013
22085,1.07888,-5.73876
22086,1.08229,-5.38941
22087,1.07965,-5.615
22088,1.06043,-2.51817
22089,1.06026,-2.7254
22090,1.06026,-2.72429
22091,1.06052,-2.72055
22092,1.06051,-2.72149
22093,1.06052,-2.71954
22094,1.07214,-5.985
22095,1.07216,-5.98226
22096,1.07212,-5.9876
22097,1.07214,-5.985
22098,1.0782,-5.8374
22099,1.07513,-5.09727
22100,1.07701,-5.61838
22101,1.07515,-5.08155
22102,1.07513,-5.09727
22103,1.07511,-5.09998
22104,1.05783,-4.71091
22105,1.0602,-4.58111
22106,1.05618,-5.23048
22107,1.05933,-4.5163
22108,1.0593,-4.52083
22109,1.05857,-3.70596
22110,1.05887,-3.73554
22111,1.06075,-3.66564
22112,1.09289,-8.44637
22113,1.09289,-8.44607
22114,1.09289,-8.44637
22115,1.09534,-8.3197
22116,1.09533,-8.32129
22117,1.09541,-8.31818
22118,1.0954,-8.31991
22119,1.09542,-8.31648
22120,1.09541,-8.31818
22121,1.09538,-8.35381
22122,1.09539,-8.35209
22123,1.09537,-8.35559
22124,1.09538,-8.35381
22125,1.05576,-2.29064
22126,1.0574,-2.06143
22127,1.0571,-0.910391
22128,1.05503,-2.22427
22129,1.05512,-2.22442
22130,1.05503,-2.22479
22131,1.05503,-2.22461
22132,1.05896,-3.29182
22133,1.05623,-2.54703
22134,1.0562,-2.55002
22135,1.05626,-2.54407
22136,1.05819,-2.84126
22137,1.08762,-8.90554
22138,1.08754,-8.91469
22139,1.0877,-8.8967
22140,1.08762,-8.90554
22141,1.08657,-9.07982
22142,1.08371,-7.65312
22143,1.089,-8.52864
22144,1.08362,-7.66201
22145,1.08375,-7.62559
22146,1.08371,-7.65312
22147,1.08581,-9.1937
22148,1.09218,-8.54765
22149,1.09129,-8.62629
22150,1.093,-8.45082
22151,1.06232,-1.45173
22152,1.06106,-2.65253
22153,1.06229,-1.45645
22154,1.06256,-1.41501
22155,1.06232,-1.45173
22156,1.06232,-1.45173
22157,1.05586,-2.75165
22158,1.05899,-2.95121
22159,1.05901,-2.94604
22160,1.05896,-2.95619
22161,1.05962,-2.85165
22162,1.05516,-5.53116
22163,1.05636,-4.99508
22164,1.05899,-4.18852
22165,1.05674,-5.07721
22166,1.05917,-4.16121
22167,1.05893,-4.19784
22168,1.05899,-4.18852
22169,1.05463,-5.14517
22170,1.05583,-5.50556
22171,1.05577,-5.51603
22172,1.05588,-5.49616
22173,1.0553,-5.92947
22174,1.05531,-2.34455
22175,1.0553,-2.34517
22176,1.05531,-2.34391
22177,1.05531,-2.34455
22178,1.05744,-7.4231
22179,1.05749,-7.41857
22180,1.05739,-7.42709
22181,1.06387,-5.50993
22182,1.06749,-6.88204
22183,1.06384,-5.51469
22184,1.06444,-5.4768
22185,1.06387,-5.50993
22186,1.06614,-7.0614
22187,1.06611,-7.06589
22188,1.06617,-7.05701
22189,1.06614,-7.0614
22190,1.05754,-3.33368
22191,1.0576,-3.36481
22192,1.05574,-3.40346
22193,1.05751,-1.29971
22194,1.05705,-1.49303
22195,1.07464,-9.95905
22196,1.07377,-9.23063
22197,1.07493,-9.65887
22198,1.07491,-9.66309
22199,1.07495,-9.65524
22200,1.07465,-7.73679
22201,1.07663,-9.51035
22202,1.07483,-7.70864
22203,1.07463,-7.74051
22204,1.07465,-7.73679
22205,1.08624,-4.83975
22206,1.08285,-5.00797
22207,1.08285,-5.00867
22208,1.08635,-4.86199
22209,1.08635,-4.86263
22210,1.08636,-4.86142
22211,1.05583,-3.88602
22212,1.05586,-3.88184
22213,1.0558,-3.89089
22214,1.05553,-3.70744
22215,1.0572,-4.2088
22216,1.0613,-2.23538
22217,1.05662,-3.93673
22218,1.06126,-2.24022
22219,1.0615,-2.20773
22220,1.0613,-2.23538
22221,1.05607,-7.38023
22222,1.05616,-7.4224
22223,1.05618,-7.42085
22224,1.05615,-7.42415
22225,1.05601,-7.30346
22226,1.056,-7.3052
22227,1.05602,-7.30171
22228,1.05601,-7.30346
22229,1.06318,-7.46581
22230,1.06315,-7.46912
22231,1.066,-7.19306
22232,1.06603,-7.18976
22233,1.05622,-7.61621
22234,1.05411,-4.84582
22235,1.0541,-4.847
22236,1.05303,-5.08272
22237,1.05314,-5.0826
22238,1.05343,-5.15928
22239,1.05688,-4.43519
22240,1.05688,-4.43546
22241,1.05657,-4.25221
22242,1.05566,-7.07689
22243,1.05566,-7.07563
22244,1.05565,-7.07829
22245,1.05566,-7.07689
22246,1.05511,-7.32877
22247,1.05556,-6.95679
22248,1.04809,-0.203564
22249,1.04808,-0.204477
22250,1.04809,-0.202702
22251,1.04809,-0.203564
22252,1.07018,-6.15658
22253,1.07018,-6.15618
22254,1.05023,-0.29165
22255,1.05023,-0.291278
22256,1.05668,-4.85535
22257,1.05735,-8.27369
22258,1.05735,-8.2727
22259,1.05734,-8.27457
22260,1.05533,-7.688
22261,1.05532,-7.68894
22262,1.05829,-0.718225
22263,1.05725,-0.54629
22264,1.05647,-7.51321
22265,1.05588,-7.3243
22266,1.05939,-8.31734
22267,1.05931,-8.32887
22268,1.05945,-8.30549
22269,1.05699,-8.36162
22270,1.05705,-8.35162
22271,1.05793,-8.41009
22272,1.05787,-8.42032
22273,1.07699,-5.53972
22274,1.07781,-5.65179
22275,1.05648,-8.39757
22276,1.06639,-3.42378
22277,1.06264,-5.15853
22278,1.05844,-7.98832
22279,1.06257,-5.1706
22280,1.06245,-5.21554
22281,1.06716,-3.30262
22282,1.06639,-3.42378
22283,1.05713,-8.20686
22284,1.06099,-7.96609
22285,1.06108,-7.95485
22286,1.06089,-7.97805
22287,1.05446,-8.45439
22288,1.05453,-8.44294
22289,1.05438,-8.46679
22290,1.05446,-8.45439
22291,1.05687,-8.11335
22292,1.05706,-8.35331
22293,1.05703,-8.358
22294,1.05708,-8.34876
22295,1.05706,-8.35331
22296,1.05617,-8.2436
22297,1.05614,-8.24824
22298,1.05522,-7.93672
22299,1.05945,-8.22189
22300,1.05955,-8.21122
22301,1.05936,-8.23242
22302,1.05945,-8.22189
22303,1.05654,-5.79809
22304,1.06085,-8.13738
22305,1.05642,-5.80824
22306,1.05703,-5.73192
22307,1.05654,-5.79809
22308,1.05654,-5.79809
22309,1.05982,-8.20366
22310,1.05531,-8.16547
22311,1.05538,-8.15421
22312,1.05531,-8.16547
22313,1.05923,-8.14171
22314,1.05521,-7.76678
22315,1.05514,-7.777
22316,1.0538,-8.38765
22317,1.05295,-8.55898
22318,1.05532,-8.42862
22319,1.05454,-8.42662
22320,1.06098,-7.98928
22321,1.05592,-8.10561
22322,1.0598,-8.14526
22323,1.05973,-8.15587
22324,1.05814,-7.89222
22325,1.05395,-8.48136
22326,1.06051,-8.04394
22327,1.06044,-8.05422
22328,1.06057,-8.0333
22329,1.06051,-8.04394
22330,1.05036,-8.20001
22331,1.06258,-7.65504
22332,1.06258,-7.6566
22333,1.06248,-7.5288
22334,1.06247,-7.53058
22335,1.06249,-7.52714
22336,1.06329,-7.47322
22337,1.06327,-7.47514
22338,1.0633,-7.47125
22339,1.05499,-7.86548
22340,1.05495,-7.87094
22341,1.0564,-7.99773
22342,1.05634,-8.00309
22343,1.05645,-7.99246
22344,1.05768,-8.25644
22345,1.05771,-8.25152
22346,1.05766,-8.26178
22347,1.05768,-8.25644
22348,1.05419,-7.53679
22349,1.05307,-7.37471
22350,1.05305,-7.3782
22351,1.05309,-7.37105
22352,1.05527,-7.62541
22353,1.0687,-8.6107
22354,1.07079,-7.54094
22355,1.07082,-7.53692
22356,1.07381,-7.7888
22357,1.07385,-7.78477
22358,1.0598,-8.12174
22359,1.05656,-5.48061
22360,1.06186,-7.89269
22361,1.05649,-5.49217
22362,1.05711,-5.43027
22363,1.05656,-5.48061
22364,1.05656,-5.48061
22365,1.06039,-7.52832
22366,1.06031,-7.54094
22367,1.06409,-3.88666
22368,1.06276,-4.36787
22369,1.0626,-7.0476
22370,1.06397,-3.89966
22371,1.06736,-3.85478
22372,1.06265,-4.36441
22373,1.06409,-3.88666
22374,1.05918,-7.9179
22375,1.05928,-7.90555
22376,1.07606,-6.74719
22377,1.07606,-6.74797
22378,1.07606,-6.74628
22379,1.07294,-7.32243
22380,1.07151,-7.90126
22381,1.07151,-7.90216
22382,1.05899,-7.86012
22383,1.05654,-8.02695
22384,1.0565,-8.03446
22385,1.05524,-8.27112
22386,1.06143,-7.93233
22387,1.05336,-8.60747
22388,1.05334,-8.61053
22389,1.05412,-8.56005
22390,1.04654,-3.1842
22391,1.0516,-3.93964
22392,1.03924,0.383824
22393,1.03869,0.49002
22394,1.03868,0.489518
22395,1.03869,0.490512
22396,1.04022,0.186027
22397,1.05338,-8.62774
22398,1.05859,-8.16434
22399,1.05854,-8.17318
22400,1.05863,-8.15502
22401,1.05456,-5.70262
22402,1.05753,-8.21437
22403,1.05447,-5.71514
22404,1.0552,-5.65745
22405,1.05456,-5.70262
22406,1.05456,-5.70262
22407,1.05628,-7.97812
22408,1.05752,-7.88048
22409,1.05126,-8.24724
22410,1.05132,-8.2403
22411,1.05126,-8.24724
22412,1.0512,-8.25464
22413,1.05569,-7.89524
22414,1.05564,-7.90089
22415,1.05575,-7.88952
22416,1.05633,-8.33484
22417,1.07909,-5.88579
22418,1.07904,-5.89317
22419,1.07914,-5.87815
22420,1.08181,-5.74882
22421,1.08332,-5.63499
22422,1.07865,-6.26971
22423,1.07639,-5.22413
22424,1.0764,-5.2235
22425,1.07208,-5.05578
22426,1.07208,-5.05505
22427,1.07207,-5.05654
22428,1.07079,-4.99765
22429,1.07079,-4.99832
22430,1.071,-4.99926
22431,1.07329,-5.24663
22432,1.07333,-5.24042
22433,1.07325,-5.25298
22434,1.07309,-5.25793
22435,1.0733,-5.21735
22436,1.07302,-5.4812
22437,1.07113,-7.70501
22438,1.07643,-6.50723
22439,1.07589,-6.69784
22440,1.03613,-1.43563
22441,1.0401,0.0918998
22442,1.0401,0.0914647
22443,1.04026,0.0903233
22444,1.05631,-8.25514
22445,1.05628,-8.25928
22446,1.05634,-8.25072
22447,1.0553,-7.8788
22448,1.07469,-7.53293
22449,1.07485,-7.54151
22450,1.07446,-7.51863
22451,1.07445,-7.52064
22452,1.05561,-8.19009
22453,1.05174,-6.50376
22454,1.05624,-8.03958
22455,1.05214,-6.46265
22456,1.05165,-6.51731
22457,1.05174,-6.50376
22458,1.05273,-8.27
22459,1.05367,-8.56583
22460,1.05474,-8.45275
22461,1.07142,-5.12281
22462,1.06597,-5.29477
22463,1.06596,-5.29601
22464,1.06598,-5.29356
22465,1.05356,-7.88342
22466,1.05137,-6.86313
22467,1.05345,-7.58968
22468,1.05596,-5.58243
22469,1.05556,-7.27087
22470,1.05584,-5.59568
22471,1.05625,-5.54012
22472,1.05596,-5.58243
22473,1.05596,-5.58243
22474,1.06025,-5.75614
22475,1.06026,-5.7558
22476,1.06025,-5.75649
22477,1.07838,-5.36275
22478,1.07837,-5.36336
22479,1.04948,-5.06139
22480,1.04888,-4.9703
22481,1.04887,-4.97184
22482,1.08191,-5.77441
22483,1.08042,-3.92167
22484,1.08612,-5.02342
22485,1.08038,-3.93089
22486,1.0807,-3.89571
22487,1.08042,-3.92167
22488,1.0754,-6.87644
22489,1.07547,-6.86583
22490,1.07535,-6.88727
22491,1.07815,-4.28984
22492,1.08424,-5.52957
22493,1.07851,-4.25475
22494,1.07809,-4.2987
22495,1.07815,-4.2899
22496,1.07815,-4.28984
22497,1.05579,-8.04986
22498,1.05586,-8.03653
22499,1.05656,-7.7552
22500,1.0558,-8.08321
22501,1.05709,-7.89905
22502,1.05703,-7.91071
22503,1.05715,-7.88773
22504,1.05578,-8.16758
22505,1.05572,-8.1792
22506,1.05586,-8.15616
22507,1.0285,-0.100737
22508,1.0285,-0.10119
22509,1.08488,-3.29093
22510,1.08494,-3.28481
22511,1.08541,-3.58293
22512,1.08545,-3.577
22513,1.08538,-3.58891
22514,1.07996,-4.88323
22515,1.08001,-4.87664
22516,1.08513,-2.32192
22517,1.08593,-2.76207
22518,1.0851,-2.32825
22519,1.0853,-2.3041
22520,1.08513,-2.32192
22521,1.08513,-2.32192
22522,1.05294,-7.51099
22523,1.05281,-7.52071
22524,1.05563,-7.85941
22525,1.05554,-7.87001
22526,1.05572,-7.84914
22527,1.05504,-7.85924
22528,1.05512,-7.84784
22529,1.05576,-7.84384
22530,1.0557,-7.85557
22531,1.05581,-7.83325
22532,1.05024,-6.76023
22533,1.05688,-7.72931
22534,1.05017,-6.7719
22535,1.05051,-6.73497
22536,1.05024,-6.76023
22537,1.05024,-6.76023
22538,1.08149,-5.81053
22539,1.08015,-5.61445
22540,1.08071,-5.46845
22541,1.08072,-5.46695
22542,1.07735,-6.37421
22543,1.08437,-2.46749
22544,1.08387,-1.3931
22545,1.08428,-5.1608
22546,1.08398,-5.23917
22547,1.0839,-5.24629
22548,1.07729,-6.16864
22549,1.07725,-6.1755
22550,1.07729,-6.16889
22551,1.08255,-5.42815
22552,1.08366,-3.17792
22553,1.08368,-3.17422
22554,1.08387,-3.04756
22555,1.08691,-2.54902
22556,1.08459,-3.04036
22557,1.08689,-2.55282
22558,1.087,-2.53883
22559,1.08691,-2.54902
22560,1.08691,-2.54902
22561,1.07138,-5.28053
22562,1.07509,-5.1698
22563,1.07474,-4.49911
22564,1.07474,-4.49887
22565,1.05614,-7.94509
22566,1.05413,-7.21758
22567,1.04856,-5.40421
22568,1.05539,-7.10129
22569,1.04872,-5.34689
22570,1.04848,-5.41916
22571,1.04856,-5.40421
22572,1.04856,-5.40421
22573,1.05358,-7.51588
22574,1.05443,-5.45255
22575,1.05892,-7.66031
22576,1.05457,-5.39303
22577,1.05443,-5.45255
22578,1.05432,-5.46553
22579,1.05141,-6.47558
22580,1.08039,-3.98735
22581,1.08563,-3.8708
22582,1.08567,-3.86515
22583,1.08311,-3.32647
22584,1.08503,-4.04977
22585,1.08306,-3.33269
22586,1.08319,-3.30524
22587,1.08311,-3.32647
22588,1.08311,-3.32647
22589,1.08449,-4.46022
22590,1.08623,-3.74605
22591,1.08619,-3.75146
22592,1.02188,-0.074413
22593,1.02875,1.39223
22594,1.02535,1.70899
22595,1.02536,1.71017
22596,1.02535,1.70767
22597,1.02535,1.70899
22598,1.02537,1.46635
22599,1.02536,1.46506
22600,1.0802,-3.63466
22601,1.08594,-4.71251
22602,1.08492,-5.08224
22603,1.02714,0.102381
22604,1.02715,0.102699
22605,1.02714,0.102381
22606,1.02714,0.102381
22607,1.09024,-2.74406
22608,1.09023,-2.74444
22609,1.08566,-4.7192
22610,1.08501,-4.8655
22611,1.08569,-3.32144
22612,1.08586,-4.6298
22613,1.08585,-3.28861
22614,1.08566,-3.32613
22615,1.08569,-3.32144
22616,1.08723,-3.34651
22617,1.03756,-3.15917
22618,1.03757,-3.15884
22619,1.04654,-4.69241
22620,1.04654,-4.69177
22621,1.04653,-4.69314
22622,1.06912,-5.93244
22623,1.06837,-4.17065
22624,1.07115,-5.66335
22625,1.06827,-4.18077
22626,1.06866,-4.13443
22627,1.06837,-4.17065
22628,1.06837,-4.17065
22629,1.06993,-5.86233
22630,1.07054,-5.74813
22631,1.07049,-5.76036
22632,1.09233,0.0328059
22633,1.09165,0.0130241
22634,1.09163,0.0109492
22635,1.09177,0.0138209
22636,1.09244,0.13595
22637,1.09355,-1.86748
22638,1.09062,-2.70645
22639,1.09352,-1.99878
22640,1.0916,0.679864
22641,1.0916,0.680645
22642,1.09159,0.679046
22643,1.09364,-1.55718
22644,1.0884,0.709912
22645,1.09579,0.454591
22646,1.09579,0.455176
22647,1.09578,0.454016
22648,1.09579,0.454591
22649,1.09401,0.303215
22650,1.09402,0.304404
22651,1.094,0.302041
22652,1.03935,-3.83477
22653,1.03936,-3.83322
22654,1.03935,-3.83477
22655,1.04205,-4.3876
22656,1.04056,-4.12236
22657,1.09978,0.932468
22658,1.09978,0.932059
22659,1.09608,0.643859
22660,1.09607,0.643062
22661,1.09608,0.644561
22662,1.09608,0.643859
22663,1.01946,1.17293
22664,0.996801,5.07637
22665,1.01105,3.16832
22666,0.996787,5.07435
22667,0.996659,5.12847
22668,0.996801,5.07637
22669,0.996801,5.07637
22670,1.01928,1.26643
22671,1.04209,-1.98249
22672,1.03609,-2.32257
22673,1.09816,0.816749
22674,1.09404,0.644454
22675,1.09574,0.739352
22676,1.09574,0.738895
22677,1.09574,0.739769
22678,0.999737,7.537
22679,1.001,7.23676
22680,1.09388,0.541677
22681,1.03759,-2.12163
22682,1.038,-2.00088
22683,1.03799,-2.0013
22684,1.038,-2.00044
22685,1.01734,1.9069
22686,1.03861,-1.87511
22687,1.03812,-2.08764
22688,1.03864,-1.86849
22689,1.03863,-1.8693
22690,1.03699,-2.21388
22691,1.03812,-1.87227
22692,1.08495,-1.79109
22693,1.08494,-1.79206
22694,1.08495,-1.7901
22695,1.08495,-1.79109
22696,1.07831,-1.64538
22697,1.09485,-0.753111
22698,1.09039,-1.34574
22699,1.09484,-0.754144
22700,1.09498,-0.743133
22701,1.09485,-0.753111
22702,1.08676,-1.71103
22703,1.08676,-1.7116
22704,1.08684,-1.71107
22705,1.08853,-1.32634
22706,1.09412,1.07647
22707,1.09367,0.72597
22708,1.09361,0.720659
22709,1.09467,1.018
22710,1.09464,1.012
22711,1.09471,1.02418
22712,1.09467,1.018
22713,1.0939,0.788965
22714,1.09064,0.925494
22715,1.09064,0.925283
22716,1.09075,0.924624
22717,1.01694,2.02548
22718,1.01694,2.02477
22719,1.03978,-1.00639
22720,1.03978,-1.00574
22721,1.03977,-1.00673
22722,1.03977,-1.00676
22723,1.03645,-1.40783
22724,1.03726,-1.59952
22725,1.03725,-1.60087
22726,1.03776,-1.89756
22727,1.03775,-1.8988
22728,0.972906,10.689
22729,0.972875,10.684
22730,0.9727,10.5454
22731,0.971658,11.0342
22732,0.973054,10.7589
22733,0.971612,11.0295
22734,0.97169,11.045
22735,0.971658,11.0342
22736,0.972912,10.8112
22737,0.972881,10.8063
22738,0.972943,10.8162
22739,1.09825,1.59729
22740,1.1,1.50965
22741,1.1,1.51006
22742,1.09691,1.376
22743,1.09691,1.37576
22744,1.03815,0.0948767
22745,1.04,-0.565513
22746,1.03811,0.0904839
22747,1.03821,0.112671
22748,1.03815,0.0948767
22749,1.03823,-1.24539
22750,1.0367,-1.01376
22751,1.03668,-1.01782
22752,1.03673,-1.00927
22753,1.0367,-1.01376
22754,1.0359,-1.25924
22755,0.987946,7.04211
22756,0.988623,6.85889
22757,0.988656,6.86385
22758,0.97323,8.72957
22759,0.987952,7.10396
22760,0.973815,8.75745
22761,0.973202,8.72494
22762,0.97323,8.72957
22763,0.97323,8.72957
22764,0.987928,6.93156
22765,0.987902,6.92637
22766,0.987952,6.93658
22767,1.05862,-1.03681
22768,1.05896,-0.770876
22769,1.01028,3.67415
22770,1.01084,3.6273
22771,1.01085,3.62949
22772,1.01082,3.62526
22773,1.01194,3.7028
22774,1.01105,3.65535
22775,1.01193,3.70061
22776,1.01198,3.70552
22777,1.01194,3.7028
22778,1.01194,3.7028
22779,1.03135,0.46228
22780,1.03135,0.461657
22781,1.03136,0.462867
22782,1.03107,0.410206
22783,0.963075,10.044
22784,0.96307,10.0434
22785,0.96308,10.0448
22786,0.963075,10.044
22787,1.04918,-1.0669
22788,1.09595,2.04419
22789,1.09595,2.04367
22790,1.09595,2.04471
22791,1.09595,2.04419
22792,1.09377,2.27441
22793,1.09634,1.94853
22794,1.09634,1.94903
22795,1.08487,2.32163
22796,1.0955,2.15552
22797,1.09558,2.12221
22798,1.09558,2.12096
22799,0.963,9.90662
22800,0.963177,9.87086
22801,0.963146,9.86611
22802,0.963208,9.87556
22803,0.96458,9.72099
22804,0.964625,9.72627
22805,0.96169,11.3653
22806,0.963083,10.2759
22807,0.963081,10.2755
22808,0.963081,10.2754
22809,0.963089,10.2768
22810,1.08987,2.23259
22811,1.08987,2.23209
22812,1.09217,2.03617
22813,1.09613,1.8742
22814,1.09613,1.87372
22815,1.09614,1.87466
22816,0.966257,9.46124
22817,0.962928,9.71553
22818,0.962856,9.70455
22819,0.963009,9.72557
22820,0.966117,9.40783
22821,0.966209,9.4964
22822,0.966285,9.50746
22823,0.966209,9.4964
22824,0.966069,9.39872
22825,1.02661,0.707188
22826,1.0266,0.705656
22827,1.02661,0.706973
22828,1.02663,0.708984
22829,1.02968,0.212092
22830,1.02969,0.213864
22831,1.02968,0.210479
22832,1.02968,0.212092
22833,1.02857,0.600588
22834,1.02856,0.598994
22835,1.02858,0.602374
22836,1.02857,0.600588
22837,0.993971,6.1416
22838,1.02813,-0.44347
22839,1.02229,1.1029
22840,1.09028,2.98694
22841,1.08798,2.46176
22842,1.08889,2.67648
22843,1.08886,2.67152
22844,1.09172,3.35389
22845,0.962725,9.42441
22846,0.96287,9.37319
22847,0.962856,9.3701
22848,0.962882,9.37608
22849,0.963613,9.52763
22850,1.09568,0.426886
22851,1.02655,-0.34719
22852,1.02493,-0.210892
22853,1.02492,-0.211696
22854,1.02511,-0.212169
22855,1.02146,1.17575
22856,1.0228,0.809226
22857,1.02279,0.80878
22858,1.0228,0.808712
22859,1.0228,0.810268
22860,1.09264,1.86521
22861,1.09265,1.86564
22862,0.962655,9.51178
22863,0.963121,9.37728
22864,0.962842,9.66113
22865,0.962852,9.66323
22866,0.962832,9.65907
22867,0.964482,9.31188
22868,0.961579,9.78432
22869,0.961575,9.78352
22870,0.965655,9.18652
22871,1.01766,1.60657
22872,1.01765,1.60498
22873,1.01767,1.60811
22874,1.01227,2.17308
22875,1.00952,2.3908
22876,1.00541,3.16727
22877,1.00541,3.16654
22878,1.09527,4.38355
22879,1.09527,4.38347
22880,1.09527,4.38363
22881,1.09527,4.38355
22882,1.05777,-0.152504
22883,0.98925,5.62686
22884,0.990216,5.68926
22885,0.990979,5.44196
22886,0.990208,5.68817
22887,0.990231,5.69937
22888,0.990216,5.68926
22889,0.990216,5.68926
22890,0.996179,4.72537
22891,1.09068,1.65117
22892,1.09079,1.8973
22893,1.05021,0.074021
22894,1.04245,0.265122
22895,0.976231,7.06111
22896,0.974435,7.39647
22897,0.974446,7.39784
22898,0.974426,7.39514
22899,0.985624,5.98504
22900,0.985622,5.98465
22901,0.977928,6.78951
22902,0.980735,6.48302
22903,1.00519,2.06575
22904,1.00491,3.32963
22905,1.00604,2.35084
22906,1.00487,3.32244
22907,1.00501,3.35125
22908,1.00491,3.32963
22909,1.00491,3.32963
22910,1.00533,2.28449
22911,1.00627,2.3303
22912,1.09126,1.76785
22913,1.0614,0.107025
22914,1.0614,0.10734
22915,1.0614,0.107025
22916,1.06263,0.251561
22917,1.09131,6.5375
22918,1.09531,7.50824
22919,1.0953,7.507
22920,1.09532,7.50949
22921,1.09474,7.37884
22922,1.00723,2.50237
22923,1.00724,2.50393
22924,1.00859,2.57465
22925,1.00858,2.57355
22926,1.00521,3.18183
22927,1.02614,1.13696
22928,1.01981,1.51815
22929,1.01547,2.1872
22930,1.02037,1.65271
22931,1.01543,2.20553
22932,1.01547,2.1872
22933,1.01547,2.1872
22934,1.01545,2.18442
22935,1.08264,0.783975
22936,1.00529,1.9633
22937,1.0053,1.96454
22938,1.00528,1.96197
22939,1.00529,1.9633
22940,1.00507,1.97034
22941,1.00506,1.96906
22942,1.00508,1.97159
22943,1.00249,1.98541
22944,1.00249,1.98421
22945,1.00478,2.01494
22946,1.00479,2.0156
22947,1.0076,1.87691
22948,1.09532,-2.01522
22949,1.09533,-2.01453
22950,1.09504,-0.972142
22951,1.09504,-0.972449
22952,1.09504,-0.971695
22953,0.999662,4.5387
22954,1.0019,4.01422
22955,0.957915,10.4967
22956,0.957888,10.4913
22957,0.957941,10.5015
22958,0.957915,10.4967
22959,0.958341,10.3969
22960,0.958318,10.3923
22961,0.958363,10.4017
22962,0.954251,11.4936
22963,0.957938,10.5874
22964,0.954224,11.4883
22965,0.954277,11.5159
22966,0.954251,11.4936
22967,0.954251,11.4936
22968,0.975599,6.68026
22969,0.975603,6.68072
22970,0.975025,6.58158
22971,0.975029,6.58206
22972,0.975025,6.58158
22973,0.976129,6.89072
22974,1.00613,2.1565
22975,1.00129,1.95371
22976,1.0006,1.99472
22977,1.0574,-5.55618
22978,1.05757,-7.82564
22979,1.05676,-2.0605
22980,1.0674,-6.19764
22981,1.05687,-5.60628
22982,1.0574,-5.55618
22983,1.0574,-5.55618
22984,1.0574,-5.55618
22985,1.1,8.0652
22986,1.1,8.90173
22987,1.09833,7.93118
22988,1.1,8.0652
22989,1.1,8.0652
22990,1.1,8.0652
22991,1.05772,-8.70778
22992,0.974423,-7.61296
22993,1.05854,-8.72625
22994,1.05772,-8.70778
22995,1.05772,-8.70778
22996,1.05772,-8.70778
22997,1.0795,-4.79249
22998,1.07947,-4.83051
22999,1.0795,-4.79249
23000,1.0795,-4.79249
23001,1.07818,-6.53968
23002,1.07057,-8.32904
23003,1.078,-6.64339
23004,1.07818,-6.53968
23005,1.07818,-6.53968
23006,1.07818,-6.53968
23007,1.0951,4.2135
23008,1.09504,2.29131
23009,1.0872,5.8281
23010,1.09527,4.2127
23011,1.0951,4.2135
23012,1.0951,4.2135
23013,1.0951,4.2135
23014,1.0935,2.9378
23015,1.09581,1.79136
23016,1.1,3.58877
23017,1.09477,3.9483
23018,1.1,4.40249
23019,1.09361,2.87926
23020,1.0935,2.9378
23021,1.0935,2.9378
23022,1.0935,2.9378
23023,1.03404,1.0439
23024,1.03561,0.742357
23025,1.03145,0.489868
23026,1.02812,1.12691
23027,1.03573,0.727589
23028,1.03696,1.02267
23029,1.03404,1.0439
23030,1.03561,0.742357
23031,0.94689,10.889
23032,0.956061,10.5004
23033,0.959691,10.1005
23034,0.960032,11.2472
23035,0.953547,11.6682
23036,0.940107,11.4493
23037,0.952568,11.1315
23038,0.956763,10.4629
23039,0.956061,10.5004
23040,0.956061,10.5004
23041,0.956061,10.5004
23042,1.08652,-1.29268
23043,1.0838,-3.4457
23044,1.08138,-5.34775
23045,1.1,0.530721
23046,1.1,-0.602597
23047,1.0936,-1.08202
23048,1.08342,-3.53657
23049,1.0838,-3.4457
23050,1.08839,-1.37438
23051,1.08652,-1.29268
23052,1.0982,-0.89999
23053,1.09746,0.332616
23054,1.09817,-0.907634
23055,1.0982,-0.89999
23056,1.0982,-0.89999
23057,1.0982,-0.89999
23058,1.08748,6.60788
23059,1.0959,6.85024
23060,1.09623,6.92277
23061,1.1,14.6652
23062,1.04817,12.8514
23063,1.08765,6.01989
23064,1.09614,6.87213
23065,1.08748,6.60788
23066,1.0959,6.85024
23067,1.04353,1.13202
23068,1.04995,-1.33222
23069,1.04533,-1.81372
23070,1.02259,4.43246
23071,1.04986,-1.4903
23072,1.04573,1.1581
23073,1.04995,-1.33222
23074,1.04353,1.13202
23075,1.05725,-3.01219
23076,1.05709,-3.19477
23077,1.05732,-3.0093
23078,1.05725,-3.01219
23079,1.05725,-3.01219
23080,1.05725,-3.01219
23081,0.951285,11.0098
23082,0.972943,10.8113
23083,0.972618,10.3583
23084,0.972799,10.7771
23085,0.972943,10.8113
23086,0.950735,10.9958
23087,0.972943,10.8113
23088,1.0572,-5.37664
23089,1.05686,-7.17337
23090,1.05729,-5.34998
23091,1.0572,-5.37664
23092,1.0572,-5.37664
23093,1.0572,-5.37664
23094,1.08789,-2.1645
23095,1.08286,-4.84605
23096,1.07509,-7.52431
23097,1.0732,-1.75258
23098,1.08215,-4.98995
23099,1.08286,-4.84605
23100,1.08286,-4.84605
23101,1.08286,-4.84605
23102,1.08899,1.75964
23103,1.09279,1.10144
23104,1.09406,0.456799
23105,1.08663,2.05542
23106,1.09298,0.852926
23107,1.09042,1.77173
23108,1.09289,1.06673
23109,1.09279,1.10144
23110,1.09279,1.10144
23111,1.09901,2.12347
23112,1.09737,1.81947
23113,1.09955,-0.572949
23114,1.09702,1.80646
23115,1.09737,1.81947
23116,1.09737,1.81947
23117,1.09737,1.81947
23118,0.947431,10.4082
23119,0.957867,10.3204
23120,0.964051,9.49016
23121,0.915924,11.3147
23122,0.935785,10.7784
23123,0.958572,10.3212
23124,0.957867,10.3204
23125,0.957867,10.3204
23126,0.957867,10.3204
23127,1.07684,-5.56119
23128,1.08577,-6.58662
23129,1.09544,-8.09697
23130,1.07654,-5.50715
23131,1.07684,-5.56119
23132,1.07684,-5.56119
23133,1.07684,-5.56119
23134,0.980881,10.3661
23135,0.997509,8.10797
23136,0.960883,11.6585
23137,0.975974,14.3701
23138,0.980629,10.3847
23139,0.980881,10.3661
23140,0.980881,10.3661
23141,0.980881,10.3661
23142,1.09366,-3.52593
23143,1.09009,-4.46078
23144,1.1,1.18782
23145,1.0933,-3.58145
23146,1.09366,-3.52593
23147,1.09366,-3.52593
23148,1.09366,-3.52593
23149,1.09117,1.39228
23150,1.09461,0.989575
23151,1.06894,1.82011
23152,1.0827,1.56054
23153,1.0914,1.39677
23154,1.09117,1.39228
23155,1.09117,1.39228
23156,1.09117,1.39228
23157,1.05607,-5.62342
23158,1.05568,-7.92183
23159,1.05576,-5.11495
23160,1.05581,-4.90962
23161,1.05674,-3.76966
23162,1.05605,-5.63488
23163,1.05607,-5.62342
23164,1.05607,-5.62342
23165,1.05607,-5.62342
23166,0.948639,10.9394
23167,0.966218,10.3301
23168,0.966741,9.50607
23169,0.966354,10.2855
23170,0.949033,10.9402
23171,0.966218,10.3301
23172,0.966218,10.3301
23173,1.09615,5.28895
23174,1.09483,4.01272
23175,1.0963,5.72293
23176,1.09614,5.39654
23177,1.09655,6.16345
23178,1.09633,5.6785
23179,1.09616,5.40806
23180,1.09641,6.17864
23181,1.09617,5.28768
23182,1.09615,5.28895
23183,1.09615,5.28895
23184,1.09615,5.28895
23185,1.07331,-3.24711
23186,1.07398,-5.00162
23187,1.07607,-0.447311
23188,1.07299,-3.30655
23189,1.07331,-3.24711
23190,1.07331,-3.24711
23191,1.07331,-3.24711
23192,1.0648,2.15797
23193,1.06487,0.459569
23194,1.0601,-0.436635
23195,1.05699,0.698257
23196,1.02296,2.30216
23197,1.06564,2.27878
23198,1.0648,2.15797
23199,1.0646,0.328328
23200,1.0648,2.15797
23201,1.0548,-7.51586
23202,1.02213,-6.45872
23203,1.02182,-6.49408
23204,1.0213,-6.74549
23205,1.05478,-7.52577
23206,1.0548,-7.51586
23207,1.0548,-7.51586
23208,1.0548,-7.51586
23209,1.06551,-5.29075
23210,1.06706,-4.13191
23211,1.0665,-4.63066
23212,1.06877,-2.98343
23213,1.06546,-5.30148
23214,1.06551,-5.29075
23215,1.06551,-5.29075
23216,1.06551,-5.29075
23217,1.07087,-6.95659
23218,1.05515,-5.82658
23219,1.07113,-6.98765
23220,1.07087,-6.95659
23221,1.07087,-6.95659
23222,1.07087,-6.95659
23223,0.965448,10.1325
23224,0.964917,9.90706
23225,0.939181,10.4793
23226,0.973383,12.0222
23227,0.972625,11.3754
23228,0.9654,10.1308
23229,0.965448,10.1325
23230,0.965448,10.1325
23231,0.965448,10.1325
23232,0.945759,19.7815
23233,0.987814,30.7406
23234,0.98763,30.9516
23235,0.988015,30.9173
23236,0.98807,30.9272
23237,0.987965,30.9073
23238,0.988015,30.9173
23239,0.985942,30.6599
23240,0.985901,30.6496
23241,0.985985,30.6698
23242,0.988087,30.9518
23243,0.987709,30.7988
23244,1.0163,45.1424
23245,0.952352,19.1693
23246,0.945364,14.0992
23247,0.945285,14.0869
23248,0.945455,14.1132
23249,0.944562,13.0634
23250,0.944478,13.0515
23251,0.942384,14.0785
23252,0.933515,18.0555
23253,0.946386,14.5078
23254,0.933438,18.0413
23255,0.933776,18.1779
23256,0.933515,18.0555
23257,0.933515,18.0555
23258,0.964094,24.6901
23259,1.01315,42.7975
23260,1.01334,42.5452
23261,1.01333,42.5431
23262,1.01335,42.5474
23263,1.01334,42.5452
23264,1.01351,43.0286
23265,1.0135,43.0266
23266,1.01352,43.0307
23267,1.01351,43.0286
23268,0.952388,16.3574
23269,0.980316,32.2652
23270,0.978007,31.6145
23271,0.983058,30.2554
23272,0.98064,32.3153
23273,0.977873,31.5891
23274,0.980316,32.2652
23275,0.977925,31.6031
23276,0.982722,30.2029
23277,0.982659,30.1938
23278,0.982522,30.0999
23279,0.981616,30.2026
23280,0.955022,10.8883
23281,0.951367,11.4293
23282,1.0008,36.0931
23283,1.00078,36.0907
23284,1.00082,36.0951
23285,0.96402,24.032
23286,0.984407,30.8664
23287,0.982671,30.6681
23288,0.982575,30.6533
23289,0.982765,30.6829
23290,0.981441,32.9546
23291,0.98437,31.0402
23292,0.981318,32.939
23293,0.981586,33.0216
23294,0.981441,32.9546
23295,0.982399,30.3058
23296,0.982344,30.2926
23297,0.98246,30.3198
23298,0.982399,30.3058
23299,0.98591,31.707
23300,0.980734,33.363
23301,0.989793,32.1135
23302,0.980624,33.347
23303,0.980992,33.3994
23304,0.980734,33.363
23305,0.984502,31.1418
23306,0.984165,31.095
23307,0.984115,31.0857
23308,0.985877,31.3892
23309,1.01235,45.0833
23310,0.985568,31.028
23311,0.985426,31.0104
23312,0.982212,30.7087
23313,0.98245,30.5277
23314,0.98631,38.9181
23315,0.98446,34.4626
23316,0.985087,31.3491
23317,0.983642,34.1421
23318,0.984344,34.4442
23319,0.989191,39.3168
23320,0.98446,34.4626
23321,0.982629,29.9795
23322,0.982619,29.9779
23323,0.982913,29.3918
23324,0.964148,25.2701
23325,0.964142,25.2691
23326,0.964214,25.2703
23327,0.964358,25.453
23328,0.96435,25.4521
23329,0.964371,25.455
23330,0.984004,30.9222
23331,0.982327,30.4005
23332,0.982273,30.3907
23333,0.982369,30.4111
23334,0.98443,31.1644
23335,0.984386,31.1551
23336,0.984472,31.1742
23337,0.98443,31.1644
23338,0.984007,31.0407
23339,0.983676,31.0165
23340,0.983594,31.0053
23341,0.98402,31.0779
23342,0.984078,31.1195
23343,0.983999,31.1071
23344,0.965804,22.1747
23345,0.965781,22.171
23346,0.965826,22.1784
23347,0.988489,31.5383
23348,0.988457,31.5336
23349,0.991519,32.0188
23350,0.991492,32.0142
23351,0.959003,14.5721
23352,0.970768,15.1971
23353,0.963637,14.1757
23354,0.971034,15.2251
23355,0.970735,15.1902
23356,0.970768,15.1971
23357,0.967014,25.7587
23358,0.971112,26.486
23359,0.971085,26.4814
23360,0.97114,26.4907
23361,0.959396,12.7108
23362,0.997145,32.7709
23363,0.99714,32.7693
23364,0.982877,28.5583
23365,0.982953,28.5714
23366,0.987681,30.7181
23367,0.983796,28.8699
23368,0.987595,30.7056
23369,0.987933,30.7599
23370,0.987681,30.7181
23371,0.980057,28.2165
23372,0.979966,28.205
23373,0.980152,28.2294
23374,0.979353,20.8297
23375,0.979024,20.8305
23376,0.979414,20.8615
23377,0.979007,20.8261
23378,0.979014,20.8336
23379,0.979024,20.8305
23380,0.979225,20.776
23381,1.01098,39.5368
23382,1.00439,43.8355
23383,1.01414,41.894
23384,1.01128,39.3162
23385,1.0043,43.8266
23386,1.00447,43.9819
23387,1.01444,41.79
23388,1.01414,41.894
23389,1.00966,38.8026
23390,1.0096,38.7935
23391,1.00974,38.8132
23392,1.00966,38.8026
23393,1.00831,37.3469
23394,1.00829,37.342
23395,1.00527,36.8339
23396,1.00711,37.1304
23397,0.977171,22.218
23398,0.991413,29.2934
23399,0.991435,29.2974
23400,0.991389,29.2892
23401,0.987886,28.9497
23402,0.987904,28.9541
23403,0.987886,28.9497
23404,0.987866,28.9448
23405,0.988442,25.2251
23406,0.988383,25.2165
23407,0.988501,25.2352
23408,0.988442,25.2251
23409,0.988735,25.5691
23410,0.988687,25.5591
23411,0.986017,26.7566
23412,0.988585,25.4403
23413,0.985961,26.7475
23414,0.986231,26.7835
23415,0.986017,26.7566
23416,0.993426,31.8746
23417,0.997081,29.9633
23418,0.993335,31.8623
23419,0.993699,31.9202
23420,0.993426,31.8746
23421,0.971681,11.1649
23422,0.971737,11.1714
23423,0.971622,11.1576
23424,0.971681,11.1649
23425,0.973556,11.5106
23426,0.968687,11.6817
23427,0.971844,11.3685
23428,0.968643,11.675
23429,0.969293,11.6879
23430,0.968687,11.6817
23431,0.968687,11.6817
23432,0.980693,21.6214
23433,0.980006,21.1344
23434,0.982687,22.389
23435,0.977592,12.6754
23436,0.976174,12.3794
23437,0.976081,12.3588
23438,0.976024,12.4915
23439,0.975905,12.4707
23440,0.972481,15.5853
23441,0.977345,12.9534
23442,0.972704,15.6647
23443,0.972379,15.5643
23444,0.972481,15.5853
23445,0.990191,26.1162
23446,0.993126,26.8581
23447,0.993366,26.9359
23448,0.993463,26.9507
23449,0.993366,26.9359
23450,0.993274,26.9204
23451,0.991745,26.8538
23452,0.993462,26.9147
23453,0.991649,26.839
23454,0.991806,26.8681
23455,0.991745,26.8538
23456,0.987917,23.387
23457,0.987901,23.3848
23458,0.984748,24.5041
23459,0.987689,23.1926
23460,0.984705,24.498
23461,0.98518,24.5371
23462,0.984748,24.5041
23463,0.984748,24.5041
23464,1.04553,40.4441
23465,1.04136,40.1784
23466,1.04138,40.1813
23467,1.03586,39.9245
23468,1.03943,40.1112
23469,1.03581,39.925
23470,1.03584,39.9212
23471,1.03586,39.9245
23472,1.03586,39.9245
23473,0.997272,29.6846
23474,0.997252,29.681
23475,1.00565,32.822
23476,1.00563,32.8188
23477,0.99835,29.4141
23478,1.00661,34.6741
23479,1.00661,34.6729
23480,1.00605,33.4446
23481,1.00604,33.4433
23482,1.00356,33.1421
23483,1.04956,41.1424
23484,1.0495,41.1317
23485,1.04961,41.1519
23486,1.04956,41.1424
23487,1.05011,41.1212
23488,1.06189,44.6022
23489,1.06569,44.2506
23490,1.05315,47.8323
23491,1.05,41.5272
23492,1.05308,47.8214
23493,1.06242,44.6173
23494,1.05337,47.9423
23495,1.06561,44.1695
23496,1.00846,37.0134
23497,1.00844,37.0091
23498,1.00849,37.0172
23499,1.00846,37.0134
23500,1.01243,38.2607
23501,1.01241,38.2567
23502,1.009,37.1818
23503,0.998331,27.9263
23504,0.996933,27.9933
23505,0.996925,27.992
23506,0.992299,21.3804
23507,0.992293,21.3795
23508,0.976257,11.2812
23509,0.976217,11.276
23510,0.974911,11.0787
23511,1.00898,31.3987
23512,1.00896,31.3955
23513,0.99917,29.3449
23514,1.00074,30.0066
23515,1.00072,30.0035
23516,0.988761,18.8439
23517,0.988744,18.8423
23518,0.988777,18.8452
23519,1.02019,38.9411
23520,1.02022,38.9469
23521,1.02015,38.9354
23522,1.02019,38.9411
23523,1.02539,39.5554
23524,1.02536,39.55
23525,1.02542,39.5611
23526,1.02539,39.5554
23527,1.02011,38.9091
23528,1.02014,38.9144
23529,1.02008,38.9038
23530,0.984824,11.9169
23531,0.983479,11.9838
23532,0.983429,11.9769
23533,1.00374,11.8687
23534,0.986435,11.8789
23535,1.00366,11.862
23536,1.0042,11.8693
23537,1.00374,11.8687
23538,1.04489,40.325
23539,1.02415,39.2632
23540,1.0371,40.4992
23541,1.03474,40.6094
23542,1.00896,23.5701
23543,1.00897,23.571
23544,1.00896,23.5701
23545,1.00301,22.715
23546,1.05862,38.9225
23547,1.059,39.4481
23548,1.05899,39.4463
23549,1.06031,39.0444
23550,1.04118,32.6396
23551,1.04112,32.6306
23552,1.0337,31.9797
23553,1.03361,31.9708
23554,1.03378,31.988
23555,1.05491,32.8547
23556,1.04023,35.8069
23557,1.04934,33.3934
23558,1.04016,35.7969
23559,1.04033,35.8688
23560,1.04023,35.8069
23561,1.05643,37.6189
23562,1.05749,37.6849
23563,1.05755,37.6908
23564,1.05749,37.6849
23565,1.05749,37.6849
23566,1.04783,37.9102
23567,1.0556,37.6104
23568,1.04779,37.9035
23569,1.0488,37.9075
23570,1.04783,37.9102
23571,1.04783,37.9102
23572,1.00658,10.8733
23573,1.00648,10.865
23574,1.01301,11.9501
23575,1.00896,11.0453
23576,1.01293,11.9404
23577,1.01335,11.974
23578,1.01301,11.9501
23579,1.00518,10.882
23580,0.996532,11.2397
23581,0.996547,11.2414
23582,1.0399,31.8102
23583,1.0399,31.8093
23584,1.01416,25.0138
23585,1.01513,25.0696
23586,1.00822,26.4157
23587,1.01711,25.2697
23588,1.00818,26.4087
23589,1.00815,26.4513
23590,1.00822,26.4157
23591,1.04553,31.699
23592,1.0455,31.6926
23593,1.04557,31.705
23594,1.04865,31.807
23595,1.04864,31.8037
23596,1.04868,31.81
23597,1.04865,31.807
23598,1.05908,37.0463
23599,1.05909,37.0479
23600,1.05907,37.0446
23601,1.05908,37.0463
23602,1.05772,32.0036
23603,1.05773,32.0056
23604,1.05289,32.0197
23605,1.05287,32.017
23606,1.05302,32.2116
23607,1.053,32.2095
23608,1.06164,37.7224
23609,1.02546,24.7357
23610,1.06764,33.0099
23611,1.0676,33.0057
23612,1.06767,33.0141
23613,1.06775,32.7163
23614,1.06778,32.7202
23615,1.06772,32.7117
23616,1.07074,33.3014
23617,1.07071,33.2968
23618,1.05681,37.448
23619,1.05674,37.4379
23620,1.05688,37.4585
23621,1.05681,37.448
23622,1.0593,38.5603
23623,1.05996,37.9049
23624,1.05923,38.5497
23625,1.05942,38.5913
23626,1.0593,38.5603
23627,1.05676,37.3022
23628,1.05671,37.2927
23629,1.05624,37.5514
23630,1.05617,37.5422
23631,1.05631,37.5615
23632,1.06023,37.5281
23633,1.05995,36.8867
23634,1.06012,37.1771
23635,1.06011,37.1748
23636,1.06013,37.1792
23637,1.06012,37.1771
23638,1.07338,33.5258
23639,1.07484,33.6954
23640,1.07487,33.7007
23641,1.07484,33.6954
23642,1.07484,33.6954
23643,1.06902,35.3662
23644,1.07419,33.7013
23645,1.06912,35.4041
23646,1.06899,35.361
23647,1.06902,35.3662
23648,1.06399,32.106
23649,1.06589,32.0507
23650,1.0725,32.3563
23651,1.06666,32.0752
23652,1.07245,32.3487
23653,1.07306,32.3631
23654,1.0725,32.3563
23655,1.0725,32.3563
23656,1.07178,33.0781
23657,1.07164,33.0634
23658,1.07191,33.0924
23659,1.07178,33.0781
23660,1.07323,32.8639
23661,1.04597,12.1526
23662,1.07386,35.8734
23663,1.07676,34.978
23664,1.07626,32.7767
23665,1.07671,34.9706
23666,1.07635,34.9501
23667,1.07676,34.978
23668,1.07676,34.978
23669,1.07376,32.6151
23670,1.07451,32.3475
23671,1.07635,32.0149
23672,1.07637,32.0174
23673,1.05931,33.9147
23674,1.05929,33.9129
23675,1.05932,33.9164
23676,1.05931,33.9147
23677,1.05869,34.5225
23678,1.05867,34.5208
23679,1.05868,34.5207
23680,1.0587,34.5262
23681,1.0446,12.2931
23682,1.04478,12.3519
23683,1.04476,12.3027
23684,1.04475,12.3001
23685,1.04478,12.3052
23686,1.05405,26.4692
23687,1.05657,26.6718
23688,1.05273,26.4153
23689,1.04891,13.4575
23690,1.0489,13.4556
23691,1.04892,13.4593
23692,1.0748,38.4456
23693,1.07522,38.6039
23694,1.07387,38.3893
23695,1.04578,12.1199
23696,1.04543,12.2872
23697,1.07382,29.2799
23698,1.07238,28.6453
23699,1.07426,32.1114
23700,1.07429,32.1153
23701,1.07422,32.1077
23702,1.07426,32.1114
23703,1.07333,31.3062
23704,1.07602,32.6429
23705,1.07597,32.6335
23706,1.07606,32.6513
23707,1.07602,32.6429
23708,1.07381,31.6542
23709,1.0433,23.8049
23710,1.04329,23.8026
23711,1.07516,31.5061
23712,1.07653,31.2814
23713,1.04089,12.7199
23714,1.04093,12.7256
23715,1.04086,12.7142
23716,1.04089,12.7199
23717,1.03514,13.379
23718,1.04025,12.9938
23719,1.03509,13.373
23720,1.03598,13.392
23721,1.03514,13.379
23722,1.04473,12.7542
23723,1.04469,12.7486
23724,1.07515,31.7403
23725,1.07564,30.0564
23726,1.07562,30.0544
23727,1.07565,30.0584
23728,1.05042,9.54315
23729,1.05116,9.14112
23730,1.04714,13.2253
23731,1.04712,13.2225
23732,1.04557,13.471
23733,1.04728,20.1737
23734,1.04725,20.1672
23735,1.04644,22.4578
23736,1.06187,20.3096
23737,1.06065,21.8394
23738,1.04958,21.4467
23739,1.06061,21.8327
23740,1.0612,21.9792
23741,1.06065,21.8394
23742,1.06276,20.1552
23743,1.07545,30.1962
23744,1.07541,30.1899
23745,1.07549,30.2027
23746,1.07545,30.1962
23747,1.07542,29.9961
23748,1.07546,30.0026
23749,1.07542,29.9961
23750,1.07538,29.9886
23751,1.07928,34.4681
23752,1.07696,30.7665
23753,1.07923,34.4611
23754,1.07957,34.5262
23755,1.07928,34.4681
23756,1.07492,29.8273
23757,1.07489,29.824
23758,1.07493,29.8303
23759,1.07492,29.8273
23760,1.07651,30.3722
23761,1.07652,30.3742
23762,1.07649,30.3703
23763,1.07651,30.3722
23764,1.05784,33.7132
23765,1.06062,32.6323
23766,1.05779,33.7081
23767,1.05798,33.7691
23768,1.05784,33.7132
23769,1.06032,32.2249
23770,1.06028,32.2213
23771,1.06036,32.2286
23772,1.06032,32.2249
23773,1.07361,29.7308
23774,1.07425,29.6763
23775,1.07422,29.6709
23776,1.07428,29.6815
23777,1.07102,29.8751
23778,1.06295,26.511
23779,1.05418,8.48164
23780,1.05416,8.47954
23781,1.05419,8.48378
23782,1.05418,8.48164
23783,1.0567,7.04507
23784,1.06832,27.4418
23785,1.06833,27.4436
23786,1.0683,27.44
23787,1.05121,14.2366
23788,1.0512,14.2351
23789,1.05122,14.2381
23790,1.05121,14.2366
23791,1.05952,30.438
23792,1.06461,27.8947
23793,1.0646,27.8936
23794,1.04865,10.9099
23795,1.04857,10.744
23796,1.04849,10.733
23797,1.04864,10.7557
23798,1.04642,11.2558
23799,1.04635,11.2452
23800,1.04649,11.2673
23801,1.04513,13.6469
23802,1.04512,13.6459
23803,1.04514,13.6479
23804,1.04554,19.2206
23805,1.05258,9.86325
23806,1.06758,27.9794
23807,1.05356,28.2042
23808,1.05852,31.127
23809,1.0585,31.1254
23810,1.05853,31.1284
23811,1.04765,13.7852
23812,1.06792,27.2254
23813,1.06789,27.2208
23814,1.07158,28.0088
23815,1.06745,34.9501
23816,1.06452,32.6168
23817,1.06452,32.6155
23818,1.06453,32.6182
23819,1.04959,15.2862
23820,1.04958,15.2839
23821,1.04391,17.3107
23822,1.05239,28.5278
23823,1.05236,28.5201
23824,1.05243,28.5355
23825,1.05708,30.331
23826,1.0551,29.8487
23827,1.06182,32.0695
23828,1.06178,32.0644
23829,1.06187,32.0745
23830,1.0703,25.9129
23831,1.05228,25.5638
23832,1.05479,9.78682
23833,1.06496,24.3545
23834,1.06492,24.3494
23835,1.065,24.3597
23836,1.06373,24.646
23837,1.06374,24.6488
23838,1.06372,24.6434
23839,1.06373,24.646
23840,1.07455,30.4868
23841,1.07456,30.4887
23842,1.06184,23.8491
23843,1.06181,23.8459
23844,1.06187,23.8521
23845,1.06246,23.4183
23846,1.06262,24.2324
23847,1.06258,24.2295
23848,1.06853,26.0979
23849,1.06864,26.2356
23850,1.0691,25.9168
23851,1.06911,24.6019
23852,1.06741,23.5886
23853,1.06732,23.576
23854,1.0675,23.6011
23855,1.06741,23.5886
23856,1.06598,22.0278
23857,1.06371,28.9701
23858,1.0694,23.8369
23859,1.06361,28.9576
23860,1.06422,29.0554
23861,1.06371,28.9701
23862,1.06371,28.9701
23863,1.06707,24.3291
23864,1.04848,14.5868
23865,1.04846,14.5844
23866,1.0485,14.5896
23867,1.04847,14.6398
23868,1.04857,14.7183
23869,1.04856,14.7157
23870,1.04858,14.721
23871,1.05753,9.85583
23872,1.05722,8.22683
23873,1.05724,8.22917
23874,1.05721,8.2245
23875,1.04029,15.4339
23876,1.04357,16.6282
23877,1.04436,16.2116
23878,1.04349,16.6114
23879,1.04377,16.6551
23880,1.04357,16.6282
23881,1.04357,16.6282
23882,1.04242,16.0381
23883,1.04076,15.4499
23884,1.04087,15.4691
23885,1.04067,15.4317
23886,1.04076,15.4499
23887,1.06488,27.2218
23888,1.0629,23.9037
23889,1.06198,26.5795
23890,1.06661,24.1881
23891,1.06188,26.5626
23892,1.06266,26.6399
23893,1.06198,26.5795
23894,1.06617,24.0601
23895,1.06608,24.0457
23896,1.06625,24.0758
23897,1.06617,24.0601
23898,1.06127,24.0943
23899,1.06645,30.9427
23900,1.06642,30.939
23901,1.05565,26.9186
23902,1.07145,27.1239
23903,1.06779,23.5362
23904,1.06778,23.1693
23905,1.06575,20.1655
23906,1.05609,18.6949
23907,1.06033,19.1054
23908,1.0603,19.1016
23909,1.06036,19.1089
23910,1.05972,19.0145
23911,1.05969,19.0111
23912,1.05974,19.0183
23913,1.05576,11.4857
23914,1.06329,23.1166
23915,1.06336,23.1273
23916,1.06329,23.1166
23917,1.06466,23.0343
23918,1.06367,23.0816
23919,1.06187,22.5066
23920,1.07053,22.6622
23921,1.06737,23.7778
23922,1.06698,21.9402
23923,1.06862,24.2708
23924,1.06206,23.2196
23925,1.06203,23.2151
23926,1.06392,23.2933
23927,1.06396,23.2981
23928,1.07151,24.135
23929,1.06809,23.7389
23930,1.06804,23.7329
23931,1.06301,20.5521
23932,1.06297,20.5465
23933,1.07047,22.107
23934,1.07044,22.1018
23935,1.0532,23.5806
23936,1.06807,23.5983
23937,1.06801,23.5894
23938,1.06814,23.6073
23939,1.06807,23.5983
23940,1.07291,22.8561
23941,1.07296,22.8659
23942,1.06173,23.3315
23943,1.05907,20.4706
23944,1.05891,20.4504
23945,1.05924,20.4908
23946,1.05907,20.4706
23947,1.08281,29.8999
23948,1.07844,26.726
23949,1.06633,23.2049
23950,1.07834,26.7028
23951,1.08514,30.2063
23952,1.07758,26.5308
23953,1.07844,26.726
23954,1.05904,21.1958
23955,1.05044,13.6998
23956,1.05045,13.7012
23957,1.05044,13.6998
23958,1.07176,24.4093
23959,1.07185,24.4251
23960,1.07176,24.4093
23961,1.06763,23.8133
23962,1.07256,25.2017
23963,1.07258,27.5942
23964,1.07,24.5784
23965,1.07243,27.5774
23966,1.07365,27.6946
23967,1.07258,27.5942
23968,1.07258,27.5942
23969,1.05998,26.5857
23970,1.0691,22.7384
23971,1.05981,26.5662
23972,1.06053,26.6949
23973,1.05998,26.5857
23974,1.05998,26.5857
23975,1.06771,22.1574
23976,1.06779,22.1689
23977,1.06641,23.1509
23978,1.06811,23.5218
23979,1.06224,20.7041
23980,1.06127,21.2328
23981,1.06075,20.9053
23982,1.06068,20.8967
23983,1.06509,22.3778
23984,1.07158,22.8462
23985,1.06679,23.4318
23986,1.06662,23.2444
23987,1.06669,23.2563
23988,1.0585,21.9863
23989,1.05583,23.2069
23990,1.05703,18.8053
23991,1.05701,18.8022
23992,1.05986,21.2113
23993,1.0592,18.9596
23994,1.05982,21.2062
23995,1.06018,21.2483
23996,1.05986,21.2113
23997,1.05986,21.2113
23998,1.06975,28.2528
23999,1.06977,28.2546
24000,1.06975,28.2528
24001,1.06973,28.2507
24002,1.0675,27.9164
24003,1.06751,27.9183
24004,1.06633,28.5479
24005,1.07197,31.0469
24006,1.07381,29.6071
24007,1.07512,26.9977
24008,1.07528,27.0207
24009,1.07494,26.9758
24010,1.0747,30.3363
24011,1.0788,27.3029
24012,1.07454,30.3167
24013,1.07552,30.4436
24014,1.0747,30.3363
24015,1.0747,30.3363
24016,1.06327,22.0646
24017,1.06316,22.0491
24018,1.06338,22.0815
24019,1.05979,19.7599
24020,1.07031,19.4437
24021,1.07043,19.4592
24022,1.07031,19.4437
24023,1.06778,19.9188
24024,1.06531,19.6998
24025,1.06514,19.6772
24026,1.06532,19.7238
24027,1.07351,23.3506
24028,1.06802,19.7375
24029,1.07338,23.3263
24030,1.07383,23.4166
24031,1.07351,23.3506
24032,1.07351,23.3506
24033,1.06249,20.7441
24034,1.0803,29.1423
24035,1.0821,26.104
24036,1.07724,21.8037
24037,1.08196,26.0807
24038,1.08197,29.3274
24039,1.0803,29.1423
24040,1.08168,26.0345
24041,1.07098,21.8539
24042,1.07108,21.8704
24043,1.06871,21.9665
24044,1.06697,21.4347
24045,1.07357,22.733
24046,1.06589,20.0813
24047,1.06587,20.0786
24048,1.06594,20.3799
24049,1.06592,20.3773
24050,1.06596,20.3825
24051,1.06678,19.7335
24052,1.0543,18.036
24053,1.06906,31.7884
24054,1.07085,30.6274
24055,1.07035,27.223
24056,1.06958,31.8049
24057,1.07071,30.6024
24058,1.07083,30.6595
24059,1.06906,31.7884
24060,1.07193,27.7153
24061,1.07203,27.7394
24062,1.07179,27.6901
24063,1.07193,27.7153
24064,1.06972,31.9763
24065,1.06894,31.4779
24066,1.07382,27.9948
24067,1.06878,31.4519
24068,1.0689,31.5246
24069,1.06894,31.4779
24070,1.06894,31.4779
24071,1.07322,27.5407
24072,1.04864,15.6909
24073,1.04746,17.5926
24074,1.04874,15.7726
24075,1.0474,17.5847
24076,1.04761,17.6299
24077,1.04746,17.5926
24078,1.04853,15.1831
24079,1.06478,19.1935
24080,1.06614,19.2494
24081,1.06418,19.59
24082,1.05938,19.6206
24083,1.06884,27.6475
24084,1.06297,26.7685
24085,1.06567,26.8294
24086,1.06552,26.8102
24087,1.06087,26.8847
24088,1.06063,26.8683
24089,1.06113,26.9032
24090,1.06087,26.8847
24091,1.06688,20.6
24092,1.05849,20.7064
24093,1.06138,19.2439
24094,1.06157,19.2619
24095,1.07449,25.7491
24096,1.07674,20.8004
24097,1.07427,25.7143
24098,1.07544,25.9176
24099,1.07449,25.7491
24100,1.07449,25.7491
24101,1.0589,19.8437
24102,1.06443,19.7462
24103,1.06437,19.7363
24104,1.05858,19.9352
24105,1.05865,19.9458
24106,1.0585,19.9246
24107,1.05858,19.9352
24108,1.06944,19.4474
24109,1.06585,20.3028
24110,1.05501,22.3526
24111,1.06461,20.2043
24112,1.05577,18.6675
24113,1.05586,18.6758
24114,1.05568,18.6584
24115,1.05596,18.7398
24116,1.05907,21.1371
24117,1.05843,19.0742
24118,1.05902,21.1286
24119,1.05956,21.2095
24120,1.05907,21.1371
24121,1.05537,11.9848
24122,1.05535,11.9818
24123,1.05539,11.9878
24124,1.06155,19.1059
24125,1.0637,19.8169
24126,1.0697,25.5318
24127,1.06966,25.5242
24128,1.06974,25.5393
24129,1.06859,25.4279
24130,1.06591,23.2729
24131,1.06748,23.5871
24132,1.07206,24.5265
24133,1.07624,30.4428
24134,1.0811,28.5813
24135,1.07729,25.1583
24136,1.07606,30.4204
24137,1.08023,28.5471
24138,1.07705,30.5498
24139,1.07624,30.4428
24140,1.06326,19.1762
24141,1.06317,19.1635
24142,1.06383,19.8738
24143,1.06375,19.8603
24144,1.06391,19.8864
24145,1.05915,20.179
24146,1.05905,20.1665
24147,1.05924,20.1916
24148,1.07127,20.0054
24149,1.07748,24.8615
24150,1.06969,21.8277
24151,1.0698,21.8419
24152,1.07228,23.1253
24153,1.06681,22.5581
24154,1.0669,22.5716
24155,1.0611,19.1392
24156,1.06126,19.1572
24157,1.0611,19.1392
24158,1.06331,20.763
24159,1.06776,19.637
24160,1.06056,19.5011
24161,1.06048,19.4841
24162,1.06066,19.5198
24163,1.07113,19.3889
24164,1.06697,19.0242
24165,1.06689,19.0127
24166,1.06704,19.0354
24167,1.06697,19.0242
24168,1.07038,19.5503
24169,1.06728,19.229
24170,1.06716,19.2108
24171,1.06741,19.2481
24172,1.06728,19.229
24173,1.06818,19.69
24174,1.06832,19.7068
24175,1.07326,19.5418
24176,1.0617,19.8112
24177,1.0616,19.7915
24178,1.06181,19.8312
24179,1.07141,19.61
24180,1.07138,19.6046
24181,1.07145,19.6154
24182,1.06832,19.4946
24183,1.0682,19.476
24184,1.06848,19.5145
24185,1.06832,19.4946
24186,1.06667,19.5295
24187,1.06655,19.512
24188,1.06679,19.5477
24189,1.06667,19.5295
24190,1.06081,20.7702
24191,1.06753,19.6098
24192,1.06693,20.1601
24193,1.07001,20.5137
24194,1.06986,20.4899
24195,1.07164,20.6078
24196,1.08279,29.8662
24197,1.07795,26.6006
24198,1.07137,21.9267
24199,1.07671,26.4871
24200,1.08264,29.8461
24201,1.08461,30.073
24202,1.08279,29.8662
24203,1.06961,24.7624
24204,1.07328,21.1683
24205,1.0693,24.7233
24206,1.07074,24.8822
24207,1.06961,24.7624
24208,1.06961,24.7624
24209,1.06632,19.6256
24210,1.06649,19.6513
24211,1.06775,19.5475
24212,1.06749,19.5094
24213,1.08031,29.1592
24214,1.08082,24.4586
24215,1.07525,19.8078
24216,1.07973,24.3546
24217,1.08058,24.4238
24218,1.08082,24.4586
24219,1.08208,29.3857
24220,1.07467,24.2371
24221,1.07146,20.1903
24222,1.07442,24.2021
24223,1.07576,24.3781
24224,1.07467,24.2371
24225,1.06196,19.3051
24226,1.06571,19.0723
24227,1.07035,18.9368
24228,1.068,18.9012
24229,1.06129,20.5434
24230,1.06104,19.3028
24231,1.06095,19.2816
24232,1.06113,19.322
24233,1.06381,19.5931
24234,1.07696,21.1178
24235,1.07688,21.1116
24236,1.07705,21.1249
24237,1.07696,21.1178
24238,1.07535,20.9493
24239,1.07531,20.9418
24240,1.07539,20.9566
24241,1.07436,20.5612
24242,1.0743,20.5538
24243,1.07088,28.0201
24244,1.07074,27.9968
24245,1.07104,28.0436
24246,1.0793,30.1648
24247,1.07711,26.7657
24248,1.07916,30.1417
24249,1.07987,30.2511
24250,1.0793,30.1648
24251,1.0793,30.1648
24252,1.06883,27.2481
24253,1.07182,27.2304
24254,1.07161,27.2062
24255,1.07495,29.5736
24256,1.0742,29.7158
24257,1.07426,29.7281
24258,1.07411,29.7031
24259,1.0742,29.7158
24260,1.06245,19.063
24261,1.06237,19.0524
24262,1.06251,19.0722
24263,1.06451,18.771
24264,1.06446,18.7613
24265,1.06457,18.7811
24266,1.06429,18.9106
24267,1.06421,18.9012
24268,1.06754,19.3591
24269,1.07125,19.4384
24270,1.06549,19.6265
24271,1.06535,19.6088
24272,1.06549,19.8115
24273,1.06536,19.7944
24274,1.06969,19.5234
24275,1.06793,19.4953
24276,1.06787,19.4873
24277,1.06786,19.4871
24278,1.07432,21.0349
24279,1.07441,21.0427
24280,1.07432,21.0349
24281,1.07432,21.0349
24282,1.07312,26.3718
24283,1.0676,30.6081
24284,1.07701,27.527
24285,1.06844,30.6933
24286,1.06743,30.5869
24287,1.0676,30.6081
24288,1.0676,30.6081
24289,1.0742,27.3705
24290,1.07404,27.3513
24291,1.07435,27.3925
24292,1.07516,27.2245
24293,1.07504,27.202
24294,1.07528,27.2485
24295,1.0759,27.8588
24296,1.07,19.4487
24297,1.06913,18.1421
24298,1.06931,18.1697
24299,1.04945,25.1576
24300,1.07268,20.192
24301,1.04919,25.1304
24302,1.0506,25.2672
24303,1.04945,25.1576
24304,1.04945,25.1576
24305,1.0603,25.731
24306,1.07021,19.877
24307,1.06012,25.7059
24308,1.06024,25.7214
24309,1.06156,25.8606
24310,1.0603,25.731
24311,1.08009,23.8645
24312,1.0718,19.5556
24313,1.07982,23.8386
24314,1.07929,23.9834
24315,1.08009,23.8645
24316,1.08009,23.8645
24317,1.04591,17.5971
24318,1.04707,16.0816
24319,1.04704,16.0771
24320,1.0464,16.3383
24321,1.07759,27.3679
24322,1.07836,24.8276
24323,1.0782,27.4544
24324,1.07747,27.3465
24325,1.07759,27.3679
24326,1.0786,23.6717
24327,1.06489,23.8962
24328,1.06471,23.8738
24329,1.0651,23.9208
24330,1.06818,23.8758
24331,1.07361,24.8276
24332,1.07622,27.9683
24333,1.06915,27.565
24334,1.07183,28.0419
24335,1.07311,31.5546
24336,1.07701,28.1452
24337,1.07297,31.5385
24338,1.07378,31.6538
24339,1.07311,31.5546
24340,1.07343,21.8538
24341,1.07334,21.8424
24342,1.07352,21.8651
24343,1.07343,21.8538
24344,1.07407,21.5723
24345,1.06599,23.2796
24346,1.06605,23.2916
24347,1.06599,23.2796
24348,1.06741,22.2081
24349,1.06734,22.1965
24350,1.06746,22.2192
24351,1.06741,22.2081
24352,1.07232,19.0725
24353,1.07241,19.0887
24354,1.07222,19.055
24355,1.06741,18.931
24356,1.06988,19.0013
24357,1.06975,18.9842
24358,1.07001,19.0189
24359,1.07008,18.4571
24360,1.07,18.4395
24361,1.07017,18.4748
24362,1.06741,19.5337
24363,1.06411,19.2062
24364,1.06398,19.1898
24365,1.06831,19.6505
24366,1.0739,23.6146
24367,1.07437,20.0697
24368,1.07379,23.6007
24369,1.07473,23.7085
24370,1.0739,23.6146
24371,1.06723,19.4269
24372,1.0668,19.5485
24373,1.06707,19.0889
24374,1.07205,19.4135
24375,1.07197,19.4015
24376,1.07212,19.425
24377,1.07205,19.4135
24378,1.07512,23.9492
24379,1.07492,18.8748
24380,1.07481,23.9158
24381,1.07614,24.0748
24382,1.07512,23.9492
24383,1.07512,23.9492
24384,1.06844,18.6586
24385,1.06686,18.8859
24386,1.06352,18.5815
24387,1.06319,18.5407
24388,1.0641,19.4632
24389,1.06389,19.4416
24390,1.06429,19.4819
24391,1.07311,20.0058
24392,1.07732,25.2064
24393,1.07522,24.0099
24394,1.07381,19.6014
24395,1.07709,25.1707
24396,1.07891,25.452
24397,1.07488,23.8939
24398,1.07522,24.0099
24399,1.07337,19.791
24400,1.06874,22.6768
24401,1.06998,23.0434
24402,1.06605,17.8412
24403,1.06722,21.0528
24404,1.06293,21.2724
24405,1.07491,27.3424
24406,1.07128,26.1355
24407,1.0712,26.1257
24408,1.07136,26.1465
24409,1.07128,26.1355
24410,1.07481,26.5312
24411,1.07475,26.5218
24412,1.07585,27.4305
24413,1.07577,27.4208
24414,1.07293,19.286
24415,1.07079,19.0581
24416,1.07083,19.0677
24417,1.06521,18.9329
24418,1.07003,21.2769
24419,1.07014,21.2911
24420,1.06991,21.262
24421,1.07003,21.2769
24422,1.07363,21.3013
24423,1.0661,19.7403
24424,1.06603,19.7268
24425,1.05199,18.1691
24426,1.06943,24.5075
24427,1.06941,24.5048
24428,1.06945,24.5104
24429,1.06789,24.9682
24430,1.06787,24.9655
24431,1.06791,24.9711
24432,1.06933,19.0765
24433,1.06644,19.1539
24434,1.069,18.2786
24435,1.0659,18.3715
24436,1.05424,18.4294
24437,1.05425,18.4317
24438,1.05423,18.4271
24439,1.05424,18.4294
24440,1.05501,18.2026
24441,1.06607,18.6979
24442,1.06601,18.6888
24443,1.06405,18.5037
24444,1.07235,18.5775
24445,1.07228,18.5674
24446,1.07242,18.5872
24447,1.07002,19.4975
24448,1.06602,18.3606
24449,1.06587,18.3387
24450,1.06616,18.3814
24451,1.06602,18.3606
24452,1.07139,18.03
24453,1.07132,18.0198
24454,1.07351,19.9402
24455,1.07148,19.1069
24456,1.07155,19.1187
24457,1.05623,11.6758
24458,1.04609,15.9897
24459,1.04607,15.9878
24460,1.0461,15.9916
24461,1.04793,15.0424
24462,1.04792,15.0415
24463,1.06777,18.5795
24464,1.06759,18.5528
24465,1.06826,19.144
24466,1.06887,18.7606
24467,1.06552,18.8526
24468,1.06348,19.0872
24469,1.07274,18.6083
24470,1.07284,18.6285
24471,1.07044,18.3071
24472,1.07062,18.3375
24473,1.07025,18.2776
24474,1.06953,18.1895
24475,1.06966,18.2091
24476,1.07394,19.1125
24477,1.07152,23.1104
24478,1.07477,19.2577
24479,1.07138,23.0908
24480,1.07215,23.1937
24481,1.07152,23.1104
24482,1.06907,20.3268
24483,1.06887,20.308
24484,1.074,20.3338
24485,1.07386,20.312
24486,1.07413,20.3568
24487,1.074,20.3338
24488,1.06927,18.2499
24489,1.06579,18.9225
24490,1.06561,18.9033
24491,1.06448,19.3994
24492,1.07244,19.0491
24493,1.07231,19.0264
24494,1.07917,19.991
24495,1.07895,19.9694
24496,1.07832,20.0248
24497,1.07917,19.991
24498,1.06365,18.5743
24499,1.06344,18.5545
24500,1.06386,18.597
24501,1.06365,18.5743
24502,1.07615,21.7979
24503,1.07612,21.7952
24504,1.06848,22.576
24505,1.06846,22.5719
24506,1.0685,22.5804
24507,1.07303,19.6275
24508,1.0721,19.3804
24509,1.07111,18.4281
24510,1.07101,18.4125
24511,1.07143,18.6775
24512,1.07154,18.6929
24513,1.07133,18.6621
24514,1.07177,21.1441
24515,1.07416,25.1889
24516,1.07276,20.9467
24517,1.07473,25.3025
24518,1.07395,25.1653
24519,1.07416,25.1889
24520,1.07416,25.1889
24521,1.06571,19.389
24522,1.06551,19.371
24523,1.07189,20.7117
24524,1.07173,20.6953
24525,1.07169,18.5524
24526,1.07275,19.4549
24527,1.07268,19.4452
24528,1.07281,19.4641
24529,1.06635,18.4329
24530,1.06988,19.4071
24531,1.06406,18.9674
24532,1.07342,20.938
24533,1.06777,18.8667
24534,1.06986,19.7699
24535,1.06974,19.7484
24536,1.06999,19.7901
24537,1.07384,20.6195
24538,1.07397,20.6384
24539,1.07408,26.0437
24540,1.07686,26.5731
24541,1.07665,26.241
24542,1.0766,26.2322
24543,1.0767,26.25
24544,1.05245,18.5257
24545,1.07505,18.3282
24546,1.07515,18.3376
24547,1.07971,23.5949
24548,1.07978,23.6014
24549,1.06939,18.0472
24550,1.06934,18.0359
24551,1.06943,18.0582
24552,1.06853,17.9
24553,1.06877,19.0491
24554,1.07196,18.5205
24555,1.07285,20.0337
24556,1.073,20.0604
24557,1.07203,19.8865
24558,1.07212,19.9026
24559,1.07195,19.8706
24560,1.07203,19.8865
24561,1.07087,19.2537
24562,1.07077,19.2402
24563,1.07095,19.2682
24564,1.07087,19.2537
24565,1.07219,19.0367
24566,1.07063,18.9137
24567,1.07051,18.9033
24568,1.06827,18.9145
24569,1.0682,18.9027
24570,1.06833,18.9248
24571,1.07114,19.5297
24572,1.07109,19.5175
24573,1.07121,19.5406
24574,1.07114,19.5297
24575,1.06581,18.0881
24576,1.06864,18.7374
24577,1.06585,17.9894
24578,1.06568,17.972
24579,1.06613,24.9769
24580,1.07159,19.1361
24581,1.06582,24.9399
24582,1.06649,25.1483
24583,1.06613,24.9769
24584,1.06676,18.5378
24585,1.07337,20.577
24586,1.07326,20.5625
24587,1.07164,22.1006
24588,1.07152,22.0845
24589,1.07177,22.1167
24590,1.07164,22.1006
24591,1.06668,21.3067
24592,1.07359,22.0298
24593,1.07369,22.0461
24594,1.07273,18.6489
24595,1.0667,18.5299
24596,1.05289,18.1076
24597,1.05186,18.0382
24598,1.05192,18.0495
24599,1.05179,18.0269
24600,1.05145,18.0787
24601,1.05136,18.0688
24602,1.05155,18.0884
24603,1.05145,18.0787
24604,1.05092,17.9874
24605,1.05102,17.9977
24606,1.06679,19.0399
24607,1.06831,19.2166
24608,1.06359,18.813
24609,1.0636,18.8165
24610,1.04784,14.745
24611,1.04781,14.7424
24612,1.04699,15.0169
24613,1.047,15.0185
24614,1.04698,15.0153
24615,1.0715,19.3126
24616,1.07218,18.5209
24617,1.07212,18.5119
24618,1.06972,19.1954
24619,1.06966,19.186
24620,1.07178,19.4778
24621,1.07172,19.469
24622,1.07184,19.4873
24623,1.06686,19.0012
24624,1.06682,18.9925
24625,1.0669,19.0108
24626,1.06736,19.1541
24627,1.0673,19.1455
24628,1.06744,19.1631
24629,1.0658,24.7595
24630,1.06749,25.3198
24631,1.07477,26.1999
24632,1.07469,26.1883
24633,1.07484,26.2109
24634,1.07261,26.511
24635,1.07258,18.8925
24636,1.07155,18.5156
24637,1.07115,19.1765
24638,1.06679,18.3796
24639,1.06552,18.4509
24640,1.06871,18.1093
24641,1.06863,18.0915
24642,1.0688,18.126
24643,1.06492,18.8926
24644,1.06981,17.897
24645,1.07892,20.7084
24646,1.07482,19.5862
24647,1.07476,19.5787
24648,1.07371,18.2696
24649,1.07362,18.255
24650,1.07377,18.2825
24651,1.0739,18.0814
24652,1.06941,18.606
24653,1.06812,18.7324
24654,1.04798,17.8762
24655,1.0485,17.8335
24656,1.04485,17.4287
24657,1.06451,23.2509
24658,1.05554,21.5785
24659,1.05065,18.5421
24660,1.06432,23.224
24661,1.06593,23.3883
24662,1.06451,23.2509
24663,1.05467,21.4963
24664,1.07291,18.2811
24665,1.07267,18.1213
24666,1.07276,18.1361
24667,1.07507,22.1773
24668,1.07131,18.3154
24669,1.07488,22.1527
24670,1.0744,22.251
24671,1.07507,22.1773
24672,1.07507,22.1773
24673,1.05133,18.065
24674,1.05126,18.0542
24675,1.0515,18.0746
24676,1.0492,18.4141
24677,1.04909,18.402
24678,1.0493,18.4244
24679,1.04805,17.9881
24680,1.04593,17.3764
24681,1.07119,20.0074
24682,1.07107,19.9828
24683,1.07135,20.032
24684,1.07119,20.0074
24685,1.06754,18.0027
24686,1.06733,17.9747
24687,1.07199,18.0587
24688,1.07216,18.0783
24689,1.06598,18.7806
24690,1.06576,18.7543
24691,1.05372,18.1963
24692,1.04266,17.9156
24693,1.04888,18.0331
24694,1.04885,18.0282
24695,1.04891,18.0379
24696,1.07293,18.2903
24697,1.07541,23.5002
24698,1.07643,18.4887
24699,1.07529,23.4862
24700,1.07614,23.5956
24701,1.07541,23.5002
24702,1.07541,23.5002
24703,1.0738,19.1333
24704,1.0737,19.1168
24705,1.07388,19.1491
24706,1.0738,19.1333
24707,1.07135,18.8017
24708,1.07129,18.7866
24709,1.07142,18.8168
24710,1.07135,18.8017
24711,1.07089,19.5221
24712,1.06938,22.6459
24713,1.07229,19.6519
24714,1.06987,22.7121
24715,1.06929,22.6342
24716,1.06938,22.6459
24717,1.06938,22.6459
24718,1.07184,19.6969
24719,1.07191,19.7075
24720,1.07176,19.6855
24721,1.07205,19.7898
24722,1.072,19.7775
24723,1.07211,19.8012
24724,1.04506,17.6093
24725,1.04495,17.5939
24726,1.04518,17.6259
24727,1.04807,18.6329
24728,1.0492,18.4655
24729,1.04931,18.4819
24730,1.04977,17.8674
24731,1.07519,26.2969
24732,1.07515,26.293
24733,1.07523,26.3016
24734,1.04869,17.9412
24735,1.0519,17.9944
24736,1.04897,17.9142
24737,1.05318,17.9334
24738,1.04736,15.2888
24739,1.07046,19.1047
24740,1.07091,24.5956
24741,1.07344,19.0146
24742,1.07077,24.5728
24743,1.07086,24.5879
24744,1.07287,24.6785
24745,1.07091,24.5956
24746,1.0707,17.9627
24747,1.06713,18.4288
24748,1.0413,17.167
24749,1.05029,21.4439
24750,1.05391,18.9596
24751,1.05018,21.4252
24752,1.05109,21.5334
24753,1.05029,21.4439
24754,1.05029,21.4439
24755,1.05117,18.5924
24756,1.0511,18.5831
24757,1.06798,18.0075
24758,1.06743,17.9179
24759,1.0677,17.9647
24760,1.06895,18.4319
24761,1.06655,18.0343
24762,1.07222,18.0351
24763,1.06631,18.2199
24764,1.06538,17.893
24765,1.06551,17.9137
24766,1.07367,18.401
24767,1.07157,18.5518
24768,1.06301,18.7323
24769,1.06291,18.7175
24770,1.06311,18.7467
24771,1.06936,19.2525
24772,1.06924,19.2373
24773,1.06009,21.4936
24774,1.068,19.1599
24775,1.06001,21.4799
24776,1.06054,21.5308
24777,1.06009,21.4936
24778,1.06706,22.173
24779,1.06687,19.2004
24780,1.06731,22.228
24781,1.06699,22.1598
24782,1.06706,22.173
24783,1.06706,22.173
24784,1.07321,27.2388
24785,1.04914,18.4319
24786,1.04906,18.4176
24787,1.04925,18.4479
24788,1.04914,18.4319
24789,1.03594,18.0366
24790,1.03582,18.0191
24791,1.04353,17.2363
24792,1.05039,18.2255
24793,1.05031,18.212
24794,1.05048,18.2388
24795,1.04892,17.6073
24796,1.04887,17.599
24797,1.04898,17.6164
24798,1.03829,15.5516
24799,1.0357,15.6548
24800,1.03558,15.6361
24801,1.03582,15.6721
24802,1.04075,18.6477
24803,1.04611,18.4243
24804,1.04528,16.227
24805,1.04601,18.4052
24806,1.04122,18.6688
24807,1.04621,18.4498
24808,1.04611,18.4243
24809,1.04137,15.3093
24810,1.08114,25.5125
24811,1.08054,26.0093
24812,1.04494,17.9719
24813,1.04558,17.6351
24814,1.04577,17.5305
24815,1.08134,23.7509
24816,1.08148,23.7684
24817,1.07865,22.6952
24818,1.07853,22.6758
24819,1.07574,21.9673
24820,1.08095,26.9147
24821,1.08272,23.5131
24822,1.08083,26.8941
24823,1.08206,27.0335
24824,1.08095,26.9147
24825,1.08239,24.5416
24826,1.08556,24.8187
24827,1.08032,24.1332
24828,1.08043,24.147
24829,1.08032,24.1332
24830,1.07494,24.9743
24831,1.08231,21.0795
24832,1.07478,24.9523
24833,1.07485,24.9661
24834,1.07629,25.06
24835,1.07494,24.9743
24836,1.06922,21.1194
24837,1.06938,21.1458
24838,1.07032,21.1004
24839,1.07015,21.0748
24840,1.07645,21.38
24841,1.09364,32.4961
24842,1.08609,30.4717
24843,1.08067,26.9843
24844,1.09338,32.442
24845,1.08556,30.4133
24846,1.08609,30.4717
24847,1.08609,30.4717
24848,1.07825,26.4336
24849,1.07807,26.403
24850,1.07844,26.4612
24851,1.07825,26.4336
24852,1.06623,24.4984
24853,1.06607,24.4754
24854,1.06736,24.4492
24855,1.0672,24.427
24856,1.06754,24.4747
24857,1.06905,22.5064
24858,1.07582,18.4426
24859,1.07042,22.6047
24860,1.06878,22.4745
24861,1.06905,22.5064
24862,1.06905,22.5064
24863,1.06681,18.4818
24864,1.06671,18.4621
24865,1.06692,18.5017
24866,1.06681,18.4818
24867,1.06774,18.3387
24868,1.07018,18.7128
24869,1.06996,18.6867
24870,1.07041,18.7405
24871,1.06818,19.001
24872,1.06806,18.9791
24873,1.06829,19.022
24874,1.06818,19.001
24875,1.06729,18.3291
24876,1.06942,18.7797
24877,1.06725,18.9762
24878,1.0671,18.9574
24879,1.06742,18.9963
24880,1.06725,18.9762
24881,1.06665,19.0279
24882,1.05261,21.6193
24883,1.04815,18.9204
24884,1.05244,21.5987
24885,1.05365,21.6968
24886,1.05261,21.6193
24887,1.05261,21.6193
24888,1.04523,17.3739
24889,1.04806,17.3884
24890,1.04795,17.3671
24891,1.04816,17.4097
24892,1.0433,17.3671
24893,1.05094,20.1868
24894,1.0483,17.5163
24895,1.05126,20.2608
24896,1.0506,20.1506
24897,1.05094,20.1868
24898,1.05094,20.1868
24899,1.07552,23.2377
24900,1.06851,18.6554
24901,1.07535,23.2117
24902,1.07636,23.3574
24903,1.07552,23.2377
24904,1.07552,23.2377
24905,1.07201,18.0044
24906,1.07445,23.4448
24907,1.07392,18.9141
24908,1.07522,23.5302
24909,1.07431,23.4204
24910,1.07445,23.4448
24911,1.07344,18.1129
24912,1.07375,18.8133
24913,1.06921,17.9334
24914,1.06904,17.9121
24915,1.07053,18.3007
24916,1.07157,18.7585
24917,1.07382,25.0201
24918,1.07281,23.1069
24919,1.07465,19.6038
24920,1.07265,23.0848
24921,1.07252,23.0696
24922,1.07281,23.1069
24923,1.07281,23.1069
24924,1.07222,18.8304
24925,1.04525,20.013
24926,1.04622,17.4502
24927,1.04511,19.9913
24928,1.04518,20.0047
24929,1.04579,20.0843
24930,1.04026,17.6451
24931,1.04948,17.5417
24932,1.04789,18.5297
24933,1.048,18.5492
24934,1.04789,18.5297
24935,1.04778,18.5104
24936,1.04327,17.0484
24937,1.04311,17.0334
24938,1.04972,18.325
24939,1.04128,17.1892
24940,1.04971,18.3334
24941,1.04178,15.7549
24942,1.03657,15.427
24943,1.03755,15.4075
24944,1.03737,15.3892
24945,1.04608,19.0822
24946,1.04754,16.326
24947,1.04598,19.0645
24948,1.04661,19.127
24949,1.04608,19.0822
24950,1.04676,17.3588
24951,1.04662,17.3331
24952,1.04692,17.3857
24953,1.04654,17.7845
24954,1.03957,17.5077
24955,1.05215,20.8938
24956,1.04773,18.0603
24957,1.052,20.8703
24958,1.05263,20.9746
24959,1.05215,20.8938
24960,1.05215,20.8938
24961,1.06581,22.2605
24962,1.07638,18.2207
24963,1.06564,22.232
24964,1.06687,22.3284
24965,1.06581,22.2605
24966,1.06581,22.2605
24967,1.0725,18.1185
24968,1.07234,18.0902
24969,1.07264,18.1492
24970,1.08526,26.2006
24971,1.07876,24.0612
24972,1.07742,18.9126
24973,1.07751,24.0501
24974,1.07856,24.0323
24975,1.07876,24.0612
24976,1.0847,26.367
24977,1.07371,23.7959
24978,1.07656,18.9173
24979,1.07348,23.7654
24980,1.07365,23.7896
24981,1.07484,23.9102
24982,1.07371,23.7959
24983,1.08225,23.3326
24984,1.07142,19.337
24985,1.08203,23.3018
24986,1.0806,23.4618
24987,1.08225,23.3326
24988,1.08225,23.3326
24989,1.04532,17.4335
24990,1.0408,17.269
24991,1.04069,17.2518
24992,1.04596,17.6355
24993,1.04392,17.5587
24994,1.04374,17.542
24995,1.04411,17.5755
24996,1.07825,28.8601
24997,1.05202,15.6494
24998,1.05185,15.575
24999,1.05207,14.7304
25000,1.05205,14.7267
25001,1.08124,23.1985
25002,1.08477,23.7885
25003,1.08471,23.7793
25004,1.07512,21.6241
25005,1.05028,17.9431
25006,1.0504,17.963
25007,1.06222,24.155
25008,1.05669,21.4354
25009,1.05381,18.2444
25010,1.06419,24.3347
25011,1.06222,24.155
25012,1.05653,21.4097
25013,1.05528,21.3526
25014,1.04559,17.282
25015,1.04548,17.2626
25016,1.04792,18.1628
25017,1.04785,18.1455
25018,1.07225,24.9089
25019,1.08451,26.7154
25020,1.08361,26.2984
25021,1.07538,25.3557
25022,1.07528,25.3462
25023,1.04365,17.0827
25024,1.03811,17.6255
25025,1.04805,17.5104
25026,1.04797,17.4997
25027,1.0418,17.2532
25028,1.04193,17.2701
25029,1.04169,17.2362
25030,1.04668,17.4188
25031,1.04682,17.4315
25032,1.04668,17.4188
25033,1.04678,17.5015
25034,1.0464,17.7478
25035,1.04788,17.5009
25036,1.04777,17.486
25037,1.03768,15.0062
25038,1.03758,14.9915
25039,1.0375,15.1747
25040,1.03737,15.1599
25041,1.03978,15.5144
25042,1.04828,17.3895
25043,1.04744,15.7252
25044,1.0482,17.3739
25045,1.04844,17.4273
25046,1.04828,17.3895
25047,1.07058,17.8604
25048,1.05106,20.3841
25049,1.04665,17.9994
25050,1.05085,20.3619
25051,1.05145,20.4381
25052,1.05106,20.3841
25053,1.05106,20.3841
25054,1.04171,17.2094
25055,1.04271,17.031
25056,1.04254,17.0109
25057,1.04173,17.2162
25058,1.04151,17.1808
25059,1.07179,18.8556
25060,1.07164,18.8346
25061,1.07565,18.8561
25062,1.07248,18.1105
25063,1.06879,19.3161
25064,1.04293,17.5901
25065,1.04282,17.5727
25066,1.04657,17.6195
25067,1.04644,17.6045
25068,1.04698,17.784
25069,1.04681,17.7671
25070,1.04714,17.8014
25071,1.04698,17.784
25072,1.07168,22.223
25073,1.07153,22.2063
25074,1.07181,22.2395
25075,1.07756,23.6273
25076,1.07763,23.6387
25077,1.08003,21.1
25078,1.07991,21.0862
25079,1.08016,21.1121
25080,1.07709,23.475
25081,1.07698,23.4589
25082,1.07208,24.909
25083,1.06341,22.5726
25084,1.05037,18.2283
25085,1.06332,22.5598
25086,1.07359,25.0737
25087,1.07208,24.909
25088,1.06287,22.4997
25089,1.04982,17.7302
25090,1.04977,17.7191
25091,1.04988,17.7396
25092,1.05087,17.9745
25093,1.06836,19.9891
25094,1.07482,19.5694
25095,1.04852,18.6142
25096,1.04709,18.4335
25097,1.04647,18.3028
25098,1.04794,18.109
25099,1.04804,18.1257
25100,1.04787,18.0926
25101,1.06467,24.4576
25102,1.06455,24.4359
25103,1.06481,24.4794
25104,1.06467,24.4576
25105,1.08326,31.2122
25106,1.08746,27.7011
25107,1.08309,31.1908
25108,1.08384,31.2947
25109,1.08326,31.2122
25110,1.07038,24.9215
25111,1.06919,24.9274
25112,1.08315,26.8036
25113,1.06855,18.7346
25114,1.06845,18.7196
25115,1.06866,18.7506
25116,1.07133,18.9023
25117,1.07483,19.2814
25118,1.07561,24.7121
25119,1.07786,23.7234
25120,1.08014,20.2671
25121,1.07768,23.7105
25122,1.07771,23.7011
25123,1.07786,23.7234
25124,1.07541,24.8109
25125,1.08391,25.9127
25126,1.0839,25.9098
25127,1.08364,26.0909
25128,1.08421,25.7831
25129,1.08423,25.7858
25130,1.04704,17.4754
25131,1.04708,17.4797
25132,1.04701,17.4711
25133,1.04704,17.4754
25134,1.04647,17.6802
25135,1.04645,17.6775
25136,1.0465,17.6833
25137,1.04647,17.6802
25138,1.0802,26.6358
25139,1.08023,26.6406
25140,1.07938,26.634
25141,1.08566,27.3332
25142,1.04131,17.2231
25143,1.04121,16.7808
25144,1.04102,16.7554
25145,1.04166,17.7327
25146,1.04162,17.7254
25147,1.04026,17.4855
25148,1.04031,17.4932
25149,1.03986,17.4207
25150,1.08178,24.4042
25151,1.0854,25.4473
25152,1.08543,25.4502
25153,1.07782,21.8719
25154,1.07781,21.8701
25155,1.08094,27.8201
25156,1.08093,27.8182
25157,1.08096,27.8223
25158,1.08094,27.8201
25159,1.07912,27.9721
25160,1.07911,27.97
25161,1.07914,27.9741
25162,1.06738,18.1004
25163,1.06728,17.9411
25164,1.06735,17.9518
25165,1.0672,17.9297
25166,1.04166,17.1961
25167,1.04178,17.2155
25168,1.04166,17.1961
25169,1.04153,17.1798
25170,1.04144,16.798
25171,1.04127,16.7718
25172,1.04163,16.8256
25173,1.04222,17.3304
25174,1.04203,17.4634
25175,1.05372,12.2119
25176,1.05379,12.2225
25177,1.05365,12.2023
25178,1.05526,13.14
25179,1.05445,12.4517
25180,1.05519,13.1312
25181,1.05539,13.1626
25182,1.05526,13.14
25183,1.05526,13.14
25184,1.05384,12.3745
25185,1.06373,17.9618
25186,1.06376,17.9649
25187,1.06176,18.0345
25188,1.03861,17.535
25189,1.03883,17.5422
25190,1.03854,17.5255
25191,1.03861,17.535
25192,1.04086,16.3724
25193,1.04091,16.3811
25194,1.04081,16.3638
25195,1.05699,17.3128
25196,1.05698,17.3108
25197,1.04726,18.8734
25198,1.04718,18.861
25199,1.04733,18.885
25200,1.04726,18.8734
25201,1.04601,19.0715
25202,1.04593,19.0601
25203,1.04662,19.1379
25204,1.04652,19.1248
25205,1.04672,19.1518
25206,1.04662,19.1379
25207,1.05573,21.1899
25208,1.04792,19.0532
25209,1.05567,21.1785
25210,1.05603,21.2311
25211,1.05573,21.1899
25212,1.05573,21.1899
25213,1.08308,25.8561
25214,1.08085,26.0769
25215,1.08087,26.0789
25216,1.08084,26.0749
25217,1.08273,26.503
25218,1.08268,26.4975
25219,1.08277,26.5088
25220,1.08273,26.503
25221,1.08287,26.164
25222,1.08285,26.1619
25223,1.08286,26.1638
25224,1.07232,22.1494
25225,1.07337,21.9026
25226,1.046,17.9826
25227,1.0458,17.8882
25228,1.04578,17.8865
25229,1.0442,17.5766
25230,1.04419,17.5751
25231,1.04421,17.5783
25232,1.06743,18.7339
25233,1.07076,20.6824
25234,1.07075,20.6807
25235,1.07078,20.6841
25236,1.06785,18.969
25237,1.05406,20.819
25238,1.05409,20.8233
25239,1.05403,20.8139
25240,1.05406,20.819
25241,1.0527,20.313
25242,1.04767,19.4807
25243,1.08658,29.6032
25244,1.08656,29.6016
25245,1.08659,29.605
25246,1.08658,29.6032
25247,1.07963,26.1606
25248,1.07959,26.1572
25249,1.07966,26.1635
25250,1.07708,25.0441
25251,1.08217,28.1379
25252,1.08047,26.2909
25253,1.08213,28.1331
25254,1.0824,28.1644
25255,1.08217,28.1379
25256,1.08365,29.4149
25257,1.08364,29.4137
25258,1.08366,29.4161
25259,1.09004,31.4661
25260,1.09005,31.4672
25261,1.05969,21.292
25262,1.08017,27.223
25263,1.06278,19.9454
25264,1.06168,19.4779
25265,1.08888,34.7679
25266,1.08506,32.9051
25267,1.08675,32.3249
25268,1.07073,19.9327
25269,1.07072,19.9312
25270,1.07074,19.9342
25271,1.07016,19.4047
25272,1.07017,19.4065
25273,1.07015,19.4028
25274,1.07016,19.4047
25275,1.06972,20.7646
25276,1.06971,20.7631
25277,1.06973,20.7662
25278,1.06157,22.7574
25279,1.08997,32.3197
25280,1.08573,30.5614
25281,1.08573,30.5606
25282,1.08842,32.6051
25283,1.08843,32.6067
25284,1.06334,22.0642
25285,1.06574,22.3543
25286,1.06576,22.3584
25287,1.06572,22.3503
25288,1.06574,22.3543
25289,1.0713,23.5039
25290,1.05841,20.8878
25291,1.062,19.8855
25292,1.06202,19.887
25293,1.0919,36.416
25294,1.09184,36.4073
25295,1.09195,36.4235
25296,1.09105,36.6714
25297,1.09112,36.6803
25298,1.09116,36.7097
25299,1.09054,38.9257
25300,1.09209,36.0504
25301,1.09079,38.9905
25302,1.09054,38.9257
25303,1.09054,38.9257
25304,1.09049,38.9166
25305,1.09299,32.5022
25306,1.09299,32.5015
25307,1.093,32.503
25308,1.06356,20.4604
25309,1.06358,20.4645
25310,1.06354,20.4561
25311,1.06356,20.4604
25312,1.06145,20.4565
25313,1.06148,20.4606
25314,1.06594,20.8281
25315,1.06591,20.8241
25316,1.06985,22.8295
25317,1.06907,22.8216
25318,1.06908,22.8238
25319,1.06906,22.8195
25320,1.06907,22.8216
25321,1.07053,23.0868
25322,1.07055,23.0891
25323,1.07053,23.0868
25324,1.09531,30.9126
25325,1.09534,30.9173
25326,1.09657,31.1953
25327,1.09656,31.1929
25328,1.07639,24.3713
25329,1.09127,35.2359
25330,1.09546,37.9579
25331,1.0955,37.9633
25332,1.09541,38.2826
25333,1.09548,38.2869
25334,1.09541,38.2826
25335,1.09617,38.6184
25336,1.09611,38.6141
25337,1.09622,38.6232
25338,1.06756,21.8445
25339,1.07102,22.7973
25340,1.07097,22.7894
25341,1.07107,22.8052
25342,1.06978,22.2304
25343,1.09992,31.7066
25344,1.09992,31.7058
25345,1.09604,39.0517
25346,1.09602,39.0493
25347,1.09639,38.6143
25348,1.09638,38.6128
25349,1.09641,38.6158
25350,1.08441,27.2226
25351,1.08349,25.6986
25352,1.0835,25.6995
25353,1.09361,29.9684
25354,1.09359,29.9663
25355,1.09363,29.9709
25356,1.09361,29.9684
25357,1.08901,41.0544
25358,1.09253,41.046
25359,1.09458,40.1223
25360,1.09246,41.0359
25361,1.09292,41.0652
25362,1.09253,41.046
25363,1.09253,41.046
25364,1.09428,39.9518
25365,1.09422,39.9429
25366,1.09434,39.9607
25367,1.09457,40.408
25368,1.09521,39.5871
25369,1.09527,39.5968
25370,1.09516,39.5774
25371,1.09521,39.5871
25372,1.09658,38.7387
25373,1.09657,38.6033
25374,1.09656,38.6015
25375,1.09658,38.605
25376,1.07857,24.883
25377,1.07855,24.8788
25378,1.08089,26.3661
25379,1.08019,25.3779
25380,1.08099,26.3854
25381,1.08086,26.3621
25382,1.08089,26.3661
25383,1.08102,25.6829
25384,1.07535,23.8391
25385,1.0966,41.3511
25386,1.09952,32.3357
25387,1.0961,40.788
25388,1.08651,27.156
25389,1.08651,27.1554
25390,1.09778,39.65
25391,1.09716,39.1362
25392,1.09718,39.1377
25393,1.09715,39.1348
25394,1.09716,39.1362
25395,1.1,32.6873
25396,1.09999,32.687
25397,1.1,32.6879
25398,1.09999,32.6868
25399,1.08597,27.5012
25400,1.09658,40.7712
25401,1.0822,29.2173
25402,1.08219,29.2163
25403,1.08231,29.2167
25404,1.09815,42.7144
25405,1.09102,29.0483
25406,1.09102,29.0498
25407,1.0872,27.9588
25408,1.08838,28.5464
25409,1.09141,39.4796
25410,1.09472,38.9177
25411,1.09147,39.5058
25412,1.09136,39.4738
25413,1.09137,39.4763
25414,1.09877,35.549
25415,1.09876,35.5477
25416,1.09878,35.5503
25417,1.09877,35.549
25418,1.08945,29.2153
25419,1.08941,29.2088
25420,1.08656,28.5031
25421,1.08707,28.6361
25422,1.09608,41.0818
25423,1.09609,41.0828
25424,1.09607,41.0808
25425,1.09644,40.9022
25426,1.09824,33.0586
25427,1.09825,33.0607
25428,1.09664,32.3367
25429,1.09639,37.8906
25430,1.08401,27.731
25431,1.09718,34.436
25432,1.09718,34.4351
25433,1.09719,34.4369
25434,1.09214,30.3852
25435,1.09999,42.6313
25436,1.1,42.6326
25437,1.09998,42.6299
25438,1.09999,42.6313
25439,1.09136,29.9696
25440,1.09589,40.6396
25441,1.09587,40.6376
25442,1.0959,40.6416
25443,1.09589,40.6396
25444,1.0959,40.516
25445,1.09588,40.5138
25446,1.0959,40.5159
25447,1.09591,40.5182
25448,1.09553,39.7984
25449,1.09555,39.8007
25450,1.09552,39.7962
25451,1.09553,39.7984
25452,1.09713,36.0923
25453,1.09712,36.0906
25454,1.09715,36.0939
25455,1.09713,36.0923
25456,1.09464,30.3283
25457,1.09255,35.653
25458,1.09257,35.6564
25459,1.09576,35.1769
25460,1.09309,35.4379
25461,1.09312,35.4418
25462,1.09306,35.4344
25463,1.09309,35.4379
25464,1.07757,28.5241
25465,1.09324,38.9624
25466,1.09322,38.9596
25467,1.09325,38.9652
25468,1.09118,38.1414
25469,1.09116,38.139
25470,1.08322,39.2364
25471,1.09079,38.6191
25472,1.08365,39.2443
25473,1.0832,39.2336
25474,1.08322,39.2364
25475,1.08322,39.2364
25476,1.09623,41.8075
25477,1.0962,41.8042
25478,1.09398,30.3232
25479,1.09307,30.4114
25480,1.09311,30.415
25481,1.09307,30.4114
25482,1.04233,17.7254
25483,1.00627,18.5299
25484,1.0122,18.315
25485,1.04456,19.0198
25486,1.04227,17.7153
25487,1.04233,17.7254
25488,1.04233,17.7254
25489,1.04233,17.7254
25490,1.09517,31.6399
25491,1.08818,29.4127
25492,1.08291,25.9263
25493,1.1,31.7701
25494,1.1,32.024
25495,1.1,31.7169
25496,1.1,31.9984
25497,1.08739,29.3061
25498,1.08818,29.4127
25499,1.08818,29.4127
25500,1.08818,29.4127
25501,1.05244,23.2399
25502,0.982438,24.2929
25503,0.986993,24.3639
25504,0.983298,23.5517
25505,1.05274,23.2276
25506,1.05244,23.2399
25507,1.05244,23.2399
25508,1.05244,23.2399
25509,1.08077,32.9301
25510,1.07424,30.8407
25511,1.07353,28.4663
25512,1.09747,34.6861
25513,1.1,34.9606
25514,1.1,37.3083
25515,1.08118,32.771
25516,1.07355,30.7497
25517,1.07424,30.8407
25518,1.08077,32.9301
25519,1.09107,31.7898
25520,1.09989,31.7276
25521,1.1,32.8699
25522,1.09131,31.7472
25523,1.09107,31.7898
25524,1.09107,31.7898
25525,1.09107,31.7898
25526,1.07686,23.5112
25527,1.08364,32.0209
25528,1.08452,27.8546
25529,1.08371,29.1889
25530,1.07671,23.4443
25531,1.07686,23.5112
25532,1.07686,23.5112
25533,1.07686,23.5112
25534,1.09898,42.8446
25535,1.09946,42.7664
25536,1.0891,45.7865
25537,1.09596,47.574
25538,1.09891,42.6987
25539,1.09898,42.8446
25540,1.09898,42.8446
25541,1.09898,42.8446
25542,1.06781,42.3706
25543,1.06541,41.3798
25544,1.06117,39.6047
25545,1.09427,43.5191
25546,1.09644,43.0884
25547,1.06515,41.3398
25548,1.06541,41.3798
25549,1.06792,42.2929
25550,1.06541,41.3798
25551,1.09787,41.5322
25552,1.09694,41.6328
25553,1.09832,44.167
25554,1.09759,41.4508
25555,1.09787,41.5322
25556,1.09787,41.5322
25557,1.09787,41.5322
25558,1.0919,30.6861
25559,1.09275,29.4394
25560,1.08725,25.1583
25561,1.1,31.3807
25562,1.1,31.0204
25563,1.1,31.2212
25564,1.09223,29.3799
25565,1.09206,30.7246
25566,1.0919,30.6861
25567,1.09275,29.4394
25568,1.06678,33.225
25569,1.06897,36.075
25570,1.0719,33.6418
25571,1.08082,33.3112
25572,1.07805,30.066
25573,1.04899,33.7132
25574,1.06467,33.0242
25575,1.08107,33.3234
25576,1.07157,33.5647
25577,1.08082,33.3112
25578,1.0935,30.2361
25579,1.09353,30.2305
25580,1.0935,30.2361
25581,1.0935,30.2361
25582,1.09025,31.2816
25583,1.08347,27.6923
25584,1.08127,24.0932
25585,1.1,31.7218
25586,1.1,31.6873
25587,1.09212,31.4714
25588,1.09025,31.2816
25589,1.08224,27.4794
25590,1.09025,31.2816
25591,1.06884,19.6238
25592,1.07556,26.2259
25593,1.06876,19.5669
25594,1.06884,19.6238
25595,1.06884,19.6238
25596,1.06884,19.6238
25597,1.04233,13.9141
25598,1.01807,15.3976
25599,1.04244,13.9036
25600,1.04233,13.9141
25601,1.04233,13.9141
25602,1.04233,13.9141
25603,1.09735,30.8573
25604,1.0604,29.4259
25605,1.06346,24.2842
25606,1.09107,30.5547
25607,1.09735,30.8573
25608,1.06002,28.9867
25609,1.09735,30.8573
25610,0.981709,14.0624
25611,0.981596,14.0563
25612,0.981709,14.0624
25613,0.981709,14.0624
25614,1.05506,15.1598
25615,1.05009,14.7668
25616,1.04447,13.9664
25617,1.05628,15.1803
25618,1.05506,15.1598
25619,1.04966,14.7194
25620,1.05009,14.7668
25621,1.09282,33.8976
25622,1.08782,35.2338
25623,1.08809,31.2039
25624,1.08496,26.9159
25625,1.1,35.9016
25626,1.0933,33.7131
25627,1.09282,33.8976
25628,1.08758,31.0901
25629,1.08809,31.2039
25630,1.09036,30.4993
25631,1.09215,29.8162
25632,1.08924,33.1782
25633,1.09027,30.4832
25634,1.09036,30.4993
25635,1.09036,30.4993
25636,1.09036,30.4993
25637,1.05045,20.9778
25638,1.04883,18.6125
25639,1.03824,22.6907
25640,1.05083,20.9543
25641,1.05045,20.9778
25642,1.05045,20.9778
25643,1.05045,20.9778
25644,1.09573,41.5106
25645,1.09831,41.4619
25646,1.1,39.703
25647,1.09964,41.6347
25648,1.09993,41.7859
25649,1.09582,41.4844
25650,1.09761,41.4944
25651,1.09831,41.4619
25652,1.09831,41.4619
25653,1.09028,36.4378
25654,1.09242,35.8703
25655,1.07539,36.8998
25656,1.07876,40.1941
25657,1.09324,36.9541
25658,1.09335,36.9013
25659,1.09027,36.3777
25660,1.09028,36.4378
25661,1.09028,36.4378
25662,1.09028,36.4378
25663,1.09999,39.1572
25664,1.09999,45.1612
25665,1.09987,39.1214
25666,1.09999,39.1572
25667,1.09999,39.1572
25668,1.09999,39.1572
25669,1.04844,23.3958
25670,1.01811,23.7296
25671,1.01975,23.8288
25672,1.02071,24.3508
25673,1.02307,23.8946
25674,1.01505,24.4651
25675,1.01792,24.606
25676,1.02338,25.6053
25677,1.04963,23.3647
25678,1.04844,23.3958
25679,1.04844,23.3958
25680,1.04844,23.3958
25681,1.08899,30.2394
25682,1.08962,29.2514
25683,1.08979,31.943
25684,1.08877,30.1923
25685,1.08899,30.2394
25686,1.08899,30.2394
25687,1.08899,30.2394
25688,1.06946,24.1526
25689,1.06346,22.1178
25690,1.05461,18.2648
25691,1.06346,27.8867
25692,1.06212,21.9618
25693,1.06346,22.1178
25694,1.06346,22.1178
25695,1.07042,24.2572
25696,1.03921,38.7768
25697,1.04419,41.9483
25698,1.03884,38.6925
25699,1.03921,38.7768
25700,1.03921,38.7768
25701,1.03921,38.7768
25702,1.06878,22.6017
25703,1.1,22.8948
25704,1.1,22.7927
25705,1.06843,22.6019
25706,1.06878,22.6017
25707,1.06878,22.6017
25708,1.06878,22.6017
25709,1.05188,29.2515
25710,1.05206,29.2455
25711,1.05188,29.2515
25712,1.05188,29.2515
25713,1.04114,13.0833
25714,1.013,17.0341
25715,1.04122,13.0637
25716,1.04114,13.0833
25717,1.04114,13.0833
25718,1.04114,13.0833
25719,1.07351,23.7512
25720,1.0711,23.1598
25721,1.07017,24.1434
25722,1.07207,23.8869
25723,1.06715,24.4212
25724,1.0684,24.2516
25725,1.07356,23.7467
25726,1.07351,23.7512
25727,1.07351,23.7512
25728,1.07351,23.7512
25729,1.07111,22.4385
25730,1.05809,21.2107
25731,1.07106,22.4646
25732,1.07111,22.4385
25733,1.07111,22.4385
25734,1.07111,22.4385
25735,1.08991,36.2888
25736,1.09595,35.021
25737,1.09058,36.8731
25738,1.08997,36.2957
25739,1.08991,36.2888
25740,1.08991,36.2888
25741,1.08991,36.2888
25742,1.0402,19.0682
25743,1.04752,18.4702
25744,1.05289,17.4024
25745,1.04008,19.1272
25746,1.0402,19.0682
25747,1.0402,19.0682
25748,1.04808,18.4122
25749,1.0951,37.9664
25750,1.09205,37.454
25751,1.0923,37.3114
25752,1.09184,36.0472
25753,1.09344,32.8272
25754,1.1,38.328
25755,1.09185,36.0515
25756,1.09184,36.0472
25757,1.09237,37.3272
25758,1.09522,37.9648
25759,1.04405,19.9266
25760,1.04315,17.887
25761,0.9979,21.6343
25762,0.976846,18.6109
25763,0.999483,22.4519
25764,0.997783,20.7905
25765,1.04401,19.8814
25766,1.04405,19.9266
25767,1.04405,19.9266
25768,1.04405,19.9266
25769,1.03367,18.6771
25770,1.03456,18.6137
25771,1.03367,18.6771
25772,1.03367,18.6771
25773,0.997421,33.2144
25774,0.997432,33.2102
25775,0.997421,33.2144
25776,0.997421,33.2144
25777,1.05811,32.9606
25778,1.05117,33.7584
25779,1.05619,30.2856
25780,1.05827,32.8017
25781,1.05199,33.6461
25782,1.05811,32.9606
25783,1.05811,32.9606
25784,1.09143,31.9176
25785,1.0999,31.7136
25786,1.1,34.9543
25787,1.09143,31.8499
25788,1.09143,31.9176
25789,1.09143,31.9176
25790,1.09143,31.9176
25791,1.04286,17.483
25792,1.04001,17.9659
25793,1.03901,18.236
25794,1.03904,18.0589
25795,1.03986,18.4609
25796,1.03906,18.0746
25797,1.03981,19.1088
25798,1.04289,17.4686
25799,1.04286,17.483
25800,1.04286,17.483
25801,1.04286,17.483
25802,1.03495,19.6677
25803,1.04361,18.8588
25804,1.04282,16.8604
25805,1.04211,21.2473
25806,1.04014,20.1657
25807,1.02781,20.4163
25808,1.03871,19.948
25809,1.03676,19.4323
25810,1.03495,19.6677
25811,1.03495,19.6677
25812,1.04395,18.8347
25813,1.04749,14.8988
25814,1.02984,15.984
25815,1.03875,15.3288
25816,1.0386,15.1286
25817,1.04757,14.8928
25818,1.04749,14.8988
25819,1.04749,14.8988
25820,1.04749,14.8988
25821,0.976879,27.0353
25822,0.948166,27.7095
25823,0.963134,25.5164
25824,0.948072,27.6753
25825,0.948166,27.7095
25826,0.9774,27.0191
25827,0.948166,27.7095
25828,1.088,30.8619
25829,1.09413,31.2313
25830,1.1,31.5831
25831,1.07695,32.7243
25832,1.09367,31.2614
25833,1.08574,30.6593
25834,1.09413,31.2313
25835,1.088,30.8619
25836,0.990482,31.8918
25837,0.99917,33.2103
25838,0.999873,32.9433
25839,0.990374,31.8828
25840,0.990482,31.8918
25841,0.990482,31.8918
25842,0.990482,31.8918
25843,1.09603,41.4962
25844,1.09669,41.7987
25845,1.09936,39.7292
25846,1.09587,41.4742
25847,1.09603,41.4962
25848,1.09603,41.4962
25849,1.09603,41.4962
25850,1.03528,19.7219
25851,1.04388,19.7034
25852,1.04333,17.7678
25853,1.02613,20.7519
25854,1.02834,20.168
25855,1.04229,18.5002
25856,1.03565,19.6342
25857,1.04426,19.7361
25858,1.03528,19.7219
25859,1.03528,19.7219
25860,1.09306,30.5779
25861,1.09059,32.6407
25862,1.09105,32.3289
25863,1.08991,31.3512
25864,1.08894,31.0346
25865,1.08955,31.469
25866,1.08868,31.1719
25867,1.09306,30.5656
25868,1.09306,30.5779
25869,1.09306,30.5779
25870,1.09306,30.5779
25871,1.04213,13.9054
25872,1.02956,14.1259
25873,1.02005,15.3699
25874,1.04227,13.8971
25875,1.04213,13.9054
25876,1.04213,13.9054
25877,1.04213,13.9054
25878,0.979579,32.6759
25879,0.990416,31.4185
25880,0.97997,32.6936
25881,0.979579,32.6759
25882,0.979579,32.6759
25883,0.979579,32.6759
25884,1.08341,22.6149
25885,1.0829,22.5144
25886,1.08341,22.6149
25887,1.08341,22.6149
25888,1.0226,38.5106
25889,1.0112,38.1715
25890,0.917222,39.1711
25891,1.05959,40.2724
25892,1.02274,38.4794
25893,1.0226,38.5106
25894,1.0226,38.5106
25895,1.0226,38.5106
25896,1.07133,23.427
25897,1.07708,20.2005
25898,1.02571,27.1272
25899,1.09347,26.3706
25900,1.0714,23.5026
25901,1.07133,23.427
25902,1.07133,23.427
25903,1.07133,23.427
25904,1.09564,39.8273
25905,1.09617,40.0002
25906,1.09707,39.8234
25907,1.07426,40.1962
25908,1.0958,39.7844
25909,1.09564,39.8273
25910,1.09625,40.0142
25911,1.09564,39.8273
25912,1.06913,32.2203
25913,1.08914,31.2994
25914,1.07818,31.2744
25915,1.06755,32.3196
25916,1.06913,32.2203
25917,1.06913,32.2203
25918,1.06913,32.2203
25919,0.999166,27.9672
25920,0.999033,27.9441
25921,0.999166,27.9672
25922,0.999166,27.9672
25923,1.05054,24.2617
25924,1.01604,24.6902
25925,1.05069,24.258
25926,1.05054,24.2617
25927,1.05054,24.2617
25928,1.05054,24.2617
25929,1.00202,34.0257
25930,0.997465,33.35
25931,1.00217,34.0393
25932,1.00202,34.0257
25933,1.00202,34.0257
25934,1.00202,34.0257
25935,1.0043,27.3218
25936,1.01385,26.4062
25937,1.0091,29.6734
25938,1.00396,27.2807
25939,1.0043,27.3218
25940,1.0043,27.3218
25941,1.0043,27.3218
25942,1.07675,23.211
25943,1.1,23.5124
25944,1.1,23.5522
25945,1.07626,23.2078
25946,1.07675,23.211
25947,1.07675,23.211
25948,1.07675,23.211
25949,1.08429,25.7705
25950,1.08283,23.3591
25951,1.1,26.4765
25952,1.1,27.2433
25953,1.08308,25.7663
25954,1.08429,25.7705
25955,1.08429,25.7705
25956,1.08429,25.7705
25957,1.08401,33.9758
25958,1.08359,33.8701
25959,1.08401,33.9758
25960,1.08401,33.9758
25961,0.952579,15.6966
25962,0.944194,17.6331
25963,0.952594,15.6882
25964,0.952579,15.6966
25965,0.952579,15.6966
25966,0.952579,15.6966
25967,1.09868,42.1888
25968,1.09955,43.3334
25969,1.1,47.0743
25970,1.09409,42.5706
25971,1.09862,42.1478
25972,1.09868,42.1888
25973,1.09868,42.1888
25974,1.09868,42.1888
25975,1.0865,29.9284
25976,1.07275,28.064
25977,1.1,30.9784
25978,1.1,31.4158
25979,1.1,32.1915
25980,1.1,33.1419
25981,1.0856,29.8627
25982,1.0865,29.9284
25983,1.0865,29.9284
25984,1.0865,29.9284
25985,1.1,43.2074
25986,1.09992,43.1831
25987,1.1,43.2074
25988,1.1,43.2074
25989,1.05302,19.2884
25990,1.05225,19.1327
25991,1.05302,19.2884
25992,1.05302,19.2884
25993,1.06554,31.0711
25994,1.06575,31.0573
25995,1.06554,31.0711
25996,1.06554,31.0711
25997,1.09532,31.7031
25998,1.08857,29.4911
25999,1.08236,25.7961
26000,1.06627,31.9379
26001,1.07011,32.2444
26002,1.08767,29.3587
26003,1.08857,29.4911
26004,1.08857,29.4911
26005,1.08857,29.4911
26006,0.989163,23.9965
26007,0.989086,23.9954
26008,0.989163,23.9965
26009,0.989163,23.9965
26010,1.06553,24.6987
26011,1.06522,24.5057
26012,1.06553,24.6987
26013,1.06553,24.6987
26014,1.07889,31.613
26015,1.07832,31.3709
26016,1.07889,31.613
26017,1.07889,31.613
26018,1.09341,29.9374
26019,1.0866,27.6519
26020,1.08506,23.6099
26021,1.1,35.0097
26022,1.1,34.1752
26023,1.09191,29.7697
26024,1.09341,29.9374
26025,1.08586,27.5236
26026,1.09341,29.9374
26027,1.0923,32.2805
26028,1.08762,28.6196
26029,1.0849,25.1434
26030,1.1,33.8151
26031,1.1,33.957
26032,1.1,35.9556
26033,1.1,33.9935
26034,1.1,33.8223
26035,1.1,35.7471
26036,1.09152,31.689
26037,1.08641,28.379
26038,1.0923,32.2805
26039,1.08762,28.6196
26040,1.0449,20.7429
26041,1.04616,18.7605
26042,1.05358,21.6712
26043,1.05236,21.3854
26044,1.01965,19.4398
26045,1.0569,24.2846
26046,1.04625,20.7285
26047,1.0449,20.7429
26048,1.0449,20.7429
26049,1.0449,20.7429
26050,1.09728,40.8349
26051,1.09955,42.0154
26052,1.09813,42.3547
26053,1.09995,41.0991
26054,1.09958,42.0927
26055,1.09632,40.7454
26056,1.09955,42.0154
26057,1.09728,40.8349
26058,1.08622,31.3298
26059,1.094,30.4201
26060,1.08663,31.3413
26061,1.08622,31.3298
26062,1.08622,31.3298
26063,1.08622,31.3298
26064,1.09793,42.1858
26065,1.09431,43.1515
26066,1.09794,42.1652
26067,1.09793,42.1858
26068,1.09793,42.1858
26069,1.09793,42.1858
26070,1.06082,23.7989
26071,1.05241,21.0524
26072,1.05102,19.1086
26073,1.05198,24.0162
26074,1.05248,24.1142
26075,1.05179,24.3968
26076,1.05117,20.9406
26077,1.06324,23.8534
26078,1.06082,23.7989
26079,1.06082,23.7989
26080,1.05081,18.5858
26081,1.05081,26.675
26082,1.05081,24.4984
26083,1.05071,18.5419
26084,1.05081,18.5858
26085,1.05081,18.5858
26086,1.05081,18.5858
26087,1.08162,25.5269
26088,1.07542,19.5499
26089,1.07999,25.293
26090,1.08162,25.5269
26091,1.08162,25.5269
26092,1.08162,25.5269
26093,1.05647,13.4546
26094,1.04934,13.4295
26095,1.05043,11.4868
26096,1.04901,13.4747
26097,1.05706,13.4424
26098,1.05647,13.4546
26099,1.05647,13.4546
26100,1.09397,39.3967
26101,1.09482,38.9686
26102,1.09637,38.9108
26103,1.1,40.9031
26104,1.09471,38.9273
26105,1.09447,39.1886
26106,1.09397,39.3967
26107,1.09397,39.3967
26108,1.06243,33.0156
26109,1.07002,33.3918
26110,1.06874,32.5014
26111,1.07495,29.6763
26112,1.0331,33.1654
26113,1.02605,33.2039
26114,1.03285,33.2337
26115,1.03227,33.1223
26116,1.03238,33.1214
26117,1.06864,32.5095
26118,1.06874,32.5014
26119,1.07095,33.431
26120,1.06874,32.5014
26121,1.0713,26.7604
26122,1.06865,23.6005
26123,1.05154,26.9342
26124,1.07222,26.8023
26125,1.0713,26.7604
26126,1.0713,26.7604
26127,1.0713,26.7604
26128,1.08954,25.4855
26129,1.08849,25.3179
26130,1.08954,25.4855
26131,1.08954,25.4855
26132,0.997731,27.248
26133,0.995863,27.038
26134,0.996053,27.1603
26135,0.997731,27.248
26136,0.997731,27.248
26137,0.997731,27.248
26138,1.05149,22.6162
26139,1.0514,17.8249
26140,1.02349,27.4042
26141,1.00141,30.6147
26142,1.00141,30.4309
26143,1.05137,22.339
26144,1.05149,22.6162
26145,1.05149,22.6162
26146,1.05149,22.6162
26147,0.978796,12.288
26148,0.9791,12.2764
26149,0.978796,12.288
26150,0.978796,12.288
26151,1.07364,23.6234
26152,1.07369,23.6157
26153,1.07364,23.6234
26154,1.07364,23.6234
26155,1.04942,19.1059
26156,1.02158,21.2445
26157,1.02748,21.5485
26158,1.04961,19.076
26159,1.04942,19.1059
26160,1.04942,19.1059
26161,1.04942,19.1059
26162,1.0756,36.3038
26163,1.08194,36.0123
26164,1.08067,33.7592
26165,1.06203,42.166
26166,1.03537,38.5643
26167,1.1,39.1851
26168,1.08167,35.9234
26169,1.0762,36.2469
26170,1.08194,36.0123
26171,1.0756,36.3038
26172,1.09676,41.4896
26173,1.09623,41.1844
26174,1.09716,39.1555
26175,1.1,42.0035
26176,1.09751,43.3624
26177,1.0964,41.4842
26178,1.09596,41.1483
26179,1.09623,41.1844
26180,1.09676,41.4896
26181,1.08215,34.5586
26182,1.08127,34.569
26183,1.08215,34.5586
26184,1.08215,34.5586
26185,1.08605,30.6831
26186,1.09104,31.2104
26187,1.1,31.9006
26188,1.07965,29.998
26189,1.09129,31.2337
26190,1.08605,30.6831
26191,1.08605,30.6831
26192,0.993892,26.8982
26193,0.998897,27.4463
26194,0.993854,26.8956
26195,0.993892,26.8982
26196,0.993892,26.8982
26197,0.993892,26.8982
26198,1.06277,23.185
26199,1.06277,29.366
26200,1.06277,29.2709
26201,1.06259,23.1111
26202,1.06277,23.185
26203,1.06277,23.185
26204,1.06277,23.185
26205,1.07928,29.9201
26206,1.07678,27.184
26207,1.07634,23.1979
26208,1.09268,31.0538
26209,1.0806,30.1005
26210,1.07454,27.0136
26211,1.07928,29.9201
26212,1.07678,27.184
26213,1.07037,84.4071
26214,1.07037,84.4078
26215,1.07036,84.4064
26216,1.06998,84.6466
26217,1.06998,84.6458
26218,1.06999,84.6473
26219,1.06998,84.6466
26220,1.06991,84.3589
26221,1.06992,84.3596
26222,1.07085,83.408
26223,1.07085,83.4077
26224,1.07621,83.2507
26225,1.07621,83.2501
26226,1.07552,82.4748
26227,1.07551,82.4737
26228,1.07553,82.4759
26229,1.08344,98.2545
26230,1.08345,98.2568
26231,1.08344,98.2545
26232,1.08343,98.2521
26233,1.08176,97.5611
26234,1.08175,97.5586
26235,1.08276,97.6337
26236,1.07062,84.317
26237,1.0706,84.312
26238,1.07064,84.3217
26239,1.07088,84.2454
26240,1.0709,84.2481
26241,1.07088,84.2454
26242,1.07087,84.243
26243,1.0705,84.0345
26244,1.0705,84.0348
26245,1.0705,84.0345
26246,1.08761,99.1834
26247,1.09091,99.5174
26248,1.09092,99.5177
26249,1.09091,99.5174
26250,1.0701,83.3462
26251,1.07012,83.349
26252,1.07008,83.3432
26253,1.06908,83.4874
26254,1.06904,83.4841
26255,1.06919,83.4893
26256,1.06908,83.4874
26257,1.06963,83.5321
26258,1.07965,96.7754
26259,1.07966,96.776
26260,1.07965,96.7752
26261,1.07026,84.106
26262,1.07006,84.3477
26263,1.07005,84.3468
26264,1.072,83.2363
26265,1.08425,97.9097
26266,1.08425,97.9093
26267,1.06905,85.219
26268,1.06905,85.2178
26269,1.06906,85.2201
26270,1.06905,85.219
26271,1.06923,85.1121
26272,1.06922,85.1109
26273,1.06923,85.1132
26274,1.06942,84.9603
26275,1.07145,93.2342
26276,1.07153,93.242
26277,1.07145,93.2342
26278,1.07145,93.2342
26279,1.06562,87.977
26280,1.06556,87.9684
26281,1.06543,86.7511
26282,1.06537,86.7431
26283,1.06853,91.7021
26284,1.06848,91.6933
26285,1.06858,91.7097
26286,1.07302,79.9178
26287,1.07349,80.5483
26288,1.0735,80.5505
26289,1.07277,79.5695
26290,1.07349,78.8465
26291,1.07654,78.7783
26292,1.07654,78.7788
26293,1.06858,78.31
26294,1.06859,78.3105
26295,1.06858,78.3095
26296,1.0216,102.415
26297,1.03528,101.864
26298,1.03528,101.863
26299,1.0352,101.865
26300,1.03528,101.864
26301,1.07164,99.9029
26302,1.07164,99.9022
26303,1.07164,99.9037
26304,1.06664,74.0882
26305,1.06798,91.2711
26306,1.06797,91.2706
26307,1.06414,74.5547
26308,1.06009,74.0743
26309,1.06201,74.367
26310,1.06486,85.9367
26311,1.06486,85.9362
26312,1.05929,73.6455
26313,1.05876,73.7856
26314,1.05422,73.1563
26315,1.05421,73.1549
26316,1.06709,84.3725
26317,1.06828,83.5219
26318,1.06739,84.0614
26319,1.05137,73.1137
26320,1.05135,73.1112
26321,1.0514,73.1166
26322,1.05137,73.1137
26323,1.05039,72.3366
26324,1.05041,72.3393
26325,1.05039,72.3366
26326,1.0502,73.5153
26327,1.05018,73.5122
26328,1.05021,73.518
26329,1.0502,73.5153
26330,1.06515,81.4939
26331,1.06516,81.4963
26332,1.06513,81.4916
26333,1.06515,81.4939
26334,1.06614,82.4097
26335,1.0644,81.7951
26336,1.06747,79.9135
26337,1.06684,80.5076
26338,1.06684,80.5071
26339,1.06685,80.5081
26340,1.05598,77.1594
26341,1.05598,77.1591
26342,1.0441,76.316
26343,1.04409,76.3155
26344,1.05472,85.3808
26345,1.03254,65.9939
26346,1.04972,80.4325
26347,1.0497,80.429
26348,1.04974,80.436
26349,1.04967,80.8479
26350,1.04989,80.1582
26351,1.04463,84.2015
26352,1.04463,84.2002
26353,1.04706,83.8997
26354,1.04705,83.8982
26355,1.0463,84.1932
26356,1.04409,75.4354
26357,1.0395,75.9459
26358,1.03958,75.9562
26359,1.04023,76.2726
26360,1.04015,76.2625
26361,1.0403,76.2817
26362,1.04023,76.2726
26363,1.00919,88.5579
26364,1.0095,88.5565
26365,1.01075,88.6076
26366,1.01079,88.6171
26367,1.02856,89.3454
26368,1.01166,88.6794
26369,1.02848,89.3364
26370,1.02855,89.3452
26371,1.02934,89.3683
26372,1.05052,79.3593
26373,1.05052,79.3585
26374,1.05063,79.3591
26375,1.0499,79.6566
26376,1.0499,79.6562
26377,1.00377,88.6605
26378,1.05737,77.4091
26379,1.05737,77.4097
26380,1.05639,76.9289
26381,1.05638,76.9282
26382,1.05607,76.3493
26383,1.03783,80.1234
26384,1.0597,73.9079
26385,1.01858,85.5484
26386,1.01368,85.7998
26387,1.00727,86.5223
26388,1.00726,86.5217
26389,1.06315,72.7592
26390,1.0557,70.8045
26391,1.05697,71.0084
26392,1.05615,70.9286
26393,1.05608,70.9137
26394,1.05542,70.7422
26395,1.03179,73.515
26396,1.03188,73.3544
26397,1.03216,74.2634
26398,1.03218,74.2645
26399,1.03215,74.2622
26400,0.981759,89.4652
26401,0.98306,88.612
26402,0.983935,88.4989
26403,1.06407,72.9565
26404,1.06407,72.9563
26405,1.06407,72.9567
26406,1.03138,75.3643
26407,1.02679,76.5171
26408,1.02929,76.7008
26409,1.02928,76.7002
26410,1.02992,76.2786
26411,1.02341,71.3119
26412,1.02314,71.2716
26413,1.02306,71.2606
26414,1.02322,71.2823
26415,1.02503,71.572
26416,1.02556,71.8297
26417,1.02556,71.829
26418,0.984679,89.2444
26419,0.988554,87.7825
26420,0.986524,88.2231
26421,0.986521,88.2225
26422,0.985255,88.5849
26423,1.02259,71.3969
26424,1.02258,71.3962
26425,1.03081,72.6686
26426,1.03082,72.6692
26427,1.03081,72.6686
26428,1.01677,75.0581
26429,1.02007,75.3975
26430,1.02005,75.3939
26431,1.02009,75.4011
26432,1.02007,75.3975
26433,1.01627,75.0143
26434,0.995586,85.9014
26435,0.995579,85.9004
26436,0.995591,85.9024
26437,0.995586,85.9014
26438,1.00152,82.6776
26439,0.999812,84.9908
26440,0.984833,88.9345
26441,0.984837,88.9351
26442,0.984833,88.9345
26443,0.984829,88.9339
26444,0.983525,89.7957
26445,0.984045,89.6945
26446,1.07388,63.2781
26447,1.01994,70.7258
26448,1.0189,70.5592
26449,1.01824,70.3871
26450,1.01788,70.3403
26451,1.0178,70.33
26452,1.01795,70.3519
26453,0.978615,87.5701
26454,0.981885,87.9001
26455,0.980405,87.7407
26456,1.00924,77.5017
26457,1.00968,77.2492
26458,1.01042,77.1027
26459,1.01038,77.0966
26460,1.01046,77.1097
26461,0.993573,85.5024
26462,0.993584,85.5038
26463,0.993212,85.9715
26464,0.993797,85.7739
26465,1.02189,71.6911
26466,1.0213,71.2859
26467,1.02129,71.285
26468,1.0213,71.2867
26469,1.02377,71.685
26470,1.00713,77.6384
26471,1.00813,77.5262
26472,1.00813,77.5257
26473,0.980069,86.3456
26474,0.992756,84.8175
26475,0.992741,84.8153
26476,0.992769,84.8196
26477,0.992756,84.8175
26478,0.99061,83.8432
26479,0.990597,83.841
26480,0.989067,84.0617
26481,0.989046,84.0589
26482,1.05605,54.1963
26483,1.05451,52.9222
26484,1.05867,55.4363
26485,1.03272,70.1982
26486,0.96983,88.5331
26487,1.09205,65.0519
26488,0.996629,81.179
26489,0.996631,81.1792
26490,0.996629,81.179
26491,0.996628,81.1787
26492,0.979562,85.4935
26493,0.974601,85.694
26494,0.974609,85.695
26495,0.974593,85.6929
26496,0.973905,86.1329
26497,0.973896,86.1315
26498,0.973915,86.1343
26499,0.973905,86.1329
26500,1.05733,53.964
26501,1.08261,64.3264
26502,1.08115,64.3001
26503,1.08111,64.2935
26504,1.08181,64.2994
26505,1.08518,63.9781
26506,1.01418,73.8091
26507,1.01429,74.3069
26508,1.01429,74.3075
26509,1.01379,74.8255
26510,1.01379,74.8261
26511,0.965065,82.5909
26512,0.965073,82.5917
26513,0.965057,82.59
26514,0.965065,82.5909
26515,0.967002,83.7665
26516,0.965818,83.815
26517,1.04843,67.4312
26518,1.09132,66.4136
26519,1.09132,66.4135
26520,1.09801,67.3211
26521,0.973414,76.8863
26522,1.09025,66.4115
26523,1.09025,66.4112
26524,1.09025,66.4123
26525,1.09191,66.9153
26526,0.977569,75.9589
26527,0.980246,75.1717
26528,0.980236,75.1698
26529,0.983137,74.5944
26530,0.985833,73.9249
26531,1.08363,49.8174
26532,1.08267,49.5005
26533,1.05748,63.3144
26534,1.05738,63.2995
26535,1.05757,63.3279
26536,1.06274,64.1491
26537,1.06268,64.1346
26538,1.05937,63.546
26539,1.0584,63.3567
26540,1.05832,63.3424
26541,1.05849,63.3701
26542,1.0584,63.3567
26543,1.08005,48.9081
26544,1.08005,48.9074
26545,1.08012,48.9078
26546,1.08168,49.2427
26547,1.08167,49.2415
26548,1.08169,49.2439
26549,1.08168,49.2427
26550,1.09053,66.9366
26551,1.0911,65.1309
26552,1.09109,65.1303
26553,1.09067,65.9609
26554,0.993078,71.5313
26555,0.994875,71.4467
26556,0.994907,71.4523
26557,0.99485,71.44
26558,0.994875,71.4467
26559,0.992219,71.7153
26560,0.992334,71.7206
26561,1.02284,69.2537
26562,1.0188,69.9914
26563,1.01879,69.9903
26564,1.01881,69.9925
26565,1.08671,51.5662
26566,1.04797,63.5464
26567,1.04784,63.531
26568,1.0481,63.5619
26569,1.04508,63.9362
26570,1.04499,63.9223
26571,1.04518,63.9516
26572,1.05047,63.3371
26573,1.04818,63.7418
26574,1.05784,63.6799
26575,1.05717,63.6519
26576,1.05719,63.6541
26577,1.05717,63.6519
26578,0.981078,74.2892
26579,0.988381,72.6786
26580,0.988385,72.6791
26581,1.04764,64.6132
26582,1.04246,65.1505
26583,1.05737,63.6468
26584,1.05734,63.6389
26585,1.05742,63.6558
26586,1.05737,63.6468
26587,1.05874,63.7394
26588,1.05827,63.6753
26589,1.05461,63.7157
26590,1.07658,48.8638
26591,1.07537,48.0626
26592,1.07538,48.063
26593,1.07537,48.0624
26594,1.05175,63.9886
26595,1.05176,63.9917
26596,1.05514,63.5145
26597,1.05513,63.5117
26598,1.05516,63.5176
26599,1.05279,64.616
26600,1.05281,64.619
26601,1.09565,55.3122
26602,1.09452,55
26603,1.08719,52.7608
26604,1.08718,52.7605
26605,1.08719,52.761
26606,1.08849,53.5828
26607,1.08849,53.5834
26608,1.00662,69.4786
26609,1.00662,69.4781
26610,1.00663,69.4791
26611,1.0624,64.3273
26612,1.06237,64.3242
26613,1.06543,64.4697
26614,1.0654,64.467
26615,1.06546,64.4722
26616,1.0635,64.2891
26617,1.06659,45.6552
26618,1.05965,43.5843
26619,1.07558,40.9461
26620,1.05955,43.5727
26621,1.05965,43.5843
26622,1.06,43.6749
26623,1.05965,43.5843
26624,1.06299,44.5789
26625,1.06293,44.5685
26626,1.06164,44.2358
26627,1.01912,66.6833
26628,1.01771,67.5879
26629,1.01765,67.5762
26630,1.01776,67.5994
26631,1.01771,67.5879
26632,1.02061,67.4213
26633,1.02068,67.4324
26634,1.02061,67.4213
26635,1.02054,67.4115
26636,1.01605,67.7821
26637,1.01368,67.9346
26638,1.01361,67.9229
26639,1.01374,67.9444
26640,1.01368,67.9346
26641,1.09073,51.3153
26642,1.09073,51.3154
26643,1.09073,51.3152
26644,1.04583,64.4293
26645,1.04672,64.3577
26646,1.04664,64.3446
26647,1.04682,64.3704
26648,1.05572,64.7016
26649,1.05561,64.689
26650,1.04516,64.5127
26651,1.04524,64.5259
26652,1.05124,64.6207
26653,1.05614,64.9487
26654,1.05613,64.9472
26655,1.05615,64.9503
26656,1.05403,64.7966
26657,1.05402,64.7951
26658,1.05332,42.6167
26659,1.05325,42.6082
26660,1.0534,42.6251
26661,1.054,43.0572
26662,1.05356,42.7938
26663,1.05365,42.8027
26664,1.05347,42.7846
26665,1.05356,42.7938
26666,1.05633,44.0569
26667,1.06343,63.057
26668,1.06339,63.0506
26669,1.06348,63.0637
26670,1.06343,63.057
26671,1.06346,63.2234
26672,1.06315,63.6107
26673,1.02064,65.5263
26674,1.02063,65.526
26675,1.02096,65.5227
26676,1.02064,65.5263
26677,1.03926,66.2354
26678,1.03951,66.0597
26679,1.04008,65.7031
26680,1.0604,34.4639
26681,1.07305,31.3008
26682,1.06049,34.489
26683,1.0604,34.4639
26684,1.0604,34.4637
26685,1.08759,47.169
26686,1.08769,46.8384
26687,1.08766,46.8341
26688,1.0879,47.5456
26689,1.07381,53.0496
26690,1.07768,53.0379
26691,1.08058,32.8256
26692,1.08609,31.3809
26693,1.08042,32.8094
26694,1.08075,32.852
26695,1.08058,32.8256
26696,1.08058,32.8256
26697,1.08935,33.8158
26698,1.08662,31.3526
26699,1.08922,33.7962
26700,1.08972,33.8659
26701,1.08935,33.8158
26702,1.08935,33.8158
26703,1.08983,33.9225
26704,1.08991,33.9401
26705,1.09147,34.0465
26706,1.09158,34.0634
26707,1.09147,34.0465
26708,1.0394,64.6827
26709,1.03938,64.6805
26710,1.03942,64.6849
26711,1.0394,64.6827
26712,1.03891,64.6718
26713,1.04111,64.7695
26714,1.08713,35.6189
26715,1.08993,34.6421
26716,1.0881,33.8304
26717,1.08806,33.7992
26718,1.0852,40.0085
26719,1.0852,40.0082
26720,1.0852,40.0088
26721,1.0852,40.0085
26722,1.08372,38.8605
26723,1.08338,49.3627
26724,1.08337,49.3618
26725,1.08338,49.3638
26726,1.08658,48.888
26727,1.08649,48.9017
26728,1.08649,48.9007
26729,1.0865,48.9026
26730,1.08649,48.9017
26731,1.07619,56.105
26732,1.07619,56.1047
26733,1.07619,56.1054
26734,1.07735,54.8721
26735,1.08702,33.9279
26736,1.07984,32.5143
26737,1.08519,30.9911
26738,1.07979,32.5036
26739,1.07997,32.5399
26740,1.07984,32.5143
26741,1.07984,32.5143
26742,1.082,33.1543
26743,1.08968,34.2586
26744,1.05276,60.6122
26745,1.05192,60.9445
26746,1.0368,63.8725
26747,1.03545,64.1086
26748,1.03545,64.1094
26749,1.03234,64.6631
26750,1.03235,64.6638
26751,1.07457,56.2682
26752,1.07457,56.268
26753,1.07457,56.2685
26754,1.08146,47.4417
26755,1.09117,35.4902
26756,1.09117,35.4896
26757,1.08085,44.6739
26758,1.08098,42.9615
26759,1.08111,42.9602
26760,1.04479,60.9748
26761,1.08119,45.906
26762,1.08104,45.5161
26763,1.08104,45.5169
26764,1.08087,45.8053
26765,1.04595,61.6051
26766,1.04581,61.6802
26767,1.04579,61.6772
26768,1.04583,61.6833
26769,1.08585,34.9077
26770,1.0904,32.4929
26771,1.08585,34.9071
26772,1.08595,34.9424
26773,1.08585,34.9077
26774,1.08584,34.9064
26775,1.08886,36.2239
26776,1.08881,36.824
26777,1.08881,36.8251
26778,1.0888,36.8229
26779,1.09002,35.9064
26780,1.08497,40.6559
26781,1.08496,40.6545
26782,1.07802,53.5641
26783,1.07833,53.1337
26784,1.07832,53.1322
26785,1.07834,53.1353
26786,1.07833,53.1337
26787,1.07826,53.7551
26788,1.04102,63.0894
26789,1.07852,47.8168
26790,1.07909,46.6734
26791,1.07874,47.5324
26792,1.08604,39.3146
26793,1.08476,40.8855
26794,1.08476,40.8853
26795,1.04565,61.847
26796,1.05987,65.2069
26797,1.02698,69.0695
26798,1.06004,65.1651
26799,1.05987,65.2069
26800,1.05987,65.2069
26801,1.05987,65.2069
26802,1.09947,64.1711
26803,1.1,66.6992
26804,1.0986,63.9276
26805,1.09947,64.1711
26806,1.09947,64.1711
26807,1.09947,64.1711
26808,1.0388,66.52
26809,1.01543,67.2262
26810,1.03889,66.5108
26811,1.0388,66.52
26812,1.0388,66.52
26813,1.0388,66.52
26814,0.985102,88.962
26815,0.937882,91.1108
26816,0.949328,89.9914
26817,0.954212,89.169
26818,0.939157,90.3504
26819,0.985907,88.9222
26820,0.985102,88.962
26821,0.985102,88.962
26822,0.985102,88.962
26823,1.03822,66.5096
26824,0.944225,67.3097
26825,1.03825,66.4964
26826,1.03822,66.5096
26827,1.03822,66.5096
26828,1.03822,66.5096
26829,1.09233,34.7262
26830,1.1,39.2331
26831,1.1,34.7828
26832,1.1,34.7342
26833,1.1,34.8054
26834,1.09586,39.0263
26835,1.09183,34.6732
26836,1.09233,34.7262
26837,1.09233,34.7262
26838,1.09233,34.7262
26839,1.07995,65.4003
26840,1.06736,64.8927
26841,1.07637,65.795
26842,1.07779,65.6395
26843,1.08067,65.3692
26844,1.07995,65.4003
26845,1.07995,65.4003
26846,1.07995,65.4003
26847,1.0534,65.3803
26848,1.05359,65.3365
26849,1.0534,65.3803
26850,1.0534,65.3803
26851,1.05402,66.926
26852,1.03997,66.526
26853,0.967549,68.0736
26854,1.05459,66.8766
26855,1.05402,66.926
26856,1.05402,66.926
26857,1.05402,66.926
26858,1.1,59.2171
26859,1.1,59.5376
26860,1.09919,59.1241
26861,1.1,59.2171
26862,1.1,59.2171
26863,1.1,59.2171
26864,1.08895,53.6846
26865,1.08879,53.6743
26866,1.08895,53.6846
26867,1.08895,53.6846
26868,1.07858,65.4982
26869,1.06892,64.8932
26870,1.07599,66.1525
26871,1.07534,65.7279
26872,1.07593,66.1441
26873,1.07612,65.6254
26874,1.07956,65.4391
26875,1.07858,65.4982
26876,1.07858,65.4982
26877,1.07858,65.4982
26878,1.09774,56.7801
26879,1.1,57.4417
26880,1.09764,56.7679
26881,1.09774,56.7801
26882,1.09774,56.7801
26883,1.09774,56.7801
26884,1.09586,77.4261
26885,1.08527,76.8716
26886,1.06403,74.5589
26887,1.03819,77.7815
26888,1.09651,77.4367
26889,1.0852,76.8647
26890,1.08527,76.8716
26891,1.08527,76.8716
26892,1.09693,48.3875
26893,1.09152,48.165
26894,1.09869,49.1445
26895,1.09822,48.5861
26896,1.09895,48.7867
26897,1.1,48.2222
26898,1.09615,48.2764
26899,1.09693,48.3875
26900,1.09693,48.3875
26901,1.09693,48.3875
26902,1.09349,53.2608
26903,1.09305,53.232
26904,1.09349,53.2608
26905,1.09349,53.2608
26906,1.0388,66.4639
26907,0.991246,67.2786
26908,1.03885,66.4567
26909,1.0388,66.4639
26910,1.0388,66.4639
26911,1.0388,66.4639
26912,1.07778,53.8995
26913,1.07525,57.6647
26914,1.03133,54.7935
26915,1.07774,53.8712
26916,1.07778,53.8995
26917,1.07778,53.8995
26918,1.07778,53.8995
26919,1.03911,66.5122
26920,1.02939,66.7255
26921,1.03313,66.8282
26922,1.03923,66.5068
26923,1.03911,66.5122
26924,1.03911,66.5122
26925,1.03911,66.5122
26926,1.09511,67.6877
26927,1.09931,70.5681
26928,1.09551,67.628
26929,1.09511,67.6877
26930,1.09511,67.6877
26931,1.09511,67.6877
26932,1.0973,68.297
26933,1.1,75.1313
26934,1.1,70.0557
26935,1.09696,68.2383
26936,1.0973,68.297
26937,1.0973,68.297
26938,1.0973,68.297
26939,1.06344,64.9632
26940,1.03094,68.5542
26941,1.0638,64.8997
26942,1.06344,64.9632
26943,1.06344,64.9632
26944,1.06344,64.9632
26945,1.1,35.0022
26946,1.09315,36.9773
26947,1.09553,38.263
26948,1.09968,34.9687
26949,1.1,35.0022
26950,1.1,35.0022
26951,1.1,35.0022
26952,1.05371,66.8746
26953,1.0412,66.7566
26954,1.0478,67.3865
26955,1.05448,66.8396
26956,1.05371,66.8746
26957,1.05371,66.8746
26958,1.05371,66.8746
26959,1.1,35.0532
26960,1.09572,38.0556
26961,1.09962,35.006
26962,1.1,35.0532
26963,1.1,35.0532
26964,1.1,35.0532
26965,1.03865,66.5139
26966,1.03017,67.0238
26967,1.03872,66.5069
26968,1.03865,66.5139
26969,1.03865,66.5139
26970,1.03865,66.5139
26971,1.08809,52.9579
26972,1.09979,53.6819
26973,1.08793,52.9517
26974,1.08809,52.9579
26975,1.08809,52.9579
26976,1.08809,52.9579
26977,1.07604,39.6876
26978,1.07966,36.2101
26979,1.08301,34.065
26980,1.0841,39.8549
26981,1.07599,39.7484
26982,1.07763,39.8021
26983,1.07945,36.081
26984,1.07604,39.6876
26985,1.07604,39.6876
26986,1.09837,79.1686
26987,1.08892,78.6455
26988,1.07828,78.7506
26989,1.1,79.7245
26990,1.1,79.6452
26991,1.1,79.5699
26992,1.08885,78.6264
26993,1.098,79.1179
26994,1.08892,78.6455
26995,1.08892,78.6455
26996,1.06065,74.2783
26997,1.06081,74.2609
26998,1.06065,74.2783
26999,1.06065,74.2783
27000,1.0634,65.983
27001,1.05961,65.2701
27002,1.06754,66.3157
27003,1.06627,66.0349
27004,1.06897,66.0526
27005,1.06517,65.971
27006,1.0634,65.983
27007,1.0634,65.983
27008,1.0634,65.983
27009,1.09022,54.0144
27010,1.0862,51.2096
27011,1.08572,52.3416
27012,1.1,55.4475
27013,1.09053,54.0643
27014,1.08554,51.0662
27015,1.09022,54.0144
27016,1.0862,51.2096
27017,1.03752,66.4988
27018,1.03808,66.4853
27019,1.03752,66.4988
27020,1.03752,66.4988
27021,1.03871,76.4129
27022,0.955923,76.7835
27023,1.03892,76.4073
27024,1.03871,76.4129
27025,1.03871,76.4129
27026,1.03871,76.4129
27027,1.02086,72.8561
27028,1.02096,72.8326
27029,1.02086,72.8561
27030,1.02086,72.8561
27031,1.0998,75.3445
27032,1.06622,72.6301
27033,1.09847,75.6589
27034,1.0224,76.3123
27035,1.02198,75.7675
27036,1.02201,75.8066
27037,1.1,75.2573
27038,1.0998,75.3445
27039,1.0998,75.3445
27040,1.0998,75.3445
27041,1.09827,68.998
27042,1.1,75.1408
27043,1.1,75.2129
27044,1.0981,68.9129
27045,1.09827,68.998
27046,1.09827,68.998
27047,1.09827,68.998
27048,1.08969,77.869
27049,1.03963,76.7632
27050,1.09223,77.8901
27051,1.08969,77.869
27052,1.08969,77.869
27053,1.08969,77.869
27054,1.03387,133.913
27055,1.03381,133.914
27056,1.03456,133.998
27057,1.04162,144.474
27058,1.04165,144.477
27059,1.0414,144.294
27060,1.03946,144.534
27061,1.06975,181.895
27062,1.07883,186.59
27063,1.07882,186.589
27064,1.07884,186.592
27065,1.07882,186.589
27066,1.07842,176.485
27067,1.07841,176.484
27068,1.07266,176.028
27069,1.07808,176.264
27070,1.03987,141.948
27071,1.03986,141.945
27072,1.03945,141.676
27073,1.04053,143.472
27074,1.07713,186.052
27075,1.07333,175.55
27076,1.05823,175.426
27077,1.05921,175.56
27078,1.0578,177.235
27079,1.06294,176.035
27080,1.05773,177.218
27081,1.0579,177.305
27082,1.0578,177.235
27083,1.0701,175.586
27084,1.03476,153.187
27085,1.03408,151.617
27086,1.03403,151.611
27087,1.03413,151.623
27088,1.03408,151.617
27089,1.03576,156.038
27090,1.03792,154.62
27091,1.0359,156.094
27092,1.03572,156.032
27093,1.03576,156.038
27094,1.06593,174.779
27095,1.06585,174.77
27096,1.066,174.786
27097,1.06593,174.779
27098,1.07229,175.318
27099,1.06899,174.652
27100,1.06895,174.644
27101,1.08383,187.435
27102,1.07055,181.998
27103,1.07062,182.009
27104,1.07262,183.06
27105,1.071,182.108
27106,1.07255,183.049
27107,1.07291,183.103
27108,1.07262,183.06
27109,1.07262,183.06
27110,1.06895,181.844
27111,1.06187,176.392
27112,1.06055,175.748
27113,1.06053,175.746
27114,1.03697,142.83
27115,1.03674,143.425
27116,1.03758,142.509
27117,1.07108,184.154
27118,1.07396,185.009
27119,1.071,184.139
27120,1.07091,184.133
27121,1.07108,184.154
27122,1.07579,185.342
27123,1.07591,185.357
27124,1.07492,185.338
27125,1.07482,185.322
27126,1.0743,184.574
27127,1.07439,184.588
27128,1.06132,177.556
27129,1.06132,177.555
27130,1.06365,178.549
27131,1.06364,178.548
27132,1.04062,144.094
27133,1.04059,144.089
27134,1.03434,145.502
27135,1.03485,145.28
27136,1.05955,178.811
27137,1.05954,178.81
27138,1.05968,178.81
27139,1.05955,178.811
27140,1.0827,185.914
27141,1.08269,185.913
27142,1.08304,185.774
27143,1.08304,185.773
27144,1.08305,185.775
27145,1.07285,183.204
27146,1.07285,183.203
27147,1.07282,175.868
27148,1.07279,175.864
27149,1.07284,175.871
27150,1.07282,175.868
27151,1.07329,175.919
27152,1.07325,175.913
27153,1.07332,175.927
27154,1.04001,142.474
27155,1.03796,142.945
27156,1.03794,142.941
27157,1.03799,142.948
27158,1.03796,142.945
27159,1.03929,141.57
27160,1.03932,141.573
27161,1.0705,175.009
27162,1.07069,174.987
27163,1.07071,174.989
27164,1.06286,182.525
27165,1.06285,182.524
27166,1.06552,180.162
27167,1.06551,180.161
27168,1.06739,180.408
27169,1.06909,181.562
27170,1.0406,140.279
27171,1.04058,140.276
27172,1.04092,139.66
27173,1.04091,139.658
27174,1.04094,139.663
27175,1.04092,139.66
27176,1.04103,139.762
27177,1.04102,139.76
27178,1.04105,139.764
27179,1.04049,140.714
27180,1.06884,181.483
27181,1.06668,174.201
27182,1.06659,174.188
27183,1.06681,174.214
27184,1.05819,173.939
27185,1.05811,173.925
27186,1.05827,173.954
27187,1.06779,175.191
27188,1.06691,174.095
27189,1.06769,175.178
27190,1.06811,175.241
27191,1.06779,175.191
27192,1.05999,173.615
27193,1.05991,173.601
27194,1.06007,173.628
27195,1.04088,142.805
27196,1.0409,142.808
27197,1.04086,142.802
27198,1.04203,143.105
27199,1.03985,141.761
27200,1.03982,141.758
27201,1.07626,184.512
27202,1.07626,184.511
27203,1.07627,184.514
27204,1.07567,184.674
27205,1.07566,184.673
27206,1.07491,184.82
27207,1.07492,184.821
27208,1.06818,161.806
27209,1.0829,164.208
27210,1.0829,164.207
27211,1.04002,141.769
27212,1.03995,141.758
27213,1.03935,141.689
27214,1.03781,140.349
27215,1.03965,141.73
27216,1.06696,181.862
27217,1.06695,181.861
27218,1.06696,181.863
27219,1.06696,181.862
27220,1.06574,181.887
27221,1.06573,181.886
27222,1.06604,181.885
27223,1.06574,181.887
27224,1.0724,182.837
27225,1.07241,182.838
27226,1.08358,185.588
27227,1.08358,185.588
27228,1.07784,184.501
27229,1.08339,184.796
27230,1.06294,174.809
27231,1.06233,175.238
27232,1.0357,142.704
27233,1.03565,142.698
27234,1.03569,142.704
27235,1.03587,142.438
27236,1.03592,142.445
27237,1.03587,142.438
27238,1.03586,143.159
27239,1.06244,182.084
27240,1.06156,134.144
27241,1.07515,176.129
27242,1.06678,174.023
27243,1.06675,174.02
27244,1.06682,174.027
27245,1.06783,173.696
27246,1.06781,173.692
27247,1.06887,174.058
27248,1.07597,184.222
27249,1.07596,184.221
27250,1.07597,184.222
27251,1.06887,173.749
27252,1.06716,173.722
27253,1.06839,173.843
27254,1.06102,173.603
27255,1.06096,173.594
27256,1.06108,173.612
27257,1.06102,173.603
27258,1.03943,143.984
27259,1.04097,141.937
27260,1.03925,143.963
27261,1.04074,144.072
27262,1.03943,143.984
27263,1.03943,143.984
27264,1.03953,139.249
27265,1.03969,139.268
27266,1.03736,138.833
27267,1.03834,140.903
27268,1.06283,173.685
27269,1.06675,174.04
27270,1.06681,174.051
27271,1.06669,174.03
27272,1.06675,174.04
27273,1.06443,173.802
27274,1.06436,173.792
27275,1.06457,173.972
27276,1.0645,173.961
27277,1.06464,173.981
27278,1.06457,173.972
27279,1.04086,138.613
27280,1.04073,138.6
27281,1.041,138.628
27282,1.0407,138.771
27283,1.04079,138.786
27284,1.04155,138.732
27285,1.03997,142.484
27286,1.0444,139.151
27287,1.04137,142.602
27288,1.03986,142.466
27289,1.03985,142.471
27290,1.03997,142.484
27291,1.03836,138.501
27292,1.03847,138.52
27293,1.0374,138.506
27294,1.04047,139.618
27295,1.04043,138.704
27296,1.04033,138.684
27297,1.04055,138.723
27298,1.06524,165.649
27299,1.06807,164.671
27300,1.06546,164.181
27301,1.06547,164.182
27302,1.06545,164.18
27303,1.04129,139.449
27304,1.04127,139.446
27305,1.04131,139.451
27306,1.04206,139.058
27307,1.04455,138.998
27308,1.04457,139.001
27309,1.04455,138.998
27310,1.04455,138.998
27311,1.03534,146.171
27312,1.03533,146.171
27313,1.03852,151.289
27314,1.03852,151.288
27315,1.03882,141.297
27316,1.03878,141.29
27317,1.03944,141.675
27318,1.03806,138.74
27319,1.0381,138.747
27320,1.03806,138.74
27321,1.07835,183.98
27322,1.07835,183.979
27323,1.08398,184.715
27324,1.08397,184.713
27325,1.07994,184.129
27326,1.07994,184.128
27327,1.07994,184.129
27328,1.07994,184.129
27329,1.06841,181.886
27330,1.0684,181.885
27331,1.06775,179.712
27332,1.06777,179.714
27333,1.06775,179.712
27334,1.06774,179.711
27335,1.06236,180.96
27336,1.06269,182.194
27337,1.06272,182.198
27338,1.06269,182.194
27339,1.06269,182.194
27340,1.06226,181.374
27341,1.06137,174.719
27342,1.06135,174.715
27343,1.06139,174.723
27344,1.05999,175.357
27345,1.05997,175.354
27346,1.05897,175.255
27347,1.05914,175.257
27348,1.05897,175.255
27349,1.06945,176.399
27350,1.0723,176.058
27351,1.07148,176.095
27352,1.07145,176.09
27353,1.03846,139.666
27354,1.03834,139.651
27355,1.0386,139.682
27356,1.03601,137.89
27357,1.03594,137.874
27358,1.03608,137.905
27359,1.03601,137.89
27360,1.04093,138.517
27361,1.04081,138.533
27362,1.04093,138.517
27363,1.03649,138.425
27364,1.03638,138.411
27365,1.0366,138.441
27366,1.05636,179.428
27367,1.06057,178.628
27368,1.06025,178.988
27369,1.0602,178.98
27370,1.06051,179.971
27371,1.05296,180.549
27372,1.06029,180.859
27373,1.05628,180.146
27374,1.04092,139.422
27375,1.03731,140.743
27376,1.03726,140.735
27377,1.03972,139.884
27378,1.03967,139.877
27379,1.03977,139.892
27380,1.03972,139.884
27381,1.037,141.03
27382,1.03694,141.023
27383,1.037,141.03
27384,1.0388,139.253
27385,1.03824,139.864
27386,1.03826,138.732
27387,1.03822,138.727
27388,1.08417,184.909
27389,1.08416,184.908
27390,1.08419,184.911
27391,1.06492,173.983
27392,1.06401,174.458
27393,1.064,174.457
27394,1.06401,174.46
27395,1.06401,174.458
27396,1.05471,179.119
27397,1.06154,180.294
27398,1.06153,180.291
27399,1.06155,180.296
27400,1.06154,180.294
27401,1.07676,173.313
27402,1.07676,173.312
27403,1.07676,173.313
27404,1.07676,173.313
27405,1.0729,173.478
27406,1.0811,183.712
27407,1.08109,183.711
27408,1.0811,183.713
27409,1.07084,183.398
27410,1.07085,183.399
27411,1.07084,183.398
27412,1.04341,142.323
27413,1.04107,139.108
27414,1.0433,142.305
27415,1.04444,142.522
27416,1.04341,142.323
27417,1.04341,142.323
27418,1.03887,138.458
27419,1.03665,137.797
27420,1.0365,137.789
27421,1.03646,137.865
27422,1.04571,156.705
27423,1.04571,156.705
27424,1.03729,138.103
27425,1.04726,138.386
27426,1.03893,138.132
27427,1.03777,138.488
27428,1.03783,138.501
27429,1.03769,138.476
27430,1.0375,138.697
27431,1.03741,138.685
27432,1.03777,138.384
27433,1.03751,138.479
27434,1.06342,177.01
27435,1.06603,178.293
27436,1.05463,169.989
27437,1.0561,168.767
27438,1.03788,137.725
27439,1.03781,137.71
27440,1.03809,138.036
27441,1.03796,138.021
27442,1.03804,137.99
27443,1.03793,137.975
27444,1.03825,137.818
27445,1.0381,137.804
27446,1.0384,137.833
27447,1.03825,137.818
27448,1.0455,141.061
27449,1.04882,138.644
27450,1.04666,141.191
27451,1.04543,141.048
27452,1.0455,141.061
27453,1.04551,138.146
27454,1.04544,138.134
27455,1.04557,138.158
27456,1.0403,137.687
27457,1.04591,138.123
27458,1.04184,139.841
27459,1.03892,137.459
27460,1.03879,137.439
27461,1.03902,137.479
27462,1.03892,137.459
27463,1.04035,137.499
27464,1.04025,137.479
27465,1.04044,137.519
27466,1.0417,137.823
27467,1.04137,138.507
27468,1.04527,137.702
27469,1.04515,137.683
27470,1.04539,137.722
27471,1.04527,137.702
27472,1.04335,138.445
27473,1.04197,138.845
27474,1.04272,138.558
27475,1.04267,138.548
27476,1.0431,138.467
27477,1.04305,138.456
27478,1.03965,137.616
27479,1.03949,137.595
27480,1.03981,137.634
27481,1.03965,137.616
27482,1.04296,141.58
27483,1.04359,138.747
27484,1.04282,141.561
27485,1.04411,141.704
27486,1.04296,141.58
27487,1.04262,138.43
27488,1.03883,138.559
27489,1.05304,174.616
27490,1.05303,174.614
27491,1.05591,178.846
27492,1.06869,176.585
27493,1.06868,176.583
27494,1.04301,138.577
27495,1.04296,138.568
27496,1.04305,138.585
27497,1.03894,137.895
27498,1.04473,138.41
27499,1.04479,138.419
27500,1.04473,138.41
27501,1.03825,137.583
27502,1.06395,173.913
27503,1.06394,173.911
27504,1.06396,173.914
27505,1.06444,173.748
27506,1.06377,174.041
27507,1.06377,174.039
27508,1.07917,183.629
27509,1.08033,183.66
27510,1.04265,137.517
27511,1.04156,137.583
27512,1.04145,137.571
27513,1.04549,138.383
27514,1.04115,137.716
27515,1.04106,137.703
27516,1.04124,137.73
27517,1.03863,137.645
27518,1.03853,137.63
27519,1.03877,137.66
27520,1.04391,138.542
27521,1.0438,138.526
27522,1.04024,137.557
27523,1.04096,137.449
27524,1.05173,172.891
27525,1.05175,172.893
27526,1.06622,173.385
27527,1.06623,173.386
27528,1.06846,179.313
27529,1.0683,172.954
27530,1.06829,172.953
27531,1.0683,172.955
27532,1.06983,173.061
27533,1.06983,173.06
27534,1.06984,173.062
27535,1.06983,173.061
27536,1.06625,173.499
27537,1.06626,173.5
27538,1.06625,173.498
27539,1.06625,173.499
27540,1.07492,134.437
27541,1.07364,134.397
27542,1.03164,115.76
27543,1.03142,114.218
27544,1.04096,138.194
27545,1.04018,137.686
27546,1.04127,138.017
27547,1.04102,138.033
27548,1.08207,183.88
27549,1.08185,183.839
27550,1.08058,183.541
27551,1.08019,173.157
27552,1.08439,172.836
27553,1.0844,172.838
27554,1.0415,140.391
27555,1.04192,139.135
27556,1.06202,179.36
27557,1.062,179.357
27558,1.06027,174.668
27559,1.06492,173.556
27560,1.06114,174.706
27561,1.06027,174.668
27562,1.06027,174.668
27563,1.06025,174.666
27564,1.06427,173.708
27565,1.065,173.01
27566,1.04155,137.601
27567,1.0416,137.606
27568,1.0458,137.77
27569,1.04325,137.584
27570,1.0433,137.589
27571,1.0587,178.42
27572,1.05446,178.102
27573,1.05444,178.098
27574,1.05448,178.105
27575,1.05446,178.102
27576,1.06457,179.71
27577,1.05834,178.48
27578,1.06454,179.707
27579,1.06497,179.753
27580,1.06457,179.71
27581,1.06457,179.71
27582,1.0414,151.505
27583,1.04148,153.201
27584,1.04148,153.2
27585,1.04149,153.202
27586,1.04148,153.201
27587,1.06053,178.385
27588,1.06052,178.383
27589,1.06066,178.399
27590,1.07096,181.111
27591,1.07094,181.108
27592,1.07097,181.114
27593,1.07096,181.111
27594,1.06475,173.583
27595,1.04816,174.185
27596,1.04408,172.704
27597,1.04813,174.181
27598,1.04992,174.282
27599,1.04816,174.185
27600,1.04816,174.185
27601,1.04311,172.257
27602,1.04309,172.253
27603,1.04314,172.261
27604,1.03623,171.525
27605,1.0653,172.158
27606,1.06529,172.157
27607,1.05366,137.436
27608,1.05334,137.46
27609,1.04971,137.998
27610,1.04965,137.988
27611,1.04015,176.3
27612,1.05496,177.412
27613,1.05496,177.411
27614,1.05496,177.411
27615,1.05497,177.414
27616,1.04002,143.857
27617,1.04178,144.695
27618,1.04179,144.696
27619,1.04177,144.694
27620,1.04141,144.484
27621,1.04141,144.485
27622,1.07173,181
27623,1.07153,181.059
27624,1.09289,133.705
27625,1.09209,133.59
27626,1.09207,133.588
27627,1.09211,133.592
27628,1.09027,133.797
27629,1.09026,133.795
27630,1.09029,133.799
27631,1.07104,170.734
27632,1.06981,171.261
27633,1.06982,171.263
27634,1.06981,171.261
27635,1.06979,171.259
27636,1.06578,178.581
27637,1.06577,178.58
27638,1.06537,170.743
27639,1.06821,131.011
27640,1.05903,128.54
27641,1.05407,138.578
27642,1.05382,138.778
27643,1.04863,168.661
27644,1.04863,168.661
27645,1.04863,168.661
27646,1.08686,132.791
27647,1.07294,133.234
27648,1.07208,133.559
27649,1.08406,133.225
27650,1.07416,133.359
27651,1.07411,133.348
27652,0.997968,170.536
27653,1.08708,132.24
27654,1.08732,133.123
27655,1.08734,133.125
27656,1.08731,133.122
27657,0.99183,161.57
27658,0.998253,163.21
27659,1.05084,140.75
27660,1.05084,140.751
27661,0.96992,154.141
27662,0.969912,154.139
27663,0.970176,152.917
27664,0.970902,152.354
27665,1.07867,128.224
27666,1.08086,129.164
27667,1.06898,119.903
27668,1.06331,124.997
27669,1.06069,126.054
27670,1.06064,126.048
27671,1.06094,125.994
27672,0.968059,155.7
27673,1.05403,126.573
27674,1.07833,125.448
27675,1.07718,126.26
27676,1.07613,125.363
27677,1.07183,125.128
27678,1.07233,125.607
27679,1.07277,126.431
27680,1.05263,124.973
27681,1.05103,123.061
27682,1.05164,124.246
27683,1.06623,124.225
27684,1.0662,124.221
27685,1.0691,123.451
27686,1.06859,123.544
27687,1.06046,123.152
27688,1.06423,121.052
27689,1.06035,123.13
27690,1.06077,123.273
27691,1.06046,123.152
27692,1.06301,120.123
27693,1.066,121.409
27694,1.06437,120.59
27695,1.06425,120.571
27696,1.06448,120.611
27697,1.06472,120.101
27698,0.964189,154.239
27699,0.964188,154.239
27700,0.964353,154.237
27701,0.991589,147.105
27702,0.991616,147.109
27703,0.992415,147.086
27704,0.993749,148.153
27705,1.08424,124.454
27706,1.08418,124.445
27707,1.08431,124.464
27708,1.08424,124.454
27709,1.08922,123.789
27710,1.09587,123.305
27711,1.09304,123.509
27712,1.07554,123.79
27713,1.07553,123.788
27714,1.07556,123.793
27715,1.07886,122.791
27716,1.07414,123.985
27717,1.0742,123.987
27718,1.07413,123.983
27719,1.07414,123.985
27720,1.0673,120.93
27721,1.0777,121.523
27722,1.07777,121.531
27723,1.07764,121.514
27724,1.0777,121.523
27725,0.963617,150.162
27726,0.963607,150.16
27727,0.963627,150.164
27728,0.963255,148.51
27729,0.963969,150.298
27730,0.963959,150.296
27731,0.963977,150.3
27732,1.05142,121.745
27733,1.05141,121.744
27734,1.05144,121.747
27735,1.05142,121.745
27736,1.05274,121.009
27737,1.05273,121.008
27738,1.05275,121.01
27739,1.05274,121.009
27740,1.05189,121.22
27741,1.05184,121.212
27742,1.05761,121.125
27743,1.05967,121.233
27744,1.07716,120.623
27745,1.07717,120.624
27746,1.08419,121.151
27747,1.0842,121.152
27748,1.0872,121.608
27749,1.08719,121.606
27750,1.08753,124.107
27751,1.08753,124.107
27752,1.08752,124.106
27753,1.07105,121.91
27754,1.06837,121.731
27755,1.06835,121.728
27756,1.06839,121.733
27757,1.06837,121.731
27758,1.07185,121.982
27759,1.09486,123.83
27760,1.09484,123.828
27761,1.09488,123.832
27762,1.07983,123.254
27763,1.08453,123.698
27764,1.08452,123.697
27765,1.08454,123.7
27766,1.08453,123.698
27767,1.07343,119.675
27768,1.07343,119.676
27769,1.07342,119.673
27770,1.0727,120.974
27771,1.09918,124.125
27772,0.97581,140.813
27773,0.975815,140.814
27774,0.975805,140.812
27775,0.972387,140.233
27776,0.971511,139.938
27777,0.97154,139.943
27778,0.965243,141.273
27779,1.03901,121.641
27780,1.03446,122.569
27781,1.02878,123.67
27782,1.02877,123.669
27783,1.02878,123.671
27784,1.04559,118.144
27785,1.04737,120.139
27786,1.04738,120.141
27787,1.06495,117.207
27788,1.06492,117.204
27789,1.06945,119.191
27790,1.0674,118.848
27791,1.0671,118.875
27792,1.05927,121.45
27793,1.06712,120.074
27794,1.05923,121.442
27795,1.05925,121.447
27796,1.05924,121.525
27797,1.05927,121.45
27798,1.06872,119.536
27799,1.06867,119.528
27800,1.06745,118.952
27801,1.06903,119.191
27802,0.974667,140.097
27803,1.06308,116.598
27804,1.06305,116.593
27805,1.06201,116.559
27806,1.06207,116.561
27807,1.06201,116.559
27808,1.01537,126.293
27809,1.05546,118.182
27810,0.979943,137.315
27811,0.979734,137.319
27812,0.979937,137.315
27813,0.979943,137.315
27814,1.04556,114.034
27815,1.04556,114.033
27816,1.04557,114.035
27817,1.03915,115.949
27818,1.0424,115.577
27819,1.0424,115.577
27820,1.04239,115.576
27821,1.0424,115.577
27822,1.06121,115.7
27823,1.06064,115.678
27824,1.06056,115.67
27825,1.06071,115.687
27826,1.06235,115.611
27827,1.06477,117.446
27828,1.06476,117.445
27829,1.06228,114.218
27830,1.06229,114.219
27831,1.06303,113.575
27832,1.04727,112.739
27833,1.04726,112.738
27834,1.04643,113.347
27835,1.04644,113.348
27836,1.04643,113.346
27837,1.04383,114.341
27838,1.04382,114.34
27839,1.04384,114.342
27840,1.04383,114.341
27841,1.06027,117.638
27842,1.05976,117.671
27843,1.06218,117.6
27844,1.06217,117.6
27845,0.996201,131.112
27846,1.00364,124.194
27847,1.07499,109.232
27848,1.07317,108.906
27849,1.07489,109.059
27850,1.07487,109.055
27851,1.07491,109.063
27852,1.07489,109.059
27853,1.06928,108.988
27854,1.05759,104.445
27855,1.05757,105.504
27856,1.05756,104.883
27857,1.05749,108.036
27858,1.0574,107.004
27859,1.05739,107.002
27860,1.06792,102.726
27861,1.07033,105.472
27862,1.07027,105.003
27863,1.07021,104.994
27864,1.07024,104.759
27865,1.07302,105.163
27866,1.07301,105.162
27867,1.07302,105.163
27868,1.07493,104.989
27869,1.07692,106.488
27870,1.07246,105.815
27871,1.07682,106.475
27872,1.07728,106.521
27873,1.07692,106.488
27874,1.07692,106.488
27875,1.06858,106.034
27876,1.06559,106.349
27877,1.06567,106.362
27878,1.06552,106.336
27879,1.06558,102.656
27880,1.06558,102.656
27881,1.06558,102.657
27882,1.06558,102.656
27883,1.06793,101.739
27884,1.05827,99.5148
27885,1.05824,99.5122
27886,1.0583,99.5176
27887,1.05826,99.1704
27888,1.05853,98.5804
27889,1.05851,98.578
27890,1.08093,104.104
27891,1.06962,102.237
27892,1.0684,102.094
27893,1.06987,102.261
27894,1.06962,102.237
27895,1.06945,102.218
27896,1.06792,102.063
27897,1.06723,102.797
27898,1.06707,102.779
27899,1.06739,102.813
27900,1.06736,102.178
27901,1.06722,102.159
27902,1.07026,97.6694
27903,1.07026,97.6687
27904,1.07027,97.67
27905,1.07026,97.6694
27906,1.07174,98.4735
27907,1.07173,98.4726
27908,1.08632,103.373
27909,1.05655,107.296
27910,1.0924,102.446
27911,1.09239,102.446
27912,1.09239,102.446
27913,1.07141,99.6462
27914,1.0718,99.0043
27915,1.07182,99.0063
27916,1.06807,101.14
27917,1.06799,101.128
27918,1.06815,101.153
27919,1.0719,99.4587
27920,1.07095,99.973
27921,1.07085,99.9629
27922,1.07094,99.9715
27923,1.07106,99.984
27924,1.07191,100.442
27925,1.09126,103.109
27926,1.09118,103.098
27927,1.09134,103.12
27928,1.08873,103.155
27929,1.08815,103.226
27930,1.08219,103.681
27931,1.06893,97.2351
27932,1.06827,96.9442
27933,1.06825,96.9421
27934,1.09054,102.841
27935,1.09051,102.835
27936,1.09057,102.847
27937,1.09054,102.841
27938,1.09044,102.848
27939,1.0904,102.843
27940,1.09047,102.853
27941,1.09044,102.848
27942,1.0892,102.54
27943,1.08917,102.534
27944,1.08923,102.546
27945,1.07579,96.7141
27946,1.07579,96.7148
27947,1.07266,98.0402
27948,1.07133,97.6686
27949,1.07132,97.6681
27950,1.07133,97.6692
27951,1.06629,91.4323
27952,1.06571,93.9764
27953,1.06569,93.9746
27954,1.09067,102.928
27955,1.09074,102.936
27956,1.09059,102.918
27957,1.09067,102.928
27958,1.09164,103.102
27959,1.09158,103.092
27960,1.09439,103.533
27961,1.09418,103.513
27962,1.09153,102.543
27963,1.09151,102.541
27964,1.09155,102.546
27965,1.09153,102.543
27966,1.09232,102.311
27967,1.09231,102.31
27968,1.09232,102.312
27969,1.09232,102.311
27970,1.08957,102.892
27971,1.07677,98.4815
27972,1.07678,98.483
27973,1.09298,103.396
27974,1.09297,103.395
27975,1.09303,102.581
27976,1.09194,102.496
27977,1.0918,102.279
27978,1.09335,102.69
27979,1.0934,102.699
27980,1.09592,103.095
27981,1.09343,102.626
27982,1.09622,103.129
27983,1.0958,103.079
27984,1.09592,103.095
27985,1.09592,103.095
27986,1.09289,102.6
27987,1.09281,102.581
27988,1.093,102.619
27989,1.09289,102.6
27990,1.09495,103.567
27991,1.09428,103.31
27992,1.07768,100.722
27993,1.08283,101.086
27994,1.08223,100.652
27995,1.09384,102.314
27996,1.09535,102.831
27997,1.09407,102.485
27998,1.09528,102.817
27999,1.09566,102.875
28000,1.09535,102.831
28001,1.09201,102.262
28002,1.09349,102.442
28003,1.09341,102.426
28004,1.09358,102.459
28005,1.09349,102.442
28006,1.09526,103.198
28007,1.09531,103.205
28008,1.09601,102.9
28009,1.09546,102.806
28010,1.09578,103.67
28011,1.07633,88.4426
28012,1.07632,88.4409
28013,1.07634,88.4444
28014,1.07633,88.4426
28015,1.09111,102.51
28016,1.09074,102.564
28017,1.09077,102.568
28018,1.09071,102.56
28019,1.09043,102.747
28020,1.09041,102.743
28021,1.09045,102.752
28022,1.08037,96.7606
28023,1.08037,96.7594
28024,1.08038,96.7618
28025,1.08037,96.7605
28026,1.07781,93.2029
28027,1.0778,93.2017
28028,1.07655,88.8005
28029,1.0766,88.8061
28030,1.0765,88.7948
28031,1.07577,88.8402
28032,1.07572,88.8342
28033,1.07598,88.9853
28034,1.09165,102.487
28035,1.09467,102.231
28036,1.0943,102.254
28037,1.09289,102.523
28038,1.09502,102.066
28039,1.09407,101.202
28040,1.09407,101.203
28041,1.08244,98.4962
28042,1.08246,98.241
28043,1.08245,98.2384
28044,1.08247,98.2436
28045,1.08246,98.241
28046,1.0824,97.9566
28047,1.08238,97.9542
28048,1.08242,97.9591
28049,1.0824,97.9566
28050,1.07821,87.2478
28051,1.0782,87.2463
28052,1.07822,87.2493
28053,1.07821,87.2478
28054,1.09594,102.183
28055,1.09198,101.575
28056,1.09198,101.574
28057,1.09199,101.575
28058,1.09198,101.575
28059,1.04523,107.573
28060,1.04524,107.574
28061,1.02677,110.21
28062,1.09414,102.685
28063,1.09413,102.683
28064,1.09007,103.149
28065,1.09435,102.323
28066,1.09434,102.321
28067,1.09436,102.324
28068,1.07693,85.2667
28069,1.07631,84.6498
28070,1.07629,84.6474
28071,1.07634,84.6522
28072,1.07631,84.6498
28073,1.07745,85.6417
28074,1.07724,85.5126
28075,1.09002,99.022
28076,1.09001,99.0202
28077,1.09003,99.024
28078,1.09002,99.022
28079,1.09289,99.7362
28080,1.09458,100.04
28081,1.09457,100.039
28082,1.09489,100.018
28083,1.09651,100.456
28084,1.09651,100.455
28085,1.09652,100.457
28086,1.09142,99.4948
28087,1.09143,99.4973
28088,1.08983,99.0415
28089,1.09154,99.8086
28090,1.07404,84.7116
28091,1.08567,99.4833
28092,1.08566,99.483
28093,1.08567,99.4835
28094,1.08567,99.4833
28095,1.06913,84.3167
28096,1.06922,84.3164
28097,1.06912,84.3161
28098,1.06913,84.3167
28099,1.09336,122.495
28100,1.1,122.55
28101,1.1,122.618
28102,1.1,122.585
28103,1.09313,122.496
28104,1.09336,122.495
28105,1.09336,122.495
28106,1.09336,122.495
28107,1.05156,138.152
28108,1.05136,138.14
28109,1.05156,138.152
28110,1.05156,138.152
28111,1.1,133.812
28112,1.09926,133.801
28113,1.1,133.812
28114,1.1,133.812
28115,1.08342,129.177
28116,1.08339,129.174
28117,1.08329,129.171
28118,1.08342,129.177
28119,1.09679,104.116
28120,1.1,109.628
28121,1.09652,104.045
28122,1.09679,104.116
28123,1.09679,104.116
28124,1.09679,104.116
28125,1.04061,146.166
28126,1.04301,143.755
28127,1.0729,146.346
28128,1.07512,146.475
28129,1.04,146.239
28130,1.04061,146.166
28131,1.04061,146.166
28132,1.04061,146.166
28133,1.08573,129.833
28134,1.08559,129.826
28135,1.08573,129.833
28136,1.08573,129.833
28137,1.04649,116.917
28138,1.05876,115.736
28139,1.04596,116.988
28140,1.04649,116.917
28141,1.04649,116.917
28142,1.04649,116.917
28143,1.0409,143.97
28144,1.04286,140.532
28145,1.0409,143.969
28146,1.04124,144.105
28147,1.0409,143.97
28148,1.0409,143.97
28149,1.06704,128.43
28150,1.07813,128.654
28151,1.04545,128.881
28152,1.04282,128.607
28153,1.09141,129.995
28154,1.06607,128.404
28155,1.06704,128.43
28156,1.06704,128.43
28157,1.06704,128.43
28158,1.04362,146.747
28159,1.04184,144.604
28160,1.04216,148.705
28161,1.04493,146.823
28162,1.04891,144.787
28163,1.04307,146.75
28164,1.04362,146.747
28165,1.04362,146.747
28166,1.04362,146.747
28167,1.08836,133.195
28168,1.09575,133.858
28169,1.08824,133.188
28170,1.08836,133.195
28171,1.08836,133.195
28172,1.08836,133.195
28173,1.08933,132.887
28174,1.1,134.726
28175,1.08932,132.886
28176,1.08919,132.872
28177,1.08933,132.887
28178,1.08933,132.887
28179,1.08045,93.1172
28180,1.08498,91.2344
28181,1.07754,89.8451
28182,1.08484,93.4858
28183,1.09423,91.5731
28184,1.08498,91.2342
28185,1.08484,91.1445
28186,1.08053,93.2081
28187,1.08498,91.2344
28188,1.06795,129.562
28189,1.08044,129.839
28190,1.1,135.255
28191,1.08993,130.428
28192,1.06595,129.384
28193,1.06794,129.562
28194,1.06795,129.562
28195,1.06795,129.562
28196,1.04609,126.69
28197,1.06076,126.525
28198,1.06904,127.359
28199,1.05,126.659
28200,1.04609,126.69
28201,1.04609,126.69
28202,1.04609,126.69
28203,1.07725,121.139
28204,1.07694,121.118
28205,1.07725,121.139
28206,1.07725,121.139
28207,1.05438,140.775
28208,1.05164,137.963
28209,1.1,145.951
28210,1.05802,141.07
28211,1.0636,139.19
28212,1.07245,138.163
28213,1.05872,140.894
28214,1.0525,140.695
28215,1.05438,140.775
28216,1.05438,140.775
28217,1.05438,140.775
28218,1.08738,133.322
28219,1.09569,134.133
28220,1.0873,133.317
28221,1.08738,133.322
28222,1.08738,133.322
28223,1.08738,133.322
28224,1.08236,186.047
28225,1.09761,186.092
28226,1.0822,186.048
28227,1.08236,186.047
28228,1.08236,186.047
28229,1.08236,186.047
28230,1.07419,108.232
28231,1.07408,108.224
28232,1.07419,108.232
28233,1.07419,108.232
28234,1.0937,103.095
28235,1.07845,103.772
28236,1.07731,103.216
28237,1.09352,103.093
28238,1.0937,103.095
28239,1.0937,103.095
28240,1.0937,103.095
28241,1.1,123.227
28242,1.09846,123.219
28243,1.1,123.227
28244,1.1,123.227
28245,1.09257,103.359
28246,1.1,104.807
28247,1.09408,103.466
28248,1.09243,103.351
28249,1.09257,103.359
28250,1.09257,103.359
28251,1.09257,103.359
28252,1.07824,127.79
28253,1.08429,128.195
28254,1.08394,128.258
28255,1.08819,128.54
28256,1.1,131.809
28257,1.1,133.779
28258,1.1,135.396
28259,1.07804,127.778
28260,1.07824,127.79
28261,1.07824,127.79
28262,1.07824,127.79
28263,1.08952,133.417
28264,1.1,141.225
28265,1.08934,133.37
28266,1.08952,133.417
28267,1.08952,133.417
28268,1.08952,133.417
28269,1.0882,132.223
28270,1.06436,133.089
28271,1.08811,132.217
28272,1.0882,132.223
28273,1.0882,132.223
28274,1.0882,132.223
28275,1.07123,175.458
28276,1.1,176.623
28277,1.1,176.992
28278,1.07076,175.426
28279,1.07123,175.458
28280,1.07123,175.458
28281,1.07123,175.458
28282,1.09892,103.064
28283,1.09776,102.899
28284,1.06354,103.159
28285,1.1,104.257
28286,1.06959,103.12
28287,1.1,103.418
28288,1.07231,103.206
28289,1.06927,103.089
28290,1.09901,103.067
28291,1.09892,103.064
28292,1.09892,103.064
28293,1.09892,103.064
28294,1.08173,129.322
28295,1.0921,130.239
28296,1.08166,129.318
28297,1.08173,129.322
28298,1.08173,129.322
28299,1.08173,129.322
28300,1.08926,133.035
28301,1.08905,133.022
28302,1.08926,133.035
28303,1.08926,133.035
28304,1.09273,173.574
28305,1.08651,172.684
28306,1.1,174.9
28307,1.1,174.569
28308,1.1,174.849
28309,1.1,174.933
28310,1.1,177.297
28311,1.1,175.171
28312,1.09074,173.38
28313,1.09273,173.574
28314,1.09273,173.574
28315,1.09273,173.574
28316,1.08225,129.854
28317,1.09996,131.601
28318,1.08211,129.845
28319,1.08225,129.854
28320,1.08225,129.854
28321,1.08225,129.854
28322,1.07381,120.156
28323,1.09513,122.266
28324,1.07367,120.145
28325,1.07381,120.156
28326,1.07381,120.156
28327,1.07381,120.156
28328,1.06201,122.489
28329,1.07447,121.661
28330,1.09783,123.78
28331,1.08617,122.744
28332,1.06143,122.555
28333,1.06201,122.489
28334,1.06201,122.489
28335,1.06201,122.489
28336,1.09062,121.626
28337,1.09005,121.621
28338,1.09062,121.626
28339,1.09062,121.626
28340,1.08964,185.626
28341,1.1,190.007
28342,1.1,187.62
28343,1.1,189.373
28344,1.1,192.05
28345,1.1,190.785
28346,1.08839,185.425
28347,1.08964,185.626
28348,1.08964,185.626
28349,1.08964,185.626
28350,1.08355,129.563
28351,1.0744,132.733
28352,1.0834,129.551
28353,1.08355,129.563
28354,1.08355,129.563
28355,1.08355,129.563
28356,1.1,100.834
28357,1.0992,100.834
28358,1.1,100.834
28359,1.1,100.834
28360,1.08753,133.279
28361,1.1,135.044
28362,1.08739,133.266
28363,1.08753,133.279
28364,1.08753,133.279
28365,1.08753,133.279
28366,1.08223,129.832
28367,1.08219,129.831
28368,1.08223,129.832
28369,1.08223,129.832
28370,1.07557,133.026
28371,1.09829,134.728
28372,1.07528,133.011
28373,1.07557,133.026
28374,1.07557,133.026
28375,1.07557,133.026
28376,1.09983,103.352
28377,1.08927,101.357
28378,1.09157,104.263
28379,1.0907,103.69
28380,1.1,103.364
28381,1.09983,103.352
28382,1.09983,103.352
28383,1.09983,103.352
28384,1.06701,129.175
28385,1.08122,129.865
28386,1.1,134.371
28387,1.06438,128.942
28388,1.06701,129.175
28389,1.06701,129.175
28390,1.06701,129.175
28391,1.08402,130.11
28392,1.09926,131.612
28393,1.08383,130.097
28394,1.08402,130.11
28395,1.08402,130.11
28396,1.08402,130.11
28397,1.04337,146.255
28398,1.04244,148.564
28399,1.09268,155.16
28400,1.0434,146.171
28401,1.04337,146.255
28402,1.04337,146.255
28403,1.04337,146.255
28404,1.08257,97.591
28405,1.06063,98.3906
28406,1.1,99.0544
28407,1.05881,105.172
28408,1.08241,97.585
28409,1.08257,97.591
28410,1.08257,97.591
28411,1.08257,97.591
28412,1.08311,176.899
28413,1.08701,180.716
28414,1.08233,179.536
28415,1.1,180.619
28416,1.08224,176.813
28417,1.08311,176.899
28418,1.08311,176.899
28419,1.08311,176.899
28420,1.07872,109.514
28421,1.1,114.694
28422,1.07831,109.461
28423,1.07872,109.514
28424,1.07872,109.514
28425,1.07872,109.514
28426,1.08574,131.517
28427,1.08569,131.517
28428,1.08574,131.517
28429,1.08574,131.517
28430,1.08526,129.716
28431,1.1,132.7
28432,1.08512,129.701
28433,1.08526,129.716
28434,1.08526,129.716
28435,1.08526,129.716
28436,1.05022,139.856
28437,1.05317,139.837
28438,1.05011,139.858
28439,1.05022,139.856
28440,1.05022,139.856
28441,1.05022,139.856
28442,1.06102,165.495
28443,1.07124,163.762
28444,1.07645,167.128
28445,1.06876,166.295
28446,1.1,171.616
28447,1.07226,165.886
28448,1.07142,165.979
28449,1.09396,163.765
28450,1.05665,165.265
28451,1.06102,165.495
28452,1.06102,165.495
28453,1.06102,165.495
28454,1.08507,129.837
28455,1.09879,131.119
28456,1.08493,129.827
28457,1.08507,129.837
28458,1.08507,129.837
28459,1.08507,129.837
28460,1.06839,176.295
28461,1.07665,181.85
28462,1.07645,181.774
28463,1.09343,183.213
28464,1.07774,179.245
28465,1.06773,176.219
28466,1.06839,176.295
28467,1.06839,176.295
28468,1.06839,176.295
28469,1.08869,133.123
28470,1.0939,133.586
28471,1.08861,133.118
28472,1.08869,133.123
28473,1.08869,133.123
28474,1.08869,133.123
28475,1.08281,129.579
28476,1.08266,129.569
28477,1.08281,129.579
28478,1.08281,129.579
28479,1.0977,104.187
28480,1.1,108.003
28481,1.09739,104.145
28482,1.0977,104.187
28483,1.0977,104.187
28484,1.0977,104.187
28485,1.08163,129.868
28486,1.08531,130.193
28487,1.08156,129.864
28488,1.08163,129.868
28489,1.08163,129.868
28490,1.08163,129.868
28491,1.06113,135.472
28492,1.07651,134.531
28493,1.05337,136.011
28494,1.1,139.483
28495,1.06036,135.493
28496,1.06113,135.472
28497,1.06113,135.472
28498,1.06113,135.472
28499,1.1,124.243
28500,1.0998,124.223
28501,1.1,124.243
28502,1.1,124.243
28503,1.06669,132.412
28504,1.08556,133.232
28505,1.1,137.116
28506,1.06442,132.258
28507,1.06669,132.412
28508,1.06669,132.412
28509,1.06669,132.412
28510,1.06435,124.078
28511,1.09149,123.613
28512,1.06305,124.101
28513,1.06435,124.078
28514,1.06435,124.078
28515,1.06435,124.078
28516,1.07822,122.52
28517,1.09017,123.019
28518,1.09731,123.78
28519,1.08989,122.755
28520,1.07798,122.512
28521,1.07822,122.52
28522,1.07822,122.52
28523,1.07822,122.52
28524,1.09343,133.655
28525,1.1,134.976
28526,1.09323,133.633
28527,1.09343,133.655
28528,1.09343,133.655
28529,1.09343,133.655
28530,1.08105,128.695
28531,1.08082,128.683
28532,1.08105,128.695
28533,1.08105,128.695
28534,1.08821,103.899
28535,1.09108,102.975
28536,1.1,104.674
28537,1.08822,103.92
28538,1.08821,103.899
28539,1.08821,103.899
28540,1.08821,103.899
28541,1.09867,103.502
28542,1.09743,103.091
28543,1.09812,103.506
28544,1.09867,103.502
28545,1.09867,103.502
28546,1.09867,103.502
28547,1.0959,103.819
28548,1.1,108.66
28549,1.09563,103.753
28550,1.0959,103.819
28551,1.0959,103.819
28552,1.0959,103.819
28553,1.08279,129.651
28554,1.08274,129.648
28555,1.08279,129.651
28556,1.08279,129.651
28557,1.06445,116.42
28558,1.06439,116.42
28559,1.06445,116.42
28560,1.06445,116.42
28561,1.08041,94.9592
28562,1.08434,94.6102
28563,1.07727,95.5523
28564,1.08021,94.995
28565,1.08424,94.5461
28566,1.08041,94.9592
28567,1.08041,94.9592
28568,1.08307,129.877
28569,1.08299,129.872
28570,1.08307,129.877
28571,1.08307,129.877
28572,1.08874,124.29
28573,1.1,125.258
28574,1.1,124.641
28575,1.1,124.785
28576,1.1,127.354
28577,1.08856,124.281
28578,1.08874,124.29
28579,1.08874,124.29
28580,1.08874,124.29
28581,1.07646,107.178
28582,1.07599,107.156
28583,1.07646,107.178
28584,1.07646,107.178
28585,1.07562,120.087
28586,1.07546,120.078
28587,1.07562,120.087
28588,1.07562,120.087
28589,1.07283,106.352
28590,1.07276,106.348
28591,1.07283,106.352
28592,1.07283,106.352
28593,1.07826,175.011
28594,1.1,175.343
28595,1.1,175.952
28596,1.07701,175.011
28597,1.07826,175.011
28598,1.07826,175.011
28599,1.07826,175.011
28600,0.947794,102.731
28601,0.962155,92.8034
28602,0.962158,92.8039
28603,0.962153,92.8029
28604,0.906081,128.627
28605,0.912673,129.455
28606,0.954187,100.463
28607,0.954195,100.464
28608,0.954187,100.463
28609,0.954177,100.461
28610,0.953879,100.478
28611,0.953889,100.479
28612,0.953869,100.476
28613,0.95689,100.286
28614,0.956882,100.284
28615,0.960002,93.3053
28616,0.95999,93.3034
28617,0.960016,93.3072
28618,0.960002,93.3053
28619,0.960325,93.9401
28620,0.960308,93.9381
28621,0.958778,94.7533
28622,0.956411,100.531
28623,0.957967,100.139
28624,0.957952,100.136
28625,0.957984,100.14
28626,0.954991,100.89
28627,0.929336,107.883
28628,0.926097,109.81
28629,0.926091,109.808
28630,0.926071,109.811
28631,0.926097,109.81
28632,0.925833,108.816
28633,0.92583,108.815
28634,0.925929,108.815
28635,0.966398,77.6716
28636,0.969333,77.7555
28637,0.969384,77.7685
28638,0.969284,77.7433
28639,0.966966,77.6514
28640,0.962804,78.8236
28641,0.906805,127.202
28642,0.906829,127.206
28643,0.906779,127.199
28644,0.906153,127.847
28645,0.9064,127.396
28646,0.961334,91.1472
28647,0.961711,91.7067
28648,0.961455,91.8913
28649,0.961451,91.8907
28650,0.961459,91.8921
28651,0.961455,91.8913
28652,0.91029,129.563
28653,0.966325,98.7876
28654,0.966317,98.7863
28655,0.967703,98.172
28656,0.965435,93.9577
28657,0.965427,93.9561
28658,0.964354,92.4286
28659,0.965439,93.0315
28660,0.963671,85.8736
28661,0.963668,85.8729
28662,0.963675,85.8741
28663,0.963697,85.7112
28664,0.963696,85.7108
28665,0.914813,131.291
28666,0.916092,131.467
28667,0.916088,131.467
28668,0.91616,114.1
28669,0.916158,114.1
28670,0.966228,91.528
28671,0.966224,91.5269
28672,0.966233,91.5291
28673,0.966903,91.5382
28674,0.966895,91.5371
28675,0.96552,90.6854
28676,0.965515,90.6844
28677,0.916792,131.779
28678,0.916843,131.779
28679,0.91679,131.779
28680,0.916792,131.779
28681,0.90962,116.415
28682,0.966303,97.0031
28683,0.966385,96.867
28684,0.966566,97.2214
28685,0.969174,97.9029
28686,0.96917,97.9022
28687,0.969178,97.9036
28688,0.96775,97.5812
28689,0.905739,127.091
28690,0.905755,127.093
28691,0.904558,127.033
28692,0.904534,127.029
28693,0.970029,93.9837
28694,0.970035,93.9848
28695,0.962974,97.089
28696,0.962978,97.0895
28697,0.962974,97.089
28698,0.962971,97.0884
28699,0.965667,97.596
28700,0.965665,97.5958
28701,0.965668,97.5963
28702,0.965957,97.1513
28703,0.965026,97.1529
28704,0.96502,97.1518
28705,0.956976,96.9997
28706,0.958713,97.011
28707,0.958707,97.0101
28708,0.958719,97.0118
28709,0.958713,97.011
28710,0.962378,97.1708
28711,0.911239,119.943
28712,0.910329,119.741
28713,0.963793,96.381
28714,0.963781,96.3799
28715,0.963805,96.3819
28716,0.963793,96.381
28717,0.96126,96.7065
28718,0.963363,96.3592
28719,0.908392,127.404
28720,0.908388,127.404
28721,0.908925,127.562
28722,0.959768,96.9293
28723,0.960146,96.8166
28724,0.960162,96.8189
28725,0.960129,96.8142
28726,0.960528,96.7585
28727,0.960515,96.7561
28728,0.960541,96.7608
28729,0.960528,96.7585
28730,0.921612,133.234
28731,0.921609,133.233
28732,0.962507,96.3519
28733,0.966261,95.9278
28734,0.96658,97.3511
28735,0.966558,96.3131
28736,0.966496,97.3306
28737,0.966868,97.4263
28738,0.96658,97.3511
28739,0.963276,96.0801
28740,0.963371,96.1004
28741,0.961663,96.5334
28742,0.961469,96.7013
28743,0.961401,96.6881
28744,0.96158,96.4984
28745,0.961916,97.5064
28746,0.961995,96.8256
28747,0.96185,97.4923
28748,0.962112,97.5485
28749,0.961916,97.5064
28750,0.98059,91.9313
28751,0.980592,91.9317
28752,0.98059,91.9313
28753,0.980587,91.9308
28754,0.979865,91.9578
28755,0.979862,91.9574
28756,0.979868,91.9583
28757,0.979865,91.9578
28758,0.977397,92.6509
28759,0.977393,92.6504
28760,0.961862,98.1725
28761,0.960515,98.4836
28762,0.962151,98.1849
28763,0.960496,98.4806
28764,0.960516,98.4964
28765,0.960515,98.4836
28766,0.960515,98.4836
28767,0.961582,98.1898
28768,0.961608,98.1926
28769,0.964718,95.4607
28770,0.964614,95.4448
28771,0.964829,95.479
28772,0.966179,96.917
28773,0.965799,95.7578
28774,0.966434,96.9901
28775,0.966179,96.917
28776,0.966099,96.8981
28777,0.966179,96.917
28778,0.965573,95.4915
28779,0.965647,95.5104
28780,0.964968,95.4391
28781,0.965085,95.5437
28782,0.9,125.85
28783,0.921236,133.572
28784,0.910915,120.572
28785,0.965841,95.5727
28786,0.966652,95.344
28787,0.965697,95.5979
28788,0.965665,95.5897
28789,0.91761,131.167
28790,0.91762,131.169
28791,0.91761,131.167
28792,0.919193,131.798
28793,0.918447,131.497
28794,0.918431,131.495
28795,0.918463,131.499
28796,0.918447,131.497
28797,0.968623,95.1811
28798,0.968569,95.1745
28799,0.97144,94.6404
28800,0.969705,96.8345
28801,0.970496,95.5752
28802,0.969679,96.8278
28803,0.969846,96.8736
28804,0.969705,96.8345
28805,0.909239,128.012
28806,0.909235,128.011
28807,0.907327,127.336
28808,0.907319,127.334
28809,0.907336,127.337
28810,0.980132,92.636
28811,0.982046,91.051
28812,0.98206,91.0527
28813,0.904253,122.87
28814,0.904248,122.869
28815,0.976216,93.6837
28816,0.978795,92.9466
28817,0.962935,96.6724
28818,0.962927,96.6711
28819,0.964062,96.9992
28820,0.964066,97.0001
28821,0.964748,96.3424
28822,0.970073,95.8134
28823,0.970065,95.8122
28824,0.969892,95.8935
28825,0.969904,95.8959
28826,0.969876,95.8909
28827,0.969892,95.8935
28828,0.969078,96.0156
28829,0.975585,94.0294
28830,0.975589,94.0305
28831,0.975579,94.0282
28832,0.974689,94.4218
28833,0.9747,94.4231
28834,0.974689,94.4218
28835,0.909357,120.96
28836,0.957947,99.2447
28837,0.957948,99.245
28838,0.955924,99.9566
28839,0.981114,92.1908
28840,0.978528,91.1856
28841,0.98154,91.4016
28842,0.981538,91.4013
28843,0.981541,91.4018
28844,0.98154,91.4016
28845,0.97889,93.489
28846,0.978887,93.4883
28847,0.980296,93.2254
28848,0.980286,93.2243
28849,0.980306,93.2266
28850,0.968222,97.477
28851,0.967543,96.9822
28852,0.96756,96.9844
28853,0.967526,96.9798
28854,0.965298,97.482
28855,0.965278,97.4795
28856,0.965317,97.4842
28857,0.959113,98.308
28858,0.917779,130.904
28859,0.917782,130.905
28860,0.917775,130.904
28861,0.917779,130.904
28862,0.927523,135.242
28863,0.927486,134.937
28864,0.929103,135.673
28865,0.933215,135.236
28866,0.933216,135.236
28867,0.903595,124.454
28868,0.903568,124.446
28869,0.903629,124.461
28870,0.902789,124.895
28871,0.902758,124.888
28872,0.902817,124.902
28873,0.901897,125.676
28874,0.949496,101.18
28875,0.951622,100.823
28876,0.910593,128.287
28877,0.982795,93.2684
28878,0.983359,93.6118
28879,0.983078,93.416
28880,0.961104,98.4532
28881,0.958231,99.1019
28882,0.958228,99.1014
28883,0.969622,98.5504
28884,0.969627,98.5515
28885,0.969617,98.5494
28886,0.970391,98.9623
28887,0.970383,98.9612
28888,0.940948,103.949
28889,0.917557,116.832
28890,0.917552,116.831
28891,0.917561,116.832
28892,0.917557,116.832
28893,0.917402,121.04
28894,0.916699,125.077
28895,0.916697,125.076
28896,0.9167,125.077
28897,0.959922,100.212
28898,0.985295,94.9068
28899,0.939128,138.301
28900,0.939057,138.291
28901,0.937587,137.874
28902,0.937538,137.865
28903,0.937754,137.911
28904,0.937803,137.922
28905,0.93771,137.901
28906,0.922327,130.964
28907,0.984478,95.6983
28908,0.984482,95.6988
28909,0.984478,95.6983
28910,0.984478,95.6983
28911,0.918313,127.31
28912,0.942862,138.69
28913,0.941937,138.267
28914,0.941941,138.268
28915,0.943302,138.932
28916,0.943287,138.929
28917,0.940681,138.276
28918,0.944906,139.395
28919,0.940593,109.098
28920,0.937445,108.954
28921,0.94275,109.203
28922,0.952035,103.551
28923,0.952047,103.553
28924,0.952035,103.551
28925,0.95202,103.549
28926,0.953579,102.76
28927,0.954772,142.011
28928,0.954774,142.011
28929,1.06257,151.114
28930,1.06257,151.113
28931,0.976862,99.886
28932,0.947571,140.99
28933,0.959018,141.715
28934,0.978741,147.223
28935,0.978739,147.223
28936,0.978742,147.224
28937,0.969399,145.314
28938,0.969417,145.315
28939,0.969399,145.314
28940,0.969395,145.313
28941,1.06164,151.424
28942,1.06273,151.266
28943,0.951181,109.642
28944,0.951179,109.642
28945,0.951183,109.642
28946,0.951181,109.642
28947,0.950771,109.599
28948,0.950768,109.598
28949,0.950775,109.599
28950,0.950771,109.599
28951,1.06271,151.683
28952,1.06271,151.683
28953,1.0644,155.848
28954,0.973697,104.734
28955,0.973702,104.735
28956,0.973697,104.734
28957,0.973692,104.733
28958,0.977012,104.086
28959,0.977002,104.084
28960,0.947663,106.603
28961,0.943121,108.657
28962,0.943119,108.657
28963,0.943124,108.658
28964,0.947437,107.423
28965,0.94743,107.422
28966,0.947444,107.424
28967,0.947437,107.423
28968,0.947433,109.516
28969,0.94744,109.517
28970,0.98341,148.162
28971,1.00087,150.787
28972,1.00087,150.787
28973,1.00088,150.788
28974,1.00087,150.787
28975,0.95945,102.081
28976,0.962086,102.711
28977,0.977323,98.0846
28978,0.961079,101.347
28979,0.977268,98.0772
28980,0.977762,97.9736
28981,0.977323,98.0846
28982,1.07701,155.992
28983,1.07596,155.965
28984,1.07477,155.944
28985,1.07476,155.944
28986,0.968568,105.721
28987,0.968567,105.721
28988,1.06449,152.579
28989,1.06448,152.578
28990,1.06449,152.58
28991,1.06449,152.579
28992,0.993351,149.442
28993,1.06013,151.694
28994,1.06262,152.715
28995,1.06261,152.714
28996,1.06263,152.716
28997,1.06258,152.306
28998,1.06257,152.305
28999,1.06309,152.472
29000,0.937114,113.118
29001,0.936403,112.622
29002,0.936303,112.604
29003,0.937111,111.906
29004,0.937062,112.767
29005,0.966932,115.731
29006,1.08626,156.322
29007,1.08626,156.322
29008,1.08626,156.323
29009,1.04735,156.356
29010,1.04734,156.355
29011,1.03805,154.562
29012,1.03805,154.563
29013,1.05086,155.842
29014,1.05087,155.843
29015,1.05085,155.841
29016,1.05822,149.947
29017,1.05799,149.799
29018,1.05701,149.505
29019,0.957814,120.365
29020,0.944475,117.414
29021,0.944402,117.4
29022,0.944115,117.591
29023,0.944008,117.577
29024,0.955126,130.706
29025,0.959781,121.882
29026,0.955063,130.692
29027,0.956869,130.981
29028,0.955126,130.706
29029,0.939107,114.099
29030,0.939431,113.47
29031,0.938058,113.679
29032,0.938218,113.59
29033,0.93826,113.599
29034,0.938218,113.59
29035,0.938177,113.58
29036,0.967592,118.366
29037,0.97392,117.255
29038,0.972963,118.123
29039,0.97297,118.124
29040,1.06109,153.34
29041,1.00866,112.875
29042,1.01099,112.462
29043,1.00723,113.121
29044,1.07397,153.921
29045,1.09311,156.732
29046,1.08896,156.04
29047,1.09437,156.894
29048,1.08815,155.899
29049,1.06686,153.163
29050,1.07798,154.443
29051,1.05352,150.732
29052,1.06505,152.912
29053,1.05389,150.661
29054,1.05352,150.732
29055,1.05343,150.718
29056,1.05352,150.732
29057,1.07759,154.292
29058,1.0775,154.278
29059,1.07768,154.306
29060,1.07759,154.292
29061,1.09528,157.426
29062,1.09537,157.437
29063,1.09266,156.786
29064,1.09561,157.289
29065,1.09556,157.279
29066,1.09567,157.3
29067,1.09561,157.289
29068,1.09642,157.132
29069,1.09628,157.12
29070,1.06447,159.078
29071,0.947154,119.257
29072,0.947793,119.553
29073,0.947766,119.55
29074,0.947819,119.555
29075,1.07502,162.385
29076,1.06689,148.073
29077,1.06757,147.966
29078,1.0688,147.814
29079,0.982571,117.395
29080,0.982561,117.393
29081,0.982579,117.396
29082,0.982571,117.395
29083,0.990207,116.087
29084,0.9902,116.086
29085,0.990214,116.088
29086,0.990207,116.087
29087,0.995493,115.263
29088,0.995488,115.261
29089,1.07527,159.783
29090,1.07527,159.783
29091,0.94491,119.948
29092,0.945966,119.794
29093,0.941802,120.504
29094,0.941792,120.502
29095,1.08391,156.327
29096,1.08391,156.327
29097,1.08391,156.326
29098,1.08391,156.327
29099,1.08021,155.184
29100,1.08686,157.28
29101,0.954094,129.72
29102,0.939372,121.063
29103,1.09669,159.109
29104,1.09668,159.108
29105,1.0967,159.11
29106,1.09669,159.109
29107,1.09522,157.911
29108,1.09522,157.91
29109,1.09623,158.269
29110,0.972524,121.411
29111,0.976047,120.431
29112,0.972963,122.024
29113,0.972949,122.023
29114,1.07024,147.687
29115,1.07023,147.686
29116,1.07024,147.687
29117,1.08852,164.794
29118,1.09495,159.536
29119,1.09495,159.535
29120,1.09495,159.536
29121,1.09302,159.839
29122,1.09302,159.838
29123,1.09302,159.84
29124,1.09302,159.839
29125,1.08964,158.339
29126,1.08964,158.34
29127,0.998,115.418
29128,0.998002,115.418
29129,1.07902,161.806
29130,1.08646,162.802
29131,1.07734,161.496
29132,1.07733,161.494
29133,1.08896,154.484
29134,1.08106,154.745
29135,1.08106,154.744
29136,1.08117,154.745
29137,1.08106,154.745
29138,1.08575,154.58
29139,1.04641,147.268
29140,1.04692,146.336
29141,1.04691,146.331
29142,1.04694,146.34
29143,1.04166,146.185
29144,0.974847,129.812
29145,0.974856,129.814
29146,0.974847,129.812
29147,1.0973,159.636
29148,1.0984,159.532
29149,0.977513,132.802
29150,0.978201,131.613
29151,0.978209,131.614
29152,1.08677,160.75
29153,1.0898,162.098
29154,1.08979,162.096
29155,1.08982,162.1
29156,1.0881,161.747
29157,1.04909,145.204
29158,1.04103,144.574
29159,1.04094,144.564
29160,1.07026,151.224
29161,1.07018,151.214
29162,1.07033,151.233
29163,1.06803,150.819
29164,1.09623,166.09
29165,1.09662,166.246
29166,1.09662,166.246
29167,1.09662,166.246
29168,1.09662,166.246
29169,1.09404,165.67
29170,1.09173,159.145
29171,0.977132,123.818
29172,0.977129,123.817
29173,0.977134,123.818
29174,1.00899,143
29175,0.990841,140.737
29176,1.02027,143.961
29177,0.971203,135.508
29178,0.987556,140.238
29179,1.1,166.406
29180,0.976907,135.382
29181,0.985407,137.289
29182,0.985415,137.291
29183,0.985407,137.289
29184,0.9854,137.288
29185,0.982243,136.715
29186,0.982232,136.714
29187,1.0991,160.021
29188,1.0991,160.02
29189,1.09911,160.022
29190,1.09969,160.557
29191,1.09969,160.556
29192,1.09463,160.063
29193,0.993824,118.584
29194,0.993821,118.584
29195,0.993827,118.585
29196,0.993824,118.584
29197,0.973287,125.7
29198,0.973283,125.699
29199,0.973292,125.701
29200,0.972319,127.192
29201,0.972328,127.193
29202,0.972834,126.472
29203,1.0874,152.823
29204,1.0874,152.824
29205,1.08739,152.822
29206,1.01229,113.829
29207,0.980027,134.505
29208,0.979195,133.715
29209,0.979582,134.064
29210,0.992349,143.056
29211,1.00124,142.023
29212,0.992287,143.041
29213,0.993775,143.089
29214,0.992349,143.056
29215,0.992349,143.056
29216,1.01428,142.677
29217,0.997275,141.569
29218,0.997138,141.555
29219,0.997417,141.58
29220,0.997275,141.569
29221,1.00937,142.341
29222,0.970836,128.989
29223,0.967697,132.968
29224,1.01574,143.025
29225,1.01574,143.025
29226,1.01574,143.024
29227,1.09314,162.89
29228,1.09402,163.216
29229,1.09366,162.767
29230,0.989064,138.206
29231,0.989067,138.207
29232,1.00493,143.003
29233,0.998194,142.857
29234,1.09107,158.394
29235,1.0917,158.603
29236,1.09168,158.6
29237,1.09172,158.606
29238,1.0917,158.603
29239,0.983609,137.581
29240,0.9833,136.961
29241,0.986043,137.424
29242,0.977385,137.164
29243,1.09969,163.507
29244,1.09998,163.217
29245,1.1,163.22
29246,1.09979,163.374
29247,0.999434,143.564
29248,1.09323,161.432
29249,1.08837,158.008
29250,1.01872,144.989
29251,1.01876,144.537
29252,1.01875,144.536
29253,0.965508,135.204
29254,0.967287,138.111
29255,0.967281,138.11
29256,0.989066,134.249
29257,0.980328,141.797
29258,0.980348,141.801
29259,0.980304,141.793
29260,0.976915,141.359
29261,0.976889,141.355
29262,0.97694,141.363
29263,0.969402,140.624
29264,0.969376,140.62
29265,0.969424,140.628
29266,0.969402,140.624
29267,0.99422,143.346
29268,0.994223,143.346
29269,1.09193,160.107
29270,1.09193,160.107
29271,1.09042,159.885
29272,0.97579,137.712
29273,0.977416,137.544
29274,0.977949,137.543
29275,0.977393,137.539
29276,0.977415,137.544
29277,0.976487,138.3
29278,0.984448,137.678
29279,0.976465,138.294
29280,0.977288,138.325
29281,0.976487,138.3
29282,0.965829,138.464
29283,0.965822,138.463
29284,0.97102,135.964
29285,0.990086,143.231
29286,1.00846,144.751
29287,1.00847,144.752
29288,0.971515,136.614
29289,1.01878,146.315
29290,1.09753,161.249
29291,1.09749,161.245
29292,1.09753,161.11
29293,1.09751,161.106
29294,1.09756,161.114
29295,1.09836,161.877
29296,1.09833,161.873
29297,1.0984,161.881
29298,0.956965,140.216
29299,0.956928,140.21
29300,0.95484,140.044
29301,0.960956,140.627
29302,1.07128,157.464
29303,1.07127,157.463
29304,1.07183,156.996
29305,1.07101,157.744
29306,0.993219,145.517
29307,0.988768,145.189
29308,0.988765,145.189
29309,0.989754,144.229
29310,0.989758,144.229
29311,0.989751,144.228
29312,1.09374,159.805
29313,1.09374,159.805
29314,1.09374,159.806
29315,1.09455,159.772
29316,0.971848,138.918
29317,0.971846,138.917
29318,0.97203,138.915
29319,1.06819,158.689
29320,1.06864,158.683
29321,1.09962,161.762
29322,1.09963,161.762
29323,0.982434,143.728
29324,0.982688,143.726
29325,0.982425,143.727
29326,0.983327,143.586
29327,0.983322,143.586
29328,0.983332,143.588
29329,0.983327,143.586
29330,0.980493,143.121
29331,0.980486,143.12
29332,1.02408,148.151
29333,1.0241,148.154
29334,0.97557,140.418
29335,0.975572,140.418
29336,1.01739,147.131
29337,1.01629,147.156
29338,0.99105,144.712
29339,0.991042,144.711
29340,0.98907,144.453
29341,0.990786,144.763
29342,0.990773,144.762
29343,1.06155,154.989
29344,1.06101,154.91
29345,1.06099,154.906
29346,1.06322,155.274
29347,1.06319,155.269
29348,1.03665,151.098
29349,1.09257,158.539
29350,0.980277,142.673
29351,0.980279,142.674
29352,0.980276,142.673
29353,0.980277,142.673
29354,1.00306,145.932
29355,1.00086,145.619
29356,1.00604,146.572
29357,1.00599,146.564
29358,1.00788,146.638
29359,1.00783,146.63
29360,1.00793,146.647
29361,1.00788,146.638
29362,1.00463,146.255
29363,1.00317,145.962
29364,1.0032,145.969
29365,1.00168,145.735
29366,1.00165,145.728
29367,1.00515,146.485
29368,1.0875,157.545
29369,1.08751,157.546
29370,1.08749,157.544
29371,1.09034,158.111
29372,1.09034,158.111
29373,1.09034,158.111
29374,0.982414,145.339
29375,0.980213,145.332
29376,0.980199,145.328
29377,0.980228,145.335
29378,0.982044,145.323
29379,0.978624,142.557
29380,0.978623,142.557
29381,0.978992,143.497
29382,0.978995,143.498
29383,0.978991,143.497
29384,1.04091,152.05
29385,1.04462,152.654
29386,1.04461,152.653
29387,1.04464,152.656
29388,1.04462,152.654
29389,1.03944,151.84
29390,1.03942,151.839
29391,1.00491,146.379
29392,1.00498,146.393
29393,1.00566,146.525
29394,1.00574,146.538
29395,1.00359,146.078
29396,1.00369,146.092
29397,1.00359,146.078
29398,1.00359,146.078
29399,1.00388,146.126
29400,0.993415,145.901
29401,0.993158,145.711
29402,0.988669,145.577
29403,0.986289,145.481
29404,0.984164,145.482
29405,0.984124,145.477
29406,0.984208,145.488
29407,0.984048,145.618
29408,0.984009,145.612
29409,0.984083,145.623
29410,1.03612,151.427
29411,1.02453,150.109
29412,1.032,150.94
29413,1.01367,147.708
29414,1.01768,148.051
29415,1.01297,147.568
29416,1.0129,147.56
29417,1.01303,147.575
29418,1.01297,147.568
29419,1.02385,151.027
29420,1.01954,148.324
29421,1.02381,151.02
29422,1.02496,151.109
29423,1.02385,151.027
29424,1.02385,151.027
29425,1.04694,153.005
29426,1.04696,153.007
29427,1.0555,154.965
29428,1.05096,153.639
29429,1.05099,153.642
29430,1.08807,157.83
29431,1.08558,156.879
29432,1.08459,156.668
29433,1.05864,155.364
29434,1.06054,155.53
29435,1.06051,155.525
29436,1.06057,155.536
29437,1.06054,155.53
29438,1.06353,155.575
29439,1.06351,155.57
29440,1.06353,155.575
29441,1.07187,156.073
29442,1.08369,157.061
29443,1.08368,157.06
29444,1.07464,156.299
29445,1.07716,156.525
29446,1.07717,156.526
29447,1.08201,156.97
29448,1.082,156.969
29449,0.978113,145.451
29450,0.974826,147.158
29451,0.974872,147.166
29452,0.978591,145.538
29453,0.978535,145.53
29454,0.978646,145.545
29455,0.978591,145.538
29456,1.04603,152.711
29457,1.01762,150.003
29458,1.01762,150.002
29459,1.01763,150.004
29460,1.01965,150.852
29461,1.02167,150.506
29462,1.02168,150.508
29463,0.978238,146.225
29464,1.00945,147.436
29465,1.01082,147.832
29466,1.0108,147.827
29467,1.00715,146.902
29468,0.975577,141.259
29469,0.975571,141.257
29470,0.975584,141.26
29471,0.974579,141.35
29472,0.974571,141.349
29473,0.974586,141.352
29474,0.974579,141.35
29475,0.973212,141.611
29476,0.973438,141.61
29477,0.973201,141.609
29478,0.985872,146.285
29479,0.980874,146.107
29480,0.983947,146.029
29481,0.983965,146.031
29482,0.983931,146.027
29483,1.03952,151.806
29484,1.03952,151.805
29485,1.07325,155.26
29486,1.07685,155.339
29487,1.07676,155.321
29488,1.07694,155.355
29489,1.08027,156.001
29490,1.07604,155.159
29491,1.07945,155.789
29492,1.0815,156.252
29493,1.06753,155.424
29494,1.02292,151.937
29495,1.02846,153.906
29496,1.08541,156.914
29497,1.08641,157.286
29498,1.08614,157.176
29499,1.07414,155.22
29500,1.07413,155.219
29501,1.07414,155.221
29502,1.08604,157.549
29503,1.08603,157.548
29504,1.09307,160.61
29505,1.055,157.002
29506,1.05367,157.715
29507,0.998783,150.679
29508,0.998778,150.678
29509,0.995779,149.61
29510,0.995769,149.608
29511,1.09008,158.645
29512,1.09009,158.645
29513,1.09008,158.644
29514,1.09008,158.645
29515,1.04197,157.674
29516,1.04938,159.666
29517,1.04937,159.664
29518,1.0494,159.668
29519,1.04645,158.885
29520,1.04643,158.883
29521,1.04646,158.887
29522,1.04645,158.885
29523,1.04727,159.105
29524,1.09061,159.283
29525,1.09062,159.284
29526,1.09061,159.283
29527,1.08939,158.747
29528,1.09023,159.262
29529,1.09022,159.261
29530,1.09024,159.263
29531,1.09023,159.262
29532,1.08726,159.779
29533,1.08587,160.12
29534,1.08656,159.933
29535,1.08657,159.936
29536,1.09177,159.546
29537,1.00291,153.315
29538,1.0011,152.106
29539,1.00784,152.503
29540,1.00783,152.502
29541,1.00785,152.505
29542,1.08866,160.528
29543,1.08866,160.528
29544,1.08865,160.527
29545,1.09025,160.879
29546,1.09025,160.879
29547,1.06482,168.21
29548,1.06481,168.209
29549,1.01031,158.574
29550,1.01032,158.575
29551,1.01031,158.574
29552,1.01031,158.573
29553,1.07942,167.066
29554,1.07478,168.726
29555,1.07498,168.267
29556,1.07512,168.267
29557,1.07496,168.266
29558,1.07498,168.267
29559,1.01822,161.614
29560,1.09609,163.45
29561,1.09554,163.484
29562,1.09492,163.681
29563,1.09489,163.675
29564,1.09496,163.685
29565,1.09492,163.681
29566,1.07392,169.452
29567,1.07685,169.35
29568,1.07684,169.349
29569,1.07664,169.353
29570,1.07341,169.699
29571,1.0734,169.698
29572,1.08449,169.865
29573,1.08449,169.865
29574,1.08417,169.521
29575,1.08418,169.522
29576,1.08416,169.521
29577,1.06231,178.38
29578,1.06174,178.826
29579,1.06173,178.825
29580,1.06189,178.724
29581,1.06188,178.722
29582,1.08572,172.184
29583,1.08572,172.183
29584,1.08573,172.184
29585,1.08416,171.896
29586,0.964226,97.3916
29587,0.965648,96.5308
29588,0.941578,100.069
29589,0.964845,97.3316
29590,0.964226,97.3916
29591,0.964226,97.3916
29592,0.964226,97.3916
29593,1.1,157.21
29594,1.09949,157.205
29595,1.1,157.21
29596,1.1,157.21
29597,1.09954,166.127
29598,1.09114,170.281
29599,1.09952,166.08
29600,1.09954,166.127
29601,1.09954,166.127
29602,1.09954,166.127
29603,1.1,160.768
29604,1.09574,164.46
29605,1.09989,160.726
29606,1.1,160.768
29607,1.1,160.768
29608,1.1,160.768
29609,0.960831,98.774
29610,0.967964,95.5841
29611,0.954524,99.5512
29612,0.957551,99.1683
29613,0.95056,100.019
29614,0.95576,99.3838
29615,0.9616,98.7276
29616,0.960831,98.774
29617,0.960831,98.774
29618,0.960831,98.774
29619,1.08551,156.166
29620,1.1,159.362
29621,1.08511,156.109
29622,1.08551,156.166
29623,1.08551,156.166
29624,1.08551,156.166
29625,1.1,163.121
29626,1.06365,163.619
29627,1.1,163.761
29628,1.02001,163.937
29629,1.07176,163.387
29630,1.1,163.997
29631,1.09952,163.084
29632,1.1,163.121
29633,1.1,163.121
29634,1.1,163.121
29635,1.05766,157.851
29636,1.05951,155.864
29637,1.05588,157.925
29638,1.05766,157.851
29639,1.05766,157.851
29640,1.05766,157.851
29641,0.969045,101.542
29642,0.957894,100.193
29643,0.925247,103.174
29644,0.926315,102.657
29645,0.924192,102.315
29646,0.924018,102.113
29647,0.969294,101.336
29648,0.969045,101.542
29649,0.969045,101.542
29650,0.969045,101.542
29651,1.08836,157.992
29652,1.1,158.266
29653,1.1,158.589
29654,1.1,158.821
29655,1.00802,159.605
29656,1.06234,158.016
29657,1.1,158.014
29658,1.0882,157.949
29659,1.08836,157.992
29660,1.08836,157.992
29661,1.08836,157.992
29662,1.09592,157.37
29663,1.1,162.187
29664,1.1,162.125
29665,1.1,161.406
29666,1.09556,157.298
29667,1.09592,157.37
29668,1.09592,157.37
29669,1.09592,157.37
29670,0.955835,139.644
29671,0.956764,139.606
29672,0.955835,139.644
29673,0.955835,139.644
29674,1.08374,167.615
29675,1.08568,167.833
29676,1.1,167.916
29677,1.1,167.679
29678,1.1,167.582
29679,1.08296,167.616
29680,1.08374,167.615
29681,1.08374,167.615
29682,1.08374,167.615
29683,0.944465,100.455
29684,0.944921,101.95
29685,0.944997,100.379
29686,0.944465,100.455
29687,0.944465,100.455
29688,0.944465,100.455
29689,1.1,166.432
29690,1.04011,170.691
29691,1.09974,166.359
29692,1.1,166.432
29693,1.1,166.432
29694,1.1,166.432
29695,0.972172,100.84
29696,0.95354,100.516
29697,0.936556,101.627
29698,0.971967,100.843
29699,0.972172,100.84
29700,0.972172,100.84
29701,0.972172,100.84
29702,0.941518,116.817
29703,0.955166,117.459
29704,0.957272,117.565
29705,0.957359,116.983
29706,0.941239,116.81
29707,0.941518,116.817
29708,0.941518,116.817
29709,0.941518,116.817
29710,1.0607,149.364
29711,1.1,154.224
29712,1.05918,149.238
29713,1.0607,149.364
29714,1.0607,149.364
29715,1.0607,149.364
29716,0.992302,139.333
29717,0.984003,137.584
29718,0.992975,139.412
29719,0.992302,139.333
29720,0.992302,139.333
29721,0.992302,139.333
29722,1.09039,170.716
29723,1.08423,170.082
29724,1.07485,170.952
29725,1.07416,170.833
29726,1.06426,170.953
29727,1.0754,170.824
29728,1.06243,171.063
29729,1.08944,170.709
29730,1.09039,170.716
29731,1.09039,170.716
29732,1.09039,170.716
29733,1.1,161.022
29734,1.09985,160.961
29735,1.1,161.022
29736,1.1,161.022
29737,1.09064,156.576
29738,1.09041,156.577
29739,1.09064,156.576
29740,1.09064,156.576
29741,0.959784,97.5248
29742,0.962727,96.733
29743,0.927273,97.8342
29744,0.961662,97.5216
29745,0.959784,97.5248
29746,0.959784,97.5248
29747,0.959784,97.5248
29748,0.951322,109.68
29749,0.966632,111.412
29750,0.951212,109.671
29751,0.951322,109.68
29752,0.951322,109.68
29753,0.951322,109.68
29754,0.969585,99.1009
29755,0.966652,97.5366
29756,0.959652,100.977
29757,0.969934,99.1068
29758,0.969585,99.1009
29759,0.969585,99.1009
29760,0.969585,99.1009
29761,1.09528,157.32
29762,1.1,164.161
29763,1.0951,157.276
29764,1.09528,157.32
29765,1.09528,157.32
29766,1.09528,157.32
29767,1.07434,147.34
29768,1.1,151.306
29769,1.09082,150.285
29770,1.07309,147.29
29771,1.07434,147.34
29772,1.07434,147.34
29773,1.07434,147.34
29774,1.09958,166.829
29775,1.1,172.091
29776,1.09925,166.735
29777,1.09958,166.829
29778,1.09958,166.829
29779,1.09958,166.829
29780,1.0778,152.436
29781,1.1,160.181
29782,1.1,160.2
29783,1.1,159.244
29784,1.1,157.295
29785,1.07723,152.323
29786,1.0778,152.436
29787,1.0778,152.436
29788,1.0778,152.436
29789,0.946547,102.119
29790,0.946502,102.118
29791,0.946547,102.119
29792,0.946547,102.119
29793,0.947204,109.477
29794,0.9642,111.304
29795,0.947069,109.466
29796,0.947204,109.477
29797,0.947204,109.477
29798,0.947204,109.477
29799,0.994401,94.7726
29800,0.985646,95.1883
29801,0.994754,94.7547
29802,0.994401,94.7726
29803,0.994401,94.7726
29804,0.994401,94.7726
29805,1.09545,156.887
29806,1.09472,156.841
29807,1.09545,156.887
29808,1.09545,156.887
29809,1.07262,-7.57832
29810,1.06858,-8.17951
29811,1.07012,-8.39762
29812,1.07002,-8.41746
29813,1.07023,-8.37548
29814,1.07374,-7.42395
29815,1.07363,-7.5328
29816,1.07372,-7.52032
29817,1.06999,-8.29839
29818,1.07731,-6.60311
29819,1.07351,-7.53262
29820,1.0771,-6.62703
29821,1.07777,-6.5543
29822,1.07731,-6.60311
29823,1.06664,-8.18442
29824,1.06682,-8.16172
29825,1.06646,-8.2077
29826,1.06981,-8.36881
29827,1.06937,-7.47575
29828,1.06916,-7.50062
29829,1.05762,-9.68064
29830,1.05934,-9.02162
29831,1.06852,-8.64673
29832,1.05821,-8.69023
29833,1.05806,-8.70285
29834,1.05837,-8.67605
29835,1.05726,-9.13814
29836,1.0571,-9.16041
29837,1.05742,-9.11485
29838,1.06228,-10.8849
29839,1.07695,-8.52817
29840,1.07453,-5.9248
29841,1.07238,-7.52364
29842,1.07431,-5.95151
29843,1.07498,-5.86646
29844,1.07453,-5.9248
29845,1.07961,-8.55143
29846,1.07748,-8.06156
29847,1.07755,-8.05389
29848,1.07373,-8.03518
29849,1.07368,-8.04386
29850,1.07378,-8.02688
29851,1.06457,-10.1949
29852,1.06863,-8.20285
29853,1.06969,-11.4247
29854,1.06634,-8.76101
29855,1.06615,-8.79138
29856,1.06653,-8.72694
29857,1.06634,-8.76101
29858,1.05612,-7.04084
29859,1.05592,-7.06376
29860,1.05707,-6.99292
29861,1.05693,-7.01449
29862,1.05736,-7.0242
29863,1.06315,-8.70045
29864,1.07499,-10.6368
29865,1.06283,-8.76015
29866,1.06606,-8.43312
29867,1.06315,-8.70045
29868,1.05907,-8.51005
29869,1.05884,-8.53561
29870,1.05926,-8.48551
29871,1.07406,-9.71739
29872,1.07382,-9.75428
29873,1.06972,-10.7417
29874,1.06715,-12.2539
29875,1.06704,-12.2714
29876,1.06729,-12.2339
29877,1.06715,-12.2539
29878,1.06799,-11.2569
29879,1.0597,-10.775
29880,1.0681,-12.0116
29881,1.06831,-11.9791
29882,1.06616,-10.393
29883,1.06602,-10.4111
29884,1.06977,-12.1937
29885,1.06759,-11.8321
29886,1.06754,-11.8398
29887,1.06683,-12.3323
29888,1.06907,-12.0864
29889,1.06896,-12.1077
29890,1.06918,-12.0659
29891,1.06907,-12.0864
29892,1.08429,-3.4567
29893,1.07341,-7.34354
29894,1.06847,-12.0758
29895,1.08398,-3.49568
29896,1.08702,-3.2068
29897,1.08429,-3.4567
29898,1.07227,-7.51803
29899,1.06983,-12.4214
29900,1.06945,-12.4726
29901,1.06969,-12.3576
29902,1.06648,-8.65039
29903,1.07061,-11.952
29904,1.06626,-8.67941
29905,1.06744,-8.57811
29906,1.06648,-8.65039
29907,1.06648,-8.65039
29908,1.0647,-12.6506
29909,1.06733,-12.2616
29910,1.06798,-11.9704
29911,1.06992,-11.5659
29912,1.06979,-11.5943
29913,1.06817,-12.0862
29914,1.06834,-12.0593
29915,1.06725,-12.4409
29916,1.06463,-14.4265
29917,1.06474,-14.4099
29918,1.06463,-14.4265
29919,1.06463,-14.4265
29920,1.06965,-14.1722
29921,1.06905,-13.7988
29922,1.06432,-13.9623
29923,1.06427,-13.9706
29924,1.07189,-12.5479
29925,1.07182,-12.5635
29926,1.07197,-12.53
29927,1.0695,-12.9165
29928,1.07031,-12.5935
29929,1.07017,-12.6122
29930,1.07106,-12.1893
29931,1.06967,-9.18564
29932,1.07127,-12.0925
29933,1.06956,-9.20294
29934,1.06997,-9.11464
29935,1.06967,-9.18564
29936,1.06967,-9.18564
29937,1.06893,-9.4134
29938,1.07404,-11.8995
29939,1.06876,-9.4369
29940,1.06938,-9.34164
29941,1.06893,-9.4134
29942,1.06893,-9.4134
29943,1.07316,-12.3925
29944,1.0654,-12.6307
29945,1.06515,-12.5295
29946,1.07558,-10.3367
29947,1.06632,-12.5238
29948,1.07543,-10.3564
29949,1.07543,-10.2786
29950,1.07558,-10.3367
29951,1.07558,-10.3367
29952,1.06541,-12.6588
29953,1.07367,-12.3326
29954,1.06902,-12.4063
29955,1.06901,-12.4075
29956,1.06912,-12.4062
29957,1.08268,-8.18606
29958,1.08172,-8.27782
29959,1.08268,-8.18606
29960,1.08268,-8.18606
29961,1.09126,-2.73789
29962,1.07984,-5.90318
29963,1.07441,-8.01961
29964,1.07851,-1.26685
29965,1.07485,-2.16604
29966,1.07517,-1.73333
29967,1.07516,-2.20978
29968,1.07384,-2.35828
29969,1.09781,-2.50035
29970,1.09068,-2.81144
29971,1.07784,-6.02542
29972,1.09126,-2.73789
29973,1.07984,-5.90318
29974,1.07418,-11.9833
29975,1.05473,-5.87052
29976,1.07411,-11.9936
29977,1.07418,-11.9833
29978,1.07418,-11.9833
29979,1.07418,-11.9833
29980,1.073,-8.11119
29981,1.07475,-9.44857
29982,1.06687,-6.52733
29983,1.07261,-8.09741
29984,1.073,-8.11119
29985,1.073,-8.11119
29986,1.073,-8.11119
29987,1.06949,-7.31392
29988,1.06944,-7.44435
29989,1.06949,-7.31392
29990,1.06949,-7.31392
29991,1.07128,-6.24656
29992,1.06366,-7.90072
29993,1.07318,-6.2648
29994,1.07128,-6.24656
29995,1.07128,-6.24656
29996,1.07128,-6.24656
29997,1.06046,-5.82613
29998,1.05993,-5.92377
29999,1.06046,-5.82613
30000,1.06046,-5.82613
