bus_id,Vm,Va_deg
35250,1.08155,23.6935
35251,1.07644,18.7866
35252,1.08662,22.1707
35254,1.02056,-14.4972
35255,1.05392,15.2744
35256,1.06598,17.2505
35257,1.09933,21.4509
35259,1.0825,20.1477
35263,1.07974,5.47809
35264,1.0897,17.7433
35265,1.0569,20.4048
35268,0.995212,0.159525
35272,1.08746,18.0803
35275,1.07867,20.746
35276,1.07693,5.82367
35277,1.07722,12.9288
35279,1.06706,12.7669
35280,1.06903,14.8457
35281,1.09136,18.244
35285,1.07464,10.8753
35286,1.0583,12.0991
35287,1.07877,-1.84351
35288,1.08296,20.4646
35289,1.09032,15.8153
35291,1.09407,1.8152
35294,1.09233,5.75417
35295,1.08846,7.44504
35297,1.04639,6.21975
35298,1.08303,11.3993
35300,1.0799,19.9606
35301,1.08973,16.7506
35302,1.08301,16.799
35303,1.07308,8.74283
35305,1.08941,12.8094
35306,1.0771,18.8805
35307,1.08974,15.7148
35308,1.09105,14.8364
35309,1.08465,11.9661
35311,1.08163,19.7519
35314,1.0912,23.8081
35323,1.02481,28.8336
35326,1.0882,19.04
35327,1.06905,6.6352
35328,1.09481,16.197
35330,1.07766,6.95481
35331,1.07873,7.71729
35332,1.08897,4.13049
35334,1.0424,15.7649
35335,1.04295,-1.69793
35336,1.04208,15.21
35337,1.07556,7.7694
35338,1.05459,11.7481
35343,1.0761,-0.58268
35345,1.00014,-9.47517
35347,1.04287,42.2494
35348,1.04288,42.2553
35349,1.03053,-10.6477
35350,1.0287,39.9354
35351,0.969614,31.6843
35352,1.1,32.4315
35354,1.09215,0.179392
35355,1.07615,6.17057
35356,1.00516,-16.5021
35357,1.04797,20.3367
35358,1.06858,15.1896
35360,1.03673,-5.90453
35362,1.08369,22.2487
35364,1.02309,-12.4454
35365,1.06418,2.15895
35366,1.05433,-5.17064
35367,1.06128,11.784
35368,1.05981,-2.43031
35370,1.09569,10.6635
35371,1.04349,-6.81113
35372,1.03683,-16.7081
35373,1.03173,-15.5461
35375,1.0651,19.451
35376,1.05755,-5.45867
35381,1.03102,-6.3274
35386,1.03914,-3.05037
35387,1.04293,30.1617
35390,1.06666,-18.2919
35391,1.00545,-8.14824
35393,1.02206,-8.92865
35396,1.02814,-5.77791
35397,1.05661,-4.56388
35398,1.03124,-13.3263
35399,1.03951,-2.30932
35401,0.999307,-4.19326
35403,1.04649,-8.83554
35404,1.04315,-3.87022
35406,1.03915,-11.8051
35408,1.02067,-12.1698
35409,1.04125,-3.31636
35410,1.03761,-3.73385
35412,1.04099,-3.47625
35413,1.02134,-5.85358
35415,1.07752,-20.6204
35416,1.04227,-3.94727
35417,1.06788,-22.6655
35419,1.00945,-3.13549
35420,1.01978,-6.07443
35421,1.00929,26.1316
35422,1.09464,3.54511
35429,1.09099,16.6641
35430,1.09095,15.3684
35431,1.08944,16.5424
35432,1.08229,16.2496
35433,1.07847,17.5247
35435,1.07553,12.0996
35436,1.09274,-7.98081
35438,1.03806,-15.9132
35441,1.02341,-15.8364
35442,1.02433,-16.9388
35443,1.02981,-19.5507
35445,1.02901,-19.3559
35457,1.03237,-27.3673
35464,1.02864,-26.239
35468,1.08612,13.1043
35469,1.08292,13.3311
35470,1.08517,13.7052
35475,1.08377,15.3487
35477,1.09006,14.5138
35478,1.08833,14.7451
35479,1.0939,13.6097
35480,1.07843,9.78133
35481,1.08036,10.807
35482,1.07956,10.5666
35483,1.0792,8.57277
35484,1.08072,9.93946
35485,1.08012,11.2055
35486,1.08637,15.5741
35487,1.08616,15.0717
35488,1.08423,12.4719
35490,1.08966,15.3526
35492,1.08518,7.67564
35493,1.08532,7.66827
35494,1.08564,8.07606
35495,1.08622,9.09224
35496,1.08498,7.23819
35498,1.0828,5.99264
35499,1.0828,4.51164
35500,1.08034,5.3651
35502,1.07265,5.10446
35503,1.0725,5.12628
35505,1.06666,5.89317
35506,1.0679,5.11586
35507,1.07193,5.34496
35508,1.07073,5.76464
35509,1.05395,7.57704
35510,1.07451,5.52042
35511,1.07401,5.38324
35512,1.07549,5.33253
35513,1.07507,4.60506
35514,1.0746,4.92088
35515,1.0789,5.49939
35516,1.07359,4.86201
35517,1.07433,4.7277
35520,1.06662,3.86716
35522,1.06329,4.57887
35523,1.06382,4.35422
35524,1.05422,4.2124
35525,1.06647,3.7271
35526,1.07609,4.66021
35529,1.07728,4.88882
35530,1.0769,4.78555
35531,1.09101,12.7246
35532,1.09424,13.4254
35533,1.09956,10.4178
35534,1.09963,12.5721
35536,1.0983,13.9908
35537,1.09837,13.9119
35538,1.09862,14.1036
35539,1.09916,14.734
35540,1.02872,1.23651
35541,1.01969,0.495425
35543,1.04777,3.96561
35545,1.03889,2.45634
35546,1.06856,18.5435
35547,1.06036,19.8473
35548,1.07835,17.679
35551,1.08821,14.504
35553,1.07273,18.1032
35554,1.07461,18.4229
35557,1.06998,-3.13135
35559,1.09812,-1.65715
35561,1.09728,-0.534244
35562,1.09801,-5.29005
35563,1.09792,-1.91297
35564,1.09715,-4.74879
35567,1.09366,-2.09698
35568,1.09412,9.04568
35571,1.1,14.0878
35574,1.08134,7.77628
35575,1.086,7.2089
35576,1.08435,12.3663
35577,1.08167,12.7727
35578,1.07735,13.3966
35579,1.08142,8.45857
35581,1.08065,5.71241
35582,1.08143,6.74358
35586,1.0777,13.101
35587,1.07636,13.823
35588,1.07919,13.2861
35589,1.07741,13.5093
35590,1.05007,23.5539
35591,1.06277,28.1078
35593,1.07392,30.1721
35596,1.06627,26.7762
35597,1.07731,24.9637
35598,1.07769,24.8798
35601,1.04303,22.2707
35603,1.06756,28.7096
35605,1.09018,-0.835568
35606,1.08553,0.0580112
35607,1.08476,1.47075
35608,1.08067,1.714
35610,1.09124,15.4183
35611,1.08743,18.3004
35613,1.07894,3.86793
35614,1.07608,6.33871
35617,1.07583,6.51545
35618,1.07862,5.52731
35621,1.07903,5.22619
35622,1.07912,5.18204
35625,1.08159,4.85533
35626,1.08769,10.2351
35630,1.0772,6.34726
35632,1.08314,10.2987
35633,1.08248,13.0317
35634,1.08223,13.4623
35635,1.08267,14.5054
35637,1.08069,14.0786
35638,1.07875,13.3413
35639,1.07868,13.1023
35640,1.08048,13.0703
35641,1.07393,14.0443
35642,1.08298,12.8675
35643,1.0826,12.7504
35644,1.08206,12.0502
35645,1.08423,13.8787
35647,1.08564,15.1885
35648,1.08257,15.2322
35649,1.08767,16.5515
35650,1.07726,16.5286
35652,1.08005,15.5087
35653,1.08,14.9596
35655,1.08,15.0592
35657,1.07774,14.0624
35659,1.0796,13.3259
35660,1.08004,13.5329
35662,1.07976,15.4088
35663,1.07945,14.88
35665,1.08486,11.2051
35668,1.09014,11.0416
35669,1.09016,11.1636
35670,1.08519,11.1288
35671,1.08481,11.1782
35672,1.0846,11.2212
35673,1.08496,11.1568
35674,1.08437,11.5009
35677,1.08922,9.7303
35678,1.07842,12.2988
35679,1.00388,0.140152
35680,1.00662,-0.0570024
35681,1.0117,-0.312388
35682,1.0107,-0.431395
35689,1.0137,-0.361753
35690,1.00895,0.00367314
35691,1.01342,0.145797
35692,1.00343,-0.207955
35693,1.08119,17.9139
35694,1.08401,18.4245
35695,1.08912,21.9802
35696,1.09004,16.9824
35697,1.0935,19.8855
35698,1.08537,18.4091
35699,1.08946,16.8466
35700,1.08789,17.3875
35701,1.07974,20.2554
35702,1.0849,17.749
35703,1.08436,18.1684
35704,1.08707,16.431
35705,1.08746,16.5457
35706,1.08819,16.5586
35708,1.08174,-0.163073
35709,1.08069,-1.23369
35710,1.082,-0.994706
35711,1.08014,-1.55755
35712,1.08123,-2.67648
35713,1.08632,-5.22555
35714,1.08273,-5.35045
35715,1.08334,-3.8558
35716,1.07188,-8.34022
35717,1.07685,5.89147
35718,1.07671,6.02952
35719,1.07658,6.16028
35720,1.07659,6.27565
35722,1.07658,6.32699
35724,1.07654,6.49793
35727,1.07689,6.38674
35728,1.0779,5.32089
35729,1.07698,5.68324
35730,1.07736,5.52413
35731,1.07633,6.22671
35732,1.07561,6.75181
35734,1.07659,6.61905
35735,1.07613,7.83563
35739,1.05787,5.27001
35740,1.05555,5.48125
35741,1.05707,5.4757
35742,1.07297,6.31241
35743,1.07428,6.41456
35744,1.07568,6.51868
35745,1.07736,7.51498
35748,1.07895,14.0019
35750,1.0808,13.9657
35751,1.08709,15.3432
35753,1.04837,21.3453
35758,1.05746,23.0207
35759,1.05908,21.3752
35760,1.0602,18.5666
35761,1.08364,6.69283
35763,1.08356,8.38712
35764,1.08323,9.82576
35765,1.08229,11.3516
35766,1.08206,14.1891
35767,1.0894,10.3954
35769,1.09677,11.9664
35770,1.0905,9.95808
35771,1.0908,10.1729
35772,1.08828,10.9927
35773,1.09127,10.237
35775,1.09676,10.242
35779,1.08006,15.9459
35780,1.0794,15.6453
35783,1.07972,14.9106
35784,1.07919,16.0309
35785,1.07894,15.6661
35787,1.0791,14.8681
35789,1.07938,14.7128
35791,1.08012,14.4577
35793,1.07972,14.5738
35794,1.07996,14.4502
35795,1.07955,14.639
35796,1.07964,14.7171
35798,1.07855,16.0473
35799,1.07807,17.1084
35800,1.07773,16.4405
35801,1.07859,17.0027
35803,1.08124,14.2952
35804,0.982511,1.79667
35805,0.997368,-0.941038
35808,1.05709,6.0062
35810,1.04169,4.07763
35811,1.04642,6.82588
35812,1.02836,3.74105
35814,1.02832,3.05651
35815,1.08418,14.0884
35816,1.08522,14.0166
35818,1.08678,14.5543
35819,1.085,17.2194
35820,1.08685,15.322
35822,1.08691,16.7387
35823,1.08781,15.0175
35824,1.08762,14.9652
35825,1.08704,15.1821
35826,1.08489,14.0388
35828,1.08307,13.4194
35830,1.08568,14.0268
35831,1.08542,14.0191
35833,1.0869,14.3826
35834,1.08746,14.6396
35835,1.0885,14.9115
35836,1.08936,14.8289
35837,1.08929,14.7592
35838,1.08992,14.7975
35839,1.0901,14.7646
35840,1.09032,14.7533
35841,1.09089,14.7803
35842,1.08925,16.0976
35843,1.08955,15.5087
35844,1.08927,15.3832
35845,1.08962,15.4934
35846,1.08981,14.9085
35847,1.0888,15.2935
35848,1.08848,15.1783
35850,1.08723,14.2801
35851,1.08755,14.2094
35854,1.08744,14.2281
35855,1.08738,14.0263
35859,1.08658,16.3197
35860,1.08856,15.2502
35861,1.08293,13.9046
35863,1.08585,14.0798
35864,1.08974,15.469
35865,1.08835,15.7516
35866,1.08911,15.4457
35867,1.08017,13.3934
35868,1.08189,13.6485
35870,1.08121,13.1684
35873,1.08891,15.6456
35874,1.08888,14.8597
35875,1.08848,14.7896
35876,1.08838,15.4352
35877,1.08819,15.5263
35878,1.0883,15.6307
35879,1.08659,16.1261
35880,1.08665,16.0631
35881,1.08872,14.8213
35882,1.08938,15.5311
35883,1.09016,14.9216
35884,1.0904,14.8418
35885,1.08987,14.6237
35886,1.08963,14.4263
35890,1.0869,14.2326
35891,1.08679,14.2269
35892,1.08551,13.3871
35895,1.08541,14.7115
35896,1.07511,13.3732
35897,1.07448,12.1779
35899,1.06996,12.7472
35901,1.07603,12.576
35904,1.08343,12.8982
35905,1.08464,13.0853
35906,1.08282,12.8732
35908,1.08283,12.8639
35909,1.08326,12.8374
35910,1.08559,13.7556
35911,1.08594,15.2152
35912,1.08608,15.7617
35913,1.08515,17.1008
35914,1.08456,17.6235
35916,1.08604,16.3796
35917,1.08698,13.7379
35919,1.08043,13.1273
35921,1.08079,13.0962
35923,1.08484,14.3464
35926,1.08385,20.5702
35927,1.08525,19.6944
35928,1.08395,16.8032
35930,1.08819,16.9209
35933,1.09082,16.0074
35934,1.08357,20.9553
35935,1.08654,17.9499
35936,1.08207,14.5103
35938,1.08121,14.2687
35939,1.08048,14.301
35940,1.08653,14.2072
35941,1.08633,14.2004
35943,1.08678,13.807
35944,1.08665,14.3431
35945,1.08703,14.7711
35946,1.08579,14.1852
35947,1.08619,14.2472
35948,1.0872,14.9604
35949,1.08738,15.0845
35950,1.08913,14.5605
35952,1.08829,15.742
35953,1.08658,19.8824
35954,1.08977,14.9844
35955,1.08886,14.8582
35958,1.0887,15.4268
35959,1.08906,15.5839
35960,1.08892,15.4653
35961,1.08921,15.7826
35962,1.08908,15.1568
35963,1.08776,15.5044
35964,1.08887,14.9157
35965,1.08862,15.0342
35966,1.08787,14.9164
35969,1.08779,16.7737
35970,1.08804,15.4934
35971,1.08796,15.5078
35972,1.08785,15.5726
35973,1.08724,15.0413
35974,1.0875,15.3212
35977,1.08665,19.5453
35979,1.089,13.8652
35980,1.08536,10.5208
35985,1.05015,27.0307
35986,1.04999,27.0465
35987,1.05443,26.4743
35989,1.06096,27.9247
35991,1.05981,27.616
35993,1.04944,25.4909
35995,1.05389,25.6355
35996,1.05553,26.6101
35997,1.05305,21.5878
35999,1.06136,25.0145
36000,1.05488,21.836
36001,1.0608,23.9356
36007,1.08419,18.1244
36008,1.08452,17.6726
36009,1.08471,16.7277
36014,1.09754,13.5933
36015,1.09665,14.0243
36016,1.0964,13.8573
36017,1.09652,13.8451
36018,1.09667,13.8182
36019,1.0966,13.8863
36023,1.09558,14.0449
36024,1.09851,12.4578
36025,1.09838,12.5531
36026,1.09839,12.2335
36027,1.0978,12.0769
36028,1.0985,12.3528
36029,1.09571,14.0613
36031,1.09124,18.2522
36033,1.09842,16.8515
36037,1.09731,15.1172
36038,1.09619,16.2266
36040,1.09096,9.76546
36042,1.08959,11.6233
36043,1.07878,15.6211
36044,1.08417,19.0397
36045,1.08476,18.426
36046,1.0873,15.0506
36047,1.08742,14.8518
36048,1.08769,14.5079
36050,1.08904,14.3136
36051,1.08708,15.1267
36052,1.0872,15.7348
36053,1.08506,18.0037
36054,1.09042,14.7795
36056,1.08448,13.7302
36057,1.08569,11.2273
36058,1.08636,7.75232
36059,1.09295,14.9503
36060,1.08953,15.4927
36063,1.08717,17.5707
36064,1.08839,15.6369
36065,1.0903,15.6911
36067,1.09012,15.847
36070,1.0892,15.5203
36071,1.09198,10.0314
36072,1.09291,8.79627
36073,1.09283,8.91935
36074,1.09273,9.09486
36075,1.09248,9.10333
36076,1.0921,9.72422
36077,1.09205,9.68506
36078,1.09198,9.66331
36079,1.09202,9.73073
36080,1.09184,10.4775
36081,1.09268,9.29761
36082,1.09194,9.35046
36083,1.09213,9.98376
36084,1.09218,8.99693
36085,1.09211,9.07951
36087,1.09167,10.5823
36088,1.0919,10.4478
36089,1.09229,10.1323
36090,1.09118,11.4998
36091,1.09167,10.5177
36099,1.09169,10.5353
36101,1.08563,9.90958
36102,1.08561,9.92567
36103,1.08559,9.9431
36107,1.08655,9.39006
36108,1.08663,9.33779
36111,1.0865,9.47004
36112,1.08692,10.3501
36113,1.08655,9.52366
36114,1.09199,9.17948
36116,1.08759,1.01849
36118,1.09124,5.17702
36119,1.09086,2.83178
36120,1.08867,3.62625
36121,1.09193,7.73244
36123,1.09218,8.30941
36124,1.09123,11.1687
36125,1.09176,10.1381
36126,1.09161,10.4534
36127,1.09153,10.7346
36128,1.09065,12.6719
36129,1.09411,6.63755
36130,1.0937,7.59741
36131,1.09137,11.3436
36132,1.07513,7.84837
36133,1.06836,6.91047
36134,1.09102,11.3057
36135,1.09142,11.0067
36137,1.0909,11.3731
36138,1.09068,13.1772
36139,1.09061,12.2752
36140,1.08949,11.693
36141,1.09103,10.924
36142,1.08481,10.4052
36144,1.08634,8.89513
36146,1.08705,5.78278
36149,1.0839,7.22712
36150,1.06922,16.2304
36152,1.06421,18.2688
36153,1.06612,16.9423
36155,1.07358,15.3889
36156,1.07364,15.1861
36157,1.07316,14.1525
36161,1.08366,9.46794
36162,1.08233,9.04143
36164,1.08241,8.41957
36166,1.07398,7.62879
36168,1.07018,7.56921
36170,1.05974,10.1063
36171,1.071,6.70395
36172,1.07597,7.63537
36176,1.02706,-18.8435
36177,1.02841,-19.6774
36179,1.02841,-19.67
36180,1.02847,-19.6427
36181,1.02836,-19.6261
36182,1.02857,-19.5055
36183,1.02809,-19.6934
36184,1.02859,-19.8346
36185,1.02859,-19.8986
36186,1.02864,-19.9274
36187,1.02715,-18.9025
36188,1.02722,-18.9304
36190,1.02479,-17.4609
36191,1.02834,-19.4549
36192,1.0288,-19.9472
36193,1.02877,-19.646
36194,1.02859,-19.5698
36196,1.03254,-20.5117
36197,1.03162,-20.3558
36199,1.02993,-20.0056
36200,1.02944,-19.8573
36201,1.02913,-19.7616
36202,1.02896,-19.7101
36203,1.02904,-20.1295
36204,1.02891,-20.0242
36205,1.02877,-19.9034
36206,1.02715,-19.3371
36207,1.02727,-19.3999
36208,1.02732,-19.4324
36209,1.02913,-20.3816
36211,1.0299,-20.0312
36212,1.02739,-19.5743
36213,1.02909,-20.2718
36216,1.02905,-20.351
36217,1.02895,-20.2974
36218,1.0248,-19.2568
36221,1.02467,-19.3531
36222,1.02338,-18.7265
36224,1.02457,-19.4095
36228,1.02568,-20.0469
36231,1.02404,-19.5037
36232,1.0259,-20.0587
36233,1.02347,-19.475
36234,1.02737,-19.6392
36235,1.02741,-19.6239
36237,1.02598,-19.2118
36239,1.02746,-18.9745
36245,1.02412,-17.7253
36246,1.02409,-17.779
36247,1.02866,-18.5858
36248,1.0266,-18.3435
36249,1.02336,-17.9099
36250,1.02604,-18.4763
36251,1.02374,-17.4595
36252,1.02365,-16.9644
36253,1.02139,-14.8419
36254,1.021,-14.9003
36256,1.02757,-14.2448
36259,1.0256,-17.9054
36261,1.0269,-17.82
36262,1.02444,-18.8292
36264,1.02331,-18.9443
36266,1.02316,-19.1847
36267,1.02374,-19.5116
36268,1.02298,-19.207
36272,1.01054,-18.9976
36273,1.03527,-24.3616
36274,1.03561,-23.91
36275,1.02564,-19.301
36276,1.02653,-19.3019
36279,1.03469,-21.9539
36285,1.03453,-24.8446
36286,1.02882,-19.6204
36287,1.02829,-18.8175
36288,1.02458,-18.4171
36289,1.02852,-19.3284
36291,1.09488,0.0919483
36292,1.0969,3.47715
36293,1.09502,-0.284238
36294,1.09468,-2.6107
36295,1.09388,-1.46722
36296,1.09378,-3.48489
36297,1.09135,-3.66664
36298,1.09288,14.6028
36299,1.09297,14.5742
36300,1.09213,14.2228
36303,1.09294,14.6238
36304,1.09306,14.549
36305,1.09232,14.7873
36306,1.09255,14.7152
36307,1.09268,14.6845
36308,1.09257,14.3738
36309,1.09318,14.5211
36310,1.09288,14.4327
36311,1.09302,14.506
36312,1.09359,14.9021
36313,1.09379,14.8776
36315,1.09428,15.4488
36316,1.09343,14.4727
36317,1.09344,14.1977
36318,1.09334,14.486
36322,1.09178,15.0314
36324,1.09418,15.1484
36325,1.09351,14.4686
36326,1.09323,14.2598
36327,1.09131,14.9538
36328,1.09357,14.301
36329,1.09362,14.4052
36331,1.09381,14.6999
36332,1.08954,16.181
36333,1.09026,16.102
36335,1.09229,17.7545
36337,1.09209,15.964
36338,1.09334,15.35
36343,1.0929,15.7141
36345,1.09512,14.9092
36347,1.09327,14.1996
36348,1.09674,13.5807
36351,1.09409,15.1428
36352,1.09511,14.7889
36357,1.07591,9.26917
36358,1.08606,9.36395
36359,1.07803,8.05308
36363,1.08715,18.1856
36364,1.08715,17.5535
36365,1.08604,17.529
36366,1.08909,17.8926
36367,1.08261,19.999
36368,1.08434,18.506
36369,1.08734,18.0247
36370,1.08537,17.9252
36371,1.08474,18.6578
36372,1.08181,22.6378
36373,1.08553,17.5906
36374,1.08537,17.9783
36375,1.08501,19.0588
36377,1.08514,18.5399
36378,1.08583,17.4392
36379,1.08517,16.3107
36380,1.08762,15.6584
36381,1.08596,16.6576
36382,1.08612,16.6016
36383,1.08551,16.169
36385,1.08975,13.0488
36386,1.08432,15.1611
36391,1.08478,11.6575
36393,1.0835,11.4545
36394,1.07608,11.45
36395,1.06332,14.0976
36396,1.07095,11.4855
36397,1.0748,9.54819
36399,1.09624,10.2899
36400,1.08846,10.9696
36404,1.08651,12.0033
36405,1.08627,11.766
36406,1.09018,10.0732
36408,1.08554,11.1653
36410,1.08895,12.4829
36411,1.08234,11.008
36415,1.0959,16.2537
36419,1.09019,16.6637
36421,1.08747,16.4642
36422,1.09741,16.5113
36425,1.07392,12.2119
36426,1.07383,11.9255
36427,1.07063,11.9075
36428,1.07306,10.7481
36429,1.07233,9.32361
36430,1.06743,12.0121
36431,1.06914,10.2551
36432,1.06389,12.6252
36433,1.07553,7.5027
36434,1.07636,7.38883
36435,1.07662,7.45411
36436,1.07761,9.86524
36437,1.07243,9.69163
36438,1.05846,13.6609
36439,1.05289,15.0364
36441,1.08375,13.5619
36442,1.08382,13.5022
36445,1.07885,13.4087
36446,1.08478,16.8653
36447,1.08514,14.1681
36448,1.08797,14.1984
36449,1.09008,13.816
36451,1.08758,15.3273
36453,1.08752,13.1918
36455,1.09071,14.7971
36457,1.08112,13.9687
36458,1.08363,13.9832
36460,1.08736,16.7479
36461,1.08727,14.8179
36463,1.0906,14.0213
36465,1.08889,14.0832
36469,1.08897,14.5005
36470,1.08886,14.364
36473,1.08881,14.6655
36476,1.08803,14.3517
36478,1.09083,15.0454
36479,1.08551,13.9904
36480,1.07833,13.2426
36484,1.06812,13.6011
36485,1.08878,13.7647
36486,1.08237,5.09133
36487,1.08547,5.70423
36488,1.08107,3.34202
36489,1.08116,2.41554
36490,1.08258,6.30738
36491,1.08435,4.0678
36492,1.07804,6.16842
36493,1.07681,6.81879
36494,1.06904,9.89672
36495,1.06773,10.4352
36496,1.09092,8.89567
36497,1.09201,8.1474
36499,1.09191,8.00379
36501,1.09087,8.92785
36502,1.09566,11.3584
36503,1.08624,10.2052
36504,1.08227,11.0443
36505,1.08365,10.6682
36506,1.08259,13.0027
36510,1.09542,12.1289
36513,1.09738,17.4233
36514,1.09335,17.0046
36521,1.09086,14.6052
36522,1.07787,10.9486
36523,1.0756,14.1131
36524,1.08059,12.0021
36527,1.08135,11.4748
36528,1.08202,12.0521
36529,1.0858,11.0736
36530,1.08677,11.4024
36534,1.08008,11.0906
36535,1.08572,11.2486
36537,1.07957,10.8273
36538,1.08132,12.4306
36539,1.08952,14.3707
36540,1.08946,10.6053
36541,1.09765,11.2196
36542,1.1,11.6743
36543,1.09604,11.0493
36544,1.081,10.8228
36546,1.08508,11.4239
36547,1.08465,10.9697
36548,1.08443,11.006
36549,1.08484,11.6176
36550,1.08565,11.3116
36551,1.08517,12.1849
36552,1.08512,12.0935
36553,1.08522,10.7763
36554,1.08546,10.9045
36555,1.085,11.374
36556,1.08481,11.3449
36557,1.08634,10.9642
36559,1.09522,10.9916
36560,1.08663,11.0142
36561,1.08929,10.7397
36562,1.08512,10.6556
36563,1.08417,16.6222
36564,1.08739,11.3009
36565,1.08905,10.7624
36566,1.08589,11.2641
36567,1.08601,11.1352
36569,1.08534,15.85
36570,1.08526,15.3867
36571,1.08543,15.5456
36572,1.08527,16.2491
36573,1.08493,16.7166
36574,1.08512,16.0471
36576,1.08316,15.0551
36577,1.07951,14.7998
36578,1.07745,14.8418
36579,1.08704,15.7234
36580,1.08621,17.7782
36581,1.08445,18.0909
36582,1.08423,18.8732
36583,1.08384,18.8694
36584,1.08417,18.6181
36585,1.08512,17.0741
36586,1.08561,16.4793
36587,1.07511,-8.21586
36588,1.07594,-7.61067
36590,1.04023,-27.6349
36591,1.04326,-13.8863
36592,1.09095,6.06965
36593,1.09428,2.40605
36594,1.09517,2.09289
36595,1.09469,0.432151
36596,1.08397,16.5122
36597,1.08337,16.3132
36598,1.08386,16.1878
36599,1.07844,16.6357
36600,1.06899,17.3707
36601,1.08448,17.0141
36602,1.08664,15.7722
36604,1.05191,-5.91202
36606,1.05123,-5.13066
36607,1.05171,-5.7719
36608,1.05206,-5.77975
36609,1.04783,-2.87058
36610,1.08004,-0.902643
36611,1.074,-3.2816
36612,1.07462,-3.34406
36613,1.0738,-3.58516
36614,1.06197,-8.76974
36616,1.08886,4.54607
36617,1.09032,3.58337
36618,1.08342,0.679254
36619,1.09203,3.66937
36620,1.08364,0.589124
36625,1.08393,-3.01986
36626,1.08533,-2.86644
36628,1.08388,-1.82519
36629,1.08789,-3.55588
36630,1.08292,-1.5283
36631,1.05,-4.2812
36632,1.0633,-6.15956
36633,1.08314,-0.941302
36634,1.09597,10.0974
36635,1.09861,13.2938
36636,1.09838,11.5868
36637,1.07164,-5.43944
36638,1.06713,-7.77905
36642,1.06581,-5.83191
36643,1.06636,-5.77048
36646,1.0919,11.5499
36647,1.09144,14.2487
36648,1.0921,18.0263
36649,1.0928,11.6097
36650,1.09227,12.9229
36651,1.09224,13.151
36653,1.09263,13.3113
36654,1.09215,11.4276
36655,1.0922,11.4424
36656,1.09285,11.6543
36657,1.09368,10.9856
36658,1.09318,11.3158
36659,1.09211,12.2221
36660,1.09304,11.6102
36661,1.09306,11.5959
36662,1.09224,12.2268
36663,1.0933,11.1553
36664,1.09334,12.1026
36665,1.09378,11.4819
36666,1.09308,12.0632
36667,1.09334,11.406
36668,1.08114,7.97522
36669,1.08044,7.61526
36670,1.0787,7.19729
36672,1.09513,9.10388
36673,1.09489,8.89157
36674,1.0866,19.8651
36677,1.08741,19.8402
36678,1.09018,18.6636
36680,1.08962,18.6296
36681,1.08891,18.658
36682,1.09339,16.3957
36683,1.08855,19.411
36686,1.08635,20.1612
36687,1.1,-1.41471
36688,1.08744,-2.732
36689,1.09409,-2.29562
36690,1.08745,-4.20857
36692,1.07958,-4.95729
36693,1.07697,-4.49914
36695,1.09242,19.1265
36696,1.09736,17.4516
36697,1.09324,9.16361
36699,1.08471,6.98778
36700,1.0949,12.9823
36701,1.08215,2.91108
36702,1.08577,4.17995
36703,1.08897,5.55816
36704,1.08846,12.7955
36705,1.09122,14.1562
36706,1.09271,12.9444
36707,1.09008,11.0528
36708,1.09353,7.12195
36709,1.09164,5.212
36710,1.0884,3.7506
36711,1.08694,4.54052
36712,1.08733,3.31727
36713,1.08851,3.88938
36714,1.08912,3.42495
36715,1.08631,5.18519
36716,1.08588,5.3532
36717,1.08301,4.93319
36718,1.08483,5.72917
36720,1.08584,4.85849
36721,1.08633,4.64037
36725,1.08797,3.27253
36726,1.08618,3.91427
36728,1.08178,6.18385
36729,1.08243,5.51815
36730,1.08053,7.20694
36732,1.07712,7.00528
36733,1.0855,4.98435
36741,1.05396,15.1452
36742,1.049,13.986
36744,1.05172,12.094
36745,1.09528,9.48582
36746,1.09564,9.76331
36747,1.09564,9.74849
36748,1.09565,9.72836
36753,1.09624,10.357
36754,1.09682,10.5373
36755,1.09704,10.9224
36756,1.09699,11.9847
36757,1.09708,11.7534
36763,1.09546,10.1131
36765,1.09583,10.323
36766,1.09627,10.3764
36767,1.09561,9.78697
36768,1.09527,9.86701
36771,1.05657,29.1518
36772,1.0816,23.7174
36773,1.08604,15.188
36774,1.08186,19.2032
36776,1.09829,14.4744
36777,1.09635,16.2421
36778,1.09702,16.2298
36782,1.09138,20.3635
36783,1.08435,-5.64219
36784,1.08593,-7.1067
36785,1.08157,-6.74056
36787,1.07297,-5.65884
36788,1.0829,4.16047
36789,1.08349,3.2639
36790,1.07817,5.1975
36791,1.08275,4.22088
36792,1.08329,2.97789
36793,1.08295,2.80837
36794,1.0838,2.90218
36795,1.08428,3.11365
36796,1.08262,3.59877
36797,1.08428,4.15367
36800,1.08119,2.21067
36801,1.07809,1.09873
36802,1.08403,2.90726
36803,1.07737,1.49434
36804,1.07069,7.3677
36805,1.07697,1.45095
36806,1.07738,1.59742
36808,1.07257,6.49674
36809,1.07013,6.50685
36810,1.07013,6.56172
36811,1.06311,10.532
36812,1.07032,6.48328
36813,1.07326,5.62678
36815,1.0716,6.90493
36816,1.07336,6.7088
36817,1.08353,-0.565319
36818,1.06747,-3.3408
36821,1.05775,-6.75947
36823,1.03853,-3.17974
36824,1.03313,-6.89763
36825,1.03863,-8.09748
36827,1.07539,11.7514
36828,1.08035,9.22784
36829,1.07094,12.4513
36830,1.04002,-7.6174
36831,1.03663,-7.68439
36834,1.1,14.0483
36836,1.09995,14.0269
36838,1.09849,13.3816
36839,1.09814,13.7269
36842,1.09837,13.4285
36843,1.09832,13.4995
36844,1.09383,16.0277
36845,1.06811,21.164
36846,1.0717,20.5788
36847,1.08576,19.5452
36848,1.07686,19.6674
36851,1.0999,14.3895
36854,1.09606,15.3104
36855,1.08649,4.76943
36859,1.09905,14.1576
36860,1.09562,15.2634
36861,1.07892,4.11668
36862,1.07326,5.68408
36865,1.07626,5.6953
36867,1.0763,5.77216
36868,1.07734,4.91398
36870,1.07609,5.66114
36871,1.0761,5.66505
36872,1.07448,5.61312
36875,1.07504,5.42212
36876,1.07622,6.94927
36877,1.07392,5.62558
36878,1.07672,5.54255
36879,1.07743,4.89334
36880,1.07745,4.85205
36881,1.07483,5.52702
36882,1.07484,5.57612
36883,1.07526,5.36054
36884,1.07591,5.93995
36885,1.07587,5.95922
36887,1.07381,5.65614
36888,1.07175,6.68804
36890,1.07191,6.65292
36891,1.07589,5.69521
36892,1.07537,5.33301
36893,1.0751,5.20088
36894,1.07262,6.05245
36895,1.07516,5.43389
36897,1.07511,5.25998
36899,1.07527,5.56103
36900,1.07515,5.54979
36901,1.07294,6.21941
36902,1.07291,6.25227
36903,1.07194,6.50627
36904,1.07571,7.75494
36905,1.07148,6.70859
36906,1.07221,5.94238
36907,1.07273,5.94166
36909,1.07272,6.14935
36910,1.07279,6.21882
36911,1.07472,5.56208
36913,1.0755,5.87901
36914,1.07535,6.01874
36917,1.0755,6.01683
36918,1.07551,5.60538
36919,1.07383,6.10422
36920,1.07273,6.2985
36921,1.07249,6.31959
36922,1.07248,6.32227
36923,1.07239,6.34819
36924,1.07223,6.29448
36925,1.07218,6.32076
36927,1.07439,6.25944
36930,1.07755,8.43615
36931,1.07556,7.72001
36936,1.06958,6.81445
36937,1.0717,6.14407
36938,1.06817,6.96695
36939,1.06623,7.06367
36940,1.05577,8.16934
36941,1.06992,6.71075
36942,1.07467,5.48995
36943,1.07573,5.78222
36945,1.07458,5.54269
36946,1.07444,5.64199
36947,1.09953,14.5487
36948,1.09958,14.261
36950,1.09916,14.4689
36951,1.08714,16.709
36953,1.08428,18.9787
36955,1.08972,9.29625
36957,1.09101,9.40459
36958,1.07544,16.9001
36959,1.08879,16.381
36960,1.08943,16.7959
36962,1.0866,6.87751
36963,1.0877,6.28291
36964,1.08817,7.24098
36965,1.08802,12.4998
36966,1.08198,7.11764
36967,1.08229,7.0027
36968,1.0911,8.32224
36969,1.08825,6.02112
36970,1.08868,6.91016
36972,1.04305,31.9251
36973,1.05155,29.7559
36974,1.09342,8.65724
36975,1.09361,10.4249
36978,1.08119,-3.4544
36980,1.09322,10.598
36981,1.09364,10.5922
36982,1.09052,12.3473
36984,1.07978,19.177
36985,1.07264,20.3754
36986,1.07085,19.6612
36988,1.07719,21.238
36989,1.1,20.6546
36990,1.0659,22.5751
36991,1.08095,20.5733
36992,1.06731,18.6348
36994,1.08952,4.54063
36995,1.08957,4.38433
36996,1.08997,4.52854
36998,1.09007,4.78327
36999,1.08648,8.49048
37000,1.09392,-6.67104
37002,1.09183,-6.17697
37004,1.08801,19.6331
37010,1.0978,14.4266
37012,1.09736,14.4727
37013,1.09628,17.2395
37014,1.09462,22.1361
37015,1.09229,14.7467
37019,1.08545,6.00309
37023,1.08536,6.07483
37024,1.0855,5.48277
37025,1.08643,5.47974
37026,1.08182,6.91385
37027,1.08733,3.91494
37029,1.08742,4.10571
37030,1.08621,5.00621
37035,1.09033,1.22566
37036,1.0866,5.12081
37038,1.06858,1.06753
37039,1.07155,1.94768
37040,1.08128,1.33542
37041,1.0821,-3.07009
37042,1.0832,-2.97683
37043,1.07798,-4.40574
37044,1.08332,-3.10376
37045,1.08386,-2.77423
37046,1.08154,-3.27011
37047,1.08491,-0.0852151
37048,1.08711,-0.758735
37049,1.09601,10.1367
37050,1.09518,10.443
37051,1.09308,7.8479
37052,1.09609,10.1777
37053,1.09384,8.54402
37055,1.08796,-1.06449
37056,1.08748,-2.30502
37057,1.08573,-2.91655
37059,1.09154,16.1465
37060,1.09102,17.0059
37061,1.09162,16.2774
37062,1.09095,17.0542
37063,1.09101,17.0415
37064,1.09115,16.9267
37065,1.09071,17.2212
37068,1.08927,17.8553
37069,1.07932,15.1804
37070,1.08949,12.4137
37071,1.08752,14.3195
37072,1.0912,10.1023
37073,1.09202,10.6005
37074,1.09006,8.86878
37075,1.04994,30.314
37076,1.09135,13.8175
37077,1.09353,13.5002
37078,1.09661,13.1208
37080,1.09395,10.1318
37082,1.08913,7.58203
37084,1.0857,5.68398
37085,1.09023,7.24301
37086,1.0861,4.45916
37087,1.08517,4.36695
37088,1.07037,0.763938
37089,1.07214,4.43514
37090,1.06565,-0.812886
37091,1.0786,6.81116
37092,1.07779,6.89171
37094,1.08006,6.20779
37100,1.07648,7.6116
37101,1.07984,7.10696
37102,1.08017,6.52185
37103,1.08024,6.41512
37104,1.08025,6.28423
37105,1.08027,6.16203
37107,1.08018,6.0257
37108,1.08026,6.61561
37110,1.0803,6.33207
37111,1.08035,5.76257
37112,1.0799,7.01425
37113,1.07682,7.64286
37114,1.07819,7.48899
37115,1.07847,7.61612
37116,1.07798,7.91153
37118,1.07925,7.5937
37119,1.07795,8.13577
37120,1.07769,8.23442
37121,1.07797,7.70464
37122,1.07726,8.51508
37123,1.07843,7.33008
37124,1.08013,6.61395
37125,1.0802,6.7317
37126,1.08006,6.89772
37127,1.08,6.91217
37128,1.07948,8.32013
37129,1.07796,7.71676
37130,1.08099,6.56868
37131,1.08122,6.29453
37132,1.08145,6.31367
37133,1.08151,6.2725
37134,1.08096,6.44438
37135,1.0808,6.47466
37136,1.08121,6.73685
37137,1.08154,6.40662
37138,1.08098,6.93918
37139,1.07535,10.366
37140,1.08179,6.57617
37143,1.08324,6.10723
37144,1.08189,6.60342
37145,1.08087,7.77637
37147,1.08484,6.06627
37148,1.08252,6.53009
37149,1.08214,6.53518
37150,1.08249,6.50434
37151,1.08197,6.22475
37152,1.08243,6.0473
37153,1.08237,6.03446
37154,1.08447,6.41308
37155,1.08469,6.40171
37156,1.08296,5.92043
37157,1.0773,8.39527
37158,1.07805,7.74255
37160,1.07951,7.23341
37162,1.07949,7.28909
37163,1.08327,5.81566
37164,1.0872,5.50314
37165,1.08202,7.76334
37166,1.08252,7.79023
37167,1.08676,6.23151
37168,1.08802,6.22782
37169,1.09124,4.3692
37171,1.08805,6.04387
37174,1.09091,4.40525
37176,1.09373,4.5892
37177,1.09192,4.43861
37178,1.0928,5.22709
37183,1.09304,4.9351
37185,1.08976,5.4543
37186,1.0928,5.16507
37190,1.0905,4.43339
37191,1.09275,5.09428
37192,1.08516,6.48826
37193,1.08545,6.38235
37195,1.08807,7.24207
37196,1.08621,5.92044
37197,1.08914,4.62791
37198,1.08981,4.51358
37199,1.08786,5.23964
37200,1.08699,5.44984
37201,1.08586,5.52256
37202,1.08276,6.2583
37203,1.08331,6.13312
37204,1.08538,5.94829
37205,1.08662,5.26168
37208,1.08678,4.92148
37209,1.08654,5.16978
37210,1.08588,5.78896
37211,1.08613,5.56007
37213,1.08675,5.09351
37214,1.0835,5.75591
37215,1.08073,6.99164
37216,1.08253,5.71561
37217,1.08106,6.28369
37218,1.08202,6.04178
37219,1.08046,6.86745
37220,1.08185,5.73839
37222,1.08661,5.08981
37224,1.08659,5.14432
37225,1.08587,4.99751
37227,1.08648,4.77703
37228,1.08647,4.70726
37229,1.08654,5.46321
37231,1.08659,5.03062
37232,1.08654,5.2278
37233,1.09356,4.45714
37234,1.08695,3.92784
37237,1.08397,4.70792
37238,1.08772,4.25702
37239,1.08673,4.61472
37240,1.0837,4.75529
37241,1.0833,4.84969
37242,1.08282,5.02862
37244,1.07916,7.28985
37248,1.08073,6.68597
37250,1.08131,5.77331
37251,1.07973,7.57172
37252,1.07963,8.53916
37253,1.07797,9.43701
37255,1.07705,9.06065
37256,1.07687,9.3209
37257,1.07515,11.189
37258,1.07793,8.52995
37259,1.07774,8.84947
37260,1.07766,8.67684
37261,1.07676,9.00317
37262,1.07717,8.75713
37263,1.07788,9.0605
37264,1.07717,8.77954
37265,1.07785,9.04151
37266,1.07789,9.15073
37267,1.07731,8.74921
37268,1.07591,9.47578
37269,1.07753,8.43282
37270,1.07603,9.36116
37271,1.07369,10.713
37273,1.0779,8.42942
37274,1.07727,9.66077
37276,1.0736,9.8584
37277,1.07578,10.3271
37278,1.07663,7.65521
37279,1.07672,7.64917
37280,1.08492,6.40678
37281,1.07505,10.4947
37283,1.06313,4.89461
37284,1.06268,6.31817
37285,1.06089,5.08472
37286,1.05966,4.81046
37287,1.0611,5.14958
37289,1.0605,5.01679
37291,1.08068,23.5373
37293,1.09226,16.7568
37294,1.07967,19.5051
37296,1.08824,16.7151
37297,1.09555,9.72793
37299,1.0952,9.50817
37300,1.09523,9.50892
37301,1.09523,10.3046
37302,1.09528,10.4268
37303,1.09525,10.3942
37304,1.09518,10.4068
37305,1.09545,9.74156
37306,1.09224,13.1168
37307,1.09242,16.07
37308,1.09227,13.06
37309,1.09224,12.292
37311,1.09473,12.5165
37313,1.09495,9.81911
37314,1.09346,11.3919
37316,1.09235,11.6172
37317,1.09383,10.7787
37318,1.0929,11.5103
37319,1.09546,10.7221
37320,1.0945,10.8511
37321,1.09519,9.7822
37322,1.09519,9.79112
37323,1.09522,9.51939
37324,1.09504,10.3794
37325,1.09528,10.178
37326,1.09426,11.2388
37327,1.09558,11.1435
37328,1.09448,11.4259
37329,1.09275,12.9393
37330,1.09256,11.52
37331,1.09227,11.6033
37334,1.092,13.1387
37335,1.09425,10.745
37336,1.0956,9.74052
37337,1.09525,9.57216
37338,1.09103,8.4349
37339,1.09081,7.42544
37340,1.09104,7.48886
37341,1.09081,9.1332
37342,1.09167,6.96655
37343,1.06957,-6.89634
37344,1.05789,-7.29574
37345,1.06009,-7.28659
37346,1.06602,-7.03331
37347,1.06681,-7.09982
37348,1.06851,-7.7391
37349,1.06796,-7.83013
37350,1.06622,-7.86915
37351,1.09005,-0.556869
37352,1.09098,0.496852
37353,1.08766,-2.7784
37354,1.08934,-0.935492
37355,1.06008,-2.51863
37356,1.06237,-1.46125
37359,1.05715,-4.2942
37360,1.05411,-4.44083
37361,1.05627,-5.25623
37363,1.05093,-6.9713
37364,1.05805,-6.25697
37365,1.06171,-8.33172
37366,1.02963,-6.50512
37367,1.04386,-6.62888
37368,1.07212,21.8864
37372,1.07812,24.9668
37373,1.07886,4.64695
37374,1.07413,2.97268
37375,1.08269,6.27516
37378,1.07909,-2.06708
37380,1.08929,8.37391
37381,1.09034,9.20321
37383,1.07989,11.6986
37386,1.09504,17.4488
37387,1.09679,17.1632
37391,1.07061,-2.43638
37392,1.07975,-3.69183
37394,1.07381,-4.46107
37395,1.0765,-2.63271
37396,1.06441,13.5948
37399,1.07742,6.08276
37400,1.08095,-0.649067
37401,1.07054,-0.522746
37402,1.07196,-2.24965
37403,1.06632,-4.81541
37404,1.07282,9.90352
37405,1.07529,8.71093
37407,1.05059,15.6626
37408,1.05277,16.0877
37410,1.04984,15.5149
37411,1.04941,15.4434
37412,1.0481,15.3072
37415,1.0442,15.7159
37416,1.04429,14.4872
37417,1.04748,14.4283
37418,1.06238,16.3559
37419,1.0526,16.2587
37421,1.05912,16.6738
37425,1.05026,-7.48185
37427,1.06349,-7.44801
37428,1.08633,11.6473
37429,1.08752,15.2641
37430,1.08688,10.663
37431,1.0661,7.0013
37432,1.06433,7.77921
37433,1.06569,5.60907
37435,1.06549,5.5234
37436,1.06545,5.45374
37437,1.06583,6.30133
37438,1.0655,5.6552
37440,1.0643,5.13291
37441,1.065,5.15646
37442,1.06682,5.61345
37444,1.0684,5.13151
37445,1.07211,4.81407
37446,1.04748,8.53167
37448,1.06251,4.9959
37450,1.09562,12.3636
37451,1.09438,15.0872
37453,1.09152,16.2984
37454,1.08128,-3.91911
37455,1.08262,-3.58063
37456,1.08246,-3.55595
37457,1.09084,-5.71271
37463,1.082,13.1594
37464,1.08695,18.1995
37465,1.08189,12.2843
37469,1.09705,16.5722
37470,1.09686,16.4031
37472,1.09187,23.0472
37473,1.09853,14.8477
37476,1.08468,8.70244
37477,1.08935,10.1464
37479,1.08424,10.1695
37481,1.0847,7.76195
37482,1.09431,9.83683
37483,1.08863,7.13116
37485,1.05256,1.60084
37487,1.066,-0.645887
37489,1.09024,-5.43546
37490,1.05193,-5.85438
37491,1.05325,-6.24879
37493,1.0413,-10.1345
37494,1.03359,-10.1538
37495,1.02764,-7.74652
37496,1.07798,6.30279
37497,1.08096,6.85036
37498,1.07662,6.1481
37499,1.07711,6.00392
37500,1.08342,5.86261
37501,1.07938,5.50027
37502,1.09594,14.6773
37503,1.09858,12.4643
37504,1.09693,11.4263
37505,1.09449,11.9399
37506,1.09335,10.4767
37507,1.08105,7.93042
37508,1.08144,5.66298
37509,1.08707,8.87302
37510,1.07729,4.89945
37511,1.07923,5.15488
37512,1.07826,4.61872
37514,1.07529,10.9499
37516,1.08029,-1.43794
37517,1.08706,0.970702
37518,1.08495,-0.831857
37519,1.08691,-0.398749
37520,1.08704,-1.29611
37521,1.08784,0.273419
37522,1.08188,-1.61993
37523,1.08872,1.21879
37524,1.08924,-1.22045
37525,1.09807,12.2251
37526,1.09647,10.8252
37527,1.09242,10.1111
37528,1.09353,6.69427
37529,1.09737,5.29912
37533,1.08428,9.68189
37535,1.09198,8.21487
37536,1.09063,8.56612
37537,1.09032,8.76836
37538,1.09278,8.16496
37539,1.09323,8.49539
37540,1.09297,5.1883
37541,1.09323,5.58469
37543,1.0928,5.44048
37548,1.09216,9.35349
37549,1.09122,8.93585
37551,1.07938,2.53966
37552,1.07985,1.98736
37553,1.09523,17.7978
37555,1.09893,13.9064
37556,1.08952,6.80847
37558,1.0808,-1.63646
37560,1.09153,4.43374
37561,1.08989,3.23603
37562,1.07952,-2.71143
37563,1.08458,4.52585
37565,1.08256,21.4015
37570,1.09198,8.13462
37583,1.08879,6.08821
37584,1.07649,5.31558
37585,1.06622,-3.7642
37586,1.06773,-4.17152
37587,1.05877,-3.49333
37588,1.06457,-2.25262
37589,1.06637,-1.99086
37591,1.06372,-3.4105
37595,1.06796,-1.05936
37596,1.06674,-2.73088
37597,1.06408,0.4226
37599,1.0991,15.6913
37601,1.07208,-1.57283
37602,1.06859,-1.87673
37604,1.09867,15.6315
37605,1.1,13.1727
37606,1.09949,12.5018
37607,1.09898,13.3446
37608,1.06206,-4.95881
37609,1.05655,-4.26302
37610,1.04507,-2.24856
37611,1.04763,-2.38864
37612,1.05168,-2.39134
37613,1.08149,8.46149
37614,1.08093,7.16383
37616,1.08198,7.39746
37620,1.09211,8.55218
37621,1.0926,8.39301
37623,1.09308,9.30976
37624,1.07918,6.21638
37627,1.09338,3.88774
37628,1.09719,8.93203
37629,1.09667,6.6397
37630,1.094,3.849
37633,1.09373,3.70602
37634,1.09236,2.19797
37635,1.09434,3.57596
37639,1.06715,-3.95246
37640,1.09045,1.92222
37641,1.09243,3.38162
37642,1.08714,2.08643
37644,1.08852,-7.17232
37645,1.09106,-6.00928
37646,1.09059,-6.97157
37648,1.08696,-6.00349
37649,1.07354,2.64143
37650,1.06964,-0.398713
37651,1.06669,-0.957928
37652,1.06792,-0.0624778
37653,1.0776,7.76969
37654,1.07918,7.29244
37655,1.08044,8.18048
37656,1.08118,10.0736
37657,1.06563,4.55945
37659,1.09296,8.46078
37661,1.08313,14.227
37662,1.08443,13.1212
37663,1.08435,13.3018
37665,1.08382,4.83217
37666,1.0837,4.94217
37667,1.08362,5.10633
37670,1.08546,3.98841
37671,1.08544,4.08655
37672,1.08437,4.86846
37673,1.08408,5.04753
37674,1.0839,5.16033
37675,1.08441,6.80238
37676,1.08372,5.17431
37677,1.08481,8.07165
37678,1.085,9.9686
37683,1.07687,-2.43889
37684,1.08379,1.22288
37685,1.085,4.04438
37687,1.08327,2.38163
37688,1.07906,-1.72798
37689,1.07686,-2.44962
37690,1.06563,-0.692935
37691,1.05701,-0.984469
37692,1.05437,-1.19644
37694,1.0465,-6.68382
37695,1.04828,-7.30314
37696,1.08568,15.4421
37697,1.09115,13.5513
37698,1.08819,12.7474
37701,1.06261,-7.52305
37702,1.06353,-7.75644
37703,1.06346,-7.90773
37704,1.06528,-7.42411
37706,1.06764,-7.21873
37708,1.09725,8.00052
37709,1.08926,6.26064
37710,1.08795,4.07436
37711,1.06986,5.71395
37715,1.06403,3.84898
37716,1.07499,4.61711
37717,1.07714,5.46378
37727,1.05216,24.823
37730,1.03064,22.7448
37733,1.02154,24.5411
37739,1.07629,5.61296
37740,1.07326,0.605089
37741,1.07464,1.86902
37749,1.06844,15.337
37751,1.06848,15.2866
37753,1.07264,31.2162
37754,1.07152,31.8823
37755,1.05406,37.2436
37756,1.06351,32.6909
37757,1.05762,36.1709
37758,1.05684,26.5707
37759,1.06929,19.7661
37760,1.07933,14.86
37764,1.04775,23.1031
37766,1.04709,17.9784
37771,1.05703,-7.89693
37772,1.05454,-12.5187
37773,1.05516,-11.8577
37774,1.06887,11.4875
37777,1.06726,11.8366
37778,1.06649,12.5358
37781,1.06209,24.7708
37783,1.06777,23.0537
37787,1.08399,-4.16632
37788,1.08031,-6.21586
37789,1.08277,-5.07784
37791,1.07993,-6.0176
37800,0.989576,28.9348
37801,0.990168,28.6659
37802,0.988655,28.9672
37803,0.985586,29.4617
37806,0.987917,29.249
37807,0.983767,29.7984
37810,0.994201,27.2215
37813,0.99108,28.5152
37814,0.994534,27.5684
37826,0.991075,29.0564
37827,1.00811,30.1717
37829,1.03654,-14.9486
37831,1.03674,-16.0561
37833,1.03427,-13.5541
37835,1.03367,-13.122
37836,1.03574,-14.0207
37837,1.03407,-13.6726
37838,1.03303,-14.7748
37839,1.03502,-15.873
37840,1.0329,-13.267
37841,1.03598,-16.3573
37842,1.0368,-16.4533
37843,1.03651,-14.2291
37844,1.02669,-15.0574
37846,1.08833,-5.94794
37848,1.02815,-17.3785
37849,1.02935,-16.5027
37850,1.02802,-16.932
37851,1.01778,-14.5467
37852,1.02271,-15.0654
37853,1.0383,-16.3297
37854,1.02949,-15.7822
37855,1.04693,35.6004
37856,1.06053,28.9367
37857,1.05469,30.5723
37866,1.03312,-16.5179
37869,1.00872,-15.7371
37870,1.00877,-15.2139
37871,1.00901,-15.6737
37872,1.00904,-15.752
37874,1.00994,-16.5366
37876,1.00909,-15.4085
37878,1.00913,-15.8566
37881,1.01008,-16.5528
37882,1.01007,-16.6362
37883,1.01023,-16.4964
37884,1.00997,-16.621
37885,1.00993,-16.6688
37886,1.00995,-16.7744
37887,1.00978,-16.8273
37888,1.00977,-16.9824
37889,1.01004,-16.9651
37890,1.0111,-16.095
37891,1.01267,-16.2244
37892,1.02665,-15.0423
37894,1.01715,-15.7355
37895,1.02609,-14.9373
37896,1.01137,-12.2511
37897,1.00877,-15.3428
37898,1.00893,-15.4423
37899,1.00917,-15.449
37900,1.01053,-15.6986
37901,1.01153,-15.345
37903,1.01873,-15.9813
37908,1.00883,-15.828
37910,1.00863,-15.6766
37914,1.09211,-1.64007
37915,1.0922,-1.58682
37916,1.09204,-1.69081
37918,1.09228,-0.110829
37919,1.09228,0.0412593
37920,1.09226,-0.0521244
37921,1.09229,-0.16178
37922,1.0923,-0.220414
37923,1.0933,-1.23312
37924,1.09308,-1.2856
37925,1.09197,-0.840934
37926,1.09159,-2.11941
37927,1.09152,-1.07614
37929,1.09305,-1.25395
37930,1.0923,-0.264179
37931,1.09231,-0.185021
37932,1.09229,-0.141049
37933,1.09199,-0.396266
37934,1.09232,-0.193646
37937,1.08934,-1.59063
37946,1.09243,-0.592131
37947,1.09254,-1.41962
37948,1.09285,-1.1631
37953,1.08817,-2.74699
37966,1.08829,-2.64505
37970,1.08829,-2.57131
37972,1.08501,-3.14765
37974,1.09242,-1.42601
37976,1.06987,8.27038
37977,1.06552,13.5051
37978,1.06563,16.8227
37979,1.07976,14.1396
37981,1.08356,10.2221
37982,1.08488,10.0785
37983,1.08387,10.1427
37985,1.07664,20.4384
37986,1.07847,18.6682
37987,1.0793,17.5077
37989,1.08238,17.3523
37990,1.0084,-12.6069
37992,1.00776,-15.425
37993,1.00759,-14.9989
37994,1.00828,-15.6926
37995,1.00854,-15.1721
37996,1.00775,-15.0627
37997,1.00832,-15.024
37998,1.00818,-14.9412
37999,1.00799,-14.7893
38000,1.0069,-13.975
38002,1.00934,-16.1682
38003,1.00749,-15.0517
38004,1.00845,-18.6214
38005,1.00718,-16.5469
38006,1.00702,-17.4146
38007,1.00726,-17.2159
38009,1.00699,-17.3851
38010,1.00686,-16.7717
38011,1.00656,-16.9159
38012,1.00616,-16.8214
38015,1.00582,-16.7083
38016,1.00742,-17.3337
38017,1.00751,-16.2837
38018,1.05861,-5.44894
38019,1.05579,-5.4762
38027,1.0537,-10.5407
38029,1.02956,-12.7263
38030,1.04345,-12.6053
38031,1.0513,-11.5188
38032,1.05194,-11.3348
38033,1.05057,-11.7352
38035,1.05089,-11.9349
38036,1.05157,-12.0766
38037,1.03004,-14.5114
38039,1.02695,-12.816
38040,1.02785,-12.8894
38041,1.0794,3.09967
38042,1.07304,2.66702
38048,1.03066,37.5775
38050,1.08152,28.079
38052,1.03077,37.6909
38054,1.0351,-12.4265
38055,1.03509,-13.3486
38056,1.03199,-11.6247
38057,1.034,-13.5306
38058,1.03079,-12.2111
38059,1.03779,-11.5467
38060,1.03134,-13.9292
38063,1.0695,-3.0008
38065,1.06931,-2.81333
38067,1.07297,-1.299
38068,1.07392,0.966045
38071,1.07707,2.20966
38074,1.07428,0.969359
38076,1.06608,-1.7815
38077,1.0798,1.30611
38078,1.06951,-3.01078
38079,1.06534,-2.82452
38080,1.04098,-6.55574
38081,1.04465,-6.97502
38082,1.04959,-9.42867
38083,1.073,0.425948
38088,1.08094,21.0126
38089,1.08094,19.0698
38090,1.08124,18.7974
38091,1.07952,18.751
38093,1.0876,17.8222
38094,1.09393,20.8293
38097,1.09478,21.2256
38098,1.09364,20.815
38099,1.09034,20.0483
38101,1.09565,20.7905
38102,1.09388,20.8112
38103,1.0867,16.0349
38104,1.08832,16.6592
38105,1.08619,16.2969
38108,1.05465,25.9368
38109,1.06828,18.3079
38111,1.06187,21.0224
38112,1.06403,19.7435
38113,1.06924,18.9106
38115,1.05112,-7.48656
38116,1.07488,-6.54395
38117,1.05787,-9.00467
38118,1.07319,-11.2608
38119,1.0532,-7.63092
38120,1.07026,-7.02284
38122,1.06074,15.7677
38123,1.06161,15.3611
38125,1.05214,18.4089
38128,1.04985,19.1472
38131,1.04857,19.9732
38134,1.06153,11.693
38136,1.09294,-1.19525
38137,1.09311,-1.18624
38138,1.09236,-0.707407
38142,1.09256,-1.29428
38143,1.09178,-1.04122
38146,1.09305,-1.04603
38148,1.08796,-2.88776
38149,1.08561,-1.27043
38153,1.08876,-1.56822
38154,1.08242,-0.104223
38155,1.08038,0.793495
38156,1.04389,-11.3653
38157,1.05114,-12.1922
38158,1.04927,-12.2987
38159,1.04872,-12.2339
38160,1.04316,-11.959
38161,1.05053,-12.8613
38166,1.03609,21.6822
38167,1.0478,21.3115
38168,1.07212,11.3401
38170,1.07219,11.8377
38171,1.07222,12.054
38173,1.07207,11.1702
38174,1.07284,9.99561
38175,1.07241,12.8072
38177,1.0867,27.2094
38178,1.09288,29.1521
38179,1.07718,27.5511
38180,1.06179,3.19877
38182,1.06439,2.31792
38183,1.06425,2.15306
38184,1.06217,1.16523
38185,1.06753,0.533837
38186,1.06982,0.352951
38187,1.07197,0.199745
38188,1.06661,-0.461936
38189,1.06372,-1.14981
38190,1.06016,-5.01236
38191,1.06086,-3.50464
38192,1.08057,6.47195
38193,1.07628,7.03676
38194,1.06878,6.40747
38196,1.05706,23.7124
38200,1.06453,20.083
38203,1.03147,34.6537
38205,1.03182,37.4375
38206,1.03115,38.095
38209,1.03185,-15.0864
38210,1.03558,-15.5745
38211,1.03816,-15.0116
38212,1.05134,-14.6373
38213,1.03701,-17.3587
38214,1.03809,-17.5197
38215,1.03603,-16.1731
38216,1.04076,-17.6167
38217,1.03817,-17.384
38218,1.03217,-15.5349
38219,1.03133,-15.7818
38220,1.02626,-15.2219
38221,1.06214,-12.4408
38222,1.07165,-12.0291
38225,1.07104,-12.1398
38226,1.0698,-12.2797
38227,1.06837,-12.3088
38229,1.0941,20.8657
38230,1.09391,21.1387
38233,1.09705,21.5284
38234,1.08999,26.4874
38235,1.06786,24.8374
38236,1.06499,22.6942
38237,1.06733,22.9722
38238,1.07544,22.0854
38239,1.07882,21.0142
38240,1.04155,29.1426
38241,1.04783,28.7725
38242,1.04884,28.8126
38244,1.08313,-2.42605
38255,1.08722,-3.44831
38256,1.0858,-2.79096
38257,1.08682,-3.44984
38258,1.08648,-2.88579
38260,1.08817,-3.21167
38262,1.08524,-2.5694
38263,1.08561,-2.64184
38265,1.07188,-5.30171
38266,1.08802,-3.64366
38269,1.09008,-2.84564
38270,1.06473,-2.07098
38274,1.06503,-3.52553
38275,1.06436,-3.82371
38276,1.08207,4.31052
38277,1.08219,4.34732
38278,1.05987,-6.90928
38279,1.05515,-7.44302
38281,1.04994,-7.77072
38282,1.0591,-7.03614
38283,1.05886,-4.62853
38284,1.05751,-6.79973
38285,1.05468,-5.6548
38286,1.0216,-15.5619
38288,1.02639,-15.4952
38289,1.06924,19.9092
38295,1.08544,8.90712
38297,1.0497,30.2441
38299,1.05178,28.0025
38300,1.03038,36.2339
38303,1.01946,31.0334
38304,1.02096,31.8683
38305,1.06839,20.9226
38309,1.05354,25.407
38311,1.05964,25.9569
38312,1.069,25.78
38316,1.08464,20.975
38317,1.07555,21.2085
38318,1.08579,20.7516
38320,1.08675,20.687
38322,1.05413,-12.1414
38324,1.05685,-12.9806
38325,1.08292,-3.34658
38326,1.08231,-4.21728
38327,1.08245,-4.34061
38328,1.08295,-4.26108
38330,1.08286,-4.26499
38331,1.08237,-4.37047
38333,1.08333,-3.92652
38334,1.08306,-4.09356
38336,1.08373,-4.52081
38339,1.08814,6.01098
38340,1.0843,5.80296
38346,1.08424,5.73298
38348,1.08408,5.71555
38349,1.08361,5.86452
38350,1.08407,5.68632
38351,1.08297,4.27912
38354,1.08235,4.79014
38355,1.0769,5.58304
38356,1.06467,-10.9144
38357,1.05377,-12.0917
38358,1.05291,-12.5146
38359,1.04738,-14.0033
38361,1.04823,39.6553
38362,1.04298,41.8707
38365,1.05403,8.29275
38368,1.05517,6.62331
38369,1.05968,4.22356
38370,1.04075,39.9416
38371,1.03095,37.8773
38373,1.08545,14.7939
38374,1.09257,11.1426
38375,1.08589,10.7476
38376,1.07342,7.35602
38377,1.08747,10.709
38379,1.04457,-3.91149
38380,1.05925,-2.57774
38381,1.0597,-2.65828
38382,1.06197,-2.59668
38383,1.06011,-2.83194
38387,1.06494,-3.36442
38392,1.06391,-2.73774
38393,1.06216,-3.15083
38394,1.06365,-0.429798
38395,1.06643,-0.472381
38397,1.06931,-16.068
38398,1.07753,-16.7103
38399,1.07973,-11.3226
38400,1.07573,-11.2955
38401,1.07844,-12.6467
38402,1.07599,-12.2131
38403,1.07389,-10.8731
38404,1.07561,-11.5411
38405,1.07171,-10.5734
38408,1.00383,12.6441
38409,1.00169,13.1795
38410,1.00205,13.9882
38411,1.01057,-8.0807
38412,1.01383,-8.69142
38413,1.01852,-9.26348
38414,1.03307,-8.40225
38415,1.03247,-8.44316
38416,1.05107,-6.78718
38418,1.04421,-7.47296
38419,1.03487,-8.58216
38420,1.03456,-8.62269
38421,1.03716,-8.03875
38422,1.03542,-8.76304
38423,1.04043,-7.81903
38424,1.03559,-8.72333
38426,1.03344,-8.03272
38427,1.0332,-7.99461
38429,1.04652,-7.62589
38430,1.04439,-7.77439
38431,1.03696,-7.48269
38432,1.03474,-7.40171
38434,1.0297,-7.96339
38435,1.03019,-7.73912
38436,1.02722,-7.68115
38437,1.02798,-7.81629
38438,1.03113,-8.17226
38439,1.04293,-4.81353
38443,1.00781,-9.06525
38444,1.00782,-9.05873
38445,1.00869,-9.57509
38451,1.00799,-8.97249
38453,1.00534,-8.16455
38454,1.00537,-8.11419
38455,1.00626,-7.81422
38456,1.00657,-8.13083
38457,1.0072,-8.66596
38458,1.0077,-8.402
38459,1.00932,-8.7751
38461,1.06833,-5.30734
38462,1.06784,-6.79066
38464,1.04832,-5.04788
38466,1.06653,-4.90001
38467,1.06726,-5.09081
38468,1.06618,-6.14751
38470,1.066,-5.5042
38471,1.06566,-4.40036
38473,1.06317,-15.2292
38474,1.0629,-15.0289
38476,1.00818,10.195
38477,1.01168,10.9195
38478,1.00987,11.8742
38480,1.07903,10.2637
38483,1.04442,-5.3141
38484,1.04442,-5.38081
38485,1.04412,-5.32902
38486,1.03663,-4.09258
38487,1.03554,-3.8384
38491,1.04782,-4.83053
38492,1.04512,-4.99115
38494,1.04523,-5.63865
38500,1.05243,-16.081
38503,1.05366,-10.0422
38504,1.04798,-12.5836
38505,1.04812,-7.68612
38506,1.05233,-16.5791
38507,1.05249,-15.8834
38509,1.05282,14.5637
38510,1.06419,13.3727
38511,1.0645,13.744
38515,1.06637,-6.74267
38516,1.06663,-6.61743
38517,1.05731,-7.5963
38518,1.05675,-7.9712
38519,1.05507,-7.96768
38520,1.05365,-7.59055
38522,1.02878,-11.1171
38523,1.0549,-4.59083
38524,1.05348,-5.40345
38527,1.04281,-4.83712
38529,1.04872,-5.41691
38532,1.05295,-13.4643
38534,1.06378,-14.8303
38535,1.0688,-11.7981
38536,1.05041,-12.6066
38537,1.05242,-12.251
38538,1.04362,-10.4827
38539,1.06276,-10.6809
38540,1.06239,-10.2852
38542,1.06013,-9.83991
38544,1.09086,14.2218
38548,1.07965,17.1032
38549,1.02359,-8.11527
38550,1.02569,-7.61474
38551,1.02009,-10.1835
38553,1.0245,-11.1721
38554,1.01472,-7.72392
38556,1.01899,-10.3289
38557,1.02127,-10.3499
38558,1.01856,-10.3322
38560,1.0171,-9.45792
38561,1.01606,-9.46348
38562,1.02926,-6.68158
38567,1.06137,-19.6826
38568,1.06037,-18.541
38572,1.06877,-23.1638
38573,1.07027,-23.2671
38574,1.06882,-22.9211
38575,1.07321,-23.9875
38576,1.07327,-24.1423
38577,1.07061,-23.8479
38578,1.07026,-23.2144
38579,1.07048,-23.2706
38580,1.06947,-23.6061
38583,1.07184,-23.4329
38584,1.07216,-23.4741
38585,1.0724,-23.5128
38587,1.07393,-24.283
38588,1.07387,-24.3156
38589,1.0733,-24.3659
38590,1.07383,-24.3446
38591,1.07362,-24.2873
38592,1.08141,-23.0228
38596,1.07367,-23.4277
38601,1.07053,-23.2634
38602,1.0696,-23.6566
38605,1.07116,-22.2811
38606,1.06996,-22.3494
38607,1.07026,-23.0856
38608,1.06943,-23.1289
38609,1.07248,-23.5067
38610,1.07206,-23.6997
38611,1.07112,-23.9895
38612,1.07039,-23.0022
38614,1.07069,-23.1904
38615,1.0728,-24.118
38616,1.07219,-24.0797
38617,1.07205,-23.6403
38619,1.07572,-23.4085
38620,1.08081,-22.7868
38621,1.0733,-24.205
38622,1.07343,-23.8531
38623,1.07315,-24.0404
38625,1.07416,-23.8829
38626,1.07571,-23.3994
38627,1.0806,-21.7391
38628,1.07757,-20.7209
38630,1.07056,-18.1692
38631,1.06192,-16.4018
38635,1.07899,-21.8452
38636,1.07887,-21.9124
38637,1.0787,-21.7016
38639,1.07763,-20.7923
38640,1.07882,-20.8947
38641,1.07709,-19.9902
38642,1.07943,-22.0612
38643,1.07694,-22.2509
38644,1.07693,-22.1292
38645,1.07724,-21.9624
38646,1.07698,-21.7565
38647,1.07912,-22.297
38648,1.07078,-19.3677
38649,1.07625,-23.5385
38650,1.07608,-23.5332
38651,1.08047,-22.9965
38654,1.07615,-23.3812
38655,1.07577,-23.3826
38656,1.07743,-24.292
38657,1.07426,-23.5265
38658,1.07204,-23.5717
38659,1.07197,-23.4998
38660,1.06947,-23.148
38661,1.07745,-24.0013
38663,1.07635,-23.2977
38664,1.07694,-23.4152
38665,1.07651,-23.2801
38666,1.07913,-24.701
38667,1.07634,-23.4496
38669,1.07695,-19.2424
38670,1.07709,-22.6813
38671,1.07891,-24.1876
38672,1.07703,-23.0742
38673,1.07851,-24.363
38675,1.07372,-23.5458
38676,1.06876,-23.5162
38678,1.07426,-21.9526
38680,1.0843,-22.6482
38681,1.06023,-20.114
38684,1.09455,-22.2822
38687,1.07287,-15.8703
38688,1.07678,-17.54
38689,1.09822,-21.959
38690,1.086,-22.7482
38691,1.09252,-22.0285
38694,1.08131,-21.6635
38695,1.08019,-21.6856
38696,1.07927,-21.6515
38697,1.08266,-21.5224
38699,1.0749,-20.8305
38701,1.07311,-20.2836
38704,1.07223,-19.9306
38705,1.07698,-21.2297
38706,1.07301,-21.8462
38712,1.08086,-22.5109
38717,1.07358,-23.4378
38718,1.07313,-23.4889
38719,1.07062,-23.1505
38722,1.05481,-12.9824
38723,1.07618,-22.6759
38727,1.0391,12.0066
38729,1.04519,-12.5235
38730,1.03629,-14.0472
38731,1.03755,-14.5718
38732,1.05045,-4.97406
38733,1.04813,-7.38648
38735,1.05224,-8.5261
38736,1.09864,-9.39214
38738,1.05013,-4.98139
38739,1.04839,-4.26724
38741,1.03933,0.413112
38742,1.03824,32.2361
38743,1.04031,32.747
38744,1.03933,32.6596
38745,1.03637,36.5299
38749,1.04059,32.0271
38751,1.02753,24.3653
38752,1.03123,24.0667
38754,1.03511,23.7676
38755,1.04009,23.676
38759,1.00972,22.5066
38764,1.023,-11.1467
38765,1.04738,-9.23524
38766,1.05761,-8.65098
38767,1.05292,-9.40805
38768,1.0572,-5.44033
38769,1.04363,-9.8474
38770,1.04037,-7.33765
38772,1.03778,-6.41287
38773,1.06002,-5.13074
38774,1.03562,33.2512
38776,1.0482,28.9555
38778,1.09552,9.73244
38782,1.09181,12.3845
38783,1.09352,11.1714
38784,1.09765,9.6964
38785,1.03504,32.9116
38786,1.0444,30.2742
38787,1.09058,9.68951
38789,1.08058,0.183317
38790,1.08094,0.119161
38798,1.04597,-5.20644
38799,1.0512,-6.19441
38800,1.04968,-5.85782
38803,1.07712,3.13377
38804,1.07394,2.99652
38805,1.07821,3.04825
38808,1.08588,4.90381
38809,1.07884,3.87426
38813,1.08738,4.36492
38814,1.08732,8.17141
38815,1.08245,5.57477
38816,1.03315,-10.3718
38817,1.03872,-8.96409
38818,1.02942,-9.92885
38819,1.03378,-8.67234
38820,1.05123,-4.40439
38821,1.05096,-4.38781
38822,1.05165,-4.29206
38823,1.05079,-5.59556
38827,1.05557,-4.09177
38828,1.04807,-4.42254
38829,1.07149,1.12736
38830,1.04487,-4.17312
38831,1.04678,-4.385
38832,1.00277,-5.38459
38833,1.00608,-5.67852
38835,1.00856,-4.42904
38837,1.00324,-5.48999
38838,1.00628,-6.67374
38839,1.00245,-5.31362
38840,1.00963,-4.4008
38841,1.00882,-5.86805
38843,1.008,-5.89436
38845,1.00654,-7.45347
38846,1.00653,-7.30998
38848,1.00651,-6.92665
38849,1.00651,-6.71182
38850,1.00674,-6.92456
38851,1.00632,-5.78621
38852,1.00625,-6.40605
38853,1.0039,-5.43101
38854,1.00704,-6.8469
38855,1.00598,-6.45222
38856,1.0061,-6.92554
38857,1.00712,-7.37584
38858,1.01268,-7.43175
38859,1.01268,-7.53663
38860,1.01172,-7.26663
38861,1.01122,-7.56148
38863,1.01205,-7.30767
38864,1.00947,-6.41208
38865,1.01177,-6.53165
38869,1.00695,-6.37203
38870,1.00695,-6.2838
38873,1.00785,-5.55087
38874,1.00582,-6.39421
38875,1.00896,-3.86138
38876,1.00626,-6.24513
38877,1.00648,-6.13104
38878,1.0131,-3.44295
38879,1.00119,-5.0849
38880,1.00693,-5.50272
38884,1.007,-7.16041
38885,1.00533,-7.17118
38886,1.00593,-7.71344
38887,1.00597,-5.28641
38889,1.00553,-5.2223
38894,1.00342,-4.81417
38895,1.00143,-4.52195
38896,1.0098,-6.38481
38898,1.01012,-2.65265
38899,1.00613,-6.47464
38901,1.00726,-6.66237
38902,1.00412,-6.16838
38903,1.00664,-7.15231
38904,1.00656,-7.17661
38905,1.00657,-7.29678
38906,1.00647,-6.97327
38907,1.00878,-5.81164
38908,0.990028,-3.91076
38909,1.00482,-6.38158
38910,0.999967,-4.61637
38912,1.00401,-5.65029
38913,1.00688,-6.2213
38914,1.09733,3.83919
38916,1.0649,19.326
38918,1.06836,20.3735
38919,1.08117,19.5492
38920,1.06935,20.5126
38922,1.03799,17.5905
38923,1.03343,19.9245
38924,1.02923,21.4264
38925,1.01961,24.2402
38927,1.01604,25.2431
38929,1.1,5.70808
38930,1.09423,10.9145
38931,1.09584,9.84699
38932,1.08935,4.30011
38936,1.06224,-4.66978
38937,1.05837,-4.89082
38938,1.08373,2.40995
38939,1.09468,9.06079
38940,1.09193,8.8676
38945,1.05432,24.5668
38946,1.05232,24.5905
38948,1.06324,11.3783
38949,1.0534,12.7152
38950,1.04928,12.8377
38951,1.05371,12.52
38954,1.03601,13.3131
38955,1.01814,11.7123
38956,1.02988,12.8674
38958,1.0309,13.184
38959,1.02629,15.7871
38961,1.01266,11.4599
38962,1.06048,-8.92229
38965,1.05004,-6.01282
38967,1.04795,-4.78312
38969,1.03752,7.33247
38970,1.02857,9.72528
38971,1.01599,12.2002
38973,1.00896,14.7458
38974,1.03203,1.21656
38976,1.02541,-11.9278
38978,1.02399,-11.8904
38979,1.02371,-11.2167
38980,1.05089,-4.77192
38981,1.04549,-5.04981
38982,1.04148,-3.59031
38983,1.04397,-3.93576
38984,1.04642,-4.37427
38985,1.04431,-4.77231
38986,1.04554,-4.94
38987,1.03989,-3.93457
38988,1.04126,-4.93337
38995,1.05232,-6.58115
38996,1.05314,-6.89173
38997,1.05277,-6.55334
38998,1.05409,-6.63598
38999,1.0545,-6.75213
39003,1.05476,-6.88469
39004,1.05409,-6.3254
39007,1.05176,-6.56726
39009,1.05301,-6.38282
39010,1.05312,-6.39888
39011,1.05046,-5.11667
39012,1.05424,-6.31829
39014,1.0556,-6.88423
39017,1.05089,-6.66816
39018,1.05265,-6.21605
39019,1.05289,-6.0169
39022,1.05494,-5.94436
39023,1.05607,-6.17257
39024,1.05402,-6.23885
39025,1.05421,-6.29126
39026,1.05614,-6.83261
39027,1.05569,-6.90224
39028,1.05278,-5.80939
39030,1.05279,-5.81532
39031,1.05903,-5.34106
39032,1.064,-2.29288
39033,1.06716,-2.14318
39034,1.05957,-5.06995
39035,1.06394,-2.42071
39036,1.06398,-2.51651
39037,1.06146,-3.63641
39038,1.06071,-3.23371
39039,1.0623,-4.87538
39040,1.05993,-5.20012
39041,1.05816,-5.37812
39042,1.055,-5.82201
39043,1.05347,-5.48086
39045,1.05659,-6.69776
39048,1.05626,-5.95871
39049,1.05436,-6.00968
39050,1.0492,-6.19754
39052,1.05094,-6.31357
39053,1.05248,-6.7079
39055,1.04797,-7.52592
39056,1.04937,-6.73725
39058,1.05478,-6.13289
39059,1.06397,-2.75787
39060,1.06003,-4.17045
39061,1.05611,-4.73514
39065,1.05771,-4.72742
39066,1.05887,-4.99383
39067,1.05048,-4.41981
39068,1.04935,-4.60534
39069,1.04828,-4.54604
39070,1.04888,-4.23867
39071,1.04788,-3.48618
39072,1.04457,-4.46011
39073,1.04328,-4.63131
39074,1.04686,-4.47525
39075,1.0597,-3.21512
39076,1.05136,-4.10732
39077,1.05116,-4.01194
39078,1.05261,-3.72712
39079,1.06052,-2.20904
39080,1.06372,-1.56671
39081,1.06394,-2.07029
39082,1.06732,-2.15516
39083,1.06641,-1.41356
39085,1.06497,-4.0135
39086,1.06274,-4.64567
39088,1.05886,-5.56118
39092,1.05972,-5.29756
39095,1.05904,-5.64165
39096,1.05933,-6.30978
39097,1.05905,-6.55795
39098,1.0586,-6.82725
39099,1.05811,-6.9369
39100,1.05406,-6.85426
39101,1.05393,-6.28873
39102,1.05316,-7.0131
39104,1.05374,-6.73557
39105,1.0528,-6.12284
39106,1.04248,30.1652
39107,1.04065,30.8269
39109,1.04136,33.6488
39110,1.0416,33.3191
39113,1.04128,33.2744
39114,1.04118,32.9725
39115,1.04177,32.7827
39116,1.04305,30.0699
39117,1.0838,1.45708
39118,1.05238,9.38627
39119,1.07424,2.91621
39120,1.06,10.2763
39122,1.07185,3.94394
39123,1.05925,9.22811
39124,1.03962,21.7403
39125,1.06326,19.3606
39126,1.06149,17.8237
39127,1.05651,18.2063
39128,1.08537,-2.83874
39129,1.08321,-2.52217
39130,1.07311,-6.20552
39131,1.07464,-4.78559
39132,1.08754,0.793863
39133,1.07913,-1.85346
39134,1.07742,-2.46791
39135,1.07492,-2.76486
39136,1.07649,-2.26757
39137,1.0811,-0.654448
39138,1.08677,1.5602
39142,1.04406,-4.27866
39143,1.04018,-4.54109
39144,1.0247,-7.66533
39145,1.01067,-8.61307
39146,1.01024,-8.48471
39147,1.03613,-5.23852
39149,1.00111,-5.0007
39150,1.00511,-6.59327
39151,1.00373,-7.05062
39152,1.00476,-8.108
39153,1.00471,-7.19451
39154,1.0049,-7.56734
39155,1.00808,-8.09765
39156,1.00549,-7.96803
39157,1.00785,-8.3058
39158,1.00383,-7.56468
39159,1.03974,17.8923
39160,1.05183,16.6349
39161,1.04333,19.2573
39163,1.02759,23.122
39164,1.03361,21.851
39167,1.03738,-13.8243
39168,1.03984,-13.729
39169,1.04381,-16.3962
39170,1.08138,9.65712
39171,1.09904,9.31009
39172,1.09841,9.21708
39173,1.08026,9.84132
39174,1.07862,10.0335
39175,1.07926,10.019
39176,1.09793,9.23609
39178,1.07186,11.3005
39179,1.0761,10.4918
39180,1.07611,10.3692
39181,1.06977,11.8774
39184,1.08608,9.34978
39186,1.08263,9.52561
39187,1.09354,13.7996
39188,1.09364,14.4207
39189,1.08757,12.7911
39191,1.1,9.73183
39192,1.08764,14.3648
39193,1.08765,13.4105
39197,1.00669,-5.30744
39198,1.02084,-7.94297
39200,1.02553,-8.1851
39201,1.0169,-3.02548
39202,1.02596,-5.16136
39203,1.08027,-15.974
39204,1.0859,-11.0628
39205,1.08875,-10.1244
39206,1.08884,-10.4986
39207,1.08888,-10.4376
39209,1.07216,-11.1509
39210,1.09952,-12.4577
39211,1.09675,-12.7674
39212,1.09656,-11.9692
39214,1.09793,-11.5323
39215,1.09601,-10.4395
39217,1.09838,-9.7966
39218,1.09674,-7.87028
39219,1.09747,-9.22312
39221,1.08835,-3.31043
39223,1.09402,-4.07804
39225,1.0949,-5.06261
39227,1.0057,-8.02873
39228,1.00731,-7.29518
39229,1.02869,-5.81005
39230,1.01706,-8.27686
39231,1.00771,-7.47832
39232,1.00773,-7.16149
39233,1.01862,-7.41393
39234,1.02871,-6.6406
39235,1.03422,-5.3981
39236,1.06202,-0.22498
39245,1.0632,0.101569
39246,1.06495,0.0302186
39247,1.06675,0.467221
39248,1.06529,0.0307976
39249,1.07151,1.32249
39251,1.06626,0.16164
39252,1.06596,0.0943551
39253,1.06951,5.00181
39254,1.07306,1.59606
39256,1.06925,0.841088
39258,1.07497,1.95022
39261,1.05396,-2.26897
39262,1.05042,-6.07731
39263,1.05208,-4.53544
39266,1.05576,-1.94854
39267,1.06412,-1.98425
39268,1.05129,0.433063
39269,1.06643,-0.418373
39270,1.06659,0.198232
39271,1.06668,0.319391
39272,1.06607,-0.26261
39273,1.06566,-0.979205
39275,1.06281,-8.89442
39276,1.06804,-8.94501
39279,1.04157,-3.5563
39280,1.04205,-3.54029
39281,1.03923,-5.2259
39282,1.05628,29.2218
39286,1.03562,32.9824
39287,1.03216,35.2063
39289,1.03453,34.441
39290,1.03402,34.4632
39291,1.03559,34.0472
39293,1.02231,-9.88762
39294,1.02201,-10.1184
39295,1.02627,-12.4878
39296,1.02554,-11.6925
39299,1.04241,4.60854
39300,1.04349,7.03303
39301,1.03349,-9.83801
39302,1.03826,-2.63125
39304,1.01485,-7.38275
39305,1.01307,-7.76897
39306,1.02563,-5.64002
39307,1.02519,-12.5791
39308,1.0267,-12.6937
39310,1.02877,-13.4646
39312,1.029,-13.4174
39313,1.02899,-13.3789
39314,1.02953,-12.8472
39315,1.0287,-13.2832
39316,1.02871,-13.4667
39318,1.03056,-13.4949
39319,1.02943,-13.6467
39322,1.02633,-6.96851
39323,1.01659,-5.88765
39324,1.00982,-6.68988
39325,1.00688,-7.25513
39326,0.99895,-4.67895
39328,1.04357,-3.75278
39329,1.04005,-3.91474
39330,1.04041,-8.18703
39331,1.03085,-5.10264
39333,1.03594,-3.95251
39335,1.04019,-3.18396
39336,1.04107,-3.33661
39337,1.04263,-3.58769
39338,1.03934,-3.34057
39342,1.05937,-8.08056
39343,1.04938,-5.45598
39344,1.05689,-9.90194
39345,1.05619,-10.715
39346,1.05593,-9.76032
39348,1.05625,-13.4304
39350,1.05808,-12.0133
39351,1.06349,-18.2923
39352,1.05632,-7.0377
39353,1.07965,-21.5126
39354,1.07954,-21.7659
39355,1.0796,-21.7352
39356,1.07676,-21.621
39357,1.07673,-21.5823
39358,1.07665,-21.5214
39360,1.07758,-20.697
39361,1.07918,-21.0944
39362,1.07674,-21.4927
39363,1.07778,-21.1786
39364,1.07783,-21.0253
39366,1.07869,-20.8894
39369,1.06945,-17.8566
39370,1.07434,-16.9084
39371,1.07181,-17.0946
39372,1.07949,-21.871
39373,1.07932,-21.6766
39374,1.0784,-20.9035
39375,1.07815,-20.8138
39377,1.09089,-14.8055
39378,1.07608,-19.7317
39379,1.06892,-18.8093
39380,1.06944,-18.7185
39381,1.06971,-18.6448
39383,1.07339,-20.1055
39386,1.07106,-17.9981
39388,1.07353,-19.8173
39389,1.0713,-19.0025
39391,1.07014,-18.7215
39392,1.06724,-19.1134
39393,1.06666,-18.9289
39394,1.07036,-18.7769
39395,1.07092,-18.9192
39396,1.04871,-11.4956
39397,1.06986,-18.4993
39398,1.06965,-18.8612
39400,1.07431,-18.0522
39402,1.06029,-7.50179
39403,1.05619,-6.50487
39404,1.05459,-6.12504
39405,1.05127,-5.65853
39407,1.01969,-8.62659
39408,1.02496,-9.46979
39409,1.01582,-7.89913
39410,1.04656,-5.84914
39411,1.04322,-5.77571
39412,1.04953,-5.8178
39413,1.05237,-6.68074
39415,1.03977,-7.33374
39416,1.04034,-7.24644
39417,1.03952,-6.58319
39418,1.03927,-4.55522
39420,1.04073,-7.23188
39421,1.03816,-6.97941
39422,1.03836,-7.44675
39423,1.03854,-7.72351
39424,1.03809,-7.48468
39428,1.01638,27.4498
39429,1.01547,27.4014
39430,1.01439,26.1522
39431,1.01402,25.9724
39432,1.01279,26.0691
39433,1.0116,26.7796
39434,1.01348,26.8583
39435,1.01065,26.2902
39436,1.01451,25.1081
39438,1.01314,25.2927
39440,1.00981,26.3886
39441,1.00946,26.4449
39442,1.01144,26.9718
39443,1.013,26.6227
39444,1.01359,26.6028
39445,1.01492,27.4624
39446,1.01072,26.8887
39447,1.01096,26.8562
39451,1.00776,26.7496
39452,1.00762,26.8677
39453,1.00756,27.1467
39454,1.00899,26.5658
39456,1.00899,26.6644
39457,1.00838,27.0247
39458,1.009,26.7719
39459,1.00976,27.525
39460,1.01039,26.9594
39461,1.00976,27.1623
39462,1.00834,27.9907
39463,1.00752,28.2941
39464,1.00886,27.8682
39465,1.00937,27.6612
39466,1.00766,28.2327
39467,1.00028,29.344
39468,1.00673,28.113
39469,1.00278,27.6295
39470,1.00684,28.1157
39471,1.00743,27.7048
39473,1.00619,27.5675
39474,1.00694,27.512
39475,1.0072,27.3601
39476,1.00801,26.9692
39482,1.00906,25.4603
39487,1.00476,27.4144
39488,1.00358,27.134
39489,1.00356,27.1713
39490,1.00353,27.2874
39491,1.00903,25.4034
39493,1.00714,25.7861
39494,1.00812,25.5314
39495,1.00815,25.4703
39496,1.01151,24.9636
39497,1.01239,25.1156
39498,1.01477,24.9592
39499,1.01301,25.8762
39500,1.01512,24.8467
39501,1.01304,25.8345
39502,1.01319,24.8133
39506,1.00723,24.485
39507,1.00305,25.5384
39511,1.01559,25.1187
39512,1.01504,25.3068
39513,1.01461,25.5624
39516,1.01595,25.0853
39517,1.00425,26.0391
39518,1.00389,25.2536
39519,1.00365,25.4887
39521,1.00301,25.5474
39522,1.0036,24.8347
39523,1.00322,25.0823
39524,1.00372,24.7421
39526,1.00173,26.3727
39528,1.01248,26.6615
39529,1.01339,27.5408
39530,1.01,27.569
39531,1.00691,27.733
39532,1.00813,28.004
39534,1.0056,25.8709
39537,1.02426,25.9533
39538,1.0151,25.9189
39539,1.02026,24.918
39540,1.02199,25.6972
39543,1.01535,25.0569
39544,1.01672,25.0821
39545,1.01642,26.0131
39546,1.01618,25.0708
39547,1.01722,25.2102
39548,1.01656,24.6559
39549,1.01564,24.6397
39551,1.01435,25.1774
39552,1.01467,24.5997
39555,1.01628,24.9493
39557,1.01876,24.5205
39558,1.01977,24.496
39559,1.0167,25.0386
39560,1.01686,25.0877
39569,1.01686,24.7786
39571,1.01413,24.618
39572,1.01437,24.5398
39575,1.01406,24.7003
39577,1.01413,24.4323
39578,1.0151,24.7984
39579,1.01527,24.7668
39580,1.01263,24.0618
39581,1.00842,24.4356
39582,1.01174,23.9116
39583,1.01071,23.8498
39584,1.00805,24.459
39585,1.01328,23.9829
39587,1.01458,25.1036
39591,1.00427,25.1962
39594,1.00618,24.1342
39595,1.00644,24.1047
39596,1.00805,24.1305
39597,1.00727,24.5005
39598,1.00946,23.8755
39599,1.00753,24.2384
39600,1.00788,24.1629
39601,1.00601,24.7581
39603,1.00565,23.0954
39605,1.00771,24.2432
39606,1.00761,24.1694
39607,1.00853,22.6017
39608,1.0084,22.582
39609,1.00724,22.6881
39610,1.00404,25.248
39611,1.00431,24.675
39613,1.0044,25.1685
39614,1.00582,24.7543
39615,1.00325,24.7763
39619,1.0019,24.4867
39622,1.00122,24.6868
39623,1.00069,24.8604
39626,1.00074,26.4402
39630,0.99351,28.4739
39632,0.990525,28.8542
39634,0.989565,29.0613
39636,1.0014,27.5688
39637,1.0017,28.2427
39638,1.00386,27.8663
39644,0.988838,29.114
39645,1.00343,26.2256
39649,1.02517,-12.8896
39650,1.0328,-14.5785
39651,1.03779,-15.9613
39652,1.0296,-13.9283
39653,1.03478,-14.3158
39654,1.07574,3.49179
39655,1.05341,5.48797
39656,1.05182,6.92143
39657,1.04975,9.21775
39659,1.05532,-5.21089
39661,1.05622,-4.94935
39662,1.05545,-4.91874
39663,1.05443,-4.85694
39666,1.05228,-4.71285
39668,1.05492,-5.08147
39669,1.05548,-5.31747
39671,1.05947,-4.8563
39673,1.05823,-4.746
39675,1.05448,-5.88672
39676,1.05526,-5.85752
39677,1.05379,-5.83611
39678,1.05302,-5.6743
39680,1.04763,-6.66977
39681,1.04836,-7.50818
39682,1.04769,-6.75378
39683,1.04848,-7.42807
39691,1.04717,-5.39805
39693,1.04902,-5.63424
39694,1.04746,-6.48232
39695,1.05049,-5.42784
39701,1.06236,-10.9395
39704,1.06317,-14.1385
39705,1.0641,-13.2512
39706,1.06117,-9.66248
39707,1.06396,-17.0761
39708,1.06291,-14.7795
39712,1.06614,-20.6654
39714,1.05863,-17.2048
39716,1.05053,-18.5395
39718,1.05854,-19.7076
39719,1.06398,-20.294
39720,1.05995,-19.7675
39723,1.0681,-22.47
39724,1.06249,-20.0846
39726,1.0685,-19.7352
39728,1.0704,-21.4566
39729,1.07082,-22.3383
39730,1.07245,-23.6216
39731,1.0711,-22.9733
39732,1.06832,-22.5535
39733,1.06818,-22.7499
39736,1.06734,-20.5854
39737,1.07127,-22.7862
39738,1.07128,-22.9938
39741,1.03032,25.8007
39743,1.03079,26.7775
39745,1.0355,27.4479
39746,1.04088,27.9157
39747,1.04002,28.733
39748,1.03976,28.5545
39752,1.03388,-14.3747
39753,1.04183,-16.4369
39755,1.06318,-0.58455
39758,1.05817,-7.17131
39759,1.0585,-6.68815
39760,1.05778,-5.25296
39763,1.03069,-10.8922
39765,1.04707,-13.8144
39766,1.05039,-13.2064
39767,1.04553,-12.5956
39769,1.04112,-11.8684
39771,1.04961,-14.0184
39772,1.0372,-11.2104
39775,1.05161,-3.11518
39780,1.04558,-4.66573
39783,1.04501,-5.18174
39784,1.04664,-3.99349
39785,1.0435,-3.74801
39786,1.04661,-4.60451
39787,1.04159,-3.79045
39789,1.05339,-4.52591
39790,1.04263,-3.90454
39791,1.05647,-2.25282
39794,1.07057,-0.242618
39795,1.05188,-3.03663
39796,1.0444,10.9426
39797,1.04432,14.2006
39798,1.04037,20.6319
39799,1.03663,22.4223
39801,1.02286,38.7758
39803,1.0301,36.064
39804,1.03922,33.8278
39805,1.04013,33.5473
39806,1.03547,34.2191
39809,1.0416,31.5099
39811,1.02946,-12.4763
39813,1.03852,-11.9152
39814,1.0335,-13.0118
39815,1.03221,-12.9293
39816,1.03624,-11.658
39817,1.08239,-22.335
39818,1.08035,-22.2595
39819,1.0839,-21.7397
39825,1.08808,-21.5868
39830,1.0854,-19.7473
39832,1.09578,-17.8799
39833,1.09512,-13.1917
39834,1.09352,-17.0234
39835,1.09675,-12.3491
39836,1.09718,-11.88
39837,1.09703,-12.1739
39838,1.09633,-15.6324
39839,1.09771,-11.8817
39840,1.09563,-16.1245
39841,1.09362,-15.8112
39842,1.08951,-18.177
39843,1.08711,-19.106
39844,1.08665,-19.2734
39845,1.09268,-17.5236
39846,1.08952,-18.123
39847,1.09309,-17.5318
39848,1.09325,-17.0646
39849,1.08693,-21.7093
39850,1.09363,-17.0441
39851,1.09515,-14.2559
39852,1.08394,-12.8721
39853,1.09566,-13.7836
39854,1.06153,-19.4568
39855,1.05058,-18.8559
39856,1.06795,-21.5762
39858,1.06594,-17.9741
39859,1.07212,-22.3211
39860,1.07249,-22.7413
39861,1.07307,-23.4155
39862,1.0752,-23.1983
39863,1.07559,-23.291
39865,1.06155,-19.7295
39866,1.06466,-20.6995
39867,1.06232,-20.431
39868,1.06097,-19.6885
39869,1.05843,-20.083
39870,1.05689,-18.9536
39871,1.07477,-23.1038
39872,1.07329,-22.4084
39873,1.05169,-19.1038
39874,1.04821,-17.1202
39875,1.0412,24.938
39877,1.04942,18.6325
39878,1.06064,20.4553
39879,1.06044,13.942
39880,1.06235,20.0107
39881,1.01776,9.46894
39883,0.979427,5.86504
39885,0.989628,12.2145
39886,0.987277,8.00231
39887,1.0627,19.6362
39888,1.01583,4.02559
39889,1.01075,5.13465
39890,1.06458,20.1074
39891,1.05969,15.6766
39892,1.06602,2.56996
39893,1.07866,18.3827
39894,1.01606,12.7628
39897,0.991269,10.7276
39898,1.05463,18.8178
39899,1.08233,20.6633
39900,1.01099,3.6236
39901,1.06116,16.089
39902,1.03083,8.68416
39903,1.01845,11.2096
39905,1.08294,22.3385
39906,1.05223,20.7854
39907,1.05701,19.0288
39908,1.04131,2.20597
39909,1.06114,12.9989
39910,1.04659,15.3507
39911,1.07118,18.0798
39914,1.05121,4.32567
39915,1.00786,7.11905
39916,1.08606,11.4317
39917,1.02049,12.5686
39919,1.07881,18.2872
39920,1.07065,20.232
39921,1.03805,0.729543
39922,1.08112,20.6512
39925,1.06136,2.82692
39926,1.07385,26.2903
39927,1.05121,4.3257
39928,1.03511,2.08795
39929,1.051,14.1978
39931,1.02201,8.25604
39932,1.08317,22.3698
39933,1.08369,9.25492
39934,1.07784,0.882528
39935,1.0693,20.8045
39936,1.07698,0.416454
39938,1.0624,16.9756
39939,1.07414,13.94
39941,1.027,6.46315
39943,1.06159,16.1034
39945,1.01113,13.0299
39950,1.06065,20.1164
39951,1.08576,3.53091
39952,1.06925,20.0231
39953,1.09274,11.9999
39954,1.06982,15.7994
39955,1.07571,13.5056
39956,1.05946,20.3467
39957,1.087,9.22875
39958,1.06908,20.806
39959,1.05586,22.018
39960,1.08172,9.64387
39961,1.06935,31.3229
39962,1.01723,39.0209
39963,1.03679,29.091
39964,1.07313,29.1303
39965,1.06778,28.369
39966,1.0572,26.6723
39967,1.09642,1.77975
39968,1.08179,9.62404
39969,1.08947,7.05432
39970,1.07992,15.2718
39972,1.07211,24.6294
39974,1.05902,17.4474
39975,1.08652,12.3137
39976,1.09196,7.93953
39977,1.05529,15.9278
39978,1.08586,10.6143
39979,1.09146,7.03611
39981,1.07977,11.4347
39982,1.05029,24.2845
39983,1.07029,8.25473
39984,1.07029,8.25232
39986,1.0483,15.2304
39987,1.07535,26.944
39988,1.06175,20.4714
39989,1.07052,10.8054
39990,1.08196,21.2145
39992,1.0814,19.5693
39993,1.07254,16.9951
39994,1.04948,32.1597
39995,1.08308,12.6413
39996,1.06644,7.05664
39997,1.02968,9.71039
39998,1.05141,18.7665
39999,1.07376,28.4739
40002,1.06476,9.39463
40004,1.0602,13.5945
40005,1.04941,14.3995
40007,1.0722,15.653
40008,1.06017,22.5177
40010,1.07658,7.21765
40011,1.06501,21.7739
40012,1.05507,30.3014
40013,1.06453,20.9042
40014,1.06615,1.83611
40016,1.07195,18.031
40018,1.07035,9.00628
40020,1.05907,19.2501
40021,1.04407,13.3258
40022,1.05023,28.261
40023,1.07343,1.51181
40026,1.07242,11.0081
40028,1.0639,21.6224
40029,1.0731,10.036
40030,1.07487,7.67421
40034,1.06877,13.0793
40035,1.06691,12.995
40036,1.03778,31.3519
40037,1.09158,7.72671
40038,1.07158,24.5295
40039,1.08997,0.905458
40040,1.04515,25.415
40041,1.06643,39.3862
40042,1.04599,28.4425
40043,1.0739,26.1214
40044,1.07934,21.8434
40046,1.02517,19.274
40048,1.01929,13.9628
40050,1.05829,25.9621
40051,1.08021,24.6474
40054,1.04413,20.1885
40055,1.01541,7.93262
40056,1.02894,18.7186
40057,1.02154,12.8747
40058,1.05877,23.1296
40059,1.06137,23.3556
40060,1.06403,23.5781
40062,1.06461,25.1498
40063,1.02197,12.9224
40064,1.01999,18.9809
40067,1.05035,9.70701
40069,1.05396,17.0921
40070,1.04804,13.2675
40071,1.05683,18.6037
40072,1.05732,22.6601
40074,1.07544,29.6354
40075,1.02944,14.5459
40076,1.03262,20.3302
40077,1.00954,21.5506
40079,1.02386,13.0407
40081,1.08459,27.8257
40082,1.07245,29.6021
40084,1.06637,23.1717
40087,1.05811,22.9055
40088,1.08802,20.4022
40092,1.05654,8.19295
40093,1.07294,17.1307
40094,1.03516,8.69783
40099,1.07043,16.7579
40102,1.08755,26.7228
40103,1.0846,23.3567
40104,1.03632,19.3538
40105,1.07652,26.671
40108,1.04542,18.0944
40109,1.08059,12.7374
40110,1.07909,8.38763
40111,1.08829,11.8767
40112,1.07641,34.3663
40113,1.07483,31.7359
40114,1.07681,12.6247
40115,1.03657,3.99115
40117,1.07306,2.49664
40118,1.09308,-2.16365
40119,1.06486,-1.18606
40120,1.07274,27.5903
40121,1.07295,1.61219
40122,1.09324,9.1436
40124,1.06787,4.75387
40125,1.08386,8.35031
40127,1.09996,11.1091
40128,1.06768,0.991773
40129,1.06936,1.71655
40130,1.09239,7.15003
40131,1.08948,4.87069
40132,1.039,-1.31405
40133,1.09629,12.7866
40134,1.0477,3.8807
40135,1.05397,0.362694
40136,1.08642,5.76576
40139,1.07987,28.6885
40141,1.05313,1.48277
40142,1.06824,17.2698
40145,1.07747,-1.04884
40146,1.06516,18.2945
40147,1.03706,3.98173
40148,1.06101,17.9912
40149,1.05879,18.833
40150,1.08248,7.74468
40151,1.09941,10.081
40152,1.05901,18.933
40154,1.0997,14.5179
40155,1.06255,2.01242
40156,1.08286,23.6355
40157,1.05835,9.73223
40158,1.05467,2.68615
40162,1.08693,7.5093
40171,1.08366,-1.44685
40172,1.07089,20.3706
40184,1.07003,19.8723
40185,1.06896,20.2881
40186,1.06717,20.977
40187,1.07011,20.1959
40189,1.06908,21.0292
40194,1.06581,28.0262
40195,1.06404,27.6349
40196,1.07195,27.6998
40197,1.07922,23.485
40198,1.07223,8.10109
40199,1.07236,8.0005
40200,1.07338,6.93503
40201,1.07127,8.81576
40203,1.07167,5.06565
40204,1.07143,5.65806
40206,1.07044,20.6635
40207,1.07034,10.2417
40208,1.06714,9.42406
40209,1.07118,11.0578
40210,1.07199,11.9015
40212,1.07343,9.66008
40213,1.07161,11.7024
40214,1.07222,11.3323
40215,1.07146,17.9181
40216,1.06324,10.9707
40217,1.07085,25.4075
40219,1.0657,8.56722
40221,1.06828,9.58855
40222,1.06649,9.55987
40224,1.06517,10.2619
40225,1.07817,21.7821
40226,1.07812,21.2577
40227,1.07734,21.4721
40230,1.07004,13.8541
40231,1.06904,13.0775
40232,1.06922,13.1014
40233,1.06901,13.0691
40234,1.06884,13.0741
40235,1.06912,13.098
40236,1.06997,13.8847
40237,1.07084,13.2827
40238,1.07037,14.0011
40239,1.07108,13.1578
40243,1.07077,13.3347
40244,1.07032,14.4523
40245,1.07089,13.092
40246,1.07072,13.2146
40247,1.06989,13.1935
40248,1.07008,13.6384
40249,1.06952,13.3168
40250,1.06908,13.8386
40258,1.06917,13.0714
40260,1.0729,9.97208
40262,1.07281,10.151
40263,1.0728,10.3413
40264,1.07297,11.5759
40265,1.07178,13.5176
40266,1.07171,13.2587
40267,1.07188,15.0775
40268,1.06334,13.2439
40270,1.06939,15.9582
40271,1.06956,13.1491
40273,1.07365,25.0726
40274,1.07084,30.1689
40275,1.07314,27.3267
40276,1.07437,26.3888
40277,1.07305,27.1487
40278,1.07224,26.4804
40279,1.07014,26.6005
40282,1.07426,24.8552
40283,1.05606,18.5882
40284,1.05602,18.1963
40285,1.05609,19.9054
40286,1.05507,19.1162
40287,1.04421,27.4957
40288,1.07925,19.7228
40289,1.07873,20.0968
40291,1.05362,29.4651
40292,1.0838,24.0515
40293,1.07104,26.3011
40294,1.09416,21.5825
40295,1.085,23.2002
40296,1.07442,24.9462
40297,1.06233,27.9674
40298,1.04792,30.8253
40299,1.0638,18.8899
40300,1.06198,19.0008
40302,1.06311,18.8447
40303,1.06112,19.5246
40305,1.06285,18.1397
40306,1.06265,18.368
40308,1.06202,18.5382
40309,1.06233,18.6586
40311,1.09936,0.398108
40312,1.09809,1.0612
40314,1.09933,0.417062
40315,1.09931,0.563777
40317,1.09817,0.987191
40318,1.09815,0.985458
40319,1.09816,0.994425
40321,1.09924,0.466837
40322,1.09935,0.426207
40323,1.09947,0.451244
40324,1.09769,1.25449
40325,1.09924,0.44709
40326,1.09925,0.4121
40327,1.09914,0.374641
40330,1.09863,0.652929
40331,1.09873,0.655028
40332,1.09783,1.13607
40333,1.09865,0.650233
40335,1.09898,0.367368
40351,1.09857,0.336948
40352,1.09864,0.34998
40353,1.09834,0.409491
40354,1.09833,0.382565
40355,1.09844,0.336421
40356,1.09836,0.331611
40358,1.09827,0.339444
40359,1.09824,0.355252
40360,1.09829,0.365313
40363,1.09777,0.91485
40364,1.09872,0.385132
40365,1.0978,1.1202
40366,1.09783,1.11986
40367,1.0985,0.482048
40368,1.09832,0.495616
40369,1.09831,0.449817
40370,1.09825,0.465587
40371,1.0983,0.523881
40375,1.09822,0.503772
40376,1.09822,0.500112
40377,1.09816,0.54996
40380,1.09785,0.592368
40382,1.09791,0.618139
40384,1.09786,0.58418
40385,1.09795,0.589669
40386,1.09794,0.696813
40388,1.09838,0.428655
40392,1.098,0.447079
40393,1.09803,0.440707
40394,1.09787,0.466536
40398,1.09785,0.479713
40399,1.09788,0.501923
40400,1.09791,0.512967
40401,1.09787,0.494108
40402,1.09784,0.489701
40403,1.09784,0.495686
40404,1.09786,0.509729
40407,1.09803,0.600876
40408,1.09793,0.55406
40409,1.09788,0.541992
40410,1.09787,0.53959
40411,1.09738,1.35107
40412,1.09788,0.535446
40413,1.0977,0.984706
40414,1.09788,0.566882
40416,1.09768,0.993847
40417,1.09785,0.554372
40418,1.09766,1.01027
40419,1.0979,0.624177
40421,1.09767,0.998782
40424,1.09803,0.728062
40425,1.09802,0.716328
40426,1.09751,1.15987
40427,1.09797,0.717598
40428,1.09793,0.693286
40429,1.09793,0.69351
40430,1.09762,1.02594
40431,1.09763,1.0187
40433,1.09778,0.713143
40435,1.09775,0.697939
40436,1.09779,0.842582
40441,1.09782,0.986856
40442,1.09776,0.959772
40443,1.09736,1.24894
40445,1.09764,0.937541
40446,1.09728,1.25844
40448,1.09746,0.996279
40449,1.09728,1.30491
40452,1.09672,1.83803
40454,1.09733,1.84591
40455,1.09735,1.89911
40457,1.09763,1.70052
40458,1.09763,1.50427
40463,1.09669,1.2252
40464,1.09754,1.70973
40465,1.09761,1.70529
40466,1.09675,1.20856
40472,1.09896,0.787864
40473,1.09754,1.57353
40474,1.09879,0.663847
40475,1.09888,0.77022
40476,1.09875,0.661449
40477,1.09847,0.514129
40478,1.09851,0.645912
40479,1.09885,0.758199
40480,1.09891,0.758627
40481,1.09884,0.838831
40482,1.09733,1.46501
40484,1.09879,0.766891
40485,1.09853,0.687622
40486,1.09854,0.732984
40487,1.09842,0.559852
40488,1.09794,0.913607
40489,1.09756,0.955317
40490,1.09741,0.966121
40492,1.09723,0.994357
40493,1.09709,1.04788
40494,1.09712,1.03175
40495,1.09723,1.02491
40496,1.09723,1.0412
40498,1.09723,1.05624
40500,1.09704,1.05831
40502,1.09722,1.47962
40503,1.09815,0.867069
40504,1.09815,0.851648
40505,1.09841,0.767326
40507,1.09842,0.589668
40509,1.09839,0.665489
40510,1.09721,1.45267
40511,1.09789,0.930122
40513,1.09708,1.51108
40515,1.09699,1.53307
40516,1.09666,1.22879
40517,1.09707,1.03075
40518,1.0966,1.27616
40520,1.09647,1.42928
40522,1.09642,1.52685
40523,1.09661,1.42932
40525,1.09652,1.26333
40529,1.09695,1.11414
40530,1.09697,1.09637
40532,1.09696,1.0942
40533,1.09682,1.17522
40534,1.09614,1.77012
40535,1.09685,1.11352
40536,1.09683,1.13464
40537,1.09691,1.15073
40539,1.09694,1.19563
40540,1.09687,1.22158
40541,1.0968,1.17744
40542,1.09618,1.41324
40543,1.09611,1.78741
40545,1.09674,1.6373
40546,1.09707,1.15515
40547,1.097,1.1921
40548,1.09662,1.65866
40549,1.09723,1.41162
40550,1.0969,1.562
40551,1.09717,1.42297
40552,1.09717,1.41829
40553,1.09705,1.48695
40554,1.09699,1.54875
40555,1.09761,0.800677
40556,1.09768,0.74471
40557,1.09779,0.688473
40560,1.09752,0.819695
40562,1.09687,1.55861
40563,1.09681,1.58455
40564,1.09685,1.57082
40565,1.0967,1.63397
40566,1.09675,1.61034
40567,1.09756,0.850484
40568,1.09756,0.84762
40569,1.09755,0.852185
40570,1.09756,0.887838
40573,1.0973,1.39003
40574,1.09755,0.94053
40579,1.09664,1.66487
40581,1.09748,0.842117
40582,1.09752,0.854661
40583,1.09658,1.69717
40584,1.09645,1.74158
40585,1.09631,1.81516
40586,1.09647,1.76014
40588,1.09748,0.836763
40589,1.09712,1.25153
40590,1.09628,1.82454
40591,1.09622,1.82041
40594,1.09755,0.934503
40596,1.09747,0.880751
40598,1.09744,0.845579
40599,1.0975,0.906811
40600,1.09751,0.915006
40601,1.09751,0.936048
40602,1.09757,0.913465
40603,1.09772,0.888624
40606,1.09721,1.10884
40607,1.09721,1.07675
40608,1.09726,1.05418
40609,1.09732,1.04296
40610,1.09738,1.03813
40611,1.09696,1.66499
40612,1.09701,1.62623
40613,1.09705,1.17161
40614,1.0971,1.13292
40615,1.09716,1.12073
40616,1.09715,1.12486
40617,1.09713,1.13597
40619,1.09717,1.19132
40620,1.09718,1.24648
40621,1.09725,1.36782
40622,1.09617,1.87204
40623,1.09615,1.87302
40624,1.09605,1.81787
40625,1.09593,1.90188
40626,1.09595,1.94702
40627,1.09608,1.89643
40628,1.09616,1.88424
40629,1.09613,1.91403
40631,1.09599,1.93199
40632,1.09592,1.96028
40633,1.09587,1.98549
40634,1.09588,1.98084
40636,1.09589,2.01019
40637,1.09573,2.05743
40638,1.09575,2.04513
40639,1.09582,2.0131
40640,1.09546,1.90862
40641,1.09559,2.14274
40642,1.09533,1.89017
40643,1.09524,1.89344
40644,1.09613,1.83587
40648,1.09512,1.8994
40649,1.09502,1.88086
40650,1.09495,1.87323
40652,1.09493,1.89339
40653,1.09557,2.05419
40660,1.09649,2.02416
40661,1.09653,1.8323
40664,1.09632,2.17233
40669,1.09606,2.42405
40670,1.09462,2.8359
40673,1.09535,2.1539
40675,1.09454,2.85787
40676,1.09547,2.22341
40677,1.0954,2.2152
40678,1.09555,2.19581
40679,1.09562,2.22218
40682,1.09574,2.10667
40683,1.09556,2.33041
40684,1.09537,2.26759
40686,1.09473,2.76258
40687,1.09466,2.80445
40688,1.09532,2.33378
40690,1.09607,2.37757
40691,1.09667,1.5367
40692,1.09665,1.52786
40693,1.09664,1.52222
40694,1.09665,1.49155
40695,1.09664,1.47464
40696,1.09663,1.45932
40697,1.09715,1.34166
40698,1.09703,1.41329
40699,1.09637,2.08846
40700,1.09639,1.95115
40701,1.09666,1.30867
40702,1.09642,1.20613
40703,1.09633,1.78174
40705,1.09441,0.75359
40707,1.09643,1.14493
40709,1.0946,0.720922
40710,1.09432,0.721221
40711,1.09428,0.730404
40713,1.09421,0.521167
40716,1.09447,0.633797
40718,1.09449,0.642824
40719,1.09445,0.609994
40720,1.0948,0.780245
40721,1.0946,0.697578
40722,1.09419,0.484348
40723,1.09387,0.371843
40724,1.09391,0.403744
40725,1.09398,0.43419
40726,1.09399,0.376485
40727,1.09391,0.351347
40728,1.09388,0.33496
40729,1.09394,0.301913
40730,1.09471,0.546732
40731,1.09477,0.590433
40732,1.09484,0.630879
40736,1.09408,0.371915
40738,1.094,0.283843
40739,1.09399,0.265723
40740,1.09402,0.252853
40741,1.09405,0.251943
40742,1.094,0.250514
40743,1.09398,0.256128
40744,1.09406,0.215639
40745,1.09452,0.392755
40746,1.09455,0.414235
40747,1.09457,0.422031
40748,1.09461,0.436036
40750,1.09473,0.477756
40754,1.09378,0.116678
40756,1.0943,0.254278
40757,1.09427,0.221499
40758,1.09424,0.200205
40759,1.09377,0.116204
40761,1.09377,0.11433
40763,1.09379,0.443073
40767,1.09435,0.253322
40769,1.09437,0.300161
40770,1.09396,0.216529
40771,1.09427,0.294577
40773,1.09377,0.171767
40774,1.09366,0.142458
40775,1.09316,0.18264
40776,1.09417,0.141085
40779,1.09378,0.394763
40782,1.09382,0.45134
40783,1.09376,0.386702
40786,1.09361,0.121499
40787,1.09416,0.0972339
40790,1.0942,0.072981
40792,1.09323,0.323323
40793,1.09295,0.225565
40799,1.09496,0.211841
40800,1.09512,0.328575
40801,1.0952,0.422636
40805,1.09405,0.0599592
40806,1.09475,0.122392
40810,1.09364,0.354119
40813,1.09352,0.410902
40815,1.0933,0.455264
40816,1.09313,0.502054
40822,1.09384,0.844227
40823,1.09389,0.839823
40824,1.09372,0.794064
40826,1.09356,0.762132
40827,1.09283,0.419267
40828,1.09225,0.457044
40829,1.09453,2.83365
40831,1.09451,2.85293
40832,1.09517,2.37144
40833,1.09443,2.90058
40835,1.09633,3.54153
40836,1.09632,3.57132
40837,1.09277,3.87719
40838,1.09518,2.31687
40839,1.09427,2.95873
40840,1.09453,2.81905
40841,1.09469,2.72788
40842,1.09549,2.26426
40843,1.09471,2.48326
40844,1.09468,2.58484
40845,1.09471,2.57719
40846,1.09525,2.15197
40847,1.09535,2.14287
40848,1.09526,2.02138
40849,1.09525,1.86991
40850,1.09525,1.78223
40854,1.09458,2.21488
40855,1.09633,1.74753
40856,1.09629,1.7224
40857,1.09638,1.44365
40858,1.09627,1.71492
40859,1.09494,2.55476
40860,1.09508,1.50475
40862,1.0953,1.15379
40863,1.09522,1.28075
40864,1.09514,1.33889
40865,1.09499,2.42046
40866,1.09498,2.42523
40867,1.09497,2.44119
40868,1.09508,1.4095
40869,1.09502,1.3385
40870,1.095,1.31445
40871,1.09499,1.28393
40874,1.09472,2.71248
40875,1.09554,2.24418
40876,1.09475,2.58261
40877,1.09478,2.49068
40878,1.09511,1.40967
40879,1.09488,2.53134
40881,1.09543,1.71115
40882,1.09519,1.47002
40883,1.09485,2.41255
40884,1.09484,2.48035
40886,1.09456,2.5628
40887,1.09626,4.26208
40888,1.09624,4.28358
40889,1.09452,2.81113
40890,1.09466,2.65737
40891,1.09473,2.55887
40893,1.09474,2.60548
40894,1.09477,2.49323
40895,1.09482,2.40595
40896,1.09477,2.29408
40897,1.09345,3.15452
40898,1.0949,2.31275
40899,1.09488,2.33665
40900,1.09566,1.94407
40901,1.09485,2.34929
40902,1.09492,2.2912
40903,1.09602,1.3529
40907,1.09602,1.42713
40908,1.09487,1.21528
40909,1.09483,1.23692
40910,1.09483,1.26353
40911,1.09488,1.29875
40912,1.09489,2.2629
40913,1.09497,1.43307
40914,1.095,1.24477
40915,1.09496,1.25416
40916,1.09495,1.27292
40917,1.09488,1.13186
40919,1.09586,1.30653
40921,1.09577,1.28007
40925,1.0946,1.56236
40926,1.09491,1.16818
40928,1.09434,1.57383
40929,1.09442,1.56101
40930,1.09448,1.55089
40931,1.0949,0.829898
40934,1.0947,0.707705
40935,1.09483,0.549241
40936,1.09465,0.479621
40937,1.09453,0.417475
40939,1.09462,0.607532
40940,1.09458,0.507261
40941,1.09448,0.412995
40942,1.09446,0.370793
40944,1.09585,1.27424
40945,1.09466,2.24872
40947,1.09543,1.71326
40948,1.09468,2.0539
40950,1.09567,1.15805
40951,1.09548,1.08765
40956,1.0955,1.08908
40958,1.09437,0.488974
40959,1.09448,0.491206
40960,1.0946,0.517157
40962,1.09444,1.21218
40963,1.09453,1.335
40964,1.0952,0.914131
40967,1.09516,0.902567
40968,1.09465,1.41852
40970,1.09475,0.997305
40972,1.09467,0.889271
40973,1.09465,0.815351
40975,1.09494,0.785726
40976,1.0946,0.723136
40977,1.09498,0.823993
40978,1.09504,0.681779
40980,1.0947,1.38588
40985,1.09541,1.22424
40987,1.09435,0.685971
40990,1.09408,0.575884
40993,1.09638,1.29896
40996,1.09424,1.378
40998,1.09399,1.53803
41000,1.0959,2.11804
41001,1.09631,1.96812
41002,1.09574,1.75241
41003,1.09557,1.7837
41007,1.09947,0.928579
41009,1.09974,0.142071
41010,1.09963,0.200743
41012,1.09964,0.273698
41013,1.09941,0.24625
41014,1.09959,0.382823
41016,1.1,0.503387
41017,1.09997,0.060774
41018,1.09999,0.067013
41019,1.09941,0.421342
41020,1.09917,1.1526
41021,1.09753,2.17209
41022,1.09885,1.18442
41023,1.09912,1.43421
41024,1.09763,2.28345
41025,1.09913,1.1393
41026,1.09952,0.993812
41027,1.09953,1.19408
41028,1.09957,1.0715
41029,1.09957,0.836361
41030,1.09951,0.853745
41031,1.09905,0.362253
41032,1.09743,1.45266
41033,1.09914,1.04396
41036,1.09804,1.45515
41037,1.09946,0.9189
41038,1.09713,2.42434
41039,1.09687,1.46494
41040,1.09739,2.31147
41041,1.09699,1.41964
41042,1.09727,2.35978
41043,1.09487,4.28222
41044,1.09753,1.62531
41045,1.09705,1.40578
41046,1.09675,1.29541
41047,1.09648,1.20418
41051,1.09691,1.98426
41052,1.09574,1.03575
41053,1.09538,1.652
41054,1.09549,0.996491
41055,1.0955,0.959224
41056,1.09681,1.23548
41057,1.09673,1.19273
41060,1.09686,1.2977
41061,1.09707,1.52656
41062,1.09686,1.37936
41065,1.09444,0.851925
41066,1.09369,0.769683
41070,1.08844,0.691307
41072,1.09406,0.780291
41073,1.09474,0.820221
41075,1.09028,0.56051
41076,1.08935,0.590218
41079,1.08885,0.611445
41080,1.08622,1.29773
41081,1.08712,1.31038
41082,1.08776,1.36165
41083,1.09218,0.702022
41084,1.09209,0.756542
41085,1.0886,0.829673
41088,1.08635,1.27897
41089,1.09079,1.02948
41090,1.0913,0.899601
41091,1.07839,1.58768
41092,1.08731,0.774196
41095,1.08686,1.18407
41096,1.08649,1.16491
41097,1.0783,0.843924
41098,1.07758,0.882102
41102,1.07998,0.350796
41103,1.08387,0.970246
41104,1.08361,1.1951
41105,1.0838,0.880479
41106,1.08438,0.656316
41107,1.08604,1.1625
41108,1.08685,1.15231
41110,1.08864,2.41682
41111,1.09423,1.33695
41112,1.09281,1.55299
41114,1.09371,0.805115
41115,1.09366,0.842871
41117,1.08387,0.624446
41120,1.08818,1.41109
41121,1.08899,0.86171
41122,1.08715,1.21127
41123,1.08745,1.24047
41126,1.08803,1.36129
41128,1.09003,1.27237
41129,1.08825,1.13627
41130,1.08919,0.765088
41131,1.0866,1.14256
41132,1.08829,1.10081
41133,1.08914,0.817056
41134,1.08829,1.08492
41135,1.08961,0.718403
41136,1.09653,1.16754
41137,1.09643,1.15029
41138,1.09533,1.6848
41139,1.09528,1.73847
41140,1.09277,0.719016
41142,1.09634,0.71954
41143,1.09649,0.83989
41146,1.0957,1.91639
41147,1.09578,2.17408
41148,1.09738,1.47279
41152,1.09825,1.16369
41153,1.09854,1.05671
41155,1.0973,1.81128
41161,1.09703,1.68493
41162,1.09707,1.74965
41164,1.09717,1.61015
41166,1.09731,1.5204
41167,1.09669,1.80468
41168,1.09651,1.19108
41170,1.09654,1.2469
41171,1.09679,1.73541
41172,1.09674,1.76121
41173,1.09668,1.71509
41174,1.09653,1.7066
41175,1.09671,1.85043
41176,1.09615,1.72921
41177,1.09837,1.15566
41178,1.09981,0.538442
41182,1.0983,1.17851
41183,1.09815,1.21842
41184,1.09929,0.819987
41185,1.09778,1.3477
41187,1.09334,3.1988
41188,1.09913,0.888602
41189,1.09741,1.8849
41192,1.09754,1.3387
41193,1.09464,3.57554
41194,1.09877,0.984018
41195,1.09765,1.6364
41197,1.09786,1.53583
41199,1.09903,0.530414
41200,1.0999,0.221178
41201,1.09997,0.121433
41202,1.09998,0.52036
41203,1.09841,1.14419
41204,1.09997,0.428175
41205,1.09996,0.378708
41207,1.09985,0.268626
41208,1.09991,0.326737
41209,1.09994,0.400948
41210,1.09988,0.410679
41212,1.09964,0.288281
41213,1.09951,0.336828
41215,1.09808,1.07635
41216,1.09786,1.16252
41217,1.09977,0.440064
41219,1.09649,1.36035
41220,1.09636,1.6909
41221,1.09639,1.6709
41223,1.09612,1.81826
41224,1.09619,1.7841
41225,1.09609,1.44006
41226,1.09603,1.49137
41227,1.09538,2.14933
41228,1.09513,2.28221
41229,1.09472,2.48113
41230,1.09492,2.38967
41233,1.0944,3.08473
41234,1.09555,1.75426
41235,1.08966,7.25409
41236,1.09445,2.62403
41237,1.09454,2.57587
41238,1.09593,1.60713
41239,1.0958,2.13023
41241,1.09591,1.9458
41242,1.09586,2.04356
41243,1.09587,1.64594
41244,1.09589,1.99634
41247,1.09564,1.82847
41248,1.09569,1.75207
41249,1.09567,1.77899
41250,1.09553,2.23431
41251,1.09556,1.93403
41252,1.09557,1.97269
41253,1.09547,2.27794
41254,1.0953,2.33192
41255,1.09532,1.92808
41256,1.09516,2.46874
41257,1.09555,2.09673
41258,1.09514,2.48142
41259,1.0952,2.42571
41265,1.09471,2.87318
41266,1.09315,3.81026
41268,1.09455,3.03441
41269,1.09471,2.85372
41270,1.09555,2.03704
41271,1.09528,2.53459
41272,1.09516,2.61177
41273,1.09554,2.17283
41274,1.09555,2.1571
41275,1.09552,2.25664
41276,1.09489,2.74235
41277,1.09542,2.16133
41278,1.0948,2.8119
41279,1.09476,2.83046
41284,1.09577,1.73356
41285,1.09575,1.76836
41286,1.09544,2.45703
41288,1.09635,1.95585
41289,1.09652,1.68535
41290,1.09653,1.70004
41291,1.09631,1.96728
41294,1.09699,1.70025
41295,1.0968,1.71482
41296,1.0962,2.00273
41297,1.09608,2.11509
41298,1.09613,2.02594
41299,1.09608,2.04471
41300,1.09654,1.73694
41302,1.09637,1.73991
41303,1.09569,2.27521
41305,1.09571,2.25492
41306,1.09293,4.31603
41307,1.09702,2.2665
41308,1.09706,2.04887
41309,1.09588,2.26564
41310,1.09745,2.10242
41311,1.09765,2.28796
41312,1.09782,2.4927
41313,1.09699,2.53881
41315,1.097,2.70541
41318,1.09653,3.24978
41320,1.09693,2.83828
41321,1.09686,2.93926
41322,1.09634,3.68298
41323,1.09627,3.70918
41324,1.09713,2.97095
41325,1.09735,3.03095
41326,1.09705,3.2328
41327,1.09726,3.18839
41328,1.09807,3.80073
41329,1.09533,4.47295
41330,1.09614,3.73915
41331,1.09638,3.56809
41332,1.0965,3.9113
41333,1.08825,8.54405
41334,1.09615,3.66742
41335,1.0962,4.3298
41336,1.09607,4.50574
41337,1.09523,3.47352
41338,1.09597,3.45412
41340,1.09623,3.04205
41341,1.0961,3.23247
41342,1.09265,3.99907
41343,1.09314,3.18745
41344,1.08839,8.17173
41345,1.09466,2.56274
41346,1.09518,3.24092
41347,1.09503,2.52984
41348,1.09623,2.16197
41349,1.09586,1.97472
41350,1.0942,1.01375
41351,1.09282,0.281378
41352,1.09412,0.94606
41353,1.09405,0.903136
41354,1.09366,0.85407
41356,1.09495,1.91315
41357,1.09485,1.81113
41358,1.09483,1.08493
41359,1.09544,1.69611
41360,1.09504,2.13966
41361,1.09494,1.95894
41362,1.09505,2.24661
41363,1.09505,2.36071
41366,1.0956,1.77571
41368,1.09534,1.93749
41374,1.095,2.68248
41375,1.09563,2.13468
41376,1.09491,2.72236
41377,1.09585,2.39386
41378,1.0946,2.4135
41379,1.09309,1.32315
41380,1.09469,2.20884
41381,1.09482,1.00394
41382,1.09318,1.28863
41383,1.09417,0.992143
41385,1.09329,0.899673
41386,1.0944,2.91888
41387,1.09455,2.70481
41388,1.09644,3.09643
41389,1.0958,2.41762
41391,1.09638,3.0399
41392,1.09564,4.63429
41393,1.0954,3.87012
41394,1.09641,3.19503
41395,1.09484,2.76218
41396,1.09638,3.25634
41397,1.09633,3.33998
41398,1.09445,2.99105
41399,1.09523,6.32713
41400,1.09566,5.76478
41401,1.09473,6.94033
41402,1.09646,5.32468
41403,1.0945,3.35043
41404,1.09503,3.60218
41405,1.09354,3.75163
41406,1.0944,5.2383
41407,1.09456,3.76107
41408,1.09447,3.599
41409,1.09545,3.64095
41410,1.09449,3.49147
41412,1.09186,5.498
41413,1.09427,5.44303
41414,1.09455,3.85429
41415,1.09317,4.20385
41416,1.09348,3.75058
41417,1.09147,0.527729
41418,1.09285,1.43473
41420,1.09352,3.39329
41421,1.09379,3.36653
41422,1.09356,3.46902
41423,1.09259,1.49097
41424,1.0925,1.84607
41425,1.09208,0.972247
41426,1.09158,0.924798
41427,1.09118,0.25645
41428,1.09098,1.17316
41429,1.09263,1.59171
41430,1.08874,0.949678
41431,1.09211,2.34533
41433,1.09244,3.22652
41434,1.09144,2.59058
41435,1.0886,0.91514
41436,1.08667,1.19668
41437,1.08626,1.48303
41438,1.0891,1.76988
41439,1.08849,0.818807
41440,1.0918,-0.553847
41441,1.09122,-0.604412
41442,1.09108,0.27713
41443,1.09065,-0.48569
41444,1.09107,-0.575179
41445,1.09103,-0.598782
41446,1.09007,-0.603105
41447,1.08972,-0.471826
41448,1.08923,-0.563689
41449,1.09003,-0.328646
41450,1.08935,0.234776
41451,1.08991,0.235001
41452,1.09336,0.700342
41453,1.0908,-0.458461
41454,1.09052,-0.306788
41455,1.09071,-0.236708
41456,1.09086,-0.146006
41457,1.09181,0.0949432
41458,1.09086,0.120116
41459,1.09059,0.097806
41460,1.09042,-0.111003
41461,1.09014,-0.0746105
41462,1.08948,-0.304281
41463,1.08972,-0.0954551
41464,1.09029,0.0874151
41465,1.08882,0.523194
41466,1.08881,0.631147
41467,1.08763,0.879762
41468,1.08934,-0.327948
41469,1.08917,-0.295471
41470,1.08798,0.273623
41471,1.08812,0.312108
41472,1.08766,-0.382058
41473,1.08857,-0.505878
41474,1.08687,0.00929634
41476,1.08663,0.0734085
41477,1.08688,-0.0166253
41478,1.0861,0.227453
41479,1.08701,0.979883
41480,1.0863,0.179403
41483,1.08544,-0.343098
41484,1.08359,-0.251275
41485,1.08336,0.108282
41486,1.08393,0.0698126
41487,1.08361,0.291957
41489,1.08281,0.197699
41490,1.08214,0.330616
41491,1.08063,0.380434
41492,1.08011,0.39146
41493,1.07947,0.448995
41494,1.08102,0.180271
41495,1.0812,0.279417
41496,1.08046,0.318039
41497,1.07821,0.268719
41498,1.07803,0.269493
41501,1.07983,0.362649
41502,1.08357,0.254329
41503,1.08658,2.53157
41504,1.08514,2.04354
41505,1.08103,1.96007
41506,1.08387,2.51796
41507,1.08306,2.06737
41508,1.08071,0.466585
41509,1.08056,1.92861
41510,1.07779,1.40971
41511,1.07865,1.85286
41513,1.07741,1.25036
41514,1.07638,1.67588
41515,1.07813,0.825053
41516,1.07719,0.930265
41517,1.09389,3.1991
41518,1.09925,0.555683
41519,1.09824,0.366123
41521,1.09741,1.28145
41523,1.09716,1.44353
41524,1.09653,1.70083
41525,1.09677,1.37293
41526,1.09542,2.25318
41527,1.09678,1.21125
41528,1.09622,1.32769
41530,1.09884,0.69984
41533,1.09776,0.925385
41536,1.09716,1.50423
41537,1.0975,1.19646
41538,1.09755,1.08251
41540,1.09695,1.42419
41541,1.09626,2.25119
41544,1.09371,0.473149
41545,1.0943,0.205939
41546,1.09389,0.546024
41547,1.09451,0.362678
41549,1.09504,0.765205
41550,1.09503,1.11021
41552,1.09485,1.05632
41553,1.09492,2.27285
41554,1.09513,1.40435
41555,1.09453,2.8393
41556,1.09422,1.9548
41557,1.09504,0.890782
41558,1.09455,0.662319
41560,1.09451,0.64648
41563,1.09464,0.461837
41565,1.09462,0.686002
41566,1.09457,0.697285
41567,1.09631,1.8562
41568,1.09627,1.86981
41575,1.09702,1.20152
41578,1.09656,1.81039
41580,1.09581,1.88848
41581,1.09527,2.09337
41582,1.09279,1.89127
41583,1.09703,1.46594
41584,1.09703,1.41989
41585,1.09604,1.04688
41586,1.09508,0.825716
41587,1.09443,0.715709
41588,1.09539,0.959557
41590,1.09424,1.99498
41591,1.09468,0.805844
41592,1.09633,1.75797
41593,1.09637,1.7578
41595,1.09604,1.42805
41596,1.09577,1.90115
41597,1.09444,2.87237
41598,1.09645,1.15921
41599,1.09664,1.30319
41601,1.0957,2.10803
41602,1.09534,2.171
41603,1.0958,1.88957
41604,1.09586,2.13962
41605,1.09575,1.89816
41608,1.09541,0.90548
41609,1.09382,3.41457
41610,1.09751,1.1064
41612,1.09446,0.396319
41613,1.09506,0.658729
41614,1.09235,3.99352
41615,1.09484,2.62005
41616,1.09636,1.90917
41617,1.09594,1.86612
41620,1.09581,1.89321
41621,1.09461,2.82374
41622,1.09453,2.79535
41623,1.09407,0.417964
41624,1.09811,0.608739
41625,1.09428,1.80402
41626,1.09405,0.191806
41627,1.09519,1.9695
41628,1.09468,2.61546
41629,1.06222,18.9649
41630,1.06208,20.0522
41631,1.06621,18.1859
41632,1.06661,17.9668
41634,1.06825,17.481
41635,1.05243,21.1003
41638,1.07524,6.21291
41639,1.0739,6.5161
41640,1.07109,9.4509
41641,1.07812,5.32899
41642,1.07826,6.08324
41643,1.07818,5.74274
41644,1.07823,6.13483
41645,1.07645,7.07928
41646,1.07916,5.92922
41647,1.07209,8.92627
41648,1.07839,6.67426
41649,1.07921,5.9181
41650,1.07925,5.75051
41652,1.07839,6.11306
41653,1.08141,5.64775
41655,1.07209,6.73811
41656,1.08548,6.42743
41657,1.08544,6.4695
41658,1.07861,6.33124
41659,1.06633,17.0697
41660,1.06323,19.2077
41663,1.06369,19.3374
41665,1.06948,16.448
41667,1.06858,17.3678
41668,1.06674,20.0517
41669,1.09463,3.74769
41670,1.09491,2.45553
41671,1.0948,1.63327
41672,1.09441,2.16542
41673,1.09449,2.14134
41674,1.09335,1.80269
41675,1.09503,1.51783
41676,1.0953,1.6446
41677,1.09522,1.44547
41678,1.09478,2.47386
41681,1.09436,2.35226
41682,1.09465,2.5172
41683,1.09428,2.43922
41684,1.09424,2.24765
41685,1.09273,1.60643
41686,1.09542,1.35955
41687,1.09532,1.38615
41688,1.09539,1.35236
41691,1.09548,1.41003
41696,1.09263,1.51444
41698,1.09041,0.84097
41702,1.09072,0.857776
41703,1.09458,1.65669
41705,1.09476,1.69273
41706,1.09521,1.44364
41707,1.09538,1.6158
41708,1.09483,1.73221
41709,1.09494,1.90685
41710,1.09524,1.33856
41711,1.09493,1.81577
41712,1.09399,1.83599
41713,1.08633,0.61239
41715,1.08549,1.86169
41716,1.08989,0.894221
41723,1.09039,0.954838
41725,1.09499,1.4493
41726,1.09384,1.79707
41727,1.09409,1.89558
41729,1.0944,2.11472
41730,1.09453,2.11625
41731,1.09484,2.08075
41732,1.08423,2.78256
41733,1.09294,2.09361
41734,1.09207,1.94462
41735,1.09447,2.15385
41737,1.09438,2.38286
41738,1.09624,3.05961
41739,1.0947,3.55963
41740,1.09569,2.23836
41741,1.09515,2.0472
41742,1.09685,2.09826
41743,1.09711,2.04017
41745,1.09534,1.97803
41746,1.09593,2.37548
41747,1.09615,2.51113
41748,1.09725,2.17457
41749,1.09716,2.15293
41750,1.09728,2.21704
41751,1.09728,2.27973
41752,1.0963,2.61108
41753,1.09608,2.37632
41754,1.09613,3.13198
41755,1.09618,2.92758
41756,1.09603,2.94446
41757,1.09567,3.31866
41758,1.09617,2.92212
41759,1.09662,2.78223
41760,1.09625,2.74732
41761,1.0965,2.69008
41762,1.09744,2.5918
41763,1.09716,2.43879
41764,1.09715,2.44999
41765,1.09663,2.73925
41766,1.09678,2.84022
41768,1.09678,1.70081
41769,1.09654,1.77284
41770,1.09656,1.84434
41771,1.09654,1.92013
41775,1.09702,1.98034
41776,1.09682,1.94795
41778,1.09715,2.00379
41779,1.09706,1.92231
41780,1.09707,1.86646
41781,1.09716,1.83573
41782,1.09711,1.7962
41783,1.09714,1.91676
41786,1.09734,2.34446
41787,1.09692,2.94182
41788,1.09687,2.96795
41789,1.09733,3.03644
41790,1.09727,3.06734
41791,1.09698,3.15446
41792,1.09699,3.22814
41793,1.09722,2.13088
41796,1.0973,1.95631
41797,1.09727,3.58582
41798,1.09802,3.74808
41799,1.09719,3.43043
41800,1.09701,3.32033
41801,1.09727,3.54379
41802,1.09694,3.34357
41803,1.09735,3.75066
41804,1.09772,3.7869
41805,1.09796,3.84191
41806,1.09803,3.81882
41807,1.09612,3.84387
41808,1.09617,3.89202
41810,1.09767,4.43658
41811,1.09779,4.21474
41812,1.09769,4.30161
41813,1.09769,4.29136
41815,1.09781,4.34656
41816,1.0972,4.19047
41817,1.0986,3.9181
41818,1.09685,3.41185
41819,1.09712,4.34718
41820,1.09855,4.61084
41821,1.09688,4.61841
41822,1.09661,4.89742
41823,1.09524,6.22954
41824,1.09681,4.53146
41825,1.09572,5.75602
41827,1.09867,4.89705
41828,1.09763,4.30968
41829,1.09711,4.41408
41830,1.09654,4.79435
41831,1.09568,4.88306
41832,1.09679,3.43696
41835,1.09645,3.52213
41836,1.0971,3.59679
41837,1.09673,3.75077
41838,1.09693,3.50593
41839,1.09603,3.3676
41840,1.09758,4.67498
41841,1.0967,4.16218
41842,1.09637,4.70739
41843,1.09737,3.84489
41844,1.09727,4.34413
41845,1.09729,4.38106
41846,1.09758,3.94715
41847,1.09744,3.86053
41848,1.0976,4.56834
41849,1.0967,5.21982
41850,1.09677,3.45187
41851,1.09905,5.11977
41852,1.09618,6.42313
41853,1.09604,6.52241
41854,1.09674,3.67734
41855,1.09671,3.67948
41857,1.09805,4.2697
41859,1.09412,4.97161
41860,1.09403,2.68435
41861,1.09409,2.66862
41862,1.09477,3.38279
41863,1.09458,3.09156
41865,1.09436,4.38998
41866,1.09711,3.79638
41867,1.09525,3.65899
41868,1.09531,3.85132
41869,1.09541,3.98917
41870,1.09516,4.5516
41871,1.09546,4.34306
41872,1.09547,4.15806
41873,1.09658,3.71623
41874,1.09651,3.46109
41877,1.09707,3.80341
41878,1.09682,3.88792
41879,1.09718,3.83036
41880,1.09689,4.12406
41881,1.09538,1.80405
41882,1.09446,1.7591
41884,1.09421,3.88709
41885,1.04851,14.7683
41886,1.05835,14.8485
41887,1.04886,15.3161
41888,1.04881,15.8306
41889,1.05623,17.395
41890,1.07436,17.7977
41891,1.08467,16.7162
41892,1.07491,17.5043
41893,1.05868,22.8423
41894,1.05531,23.4934
41896,1.06152,22.1171
41897,1.06547,21.8365
41898,1.05503,23.0106
41900,1.05494,23.1931
41901,1.06016,22.5106
41903,1.07322,22.9724
41904,1.07038,24.0879
41905,1.07275,23.575
41906,1.07874,22.6238
41908,1.08191,8.40224
41909,1.07501,8.86102
41910,1.07467,8.95584
41911,1.07165,10.1956
41912,1.07309,10.4816
41913,1.08237,21.7552
41914,1.08134,22.1765
41915,1.08101,22.3384
41916,1.08013,22.7908
41917,1.08608,20.8133
41919,1.08627,20.3785
41920,1.08316,20.1653
41921,1.08463,20.8981
41922,1.0831,21.3133
41924,1.08575,19.9513
41925,1.06529,21.6637
41926,1.07128,25.8394
41927,1.07499,24.93
41928,1.07265,25.3304
41930,1.07051,25.8447
41932,1.06936,27.2696
41934,1.07478,26.2866
41935,1.07266,27.5613
41936,1.07649,22.5813
41937,1.08027,14.2251
41938,1.08536,14.4927
41939,1.0741,27.4391
41940,1.06045,25.4263
41941,1.07683,26.3755
41942,1.0653,25.6131
41943,1.07476,26.8143
41944,1.08656,8.96461
41945,1.08397,10.3928
41946,1.09251,8.11584
41949,1.08998,9.81839
41950,1.08837,11.3138
41951,1.0901,10.0236
41952,1.09003,11.4254
41953,1.08949,14.4003
41954,1.08993,20.092
41957,1.0753,18.3592
41958,1.07591,18.1331
41959,1.07418,18.2463
41960,1.06912,18.2131
41961,1.0719,18.7554
41962,1.0745,18.3084
41963,1.07478,18.4463
41965,1.08569,13.6443
41966,1.06975,17.5272
41967,1.06595,17.278
41968,1.07499,18.5623
41969,1.06051,15.1436
41970,1.06811,14.6673
41971,1.07191,14.2764
41972,1.06129,15.7223
41973,1.06684,12.8963
41974,1.0656,12.7771
41975,1.06634,12.0226
41976,1.06463,11.9521
41977,1.06374,12.0915
41979,1.06631,12.3727
41980,1.0689,13.0984
41981,1.07612,15.4308
41982,1.08068,5.01365
41983,1.08256,6.62759
41984,1.08111,6.36572
41985,1.07989,6.27118
41986,1.07917,6.44715
41987,1.08067,6.45673
41988,1.07772,7.66661
41989,1.07688,6.37972
41990,1.07747,7.19539
41991,1.06877,24.534
41993,1.07115,23.2987
41994,1.06795,24.0248
41995,1.06834,23.9347
41996,1.0675,23.8146
41997,1.06682,23.64
41998,1.06478,23.5491
42001,1.06019,23.8864
42005,1.05063,22.8041
42006,1.05024,23.453
42007,1.04318,26.0925
42008,1.08623,21.0423
42010,1.08395,21.2116
42011,1.0855,20.8783
42012,1.08872,20.5976
42014,1.08799,20.265
42017,1.09118,20.3515
42018,1.09031,20.4269
42019,1.06876,28.664
42020,1.06302,29.4377
42021,1.06314,29.4616
42022,1.06615,28.5835
42023,1.06786,27.5293
42025,1.05723,10.0428
42026,1.08059,8.53262
42027,1.06305,9.77308
42028,1.0619,10.1108
42029,1.06062,10.6723
42030,1.05614,9.18884
42034,1.06562,15.7648
42035,1.07419,0.309644
42039,1.07408,0.296215
42040,1.07412,0.331302
42041,1.07425,0.389287
42042,1.07459,1.20608
42043,1.07455,1.25112
42044,1.07642,0.945975
42045,1.08079,1.28773
42046,1.08076,2.79377
42047,1.08124,3.20447
42048,1.08008,3.91418
42049,1.07815,0.66463
42050,1.08069,0.410445
42051,1.07961,0.207623
42052,1.07971,0.233581
42053,1.07927,0.456972
42054,1.07865,0.579622
42055,1.07944,0.417681
42057,1.07908,0.497454
42058,1.08263,0.249619
42059,1.0837,0.654605
42060,1.08363,0.761233
42061,1.08437,0.729102
42062,1.08357,0.542455
42064,1.08205,0.614205
42066,1.08801,1.939
42068,1.08561,1.27647
42069,1.08764,1.76702
42070,1.08781,1.98019
42071,1.08748,1.74647
42072,1.08791,1.92351
42073,1.08591,1.75187
42074,1.08716,1.84024
42075,1.08066,4.81657
42076,1.08926,2.14765
42077,1.08765,2.08222
42078,1.09422,1.86808
42079,1.09434,1.883
42080,1.09469,1.81385
42081,1.09409,2.22202
42082,1.0921,1.65826
42083,1.09403,2.14143
42084,1.0942,2.0788
42085,1.09372,3.2107
42086,1.09505,3.38755
42087,1.09373,2.66096
42088,1.09387,2.53809
42089,1.09331,3.558
42091,1.09386,2.2259
42092,1.09329,3.29387
42093,1.09341,3.22996
42094,1.09364,2.7221
42095,1.09379,3.02663
42096,1.09359,2.74078
42097,1.0926,4.09748
42098,1.09306,3.78126
42099,1.09458,3.23109
42102,1.0932,3.33241
42103,1.09302,3.4855
42104,1.08694,8.43297
42105,1.09233,4.34255
42106,1.09242,4.32557
42109,1.09559,3.77727
42110,1.08542,3.29762
42113,1.07899,0.517011
42114,1.0872,8.26665
42115,1.08709,2.44085
42116,1.08241,0.290654
42117,1.08251,3.10281
42118,1.083,4.83898
42119,1.08304,2.96223
42120,1.08818,8.28471
42121,1.08317,6.06123
42122,1.08328,4.60919
42123,1.08335,4.66191
42124,1.083,3.46543
42125,1.08348,3.19368
42126,1.08335,3.84098
42127,1.08319,3.34275
42129,1.08135,4.16164
42130,1.08249,4.01708
42133,1.08341,4.00471
42134,1.08358,4.16646
42135,1.08349,4.20107
42136,1.08344,4.35541
42137,1.08456,4.12406
42138,1.08451,4.06939
42139,1.08442,3.93249
42140,1.08337,4.6024
42141,1.08336,4.5694
42142,1.08354,4.1829
42143,1.08373,3.93872
42144,1.08323,4.73387
42145,1.08335,6.95551
42146,1.09192,5.68599
42147,1.09114,5.36307
42148,1.09285,3.97186
42149,1.09305,4.01423
42150,1.09318,4.04071
42151,1.09339,4.10253
42152,1.08995,5.48281
42153,1.08631,7.08652
42154,1.08976,5.42872
42155,1.08962,6.40005
42156,1.07533,15.2065
42157,1.08054,17.4935
42158,1.08137,18.2948
42159,1.07969,19.6742
42160,1.08046,19.1184
42161,1.08056,19.4082
42163,1.08048,19.4837
42164,1.07976,19.8854
42165,1.08061,19.4374
42166,1.08017,19.6427
42168,1.08027,19.7415
42169,1.07588,23.4584
42170,1.07576,23.7391
42173,1.09429,7.0471
42174,1.09409,6.99426
42175,1.09445,6.96504
42176,1.09323,6.69628
42178,1.09183,7.09975
42179,1.09324,6.63554
42180,1.09157,7.02697
42182,1.1,4.07331
42183,1.09693,2.88708
42184,1.09786,3.27011
42185,1.0987,3.59233
42186,1.09649,3.70711
42187,1.09686,3.33562
42188,1.09046,3.33086
42189,1.09315,1.69072
42190,1.0945,2.27154
42191,1.09343,1.81037
42192,1.097,3.35492
42193,1.0972,3.41152
42195,1.09628,2.69987
42196,1.0971,3.07566
42197,1.09696,3.04618
42198,1.09706,3.19513
42199,1.09703,3.10019
42200,1.09607,3.61076
42201,1.09548,3.90458
42203,1.0959,3.71026
42204,1.09549,2.45697
42205,1.097,2.98482
42206,1.09533,2.39404
42207,1.0958,2.48844
42208,1.09602,2.52501
42209,1.09485,2.51384
42210,1.09636,2.59866
42211,1.09678,2.72492
42212,1.09491,4.6194
42213,1.0956,4.5863
42214,1.0952,4.97286
42215,1.09176,6.39007
42216,1.09329,5.28681
42217,1.09379,4.96578
42218,1.09365,4.98926
42219,1.09453,4.52451
42220,1.09455,4.64843
42221,1.09494,3.72153
42225,1.09505,4.24392
42226,1.09012,7.09013
42227,1.09012,6.79135
42228,1.09375,6.26592
42229,1.09416,5.72406
42230,1.09496,6.02444
42231,1.0943,5.60323
42232,1.09163,6.23674
42233,1.09088,6.54472
42235,1.09177,6.03431
42236,1.09133,6.38042
42237,1.09344,5.76177
42238,1.09357,5.64799
42239,1.09436,5.27345
42240,1.09202,6.07855
42241,1.09417,5.27343
42242,1.09459,5.11658
42243,1.09191,5.9981
42244,1.0949,4.88336
42245,1.09272,5.36928
42246,1.09277,5.36836
42247,1.0929,5.25427
42248,1.09473,4.18541
42249,1.09305,5.25461
42250,1.09266,5.37839
42251,1.09463,4.70679
42252,1.09615,3.78727
42253,1.09659,3.98783
42254,1.09719,2.56605
42255,1.09741,3.14285
42256,1.09506,3.55656
42257,1.09537,3.68461
42258,1.09595,3.27398
42259,1.09553,3.28057
42260,1.0945,4.24417
42261,1.09588,3.29972
42262,1.0964,2.0747
42263,1.09592,3.28693
42264,1.09632,2.3189
42265,1.09648,2.17084
42266,1.09601,1.62127
42267,1.0957,1.82318
42268,1.09596,1.90125
42269,1.09644,2.29815
42270,1.09536,1.51796
42271,1.09582,1.50946
42274,1.08871,2.12156
42275,1.09191,1.06877
42279,1.08748,0.919871
42280,1.0892,0.805014
42281,1.09526,1.29765
42282,1.09414,0.901889
42283,1.0933,1.11165
42284,1.08704,1.66672
42285,1.09222,0.829418
42286,1.09243,0.775111
42288,1.09138,0.650055
42289,1.09705,2.51989
42290,1.09646,1.49641
42291,1.09646,1.36875
42292,1.09641,1.28136
42293,1.09653,1.64625
42295,1.09509,0.994299
42296,1.09566,1.08561
42298,1.09626,1.21028
42300,1.0967,1.35276
42301,1.0969,1.47729
42303,1.09811,2.21435
42304,1.09865,1.77774
42305,1.09905,1.40988
42306,1.09848,1.85364
42307,1.09861,1.66421
42308,1.09907,1.39501
42309,1.09788,2.24221
42310,1.09917,1.24933
42311,1.09748,2.44747
42312,1.09915,1.38093
42313,1.09907,1.45138
42314,1.09919,1.28055
42316,1.09925,1.16046
42317,1.09947,1.00328
42318,1.09938,1.07434
42319,1.0993,1.11153
42321,1.09339,5.61394
42322,1.09407,5.8053
42323,1.09583,3.31487
42324,1.0853,6.70205
42325,1.08472,7.15407
42326,1.07292,7.6103
42327,1.06699,8.77516
42328,1.06785,8.57681
42329,1.06867,9.03132
42330,1.07884,5.9235
42331,1.08368,9.17629
42332,1.08304,9.65938
42334,1.08407,6.9371
42335,1.08409,6.8573
42336,1.08305,6.4714
42337,1.07461,7.81091
42338,1.07451,7.90719
42339,1.06847,8.87431
42340,1.07555,7.8263
42341,1.0749,7.73363
42342,1.07664,7.22573
42343,1.08402,6.7694
42344,1.0841,6.7968
42345,1.0828,12.5513
42346,1.08021,11.0884
42347,1.07932,10.7839
42348,1.08094,6.4838
42349,1.07695,11.1661
42350,1.07965,10.9042
42351,1.0798,11.009
42353,1.07428,16.9124
42354,1.0721,17.4154
42356,1.07067,17.0951
42357,1.07147,8.81864
42359,1.06646,6.96246
42361,1.06675,6.59909
42362,1.06664,6.73918
42363,1.06637,6.78412
42364,1.06721,9.56617
42365,1.07072,8.82798
42366,1.08678,14.6922
42367,1.08281,13.3988
42368,1.07844,11.6035
42369,1.07408,13.0725
42370,1.07328,13.4187
42371,1.07311,13.6261
42372,1.07668,15.6945
42373,1.07317,13.0384
42374,1.08141,10.3337
42375,1.07317,10.6487
42376,1.06986,19.991
42377,1.07876,24.2033
42378,1.07472,22.8841
42379,1.07374,20.5569
42380,1.07646,22.8575
42381,1.07509,23.1549
42382,1.0754,23.2078
42383,1.07585,23.2543
42384,1.07806,19.3533
42385,1.07602,19.153
42387,1.07598,20.5952
42388,1.07609,20.4633
42389,1.07614,20.2478
42390,1.07529,21.321
42391,1.07603,20.2849
42392,1.07331,22.6844
42393,1.07619,19.5282
42395,1.09575,2.60975
42396,1.07775,3.05662
42397,1.07146,4.64802
42398,1.07353,3.65686
42399,1.08094,2.59699
42401,1.09038,1.30708
42402,1.08945,1.83037
42403,1.09302,1.32431
42404,1.09191,1.1563
42405,1.08571,2.00921
42406,1.09276,1.40191
42407,1.09382,1.67367
42409,1.08381,1.95515
42410,1.08224,2.02319
42411,1.08308,1.95214
42412,1.09123,1.08626
42414,1.09167,1.14177
42416,1.08178,2.61579
42417,1.08157,2.58223
42418,1.08009,2.56446
42419,1.08004,2.42822
42420,1.07413,6.12126
42421,1.07872,4.15124
42422,1.08245,1.72521
42423,1.07861,3.58914
42424,1.07843,3.7747
42426,1.08081,2.47399
42427,1.08243,1.74597
42428,1.08153,2.07084
42429,1.08186,1.86248
42430,1.08149,1.60055
42431,1.08225,1.6279
42432,1.08078,2.27174
42433,1.08223,1.73871
42435,1.08178,1.60161
42438,1.08145,1.40486
42441,1.0797,1.82802
42442,1.08134,1.64104
42444,1.07417,6.36873
42447,1.05941,16.3226
42455,1.05867,16.1374
42459,1.05867,15.6964
42460,1.05969,16.2141
42465,1.06252,16.8299
42467,1.06373,15.8571
42470,1.06014,16.138
42472,1.06247,15.7578
42473,1.06164,15.8678
42474,1.05745,15.9667
42478,1.05927,17.0781
42479,1.06036,14.0353
42480,1.06236,14.2207
42482,1.06129,13.8747
42483,1.0668,13.9725
42484,1.06007,16.1623
42485,1.06303,15.7567
42486,1.06494,17.9242
42488,1.06741,21.5765
42489,1.06837,21.5109
42492,1.06584,21.6945
42493,1.06594,21.2215
42494,1.0647,21.6834
42497,1.06807,21.5192
42498,1.07,22.2525
42499,1.06842,21.2431
42500,1.06844,21.4687
42501,1.06833,21.434
42502,1.06814,21.4048
42503,1.06806,21.3907
42504,1.06697,21.4644
42505,1.05592,21.075
42510,1.06422,20.193
42511,1.06786,21.5363
42512,1.06748,21.7245
42513,1.07288,23.9145
42514,1.07502,22.6902
42515,1.06761,20.9741
42516,1.06777,21.1979
42517,1.06698,20.9009
42518,1.06782,21.3549
42519,1.06507,19.7631
42520,1.06944,22.5776
42521,1.07992,27.1368
42522,1.08068,27.1567
42523,1.07587,26.8547
42524,1.0801,26.3799
42527,1.06408,29.338
42528,1.06667,29.1021
42530,1.07886,27.5353
42531,1.07497,28.8111
42532,1.07522,28.6341
42533,1.07376,28.9942
42534,1.05148,30.0299
42535,1.05228,29.9162
42536,1.05375,29.9245
42537,1.05401,29.9505
42538,1.05477,30.1183
42539,1.05061,29.2174
42540,1.05205,29.9602
42541,1.04812,30.4973
42542,1.0511,29.1103
42543,1.0481,29.6117
42544,1.04735,29.7786
42545,1.0513,31.118
42546,1.0513,31.0662
42547,1.0502,31.4428
42550,1.05138,31.6528
42552,1.05801,31.1357
42553,1.05665,30.7269
42555,1.05276,31.0224
42556,1.0448,31.0719
42559,1.05228,31.5665
42560,1.05575,30.8727
42561,1.05239,31.6489
42563,1.05212,31.5775
42564,1.05132,31.622
42565,1.05877,30.1046
42566,1.06168,29.6476
42569,1.06129,30.6089
42572,1.04768,29.5642
42573,1.04802,29.5448
42575,1.04293,31.1913
42576,1.0465,30.0759
42577,1.04307,30.8971
42578,1.0433,30.8817
42579,1.04672,30.6623
42580,1.04403,30.7203
42581,1.04096,31.5841
42582,1.04953,29.7753
42584,1.0423,31.306
42585,1.04593,30.742
42586,1.05919,30.1456
42587,1.06856,28.2849
42588,1.06872,28.2556
42589,1.05762,29.0197
42590,1.07772,26.6383
42591,1.06773,29.2247
42592,1.0732,28.0199
42593,1.05312,29.8349
42594,1.05279,30.4708
42595,1.08353,20.0297
42596,1.08208,21.1751
42600,1.08316,20.2704
42601,1.09288,19.424
42603,1.08159,21.786
42604,1.08023,21.9851
42605,1.08282,22.1138
42607,1.07326,12.1538
42608,1.06847,12.0281
42609,1.06659,14.9985
42610,1.06494,14.2587
42611,1.07162,12.6361
42612,1.06977,26.2435
42613,1.07371,26.8011
42614,1.07319,28.8047
42615,1.0748,27.103
42616,1.07719,26.8225
42617,1.07775,26.5895
42618,1.06517,16.6123
42619,1.05618,17.3754
42622,1.07634,26.46
42623,1.07606,26.1246
42624,1.07706,25.6822
42625,1.06711,16.7934
42626,1.05962,19.6724
42627,1.06658,18.3225
42628,1.0775,19.2216
42629,1.06014,30.4542
42630,1.05841,31.6011
42631,1.0567,30.7436
42632,1.05923,32.2698
42633,1.05772,31.6912
42634,1.05304,32.8099
42635,1.0735,23.6346
42637,1.07849,27.3619
42638,1.08048,26.5098
42640,1.0766,28.1821
42643,1.07294,24.7811
42644,1.07668,24.2776
42645,1.07376,25.6783
42647,1.07312,24.671
42648,1.073,25.383
42649,1.07308,25.6411
42650,1.07243,24.7386
42651,1.06793,25.6619
42652,1.07483,25.3694
42653,1.06279,19.7565
42654,1.06377,20.853
42655,1.06086,20.647
42656,1.06244,21.1202
42658,1.06713,6.85003
42659,1.06656,8.01905
42660,1.06861,7.64944
42661,1.06953,10.333
42663,1.06773,11.9996
42664,1.06545,9.05165
42665,1.06587,6.92335
42666,1.06794,11.2969
42667,1.06796,15.9742
42668,1.06076,19.8813
42669,1.06097,18.9734
42670,1.06005,19.3866
42671,1.05839,21.148
42672,1.06025,19.4149
42673,1.0596,19.4664
42674,1.05929,19.1909
42675,1.06044,18.3668
42676,1.06042,18.9537
42677,1.06027,19.0425
42678,1.06029,19.0465
42679,1.06094,18.7591
42680,1.06015,19.208
42681,1.06038,18.9763
42682,1.0604,18.4369
42683,1.06051,18.891
42691,1.06068,18.7874
42693,1.06111,18.4546
42694,1.06101,18.4649
42695,1.06024,18.0849
42696,1.06024,18.8161
42697,1.06032,18.6162
42698,1.05877,16.7687
42699,1.05821,16.4741
42701,1.06273,17.0145
42702,1.06227,17.6077
42703,1.06467,21.2511
42705,1.06106,18.4832
42708,1.06094,18.7583
42709,1.06087,19.0321
42710,1.06058,20.3551
42711,1.06037,20.2125
42712,1.06026,19.6984
42713,1.06153,20.5456
42715,1.06006,19.2355
42716,1.06185,26.6385
42717,1.06858,25.2545
42718,1.06915,25.0832
42719,1.07511,23.5403
42720,1.07752,22.7954
42721,1.07612,23.3778
42722,1.06659,17.2449
42723,1.0666,17.6431
42724,1.06771,17.4399
42725,1.06602,19.0667
42726,1.05923,22.6533
42727,1.06851,21.8818
42728,1.0665,22.7922
42729,1.06184,23.2182
42730,1.05722,24.0304
42731,1.06601,14.8038
42733,1.0697,20.9445
42734,1.07319,21.325
42735,1.07229,10.1328
42736,1.06734,13.3349
42737,1.0603,29.084
42738,1.05692,30.3216
42739,1.05317,31.9856
42740,1.04793,33.2704
42742,1.07124,27.9485
42744,1.07116,27.0367
42745,1.07157,26.9809
42746,1.06563,20.8078
42747,1.0723,19.3808
42750,1.07302,18.6872
42751,1.05922,17.3485
42752,1.06021,15.0354
42753,1.06021,15.1047
42754,1.06033,15.7511
42755,1.05993,15.4607
42756,1.06156,15.1608
42757,1.06172,15.1136
42758,1.06193,15.0647
42759,1.06217,15.0485
42762,1.06131,15.1717
42763,1.0609,15.2319
42764,1.06077,15.281
42765,1.06042,15.3603
42766,1.05853,16.0339
42767,1.06054,15.2472
42768,1.06099,15.1595
42772,1.05843,16.0621
42773,1.05799,16.3004
42774,1.05748,16.3346
42776,1.06089,15.2621
42779,1.06031,15.3807
42780,1.0602,15.3802
42781,1.06013,15.4055
42782,1.06024,15.4419
42784,1.06316,15.395
42785,1.059,15.6442
42786,1.05899,17.9601
42787,1.05891,15.5598
42788,1.05862,15.7734
42789,1.06072,15.4683
42790,1.05329,18.3504
42791,1.05494,29.8087
42793,1.05579,29.5738
42794,1.05653,30.2161
42795,1.05536,30.3246
42796,1.0527,30.6078
42797,1.05006,30.8748
42798,1.05059,30.8075
42799,1.05132,30.7281
42800,1.05556,30.4304
42801,1.05574,30.9339
42802,1.05573,30.8906
42804,1.05565,30.9108
42808,1.05061,30.8619
42809,1.06401,30.534
42810,1.05407,29.9877
42811,1.0488,31.0341
42812,1.05893,29.7054
42813,1.06118,29.7415
42814,1.06336,30.4629
42815,1.05912,29.742
42816,1.05752,29.9925
42818,1.06167,29.6634
42820,1.05649,30.4112
42821,1.05522,30.2297
42822,1.05569,30.889
42826,1.03548,32.7059
42829,1.04239,31.645
42830,1.03907,31.7642
42832,1.04428,30.8045
42835,1.02489,35.976
42837,1.03361,33.0331
42840,1.04558,32.3961
42841,1.04866,32.4006
42842,1.03566,32.6526
42843,1.03834,31.9705
42846,1.04139,31.3803
42847,1.03336,33.4163
42848,1.03832,32.0358
42849,1.05672,30.3386
42850,1.05608,30.3131
42851,1.07654,16.0588
42852,1.07708,15.8533
42854,1.07489,19.3249
42856,1.07623,16.472
42857,1.07632,16.7798
42858,1.07616,17.5179
42859,1.06717,14.8778
42860,1.07541,27.1872
42862,1.0774,27.282
42863,1.07719,27.2047
42864,1.0772,27.1371
42865,1.07691,26.649
42867,1.07675,26.5137
42868,1.0747,27.7872
42869,1.07708,26.7169
42870,1.07725,26.8833
42871,1.07737,27.073
42873,1.07764,27.4949
42874,1.07772,27.4918
42875,1.07749,27.4607
42877,1.0757,27.9729
42878,1.07756,27.3617
42882,1.07531,28.1485
42883,1.0776,27.5271
42884,1.07598,28.5338
42885,1.07797,27.6606
42887,1.07515,28.2877
42888,1.07221,29.5111
42889,1.07448,28.9301
42890,1.07493,28.5089
42891,1.07531,28.7168
42892,1.07806,27.7341
42893,1.07564,28.5989
42894,1.07817,27.6623
42895,1.07545,28.6135
42896,1.07553,28.5058
42898,1.07612,26.955
42899,1.0754,28.3878
42900,1.07696,27.8565
42901,1.07899,27.3216
42902,1.07396,27.183
42903,1.07578,27.7723
42904,1.07579,27.8341
42905,1.07739,27.0827
42906,1.07775,27.3704
42908,1.07656,26.1211
42909,1.07634,25.5492
42910,1.07259,27.8375
42912,1.07602,25.356
42913,1.07679,19.9724
42914,1.07667,20.8423
42915,1.07681,21.3707
42918,1.06678,21.8881
42920,1.0571,23.2841
42921,1.05798,22.5486
42922,1.05219,23.3333
42924,1.05148,14.6347
42925,1.06075,14.2783
42927,1.06959,4.31412
42928,1.03245,9.37884
42929,1.05457,10.6648
42930,1.06749,6.07011
42931,1.0667,6.83522
42932,1.06733,6.2166
42933,1.06759,5.94344
42934,1.06756,5.97367
42935,1.06735,6.28208
42936,1.06741,6.20401
42937,1.06766,5.54133
42938,1.06755,5.5193
42939,1.06049,18.7931
42940,1.06181,18.7568
42941,1.06196,19.0257
42942,1.06209,19.5023
42943,1.06562,20.8244
42945,1.06599,21.0063
42946,1.05947,21.8954
42947,1.05709,21.7754
42948,1.05926,21.019
42949,1.05975,20.7084
42950,1.0591,20.8943
42951,1.06089,17.9586
42952,1.06133,18.1288
42953,1.06141,18.0371
42954,1.06212,19.6607
42955,1.06404,18.0747
42956,1.06302,18.7945
42957,1.06348,18.4628
42958,1.06314,18.2974
42959,1.06206,17.7565
42960,1.05999,20.686
42961,1.05915,21.6363
42962,1.06663,24.6767
42963,1.05601,19.5068
42964,1.05385,18.1166
42965,1.06366,17.3211
42966,1.06116,18.0511
42967,1.06088,17.7313
42968,1.06151,18.3576
42972,1.07778,22.4439
42973,1.07706,22.0441
42974,1.04454,13.3632
42975,1.04422,13.8111
42979,1.04506,13.3096
42980,1.04589,13.301
42981,1.04515,13.3621
42982,1.0446,13.928
42984,1.04816,13.2873
42985,1.07492,8.22209
42986,1.07009,7.79404
42987,1.05286,13.6312
42990,1.04709,13.7433
42991,1.04522,13.7727
42992,1.04863,13.0865
42993,1.05436,13.8284
42994,1.05376,13.81
42995,1.04922,13.7143
42996,1.048,13.9952
42998,1.08005,16.485
43002,1.07279,19.2415
43003,1.07775,18.6817
43005,1.07587,19.1206
43006,1.07625,19.052
43007,1.07466,22.7807
43008,1.05984,27.0333
43009,1.07032,24.4588
43010,1.06718,24.6637
43016,1.09316,17.1184
43017,1.08126,17.3267
43018,1.08467,16.3997
43019,1.09399,17.5666
43020,1.0809,17.3712
43021,1.0646,8.62271
43022,1.0636,11.4486
43023,1.06137,15.3569
43024,1.06258,11.3397
43025,1.0614,13.0254
43026,1.06019,16.216
43027,1.06394,10.4573
43028,1.06516,8.99404
43030,1.06478,9.41972
43031,1.06487,9.34155
43037,1.06504,9.0829
43038,1.06543,8.25877
43039,1.09956,6.24572
43041,1.09966,5.93809
43042,1.09585,6.6327
43043,1.09704,7.33182
43044,1.09702,7.46688
43045,1.09704,7.52487
43046,1.09693,7.79013
43047,1.09982,6.64777
43049,1.09701,7.42749
43050,1.09907,5.34012
43051,1.09535,5.4109
43052,1.09519,5.8088
43053,1.09478,6.59707
43054,1.09663,7.97565
43055,1.09648,8.62128
43056,1.09425,6.9729
43057,1.09547,4.87054
43058,1.09643,4.81368
43060,1.09528,5.01116
43061,1.09546,4.6193
43062,1.09204,6.23056
43064,1.09341,5.54506
43066,1.09478,4.81202
43067,1.09203,5.83166
43068,1.09239,6.15159
43070,1.09111,8.02443
43071,1.0915,6.65795
43072,1.08938,7.8619
43073,1.09013,7.53577
43074,1.08988,8.35799
43075,1.09163,6.85389
43076,1.09046,7.40258
43077,1.09163,6.79897
43078,1.0908,7.30284
43080,1.09167,6.65775
43081,1.09581,8.84319
43082,1.09376,7.12239
43083,1.09473,8.31339
43084,1.09332,7.25285
43085,1.09276,6.99801
43086,1.09357,7.94449
43087,1.09255,7.73886
43088,1.09151,7.57539
43089,1.09125,7.70179
43091,1.08872,7.9435
43092,1.0941,6.3662
43093,1.09445,6.01601
43094,1.09576,5.10832
43095,1.09525,4.93648
43096,1.09305,5.94003
43097,1.09299,6.91463
43099,1.09456,3.84681
43100,1.09374,5.89187
43101,1.09042,5.97488
43102,1.08941,6.35389
43103,1.0889,6.79852
43105,1.08899,6.1393
43106,1.086,8.28313
43107,1.08809,5.66125
43108,1.08876,5.77858
43109,1.08857,5.47373
43111,1.08882,7.73629
43112,1.08916,7.76257
43113,1.08922,7.62061
43114,1.08839,8.05223
43115,1.0886,8.01226
43118,1.08891,7.95465
43121,1.08845,7.97322
43122,1.08905,7.39883
43123,1.08861,7.59522
43124,1.08835,7.43865
43126,1.08876,7.53904
43128,1.087,8.47399
43129,1.08546,9.06991
43130,1.08713,8.43658
43131,1.08721,8.42329
43132,1.08722,8.4024
43133,1.08746,8.30969
43134,1.08193,9.60045
43137,1.08905,7.90234
43138,1.0892,7.88345
43139,1.0897,7.69249
43140,1.08853,8.03963
43141,1.08654,8.6051
43149,1.08836,9.30756
43150,1.08447,10.9907
43151,1.08558,8.7638
43154,1.08541,3.59939
43155,1.08136,2.36046
43156,1.07327,2.51323
43157,1.09406,7.85216
43158,1.08928,6.15434
43160,1.09003,3.49803
43161,1.08769,3.61433
43162,1.08668,3.51696
43163,1.08648,4.4025
43164,1.08867,4.97115
43165,1.08996,4.9758
43166,1.08882,4.66454
43167,1.08889,4.52071
43168,1.06695,1.66023
43169,1.07761,0.32851
43171,1.06928,1.73818
43174,1.07622,0.394951
43176,1.07618,0.0746573
43177,1.07497,0.099385
43180,1.07602,0.328147
43182,1.08197,3.22666
43186,1.08414,6.84429
43187,1.09364,7.71895
43188,1.09338,7.59519
43190,1.08857,7.6003
43192,1.07667,23.7291
43193,1.06285,23.7049
43194,1.07691,23.6027
43195,1.07721,23.4424
43196,1.07712,23.498
43197,1.07733,23.3185
43198,1.0809,21.9166
43199,1.06459,21.2672
43200,1.0785,22.8089
43203,1.0696,25.5505
43204,1.04963,25.226
43205,1.05516,24.6721
43208,1.07066,6.6182
43210,1.07088,7.50269
43211,1.07094,7.58128
43213,1.07096,8.10846
43214,1.07096,7.81748
43215,1.0711,8.04287
43216,1.07112,7.96011
43217,1.07094,7.31649
43218,1.07106,7.61667
43219,1.07111,7.90227
43220,1.07064,6.95971
43221,1.07121,8.52601
43222,1.07124,8.50142
43225,1.07111,8.61201
43228,1.07033,8.19935
43230,1.07117,8.43114
43233,1.07103,8.65633
43234,1.0711,8.30174
43235,1.07108,8.41649
43236,1.06916,14.7965
43238,1.06776,11.6355
43239,1.07038,8.3201
43240,1.07054,7.53995
43244,1.07052,7.39779
43245,1.07034,7.45874
43248,1.07036,8.15651
43251,1.07041,7.40648
43253,1.07085,7.5129
43254,1.0709,7.52915
43258,1.0707,7.43273
43264,1.07113,8.60734
43266,1.06666,12.3431
43267,1.07034,7.27051
43268,1.07032,6.03023
43270,1.0709,6.62117
43271,1.07067,6.59955
43272,1.07071,6.86508
43275,1.06842,6.06959
43276,1.06502,9.49704
43279,1.07032,5.77177
43280,1.06818,7.61118
43283,1.06941,13.3738
43284,1.07084,14.2811
43285,1.06769,15.5759
43286,1.06035,16.9864
43289,1.06535,16.5105
43290,1.06529,15.7343
43291,1.06928,13.888
43293,0.999789,4.39234
43296,1.00962,11.0768
43302,1.08729,8.9629
43303,1.08065,8.40199
43304,1.08501,10.1405
43305,1.08585,11.5639
43311,1.0552,10.6059
43312,1.05593,12.1095
43313,1.05,15.38
43315,1.03968,12.5115
43316,1.0402,10.3796
43320,1.05753,6.21473
43321,1.05742,6.26266
43323,1.05638,6.29874
43324,1.0569,6.29003
43327,1.05726,6.16652
43328,1.05962,6.17725
43330,1.05982,6.24376
43331,1.06073,6.17461
43332,1.05932,6.38766
43333,1.07397,6.77163
43334,1.05798,6.73874
43335,1.05741,6.34184
43336,1.0566,7.2267
43338,1.05687,6.20735
43339,1.05589,6.51622
43341,1.09763,8.60477
43344,1.07601,6.90165
43345,1.06347,6.19174
43346,1.06238,6.13055
43348,1.05731,6.4746
43350,1.05835,8.60321
43351,1.05504,7.00034
43352,1.05479,7.99868
43353,1.05933,6.08635
43354,1.05399,6.03653
43356,1.03415,1.50546
43357,1.04208,0.546196
43359,1.04797,0.70138
43361,1.03242,1.57389
43363,1.05552,7.62072
43364,1.05531,7.15747
43367,1.05616,10.1805
43368,1.05601,6.56932
43369,1.05949,11.4542
43371,1.05961,11.7597
43372,1.05715,11.8994
43373,1.05779,12.4126
43374,1.05802,12.7127
43375,1.05785,12.3333
43376,1.01946,11.8566
43377,0.999053,11.0974
43378,1.01767,12.0879
43379,1.01608,12.1767
43380,1.01506,11.6631
43381,1.01436,11.916
43382,1.04197,8.24872
43384,1.04015,9.61413
43386,1.04497,7.35923
43387,1.01511,9.20075
43388,1.01923,12.2563
43389,1.00838,5.36831
43390,0.99905,5.93583
43391,0.993269,7.34569
43392,0.991912,9.21665
43393,0.992142,7.69857
43394,0.992445,7.86967
43397,1.00626,8.13696
43398,1.0116,10.9605
43400,1.00448,9.11625
43401,1.00506,8.48947
43403,1.09377,15.1628
43404,1.09138,15.598
43405,1.0861,15.6752
43406,1.06978,17.3098
43407,1.08782,20.6306
43410,1.08631,18.439
43411,1.07658,16.858
43415,1.08523,20.5327
43416,1.08303,17.9656
43417,1.08372,18.1944
43418,1.02037,12.0211
43420,1.04192,14.1185
43421,1.02371,12.9827
43422,1.05624,12.9168
43423,1.05168,12.7664
43424,1.06,9.67328
43425,1.05733,12.6398
43426,1.05197,2.71649
43427,1.05439,2.55428
43429,1.02519,8.66468
43430,1.02637,8.59772
43431,1.0279,8.62881
43432,1.02812,9.36492
43435,1.09541,14.778
43436,1.09882,11.4922
43437,1.09647,11.3428
43438,1.0794,13.921
43439,1.06114,12.3014
43440,1.06076,13.5321
43441,1.06135,12.3447
43442,1.05979,15.1453
43443,1.06107,13.2081
43444,1.06125,13.1085
43446,1.05214,21.3416
43447,1.05596,18.706
43448,1.07048,15.4625
43449,1.07953,14.2846
43452,1.04259,13.8455
43453,1.03105,13.9091
43454,1.01597,12.1065
43456,1.03337,1.58995
43457,1.02557,2.19596
43459,1.01798,3.16012
43460,1.0224,2.56266
43461,1.01941,2.7593
43462,1.02908,2.31502
43464,1.04304,1.63208
43465,1.04147,1.67649
43468,1.03911,1.64621
43469,1.03983,1.72869
43471,1.08722,8.6945
43472,1.08524,7.60028
43473,1.05639,2.98653
43474,1.04855,2.82508
43475,1.05411,2.84484
43476,1.07923,11.8614
43477,1.0853,13.7367
43478,1.09171,14.9108
43479,1.08061,13.7702
43480,1.05919,17.4172
43481,1.05728,17.8415
43482,1.05834,17.5917
43485,1.05783,18.1861
43487,1.05694,17.8728
43488,1.05576,18.3988
43489,1.05646,18.9779
43490,1.05572,19.4658
43492,1.02188,9.41211
43493,1.02209,8.37416
43494,1.01976,12.0491
43495,1.0209,9.14055
43496,1.08591,10.0996
43499,1.0861,10.0594
43501,1.08542,9.14116
43504,1.08612,9.09988
43505,1.08636,9.07314
43506,1.08694,9.1166
43507,1.08733,9.19213
43508,1.08663,9.07193
43509,1.08625,9.02233
43510,1.08253,9.09424
43511,1.08598,9.01785
43513,1.08721,10.259
43515,1.083,10.9175
43516,1.08307,9.23923
43517,1.08206,10.8353
43518,1.08207,11.2777
43519,1.08094,10.9066
43520,1.08455,10.5282
43521,1.09217,9.44226
43522,1.01379,8.80753
43523,1.01612,7.76881
43524,1.01865,7.95086
43525,1.0187,7.93428
43526,1.06342,8.9648
43527,1.06301,8.95332
43528,1.06017,11.3917
43530,1.05986,11.3726
43532,1.06331,9.46525
43533,1.0517,14.165
43534,1.0654,15.061
43535,1.05012,12.9127
43536,1.05182,14.0128
43537,1.05103,14.19
43539,1.02156,9.69616
43541,1.05839,21.5963
43544,1.0112,3.20603
43545,1.0106,3.44893
43546,1.00688,4.11102
43547,1.00245,5.11814
43548,1.06006,3.69633
43552,1.01881,2.95211
43553,1.01407,3.98181
43554,0.999582,4.35292
43555,1.02136,7.74903
43556,1.01877,6.95719
43561,1.08206,20.5623
43562,1.06487,19.3315
43563,1.0707,19.0138
43564,1.02153,4.88159
43565,1.02578,5.72352
43568,1.01218,4.96965
43569,1.01505,4.87671
43570,1.04919,20.4368
43571,1.04978,21.3046
43572,1.05009,21.7611
43573,1.04993,22.387
43575,1.07562,13.9701
43577,1.074,13.9691
43578,1.0733,14.4058
43579,1.06943,15.1919
43580,1.05618,18.0833
43583,1.01604,6.32417
43585,1.0125,5.37737
43586,1.01199,5.25963
43587,1.02052,11.5453
43588,1.0319,11.8089
43589,1.03218,11.9044
43592,1.05853,12.6247
43593,1.06418,14.0425
43596,1.06994,9.61892
43597,1.0708,9.98293
43598,1.07744,13.6887
43599,1.07935,14.0926
43600,1.05268,4.14564
43609,1.07943,11.8489
43610,1.08576,9.92862
43611,1.08432,10.7718
43612,1.08422,11.0743
43614,1.071,17.9728
43615,1.06987,17.6065
43616,1.07046,17.7704
43624,1.0731,19.6136
43625,1.07296,20.1103
43626,1.07224,18.506
43627,1.07944,18.8589
43628,1.07543,19.126
43629,1.07076,21.9068
43632,1.06764,15.7585
43634,1.0701,17.2475
43635,1.06952,16.3455
43636,1.08673,18.2104
43637,1.074,14.5008
43638,1.07391,13.3779
43640,1.07545,14.7502
43641,1.08431,13.3138
43642,1.08759,7.94395
43643,1.07576,6.74677
43644,1.08107,6.24204
43645,1.08512,6.01885
43647,1.04557,13.5083
43650,1.0323,12.3139
43651,1.0311,12.2422
43653,1.07455,17.9151
43654,1.06313,17.8984
43656,1.08738,14.324
43657,1.08822,15.574
43658,1.07993,18.0598
43659,1.07984,18.1877
43660,1.07872,18.3418
43663,1.06361,16.7581
43666,1.05368,17.7103
43668,1.06031,16.7301
43669,1.06794,15.5242
43671,1.06963,15.4806
43672,1.06785,15.5049
43673,1.0672,15.6229
43674,1.06058,16.5869
43676,1.05893,16.3075
43679,1.06023,15.6017
43680,1.0579,16.7831
43681,1.05693,17.0026
43682,1.06129,15.7899
43683,1.06196,15.557
43684,1.06073,16.4579
43685,1.06627,15.4829
43686,1.06493,15.4784
43687,1.06238,15.5688
43688,1.06216,15.6228
43689,1.06115,16.1047
43691,1.05777,16.7963
43692,1.0604,15.6437
43693,1.06081,15.5244
43694,1.06079,16.2008
43695,1.06136,16.0789
43697,1.06132,16.0805
43698,1.05829,16.624
43699,1.06263,16.076
43700,1.06758,14.766
43701,1.05747,12.7932
43702,1.05997,15.5158
43703,1.08104,15.1527
43704,1.07272,15.4148
43705,1.05009,18.529
43706,1.06606,15.0782
43707,1.08768,15.1609
43708,1.05635,20.2764
43709,1.0691,17.2165
43710,1.054,19.5219
43712,1.06399,3.01733
43713,1.06782,3.11346
43714,1.06911,3.4242
43716,1.07335,13.4481
43717,1.06789,14.4983
43718,1.0324,1.70664
43719,1.02871,2.08772
43721,1.0805,3.72223
43722,1.07313,2.64062
43723,1.08633,3.09915
43725,1.08675,2.70786
43727,1.08668,2.77414
43728,1.07271,1.05552
43729,1.07629,0.334454
43730,1.07658,0.387862
43732,1.07363,1.3258
43736,1.05331,2.83116
43738,1.04384,3.10931
43739,1.05153,4.39771
43740,1.05299,3.10352
43743,1.05246,3.05838
43744,1.05229,4.16288
43745,1.05291,4.11527
43746,1.04281,20.3152
43751,1.0624,17.1908
43752,1.07523,16.3621
43753,1.06754,15.8595
43754,1.05395,17.6919
43756,1.05637,19.1378
43757,1.04715,17.9023
43758,1.0864,4.9491
43761,1.03838,18.8157
43763,1.04136,19.3372
43765,1.06058,17.5281
43766,1.06035,19.0537
43767,1.08598,18.0821
43768,1.04831,23.8855
43775,1.04019,9.86323
43776,1.04911,10.3824
43777,1.04933,9.08646
43779,1.05038,9.23028
43782,1.06075,20.0096
43784,1.06354,17.144
43787,1.01298,9.53752
43788,1.01954,8.0756
43789,1.01901,8.07525
43790,1.021,8.24597
43791,1.05609,15.3299
43793,1.06348,15.5575
43794,1.05778,15.1053
43795,1.05205,18.9893
43796,1.06285,15.8904
43797,1.02438,11.9994
43804,1.06316,2.41362
43805,1.08229,5.4097
43806,1.06042,2.84423
43807,1.0615,2.85163
43808,1.05823,2.8365
43809,1.05689,2.62493
43810,1.05796,3.19609
43811,1.05136,2.00703
43812,1.05239,2.1289
43813,1.04896,2.13186
43814,1.05073,1.95648
43815,1.05053,1.8557
43816,1.05806,1.46535
43817,1.05886,1.51898
43818,1.05991,1.62197
43819,1.05552,2.43703
43821,1.0654,2.98985
43823,1.06213,2.297
43824,1.05905,2.34267
43825,1.0644,2.61992
43826,1.05565,2.42082
43827,1.06344,1.67304
43829,1.063,1.52499
43830,1.05963,1.43352
43831,1.05951,1.36809
43832,1.06059,1.35905
43833,1.06271,1.4539
43834,1.06397,2.62489
43835,1.06265,2.54093
43836,1.06219,1.38623
43837,1.06259,1.32496
43838,1.0635,1.54707
43840,1.06396,2.52126
43841,1.06397,2.54882
43843,1.06331,1.464
43844,1.06368,1.5825
43845,1.06347,1.48487
43848,1.06431,2.86602
43849,1.06237,2.14084
43851,1.06605,2.59812
43852,1.06515,2.75703
43853,1.06463,2.64455
43854,1.05082,3.37846
43856,1.05362,2.24357
43857,1.0565,3.53132
43858,1.05372,2.28262
43859,1.05405,2.41252
43860,1.0542,2.54078
43861,1.05498,3.58033
43862,1.05556,3.65749
43864,1.04999,1.73112
43865,1.04433,1.60225
43866,1.04876,1.82852
43867,1.0503,1.7766
43870,1.05908,3.65313
43871,1.06012,3.07921
43874,1.05975,3.41885
43875,1.06077,3.06964
43876,1.05346,2.46388
43877,1.06137,2.654
43884,1.05753,1.28021
43885,1.05586,1.28475
43887,1.04698,1.65586
43888,1.05724,1.43465
43889,1.04477,1.6336
43890,1.04751,1.77414
43891,1.0466,1.68754
43892,1.04003,1.20605
43893,1.0393,1.29987
43895,1.06294,1.36373
43896,1.0478,2.04159
43897,1.05477,3.47483
43899,1.04975,24.2398
43902,1.02456,16.6836
43905,1.02049,13.4873
43906,1.05225,26.3808
43918,1.05059,26.9911
43919,1.05226,26.4684
43920,1.05052,27.0352
43921,1.0499,28.3979
43927,1.05086,27.3544
43931,1.0139,7.4367
43932,1.04263,8.38994
43936,1.01268,12.2807
43938,1.01739,12.2476
43939,1.05652,18.6773
43940,1.0605,16.1842
43941,1.06082,15.2193
43942,1.06059,16.6569
43945,1.06147,15.3687
43948,1.06018,15.4573
43949,1.06015,15.4235
43950,1.05873,16.2614
43951,1.05916,16.2235
43959,1.06166,15.3926
43960,1.06153,15.3374
43961,1.05922,16.2345
43962,1.05879,16.2688
43965,1.06139,15.277
43966,1.05918,16.2951
43967,1.06011,16.2704
43971,1.06022,16.3122
43972,1.05994,16.2902
43974,1.06002,16.2762
43977,1.0581,16.18
43978,1.05864,16.0645
43979,1.05891,15.9882
43980,1.05957,15.5763
43981,1.05978,15.5257
43982,1.05944,15.912
43983,1.05901,16.1313
43984,1.05996,15.4232
43985,1.05965,16.1998
43991,1.06909,16.8402
43992,1.07012,15.4688
43993,1.06899,15.8424
43994,1.05945,14.8579
43996,1.06709,17.1265
43997,1.03215,2.44177
44004,1.03806,0.724265
44006,1.0359,2.08455
44007,1.03681,1.16532
44011,1.04351,2.14054
44013,1.03297,2.97057
44014,1.0372,1.84778
44015,1.01564,4.06136
44016,1.02361,3.14173
44021,1.04675,5.59667
44022,1.04517,6.72873
44023,1.0596,12.0729
44024,1.0623,13.3762
44025,1.06373,15.3037
44027,1.01786,4.08129
44028,1.03025,3.76438
44029,1.01723,4.04936
44030,1.09147,11.0587
44036,1.08699,8.33495
44042,1.08683,8.88677
44049,1.1,6.24561
44053,1.06386,3.65336
44056,1.09075,10.2458
44057,1.08062,13.8326
44060,1.07796,5.3383
44061,1.06676,3.90631
44063,1.01442,4.36237
44064,1.01427,4.53457
44065,1.0142,4.74543
44067,1.01493,2.48247
44068,1.01514,3.04775
44069,1.0152,3.33591
44071,1.01391,1.85897
44072,1.01168,6.15334
44073,1.01519,4.28763
44074,1.01544,2.03722
44075,1.07949,19.2259
44078,1.05751,15.1711
44079,1.05838,13.7614
44080,1.05826,13.3762
44082,1.05772,12.8454
44096,1.0649,18.9163
44098,1.06535,18.8504
44100,1.06415,18.9834
44102,1.06379,19.2308
44104,1.05815,19.6474
44106,1.06185,20.2271
44107,1.06732,18.212
44108,1.07102,20.641
44109,1.08118,21.764
44110,1.07441,20.7394
44111,1.04891,13.7551
44113,1.02735,8.91653
44114,1.02221,8.61022
44115,1.02342,8.42637
44116,1.03565,25.0544
44117,1.02385,28.0528
44118,1.03942,23.5766
44120,1.06222,22.5029
44121,1.0498,22.4812
44122,1.0787,29.2844
44123,1.07857,28.8618
44126,1.07129,24.9243
44131,1.07094,24.7719
44132,1.07154,25.8552
44133,1.07151,25.5221
44140,1.07304,28.4504
44141,1.07257,28.4001
44145,1.07457,28.5786
44146,1.06999,26.0376
44147,1.06717,25.4093
44148,1.0675,25.4926
44150,1.07122,25.2992
44151,1.07176,25.8329
44152,1.06831,25.8652
44153,1.06857,25.7647
44154,1.07411,28.0739
44155,1.07382,28.0614
44156,1.07364,28.0969
44157,1.07287,28.619
44160,1.07263,28.1293
44164,1.07342,28.1345
44165,1.07279,28.6489
44167,1.07287,27.6698
44171,1.07154,28.5566
44181,1.07125,27.9443
44182,1.07069,26.2377
44186,1.07218,26.5536
44187,1.07085,26.6344
44188,1.07048,26.5248
44189,1.07143,27.1214
44191,1.06629,37.4739
44192,1.07123,27.7069
44193,1.07141,28.0065
44194,1.07087,27.1176
44195,1.07074,26.8107
44196,1.07044,26.5526
44197,1.06981,25.7009
44198,1.07026,26.1591
44199,1.07076,25.4011
44201,1.0712,25.7854
44202,1.07228,26.0805
44203,1.07032,26.1687
44204,1.07209,24.5709
44208,0.988955,12.6877
44209,0.990572,12.6141
44210,0.989381,12.198
44211,0.98818,11.8573
44212,0.98876,12.5308
44213,0.989475,12.5823
44214,0.984663,13.8744
44215,1.01009,21.5389
44217,0.988712,25.9408
44218,0.989651,25.622
44222,1.00386,22.384
44223,0.994279,25.9829
44224,0.987576,27.0468
44225,1.08446,26.7649
44227,1.07277,24.1684
44230,1.08,27.6041
44231,1.07904,28.4883
44235,1.03288,15.8345
44236,1.03485,17.4855
44237,1.0715,15.8541
44238,1.05502,16.9267
44239,1.05361,17.3509
44240,1.05396,16.9682
44241,1.05417,16.8442
44243,1.05363,16.8714
44245,1.03738,9.21629
44246,1.03547,8.858
44247,1.05347,16.8207
44248,1.05411,15.613
44249,1.0522,16.3106
44250,1.04898,15.8966
44251,1.03385,8.7486
44254,1.03689,9.31475
44255,1.03691,9.34181
44256,1.0352,8.72683
44257,1.03656,10.7608
44258,1.03678,9.41708
44259,1.03393,12.3503
44260,1.0366,10.0144
44261,1.05211,9.69606
44262,1.05714,8.39283
44263,1.05724,7.91082
44264,1.07071,8.20604
44265,1.07144,8.6116
44267,1.0595,9.65541
44269,1.03702,20.6091
44270,1.06457,23.5671
44271,1.07497,24.1556
44273,1.08562,26.5431
44274,1.08437,26.37
44275,1.08521,26.5233
44277,1.08546,26.5312
44279,1.08658,26.7691
44281,1.08682,26.8112
44282,1.08463,28.0441
44283,1.09019,26.3714
44284,1.0677,24.1474
44285,1.03542,19.6513
44286,1.03556,22.1256
44287,1.01875,27.9718
44289,1.01146,28.6
44290,1.01387,26.0545
44291,1.01729,24.592
44292,1.01993,24.0526
44294,1.02476,25.1049
44297,1.04913,16.6766
44300,1.05223,17.8373
44304,1.07815,24.4469
44305,1.07166,24.8186
44306,1.07729,24.1823
44307,1.07516,24.4908
44308,1.07458,24.5561
44309,1.0833,23.185
44310,1.09158,21.0165
44311,1.00054,15.4574
44312,1.00049,14.9037
44313,1.00056,14.9141
44320,1.0006,15.5242
44322,0.993589,13.1712
44325,0.988658,17.9106
44330,1.02521,12.8779
44331,1.01747,12.5727
44333,1.02715,24.1731
44334,1.02791,23.2662
44335,1.02797,22.6759
44336,1.03227,22.4205
44337,1.03403,22.4077
44338,1.04182,22.1268
44339,1.04641,21.6733
44340,1.02844,23.2235
44342,1.03037,22.0472
44343,1.02898,23.06
44344,1.0305,22.268
44345,1.03039,22.1545
44346,1.031,22.2121
44347,1.05175,21.9274
44348,1.0261,23.1485
44349,1.06704,23.7826
44350,1.06705,23.8028
44351,1.06734,23.8153
44353,1.06762,23.8252
44354,1.06696,23.8133
44355,1.0663,23.5223
44356,1.06624,23.5139
44357,1.06775,23.8427
44358,1.06821,23.8935
44359,1.06807,23.9039
44360,1.07049,24.0256
44362,1.06717,23.8264
44363,1.06766,23.8002
44365,1.06978,23.9488
44366,1.06977,23.6559
44367,1.06659,23.9565
44368,1.06535,24.695
44369,1.06513,24.7192
44370,1.06638,23.9627
44372,1.06446,26.6661
44373,1.06597,25.8556
44375,1.06386,24.6163
44377,1.0648,24.8177
44379,1.06204,25.3159
44380,1.0652,24.4033
44381,1.06516,24.2999
44382,1.06561,24.1185
44384,1.06576,24.0603
44385,1.06508,24.1852
44386,1.06595,24.0266
44387,1.06414,24.4892
44389,1.06377,24.7038
44390,1.0635,24.849
44396,1.06374,24.6725
44397,1.06821,27.2134
44399,1.06323,24.905
44400,1.06316,25.1943
44403,1.06441,24.4746
44409,1.07973,22.8555
44410,1.07932,22.7844
44411,1.07914,22.8589
44412,1.07909,22.7878
44413,1.07917,22.7644
44414,1.08057,23.0638
44415,1.08167,22.8147
44416,1.06521,24.2982
44419,1.06676,24.0225
44420,1.07457,23.6286
44422,1.07848,22.9812
44423,1.0824,22.5739
44424,1.08159,22.8562
44425,1.08367,22.4279
44426,1.08215,22.5589
44429,1.0785,24.4089
44430,1.06792,23.8533
44432,1.07464,23.6158
44433,1.06817,23.8073
44434,1.06861,23.7897
44436,1.07182,23.9955
44440,1.07083,24.1191
44441,1.08121,22.8107
44442,1.08335,22.6313
44443,1.08626,22.3181
44445,1.07283,18.934
44446,1.08008,17.2229
44447,1.08764,20.1534
44448,1.07023,19.8008
44449,1.04613,18.4426
44450,1.05157,18.6077
44453,1.06084,20.6516
44454,1.05573,19.3598
44456,1.0619,20.3641
44457,1.05204,18.9541
44458,1.0315,9.81308
44459,1.03143,9.1542
44461,1.02721,9.01588
44463,1.03278,10.4026
44464,1.0718,24.1719
44466,1.06452,21.2099
44467,1.06362,21.0496
44468,1.06195,19.7709
44470,1.0985,17.9415
44471,1.09828,15.7872
44472,1.09226,17.5116
44474,1.1,17.0599
44475,1.09931,17.0084
44477,1.09819,16.9449
44479,1.07601,18.7671
44480,1.08146,24.2292
44481,1.08212,24.1427
44482,1.08067,24.1364
44486,1.08255,22.7033
44488,1.07118,21.509
44489,1.07708,21.9823
44490,1.02266,15.0395
44492,1.07132,25.0378
44494,1.07124,24.9949
44495,1.06916,25.3061
44497,1.0689,25.3194
44500,1.06812,24.1389
44503,1.06879,24.3036
44504,1.06742,23.9806
44509,1.06601,23.8805
44511,1.06585,24.0285
44512,1.06574,23.9227
44513,1.06563,23.87
44514,1.06682,23.7587
44515,1.06492,23.8299
44516,1.06484,23.7693
44518,1.06492,23.889
44521,1.06484,24.3822
44528,1.06626,27.0464
44529,1.06902,24.4415
44530,1.07163,28.4881
44531,1.07216,28.3434
44532,1.07415,27.4189
44533,1.07243,28.2568
44534,1.07195,28.3904
44535,1.07269,27.1578
44539,1.07463,27.1918
44541,1.07353,26.651
44542,1.07335,26.5653
44543,1.07369,26.7479
44544,1.07383,26.8452
44546,1.07018,25.789
44547,1.07115,26.0538
44549,1.07513,27.0665
44555,1.07129,27.2039
44558,1.07105,27.2166
44560,1.07084,27.2722
44569,1.07135,27.5668
44571,1.07198,27.6826
44574,1.07686,29.4641
44576,1.07224,27.5763
44577,1.07267,27.6741
44578,1.0725,26.5554
44579,1.07253,27.7533
44580,1.07264,26.9115
44581,1.07283,27.0288
44584,1.07273,28.6678
44585,1.07352,27.3357
44589,1.07329,27.2651
44590,1.07338,27.3386
44591,1.0736,27.44
44595,1.06457,24.6046
44596,1.06479,24.7395
44597,1.065,24.8386
44599,1.06446,24.6443
44600,1.06447,24.7139
44601,1.05882,25.8229
44602,1.06448,24.8306
44603,1.06447,24.9687
44604,1.06325,25.1393
44605,1.06386,25.1156
44606,1.07098,28.6901
44607,1.06453,25.114
44608,1.07416,27.8046
44609,1.07396,27.6489
44610,1.07377,27.51
44612,1.07515,27.9956
44617,1.07609,28.1239
44618,1.07263,28.6752
44619,1.07239,28.7049
44620,1.07673,28.4084
44622,1.07664,29.55
44625,1.07322,28.9344
44628,1.0767,29.8002
44629,1.07673,29.6421
44634,1.07694,29.4625
44637,1.07668,29.4675
44639,1.07516,28.1304
44641,1.07657,29.4692
44645,1.07723,29.4569
44646,1.07714,29.4586
44648,1.07727,29.4739
44654,1.07435,30.9297
44662,1.07486,27.588
44666,1.0735,28.1197
44670,1.07958,28.875
44671,1.07995,29.0808
44673,1.075,27.4346
44674,1.07448,27.3339
44675,1.07446,27.5071
44676,1.07204,28.4077
44677,1.07265,28.592
44679,1.07142,28.5933
44680,1.07474,27.5213
44681,1.07453,27.4337
44682,1.07432,27.4167
44683,1.07187,28.1424
44684,1.0709,28.2767
44685,1.07123,28.1741
44688,1.07407,28.6525
44690,1.07711,29.1399
44691,1.07564,28.9039
44693,1.07547,25.6039
44694,1.07647,26.1852
44695,1.08143,28.7913
44698,1.08415,26.2181
44701,1.08452,26.3091
44702,1.08438,26.3181
44704,1.08406,26.2058
44705,1.08428,26.2547
44706,1.07026,24.0113
44707,1.07118,24.9784
44708,1.07077,24.8899
44709,1.06957,25.3306
44713,1.0688,25.3453
44715,1.06996,24.6841
44720,1.06946,24.5728
44722,1.06885,24.3895
44723,1.06851,24.2418
44725,1.06803,24.1302
44728,1.069,24.4279
44729,1.06892,24.4033
44730,1.06743,24.091
44731,1.07429,24.0617
44732,1.06863,26.8756
44733,1.06748,23.9949
44734,1.06683,23.8697
44735,1.06849,24.2472
44736,1.06915,26.9623
44738,1.06705,23.9374
44742,1.06678,23.9108
44744,1.06668,23.8055
44749,1.06651,23.8834
44752,1.06657,23.7517
44753,1.06473,23.411
44756,1.06679,23.7563
44757,1.06677,23.7547
44759,1.06668,23.7518
44760,1.07138,25.9492
44761,1.06539,23.9581
44762,1.06539,23.936
44763,1.06498,23.8558
44764,1.06679,23.7569
44765,1.0718,26.1837
44766,1.06503,23.9017
44767,1.06474,23.8421
44773,1.06477,23.9045
44779,1.06471,24.0989
44782,1.07196,30.3184
44783,1.06828,24.1886
44785,1.06604,23.8491
44786,1.06626,23.8386
44787,1.06622,23.865
44788,1.06882,24.3961
44789,1.06808,24.1449
44790,1.07205,25.8973
44792,1.07816,26.5571
44793,1.07873,24.7113
44794,1.0766,27.0967
44795,1.0759,27.4428
44797,1.02015,22.8467
44798,1.02206,25.3452
44800,1.02163,20.0098
44801,1.02148,20.4379
44805,1.09023,22.4581
44807,1.07983,25.1484
44808,1.08096,26.5217
44809,1.08144,25.9726
44812,1.00732,32.6557
44814,0.997507,30.4838
44815,0.999356,29.4211
44816,1.01104,33.2116
44818,1.01021,35.3293
44819,1.00883,33.5289
44820,1.00324,31.915
44821,0.994613,29.892
44822,1.03916,13.7143
44823,1.01936,10.5894
44826,1.08752,18.8353
44827,1.05811,18.5758
44828,1.06135,18.1234
44829,1.09226,16.4855
44831,1.06347,21.8294
44833,1.0629,21.1267
44834,1.06181,20.5908
44837,1.05982,20.113
44840,1.04569,13.9051
44841,1.05785,19.5532
44843,0.98391,11.7409
44847,1.00221,29.6494
44848,1.03712,18.1016
44849,1.03804,18.3995
44850,1.0507,19.2468
44851,0.915667,18.2055
44855,1.07599,16.1992
44856,1.06282,17.251
44857,1.06762,15.4292
44858,1.07225,15.298
44859,1.06698,15.4732
44861,1.03988,19.7204
44862,1.03618,20.0312
44863,1.03892,17.7798
44866,1.0395,17.1876
44867,1.03843,17.9157
44868,1.03556,17.8018
44871,1.04841,12.1066
44872,1.0484,13.0745
44874,1.04783,12.324
44877,0.988006,14.5906
44878,0.984486,15.6825
44881,0.982037,10.9447
44882,0.983329,11.2601
44883,1.01674,7.99373
44884,1.01274,7.94646
44885,1.0156,7.90884
44886,1.01251,8.55755
44887,1.01256,8.53467
44888,1.01733,8.78571
44892,1.06052,24.7569
44894,1.06817,22.537
44895,1.08838,28.4693
44896,1.08883,26.3885
44897,1.08294,29.2303
44898,1.08286,28.4739
44899,1.07973,21.9126
44900,1.07793,22.9055
44901,1.08654,24.2783
44903,1.03477,22.7615
44904,1.0261,24.5333
44905,1.06092,22.6951
44906,1.06789,23.0286
44907,1.03477,23.088
44908,1.03481,22.9542
44909,1.06639,23.4463
44910,1.07295,17.0903
44911,1.07285,17.1592
44912,1.0729,17.1163
44913,1.07282,17.2769
44914,1.07241,17.5744
44915,1.07293,17.2636
44916,1.07358,17.4966
44917,1.0705,19.1472
44918,1.07004,20.6344
44919,1.06516,20.4616
44920,1.06409,23.5966
44925,1.05848,14.2574
44926,1.06162,16.9715
44927,1.06133,15.4269
44930,1.05386,16.9799
44931,1.02831,11.5392
44933,1.05612,9.82387
44934,1.02312,12.9685
44939,0.998159,15.9195
44941,1.06377,23.167
44942,1.06378,23.2711
44945,1.06171,22.7344
44946,1.0637,23.0103
44948,1.06352,22.8715
44949,1.06329,23.1333
44952,1.06255,22.9808
44956,1.05993,22.8358
44957,1.06271,22.8375
44961,1.06383,23.4067
44963,1.06595,23.439
44967,1.06765,20.8354
44968,1.06115,22.7233
44969,1.06441,22.195
44970,1.06192,22.6704
44972,1.065,22.6581
44976,0.986372,11.1035
44977,1.01561,18.8274
44978,1.02492,17.791
44980,1.02673,15.2815
44981,1.02575,13.8579
44983,1.02913,14.6226
44984,0.998009,12.2031
44985,1.03137,17.7194
44987,1.04602,18.4581
44988,1.00673,13.155
44992,0.983188,12.4185
44995,1.08282,8.9785
44996,1.08676,9.52995
44997,1.09724,10.4962
44998,1.08404,10.0422
44999,1.1,12.9703
45000,1.08479,15.1065
45001,1.06987,16.816
45002,1.08675,16.233
45003,1.02941,18.6721
45004,1.02333,18.1504
45005,1.02359,18.0817
45006,1.02465,17.9041
45007,1.03003,19.5193
45012,0.990461,14.5492
45014,0.991534,13.9405
45015,0.992373,14.5816
45016,0.994888,16.5839
45017,0.9907,15.9092
45018,1.06117,19.8976
45019,1.06353,20.1059
45020,1.05649,19.1201
45021,1.06096,19.6207
45022,1.06733,23.9922
45023,1.06558,23.723
45025,1.06534,23.5085
45026,1.06529,23.4795
45027,1.06571,23.8229
45029,1.06457,23.5108
45031,1.06399,23.6491
45034,1.06513,23.4299
45035,1.06506,23.4319
45037,1.06538,23.3832
45038,1.06566,23.8822
45040,1.06521,23.4179
45041,1.0651,23.3786
45042,1.06533,23.798
45046,1.06737,23.9934
45047,1.06706,23.9016
45048,1.06576,23.3435
45049,1.06561,23.3347
45053,1.06517,23.3033
45055,1.06533,23.854
45056,1.06533,23.8173
45057,1.06644,23.3567
45058,1.06682,23.8212
45059,1.06671,23.7725
45061,1.06598,23.8117
45062,1.06544,23.2514
45063,1.06491,23.2246
45064,1.06491,23.2064
45065,1.06601,23.8227
45067,1.06613,23.2284
45068,1.06676,23.6944
45069,1.06512,23.3446
45070,1.0648,23.2067
45071,1.06468,23.1727
45072,1.06465,23.1674
45074,1.06666,23.7549
45075,1.06677,23.7934
45076,1.06631,23.4187
45077,1.06677,23.788
45079,1.06508,23.2211
45080,1.06556,23.4202
45082,1.06642,23.8134
45084,1.06682,23.7165
45086,1.06673,23.7729
45087,1.06675,23.7813
45089,1.06685,23.8046
45090,1.06599,23.6903
45091,1.06595,23.6606
45092,1.06699,23.8075
45094,1.06706,23.7677
45096,1.06449,23.2435
45097,1.06677,23.7917
45098,1.06889,25.1765
45099,1.06761,24.6652
45100,1.06453,25.0994
45101,1.06437,25.431
45102,1.06386,25.5025
45103,1.06037,26.3695
45104,1.06091,26.3527
45105,1.06305,24.4119
45106,1.06464,25.4176
45107,1.06197,26.3881
45108,1.06497,25.4287
45109,1.06681,25.5876
45110,1.06646,25.5337
45111,1.06514,25.0045
45114,1.07075,26.7364
45115,1.07003,26.6165
45116,1.06975,26.5884
45117,1.0716,27.1624
45120,1.07138,26.8701
45121,1.07162,27.5743
45122,1.07134,26.9806
45123,1.07149,27.4304
45126,1.06847,30.1096
45132,1.06683,24.6484
45133,1.06595,24.4685
45134,1.06522,24.3328
45135,1.06577,23.8623
45137,1.0662,24.1694
45138,1.06587,23.9286
45141,1.06491,24.3204
45142,1.06505,24.5302
45145,1.064,24.1956
45147,1.0632,24.2127
45148,1.06335,23.8401
45149,1.06414,23.9693
45150,1.06428,23.3685
45151,1.06452,23.2463
45152,1.06287,24.253
45153,1.06261,24.3067
45154,1.0632,23.9705
45155,1.06559,23.8912
45157,1.06663,23.7498
45158,1.06681,23.8835
45159,0.982426,13.8034
45160,0.981667,12.7476
45161,1.03847,12.1098
45162,1.03872,12.1419
45164,1.03199,12.6408
45165,1.04111,14.1901
45166,1.02938,12.6072
45167,1.04959,11.5957
45169,1.05566,18.8821
45170,1.04368,14.6493
45172,1.04149,11.7652
45173,1.08339,23.4464
45174,1.08415,21.051
45176,1.08505,19.5213
45181,1.08439,22.1117
45182,1.08271,20.6238
45183,1.08342,19.951
45185,1.08341,20.1149
45186,1.05771,14.2548
45187,1.06696,13.0485
45188,1.0703,12.2222
45195,1.05323,6.23015
45196,1.05251,7.37988
45197,1.05249,7.02603
45199,1.05391,6.33683
45200,1.05416,6.37655
45206,1.05447,6.4248
45208,1.05462,6.44748
45215,1.05673,5.56532
45216,1.05676,6.12838
45220,1.05699,6.07397
45221,1.05714,6.09431
45222,1.05142,9.23242
45223,1.05681,6.18838
45224,1.0568,6.87364
45225,1.05207,8.32245
45226,1.03166,7.48144
45227,1.04275,5.15266
45228,1.0054,9.4968
45230,1.04867,12.8315
45231,0.998819,29.02
45232,0.951414,14.883
45233,1.00016,29.0312
45235,1.00051,29.2041
45236,1.00274,30.4237
45237,1.0002,29.0848
45238,0.99074,29.2483
45239,0.987553,28.6612
45240,0.984267,28.2228
45243,0.981421,27.8419
45250,0.906973,20.4997
45251,0.908224,19.4601
45257,1.05689,6.06258
45259,1.0568,5.43562
45260,1.07294,28.016
45261,1.07496,28.4746
45263,1.0721,26.9523
45264,1.07634,27.9191
45265,1.07377,27.1656
45266,1.06988,35.2836
45267,1.08207,28.5409
45269,1.08762,26.722
45270,1.08633,27.0898
45273,1.08039,28.8185
45274,1.07841,26.8793
45275,1.07669,28.3571
45276,1.0776,27.2276
45277,1.07765,27.0004
45278,1.08343,24.7138
45280,1.06547,17.5218
45281,1.07756,29.7905
45282,1.08165,28.4253
45283,1.07681,30.2897
45284,1.07701,29.0774
45285,1.07308,30.6367
45286,1.07342,30.3301
45287,1.07186,31.3609
45289,1.07315,30.9102
45291,1.07893,28.4306
45292,1.0507,18.4321
45293,1.04392,11.7432
45295,1.06095,17.5783
45298,1.07981,28.095
45299,1.07949,28.1906
45300,1.08004,27.9686
45301,1.07953,28.1957
45302,1.07945,28.2344
45303,1.08023,27.6474
45304,1.0794,28.286
45305,1.08072,27.7193
45306,1.07989,27.3789
45309,1.07544,25.3791
45310,1.08094,25.4096
45311,1.07918,24.7588
45312,1.07409,24.2879
45313,1.07546,23.0171
45314,1.0726,22.2021
45318,1.07935,28.4149
45319,1.07848,26.7669
45321,1.08166,27.5453
45323,1.06557,20.836
45325,1.08458,16.3461
45326,1.09526,15.4589
45327,1.09258,15.9954
45330,1.09122,16.7827
45332,1.09629,18.6825
45333,1.05272,18.4104
45334,1.05282,18.5107
45338,1.05714,18.4827
45339,1.05159,18.8201
45340,1.04695,18.0912
45341,1.04061,18.8763
45342,1.04739,19.0154
45343,1.03919,20.1566
45344,1.06187,20.3648
45345,1.05499,19.8399
45347,1.06832,21.2783
45348,1.03706,15.3626
45349,1.03327,15.4619
45350,1.08052,24.474
45351,1.07724,26.335
45352,1.0853,24.4977
45353,1.0722,23.738
45354,1.07476,24.7934
45355,1.0708,23.4892
45357,1.04055,17.8809
45358,1.03631,18.1175
45359,1.07558,15.2085
45360,1.09824,15.2954
45361,1.0922,15.2615
45363,1.09281,15.755
45364,1.06904,25.1395
45365,1.06932,24.6761
45367,1.06765,24.8022
45368,1.06546,25.1461
45369,1.06484,25.0967
45370,1.06198,26.0417
45371,1.05709,26.6648
45372,1.06404,25.2335
45373,1.06221,25.1108
45374,1.05725,26.2859
45375,1.05568,26.7909
45377,1.05932,25.4381
45379,1.05276,27.3232
45380,1.05133,27.5753
45381,1.05267,27.3187
45382,1.05478,26.8764
45383,1.05042,27.3494
45384,1.04795,28.0437
45388,1.0614,24.6056
45389,1.06198,24.6391
45391,1.06345,24.0391
45392,1.06397,23.9911
45393,1.06385,23.9928
45394,1.06452,23.2863
45395,1.06748,24.0379
45396,1.06278,24.2277
45397,1.06221,24.4255
45398,1.06186,24.5839
45399,1.06536,24.0988
45401,1.06403,23.5615
45402,1.06241,24.4899
45403,1.0639,23.719
45405,1.06359,24.4201
45406,1.06032,25.1849
45407,1.06435,24.4722
45408,1.07345,24.1439
45410,1.07317,24.1869
45411,1.07117,24.2628
45412,1.07047,24.0625
45413,1.07688,25.7451
45414,1.02387,10.9512
45415,1.02379,11.3045
45416,1.02935,8.55261
45418,1.0308,14.2212
45419,1.08247,22.7901
45420,1.08378,22.6486
45421,1.0759,23.6755
45422,1.07895,22.7469
45423,1.07897,22.713
45425,1.07621,23.8614
45426,1.07977,23.2896
45427,1.07433,23.7141
45428,1.06495,22.0023
45429,1.072,33.1774
45430,1.07189,30.9278
45431,1.0713,31.1439
45432,1.0719,30.8691
45434,1.07524,29.9657
45436,1.07537,29.7214
45437,1.07421,30.1218
45438,1.07421,30.3051
45440,1.0767,29.1853
45442,1.07618,27.1364
45444,1.03231,17.8207
45445,1.03809,16.4322
45446,1.04706,16.5846
45447,1.03904,19.0666
45448,1.04239,17.1072
45449,1.0484,18.2982
45463,0.944937,12.141
45465,1.07462,13.3771
45468,1.07465,14.629
45469,1.07642,14.2162
45471,1.08456,17.603
45472,1.07797,16.3811
45473,1.07509,16.1024
45474,0.968491,5.34904
45475,0.998937,2.87736
45476,0.982361,2.74492
45479,1.0722,3.96602
45480,1.0722,3.56729
45484,1.07214,3.45978
45486,1.07187,3.2417
45487,1.0721,3.39081
45488,1.07281,4.27063
45489,1.07164,4.55721
45491,1.07286,3.62403
45493,1.07263,3.55021
45495,1.07398,3.15
45499,1.07294,3.57759
45502,1.07585,3.88191
45503,1.07303,2.94466
45504,1.07348,1.78828
45505,1.07344,1.71679
45506,1.07296,2.69203
45507,1.07651,4.16504
45510,1.07173,4.15708
45513,1.07832,4.30204
45515,1.07505,3.75599
45516,1.07411,2.69822
45517,1.07277,3.53069
45518,1.07394,2.37699
45519,1.07372,2.17831
45521,1.07299,3.11405
45525,1.0715,2.76097
45526,1.0669,1.08307
45528,1.06983,3.27931
45533,1.08253,24.1289
45534,1.08291,23.3536
45535,1.08153,23.6832
45536,1.07988,25.8617
45537,1.08829,24.5187
45542,1.09782,13.9035
45543,1.0998,15.5795
45544,1.06779,2.61144
45546,1.05654,-1.66582
45547,1.05399,-1.39868
45549,1.05751,-0.345765
45551,1.09649,6.25266
45552,1.09402,6.78879
45553,1.05667,-0.215904
45554,1.05447,-1.46894
45555,1.06909,17.093
45558,1.06411,17.6492
45559,1.06794,18.2495
45560,1.06635,18.2605
45562,1.06502,17.4223
45563,1.06274,18.4034
45564,1.06742,16.8284
45565,1.06569,16.8671
45566,1.07511,18.4329
45568,1.07332,17.599
45569,1.0756,18.8802
45571,1.08333,18.018
45572,1.07966,19.5885
45574,1.09357,-3.54739
45575,1.09649,-3.78645
45577,1.08979,-2.93981
45578,1.08995,-2.98106
45579,1.08918,-3.30502
45580,1.08908,-3.00598
45582,1.0875,-1.90982
45591,1.09282,17.4233
45595,1.08131,-1.28375
45597,1.0814,-2.26047
45599,1.08159,-2.43695
45602,1.08182,-2.62365
45603,1.08139,-1.24853
45604,1.08185,-2.65242
45607,1.0818,-2.63333
45609,1.08121,-2.08914
45610,1.08021,-1.88207
45611,1.08078,-1.98119
45613,1.08305,-1.42272
45615,1.08287,-1.41566
45616,1.08261,-1.39013
45617,1.08263,-1.39009
45618,1.08187,-1.95913
45619,1.08215,-1.26171
45623,1.07654,-1.29608
45624,1.07643,-1.28324
45625,1.0766,-1.31814
45626,1.07622,-1.22089
45627,1.07608,-1.17272
45630,1.08387,-1.45623
45631,1.08437,-1.47319
45632,1.08413,-1.4804
45638,1.08679,-0.552692
45640,1.08757,-1.87043
45642,1.08437,-1.50481
45644,1.084,-1.99062
45647,1.08476,-1.41324
45648,1.08157,-2.03318
45651,1.08395,-1.97642
45652,1.08399,-1.93472
45653,1.09468,1.30498
45654,1.08515,-1.39405
45657,1.08044,-0.816002
45659,1.08122,-1.32253
45661,1.0813,-1.79994
45665,1.09132,-1.74749
45666,1.09294,-1.64804
45668,1.08637,-1.66174
45669,1.08928,-1.95096
45672,1.09003,-2.47344
45673,1.08962,-2.40659
45674,1.08955,-2.20093
45677,1.09089,-2.09063
45678,1.08968,-2.09691
45679,1.08664,-1.68828
45680,1.08768,-1.9622
45681,1.08284,-1.42113
45682,1.07955,-1.40671
45683,1.0812,-1.25998
45684,1.07685,0.273829
45685,1.07765,-0.142422
45686,1.07892,-0.462082
45688,1.0729,2.93695
45691,1.07895,-1.01679
45692,1.07223,0.908613
45693,1.08743,-1.67109
45694,1.09274,-2.13292
45695,1.09347,-1.93921
45697,1.08319,-1.45282
45698,1.05828,2.32134
45699,1.06338,1.27343
45700,1.07488,0.395777
45701,1.068,0.558649
45704,1.06941,0.493431
45705,1.07556,-0.289744
45706,1.07612,-0.385952
45708,1.06809,-0.0939822
45709,1.06548,0.283555
45710,1.06466,0.584843
45711,1.05568,1.21767
45712,1.07601,1.38034
45714,1.07694,-0.695664
45715,1.08547,-1.44776
45716,1.07034,0.677216
45717,1.07014,0.723597
45720,1.0624,-1.35484
45722,1.05629,-0.164971
45723,1.07636,1.08587
45724,1.07677,1.21672
45726,1.05075,-0.658483
45727,1.05791,4.70054
45728,1.05788,4.41033
45731,1.05716,4.83113
45733,1.05775,4.14531
45735,1.05838,5.68803
45740,1.06467,17.9485
45741,1.06681,17.7274
45742,1.07211,17.8643
45743,1.06918,17.6462
45744,1.08174,18.6935
45745,1.07029,17.6048
45746,1.07024,17.5676
45747,1.07749,18.6023
45748,1.07605,18.4419
45749,1.07276,18.0771
45750,1.07711,20.7463
45751,1.07544,18.2663
45752,1.06968,17.1584
45754,1.07019,17.2148
45756,1.07062,17.3265
45757,1.07328,17.9509
45758,1.07106,17.3854
45761,1.07048,17.1735
45762,1.07171,17.1778
45763,1.07189,17.0156
45764,1.07125,17.4427
45766,1.07038,17.1884
45770,1.06959,2.24908
45773,1.06962,2.21701
45774,1.06932,1.80989
45775,1.06918,0.832948
45777,1.06919,0.799619
45778,1.06929,0.782641
45780,1.07034,0.732266
45785,1.06771,1.77692
45786,1.06912,3.18295
45787,1.0724,5.30782
45788,1.05265,3.94228
45791,1.05192,10.4749
45793,1.09704,14.4135
45795,1.09461,12.479
45796,1.09773,14.3087
45797,1.1,11.841
45798,1.09154,8.99664
45799,1.09471,9.87107
45800,1.0911,9.46759
45801,1.08445,8.33821
45802,1.0851,8.31866
45803,1.0883,8.93127
45805,1.0726,1.60481
45806,1.0747,1.53585
45807,1.07006,2.1049
45808,1.04431,5.92201
45809,1.04565,5.66165
45811,1.07155,2.97084
45812,1.07187,3.95553
45819,1.07668,5.64215
45820,1.07915,9.76055
45821,1.05935,8.93211
45822,1.06694,6.62987
45824,1.06156,7.61343
45830,1.07801,20.4842
45831,1.08146,20.3477
45832,1.07851,21.4172
45833,1.07102,0.193391
45834,1.07002,0.757736
45835,1.0723,-0.121931
45836,1.1,-2.55927
45837,1.09986,-2.48652
45839,1.09354,-1.98961
45840,1.08029,0.429258
45843,1.0899,-1.35075
45844,1.08858,-1.34885
45845,1.08701,-1.97224
45846,1.08076,-0.470279
45847,1.08768,-1.39233
45848,1.08426,-0.924097
45850,1.07888,1.49304
45851,1.0768,0.538592
45852,1.07043,1.26452
45859,1.09448,14.3891
45860,1.09337,9.30743
45864,1.092,7.923
45865,1.09542,8.95251
45866,1.0965,8.75371
45868,1.09995,7.58832
45869,1.09985,7.48779
45871,1.09837,8.27859
45873,1.09704,8.62942
45874,1.09463,7.47852
45877,1.09964,7.38049
45879,1.09428,7.17659
45880,1.09462,7.3796
45882,1.09464,7.41578
45883,1.09459,7.48769
45884,1.09464,7.57942
45885,1.09878,7.7189
45886,1.09147,8.78277
45887,1.09508,7.14037
45888,1.09716,6.17485
45889,1.09891,4.88432
45890,1.09961,4.7412
45891,1.09929,5.1727
45892,1.09949,4.54068
45895,1.06707,1.12976
45896,1.06315,0.577019
45897,1.07752,4.71959
45898,1.08061,5.33222
45900,1.07901,26.3924
45901,1.08623,23.3283
45903,1.08044,24.1681
45907,1.08044,24.4425
45912,1.08268,20.4905
45914,1.08344,19.8328
45917,1.08382,22.6202
45919,1.08887,22.5502
45926,1.07699,8.23342
45927,1.06817,8.46372
45928,1.04758,8.74298
45939,1.06783,14.7988
45941,1.06919,15.6758
45942,1.07824,21.0179
45944,1.07709,21.2997
45945,1.08497,6.81565
45946,1.08495,6.14667
45947,1.08497,6.2099
45948,1.08548,6.86655
45949,1.08568,6.93022
45950,1.08576,6.5893
45951,1.08627,5.8685
45952,1.08639,5.78174
45954,1.08425,6.44236
45956,1.08487,6.7737
45957,1.08353,6.62347
45958,1.08373,6.78258
45959,1.08456,7.24743
45960,1.08951,8.21588
45961,1.08787,7.6913
45962,1.09356,11.0626
45963,1.0933,8.14779
45967,1.07952,22.4244
45969,1.07975,22.5637
45970,1.08165,23.4549
45972,1.08155,23.4927
45973,1.08151,23.5469
45974,1.08141,25.5607
45977,1.08228,24.4076
45978,1.08306,25.0993
45979,1.08404,23.3695
45980,1.07988,22.6363
45981,1.07988,22.797
45982,1.07887,21.959
45985,1.08582,22.9024
45986,1.08726,19.0651
45987,1.08838,18.2294
45988,1.08885,17.8558
45990,1.07832,20.261
45991,1.03971,1.22079
45992,1.03797,7.84931
45998,1.04038,-1.35626
45999,1.04159,-1.22731
46001,1.03865,-1.32078
46002,1.03933,-0.982194
46011,1.09064,6.89041
46013,1.08918,6.00666
46015,1.08894,5.96257
46016,1.08883,5.94341
46018,1.08998,5.07484
46019,1.08889,5.92262
46020,1.08855,5.70862
46021,1.08888,6.1311
46022,1.08871,6.19984
46023,1.08797,5.67704
46024,1.08911,6.33787
46025,1.0897,6.1794
46026,1.08797,5.6258
46027,1.08908,6.08776
46028,1.08899,6.10809
46029,1.0885,5.75987
46030,1.08839,5.74883
46031,1.08837,5.70748
46032,1.08843,5.68271
46033,1.08776,5.85757
46034,1.08917,6.08216
46036,1.08991,6.17623
46039,1.09009,6.17279
46040,1.08678,6.09579
46043,1.08665,6.031
46044,1.08661,5.98382
46046,1.08677,5.95977
46047,1.08754,5.92366
46048,1.08825,5.67057
46049,1.08831,5.53911
46050,1.08747,5.98171
46051,1.08705,5.95208
46058,1.08749,6.50023
46059,1.08755,7.30279
46060,1.08737,6.57194
46061,1.08753,6.55959
46064,1.08842,6.66895
46065,1.08827,6.49792
46066,1.08782,6.1363
46067,1.08789,5.85824
46068,1.08777,5.96534
46069,1.08809,5.61875
46070,1.08804,5.68548
46071,1.0881,5.81776
46073,1.08808,6.12987
46074,1.08832,6.62754
46076,1.08839,6.77422
46081,1.08773,6.63225
46082,1.08741,6.68238
46083,1.08735,6.62423
46084,1.08694,6.72126
46085,1.0872,6.70411
46096,1.08739,6.71715
46097,1.08773,6.73909
46098,1.08779,6.75988
46099,1.08787,6.78266
46103,1.08853,6.90001
46104,1.0885,6.85387
46105,1.08843,6.80671
46106,1.0884,6.77421
46107,1.08857,6.87297
46109,1.08876,6.95923
46110,1.08482,8.19994
46112,1.08837,6.89938
46121,1.08483,8.22184
46122,1.08126,9.86671
46125,1.08757,7.27629
46127,1.08841,6.7391
46128,1.08777,7.25716
46129,1.08741,7.3127
46131,1.08489,8.2828
46132,1.08486,8.2609
46133,1.08484,8.24835
46135,1.0883,6.88451
46138,1.0865,7.93864
46142,1.0842,8.34248
46144,1.08469,8.34213
46146,1.08476,8.39914
46148,1.08444,8.33544
46150,1.08319,8.80403
46151,1.08322,8.81447
46152,1.08512,8.00694
46153,1.08507,7.96344
46154,1.085,7.92788
46155,1.08527,7.86419
46156,1.08574,7.82938
46159,1.08496,7.89366
46160,1.08473,7.88647
46161,1.08467,7.88826
46162,1.08329,8.87333
46163,1.08368,7.93537
46164,1.08384,8.08904
46166,1.08398,8.17836
46167,1.08319,9.02803
46168,1.08311,9.35077
46169,1.08463,7.90842
46170,1.08463,7.8959
46172,1.0865,7.99796
46173,1.08632,7.90976
46175,1.08684,7.67017
46177,1.08738,7.02324
46178,1.08728,7.04588
46179,1.08517,8.40707
46180,1.08721,7.22146
46181,1.08503,8.57059
46182,1.08482,8.72113
46183,1.08463,8.81958
46185,1.08421,9.03391
46186,1.08454,7.94378
46187,1.08455,7.90569
46188,1.0831,9.33215
46189,1.083,9.28127
46190,1.08297,9.25286
46195,1.08361,9.48792
46196,1.08393,9.19335
46198,1.08327,9.74319
46199,1.0794,11.248
46200,1.07923,11.3403
46201,1.08539,8.98296
46205,1.08929,6.23999
46206,1.08923,5.9259
46207,1.08929,6.00332
46210,1.08762,6.95015
46211,1.08756,6.97361
46213,1.08739,7.10121
46214,1.08752,7.208
46215,1.08673,6.79072
46218,1.08889,5.94645
46219,1.08919,5.16672
46220,1.08922,6.01221
46221,1.08897,6.10664
46222,1.08842,6.14269
46223,1.08834,6.08492
46224,1.08828,6.05203
46225,1.08834,6.14259
46226,1.08879,6.30132
46227,1.0848,8.02805
46230,1.08532,8.12433
46231,1.08532,8.11401
46232,1.08529,8.03237
46234,1.08735,7.14008
46237,1.08923,6.02282
46238,1.08939,6.02773
46240,1.08799,6.84009
46242,1.08769,7.01683
46243,1.08753,7.07303
46244,1.08695,7.31525
46245,1.08668,7.60713
46246,1.08698,7.29898
46247,1.08703,7.29326
46248,1.08523,8.17919
46251,1.0872,7.11979
46255,1.08446,8.95456
46257,1.08406,9.23344
46258,1.08667,8.42541
46259,1.09049,7.09031
46260,1.08637,8.56079
46261,1.08611,8.68672
46262,1.08583,8.76437
46263,1.0861,8.80668
46264,1.09055,6.28308
46265,1.09007,7.18466
46266,1.09048,7.23843
46267,1.08173,11.3577
46268,1.08171,10.8265
46269,1.08431,9.78365
46271,1.08348,10.3961
46272,1.08249,10.2638
46273,1.08254,10.2813
46274,1.08239,10.4518
46275,1.08261,10.4405
46278,1.08225,10.4564
46280,1.08283,9.90817
46281,1.08282,9.92972
46282,1.08279,10.0385
46283,1.08269,10.1018
46285,1.08297,9.67841
46286,1.08935,6.11291
46287,1.08813,6.83597
46288,1.08685,7.7626
46290,1.08758,6.73848
46292,1.08664,7.83227
46293,1.08816,6.83649
46295,1.08661,7.87788
46296,1.08386,8.2987
46297,1.08392,8.33309
46298,1.08348,8.46027
46299,1.08338,8.76178
46300,1.07845,11.473
46303,1.08611,8.69384
46304,1.08574,9.00615
46305,1.08372,7.5543
46307,1.08493,23.9125
46308,1.08035,22.6672
46309,1.0797,22.762
46311,1.08031,21.7332
46321,1.05111,-1.01149
46322,1.05611,-0.182468
46323,1.05849,1.39168
46324,1.06237,1.02901
46339,1.05569,-1.39562
46340,1.05715,-1.39501
46341,1.05601,-1.42134
46342,1.05424,-1.39294
46343,1.05275,-1.37074
46344,1.05354,-1.29201
46345,1.05576,-1.58164
46346,1.0571,-1.64737
46348,1.06021,-1.40546
46349,1.05946,-1.30998
46350,1.06107,-0.561212
46351,1.05808,-1.37011
46352,1.05942,-0.510385
46354,1.05883,-0.453627
46355,1.05324,-1.19948
46356,1.05091,-1.30643
46357,1.05261,-0.965339
46358,1.04859,-0.713492
46359,1.05405,0.32449
46360,1.05476,0.0488297
46362,1.05386,0.402395
46363,1.05389,0.409552
46368,1.06247,-1.45496
46371,1.07371,1.93658
46377,1.05994,1.40411
46379,1.09171,7.78564
46381,1.09059,7.09269
46382,1.08393,8.77906
46383,1.08417,9.03368
46385,1.08805,8.08562
46386,1.08621,8.47201
46389,1.08803,7.68303
46393,1.08902,6.80579
46396,1.09088,7.70087
46397,1.08182,22.5161
46398,1.0888,22.7906
46399,1.0866,20.0943
46400,1.07971,22.958
46401,1.07774,23.0144
46402,1.07155,23.1768
46403,1.07136,23.2697
46404,1.07989,23.4797
46405,1.07737,23.2644
46406,1.08783,21.7447
46408,1.1,17.5245
46413,1.06615,23.9826
46414,1.07037,22.3585
46415,1.07292,21.1463
46416,1.07865,19.5168
46417,1.08908,15.0332
46418,1.0943,17.5155
46420,1.09515,12.9635
46422,1.08889,10.7097
46423,1.093,12.0309
46424,1.09662,12.2567
46425,1.0962,12.232
46432,0.976772,9.45065
46433,1.02818,10.9031
46434,1.0018,9.90419
46436,1.04639,13.05
46439,1.08766,9.46465
46440,1.08751,9.71815
46441,1.08976,8.24828
46442,1.08995,8.25908
46443,1.09021,8.31282
46444,1.09174,8.38844
46445,1.09,9.31265
46446,1.09148,9.65169
46448,1.09062,8.39307
46449,1.09039,8.33423
46450,1.09016,8.28913
46451,1.08855,9.70634
46452,1.08608,10.8413
46453,1.08752,10.4761
46454,1.08882,9.62686
46455,1.08876,9.59027
46456,1.08891,9.717
46457,1.08084,12.5196
46458,1.08467,11.3658
46459,1.08774,10.3225
46460,1.08823,10.0889
46461,1.08479,9.84389
46462,1.08967,9.22583
46463,1.09079,9.13862
46464,1.07249,11.5141
46465,1.08979,8.60613
46467,1.09015,8.83215
46471,1.09754,4.77133
46472,1.0967,4.79935
46473,1.0941,6.18113
46475,1.09878,4.30105
46476,1.09782,5.53084
46477,1.09438,5.78987
46478,1.09801,4.01301
46479,1.09628,3.85535
46484,1.09076,18.5032
46487,1.06983,-0.564841
46488,1.06947,-0.507647
46489,1.06605,-0.150231
46490,1.07254,-0.106498
46491,1.07108,0.134638
46492,1.0709,-0.653297
46493,1.07032,-0.60183
46495,1.06873,0.692841
46496,1.06324,0.238062
46498,1.07563,-0.567076
46499,1.06369,0.120742
46500,1.07328,-0.710772
46501,1.07079,-0.619973
46502,1.05793,1.02612
46503,1.06544,6.30306
46506,1.06489,6.01889
46511,1.06407,5.80387
46512,1.05505,4.01915
46513,1.06371,5.67089
46514,1.06261,5.37692
46515,1.06604,4.83114
46518,1.07619,-0.784396
46519,1.0785,-1.14314
46520,1.07919,-1.47822
46521,1.07661,-1.02481
46522,1.07541,-0.366725
46523,1.06629,3.66438
46526,1.06441,18.1631
46530,1.0584,25.6452
46531,1.05944,25.2636
46533,1.05635,25.4433
46534,1.06008,24.0351
46535,1.0622,23.312
46536,1.0639,22.8728
46538,1.06678,21.0284
46539,1.07725,23.0411
46540,1.06441,24.1774
46541,1.07771,22.9772
46542,1.07782,22.9376
46544,1.09685,13.5233
46545,1.1,11.2679
46549,1.06423,2.37503
46550,1.06662,1.39562
46551,1.06587,3.62488
46552,1.09617,14.8057
46553,1.09649,14.598
46554,1.098,13.3211
46573,1.09957,9.80658
46574,1.09967,9.84629
46575,1.09916,9.6592
46576,1.09855,9.49464
46577,1.09847,9.47988
46578,1.09981,9.90559
46579,1.1,10.0412
46580,1.09738,10.5807
46583,1.09447,11.5125
46585,1.09341,8.37879
46586,1.08063,6.53899
46587,1.08733,7.77214
46588,1.0934,8.77674
46589,1.09457,9.72229
46591,1.0963,12.4864
46592,1.09609,12.4164
46593,1.09425,9.88482
46595,1.09271,7.89181
46596,1.09361,8.56193
46597,1.09597,11.7927
46600,1.07192,17.3377
46601,1.0696,17.3176
46602,1.07177,17.7203
46603,1.06878,18.8168
46604,1.07315,18.0972
46605,1.08124,20.011
46606,1.08174,21.0039
46607,1.08421,20.4703
46608,1.08284,19.9906
46609,1.08347,20.0041
46610,1.08734,21.6909
46612,1.08368,19.7237
46616,1.08696,25.5176
46618,1.08109,28.2626
46619,1.07679,30.7783
46625,1.09229,1.85148
46626,1.09359,2.42994
46627,1.09083,1.47469
46629,1.08145,1.38646
46630,1.07508,1.4543
46631,1.07699,0.310418
46632,1.07688,0.377069
46633,1.06989,3.49775
46634,1.07072,3.1848
46635,1.08499,1.90783
46636,1.08614,1.78038
46637,1.08601,1.27814
46638,1.08727,1.32472
46639,1.09291,2.61596
46640,1.08881,2.15956
46641,1.09018,2.12277
46643,1.08648,2.31037
46644,1.07386,3.3352
46650,1.07345,14.9496
46652,1.09266,6.03926
46653,1.09257,6.68363
46654,1.09207,6.30483
46655,1.0836,4.78864
46656,1.09371,5.78954
46657,1.08827,4.89979
46658,1.09282,5.95237
46659,1.08882,4.82
46661,1.09042,4.84778
46662,1.08984,4.80094
46663,1.08927,4.79585
46664,1.07805,3.03955
46665,1.07639,2.41919
46666,1.07735,2.16298
46667,1.08055,2.85776
46668,1.08056,2.57127
46669,1.07699,2.23517
46670,1.0928,5.5176
46671,1.09265,5.27442
46672,1.08706,3.81395
46673,1.08534,3.41964
46674,1.08453,3.20704
46676,1.09215,5.17785
46678,1.09134,5.30747
46679,1.09069,5.51001
46680,1.08953,4.96158
46681,1.08924,4.92331
46682,1.09036,6.08993
46683,1.08947,5.24423
46684,1.0903,6.11913
46685,1.08863,4.49515
46686,1.08945,5.55547
46687,1.0892,5.60871
46688,1.08995,5.03096
46689,1.08941,5.5881
46690,1.0901,4.60378
46691,1.08993,4.88359
46692,1.09022,4.80618
46693,1.08991,5.05779
46695,1.09103,4.9867
46696,1.08892,6.15273
46697,1.08955,5.80291
46698,1.09071,4.74863
46699,1.09105,4.76725
46700,1.09144,4.8524
46701,1.08921,5.93993
46702,1.08858,6.55965
46703,1.08936,6.37275
46704,1.08234,9.39523
46706,1.09004,6.80648
46708,1.08936,6.44392
46709,1.09223,5.05473
46710,1.09005,5.9561
46711,1.09046,5.85065
46712,1.09245,4.83966
46713,1.08978,6.17445
46714,1.0911,5.75865
46715,1.09249,3.49262
46716,1.0949,4.87843
46717,1.09,3.12234
46718,1.09073,3.45507
46721,1.09043,3.67714
46722,1.0866,4.27862
46723,1.09039,5.2792
46724,1.09057,3.99484
46725,1.08789,4.95256
46726,1.09043,3.82342
46727,1.0904,3.79362
46730,1.08845,5.36348
46731,1.09062,4.79132
46732,1.08959,3.45664
46733,1.08994,3.5161
46734,1.09043,3.75297
46735,1.08768,2.92265
46736,1.08886,3.08478
46737,1.08975,4.53773
46738,1.08917,3.2645
46739,1.09029,4.55064
46742,1.08918,4.61891
46743,1.08905,3.31146
46744,1.08906,3.64402
46745,1.08934,3.36266
46746,1.08793,2.77228
46747,1.08831,2.86234
46748,1.08798,2.66697
46749,1.07999,2.09258
46750,1.08161,2.38448
46752,1.08403,2.53037
46753,1.08421,3.10395
46755,1.09292,2.73812
46756,1.08297,1.86176
46757,1.07966,0.871628
46758,1.08145,1.17438
46759,1.07776,0.59702
46760,1.07695,1.44603
46762,1.07688,1.64449
46763,1.07692,1.53172
46768,1.087,11.0498
46769,1.08289,8.59754
46770,1.08207,9.18733
46772,1.07316,6.1475
46775,1.07923,8.63985
46785,1.07022,-1.78357
46786,1.07006,-1.77559
46787,1.06994,-1.74659
46788,1.06833,-1.18714
46789,1.07003,-1.77981
46790,1.06906,-1.07744
46791,1.06995,-1.73673
46793,1.07013,-1.79848
46794,1.07043,-1.83652
46795,1.06896,-1.04693
46796,1.06872,-1.11598
46797,1.06881,-1.06961
46798,1.07071,-1.7633
46799,1.06925,-1.24359
46800,1.06828,-1.28123
46801,1.07092,-2.20206
46802,1.07076,-2.10689
46804,1.06934,-0.77491
46805,1.06881,-1.09267
46806,1.06857,-2.01712
46807,1.0685,-1.41799
46810,1.06376,-1.03643
46811,1.05835,-1.68777
46812,1.05936,-1.87338
46813,1.0581,-1.77802
46814,1.0601,-1.98946
46815,1.05903,-1.9033
46816,1.06054,-2.03622
46817,1.06138,-2.08322
46818,1.06282,-1.54733
46820,1.06482,-1.26512
46821,1.06466,-1.25091
46822,1.06533,-1.25046
46824,1.0654,-1.2129
46825,1.06586,-1.23117
46826,1.08931,18.4152
46827,1.08419,17.5826
46828,1.08378,17.3104
46829,1.08935,17.4823
46830,1.08301,17.3297
46831,1.08356,17.2493
46832,1.08366,17.1906
46843,1.09403,32.5168
46844,1.02678,22.1095
46846,1.05982,46.6379
46847,1.09657,16.798
46849,1.05742,16.9651
46850,1.0546,45.1784
46851,1.04634,14.9431
46852,1.05099,15.4758
46853,1.0649,8.32097
46854,1.079,-9.44988
46855,1.07328,3.40342
46856,1.08245,23.5489
46858,1.09164,17.4196
46862,1.07834,20.7357
46863,1.03819,20.8349
46865,1.06843,-8.03265
46866,1.09227,31.8232
46869,1.06433,9.19647
46870,1.05055,27.1634
46871,1.08556,16.2536
46872,1.08227,15.0732
46874,1.0857,14.0745
46875,1.09789,-11.666
46876,1.05669,-0.29055
46877,1.07477,3.43035
46878,1.04862,22.3858
46879,1.08572,19.4876
46882,1.04671,15.4329
46883,1.08096,8.2171
46884,1.03191,-14.9295
46885,1.05031,-6.99595
46888,1.06846,-0.51016
46891,1.03166,-15.0613
46893,1.06326,3.04334
46894,1.07502,1.09179
46895,1.05306,-12.9116
46897,1.04867,-8.5435
46898,1.04968,-14.2868
46899,1.00566,3.3125
46900,1.02781,8.83534
46901,1.0373,-15.1085
46902,1.0721,-3.46496
46903,1.0573,-13.9378
46904,1.02516,-12.7893
46905,1.04448,-13.7863
46906,1.04018,-14.0868
46907,1.01548,0.662976
46908,1.04914,-19.6368
46909,1.03087,-11.9039
46910,1.04784,-13.9698
46911,1.04895,-13.4959
46912,1.04848,-17.4386
46914,1.06016,-12.8121
46915,1.0894,-3.52774
46916,1.02826,-17.5931
46917,1.03413,-13.8339
46918,1.06296,3.71844
46919,1.06745,-21.7299
46920,1.07823,-4.11972
46921,1.03786,-19.1266
46922,1.07102,-2.72917
46923,1.05255,-19.6169
46924,1.03021,-17.4991
46925,1.03946,-16.7308
46926,1.04892,-16.8531
46927,1.04874,-17.4444
46929,1.05867,-28.572
46930,1.08732,-0.325069
46931,1.07052,-2.78645
46933,1.0478,-16.4977
46934,1.04503,-13.9036
46935,1.06645,-4.55104
46938,1.05359,-20.5581
46940,1.07113,-27.9536
46942,1.07002,-32.6177
46944,1.08647,-2.4501
46945,1.01422,36.842
46946,1.07905,25.1027
46947,1.00429,45.7224
46948,1.06735,35.8973
46949,1.05277,22.3668
46950,1.07219,42.7751
46951,1.04729,34.6949
46952,1.06719,20.1435
46954,1.05867,42.1868
46955,1.05622,15.0013
46957,1.00925,18.4245
46958,1.09684,35.017
46959,1.03369,10.5196
46961,0.989196,41.568
46963,0.998537,17.3009
46964,1.06293,23.3018
46965,1.06654,33.545
46966,1.04367,36.0683
46967,1.08581,18.2109
46968,1.02751,30.8693
46969,1.07468,14.057
46970,1.07629,18.0305
46971,1.0224,28.294
46977,1.02707,32.1036
46979,0.988442,19.4655
46980,1.01997,31.1564
46981,1.05279,21.9702
46982,1.05966,22.4421
46983,1.00441,19.0796
46984,1.02616,24.0471
46986,1.07166,31.8533
46987,1.01957,34.5975
46991,0.957117,13.7364
46992,1.00275,8.13761
46993,1.05574,19.3034
46995,1.05542,17.5002
46997,1.04768,31.8274
46998,0.993538,27.311
47001,1.06703,29.4037
47002,1.06146,19.5599
47003,1.04184,22.0855
47004,1.03574,19.1144
47005,1.07123,13.8847
47006,1.02086,30.3873
47008,1.08207,25.885
47011,1.06423,14.7486
47017,1.06159,14.9661
47018,1.06972,11.7223
47019,1.07873,4.64641
47020,1.07862,3.26937
47023,1.07519,3.37758
47024,1.07445,3.46967
47025,1.07127,3.55168
47026,1.07683,29.4048
47027,1.08357,30.1413
47028,1.07991,29.5633
47030,1.08225,31.5447
47031,1.08725,30.8282
47034,1.06112,27.9414
47040,1.09537,18.9871
47044,1.09984,16.2775
47045,1.09983,16.4045
47046,1.09961,16.7398
47047,1.09952,16.9142
47048,1.09971,16.63
47049,1.09989,16.1276
47050,1.09977,16.1063
47051,1.09989,16.0544
47053,1.09937,16.0409
47055,1.09981,15.9866
47056,1.08089,14.9593
47059,1.07589,12.7342
47064,1.08152,13.667
47065,1.08448,14.2165
47066,1.09525,16.1579
47067,1.09502,17.5302
47068,1.09475,16.6631
47069,1.09509,16.8019
47070,1.09476,16.6885
47071,1.09483,18.0301
47072,1.09806,16.1205
47073,1.0934,17.1638
47078,1.07662,17.7217
47079,1.07984,20.4121
47080,1.09485,19.203
47081,1.07742,17.7679
47082,1.08881,18.7489
47083,1.08523,19.7402
47084,1.0731,23.5781
47085,1.06935,23.6918
47088,1.07372,23.9058
47091,1.07484,8.96059
47092,1.07223,9.60127
47094,1.07673,8.42193
47104,1.08592,6.32331
47105,1.09043,5.42309
47106,1.09662,3.46041
47107,1.07232,10.9619
47108,1.06722,12.6699
47109,1.07627,8.23405
47110,1.06944,11.6623
47111,1.05529,10.6492
47112,1.05722,43.0228
47113,1.05458,41.3679
47115,1.03085,42.6735
47116,1.05539,41.9039
47117,1.05772,42.8019
47121,1.08715,39.764
47123,1.08006,38.1664
47126,1.0657,11.4877
47128,1.0749,-5.36378
47129,1.06942,-9.95539
47130,1.07542,-7.65635
47131,1.0753,-8.23644
47137,1.09415,29.0193
47140,1.03271,44.0841
47144,1.03662,43.5177
47145,1.05085,44.5366
47146,1.03357,43.8692
47147,1.03388,43.9597
47155,1.08273,20.0207
47159,1.08211,15.1476
47161,1.086,15.025
47162,1.08239,17.6776
47163,1.08514,14.1643
47164,1.08454,14.3931
47165,1.08258,16.5559
47168,1.04396,30.7258
47169,1.04273,30.249
47180,1.0367,29.0728
47192,1.06215,14.1895
47195,1.07677,8.32014
47196,1.07305,9.36293
47197,1.07087,9.8175
47198,1.08663,7.38637
47199,1.084,8.1369
47201,1.07718,7.93431
47202,1.08043,10.0529
47203,1.08074,7.77748
47206,1.06713,27.3596
47208,1.08601,28.3084
47209,1.06948,30.2564
47210,1.06497,25.4712
47211,1.0402,28.8706
47212,1.05352,25.7906
47214,1.06685,25.7944
47215,1.06839,25.2741
47216,1.0749,24.8719
47217,1.08581,25.7448
47221,1.07206,24.8326
47223,1.07639,25.0115
47224,1.08169,25.1699
47225,1.07869,24.7931
47229,1.04714,22.8705
47231,1.08254,23.7515
47232,1.08481,20.0833
47238,1.08864,14.7046
47239,1.08693,15.9657
47240,1.08855,14.6243
47241,1.08839,14.5612
47242,1.0881,14.8884
47243,1.07322,10.7217
47245,1.08794,14.3048
47246,1.08816,14.4208
47247,1.08802,14.5563
47248,1.08746,14.3748
47249,1.08654,14.1962
47250,1.08759,14.1527
47251,1.08797,14.2113
47252,1.08276,14.2028
47253,1.08483,15.4618
47254,1.09539,19.6452
47255,1.06734,13.3437
47257,1.06194,14.8303
47258,1.06863,13.0752
47261,1.05849,42.287
47262,1.05826,42.4214
47265,1.05874,42.3842
47266,1.05713,42.5929
47267,1.05821,42.317
47268,1.06901,-4.28866
47269,1.07675,-8.307
47270,1.07615,1.08247
47271,1.08429,-8.74915
47272,1.08355,-8.72522
47273,1.06604,14.8224
47275,1.05566,16.3663
47279,1.07085,9.27713
47280,1.06111,-1.08985
47281,1.06789,-5.78794
47282,1.06637,-4.89665
47283,1.09183,53.4227
47284,1.09277,53.8483
47285,1.09408,54.45
47293,1.08457,35.5666
47296,1.1,49.6626
47297,1.09336,51.886
47298,1.08566,50.8806
47300,1.0433,16.4802
47303,1.04646,17.1804
47304,1.04976,15.0469
47305,1.0471,15.3821
47306,1.04833,15.23
47307,1.04965,14.7949
47308,1.04804,15.3027
47309,1.04937,15.3662
47310,1.04938,15.069
47311,1.04947,14.815
47312,1.04968,14.676
47313,1.04961,14.7564
47314,1.04983,14.6756
47315,1.04995,14.4908
47316,1.05152,13.893
47317,1.05012,14.4262
47318,1.0496,14.4751
47321,1.04593,15.5276
47322,1.02873,21.7098
47323,1.05487,14.7858
47324,1.08859,30.7572
47325,1.0819,25.8174
47326,1.08825,26.4479
47327,1.08397,24.8627
47328,1.09087,27.5319
47329,1.09176,31.7029
47330,1.09507,-10.7561
47331,1.09281,-12.5457
47333,1.09127,47.8178
47342,1.0663,9.31465
47343,1.0598,10.9512
47344,1.06195,10.204
47345,1.06641,11.5228
47347,1.07796,-9.29098
47348,1.07088,-7.74423
47349,1.06983,-6.9932
47350,1.08654,24.7713
47351,1.08876,19.219
47352,1.08962,19.9927
47353,1.08596,16.6311
47354,1.08349,14.8656
47355,1.0823,14.1157
47357,1.04797,29.4718
47358,1.04809,28.6055
47361,1.04836,27.4283
47363,1.04821,27.7511
47370,1.04405,17.4798
47372,1.08615,19.6418
47373,1.08628,19.7951
47374,1.09079,21.6782
47375,1.09003,21.0755
47378,1.05261,26.8305
47379,1.05067,26.0582
47380,1.08212,-10.8611
47381,1.08246,-10.9974
47383,1.08351,-11.2479
47384,1.08331,-11.1795
47386,1.08283,-11.0689
47387,1.08136,-10.5311
47388,1.08383,-11.262
47389,1.08165,-10.9211
47390,1.09015,-11.6307
47392,1.05637,40.6934
47394,1.05615,40.6325
47395,1.05667,41.1772
47396,1.05607,42.5421
47399,1.05859,46.1957
47403,1.0567,41.8668
47407,1.06863,9.41423
47408,1.07323,8.90683
47409,1.06384,4.80306
47410,1.0684,1.16601
47411,1.07688,4.03883
47412,1.07348,-1.57417
47416,1.07282,3.9804
47418,1.07256,2.49816
47419,1.07292,2.50349
47420,1.07224,2.13336
47430,1.0605,2.67867
47431,1.05811,1.35467
47432,1.06103,-2.47992
47440,1.07026,4.60532
47441,1.06761,3.45571
47442,1.06613,1.11515
47444,1.06586,-0.345917
47445,1.06644,-2.30453
47450,1.09754,28.8511
47451,1.09298,29.6044
47453,1.08509,29.6331
47456,1.08772,29.0293
47461,1.04318,20.3977
47466,1.04442,21.5707
47468,1.04421,21.5165
47469,1.0439,21.4468
47470,1.04819,20.3963
47481,1.05027,20.0402
47484,1.05243,20.0603
47486,1.04267,20.6662
47488,1.04269,20.6311
47492,1.04353,22.0003
47493,1.04329,22.3767
47496,1.04334,22.1941
47498,1.04314,22.4994
47502,1.03956,26.2709
47511,1.04304,22.6352
47517,1.04288,22.7582
47518,1.04259,23.5454
47520,1.04554,20.8421
47521,1.04338,20.34
47525,1.04078,21.0043
47535,1.051,19.7507
47540,1.05027,19.9219
47543,1.05227,19.7354
47546,1.05013,22.4604
47547,1.04667,22.3867
47550,1.04345,20.4806
47551,1.04301,20.5636
47552,1.04317,20.4671
47553,1.04449,21.4343
47564,1.06194,26.4426
47565,1.04462,17.413
47566,1.04471,17.5784
47567,1.04533,17.8493
47571,1.04631,18.4746
47573,1.04802,17.5644
47574,1.05206,16.4246
47575,1.04508,18.7675
47576,1.04368,19.2023
47578,1.09844,20.9805
47582,1.04894,18.7965
47585,1.04494,17.2318
47587,1.07566,9.46524
47588,1.07217,7.44197
47592,1.08397,15.0461
47593,1.0847,13.9548
47594,1.0848,13.6835
47595,1.08448,13.8624
47596,1.08431,13.9639
47597,1.08056,14.6191
47598,1.08434,14.085
47599,1.08447,13.8402
47600,1.0847,13.7402
47601,1.0849,13.6366
47602,1.08503,13.5793
47604,1.08484,13.941
47605,1.08515,13.5455
47606,1.08533,13.4376
47608,1.08367,15.4719
47609,1.08533,13.4503
47612,1.08663,16.3247
47618,1.06049,-1.52637
47619,1.06747,-5.42651
47620,1.0679,-5.02006
47623,1.09058,48.429
47624,1.09016,49.0191
47625,1.09074,50.4151
47626,1.08478,33.0626
47628,1.08567,34.1075
47629,1.06594,7.11647
47630,1.06586,7.54589
47632,1.06445,4.27829
47633,1.065,4.84809
47638,1.06804,4.32979
47644,1.09153,18.0708
47645,1.0892,18.6998
47646,1.09003,18.6984
47647,1.08747,18.996
47648,1.08957,18.0576
47649,1.09101,19.9223
47650,1.08951,18.2601
47651,1.09178,17.2077
47652,1.09217,17.1685
47655,1.0896,18.1631
47656,1.08606,17.356
47657,1.09197,17.4585
47658,1.0944,16.1317
47659,1.08373,18.4203
47661,1.08663,17.7613
47664,1.09188,17.9121
47665,1.09238,18.0791
47666,1.09262,18.3179
47668,1.09192,16.2913
47669,1.08362,18.9661
47670,1.08844,16.8421
47671,1.08919,18.3961
47672,1.08804,18.887
47673,1.08151,18.8596
47675,1.09135,17.8291
47682,1.08694,49.7169
47687,1.08556,48.7134
47688,1.04753,30.8908
47691,1.0989,26.2228
47693,1.08272,14.4081
47695,1.08208,13.5143
47696,1.0801,12.586
47697,1.04274,-16.2846
47699,1.03943,-14.934
47701,1.03976,-15.4139
47702,1.04318,-19.2328
47703,1.04292,-18.3119
47704,1.0435,-17.9373
47705,1.04149,-15.6886
47706,1.04474,-18.5415
47708,1.04449,-18.3132
47709,1.1,-14.0566
47712,1.09199,-15.1953
47713,1.0694,-14.2072
47715,1.05229,-17.9675
47717,1.05497,-17.9804
47718,1.05469,-17.9684
47719,1.05157,-18.3796
47720,1.05185,-18.6025
47721,1.04887,-15.532
47722,1.05484,-18.8228
47723,1.05405,-18.7988
47724,1.05152,-17.8765
47725,1.05231,-18.4173
47726,1.05204,-19.547
47727,1.05125,-18.4944
47728,1.05657,-21.38
47729,1.07159,-25.3178
47732,1.0526,-6.90121
47735,1.04165,-9.39069
47739,1.09596,-11.8033
47740,1.06588,-6.2209
47741,1.06774,-8.94816
47742,1.06671,-6.38754
47743,1.06716,-7.6695
47744,1.06434,-5.56073
47745,1.05363,-4.06197
47748,1.07219,-6.2454
47749,1.07572,-5.09623
47750,1.08546,-2.71681
47751,1.01998,-0.797563
47753,1.0192,-0.338043
47758,1.04549,-2.11055
47761,1.05335,4.08259
47762,1.0504,-2.66726
47763,1.05137,-3.41346
47764,1.06683,-6.32454
47766,1.05655,-0.190378
47767,1.03842,-6.34406
47768,1.03721,-5.01284
47769,1.03288,-2.35958
47771,1.07083,-7.93031
47772,1.02385,-1.10504
47773,1.0162,0.437997
47775,1.02405,-1.42379
47776,1.02886,-1.76041
47778,1.03014,-1.76388
47781,1.03463,-1.98399
47782,1.02407,-1.09332
47783,1.0247,-1.04854
47784,1.02339,-1.09012
47785,1.02374,-1.29397
47786,1.02391,-1.49076
47787,1.02372,-1.40393
47790,1.01601,2.70892
47791,1.02522,-0.951079
47792,1.02476,-1.01333
47793,1.03891,-2.14516
47794,1.04018,-2.23578
47795,1.04156,-2.2804
47796,1.04119,-2.1773
47797,1.04022,-2.14846
47798,1.0253,-0.889449
47799,1.02202,0.516264
47800,1.02837,-1.09168
47801,1.02711,-1.04256
47803,1.04199,-1.14315
47804,1.04401,-1.43359
47805,1.04948,-1.54711
47806,1.04508,-1.79055
47807,1.04204,-2.16626
47808,1.04826,-1.66076
47809,1.05336,-2.51497
47810,1.03856,-1.98562
47811,1.01916,1.80258
47813,1.03684,-0.565813
47814,1.03718,-1.71303
47815,1.03536,-1.37415
47816,1.0317,-2.68382
47817,1.03523,-4.22128
47819,1.03164,-4.56241
47820,1.032,-3.45861
47821,1.03402,-4.75967
47824,1.03051,-5.20756
47828,1.04078,-7.46833
47829,1.0484,-8.99557
47830,1.04928,-9.1701
47831,1.05417,-9.70789
47832,1.02728,-1.704
47833,1.02051,-0.50525
47834,1.02874,-4.24625
47835,1.02963,-4.77931
47837,1.07354,-4.52185
47838,1.07295,-4.22453
47840,1.07325,-4.4621
47842,1.07332,-4.7724
47843,1.07017,-1.5284
47844,1.07456,-4.40031
47845,1.07386,-4.72324
47846,1.07551,-4.23708
47850,1.07543,-4.58547
47851,1.07366,-5.19602
47852,1.07281,-4.89519
47853,1.07321,-5.16875
47854,1.07472,-5.3787
47855,1.0724,-4.15439
47856,1.07559,-4.17649
47857,1.07546,-4.54749
47858,1.07561,-4.43252
47859,1.07191,-6.85154
47862,1.07264,-4.08975
47863,1.07231,-4.674
47865,1.05028,-3.1493
47866,1.07367,-4.06851
47867,1.07163,-2.95075
47871,1.07091,-3.71155
47872,1.07111,-3.762
47873,1.07141,-3.81175
47875,1.07901,-3.71968
47879,1.07206,-5.73884
47880,1.07505,-4.83093
47882,1.08165,-2.49382
47886,1.07768,-2.6025
47889,1.07155,-0.243384
47890,1.07473,-7.29776
47891,1.0746,-7.23479
47892,1.07709,-5.68188
47893,1.07893,-4.63531
47894,1.07808,-5.48635
47895,1.07741,-5.78789
47897,1.07605,-6.50975
47899,1.05353,-2.22171
47900,1.06235,-1.05755
47902,1.06024,0.801127
47903,1.06653,3.6944
47904,1.07066,5.78331
47905,1.07194,5.17845
47906,1.04821,-14.7815
47907,1.04847,-15.6587
47908,1.04885,-14.8434
47909,1.04891,-15.4375
47911,1.04925,-15.7397
47912,1.0498,-16.3145
47914,1.04957,-16.5241
47915,1.04978,-15.945
47916,1.04989,-16.2715
47917,1.05051,-17.3351
47918,1.05001,-16.5413
47919,1.05011,-16.8631
47920,1.0521,-16.0896
47924,1.0509,-17.6593
47925,1.05108,-13.8415
47926,1.05256,-16.2504
47927,1.05246,-16.1218
47928,1.05122,-13.8847
47929,1.0536,-16.5023
47930,1.05349,-17.4138
47931,1.05309,-16.3919
47932,1.05346,-16.2524
47933,1.05142,-13.9687
47934,1.05123,-8.91128
47935,1.04707,-14.9667
47936,1.0466,-15.125
47937,1.04628,-16.1048
47938,1.04547,-16.0456
47939,1.04759,-14.6687
47942,1.04777,-16.3878
47943,1.04844,-16.4219
47944,1.04959,-16.3128
47946,1.05029,-17.3819
47947,1.05003,-16.6759
47949,1.0511,-17.7176
47950,1.05097,-17.6426
47951,1.05059,-16.7619
47952,1.05311,-17.8555
47953,1.05338,-18.1717
47954,1.05361,-18.1254
47955,1.05347,-18.0761
47956,1.05305,-18.0519
47957,1.05363,-18.5345
47958,1.05334,-18.2964
47959,1.05335,-18.4739
47960,1.05235,-18.1069
47961,1.05313,-18.27
47962,1.05386,-17.8221
47963,1.05379,-17.5869
47964,1.05495,-17.6761
47966,1.05409,-17.5482
47967,1.05378,-16.6119
47969,1.05407,-17.7868
47970,1.05335,-14.7974
47971,1.04002,-14.4114
47972,1.03906,-14.1552
47973,1.04322,-15.6432
47974,1.04362,-15.6908
47975,1.04645,-16.2989
47977,1.04783,-16.9112
47978,1.04902,-17.3874
47979,1.04893,-17.6879
47980,1.04971,-17.0546
47983,1.05352,-18.661
47984,1.05361,-18.6905
47985,1.0542,-17.6462
47986,1.05338,-18.6932
47987,1.04629,-14.7287
47988,1.02949,-13.2888
47989,1.04567,-14.7451
47990,1.05529,-15.2501
47992,1.05375,-17.5886
47993,1.05382,-17.7411
47994,1.05243,-12.6535
47995,1.05202,-16.0244
47998,1.09897,2.53402
47999,1.09697,-2.08841
48000,1.09937,0.263069
48002,1.04456,-12.1296
48003,1.03106,-13.0854
48004,1.04051,-13.2301
48008,1.05039,-14.0119
48009,1.04844,-13.407
48010,1.04672,-12.1987
48011,1.04683,-12.2558
48012,1.04884,-9.42263
48013,1.04469,-13.9992
48014,1.08257,-3.73738
48015,1.07935,-2.40342
48016,1.08017,-3.06891
48018,1.07783,-1.82263
48019,1.07934,-2.65329
48020,1.07064,-2.70737
48022,1.06317,3.12656
48023,1.06203,-2.80691
48025,1.06447,-19.2472
48026,1.0614,-19.2035
48027,1.05417,-19.8669
48028,1.05334,-19.89
48029,1.06074,-16.3764
48030,1.06182,-19.6246
48031,1.06182,-19.5692
48032,1.06177,-19.5375
48033,1.05873,-19.7647
48034,1.05959,-19.7133
48035,1.06077,-19.5907
48036,1.06116,-18.6058
48038,1.06273,-12.6747
48041,1.06294,-10.0021
48044,1.05139,-10.5886
48046,1.07991,-1.87807
48047,1.07008,-3.37487
48048,1.07712,-4.50277
48049,1.07954,-4.62175
48050,1.07773,-4.62789
48052,1.04741,-21.1616
48053,1.04723,-21.1204
48054,1.04711,-21.0956
48059,1.04343,-19.7385
48060,1.04373,-19.7198
48061,1.04381,-19.5421
48062,1.0411,-18.8083
48063,1.04381,-19.5959
48066,1.04378,-19.6819
48067,1.04365,-19.7628
48068,1.04356,-19.7649
48070,1.04382,-19.5352
48072,1.03786,-17.0223
48073,1.0443,-19.683
48075,1.04373,-19.649
48076,1.04361,-19.6352
48077,1.04328,-19.6064
48078,1.04328,-19.6807
48079,1.04134,-19.0132
48082,1.04653,-20.8802
48083,1.04633,-20.6518
48084,1.04643,-20.7632
48086,1.04686,-20.995
48087,1.04641,-20.2509
48089,1.04698,-21.0143
48090,1.04755,-21.1699
48091,1.04764,-21.1427
48092,1.04728,-21.0453
48093,1.04773,-21.1395
48094,1.04707,-20.9782
48095,1.04706,-21.0057
48096,1.0465,-20.7187
48098,1.04642,-20.1398
48099,1.04642,-20.1691
48100,1.04633,-20.3706
48101,1.04635,-20.5316
48103,1.04603,-20.3643
48108,1.0458,-20.0827
48109,1.04581,-19.9901
48110,1.04575,-19.8302
48111,1.04689,-19.4627
48112,1.04657,-19.5955
48113,1.04624,-19.7032
48115,1.04705,-19.5584
48116,1.04693,-19.7716
48117,1.04359,-17.615
48118,1.0458,-20.3361
48119,1.03893,-16.8331
48121,1.0464,-20.0325
48122,1.04118,-18.1844
48123,1.04638,-19.8759
48125,1.04609,-20.5149
48127,1.05218,-21.7258
48128,1.05218,-21.8688
48129,1.05208,-22.0926
48131,1.0522,-22.3492
48132,1.05211,-22.5018
48133,1.052,-22.2503
48134,1.05197,-21.347
48135,1.04833,-20.4111
48136,1.05171,-22.1424
48137,1.05119,-22.4072
48138,1.05195,-22.7438
48139,1.05169,-22.9506
48141,1.05105,-22.8072
48142,1.05099,-22.7464
48143,1.0511,-22.6507
48144,1.05082,-22.6771
48145,1.05069,-22.5994
48146,1.05043,-22.4238
48147,1.04992,-22.3426
48148,1.04853,-22.0194
48150,1.04342,-17.2895
48155,1.05072,-22.6345
48156,1.05128,-22.9469
48158,1.05759,-27.9834
48160,1.0444,-19.6783
48162,1.04398,-19.6019
48163,1.05743,-14.7038
48164,1.06983,-8.69627
48165,1.07125,-7.41106
48166,1.05467,-14.5063
48167,1.0456,-14.7084
48170,1.03897,-19.0422
48171,1.03857,-18.9488
48172,1.03904,-19.1078
48176,1.03265,-17.8614
48177,1.03898,-18.8799
48178,1.03919,-18.658
48179,1.04009,-15.9295
48180,1.04152,-18.3498
48181,1.04245,-18.4888
48182,1.03944,-17.7584
48183,1.0409,-17.8911
48184,1.04233,-17.8107
48185,1.04269,-20.0614
48186,1.04478,-20.0156
48187,1.04286,-19.7317
48188,1.04363,-19.6357
48189,1.04225,-17.8687
48190,1.03727,-18.613
48191,1.03699,-18.5745
48192,1.04423,-18.6883
48193,1.04565,-20.1169
48194,1.03527,-18.4363
48195,1.03971,-19.7194
48196,1.03666,-18.4267
48197,1.04047,-19.8346
48198,1.03979,-19.6802
48199,1.03628,-18.2328
48200,1.04376,-19.8388
48201,1.04308,-19.602
48202,1.04336,-19.8622
48204,1.04329,-20.0421
48207,1.04282,-18.2323
48208,1.04343,-18.214
48209,1.04239,-18.411
48210,1.0433,-18.501
48211,1.03927,-19.2057
48212,1.03809,-18.773
48213,1.04701,-17.5797
48214,1.05603,-25.1631
48215,1.05572,-27.2294
48216,1.06708,-31.8528
48217,1.06075,-29.644
48221,1.07024,0.494374
48223,1.07182,0.670222
48226,1.06773,1.81282
48228,1.0727,-1.15433
48229,1.07193,-0.787231
48230,1.07204,-1.27238
48231,1.09247,-16.0562
48234,1.05165,-17.1801
48237,1.04937,-17.6481
48240,1.04908,-17.4169
48241,1.04935,-17.2883
48246,1.08948,-15.9756
48254,1.07229,4.65124
48257,1.07282,4.26418
48261,1.08639,-0.109967
48262,1.06946,7.53089
48269,1.05095,0.158408
48273,1.04962,-20.1306
48274,1.05191,-20.93
48275,1.05212,-20.9065
48276,1.05236,-21.2095
48277,1.05257,-21.3768
48279,1.05281,-21.5571
48280,1.05234,-21.7062
48281,1.05195,-21.3255
48282,1.05257,-21.4998
48283,1.05235,-21.4345
48284,1.05253,-21.5652
48286,1.05229,-21.498
48287,1.05215,-21.4424
48288,1.05189,-21.226
48289,1.05125,-21.1545
48290,1.05178,-21.1411
48291,1.0518,-21.1593
48292,1.05177,-21.2014
48293,1.05179,-21.223
48294,1.0518,-21.1517
48295,1.05195,-21.1466
48297,1.05256,-20.3779
48299,1.05285,-20.2484
48300,1.05274,-20.3809
48301,1.05269,-20.6317
48302,1.0524,-20.3914
48303,1.04857,-19.5402
48305,1.05273,-20.5464
48306,1.05289,-20.549
48307,1.05314,-20.1607
48308,1.05169,-20.0881
48311,1.05267,-20.5424
48312,1.05305,-20.2087
48313,1.05066,-19.8966
48315,1.04842,-19.4225
48316,1.05083,-19.6719
48318,1.05229,-17.0008
48319,1.05098,-21.1083
48324,1.05189,-20.459
48325,1.05197,-21.0127
48326,1.0525,-20.4052
48331,1.0514,-20.5261
48333,1.05171,-21.0297
48338,1.05187,-20.9213
48339,1.05263,-19.8363
48340,1.05186,-20.8889
48341,1.05209,-20.9408
48342,1.05223,-20.9479
48344,1.05169,-20.9948
48345,1.05168,-21.0142
48346,1.05191,-20.9009
48347,1.05181,-20.4067
48348,1.05134,-20.5314
48350,1.05172,-20.9615
48351,1.05169,-20.7645
48354,1.0521,-19.9299
48355,1.04959,-20.8804
48359,1.04973,-20.8568
48360,1.04748,-20.983
48362,1.04823,-21.1227
48363,1.04789,-21.1053
48364,1.04804,-21.0707
48365,1.04892,-20.9159
48366,1.05206,-19.9448
48367,1.04991,-20.7972
48368,1.0471,-20.8346
48369,1.04485,-20.0363
48370,1.05199,-19.9544
48371,1.05003,-20.7544
48374,1.04662,-20.5924
48376,1.04691,-20.7487
48377,1.04785,-21.1589
48378,1.04947,-20.1477
48379,1.04746,-20.2786
48380,1.05035,-21.2246
48381,1.05078,-21.4538
48383,1.04942,-20.8699
48384,1.04907,-20.9033
48385,1.05076,-21.62
48386,1.05028,-21.531
48388,1.04973,-21.3236
48389,1.04574,-20.2047
48390,1.05052,-21.7561
48392,1.05021,-21.6619
48393,1.05014,-21.5674
48394,1.04996,-21.5811
48397,1.04978,-21.6876
48398,1.04969,-21.5624
48399,1.04972,-21.5863
48400,1.04963,-21.5107
48402,1.0488,-21.2381
48403,1.04957,-21.6192
48404,1.04931,-21.5439
48405,1.04951,-21.5628
48406,1.04948,-21.4559
48407,1.04814,-20.997
48408,1.0491,-21.4437
48409,1.04754,-20.7276
48411,1.04347,-19.7764
48412,1.04764,-20.6322
48413,1.04735,-20.6066
48415,1.04787,-20.8914
48416,1.04822,-21.0375
48417,1.04688,-20.5404
48418,1.03996,-19.2494
48420,1.04608,-20.3792
48421,1.04639,-20.4575
48422,1.04808,-21.1723
48423,1.05208,-20.8624
48424,1.0462,-20.1205
48425,1.05126,-20.5403
48426,1.05175,-21.1031
48427,1.05228,-21.0378
48428,1.05187,-20.9195
48429,1.04902,-20.9568
48430,1.04905,-20.9323
48431,1.05092,-21.6504
48432,1.05078,-21.8218
48433,1.04941,-21.1339
48434,1.04984,-21.7422
48436,1.0485,-21.0549
48437,1.05345,-20.9044
48438,1.08251,-0.83118
48439,1.08006,0.278356
48440,1.07637,-0.64625
48441,1.08027,-0.565141
48442,1.07746,-0.851597
48443,1.07924,-1.01844
48444,1.08142,-0.933435
48446,1.08255,-1.18348
48447,1.08301,-1.19272
48448,1.08295,-1.15213
48449,1.08126,-0.745585
48450,1.07699,0.431296
48451,1.08224,-0.41146
48452,1.0859,-0.820877
48453,1.07962,-0.230899
48454,1.08604,-0.841389
48455,1.0867,-0.292266
48456,1.08413,-1.12531
48457,1.08527,-1.58096
48458,1.08596,-1.32795
48459,1.08537,-1.6845
48460,1.07878,-1.61213
48461,1.07672,-1.37171
48463,1.07859,-1.43587
48464,1.07862,0.479611
48467,1.08346,-1.9177
48470,1.07612,0.0196101
48471,1.07495,0.587092
48472,1.08278,-1.19146
48473,1.08153,-0.940613
48474,1.08214,-1.12866
48475,1.08203,-0.92697
48477,1.07704,-0.871565
48478,1.05534,-22.9009
48479,1.05921,-30.1364
48480,1.03516,-14.8193
48481,1.05815,-10.8282
48482,1.03894,-15.3782
48483,1.03071,-14.6407
48484,1.03521,-14.7985
48485,1.04566,-16.5976
48486,1.05959,-2.82455
48488,1.0684,-1.96335
48489,1.05563,0.546884
48491,1.06283,-0.970844
48492,1.07796,-3.88796
48493,1.05659,2.04123
48494,1.06653,-3.18136
48495,1.07037,-3.14393
48496,1.07352,-3.56602
48497,1.07661,-3.85274
48498,1.07691,-3.87709
48499,1.07717,-3.87019
48500,1.07336,-3.22762
48501,1.07634,-3.72283
48502,1.07454,-3.5254
48503,1.07533,-3.74812
48504,1.07538,-3.61977
48505,1.07241,-4.16347
48506,1.06697,-2.11052
48507,1.07637,-3.99981
48508,1.07044,-3.77215
48509,1.06792,-2.36109
48510,1.05611,-2.53037
48511,1.05306,-8.87984
48512,1.06272,-1.21286
48513,1.06297,-1.21597
48515,1.05733,-2.63944
48516,1.07541,-3.23268
48517,1.07796,-4.05552
48518,1.05794,0.393717
48521,1.08569,-2.83992
48522,1.08706,-4.24453
48524,1.07972,-2.14945
48526,1.07962,-2.07952
48527,1.07361,4.5384
48528,1.07891,5.71497
48529,1.07697,8.18584
48530,1.06865,3.93722
48531,1.06942,3.96339
48532,1.07042,4.00278
48536,1.05548,-22.037
48537,1.05638,-21.9538
48538,1.05556,-22.0983
48539,1.05537,-22.0353
48540,1.05508,-22.3684
48541,1.05465,-21.1923
48542,1.05286,-21.6088
48544,1.0533,-21.6541
48545,1.05382,-21.6717
48546,1.05332,-21.7625
48547,1.05441,-21.8313
48548,1.0546,-21.9192
48549,1.05498,-21.9398
48550,1.05074,-18.0138
48551,1.0446,-19.6073
48552,1.03153,-15.8139
48556,1.07366,-16.5532
48557,1.04799,-16.7683
48558,1.05319,-19.588
48559,1.0397,-16.4328
48561,1.0541,-13.3291
48562,1.04697,-13.6529
48563,1.05093,-14.7201
48564,1.04896,-16.2441
48565,1.04753,-17.5521
48566,1.0448,-11.7714
48567,1.04547,-15.8425
48568,1.04153,-13.7943
48569,1.04197,-13.7634
48570,1.04285,-13.7181
48571,1.04199,-13.6484
48572,1.04638,-16.4406
48573,1.04724,-15.0727
48577,1.04681,-16.4314
48578,1.04526,-17.6234
48579,1.04586,-17.0011
48580,1.05671,-15.3848
48581,1.0476,-18.0859
48582,1.04465,-18.5724
48583,1.05315,-16.714
48584,1.05086,-17.2944
48585,1.04508,-17.7483
48587,1.04961,-18.7075
48588,1.05626,-18.6851
48589,1.05159,-19.7673
48590,1.07345,-26.4105
48591,1.07551,-27.4015
48592,1.07727,-26.9561
48593,1.07871,-26.0692
48594,1.07356,-23.3957
48595,1.08413,-26.8511
48596,1.09829,-26.098
48597,1.08542,-22.4695
48599,1.09919,-25.337
48600,1.0961,-26.3335
48601,1.09768,-25.9345
48602,1.09815,-25.7761
48604,1.06633,-17.295
48605,1.05257,-17.4768
48606,1.07168,-17.4125
48607,1.06953,-16.8268
48608,1.06104,-18.6894
48609,1.05977,-18.7681
48612,1.06256,-17.8979
48613,1.06023,-17.6496
48614,1.06173,-18.7037
48615,1.06098,-17.8096
48616,1.05845,-17.909
48617,1.05952,-17.8776
48618,1.0353,-16.0119
48619,1.04115,-17.8606
48620,1.04198,-19.2899
48621,1.042,-19.3761
48623,1.04204,-19.5616
48625,1.04196,-19.2278
48626,1.04194,-18.9523
48628,1.04196,-19.3375
48629,1.042,-19.4458
48630,1.04199,-19.4854
48631,1.04193,-19.3916
48633,1.04079,-17.7254
48634,1.04136,-18.1313
48635,1.04045,-17.6145
48637,1.03587,-16.1763
48638,1.0578,-18.6601
48639,1.05885,-18.5974
48640,1.05457,-17.866
48641,1.05149,-18.0139
48644,1.05929,-18.6604
48645,1.04287,-18.1688
48646,1.09017,-13.0363
48647,1.08216,-13.9891
48649,1.08815,-14.0661
48651,1.09026,-14.782
48652,1.09207,-15.68
48653,1.09161,-16.2238
48654,1.09096,-16.0648
48655,1.09135,-15.0268
48656,1.09166,-15.5057
48657,1.09282,-14.6289
48658,1.09213,-15.7729
48659,1.09211,-15.8618
48660,1.09205,-15.6044
48661,1.09283,-14.4074
48662,1.09471,-12.9881
48663,1.08476,-16.6933
48664,1.09004,-15.8726
48669,1.06941,-32.5059
48670,1.06949,-32.4282
48675,1.06554,6.41461
48676,1.06853,1.90197
48677,1.06955,1.43532
48678,1.06955,2.59422
48679,1.07101,2.25777
48680,1.07869,0.58423
48681,1.04689,-19.4617
48683,1.0474,-19.4216
48684,1.04889,-19.7236
48685,1.0471,-20.8347
48686,1.04933,-20.9364
48687,1.05008,-20.9132
48688,1.05236,-19.9117
48689,1.04946,-20.5792
48690,1.05087,-20.6224
48691,1.05307,-19.5667
48692,1.04865,-21.5605
48697,1.07451,-9.689
48699,1.07364,-9.03525
48700,1.07311,-9.525
48701,1.07031,-9.63078
48702,1.07346,-9.56069
48704,1.0714,-9.00478
48707,1.0653,-12.0521
48708,1.083,-14.3998
48709,1.1,-8.46084
48710,1.07676,-15.403
48711,1.05606,-16.9632
48712,1.06032,-15.5396
48714,1.02801,-14.3894
48715,1.04732,-16.6484
48716,1.07408,-8.72289
48717,1.0731,-8.24942
48719,1.07298,-8.68409
48720,1.05841,-0.840604
48721,1.07393,-8.99729
48722,1.06133,-3.47567
48727,1.05126,-15.7733
48730,1.05327,-16.3957
48731,1.05203,-14.6813
48732,1.093,2.86583
48733,1.09586,-0.240283
48734,1.09341,-1.756
48735,1.05536,-4.1058
48738,1.08349,-3.16077
48739,1.08907,-1.35088
48740,1.0863,-3.72257
48741,1.08062,-3.19269
48743,1.04333,22.1491
48744,1.05133,25.7846
48745,1.04875,24.6693
48746,1.0496,23.7533
48749,1.06811,13.6877
48750,1.06332,13.883
48752,1.02248,15.4692
48753,1.06068,22.7576
48754,1.05706,22.7362
48755,1.02918,29.9868
48756,1.03719,29.0987
48758,1.0349,28.9382
48759,1.03432,27.1568
48763,1.05505,12.5648
48764,1.05451,12.5643
48765,1.07286,16.2573
48766,1.06776,13.8595
48770,1.05884,14.7845
48771,1.05968,11.2364
48772,1.08887,13.489
48774,1.08938,13.5931
48775,1.08487,13.6027
48776,1.07495,17.4352
48777,1.09744,15.9871
48785,1.02073,30.3567
48786,1.02062,30.3461
48790,1.01752,33.2858
48792,1.02228,29.519
48795,1.02145,30.5324
48802,1.0201,31.2996
48803,1.02058,31.2585
48805,1.02331,28.0622
48808,1.02008,28.6318
48810,1.02587,27.1634
48811,1.02927,25.3575
48813,1.02052,30.3734
48814,1.07051,13.7867
48816,1.07034,13.9454
48819,1.07425,12.3955
48820,1.0743,12.2956
48821,1.07439,12.3222
48822,1.07404,12.569
48823,1.07338,12.7654
48825,1.07328,12.7357
48826,1.07395,12.7238
48827,1.074,12.6322
48829,1.07423,12.8993
48830,1.07409,13.0006
48831,1.07498,12.9645
48833,1.07487,14.1011
48834,1.07515,14.2218
48836,1.07752,13.5831
48837,1.08012,16.1073
48838,1.0728,13.7879
48848,1.05682,41.7672
48849,0.985258,11.557
48850,1.00237,11.075
48853,1.01751,34.3639
48854,1.01615,35.2799
48855,1.01693,34.6386
48860,1.01484,30.2774
48863,1.02308,28.9191
48866,1.03377,27.3966
48875,1.05568,30.9222
48877,1.04915,31.5945
48883,1.03826,34.5813
48885,1.04877,31.6165
48886,1.00168,32.753
48887,1.05935,13.9122
48891,1.0877,16.3194
48895,1.08826,16.2671
48896,1.06531,18.354
48897,1.06784,18.9868
48898,1.06877,18.5453
48899,1.05565,21.4459
48905,1.08645,16.4097
48906,1.07029,16.9675
48908,1.0865,30.2548
48909,1.06969,18.3297
48912,1.06928,21.0917
48915,0.996191,35.2035
48916,0.992248,37.9997
48917,1.04549,13.1652
48918,1.04294,15.3959
48933,1.09471,20.5642
48938,1.06149,20.9263
48941,1.05858,21.3278
48942,1.05219,19.5357
48943,1.06058,21.2675
48952,1.05751,18.6433
48953,1.0586,19.3873
48957,1.05881,17.6732
48958,1.05845,17.949
48961,1.0566,18.6505
48962,1.05525,19.1224
48965,1.04455,21.9071
48968,1.05595,18.8031
48973,1.06224,16.7092
48974,1.06776,20.1153
48975,1.05187,22.2089
48977,1.05217,19.5584
48978,1.01686,11.9001
48979,1.0338,12.0852
48980,1.04432,12.7698
48982,1.02129,30.2801
48983,1.0215,30.9048
48984,1.0227,33.0357
48986,1.02278,28.8561
48987,1.02211,30.5083
48988,1.02242,28.3583
48989,1.02334,29.4248
48990,1.02314,33.3893
48994,1.01987,30.1439
48995,1.02451,28.4456
48996,1.02089,29.9718
48997,1.02243,26.133
48998,1.02137,26.2298
48999,1.02111,25.8446
49000,1.02134,25.9772
49002,1.05038,32.7289
49008,1.03135,11.9061
49013,1.00991,14.9221
49015,1.0014,15.4045
49017,1.05483,22.1507
49019,1.05273,22.6416
49020,1.05316,22.4556
49021,1.04809,18.52
49022,1.03115,19.4984
49023,1.03922,19.0796
49024,1.05126,38.5738
49025,1.05096,38.1607
49026,1.05685,36.863
49027,1.05438,40.2409
49029,1.05246,39.3763
49032,1.05503,44.1117
49034,1.07221,42.3404
49035,1.07147,41.5491
49036,1.07225,38.6954
49037,1.0715,37.6667
49038,1.06498,32.6718
49041,1.07087,41.0319
49044,1.07358,38.0718
49046,1.06451,34.1981
49048,1.06622,33.4149
49054,1.04414,31.2058
49055,1.04872,32.3387
49056,1.02126,15.4636
49057,1.00725,17.5585
49061,1.0185,14.7122
49062,1.02007,14.2381
49063,1.02013,14.2149
49064,1.01973,13.978
49067,1.02137,14.1769
49068,1.02196,14.2662
49075,1.01935,14.9822
49076,1.01963,13.1318
49078,1.01753,13.3313
49081,1.02392,14.9562
49082,1.02428,15.0152
49083,1.02461,15.071
49085,1.01333,15.7178
49086,1.01325,15.9278
49088,1.01955,14.5452
49089,1.01919,14.3793
49092,1.04299,15.5015
49095,1.01345,15.6622
49096,1.01346,15.705
49102,1.0156,15.7698
49103,1.01995,14.129
49105,1.01835,13.5939
49106,1.01865,14.4172
49108,1.01712,16.1873
49109,1.04191,15.0953
49110,1.04145,15.1288
49112,1.0233,12.2929
49114,1.02134,12.983
49119,1.01002,18.0778
49120,1.01762,16.8283
49121,1.01363,16.4691
49122,1.01401,16.7786
49123,1.00784,18.9821
49124,1.06162,11.295
49126,1.05525,12.3784
49127,1.1,16.0377
49147,1.08082,27.6016
49148,1.08222,24.6429
49152,1.03516,22.7693
49154,1.06597,20.7887
49156,1.05813,21.3604
49157,1.05899,21.222
49159,1.06675,20.1726
49160,1.0668,19.991
49161,1.06142,20.5034
49162,1.06007,20.5958
49166,1.06158,20.3466
49167,1.06159,20.1494
49169,1.06429,19.9186
49170,1.06645,19.9813
49171,1.06603,20.6978
49174,1.06628,19.8635
49175,1.06634,19.8055
49178,1.06488,19.8605
49179,1.06514,19.7926
49181,1.06155,19.8919
49183,1.06554,19.7057
49184,1.06596,19.6263
49185,1.06655,19.7217
49187,1.0666,19.7191
49191,1.06736,19.4551
49192,1.06395,20.2005
49193,1.06681,19.502
49194,1.06263,20.1613
49196,1.06672,19.0053
49197,1.06791,18.8715
49198,1.06299,20.0687
49204,1.07033,18.7316
49205,1.07328,18.9181
49206,1.06946,18.7542
49207,1.07061,18.5804
49208,1.07325,18.8173
49209,1.07177,18.4449
49210,1.07135,18.473
49211,1.07196,18.3546
49212,1.07255,18.3037
49213,1.07301,18.7622
49214,1.07252,18.7735
49215,1.07479,18.0935
49216,1.07482,17.9254
49218,1.07573,17.7046
49219,1.07542,17.757
49220,1.07555,18.037
49221,1.07727,17.4389
49222,1.07489,18.1176
49223,1.0828,17.9748
49224,1.08328,17.9642
49225,1.05945,19.9519
49228,1.05344,20.6459
49229,1.05731,20.1718
49230,1.05794,20.0868
49231,1.05666,19.9934
49232,1.05983,19.7999
49233,1.05136,21.6134
49234,1.05249,21.5806
49237,1.05434,20.0162
49238,1.05688,20.2894
49239,1.05715,20.2897
49241,1.05496,19.7466
49242,1.05507,19.6069
49243,1.05542,19.4106
49245,1.06039,19.711
49246,1.06103,19.552
49247,1.06489,19.0389
49248,1.06487,19.0601
49249,1.06346,19.3973
49254,1.05994,20.3868
49255,1.06958,18.801
49256,1.07593,17.7408
49257,1.07647,17.7173
49258,1.07822,17.5429
49259,1.07513,17.9288
49260,1.08579,17.7783
49262,1.08111,17.2992
49264,1.0831,17.0685
49265,1.08581,16.5457
49266,1.07932,17.211
49267,1.08075,17.1128
49271,1.06019,19.9253
49272,1.05309,21.1345
49273,1.05279,21.2016
49274,1.06749,19.1526
49275,1.06745,16.9711
49276,1.05175,21.383
49281,1.07002,17.7422
49282,1.07034,16.2252
49283,1.06743,14.6498
49284,1.06288,14.4039
49285,1.06323,14.2981
49286,1.07089,14.6845
49288,1.07961,16.2135
49289,1.07439,15.0062
49290,1.07543,15.173
49291,1.07278,15.0104
49292,1.07125,15.0603
49293,1.07399,15.2042
49294,1.07137,15.5724
49298,1.05728,20.6296
49299,1.05657,19.2338
49300,1.0573,19.1781
49301,1.05584,19.3266
49305,1.06069,19.6789
49306,1.06114,19.6165
49309,1.0543,14.5231
49312,1.03269,23.1132
49313,1.05946,18.8829
49314,1.06683,19.949
49316,1.06683,21.1216
49317,1.05606,21.7278
49319,1.06678,20.0653
49320,1.0665,20.9036
49321,1.06669,20.9947
49322,1.06245,20.2259
49323,1.06683,21.0554
49324,1.06628,19.9685
49325,1.05742,20.4152
49326,1.06159,20.0394
49327,1.06355,20.0079
49328,1.06576,19.9189
49330,1.06717,19.5633
49331,1.06643,19.7611
49333,1.06394,19.3486
49334,1.07138,18.1825
49338,1.06663,19.4161
49339,1.05893,19.5724
49340,1.0667,19.7669
49341,1.06749,16.9242
49343,1.06413,19.5158
49350,1.07132,18.4875
49351,1.07217,15.3867
49355,1.039,8.24537
49356,1.03908,8.46043
49357,1.03908,8.62066
49358,1.03973,8.74589
49359,1.03914,8.82989
49360,1.03414,10.3721
49361,1.03833,8.88864
49362,1.03725,9.13799
49363,1.03596,10.347
49364,1.03821,11.0062
49370,1.03961,8.0118
49371,1.02588,14.0926
49373,1.04604,13.1985
49375,1.06479,30.9313
49376,1.06344,32.5529
49377,1.06716,31.2138
49379,1.06391,31.7814
49383,1.067,31.0693
49385,1.06833,29.9479
49386,1.06678,29.9847
49387,1.06755,29.6909
49388,1.06865,29.7179
49389,1.06895,29.5552
49391,1.06934,29.4462
49393,1.07021,29.4694
49400,1.06603,34.6741
49401,1.06551,31.2494
49404,1.069,31.6928
49405,1.06875,31.2927
49406,1.06833,31.0725
49412,1.07276,31.9739
49413,1.0656,29.1555
49415,1.06497,35.9736
49417,1.09055,16.2365
49425,1.03182,25.6655
49426,1.0387,25.0236
49428,1.05608,16.5473
49429,1.09767,18.2059
49431,1.0999,19.2406
49434,1.01469,8.5092
49435,1.03661,10.9877
49436,1.01429,7.8491
49438,1.04694,13.7961
49439,1.05517,13.9108
49441,1.03096,13.1938
49442,1.02914,13.7901
49443,1.04909,12.1462
49444,1.04219,12.5001
49445,1.04526,12.1765
49446,1.04417,12.1836
49447,1.09394,19.2124
49448,1.08491,19.7785
49453,1.04031,29.0956
49454,1.05191,28.0886
49455,1.05715,29.0977
49459,0.963832,20.236
49461,0.965873,26.5486
49463,0.970002,15.7227
49464,0.961843,13.2531
49467,0.957316,13.8784
49468,1.07147,13.7218
49469,1.06081,8.6622
49470,1.07649,12.4412
49471,1.06996,10.8242
49472,1.01904,27.4217
49474,1.0052,30.1056
49475,1.01031,29.2067
49476,1.01145,29.5924
49477,1.04546,22.5589
49478,1.04328,22.9309
49483,1.01051,22.1928
49486,1.01609,22.116
49489,1.01922,22.2415
49490,1.0183,22.2606
49493,1.00902,30.6732
49494,1.0176,29.7673
49496,1.01124,29.5952
49497,1.01684,29.6221
49502,1.02312,26.7498
49503,1.02512,27.4932
49504,1.02248,28.0458
49506,1.01798,24.8514
49507,1.02862,23.3061
49508,1.02818,22.5197
49509,1.04011,29.6291
49510,1.04263,30.8816
49511,1.03768,32.838
49512,1.05113,29.6334
49513,1.03562,22.9989
49514,1.0561,19.7601
49520,1.00899,44.2811
49521,1.01741,42.0977
49522,1.04022,41.0298
49524,1.06018,9.1652
49525,1.06006,9.23698
49526,1.05989,9.34014
49529,1.04199,9.1957
49530,1.03936,9.68743
49531,1.05013,8.96653
49532,1.05369,8.56044
49533,1.06019,9.4738
49534,1.06035,12.3019
49535,1.06234,12.5813
49540,1.00004,20.752
49548,1.05209,24.2334
49549,1.04985,20.8895
49558,1.07721,27.0142
49559,1.07737,26.9217
49560,1.07699,26.7326
49561,1.08691,16.0508
49562,1.09242,16.0042
49567,1.06241,19.6107
49571,1.06146,19.7561
49572,1.04639,30.9557
49574,1.04078,29.2232
49575,1.03049,30.7839
49580,1.04036,29.7018
49581,1.05049,25.8794
49584,1.03427,29.635
49589,1.06271,18.6257
49591,1.06123,18.0769
49592,1.05814,17.5574
49595,1.05833,17.5582
49596,1.05955,17.707
49598,1.0597,17.7228
49601,1.05716,17.4559
49602,1.05709,17.4519
49604,1.06306,17.8449
49605,1.06368,16.3267
49607,1.05788,21.0629
49609,1.04316,13.3303
49610,1.05238,15.1245
49616,1.0699,18.0914
49617,1.07543,18.5538
49622,1.02183,23.1122
49623,1.02215,23.5904
49624,1.01992,29.0052
49632,1.05658,16.3965
49634,1.03782,22.5064
49645,1.06555,29.8753
49646,1.06521,29.8699
49647,1.06587,29.9148
49649,1.06594,29.9369
49651,1.06639,30.0568
49652,1.0676,30.3506
49653,1.06714,30.1606
49655,1.06701,30.1771
49656,1.06639,30.23
49657,1.06705,30.1617
49659,1.06643,30
49660,1.07161,32.7723
49661,1.07142,32.5803
49662,1.07,32.0729
49663,1.07122,32.551
49665,1.07103,31.593
49667,1.06881,30.7085
49668,1.07123,31.6904
49669,1.06943,30.892
49670,1.06979,31.0384
49675,1.06825,30.7134
49676,1.06733,30.3309
49677,1.06511,31.2539
49678,1.06944,31.7997
49679,1.06904,30.8173
49681,1.06794,31.5527
49682,1.0694,31.4518
49683,1.07139,32.4809
49685,1.06734,31.2575
49687,1.06191,31.991
49688,1.0632,31.3654
49689,1.06356,32.0004
49690,1.06436,32.3729
49691,1.06929,31.6007
49692,1.06531,32.5569
49693,1.06621,32.7937
49696,1.06918,31.7667
49697,1.06928,31.6933
49699,1.06334,32.9029
49700,1.06464,30.5315
49701,1.06487,31.2438
49702,1.06468,31.5032
49703,1.06484,30.7955
49704,1.06488,31.0112
49705,1.06157,30.044
49706,1.06201,29.9226
49707,1.06441,30.6638
49708,1.06326,30.2195
49709,1.06322,30.0133
49710,1.0656,31.3032
49711,1.0647,30.6463
49713,1.06457,30.6989
49714,1.07046,37.3546
49716,1.06809,33.0442
49717,1.06677,30.368
49718,1.06624,31.4636
49724,1.06038,35.9635
49725,1.06348,30.3995
49726,1.06559,27.6365
49728,1.04749,26.3855
49729,1.04098,25.2053
49730,1.02379,23.7067
49731,1.03131,23.0746
49736,1.02569,23.8163
49737,1.02848,24.1598
49744,1.06044,29.2982
49745,1.05292,30.1081
49749,1.05611,28.2525
49750,1.06093,28.5671
49751,1.05872,28.5979
49752,1.05371,28.8376
49753,1.05652,27.6989
49754,1.05761,27.2043
49755,1.05697,27.3585
49756,1.05856,27.0763
49757,1.05814,27.1189
49758,1.04933,30.8626
49759,1.05594,27.6837
49760,1.06061,27.6225
49761,1.0635,28.2959
49762,1.06249,28.6221
49765,1.05805,26.9667
49766,1.05829,26.8659
49768,1.05948,27.5541
49770,1.0616,28.7348
49771,1.06282,29.8238
49772,1.06208,30.9656
49773,1.0628,30.8763
49774,1.06873,29.3181
49776,1.06955,29.3385
49777,1.06612,29.4064
49778,1.06872,29.562
49779,1.06784,29.5046
49780,1.07201,29.8649
49781,1.07181,29.8711
49782,1.07226,29.9452
49783,1.07145,29.9174
49784,1.06978,29.6964
49785,1.07046,29.4928
49786,1.06777,29.3587
49787,1.06964,30.0133
49788,1.06586,29.9092
49789,1.05566,32.7073
49791,1.06783,30.024
49792,1.06964,30.1778
49793,1.06816,30.408
49794,1.06468,30.7412
49796,1.07156,30.7696
49797,1.06976,31.7716
49800,1.06735,37.366
49802,1.06824,33.998
49806,1.0702,38.1448
49808,1.06904,30.42
49809,1.07089,30.3449
49816,1.06923,30.5361
49817,1.06844,30.3637
49818,1.06775,30.2646
49819,1.06394,31.1882
49820,1.067,30.2732
49821,1.07299,30.3804
49822,1.07255,30.4962
49823,1.07236,30.8217
49824,1.07203,31.983
49825,1.07207,30.2713
49827,1.07247,29.9982
49828,1.07218,30.4084
49829,1.07041,38.2365
49830,1.07289,31.1661
49831,1.07386,30.7977
49834,1.07417,30.4879
49835,1.07422,30.459
49839,1.07391,30.1747
49843,1.07265,29.4373
49844,1.07322,29.5147
49845,1.07359,29.6175
49846,1.07382,29.8572
49847,1.07293,29.6217
49848,1.07276,29.9012
49849,1.07226,30.5514
49850,1.07162,30.9967
49851,1.07215,32.3075
49852,1.07212,32.3815
49855,1.07206,32.1461
49866,1.07199,30.6689
49868,1.07229,30.3934
49870,1.07074,31.8798
49871,1.07208,29.961
49872,1.07252,29.9654
49873,1.07256,30.0969
49874,1.07262,29.9685
49875,1.07291,29.5981
49876,1.07293,29.8235
49877,1.07281,29.5336
49878,1.07254,29.5276
49879,1.07255,29.4282
49884,1.07253,29.4166
49885,1.07126,29.543
49886,1.0716,29.5662
49887,1.07143,29.7362
49888,1.07113,29.7293
49889,1.07118,29.6427
49890,1.06747,31.6418
49892,1.067,31.8057
49893,1.06974,30.4657
49894,1.0686,30.8688
49895,1.06946,30.7816
49896,1.06837,33.0897
49897,1.06858,30.9348
49898,1.06127,32.8602
49899,1.06793,31.0797
49901,1.06911,30.8927
49902,1.06998,30.2886
49903,1.07049,29.7987
49904,1.07033,30.0028
49905,1.07078,29.6465
49906,1.0702,29.9168
49908,1.07108,29.5273
49911,1.07108,30.9322
49912,1.07154,30.0303
49913,1.07122,30.1896
49915,1.06958,30.236
49916,1.06895,30.4122
49918,1.06763,30.5074
49920,1.07064,29.808
49921,1.06765,32.0411
49923,1.07394,36.3527
49926,1.07291,35.533
49928,1.07393,34.5131
49930,1.07271,33.7565
49931,1.07234,31.8758
49932,1.07109,35.1251
49934,1.0729,29.8445
49936,1.07423,35.2164
49937,1.0052,28.5747
49938,1.03939,17.1052
49939,1.0635,17.9233
49941,1.03363,19.6401
49942,1.0365,19.0219
49943,1.06928,17.2555
49944,1.01969,23.3206
49949,1.04878,32.0752
49950,1.05072,31.9626
49951,1.05105,32.0342
49952,1.02887,37.5318
49955,1.05,34.2234
49956,1.04921,32.8287
49957,1.01309,40.9293
49959,1.05754,22.4564
49960,1.07082,24.1522
49962,1.04588,23.2887
49964,1.05043,32.992
49965,1.05716,37.0497
49966,1.05284,36.301
49967,1.0397,36.5826
49968,1.05239,36.3094
49971,1.05735,35.1968
49972,1.05003,16.939
49975,1.06629,23.321
49976,1.06468,22.5958
49977,1.06331,19.622
49978,1.03325,18.6262
49979,1.02667,16.9735
49980,1.03104,17.2292
49981,1.06478,22.6661
49982,1.06393,21.9593
49986,1.06349,23.2566
49988,1.05763,23.3793
49989,1.07486,22.5302
49990,1.07104,22.509
49992,1.05204,18.4329
49995,1.07048,15.9355
49996,1.07745,14.1577
49997,1.07344,14.5988
49998,1.07145,14.8117
49999,1.06754,14.365
50000,1.06356,16.3808
50001,1.05701,29.8721
50002,1.06155,30.8662
50003,1.06273,30.1532
50004,1.06188,30.4712
50005,1.05976,31.2262
50017,1.03405,14.5436
50018,1.02968,14.8079
50019,1.03994,14.8737
50020,1.03413,15.4104
50021,1.03949,16.8634
50024,1.04585,16.9181
50025,1.04385,17.444
50026,1.04596,16.8108
50027,1.04768,16.5079
50030,1.07148,29.7707
50031,1.07095,29.9755
50032,1.07134,30.0591
50033,1.07427,33.126
50034,1.07178,29.6055
50035,1.07194,29.5266
50038,1.07162,29.6857
50040,1.07078,30.5934
50041,1.07216,29.8392
50042,1.07054,30.5163
50043,1.07249,29.4283
50046,1.07409,30.5628
50047,1.07066,32.0587
50048,1.07055,32.0059
50049,1.07039,31.7828
50054,1.07164,30.1531
50055,1.07136,31.7226
50056,1.07135,31.788
50057,1.07086,29.9553
50062,1.07099,29.9651
50067,1.06272,32.6918
50068,1.07039,29.8325
50070,1.0696,29.6597
50071,1.06868,29.4781
50074,1.07004,29.7701
50078,1.06668,33.8104
50079,1.07119,31.8965
50080,1.06937,29.631
50081,1.06821,29.4101
50083,1.07165,29.5574
50084,1.07229,29.4564
50085,1.07159,29.6035
50086,1.07171,29.5279
50087,1.07158,29.5378
50088,1.07211,29.5992
50089,1.07124,29.6505
50090,1.07137,29.6884
50091,1.07068,29.8292
50092,1.07044,29.7613
50093,1.07002,29.6093
50094,1.0706,29.5355
50097,1.07024,29.5074
50098,1.06983,29.4987
50103,1.06707,29.1827
50105,1.0622,29.7674
50113,1.06796,29.4222
50114,1.06521,29.2554
50115,1.06796,29.4335
50116,1.0694,29.5267
50118,1.06791,29.496
50119,1.06716,30.4674
50120,1.06502,29.15
50121,1.05966,29.9768
50123,1.05964,29.1734
50124,1.05974,29.6017
50126,1.07135,31.6309
50128,1.06745,29.2889
50129,1.07058,30.2358
50132,1.06619,29.1715
50135,1.04853,13.7826
50136,1.09172,21.865
50137,1.08338,15.6045
50140,1.02538,4.42634
50141,1.03224,3.26089
50142,1.01751,-0.564968
50143,1.05954,5.02241
50144,1.01764,-0.566467
50145,1.05951,16.0356
50146,1.03055,3.56073
50147,1.02683,6.97889
50148,1.08284,17.5096
50149,1.09008,17.7517
50150,1.01765,2.06363
50151,1.03135,7.25052
50152,1.06143,15.4674
50153,1.00484,1.79492
50154,1.07063,20.9838
50155,1.0174,3.07805
50156,1.0657,17.1636
50157,1.01842,1.80347
50158,1.08038,15.7455
50159,1.04658,7.60607
50160,1.03822,10.7165
50161,1.07225,20.4452
50162,1.08229,9.96633
50163,1.09938,3.95478
50164,1.1,4.10603
50165,1.08121,19.7859
50166,1.03502,3.52013
50167,1.03516,-0.386524
50169,1.09429,0.426199
50170,1.08314,17.5961
50171,1.01831,0.105859
50172,0.990172,-4.09768
50175,1.02469,0.237162
50178,1.00646,-5.43673
50179,1.00466,-5.06217
50182,1.05304,55.7067
50183,1.04646,53.7328
50185,1.05228,51.5947
50186,1.06827,42.0623
50188,1.06878,42.4073
50189,1.03173,39.3752
50190,1.04126,40.3316
50191,1.05713,51.3612
50192,1.05551,52.1194
50193,1.05561,49.8248
50194,1.03224,39.3817
50195,1.07459,37.2303
50196,1.05002,52.1564
50197,1.041,40.7063
50200,1.07159,51.9331
50202,1.05065,48.9355
50205,1.06375,39.0117
50206,1.08695,21.8973
50207,1.04054,30.6859
50208,1.08434,21.1741
50209,1.06191,16.9843
50210,1.0759,18.4064
50211,1.03197,9.134
50212,1.0852,21.4996
50213,1.00378,2.68599
50215,1.05515,12.0197
50216,1.04057,8.50275
50217,1.0725,4.71053
50218,1.05504,11.1166
50219,1.02921,9.82456
50220,1.03369,6.99721
50221,1.08272,15.2875
50223,1.04536,10.1059
50224,1.00796,2.36505
50225,1.05589,12.0066
50226,1.1,31.9939
50227,1.06802,5.70515
50230,1.04663,20.5132
50231,1.06283,10.4232
50232,1.04486,6.87785
50233,1.03612,6.07793
50234,1.09632,6.85547
50235,1.06559,19.1993
50238,1.07624,0.739051
50239,1.00688,3.1233
50240,1.09998,4.44391
50241,1.08914,0.511388
50242,1.09996,5.83076
50243,0.987906,-14.8788
50244,1.06945,0.430663
50245,1.08373,-3.24693
50246,1.00652,-16.1502
50247,1.09666,4.21798
50248,1.06493,-1.05891
50250,1.02839,-7.03697
50252,1.02169,-9.11378
50253,1.0362,-3.47675
50254,1.02197,-7.39259
50256,1.06796,-8.20765
50257,1.04781,-3.88178
50258,1.08426,-4.38614
50259,1.0262,-4.7988
50260,1.07371,-3.92724
50261,1.08243,-3.57481
50262,1.06733,-7.65491
50263,1.06025,-7.42959
50264,1.06518,-6.25192
50265,0.982356,-14.2076
50266,1.00616,1.60767
50267,0.998202,-18.296
50268,1.07948,2.92612
50269,0.964768,-10.6761
50270,1.02102,-8.42591
50271,1.06342,6.39709
50272,1.00728,-8.94287
50273,1.06519,-6.26183
50274,1.1,1.78782
50275,1.07877,6.21908
50276,0.992329,-16.0581
50277,1.02238,-11.1939
50278,1.0802,3.7303
50279,1.01947,-1.83335
50280,1.08362,-6.24176
50281,1.08312,6.17198
50282,1.05385,2.42246
50283,1.07245,13.8312
50285,1.07709,-0.641863
50286,1.06673,-10.695
50287,1.04534,-10.7297
50289,1.07351,4.95848
50290,1.08669,1.90559
50291,1.05865,41.4822
50292,1.00379,38.1885
50293,0.969517,20.0651
50294,1.1,41.306
50296,1.08535,44.4865
50297,1.00653,14.6024
50298,1.01602,35.2532
50299,1.1,42.4017
50301,0.996829,35.8464
50302,0.954328,28.1719
50303,1.1,44.2975
50304,1.07639,26.4732
50305,0.925415,4.14776
50306,1.06831,42.0164
50308,1.07978,39.5507
50309,1.00114,24.99
50310,1.07236,-3.89776
50311,1.05023,-6.46946
50312,1.0548,1.36615
50313,1.07267,2.16116
50314,1.02504,3.5262
50315,1.09126,-3.10893
50316,1.03347,3.30263
50317,1.07103,-1.4166
50318,1.07352,3.43924
50319,1.06039,14.7675
50320,1.06662,-6.05957
50321,1.05846,-0.905457
50322,1.07833,0.643947
50323,1.0631,0.84803
50324,1.0541,0.96655
50325,1.06807,19.6544
50326,1.06007,9.73919
50327,1.05611,1.65521
50328,1.06656,1.01592
50329,1.05961,-0.765369
50330,1.09111,-2.87878
50331,1.06008,9.75322
50332,1.03624,-3.47887
50333,1.06012,9.76005
50334,1.04414,10.8683
50335,1.07436,-13.4775
50336,1.08034,-12.2926
50337,1.09575,14.4775
50341,1.06285,-7.82317
50342,1.06047,8.10633
50343,1.04296,6.8252
50344,1.06303,0.763367
50345,1.02661,7.17003
50346,1.05097,-6.69359
50347,1.07347,-3.77469
50348,1.08176,7.21886
50349,1.05665,4.1533
50350,1.03672,-2.39781
50351,1.07206,-4.20824
50352,1.06437,3.10635
50353,1.08035,-6.62427
50354,1.07302,3.81221
50355,1.08751,-3.23882
50356,1.0646,9.34782
50357,1.06361,7.67864
50358,1.06762,6.58833
50361,1.06682,-6.05663
50362,1.06896,-0.600943
50363,1.0677,-0.152823
50364,1.04372,6.80878
50365,1.06683,-9.76651
50366,1.06705,7.89457
50367,1.03148,-0.995645
50368,1.05326,-2.36337
50369,1.06365,9.60496
50370,1.05219,12.3257
50371,1.03206,-2.20898
50372,1.08532,-5.60036
50373,1.06661,8.05156
50374,1.06519,7.26576
50375,1.06572,6.09084
50376,1.05429,0.0457569
50377,1.0891,-4.0457
50378,1.08688,2.41545
50379,0.991921,3.32987
50380,1.02249,0.0223669
50381,1.08643,-4.89879
50382,1.08968,3.15053
50383,1.03418,9.25869
50384,1.06798,7.07521
50385,1.09136,-3.07573
50387,1.02961,1.30049
50388,1.06141,3.74107
50389,1.07181,10.4437
50390,1.05769,9.19257
50391,1.08576,-5.56243
50392,1.07557,-4.05564
50393,1.07461,21.7857
50394,1.06344,10.0391
50395,1.08813,0.150668
50396,1.07133,8.30203
50399,1.02736,1.15647
50400,1.07909,-1.81154
50401,1.05229,0.525468
50402,1.07465,21.7788
50403,1.06837,-10.8944
50405,1.07453,4.28521
50406,1.09152,-1.82615
50407,1.07662,-0.451009
50408,1.06633,7.61052
50409,1.06647,3.12012
50410,1.05866,5.6647
50411,1.0835,15.2682
50412,1.04513,7.28649
50413,1.04153,-2.83772
50414,1.06322,-4.36518
50415,1.06757,5.54551
50417,1.07544,4.77854
50418,1.06336,7.84439
50419,1.06454,2.43515
50420,1.07545,-0.98502
50421,1.0577,9.61187
50422,1.03654,-1.77884
50423,1.06992,-14.385
50424,1.05423,4.55555
50425,1.04666,5.15298
50426,1.06181,11.1453
50428,1.05462,9.4196
50429,1.07218,-11.1519
50430,1.06052,10.2676
50432,1.05953,9.336
50433,1.05744,9.86993
50434,1.07453,-6.08195
50435,1.1,14.1705
50436,1.05677,9.6023
50437,1.05767,3.56702
50440,1.04608,-3.84173
50441,1.03958,6.04881
50442,1.09124,-1.87518
50443,1.05911,10.9985
50444,1.07595,-2.49175
50445,1.05553,-4.60489
50446,1.06141,3.85597
50447,1.0696,8.32012
50449,1.09003,3.58173
50450,1.07226,7.13785
50451,1.0574,9.8134
50452,1.06383,7.72721
50453,1.08364,8.0165
50454,1.05855,-7.02763
50455,1.08957,-3.69639
50457,1.05664,-0.577479
50458,1.08387,-15.8728
50459,1.0541,-6.25594
50460,1.08925,-4.03863
50461,1.08674,-4.41308
50462,1.04561,9.44377
50463,1.07833,-11.7298
50464,1.07496,6.51403
50465,1.09142,2.33911
50466,1.09579,-16.8696
50468,1.09831,9.00185
50470,1.05725,-4.37054
50471,1.0995,10.8119
50473,1.07667,4.96158
50474,1.05822,9.96446
50475,1.09282,-3.12548
50477,1.0717,10.3959
50478,1.06427,10.1756
50479,1.08076,-7.73483
50480,1.04072,5.6346
50481,1.0692,-5.54896
50483,1.07056,7.51133
50484,1.07525,-16.4095
50485,1.0577,9.19515
50486,1.06311,11.5425
50487,1.06024,0.130811
50488,1.06217,-3.33908
50490,1.04662,7.44961
50491,1.09088,-4.21826
50494,1.05936,6.49342
50495,1.08767,-1.27722
50496,1.08894,-5.89636
50497,1.06781,-8.88355
50498,1.02621,6.10476
50499,1.05139,-1.18412
50500,1.09051,-4.54745
50501,1.04148,-0.825285
50502,1.09005,14.1807
50503,1.06271,-3.01786
50505,1.05151,16.8497
50506,1.0778,-8.98247
50507,1.06485,6.395
50508,1.09196,-1.73716
50510,1.08024,-12.8479
50512,1.06094,5.7704
50513,1.08069,12.7731
50514,1.03577,-0.206839
50515,1.0912,-3.61482
50516,1.04128,-4.24076
50518,1.04818,-3.08739
50519,1.05115,-2.57351
50520,1.02377,1.87763
50521,1.0438,-3.56485
50523,1.07145,7.04083
50524,1.05694,-0.0112461
50525,1.0922,6.32618
50526,1.08169,-9.09171
50527,1.05903,9.91817
50528,1.07609,-9.96084
50529,1.06284,5.86168
50530,1.09917,-1.19771
50531,1.09622,13.8913
50533,1.05087,-4.97957
50534,1.09488,-6.73151
50535,1.07644,-8.9641
50536,1.03727,-6.97721
50537,1.09143,-4.22219
50539,1.06207,8.60208
50540,1.06345,2.76501
50541,1.0711,20.7217
50543,1.06271,10.8381
50544,1.0663,-4.08319
50545,1.05339,-5.55305
50546,1.04914,-5.08394
50548,1.07154,6.65995
50549,1.07251,-6.69456
50550,1.08905,8.77932
50552,1.0888,7.8686
50553,1.08277,8.09798
50554,1.08174,8.13521
50555,1.09395,16.4821
50556,1.1,12.0873
50557,1.07949,16.7678
50558,1.08452,19.6323
50559,1.07184,19.8903
50560,1.08203,22.4686
50561,1.08217,-0.765477
50562,1.06404,-3.84977
50563,1.0316,2.41202
50564,1.01939,2.197
50565,1.01593,1.43613
50567,1.00955,0.138656
50570,1.01284,-0.572343
50571,1.08844,15.6855
50573,1.09057,14.4892
50574,1.07739,14.8786
50576,1.08557,12.7968
50577,1.0823,15.3869
50578,1.08615,12.558
50579,1.02446,0.806272
50580,1.02401,1.01823
50581,1.02647,-0.633942
50582,1.02604,-0.497018
50585,1.01983,-0.189774
50586,1.02436,-2.27832
50587,1.02454,0.392604
50588,1.02483,0.129177
50592,1.03468,4.7708
50593,1.09097,-4.3016
50594,1.0517,10.7438
50596,1.04553,7.19135
50597,1.03361,8.69913
50598,1.03482,7.77628
50599,1.03856,6.13878
50600,1.06935,18.4526
50601,1.04991,2.49647
50602,1.03623,7.32769
50603,1.03824,7.4923
50604,1.02799,5.77136
50605,1.03141,5.18282
50606,1.03187,5.21121
50609,1.06779,13.2594
50610,1.06974,15.683
50611,1.02805,-8.92011
50613,0.991819,-4.98646
50614,0.996783,-3.83268
50615,0.991171,-4.51931
50616,0.998416,-2.65461
50617,0.997154,-3.10286
50618,0.993644,-5.6076
50619,0.996257,-4.4333
50622,0.996246,-4.68498
50623,1.06054,13.0869
50626,1.05743,12.2677
50627,1.05239,12.9106
50629,1.05601,11.8908
50630,1.05256,11.8744
50633,1.05072,10.9995
50634,1.07251,17.1993
50635,1.06863,18.0701
50636,1.03287,4.24619
50637,1.01899,1.86112
50638,1.01771,2.76042
50639,1.01842,3.07421
50640,1.02732,3.00576
50642,1.08839,11.9587
50643,1.08986,12.239
50644,1.09149,12.9483
50645,1.08146,19.4925
50646,1.0821,19.2783
50647,1.08313,18.3396
50648,1.0817,19.4329
50649,1.08152,19.5449
50650,1.08161,19.5019
50652,1.08229,18.728
50653,1.08271,18.5774
50656,1.0831,17.8244
50657,1.08175,19.3891
50658,1.0829,17.9509
50659,1.08191,19.2957
50660,1.08264,18.565
50662,1.08344,18.5852
50663,1.09367,16.097
50664,1.07517,16.0543
50665,1.07209,16.3704
50666,1.08378,18.0447
50667,1.04004,1.34014
50668,1.04074,1.12218
50670,1.08254,10.9976
50671,1.08135,13.7479
50672,1.08118,13.1694
50673,1.0662,17.0995
50674,1.07237,11.5105
50675,1.08558,13.987
50676,1.01837,-1.16335
50678,1.08718,13.4034
50679,1.089,15.1563
50680,1.08021,15.7391
50683,1.08895,14.2726
50689,1.09094,16.4359
50690,1.03387,3.23411
50691,1.04109,1.64546
50692,1.03319,3.06589
50694,1.04103,3.39789
50695,1.03587,3.11775
50698,1.08975,17.2828
50701,1.09003,17.4164
50702,1.04896,8.10979
50705,1.04984,6.48761
50706,1.05085,6.66489
50708,1.05086,7.65985
50710,1.08524,8.84559
50711,1.07978,11.1331
50712,1.0776,11.2236
50713,1.07931,11.2317
50714,1.09231,13.9676
50715,1.09588,11.3401
50716,1.0784,9.14649
50717,1.06311,5.45171
50718,1.07357,12.5338
50719,1.03775,5.87221
50720,1.03371,4.39686
50722,1.08094,11.8446
50723,1.07586,-5.3421
50724,1.0907,-3.78181
50725,1.08558,-4.51088
50726,1.02853,1.17848
50728,1.02833,1.23609
50729,1.02837,1.16793
50730,1.02876,1.5213
50731,1.02851,3.06528
50732,1.09263,15.7986
50733,1.04194,3.57655
50735,1.04938,13.9688
50736,1.04882,12.827
50737,1.06319,15.3461
50738,1.07239,15.9667
50739,1.07457,14.9465
50740,1.0781,17.5654
50741,1.05537,4.19382
50742,1.05413,4.54712
50743,1.07839,18.2234
50744,1.07912,18.4035
50745,1.07962,18.4541
50746,1.07914,18.4437
50747,1.07474,19.4191
50748,1.0795,18.3335
50749,1.07981,18.112
50750,1.08098,18.3443
50753,1.07977,17.9454
50754,1.0806,18.1267
50757,1.08103,18.2342
50758,1.08065,18.0081
50759,1.08035,17.8827
50760,1.0809,17.8941
50761,1.07799,18.8408
50763,1.08116,17.8989
50765,1.08217,17.6919
50766,1.08205,17.7041
50767,1.08185,17.8034
50768,1.0792,17.41
50770,1.07794,17.2329
50771,1.07991,17.6619
50772,1.07955,17.5368
50774,1.07863,17.3215
50775,1.08031,18.0295
50776,1.07678,17.5883
50779,1.07583,17.7867
50781,1.07551,17.9039
50782,1.07679,17.4529
50783,1.0768,17.6052
50784,1.07588,17.9677
50786,1.07741,17.1384
50787,1.07665,17.2957
50790,1.07652,17.1632
50791,1.07639,17.151
50792,1.07666,17.1695
50793,1.07716,17.471
50796,1.07644,17.5893
50797,1.08183,17.7748
50798,1.08145,18.0642
50799,1.07624,17.5256
50800,1.07665,17.5023
50801,1.07487,17.522
50802,1.07451,17.5815
50803,1.08268,18.2797
50807,1.08231,17.5252
50808,1.08219,17.578
50809,1.08232,17.5395
50811,1.08262,17.4975
50812,1.07904,16.8953
50813,1.08328,17.2251
50814,1.08285,17.0697
50815,1.08229,16.9757
50817,1.08208,16.9447
50821,1.0819,16.9571
50822,1.08366,17.4526
50823,1.07865,18.6913
50828,1.079,18.6412
50829,1.08275,17.9431
50830,1.08121,17.917
50831,1.07893,18.6071
50832,1.07775,18.6677
50833,1.08165,16.9968
50834,1.08122,17.6395
50835,1.07708,18.74
50836,1.06989,19.498
50837,1.07986,18.4139
50838,1.07801,18.7635
50839,1.08071,18.052
50840,1.07833,18.6897
50841,1.07821,18.7149
50843,1.08123,17.5029
50844,1.08132,17.1965
50845,1.08116,17.3337
50846,1.08168,17.4906
50847,1.08152,17.65
50848,1.08264,17.5208
50849,1.08282,17.8512
50850,1.08185,17.0107
50851,1.08173,16.9667
50852,1.08266,17.5664
50853,1.08273,17.6662
50856,1.08196,17.0316
50857,1.08253,17.5337
50859,1.08288,17.5386
50860,1.09494,15.4392
50861,1.0837,17.5114
50863,1.08329,17.5429
50864,1.08312,17.5203
50865,1.08345,17.6176
50866,1.08457,17.4532
50867,1.0834,17.9593
50869,1.08201,18.0452
50870,1.08235,17.4345
50871,1.07693,17.3812
50875,1.06546,-0.797051
50877,1.04575,-4.24074
50878,1.06037,4.84539
50879,1.06259,4.44998
50880,1.0606,6.13312
50881,1.06441,3.47072
50882,1.06472,3.32979
50883,1.06167,1.87346
50884,1.05288,5.40117
50886,1.08624,11.8486
50887,1.08306,21.7031
50888,1.0836,21.9861
50889,1.08173,21.2802
50891,1.08061,21.4922
50893,1.07768,21.6881
50894,1.07803,20.248
50895,1.0768,20.7311
50896,1.07516,20.8013
50897,1.07978,18.7918
50900,1.0789,19.5414
50901,1.07962,19.258
50902,1.0798,23.137
50903,1.03529,1.59742
50904,1.09277,18.8405
50905,1.09517,17.2995
50906,1.06245,10.9395
50907,1.03868,8.95516
50908,1.03898,8.53815
50909,1.03903,8.75781
50910,1.04266,7.15689
50911,1.03881,8.88776
50912,1.04224,9.18435
50913,1.03806,7.60241
50914,1.03946,8.7525
50915,1.02252,1.08689
50916,1.02004,0.498081
50917,1.01682,-1.54564
50918,1.01867,1.37874
50919,1.01847,1.663
50920,1.01843,1.71394
50921,1.0285,1.28459
50922,1.02766,-0.42455
50923,1.03306,-0.989719
50924,1.03051,1.18381
50925,1.03048,1.65891
50926,1.06374,8.31016
50927,1.03144,6.44494
50928,1.04346,10.6624
50929,1.02567,4.85557
50930,1.06319,5.31666
50931,1.06258,5.22581
50932,1.08711,17.2825
50933,1.08468,18.9078
50934,1.0883,20.5544
50935,1.09057,21.2129
50936,1.09001,18.3819
50937,1.08921,17.5324
50939,1.09011,17.8787
50940,1.04091,3.98746
50942,1.07158,3.44799
50943,1.06884,0.698098
50944,1.0719,3.26157
50948,1.06827,5.42426
50950,1.0919,0.151343
50951,1.09312,0.458661
50952,1.08137,2.15749
50953,1.09135,-0.102885
50954,1.09128,-0.163822
50957,1.08714,12.6049
50958,1.08317,13.222
50959,1.08139,13.8513
50960,1.06369,11.8816
50961,1.07975,6.26608
50962,1.07978,8.46919
50964,1.0771,7.85097
50966,1.05088,4.25154
50967,1.04929,4.00719
50968,1.06493,15.6321
50970,1.05838,13.4496
50972,1.04973,11.8881
50974,1.06585,8.21501
50976,1.02998,3.93949
50977,1.0247,-2.259
50978,1.03063,-2.05936
50979,1.07815,7.59825
50980,1.08318,8.95763
50981,1.0794,9.80814
50982,1.04819,12.1465
50983,1.0499,11.7704
50984,1.04835,13.6352
50985,1.04494,12.27
50986,1.087,-0.869793
50987,1.07721,-1.63183
50988,1.07919,-1.47718
50989,1.05705,21.9987
50990,1.01516,0.859368
50991,1.01582,0.519668
50992,1.01638,0.407171
50994,1.01747,-0.396763
50995,1.01793,-0.280054
50996,1.0163,0.422636
50998,1.01601,0.529486
50999,1.01758,2.07315
51000,1.01757,0.135012
51001,1.01726,-1.04343
51002,1.01846,-0.301389
51003,1.01966,-0.570072
51004,1.02102,-0.310081
51006,1.0408,-1.52667
51007,1.03641,6.48058
51009,1.03653,6.43332
51010,1.01931,-1.46438
51011,1.0198,-1.37351
51012,1.0203,-1.1163
51014,1.04997,9.29615
51015,1.04988,9.23765
51017,1.04982,8.64729
51018,1.04978,9.21821
51021,1.04954,10.051
51023,1.04836,10.6993
51025,1.04867,7.88965
51026,1.04602,8.61916
51027,1.07536,11.8948
51028,1.0776,13.2368
51029,1.05214,4.36289
51030,1.04456,4.0562
51031,1.02755,7.08662
51032,1.04763,8.77577
51033,1.02154,0.922263
51038,1.02104,-0.722015
51041,1.0207,-0.0308911
51042,1.02049,0.0209199
51044,1.02095,-0.195728
51045,1.07195,10.4387
51046,1.02739,-0.272894
51047,1.02683,-1.07361
51048,1.02694,-1.05782
51049,1.02626,0.10497
51050,1.02747,-0.656013
51051,1.02736,-1.19123
51055,1.02821,-1.56524
51057,1.031,-1.89759
51058,1.02773,-0.751032
51059,1.0285,-1.72324
51060,1.02854,-1.82145
51061,1.02846,-1.76862
51062,1.02855,-1.87885
51063,1.02877,-1.76554
51064,1.02949,-2.02673
51065,1.03031,-2.03579
51066,1.03087,-1.96522
51067,1.02832,-0.934006
51068,1.0282,-0.894512
51069,1.03117,-2.01001
51070,1.03105,-2.05497
51072,1.02852,-1.03755
51074,1.02865,-1.91977
51075,1.02886,-1.99769
51076,1.02908,-2.29827
51077,1.03067,-2.14922
51078,1.03047,-2.09073
51079,1.02823,-0.892191
51080,1.03041,-1.34728
51081,1.03113,-2.08548
51083,1.02969,-0.735027
51086,1.03091,-2.92001
51087,1.03024,-1.17304
51089,1.03144,-2.29605
51092,1.02881,-2.4503
51093,1.02925,-2.0285
51095,1.02833,-2.65814
51096,1.02764,-1.42893
51103,1.02691,-0.757889
51104,1.02669,-3.10212
51105,1.02652,-2.94651
51111,1.02734,-0.470505
51112,1.02737,-1.32801
51114,1.02262,2.56131
51115,1.02734,-0.152302
51116,1.02634,-0.223886
51122,1.02657,-0.846946
51123,1.02809,-0.860332
51124,1.02992,-0.599224
51125,1.03356,-1.8558
51126,1.02409,-0.80127
51127,1.02391,-1.89107
51128,1.02364,-1.88066
51129,1.02416,-2.0776
51130,1.02271,-0.629219
51134,1.02694,-0.639552
51135,1.01967,-1.66383
51136,1.0279,-0.983859
51137,1.0247,-2.19908
51138,1.02737,-2.29358
51139,1.0247,-2.21121
51141,1.03014,2.87589
51142,1.03038,-2.03608
51143,1.02937,-1.51008
51145,1.02907,-4.17927
51146,1.02847,-4.3585
51147,1.02659,-4.45007
51148,1.02672,-0.684962
51150,1.02699,-3.09656
51152,1.02995,-3.64652
51153,1.02732,-2.25774
51158,1.02727,-2.4156
51161,1.02646,-2.92738
51162,1.02664,0.442268
51163,1.02544,0.0613364
51164,1.02129,-0.851705
51165,1.02255,-0.20439
51169,1.02734,-2.06606
51170,1.08474,10.8952
51171,1.08596,10.5939
51172,1.08376,10.4885
51173,1.08704,10.8176
51174,1.08647,10.6944
51175,1.06569,14.033
51176,1.06557,14.083
51177,1.065,14.153
51178,1.06088,14.8043
51179,1.06502,14.3123
51180,1.06317,15.6158
51181,1.06595,14.2887
51182,1.06591,14.2307
51183,1.06594,14.1777
51184,1.0661,14.2195
51185,1.06653,14.0904
51187,1.06717,13.9711
51189,1.06575,13.9999
51190,1.06535,13.9978
51192,1.06457,14.1746
51193,1.06475,13.9721
51196,1.05899,14.584
51198,1.06782,14.0441
51199,1.06711,13.9965
51203,1.06566,14.3945
51204,1.06594,14.2376
51205,1.06512,14.1249
51206,1.06505,13.7306
51207,1.05113,14.882
51212,1.0582,14.6499
51213,1.06871,15.2067
51214,1.06588,15.0178
51215,1.07257,14.834
51216,1.06556,14.16
51217,1.06477,14.0477
51218,1.07358,11.413
51219,1.07983,11.359
51220,1.05683,12.2482
51221,1.06739,12.1816
51222,1.06696,3.4173
51223,1.06277,4.87711
51224,1.03299,0.712419
51225,1.05335,-1.18539
51226,1.1,12.8385
51227,1.08856,12.2279
51229,1.00785,-5.17031
51230,1.03264,-3.05288
51231,1.00613,-5.95393
51232,1.00647,-5.3592
51234,1.00526,-4.68682
51237,1.07661,9.80679
51238,1.05674,8.02327
51239,1.05367,7.34312
51240,1.06979,12.6776
51241,1.03443,5.25184
51242,1.03463,6.64108
51243,1.06289,15.4873
51245,1.06663,4.35517
51247,1.06898,3.83391
51250,1.06965,21.1188
51252,1.07068,20.9887
51253,1.07078,20.9979
51254,1.07101,20.9331
51255,1.07077,20.9924
51256,1.07123,20.8676
51257,1.07115,20.8602
51260,1.07022,20.9593
51261,1.07052,20.8812
51262,1.07129,20.7921
51263,1.07172,20.6963
51265,1.07244,20.4662
51266,1.07145,20.7166
51267,1.07073,20.8255
51269,1.07098,20.7626
51270,1.07124,20.703
51271,1.07157,20.6572
51273,1.07568,19.4087
51274,1.07577,19.2555
51275,1.07609,19.1099
51276,1.07227,20.4295
51278,1.07534,18.683
51279,1.07308,20.0895
51280,1.07692,18.8998
51281,1.07829,18.4089
51282,1.07761,18.6571
51284,1.07513,18.0366
51286,1.07626,18.1679
51287,1.07437,18.2048
51288,1.08282,20.1456
51290,1.07605,18.6936
51291,1.07527,18.5603
51294,1.07366,19.8213
51296,1.07676,18.5953
51297,1.0768,18.7106
51298,1.07722,19.1225
51299,1.07689,18.9572
51300,1.07693,19.3464
51301,1.07438,20.0308
51304,1.07036,21.1037
51305,1.06999,21.2215
51307,1.07505,18.1771
51308,1.07566,18.5939
51309,1.07578,18.6135
51310,1.07655,18.6666
51311,1.07726,19.1733
51312,1.07507,17.8626
51313,1.07905,18.679
51314,1.07508,17.9616
51315,1.07691,18.6478
51317,1.07733,18.5029
51318,1.04938,7.82881
51320,1.0413,6.09146
51321,1.03986,5.95836
51322,1.0447,5.22653
51323,1.04578,7.06204
51324,1.04438,6.57781
51325,1.04134,5.23069
51326,1.07639,7.30024
51327,1.08348,13.7927
51328,1.08213,11.75
51329,1.06608,9.33986
51333,1.07139,7.04171
51334,1.07112,4.94906
51336,0.91821,-41.6944
51337,0.917343,-41.3468
51338,1.08349,23.499
51341,1.0837,7.09878
51342,1.05634,16.264
51346,1.08823,5.47258
51350,1.08964,5.39923
51351,1.07861,9.28903
51352,1.07735,11.7882
51353,1.08601,10.7947
51355,1.06613,5.86767
51356,1.06244,6.25656
51357,1.07503,14.6744
51358,1.07458,14.2513
51359,1.0708,12.0226
51360,1.07301,13.6769
51361,1.08169,19.847
51362,1.0758,18.5318
51363,1.08041,15.6125
51364,1.07285,16.5719
51368,1.03711,28.501
51371,1.04332,4.029
51373,1.07857,6.15487
51375,1.07147,3.76393
51376,1.09838,9.73529
51377,1.05996,15.756
51378,1.1,10.1161
51383,1.06695,9.62167
51384,1.06768,9.58479
51385,1.06908,9.58061
51386,1.07823,11.5439
51387,0.941622,-20.0527
51388,0.94712,-19.2553
51389,1.0752,12.7573
51390,1.07158,18.2142
51391,1.0688,18.4473
51392,1.07487,17.4477
51394,1.07823,16.0317
51397,1.03659,14.4767
51398,1.09265,7.50403
51399,1.06776,8.99404
51400,1.07157,5.89983
51401,1.0628,10.8623
51402,1.06314,10.329
51403,1.05984,9.44527
51404,1.0629,10.4784
51405,1.06301,10.3489
51406,1.06001,9.54981
51407,1.06324,10.21
51409,1.05778,11.0211
51410,1.05603,11.6308
51412,1.05797,10.8854
51413,1.05686,11.4603
51415,1.05831,10.2267
51416,1.05834,10.2208
51417,1.05607,11.1251
51418,1.05537,11.0915
51419,1.05455,10.4147
51420,1.05599,11.1971
51423,1.05342,10.5798
51424,1.05592,11.215
51425,1.05582,11.2528
51426,1.05559,10.0153
51427,1.05743,10.4317
51428,1.05895,10.6494
51429,1.05946,10.7345
51430,1.06006,10.705
51431,1.05626,11.4705
51432,1.05609,9.85573
51433,1.05525,10.018
51434,1.05698,9.72999
51435,1.05677,9.74187
51436,1.05948,9.6495
51437,1.06117,9.68284
51439,1.05831,9.7292
51440,1.05544,10.1411
51441,1.05547,10.2162
51442,1.0584,9.72197
51443,1.05868,9.72649
51444,1.05902,9.69897
51446,1.06147,9.6955
51447,1.06164,9.76602
51448,1.06099,9.86962
51449,1.0591,9.83439
51450,1.05869,9.86885
51452,1.05877,10.3102
51453,1.05916,10.3792
51454,1.06036,10.3297
51455,1.06108,10.0659
51456,1.06383,10.2253
51457,1.06282,10.3178
51458,1.05778,11.3443
51459,1.05769,11.4014
51460,1.05859,10.5768
51461,1.0576,11.4719
51463,1.05684,11.6279
51464,1.05606,11.8017
51465,1.06066,11.9224
51466,1.05838,11.3477
51467,1.06306,10.4027
51468,1.06308,9.74985
51469,1.06634,10.4939
51470,1.06637,10.1001
51471,1.0618,11.8508
51472,1.06438,10.4958
51473,1.06681,10.2121
51474,1.06574,10.141
51475,1.06461,9.89813
51476,1.06644,10.3673
51477,1.06646,11.5681
51478,1.06801,10.6101
51479,1.07085,11.2982
51480,1.0686,10.4852
51481,1.06809,10.421
51482,1.06526,10.2286
51483,1.07053,11.5909
51484,1.0659,11.8056
51485,1.06636,10.3642
51486,1.06414,10.2564
51487,1.06241,9.86401
51488,1.0594,9.66301
51489,1.0577,11.4543
51490,1.05756,11.5109
51491,1.05739,11.5926
51493,1.0594,12.0136
51494,1.07022,10.2629
51495,1.07053,10.2088
51496,1.06511,11.5379
51498,1.06322,11.7821
51499,1.07083,9.61123
51500,1.07055,9.87215
51501,1.07111,9.64115
51502,1.06973,10.2409
51503,1.07039,9.31398
51504,1.07242,10.152
51505,1.06647,11.6854
51506,1.0664,11.7126
51507,1.06586,11.895
51508,1.07395,15.2444
51509,1.06876,10.2261
51510,1.07381,10.1533
51511,1.07136,9.87746
51512,1.07117,10.0123
51513,1.07012,10.1819
51514,1.06962,10.2541
51515,1.06827,10.3274
51516,1.06858,10.1667
51517,1.07162,9.94943
51518,1.07095,10.0812
51519,1.07068,10.3859
51521,1.07286,9.93527
51522,1.07148,10.3272
51523,1.0665,11.5331
51524,1.06882,10.408
51525,1.07324,9.9487
51526,1.07284,10.014
51527,1.07135,10.5659
51529,1.07361,9.99514
51530,1.07309,10.0241
51531,1.07281,9.9659
51532,1.07239,10.2801
51533,1.07191,10.6348
51534,1.07138,11.0111
51535,1.07053,11.6458
51536,1.06828,11.3103
51537,1.06593,10.9286
51538,1.06406,10.7273
51539,1.07131,9.69608
51540,1.07062,9.824
51541,1.07002,9.99887
51542,1.06949,10.2269
51543,1.06694,11.7217
51544,1.06568,12.0075
51545,1.06686,10.707
51546,1.06588,11.8211
51547,1.06383,10.8137
51548,1.07152,9.66725
51549,1.07126,9.76556
51551,1.07234,9.86088
51552,1.0672,8.07211
51553,1.06951,8.54469
51556,1.07387,9.75493
51557,1.07188,9.6059
51558,1.07238,9.7314
51559,1.07292,9.52641
51560,1.07313,9.54701
51561,1.07316,9.68624
51562,1.07337,9.65851
51563,1.07212,9.69484
51565,1.034,-0.634935
51566,1.03165,0.725466
51568,1.06826,4.60673
51569,1.05548,23.5724
51570,1.04,21.0458
51571,1.05585,10.8653
51572,1.00538,1.86196
51573,1.00793,1.04877
51576,1.00803,2.04336
51580,1.06543,17.0584
51583,1.041,10.2257
51584,1.03011,9.61119
51585,1.03446,8.59857
51586,1.03268,9.79128
51587,1.03501,9.84047
51588,1.03789,8.32736
51590,1.03583,8.32161
51591,1.03521,8.48895
51593,1.03709,7.27271
51594,1.03149,9.22424
51595,1.04026,7.68126
51596,1.05075,9.35274
51598,1.04147,2.60206
51600,1.07432,10.9739
51602,1.04409,27.8237
51603,1.08587,21.3442
51604,1.08937,16.8894
51605,1.08878,19.7811
51613,1.06875,13.1728
51614,1.0754,14.6291
51615,1.1,5.33935
51619,1.09912,31.7782
51622,1.08398,19.1043
51623,1.1,17.6028
51624,1.08503,20.7942
51625,1.03902,6.84624
51626,1.0403,6.86419
51629,1.04189,6.89832
51631,1.0425,7.01736
51632,1.05758,7.34749
51634,1.04202,6.91051
51635,1.04297,6.3833
51636,1.0428,7.0128
51637,1.04214,6.94781
51638,1.0398,6.84508
51639,1.04228,6.03557
51640,1.04259,5.93224
51641,1.04402,7.15025
51642,1.045,7.27585
51643,1.04506,6.66177
51644,1.04537,7.29951
51645,1.04654,6.83692
51646,1.04335,7.26849
51647,1.0554,7.33081
51648,1.04276,7.08526
51649,1.04307,7.17868
51650,1.05092,8.52683
51651,1.05218,8.61932
51652,1.04919,8.42822
51653,1.04324,7.37816
51654,1.04295,7.50126
51655,1.04553,7.33534
51656,1.04517,6.70528
51657,1.04582,7.4213
51658,1.0426,7.65988
51659,1.03647,6.47494
51660,1.0391,6.58732
51661,1.04077,6.72567
51662,1.04125,6.77767
51663,1.06864,13.245
51664,1.05536,7.50084
51665,1.06192,9.71272
51672,1.0468,7.26782
51674,1.04214,7.89372
51676,1.04358,7.63712
51677,1.04485,7.33034
51678,1.04522,6.92958
51679,1.04582,7.41972
51680,1.04655,7.58563
51681,1.04532,7.098
51682,1.04614,7.56998
51683,1.04685,7.01546
51684,1.04699,7.8139
51685,1.04634,7.70006
51686,1.0461,7.77503
51687,1.04116,6.15887
51689,1.04881,8.14324
51691,1.04372,6.1164
51692,1.0432,5.95924
51693,1.04469,6.51205
51695,1.07105,8.31351
51696,1.04401,8.48242
51697,1.0568,10.1172
51699,1.06231,19.8746
51700,1.04772,23.6315
51701,1.05487,22.0413
51702,1.05667,21.1751
51706,1.04713,27.6988
51710,1.07438,11.4657
51711,1.07507,11.4856
51712,1.07637,10.8892
51714,1.07589,11.039
51715,1.07551,11.1861
51716,1.06983,13.9026
51717,1.08156,10.2033
51718,1.07478,8.59481
51719,1.0558,2.10949
51720,1.03577,8.33747
51721,1.05328,4.46768
51723,1.06026,2.91987
51724,1.08272,15.2974
51725,1.08348,19.8296
51726,1.031,2.94266
51729,1.07611,17.8142
51730,1.07329,14.82
51731,1.08256,20.418
51733,1.06928,8.99251
51734,1.04686,29.5545
51735,1.08623,8.12896
51736,1.08731,8.22077
51737,1.0895,10.523
51739,1.09944,10.8198
51740,1.07535,5.1864
51741,1.07295,6.22706
51742,1.07238,5.98946
51743,1.07436,6.15234
51745,1.07296,6.01089
51746,1.07293,5.95156
51749,1.05569,22.0057
51750,1.05363,22.8496
51751,1.0528,23.8421
51753,1.06714,14.2543
51754,1.05052,13.7246
51756,1.04571,9.84067
51758,1.02925,3.54414
51759,1.02598,4.53967
51760,1.06247,11.4185
51761,1.05913,10.9215
51762,1.05968,12.132
51763,1.06211,12.4034
51765,1.05855,12.0283
51766,1.06509,12.367
51767,1.06169,12.3453
51769,1.06476,12.6505
51771,1.06691,13.2169
51772,1.06647,12.2002
51774,1.06489,12.552
51775,1.06089,12.2543
51776,1.06348,12.5985
51777,1.05697,11.9638
51778,1.05917,11.2094
51779,1.06043,11.0468
51780,1.06251,10.843
51781,1.06202,10.9193
51782,1.06622,11.9825
51783,1.06581,11.9891
51784,1.06128,11.2119
51785,1.06556,12.0703
51786,1.06539,12.1737
51787,1.06598,11.9223
51788,1.06597,11.9583
51789,1.06695,12.1052
51790,1.06786,12.2949
51791,1.07088,9.81683
51792,1.07203,9.61738
51793,1.07312,9.59645
51796,1.07439,9.76674
51797,1.07498,9.59189
51798,1.07181,11.3763
51799,1.06995,10.0769
51801,1.07316,11.8166
51802,1.06991,12.818
51803,1.06698,7.28316
51804,1.07179,5.04069
51805,1.07141,5.8286
51806,1.0733,8.99973
51807,1.0733,10.4087
51809,0.921017,-40.0798
51810,0.919775,-41.2328
51812,0.920651,-40.377
51814,0.92083,-40.3252
51816,0.922196,-39.7286
51819,1.05739,7.2151
51820,1.05557,5.32792
51822,1.05212,7.49181
51823,0.944598,-19.2335
51824,0.939728,-26.6683
51826,0.927581,-31.8844
51827,1.08023,8.55707
51828,1.07619,10.7579
51829,1.03063,3.9254
51830,1.01401,2.09538
51831,1.06887,11.9796
51832,1.08962,10.4205
51837,1.05634,16.7114
51838,1.05995,13.3904
51839,1.06338,13.2273
51840,1.06273,12.0908
51841,1.09538,7.36924
51842,1.09636,6.75661
51844,1.05687,3.93474
51845,1.08725,14.0326
51847,1.03485,-1.57677
51848,1.0348,-1.44458
51849,1.0332,0.433068
51850,1.02524,43.732
51851,1.05688,36.2884
51852,1.05871,37.2314
51853,1.05471,36.8626
51854,1.05391,36.884
51855,1.083,36.0705
51857,1.07734,37.8665
51858,1.07666,37.7807
51860,1.08427,36.4413
51862,1.07334,42.6323
51863,0.994403,37.6889
51866,1.05159,48.3359
51867,1.05178,48.223
51868,1.05193,48.1606
51869,1.05401,47.4698
51870,1.05163,48.3697
51872,1.05236,46.9658
51873,1.05255,46.7298
51874,1.05214,47.8145
51875,1.05209,48.2009
51876,1.0558,48.7302
51877,1.0518,48.3035
51879,1.05139,48.5163
51882,1.05245,47.3538
51883,1.0563,45.3057
51892,1.09543,32.1432
51893,1.09254,29.7934
51894,1.09247,29.8205
51895,1.08989,30.1552
51896,1.09237,29.8301
51897,1.09239,29.0184
51898,1.08979,30.1745
51899,1.08963,30.2241
51901,1.08961,30.4251
51903,1.08904,30.3365
51905,1.08741,30.1958
51906,1.08811,30.2377
51908,1.08901,30.3995
51909,1.08938,30.3998
51910,1.08941,30.2797
51912,1.06917,34.4649
51913,1.07154,33.4681
51914,1.07339,32.5917
51915,1.08341,30.507
51916,1.08681,30.7998
51917,1.08784,31.6095
51920,1.08897,34.3881
51921,1.0707,37.2851
51922,1.06899,37.6531
51925,1.08011,36.0539
51926,1.05735,38.7222
51927,1.07037,40.1156
51935,1.09832,37.3615
51943,1.1,37.3368
51944,1.07323,44.282
51945,1.07801,49.5631
51946,1.07693,49.1893
51947,1.04451,46.4416
51948,1.0536,40.226
51952,1.08263,35.1717
51953,1.07782,37.185
51954,1.06844,41.151
51955,1.06217,46.3363
51956,1.05503,51.752
51957,1.07326,37.6541
51962,1.05525,49.8096
51963,1.05738,51.2381
51964,1.05611,53.2202
51965,1.05677,53.8734
51966,1.05672,55.0172
51967,1.05101,48.6321
51968,1.04694,51.155
51969,1.0509,48.6102
51971,1.05147,51.8531
51974,1.05735,51.41
51975,1.08869,48.4811
51976,1.05057,52.2327
51980,1.07996,51.3544
51982,1.07976,38.6975
51983,1.07278,40.1075
51984,1.09112,38.4096
51985,1.1,39.8708
51986,1.07942,39.5705
51987,1.0825,34.4452
51991,1.0865,32.707
51992,1.08719,32.8895
51993,1.1,37.3801
51996,1.08631,29.7318
51997,1.08412,35.7234
51999,1.08563,35.0927
52000,1.08251,36.8782
52001,1.08686,39.0447
52002,1.0868,36.6861
52003,1.06661,43.6904
52004,1.04239,37.8246
52005,1.05068,36.1663
52013,1.04976,49.2958
52014,1.04832,48.0303
52015,1.06194,39.0542
52017,1.06182,44.1893
52018,1.0639,39.096
52019,1.06376,39.361
52020,1.06357,39.8259
52021,1.07046,37.6078
52023,1.0863,37.7442
52024,1.07807,38.0069
52025,1.06859,38.3533
52030,1.08029,50.5866
52033,1.05769,51.5499
52034,1.05772,51.5874
52035,1.05781,51.1473
52038,1.05776,51.2697
52040,1.05767,51.525
52041,1.05902,49.5506
52042,1.05692,52.8397
52044,1.05744,51.4202
52046,1.07289,41.1757
52047,1.07088,42.6964
52056,1.09424,-0.417959
52058,1.09281,0.622913
52059,1.08504,4.11038
52060,1.05373,-11.4418
52062,1.01195,-15.3718
52063,1.07486,-3.58394
52064,1.07936,-6.16517
52065,1.08427,-8.01261
52066,1.08399,-5.92349
52067,1.07392,6.21164
52068,1.07547,6.61332
52070,1.0363,-9.83609
52071,1.03679,-8.82482
52072,1.06559,-5.71747
52073,1.04424,-8.09624
52074,1.01347,-20.1839
52075,1.01575,-15.952
52076,1.01153,-17.1434
52077,1.01475,-16.6411
52078,1.02292,-13.2423
52079,1.09613,-6.68152
52080,1.08914,-9.40197
52082,1.0909,-10.7704
52083,1.09006,-11.109
52084,1.0903,-10.7857
52085,1.08984,-10.6375
52086,1.08267,-12.7621
52087,1.08142,-12.5039
52088,1.08959,-10.5121
52090,1.04573,-13.8754
52091,1.03684,-14.2065
52092,1.07062,-5.35172
52093,1.07202,-4.39024
52095,1.06647,-5.99267
52096,1.06799,-8.98375
52097,1.07057,-12.7127
52098,1.0199,-15.4745
52099,0.999728,-17.4879
52100,1.01555,-17.0818
52102,1.01944,-17.4287
52103,1.01929,-16.1585
52104,1.01927,-16.0814
52105,1.02212,-15.4158
52106,1.00129,-19.7286
52107,1.0007,-19.5461
52108,1.00046,-17.8727
52109,1.00407,-17.7414
52111,0.998787,-18.7371
52112,0.989224,-17.5159
52113,1.00666,-17.6071
52114,0.992101,-18.3257
52115,0.99165,-17.6872
52117,1.0053,-18.3277
52118,1.00528,-18.8367
52119,1.00495,-18.9338
52120,1.00518,-18.8654
52121,1.00914,-17.3135
52122,1.00728,-17.8702
52123,1.01269,-17.0614
52124,1.01343,-17.7896
52126,1.00974,-17.5232
52127,1.09262,-16.7095
52128,1.09541,-15.1306
52129,1.0993,-16.0658
52130,1.09833,-16.844
52131,1.09738,-17.5387
52132,1.0974,-15.7822
52133,1.09662,-17.5357
52134,1.09758,-18.6578
52135,1.09646,-17.3907
52136,1.09703,-18.8012
52137,1.09625,-17.2787
52146,1.0806,1.14445
52147,1.09048,5.09559
52149,1.09983,5.5362
52152,1.09818,13.794
52153,1.09866,13.6216
52154,1.03759,-20.8674
52155,1.03688,-21.0624
52156,1.03257,-19.4893
52157,1.03562,-19.5792
52158,1.04486,-19.0934
52159,1.04373,-19.8469
52160,1.05114,-21.1833
52161,1.0362,-21.1456
52163,1.05483,-21.4719
52165,1.05947,-18.4861
52166,1.05521,-20.9063
52167,1.05245,-20.695
52169,1.05037,-20.0785
52170,1.04699,-19.3188
52171,1.0278,-20.9937
52172,1.04999,-22.0893
52173,1.04967,-21.6715
52175,1.05577,-21.4675
52176,1.05639,-21.1888
52177,1.02625,-19.2253
52180,1.01222,-18.5402
52181,1.01203,-18.4158
52182,1.01304,-19.2974
52183,1.00775,-17.184
52184,1.00854,-16.7055
52185,1.01387,-19.5656
52186,1.01381,-19.831
52188,1.00708,-17.5894
52189,1.01356,-19.5288
52190,1.01262,-19.8469
52191,1.00672,-17.7273
52192,1.01266,-19.6077
52193,1.01524,-20.6569
52194,1.01662,-20.4405
52195,1.01372,-20.0293
52196,1.01272,-20.0683
52197,1.01037,-20.1694
52198,1.01765,-20.4248
52199,1.01714,-20.2056
52200,1.0146,-18.9936
52201,1.0147,-18.7908
52202,1.015,-18.9429
52203,1.01741,-20.3694
52204,1.00542,-18.2304
52205,1.01766,-20.0774
52206,1.01592,-19.1845
52207,1.01693,-19.8849
52208,1.01808,-18.1753
52209,1.02709,-17.3006
52210,1.05047,-22.0897
52211,1.05029,-22.3677
52212,1.05612,-19.4665
52213,1.0645,-20.4432
52214,1.05284,-17.2843
52216,1.07792,-6.39114
52217,1.07356,-8.89482
52218,1.07353,-10.5537
52220,1.07292,-10.2825
52221,1.07219,-10.1162
52222,1.07179,-9.95691
52223,1.06316,-5.98471
52226,1.07348,-10.3065
52227,1.07116,-9.27822
52228,1.07505,-10.6333
52229,1.07512,-10.5385
52230,1.07487,-10.4248
52234,1.07582,-10.1217
52235,1.07568,-10.1866
52237,1.069,-8.23145
52238,1.07223,-10.0977
52239,1.06956,-9.39523
52240,1.06835,-8.34802
52241,1.06897,-8.01718
52242,1.07058,-10.0571
52243,1.06814,-6.76611
52244,1.07585,-10.915
52245,1.07257,-7.87644
52247,1.07023,-9.20228
52248,1.07117,-9.42481
52249,1.07523,-10.3328
52250,1.08887,-11.7281
52251,1.08704,-9.5687
52252,1.06246,0.605825
52253,1.05408,-0.210765
52254,1.05412,0.632141
52256,1.05986,1.49475
52257,1.08473,-5.00609
52259,1.08541,-7.14541
52260,1.08125,-5.87374
52262,1.07237,-10.0165
52263,1.07908,-9.08671
52264,1.08093,-8.09554
52265,1.08303,-7.00148
52266,1.08474,-7.06858
52267,1.07528,-9.88019
52268,1.07286,-9.47321
52269,1.07839,-6.07365
52271,1.0797,-6.41475
52272,1.08656,-5.40753
52273,1.08295,-4.8085
52274,1.07984,-3.89921
52275,1.08356,-6.78307
52276,1.08158,-5.6922
52278,1.03662,-15.3376
52279,1.03094,-12.4892
52280,1.02496,-11.7897
52281,1.02322,-12.0076
52282,1.03085,-12.5239
52283,1.05546,2.18816
52284,1.0594,2.73696
52285,1.05736,6.18146
52286,1.06778,4.74886
52287,1.06447,2.68526
52288,1.04041,2.21537
52289,1.04634,1.15135
52292,1.02129,-14.0918
52293,1.0278,-13.4663
52294,1.02939,-13.3657
52295,1.05303,-2.30315
52296,1.05674,-3.69565
52297,0.965127,-10.742
52298,0.972715,-11.4686
52299,0.970689,-12.5487
52300,0.971124,-12.3154
52301,1.00386,-11.4433
52302,0.974284,-13.1852
52303,0.971816,-11.6679
52306,0.986631,-6.3658
52308,0.975792,-12.9971
52309,1.0626,-15.1908
52310,1.07522,-19.3444
52311,1.07692,-18.406
52313,1.06123,-12.3294
52314,1.07384,-20.0648
52315,1.07644,-18.6029
52316,1.07206,-18.043
52317,1.08322,-19.5909
52318,1.06147,-11.3252
52319,1.06513,-13.085
52320,1.06479,-11.1215
52321,1.06629,-10.35
52322,1.07354,-12.8232
52323,1.0542,-12.6073
52325,1.03985,-13.1507
52326,1.02479,-15.3712
52327,1.06559,-13.2136
52328,1.01936,-10.2042
52329,1.00564,-5.92335
52330,1.06654,-10.9164
52331,1.0761,-9.60741
52332,1.08315,-10.0212
52333,1.02598,-5.25508
52334,1.0401,-2.26567
52335,1.07471,13.0913
52336,1.07882,5.24995
52337,1.05626,3.22336
52340,1.06696,-12.1039
52341,1.05744,-15.4753
52342,1.06411,-13.8222
52343,1.07397,-7.53124
52344,1.07283,-3.52888
52346,1.0756,-3.37125
52347,1.07306,-3.73776
52348,1.07229,-2.06604
52349,1.07303,-3.86322
52351,1.0731,-3.71771
52352,1.1,-14.6785
52353,1.09827,-12.5249
52354,1.09316,-12.2797
52355,1.09131,-11.9169
52356,1.09658,-16.9795
52357,1.1,-18.9746
52358,1.00615,1.56786
52360,1.00498,-0.619966
52361,0.98654,-4.52338
52363,0.981008,-5.14455
52364,1.00704,1.51559
52365,1.00295,-3.14665
52367,0.996837,-7.92614
52368,1.0069,-3.32427
52369,0.999569,-19.5589
52370,1.00518,-17.2785
52371,1.00748,-17.8438
52372,1.00908,-17.8692
52373,1.06452,-6.17348
52374,1.06596,-6.63345
52375,1.06898,-5.51521
52376,1.09527,4.7528
52377,1.0863,8.64328
52378,1.0922,8.17964
52381,1.06734,14.8131
52382,1.0641,14.9138
52384,1.06537,15.2535
52387,1.07421,13.1052
52388,1.07876,11.99
52389,1.07815,16.4077
52391,1.06599,-10.8251
52393,1.03628,-12.0776
52395,1.05233,-15.6596
52397,1.04561,-12.194
52398,0.984693,-11.4026
52400,0.983281,-11.9976
52401,0.98026,-13.1556
52402,0.985537,-11.1425
52404,0.981205,-14.0813
52405,0.981744,-14.3843
52406,1.1,-21.2429
52407,1.09961,-21.4395
52409,1.01549,-16.2837
52410,1.05798,-16.3559
52411,1.06923,-19.499
52412,1.05468,-16.5048
52414,1.07056,-20.017
52415,1.07548,10.1934
52416,1.07273,0.823524
52417,1.08199,2.69639
52418,1.04964,2.54674
52419,1.05693,3.22423
52420,1.07282,1.35059
52421,1.0679,1.83289
52424,1.0733,-1.63337
52429,1.00945,-16.1961
52430,1.00913,-13.7742
52431,1.01224,-19.5082
52432,1.09779,-17.9391
52433,1.09679,-16.8271
52434,1.09045,-13.4076
52435,1.09054,-12.5477
52436,1.08183,4.4951
52437,1.08252,4.29105
52438,1.0824,4.84345
52439,1.09825,3.67606
52441,1.07799,5.62432
52442,1.08161,5.57911
52443,1.07452,5.0045
52445,1.0926,-20.1648
52446,1.1,-19.074
52447,1.08932,-20.3496
52448,1.07656,-1.09535
52450,1.07681,-0.829323
52451,1.07625,0.286662
52452,1.07616,0.237502
52453,1.07691,-0.546098
52455,1.07706,-0.414452
52458,1.07513,-1.49423
52459,1.07595,-2.3331
52460,1.07656,-0.937816
52461,1.0804,0.747183
52463,1.07473,-4.76831
52464,0.99168,-10.5559
52465,0.99807,-7.57061
52466,1.00589,-9.04235
52468,1.0918,-1.3001
52469,1.09121,-2.28008
52471,1.09085,-2.39312
52473,1.05812,-14.3277
52474,1.06147,-14.5587
52476,0.996447,-17.8042
52477,0.998691,-18.2333
52478,0.997216,-17.9072
52480,0.999918,-19.1272
52481,0.998663,-18.6193
52482,0.997855,-17.9896
52485,0.998287,-18.1151
52486,0.998321,-18.0527
52487,0.999482,-18.8039
52490,1.0004,-18.2309
52491,1.00002,-18.1961
52492,0.999492,-18.9361
52493,0.998977,-18.1254
52494,0.998802,-18.1333
52499,0.998998,-18.1258
52502,1.00083,-18.1978
52504,1.00075,-17.9622
52505,1.0034,-19.0278
52507,0.999202,-18.106
52508,0.996446,-17.3701
52509,1.00241,-18.7045
52510,1.00317,-19.0494
52511,1.00338,-18.9415
52512,1.00329,-19.0313
52513,1.00367,-19.1597
52514,1.00366,-18.3056
52516,1.01166,-17.6395
52517,1.00863,-19.965
52518,1.00453,-18.6182
52519,1.00647,-19.389
52520,1.00639,-19.4238
52521,1.0058,-19.3878
52522,1.00531,-19.3254
52523,1.00483,-18.3349
52524,1.00516,-18.5104
52525,1.00689,-19.4053
52526,0.99546,-17.2859
52529,1.03133,-14.9581
52531,1.009,-19.8528
52532,1.00669,-19.8734
52533,1.00404,-18.6397
52535,0.998848,-20.0262
52536,0.998466,-19.7164
52537,0.999265,-20.1333
52538,0.999524,-20.189
52539,0.999875,-20.189
52542,0.995236,-17.1565
52543,0.993777,-17.5258
52544,0.992334,-17.3334
52545,0.993304,-17.4856
52546,0.993776,-17.5762
52547,0.995652,-19.0029
52548,0.992887,-17.677
52549,0.99394,-17.6243
52552,0.998154,-19.7792
52553,0.998594,-19.9555
52554,0.99759,-19.5978
52555,0.993635,-18.0999
52556,0.996789,-19.5356
52557,0.996408,-19.3156
52558,0.996033,-19.188
52559,0.996014,-18.2103
52560,0.997808,-19.6956
52561,0.995249,-19.2725
52562,0.997208,-19.5547
52563,0.997359,-19.7775
52564,0.994073,-18.0521
52565,0.995401,-19.4873
52566,0.997634,-20.2321
52567,0.997846,-20.1689
52568,0.997272,-20.2959
52569,0.998195,-20.0222
52570,0.996812,-20.2393
52571,0.995179,-18.9799
52572,0.999388,-20.0832
52573,0.999463,-19.9737
52575,0.991384,-17.8242
52576,0.988902,-17.4868
52577,0.992941,-16.3334
52578,0.995602,-18.2076
52579,0.993493,-18.0751
52580,1.00011,-20.0224
52581,1.00807,-19.6796
52582,1.00223,-18.6608
52583,1.00514,-18.1724
52584,1.00946,-19.4243
52585,1.0048,-18.1588
52586,1.01141,-19.7464
52587,1.01095,-20.0462
52588,1.00851,-19.6934
52590,1.012,-19.4349
52591,1.0063,-17.863
52592,1.00541,-18.0451
52594,1.00507,-18.0816
52595,1.00936,-19.5956
52597,1.00715,-19.5437
52598,1.00816,-19.6449
52599,1.00931,-19.7638
52600,1.0103,-19.8223
52604,1.00664,-19.4767
52605,1.00841,-18.2228
52606,1.00541,-18.9544
52607,1.00603,-20.2261
52608,1.00727,-18.0692
52609,1.00381,-19.3732
52610,0.999163,-18.2203
52611,0.998673,-18.0814
52612,1.00342,-18.6694
52613,1.00349,-18.5643
52614,1.00221,-17.745
52616,1.00292,-18.569
52617,1.00146,-17.5001
52618,1.00299,-18.5453
52619,1.00139,-17.736
52621,1.00174,-17.6962
52623,1.00394,-18.7949
52624,1.00128,-17.8679
52625,0.990374,-15.7723
52626,1.00382,-19.2064
52627,1.00385,-19.0525
52629,1.00186,-17.9315
52631,1.00085,-17.5101
52632,0.991637,-16.1953
52633,1.00172,-18.6669
52634,1.00178,-18.6108
52635,1.00135,-17.4216
52636,1.00164,-17.2562
52637,1.00158,-17.1711
52638,1.00128,-17.3282
52639,0.983761,-14.8953
52640,0.975159,-12.7482
52642,0.99236,-15.2394
52643,0.986943,-15.7924
52644,0.991917,-15.2085
52646,0.984062,-15.6
52647,0.98259,-15.2024
52649,0.978233,-13.7515
52650,0.983478,-15.4564
52653,0.984229,-15.5491
52655,0.986507,-17.4216
52656,0.988884,-16.7476
52657,0.988369,-16.5926
52658,0.982127,-14.9619
52660,0.994903,-16.8178
52661,0.993596,-15.4362
52662,0.993042,-15.2781
52664,0.991881,-17.3217
52665,0.992354,-17.3337
52666,0.991589,-17.1921
52667,0.991261,-17.1935
52668,0.990726,-17.0057
52669,0.990064,-16.9576
52670,0.989532,-16.8827
52671,0.985753,-16.0119
52672,0.989319,-16.6462
52673,0.996341,-18.8156
52674,0.996201,-18.8499
52675,0.992759,-17.5512
52676,0.992285,-17.3797
52677,0.996837,-18.7206
52678,0.995685,-18.8817
52679,0.995477,-19.1898
52680,0.989782,-16.7581
52681,0.986016,-15.7219
52682,0.993604,-17.7413
52683,0.993837,-17.8926
52684,0.994213,-17.7592
52685,0.991874,-17.3122
52686,0.991411,-17.2171
52687,0.995401,-19.0911
52688,0.997408,-18.7115
52689,0.998535,-18.8872
52690,0.994963,-17.7833
52691,0.994134,-17.7618
52692,0.992658,-17.3963
52694,0.993281,-17.5971
52695,0.993541,-17.6496
52696,0.998784,-18.5058
52697,0.999455,-18.4346
52698,1.00414,-18.2211
52702,1.00209,-18.2842
52703,1.00237,-18.4844
52704,1.00874,-16.2718
52705,1.01163,-16.9445
52706,1.00218,-16.8111
52707,1.00325,-15.9255
52708,0.998993,-17.5881
52709,1.00051,-17.3654
52712,1.00755,-15.7335
52714,1.00339,-19.1459
52715,0.949644,-8.1028
52717,1.07329,-7.78681
52718,1.07238,-8.29622
52719,1.07419,-7.68781
52721,1.0711,-8.89602
52722,1.08046,-6.6053
52723,1.07413,-6.16157
52725,1.07168,-9.93284
52727,1.09029,-12.0327
52728,1.08118,-5.76954
52730,1.08251,-3.32526
52732,1.09053,-5.01861
52733,1.08762,-6.39261
52734,1.08943,-5.58917
52736,1.09287,-3.20611
52737,1.08719,-7.85984
52739,1.05027,2.44888
52740,1.05188,2.31275
52741,1.04656,4.6248
52742,1.05156,2.61987
52743,1.05067,2.84947
52744,1.05312,2.21113
52745,1.05851,1.51337
52746,1.05451,2.93143
52747,1.08705,-12.0265
52749,1.08444,-11.1931
52750,1.07783,-8.98399
52751,1.07627,-9.51177
52752,1.05248,-7.03956
52753,1.07457,-4.3762
52755,1.05113,-9.04302
52756,1.05174,-7.75682
52757,1.05378,-7.40424
52759,1.0533,-8.91933
52760,1.05195,-9.02181
52761,1.04635,-8.27026
52762,1.03363,-8.9651
52763,1.06688,-12.0446
52764,1.05715,-9.5784
52765,1.07431,-9.74081
52766,1.07083,-10.9373
52767,1.06807,-10.8944
52768,1.06154,-10.6836
52770,1.08312,8.71204
52771,1.07658,-7.25527
52772,1.07456,-4.18845
52774,1.0724,-3.87489
52775,1.07439,-5.48897
52776,1.07369,-5.25803
52777,1.07356,-3.17111
52779,1.07079,-1.04857
52780,1.08476,-2.18047
52782,1.06049,-15.5155
52784,1.06096,-16.3472
52785,1.06094,-16.4131
52787,1.06067,-16.491
52788,1.06179,-17.2824
52790,1.05791,-16.0277
52792,1.04504,-16.2357
52793,1.0448,-16.5952
52794,1.04474,-16.3446
52796,1.04392,-14.8697
52797,1.04501,-15.9759
52798,1.04455,-16.9033
52799,1.04535,-16.0362
52800,1.04851,-16.3593
52801,1.04302,-15.2739
52802,1.0297,-18.5835
52803,1.04081,-17.8102
52804,1.04433,-14.1662
52805,1.047,-16.7999
52806,1.04497,-12.3741
52807,1.059,-19.2212
52809,1.08803,-0.824055
52811,1.04248,-4.95446
52812,1.09208,-0.848923
52813,1.0919,-0.994581
52814,1.09199,-0.943248
52816,1.08795,1.06412
52817,1.08954,-1.61932
52818,1.08977,-1.48508
52819,1.09556,-2.57059
52820,1.09635,-2.64195
52821,1.09279,-1.67045
52823,1.09264,-2.01616
52824,1.09287,-2.44839
52825,1.09334,-1.77826
52826,1.09345,-2.02453
52827,1.09166,-0.884987
52828,1.09246,-0.0805591
52829,1.09249,-3.20263
52830,1.097,2.33479
52832,1.09486,0.609137
52833,1.09328,0.148448
52834,1.09513,0.782516
52835,1.08663,1.87309
52836,1.09974,-4.73904
52837,1.1,-4.91062
52838,1.09194,-1.57827
52839,1.09014,-1.96425
52840,1.06152,-14.8148
52841,1.06051,-15.5211
52842,1.05964,-18.855
52843,1.05974,-18.6311
52844,1.05904,-18.4038
52845,1.05879,-15.4779
52846,1.05474,-16.1635
52847,1.0512,-16.0341
52848,1.05443,-15.9511
52850,1.08015,9.21335
52851,1.07949,8.66629
52852,1.07766,3.16087
52853,1.07622,4.01767
52854,1.07372,9.32118
52855,1.07267,12.9712
52857,1.07591,13.9578
52858,1.07302,-12.1857
52862,1.07725,-15.57
52863,1.07383,-12.5694
52864,1.07197,-11.4735
52866,1.07537,-14.1825
52868,1.07991,-14.9404
52869,1.09472,12.0904
52870,1.09933,13.4048
52871,1.09693,13.6337
52872,1.09461,12.7005
52873,1.09363,13.0863
52874,1.07552,-6.59597
52875,1.07441,-4.65455
52876,1.07583,-5.58079
52877,1.07631,-5.8966
52878,1.08125,-9.69016
52879,1.08944,-4.43317
52880,1.08795,-4.71632
52881,1.09102,-5.58247
52882,1.08766,-4.69967
52883,1.0899,-4.88853
52884,1.09024,-4.95387
52885,1.09032,-4.97792
52886,1.09038,-4.99304
52887,1.09074,-5.01332
52888,1.09623,-6.05145
52889,1.09036,-4.96017
52890,1.08989,-4.92135
52891,1.08936,-4.87522
52893,1.08773,-4.4569
52894,1.0889,-5.62585
52895,1.09026,-5.85967
52896,1.09111,-5.98594
52897,1.09215,-6.26159
52898,1.08763,-4.97014
52899,1.08992,-5.07646
52900,1.0905,-5.0145
52901,1.09068,-4.99942
52902,1.09419,-5.70519
52903,1.09161,-5.89146
52904,1.09122,-5.63288
52905,1.09086,-5.91533
52906,1.08925,-5.06604
52907,1.08957,-5.07546
52908,1.08749,-4.93163
52909,1.08716,-4.93593
52910,1.08823,-5.56452
52911,1.08574,-4.44188
52912,1.08737,-5.7067
52913,1.08444,-4.47239
52914,1.08538,-4.65065
52915,1.08668,-4.93017
52916,1.0887,-4.99852
52917,1.08577,-4.87902
52918,1.08572,-4.90217
52919,1.08506,-4.46796
52920,1.09056,-5.3744
52921,1.08827,-4.92461
52922,1.08875,-6.63854
52923,1.08666,-4.99637
52924,1.08581,-4.95706
52925,1.08524,-4.91047
52926,1.07975,-3.70079
52927,1.07937,-3.63518
52928,1.08462,-4.34214
52929,1.09249,-3.88351
52930,1.09189,-2.49301
52931,1.09254,-3.02785
52932,1.09222,-4.56132
52933,1.09082,-4.40367
52935,1.09283,-2.90077
52936,1.09298,-2.6109
52937,1.09291,-2.65714
52938,1.09195,-3.52215
52939,1.09103,-1.35102
52940,1.08966,-5.64297
52941,1.09095,-4.76041
52942,1.09508,-6.19572
52943,1.08922,-5.1901
52944,1.08962,-1.59674
52945,1.08567,-4.14941
52946,1.08261,-4.10217
52947,1.08406,-4.07683
52948,1.07881,-3.52385
52949,1.08362,-3.42743
52950,1.08647,-5.92522
52951,1.08456,-4.8295
52952,1.08598,-5.78344
52953,1.0821,-4.068
52954,1.08303,-4.93189
52955,1.08339,-4.74756
52956,1.07647,-2.82566
52957,1.08344,-4.76576
52958,1.08263,-4.6756
52959,1.08357,-4.2358
52960,1.08657,-5.34728
52961,1.08692,-4.44379
52962,1.08734,-3.97194
52963,1.08862,-4.34521
52965,1.08439,-4.87116
52967,1.08835,-3.16596
52968,1.08484,-4.66072
52969,1.08853,-2.98911
52970,1.08314,-4.28369
52971,1.07821,-3.60667
52972,1.07919,-4.38042
52973,1.07782,-3.53844
52974,1.07931,-3.68088
52975,1.08024,-3.85148
52976,1.08046,-3.88911
52977,1.08193,-4.68974
52979,1.0787,-3.60982
52980,1.07869,-3.61458
52981,1.07828,-3.56874
52982,1.07774,-3.47318
52983,1.07877,-3.59434
52984,1.08013,-4.85426
52985,1.07872,-3.62717
52986,1.07943,-3.98695
52987,1.0786,-3.49128
52988,1.08055,-3.51874
52989,1.0783,-3.23505
52990,1.07982,-3.16899
52991,1.07969,-3.78524
52992,1.07913,-3.68987
52993,1.08145,-3.59545
52994,1.07964,-4.44377
52995,1.07959,-4.21663
52996,1.08163,-4.73555
52998,1.08386,-4.67613
52999,1.08345,-4.51349
53000,1.08292,-4.42345
53001,1.0822,-4.05253
53002,1.08218,-4.01737
53003,1.08205,-4.05762
53004,1.08272,-4.90486
53005,1.08244,-4.72297
53006,1.08113,-3.95893
53007,1.08301,-5.11121
53008,1.08188,-4.02953
53009,1.08151,-3.3876
53010,1.08263,-4.31472
53011,1.08216,-4.94747
53012,1.08215,-3.81835
53013,1.0822,-3.96512
53014,1.08217,-3.94783
53015,1.08232,-3.85377
53016,1.08203,-4.63195
53017,1.08197,-3.61781
53018,1.08257,-3.47592
53019,1.0829,-3.41394
53020,1.08243,-4.24065
53021,1.08299,-5.20743
53024,1.08226,-3.9627
53025,1.08261,-4.81637
53027,1.08217,-6.84605
53028,1.09122,-4.489
53029,1.09035,-4.50059
53030,1.09118,-4.64268
53031,1.0901,-5.30601
53032,1.08723,-3.84177
53033,1.08457,-4.22165
53034,1.08449,-4.06943
53035,1.082,-4.06939
53036,1.08248,-4.10645
53037,1.08405,-4.58434
53038,1.09546,-5.42705
53039,1.08778,-3.53796
53040,1.0736,-2.28355
53041,1.08264,-3.98895
53042,1.0836,-4.89642
53043,1.08004,-4.01833
53044,1.08136,-3.89724
53045,1.07928,-3.91177
53046,1.09144,-4.25912
53047,1.09125,-4.08179
53048,1.09034,-4.3553
53049,1.09574,-6.03712
53050,1.08819,-5.96873
53051,1.09144,-7.39515
53052,1.08484,-6.3711
53053,1.0901,-1.76898
53054,1.0819,-0.330407
53055,1.08172,-0.416952
53056,1.08526,1.06463
53057,1.081,-0.18939
53058,1.07979,-0.953575
53059,1.08599,-3.42117
53063,1.0732,-2.41942
53064,1.08072,-3.17939
53065,1.07738,-3.51927
53066,1.07889,-4.46813
53068,1.07753,-2.94767
53070,1.0787,-3.39446
53071,1.07499,-2.09667
53072,1.07676,-2.56815
53073,1.07493,-1.54141
53074,1.07568,-0.6621
53075,1.07693,-1.69692
53077,1.0854,-3.57315
53078,1.08537,-3.3677
53079,1.08495,-2.91312
53081,1.0857,-3.25693
53082,1.08575,-3.96788
53083,1.08607,-4.67603
53084,1.08622,-4.86954
53085,1.08689,-1.68822
53086,1.08748,-3.82183
53088,1.08886,-3.41014
53089,1.03468,-11.2349
53090,1.05718,-9.37242
53091,1.05552,-10.724
53092,1.04597,-13.6927
53093,1.0321,-9.30342
53095,1.01568,-10.7895
53096,1.0087,-8.51222
53097,1.02591,-7.58008
53098,1.01799,-9.54472
53099,1.02136,-8.32491
53101,1.08752,20.4783
53102,0.966616,26.7932
53103,0.995811,30.4666
53105,0.96327,27.7514
53106,0.97591,27.6439
53107,0.967369,25.9558
53108,0.970131,-6.6076
53109,0.972201,-5.0107
53110,1.07943,21.7305
53111,1.07745,22.1676
53112,1.0014,33.3996
53113,1.03429,32.4846
53114,1.01232,32.9623
53115,1.01119,33.9735
53116,1.01262,34.7674
53117,1.01071,33.9467
53118,1.07204,42.0152
53119,1.06871,41.9096
53120,1.06996,41.9778
53121,1.06942,41.9909
53122,1.0687,41.9264
53123,1.0711,42.0631
53124,1.08204,44.132
53125,1.07112,40.9519
53127,1.0975,42.6154
53128,1.1,39.9266
53129,0.950645,15.5909
53132,1.0766,26.3052
53133,1.07605,22.9183
53135,1.03985,35.4594
53136,1.02519,13.9777
53137,1.00897,14.4472
53138,1.02353,14.059
53139,1.0268,33.5325
53140,1.01722,34.9261
53141,1.02083,34.1033
53142,1.01676,35.3005
53143,1.03057,37.9093
53144,1.05276,40.708
53145,1.02679,32.6721
53146,0.999009,31.329
53147,1.06238,37.9529
53150,1.03937,10.1914
53151,1.02097,9.86888
53152,1.02582,8.95893
53154,1.08147,43.1328
53155,1.07741,40.8527
53156,1.07481,39.5044
53157,1.02663,38.4846
53160,0.980318,24.6459
53162,1.06632,40.6135
53163,1.06301,36.8917
53166,1.08229,38.803
53167,1.04442,38.1126
53168,1.03985,34.1492
53169,1.06907,28.7377
53170,1.08094,26.4403
53171,1.0687,29.1384
53172,1.02676,35.0965
53173,1.01759,34.1222
53175,1.07467,37.8345
53177,1.01815,38.8527
53178,1.09467,41.0328
53179,1.09375,41.4324
53180,1.09403,40.6779
53181,1.0882,43.7262
53185,1.09926,44.0947
53186,1.03172,14.4782
53187,1.0589,29.6253
53188,1.0966,38.2175
53189,1.07622,31.503
53190,1.03189,31.2693
53191,1.00038,25.2832
53192,1.02017,29.0978
53193,1.0177,28.7543
53194,1.01541,27.8525
53200,0.988951,17.1289
53203,0.978595,18.3022
53204,0.992826,17.3923
53206,0.978711,18.2384
53210,1.01004,13.5874
53213,1.01893,21.2282
53214,1.01837,19.086
53216,1.08158,37.519
53219,0.934086,8.57685
53222,1.0372,22.8976
53223,1.00766,19.8708
53224,0.974724,19.061
53225,0.979508,17.7922
53226,0.975943,18.7815
53227,0.976538,18.7586
53228,0.98027,18.1669
53229,0.97752,18.9685
53230,0.977885,18.8856
53232,0.976837,19.135
53233,0.978092,18.6902
53234,0.980169,17.8688
53235,0.980105,17.8024
53236,0.980328,17.6684
53237,0.982954,17.5843
53238,0.980606,17.4994
53239,0.981925,17.3109
53240,0.981631,17.35
53241,0.982204,17.3966
53242,0.980788,17.4167
53243,0.981133,17.3703
53244,0.980342,17.5239
53245,0.980619,17.5797
53246,0.977864,18.5502
53247,0.98044,18.0741
53248,0.980002,17.9873
53249,0.980344,17.8871
53251,0.978117,18.5058
53252,0.978366,18.4079
53253,1.00559,26.6784
53254,1.00712,28.184
53255,1.01157,26.8318
53256,1.00141,19.6171
53257,0.980239,17.9539
53258,0.982273,20.2701
53259,0.973015,19.6151
53260,0.97411,19.5158
53261,0.982733,18.2767
53263,0.982916,18.6425
53264,0.981869,18.4269
53265,0.980743,17.5139
53266,1.0101,31.1164
53267,1.00844,27.6577
53278,0.922534,2.0616
53287,0.9184,3.2374
53291,0.958223,26.492
53292,1.07925,34.4756
53293,1.07338,34.2874
53294,1.07629,31.1192
53295,1.06794,35.8622
53296,1.0568,35.4207
53297,0.998505,16.745
53298,0.938766,-17.4457
53300,0.94017,-16.569
53301,1.07489,39.8655
53302,1.07719,39.4652
53304,1.08784,35.6868
53305,1.08822,37.2279
53307,1.01956,15.8976
53309,1.09763,35.9847
53310,1.02058,17.0896
53312,1.02679,12.5726
53313,1.0444,11.431
53314,1.0573,10.3637
53315,1.05744,35.2117
53316,1.05478,35.4913
53317,1.0689,15.9506
53318,1.07159,17.0248
53319,1.07184,16.9671
53320,1.06888,16.0918
53321,1.06797,15.6818
53322,0.940123,14.3877
53323,1.0575,-8.82389
53324,1.07911,-5.51296
53325,1.0798,-1.48334
53327,1.0686,-7.88179
53328,1.06639,-8.02044
53329,1.04573,-7.2359
53330,1.07633,-6.62596
53331,1.04116,-6.90905
53332,1.07469,-9.3165
53333,1.07478,-4.10501
53334,1.08644,20.0477
53335,1.09909,17.9425
53338,1.01913,-5.662
53340,1.01991,-7.39297
53341,1.01974,-6.39085
53342,1.01755,-6.19813
53343,1.01997,-6.62517
53344,1.01925,-9.41518
53345,1.01982,-7.32962
53346,1.01929,-8.56143
53347,1.01901,-7.92238
53349,1.01857,-6.88958
53350,1.01695,-2.46969
53352,1.0203,-7.38805
53353,1.0314,-10.6663
53354,1.02488,-9.85269
53355,1.0777,9.12046
53357,1.07867,9.80301
53359,1.0796,10.2872
53360,1.07521,-8.76307
53361,1.08158,-7.46081
53362,1.07395,-7.61939
53363,1.09489,9.38467
53364,1.05768,6.80744
53365,1.06545,3.35732
53366,1.06086,5.90673
53367,1.05911,6.33215
53368,1.05726,7.39983
53369,1.05678,6.98881
53370,1.06106,4.69428
53371,1.0511,7.07716
53372,1.0791,-5.27023
53373,1.07696,-4.05716
53374,1.07565,-3.20039
53375,1.07519,-2.11935
53376,1.07668,-3.66934
53377,1.07819,-4.96304
53378,1.06122,15.2902
53380,1.1,-6.59416
53382,1.07536,-3.01597
53383,1.07594,-2.70122
53384,1.04597,-3.80516
53385,1.05071,-4.48907
53386,1.03965,-2.31529
53387,1.0379,-2.00351
53388,1.04257,-3.9781
53389,1.037,-1.67568
53392,1.05609,-3.69074
53393,1.05916,-4.21112
53394,1.08153,-2.98481
53396,1.08314,1.58709
53397,1.08246,2.33495
53400,1.08414,1.19775
53402,1.09674,-12.0678
53403,1.09738,-10.6531
53404,1.0895,-8.83267
53405,1.09205,-9.24445
53406,1.09288,-9.79526
53409,1.09259,-9.4623
53411,1.09235,-9.36909
53412,1.09186,-10.4241
53413,1.0914,-9.10442
53414,1.09408,-10.5126
53415,1.09559,-10.549
53416,1.09207,-9.1835
53417,1.09216,-9.11769
53418,1.09472,-10.2018
53419,1.09604,-10.2421
53420,1.09558,-10.3341
53421,1.09236,-9.24126
53422,1.09017,-8.59948
53423,1.0901,-7.69234
53424,1.09524,-10.1178
53426,1.09587,-10.3468
53427,1.08706,-7.51048
53429,1.08509,-7.28082
53432,1.08974,-8.36058
53433,1.08995,-8.41984
53436,1.09021,-8.36576
53437,1.08989,-8.37862
53438,1.08747,-7.28642
53439,1.08883,-8.11421
53440,1.0845,-6.20887
53441,1.0852,-7.44786
53442,1.08428,-7.14839
53443,1.08736,-7.25439
53444,1.08582,-7.31603
53445,1.08924,-8.19117
53447,1.08725,-7.20985
53448,1.08956,-7.82743
53449,1.0899,-7.83256
53450,1.09022,-7.82559
53452,1.08663,-7.21305
53454,1.08746,-7.32839
53456,1.08114,-6.00758
53457,1.0871,-7.17927
53460,1.08626,-7.28439
53461,1.08812,-7.51474
53462,1.08601,-7.26354
53463,1.08855,-8.0453
53467,1.06582,5.37067
53469,1.06573,4.5106
53470,1.06606,5.1835
53471,1.06599,4.73654
53472,1.06597,4.77793
53473,1.0657,5.46822
53474,1.06558,5.59765
53475,1.06628,5.78712
53476,1.06775,5.14536
53478,1.0682,5.68323
53480,1.06913,3.92029
53481,1.06991,4.08155
53482,1.0685,4.87446
53483,1.07,3.56835
53484,1.07122,3.25123
53485,1.07092,3.981
53486,1.07189,3.10535
53487,1.07223,3.34949
53489,1.07542,2.31549
53490,1.07311,3.43955
53491,1.07251,2.76517
53492,1.07256,2.65872
53493,1.0729,2.43502
53494,1.0732,2.27008
53495,1.07258,3.37401
53496,1.07284,3.3785
53499,1.07231,3.77666
53500,1.07282,3.27639
53501,1.07493,2.82577
53502,1.07671,2.5089
53503,1.0688,5.69698
53504,1.07343,4.56372
53505,1.06827,5.87766
53506,1.06443,7.79358
53507,1.07411,3.40977
53508,1.07303,3.77226
53509,1.07724,2.89023
53510,1.07722,2.99368
53511,1.07573,3.85774
53512,1.07568,3.98986
53513,1.07638,3.50964
53514,1.07554,3.66254
53515,1.0772,2.68994
53516,1.07722,2.54277
53517,1.07586,3.53446
53518,1.07712,2.52366
53519,1.07711,2.3979
53520,1.07452,3.29468
53521,1.07458,3.17031
53522,1.07629,2.14668
53523,1.07628,2.2496
53525,1.07627,2.04173
53529,1.07245,2.96936
53530,1.07471,1.93289
53531,1.07411,2.03867
53532,1.07741,1.30386
53533,1.07887,1.30956
53534,1.0769,2.30738
53535,1.0741,3.00438
53536,1.06579,5.298
53537,1.06392,6.2544
53538,1.06367,6.48595
53539,1.06352,6.82212
53540,1.06437,6.32904
53541,1.06469,6.19188
53542,1.06496,6.09162
53543,1.06337,8.32309
53544,1.06307,8.38546
53546,1.06334,7.21011
53547,1.06273,8.55466
53548,1.06232,8.70224
53549,1.06175,8.96915
53550,1.06435,7.40424
53552,1.06489,7.38467
53553,1.0717,4.50302
53554,1.06524,7.31712
53555,1.07039,4.82727
53558,1.07868,3.04105
53559,1.07606,3.75806
53560,1.07635,3.27186
53562,1.07595,3.01924
53563,1.0755,3.39766
53564,1.07396,3.77058
53565,1.0727,4.09172
53566,1.06963,4.71652
53567,1.07801,2.49166
53568,1.0771,2.10894
53569,1.06405,6.07515
53571,1.06482,5.34125
53572,1.06467,5.59842
53573,1.06267,6.49896
53575,1.06178,6.55688
53576,1.06195,6.34237
53581,1.06011,6.68577
53582,1.05785,7.25603
53583,1.05412,7.49373
53584,1.05535,7.40173
53585,1.05592,7.28145
53587,1.05209,7.64138
53589,1.06207,8.77184
53590,1.06423,5.72594
53592,1.06535,4.90852
53593,1.06272,5.92171
53594,1.06237,5.98501
53595,1.06209,6.13278
53596,1.06488,5.17553
53597,1.06204,6.2434
53598,1.06318,5.35546
53599,1.06149,6.32334
53600,1.06205,6.00648
53601,1.06367,5.42426
53602,1.06372,5.55376
53603,1.06338,5.55699
53604,1.06089,6.50971
53606,1.05996,6.78833
53607,1.06007,6.96072
53608,1.05924,7.91011
53609,1.05829,4.68874
53610,1.05901,7.56634
53611,1.05754,7.81217
53612,1.05709,8.29468
53613,1.06439,5.45439
53615,1.06334,5.83135
53616,1.06253,5.77117
53620,1.0639,5.21302
53622,1.06195,5.94455
53623,1.06129,6.08299
53625,1.06164,4.99616
53626,1.06244,4.27329
53627,1.06283,4.9422
53628,1.06346,4.7831
53630,1.06356,5.26531
53631,1.06472,4.65611
53632,1.06463,4.54754
53633,1.06438,4.61757
53634,1.06365,5.10875
53635,1.06367,5.06341
53636,1.06292,5.07732
53637,1.06377,3.54053
53638,1.0646,4.48761
53639,1.06271,3.98522
53641,1.0676,2.60717
53642,1.06599,4.22316
53643,1.06592,4.29804
53645,1.06446,5.24727
53646,1.0663,3.88529
53648,1.0661,4.14057
53649,1.06664,3.6098
53650,1.06654,3.67887
53652,1.06448,5.1547
53653,1.0645,5.08805
53655,1.06612,4.05691
53656,1.0657,4.44034
53657,1.06597,4.31053
53658,1.0665,3.76502
53659,1.0653,4.63066
53661,1.06468,4.93254
53663,1.06584,4.03751
53664,1.06452,6.04978
53665,1.06543,4.24662
53666,1.06524,4.2401
53667,1.06543,4.15283
53668,1.06655,3.84478
53669,1.06617,3.7586
53675,1.06577,3.94851
53676,1.06738,3.62011
53677,1.06737,3.61559
53678,1.06752,3.4852
53680,1.066,3.92497
53682,1.0661,3.43144
53683,1.06873,0.30939
53689,1.06618,4.118
53693,1.06646,4.15528
53694,1.06691,3.41505
53695,1.06714,3.17121
53696,1.06686,3.33405
53697,1.06666,3.48128
53698,1.06683,4.06603
53699,1.06761,3.064
53700,1.06746,3.18408
53702,1.06778,2.92513
53703,1.06734,3.98242
53704,1.06774,3.93448
53705,1.0677,4.03189
53706,1.06974,2.96428
53707,1.0683,3.52387
53708,1.06817,3.63062
53709,1.06799,3.77611
53710,1.07052,2.65983
53711,1.07113,2.55497
53712,1.07053,2.22052
53713,1.07015,2.21212
53714,1.06957,2.32958
53715,1.06804,3.52901
53716,1.06842,3.42109
53717,1.06864,3.31643
53718,1.06868,2.62052
53720,1.06726,3.5276
53721,1.06689,3.57399
53722,1.06608,3.80404
53723,1.06552,4.2027
53724,1.06812,2.3717
53725,1.06663,3.55938
53726,1.06649,3.66932
53727,1.0676,2.75879
53728,1.06626,3.76774
53729,1.06618,3.82905
53731,1.06766,2.55146
53733,1.06865,2.19873
53737,1.07071,1.70704
53738,1.06577,4.05002
53739,1.06846,2.09249
53740,1.06596,3.94071
53741,1.06766,2.45308
53743,1.06633,3.72091
53744,1.06647,3.65508
53745,1.06897,3.17479
53746,1.06939,2.02049
53748,1.07254,1.91776
53749,1.07319,1.77196
53750,1.07219,2.1507
53751,1.06923,2.9411
53753,1.06898,2.31149
53754,1.06904,2.97102
53755,1.06897,2.95619
53756,1.06926,2.1015
53759,1.07121,2.00294
53760,1.06921,2.07096
53761,1.06966,2.01243
53767,1.08004,-0.123462
53768,1.07692,0.62872
53772,1.06631,5.00513
53773,1.06604,5.18889
53774,1.06694,4.2062
53776,1.06632,4.99032
53777,1.06647,4.89336
53780,1.0669,4.61037
53781,1.06703,4.09614
53782,1.067,4.08685
53788,1.06723,4.36746
53793,1.07159,3.33234
53794,1.06931,4.73968
53795,1.07105,3.42192
53798,1.07279,2.43871
53799,1.07116,3.48655
53800,1.07288,2.45345
53803,1.07357,1.74343
53805,1.07086,2.26601
53806,1.07123,2.35575
53807,1.07178,3.34248
53808,1.07199,3.18819
53809,1.07504,1.54935
53815,1.06922,3.14865
53816,1.06971,3.0822
53817,1.07004,3.05185
53819,1.07392,2.02921
53820,1.07378,2.09202
53821,1.07446,1.66948
53822,1.06582,5.11375
53823,1.06556,5.57699
53824,1.06417,5.85172
53825,1.0562,7.01429
53826,1.07107,3.58481
53827,1.06257,6.07143
53828,1.06217,5.87585
53829,1.06354,5.01977
53830,1.069,5.17229
53832,1.06341,6.74276
53833,1.05985,-5.60893
53835,1.04816,8.95251
53837,1.06863,-6.85212
53838,1.06147,-6.70724
53839,1.06822,-6.69491
53840,1.069,-6.77381
53841,1.05418,-5.45169
53844,1.05024,-7.44152
53848,1.05274,-7.42027
53850,1.05328,-7.19215
53852,1.0479,-7.39853
53854,1.05156,-4.59366
53855,1.04144,-8.1258
53856,1.04314,-7.58518
53857,1.05657,-3.97852
53860,1.05544,-2.56099
53862,1.08711,-7.29863
53863,1.08587,-9.84796
53864,1.08144,-8.8969
53865,1.07889,-8.76715
53867,1.07492,-8.71482
53868,1.07717,-8.55624
53870,1.08213,-10.1127
53871,1.08395,-10.1859
53872,1.08419,-7.6656
53873,1.08539,-7.34114
53874,1.09667,-8.89139
53875,1.0905,-6.16983
53876,1.09081,-8.87255
53877,1.09038,-6.468
53878,1.08583,-6.93362
53879,1.08534,-6.03608
53880,1.09065,-5.64331
53881,1.08972,-5.11837
53882,1.0921,-1.36454
53883,1.08399,-5.70081
53884,1.08117,-4.9577
53885,1.07162,-4.43291
53886,1.08897,-0.669743
53887,1.08642,-2.14404
53888,1.08777,-1.41798
53889,1.09091,-1.07123
53890,1.09043,0.211596
53892,1.07337,-3.60178
53893,1.09568,2.91007
53894,1.09108,0.85603
53895,1.09158,0.509785
53896,1.0918,0.504776
53897,1.09205,1.15549
53898,1.09182,1.38479
53899,1.09226,1.04008
53900,1.09184,1.79266
53901,1.09535,0.151823
53902,1.09534,0.0935208
53903,1.09247,0.946585
53904,1.09167,2.289
53905,1.09534,0.0917022
53907,1.09165,2.98361
53908,1.09201,1.27983
53909,1.09255,1.265
53910,1.09435,3.27066
53911,1.06655,-3.54731
53912,1.07125,-3.88151
53913,1.06454,-2.70814
53914,1.06764,-4.89275
53915,1.06581,-4.21498
53916,1.06605,-3.76502
53917,1.06663,-4.00581
53918,1.06642,-3.88643
53919,1.06659,-3.92902
53920,1.06709,-4.14886
53921,1.06687,-4.09402
53922,1.06705,-4.14807
53923,1.06647,-4.12662
53924,1.06701,-4.26239
53925,1.06776,-5.30755
53926,1.0683,-4.29241
53928,1.06857,-4.32669
53929,1.0674,-4.3243
53930,1.06811,-4.39451
53931,1.06881,-4.40629
53932,1.06848,-4.40523
53934,1.06879,-4.37016
53935,1.07134,-5.16911
53936,1.0692,-4.40295
53937,1.07208,-5.17039
53939,1.06784,-4.20296
53940,1.06964,-4.37046
53941,1.07022,-4.27207
53942,1.07211,-5.29803
53943,1.07203,-5.3114
53945,1.06909,-4.17542
53946,1.07145,-4.70027
53947,1.07385,-5.13506
53948,1.06915,-5.38822
53949,1.07218,-5.37252
53951,1.06775,-4.37095
53957,1.07677,3.01965
53958,1.07395,3.01471
53959,1.08251,-1.98525
53960,1.0784,0.0810228
53965,1.06457,-0.431433
53966,1.06375,-0.405838
53968,1.06001,0.111234
53971,1.0671,-2.41565
53972,1.06524,-1.535
53973,1.06689,-1.39325
53974,1.07055,-4.24638
53975,1.07664,-0.100199
53976,1.07159,-6.91111
53977,1.08478,-6.41008
53978,1.05437,-5.95757
53980,1.03713,-3.63015
53982,1.04193,-4.39268
53983,1.04464,-4.71936
53984,1.07334,-4.31214
53985,1.1,-3.52722
53986,1.09603,-2.95252
53987,1.08978,-3.76558
53988,1.08524,-4.02547
53989,1.08765,-0.0775344
53990,1.09319,-3.23562
53991,1.09312,-1.64918
53992,1.07078,6.1328
53994,1.07494,1.72826
53997,1.06888,-1.13669
53998,1.06894,-1.21881
53999,1.06954,-1.28258
54002,1.06302,1.69549
54003,1.06353,3.30977
54004,1.06398,1.54418
54005,1.06354,2.27313
54006,1.06546,0.696385
54007,1.0641,1.6673
54011,1.0617,2.0574
54013,1.06466,0.669299
54014,1.06299,1.57722
54015,1.06272,1.51683
54016,1.06245,1.48665
54017,1.06208,1.45201
54018,1.06134,0.676606
54019,1.06177,0.383864
54020,1.06158,0.29687
54021,1.06172,1.23824
54022,1.06242,1.46661
54023,1.06238,1.45613
54024,1.06394,2.44514
54025,1.06397,2.30492
54027,1.06573,0.588069
54028,1.0633,1.87198
54031,1.06127,0.971011
54035,1.05373,-0.620635
54037,1.05016,-2.36895
54038,1.05814,-0.0926066
54039,1.05625,-0.432928
54040,1.0527,-2.06797
54041,1.05387,-1.87794
54042,1.04677,-1.53884
54044,1.04697,-2.71017
54049,1.04595,-2.5269
54050,1.04639,-2.74448
54051,1.04632,-2.67823
54052,1.04621,-2.54614
54053,1.04642,-2.80257
54054,1.04657,-2.83476
54055,1.0462,-2.82488
54056,1.04674,-2.80495
54058,1.04677,-2.9309
54062,1.0468,-3.1293
54063,1.04677,-3.10365
54067,1.04598,-2.7188
54069,1.0461,-2.40819
54070,1.04547,-2.19716
54071,1.04233,-0.999991
54072,1.0462,-2.52969
54073,1.04634,-2.69944
54075,1.04651,-2.86926
54076,1.04668,-3.00945
54081,1.04679,-3.06994
54082,1.04815,-1.05416
54083,1.0467,-2.83008
54084,1.06228,1.62188
54086,1.05405,-0.807521
54087,1.06007,-0.761497
54088,1.05568,0.408735
54089,1.09757,9.01204
54090,1.09809,9.58462
54091,1.03796,-6.95144
54092,1.04747,-5.37148
54093,1.04331,-8.47133
54094,1.03845,-6.60807
54095,1.04235,-6.03817
54096,1.03639,-4.6654
54097,1.0275,-0.0706407
54101,1.08982,-5.78936
54102,1.08782,-3.66768
54103,1.07351,-5.67686
54105,1.1,-6.86859
54107,1.0364,-7.33009
54108,1.03297,-7.25246
54109,1.03365,-9.5283
54110,1.03179,-7.04656
54111,1.03538,-9.91818
54112,1.03486,-9.93737
54113,1.02697,-5.31373
54115,1.02506,-4.96699
54116,1.02388,-5.31107
54117,1.02176,-5.50955
54118,1.09511,-7.75073
54119,1.0871,-5.59901
54121,1.08694,-8.56431
54122,1.09208,-11.9368
54123,1.06886,17.381
54124,1.06583,0.707732
54125,1.0477,3.71463
54126,1.07955,1.75149
54128,1.07639,-0.296339
54129,1.08201,-12.6413
54130,1.08193,-13.9944
54131,1.08081,-14.3189
54132,1.07803,-13.5837
54134,1.08824,-17.8846
54135,1.08831,-17.7046
54136,1.0889,-18.004
54137,1.08319,-15.1827
54138,1.09021,-18.7342
54139,1.08715,-17.286
54140,1.08994,-18.1879
54141,1.09021,-18.3751
54142,1.09057,-18.5578
54143,1.08708,-17.3874
54144,1.09065,-18.5079
54145,1.09042,-18.3212
54146,1.09018,-18.1907
54147,1.08961,-18.0456
54148,1.08714,-17.2078
54149,1.08984,-18.1302
54150,1.08715,-17.2185
54151,1.0887,-17.808
54152,1.08841,-17.7066
54153,1.08632,-17.1432
54154,1.08492,-16.2156
54155,1.08525,-16.3823
54156,1.08553,-16.5178
54157,1.08577,-16.6211
54160,1.08924,-18.4212
54161,1.08874,-18.2638
54162,1.0882,-18.0629
54163,1.08773,-17.8551
54164,1.08792,-17.9411
54165,1.08708,-17.5725
54166,1.08685,-17.4463
54167,1.08627,-17.1263
54168,1.0862,-17.1936
54169,1.08734,-17.6169
54170,1.08657,-17.3969
54171,1.08685,-17.5199
54172,1.08438,-15.9048
54173,1.08369,-15.4404
54176,1.0824,-14.6155
54178,1.08384,-15.5934
54179,1.0833,-15.2809
54180,1.08278,-15.0573
54181,1.07921,-12.1437
54184,1.07923,-13.5572
54185,1.07818,-11.0079
54186,1.07947,-11.3879
54187,1.08161,-13.4247
54188,1.07955,-12.4247
54189,1.07915,-12.1993
54190,1.0818,-14.1005
54191,1.08346,-15.3542
54192,1.08294,-14.9781
54195,1.0825,-14.7385
54196,1.08224,-14.5523
54197,1.08548,-16.8138
54198,1.08377,-15.6345
54199,1.0799,-12.4598
54200,1.08127,-13.1445
54201,1.0837,-15.4198
54202,1.08107,-13.1558
54203,1.08327,-15.1129
54204,1.08088,-13.0254
54205,1.08512,-16.2687
54206,1.08415,-15.7184
54207,1.08505,-16.565
54208,1.08346,-15.2255
54209,1.08442,-15.9584
54210,1.08688,-17.6878
54211,1.08602,-17.1546
54212,1.08653,-17.3124
54213,1.08442,-16.0059
54214,1.08541,-16.8995
54219,1.08549,-16.9521
54220,1.08552,-16.9181
54221,1.08596,-16.5512
54222,1.08548,-16.3425
54223,1.08486,-16.0606
54224,1.08591,-17.1277
54225,1.08573,-17.0571
54226,1.08469,-16.8757
54227,1.0867,-17.5892
54228,1.0869,-17.6398
54229,1.08722,-17.117
54230,1.08674,-17.0506
54231,1.08625,-16.8395
54232,1.08663,-16.8593
54233,1.08652,-17.3281
54234,1.08626,-17.2383
54235,1.09022,-18.5349
54236,1.09042,-18.4628
54237,1.08931,-18.3604
54239,1.08508,-16.5156
54241,1.08697,-17.6356
54242,1.08699,-17.5938
54243,1.08691,-17.5031
54245,1.09066,-18.37
54246,1.09068,-18.3896
54247,1.09093,-18.2937
54248,1.0911,-18.1968
54249,1.08755,-17.2763
54250,1.08753,-17.2438
54253,1.08819,-18.0655
54254,1.08761,-17.8149
54255,1.08704,-17.5399
54256,1.08492,-16.3463
54257,1.08908,-18.4208
54259,1.08878,-18.2851
54265,1.08477,-16.2836
54266,1.08474,-16.2678
54267,1.08418,-15.9798
54268,1.08569,-16.9989
54269,1.08381,-15.8101
54270,1.08555,-16.9758
54271,1.08461,-16.2061
54272,1.08392,-15.7939
54273,1.08456,-16.4041
54274,1.08365,-15.5254
54276,1.08313,-15.272
54277,1.08326,-15.3028
54278,1.08283,-15.0543
54280,1.08434,-15.8499
54281,1.08689,5.00768
54282,1.08382,-4.58724
54283,1.08598,-2.26479
54284,1.07593,-5.91302
54285,1.07554,-6.64016
54286,1.07836,-7.3852
54287,1.08361,3.1455
54288,1.08288,3.51001
54289,1.08015,3.71505
54290,1.07607,5.73186
54291,1.08851,3.43035
54292,1.08769,2.93884
54295,1.07968,3.849
54296,1.08377,-1.59602
54298,1.08396,-0.74425
54300,1.08149,1.39446
54302,1.08084,1.60668
54305,1.07194,1.04726
54306,1.07785,1.08931
54307,1.07526,3.83529
54308,1.07935,3.57269
54309,1.07017,5.59552
54311,1.07269,-2.69728
54312,1.0829,-3.63148
54313,1.08101,-3.664
54314,1.09107,-6.15484
54315,1.0739,-2.3439
54316,1.09561,-19.9515
54317,1.09532,-20.8844
54318,1.08895,-20.1752
54319,1.09199,-21.7826
54320,1.09253,-21.6177
54321,1.08928,-21.2149
54322,1.08715,-20.2878
54323,1.0915,-21.8748
54324,1.08983,-8.06238
54325,1.08915,-6.92882
54327,1.08828,-8.0664
54328,1.09168,-6.97892
54329,1.08917,-7.86042
54332,1.08701,-7.15553
54335,1.08713,-7.42108
54336,1.08767,-7.38144
54338,1.08348,-7.44239
54339,1.08819,-8.85092
54341,1.0895,-8.97308
54342,1.08838,-7.49436
54343,1.07506,-0.894522
54344,1.07663,4.10231
54345,1.0795,2.73199
54346,1.02131,10.3602
54347,1.02812,9.72513
54349,1.08605,-2.30225
54352,1.08811,-16.1575
54353,1.08767,-16.3194
54354,1.08798,-16.4387
54355,1.08823,-16.527
54356,1.08551,-14.3072
54358,1.08764,-16.1762
54359,1.08521,-13.6963
54360,1.08671,-15.2737
54361,1.08769,-16.3216
54362,1.0877,-16.2873
54365,1.08866,-16.5374
54366,1.08804,-16.4884
54367,1.08901,-16.6324
54368,1.089,-16.6486
54369,1.08864,-16.5972
54370,1.08887,-16.6263
54371,1.08886,-16.573
54372,1.08886,-16.5181
54373,1.08723,-15.3899
54374,1.08738,-15.4455
54375,1.08749,-15.4872
54376,1.08976,-16.5407
54377,1.08971,-16.6165
54378,1.0893,-16.6226
54379,1.08894,-16.819
54380,1.08933,-16.6695
54381,1.08945,-16.6655
54382,1.08938,-16.598
54384,1.08939,-16.5336
54386,1.0894,-16.445
54387,1.08964,-16.5185
54388,1.08612,-16.8843
54389,1.08892,-16.6949
54390,1.08847,-16.8834
54391,1.08989,-16.5529
54392,1.08968,-16.5554
54393,1.08778,-16.2368
54395,1.08846,-16.7466
54396,1.08667,-15.5733
54397,1.08664,-15.5242
54398,1.08653,-15.4892
54399,1.0878,-16.2469
54400,1.08647,-15.4751
54401,1.08657,-15.5106
54402,1.08601,-16.7919
54403,1.08549,-16.7364
54404,1.08426,-16.438
54405,1.08609,-15.1496
54406,1.08454,-16.4906
54407,1.07835,-15.3122
54409,1.08513,-16.7387
54410,1.08544,-16.7746
54412,1.08462,-16.6757
54413,1.08406,-16.5624
54414,1.08348,-16.4352
54415,1.07836,-15.3752
54416,1.08511,-16.5887
54417,1.08509,-16.4181
54420,1.08433,-15.6682
54421,1.08437,-15.6944
54422,1.08418,-16.4462
54423,1.08439,-15.7131
54424,1.07818,-15.4285
54426,1.07787,-15.3554
54427,1.08124,-16.571
54428,1.0823,-16.1961
54429,1.08214,-16.055
54430,1.07527,-14.9432
54431,1.07588,-15.0276
54432,1.07569,-14.9687
54433,1.08339,-16.1917
54434,1.0836,-16.1656
54435,1.08731,-16.6521
54436,1.08626,-15.4685
54437,1.08658,-15.712
54438,1.08671,-15.7429
54439,1.08734,-16.8576
54440,1.0876,-17.4644
54441,1.08822,-17.2826
54443,1.08783,-17.1716
54444,1.08629,-15.4587
54445,1.08598,-15.3651
54446,1.0849,-15.6583
54447,1.08495,-15.5917
54448,1.08376,-14.3834
54449,1.08339,-14.3741
54450,1.08316,-14.2549
54451,1.0862,-15.5093
54452,1.0861,-15.5601
54453,1.08503,-15.0197
54455,1.08486,-14.9427
54456,1.0846,-14.8394
54457,1.08572,-15.2772
54459,1.08418,-14.6658
54460,1.08626,-15.4582
54463,1.08632,-15.717
54464,1.08661,-15.8762
54465,1.08691,-16.0598
54466,1.08679,-15.9933
54467,1.08654,-15.8172
54468,1.08641,-15.7188
54469,1.08534,-15.1346
54470,1.08654,-15.6442
54471,1.08654,-15.6351
54472,1.087,-16.0284
54473,1.0871,-15.6904
54474,1.08574,-15.2976
54475,1.08753,-16.1
54476,1.0865,-15.7023
54477,1.08308,-14.9126
54479,1.08434,-16.5106
54480,1.0843,-15.5394
54481,1.08423,-15.5556
54482,1.08412,-15.534
54483,1.08512,-16.2877
54484,1.08457,-15.5526
54485,1.08547,-16.6617
54486,1.08384,-14.5867
54487,1.08427,-14.868
54489,1.08395,-14.8687
54490,1.08373,-14.8638
54491,1.08563,-15.8421
54492,1.08289,-14.7017
54493,1.08337,-14.8452
54495,1.08331,-14.9289
54496,1.08669,-15.6651
54498,1.08918,-16.7202
54499,1.08838,-17.2093
54500,1.08792,-17.1368
54502,1.0892,-17.1052
54503,1.08685,-16.6678
54504,1.08695,-16.6793
54505,1.08765,-16.0287
54506,1.08903,-17.2357
54507,1.08723,-16.8049
54509,1.08483,-14.8998
54510,1.08693,-16.0051
54513,1.08533,-13.4882
54514,1.08593,-14.7454
54515,1.08624,-15.0171
54516,1.08421,-13.7703
54517,1.07666,-15.0827
54518,1.07541,-14.9958
54519,1.07606,-14.9935
54520,1.07346,-15.2269
54521,1.0729,-14.652
54522,1.0731,-14.7205
54524,1.07699,-15.2253
54525,1.07553,-15.0225
54526,1.07971,-15.6648
54527,1.08052,-15.3459
54528,1.07878,-15.5288
54529,1.07861,-15.4979
54530,1.07943,-16.7164
54531,1.07939,-15.607
54537,1.08396,-15.499
54538,1.086,-15.3223
54539,1.08313,-14.9908
54540,1.08509,-15.859
54541,1.08489,-15.521
54542,1.08497,-15.4013
54543,1.08179,-14.3733
54544,1.08522,-16.0654
54545,1.08447,-15.0584
54546,1.08336,-14.2956
54547,1.08621,-15.1342
54548,1.08717,-15.9906
54549,1.08471,-14.7429
54550,1.08687,-15.2901
54553,1.08563,-14.9815
54554,1.08577,-15.5684
54555,1.0861,-15.7021
54556,1.08526,-15.3233
54557,1.08319,-14.0786
54558,1.0811,-13.6741
54559,1.08434,-14.7701
54560,1.08407,-14.6083
54561,1.08334,-14.1389
54563,1.08355,-14.1863
54565,1.0855,-15.1948
54566,1.08504,-14.9203
54568,1.08351,-14.404
54569,1.08307,-14.222
54570,1.08446,-14.6532
54571,1.08461,-14.684
54573,1.08556,-15.6903
54574,1.08579,-15.6563
54575,1.0854,-15.6997
54576,1.08679,-16.7932
54578,1.08786,-17.2114
54579,1.08873,-17.1712
54580,1.08576,-17.0507
54581,1.0849,-16.2496
54583,1.08437,-16.0445
54585,1.08379,-15.852
54587,1.08828,-17.1092
54588,1.08587,-16.5228
54589,1.08643,-17.3233
54591,1.08621,-17.2184
54592,1.08557,-16.4277
54593,1.08532,-16.3619
54595,1.08482,-16.1864
54599,1.08752,-16.8469
54600,1.08746,-16.8685
54601,1.08743,-16.7235
54602,1.08764,-16.8993
54603,1.089,-17.8307
54604,1.08941,-17.9693
54605,1.08931,-17.8596
54606,1.08921,-17.8177
54607,1.08761,-16.9967
54608,1.08987,-18.3715
54609,1.08926,-18.3603
54610,1.08888,-18.3124
54611,1.08723,-16.9028
54613,1.08897,-18.2944
54614,1.0872,-16.8268
54616,1.08824,-17.5164
54617,1.08645,-16.6424
54618,1.08871,-17.5577
54619,1.08881,-17.6255
54620,1.08884,-17.5277
54621,1.08583,-14.8225
54622,1.08124,-16.8083
54625,1.07675,-15.8948
54626,1.07583,-16.3414
54627,1.08867,-18.5644
54630,1.09037,-18.2185
54631,1.08143,-16.7102
54632,1.08185,-16.7539
54633,1.08657,-18.3654
54634,1.08683,-17.9295
54635,1.08617,-18.0813
54636,1.08733,-17.5358
54637,1.08705,-17.8083
54640,1.09119,-18.6926
54641,1.09046,-18.637
54642,1.0839,-17.56
54646,1.08328,-15.9882
54648,1.08717,-17.1457
54651,1.08172,-17.0252
54652,1.08052,-16.1908
54656,1.08215,-17.2509
54657,1.07553,-16.253
54659,1.07845,-16.6953
54660,1.07661,-15.7964
54661,1.07588,-16.427
54663,1.08088,-16.8756
54664,1.08164,-16.8692
54665,1.08183,-16.0915
54666,1.08156,-16.8615
54667,1.08476,-17.0607
54668,1.08429,-16.8714
54669,1.08338,-16.842
54670,1.08124,-16.6731
54671,1.08306,-16.7447
54672,1.08234,-17.0584
54673,1.0759,-15.3924
54674,1.07997,-16.758
54675,1.07491,-15.3575
54676,1.08004,-16.6582
54677,1.07976,-16.5468
54678,1.07438,-15.7187
54679,1.07297,-15.1606
54680,1.07836,-16.5646
54681,1.07653,-16.3024
54682,1.07366,-15.4099
54685,1.07445,-15.8002
54686,1.0788,-17.0259
54687,1.07857,-16.6882
54688,1.07377,-15.1291
54689,1.07896,-17.0872
54692,1.079,-15.7715
54694,1.07961,-16.89
54697,1.07864,-15.9383
54699,1.07991,-17.0471
54700,1.08004,-17.109
54701,1.08018,-17.201
54703,1.07435,-15.337
54704,1.07986,-17.2819
54705,1.07928,-17.1198
54706,1.0824,-16.5788
54707,1.08197,-16.479
54708,1.07816,-16.5847
54709,1.07645,-15.3141
54710,1.07708,-15.398
54711,1.0765,-15.3296
54712,1.08204,-16.4456
54713,1.07806,-15.3982
54714,1.08179,-16.6328
54715,1.08129,-16.6539
54716,1.07952,-15.3751
54717,1.08105,-17.0983
54718,1.07635,-16.4363
54719,1.07724,-16.8975
54720,1.08002,-15.6666
54721,1.07855,-15.4741
54723,1.08044,-15.5111
54724,1.08022,-15.4542
54725,1.08405,-16.852
54727,1.0756,-15.0811
54728,1.07896,-15.5049
54729,1.07956,-15.5192
54730,1.08224,-16.199
54731,1.08003,-15.5002
54732,1.08021,-15.4093
54733,1.08021,-15.3396
54734,1.08376,-16.3647
54736,1.08096,-17.0194
54737,1.076,-15.227
54738,1.08378,-15.5722
54739,1.08346,-15.6075
54740,1.08486,-16.7325
54741,1.08326,-15.5107
54742,1.08107,-15.1298
54743,1.0829,-15.378
54745,1.08242,-15.4453
54746,1.08118,-14.7641
54747,1.08481,-12.9579
54751,1.08175,-14.5429
54752,1.08081,-14.0385
54753,1.08025,-13.8285
54754,1.07993,-13.6332
54755,1.08011,-13.1245
54756,1.07984,-12.9999
54757,1.07888,-12.8905
54758,1.07952,-13.3694
54759,1.08067,-13.2936
54760,1.08138,-13.5019
54761,1.08251,-13.9648
54762,1.08284,-14.6036
54763,1.08392,-14.8393
54764,1.08192,-13.7274
54765,1.08113,-13.1788
54766,1.08171,-13.4388
54767,1.08143,-13.3921
54768,1.08241,-13.7264
54769,1.08281,-14.0126
54770,1.08293,-13.9943
54771,1.08255,-13.7334
54772,1.08253,-13.0121
54773,1.08241,-13.115
54774,1.08518,-14.0079
54775,1.082,-13.4753
54776,1.0818,-13.2227
54777,1.083,-13.9398
54778,1.08276,-13.691
54779,1.08268,-13.7162
54780,1.08045,-12.57
54781,1.08021,-12.8178
54783,1.0783,-12.6781
54784,1.07709,-12.4234
54785,1.08287,-14.1914
54786,1.08194,-13.1117
54787,1.08186,-13.646
54788,1.08311,-14.6407
54789,1.08141,-12.5555
54790,1.08339,-14.2288
54791,1.08374,-14.4373
54792,1.0851,-13.5629
54793,1.08508,-13.6898
54794,1.08271,-13.3416
54795,1.08065,-12.0908
54796,1.08158,-12.7798
54797,1.08137,-12.3938
54798,1.08592,-13.8449
54799,1.08531,-13.8298
54800,1.07975,-11.9637
54801,1.08557,-13.3434
54802,1.08256,-13.9896
54803,1.08161,-12.7147
54804,1.08003,-11.8497
54806,1.08213,-13.2587
54807,1.08195,-13.819
54809,1.07906,-12.8385
54810,1.07951,-12.9323
54811,1.07937,-12.8559
54813,1.08071,-13.4479
54814,1.0804,-13.0188
54815,1.08623,-15.4473
54817,1.08069,-13.2363
54818,1.08321,-14.1319
54819,1.08337,-14.017
54820,1.08348,-14.3881
54821,1.08346,-13.9124
54822,1.08335,-14.0062
54824,1.08313,-14.3523
54827,1.08506,-15.8327
54828,1.08272,-14.1
54834,1.08357,-15.093
54835,1.08396,-15.8258
54838,1.08341,-15.5147
54839,1.08493,-15.5091
54840,1.08493,-15.5045
54841,1.08569,-15.5951
54842,1.08606,-15.5038
54843,1.08357,-15.6639
54844,1.08445,-16.203
54845,1.08357,-15.7076
54846,1.08493,-16.2511
54847,1.08216,-14.0133
54848,1.08555,-15.6817
54849,1.08348,-15.9695
54851,1.08297,-15.5728
54852,1.08291,-15.6586
54853,1.08329,-15.803
54854,1.08371,-15.8826
54855,1.0843,-16.1527
54856,1.08394,-16.0349
54857,1.08336,-15.7266
54858,1.08496,-16.6807
54859,1.08513,-16.7028
54860,1.08314,-15.6646
54861,1.08295,-15.6046
54862,1.08713,-16.1662
54863,1.08654,-15.6112
54864,1.08752,-16.3356
54865,1.08648,-15.5395
54866,1.08787,-16.5112
54867,1.08777,-16.4113
54868,1.08789,-16.4818
54869,1.08783,-16.4095
54872,1.08489,-14.5343
54873,1.08336,-15.1975
54874,1.08981,-16.3404
54875,1.08664,-15.4278
54876,1.08329,-16.0228
54877,1.08794,-17.4243
54878,1.08751,-16.9273
54880,1.08616,-15.4796
54881,1.05473,6.12162
54882,1.05875,6.17965
54883,1.05729,6.02202
54888,1.07486,17.0956
54889,1.08227,-5.53193
54890,1.0808,-5.99714
54891,1.08269,-18.2067
54894,1.08181,-16.9963
54895,1.08361,-17.5691
54896,1.08357,-16.9515
54898,1.09296,-18.4258
54899,1.09283,-18.7349
54903,1.08452,-18.2015
54904,1.08151,-15.0931
54906,1.0844,-18.2022
54908,1.08533,-18.6443
54909,1.08332,-16.3136
54910,1.08286,-15.4848
54911,1.08319,-15.9571
54912,1.08216,-14.4836
54913,1.0811,-15.2491
54914,1.0794,-15.9286
54915,1.08101,-17.2082
54916,1.07993,-17.7543
54917,1.07864,-16.4231
54920,1.079,-16.6707
54921,1.0797,-14.368
54923,1.07816,-16.2198
54924,1.07857,-16.4037
54925,1.0781,-16.3399
54926,1.0775,-16.3951
54927,1.07719,-16.4152
54929,1.07595,-16.4277
54930,1.07614,-16.4068
54932,1.07622,-16.552
54933,1.08113,-18.1416
54935,1.08135,-17.0198
54936,1.08061,-16.7811
54937,1.07893,-16.3724
54938,1.08283,-18.2664
54939,1.08386,-18.2008
54940,1.08427,-18.3295
54941,1.08335,-18.145
54943,1.09129,-19.1033
54944,1.08678,-18.5635
54945,1.08988,-18.8466
54946,1.09039,-18.9263
54947,1.09191,-19.2845
54951,1.09135,-18.7277
54955,1.09104,-18.6997
54957,1.09141,-19.216
54958,1.09118,-18.8594
54959,1.09224,-18.84
54960,1.0898,-18.1509
54961,1.09031,-18.3013
54962,1.09068,-18.3837
54963,1.09065,-18.5291
54965,1.08946,-18.5545
54966,1.09273,-19.1132
54969,1.09008,-18.1984
54971,1.09182,-17.8109
54972,1.08701,-15.2286
54975,1.09,-18.5363
54976,1.09061,-18.7024
54977,1.09088,-18.4053
54978,1.09144,-18.146
54979,1.09101,-18.3218
54981,1.09074,-18.6819
54982,1.08943,-18.5358
54983,1.08928,-18.4995
54984,1.08911,-18.4347
54985,1.08941,-18.4917
54986,1.08943,-18.5076
54987,1.09218,-19.2194
54988,1.09257,-19.297
54989,1.09228,-19.0898
54990,1.08736,-18.791
54991,1.08863,-18.7031
54992,1.09145,-19.0599
54993,1.09193,-19.0515
54994,1.09229,-18.9192
54995,1.09183,-18.6069
54996,1.09263,-18.6064
54998,1.09184,-18.3701
54999,1.08486,-16.98
55001,1.09167,-18.4799
55002,1.09208,-18.5423
55003,1.09236,-18.5177
55005,1.08607,-17.2192
55006,1.09245,-18.48
55007,1.09231,-18.5134
55009,1.09199,-18.6189
55010,1.09154,-18.3988
55014,1.09213,-18.702
55018,1.09091,-18.2878
55021,1.09077,-18.0515
55022,1.08609,-16.9626
55026,1.09086,-18.6346
55027,1.09079,-18.6554
55029,1.07883,7.84411
55030,1.07008,8.51577
55031,1.07088,10.2068
55034,1.06913,2.04835
55035,1.07266,-2.34453
55036,1.09009,8.14734
55037,1.08979,7.68667
55038,1.07252,-1.23178
55039,1.06751,0.785369
55040,1.07061,1.05627
55041,1.06585,-3.39913
55042,1.06975,-3.03352
55043,1.0692,-2.61191
55044,1.08008,-2.5437
55045,1.07119,-2.98639
55046,1.07135,9.67082
55047,1.07272,8.84709
55048,1.07336,8.70433
55049,1.07285,8.80608
55050,1.07307,8.7802
55051,1.0724,9.03614
55052,1.07167,9.82135
55054,1.07617,8.40451
55055,1.07181,10.0491
55056,1.07783,7.70167
55057,1.07361,8.67214
55058,1.07389,8.52302
55059,1.07399,8.73577
55061,1.07573,8.43266
55063,1.07404,8.55457
55064,1.07373,8.38819
55066,1.07296,8.77067
55067,1.07341,8.51308
55070,1.07287,9.26386
55071,1.07393,8.10165
55072,1.07436,8.1341
55073,1.07695,8.28689
55074,1.08857,1.23672
55075,1.08037,-14.3817
55076,1.07952,-13.8984
55077,1.08018,-15.0513
55078,1.08068,-14.8627
55079,1.08077,-14.6924
55080,1.08901,-15.7255
55081,1.07924,-16.1405
55082,1.08765,-15.8787
55083,1.08098,-15.5798
55084,1.07932,-13.9887
55085,1.0791,-14.0124
55086,1.07841,-16.2951
55087,1.07892,-13.6191
55088,1.07833,-13.2641
55089,1.0821,-14.9392
55090,1.07934,-13.8409
55092,1.07511,-14.8104
55094,1.07897,-15.9281
55095,1.07291,-14.0937
55096,1.07353,-14.4264
55098,1.07159,-11.4057
55099,1.0758,-12.4525
55100,1.07376,-10.9124
55102,1.07724,-12.3176
55103,1.07166,-12.2952
55104,1.07462,-11.3954
55105,1.07912,-10.1424
55106,1.09086,-17.2126
55107,1.0888,-16.9156
55108,1.09022,-17.8017
55110,1.09028,-17.8588
55111,1.09023,-17.8375
55113,1.08972,-17.0416
55114,1.08994,-17.0364
55115,1.09018,-17.0999
55116,1.09088,-17.2212
55119,1.0925,-17.5137
55120,1.09158,-17.3271
55121,1.09333,-17.4056
55122,1.09249,-17.4002
55123,1.09216,-17.3776
55124,1.09399,-18.1031
55125,1.09458,-17.2965
55126,1.09438,-17.5234
55128,1.09582,-17.9908
55129,1.09489,-18.9321
55130,1.09465,-18.0066
55131,1.09467,-17.9029
55132,1.09466,-17.8006
55135,1.09491,-18.9768
55151,1.09502,-17.4045
55156,1.09624,-17.9761
55157,1.0954,-17.5815
55158,1.095,-17.8393
55159,1.09507,-17.293
55162,1.09674,-17.7461
55163,1.09537,-17.2206
55164,1.09457,-14.4007
55165,1.09561,-16.8983
55166,1.09506,-17.1344
55167,1.09457,-14.2583
55169,1.09639,-16.6197
55171,1.09663,-16.6132
55173,1.09718,-16.9416
55174,1.09743,-17.0686
55175,1.09757,-17.1332
55176,1.09796,-17.2823
55178,1.09817,-17.3228
55179,1.0985,-15.8832
55181,1.09852,-17.3429
55182,1.09662,-17.262
55183,1.09778,-17.2253
55184,1.09749,-17.5933
55185,1.09775,-17.6322
55186,1.09772,-17.6327
55187,1.09617,-16.9745
55188,1.09595,-16.9232
55189,1.09623,-17.0916
55190,1.09797,-17.8626
55191,1.09668,-17.3283
55192,1.09367,-17.3945
55194,1.09626,-16.9645
55195,1.09554,-15.602
55197,1.09525,-19.1387
55198,1.09607,-17.0143
55199,1.09819,-18.2168
55200,1.08495,-18.6099
55201,1.08415,-18.6374
55202,1.0861,-18.3533
55204,1.09499,-17.1316
55205,1.08995,-19.106
55206,1.08701,-17.6711
55207,1.08599,-16.3315
55208,1.08834,-17.7174
55209,1.08588,-16.8919
55210,1.09179,-18.7378
55211,1.09234,-18.6404
55212,1.09218,-19.0389
55214,1.09371,-18.9944
55217,1.08884,-18.2422
55218,1.08687,-17.0752
55219,1.08954,-18.7895
55222,1.09135,-17.9381
55225,1.09607,-18.3603
55227,1.08994,-18.1942
55228,1.09355,-18.7439
55229,1.0868,-18.5433
55230,1.08832,-18.3995
55231,1.09477,-18.7809
55232,1.09465,-18.6825
55234,1.09017,-19.1067
55235,1.08639,-18.6844
55236,1.08593,-18.7894
55237,1.09884,-14.5216
55241,1.08332,-18.6668
55242,1.08219,-18.6872
55244,1.08593,-18.8933
55246,1.08487,-18.8981
55247,1.09529,-10.7762
55254,1.09933,-15.6797
55255,1.0998,-16.5303
55256,1.09999,-16.594
55257,1.1,-16.5531
55258,1.09899,-15.4602
55265,1.09385,-18.0581
55266,1.09407,-17.2025
55267,1.06191,-4.61433
55268,1.06091,-5.08322
55270,1.06832,-3.77966
55271,1.06448,-4.51744
55272,1.06328,-4.72661
55273,1.0638,-4.64226
55274,1.0654,-5.19801
55275,1.08581,-9.46395
55277,1.09575,-10.0883
55278,1.09367,-10.4322
55279,1.09642,-9.21086
55280,1.09418,-9.54332
55281,1.08663,-6.13311
55282,1.06816,-9.59931
55283,1.07345,-8.86202
55284,1.07506,-8.53365
55285,1.08442,-7.70165
55286,1.08199,-9.212
55287,1.08121,-8.7522
55288,1.08209,-10.9865
55289,1.08119,-8.79902
55291,1.06651,-1.79259
55292,1.06462,0.0683074
55293,1.06793,-3.0232
55294,1.07537,-3.37413
55295,1.07611,-4.16684
55296,1.06958,-0.222161
55297,1.077,5.80396
55298,1.07833,5.26732
55299,1.06958,10.1565
55300,1.03615,7.47109
55301,1.09851,-3.27632
55302,1.07382,-8.63906
55304,1.07449,-8.86208
55305,1.07455,-8.90477
55308,1.07381,-8.88027
55309,1.07423,-8.8975
55310,1.07413,-8.645
55311,1.07257,-8.30119
55312,1.07295,-8.75878
55313,1.07339,-8.49358
55314,1.07182,-8.47401
55315,1.07232,-8.71389
55316,1.07415,-9.36883
55319,1.07469,-9.61607
55320,1.07346,-9.10958
55323,1.0736,-9.15191
55324,1.07432,-9.50833
55325,1.07522,-9.66728
55326,1.08088,-11.5598
55327,1.07714,-10.223
55328,1.08035,-11.6016
55329,1.07445,-9.90101
55330,1.07479,-9.98596
55331,1.0801,-11.7366
55332,1.07983,-11.6803
55333,1.08008,-11.6313
55337,1.07733,-10.2198
55338,1.0768,-9.99831
55339,1.07625,-9.7492
55340,1.07815,-9.80054
55341,1.0819,-10.9745
55342,1.07995,-11.2439
55343,1.08016,-10.9642
55344,1.0793,-9.30247
55345,1.07945,-9.54996
55346,1.07873,-8.50854
55347,1.08106,-9.38758
55348,1.07909,-8.77973
55349,1.07754,-9.52182
55350,1.07699,-9.21601
55352,1.0762,-8.9121
55353,1.0752,-9.31202
55354,1.07447,-9.21312
55355,1.07419,-9.78966
55356,1.07332,-8.98146
55357,1.073,-8.74377
55358,1.07232,-8.62476
55359,1.07186,-8.28981
55361,1.07092,-7.76985
55363,1.0707,-7.63298
55364,1.0735,-8.94598
55365,1.07493,-9.26341
55366,1.07556,-8.65989
55367,1.07845,-7.83385
55368,1.07867,-8.19162
55369,1.07845,-7.5477
55370,1.07728,-7.91627
55371,1.07844,-6.49436
55372,1.07943,-7.11962
55373,1.08015,-6.87288
55375,1.06908,-5.37956
55376,1.07811,-4.13529
55377,1.08115,-6.27934
55378,1.06694,-0.70031
55380,1.06258,-1.74367
55381,1.07858,0.110484
55384,1.08824,-3.59922
55385,1.07773,-2.22561
55386,1.0923,-5.07703
55388,1.0682,3.58729
55389,1.05233,9.01746
55390,1.06219,3.7885
55391,1.07149,11.1933
55392,1.08747,17.2413
55393,1.09078,15.4426
55394,1.09335,-9.20512
55395,1.09557,-8.53792
55396,1.09439,-8.58775
55397,1.09248,-8.52251
55398,1.09256,-7.97291
55399,1.09235,-6.09698
55400,1.09612,-5.35248
55401,1.09238,-6.40208
55402,1.09245,-3.09747
55403,1.09134,-3.39338
55404,1.09126,-3.19839
55406,1.09428,-3.60915
55407,1.09425,-3.85768
55408,1.09453,-4.2408
55409,1.0941,-4.04967
55411,1.0959,-5.33533
55412,1.09274,-4.36077
55413,1.09545,-5.90252
55414,1.09823,-5.5715
55415,1.09841,-5.8429
55416,1.09132,-2.72848
55419,1.09377,-3.26445
55420,1.09375,-3.57868
55421,1.09141,-1.87671
55422,1.08874,-1.70794
55423,1.08977,-1.98639
55424,1.08834,-1.44123
55425,1.08899,-1.62194
55426,1.08937,-1.8026
55428,1.0899,-2.19018
55429,1.0941,-5.30867
55430,1.09251,-5.0004
55431,1.09,-2.35953
55432,1.0903,-5.65012
55433,1.0895,-1.38664
55436,1.09834,-6.19872
55437,1.09331,-4.53316
55438,1.09472,-4.75808
55439,1.09458,-4.70875
55440,1.09427,-4.60699
55458,1.09049,-2.9299
55460,1.03966,9.11334
55461,1.08428,-5.01882
55463,1.09534,-2.89031
55464,1.09125,-2.30183
55466,1.0617,8.1881
55468,1.08025,4.38112
55469,1.08854,-2.26638
55470,1.0944,0.0113059
55471,1.09414,0.452967
55472,1.09491,0.598153
55473,1.08882,3.06265
55474,1.08317,5.81769
55475,1.09139,6.03524
55476,1.0972,8.4658
55477,1.09744,8.77103
55478,1.09711,8.35605
55482,1.07038,-10.4898
55483,1.07051,-10.5618
55484,1.07732,-11.1949
55485,1.08244,-12.2122
55486,1.08493,-12.6174
55487,1.08541,-13.7807
55488,1.07845,-12.695
55489,1.07688,-11.4037
55490,1.07656,-11.344
55491,1.07572,-11.1725
55492,1.07653,-11.4308
55493,1.07717,-11.6008
55494,1.07788,-11.7427
55495,1.07576,-11.5338
55500,1.07344,-11.1472
55501,1.07403,-11.2791
55503,1.07401,-12.9694
55504,1.07388,-11.9368
55505,1.0774,-13.7041
55507,1.07803,-12.5205
55508,1.03215,-0.410538
55509,1.03091,-0.524974
55510,1.03349,-0.716332
55511,1.03091,-0.685465
55512,1.03087,-0.868363
55513,1.03083,-1.00149
55514,1.03351,-0.802819
55517,1.03075,-1.14602
55518,1.03036,-1.3016
55519,1.02999,-0.279133
55520,1.0296,-0.164001
55521,1.0315,-1.01427
55522,1.02857,-0.188856
55523,1.02742,0.999691
55524,1.03548,-1.05522
55525,1.03479,-2.71355
55527,1.03242,-1.95572
55528,1.03225,-2.70033
55529,1.02511,-0.784516
55530,1.0301,-1.64511
55531,1.02994,-1.62013
55532,1.02984,-2.83695
55533,1.0797,-6.03757
55534,1.08388,-8.54298
55535,1.08112,-5.43356
55538,1.07997,-5.64107
55539,1.06616,6.00215
55540,1.07417,5.0557
55541,1.0764,4.17143
55543,1.07539,4.62217
55544,1.07887,3.45698
55545,1.07731,3.94863
55548,1.08585,2.63655
55549,1.0757,4.56146
55550,1.0748,4.5808
55551,1.07539,4.25669
55552,1.07521,4.36935
55556,1.07827,3.83257
55557,1.07698,4.08579
55558,1.08202,2.47301
55559,1.07705,4.10335
55560,1.07813,3.51284
55561,1.07686,4.18341
55562,1.07735,4.8941
55565,1.0842,2.47392
55566,1.07858,2.90181
55568,1.06005,12.1752
55569,1.05929,12.3322
55570,1.05844,12.3909
55573,1.05754,12.5465
55574,1.05329,12.4211
55576,1.03859,10.8763
55577,1.1,-4.92031
55578,1.06625,-5.83576
55579,1.09035,-5.95296
55580,1.1,-7.33076
55582,1.0944,15.7781
55583,1.08114,-1.3836
55585,1.06217,-6.94253
55589,1.05627,-1.296
55590,1.0547,-2.9574
55591,1.05659,-2.50439
55592,1.05832,-2.91884
55593,1.05943,-3.18486
55594,1.0511,-5.40654
55595,1.07799,-8.48063
55597,1.08261,-10.1936
55598,1.08293,-10.0886
55600,1.08314,-10.1075
55601,1.08316,-9.88021
55602,1.08419,-9.73808
55603,1.09157,-10.8091
55604,1.09134,-11.0371
55605,1.08438,-9.57099
55606,1.08395,-9.44329
55607,1.08743,-10.3753
55608,1.08594,-9.82922
55609,1.08434,-9.50874
55610,1.08462,-9.38731
55611,1.08446,-9.12108
55612,1.08172,-10.3091
55613,1.08402,-8.69751
55614,1.07925,-7.23335
55616,1.08302,-10.3484
55617,1.08292,-10.4477
55618,1.08602,-11.3906
55619,1.08209,-10.6416
55620,1.08583,-11.3868
55621,1.08667,-11.4269
55623,1.08249,-10.4148
55624,1.08198,-10.3737
55625,1.08317,-10.9541
55626,1.08002,-10.1822
55628,1.08083,-10.6176
55629,1.08001,-10.5785
55630,1.07854,-10.0827
55631,1.0799,-10.1556
55632,1.07971,-11.1828
55633,1.08126,-10.1627
55635,1.0823,-10.264
55636,1.08527,-11.0406
55637,1.08094,-10.0367
55638,1.07887,-10.1106
55639,1.07833,-10.3534
55640,1.07862,-10.2556
55641,1.07825,-10.1656
55642,1.07897,-10.3181
55643,1.07588,-9.8728
55644,1.08043,-9.91313
55645,1.07401,-7.85921
55646,1.08044,-9.87521
55647,1.08493,-11.3516
55648,1.08481,-11.2186
55649,1.0846,-11.5403
55651,1.08559,-8.87193
55654,1.08272,-10.4184
55655,1.08996,-9.39015
55656,1.08413,-10.4684
55657,1.08665,-9.13293
55658,1.09472,-10.1942
55659,1.08594,-8.94389
55660,1.08317,-8.44113
55661,1.09232,-10.8855
55662,1.09277,-10.7338
55663,1.09319,-10.8713
55664,1.08916,-10.7607
55665,1.08744,-10.7004
55666,1.08362,-10.4112
55667,1.08352,-10.1253
55668,1.08416,-9.78814
55669,1.09127,-11.8384
55670,1.08517,-11.2786
55671,1.09074,-11.9735
55672,1.09161,-10.8236
55673,1.08992,-9.8322
55674,1.08325,-7.27301
55675,1.08427,-7.19071
55676,1.08378,-8.93544
55677,1.08139,-7.97169
55678,1.08527,-9.14644
55679,1.08523,-8.78835
55680,1.08336,-7.50151
55682,1.08646,-8.29629
55683,1.08756,-8.05941
55684,1.08539,-6.9541
55685,1.08587,-6.84327
55686,1.08556,-7.01376
55689,1.08495,-7.17808
55690,1.0846,-6.76128
55691,1.08609,-9.16517
55692,1.08654,-9.06322
55693,1.08785,-9.57093
55694,1.08394,-7.8707
55695,1.08013,-6.74311
55696,1.08044,-6.51037
55697,1.07571,-9.8612
55698,1.07259,-7.2682
55699,1.07579,-9.70076
55701,1.07545,-9.80614
55702,1.08033,-11.4091
55703,1.07765,-9.68477
55704,1.0811,-11.48
55707,1.08429,-10.6742
55708,1.08094,-11.4314
55709,1.08176,-10.5105
55710,1.08212,-11.1632
55711,1.08401,-11.3517
55712,1.08424,-11.6164
55713,1.08131,-10.5631
55714,1.08585,-11.8977
55715,1.08453,-10.3924
55716,1.08689,-10.4115
55717,1.09006,-11.7725
55718,1.08794,-10.2039
55719,1.08836,-9.87427
55720,1.09178,-11.487
55721,1.08891,-9.49518
55722,1.091,-11.6617
55723,1.08582,-10.9637
55724,1.08997,-12.143
55725,1.09324,-11.6583
55726,1.09286,-11.4208
55727,1.07701,-9.22229
55728,1.0867,-11.0834
55729,1.0882,-11.9783
55731,1.08879,-12.0789
55734,1.07326,-9.11745
55735,1.07604,-9.2206
55736,1.07529,-9.18825
55738,1.07978,-8.76985
55739,1.08366,-8.23744
55740,1.08646,-7.725
55741,1.08699,-7.2285
55742,1.08832,-8.07664
55743,1.087,-6.69593
55744,1.08498,-6.07255
55745,1.08621,-6.33958
55746,1.08588,-6.18951
55747,1.08713,-5.88961
55748,1.08681,-5.35995
55749,1.08551,-5.73546
55750,1.09576,-9.45844
55751,1.09848,-8.22803
55752,1.08868,-5.42128
55753,1.09844,-7.06821
55754,1.09184,-5.34461
55755,1.09088,-5.0405
55756,1.09126,-3.7335
55757,1.09162,-4.45213
55758,1.09106,-4.172
55759,1.09037,-3.73462
55760,1.08997,-3.87798
55761,1.08952,-3.96761
55762,1.09113,-3.15299
55763,1.08907,-3.66803
55764,1.08872,-3.49562
55766,1.0889,-3.53812
55768,1.08907,-3.57595
55769,1.0892,-3.60931
55770,1.08995,-4.42507
55771,1.08189,-9.43884
55772,1.08119,-9.41982
55773,1.08342,-10.1487
55774,1.08213,-9.41015
55775,1.08252,-9.29344
55776,1.08358,-10.2407
55777,1.0844,-10.1669
55778,1.08434,-10.257
55779,1.0857,-10.2875
55780,1.08578,-10.1861
55781,1.0863,-9.91153
55782,1.08403,-10.1518
55783,1.08455,-10.2626
55784,1.08337,-8.48881
55785,1.08503,-10.3515
55786,1.08485,-10.1921
55787,1.08508,-10.1423
55788,1.08395,-10.1381
55789,1.08075,-9.15518
55790,1.08056,-9.20564
55791,1.08029,-9.20255
55792,1.08099,-9.36633
55794,1.08361,-9.9364
55796,1.07912,-9.14789
55797,1.07984,-9.22297
55798,1.08364,-9.92022
55799,1.07969,-9.18209
55800,1.08128,-9.91426
55801,1.07615,-8.07242
55804,1.08046,-9.1483
55805,1.08082,-10.1412
55806,1.08065,-10.1378
55807,1.08081,-10.1403
55808,1.08059,-10.0757
55809,1.07763,-8.92838
55811,1.07961,-10.0116
55812,1.07913,-9.86262
55813,1.07928,-9.95948
55814,1.08446,-10.0387
55815,1.08249,-8.52126
55816,1.08101,-6.95646
55817,1.08308,-9.51636
55818,1.08279,-9.38877
55819,1.08157,-8.75344
55820,1.08333,-8.19768
55821,1.08402,-9.28502
55822,1.08473,-9.28893
55823,1.08568,-9.23031
55824,1.08557,-7.96558
55825,1.08494,-9.28294
55826,1.08393,-7.97725
55827,1.08525,-9.14909
55829,1.08576,-8.76352
55830,1.08438,-9.01136
55831,1.08388,-9.07223
55832,1.08627,-8.43367
55833,1.08105,-6.74015
55834,1.08468,-7.50676
55835,1.08469,-7.3126
55836,1.0878,-6.09323
55837,1.08629,-5.31565
55838,1.08677,-6.61866
55839,1.08607,-6.86229
55840,1.08613,-6.85903
55841,1.0872,-6.38922
55842,1.08668,-6.64397
55843,1.08537,-7.21092
55844,1.08713,-8.26353
55846,1.08684,-7.60982
55847,1.08953,-5.9395
55848,1.09209,-8.03997
55849,1.08794,-8.06346
55850,1.08868,-7.81207
55851,1.08932,-5.8007
55852,1.08879,-6.91849
55853,1.08565,-5.6132
55854,1.08337,-8.14518
55855,1.07341,-8.23262
55862,1.07384,-8.44007
55863,1.0738,-8.56244
55864,1.07624,-8.6782
55865,1.07468,-8.4736
55866,1.08071,-9.86776
55867,1.08052,-9.69669
55868,1.07593,-8.57631
55869,1.07707,-8.70774
55870,1.07527,-9.8483
55872,1.07956,-9.49404
55873,1.07764,-8.80541
55874,1.07809,-8.82811
55875,1.08011,-9.72384
55876,1.08032,-9.90418
55878,1.0808,-9.07995
55879,1.0802,-9.00829
55880,1.07943,-8.94704
55882,1.08087,-9.03656
55883,1.08142,-9.01749
55884,1.08167,-8.92766
55885,1.08438,-10.1245
55886,1.08386,-10.1268
55887,1.08301,-9.9861
55889,1.08129,-8.67532
55890,1.0825,-7.97148
55891,1.08169,-9.68349
55892,1.08077,-9.44242
55893,1.07685,-7.91418
55894,1.08051,-8.67478
55895,1.08204,-10.1392
55896,1.08352,-8.343
55897,1.08418,-8.3192
55899,1.08517,-9.37956
55900,1.07487,-7.53167
55902,1.09182,-4.63694
55903,1.09034,-5.74848
55904,1.08967,-5.0341
55905,1.09663,-6.83085
55906,1.0907,-5.35006
55907,1.09155,-5.34712
55908,1.09227,-5.34368
55909,1.09691,-7.16812
55910,1.09705,-7.42384
55911,1.09667,-7.33839
55912,1.09699,-7.92821
55913,1.09694,-7.52441
55914,1.09659,-7.5212
55916,1.09739,-6.57868
55917,1.09858,-5.74173
55918,1.09284,-5.21369
55919,1.09149,-3.06669
55920,1.09353,-4.3496
55921,1.09322,-4.36497
55922,1.09384,-3.35885
55924,1.09129,-4.07723
55925,1.0899,-5.58048
55928,1.08968,-6.89107
55929,1.08933,-6.42529
55930,1.08837,-5.83608
55931,1.08677,-4.94946
55932,1.08711,-4.78456
55933,1.08786,-4.46329
55934,1.08905,-5.17691
55935,1.08938,-5.34628
55936,1.09102,-4.91206
55937,1.09044,-3.94798
55938,1.08935,-4.05362
55939,1.09067,-3.9035
55940,1.08906,-4.09087
55941,1.09113,-3.06358
55942,1.08498,-9.78896
55943,1.08508,-9.5693
55944,1.08508,-9.73101
55945,1.0908,-8.76011
55946,1.0946,-8.20847
55947,1.09673,-8.3525
55948,1.096,-8.58558
55949,1.09522,-8.79442
55950,1.09618,-8.35721
55951,1.09255,-6.30218
55952,1.08144,-9.54263
55953,1.0828,-8.45968
55954,1.08608,-10.9412
55955,1.08095,-9.83052
55956,1.08631,-10.6762
55957,1.08511,-10.299
55959,1.08505,-10.405
55960,1.08425,-10.3683
55962,1.08288,-10.27
55963,1.0807,-10.0822
55964,1.08672,-10.9008
55965,1.08588,-11.1005
55966,1.08105,-11.4301
55967,1.08064,-10.3234
55968,1.0802,-10.4622
55969,1.08052,-10.2374
55970,1.07975,-10.2361
55972,1.07774,-9.09891
55974,1.07876,-9.41045
55975,1.0788,-9.33099
55976,1.07764,-8.97327
55977,1.07872,-9.52011
55978,1.07866,-9.57621
55979,1.07887,-9.32735
55980,1.07853,-9.66327
55981,1.07837,-9.73502
55982,1.07721,-8.94036
55983,1.07817,-8.9698
55985,1.07746,-8.99397
55987,1.07721,-8.89025
55988,1.07567,-8.57203
55990,1.07442,-7.58118
55991,1.07447,-7.61011
55992,1.07514,-8.36072
55995,1.07436,-7.66517
55996,1.07666,-9.09322
55997,1.077,-8.8942
55998,1.07818,-9.81373
55999,1.07868,-10.014
56000,1.07933,-10.9348
56001,1.07987,-10.8635
56002,1.07788,-9.8074
56003,1.07681,-9.33505
56004,1.0778,-9.77393
56007,1.07815,-9.8645
56008,1.07727,-9.4499
56009,1.07601,-8.80718
56010,1.07628,-8.92698
56011,1.07423,-7.72076
56012,1.07631,-8.74535
56013,1.07596,-9.09021
56015,1.07588,-8.90814
56018,1.07572,-8.67071
56019,1.0741,-7.77387
56020,1.07563,-8.62758
56022,1.07668,-9.29231
56023,1.07725,-9.71265
56024,1.07699,-9.65457
56025,1.07846,-10.1527
56026,1.07347,-7.76407
56027,1.07681,-9.57058
56028,1.07363,-7.78841
56029,1.07867,-9.91614
56030,1.07552,-8.60279
56031,1.07616,-9.01326
56032,1.0764,-9.21483
56033,1.0766,-9.38583
56035,1.08094,-12.0677
56037,1.07755,-10.512
56038,1.08005,-11.2876
56040,1.08051,-11.2737
56041,1.08019,-11.1283
56042,1.07998,-11.0163
56043,1.0805,-11.3884
56044,1.08034,-10.3816
56045,1.0804,-10.4288
56046,1.08039,-10.4465
56047,1.07992,-11.1973
56048,1.07908,-10.4521
56049,1.07921,-10.4867
56050,1.07934,-10.5037
56051,1.07937,-10.5055
56052,1.07943,-10.5096
56057,1.07953,-10.5144
56058,1.07961,-10.4959
56059,1.07932,-10.1571
56062,1.07878,-10.3606
56063,1.07984,-11.1357
56064,1.0799,-11.3756
56065,1.0798,-11.3273
56066,1.07845,-10.2
56068,1.07997,-10.9731
56069,1.07967,-11.0444
56071,1.07977,-10.496
56072,1.07957,-11.0615
56074,1.07952,-11.1522
56075,1.07934,-11.0142
56076,1.07938,-11.0723
56078,1.07908,-10.9044
56079,1.07891,-10.7947
56080,1.07886,-10.7761
56081,1.07728,-9.80436
56082,1.07719,-9.79759
56084,1.07594,-9.03841
56086,1.08038,-10.8631
56087,1.07929,-9.08753
56088,1.08085,-10.6575
56089,1.08174,-11.011
56090,1.07999,-10.6746
56091,1.08168,-11.2007
56092,1.08117,-11.0337
56093,1.08011,-10.2757
56094,1.08014,-10.3211
56095,1.07979,-11.3974
56098,1.08127,-11.2135
56099,1.0813,-11.363
56100,1.08127,-11.4434
56101,1.08108,-11.2588
56102,1.08098,-11.3522
56103,1.08081,-11.2328
56104,1.08145,-11.2558
56105,1.08029,-10.9432
56106,1.07888,-10.3301
56109,1.07905,-10.494
56110,1.08106,-11.4051
56111,1.08107,-11.4063
56113,1.07981,-11.4363
56114,1.07977,-11.3594
56115,1.07956,-11.2187
56116,1.08033,-11.277
56117,1.0811,-11.4741
56118,1.07867,-10.4654
56119,1.08007,-11.3751
56121,1.08149,-11.5332
56122,1.08158,-11.4866
56123,1.08179,-11.3907
56125,1.07748,-9.88844
56126,1.07774,-9.97677
56128,1.07813,-10.111
56130,1.08114,-11.4122
56131,1.0818,-11.3809
56132,1.08197,-11.319
56133,1.07794,-10.031
56134,1.07916,-10.4636
56135,1.08212,-11.3102
56136,1.07933,-10.5751
56137,1.08019,-11.3882
56138,1.08015,-11.3475
56140,1.07885,-10.4192
56142,1.08059,-11.4097
56143,1.0832,-11.289
56145,1.08354,-11.0821
56146,1.08366,-11.1561
56147,1.0806,-9.71563
56148,1.08357,-11.0723
56150,1.08034,-9.61828
56151,1.08009,-9.52058
56152,1.0815,-10.7382
56153,1.0797,-9.35893
56155,1.08433,-10.4385
56156,1.08222,-10.3594
56157,1.08189,-10.4685
56158,1.08502,-11.2486
56159,1.08495,-11.2675
56160,1.08222,-10.6129
56161,1.08569,-11.5565
56162,1.07963,-10.3488
56163,1.084,-12.0869
56165,1.08107,-10.6297
56166,1.08443,-11.42
56167,1.08182,-10.5992
56168,1.0867,-11.4759
56169,1.08662,-11.4871
56170,1.08695,-11.8075
56171,1.08687,-11.5753
56172,1.07841,-10.5396
56173,1.08027,-12.3448
56174,1.07768,-10.4719
56175,1.07736,-10.4108
56176,1.07672,-10.291
56177,1.07646,-10.288
56178,1.07719,-11.4586
56179,1.07702,-11.5666
56180,1.07759,-11.0205
56181,1.07721,-10.8354
56182,1.07697,-10.3996
56183,1.07674,-10.8614
56184,1.07581,-10.1483
56185,1.07516,-9.98491
56186,1.0736,-7.69538
56187,1.07341,-9.90883
56188,1.07388,-9.44319
56189,1.07617,-10.6105
56190,1.07433,-9.77358
56191,1.07425,-9.81983
56192,1.0745,-9.91426
56193,1.07775,-10.9487
56194,1.07767,-11.1256
56195,1.07764,-11.132
56196,1.07802,-11.0028
56197,1.07864,-10.8706
56198,1.07744,-10.4736
56199,1.07866,-10.5099
56200,1.08071,-10.6288
56202,1.08597,-11.5207
56203,1.086,-11.4773
56204,1.08182,-10.7258
56205,1.08171,-11.3582
56206,1.0775,-10.3736
56207,1.08186,-10.7534
56208,1.0791,-11.499
56209,1.07873,-11.4018
56210,1.07834,-11.3302
56211,1.07693,-10.3744
56212,1.07755,-11.2519
56213,1.07724,-11.2493
56215,1.07919,-11.3496
56216,1.07669,-10.3378
56217,1.0758,-10.2905
56218,1.07482,-10.173
56221,1.0744,-10.0938
56222,1.07388,-9.88392
56223,1.07357,-9.85707
56224,1.07282,-9.76788
56225,1.07304,-9.85416
56226,1.07326,-9.91784
56227,1.07388,-10.0334
56228,1.07421,-10.0848
56229,1.07562,-10.712
56230,1.07646,-10.8474
56231,1.07717,-10.9488
56233,1.07794,-10.3973
56234,1.07596,-10.202
56235,1.07912,-10.9717
56236,1.07806,-10.8315
56237,1.07411,-9.81517
56238,1.07415,-9.98351
56239,1.07358,-9.89012
56240,1.07182,-9.63747
56241,1.07028,-9.39242
56242,1.06951,-9.24999
56243,1.07267,-9.79632
56244,1.07196,-9.61017
56245,1.06885,-9.11075
56246,1.07119,-9.4533
56247,1.0731,-10.6651
56248,1.0741,-10.5802
56249,1.07392,-10.4884
56250,1.07298,-7.26854
56251,1.07578,-10.5896
56252,1.07611,-10.8408
56256,1.07486,-9.48103
56257,1.07535,-9.67595
56259,1.07567,-9.80553
56260,1.07567,-9.83793
56261,1.07589,-9.6943
56263,1.07953,-11.2003
56264,1.07948,-11.2992
56265,1.07639,-9.90747
56266,1.07944,-11.1175
56267,1.07608,-9.85998
56268,1.07569,-9.74983
56269,1.07602,-9.69693
56270,1.07653,-9.61857
56271,1.07625,-10.958
56272,1.07705,-9.79224
56273,1.08356,-11.3357
56275,1.08001,-9.62246
56276,1.07661,-9.47637
56278,1.07685,-9.40255
56279,1.08008,-9.60442
56280,1.08013,-8.62705
56281,1.08046,-9.68371
56283,1.07916,-9.13722
56284,1.07838,-8.77542
56285,1.07993,-7.89354
56286,1.07991,-8.2169
56287,1.07584,-8.67754
56288,1.07586,-9.36685
56289,1.07914,-11.4622
56290,1.07432,-5.9885
56291,1.07956,-7.74474
56292,1.07394,-9.76563
56293,1.07416,-9.77187
56294,1.07789,-11.1492
56295,1.07925,-10.2795
56296,1.07571,-11.5298
56297,1.07643,-10.95
56298,1.07299,-9.69247
56299,1.07218,-9.60823
56301,1.07155,-9.54826
56302,1.06968,-9.26654
56303,1.07334,-10.4505
56304,1.07039,-9.40408
56306,1.07088,-9.55183
56307,1.07272,-10.6534
56309,1.07289,-10.7729
56310,1.07034,-9.27744
56311,1.07252,-9.56447
56312,1.07371,-9.75607
56313,1.07272,-9.54467
56314,1.07308,-9.63511
56315,1.07284,-9.47386
56316,1.08258,-12.2343
56317,1.08251,-12.1027
56318,1.08223,-11.968
56319,1.08153,-11.5922
56320,1.08067,-11.5295
56322,1.07774,-11.1915
56324,1.07339,-9.70684
56325,1.07962,-11.2752
56326,1.07186,-9.49381
56327,1.07781,-11.1777
56328,1.07816,-11.3358
56329,1.07494,-11.2261
56330,1.07502,-11.3323
56331,1.07577,-11.726
56332,1.07659,-12.0318
56333,1.07691,-12.08
56335,1.07925,-10.2262
56337,1.07971,-10.4185
56338,1.07959,-10.5532
56339,1.08093,-10.9323
56341,1.07724,-11.9729
56342,1.07703,-11.9801
56344,1.07885,-10.5739
56345,1.07636,-11.8234
56346,1.07677,-11.9187
56347,1.07575,-11.5875
56348,1.07533,-11.774
56349,1.07753,-10.3848
56350,1.07753,-10.3984
56351,1.07876,-11.4331
56352,1.07454,-9.84668
56353,1.07514,-9.62379
56354,1.07563,-9.50557
56355,1.0759,-9.32911
56356,1.07588,-9.72902
56357,1.07596,-9.9925
56358,1.07703,-10.1879
56359,1.07746,-10.363
56360,1.07967,-11.485
56361,1.08284,-12.0796
56362,1.08363,-12.1296
56363,1.08003,-10.5125
56364,1.07952,-10.5611
56365,1.08075,-10.9012
56368,1.07981,-10.3246
56369,1.07962,-10.1998
56370,1.0836,-11.1227
56371,1.08063,-11.177
56372,1.0804,-11.4254
56374,1.0786,-10.3177
56377,1.07618,-8.9445
56378,1.08433,-11.0657
56379,1.08087,-8.59296
56380,1.07773,-8.9918
56381,1.05129,0.0892726
56384,1.03041,-0.120613
56385,1.03737,0.190537
56386,1.03814,1.13057
56387,1.03641,1.8563
56388,1.03471,2.72863
56389,1.03732,0.587278
56390,1.03639,2.23616
56391,1.03162,1.95013
56392,1.03128,2.27197
56393,1.03114,1.07561
56394,1.03191,0.153289
56395,1.08742,14.7011
56396,1.08481,-0.693234
56397,1.08759,-0.00101007
56399,1.07763,2.28296
56400,1.07802,2.40326
56401,1.0781,0.614286
56402,1.07765,1.68742
56403,1.07757,3.80073
56404,1.07764,3.47065
56405,1.07773,2.25875
56406,1.07723,1.33135
56407,1.0769,0.860973
56408,1.08225,-1.75627
56409,1.08031,-1.00159
56410,1.07657,-2.13102
56412,1.083,-3.54518
56413,1.08126,-5.42102
56414,1.08059,-4.23475
56415,1.0746,-2.20867
56416,1.07567,-0.139162
56417,1.07563,-0.0680559
56418,1.07623,-0.235452
56420,1.07511,-2.81645
56421,1.07654,-1.71224
56422,1.07674,-1.86881
56423,1.06637,2.0467
56424,1.05896,-8.0037
56425,1.06414,-7.69509
56426,1.07067,-6.9843
56427,1.07292,-6.57389
56429,1.07882,-7.50226
56430,1.07945,-7.71346
56431,1.08174,-7.86249
56432,1.07716,-5.75232
56433,1.07752,-7.02757
56434,1.073,-3.62675
56435,1.07574,-6.41824
56436,1.07332,-5.61272
56437,1.0765,-7.75424
56438,1.0722,-6.86901
56439,1.07178,-6.98226
56440,1.06945,-9.93503
56441,1.06746,7.72109
56442,1.06405,9.11863
56443,1.06494,8.43645
56444,1.06427,9.10077
56447,1.06441,7.97284
56448,1.06566,7.37398
56449,1.06425,8.6754
56451,1.06596,7.06996
56452,1.06519,6.49723
56453,1.06452,7.53288
56454,1.06447,8.12282
56455,1.0659,5.50365
56456,1.06355,6.96256
56457,1.06381,7.26743
56458,1.06508,5.96692
56459,1.06416,7.62275
56461,1.06401,7.43377
56462,1.06478,5.62524
56463,1.06326,7.07049
56464,1.06348,7.05234
56465,1.064,5.59559
56466,1.06361,6.84177
56467,1.06427,5.57848
56468,1.06397,6.84057
56469,1.06644,5.41018
56470,1.06685,5.32259
56476,1.06424,6.53049
56477,1.06681,4.84074
56478,1.06702,4.88794
56480,1.06646,5.06207
56481,1.06364,6.62509
56482,1.06473,5.12534
56483,1.06568,4.83758
56484,1.06594,4.8612
56485,1.06528,4.89564
56486,1.06495,4.98406
56487,1.06497,4.672
56488,1.0657,4.30253
56490,1.0667,4.41371
56492,1.06624,4.18343
56497,1.0631,4.58962
56501,1.06321,4.19665
56502,1.06371,3.61013
56503,1.06395,3.1937
56504,1.06324,3.94103
56511,1.06361,3.10693
56512,1.06442,2.59502
56513,1.06446,2.47385
56514,1.07244,6.85732
56515,1.06232,6.75042
56516,1.06297,5.19366
56517,1.06283,6.35163
56518,1.0628,6.95078
56519,1.06183,6.7342
56521,1.06205,6.45985
56522,1.06422,4.58795
56523,1.06345,4.77473
56524,1.06156,6.93132
56525,1.06303,5.56974
56526,1.06314,6.52184
56527,1.06258,6.70031
56528,1.06214,6.59855
56529,1.0626,6.50975
56530,1.06193,7.42455
56531,1.06122,7.11145
56533,1.06501,5.84955
56535,1.06572,7.70086
56536,1.06706,6.75067
56537,1.06658,7.17798
56539,1.07069,4.86931
56541,1.0662,7.30281
56542,1.07251,7.62028
56545,1.06533,9.31452
56546,1.0737,5.42532
56551,1.06299,4.83165
56552,1.06313,4.64473
56553,1.06417,5.88705
56554,1.06665,-10.835
56555,1.05918,-8.11486
56556,1.05638,-6.82174
56557,1.05575,-6.16254
56561,1.0638,-9.07515
56563,1.06683,-10.042
56564,1.09887,-10.962
56566,1.07588,13.2634
56567,1.08325,11.8694
56568,1.07753,13.078
56569,1.07804,13.039
56570,1.06246,7.49824
56571,1.09202,11.461
56573,1.06149,-9.08647
56574,1.05084,-6.63079
56575,1.06088,-7.96237
56576,1.05925,-7.68417
56577,1.06425,-8.28843
56578,1.06519,-9.11506
56580,1.05221,-6.23448
56581,1.05952,-8.21281
56582,1.07722,-5.40563
56583,1.07575,-5.48264
56584,1.07283,-3.15191
56586,1.07482,-3.96223
56587,1.07374,-3.54173
56588,1.07416,-3.7153
56589,1.07064,-2.19605
56590,1.07248,-5.82831
56591,1.07988,-10.2307
56592,1.07641,-4.02474
56593,1.08044,-8.3825
56594,1.08059,-8.14958
56595,1.07246,-5.25314
56596,1.04723,-9.19196
56597,1.07886,-5.9333
56598,1.05606,8.466
56599,1.05934,10.0195
56601,1.05902,9.69748
56602,1.0589,9.74465
56603,1.05858,9.88757
56604,1.0588,9.79377
56605,1.05923,9.67091
56606,1.05933,9.56351
56607,1.05958,9.94558
56608,1.09548,-6.86134
56609,1.07915,-7.28272
56610,1.08017,-8.00302
56612,1.07341,-10.4806
56613,1.07935,-6.06118
56614,1.07832,-6.68367
56615,1.07662,-6.9013
56616,1.07121,-10.3845
56617,1.07673,-8.81488
56618,1.07697,-8.64789
56619,1.07731,-8.08106
56620,1.07715,-8.47418
56621,1.07761,-9.0402
56622,1.07786,-9.86996
56624,1.07938,-9.71273
56625,1.07877,-8.74791
56626,1.07689,-8.48976
56629,1.09746,13.0812
56630,1.09978,14.1334
56631,1.0998,14.1507
56632,1.09974,14.1699
56633,1.09972,14.186
56634,1.1,10.2788
56635,1.07233,1.8015
56636,1.08587,-7.74418
56637,1.07804,-5.1702
56638,1.07712,-4.08257
56639,1.08018,3.88071
56640,1.06334,9.08551
56641,1.07143,6.47927
56642,1.05112,-5.4035
56643,1.05133,-5.77636
56644,1.05152,-5.93179
56645,1.05137,-5.85496
56646,1.06263,-6.85979
56647,1.06672,-6.1251
56648,1.04802,-4.95806
56649,1.04655,-4.23106
56651,1.05801,-5.28845
56652,1.05499,-3.93178
56653,1.05634,-5.20347
56654,1.05392,-4.26679
56656,1.05063,-5.2351
56657,1.05029,-5.08957
56659,1.05325,-4.44
56660,1.05052,-5.29314
56661,1.05043,-5.20851
56663,1.05371,-5.41221
56664,1.05495,-5.44724
56665,1.05081,-4.30344
56667,1.05176,-4.68797
56668,1.04705,-4.84203
56669,1.05086,-5.1035
56671,1.04797,-4.67608
56672,1.04624,-3.40509
56673,1.04662,-3.62981
56674,1.04675,-3.77048
56675,1.04653,-4.70268
56677,1.04582,-4.54324
56678,1.04505,-4.14725
56679,1.04647,-3.77082
56680,1.04423,-3.64316
56683,1.04711,-3.53283
56684,1.04755,-3.39844
56687,1.04657,-3.67257
56689,1.04799,-3.2614
56690,1.04556,-2.50783
56691,1.04662,-3.67572
56692,1.04664,-3.65445
56693,1.04751,-4.91809
56694,1.04639,-3.79114
56695,1.04666,-3.60824
56696,1.0477,-5.5097
56699,1.04733,-4.16716
56700,1.04848,-3.04683
56701,1.04868,-2.97629
56702,1.04889,-2.89803
56703,1.04833,-3.08628
56704,1.03934,-3.01189
56705,1.0404,-3.17006
56706,1.0398,-3.11378
56707,1.04616,-3.89494
56708,1.04083,-3.23176
56709,1.04563,-4.1173
56710,1.04098,-3.27067
56711,1.04257,-3.50022
56712,1.04662,-5.09642
56713,1.04655,-4.96938
56714,1.0477,-5.87697
56716,1.04866,-6.42946
56717,1.04913,-5.98105
56719,1.0622,-5.57055
56721,1.04642,-3.73504
56723,1.0761,1.31988
56724,1.08053,1.67888
56726,1.07064,1.07257
56727,1.06947,-0.518131
56729,1.0698,-0.708178
56731,1.07195,3.29498
56732,1.0561,-8.16125
56733,1.06884,-13.3696
56734,1.06933,-13.5258
56735,1.06756,-12.4548
56736,1.06708,-12.2976
56737,1.06552,-11.6708
56738,1.06603,-11.8866
56739,1.06647,-11.6955
56740,1.05853,-8.86543
56741,1.05938,-9.10538
56742,1.06368,-10.6286
56743,1.0611,-9.12807
56744,1.06603,-11.5688
56745,1.06363,-10.9625
56746,1.07007,-13.4608
56747,1.06872,-12.9756
56748,1.07286,-14.5944
56749,1.07144,-13.7507
56750,1.06841,-12.2805
56751,1.07021,-13.2174
56752,1.06857,-12.1492
56753,1.06073,-9.27601
56754,1.05902,-8.90083
56755,1.06264,-10.3614
56756,1.06281,-10.4238
56758,1.06229,-10.1659
56759,1.06248,-10.2764
56760,1.07074,-2.0409
56762,1.07767,0.928128
56763,1.07804,2.47823
56764,1.08066,0.12369
56765,1.07604,0.460496
56766,1.07376,5.36974
56767,1.0842,-0.658311
56768,1.1,-5.40137
56769,1.07285,7.19242
56773,1.07712,-13.2004
56775,1.08252,-12.6176
56776,1.08224,-12.5416
56777,1.08189,-12.4443
56778,1.08153,-12.1391
56780,1.08294,-10.6026
56781,1.0826,-11.3283
56782,1.08532,-12.5973
56784,1.08596,-11.0782
56785,1.08296,-9.77797
56786,1.08515,-10.4899
56787,1.0824,-8.56885
56788,1.08375,-2.36669
56789,1.08896,-2.91338
56790,1.0941,-3.50013
56791,1.08497,-1.09103
56792,1.08131,-2.03999
56793,1.09071,-1.7041
56794,1.06825,6.31624
56796,1.09216,-2.55356
56798,1.09168,-1.36909
56799,1.09107,-2.24383
56801,1.09824,-5.1205
56802,1.09669,-4.57169
56803,1.09717,-4.80421
56804,1.09949,-6.18344
56805,1.0962,-4.3913
56806,1.08727,-2.74332
56807,1.08707,-2.77226
56810,1.06596,5.85585
56811,1.06618,4.7603
56813,1.06696,4.5095
56814,1.06639,4.68201
56815,1.0942,-2.31628
56816,1.08347,-1.93028
56817,1.09862,2.47883
56818,1.0987,-1.55607
56819,1.08826,-2.61225
56823,1.0946,0.334567
56824,1.09075,-1.40083
56825,1.09166,-0.665078
56826,1.08761,-0.0344824
56827,1.08606,-0.527712
56828,1.09029,-0.605102
56829,1.05244,15.2992
56830,1.05233,17.207
56831,1.05143,17.6523
56835,1.08334,-7.33243
56837,1.08116,-6.81433
56838,1.08134,-6.62483
56839,1.07816,-5.92661
56840,1.08597,1.31734
56841,1.0889,1.75334
56842,1.08955,-0.454971
56843,1.08174,5.11508
56845,1.07807,6.40175
56846,1.04029,-0.493801
56847,1.05888,-1.64548
56848,1.05176,-1.13272
56849,1.05469,-1.46817
56850,1.07986,-4.70159
56851,1.07057,0.0260202
56852,1.07665,-0.352304
56853,1.05983,-7.27152
56854,1.05942,-7.03017
56855,1.06678,-8.05339
56857,1.05866,-7.20238
56858,1.06446,-7.49782
56859,1.07119,-7.75536
56860,1.07582,-8.47585
56861,1.0758,-8.57487
56862,1.08648,-7.71161
56863,1.09001,-5.47163
56865,1.06749,-6.87211
56866,1.05903,-4.9445
56867,1.1,-8.45352
56868,1.09314,-6.31073
56869,1.08455,-4.62058
56870,1.08427,-4.45339
56871,1.09263,-5.62073
56872,1.07635,-4.62614
56873,1.07965,-3.11217
56874,1.0722,-2.75893
56875,1.07243,6.79988
56876,1.06205,1.29824
56879,1.08023,-0.722467
56881,1.09269,-5.27595
56882,1.09227,-5.46065
56885,1.08912,-5.85005
56889,1.0338,8.09486
56890,1.03554,5.24181
56892,1.03547,6.04789
56893,1.03361,4.79187
56894,1.03349,4.99076
56895,1.03686,4.42441
56896,1.03711,4.64862
56897,1.03316,5.76756
56899,1.03505,5.28845
56901,1.03312,6.2192
56905,1.03262,5.18804
56906,1.03216,4.93582
56908,1.03191,5.7701
56910,1.03306,5.75326
56911,1.03512,5.69278
56913,1.03621,5.69717
56916,1.03418,4.3457
56917,1.03361,4.28509
56920,1.03282,4.3903
56921,1.03366,4.13325
56923,1.03166,4.48363
56924,1.03142,4.54423
56925,1.03374,4.06738
56926,1.03384,3.79359
56928,1.03388,4.21411
56929,1.02864,5.83779
56930,1.03042,5.79317
56931,1.02866,6.21339
56932,1.02711,7.04485
56935,1.03349,5.22399
56936,1.04254,7.26122
56937,1.04173,6.811
56938,1.03986,4.49416
56940,1.04439,4.11682
56941,1.03634,5.92864
56942,1.04517,4.59865
56943,1.04346,3.97126
56947,1.03397,3.76019
56948,1.03396,4.04328
56953,1.02604,5.706
56954,1.02578,6.39528
56955,1.03347,5.12453
56956,1.02893,6.87317
56957,1.03062,7.40982
56959,1.09189,-3.3026
56960,1.09365,-3.46199
56961,1.0923,-2.62365
56962,1.08041,-10.2482
56963,1.07622,-8.5084
56964,1.08053,-10.055
56965,1.08057,-10.1708
56966,1.08058,-10.2257
56967,1.08026,-10.0111
56969,1.07794,-9.54415
56971,1.07778,-9.43323
56972,1.07999,-10.1259
56973,1.07788,-9.60885
56974,1.0754,-8.81522
56975,1.07972,-10.0989
56976,1.07503,-8.75763
56977,1.07387,-8.47485
56978,1.07564,-8.44543
56979,1.0806,-9.95218
56980,1.06003,-5.0456
56981,1.07936,-9.73937
56982,1.07814,-9.56641
56983,1.07829,-9.67146
56985,1.07759,-8.79146
56987,1.07534,-8.26833
56988,1.07756,-9.37738
56989,1.07521,-8.32249
56991,1.07502,-8.36053
56992,1.07863,-10.4947
56994,1.07911,-10.7486
56995,1.06857,-7.51289
56996,1.05893,-5.65929
56997,1.04287,-4.63132
56998,1.07721,-7.42549
57001,1.06054,-5.23145
57004,1.08458,-8.48935
57006,1.09306,-11.3578
57007,1.08673,-11.0842
57008,1.0746,-8.38452
57009,1.06862,-9.41786
57010,1.07536,-10.6729
57011,1.07477,-8.01114
57013,1.05555,2.89212
57014,1.07841,-8.97846
57015,1.0818,-9.43948
57016,1.0769,-6.60118
57018,1.04151,-1.26226
57019,1.02946,-1.16776
57021,1.04045,-1.47416
57022,1.06107,7.14541
57023,1.06096,9.07739
57025,1.09738,-3.27637
57026,1.07455,-2.88702
57027,1.0742,-3.13194
57028,1.09616,4.562
57029,1.09788,5.3745
57031,1.1,4.30374
57033,1.09016,2.72426
57034,1.09912,4.12162
57035,1.09098,4.86497
57037,1.07904,-3.55209
57038,1.0775,-1.71321
57039,1.07901,-3.52766
57041,1.07925,-3.68191
57042,1.07914,-3.61217
57044,1.07455,-0.395999
57045,1.06988,1.67253
57046,1.07247,-2.29849
57047,1.0732,2.3041
57048,1.07645,-1.65036
57049,1.06707,2.83007
57050,1.06964,1.97379
57051,1.07004,3.12816
57052,1.06754,4.02817
57053,1.08408,-2.90174
57055,1.07494,6.29684
57056,1.07652,6.35755
57057,1.07622,6.31284
57058,1.07659,6.56741
57059,1.07573,6.39563
57062,1.07268,6.32057
57064,1.07195,7.10219
57065,1.07282,7.03166
57066,1.07288,6.99657
57067,1.07129,7.22021
57070,1.07438,8.06658
57073,1.07374,6.97212
57075,1.07716,4.96558
57076,1.07222,7.27417
57077,1.06584,6.95337
57078,1.07451,6.88196
57080,1.08002,4.28865
57081,1.09742,-7.48433
57082,1.09694,-2.90054
57083,1.09739,-6.1711
57084,1.1,-4.83415
57085,1.09298,-6.72524
57086,1.07974,1.56525
57087,1.05239,-1.19377
57090,1.06042,9.97091
57092,1.09985,-19.0206
57094,1.1,-17.8433
57095,1.0958,-14.9295
57096,1.09453,-14.5176
57097,1.09794,-16.8601
57098,1.08402,-10.24
57099,1.08048,-8.33018
57100,1.07914,-8.77985
57102,1.07706,-8.5346
57103,1.07827,-9.05788
57104,1.07498,-9.26965
57105,1.08134,-7.96161
57106,1.07809,-9.35001
57107,1.07866,-9.62345
57108,1.07816,-9.50224
57109,1.0783,-9.48854
57110,1.07863,-9.62899
57111,1.07881,-9.72647
57112,1.07872,-9.73108
57113,1.07912,-9.89122
57114,1.07914,-9.84026
57115,1.08286,-8.37875
57116,1.0796,-9.9383
57118,1.07993,-10.0293
57119,1.08021,-10.0073
57120,1.08615,-10.8282
57121,1.08039,-10.1691
57122,1.07974,-10.075
57123,1.07987,-11.7546
57124,1.07938,-9.84172
57125,1.07345,-9.88808
57126,1.08234,-10.7834
57127,1.08348,-11.0945
57128,1.07104,-8.99587
57129,1.06812,-10.1441
57130,1.07272,-10.8717
57131,1.06342,-9.35293
57132,1.06556,-8.22091
57133,1.06785,-8.57807
57134,1.0618,-7.67637
57135,1.05523,-6.15284
57136,1.06856,-10.2336
57137,1.06872,-10.035
57139,1.07128,-9.2613
57140,1.06824,-10.2224
57141,1.06843,-9.1259
57142,1.06872,-9.10301
57143,1.067,-8.82583
57144,1.06846,-9.97755
57145,1.06663,-8.93296
57146,1.06357,-8.04336
57147,1.0682,-8.28095
57149,1.06467,-7.66396
57150,1.06446,-8.28477
57151,1.06927,-8.08199
57153,1.07238,-8.40774
57154,1.07449,-8.52592
57155,1.07921,-7.20159
57156,1.07781,-5.83221
57158,1.09046,14.3282
57161,1.05258,-0.906394
57162,1.05447,1.37809
57164,1.04636,6.97068
57165,1.01545,-2.0069
57166,1.01883,-6.25129
57167,1.01787,-5.09813
57168,1.01912,-6.3906
57169,1.01634,-3.46667
57172,1.01745,-4.58717
57173,1.01721,-4.73126
57174,1.01926,-7.40843
57175,1.01776,-5.52477
57178,1.08109,-8.49614
57179,1.08092,-7.73258
57180,1.08088,-8.62315
57181,1.09086,-10.9517
57182,1.08108,-7.66544
57183,1.07322,-3.41594
57184,1.07743,-3.25198
57185,1.08109,-7.63446
57186,1.08117,-7.17059
57187,1.08362,-6.23385
57188,1.07792,4.78052
57190,1.06147,-6.11778
57191,1.0334,-1.31617
57192,1.06919,6.5517
57193,1.06877,8.39151
57194,1.06741,8.60526
57195,1.06816,8.47282
57196,1.05555,4.3821
57197,1.06592,8.47581
57198,1.07087,6.73969
57199,1.0689,6.55663
57200,1.06948,6.93745
57201,1.06854,7.73146
57202,1.06828,7.97876
57203,1.06724,8.19998
57204,1.069,7.26519
57205,1.06892,7.92272
57206,1.06987,7.85987
57207,1.07361,6.16826
57208,1.07273,6.01229
57209,1.07367,6.00921
57210,1.07423,5.54022
57211,1.07425,5.47826
57212,1.07437,5.77667
57213,1.07433,5.64107
57214,1.0749,5.77984
57215,1.07499,6.05617
57216,1.07492,6.16743
57217,1.07224,6.52262
57218,1.07462,6.11938
57219,1.07102,7.52974
57221,1.07235,7.14315
57222,1.07186,7.15351
57223,1.07205,7.12786
57224,1.07524,5.7886
57225,1.07105,7.30459
57226,1.07103,7.22325
57227,1.07093,7.31127
57228,1.07523,6.40916
57229,1.07109,7.25831
57230,1.07263,6.48731
57231,1.07083,6.53619
57234,1.06822,7.35234
57236,1.06686,7.87008
57237,1.06569,8.18051
57240,1.07161,6.55169
57241,1.07083,7.37331
57243,1.07241,7.18271
57244,1.07553,6.48667
57245,1.07183,7.25173
57246,1.07475,6.11009
57247,1.07569,5.85862
57248,1.0719,5.71095
57249,1.05964,5.70858
57250,1.06112,5.81594
57251,1.06274,6.0344
57252,1.06031,5.43055
57255,1.06649,6.49324
57257,1.07294,7.10998
57259,1.07643,5.87892
57260,1.07273,7.13667
57268,1.0627,5.30648
57269,1.06181,5.13767
57270,1.06576,4.6037
57271,1.06935,2.53888
57272,1.06473,4.93436
57273,1.06629,4.08316
57275,1.06395,6.39936
57276,1.06733,7.68344
57278,1.0965,11.4803
57279,1.09435,11.3871
57280,1.09468,11.4391
57282,1.05487,-0.44961
57283,1.05844,-1.04401
57284,1.05831,0.29419
57286,1.05578,-0.249728
57287,1.05568,-0.268397
57288,1.05353,-0.618528
57289,1.04916,-2.21741
57290,1.05372,-2.39242
57291,1.05353,-0.688895
57292,1.05967,-1.77036
57293,1.05813,-3.51477
57294,1.05992,-3.87152
57295,1.05256,-3.33668
57296,1.05073,-3.578
57297,1.05399,-2.75676
57298,1.05212,-2.94117
57299,1.04872,-3.35267
57300,1.05101,-2.62478
57302,1.05328,-1.02516
57304,1.06934,-4.49958
57305,1.06645,-5.77121
57306,1.0727,-7.3368
57308,1.07349,-7.59632
57309,1.07447,-7.78248
57310,1.07347,-7.4844
57311,1.07313,-7.42507
57312,1.05641,-5.35055
57314,1.1,-6.00334
57318,1.07633,-9.66001
57319,1.07585,-9.7968
57320,1.07604,-9.35809
57321,1.0757,-9.01706
57322,1.07513,-9.32802
57323,1.07564,-10.2984
57324,1.07564,-11.3946
57325,1.07464,-10.8723
57326,1.07497,-10.3077
57327,1.07537,-8.83143
57328,1.07559,-10.2705
57329,1.07543,-8.12296
57330,1.07253,-7.6004
57331,1.0722,-8.06988
57332,1.06748,-8.23148
57333,1.07471,-10.6816
57334,1.07374,-11.3382
57335,1.0767,-10.0846
57336,1.07557,-12.9474
57337,1.05963,18.6266
57339,1.07598,5.06024
57342,1.07829,4.02975
57343,1.05594,-9.67989
57345,1.04429,-7.62594
57346,1.0489,-7.70527
57350,1.03677,-7.54164
57351,1.02834,-6.31599
57352,1.03806,-7.05409
57362,1.09239,15.195
57366,1.09426,15.1083
57372,1.09199,15.2244
57374,1.09546,15.1129
57375,1.09676,15.0747
57376,1.09574,15.1151
57377,1.09408,15.0742
57378,1.09355,15.1217
57380,1.09475,15.0923
57382,1.0971,15.1347
57385,1.09376,15.1094
57386,1.09508,15.1003
57389,1.07226,-7.22545
57390,1.07458,-7.99657
57402,1.09273,15.1718
57405,1.09251,15.186
57410,1.09228,15.2029
57411,1.09233,15.199
57412,1.09056,14.8282
57414,1.09104,15.2941
57417,1.08215,14.1182
57419,1.09331,15.073
57420,1.07295,4.51812
57421,1.08758,-2.34758
57423,1.06651,0.341541
57424,1.06539,-2.04856
57425,1.0701,0.481973
57431,1.07244,9.89214
57432,1.07559,9.28558
57434,1.07238,-3.3293
57435,1.08291,-4.77556
57436,1.06129,-1.10536
57438,1.08126,-4.22125
57439,1.08114,-12.1888
57440,1.08145,-12.3634
57441,1.08068,-11.9462
57442,1.08117,-12.2458
57443,1.08053,-11.4179
57444,1.07993,-10.6187
57445,1.07981,-11.4167
57446,1.08079,-11.9528
57447,1.08042,-11.8246
57448,1.07824,-13.2442
57449,1.07798,-13.5187
57450,1.07016,-0.162247
57451,1.071,-0.0902918
57452,1.06614,0.583635
57453,1.06945,2.74194
57454,1.02225,0.656801
57455,1.03174,-3.84214
57456,1.03045,-3.94297
57457,1.02648,-2.94621
57460,0.994176,3.13897
57461,1.01871,0.404937
57462,1.01932,0.222551
57464,1.02152,-0.37745
57466,1.01019,0.058606
57468,1.06325,-1.19759
57470,1.06117,-4.30719
57471,1.06107,-4.28505
57472,1.05682,-4.31302
57473,1.05693,-8.87287
57481,1.07854,10.4978
57482,1.07988,9.01804
57483,1.08061,8.50896
57484,1.07517,10.5423
57485,1.07119,9.24063
57486,1.06789,7.59142
57487,1.0745,8.00527
57488,1.07902,4.41062
57489,1.07384,7.01849
57490,1.07417,4.16635
57492,1.08322,1.81529
57494,1.09406,-4.18309
57496,1.07562,4.67963
57497,1.05792,10.5434
57498,1.06283,10.4316
57499,1.0645,9.0722
57500,1.06746,0.774769
57501,1.08754,-5.12229
57502,1.03622,-2.05619
57503,1.07503,-4.81974
57504,1.06857,-4.63231
57505,1.06031,-4.02272
57508,1.04535,-7.28528
57510,1.04933,-8.51424
57511,1.0455,-7.19424
57512,1.04634,-8.25305
57513,1.04887,-8.43362
57514,1.04506,-7.04794
57516,1.04664,-8.31012
57519,1.04478,-8.20094
57520,1.04526,-8.35794
57521,1.04435,-7.0653
57522,1.04356,-7.80461
57523,1.07478,-11.0879
57525,1.06294,-10.5301
57526,1.05078,-6.18767
57528,1.05313,-7.8281
57530,1.04672,-7.14902
57531,1.03506,-4.26627
57532,1.04144,-6.24804
57533,1.04574,-8.37919
57535,1.05113,-9.95992
57536,1.05529,-10.0145
57537,1.06077,-9.71372
57538,1.0442,-9.61114
57539,1.04552,-8.43281
57540,1.04561,-8.41961
57542,1.04276,-6.75559
57544,1.03606,-4.41238
57545,1.0323,-2.78376
57546,1.03484,-3.56276
57547,1.03931,-6.64
57549,1.05538,-7.15184
57551,1.09235,2.96951
57552,1.09886,1.28291
57553,1.09887,1.1889
57555,1.09523,3.41153
57557,1.1,-0.758157
57558,1.09819,0.350814
57559,1.09916,0.613031
57560,1.0834,5.38346
57561,1.08039,7.32658
57562,1.08765,4.33759
57563,1.08794,4.1961
57564,1.09743,0.211067
57568,1.06829,1.84091
57569,1.04425,6.66468
57570,1.08444,2.3116
57571,1.06478,7.43762
57572,1.07225,13.4866
57573,1.06953,13.2581
57574,1.05609,11.9917
57575,1.07981,-15.8358
57576,1.07996,-16.0864
57577,1.07919,-16.4658
57578,1.07718,-14.9519
57579,1.07658,-14.8808
57580,1.0799,-16.0482
57581,1.0764,-14.7427
57582,1.08005,-15.7609
57584,1.07403,-12.9357
57585,1.07657,-14.517
57586,1.07701,-14.8663
57587,1.07718,-14.9517
57588,1.07703,-14.7821
57589,1.07945,-16.1398
57590,1.07452,-13.6762
57591,1.07442,-13.5094
57592,1.07776,-15.4827
57594,1.07735,-15.1955
57596,1.07958,-16.2291
57597,1.07626,-14.6634
57598,1.07677,-14.6961
57599,1.08001,-15.3216
57600,1.07655,-14.5789
57602,1.07609,-14.1767
57603,1.07884,-15.1421
57604,1.07785,-15.0708
57605,1.07611,-14.3999
57606,1.07936,-15.1781
57607,1.07644,-14.5961
57608,1.07636,-14.6327
57609,1.07907,-16.2823
57610,1.07824,-15.1682
57611,1.07475,-13.737
57612,1.07452,-13.5671
57613,1.07524,-14.0632
57614,1.07501,-13.9067
57615,1.07547,-14.3244
57617,1.0783,-15.8368
57618,1.07736,-15.5324
57619,1.07589,-14.6932
57620,1.07787,-15.8263
57621,1.07834,-15.8253
57622,1.07723,-15.5195
57623,1.07759,-15.488
57624,1.07847,-15.7245
57626,1.07459,-13.9718
57627,1.07425,-13.9873
57628,1.07522,-14.1288
57632,1.07492,-14.4627
57634,1.07525,-14.5479
57635,1.07705,-14.8474
57636,1.07677,-14.9737
57637,1.07491,-13.0468
57638,1.07716,-14.9557
57640,1.07626,-14.2402
57641,1.07919,-14.9346
57643,1.0763,-14.2473
57644,1.07836,-15.7639
57645,1.07794,-15.4671
57646,1.07596,-14.4613
57647,1.07599,-14.2352
57648,1.07442,-14.2826
57650,1.07467,-14.2924
57651,1.07489,-14.0873
57652,1.07443,-14.0596
57653,1.07213,-14.199
57656,1.07474,-14.1869
57657,1.07497,-14.2806
57658,1.07456,-14.3591
57659,1.07407,-14.2647
57660,1.07378,-14.2019
57661,1.07328,-14.082
57663,1.07728,-15.4596
57664,1.0773,-15.1095
57666,1.07196,-13.2167
57668,1.0746,-13.9164
57669,1.07445,-13.9633
57671,1.07468,-13.7953
57672,1.07446,-13.627
57673,1.07466,-13.8763
57675,1.07461,-13.8465
57676,1.07809,-15.7018
57677,1.07487,-14.5089
57678,1.07539,-14.509
57679,1.07487,-14.1389
57680,1.07475,-14.0495
57681,1.07504,-13.9113
57682,1.07472,-14.1518
57683,1.07878,-15.4242
57684,1.07876,-15.336
57685,1.07427,-13.7058
57686,1.07353,-15.4265
57687,1.07595,-14.212
57688,1.07532,-13.3067
57689,1.07601,-13.255
57690,1.07695,-14.7917
57692,1.07697,-15.036
57693,1.07632,-13.1874
57694,1.07718,-14.859
57695,1.07993,-15.4969
57696,1.07598,-14.2732
57697,1.07624,-14.5807
57700,1.0765,-13.5821
57702,1.07625,-14.2305
57703,1.0781,-12.7688
57704,1.07798,-12.4853
57705,1.08013,-13.9706
57706,1.07614,-13.5564
57707,1.07609,-13.7207
57709,1.07581,-14.1867
57710,1.07549,-14.0757
57711,1.07843,-14.3031
57712,1.07603,-13.8607
57713,1.07313,-14.0653
57714,1.07256,-13.9072
57715,1.07072,-13.1986
57716,1.07136,-13.3643
57717,1.07182,-13.627
57718,1.07236,-13.8176
57719,1.0699,-14.059
57720,1.06863,-12.6508
57721,1.06924,-12.8754
57722,1.07164,-13.4262
57723,1.06971,-12.7567
57724,1.07403,-13.9753
57725,1.07441,-13.9864
57726,1.07399,-13.9918
57729,1.06981,-13.2528
57730,1.07164,-14.0011
57731,1.07477,-15.1156
57732,1.0728,-14.5978
57733,1.07491,-16.0233
57735,1.07394,-14.9815
57736,1.0773,-16.2649
57738,1.07431,-15.0369
57739,1.07468,-15.1282
57740,1.07443,-15.0182
57741,1.07564,-15.2638
57742,1.07518,-15.0725
57743,1.07455,-14.7991
57744,1.07384,-14.8976
57745,1.07586,-15.3664
57746,1.07518,-15.66
57747,1.07576,-15.3286
57749,1.07537,-14.0979
57752,1.07649,-15.4557
57753,1.07842,-16.8336
57754,1.07803,-16.5419
57755,1.07831,-16.7935
57756,1.07709,-15.1646
57757,1.07797,-16.0044
57759,1.07621,-14.5491
57760,1.07629,-16.0719
57761,1.07672,-15.7599
57762,1.07662,-15.6039
57763,1.07588,-15.9625
57764,1.07619,-15.6931
57765,1.0789,-15.9862
57766,1.07445,-15.4913
57768,1.07445,-15.4769
57772,1.07621,-15.4335
57773,1.07592,-15.3764
57774,1.07689,-14.8239
57775,1.07757,-15.7012
57776,1.07718,-16.4996
57777,1.07725,-16.3525
57778,1.07475,-15.2234
57779,1.07554,-15.3242
57781,1.07696,-14.9815
57782,1.07769,-15.9434
57783,1.07191,-13.1526
57784,1.07226,-13.2945
57785,1.07456,-14.6971
57786,1.07486,-15.3371
57787,1.0741,-14.6081
57788,1.07447,-14.5466
57789,1.07513,-15.4063
57790,1.07336,-14.6859
57791,1.07369,-14.6588
57795,1.07222,-14.7583
57796,1.07401,-15.0755
57798,1.07953,-15.9761
57799,1.07771,-15.3024
57800,1.08029,-14.9194
57801,1.07714,-14.9864
57802,1.0776,-15.2138
57803,1.07764,-15.273
57804,1.07742,-15.2546
57805,1.0771,-14.2245
57806,1.07774,-15.3487
57807,1.07659,-14.912
57808,1.07812,-15.6172
57809,1.07713,-14.8887
57810,1.07865,-15.6555
57811,1.07694,-15.1228
57812,1.07678,-15.1247
57813,1.07577,-14.7864
57814,1.07601,-15.0722
57815,1.07619,-15.011
57816,1.07747,-16.2847
57817,1.0768,-16.6303
57818,1.07494,-14.9684
57819,1.07522,-15.0212
57820,1.07725,-16.2141
57821,1.07463,-14.9049
57822,1.07719,-16.5002
57823,1.077,-16.5936
57824,1.07701,-16.661
57828,1.07771,-15.3672
57829,1.07774,-15.3977
57830,1.0774,-15.3408
57831,1.07708,-15.2262
57832,1.07567,-15.0889
57833,1.07584,-15.0905
57834,1.07909,-16.3883
57836,1.07711,-15.4513
57837,1.07826,-16.2853
57838,1.07818,-16.2448
57840,1.07654,-15.3005
57841,1.07724,-15.2813
57843,1.07943,-16.4423
57844,1.07961,-16.5976
57846,1.07954,-16.5903
57847,1.08224,-16.6475
57848,1.07647,-14.5008
57853,1.07959,-15.775
57854,1.07756,-15.177
57855,1.07749,-15.0976
57856,1.07705,-14.9649
57857,1.07686,-14.8743
57858,1.07775,-15.1949
57859,1.0797,-16.078
57860,1.07775,-15.3454
57861,1.0798,-16.5097
57862,1.07975,-15.9466
57863,1.07974,-17.0658
57864,1.08028,-17.3111
57865,1.0798,-15.827
57866,1.07983,-15.9162
57868,1.07864,-15.4348
57869,1.0793,-15.687
57870,1.07739,-15.026
57871,1.07754,-15.25
57872,1.07752,-15.0593
57873,1.07751,-15.147
57874,1.07759,-15.1741
57875,1.07769,-15.0701
57876,1.07683,-14.5715
57880,1.07605,-14.0136
57884,1.0761,-14.4484
57885,1.07678,-15.1001
57886,1.07573,-14.118
57888,1.07614,-14.4944
57889,1.07342,-12.2075
57890,1.07501,-13.2497
57891,1.07413,-11.9106
57892,1.07509,-10.986
57893,1.07294,-11.2046
57894,1.07331,-11.1868
57895,1.07516,-12.6091
57896,1.07535,-13.2589
57897,1.07451,-14.2696
57898,1.07426,-14.4155
57899,1.07406,-14.5016
57900,1.07536,-14.1003
57901,1.07559,-14.2914
57902,1.07487,-14.0083
57904,1.07494,-14.0857
57905,1.07301,-14.7413
57906,1.07388,-14.5954
57907,1.07371,-14.6152
57908,1.07375,-15.1442
57910,1.07822,-16.7309
57911,1.07803,-16.6138
57912,1.07786,-16.4836
57913,1.07769,-16.3186
57914,1.07743,-15.6047
57916,1.08319,-17.1664
57917,1.07713,-15.1475
57920,1.07685,-14.9616
57921,1.07699,-15.0834
57922,1.07712,-15.1972
57923,1.07719,-15.2705
57924,1.07642,-14.3947
57925,1.07574,-14.5203
57926,1.07993,-16.4596
57927,1.07639,-14.7585
57928,1.07886,-16.1348
57930,1.07614,-14.6884
57932,1.06726,0.00950452
57933,1.06703,0.108891
57934,1.06728,0.0287715
57936,1.06717,0.0777656
57937,1.06711,0.116959
57938,1.06924,-0.911533
57940,1.06792,-0.395125
57941,1.06771,-0.31874
57942,1.06924,-0.829006
57944,1.06677,0.22436
57945,1.06918,-0.634028
57946,1.06738,-0.187558
57948,1.06956,-1.07473
57949,1.06798,-0.603954
57950,1.06793,-0.570888
57951,1.06779,-0.47757
57952,1.06718,-0.100078
57953,1.06742,-0.321121
57954,1.067,0.00309688
57955,1.06685,0.112749
57956,1.06721,-0.201028
57957,1.067,-0.0448073
57958,1.06681,0.0700836
57960,1.06546,0.831478
57961,1.06626,0.558878
57963,1.06779,-0.264908
57964,1.06604,0.562114
57966,1.06836,-0.928843
57968,1.06177,2.69991
57969,1.0681,-0.703894
57971,1.09956,14.3282
57972,1.09996,14.5598
57973,1.09226,17.259
57974,1.09312,-3.69302
57975,1.06294,-2.03405
57977,1.06116,-0.29608
57978,1.05782,0.373676
57979,1.06004,-0.0571153
57983,1.05985,-0.393732
57984,1.06108,-1.12724
57985,1.06176,-0.707456
57986,1.06123,-0.683487
57987,1.06265,-0.962856
57992,1.07087,-2.09131
57996,1.0719,-2.04765
58000,1.0643,-1.29727
58001,1.05662,0.591992
58002,1.07318,3.0308
58003,1.07336,-1.92568
58004,1.07396,-1.67173
58005,1.07715,-2.23284
58006,1.06147,-0.75771
58007,1.07597,-2.2684
58008,1.06428,-4.75451
58010,1.06394,-4.61009
58011,1.06403,-4.59133
58012,1.06207,-4.71597
58014,1.0634,-4.47396
58016,1.06371,-4.55605
58017,1.06002,-4.01989
58019,1.06323,-4.29241
58020,1.06321,-4.21101
58021,1.06332,-4.42634
58022,1.06342,-4.40005
58023,1.06412,-4.45233
58024,1.06371,-4.49488
58026,1.06061,-3.7855
58027,1.06281,-4.71901
58028,1.06309,-4.13803
58029,1.06297,-4.06802
58030,1.06288,-4.01774
58031,1.06201,-3.95446
58032,1.06353,-4.95426
58033,1.06155,-4.61025
58034,1.06391,-5.04384
58037,1.06603,-5.31245
58038,1.06875,-5.18142
58040,1.06546,-5.2779
58041,1.06504,-5.23437
58043,1.06689,-5.80884
58044,1.06138,-4.48087
58045,1.06281,-4.9836
58046,1.06243,-4.84676
58047,1.06715,-5.60973
58048,1.06574,-5.28503
58049,1.06633,-5.4715
58050,1.06502,-5.18311
58051,1.0658,-5.33722
58055,1.07302,-4.98368
58057,1.06682,-6.58924
58059,1.06704,-6.10157
58061,1.06806,-7.0814
58062,1.07448,-4.72103
58063,1.07494,-4.88551
58065,1.07589,-3.19716
58066,1.07618,-5.02232
58067,1.07581,-5.04706
58068,1.07615,-7.5562
58069,1.07664,-6.91416
58070,1.0653,-5.72509
58071,1.07476,-4.60451
58072,1.07435,-4.52858
58073,1.07534,-4.63677
58074,1.07586,-5.1709
58075,1.07298,-3.48757
58078,1.06793,-6.84208
58079,1.06491,-5.65513
58080,1.06843,-7.31831
58081,1.06898,-7.4821
58082,1.0682,-7.17965
58083,1.07519,-7.0181
58084,1.06752,-6.92203
58085,1.0767,-8.14352
58087,1.06056,-6.46675
58088,1.07836,-7.35945
58089,1.07625,-3.46347
58090,1.07553,-2.91995
58092,1.07598,-4.28156
58093,1.07812,-7.94127
58094,1.07555,-4.40093
58095,1.07533,-3.39408
58096,1.07552,-5.05287
58097,1.07586,-5.09832
58099,1.07469,-7.90095
58100,1.0756,-7.90618
58101,1.06927,-7.72734
58102,1.06919,-7.5835
58103,1.07652,-6.21364
58105,1.06566,-5.96888
58106,1.06589,-5.95033
58107,1.06287,-4.87501
58108,1.06329,-5.05771
58109,1.06541,-6.38563
58110,1.0602,-4.15217
58111,1.06141,-4.49328
58112,1.06271,-4.9784
58113,1.06709,-6.42081
58114,1.06357,-5.16726
58115,1.06619,-6.39529
58116,1.06389,-5.26879
58117,1.06699,-6.45925
58118,1.06757,-6.7271
58119,1.06714,-6.60086
58120,1.06677,-6.62976
58121,1.06822,-6.86804
58122,1.06925,-7.25792
58123,1.07009,-7.27342
58124,1.06682,-6.59495
58125,1.06232,-5.02807
58126,1.06125,-4.74229
58127,1.0633,-5.41494
58128,1.06389,-5.65784
58129,1.06806,-7.17287
58130,1.06285,-5.99277
58131,1.06112,-5.73912
58132,1.0652,-5.63062
58133,1.0653,-5.64735
58134,1.06817,-6.77853
58135,1.06977,-7.44088
58136,1.06944,-7.26419
58137,1.06435,-5.90222
58138,1.06239,-4.5965
58139,1.07015,-7.06592
58140,1.06377,-5.99413
58141,1.0642,-6.01256
58142,1.05556,-5.06577
58143,1.06661,-7.34521
58144,1.05605,-5.05784
58145,1.0687,-7.21789
58146,1.06411,-7.05709
58147,1.05997,-5.5465
58148,1.06892,-7.19535
58149,1.06326,-5.97702
58150,1.06328,-6.02384
58151,1.06438,-6.01291
58152,1.06975,-7.66534
58153,1.06822,-5.43981
58154,1.07669,-3.8065
58155,1.06686,-5.55514
58156,1.06775,-5.49899
58157,1.06741,-6.50423
58159,1.07463,-5.67491
58160,1.07579,-5.36749
58161,1.07706,-4.00105
58162,1.07283,-5.7875
58163,1.07072,-5.74906
58164,1.0664,-5.48567
58165,1.07151,-5.07032
58166,1.07144,-4.98383
58167,1.06941,-5.30652
58168,1.06974,-5.22733
58169,1.05899,-3.86174
58170,1.0607,-4.26386
58171,1.05638,-2.96363
58172,1.05771,-3.46937
58173,1.05781,-3.4906
58174,1.06149,-4.60697
58175,1.05866,-3.59401
58176,1.05899,-3.56193
58177,1.05666,-3.03725
58178,1.05878,-3.75234
58179,1.05865,-3.70968
58180,1.05266,-1.3113
58181,1.05431,-3.90287
58182,1.05447,-2.47459
58183,1.05735,-5.6746
58184,1.05626,-4.98901
58185,1.05253,-1.93685
58187,1.0638,-5.03307
58188,1.06558,-5.01912
58189,1.06711,-5.05056
58190,1.05675,-3.11617
58191,1.05917,-4.48965
58192,1.06052,-3.9505
58193,1.06244,-4.913
58194,1.06432,-5.12687
58195,1.06401,-5.06745
58196,1.0603,-4.65399
58197,1.06147,-4.82593
58199,1.07237,-4.89182
58200,1.06787,-3.73363
58201,1.07619,-4.08179
58202,1.07321,-4.71984
58204,1.07304,-2.23103
58205,1.06736,-4.34627
58206,1.06521,-4.26601
58207,1.06826,-4.40246
58208,1.07225,-3.29783
58209,1.07163,-4.52625
58210,1.07195,-3.46059
58211,1.07167,-3.57561
58212,1.07146,-3.41498
58213,1.06521,-3.52228
58214,1.06698,-3.73508
58215,1.07212,-3.19361
58217,1.06646,-3.67846
58218,1.06003,-3.75875
58219,1.06367,-3.32349
58220,1.05391,-1.93698
58221,1.07404,-2.57706
58222,1.05742,-2.15251
58223,1.06054,-2.77656
58224,1.06865,-7.25136
58225,1.05693,-3.92963
58227,1.06413,-10.9369
58228,1.07015,-10.2378
58231,1.05246,-11.6182
58232,1.06807,-11.0522
58233,1.06988,-11.5038
58234,1.0525,-6.08552
58235,1.05883,-7.72811
58236,1.03751,-0.916709
58237,1.05113,-1.54334
58238,1.04762,-2.19718
58239,1.04655,-1.94997
58240,1.04711,-3.16353
58241,1.0386,-2.92468
58242,1.03892,-1.32594
58245,1.07237,2.257
58246,1.0708,2.51349
58250,1.0768,3.23898
58251,1.06824,4.65666
58252,1.07628,3.59991
58254,1.05971,5.99964
58258,1.07217,4.05822
58259,1.07616,3.62817
58260,1.07411,-8.91204
58261,1.07382,-8.70631
58262,1.07797,-10.4051
58263,1.08148,-11.6094
58264,1.08021,-11.2204
58265,1.07702,-11.4393
58267,1.07651,-11.9681
58270,1.05718,11.4886
58271,1.05718,11.3115
58272,1.05751,11.0151
58273,1.05742,11.3992
58274,1.05758,11.1182
58275,1.06056,10.557
58276,1.05769,10.9641
58277,1.05745,11.0447
58278,1.05422,12.1929
58279,1.05486,11.9883
58280,1.05986,9.83034
58282,1.06044,12.3158
58283,1.06215,11.5761
58284,1.06368,8.87155
58285,1.05939,10.4059
58286,1.05888,10.2925
58287,1.05907,10.3965
58288,1.05843,10.753
58289,1.05568,11.7491
58290,1.06058,10.3623
58291,1.06003,9.96963
58292,1.05711,11.3392
58293,1.08139,-6.97284
58294,1.08424,-9.27949
58295,1.08154,-9.72994
58296,1.07387,-7.4706
58297,1.07535,-6.29376
58298,1.08387,-9.24148
58299,1.08206,-10.1346
58300,1.08241,-10.2444
58301,1.08207,-10.4052
58302,1.08213,-10.3445
58303,1.07775,-8.38314
58304,1.07824,-6.55264
58305,1.08318,-11.3596
58306,1.08263,-10.9701
58307,1.08198,-9.74021
58308,1.08515,-9.90875
58313,1.07639,-1.55623
58314,1.07691,-3.07839
58315,1.07657,-2.0321
58316,1.07797,-2.99567
58317,1.07932,-4.48237
58318,1.05472,3.37052
58319,1.05443,2.73183
58320,1.05469,3.38881
58321,1.05509,2.52564
58322,1.0555,2.39596
58324,1.05395,2.95091
58325,1.05393,3.06838
58328,1.05331,3.2478
58329,1.05361,3.17206
58330,1.05378,3.19209
58332,1.05386,3.14061
58333,1.05413,3.00921
58335,1.05394,2.93319
58336,1.054,3.24465
58338,1.0541,3.1012
58340,1.0535,3.30322
58341,1.05357,3.22277
58342,1.05286,3.40123
58343,1.05248,3.55367
58346,1.05046,4.32376
58347,1.05067,4.26849
58348,1.05566,2.89874
58349,1.04943,4.57247
58350,1.04976,4.69377
58351,1.07865,-7.47274
58352,1.05851,7.1857
58353,1.05094,4.70662
58354,1.05253,3.36177
58355,1.05589,2.5096
58356,1.04924,3.80141
58357,1.04958,3.9802
58359,1.04889,4.73103
58360,1.05014,4.39528
58361,1.05038,4.07039
58364,1.05597,2.28247
58365,1.05656,1.90302
58366,1.05619,2.1128
58368,1.05597,2.27591
58369,1.05465,3.39881
58370,1.05454,3.4407
58371,1.07433,-0.173282
58372,1.05434,3.41714
58374,1.056,2.13262
58375,1.06042,0.830783
58376,1.06277,-0.100492
58377,1.05399,2.98156
58379,1.08153,-6.35192
58380,1.08449,-4.62824
58381,1.08535,-4.19875
58382,1.08522,-4.02217
58383,1.0836,-5.18691
58385,1.08528,-2.48164
58387,1.08707,-5.16123
58388,1.08467,-0.882629
58389,1.0664,7.82835
58390,1.08572,3.53993
58391,1.08333,3.32954
58392,1.07553,-8.23218
58397,1.07841,-7.97381
58399,1.07879,-8.19124
58400,1.0747,-6.22075
58401,1.07696,-5.8426
58405,1.07531,-8.66932
58406,1.07518,-8.62154
58408,1.07465,-6.70487
58409,1.07477,-6.80084
58411,1.07539,-8.84534
58413,1.07471,-6.99462
58414,1.07428,-6.83741
58415,1.07781,-7.8323
58416,1.07465,-6.92911
58417,1.07966,-8.23574
58419,1.07454,-6.35168
58420,1.07494,-5.86888
58422,1.07201,-2.80362
58423,1.0778,-7.80842
58424,1.07935,-6.71005
58425,1.07686,-7.00092
58426,1.07722,-5.25193
58427,1.07571,-5.69778
58430,1.08692,-6.91175
58434,1.06766,5.32573
58435,1.06783,4.05446
58436,1.06753,3.57868
58443,1.06973,-6.87742
58444,1.06997,-5.36859
58445,1.07379,-7.78654
58447,1.06947,-4.97012
58448,1.07102,-5.23853
58449,1.06838,-3.85341
58450,1.07688,-8.87597
58452,1.08037,-6.30799
58453,1.07545,-9.3458
58454,1.07246,-8.22469
58457,1.07319,-8.70155
58458,1.07058,-8.78547
58459,1.06695,-7.12833
58460,1.06939,-8.11337
58462,1.07011,-8.56705
58465,1.07134,-8.89608
58466,1.0728,-8.83219
58467,1.07082,-8.74452
58468,1.07284,-9.01607
58470,1.07299,-8.95308
58473,1.07252,-9.01644
58476,1.06929,-7.80118
58477,1.0692,-7.86367
58478,1.06964,-8.25687
58479,1.07007,-8.53156
58482,1.06957,-8.5507
58483,1.06891,-8.16372
58486,1.07001,-8.71158
58491,1.06576,-5.86857
58492,1.06949,-7.41175
58493,1.06879,-6.25914
58494,1.06635,-6.74469
58495,1.06104,-5.6902
58496,1.06656,-6.68409
58497,1.06629,-6.91839
58498,1.06447,-6.09482
58499,1.06621,-6.84619
58500,1.07542,-5.41963
58501,1.06315,-5.91563
58502,1.07211,-6.4945
58504,1.06269,-5.796
58505,1.06314,-5.14033
58506,1.06201,-5.58512
58507,1.05631,-3.25083
58508,1.06136,-4.35958
58509,1.06352,-4.77382
58514,1.07168,-4.7049
58515,1.06484,-2.8882
58516,1.06429,-2.82596
58518,1.06451,-5.75421
58519,1.06924,-5.01851
58520,1.06426,-5.79836
58523,1.06673,-7.10939
58524,1.08275,-6.76313
58525,1.08272,-6.55196
58528,1.07262,3.92717
58529,1.06746,4.69895
58532,1.06232,5.9735
58533,1.06453,5.99564
58534,1.0574,6.60846
58535,1.06044,6.32914
58536,1.07821,1.19108
58537,1.06574,5.34752
58540,1.08862,5.80881
58541,1.08327,-12.2168
58542,1.08306,-11.7707
58543,1.08319,-10.6674
58544,1.09356,-13.5352
58545,1.07944,-6.45945
58546,1.07604,-5.2594
58547,1.07779,-8.57418
58548,1.08036,-8.27544
58549,1.07738,-9.92628
58550,1.08235,-13.0876
58551,1.07759,-13.8703
58553,1.06541,-2.69403
58554,1.06607,-5.33896
58555,1.06671,-3.61277
58556,1.07181,-7.15007
58557,1.07041,-7.05213
58558,1.06901,-8.9539
58559,1.0558,-4.42297
58560,1.06996,-7.61619
58561,1.07075,-8.05333
58563,1.0777,21.5613
58564,1.07027,-4.91932
58565,1.06619,-1.03947
58567,1.06484,-0.858202
58570,1.07684,-3.11963
58571,1.06941,4.0606
58572,1.06623,0.139803
58573,1.07339,2.20632
58574,1.07652,0.150756
75433,1.08328,20.8746
75434,1.08324,20.0878
75435,1.07716,17.9095
75436,1.07761,17.3693
75437,1.07768,17.1532
75439,1.08656,19.4722
75440,1.07328,7.6883
75441,1.07382,7.33326
75442,1.07975,4.21986
75443,1.06807,14.0517
75444,1.07193,13.7137
75445,1.08476,13.1264
75446,1.1,12.6977
75447,1.09567,18.6758
75450,1.08473,18.8254
75451,1.08055,19.0405
75454,1.07917,18.9815
75456,1.09118,18.8605
75457,1.09127,18.2725
75459,1.06743,31.7356
75460,1.07161,34.8093
75461,1.08297,3.89957
75462,1.08899,16.4915
75463,1.08981,16.3399
75464,1.06454,19.1421
75466,1.09984,17.9386
75468,0.981596,2.93238
75469,0.983939,2.1797
75470,1.0839,21.6786
75471,1.08266,19.5666
75472,1.08248,18.4464
75473,1.09886,0.83497
75474,1.1,0.262448
75476,1.0832,10.0772
75477,1.08823,17.1955
75479,1.08013,1.39078
75480,1.08233,19.0961
75481,1.0778,5.25117
75482,1.07988,11.7755
75483,1.09669,1.07248
75484,1.09534,-0.671173
75485,1.0967,-1.04626
75486,1.07398,13.6023
75487,1.09379,17.0248
75488,1.08849,22.6882
75489,1.09439,21.7699
75491,1.06127,13.1824
75492,1.09668,15.1059
75494,1.06121,25.1932
75495,1.09475,4.76474
75496,1.08851,6.34344
75497,1.09362,18.4126
75498,1.09494,18.129
75500,1.08742,10.5072
75501,1.08262,18.6772
75503,1.06148,27.6776
75504,1.04282,29.0019
75505,1.05475,27.0772
75506,1.08142,13.4224
75507,1.08147,18.7281
75508,1.09171,14.7239
75509,1.09125,12.8014
75510,1.09131,12.6013
75511,1.07677,12.3052
75512,1.07709,11.3192
75513,1.07674,10.2844
75514,1.07763,9.51287
75515,1.07841,9.1723
75516,1.09116,8.92414
75517,1.09177,8.88526
75518,1.09202,8.73406
75519,1.08504,16.6882
75520,1.08541,9.96352
75521,1.08547,9.7053
75522,1.07053,13.1897
75523,1.07451,11.4763
75524,1.0756,10.7432
75525,1.0757,10.509
75526,1.09,24.0284
75527,1.0913,24.3292
75528,1.09119,23.0264
75529,1.08748,19.0834
75530,1.08896,18.6789
75531,1.07511,26.4568
75532,1.07896,24.1115
75536,1.09052,8.42279
75537,1.0911,7.91518
75538,1.09182,7.92119
75539,1.09213,7.5783
75540,1.08654,16.1339
75541,1.08874,19.0241
75542,1.08896,18.6756
75543,1.1,23.7763
75546,1.06623,21.6698
75547,1.08056,19.0864
75548,1.04378,11.7884
75549,1.04075,12.9291
75550,1.03294,5.33483
75551,1.04129,4.0951
75553,1.06551,2.08969
75554,1.06525,1.75787
75555,1.06795,6.54812
75556,1.07183,6.16686
75557,1.09487,15.0419
75560,1.08221,6.81455
75561,1.01956,-6.32249
75562,1.0442,14.8934
75563,1.044,-3.07544
75564,1.04633,14.0922
75565,1.07712,8.21256
75566,1.04773,14.4408
75567,1.04225,3.97842
75568,1.06177,9.68693
75569,1.06646,8.41573
75571,1.07287,5.70616
75572,1.07713,-1.23278
75573,1.0773,-1.76277
75574,1.07711,-1.92972
75575,1.08879,6.56534
75576,1.00346,-11.2459
75578,1.0513,25.5702
75580,1.04585,20.6547
75581,1.03609,-11.7315
75582,1.03004,38.2747
75583,0.98291,29.9232
75584,0.986031,29.5179
75585,1.09784,31.1361
75586,1.099,31.0563
75588,1.0928,-0.729021
75589,1.07572,4.83015
75590,1.07551,2.88146
75591,1.07394,3.05099
75592,1.05326,18.2423
75593,1.05247,17.887
75594,1.06865,14.6655
75595,1.07606,2.85543
75596,1.07509,2.71364
75597,1.04067,-7.47461
75598,1.06897,22.4976
75600,1.08523,21.371
75601,1.08538,21.1156
75603,1.02524,-12.6631
75604,1.01869,-11.997
75605,1.07243,-0.881577
75606,1.05529,-5.81866
75607,1.07266,10.4439
75608,1.012,-14.384
75609,1.01308,-14.8193
75610,1.06686,23.5567
75613,1.0483,4.63523
75614,0.996278,-4.0852
75615,0.997955,-5.53126
75616,0.999469,-3.12519
75617,1.00289,-4.12706
75618,1.00513,-5.37782
75619,1.00565,-5.88779
75621,1.06392,0.0370638
75622,1.0656,0.500017
75623,1.06695,-0.141001
75624,1.01608,-3.86588
75625,1.00893,-3.23751
75626,0.987359,-4.00964
75627,0.988015,-4.68209
75629,1.00002,31.2079
75630,1.00141,30.1994
75631,1.09311,11.5367
75632,1.09543,10.5027
75633,1.0531,-4.74906
75635,1.01225,11.2233
75636,1.03914,-3.04997
75637,1.03998,-1.48906
75638,1.04293,30.1614
75639,1.0451,29.6077
75640,1.00214,17.9314
75641,0.996873,18.5288
75642,0.997602,17.5389
75644,1.05372,26.4894
75645,1.05834,25.3486
75646,1.06197,-19.2869
75647,1.06074,-19.7717
75648,1.00506,-8.44926
75650,1.02219,-4.73682
75652,1.01192,-7.97297
75657,1.02805,-6.78224
75658,1.02954,-13.7088
75659,1.0388,-4.04831
75661,1.00483,26.819
75662,1.00921,26.4043
75664,1.04011,-2.43106
75665,1.03657,-4.48547
75667,1.02325,-5.87728
75668,1.0223,-4.74756
75669,1.03008,-13.8245
75670,1.04245,-4.18482
75671,1.04226,-4.88891
75672,1.05125,-4.6425
75673,1.04615,-4.35513
75674,1.02997,-2.85561
75676,1.01028,-4.30849
75680,1.08643,16.5046
75681,1.09529,15.8216
75682,1.08965,16.8223
75683,1.08902,16.4965
75684,1.08225,16.6823
75685,1.07781,17.5518
75686,1.08262,12.6983
75688,1.03803,-15.2014
75690,1.03293,-14.8283
75691,1.04245,-13.8454
75692,1.04291,-14.9523
75693,1.03158,-20.2134
75694,1.02946,-19.7708
75703,1.02937,-26.0702
75704,1.03308,-26.7
75705,1.02481,-27.1276
75707,1.08202,13.2418
75708,1.08516,13.558
75709,1.08578,13.4946
75712,1.08375,15.4667
75713,1.08383,15.0595
75714,1.09198,14.0149
75715,1.0936,13.3482
75716,1.09298,12.9483
75717,1.08062,9.80304
75718,1.08165,10.1236
75719,1.08047,9.2398
75720,1.08682,15.4186
75721,1.08627,15.2431
75722,1.08589,14.6779
75723,1.09102,14.4483
75727,1.08283,5.32274
75729,1.07237,4.70763
75730,1.07283,4.20633
75732,1.0717,5.5504
75733,1.07,4.6343
75734,1.07326,4.661
75735,1.0735,5.14158
75736,1.06504,6.18884
75737,1.07056,5.80594
75738,1.07668,4.62543
75739,1.07304,4.34401
75740,1.06868,4.24416
75742,1.06561,3.96058
75743,1.06532,3.70909
75744,1.06588,3.58071
75745,1.07657,3.91688
75746,1.07892,3.51464
75747,1.09839,12.8481
75748,1.09938,11.4567
75749,1.1,11.897
75750,1.09956,13.1356
75751,1.0632,19.351
75752,1.06283,19.2545
75754,1.0882,14.7269
75755,1.07627,17.0787
75756,1.07326,18.3367
75757,1.06847,-1.56825
75758,1.06676,-1.32571
75759,1.07395,-4.50282
75760,1.08068,-7.34098
75761,1.09638,-6.05088
75762,1.1,-3.22232
75763,1.09625,-1.04202
75764,1.09937,-1.14911
75765,1.09842,10.5614
75766,1.0967,10.2697
75768,1.08208,6.44713
75770,1.07855,10.5159
75771,1.08058,10.1336
75772,1.07868,13.4204
75773,1.07764,13.2973
75774,1.07803,13.0047
75775,1.04991,25.3956
75776,1.06062,27.6069
75777,1.07663,33.1162
75778,1.07952,31.4313
75779,1.07812,24.7953
75780,1.06816,26.4258
75784,1.03132,21.4936
75788,1.07654,5.53742
75790,1.07662,6.23727
75793,1.08039,4.90827
75794,1.08003,4.83184
75798,1.08253,12.0414
75799,1.08301,14.1998
75800,1.07557,13.6355
75801,1.07694,13.2352
75802,1.07739,13.0088
75803,1.08293,13.3241
75804,1.08122,11.3624
75805,1.08413,13.8744
75806,1.08422,13.3955
75807,1.07556,14.8774
75808,1.07603,14.2606
75809,1.07663,13.8591
75810,1.08169,13.0236
75812,1.07946,14.899
75813,1.0794,14.7408
75815,1.07827,14.2002
75817,1.07962,14.8447
75818,1.07977,15.0104
75820,1.07043,12.563
75822,1.08568,11.0975
75823,1.08727,10.9263
75825,1.08903,10.3231
75826,1.08812,10.5911
75827,1.08964,7.98716
75828,0.996372,0.430992
75829,1.0187,0.308342
75834,1.00888,-0.983606
75835,1.01031,-0.355148
75836,1.08995,18.3235
75837,1.0844,18.9861
75838,1.08529,17.505
75839,1.08575,17.4149
75842,1.08098,-2.06723
75843,1.08146,-1.32124
75844,1.08106,-2.22794
75845,1.07783,-3.09301
75846,1.08327,-4.65525
75847,1.08167,-5.35907
75848,1.07582,-7.05603
75849,1.07186,-8.0775
75852,1.07805,5.66412
75853,1.07794,5.2863
75854,1.07701,5.62859
75855,1.07816,5.28422
75857,1.07613,7.13104
75858,1.07617,7.20078
75859,1.07681,4.72289
75860,1.07575,4.78336
75861,1.05787,4.4981
75862,1.06137,5.59997
75863,1.068,5.79705
75865,1.07307,7.16664
75866,1.07753,5.16787
75867,1.08683,15.2551
75868,1.07894,14.121
75869,1.07979,14.0368
75870,1.08724,13.8337
75874,1.05384,20.1842
75875,1.04694,20.7774
75876,1.05675,24.7937
75877,1.06019,18.8125
75878,1.08486,9.28875
75879,1.08463,12.141
75880,1.0846,13.0928
75881,1.09102,11.7939
75882,1.09207,11.5077
75883,1.09027,10.4877
75884,1.08861,10.6931
75885,1.09161,10.4128
75886,1.09251,10.3322
75889,1.08193,15.3811
75890,1.07916,15.7804
75891,1.07987,15.3694
75892,1.07939,15.1321
75893,1.07897,14.9208
75895,1.07898,15.5928
75896,1.07808,16.7116
75897,1.07854,15.8605
75898,1.07895,15.2368
75899,1.07918,16.6603
75900,1.07897,16.1594
75901,1.08107,14.6162
75902,0.987394,1.12723
75904,1.04168,4.45583
75905,1.04165,5.00566
75906,1.04064,5.4263
75907,1.03877,5.22057
75908,1.02776,2.09418
75909,1.08303,13.404
75911,1.08652,15.3979
75912,1.08733,14.506
75913,1.08985,15.2782
75914,1.08811,15.2829
75915,1.08905,14.9206
75918,1.08851,13.497
75919,1.08811,15.0236
75920,1.08949,14.6253
75921,1.09101,14.909
75923,1.08968,14.8581
75926,1.08956,14.1962
75927,1.08943,14.1146
75928,1.08866,13.8314
75929,1.08922,14.0823
75930,1.08908,14.0109
75931,1.08736,14.2419
75932,1.0883,15.109
75933,1.08818,15.7495
75934,1.08983,14.5681
75935,1.08326,13.4859
75936,1.08523,17.3463
75937,1.08602,15.3234
75939,1.08591,13.4223
75940,1.0898,15.0671
75941,1.08986,15.0023
75942,1.08849,15.6341
75943,1.09071,14.9653
75945,1.08258,13.2132
75946,1.0812,13.3558
75949,1.08918,15.0016
75950,1.08834,14.8079
75951,1.08803,15.6218
75952,1.08822,15.4154
75953,1.09072,14.8856
75954,1.0893,14.6139
75955,1.08634,16.4221
75956,1.08808,15.5369
75957,1.08872,15.0112
75958,1.08947,14.2279
75959,1.0848,13.4036
75960,1.07495,12.4507
75962,1.0746,12.5895
75963,1.07322,12.2164
75965,1.07605,11.8736
75966,1.08653,14.6002
75967,1.08794,14.0866
75968,1.08907,15.2841
75969,1.08183,12.8916
75970,1.08261,12.9918
75971,1.08253,12.8984
75973,1.0862,15.7554
75974,1.08484,14.4291
75975,1.08551,13.5151
75977,1.08557,19.2704
75978,1.08218,19.1165
75979,1.0839,17.2344
75980,1.08679,18.999
75981,1.08743,17.4626
75982,1.08926,16.7593
75983,1.08878,16.0037
75984,1.09004,15.386
75985,1.08562,18.7788
75986,1.09163,16.954
75987,1.08261,13.9876
75988,1.08247,13.7031
75990,1.08392,13.5605
75991,1.08148,14.7826
75992,1.07856,13.8155
75994,1.08767,14.273
75995,1.08875,14.4354
75996,1.0867,14.4199
75998,1.09128,14.0648
75999,1.0854,16.9168
76000,1.08813,15.8321
76001,1.08917,15.1143
76002,1.08856,14.8184
76003,1.09019,14.9928
76004,1.08751,15.0165
76006,1.08794,15.5399
76008,1.08783,16.0649
76009,1.08736,14.8957
76010,1.09181,14.2416
76012,1.08767,15.6513
76013,1.08741,17.0632
76014,1.088,16.1458
76016,1.06868,17.1704
76017,1.08368,13.2196
76018,1.08524,11.4403
76019,1.04797,27.0132
76020,1.04856,26.9712
76021,1.06213,28.3529
76022,1.05281,27.1561
76024,1.0529,27.1226
76025,1.05322,26.4427
76026,1.04618,23.8292
76027,1.05077,22.9015
76028,1.06227,23.8098
76029,1.07134,20.8779
76030,1.08004,20.4478
76033,1.08417,18.351
76034,1.1,13.3034
76035,1.09729,13.5054
76036,1.09975,13.3404
76037,1.09771,13.5892
76038,1.09793,12.0119
76039,1.09828,11.9817
76040,1.09686,12.3097
76041,1.0964,12.6149
76042,1.09146,18.5632
76043,1.09069,18.0293
76045,1.09491,16.724
76046,1.09698,15.7365
76047,1.09865,17.0337
76048,1.09785,15.4232
76049,1.09135,18.2544
76050,1.09644,14.5263
76051,1.08955,12.0107
76052,1.07307,17.7809
76053,1.08658,17.019
76054,1.0871,15.783
76055,1.0879,15.281
76056,1.08961,13.631
76057,1.08474,17.5979
76058,1.08356,8.48662
76059,1.0917,8.69175
76060,1.08607,7.97975
76061,1.08994,16.0513
76062,1.09293,8.6775
76063,1.09189,9.58429
76064,1.09189,9.11285
76065,1.0922,9.85811
76066,1.09243,9.73168
76067,1.09138,10.911
76068,1.09227,10.0413
76072,1.0865,9.42126
76073,1.08655,9.61712
76074,1.08213,-0.785247
76075,1.09289,4.31017
76076,1.09079,5.16367
76077,1.09191,6.40038
76078,1.09222,10.0174
76079,1.09131,10.3214
76080,1.0913,11.2158
76081,1.09178,10.5088
76082,1.09125,11.6956
76083,1.09253,10.2686
76084,1.09098,12.3129
76085,1.09083,12.6192
76086,1.09156,11.9591
76087,1.08888,11.1793
76088,1.08916,10.6833
76090,1.08691,8.09183
76091,1.08507,4.04935
76092,1.09386,1.04905
76094,1.08435,6.15644
76095,1.0642,18.4522
76096,1.0661,17.2322
76098,1.07367,14.4135
76099,1.07308,14.9293
76101,1.08723,9.92664
76102,1.08302,9.62312
76103,1.08237,8.84736
76104,1.07849,9.35976
76105,1.07976,9.34225
76106,1.07051,6.79094
76108,1.06486,8.92973
76109,1.06986,7.76864
76110,1.0712,7.01441
76111,1.07593,8.10299
76113,1.02858,-19.6482
76114,1.02876,-19.7866
76115,1.02663,-18.5386
76116,1.02884,-19.8708
76117,1.02907,-20.0239
76118,1.03817,-21.5648
76119,1.03081,-20.3372
76120,1.02924,-20.2343
76121,1.02762,-19.7447
76122,1.02881,-20.1685
76123,1.02906,-20.27
76124,1.02997,-20.331
76126,1.02909,-20.394
76129,1.02385,-18.7988
76130,1.02689,-19.749
76132,1.02536,-19.9771
76133,1.02614,-20.0163
76134,1.02911,-20.1915
76138,1.02485,-19.1371
76139,1.0249,-19.3664
76140,1.02298,-18.0745
76141,1.02969,-18.5395
76142,1.02663,-18.3491
76143,1.02739,-18.3825
76144,1.02603,-19.0082
76145,1.02555,-18.2508
76146,1.0237,-15.8905
76147,1.02613,-16.5696
76148,1.0234,-14.1594
76149,1.03139,-14.482
76151,1.02444,-18.6216
76152,1.02309,-19.5219
76154,1.0236,-19.4117
76155,1.0211,-19.0744
76156,1.03533,-23.3148
76157,1.01349,-18.4331
76158,1.01325,-18.5303
76159,1.03724,-24.1599
76160,1.02294,-19.3193
76161,1.03614,-21
76164,1.03857,-22.7273
76165,1.03536,-22.7406
76166,1.04223,-24.1593
76168,1.03447,-26.0705
76169,1.02948,-20.2306
76170,1.02625,-18.771
76171,1.02809,-18.9167
76173,1.09577,2.33716
76174,1.09285,14.5544
76175,1.09193,14.7567
76176,1.0924,14.751
76177,1.09313,14.6275
76178,1.09244,14.5331
76179,1.09258,14.3915
76180,1.09267,14.3818
76181,1.09289,14.2474
76182,1.09341,14.455
76186,1.09052,16.1088
76187,1.09098,15.5861
76188,1.09337,14.4294
76189,1.09356,14.4133
76190,1.09312,14.2352
76191,1.09097,16.7123
76192,1.09514,16.0418
76193,1.09398,15.2962
76194,1.09316,15.4923
76195,1.0992,13.9457
76198,1.0923,10.1848
76199,1.1,11.2713
76200,1.07669,8.51866
76201,1.08127,8.64163
76203,1.09012,15.5209
76204,1.08607,17.882
76205,1.08683,17.7708
76206,1.0852,18.2531
76207,1.08375,18.7885
76208,1.08353,18.6565
76209,1.08741,17.9769
76210,1.08725,18.1085
76211,1.08237,20.8501
76212,1.08344,21.0895
76213,1.08789,18.2332
76214,1.08723,18.0606
76215,1.08784,16.0755
76216,1.08694,15.9302
76217,1.08661,15.7527
76218,1.0915,12.2155
76219,1.07125,11.0335
76220,1.08086,9.24683
76221,1.1,10.6438
76224,1.09004,12.3873
76225,1.08815,11.8684
76227,1.09097,8.64226
76228,1.0844,11.0034
76229,1.09323,12.1306
76236,1.07303,11.5286
76237,1.07462,12.0457
76238,1.07242,10.5724
76239,1.07021,10.8503
76240,1.07121,9.22766
76242,1.07469,7.67982
76243,1.04673,14.0584
76244,1.05011,14.2841
76247,1.07884,13.5742
76248,1.07882,13.8148
76249,1.08245,15.3891
76250,1.08253,14.9558
76251,1.0843,13.392
76252,1.08658,14.3295
76253,1.09109,13.8983
76255,1.08755,14.9367
76256,1.08654,14.5812
76258,1.08751,13.4007
76259,1.08749,13.6035
76260,1.0891,14.2769
76261,1.08345,13.5729
76262,1.08343,14.0445
76263,1.08411,13.8267
76264,1.08766,15.684
76265,1.09243,14.2156
76267,1.0887,14.0159
76268,1.08891,13.9683
76269,1.08871,13.9917
76270,1.08885,14.5171
76271,1.08997,14.4016
76272,1.0902,14.2734
76273,1.08921,13.8031
76276,1.08881,14.151
76278,1.08916,13.944
76279,1.08911,14.4398
76280,1.08984,14.1465
76281,1.08617,13.8684
76282,1.07828,13.6847
76284,1.07256,12.5205
76285,1.08135,2.80773
76286,1.08104,2.02894
76287,1.08583,5.57494
76288,1.08165,6.52038
76289,1.0771,6.9868
76290,1.07325,8.13578
76291,1.09312,8.75896
76292,1.09185,7.9823
76293,1.09193,8.1299
76294,1.09189,10.7439
76295,1.07384,12.6348
76296,1.09551,12.2716
76298,1.08697,12.1636
76299,1.09327,17.6717
76300,1.1,15.8591
76303,1.09073,15.5077
76304,1.08055,12.4435
76306,1.08214,12.1115
76307,1.08246,11.762
76308,1.08184,11.1462
76310,1.08138,11.0978
76311,1.08949,14.7019
76312,1.09031,11.1261
76313,1.08331,10.9477
76314,1.08454,11.8248
76315,1.08548,11.1946
76316,1.08579,11.0383
76317,1.08495,10.954
76318,1.08325,10.9243
76319,1.08637,10.3281
76320,1.08865,10.8641
76321,1.08492,10.5758
76322,1.08451,15.1321
76323,1.0851,12.969
76324,1.08672,12.0953
76326,1.08234,10.8688
76328,1.08747,16.8816
76329,1.08755,15.4371
76330,1.08744,15.483
76331,1.08683,17.3703
76332,1.08474,17.8288
76333,1.08378,17.8138
76334,1.08638,17.8871
76336,1.08476,18.3566
76337,1.08453,17.7964
76338,1.07385,-8.78496
76340,1.06267,-10.2498
76341,1.03996,-24.7388
76342,1.08955,6.23567
76343,1.09493,0.906285
76344,1.09376,0.998494
76347,1.08605,15.278
76349,1.07384,16.7554
76350,1.08651,16.5535
76351,1.05124,-3.77097
76352,1.07633,-2.64251
76353,1.07486,-6.38837
76354,1.08942,3.31119
76355,1.08932,2.28689
76356,1.05301,30.6018
76357,1.06032,28.7218
76358,1.06312,27.883
76360,1.08299,-1.08631
76361,1.08377,-1.78598
76362,1.08382,-2.69584
76363,1.08419,-2.64715
76364,1.08847,-4.13368
76365,1.08264,-2.41319
76366,1.0824,-3.17822
76367,1.05085,-5.16315
76368,1.08529,-1.76667
76369,1.09829,11.854
76370,1.07254,-5.61262
76371,1.06664,-6.66835
76372,1.06627,-5.77664
76373,1.09157,11.7896
76374,1.09222,16.2413
76375,1.091,14.5934
76376,1.09214,13.3955
76377,1.09336,12.5229
76378,1.09251,12.1371
76379,1.0923,11.8177
76380,1.09313,11.5728
76382,1.09284,11.756
76383,1.09291,10.9619
76384,1.09184,12.121
76385,1.09275,11.4983
76386,1.09264,11.4371
76387,1.09285,10.8655
76388,1.08395,7.2438
76389,1.08822,18.7353
76390,1.09063,19.0551
76391,1.09037,18.3135
76393,1.08333,21.4567
76394,1.09458,-2.02555
76395,1.08884,-2.11127
76396,1.0891,-3.88516
76398,1.07572,-4.41627
76399,1.07681,-4.9127
76400,1.0813,-4.67515
76402,1.09338,16.8386
76403,1.09935,15.7126
76405,1.08855,7.53327
76406,1.09967,11.0493
76407,1.08222,5.07453
76408,1.09,7.39821
76409,1.0974,9.73643
76410,1.09434,12.901
76411,1.08788,3.97303
76412,1.08944,2.75887
76413,1.08867,4.30723
76414,1.0873,4.42717
76415,1.08319,4.97614
76416,1.08344,6.60819
76417,1.085,5.4307
76418,1.08658,5.3736
76419,1.08027,6.54217
76420,1.0865,4.16546
76421,1.08667,3.96635
76422,1.07573,5.29437
76424,1.04946,14.198
76425,1.04281,15.5753
76426,1.04935,15.5364
76427,1.04958,14.657
76428,1.05328,14.1882
76430,1.09528,9.54004
76431,1.09551,9.87685
76432,1.09594,9.94277
76433,1.0954,9.44133
76434,1.09547,10.2927
76435,1.09549,9.86125
76436,1.0854,16.56
76437,1.08629,15.111
76438,1.08661,14.5025
76439,1.09757,15.5724
76440,1.09618,16.4631
76441,1.09894,15.6948
76442,1.09459,17.0081
76444,1.09215,19.7937
76445,1.09332,18.9669
76446,1.08798,-6.24126
76447,1.08364,3.2583
76448,1.08274,4.13531
76449,1.08362,3.39341
76450,1.07024,5.43377
76451,1.07713,2.4585
76452,1.07775,1.61153
76453,1.07283,6.4072
76454,1.06432,8.63178
76455,1.07054,6.96205
76456,1.07163,5.97708
76457,1.07176,5.78635
76458,1.07419,0.177775
76459,1.07699,-0.159752
76460,1.06174,-5.85041
76461,1.04543,-5.61274
76462,1.07864,10.8808
76464,1.09983,14.0758
76465,1.09719,13.9289
76466,1.09664,14.6587
76467,1.09743,14.0372
76468,1.09867,13.4169
76470,1.09439,15.152
76471,1.07645,19.6407
76472,1.08192,18.4955
76474,1.1,13.7323
76475,1.09089,4.75403
76476,1.09793,14.7881
76477,1.07952,4.70839
76478,1.07724,4.96186
76479,1.07633,4.88699
76480,1.07475,5.53911
76481,1.07433,5.67105
76482,1.07613,5.67102
76483,1.07575,5.35793
76484,1.07578,6.00718
76485,1.07492,5.63611
76486,1.07649,5.76761
76487,1.07733,4.96815
76488,1.07507,5.2031
76489,1.0756,5.2357
76490,1.0726,6.03392
76491,1.07346,5.9324
76492,1.07396,5.88342
76493,1.0731,5.93069
76494,1.07508,5.578
76496,1.07148,6.76042
76497,1.07287,6.40982
76498,1.07297,6.12572
76499,1.07593,5.15501
76500,1.07341,5.53045
76501,1.0761,6.76938
76502,1.0754,6.0458
76503,1.07481,5.63181
76504,1.07587,5.75686
76506,1.0748,5.62841
76507,1.07483,5.64997
76508,1.0732,5.97278
76509,1.07317,5.99121
76510,1.07365,6.08408
76511,1.07561,6.73625
76512,1.0735,7.39092
76513,1.07071,6.95058
76515,1.07427,5.82324
76516,1.07141,6.20418
76517,1.05227,8.80678
76518,1.06247,7.34031
76519,1.07465,5.71839
76520,1.07456,5.40719
76521,1.09949,14.6415
76522,1.09963,14.3356
76523,1.08864,15.8789
76524,1.07864,17.5414
76526,1.09233,8.15539
76527,1.0893,9.35949
76528,1.08778,10.5939
76529,1.08993,11.251
76530,1.08977,13.2803
76531,1.09163,15.3248
76532,1.08947,15.9987
76533,1.09015,6.96462
76534,1.08467,7.90327
76535,1.08668,7.48138
76536,1.07636,5.56284
76537,1.08942,7.46837
76538,1.09018,4.37844
76539,1.09449,6.84766
76541,1.04299,30.9566
76542,1.04496,30.2526
76543,1.09332,9.52666
76544,1.09319,10.106
76546,1.09301,11.8575
76547,1.09329,11.3742
76548,1.08325,19.6587
76549,1.07508,19.1748
76550,1.07706,22.381
76551,1.0662,23.0315
76552,1.07245,19.1112
76553,1.08908,4.24824
76554,1.08948,3.86625
76555,1.08861,3.89808
76556,1.08503,5.73962
76557,1.08822,18.807
76559,1.09695,14.3171
76560,1.09853,15.2916
76561,1.09569,19.7219
76562,1.09553,19.9274
76564,1.08505,6.38323
76565,1.08553,6.11706
76567,1.08089,7.36011
76568,1.0855,5.78155
76569,1.08567,5.09745
76570,1.08497,5.99062
76571,1.08705,3.91642
76572,1.09097,-0.705622
76573,1.08734,4.26403
76574,1.08374,5.99706
76575,1.08608,5.25169
76576,1.08684,4.5404
76577,1.0892,4.06949
76578,1.09159,16.2909
76579,1.09163,16.2804
76580,1.09078,16.4465
76581,1.09142,16.1073
76582,1.09085,16.436
76583,1.08979,17.1249
76584,1.08109,15.5345
76585,1.09009,11.7133
76586,1.08723,12.053
76587,1.08741,11.8755
76588,1.09344,9.19826
76589,1.09532,9.22958
76590,1.09337,9.61284
76591,1.05475,29.3196
76592,1.09421,11.7967
76593,1.0963,12.4304
76595,1.08702,5.129
76596,1.08294,4.44428
76597,1.08059,2.6065
76598,1.08044,3.59502
76599,1.06889,-2.04271
76600,1.08002,6.03879
76601,1.07988,6.18728
76602,1.07969,6.74606
76603,1.08025,6.04198
76604,1.08029,6.58866
76605,1.08075,5.98997
76606,1.08028,6.24708
76607,1.07795,7.43836
76608,1.07845,7.44784
76609,1.08033,5.6286
76610,1.08088,6.34877
76611,1.08077,6.39554
76612,1.08064,6.57695
76613,1.07981,7.13667
76614,1.08067,6.69697
76615,1.07835,7.21449
76616,1.08146,5.74143
76617,1.07693,9.50978
76618,1.08022,7.61146
76619,1.08344,6.66995
76620,1.08195,6.65061
76621,1.0834,6.86606
76623,1.08328,6.46097
76624,1.08402,6.14217
76625,1.08326,6.12687
76626,1.08212,6.03862
76627,1.08191,6.14234
76628,1.08324,5.94087
76629,1.07873,7.38155
76630,1.07922,7.07026
76631,1.07951,6.29581
76632,1.08201,7.93273
76633,1.08543,6.65185
76634,1.08646,6.48863
76635,1.09143,4.36859
76636,1.0891,5.67054
76639,1.09065,4.48279
76640,1.08815,7.30772
76641,1.08657,6.72884
76642,1.0877,6.40436
76644,1.0927,6.17496
76645,1.09259,5.31679
76646,1.09256,4.84249
76648,1.09215,4.56154
76649,1.09123,4.36674
76650,1.08524,6.54665
76651,1.08588,6.04686
76653,1.0865,6.0944
76654,1.08921,5.03691
76655,1.0825,5.62271
76656,1.08647,5.44562
76657,1.08672,5.47572
76659,1.08638,5.55856
76660,1.08743,4.66803
76661,1.08635,5.36082
76662,1.08665,5.21038
76663,1.08243,5.89544
76664,1.08236,6.03431
76665,1.08688,4.63155
76667,1.08676,4.83355
76668,1.08436,4.70619
76670,1.08688,4.7016
76671,1.08748,4.34519
76672,1.0867,4.729
76673,1.08725,4.33426
76674,1.09378,4.36106
76675,1.08766,4.05789
76676,1.08801,4.20593
76677,1.07919,6.48354
76678,1.0815,5.94562
76679,1.07582,10.5507
76680,1.07624,10.0624
76681,1.07741,9.76758
76682,1.07697,9.82078
76683,1.07973,7.38559
76684,1.07719,8.90161
76685,1.07745,8.35711
76686,1.0771,8.46476
76687,1.07723,8.78501
76688,1.07713,8.90998
76689,1.07741,8.7732
76690,1.07651,8.5251
76691,1.07664,10.044
76692,1.07574,9.56891
76693,1.07817,9.12563
76694,1.07819,8.46414
76695,1.07348,10.2581
76696,1.07569,9.10503
76697,1.07316,10.4139
76698,1.07461,9.83076
76699,1.0755,9.60682
76700,1.07718,8.72772
76701,1.07691,8.26006
76703,1.08743,5.60447
76704,1.07782,7.78628
76705,1.0792,6.92328
76707,1.06172,5.47817
76708,1.06164,5.29345
76709,1.06528,5.51604
76710,1.05857,4.7179
76711,1.05546,4.18071
76712,1.0625,4.66543
76714,1.06161,5.07188
76715,1.08356,21.3068
76716,1.08657,20.8396
76717,1.08844,18.7682
76718,1.09022,18.1387
76720,1.09513,9.52501
76721,1.09523,9.59927
76722,1.09517,9.68892
76723,1.09352,11.7207
76724,1.09158,13.278
76725,1.09313,12.2876
76726,1.09484,10.2332
76727,1.09439,10.5517
76728,1.09335,11.032
76729,1.09527,10.4355
76730,1.09516,9.76165
76731,1.09521,10.0038
76732,1.09466,10.1208
76733,1.09624,11.3676
76734,1.09156,12.3829
76735,1.09503,9.9585
76736,1.09526,9.53768
76737,1.09244,8.42541
76738,1.09366,6.17455
76739,1.05746,-7.48916
76740,1.05979,-7.23293
76741,1.05864,-7.48299
76742,1.06538,-7.60521
76743,1.06059,-3.49719
76744,1.06365,-2.97871
76745,1.06643,-2.95368
76746,1.05569,-4.55342
76747,1.04986,-6.89056
76748,1.06161,-7.19534
76749,1.07869,23.743
76752,1.07971,3.85784
76754,1.07961,-2.6205
76755,1.09066,8.02635
76756,1.08697,9.23061
76757,1.08607,9.69517
76758,1.07821,4.23923
76759,1.09608,15.4295
76761,1.07716,-3.45927
76762,1.07738,6.61084
76763,1.08148,0.399453
76764,1.07986,-0.453432
76765,1.07096,-2.04469
76766,1.06463,-4.83954
76767,1.06508,9.89109
76768,1.05059,14.9347
76769,1.04953,15.3317
76772,1.0466,15.598
76773,1.04854,15.4982
76774,1.04907,15.4129
76775,1.05721,16.9086
76776,1.04832,15.8706
76777,1.04721,15.5443
76778,1.04849,15.1223
76779,1.06229,17.2772
76781,1.05907,17.4685
76782,1.06161,18.7529
76785,1.08634,11.1143
76786,1.06603,6.90952
76787,1.06559,6.48566
76788,1.06554,5.6826
76789,1.06556,5.52028
76790,1.06527,4.06387
76791,1.06513,5.01525
76792,1.07193,5.25447
76794,1.06169,4.92033
76795,1.06419,3.88515
76797,1.09389,15.3446
76798,1.0955,14.4965
76799,1.09477,13.5564
76800,1.09745,13.119
76801,1.09841,14.2735
76802,1.07682,-3.62666
76803,1.07765,-3.72497
76804,1.08639,-2.6556
76805,1.08641,-4.39693
76806,1.08404,-4.95733
76807,1.0834,-5.25415
76809,1.04667,14.6974
76810,1.04601,14.8874
76812,1.08179,14.4805
76813,1.08149,15.9641
76815,1.08847,16.7514
76817,1.09697,16.6786
76818,1.09723,16.3277
76819,1.09673,17.3397
76821,1.09335,20.7985
76822,1.09377,19.8727
76824,1.08634,9.48816
76825,1.08506,11.7985
76826,1.08966,12.0793
76828,1.05525,0.694161
76829,1.02928,-8.45486
76830,1.09269,7.67423
76831,1.0862,7.73662
76832,1.07554,5.61421
76833,1.09627,12.3396
76834,1.09712,9.52085
76835,1.08339,7.0173
76836,1.07894,4.04299
76837,1.07882,6.11072
76838,1.07776,4.2256
76839,1.07768,10.2279
76840,1.07325,7.91134
76841,1.0746,7.73817
76842,1.08278,-0.676703
76843,1.08765,1.69692
76844,1.08812,-0.952263
76845,1.0868,-0.0540906
76846,1.08713,-1.10254
76847,1.08783,-0.749638
76848,1.08599,-1.71744
76849,1.09028,0.519481
76850,1.09208,4.59346
76851,1.09337,4.59136
76852,1.08455,8.70514
76853,1.09082,8.94889
76854,1.09246,7.06138
76856,1.09191,8.55613
76857,1.091,9.0093
76858,1.09194,9.359
76859,1.09214,8.93994
76860,1.09341,5.11572
76861,1.09295,6.17458
76862,1.09245,9.71765
76863,1.09608,14.1078
76864,1.0967,13.361
76865,1.09022,6.65669
76866,1.08933,6.53711
76868,1.08783,2.02457
76869,1.08088,-2.95029
76871,1.08371,19.4876
76872,1.07779,17.9266
76873,1.07591,17.2679
76880,1.08603,5.8722
76881,1.07595,5.39985
76882,1.07757,5.14354
76883,1.06485,-3.29517
76884,1.06554,-2.73178
76885,1.0655,-1.85775
76886,1.06514,-2.95008
76887,1.06592,-3.12804
76888,1.06902,-1.82109
76889,1.1,14.5122
76890,1.0997,14.4119
76891,1.04958,-2.90214
76892,1.05221,-2.89654
76893,1.08404,7.59376
76894,1.08162,10.2216
76895,1.08108,9.25714
76896,1.08124,8.52013
76897,1.08171,7.73394
76898,1.08874,7.90237
76899,1.09309,8.08988
76900,1.09407,8.66892
76901,1.09577,4.52473
76902,1.1,7.65228
76903,1.09695,4.84707
76904,1.09393,4.5638
76905,1.09387,3.75287
76906,1.09395,2.6308
76907,1.07429,-2.68991
76908,1.0732,-3.72776
76909,1.0813,-0.819601
76910,1.06715,-4.91281
76911,1.09095,2.66253
76912,1.09487,-6.75259
76913,1.09097,-6.03156
76914,1.09098,-6.46312
76915,1.08706,-6.74314
76916,1.07617,1.33628
76917,1.07019,-0.808337
76918,1.06717,-2.13094
76919,1.09099,5.41664
76920,1.08428,13.4269
76921,1.08486,12.7714
76922,1.08395,4.24679
76924,1.08448,4.6765
76926,1.08502,3.75943
76927,1.08552,4.78056
76928,1.08558,4.13675
76929,1.08351,5.09511
76930,1.08444,6.95083
76931,1.08382,5.52936
76932,1.08484,8.36404
76933,1.08459,7.01668
76934,1.08489,6.26994
76935,1.08365,5.10255
76936,1.08395,4.46789
76937,1.08402,3.96433
76938,1.08507,1.85475
76939,1.08359,4.58468
76941,1.07736,-1.14717
76942,1.07927,-3.87261
76943,1.07322,-1.44881
76944,1.05437,-1.97412
76945,1.08878,15.6598
76946,1.08957,14.996
76947,1.05536,-7.5338
76949,1.06508,-6.92654
76950,1.06475,-7.31582
76951,1.06639,-7.46033
76952,1.09714,6.90074
76953,1.07716,3.70283
76954,1.07318,4.21991
76955,1.06985,3.92196
76958,1.04871,23.7457
76960,1.01849,24.8274
76962,1.04228,24.3276
76963,1.02866,23.96
76964,1.07761,3.32096
76965,1.07399,3.83786
76966,1.0735,1.20383
76967,1.07463,2.02069
76971,1.06442,21.2377
76973,1.0686,14.8131
76975,1.07355,30.8823
76977,1.06693,34.4807
76980,1.05514,-10.4456
76981,1.06885,11.7836
76984,1.06827,12.0341
76985,1.06723,12.197
76993,1.04616,-9.83201
76998,0.9864,29.4078
76999,0.994206,27.6192
77001,0.994467,27.8896
77002,0.998441,27.1134
77003,1.0044,30.3426
77006,1.00046,25.9217
77007,0.999865,25.2488
77008,0.996531,29.3152
77009,1.00359,29.5968
77010,1.03664,-14.4186
77012,1.03669,-13.9637
77013,1.03372,-13.4372
77014,1.03608,-14.0293
77015,1.0365,-15.3593
77016,1.03428,-14.3424
77017,1.08631,-6.89274
77018,1.02847,-16.8671
77019,1.02705,-16.79
77020,1.02936,-16.6474
77021,1.04875,34.5457
77022,1.05523,28.8461
77023,1.0546,30.9987
77024,1.03407,-16.7466
77025,1.03399,-16.8811
77026,1.00894,-15.7384
77027,1.00887,-15.8683
77028,1.0099,-15.7209
77029,1.01001,-15.6984
77030,1.01006,-15.8228
77032,1.00972,-16.4077
77033,1.01031,-15.9274
77034,1.01081,-16.2326
77035,1.01057,-16.5911
77036,1.01152,-16.763
77039,1.01493,-15.3404
77040,1.02203,-14.2249
77041,1.01896,-13.666
77042,1.01101,-15.4655
77043,1.09307,-1.21111
77044,1.09235,-0.686502
77045,1.09237,-0.616652
77046,1.09243,-0.616625
77047,1.09209,-1.71838
77048,1.09236,-1.41949
77049,1.0925,-1.42256
77050,1.09347,-1.13942
77051,1.09385,-0.996186
77052,1.09195,-0.383776
77053,1.09214,-0.383989
77054,1.09143,-1.65069
77055,1.08972,-1.79424
77057,1.09315,-1.19776
77058,1.08936,-2.7067
77060,1.08832,-2.76495
77061,1.08728,-2.7965
77068,1.08516,-2.52837
77069,1.0875,-3.1342
77071,1.07563,14.4935
77072,1.08532,10.528
77073,1.07921,17.2406
77074,1.07977,18.2728
77075,1.00714,-14.432
77076,1.00851,-15.613
77077,1.00809,-14.7877
77078,1.00744,-14.3896
77079,1.00762,-14.6153
77080,1.00734,-14.6761
77081,1.01016,-15.7714
77082,1.00844,-17.6106
77083,1.00722,-17.0155
77084,1.00719,-17.79
77085,1.00696,-17.3218
77087,1.00797,-18.7087
77088,1.00853,-16.4688
77089,1.05534,-6.21835
77090,1.05439,-9.65928
77092,1.05234,-11.1406
77093,1.03518,-12.6765
77095,1.04937,-11.7114
77096,1.04844,-12.4525
77097,1.04917,-12.5911
77098,1.0516,-11.8519
77099,1.03159,-15.1119
77100,1.02778,-13.5379
77101,1.01918,-12.3134
77103,1.03065,37.0143
77105,1.03413,-12.1973
77106,1.03496,-13.932
77107,1.06674,-2.83421
77108,1.07579,-0.453929
77111,1.07365,2.9441
77112,1.07391,2.11643
77113,1.0754,1.84118
77115,1.0778,0.339807
77116,1.0671,-3.28314
77117,1.04447,-7.79823
77118,1.04899,-7.47699
77119,1.07272,0.388498
77122,1.08019,20.341
77123,1.07695,20.0131
77125,1.09604,20.8662
77126,1.09582,20.8857
77127,1.09218,18.1606
77128,1.0952,20.7069
77130,1.05908,24.6854
77131,1.06554,18.5851
77132,1.06722,19.6692
77133,1.06321,20.0231
77134,1.05446,-7.82908
77136,1.07291,-9.67321
77137,1.06432,-8.01301
77138,1.06362,-8.16097
77140,1.0587,15.8509
77141,1.0509,18.8004
77142,1.04918,19.366
77143,1.06044,12.4579
77144,1.06086,12.029
77145,1.06024,11.1638
77146,1.09227,-0.902603
77147,1.09287,-1.16329
77149,1.09217,-1.5197
77151,1.0915,-1.11128
77152,1.09223,-1.26351
77153,1.08866,-1.51505
77154,1.08878,-1.5589
77156,1.09038,-1.67955
77157,1.04555,-11.2848
77158,1.04361,-11.9371
77159,1.04644,-12.256
77160,1.04393,-12.4478
77162,1.01023,24.5109
77163,1.00832,24.008
77165,1.07211,11.4847
77166,1.08548,15.1069
77167,1.07206,11.3498
77168,1.07278,10.6968
77170,1.0706,12.3662
77171,1.07028,12.6201
77172,1.07983,26.2251
77173,1.06237,2.76669
77175,1.06354,1.60107
77176,1.06158,-1.18044
77177,1.06191,-2.20499
77178,1.05873,-4.24734
77179,1.0725,5.80012
77180,1.06311,7.66547
77182,1.06233,11.3244
77183,1.06405,20.5451
77186,1.03937,33.4179
77188,1.03498,-15.1134
77189,1.04293,-14.6574
77190,1.04744,-15.7301
77191,1.03611,-16.9926
77192,1.04261,-17.5653
77193,1.03497,-15.4405
77194,1.02691,-15.9852
77196,1.06674,-12.8628
77197,1.06838,-13.212
77198,1.09259,21.6179
77199,1.1,23.3819
77200,1.09769,22.38
77201,1.09087,25.5279
77202,1.06519,24.2901
77203,1.06972,24.0126
77204,1.07671,21.6727
77205,1.07965,20.9027
77206,1.04816,28.7371
77207,1.08189,-3.21418
77209,1.08949,-3.01494
77212,1.09134,-2.47948
77213,1.0868,-3.57435
77214,1.08697,-3.30442
77219,1.08044,4.15052
77220,1.05509,-6.70502
77221,1.02159,-16.0786
77223,1.08547,8.99934
77224,1.08538,8.69519
77228,1.02481,35.4212
77230,1.03288,30.3595
77231,1.01697,31.3768
77232,1.07042,20.4402
77234,1.06671,21.561
77235,1.04192,25.0987
77236,1.05441,25.1899
77237,1.07437,23.5427
77239,1.08535,20.9768
77240,1.0883,21.0616
77241,1.05503,-13.2611
77242,1.08384,-3.40227
77243,1.08061,-3.20312
77244,1.08239,-4.37491
77245,1.08263,-4.23168
77246,1.08296,-4.33054
77247,1.0832,-4.29231
77248,1.08368,-3.8964
77249,1.08405,5.86484
77251,1.08433,5.74403
77256,1.08292,4.7998
77257,1.08345,7.02555
77259,1.07715,5.23922
77260,1.06019,-11.7213
77263,1.04602,40.788
77264,1.0395,11.1209
77265,1.0541,6.59384
77267,1.05837,5.46663
77268,1.0515,37.386
77270,1.08512,14.9887
77271,1.08625,14.3164
77272,1.09192,10.8901
77274,1.09494,10.6542
77275,1.05275,-3.81691
77276,1.06344,-2.01004
77277,1.06346,-2.35853
77278,1.0455,-4.21177
77280,1.06813,-2.45424
77281,1.06842,-1.98743
77282,1.06213,-2.09529
77283,1.06273,-1.49662
77284,1.06878,-1.29133
77286,1.05605,-3.01193
77287,1.07566,-15.1056
77288,1.07648,-12.0749
77289,1.07404,-11.4992
77290,1.07736,-12.5132
77291,1.00503,11.7022
77292,1.00359,11.9869
77294,1.03477,-8.72489
77295,1.0469,-7.30545
77296,1.03618,-8.7675
77297,1.03437,-8.39456
77298,1.0337,-8.5593
77299,1.03374,-8.23756
77300,1.03419,-8.48087
77301,1.03527,-7.98896
77302,1.03064,-7.64579
77303,1.02978,-8.26405
77304,1.03878,-7.8579
77305,1.04122,-7.22004
77307,1.0081,-9.78364
77308,1.00828,-9.73094
77309,1.00772,-8.95772
77310,1.00901,-9.24786
77311,1.00762,-9.08702
77312,1.00518,-8.68743
77313,1.00507,-8.56762
77314,1.0065,-7.72263
77315,1.00553,-8.5533
77316,1.06789,-5.9474
77318,1.05287,-5.5597
77319,1.06318,-5.6046
77320,1.06645,-5.63169
77321,1.06594,-5.26757
77322,1.06203,-15.9048
77323,1.06213,-14.7119
77324,1.01114,10.4625
77325,1.00907,10.9014
77326,1.00992,10.1296
77327,1.09518,9.74982
77328,1.09073,9.79463
77329,1.03958,-4.58832
77330,1.04181,-4.80632
77331,1.04747,-5.08722
77332,1.04671,-5.36504
77336,1.05019,-11.2171
77337,1.0523,-16.0601
77338,1.05506,-15.1442
77339,1.06162,13.9978
77340,1.06176,15.9445
77341,1.04517,-5.14124
77342,1.06855,-15.8467
77343,1.0512,-13.0048
77344,1.06377,-10.9979
77345,1.06334,-10.4938
77346,1.06257,-10.5735
77347,1.06191,-10.3799
77348,1.03942,-9.96884
77349,1.0465,-10.4996
77350,1.04747,-10.9402
77353,1.01737,-9.24545
77354,1.0197,-9.78869
77355,1.01814,-10.2354
77356,1.03127,-7.02625
77359,1.06941,-23.046
77360,1.06944,-23.5171
77361,1.06995,-23.7717
77362,1.0713,-23.7778
77363,1.07393,-24.1874
77364,1.06934,-23.4725
77366,1.07292,-24.3098
77368,1.08208,-23.2064
77369,1.06644,-22.0543
77370,1.06944,-23.0922
77371,1.06938,-23.256
77373,1.07103,-23.8908
77374,1.0705,-23.263
77375,1.06958,-23.6183
77376,1.06943,-23.3331
77377,1.06925,-22.9969
77378,1.06764,-22.3744
77379,1.06714,-22.8521
77380,1.06931,-23.6721
77381,1.07017,-23.8239
77382,1.07118,-23.9607
77383,1.07248,-24.0882
77384,1.07206,-23.7177
77385,1.07041,-23.8211
77386,1.07288,-24.043
77387,1.07253,-24.1122
77388,1.08034,-22.4725
77389,1.07319,-24.0703
77390,1.07691,-20.1112
77391,1.06633,-19.0716
77392,1.07953,-22.2499
77393,1.07973,-22.1952
77394,1.07914,-22.3328
77395,1.07979,-22.5645
77396,1.07958,-22.0597
77397,1.08031,-23.1649
77399,1.0792,-24.857
77400,1.07769,-24.1558
77401,1.07728,-24.2086
77402,1.07752,-24.3285
77403,1.0761,-24.1622
77404,1.07332,-23.5177
77405,1.07918,-23.7072
77406,1.0784,-24.092
77407,1.07885,-24.4109
77409,1.08336,-21.3562
77410,1.07905,-24.0009
77411,1.07806,-24.2994
77412,1.08312,-22.5597
77413,1.09651,-22.3926
77416,1.07693,-17.8603
77417,1.07707,-21.4996
77418,1.09766,-22.2911
77420,1.09878,-21.5404
77422,1.07659,-17.2981
77423,1.07272,-21.9032
77424,1.07306,-20.4739
77425,1.07809,-21.5206
77427,1.07339,-24.0887
77428,1.07353,-24.1424
77429,1.07321,-24.19
77430,1.07453,-23.4507
77431,1.07414,-24.0251
77433,1.07552,-23.6277
77434,1.07553,-24.1685
77435,1.06126,-16.2179
77436,1.06787,-17.6487
77437,1.07266,-18.812
77438,1.08365,-21.6468
77439,1.04047,8.2813
77440,1.04633,-13.1126
77441,1.04395,-14.0386
77444,1.04975,-10.9522
77445,1.09693,-10.9424
77447,1.05169,-5.50909
77448,1.05435,-6.24263
77449,1.04271,-2.75254
77452,1.03907,34.592
77453,1.03965,33.4853
77454,1.0237,-11.8261
77455,1.04647,-9.00089
77456,1.05772,-7.04376
77457,1.05622,-10.0706
77458,1.04277,-9.09753
77459,1.05143,-5.97126
77460,1.04131,-6.28972
77463,1.0915,9.70633
77464,1.09349,9.31041
77466,1.08795,0.0105165
77467,1.07789,3.24321
77468,1.07552,4.08506
77469,1.08031,3.83761
77470,1.07434,2.93084
77471,1.07642,2.81088
77472,1.07646,2.81835
77473,1.07948,2.3512
77474,1.09199,6.32639
77475,1.03785,-9.42701
77476,1.02732,-9.5361
77477,1.05183,-5.13293
77478,1.05097,-5.25957
77479,1.0508,-5.32382
77480,1.0533,-4.35638
77481,1.05378,-3.56281
77482,1.05711,-3.02574
77483,1.04879,-4.93343
77484,1.04542,-4.9131
77485,1.00445,-6.04872
77486,1.00253,-4.90949
77487,1.00664,-5.39129
77488,1.00599,-6.3308
77489,1.00619,-6.31899
77490,1.00822,-5.72404
77491,1.00949,-4.55193
77492,1.00902,-5.8033
77493,1.00653,-7.48106
77495,1.0069,-6.5391
77497,1.00829,-6.98918
77498,1.01121,-7.15626
77499,1.01174,-7.30698
77500,1.00974,-7.38075
77501,1.01177,-6.44239
77502,1.01173,-6.72308
77503,1.01185,-6.9882
77504,1.00832,-4.62849
77505,1.00765,-5.06112
77507,1.00695,-6.12686
77508,1.00828,-5.44507
77509,1.01157,-3.83041
77510,1.00984,-4.28475
77511,1.00617,-6.0248
77512,1.00669,-6.30761
77513,1.00492,-6.3817
77514,1.00785,-6.22844
77515,1.00341,-6.41721
77516,1.00639,-5.68989
77517,1.00822,-3.47929
77518,1.00504,-4.89481
77519,1.00496,-5.53598
77521,1.00689,-6.85574
77522,1.00756,-6.62452
77523,1.00493,-6.59982
77524,1.0019,-5.18413
77525,1.00467,-5.77686
77526,1.00401,-5.31932
77527,1.06387,20.1136
77528,1.02517,23.1142
77529,1.03349,23.08
77530,1.03798,22.1698
77531,1.01395,24.8112
77532,1.09615,9.16198
77533,1.07937,0.431904
77534,1.0646,-4.40443
77535,1.09024,5.59443
77536,1.05358,28.0601
77538,1.05627,22.1191
77539,1.05274,12.3152
77540,1.05407,12.3077
77541,1.02639,12.3468
77542,1.03195,14.1971
77544,1.04556,-4.1381
77545,1.03611,7.41484
77547,1.01175,14.4069
77548,1.01219,14.256
77549,1.01369,13.9566
77550,1.03638,-0.00893765
77552,1.02979,2.63891
77553,1.02847,3.04691
77554,1.02463,-11.7279
77555,1.0256,-12.4098
77556,1.02424,-11.6263
77557,1.04358,-4.39254
77558,1.04366,-4.2741
77559,1.04767,-5.3733
77560,1.0426,-4.57746
77562,1.05298,-7.01428
77563,1.05297,-6.91981
77565,1.05446,-6.85401
77566,1.05054,-6.83661
77567,1.05366,-6.68456
77568,1.05369,-6.1118
77569,1.05477,-6.39847
77570,1.05433,-6.74137
77571,1.05256,-6.85234
77572,1.053,-6.13273
77573,1.05301,-6.56949
77574,1.04827,-4.60413
77575,1.04982,-4.97075
77576,1.05279,-5.44182
77577,1.05499,-5.56469
77578,1.05416,-6.73558
77579,1.05583,-6.67782
77580,1.05657,-5.73035
77581,1.05784,-5.4101
77582,1.06253,-3.2479
77583,1.06493,-4.44211
77584,1.06243,-3.17279
77585,1.05808,-5.65077
77586,1.05685,-6.59721
77587,1.05601,-6.55495
77588,1.05346,-5.40186
77589,1.05396,-5.87954
77590,1.05384,-6.31497
77591,1.04896,-7.37248
77592,1.06233,-4.50397
77593,1.05402,-4.71368
77595,1.05046,-3.77696
77596,1.05366,-3.78344
77597,1.06241,-2.6616
77598,1.06838,-2.25399
77599,1.06867,-2.52806
77601,1.06171,-4.44667
77602,1.06298,-4.67431
77604,1.06078,-4.92426
77606,1.05792,-6.46407
77607,1.05933,-6.33469
77608,1.05332,-6.96135
77609,1.05293,-6.52399
77610,1.0534,-6.83509
77611,1.0528,-6.5117
77612,1.04132,32.5901
77613,1.04512,31.5755
77614,1.07375,4.0465
77615,1.06238,6.41487
77616,1.04576,19.5498
77617,1.05656,19.6474
77618,1.05885,16.1196
77620,1.05716,-1.16587
77622,1.1,-1.63628
77623,1.07601,-3.46084
77624,1.06842,-3.60198
77627,1.0247,-7.24543
77628,1.0111,-7.81794
77630,1.03611,-4.75431
77631,1.00291,-5.78875
77632,1.00169,-5.61521
77633,1.00583,-6.94568
77634,1.00352,-7.80028
77635,1.00619,-8.02645
77636,1.00424,-8.23388
77637,1.00512,-8.39426
77638,1.00444,-8.72785
77639,1.03629,21.4751
77641,1.03496,-15.8071
77642,1.09581,14.5179
77643,1.08391,9.60692
77645,1.0771,10.2715
77646,1.0735,10.8089
77648,1.08881,16.785
77650,1.07121,11.4437
77651,1.07261,11.3414
77652,1.09029,11.3078
77653,1.06332,24.1092
77654,1.08916,21.1377
77655,1.00781,-6.69803
77656,1.01931,-7.77672
77657,1.02301,-8.01423
77658,1.00999,-2.3253
77659,1.08151,-14.2994
77660,1.08768,-11.8309
77661,1.09441,-10.1026
77662,1.08891,-11.3328
77664,1.09398,-13.815
77665,1.09831,-10.2798
77666,1.09715,-10.9258
77667,1.09789,-10.5209
77668,1.08844,-3.97991
77669,1.09235,-2.07025
77670,1.08969,-3.16818
77671,1.08632,-3.03051
77672,1.0966,-6.18735
77673,1.09092,-7.08429
77674,1.00564,-8.83547
77675,1.00767,-8.9389
77676,1.02911,-7.24901
77677,1.01705,-7.85877
77678,1.01704,-7.3118
77680,1.01036,-7.74656
77681,1.02277,-7.6058
77682,1.06062,-0.17724
77683,1.06152,-0.209078
77684,1.0635,-0.0856077
77685,1.06788,0.426956
77686,1.06612,1.08804
77688,1.07523,1.25005
77691,1.05272,-1.05726
77693,1.07869,-0.440116
77694,1.05717,-0.247811
77695,1.06638,0.0792212
77696,1.06966,-9.27575
77697,1.04133,-4.34321
77698,1.04329,-4.12327
77699,1.03453,33.8184
77701,1.03602,33.2924
77702,1.01785,-8.89513
77703,1.02685,-11.101
77704,1.02271,-12.4005
77705,1.03647,-4.29753
77706,1.02748,-13.3075
77707,1.02729,-13.4166
77708,1.02849,-13.1892
77709,1.02897,-13.2883
77710,1.02793,-13.5532
77712,1.02984,-12.6512
77713,1.03065,-12.9522
77714,1.00612,-9.16175
77715,1.0035,-5.78461
77716,1.00431,-6.50589
77718,1.04503,-4.11264
77719,1.01984,-9.27513
77720,1.03648,-5.29065
77722,1.04124,-2.87468
77723,1.0337,-8.87498
77724,1.04049,-2.43593
77725,1.04194,-3.05292
77726,1.0419,-3.68722
77728,1.0581,-13.3151
77729,1.0652,-14.9855
77730,1.05574,-8.73628
77731,1.05718,-9.76419
77732,1.05628,-10.1835
77734,1.05439,-11.6032
77735,1.05805,-8.2193
77736,1.07977,-21.6528
77737,1.07775,-21.727
77738,1.07675,-21.8418
77739,1.07932,-21.0138
77740,1.07884,-21.5133
77741,1.07814,-21.0909
77742,1.07883,-21.1792
77743,1.07684,-16.6788
77744,1.08092,-20.6869
77745,1.08125,-20.2831
77746,1.08019,-19.5047
77748,1.07108,-18.7438
77749,1.07357,-19.6704
77750,1.06771,-19.1732
77751,1.06691,-16.4392
77752,1.06993,-18.4724
77753,1.07167,-19.0431
77754,1.0682,-18.8849
77755,1.06372,-18.7014
77756,1.07978,-20.7132
77757,1.07299,-19.5887
77758,1.07395,-19.7952
77759,1.05261,-7.38099
77761,1.0246,-8.90326
77762,1.05171,-6.49303
77763,1.05218,-6.76219
77764,1.03763,-6.9825
77765,1.04123,-5.71869
77766,1.03787,-6.99257
77767,1.03957,-7.68453
77768,1.01492,26.4891
77769,1.01168,26.2121
77770,1.0078,26.9046
77771,1.00939,26.4689
77772,1.01204,26.7407
77773,1.01441,26.6098
77774,1.01172,25.4759
77775,1.00904,25.7093
77776,1.00853,26.6001
77777,1.01029,26.9799
77778,1.00931,27.2344
77779,1.00862,27.0802
77780,1.00819,27.5637
77781,1.00509,28.1905
77782,1.00593,28.0329
77783,1.0027,26.5888
77785,1.00806,26.9513
77786,1.00807,27.0073
77787,1.01051,25.1905
77789,1.00521,26.2312
77790,1.01477,25.0477
77791,1.01472,24.942
77792,1.00376,25.2482
77794,1.00409,25.4
77795,1.00333,24.9586
77796,1.00287,25.7306
77797,1.012,26.6329
77798,1.01275,26.0529
77799,1.01421,25.2184
77800,1.0099,27.1413
77801,1.01039,27.6789
77802,1.00952,27.2237
77803,1.00919,27.5855
77804,1.00934,27.8161
77805,1.00673,28.5996
77806,1.00761,28.0725
77807,1.00817,25.4788
77809,1.018,25.6157
77810,1.01769,25.009
77811,1.02234,25.1323
77812,1.01675,25.1416
77813,1.01805,24.7933
77814,1.01425,24.7301
77816,1.01608,24.9192
77817,1.01836,24.5583
77819,1.01643,24.7272
77824,1.02175,25.268
77825,1.02387,24.8762
77826,1.01376,23.8449
77827,1.01493,24.8381
77828,1.01445,24.5993
77829,1.01513,25.0466
77830,1.01496,24.71
77831,1.01497,24.6846
77832,1.01311,24.1984
77833,1.01141,24.2198
77835,1.01382,24.7126
77837,1.00691,24.3826
77838,1.00525,24.9156
77839,1.00566,24.599
77840,1.00509,24.6579
77841,1.00845,24.0902
77843,1.00949,23.8656
77844,1.00869,22.6682
77845,1.00369,24.8426
77846,1.00558,24.7276
77847,1.00575,24.6969
77852,1.0014,27.7881
77853,1.0014,28.2759
77854,1.00299,27.8861
77855,1.00303,26.9903
77856,1.00239,26.9587
77857,0.999021,26.782
77858,1.00215,25.0146
77862,1.03775,-15.3945
77863,1.05663,-4.98687
77864,1.05619,-5.17067
77866,1.05664,-4.95181
77867,1.05792,-4.91116
77869,1.05524,-5.24262
77870,1.05422,-5.19373
77871,1.05549,-4.80163
77872,1.05151,-4.93213
77873,1.05199,-5.15386
77874,1.05312,-5.15767
77875,1.0534,-5.23593
77876,1.05599,-5.31003
77878,1.04815,-7.40482
77879,1.04868,-7.34671
77881,1.04693,-5.91776
77882,1.04681,-6.14558
77883,1.04817,-5.81785
77884,1.04919,-5.99503
77885,1.06074,-10.3253
77886,1.06641,-12.3439
77887,1.06664,-12.0706
77889,1.06967,-21.2897
77890,1.05874,-19.1324
77891,1.06008,-19.9141
77892,1.06283,-20.1086
77893,1.0587,-20.1921
77895,1.06731,-22.1705
77896,1.06401,-21.7624
77897,1.07072,-23.0983
77898,1.07135,-23.1667
77899,1.07135,-21.4471
77901,1.03537,26.799
77902,1.04126,28.3645
77903,1.04048,27.8683
77904,1.03734,-14.8758
77905,1.0632,-1.26272
77906,1.05887,-5.98721
77908,1.05865,-14.0791
77909,1.04777,-13.2805
77911,1.03984,-11.0673
77912,1.04827,-4.02204
77913,1.04827,-4.4945
77914,1.04647,-5.49661
77915,1.04678,-4.70541
77916,1.06093,-2.69994
77917,1.05624,-4.16902
77918,1.04663,-4.23661
77919,1.05908,-2.77235
77920,1.05098,-3.6911
77921,1.04226,19.419
77922,1.04462,20.9947
77923,1.0286,36.7309
77924,1.03516,35.1189
77925,1.03284,34.9729
77928,1.01208,11.1357
77932,1.0378,-12.3502
77933,1.0882,-21.3844
77934,1.1,-20.4649
77935,1.09511,-13.0766
77936,1.09603,-16.4533
77937,1.09355,-13.5965
77938,1.0954,-14.3108
77939,1.09422,-16.3675
77940,1.09285,-16.8815
77941,1.09364,-16.6534
77942,1.09166,-18.1816
77943,1.09276,-17.7329
77944,1.09433,-15.5331
77945,1.062,-20.1708
77949,1.07455,-23.8168
77950,1.07503,-23.221
77951,1.07449,-23.0206
77952,1.0642,-20.567
77953,1.06346,-20.3942
77954,1.05565,-19.7331
77955,1.07821,-22.8305
77956,1.0458,-17.4459
77957,1.05047,22.6953
77958,1.05092,22.0425
77959,1.06377,24.8728
77960,1.06409,21.3089
77961,1.05066,17.6795
77962,1.06252,18.3507
77963,1.02184,8.64128
77964,1.06137,2.86294
77967,1.09031,21.7847
77968,0.994545,12.686
77969,0.990646,7.25823
77970,1.06866,19.7439
77971,1.0241,3.76207
77972,1.01064,4.826
77973,1.06408,21.2832
77974,1.06188,15.287
77975,1.06394,1.81251
77976,1.07027,19.1485
77977,1.01548,12.2719
77979,1.02604,9.08595
77980,0.99573,10.7757
77981,1.05651,18.0457
77982,1.08198,20.3633
77983,1.01269,3.51265
77984,1.06177,15.5671
77985,1.0313,8.57495
77986,0.991358,11.3159
77987,1.08335,21.3267
77988,1.05715,18.4798
77989,1.05695,18.0096
77990,1.06158,12.4362
77991,1.07213,19.3637
77992,1.06188,4.93919
77993,1.05268,3.387
77995,1.08511,10.1857
77998,1.07547,18.0967
77999,1.04943,28.9209
78000,1.05013,27.4386
78002,1.03705,1.07943
78003,1.07751,20.5133
78004,1.04481,2.75796
78005,1.07746,25.0949
78006,1.03506,0.964664
78007,1.04648,14.1508
78008,1.02159,8.01098
78009,1.08448,21.2736
78010,1.07643,0.401389
78011,1.05189,20.5994
78012,1.06069,16.0821
78014,1.00971,7.96341
78015,1.0616,15.4036
78016,1.01237,12.5163
78021,1.09094,14.2107
78022,1.09093,14.2135
78023,1.09143,12.6743
78024,1.0891,11.9336
78025,1.08976,11.2977
78026,1.06364,15.5051
78027,1.06391,9.84
78028,1.07878,12.4692
78029,1.08038,12.2054
78030,1.06313,19.3706
78031,1.06326,19.1341
78032,1.08381,10.6493
78033,1.08583,10.1678
78034,1.0883,9.84207
78035,1.05192,21.69
78036,1.05515,19.9972
78037,1.05663,19.1059
78038,1.05916,21.8556
78039,1.08607,8.77291
78040,1.07161,29.4396
78041,1.07432,28.4115
78042,1.07563,28.0225
78043,1.03796,35.2538
78044,1.04511,33.7418
78045,1.04529,33.5894
78046,1.04185,26.9851
78047,1.04756,25.0265
78048,1.05083,24.4847
78049,1.0738,28.2895
78050,1.07388,26.1676
78051,1.04571,29.6863
78052,1.05478,29.1652
78053,1.0569,28.8947
78054,1.09665,1.47295
78055,1.08906,7.17145
78056,1.09049,6.75522
78057,1.08426,15.0782
78058,1.08341,14.5532
78059,1.08222,14.0264
78060,1.0805,13.877
78062,1.09375,3.28589
78063,1.09513,2.51205
78064,1.07186,23.6667
78066,1.05692,18.615
78067,1.09229,6.42474
78068,1.09241,6.82642
78069,1.05681,15.4603
78070,1.08608,9.21087
78071,1.09365,7.3892
78072,1.09626,9.23602
78073,1.09695,8.85602
78075,1.08433,10.1478
78076,1.08329,10.3385
78077,1.05239,22.3405
78078,1.07051,7.74274
78079,1.09283,0.464481
78080,1.05385,14.2198
78081,1.07662,26.3562
78082,1.05788,21.6543
78083,1.0599,22.2919
78084,1.07287,10.4231
78085,1.08109,20.8842
78086,1.07964,1.55036
78087,1.07987,1.22363
78088,1.0809,19.8631
78089,1.06618,17.6994
78090,1.05099,31.5636
78091,1.08263,11.9409
78092,1.06643,7.15795
78093,1.06647,6.79794
78094,1.07411,29.2462
78095,1.07468,28.4049
78096,1.07673,0.0319484
78097,1.08012,3.53081
78099,1.06704,11.1859
78100,1.05102,13.5971
78101,1.06078,21.8861
78102,1.08328,3.07927
78103,1.09426,2.77566
78105,1.05517,23.4407
78106,1.05106,23.5263
78107,1.05136,23.2114
78108,1.07222,1.66796
78110,1.05823,23.0743
78111,1.06265,21.0732
78112,1.06364,20.0909
78113,1.07224,15.5732
78114,1.09368,0.410003
78115,1.09392,0.0832883
78116,1.07015,8.23272
78118,1.04394,13.8696
78119,1.04436,13.5539
78120,1.05352,28.5988
78121,1.05552,27.6549
78122,1.07406,0.859752
78125,1.08498,9.07364
78128,1.0453,26.1119
78129,1.04634,25.7341
78130,1.06488,21.3755
78131,1.04336,30.3635
78132,1.09604,2.45678
78133,1.07255,24.7305
78134,1.05271,25.3147
78135,1.07078,34.6169
78136,1.06976,31.9274
78137,1.07033,31.5678
78138,1.05341,26.9124
78139,1.07329,25.099
78140,1.07224,24.6263
78141,1.07379,24.2872
78142,1.08222,21.0298
78143,1.04878,18.3352
78144,1.05313,17.5379
78145,1.05395,17.1721
78148,1.08145,22.8249
78149,1.01734,13.9872
78150,1.02323,13.9128
78151,1.07506,24.1053
78152,1.07184,23.9878
78153,1.06693,23.8173
78154,1.066,23.7254
78155,1.06293,25.1756
78156,1.06849,24.404
78157,1.06865,24.0735
78160,1.05886,23.1224
78161,1.04136,20.9511
78162,1.01205,7.97503
78164,1.06475,21.8991
78165,1.06559,22.6417
78166,1.06257,22.8181
78168,1.06384,24.0518
78169,1.06574,22.8587
78170,1.02392,11.0492
78171,0.913843,18.8644
78172,0.914207,18.4601
78173,1.00882,37.5048
78174,1.00965,35.7367
78175,1.00934,35.396
78176,1.05841,8.53837
78178,1.04828,12.6312
78180,1.05248,23.0813
78181,0.9,21.2232
78182,0.90712,20.9013
78183,1.07703,28.7358
78184,1.02767,14.047
78185,0.995967,20.8088
78188,1.01395,13.7678
78189,1.089,26.8061
78190,1.07436,28.6996
78191,1.06057,22.7303
78194,1.08375,16.2474
78196,1.09743,15.0515
78197,1.07906,11.8445
78198,1.07926,11.3029
78199,1.08294,7.03259
78200,1.08299,6.91432
78201,1.09127,8.97995
78202,1.09496,7.60795
78203,1.09825,7.48705
78204,1.0789,27.7656
78205,1.07513,12.2448
78206,1.07801,11.9761
78207,1.04692,2.42646
78208,1.06673,3.17221
78209,1.06365,2.03182
78210,1.06377,1.68672
78211,1.07348,1.85063
78212,1.09756,-2.53053
78213,1.06227,-1.90428
78214,1.07853,27.4868
78215,1.07616,0.555052
78217,1.08432,9.33196
78218,1.07995,8.59249
78219,1.08113,8.30651
78220,1.06843,3.46069
78221,1.08461,7.47961
78222,1.07281,3.53908
78223,1.0726,4.39506
78224,1.0997,10.2427
78225,1.07073,0.388307
78228,1.08948,4.33463
78229,1.0394,-1.15706
78230,1.09876,10.9501
78231,1.09905,10.6948
78232,1.05857,2.3046
78233,1.04439,-0.761381
78235,1.05382,0.42167
78236,1.08108,25.8234
78237,1.08139,24.462
78238,1.08163,24.016
78239,1.06754,16.9674
78240,1.03809,-0.831021
78241,1.03936,-1.15222
78242,1.06234,18.2477
78243,1.05452,3.78355
78244,1.06217,2.31012
78245,1.06386,1.87973
78246,1.06449,17.5805
78247,1.06139,18.1607
78248,1.0971,13.7512
78250,0.982156,1.95179
78251,1.06522,6.19842
78253,1.08489,6.38482
78255,1.07565,-1.07966
78256,1.07107,20.042
78257,1.07369,18.9814
78258,1.07027,19.5563
78260,1.06876,19.9361
78263,1.07309,7.02034
78264,1.07343,6.97519
78265,1.0736,7.47233
78266,1.07407,6.94837
78267,1.07222,11.3134
78268,1.07118,15.6231
78269,1.07182,15.3703
78270,1.0616,8.60416
78271,1.06207,10.5377
78274,1.07909,23.0279
78275,1.078,21.9499
78277,1.06961,13.178
78278,1.0699,13.2196
78279,1.07061,13.4878
78280,1.07078,13.6581
78281,1.06964,13.2035
78283,1.07315,10.104
78284,1.07322,9.77647
78285,1.071,14.1517
78286,1.07152,14.0856
78287,1.06984,15.3219
78288,1.07442,25.2559
78289,1.07409,28.4998
78290,1.07434,26.6901
78291,1.05639,18.0104
78292,1.05668,18.8904
78293,1.05611,18.5004
78294,1.05703,24.7711
78295,1.0752,20.8037
78296,1.08139,19.4764
78297,1.07968,19.6687
78298,1.08092,23.8894
78299,1.08922,24.3798
78300,1.06994,26.5564
78301,1.07373,25.6508
78302,1.07611,24.4017
78303,1.05689,29.5767
78304,1.06326,17.6549
78305,1.06291,19.277
78306,1.06148,18.4316
78307,1.06241,18.7173
78308,1.09938,0.455333
78309,1.09932,0.574531
78310,1.09919,0.529677
78311,1.0992,0.502025
78312,1.09909,0.492887
78313,1.09863,0.66484
78314,1.09818,0.383891
78315,1.09836,0.559352
78316,1.09857,0.466328
78317,1.09784,0.544171
78318,1.09794,0.544346
78319,1.09793,0.664687
78320,1.0979,0.658658
78321,1.09804,0.714394
78322,1.09793,0.701409
78323,1.09784,0.694048
78324,1.0978,0.771105
78325,1.09771,0.937235
78326,1.09757,0.954764
78328,1.09792,1.09592
78330,1.0976,1.49113
78331,1.09673,1.2277
78333,1.09902,0.917361
78334,1.09901,0.850111
78335,1.09819,0.898351
78336,1.09832,0.76428
78337,1.0972,1.07426
78338,1.09756,1.0715
78339,1.09688,1.13927
78340,1.09661,1.37079
78341,1.09717,1.12316
78342,1.09825,0.735529
78343,1.09749,1.06455
78344,1.0985,0.869548
78345,1.09849,0.887564
78347,1.09743,1.05843
78351,1.09761,0.880896
78352,1.09686,1.31825
78353,1.09699,1.3275
78354,1.09718,1.30551
78355,1.09744,1.0598
78356,1.09766,0.952706
78357,1.09679,1.30421
78358,1.09678,1.24341
78359,1.09617,1.44788
78360,1.09612,1.41003
78361,1.09613,1.477
78362,1.09677,1.48105
78363,1.09675,1.43356
78364,1.09663,1.45602
78365,1.09682,1.51994
78366,1.09657,1.48507
78368,1.09545,1.90091
78370,1.09493,1.87559
78371,1.0952,1.95971
78372,1.09708,1.17799
78373,1.09513,2.03836
78374,1.09493,2.06131
78375,1.09536,2.35789
78376,1.0967,1.54979
78377,1.09733,1.06424
78378,1.09714,1.2024
78379,1.09696,1.34223
78380,1.09645,1.23368
78381,1.09641,1.19886
78382,1.09383,0.13243
78383,1.09421,0.211831
78384,1.09379,0.121108
78385,1.09415,0.151078
78387,1.09354,0.353677
78388,1.09375,-0.0844473
78389,1.09422,0.077094
78392,1.09511,0.11705
78394,1.0936,-0.105892
78395,1.09227,-0.344887
78396,1.09513,2.40822
78397,1.09502,2.60268
78398,1.09506,2.41192
78399,1.09497,2.45882
78400,1.09217,4.2709
78401,1.09427,3.01516
78402,1.09515,2.41863
78403,1.09546,2.31039
78404,1.09506,2.34619
78405,1.09531,2.1924
78406,1.09527,2.16279
78407,1.09558,2.32055
78408,1.09567,1.4574
78409,1.09569,1.03151
78410,1.09654,1.46097
78411,1.0954,0.967397
78412,1.09514,1.63547
78413,1.09507,1.42632
78414,1.09585,2.15107
78415,1.09564,2.17683
78416,1.09578,2.10067
78417,1.09526,1.6228
78418,1.09559,1.82647
78419,1.09581,2.03015
78420,1.09446,2.83865
78421,1.09503,3.77293
78422,1.09628,3.61876
78423,1.09508,3.848
78424,1.09522,2.20747
78427,1.09538,1.93546
78428,1.09459,2.24908
78429,1.09524,1.90489
78430,1.0963,1.43535
78431,1.09501,1.36475
78432,1.0957,1.2655
78433,1.09513,0.852186
78435,1.09486,0.984545
78436,1.09533,1.81402
78437,1.0953,1.23902
78438,1.09431,0.505426
78439,1.09537,1.0255
78440,1.09494,0.893896
78441,1.09508,0.627088
78443,1.09373,0.808519
78444,1.09473,2.23373
78445,1.09413,1.56793
78446,1.09405,0.773846
78447,1.09579,0.680195
78448,1.0946,3.85129
78449,1.09568,2.25721
78450,1.0963,1.26105
78451,1.09716,1.21951
78452,1.09625,1.26584
78453,1.09872,1.5136
78454,1.09948,1.40485
78455,1.0992,1.00806
78456,1.09907,1.02836
78457,1.09883,0.488745
78458,1.09689,1.51977
78459,1.09698,1.52395
78460,1.09696,2.49078
78461,1.09742,1.7569
78462,1.09698,0.623711
78463,1.09584,1.09586
78464,1.08843,0.667218
78465,1.09277,0.745813
78466,1.0924,0.670137
78467,1.0886,1.02438
78468,1.08369,0.959305
78472,1.0824,0.682435
78474,1.07965,0.394093
78475,1.08076,0.251246
78476,1.08467,0.58969
78477,1.0842,0.699892
78478,1.08379,1.02709
78479,1.08383,0.54356
78480,1.0846,0.64178
78482,1.08863,1.62571
78483,1.08921,1.31444
78484,1.09367,0.923093
78485,1.09357,0.975053
78486,1.0889,0.918661
78487,1.08466,0.699624
78488,1.08884,0.906934
78490,1.08982,0.721925
78491,1.08891,0.808945
78492,1.08911,0.788662
78493,1.08937,0.787437
78494,1.09654,1.02208
78495,1.09634,1.25897
78496,1.09616,1.27322
78497,1.0978,1.34558
78498,1.09765,1.43931
78500,1.09687,1.32541
78501,1.09758,1.41182
78502,1.09876,1.11057
78505,1.09645,1.24776
78506,1.09658,1.27561
78507,1.09639,1.27229
78508,1.09697,1.33827
78509,1.09693,1.29978
78510,1.0968,1.31035
78512,1.09993,0.566818
78513,1.1,0.465566
78514,1.09925,0.905406
78515,1.09734,1.41935
78517,1.09903,0.96244
78518,1.0988,0.716085
78519,1.09723,2.00287
78520,1.09757,1.60139
78521,1.09891,0.979236
78522,1.09882,0.619948
78523,1.09997,0.525202
78524,1.09937,0.414261
78525,1.09972,0.477384
78527,1.09653,1.36584
78528,1.09671,1.1856
78530,1.09643,1.63579
78531,1.09616,1.72857
78532,1.09562,1.36613
78533,1.09476,1.77321
78534,1.09616,1.73783
78535,1.09541,1.89154
78536,1.09568,1.88823
78537,1.09341,4.31057
78538,1.09417,3.28426
78539,1.09423,2.7831
78540,1.09459,1.80263
78541,1.09589,1.70452
78543,1.09581,1.68908
78545,1.09572,1.78833
78547,1.09532,1.96701
78548,1.0953,1.98095
78549,1.09549,2.10195
78550,1.09498,2.45346
78551,1.09491,2.48292
78552,1.09482,2.7211
78553,1.09522,2.4339
78554,1.09492,2.37574
78555,1.09504,2.34517
78556,1.09552,2.06894
78557,1.09561,2.07717
78558,1.09548,2.38434
78559,1.09525,2.24073
78560,1.09561,2.68528
78562,1.0957,1.86208
78563,1.09633,1.69004
78564,1.09663,1.68519
78566,1.09712,1.88851
78567,1.0969,1.84498
78568,1.0965,1.72652
78569,1.09615,1.77075
78570,1.09586,1.78208
78571,1.09518,2.6824
78572,1.0966,2.05456
78573,1.09686,1.78356
78574,1.09664,3.11506
78575,1.09693,2.91
78576,1.09711,3.00487
78577,1.09731,3.27171
78578,1.09612,3.81365
78579,1.09593,3.60398
78580,1.09237,4.92647
78581,1.09477,4.19329
78582,1.09585,3.73618
78583,1.09526,3.99368
78584,1.09593,3.83048
78585,1.09516,3.67459
78586,1.09596,2.90613
78587,1.0944,3.1746
78588,1.09515,2.84632
78589,1.09231,4.13662
78590,1.09443,3.30732
78591,1.09191,4.57898
78592,1.09324,3.5071
78593,1.09461,2.76251
78594,1.09545,2.44406
78595,1.09554,1.88653
78596,1.0963,2.57628
78597,1.09659,2.39234
78598,1.0936,0.477104
78599,1.09494,0.0278674
78600,1.09483,1.18297
78601,1.09544,1.72643
78602,1.09544,1.66368
78603,1.09526,2.38939
78604,1.09456,1.59362
78605,1.09358,0.84237
78606,1.09551,1.38164
78607,1.09387,0.776622
78609,1.09534,2.41005
78610,1.09693,3.95583
78611,1.09649,3.18931
78612,1.09644,2.92676
78613,1.09652,3.22824
78614,1.09709,5.59091
78615,1.09635,5.32652
78616,1.09517,6.48013
78617,1.09579,3.50103
78618,1.09458,3.698
78619,1.09343,4.15627
78620,1.09461,3.97772
78621,1.09571,4.62939
78622,1.09548,4.03614
78624,1.0922,5.07015
78625,1.09421,4.92955
78626,1.09318,3.46453
78627,1.09342,3.42605
78628,1.09269,1.07587
78629,1.09308,2.5732
78630,1.09327,2.87714
78631,1.09312,2.49591
78632,1.09279,2.05293
78633,1.09077,1.4426
78634,1.08939,1.50437
78635,1.08892,1.46802
78636,1.09047,1.31409
78637,1.09105,-0.498725
78638,1.09011,-0.33327
78639,1.09076,-0.432217
78640,1.0913,-0.527318
78641,1.08883,-0.0337189
78642,1.08963,0.186589
78643,1.08936,0.220707
78644,1.08818,-0.189806
78645,1.0872,-0.191587
78646,1.08816,-0.466743
78647,1.08743,-0.363581
78648,1.08695,-0.353818
78649,1.08647,-0.0726329
78650,1.08615,0.36934
78653,1.0832,0.134382
78654,1.08197,0.114405
78655,1.08037,0.0800467
78656,1.07996,0.0702812
78657,1.07998,0.301708
78658,1.07993,0.0763928
78659,1.0886,2.26356
78660,1.07682,1.41867
78661,1.07892,0.768362
78662,1.09517,2.41356
78663,1.09781,0.704608
78664,1.09762,1.04708
78665,1.09694,1.25179
78666,1.09547,1.50108
78667,1.09794,0.465624
78668,1.09764,0.97188
78669,1.09725,1.39592
78670,1.09803,0.768936
78671,1.09774,0.686389
78672,1.0973,1.46442
78673,1.09724,1.55212
78674,1.09717,1.58043
78675,1.09429,0.21796
78676,1.09504,1.62019
78677,1.0951,2.38005
78678,1.09469,0.714642
78679,1.09711,1.20889
78680,1.09699,1.18076
78684,1.09662,1.44895
78685,1.09305,0.763111
78686,1.09762,0.905258
78687,1.09515,0.919531
78688,1.09645,1.21727
78689,1.09657,1.46204
78690,1.09578,2.08788
78691,1.0957,2.2805
78692,1.09597,2.10503
78693,1.09583,2.16366
78694,1.09616,2.3012
78695,1.09696,1.69139
78696,1.09607,1.96212
78697,1.09631,1.78123
78698,1.09765,0.709853
78700,1.09753,1.08616
78701,1.09805,0.856474
78702,1.09425,2.07198
78703,1.09541,1.36494
78704,1.0952,1.9025
78705,1.09658,1.44919
78706,1.09497,1.91289
78707,1.09618,1.99055
78708,1.09669,1.61857
78710,1.09563,2.18151
78711,1.09535,1.01732
78712,1.09519,2.26352
78713,1.06441,19.3301
78715,1.05449,20.6277
78716,1.0791,4.92432
78717,1.07878,5.59859
78718,1.07914,5.17773
78719,1.07904,5.19343
78720,1.07811,6.23385
78721,1.07863,6.06018
78722,1.07576,7.54951
78723,1.0784,7.08144
78724,1.0789,6.14108
78725,1.07943,5.89201
78726,1.07926,5.696
78727,1.07825,6.18263
78729,1.06396,16.624
78730,1.0629,18.903
78731,1.06788,18.472
78732,1.06816,18.225
78733,1.09493,3.31619
78734,1.09534,2.7118
78735,1.09392,2.05382
78736,1.09463,1.76762
78737,1.095,1.73937
78738,1.09445,1.52485
78739,1.0963,1.7982
78740,1.09606,1.73841
78742,1.09278,0.628794
78743,1.09073,0.756503
78744,1.0917,0.900503
78745,1.09124,0.934978
78746,1.09163,0.998962
78747,1.09509,1.34326
78748,1.09543,1.47657
78749,1.09533,1.51592
78750,1.09513,1.35462
78751,1.09488,1.47863
78752,1.08876,0.818038
78753,1.09084,1.02839
78754,1.09192,1.11456
78755,1.09309,1.90042
78757,1.09405,1.90927
78758,1.08647,2.00774
78759,1.08913,1.82139
78760,1.09516,2.55721
78761,1.09522,2.89246
78762,1.09525,1.67341
78763,1.09548,1.76773
78764,1.09657,2.13731
78765,1.09599,2.33269
78766,1.09638,2.9409
78767,1.09582,2.21528
78768,1.0962,2.6853
78769,1.09641,2.57762
78770,1.09645,2.64009
78771,1.09653,2.69788
78772,1.09725,2.44945
78773,1.09725,2.41063
78774,1.09723,2.48857
78775,1.09726,2.41281
78776,1.09716,2.19433
78777,1.09739,2.78668
78778,1.09829,3.19464
78779,1.09888,3.65234
78780,1.09795,3.84661
78782,1.09643,4.01225
78783,1.09802,4.05666
78784,1.09864,4.11676
78785,1.09792,3.89213
78786,1.09778,3.97316
78787,1.09863,4.5269
78788,1.09759,4.72362
78789,1.09715,5.93796
78790,1.09735,5.3844
78791,1.09638,5.03006
78792,1.09718,4.90461
78793,1.09754,4.50275
78794,1.09664,4.16217
78795,1.09752,2.88647
78796,1.0971,2.96729
78797,1.09727,3.77364
78798,1.09732,4.40443
78799,1.09799,4.47976
78800,1.09797,4.26099
78801,1.09654,5.27798
78802,1.09913,5.32841
78803,1.09816,4.14184
78804,1.09731,3.74141
78805,1.09531,3.56645
78806,1.09629,3.37835
78807,1.09653,3.21676
78808,1.09244,1.83082
78809,1.09422,4.8815
78810,1.09454,3.66041
78811,1.09698,3.69304
78812,1.09635,3.31667
78813,1.09655,3.73433
78814,1.09629,3.86385
78815,1.09653,3.77928
78816,1.09694,3.73536
78817,1.09719,3.90675
78818,1.09414,1.86998
78819,1.0952,1.5044
78820,1.09501,3.16491
78821,1.09575,2.11239
78822,1.055,14.4558
78823,1.05638,15.3893
78824,1.05644,16.6399
78825,1.08105,16.5285
78826,1.07874,16.7553
78827,1.05341,22.5987
78828,1.05641,23.1797
78829,1.06997,20.6111
78830,1.06215,22.255
78831,1.05339,22.5451
78832,1.0568,22.693
78833,1.05578,21.5043
78834,1.07274,23.2991
78835,1.08234,7.60239
78836,1.07544,8.14174
78838,1.0851,21.9057
78839,1.08606,20.3977
78840,1.08595,20.6352
78841,1.08618,20.4554
78842,1.08422,20.7914
78843,1.06907,22.3281
78844,1.07072,25.135
78845,1.07031,26.5934
78846,1.07365,27.2065
78847,1.07411,24.3442
78848,1.076,26.7495
78849,1.07754,25.8885
78850,1.07311,26.4052
78851,1.08885,8.47401
78853,1.09044,7.92636
78856,1.09229,8.15655
78857,1.09288,8.21087
78858,1.09278,8.80149
78860,1.09072,19.7426
78861,1.07672,18.1574
78862,1.06832,18.0492
78863,1.06806,14.3139
78864,1.08113,6.06092
78865,1.07975,5.48943
78866,1.07926,5.77011
78867,1.0808,6.70518
78868,1.07785,7.02341
78869,1.07429,6.69554
78870,1.06901,23.9317
78871,1.06969,23.2861
78876,1.04846,24.1339
78877,1.08716,20.5885
78878,1.08732,20.2977
78879,1.08901,20.2282
78880,1.08849,20.2032
78881,1.09123,19.9035
78882,1.09028,20.1785
78884,1.06596,28.8914
78885,1.06842,28.4064
78886,1.05679,9.05012
78887,1.07156,8.89424
78888,1.05877,10.1161
78891,1.06559,15.8259
78892,1.06554,15.697
78893,1.0742,0.47566
78894,1.07413,0.405862
78895,1.08138,0.573407
78896,1.08369,1.17788
78897,1.08311,2.89119
78898,1.07932,0.313343
78899,1.07983,0.304397
78900,1.07972,0.321783
78901,1.07942,0.207058
78902,1.08821,1.2168
78903,1.08542,1.12335
78904,1.0886,1.29388
78905,1.08919,1.34501
78906,1.08605,2.29444
78907,1.08284,4.41453
78908,1.08932,1.44521
78909,1.08946,1.4493
78910,1.09043,1.56102
78911,1.09185,1.65699
78913,1.09378,3.04581
78914,1.09404,2.9727
78915,1.09406,2.92513
78916,1.09363,3.16072
78917,1.09331,3.24414
78918,1.09427,3.19752
78920,1.08923,5.89848
78921,1.09255,3.93209
78922,1.09347,3.61384
78924,1.08704,2.81237
78925,1.07996,0.301529
78926,1.0922,4.39138
78927,1.09345,3.55035
78928,1.08993,1.68252
78929,1.08059,1.33755
78930,1.08488,5.44938
78931,1.08548,5.01077
78932,1.08395,3.85386
78933,1.08376,3.54819
78934,1.08318,2.93403
78936,1.08372,3.89217
78937,1.0847,4.1718
78938,1.08484,4.31687
78939,1.08466,4.42176
78940,1.08371,3.88206
78941,1.08369,4.23126
78942,1.08427,5.56934
78943,1.09474,4.64337
78944,1.08797,6.33181
78945,1.08045,18.9374
78946,1.08147,18.8677
78947,1.08049,19.3369
78948,1.08089,19.2828
78949,1.08052,19.706
78950,1.07998,20.3547
78951,1.07841,22.3098
78952,1.07385,20.394
78953,1.09428,7.28066
78954,1.09341,6.81848
78955,1.09319,6.66126
78956,1.09618,7.09128
78957,1.09622,6.60282
78958,1.09325,6.58296
78959,1.09344,2.19084
78960,1.0974,2.7902
78961,1.09522,3.63343
78962,1.09695,2.89543
78963,1.0924,5.87461
78964,1.09449,5.46647
78965,1.09399,5.30984
78966,1.09478,3.96405
78967,1.09585,4.10818
78968,1.09474,3.79881
78969,1.09562,3.93804
78970,1.09386,5.94332
78971,1.09192,5.93662
78972,1.0936,5.62384
78973,1.09256,6.02781
78974,1.09375,5.45613
78975,1.09405,5.32846
78976,1.09395,5.22779
78977,1.09501,5.13292
78978,1.09547,4.65933
78979,1.09427,4.59326
78980,1.09739,3.29819
78981,1.09616,2.79649
78982,1.0959,2.99986
78983,1.09525,3.7518
78984,1.09543,3.4097
78985,1.09625,2.62217
78986,1.09172,1.39975
78987,1.0919,0.972542
78988,1.09705,1.72563
78989,1.09916,1.36466
78990,1.09905,1.63894
78991,1.09459,4.94495
78992,1.09708,2.54561
78993,1.08838,6.06869
78994,1.07261,6.41797
78995,1.07279,6.64472
78996,1.06968,8.13519
78997,1.07173,8.02701
78998,1.08403,7.80858
78999,1.08573,8.712
79000,1.08283,6.63522
79001,1.08309,6.43785
79002,1.07451,8.38028
79003,1.08225,6.52413
79004,1.08142,12.2649
79005,1.07694,9.46611
79006,1.07142,17.1099
79007,1.06588,6.75834
79008,1.06722,8.7152
79009,1.0708,8.01517
79010,1.08611,13.9788
79011,1.08333,12.5823
79012,1.07969,11.1181
79013,1.07337,12.755
79014,1.07333,12.4837
79015,1.07298,14.2296
79016,1.07254,13.2689
79017,1.07478,12.4506
79018,1.08108,10.2566
79019,1.07529,10.5132
79020,1.06623,19.3982
79021,1.0771,23.021
79022,1.07338,21.3888
79023,1.0746,22.2032
79024,1.07599,22.8778
79025,1.07897,20.1328
79026,1.07512,20.0748
79027,1.07537,19.9969
79028,1.07581,20.4086
79029,1.07592,20.0158
79030,1.07329,23.6795
79031,1.07659,3.39716
79032,1.07651,3.65921
79033,1.0753,3.52376
79034,1.08661,1.71586
79035,1.09178,1.23102
79036,1.09192,1.16923
79037,1.08921,1.17914
79038,1.07994,2.36741
79039,1.07697,4.82988
79040,1.081,2.36713
79041,1.08117,2.31619
79042,1.08029,2.86855
79043,1.08243,1.80191
79044,1.08205,1.7153
79045,1.08098,1.53883
79046,1.08525,1.13305
79047,1.07722,4.67397
79048,1.07937,3.72551
79049,1.07951,3.46446
79052,1.05868,15.693
79054,1.05884,15.7432
79055,1.06403,15.962
79058,1.06293,15.7412
79059,1.06284,15.7612
79061,1.06377,16.0776
79062,1.06015,16.4032
79063,1.06238,13.4294
79065,1.05882,17.3718
79066,1.06815,21.444
79067,1.06815,21.4075
79070,1.06568,21.0245
79071,1.06826,21.2767
79072,1.06809,21.309
79073,1.0686,21.5815
79074,1.0684,21.4768
79075,1.07014,21.2687
79076,1.06942,21.1848
79077,1.0697,21.1916
79078,1.06668,22.1869
79079,1.06602,21.6257
79080,1.06668,21.1614
79081,1.07114,22.0972
79082,1.07378,23.09
79083,1.07259,22.1505
79084,1.06728,20.7356
79085,1.06982,21.9437
79086,1.06717,21.6636
79087,1.06809,21.4931
79088,1.07996,26.689
79090,1.06761,29.0048
79091,1.07659,28.2541
79092,1.07685,28.1297
79093,1.07474,28.6182
79094,1.05167,29.1453
79095,1.05213,28.7853
79096,1.04913,29.4407
79097,1.04589,29.7958
79098,1.04969,30.1945
79099,1.0507,30.7642
79100,1.05052,30.7506
79101,1.05204,31.1316
79102,1.05139,31.2847
79103,1.05747,30.7443
79104,1.05501,30.7555
79105,1.04567,30.1683
79106,1.05482,31.0612
79107,1.05423,31.1459
79108,1.05172,31.0175
79109,1.06135,29.6424
79110,1.06034,30.0245
79111,1.06464,29.8866
79112,1.04742,29.8723
79113,1.04694,29.7754
79115,1.04278,30.9803
79116,1.04475,30.3521
79117,1.04466,30.2337
79118,1.06877,28.3992
79119,1.05179,29.0085
79120,1.09104,19.8973
79121,1.1,19.9065
79122,1.08325,19.5274
79124,1.08394,21.7412
79125,1.0829,22.1035
79126,1.08335,21.911
79127,1.06953,12.8509
79128,1.06452,14.2843
79129,1.07299,12.5626
79130,1.07426,26.229
79131,1.07252,27.9248
79132,1.07706,26.0296
79133,1.07911,25.6331
79134,1.06492,17.1402
79136,1.07673,25.7169
79137,1.07728,25.2546
79138,1.07588,18.6016
79139,1.06003,30.4057
79140,1.0598,31.5152
79141,1.0564,32.0548
79142,1.08007,27.2084
79143,1.0776,25.2096
79144,1.07192,23.7151
79145,1.07548,25.0575
79146,1.07327,24.7051
79147,1.07283,24.6703
79148,1.07049,25.2977
79149,1.0613,20.3996
79150,1.06318,20.4278
79151,1.06443,8.2112
79152,1.0698,8.80601
79154,1.07091,9.67808
79155,1.07184,9.12392
79156,1.07217,8.84072
79157,1.06905,14.6402
79158,1.06093,19.0207
79159,1.06097,18.9997
79160,1.05941,19.6379
79161,1.05976,19.2316
79162,1.06085,18.7978
79163,1.06099,18.8683
79164,1.06015,19.1533
79165,1.06035,18.4412
79166,1.06052,18.3154
79167,1.05979,18.3981
79168,1.06098,18.6984
79169,1.06094,18.7407
79170,1.06034,18.4591
79171,1.0604,18.434
79172,1.06093,18.7176
79173,1.06106,18.513
79174,1.0606,18.7324
79175,1.06038,18.3492
79176,1.0611,18.4813
79177,1.0609,18.8007
79178,1.06092,18.9046
79179,1.06089,18.3016
79180,1.05897,17.4371
79181,1.06001,17.5182
79182,1.0604,16.0417
79183,1.06253,15.9743
79185,1.05959,20.9648
79186,1.06121,20.4306
79187,1.06068,19.603
79188,1.06129,19.0626
79189,1.06857,25.5071
79190,1.06817,15.9833
79191,1.06616,18.4453
79192,1.06125,21.9863
79194,1.06082,22.7035
79195,1.06579,24.2373
79197,1.07075,11.7192
79199,1.04792,32.4812
79200,1.07394,27.176
79201,1.0743,27.1366
79202,1.06955,19.9385
79203,1.06079,15.8504
79204,1.06064,14.9201
79205,1.06054,15.3696
79206,1.05991,15.4667
79207,1.06001,15.4444
79208,1.06046,15.4128
79209,1.06311,15.8341
79210,1.06123,15.16
79211,1.057,16.3962
79212,1.05881,15.745
79213,1.05851,29.7704
79214,1.05345,30.1975
79215,1.0519,30.4198
79216,1.05372,30.4185
79217,1.05551,30.4306
79218,1.05553,30.4331
79221,1.06267,29.745
79222,1.04598,30.4713
79223,1.05963,29.8348
79224,1.05559,30.5182
79225,1.0555,30.9297
79226,1.05579,30.6607
79229,1.04816,31.0134
79230,1.04248,31.2633
79231,1.03072,34.068
79232,1.03225,33.2733
79233,1.03666,32.4009
79235,1.04379,33.4462
79236,1.04863,31.3468
79237,1.04172,31.4554
79238,1.03661,32.553
79239,1.03541,32.8258
79240,1.04113,31.5009
79241,1.05603,29.5278
79242,1.05546,29.7077
79243,1.07244,15.032
79244,1.07696,27.0885
79245,1.07509,27.4292
79246,1.07724,27.1612
79247,1.07758,27.4737
79249,1.07716,26.7551
79250,1.0777,27.587
79251,1.07788,27.5669
79252,1.07392,28.3052
79253,1.07467,28.0985
79254,1.07831,27.8678
79255,1.07448,28.263
79257,1.07709,27.5867
79258,1.07661,27.4621
79259,1.07501,27.1353
79260,1.07433,26.4951
79261,1.07719,26.9367
79262,1.07771,27.5421
79264,1.07522,24.8221
79265,1.07771,20.718
79267,1.07035,22.0123
79268,1.05901,22.8093
79269,1.05783,22.0309
79270,1.05861,13.4711
79271,1.05304,9.32436
79273,1.06667,5.7657
79274,1.06741,5.53522
79275,1.06792,5.75451
79276,1.06765,5.54418
79277,1.06116,18.3227
79278,1.06139,18.9618
79279,1.0624,20.0305
79280,1.06161,21.8641
79281,1.05917,21.5746
79282,1.05934,21.1709
79283,1.06165,17.6921
79284,1.06205,18.3622
79285,1.06188,18.0301
79286,1.06072,17.346
79287,1.0606,19.8064
79288,1.05872,20.7671
79291,1.06165,17.7287
79292,1.06157,17.8815
79294,1.04431,13.3969
79297,1.07398,7.28263
79298,1.05588,12.5129
79299,1.04597,13.2398
79300,1.05301,13.0956
79301,1.04962,13.3787
79302,1.04901,13.5683
79305,1.07258,18.1152
79307,1.07519,18.5364
79308,1.06403,27.4135
79309,1.09244,17.1075
79312,1.06221,12.8353
79313,1.06096,12.2981
79314,1.0612,14.5915
79315,1.06334,11.612
79316,1.06556,8.41531
79317,1.06474,8.56821
79318,1.06489,8.45551
79319,1.06531,8.01209
79320,1.09697,7.39937
79321,1.09657,7.06079
79324,1.1,6.75719
79325,1.09974,6.59162
79326,1.0967,4.78945
79327,1.09953,6.11509
79328,1.09713,5.63015
79330,1.09636,7.70154
79331,1.09613,4.86642
79332,1.09433,5.25285
79333,1.09414,4.85713
79335,1.09363,4.96967
79336,1.0918,6.53533
79337,1.09287,7.40954
79338,1.09214,7.55108
79339,1.09238,7.37769
79341,1.09173,6.94686
79342,1.08992,7.76098
79343,1.09158,7.94283
79344,1.0916,6.78692
79347,1.09378,6.95534
79348,1.09292,7.24817
79349,1.0929,7.32289
79350,1.09268,7.28366
79351,1.08895,7.62809
79352,1.09581,5.20304
79354,1.09484,4.8034
79355,1.09471,5.06426
79357,1.0879,6.50916
79358,1.08734,6.8386
79359,1.08762,6.61411
79362,1.08847,7.66293
79366,1.08898,7.61539
79368,1.08731,8.4077
79369,1.08662,8.61681
79372,1.0882,7.77245
79373,1.08679,8.54627
79374,1.08722,8.23552
79375,1.08434,8.81569
79376,1.08699,7.89823
79378,1.08201,9.56026
79379,1.08492,8.6696
79384,1.08707,7.45859
79385,1.08477,9.84268
79386,1.08627,8.71307
79390,1.08596,8.81718
79392,1.08215,10.4036
79393,1.08752,9.60117
79397,1.09023,6.82244
79398,1.09177,7.13666
79399,1.08982,3.25252
79400,1.08523,3.31324
79401,1.08821,3.79188
79402,1.08967,3.8224
79403,1.07024,0.599231
79404,1.07573,0.789593
79405,1.07342,1.05457
79409,1.08729,7.73894
79410,1.09338,6.94629
79411,1.08864,7.60173
79417,1.07163,25.2781
79418,1.07636,23.8909
79420,1.04962,25.4516
79421,1.04794,24.7173
79422,1.07072,6.87883
79423,1.07064,6.98023
79425,1.07103,7.94009
79426,1.07064,7.10949
79428,1.07119,8.29439
79429,1.07118,8.37719
79430,1.07101,8.31792
79431,1.06829,11.5041
79432,1.07083,9.24831
79433,1.07113,8.63838
79434,1.0706,8.99693
79436,1.0703,7.51191
79438,1.07105,7.8498
79441,1.07105,8.15408
79442,1.06659,12.7142
79443,1.07093,6.38729
79445,1.07113,6.12506
79446,1.06631,6.74194
79447,1.06637,6.34011
79449,1.06822,6.71949
79453,1.06807,14.0546
79454,1.07085,13.3928
79455,1.06362,15.9001
79456,1.0653,15.9063
79459,1.02205,10.6791
79463,1.05026,13.8325
79466,1.05721,6.18651
79467,1.05747,6.16771
79468,1.06155,5.08676
79469,1.05778,6.21686
79470,1.07044,6.67035
79471,1.05754,6.52069
79473,1.07852,7.08575
79475,1.07338,6.72445
79476,1.06296,4.85733
79477,1.05545,6.75014
79478,1.06075,5.20496
79479,1.05585,5.28313
79480,1.04114,0.638124
79481,1.02191,1.64464
79482,1.05724,6.80663
79483,1.06274,10.3941
79484,1.06125,10.4044
79485,1.06168,10.2544
79487,1.01269,11.261
79488,1.01594,11.4388
79489,1.01752,7.92881
79490,0.990514,6.93422
79496,1.0864,16.6251
79497,1.08456,18.3928
79498,1.09095,20.8076
79499,1.08837,19.2618
79502,1.03438,12.122
79503,1.04256,13.6073
79504,1.05569,12.7331
79505,1.05519,12.6917
79506,1.05198,2.00444
79509,1.02673,6.51579
79510,1.0274,6.66364
79511,1.03073,8.52795
79513,1.09536,13.9083
79514,1.06142,12.603
79515,1.06016,14.3523
79516,1.06057,13.8895
79517,1.06123,12.6099
79518,1.05509,19.3694
79519,1.05886,17.4179
79520,1.06253,17.6124
79521,1.0605,17.4669
79522,1.0755,14.3275
79523,1.03436,12.1996
79524,1.02165,11.1199
79525,1.01621,2.62341
79526,1.01091,2.57768
79528,1.04754,1.58389
79532,1.0876,13.8535
79533,1.06326,16.8761
79534,1.06081,18.1554
79536,1.01921,8.495
79537,1.02432,10.3674
79538,1.08301,9.34127
79540,1.0873,9.38744
79541,1.08799,9.26003
79542,1.08317,9.61797
79543,1.08332,9.89742
79544,1.08817,10.508
79545,1.01313,7.27498
79546,1.01738,8.02908
79548,1.06217,9.7503
79549,1.05118,14.0725
79550,1.05031,13.9862
79551,1.04929,13.9411
79552,1.0215,8.6712
79555,1.01625,2.41237
79557,1.05846,2.6183
79558,1.00169,3.59109
79561,1.08812,20.7489
79562,1.08664,20.414
79563,1.07999,18.1828
79564,1.06538,15.7526
79565,1.01187,4.48386
79566,1.0154,4.66609
79569,1.05572,17.2444
79570,1.02161,11.2051
79571,1.06728,10.181
79572,1.07737,10.7196
79573,1.07824,13.5432
79574,1.04338,4.37206
79575,1.08436,10.0622
79576,1.08188,11.2643
79577,1.06951,17.1986
79578,1.07186,18.1598
79579,1.07319,19.3006
79580,1.07282,20.447
79582,1.08556,13.7182
79584,1.03426,12.5905
79587,1.08913,16.228
79589,1.0697,15.594
79590,1.05695,16.8917
79591,1.06553,15.9014
79593,1.06121,16.0248
79594,1.06102,16.1627
79595,1.06221,15.7185
79596,1.0602,15.7553
79597,1.06085,15.6409
79598,1.06115,15.5992
79599,1.06111,15.4865
79600,1.05993,15.672
79601,1.06507,14.9643
79602,1.05296,14.6249
79603,1.05601,17.1648
79604,1.07107,16.4586
79606,1.07483,3.33607
79607,1.07189,13.4215
79611,1.0528,2.91594
79612,1.0546,3.38857
79617,1.05488,18.8949
79618,1.0851,4.09884
79619,1.03123,17.2799
79621,1.07552,16.5951
79622,1.05664,19.1044
79624,1.06061,19.7777
79625,1.07067,19.0225
79626,1.05135,22.074
79627,1.05285,20.7316
79629,1.05121,9.68518
79630,1.05294,8.88865
79632,1.04346,9.03652
79635,1.01104,8.43862
79636,1.01591,7.71377
79638,1.05605,15.5478
79640,1.06585,15.2468
79641,1.04651,16.8074
79642,1.07218,16.395
79644,1.06669,3.16069
79645,1.0645,2.61009
79647,1.06453,2.58016
79649,1.05317,2.23554
79650,1.0602,1.78456
79651,1.06456,2.59597
79652,1.06308,2.21433
79653,1.06312,1.69793
79654,1.06262,2.66891
79655,1.06359,1.65811
79656,1.06259,2.19506
79657,1.0643,1.79173
79658,1.06408,2.07945
79659,1.04798,2.66716
79660,1.05431,2.52064
79661,1.05425,2.64902
79663,1.04922,1.73859
79664,1.08142,5.71105
79665,1.05772,3.92571
79666,1.05691,3.61158
79670,1.06076,1.97416
79671,1.05436,1.34112
79672,1.05628,1.44457
79673,1.04925,1.57519
79674,1.04141,1.54647
79675,1.0472,2.38983
79676,1.0517,25.0247
79677,1.03061,16.7679
79678,1.05225,26.5759
79679,1.0504,27.2554
79680,1.05027,26.9585
79682,1.04986,27.1173
79683,1.05027,27.1278
79685,1.01782,11.507
79687,1.05963,17.5126
79688,1.06124,15.5469
79689,1.06027,15.6767
79690,1.06035,15.5447
79691,1.06187,15.5367
79692,1.06021,15.7161
79693,1.06215,15.6397
79697,1.05949,15.882
79698,1.05923,15.7357
79699,1.05939,15.6921
79700,1.0603,15.3181
79701,1.06033,15.2904
79702,1.05983,15.5605
79703,1.05322,8.62187
79704,1.06709,16.0401
79705,1.07325,14.6953
79706,1.05801,14.5979
79708,1.06811,16.3879
79710,1.06845,16.6849
79711,1.06839,16.394
79712,1.0348,1.32929
79713,1.03908,0.375112
79714,1.03648,1.32512
79715,1.03801,2.13627
79716,1.01,4.36383
79717,1.04362,4.76829
79718,1.05105,10.8953
79719,1.02862,4.20735
79720,1.01478,3.62979
79722,1.05578,4.47025
79723,1.05533,4.1747
79724,1.08947,12.5579
79725,1.07716,5.6037
79726,1.0134,2.30358
79727,1.0153,4.04336
79728,1.01133,5.78719
79729,1.0106,3.00537
79730,1.0863,19.4198
79732,1.06294,18.6164
79733,1.06339,18.419
79735,1.06446,18.6038
79736,1.06442,18.6417
79737,1.06406,18.8321
79738,1.06029,21.8784
79739,1.06338,19.1173
79740,1.07474,20.1313
79741,1.08391,21.0495
79743,1.03139,11.4196
79745,1.04547,24.5268
79746,1.02766,27.0469
79747,1.04504,22.7747
79749,1.08033,27.4588
79753,1.07265,28.3727
79754,1.07369,28.1257
79755,1.07318,28.1766
79756,1.07202,28.1892
79757,1.07174,26.8748
79758,1.06928,31.2075
79759,1.07134,28.6818
79760,1.07122,28.466
79762,1.07153,27.3391
79764,1.07064,25.3619
79765,1.07109,25.5128
79766,1.07246,26.3687
79768,1.00272,21.8682
79769,1.08091,27.8647
79770,1.07814,28.8012
79771,1.07889,28.2079
79772,1.0354,16.8961
79773,1.06059,16.6213
79774,1.05338,16.7195
79775,1.05382,16.8703
79776,1.0326,10.4826
79777,1.05442,15.7057
79778,1.04962,14.9147
79779,1.05399,15.6184
79780,1.035,8.90538
79781,1.03535,8.79071
79782,1.03649,9.84628
79784,1.03713,9.17104
79785,1.05527,8.59421
79786,1.0875,26.9854
79788,1.02126,26.915
79790,1.05151,17.252
79791,1.0726,24.3864
79792,1.07966,23.9514
79793,1.07708,24.1641
79794,1.00069,14.9715
79795,1.00049,14.9468
79797,1.02373,12.6317
79799,1.03063,22.627
79800,1.02992,22.2881
79801,1.06625,23.8751
79803,1.06599,23.7124
79804,1.06576,23.6465
79805,1.06678,23.3898
79806,1.06684,23.4184
79807,1.06844,23.9147
79808,1.06835,23.85
79809,1.0676,23.7944
79810,1.06719,24.4223
79811,1.06588,24.2624
79812,1.0677,26.3824
79814,1.06463,24.6182
79816,1.08176,22.6968
79817,1.07726,23.1675
79818,1.08294,22.5193
79820,1.07096,24.0232
79821,1.06995,23.8185
79822,1.06878,23.8108
79824,1.07215,24.369
79825,1.07209,23.9851
79826,1.07273,23.8157
79827,1.07081,24.2045
79828,1.08701,22.6674
79829,1.08577,21.877
79830,1.07549,20.5659
79831,1.05926,19.9832
79833,1.02579,11.2551
79834,1.03062,9.03262
79836,1.03161,10.2558
79837,1.03536,10.7387
79838,1.07228,23.3715
79839,1.06293,22.0201
79840,1.0626,21.4583
79842,1.09985,16.6453
79843,1.09937,16.2407
79845,1.09265,15.8568
79846,1.08423,23.5477
79847,1.08459,23.5836
79848,1.07986,23.6444
79850,1.07202,21.5095
79851,1.07153,26.9647
79852,1.06946,25.5518
79853,1.06591,23.8448
79855,1.06934,25.6327
79856,1.06865,25.4106
79857,1.07298,27.4589
79858,1.07403,27.4429
79859,1.07405,27.5725
79862,1.07496,27.0911
79863,1.07565,27.0453
79864,1.07436,27.088
79867,1.0712,25.6655
79868,1.07199,27.5141
79869,1.07435,27.9986
79870,1.07354,27.7623
79871,1.07264,27.957
79872,1.07326,27.1992
79873,1.06405,24.8482
79874,1.06661,25.2924
79875,1.07656,28.2028
79877,1.07333,28.7481
79878,1.07394,28.4193
79879,1.0854,27.7168
79882,1.07987,29.3226
79884,1.08331,28.6701
79885,1.07442,27.9499
79889,1.07617,28.3379
79894,1.07739,29.5206
79895,1.08014,28.3494
79897,1.07496,27.6701
79899,1.08229,28.6214
79900,1.08255,28.536
79901,1.07426,27.5524
79902,1.07476,27.6444
79903,1.07071,28.2749
79904,1.07078,28.3021
79905,1.0737,28.0905
79906,1.07372,28.1859
79907,1.07866,28.4891
79908,1.09144,27.0322
79909,1.08412,28.3735
79910,1.08428,26.2686
79911,1.06912,25.3644
79915,1.06835,24.208
79916,1.06828,24.1733
79918,1.06808,24.145
79919,1.06754,23.9978
79920,1.06875,24.3562
79921,1.06789,24.2629
79922,1.06944,24.4039
79923,1.06712,23.9733
79925,1.06484,23.5433
79926,1.06637,23.7172
79927,1.06476,23.4295
79928,1.06492,23.3808
79930,1.06487,23.8924
79932,1.07138,28.7971
79933,1.07423,27.9924
79935,1.06675,23.8748
79936,1.07942,25.1177
79937,1.07813,26.1982
79938,1.00416,33.0625
79939,1.00009,29.5447
79940,1.01208,31.7295
79941,1.01094,33.626
79942,1.01064,34.0969
79943,1.00198,30.4892
79945,1.02035,9.84554
79946,1.04464,15.0155
79947,1.04077,14.1419
79948,1.0951,16.8953
79952,1.0589,20.2421
79954,1.06339,21.318
79955,0.983778,11.4217
79958,0.999988,27.142
79961,1.02975,4.69059
79962,1.06284,16.7578
79963,1.07539,15.3309
79964,1.07296,15.2033
79965,1.038,19.7188
79966,1.0407,17.2796
79967,1.04162,16.6787
79969,1.03585,17.9126
79970,1.01094,7.74733
79971,1.00848,7.88219
79972,1.01188,8.36041
79973,1.01421,8.49492
79974,1.06972,24.152
79975,1.09103,27.7587
79976,1.08354,28.729
79977,1.03612,22.0633
79978,1.03199,23.6408
79979,1.03457,23.4748
79980,1.05421,22.9292
79981,1.06667,20.573
79982,1.067,23.0704
79985,1.06215,16.0482
79986,1.02819,12.1214
79990,1.06092,22.7237
79991,1.06464,22.7078
79994,1.06113,22.95
79996,1.05992,21.7443
79997,1.06491,22.3203
79999,1.06523,22.801
80000,1.06771,22.4405
80001,1.06447,21.676
80002,1.0611,22.8778
80005,1.02192,18.0789
80008,0.985316,12.6576
80009,0.984983,12.4287
80010,1.0872,10.4447
80011,1.07948,15.7872
80012,1.03353,18.5669
80013,1.03537,17.2941
80014,1.04539,18.3683
80015,0.991167,13.9725
80016,0.994881,15.6595
80017,1.06213,19.6442
80018,1.06083,19.2036
80019,1.06603,24.0582
80020,1.06533,23.489
80022,1.06511,23.3729
80023,1.06665,23.3689
80024,1.066,23.3728
80025,1.06553,23.34
80026,1.06532,23.3651
80027,1.06523,23.4606
80028,1.06517,23.3931
80029,1.06617,23.3925
80030,1.06594,23.3617
80031,1.06526,23.2793
80032,1.06533,23.2501
80034,1.06512,23.3101
80035,1.06625,23.395
80036,1.06633,23.4355
80037,1.06555,23.3203
80038,1.06533,23.307
80039,1.06571,23.4678
80040,1.06703,23.2262
80041,1.06641,23.4475
80044,1.06621,23.7605
80046,1.06663,23.176
80047,1.06694,23.232
80048,1.069,24.9496
80049,1.06373,25.5689
80050,1.06329,24.5177
80051,1.06435,25.4367
80052,1.0731,26.7435
80053,1.07175,27.7974
80054,1.07437,27.3266
80055,1.06804,29.7846
80056,1.0757,27.9379
80057,1.06722,23.9848
80058,1.06593,23.9139
80059,1.06702,29.4092
80060,1.06621,27.1588
80061,1.06844,25.5003
80062,1.065,24.2108
80063,1.06272,23.9027
80064,1.0663,23.2973
80065,1.06577,23.4836
80066,1.0649,23.4228
80067,1.06524,23.3674
80069,1.03879,12.2074
80070,1.03913,12.7193
80073,1.08395,21.2589
80074,1.08326,19.7994
80075,1.08328,20.4379
80076,1.05599,13.5196
80077,1.07012,13.4417
80079,1.04953,5.61968
80080,1.05417,5.23985
80081,1.0446,7.32518
80087,1.05718,7.38124
80088,1.05095,9.77149
80089,1.05438,11.923
80090,1.00089,29.38
80096,0.970898,26.28
80100,1.0567,5.69615
80101,1.07097,26.7893
80103,1.07322,31.8141
80104,1.07561,30.0347
80105,1.07766,29.5698
80108,1.07623,27.6667
80109,1.07944,26.5887
80110,1.07899,24.8479
80112,1.07304,17.7495
80113,1.07933,28.8735
80114,1.07649,29.4481
80115,1.07298,30.7054
80116,1.07327,30.4963
80117,1.07369,30.4903
80118,1.0762,29.6997
80119,1.07884,28.2252
80120,1.04641,11.72
80121,1.05122,12.6266
80122,1.07978,27.6291
80123,1.08007,27.6723
80125,1.08224,27.0093
80126,1.08976,17.0778
80127,1.08981,16.6326
80128,1.09762,15.5225
80130,1.05169,17.7326
80131,1.05158,18.2819
80134,1.08295,25.6198
80135,1.07555,23.7269
80136,1.08837,15.162
80137,1.09144,15.3006
80138,1.07045,24.635
80139,1.06774,25.1757
80140,1.06257,25.5217
80141,1.05955,24.4591
80142,1.05625,26.7344
80143,1.05405,26.9835
80144,1.05665,26.6122
80145,1.05724,24.9162
80146,1.0543,27.0586
80147,1.0614,24.2421
80148,1.06806,23.5565
80149,1.06447,23.4126
80150,1.06426,23.4926
80151,1.06387,23.8264
80152,1.06387,23.7771
80153,1.07134,23.7558
80154,1.07123,23.8592
80155,1.06845,24.1275
80156,1.07004,23.6896
80157,1.0813,24.6679
80158,1.0757,24.1932
80159,1.07323,23.7156
80160,1.03633,9.51243
80161,1.02146,10.6719
80162,1.07779,23.0593
80163,1.07579,22.9213
80164,1.06231,21.2973
80165,1.07276,31.3728
80166,1.07509,30.9817
80167,1.07361,30.5338
80168,1.07391,29.8436
80171,1.07547,30.2207
80172,1.08512,26.5867
80175,1.04099,18.1741
80176,0.953393,10.2748
80178,1.07621,14.1786
80180,1.07218,3.82398
80181,1.07214,3.63821
80185,1.07309,4.14547
80186,1.07208,4.18169
80187,1.07268,3.65253
80188,1.0734,3.33484
80191,1.07522,2.89801
80192,1.0745,3.25017
80193,1.07352,1.93803
80194,1.06863,1.06373
80195,1.07595,3.19123
80196,1.07127,3.73771
80198,1.07435,2.92779
80199,1.07398,2.42636
80200,1.0741,2.57837
80202,1.07126,2.84092
80204,1.07305,1.87403
80205,1.06942,2.85525
80206,1.06947,2.73366
80208,1.08374,23.549
80209,1.08944,23.2378
80210,1.089,23.487
80211,1.07367,3.92125
80212,1.06015,-0.906274
80213,1.06416,17.8573
80214,1.07142,18.0722
80215,1.06129,17.9649
80216,1.07599,18.3094
80217,1.0819,18.7182
80218,1.08908,-3.38371
80219,1.09813,-3.4888
80220,1.08865,-2.61407
80223,1.08175,-2.56569
80224,1.08159,-2.40412
80227,1.07877,-1.65558
80228,1.08218,-1.8016
80229,1.08212,-1.82711
80230,1.08196,-1.85572
80231,1.07673,-1.33756
80233,1.08521,-1.7924
80234,1.08555,-1.34922
80235,1.08651,-1.60069
80236,1.08416,-2.07762
80237,1.08416,-2.04298
80238,1.08409,-2.04851
80239,1.08651,0.21353
80240,1.08408,-1.10459
80241,1.08394,-1.5949
80244,1.08144,-1.7608
80245,1.08907,-2.20215
80246,1.09042,-2.51252
80247,1.08986,-3.21467
80249,1.07952,-1.4961
80251,1.07951,-0.80815
80253,1.09514,-1.23199
80255,1.08409,-1.80345
80256,1.06379,1.54802
80257,1.06341,0.627869
80258,1.07492,-0.533188
80259,1.0749,-0.176724
80260,1.07344,-0.211128
80261,1.07255,-0.0791924
80263,1.0574,3.72828
80264,1.05864,5.91324
80265,1.05779,5.2047
80266,1.07092,18.2283
80267,1.06987,17.5039
80268,1.07696,18.5908
80269,1.07312,17.54
80270,1.07804,18.0148
80271,1.07502,19.5603
80272,1.07602,18.687
80274,1.07259,17.13
80275,1.07251,17.824
80276,1.07455,18.1727
80277,1.07147,16.9482
80280,1.06916,0.899979
80281,1.0696,0.916258
80285,1.06251,1.91049
80286,1.06824,4.33471
80288,1.09422,13.4813
80289,1.09537,13.0879
80290,1.09493,11.3114
80291,1.07629,0.695425
80293,1.06257,3.07942
80294,1.04074,6.87306
80295,1.06948,3.31116
80297,1.07992,19.9707
80298,1.07947,20.9194
80299,1.07122,0.295222
80300,1.08462,-0.420913
80305,1.09207,15.3683
80306,1.09273,8.56747
80308,1.09796,8.35015
80309,1.09857,8.2174
80310,1.1,7.75226
80312,1.09411,7.94475
80314,1.09951,7.33147
80315,1.09468,7.74123
80316,1.09815,5.87023
80317,1.09812,5.6576
80318,1.07546,3.09328
80320,1.08043,24.5188
80321,1.0787,21.8304
80324,1.07776,21.0405
80325,1.08487,6.14469
80326,1.08626,6.07049
80327,1.08562,6.78704
80328,1.08607,6.18548
80329,1.08467,6.42814
80330,1.08269,6.39703
80331,1.08934,7.27999
80332,1.08777,7.98159
80333,1.0912,9.31901
80334,1.09353,7.23236
80335,1.08143,23.0217
80337,1.08163,24.7563
80338,1.08155,24.6559
80341,1.08148,23.7495
80342,1.08419,23.4575
80343,1.087,22.7112
80344,1.0852,22.3192
80345,1.0823,23.1089
80346,1.07996,21.9061
80348,1.09054,21.4308
80349,1.08741,19.8011
80351,1.04255,2.15587
80352,1.04124,6.06777
80353,1.04087,-1.40902
80355,1.04352,-2.26818
80356,1.08902,6.22168
80357,1.08905,5.91212
80358,1.09067,6.99251
80359,1.08986,6.28007
80363,1.08851,5.71704
80364,1.09001,5.14246
80365,1.08879,5.81421
80366,1.08795,5.78896
80368,1.08793,5.62386
80369,1.08817,5.82761
80370,1.08672,5.97618
80372,1.08694,6.19036
80373,1.08658,6.77588
80374,1.08867,7.00125
80375,1.08476,8.2596
80376,1.08907,7.13073
80382,1.08561,7.85483
80383,1.08503,7.95054
80384,1.08336,7.77156
80385,1.08522,8.07045
80386,1.08404,8.0052
80387,1.0846,8.01543
80388,1.0872,7.30662
80389,1.0871,7.76673
80390,1.08667,8.12234
80391,1.08467,7.95283
80392,1.08435,8.38199
80395,1.08512,9.06577
80396,1.08308,9.77994
80397,1.08271,10.0202
80398,1.08871,6.80271
80399,1.08953,6.52384
80400,1.08581,6.69327
80401,1.08612,6.72831
80402,1.08688,6.81923
80403,1.08868,5.24414
80404,1.08969,5.19651
80405,1.08904,6.40407
80406,1.08734,7.39572
80407,1.08646,7.55777
80408,1.08818,7.25292
80409,1.08603,7.80035
80411,1.085,8.99274
80412,1.09092,7.36438
80414,1.08588,8.9159
80415,1.08776,7.431
80416,1.083,10.0966
80417,1.08284,9.92517
80427,1.08248,9.42195
80429,1.08274,9.85648
80430,1.08464,8.49863
80431,1.08839,6.39938
80432,1.08803,6.79062
80434,1.08847,7.00004
80435,1.08699,7.26309
80436,1.0832,7.76891
80437,1.08519,8.09484
80438,1.08106,10.0689
80439,1.08491,8.30968
80440,1.08724,7.32899
80441,1.08957,7.19279
80442,1.081,23.1894
80443,1.07774,22.9601
80444,1.08145,21.5941
80446,1.0825,20.797
80448,1.06247,13.0732
80450,1.06169,-1.16002
80451,1.0564,-1.30872
80452,1.05381,-1.34296
80453,1.05207,-0.675124
80454,1.04594,-0.739814
80456,1.05464,0.0546028
80457,1.05518,0.615172
80458,1.05492,0.0939321
80460,1.09306,8.1426
80461,1.08876,7.24009
80462,1.08047,8.58312
80463,1.08911,8.5594
80464,1.0871,7.7836
80466,1.08696,8.1993
80467,1.08684,7.82295
80468,1.09078,7.16762
80469,1.09244,6.76388
80470,1.08793,7.30396
80471,1.08275,21.3545
80472,1.08392,22.3931
80474,1.09349,17.1396
80475,1.09572,12.3487
80476,1.09687,12.5717
80477,1.09705,14.1572
80478,1.09693,13.6136
80479,0.982156,9.09733
80480,1.0895,8.26846
80481,1.08875,9.56061
80482,1.09087,8.51453
80483,1.09044,9.21051
80485,1.08962,9.5934
80486,1.08748,9.97262
80487,1.08234,11.4004
80488,1.08485,10.9172
80489,1.08711,10.7245
80490,1.09059,8.59135
80491,1.08643,9.03085
80492,1.09123,8.37458
80494,1.09704,4.65897
80495,1.09643,5.21749
80496,1.0985,4.58043
80497,1.09696,4.4607
80501,1.07091,-0.605808
80502,1.06925,-0.423652
80503,1.07492,-1.05043
80506,1.06031,5.17824
80509,1.08137,-1.50872
80510,1.06705,17.6034
80511,1.07151,23.235
80513,1.06935,22.8209
80514,1.09627,9.62476
80516,1.09729,13.4714
80517,1.09759,13.3076
80519,1.09802,9.73547
80520,1.09361,10.1518
80522,1.09086,7.43564
80523,1.09095,7.59331
80524,1.09598,10.368
80525,1.09758,9.48752
80526,1.09546,11.2423
80528,1.0939,10.1307
80529,1.07278,18.0915
80530,1.08612,25.3529
80531,1.08263,1.46778
80532,1.07694,0.796262
80533,1.0796,2.36918
80534,1.0843,2.01202
80535,1.08527,2.49045
80537,1.07347,14.4862
80538,1.09186,5.50586
80539,1.0928,5.68179
80540,1.08959,4.50094
80541,1.09117,5.16393
80542,1.0918,5.15876
80543,1.08973,4.3811
80544,1.09028,5.2457
80545,1.08846,4.5427
80546,1.09022,5.16405
80547,1.09024,5.3337
80548,1.09064,5.35267
80549,1.09017,5.46239
80550,1.08863,4.9768
80551,1.08973,5.06941
80552,1.08904,5.06177
80553,1.09184,5.01583
80554,1.09182,5.30992
80555,1.09012,5.57514
80556,1.08896,6.59628
80557,1.08903,6.3299
80558,1.09311,4.31028
80559,1.09071,3.89502
80560,1.09075,4.22485
80561,1.08946,4.27605
80563,1.09045,3.79771
80564,1.08917,4.09269
80565,1.08688,2.72184
80566,1.0835,1.65648
80567,1.08935,2.78487
80568,1.07595,0.73634
80569,1.076,0.88315
80571,1.06981,7.29604
80572,1.06986,-1.62888
80573,1.06996,-1.73897
80574,1.07053,-1.61704
80575,1.07053,-1.70984
80577,1.06984,-1.86549
80578,1.06772,-1.80577
80579,1.06436,-1.6887
80580,1.06365,-1.70531
80581,1.06271,-2.07924
80584,1.08282,17.303
80585,1.09967,14.4313
80586,1.1,13.9648
80587,1.08849,30.1538
80588,1.08592,29.8728
80589,1.0819,29.47
80590,1.08272,29.2682
80591,1.03501,20.785
80592,1.03027,21.7593
80595,1.09445,56.1079
80596,1.09667,55.0027
80597,1.05914,44.8969
80598,1.05863,43.3362
80600,1.09714,18.7401
80601,1.09672,17.5449
80604,1.0599,16.5244
80605,1.06338,15.8559
80606,1.0662,15.3354
80607,1.05577,43.9185
80608,1.05721,42.6676
80609,1.05702,42.4577
80610,1.05437,15.9648
80611,1.05351,15.352
80612,1.05676,15.3544
80614,1.04618,15.5249
80615,1.04794,15.1621
80616,1.06579,7.58145
80617,1.06641,6.81736
80618,1.06973,6.11115
80619,1.07223,2.56754
80620,1.08244,21.6669
80622,1.09158,17.5351
80623,1.09176,17.1837
80624,1.05324,19.9964
80626,1.07777,19.3144
80627,1.03974,20.8667
80628,1.04059,20.0215
80629,1.08603,41.6566
80630,1.08779,40.2192
80631,1.07366,-8.86278
80632,1.07698,31.0504
80634,1.07986,15.2942
80635,1.08411,13.9143
80636,1.06449,9.30052
80637,1.06408,9.03702
80638,1.04819,27.4361
80639,1.05005,27.2403
80640,1.09252,28.8115
80641,1.09978,28.3615
80642,1.09479,-12.6551
80643,1.0719,3.48713
80645,1.0781,19.6908
80646,1.05145,44.5598
80647,1.03029,44.2274
80648,1.09871,27.8295
80649,1.1,26.4771
80650,1.04977,14.8639
80651,1.03669,-15.1203
80652,1.05199,-10.5099
80653,1.05052,-13.719
80654,1.07766,12.3279
80655,1.07216,10.3654
80656,1.07292,8.92173
80657,1.03239,-15.7526
80658,1.07208,-1.75272
80659,1.07238,-1.96908
80660,1.03509,4.10077
80661,1.04271,2.79078
80662,1.04366,2.26812
80663,1.05028,-17.0575
80664,1.0553,-17.8073
80665,1.03791,-15.2116
80666,1.04869,-16.839
80667,1.03236,-11.5923
80668,1.03645,-12.3947
80669,1.0375,-12.8818
80670,1.05874,3.89481
80671,1.06233,3.22767
80672,1.07791,-0.640541
80673,1.05383,-13.289
80674,1.05388,-13.886
80675,1.07209,-3.76875
80676,1.07362,-3.59532
80677,1.03471,-8.5612
80678,1.03776,-9.29158
80679,1.03865,-9.71809
80680,1.05188,-15.0423
80681,1.01538,0.684139
80682,1.01725,0.0106648
80683,1.05571,4.40765
80684,1.03987,-13.804
80685,1.07755,-3.6446
80686,1.05923,-13.6462
80687,1.05692,-14.3222
80688,1.02833,-14.1683
80689,1.04951,-14.1145
80690,1.02453,-1.57827
80691,1.05179,-19.9479
80692,1.05551,-20.3982
80693,1.05969,-20.9689
80694,1.03978,-14.337
80695,1.04518,-12.7877
80696,1.04497,-13.8305
80697,1.04817,-14.5749
80698,1.05228,-12.9788
80699,1.05393,-13.2475
80700,1.0766,-4.5825
80701,1.03512,-18.5447
80702,1.03826,-18.9803
80704,1.0589,3.90996
80705,1.06055,3.42659
80706,1.07124,-3.48133
80707,1.07292,-3.18197
80708,1.05275,-20.677
80709,1.03932,-18.3884
80710,1.04151,-17.5257
80711,1.02935,-17.2778
80712,1.04921,-17.6926
80713,1.08691,-0.864398
80714,1.07552,-4.2616
80715,1.0528,-2.15492
80716,1.06659,-4.305
80717,1.06616,-5.05378
80718,1.09696,-27.0155
80719,1.0537,-21.2787
80720,1.05349,-21.7827
80721,1.01617,35.7197
80722,1.01888,34.9751
80723,1.01958,34.7002
80724,1.07832,19.7562
80725,1.0773,19.5369
80726,1.01132,43.9559
80727,1.00894,44.0151
80728,1.06525,37.1582
80729,1.06629,36.3914
80730,1.04477,22.3231
80731,1.0505,21.5569
80732,1.07138,40.7733
80733,1.0715,39.8919
80734,1.07204,39.4616
80735,1.04496,31.7006
80736,1.04715,31.5645
80737,1.0661,20.7389
80738,1.0204,39.4101
80739,1.01261,40.9193
80740,1.01401,40.6873
80741,1.05754,40.4468
80742,1.05725,39.2914
80743,1.04654,14.4026
80744,1.04721,14.0331
80745,1.01708,23.1459
80746,1.01651,22.8733
80747,1.01305,16.8477
80748,1.09842,36.4162
80749,1.09876,35.2895
80750,1.03177,11.288
80751,1.03348,10.3205
80752,1.04582,22.4502
80753,1.03994,23.5636
80754,1.04507,22.9299
80755,0.987371,43.4067
80756,0.989453,41.4561
80758,1.06025,22.8928
80759,1.06517,32.8349
80760,1.0602,33.1119
80761,1.06218,32.5668
80762,1.08515,16.6907
80763,1.02966,29.9766
80764,1.03006,29.4041
80765,1.07586,18.7538
80766,1.06884,17.8441
80767,1.07249,17.8953
80768,1.02469,14.8507
80769,1.03084,30.2599
80770,1.01202,14.837
80771,1.01622,14.1665
80772,1.0083,18.0581
80773,1.0204,30.4874
80774,1.05458,20.9197
80775,1.05534,22.8798
80776,0.993349,19.3881
80777,1.03694,21.4829
80778,1.06517,24.2045
80779,1.06555,23.4136
80780,1.07052,30.892
80781,1.02071,33.2741
80783,1.02084,31.1181
80784,1.02156,30.0089
80785,1.05723,19.3301
80786,1.05153,19.9453
80787,1.02535,15.2036
80788,1.01346,15.7193
80789,1.08143,24.4347
80790,1.00846,31.2147
80791,1.01213,30.4711
80792,1.06213,15.2257
80793,1.06157,15.3506
80794,1.0613,15.2761
80796,1.06549,14.2828
80797,1.07616,3.36075
80798,1.07546,3.49126
80800,1.07222,2.72566
80801,1.09934,16.8309
80802,1.09936,17.1077
80803,1.09945,16.7508
80804,1.09976,16.4775
80805,1.09973,16.3475
80806,1.09995,16.1058
80807,1.09985,16.1099
80808,1.1,15.9897
80809,1.08088,15.0938
80811,1.09198,16.1319
80812,1.09261,15.9823
80813,1.09478,16.6961
80814,1.09604,16.3806
80815,1.08275,20.0255
80817,1.09005,18.8883
80819,1.08472,19.8815
80821,1.07907,23.2925
80825,1.06258,11.9679
80827,1.0889,5.48424
80828,1.07241,11.4766
80829,1.07188,10.5471
80830,1.07233,10.6858
80831,1.05984,8.47881
80832,1.06187,7.55627
80834,1.04156,42.168
80835,1.05685,42.0227
80836,1.05217,41.4005
80837,1.08208,43.5504
80840,1.08525,38.4215
80841,1.05947,14.3756
80842,1.06062,14.1771
80843,1.07312,-6.24635
80845,1.08325,31.7801
80846,1.0851,31.2597
80848,1.09493,29.41
80849,1.1,29.0086
80850,1.09411,29.1331
80851,1.09988,28.6023
80852,1.03617,43.9245
80853,1.03994,43.9233
80855,1.05278,44.7528
80856,1.04551,43.9726
80857,1.04006,43.3337
80858,1.05907,45.3699
80862,1.08251,19.5495
80863,1.089,15.8004
80864,1.08447,16.3836
80865,1.08435,14.5985
80866,1.08511,17.1481
80870,1.04103,29.6733
80876,1.06442,12.9571
80877,1.07413,9.66563
80878,1.07102,8.40615
80879,1.08395,6.92502
80880,1.08202,8.50147
80881,1.08591,3.46725
80882,1.07888,7.98213
80883,1.05418,27.7309
80884,1.06962,25.0042
80885,1.07792,25.1126
80886,1.07322,24.8046
80887,1.07167,24.5166
80888,1.07018,24.6265
80889,1.06081,23.4803
80890,1.06924,23.8046
80891,1.08199,21.0839
80892,1.0818,20.8825
80893,1.08129,24.2985
80894,1.08757,18.7404
80897,1.08946,18.3582
80898,1.08229,17.3068
80899,1.08917,14.9834
80900,1.09539,19.6655
80901,1.09539,19.6889
80902,1.06831,12.9656
80904,1.06827,12.6185
80905,1.0569,42.1298
80907,1.0584,42.0497
80908,1.05906,42.3198
80909,1.05915,42.0992
80910,1.05751,43.1666
80911,1.05908,41.811
80913,1.05813,42.4696
80914,1.06907,-4.85841
80915,1.07971,-8.83842
80916,1.06621,15.5184
80917,1.06617,15.2237
80919,1.07271,10.8478
80920,1.09099,52.149
80922,1.09556,53.5661
80923,1.0893,48.2913
80924,1.08962,48.134
80927,1.08333,40.121
80928,1.09525,50.4615
80929,1.0816,48.3487
80930,1.08944,51.4508
80933,1.04815,15.5076
80934,1.04936,15.702
80935,1.05001,14.7959
80936,1.04943,14.8665
80938,1.03834,19.8148
80939,1.05493,14.1164
80940,1.0821,28.9666
80941,1.08237,25.8483
80942,1.08344,25.8538
80943,1.08528,26.1104
80944,1.09167,30.7385
80952,1.04919,26.7828
80954,1.08908,19.561
80955,1.08862,20.789
80958,1.05657,40.8129
80959,1.05574,40.4268
80960,1.05584,40.6329
80962,1.05785,44.7114
80968,1.072,4.54403
80969,1.07239,4.41328
80982,1.06827,2.91897
80983,1.06615,0.492499
80984,1.06342,-1.63169
80986,1.09432,29.2865
80987,1.08303,30.2224
80988,1.08452,30.0038
80991,1.1,27.1947
80992,1.08665,29.8417
80994,1.04167,21.1104
80995,1.04259,20.8364
80996,1.04453,21.3576
80998,1.04504,21.2359
80999,1.04702,20.9065
81000,1.04606,21.0473
81001,1.0469,20.5938
81002,1.04942,20.2579
81006,1.04861,26.182
81017,1.04499,19.7784
81018,1.04094,20.1257
81019,1.04213,19.938
81021,1.0411,20.8545
81022,1.04188,20.487
81023,1.05301,19.9841
81024,1.05185,19.8804
81025,1.05328,19.9967
81026,1.05302,19.7281
81027,1.05012,21.6325
81028,1.05172,22.7071
81030,1.04389,20.6013
81034,1.05849,26.8409
81036,1.06194,26.4738
81037,1.06194,26.3707
81038,1.04664,17.2945
81039,1.04511,17.0792
81040,1.1,19.9695
81042,1.08453,14.3165
81043,1.08372,14.172
81044,1.08418,14.6559
81045,1.06814,-5.3692
81046,1.06745,6.69368
81047,1.06933,6.36361
81048,1.06866,6.48261
81049,1.06671,2.21907
81050,1.06608,4.12679
81056,1.09193,17.9188
81057,1.092,18.3955
81058,1.08955,18.2532
81059,1.09017,18.892
81060,1.09318,18.6515
81061,1.09127,17.2612
81062,1.09158,17.4047
81063,1.08603,17.6903
81064,1.08446,18.0357
81066,1.08671,18.19
81067,1.08465,18.6822
81068,1.0867,18.1148
81069,1.09022,17.8347
81070,1.08667,18.2587
81072,1.06388,35.958
81074,1.08695,44.4711
81077,1.04265,34.2323
81078,1.047,34.0003
81079,1.0917,46.8261
81082,1.03755,-13.6917
81083,1.03912,-14.5025
81084,1.03998,-15.568
81085,1.04093,-16.278
81086,1.04356,-17.2456
81087,1.04405,-17.8223
81088,1.06141,-18.4187
81089,1.0562,-18.5699
81090,1.05275,-18.4174
81091,1.05206,-18.4503
81092,1.04989,-15.6218
81093,1.0496,-16.7135
81094,1.04942,-17.2781
81095,1.05307,-20.0438
81096,1.06589,-4.41863
81098,1.04461,-9.1149
81099,1.04709,-8.89934
81100,1.0434,-9.91657
81101,1.0634,-6.52445
81102,1.06516,-6.95511
81103,1.06757,-7.64595
81104,1.06906,-8.09293
81105,1.05599,-4.54964
81107,1.07795,-1.30319
81108,1.07975,-2.83308
81109,1.09705,-3.2389
81110,1.02317,-1.23843
81111,1.05238,1.29186
81112,1.05025,-0.304973
81113,1.04752,-1.32905
81114,1.05808,-2.52667
81115,1.02208,-1.3574
81116,1.02153,0.722982
81117,1.02586,-0.844071
81118,1.02587,-0.734499
81119,1.04153,-2.1017
81120,1.04358,-2.11051
81121,1.04644,-1.65476
81122,1.04176,-2.12389
81123,1.05158,-3.32736
81124,1.03709,-0.480687
81125,1.03228,-0.680028
81126,1.03129,-1.52983
81127,1.07349,-4.43268
81128,1.07311,-4.66366
81130,1.07545,-3.8399
81131,1.07233,-5.31828
81132,1.07249,-5.13604
81133,1.07447,-5.0872
81135,1.06248,-3.7787
81136,1.07223,-3.81621
81137,1.07364,-3.76041
81139,1.0822,-3.19773
81140,1.1,-4.89981
81142,1.07295,-3.24957
81143,1.07487,-3.85748
81144,1.07135,-2.73299
81145,1.07181,-2.48888
81146,1.07257,-2.79046
81148,1.07578,-4.23263
81149,1.08194,-0.867995
81150,1.07929,-2.11275
81151,1.07983,-2.31383
81152,1.0795,-3.49748
81153,1.07506,-4.1611
81154,1.07616,-4.4717
81156,1.04504,-2.82801
81157,1.06405,-2.57224
81158,1.05589,-2.37183
81160,1.04961,-16.0407
81161,1.05191,-17.8369
81162,1.05108,-13.8123
81163,1.05414,-15.997
81164,1.05289,-9.65548
81165,1.05522,-10.8113
81166,1.04941,-16.9781
81167,1.05075,-17.4679
81168,1.05282,-17.8099
81169,1.05432,-17.1276
81170,1.05364,-16.4475
81171,1.04472,-15.5748
81172,1.04122,-15.494
81173,1.04971,-17.7703
81174,1.05395,-18.4612
81175,1.0465,-15.5667
81176,1.03391,-13.6345
81177,1.04156,-14.9422
81178,1.05432,-16.0083
81179,1.05084,-13.6377
81180,1.04715,-14.402
81181,1.04986,-15.4748
81182,1.05161,-15.882
81183,1.1,1.8206
81184,1.03589,-13.2041
81185,1.03515,-13.5361
81186,1.06162,-15.6814
81188,1.04563,-10.5719
81189,1.04608,-11.7125
81190,1.07981,-2.95274
81191,1.07784,-1.84319
81192,1.07854,-2.07086
81193,1.0745,-2.85944
81194,1.06775,4.40733
81195,1.07088,3.92169
81196,1.06199,-2.26746
81197,1.05824,-17.7399
81198,1.05772,-18.3413
81199,1.06171,-19.4389
81200,1.06234,-15.558
81201,1.06454,-17.9738
81202,1.06384,-18.9162
81203,1.06618,-11.4178
81204,1.06424,-12.3501
81205,1.06141,-13.6622
81206,1.06203,-14.1897
81207,1.0524,-12.6335
81208,1.05235,-13.1734
81209,1.04949,-14.6521
81210,1.0504,-14.538
81211,1.04341,-19.5477
81212,1.04075,-18.6848
81213,1.0438,-19.4315
81214,1.04315,-19.6194
81215,1.04512,-19.7848
81216,1.04183,-18.6974
81217,1.04713,-19.3502
81218,1.0407,-17.8944
81219,1.04125,-18.7594
81220,1.04492,-20.1049
81223,1.04117,-18.0502
81224,1.0414,-18.1152
81225,1.04601,-19.5545
81226,1.03582,-18.641
81227,1.04062,-19.318
81228,1.04553,-20.1416
81229,1.05184,-21.0845
81230,1.05141,-22.8635
81231,1.04433,-19.3929
81233,1.03997,-19.4963
81234,1.04606,-21.1946
81235,1.06977,-7.96643
81236,1.06692,-7.98641
81237,1.03872,-19.2512
81238,1.03883,-19.3934
81239,1.03713,-18.9876
81240,1.04031,-17.0243
81241,1.04167,-17.8219
81242,1.03942,-18.5996
81243,1.03895,-18.6341
81244,1.0429,-19.167
81245,1.04145,-19.3531
81246,1.04505,-18.4552
81247,1.04215,-19.2845
81248,1.03841,-19.2249
81249,1.04715,-22.2604
81250,1.04933,-22.5963
81251,1.05599,-27.1094
81252,1.08083,-2.94725
81254,1.05862,-2.48811
81255,1.07826,0.0150726
81256,1.07494,-0.357511
81258,1.07088,-0.226426
81259,1.07,1.14848
81260,1.07014,0.426746
81261,1.09214,-15.7451
81265,1.04882,-17.2291
81266,1.04895,-17.5286
81267,1.04877,-17.762
81269,1.08791,-16.1733
81270,1.08497,-16.48
81271,1.07359,3.95259
81272,1.07348,3.67514
81273,1.0722,3.45125
81274,1.07314,3.27233
81275,1.07176,6.73258
81276,1.07609,5.11374
81279,1.07106,2.59554
81280,1.06176,3.34879
81281,1.06323,3.31754
81282,1.05093,0.575283
81283,1.05186,-20.7432
81284,1.04967,-20.1128
81285,1.05181,-20.6106
81286,1.05264,-20.8395
81287,1.05275,-20.267
81288,1.05264,-20.6559
81289,1.05282,-20.5339
81290,1.05171,-20.0998
81291,1.04955,-19.5065
81292,1.04966,-19.663
81293,1.05272,-20.5401
81294,1.04752,-19.2241
81295,1.04792,-19.4321
81296,1.05004,-19.5854
81297,1.05118,-19.8802
81298,1.05378,-20.0798
81299,1.05737,-20.3798
81300,1.05275,-18.8725
81301,1.05313,-19.8857
81302,1.05325,-20.4815
81303,1.05189,-21.0255
81304,1.0521,-20.9819
81305,1.05078,-21.0677
81306,1.04827,-21.1386
81307,1.05185,-20.85
81308,1.05183,-20.8378
81310,1.05181,-20.3493
81311,1.05164,-20.6975
81314,1.04891,-20.8454
81315,1.0444,-19.8343
81316,1.05025,-20.6083
81317,1.04337,-19.708
81318,1.04742,-20.2563
81319,1.04897,-20.9218
81320,1.04721,-20.2424
81321,1.04966,-20.8413
81323,1.05003,-21.4756
81324,1.04464,-19.9999
81325,1.04826,-20.6741
81327,1.04467,-19.9072
81329,1.04921,-21.3827
81330,1.04867,-21.2103
81331,1.04751,-20.6177
81332,1.04633,-20.5074
81333,1.04921,-21.0098
81334,1.05003,-21.0255
81335,1.04409,-19.7963
81336,1.08093,-0.440908
81337,1.08586,-0.999266
81338,1.07878,0.000508227
81339,1.06654,2.45719
81340,1.07152,1.58469
81341,1.07212,0.927483
81342,1.07607,-0.797849
81343,1.07683,0.00671976
81344,1.07793,-0.0626521
81345,1.07822,0.676874
81346,1.08077,-0.103292
81347,1.08317,-1.03511
81348,1.0559,-23.9167
81349,1.03532,-15.1434
81350,1.0352,-15.3065
81351,1.05958,-3.53146
81352,1.06032,-0.508029
81353,1.06894,-1.909
81354,1.05156,1.2382
81355,1.0552,-0.98112
81356,1.0639,-2.31497
81357,1.07516,-3.584
81358,1.06804,-3.06435
81359,1.05511,-3.86422
81360,1.06301,-1.5098
81361,1.0573,-2.08147
81362,1.07201,-2.0056
81363,1.08737,-3.5641
81364,1.08088,6.48118
81365,1.07504,4.50251
81366,1.07235,4.22222
81367,1.07334,4.14413
81368,1.05483,-22.4783
81369,1.05348,-20.4641
81370,1.05314,-20.6623
81371,1.05324,-21.7749
81372,1.03707,-15.9328
81373,1.03571,-16.1485
81374,1.07217,-14.4304
81375,1.05058,-18.6098
81376,1.05347,-19.8437
81377,1.04685,-17.4998
81378,1.05041,-17.1949
81379,1.05138,-17.5371
81380,1.04613,-13.4821
81381,1.05204,-17.7285
81382,1.05264,-17.9933
81383,1.04431,-18.6093
81384,1.04867,-19.4323
81385,1.07858,-25.624
81386,1.08534,-21.8751
81387,1.09051,-22.7631
81388,1.1,-24.7978
81389,1.06981,-17.2531
81391,1.06702,-17.4354
81392,1.06666,-17.9039
81394,1.06255,-17.6788
81395,1.06018,-17.9559
81396,1.05591,-18.3628
81397,1.05728,-18.2407
81398,1.04229,-17.0658
81399,1.04447,-17.414
81400,1.04181,-18.8649
81401,1.04127,-18.0109
81402,1.04138,-18.153
81403,1.04169,-18.9907
81404,1.04148,-18.0012
81405,1.04184,-18.2976
81406,1.03861,-16.9898
81407,1.04007,-17.1924
81408,1.05845,-18.4907
81409,1.05271,-17.7356
81411,1.04826,-17.7892
81412,1.04189,-18.0502
81413,1.08662,-13.5705
81414,1.08127,-14.6999
81415,1.0804,-14.8338
81416,1.08111,-15.2046
81418,1.08947,-15.5201
81420,1.09053,-15.8746
81421,1.09163,-15.3684
81422,1.09173,-15.8211
81423,1.09182,-15.0599
81424,1.09212,-15.2089
81425,1.09183,-15.0563
81426,1.09163,-15.3693
81427,1.09309,-14.1545
81428,1.09212,-14.8058
81429,1.0921,-15.3645
81431,1.06528,5.49575
81432,1.06604,5.01916
81433,1.04539,-20.0669
81434,1.04649,-19.9918
81435,1.04934,-20.6075
81436,1.05115,-20.7225
81437,1.0523,-20.4001
81439,1.07203,-9.89826
81440,1.07018,-9.68811
81441,1.09095,-12.9639
81442,1.08773,-13.5753
81444,1.09641,-10.1383
81445,1.09163,-11.6176
81446,1.08589,-12.863
81447,1.08655,-13.0717
81448,1.07493,-16.1081
81449,1.03396,-15.012
81450,1.03985,-15.6245
81451,1.04745,-16.2332
81452,1.05779,-1.20518
81453,1.06114,-1.92465
81454,1.07417,-8.97849
81456,1.07453,-8.66221
81458,1.09658,2.0774
81459,1.0534,-7.01269
81460,1.05382,-7.77619
81461,1.08857,-4.54296
81462,1.08561,-3.73366
81463,1.05081,24.7336
81464,1.04843,14.0946
81466,1.0358,27.9512
81467,1.0575,12.5969
81468,1.04835,11.9803
81469,1.0615,14.7564
81470,1.0579,14.9777
81472,1.1,15.969
81473,1.0922,16.0251
81475,1.06204,18.6616
81480,1.01929,31.483
81481,1.02097,30.6908
81482,1.02142,29.728
81483,1.01822,31.8019
81484,1.01948,30.1881
81485,1.02094,31.1696
81487,1.02038,30.3411
81489,1.07333,12.8789
81490,1.07425,13.1522
81492,1.07974,15.5441
81493,1.07366,12.9403
81499,1.05308,41.5874
81500,1.01722,34.0821
81501,1.01654,34.1797
81503,1.01711,34.0264
81510,1.02942,27.8093
81513,1.07724,29.3441
81514,1.07526,27.551
81515,1.07616,27.1371
81519,1.05561,29.3727
81521,1.0515,32.3286
81522,1.04972,31.9196
81523,1.05531,13.7905
81524,1.07512,18.1287
81526,1.0826,20.7311
81527,1.08268,20.3426
81528,1.08622,27.8327
81529,1.08616,28.7214
81533,1.06849,21.2846
81534,1.0712,20.6194
81536,0.999335,33.2641
81537,0.995847,35.7187
81542,1.1,19.9604
81543,1.0574,21.0492
81545,1.05992,20.5012
81546,1.04452,20.861
81547,1.06734,21.7523
81548,1.06568,20.9497
81549,1.05193,19.9858
81550,1.0224,30.7055
81551,1.02087,29.956
81552,1.02213,30.1478
81553,1.02301,29.7289
81554,1.02232,28.423
81555,1.02054,32.9826
81556,1.02094,32.2636
81559,1.02478,27.7462
81560,1.05065,32.5508
81562,1.04724,32.0522
81563,1.04735,32.0676
81565,1.02414,12.112
81566,1.04373,11.4464
81571,1.03942,18.1062
81572,1.05415,43.2757
81573,1.07301,39.784
81574,1.07204,39.4937
81575,1.0722,39.2537
81576,1.07162,36.4652
81577,1.07242,39.1925
81578,1.07353,38.6402
81583,1.06546,34.974
81585,1.06621,33.6219
81586,1.04777,31.4957
81588,1.0197,14.0236
81589,1.01987,14.249
81590,1.02088,14.1689
81592,1.01904,12.9637
81593,1.01911,12.9518
81598,1.0201,14.3035
81602,1.02006,13.4558
81603,1.01833,13.0673
81604,1.01441,15.8603
81605,1.0134,15.613
81606,1.01988,13.0649
81609,1.01906,15.703
81611,1.02134,13.2701
81613,1.02696,13.1012
81615,1.02318,14.9069
81616,1.0225,14.4109
81617,1.01775,15.5083
81618,1.01752,15.1396
81619,1.01398,17.1068
81620,1.07234,11.25
81622,1.07977,16.7975
81623,1.08016,16.5913
81631,1.08245,26.1763
81632,1.08397,25.7395
81634,1.08303,24.4633
81636,1.05948,20.8002
81637,1.06114,20.8931
81638,1.06125,20.6974
81639,1.06672,19.8754
81640,1.0675,19.4152
81641,1.06632,19.5764
81642,1.06789,19.2394
81643,1.06944,18.9211
81644,1.07416,18.1705
81645,1.07312,18.2968
81646,1.07658,18.006
81648,1.05352,20.5989
81650,1.05707,20.041
81651,1.0569,20.28
81652,1.05576,19.5112
81653,1.05332,20.7907
81654,1.05563,19.8581
81655,1.06501,19.1152
81657,1.06712,19.2698
81658,1.08372,17.1578
81659,1.0555,20.7975
81660,1.06474,19.6154
81661,1.05332,20.9796
81662,1.04932,20.6677
81664,1.06718,17.87
81665,1.06737,17.1777
81666,1.0853,16.2284
81667,1.06952,16.9152
81668,1.07696,15.3026
81669,1.06367,19.0296
81670,1.06617,18.8996
81671,1.06253,19.7177
81672,1.05816,19.3804
81674,1.06628,20.7792
81675,1.05832,20.7066
81676,1.0667,20.0988
81677,1.06677,20.1814
81678,1.06675,20.1969
81679,1.06143,19.7463
81680,1.07136,18.486
81681,1.06277,19.2943
81682,1.04103,9.09879
81683,1.03968,8.77621
81685,1.0354,9.86258
81686,1.03726,9.36173
81688,1.04223,8.71171
81690,1.02588,14.3431
81691,1.04581,11.9783
81692,1.06672,31.3043
81694,1.06835,29.4615
81699,1.06739,30.9447
81703,1.07183,32.2134
81705,1.07523,31.2756
81706,1.06982,33.191
81713,1.09767,15.8688
81714,1.09986,15.6815
81715,1.09708,15.2432
81716,1.05606,16.955
81717,1.09779,18.8684
81718,1.09994,19.3248
81719,1.1,19.0253
81722,1.02637,9.19688
81723,1.03031,13.3293
81724,1.03245,12.8829
81725,1.04362,12.6636
81726,1.04626,28.5809
81727,1.07187,12.8309
81729,1.06558,11.2361
81730,1.03594,23.249
81731,1.00981,30.1277
81733,1.01685,29.7629
81734,1.02241,26.8461
81736,1.04376,30.1865
81737,1.04167,21.8322
81738,1.04735,21.3178
81740,1.01194,41.6476
81742,1.00964,43.8441
81743,1.01022,43.7119
81744,1.01597,43.5705
81745,1.01968,43.2123
81746,1.02097,41.5708
81749,1.04194,9.27805
81750,1.04213,8.99382
81751,1.0658,10.1658
81752,1.00123,19.8898
81757,1.03985,39.7905
81758,1.06361,29.9548
81759,1.06886,28.8729
81760,1.07605,28.24
81761,1.08117,15.1873
81762,1.09851,16.4641
81763,1.09054,17.4722
81766,1.04638,31.169
81768,1.04027,29.7269
81769,1.03907,29.6636
81770,1.03752,29.7462
81774,1.05049,27.6593
81775,1.03166,29.6403
81780,1.07174,18.2527
81782,1.0547,19.1168
81783,1.00792,27.1791
81784,1.02905,21.6819
81785,1.04395,21.2537
81788,1.06973,31.1985
81789,1.07089,32.0597
81790,1.06847,30.5729
81791,1.07075,31.159
81792,1.06638,30.4132
81793,1.06967,30.9849
81794,1.06795,31.016
81795,1.06936,31.4125
81796,1.06904,31.6989
81797,1.06732,31.4989
81798,1.06185,31.0816
81799,1.06367,31.5222
81801,1.06897,32.076
81802,1.06311,32.2813
81803,1.06431,31.9371
81804,1.07186,35.8458
81805,1.068,30.9819
81809,1.05442,33.638
81810,1.06365,31.9053
81813,1.01558,25.3607
81814,1.01927,24.855
81815,1.05827,29.3004
81816,1.05549,28.4959
81817,1.06218,30.0517
81818,1.06615,28.9682
81819,1.06279,31.3384
81820,1.06372,30.059
81821,1.06399,30.8152
81822,1.06613,30.5827
81824,1.07246,30.2352
81826,1.07008,34.3814
81828,1.06967,31.8782
81829,1.06939,32.0336
81830,1.07213,31.7514
81835,1.06636,30.3506
81836,1.07228,31.2178
81837,1.06972,34.9357
81838,1.07171,32.4727
81839,1.07213,30.8013
81840,1.07146,31.3243
81841,1.07154,31.6441
81842,1.07403,30.5695
81843,1.07122,30.9573
81845,1.07171,31.5336
81846,1.07211,32.4785
81847,1.07214,32.1835
81849,1.07194,32.4164
81853,1.07169,30.942
81854,1.0698,31.0599
81855,1.071,29.9456
81856,1.0685,31.1346
81857,1.06873,32.4335
81858,1.06963,31.0653
81859,1.06666,31.47
81860,1.0691,31.0726
81861,1.07288,30.0329
81863,1.07125,31.4699
81864,1.07076,30.5031
81865,1.07339,36.7642
81866,1.07176,33.2137
81867,1.07253,33.1187
81868,1.06364,31.1519
81869,1.03802,18.909
81870,1.06465,15.1638
81871,1.01561,40.3084
81872,1.07159,23.1024
81873,1.05511,36.5872
81874,1.05793,37.464
81875,1.05399,36.4446
81876,1.05108,14.7163
81877,1.06977,21.6591
81879,1.06312,21.3112
81882,1.05095,16.6515
81883,1.07134,13.9252
81884,1.0709,14.1388
81885,1.07617,14.6704
81890,1.03404,14.9909
81891,1.02748,14.5872
81892,1.04383,16.9789
81893,1.07101,32.7756
81894,1.07067,32.099
81895,1.0704,31.1151
81896,1.07119,30.2106
81898,1.07408,30.6913
81899,1.07038,31.9716
81900,1.07173,30.1816
81901,1.05713,30.5122
81902,1.05958,30.1897
81903,1.07071,32.1895
81905,1.06676,29.2242
81906,1.06789,29.5437
81907,1.05943,28.9536
81908,1.07105,30.7013
81909,1.07249,30.072
81910,1.07148,30.1376
81912,1.07017,30.4405
81913,1.07159,29.7136
81914,1.06062,29.9196
81915,1.06417,29.1952
81916,1.07856,18.2128
81917,1.07648,17.5972
81918,1.07349,16.6984
81919,1.07374,16.2438
81920,1.04852,13.7839
81921,1.0464,15.3856
81922,1.04772,14.357
81923,1.04815,13.937
81924,1.09172,21.8672
81925,1.08955,20.9915
81926,1.0941,17.074
81928,1.03078,8.61899
81929,1.03267,8.13089
81930,1.06925,21.4259
81931,1.07147,20.9219
81933,1.03508,2.50037
81935,1.05421,4.506
81937,1.06087,14.9248
81938,1.02652,2.14584e-24
81939,1.01674,-0.184117
81940,1.03279,6.3905
81941,1.0949,15.4236
81943,1.01439,1.14669
81944,1.01485,0.724298
81945,1.02456,7.10442
81946,1.06383,15.0435
81947,1.01674,2.99695
81948,1.06694,16.6438
81949,1.08842,16.0063
81951,1.04851,6.76461
81952,1.03805,9.73893
81953,1.06844,18.1529
81954,1.08156,19.06
81955,1.03656,2.81952
81956,1.02898,-0.291026
81957,1.07629,6.01496
81959,1.00026,-4.94826
81960,1.05408,50.297
81961,1.05693,55.4836
81962,1.05304,55.7071
81965,1.04646,53.7337
81966,1.04958,52.0935
81967,1.05225,51.5537
81968,1.06711,41.6894
81969,1.07914,52.2674
81970,1.07813,38.8492
81971,1.04809,39.6242
81973,1.0555,52.1195
81974,1.05528,49.2748
81976,1.0484,40.2525
81977,1.07915,52.2699
81978,1.07178,51.9255
81979,1.05364,52.818
81980,1.08695,21.8993
81981,1.08413,21.075
81982,1.04294,28.8666
81983,1.08364,20.1533
81984,1.06281,14.8438
81985,1.08131,19.0116
81986,1.07608,16.5727
81987,1.03683,8.402
81988,1.04142,6.0508
81989,1.04302,5.54251
81990,1.05741,11.4659
81991,1.04284,7.94909
81992,1.0523,10.8852
81993,1.03368,8.89407
81994,1.03922,6.62572
81995,1.08184,14.2566
81997,1.04099,8.96655
81998,1.05886,11.2693
82000,1.06553,18.6905
82001,1.05956,9.79261
82002,1.04042,6.17185
82003,1.03947,5.90239
82005,1.07329,16.4241
82007,1.07716,0.11496
82008,1.00533,1.69271
82009,1.01357,-0.411797
82010,1.1,4.44509
82011,1.09034,-1.11615
82012,1.09054,-1.30595
82013,1.1,6.00608
82014,1.09692,5.7599
82015,0.940505,-6.071
82016,0.947574,-7.14744
82018,1.07087,-1.72518
82019,1.07089,-3.51219
82020,1.06929,-3.61386
82021,1.08252,-4.02294
82022,1.00919,-16.9268
82023,1.07909,5.43798
82024,1.07042,-1.75531
82025,1.074,-2.21349
82026,1.07525,-2.55961
82027,1.05505,17.0667
82028,1.05627,16.7505
82029,1.02564,-12.746
82030,1.07055,-5.66773
82031,1.02637,-9.94076
82032,1.03767,-3.62735
82033,1.02509,-7.87086
82034,1.06635,-8.37712
82035,1.0505,-4.31556
82036,1.05433,-3.99235
82037,1.08563,-4.89431
82038,1.08673,-5.08569
82039,1.07028,-5.1423
82040,1.08339,-3.6131
82041,1.06421,-6.38424
82042,0.988134,-15.1517
82043,0.987622,-1.36934
82044,0.971475,-6.10085
82045,1.06836,3.68826
82046,0.970039,-11.5374
82047,1.01174,-6.74801
82048,1.06321,5.15183
82050,1.08572,5.94396
82051,1.08376,5.65035
82052,0.987071,-17.2814
82053,0.990425,-17.4567
82054,1.02847,-12.4371
82055,1.0831,-7.24187
82057,0.998738,-14.9638
82058,1.00524,-14.3125
82059,1.00587,-14.78
82060,1.07672,-0.816251
82061,1.04977,-16.0574
82062,1.05055,-16.3509
82064,1.03437,2.69158
82065,1.07841,1.57245
82066,1.05018,39.7082
82067,1.05127,39.5157
82068,1.02354,36.7975
82069,0.977119,19.6716
82070,1.09539,40.7606
82071,1.09391,40.4202
82072,1.07707,43.2492
82073,1.08253,43.4529
82074,1.09811,41.4644
82075,1.09581,38.0025
82076,1.09349,37.2012
82077,0.996354,35.433
82078,1.07745,24.9173
82079,1.07809,24.5849
82081,1.09833,6.45749
82082,1.09876,7.05168
82083,1.098,6.31417
82084,1.0983,6.08098
82085,1.05375,-6.85693
82086,1.05994,-0.432699
82087,1.0609,-0.600324
82088,1.07419,0.0982211
82089,1.07534,-1.51732
82090,1.07619,-1.76993
82091,1.02326,2.53905
82092,1.02362,1.98685
82094,1.09126,-3.10798
82095,1.08861,-3.54651
82096,1.03138,4.56835
82097,1.03192,4.02029
82098,1.07663,-2.6776
82099,1.07859,-3.15093
82100,1.07274,3.22135
82101,1.07201,4.03737
82102,1.06028,13.8248
82103,1.06916,-7.07825
82104,1.06679,-6.22793
82105,1.05901,0.70805
82106,1.07833,0.645398
82107,1.07743,-0.35103
82108,1.07721,-0.582674
82109,1.0631,0.850177
82110,1.06237,0.329691
82111,1.06107,-0.0126909
82113,1.04578,-0.652352
82114,1.04206,0.247813
82115,1.05274,20.469
82116,1.05339,19.5494
82117,1.05393,19.2899
82118,1.06006,9.74265
82119,1.06083,9.33025
82120,1.05612,1.65646
82121,1.05582,1.10611
82122,1.05553,0.886199
82123,1.06655,1.0172
82124,1.06747,0.42899
82125,1.06779,0.271125
82126,1.06087,-1.16724
82127,1.06229,-1.61596
82128,1.08749,-4.35789
82130,1.04665,8.15114
82131,1.03858,-3.78858
82132,1.06012,9.76092
82133,1.04815,9.10998
82134,1.04841,8.5903
82135,1.07654,-14.5486
82136,1.08034,-12.2916
82137,1.07976,-11.4554
82139,1.0984,15.4816
82140,1.09729,15.1544
82141,1.06828,-10.4253
82142,1.07033,-10.9917
82143,1.06812,6.48256
82144,1.07187,6.02079
82145,1.0747,4.40257
82146,1.06178,7.28546
82147,1.05357,8.63001
82148,1.06412,-0.301949
82149,1.06457,-0.53761
82150,1.02565,6.566
82151,1.02543,6.33099
82152,1.05097,-6.69265
82153,1.06448,-8.75222
82154,1.0737,-4.60869
82155,1.08176,7.21947
82156,1.07977,5.54364
82157,1.07754,4.88968
82158,1.04057,-2.30567
82159,1.04927,-2.0216
82160,1.06791,-5.11827
82161,1.0641,3.83157
82162,1.08313,-7.79756
82163,1.06204,2.50143
82164,1.0616,2.83906
82165,1.06093,3.30803
82167,1.08793,-4.25372
82168,1.08905,-4.6842
82169,1.06622,5.71029
82170,1.06716,4.96467
82171,1.06665,6.75752
82172,1.07647,9.34382
82173,1.06681,-6.05581
82174,1.06759,-6.32963
82175,1.06817,-0.430081
82176,1.06809,-0.596917
82177,1.04372,6.80925
82178,1.04705,7.56391
82179,1.06354,8.89493
82180,1.04411,-1.42516
82181,1.04608,-1.67469
82182,1.05416,-2.99184
82183,1.05679,11.5721
82184,1.03659,-1.80469
82185,1.03797,-2.29228
82186,1.06392,8.99979
82187,1.06483,8.42155
82188,1.06497,8.34515
82189,1.06572,6.09158
82190,1.07399,5.12041
82191,1.07539,4.8409
82192,1.05399,-1.35793
82193,1.08969,-3.80477
82194,1.09035,-3.45496
82195,1.08528,-0.279686
82196,1.08174,-2.51009
82197,1.08102,-3.03766
82198,1.00725,0.939776
82200,1.02784,-1.07458
82201,1.02909,-1.71337
82202,1.02999,-2.04475
82203,1.08712,-5.32705
82204,1.08803,-5.5744
82205,1.09119,2.19864
82206,1.03685,8.8754
82208,1.06039,-10.164
82209,1.06226,-10.6572
82211,1.01825,-3.51417
82212,1.01793,-3.69847
82214,1.06101,7.22378
82215,1.07422,8.81892
82216,1.0563,9.09321
82217,1.05628,8.9368
82218,1.07718,-4.02191
82219,1.07698,20.5063
82220,1.07347,19.5697
82221,1.0642,9.22678
82222,1.08809,-1.57253
82223,1.08899,-1.16256
82224,1.07443,6.28305
82225,1.07504,4.82197
82226,1.08729,2.88426
82227,1.05847,3.32134
82228,1.07557,9.93537
82229,1.0787,11.5777
82231,1.02702,1.97386
82232,1.02712,1.44822
82233,1.0765,-3.08994
82237,1.07477,-12.3036
82238,1.07587,-12.4689
82239,1.0587,4.05199
82240,1.06013,4.34855
82241,1.06643,7.11705
82242,1.09152,-1.82484
82243,1.07662,-0.449283
82244,1.0762,-0.719943
82246,1.08336,11.5159
82247,1.06662,1.37104
82248,1.0656,0.957036
82249,1.08606,15.5979
82251,1.04573,8.94333
82252,1.07725,5.13109
82253,1.05278,-5.3205
82254,1.05379,-5.5443
82255,1.05823,-3.70045
82256,1.06899,6.30611
82257,1.01577,11.1711
82259,1.07171,5.80633
82261,1.05778,7.49889
82262,1.058,7.28517
82263,1.06537,1.9886
82264,1.07434,-0.0578418
82265,1.07295,-15.0946
82266,1.0494,4.31031
82267,1.06058,2.20822
82268,1.05687,3.32298
82269,1.05919,8.82234
82270,1.07482,-5.16076
82271,1.07545,-5.63479
82273,1.08765,-1.2943
82275,1.07573,-3.10455
82276,1.04888,-4.3365
82277,1.06869,7.71135
82278,1.09218,1.00512
82279,1.0902,3.17224
82280,1.09088,2.73754
82281,1.06773,6.06727
82282,1.06382,7.72868
82283,1.05891,10.357
82285,1.08364,8.01849
82286,1.05816,-7.35811
82287,1.08957,-3.69693
82289,1.09706,1.21875
82290,1.09594,0.735121
82291,1.05644,-1.41726
82292,1.05565,-1.00104
82293,1.08518,-16.6254
82294,1.05707,-7.01348
82295,1.09239,-3.31225
82296,1.08526,-5.72081
82297,1.07833,-11.7301
82298,1.08002,-13.5498
82299,1.09318,1.40754
82300,1.1,9.5585
82301,1.09921,17.6701
82302,1.038,-4.28616
82304,1.07306,7.57763
82305,1.0915,-3.97004
82306,1.07395,8.72108
82307,1.07416,8.45904
82308,1.08365,-8.52326
82309,1.03979,5.70586
82310,1.06419,-5.10892
82311,1.06008,-4.91439
82312,1.07377,5.69603
82313,1.0724,6.46769
82314,1.04996,-15.9113
82315,1.0562,9.11755
82316,1.05626,8.96138
82317,1.06243,-0.591313
82318,1.04171,8.87324
82319,1.09047,-4.51391
82320,1.09173,-3.60631
82321,1.06091,5.59929
82322,1.08856,-2.06969
82324,1.07105,-10.0447
82325,1.02167,6.87111
82326,1.05043,-1.36425
82328,1.04525,-2.02477
82329,1.07403,14.7947
82330,1.06244,15.2501
82332,1.07953,-9.75727
82333,1.06946,6.83826
82334,1.0911,-3.02255
82335,1.06548,4.58342
82336,1.08147,-13.6261
82337,1.07897,10.3341
82338,1.0889,-4.73613
82339,1.04475,-4.30389
82340,1.04585,-3.17559
82341,1.045,-3.81949
82342,1.01919,-1.29856
82343,1.04212,-3.65782
82344,1.04713,-3.38281
82345,1.09304,6.81992
82347,1.07549,-10.4635
82348,1.07547,-10.2809
82349,1.06776,6.75709
82350,1.07083,6.23595
82351,1.07064,-10.1541
82352,1.09053,-3.64079
82353,1.07777,11.098
82354,1.07756,10.7599
82355,1.03302,6.44296
82356,1.02979,6.98521
82357,1.05771,10.9768
82358,1.0501,-4.41411
82360,1.07379,-7.53318
82362,1.08907,7.80125
82363,1.08623,8.03042
82364,1.09659,14.7534
82365,1.07821,17.5932
82366,1.07896,17.1017
82367,1.07401,19.3948
82369,1.08781,20.1647
82370,1.02852,1.60948
82371,1.01209,-0.60579
82372,1.0867,14.3327
82373,1.08466,13.5863
82374,1.0226,-0.678262
82375,1.02571,-1.60202
82376,1.02602,-1.21201
82377,1.02638,-0.628675
82378,1.05067,9.92438
82379,1.03666,7.7637
82380,1.03401,5.85717
82383,0.992714,-4.04278
82384,0.991035,-4.16506
82385,0.994729,-5.93657
82386,0.995375,-5.20652
82389,1.05161,11.6126
82392,1.01777,1.34876
82393,1.08249,18.7362
82394,1.08306,18.5605
82395,1.08274,18.1689
82396,1.09052,17.8639
82397,1.04373,0.498571
82398,1.08158,15.0073
82400,1.03654,1.41927
82401,1.03601,2.16712
82402,1.08907,16.985
82403,1.0521,7.09579
82404,1.07168,10.8691
82405,1.09485,11.6487
82406,1.06995,13.0601
82407,1.08098,10.6023
82408,1.02827,0.10215
82409,1.02839,0.179994
82410,1.02908,2.08934
82411,1.02769,1.46814
82412,1.08829,13.7222
82413,1.04795,13.6707
82414,1.0662,14.9794
82415,1.08034,18.5321
82416,1.08105,17.8172
82417,1.07785,17.1549
82418,1.07767,17.59
82419,1.08432,17.6431
82420,1.07927,16.9163
82421,1.07925,16.9164
82423,1.08304,17.638
82424,1.08213,17.9589
82425,1.08365,18.0154
82426,1.07603,18.8783
82427,1.07877,18.6479
82428,1.08043,18.1949
82429,1.08146,17.7027
82430,1.08251,17.6434
82431,1.08199,17.043
82432,1.0819,16.9849
82433,1.08201,17.0837
82435,1.08526,17.1826
82437,1.08204,18.8722
82438,1.0829,18.5687
82439,1.0778,16.9978
82440,1.06347,4.89438
82441,1.06383,4.05783
82442,1.06569,2.15966
82443,1.08443,11.0546
82444,1.08061,21.4922
82445,1.07793,20.941
82446,1.07854,20.9581
82447,1.07853,20.5129
82449,1.08301,18.3511
82451,1.07981,23.1351
82452,1.08147,22.6955
82453,1.0339,2.01529
82454,1.09595,16.1519
82455,1.03897,8.75656
82456,1.04177,7.16748
82457,1.04764,8.44326
82458,1.03806,7.72764
82459,1.03597,8.47073
82460,1.02251,1.20296
82461,1.01752,0.315164
82462,1.01691,0.442138
82463,1.03035,0.907632
82464,1.03143,0.390423
82465,1.03333,-0.302353
82466,1.03271,0.150881
82467,1.03788,8.49009
82468,1.04891,8.74535
82469,1.02567,5.08466
82470,1.06907,5.74299
82471,1.0855,19.6698
82472,1.0448,5.09746
82473,1.04509,4.92169
82474,1.07027,2.54649
82475,1.07401,3.74849
82476,1.07323,3.82768
82477,1.09095,0.549953
82478,1.09288,13.211
82479,1.08147,12.5577
82480,1.08119,7.36778
82482,1.06802,6.21982
82483,1.0531,4.47275
82484,1.06319,4.22849
82485,1.07807,14.4543
82486,1.04819,11.7834
82487,1.06477,6.50254
82488,1.02959,1.38097
82489,1.05337,9.86786
82490,1.01612,-0.417855
82491,1.01818,-0.263116
82492,1.0155,1.11516
82493,1.01686,0.731146
82494,1.02339,-1.43155
82496,1.03511,6.71215
82497,1.03484,5.57922
82498,1.02127,-1.91494
82499,1.04922,9.49172
82500,1.05008,9.42891
82501,1.0458,7.82653
82502,1.05405,4.55915
82503,1.03828,4.95468
82504,1.04637,9.56377
82505,1.0209,0.00981585
82506,1.02091,0.0585073
82507,1.02107,-0.844826
82508,1.02685,-0.979191
82509,1.02755,-0.613496
82510,1.02739,-0.837736
82511,1.02772,-1.24134
82512,1.02923,-1.80109
82513,1.03139,-1.85947
82514,1.03011,-1.88221
82515,1.02992,-1.85983
82516,1.03097,-2.08127
82517,1.02955,-2.34337
82518,1.03169,-2.20021
82519,1.02759,-2.84831
82520,1.02623,-2.46746
82521,1.02736,-1.48883
82522,1.02533,0.919094
82523,1.02712,0.1687
82524,1.02562,0.474086
82525,1.02629,-0.525136
82527,1.03116,-2.04041
82528,1.02409,-1.7739
82529,1.02308,-1.51414
82530,1.02315,-2.04627
82531,1.03134,-0.0218186
82532,1.03407,0.180945
82535,1.02464,-0.956041
82536,1.08413,10.5658
82537,1.08455,10.584
82538,1.08256,10.2382
82539,1.06391,14.2451
82540,1.06632,14.5632
82541,1.0643,14.2343
82542,1.05571,14.8292
82544,1.06896,14.4683
82545,1.05241,11.4425
82546,1.06525,4.20466
82547,1.04073,0.193908
82548,1.09532,12.446
82549,1.0918,12.3562
82550,1.02097,-5.29574
82551,1.03497,-3.9775
82552,1.00593,-7.57884
82553,1.01744,-5.62103
82554,1.06749,9.69361
82555,1.09444,9.22367
82556,1.03357,4.3184
82557,1.03308,5.80073
82558,1.06359,14.7283
82559,1.06506,4.10098
82560,1.0665,4.01728
82561,1.06954,1.79587
82562,1.05555,12.215
82569,1.07561,19.3797
82570,1.07596,19.5156
82571,1.07547,19.317
82572,1.07644,18.844
82573,1.07445,19.7728
82574,1.07372,18.4928
82575,1.07643,18.3099
82577,1.075,18.2494
82578,1.04657,6.81148
82579,1.04537,5.3971
82580,1.04321,6.23612
82581,1.04117,5.72381
82582,1.07802,4.69018
82583,1.07147,5.72432
82584,0.917221,-42.044
82586,1.05634,16.2625
82587,1.05843,14.9621
82588,1.05941,13.4905
82589,1.06399,12.3538
82591,1.08717,5.58114
82592,1.08384,5.8618
82594,1.0778,10.6314
82595,1.08667,10.3841
82596,1.06558,5.01529
82597,1.06755,10.4368
82598,1.06914,21.7557
82599,1.07835,16.1416
82600,1.08412,14.9248
82602,0.990747,-5.43605
82603,0.992672,-5.21752
82604,1.03711,28.501
82606,1.04215,6.36849
82607,1.04182,5.64936
82608,1.04184,4.96574
82609,1.09378,11.4247
82611,1.0708,9.01627
82612,1.0781,10.2935
82613,0.942126,-22.1211
82614,0.94096,-20.0331
82617,1.08346,15.8179
82618,1.08263,15.5578
82619,1.06665,19.8538
82621,1.06743,9.45328
82622,1.06829,8.05689
82623,1.06267,9.69462
82624,1.05966,9.28135
82625,1.06335,8.72119
82626,1.05745,10.9078
82627,1.05809,10.7818
82628,1.05719,10.1345
82629,1.05603,10.2674
82630,1.05514,10.0255
82631,1.05481,10.3186
82632,1.05636,9.82769
82633,1.06117,10.3755
82634,1.06329,10.542
82635,1.069,10.8582
82636,1.06934,10.5977
82637,1.05921,9.76897
82638,1.06101,10.8581
82639,1.062,11.3462
82640,1.07056,10.3846
82641,1.06485,10.8429
82642,1.07363,10.3217
82643,1.07115,10.8773
82644,1.06529,12.1023
82645,1.07041,11.7793
82646,1.07147,10.5474
82647,1.06899,10.5289
82648,1.06578,10.8974
82649,1.04,21.0438
82650,1.04959,20.0965
82651,1.05145,20.2318
82652,1.00827,0.385139
82653,1.00808,2.26727
82654,1.00792,1.52874
82655,1.04156,9.68431
82656,1.03316,8.5158
82657,1.03378,8.61153
82658,1.03926,8.64753
82659,1.03588,8.34234
82660,1.04329,0.916096
82661,1.074,11.0728
82662,1.07512,10.7213
82663,1.0469,26.5528
82664,1.04721,26.3201
82665,1.07581,13.5553
82666,1.09407,5.48769
82667,1.06686,8.41419
82668,1.08588,18.4266
82669,1.04167,6.13201
82670,1.04279,6.47794
82671,1.0626,7.55145
82672,1.0591,7.47166
82673,1.04477,6.67981
82674,1.04337,6.44176
82675,1.04227,6.19044
82677,1.04536,6.76093
82678,1.05412,7.32158
82680,1.05426,7.40905
82681,1.05095,7.66175
82682,1.04911,7.44977
82683,1.04723,7.11143
82684,1.04513,6.84372
82685,1.05524,7.46018
82686,1.06242,9.88878
82687,1.07082,9.7255
82688,1.05648,7.66243
82689,1.04588,7.2154
82690,1.04432,7.44391
82691,1.04405,6.29585
82692,1.04664,6.95215
82693,1.04711,7.10414
82694,1.04642,7.20114
82695,1.0451,7.13263
82697,1.05487,22.0414
82699,1.04713,27.6987
82700,1.07733,10.7742
82701,1.07356,11.9892
82702,1.07348,12.0017
82703,1.07554,7.76754
82704,1.03901,7.47549
82705,0.920103,-41.1732
82706,1.08146,18.594
82707,1.08296,18.0424
82708,1.03098,3.04892
82709,1.03072,2.70583
82710,1.03089,2.29312
82711,1.07228,17.5285
82712,1.07184,14.0882
82713,1.08256,20.3372
82714,1.08257,20.1347
82716,1.04686,29.5538
82717,1.04926,29.3263
82718,1.04926,29.3263
82719,1.09226,9.41595
82720,1.0728,5.25446
82721,1.07012,5.22578
82722,1.07009,5.09715
82723,1.08128,8.52211
82724,1.07457,6.34792
82725,1.07279,4.65608
82726,1.07103,5.31481
82727,1.07025,5.26139
82728,1.05373,22.9137
82729,1.05395,15.1638
82730,1.0523,14.2936
82731,1.04598,8.72593
82732,1.04666,8.04172
82733,1.02602,3.42179
82734,1.05921,11.1404
82735,1.06386,11.628
82736,1.06483,11.898
82738,1.06506,11.951
82739,1.05812,11.2141
82740,1.06167,10.9562
82741,1.07614,10.2449
82742,1.07272,7.6401
82744,0.921111,-40.1935
82745,1.05599,5.73158
82746,1.05294,6.5767
82747,0.945848,-19.8754
82748,0.939106,-29.601
82749,1.07907,9.7885
82750,1.02159,2.46713
82752,1.09228,9.92249
82753,1.05983,14.4543
82754,1.05871,14.7166
82755,1.06712,12.1159
82757,1.05826,3.53473
82758,1.03464,-0.627851
82760,1.05433,35.9789
82761,0.994501,37.8715
82762,1.05208,47.3731
82763,1.05302,47.3495
82764,1.05395,47.6055
82765,1.05265,46.9843
82766,1.0546,47.1102
82767,1.05398,47.5398
82768,1.0529,46.287
82769,1.09101,30.7252
82770,1.09248,30.0788
82771,1.09236,29.8929
82772,1.09254,29.0651
82773,1.09179,29.9061
82774,1.0919,29.0579
82775,1.08815,29.5224
82776,1.08905,29.6958
82777,1.0741,32.089
82781,1.07463,39.0429
82783,1.1,37.3367
82784,1.09832,37.3615
82785,1.06566,48.5609
82786,1.04859,44.7897
82788,1.06066,48.927
82789,1.05611,48.5632
82791,1.05749,54.2582
82792,1.04935,49.9416
82793,1.05111,46.7786
82794,1.0502,51.4552
82799,1.08895,38.5167
82800,1.08278,32.916
82801,1.08736,31.6975
82802,1.09452,35.9354
82804,1.08433,38.2926
82805,1.0871,38.0106
82806,1.05188,52.9857
82807,1.05078,51.7879
82809,1.04973,48.1817
82810,1.04918,45.2445
82811,1.06107,43.0409
82812,1.06952,42.6295
82813,1.06946,37.458
82814,1.06813,37.769
82817,1.05774,51.307
82818,1.05772,51.3666
82819,1.05741,51.9694
82820,1.05819,50.2844
82821,1.07355,42.097
82825,1.09109,2.43737
82826,1.01196,-16.5613
82827,1.07765,-3.44536
82828,1.0778,-4.97583
82829,1.08467,-8.76103
82830,1.07495,6.52767
82831,1.03339,-11.5532
82832,1.0521,-10.1802
82833,1.01577,-16.8215
82834,1.01929,-16.9446
82835,1.02407,-13.9944
82836,1.07722,-8.96187
82837,1.09216,-9.01542
82838,1.09005,-10.9266
82839,1.08306,-12.755
82840,1.08915,-10.6756
82841,1.0794,-11.226
82842,1.07959,-11.6396
82843,1.06842,-7.6375
82844,1.0156,-17.8566
82845,1.02007,-17.2436
82846,1.01934,-18.0584
82847,1.01796,-17.3348
82848,1.00054,-18.7847
82849,1.00088,-18.552
82850,0.993901,-18.7681
82851,1.00552,-18.4995
82852,1.00339,-18.2723
82853,1.00994,-17.9547
82854,1.00957,-18.0566
82855,1.09307,-18.1778
82856,1.09126,-17.0142
82857,1.09882,-16.9151
82858,1.09835,-19.2065
82859,1.09622,-16.8804
82860,1.0969,-17.3713
82861,1.09627,-18.6623
82862,1.0962,-18.433
82863,1.08068,0.490444
82864,1.09975,5.06904
82866,1.09891,3.15077
82868,1.038,-19.6357
82869,1.03849,-20.5284
82870,1.04952,-21.1562
82871,1.03543,-21.2551
82872,1.05743,-20.565
82874,1.05321,-21.0864
82875,1.04613,-18.9765
82876,1.04308,-19.6902
82877,1.04933,-20.2531
82878,1.02316,-20.4712
82879,1.01478,-19.7292
82880,1.01421,-19.3354
82881,1.01264,-18.9019
82882,1.01362,-18.6924
82883,1.01712,-19.761
82884,1.0157,-20.0679
82885,1.01852,-20.143
82886,1.01622,-18.6966
82887,1.02319,-18.942
82888,1.01714,-17.8975
82889,1.04985,-18.2811
82890,1.05241,-18.5014
82891,1.07827,-7.99165
82892,1.06647,-7.26904
82893,1.06951,-8.49404
82894,1.07138,-9.67069
82895,1.07378,-10.2718
82896,1.07709,-10.1023
82897,1.06996,-9.24475
82898,1.07686,-9.5339
82899,1.07186,-11.196
82900,1.06791,-6.6117
82901,1.06872,-7.16029
82902,1.07415,-10.2527
82903,1.07397,-10.8161
82904,1.08443,-10.8359
82905,1.0862,-6.92725
82906,1.08193,-9.79834
82907,1.08518,-7.96023
82908,1.07627,-10.5159
82909,1.07793,-6.75632
82910,1.07771,-7.32454
82911,1.06121,-14.1288
82912,1.05907,-13.7464
82913,1.09147,-7.15439
82914,1.08373,-5.44743
82915,1.0836,-5.90415
82916,1.08227,-4.58919
82917,1.08244,-5.29399
82918,1.08182,-5.8929
82919,1.0324,-14.8829
82920,1.03059,-13.5202
82921,1.02671,-13.8568
82922,1.0607,3.50439
82923,1.06802,3.10107
82924,0.971257,-11.7503
82925,0.970503,-12.2084
82926,0.9746,-13.0903
82927,0.973477,-13.4276
82928,0.970069,-12.3801
82929,0.987269,-8.7189
82930,0.994151,-10.0996
82931,1.0679,-13.9626
82932,1.07478,-16.3165
82933,1.0624,-13.0243
82934,1.06814,-12.722
82935,1.06763,-11.5844
82936,1.07342,-14.3276
82937,1.03384,-14.1683
82938,1.00948,-7.87782
82939,1.02488,-6.26353
82940,1.08542,11.9992
82942,1.06169,-14.7708
82943,1.07117,-9.8105
82944,1.07274,-4.37329
82945,1.07205,-3.04901
82946,1.07274,-2.96096
82947,1.09932,-13.37
82948,1.09205,-12.9606
82949,1.09237,-13.2634
82950,1.00636,-0.175271
82951,0.996885,-3.42812
82952,1.00757,-0.292627
82953,1.00616,-0.351694
82954,0.997415,-5.58779
82955,1.00691,-6.08642
82956,0.99963,-17.8052
82957,1.06502,-7.92873
82958,1.08719,7.45586
82959,1.08917,8.4926
82960,1.1,7.38605
82961,1.07052,12.1821
82962,1.06565,13.4068
82964,1.08141,13.7454
82965,1.08513,13.6938
82966,1.06596,-10.3262
82967,1.03628,-11.9313
82968,1.0523,-16.7847
82969,1.0456,-12.0393
82970,1.04563,-12.589
82972,1.01128,-17.9441
82973,1.05837,-17.7344
82974,1.0891,9.06151
82975,1.05148,3.08572
82976,1.07113,-2.36423
82977,1.07165,-1.53588
82978,1.06948,-1.48755
82979,1.07202,-1.28303
82980,1.06685,-0.628736
82981,1.00346,-16.9004
82982,1.00966,-16.5814
82983,1.09649,-16.4421
82984,1.09752,-17.8095
82985,1.09014,-13.3444
82986,1.09181,-13.7698
82987,1.08818,-11.8595
82988,1.08152,3.60981
82989,1.09129,3.58434
82990,1.08211,5.81641
82991,1.08134,5.21905
82993,1.07675,-0.567457
82994,1.07667,-0.716196
82995,1.07605,-0.257542
82996,1.07592,-0.977095
82997,1.07702,-0.34047
82998,1.07692,-0.618657
82999,1.07611,-2.07976
83000,1.07587,-2.37209
83001,1.08055,0.126529
83002,1.07086,1.37606
83003,0.991692,-9.84169
83004,1.00071,-8.56724
83005,1.08947,-3.01295
83006,1.07981,-14.6195
83007,1.07869,-10.4911
83008,1.08189,-11.6592
83010,0.99897,-19.3823
83011,0.999628,-18.7603
83012,0.997777,-20.6207
83013,1.00043,-19.2595
83014,0.999407,-18.8844
83015,0.999561,-18.9656
83016,1.00318,-18.8755
83018,1.00079,-19.8869
83019,0.999413,-18.0698
83020,1.00114,-18.5218
83021,1.00463,-19.1483
83022,1.00479,-18.515
83023,1.00586,-18.9674
83024,1.00839,-19.9386
83025,1.00612,-19.1853
83026,1.00725,-19.3323
83027,0.995822,-17.7961
83028,0.996771,-18.0922
83029,1.01381,-17.291
83030,1.00466,-18.2198
83031,1.01206,-17.7516
83032,1.00576,-19.7949
83033,0.994932,-17.5384
83034,0.993344,-19.7845
83035,0.9959,-18.7998
83036,0.995272,-18.9524
83037,0.996301,-19.3584
83038,0.997196,-19.4377
83039,0.997482,-19.4358
83040,0.995326,-18.7039
83041,0.995053,-17.9665
83042,0.994665,-18.6539
83043,0.99616,-19.9181
83044,0.999961,-19.6825
83045,1.00052,-19.9963
83046,1.00941,-19.3637
83047,1.01142,-19.1807
83048,1.00951,-19.4482
83049,1.01309,-20.7595
83050,1.00603,-19.3541
83051,1.00729,-21.3171
83052,1.00375,-19.4942
83053,1.00367,-17.7141
83054,1.00352,-18.488
83055,1.0018,-18.298
83056,1.00275,-18.464
83057,0.994642,-17.2793
83058,1.00005,-17.6817
83059,1.00171,-18.5363
83060,1.00529,-18.3669
83061,0.994271,-17.4447
83062,1.00195,-18.3684
83063,1.00156,-18.2479
83065,0.991879,-15.832
83066,0.984,-17.1168
83068,0.986541,-17.4735
83069,0.994602,-16.4947
83070,0.993042,-15.2793
83071,0.986513,-15.8022
83072,0.989707,-15.9715
83073,0.997442,-18.435
83074,0.986416,-17.2554
83075,0.995994,-18.6776
83076,0.994437,-18.7215
83077,0.994789,-18.9537
83078,0.995308,-18.7585
83079,0.996983,-18.5637
83080,0.992299,-19.434
83081,0.997837,-18.5327
83082,1.00154,-17.7626
83083,1.00207,-16.9118
83087,0.949627,-8.10078
83088,0.961359,-10.1116
83089,1.07186,-8.28311
83090,1.07412,-8.5587
83091,1.07283,-9.42453
83092,1.07163,-9.43601
83093,1.08115,-7.51931
83094,1.08386,-5.12562
83095,1.09059,-6.4061
83096,1.08918,-7.56495
83097,1.09179,-4.78447
83098,1.04438,5.72657
83099,1.04641,4.19695
83100,1.05137,2.74608
83101,1.07855,-10.3363
83102,1.07626,-9.36753
83103,1.06149,-11.1802
83104,1.05668,-6.90402
83105,1.05172,-8.92203
83106,1.05383,-8.53134
83107,1.05257,-10.9111
83109,1.08247,8.90791
83110,1.08464,8.26252
83111,1.07318,-4.77182
83112,1.07372,-5.62741
83113,1.07456,-5.30034
83114,1.07147,-3.79501
83115,1.07225,-4.52951
83116,1.07249,-2.64379
83117,1.07192,-3.24813
83118,1.06089,-17.3132
83119,1.06209,-17.0316
83120,1.06152,-17.3838
83121,1.04439,-15.8868
83122,1.04486,-16.8037
83123,1.04979,-17.5281
83124,1.04084,-16.0319
83125,1.04183,-16.3588
83126,1.04452,-15.3703
83127,1.04791,-18.9449
83128,1.07788,-2.20951
83129,1.04748,-8.75153
83130,1.08921,-1.69657
83131,1.08966,-1.00246
83132,1.09059,-1.87132
83133,1.09246,-0.0824113
83134,1.09411,-1.03781
83135,1.09521,-1.59313
83137,1.09252,-0.493207
83138,1.09396,-1.43058
83139,1.09448,-2.29878
83141,1.06105,-17.3341
83142,1.06325,-15.3241
83143,1.05494,-16.8709
83144,1.07791,10.4004
83145,1.07266,11.067
83146,1.0782,12.1187
83147,1.07309,-12.8757
83148,1.07814,-14.8697
83149,1.07424,-16.4973
83150,1.0939,12.0145
83151,1.09912,13.64
83152,1.09679,13.5423
83153,1.092,13.0132
83154,1.07833,-7.24973
83155,1.09045,-5.3252
83156,1.0896,-4.61197
83157,1.08955,-4.91614
83158,1.0911,-5.53791
83159,1.09438,-5.79619
83160,1.09644,-5.95927
83161,1.09581,-6.13779
83162,1.09389,-6.91651
83163,1.089,-5.7322
83164,1.09269,-6.37912
83165,1.09116,-6.11531
83166,1.09138,-5.77979
83167,1.09053,-5.77639
83168,1.09043,-5.71352
83169,1.08952,-5.55601
83170,1.08774,-5.48111
83171,1.08653,-5.56622
83172,1.08844,-5.45495
83173,1.08783,-5.60536
83175,1.08801,-4.92006
83176,1.08925,-6.73
83177,1.08736,-5.72127
83178,1.08442,-4.61952
83179,1.08209,-4.04872
83180,1.09236,-3.50319
83181,1.09314,-4.37416
83182,1.09284,-3.44795
83183,1.09217,-4.16785
83184,1.09437,-6.07345
83185,1.0894,-3.85803
83186,1.08989,-4.7211
83187,1.09215,-4.23836
83188,1.08655,-4.95957
83189,1.08759,-6.16673
83190,1.08177,-3.72336
83191,1.08163,-3.91569
83192,1.08567,-5.68304
83193,1.08189,-4.02881
83194,1.0838,-4.39951
83195,1.08833,-5.30717
83196,1.08917,-4.08651
83197,1.08526,-4.32124
83198,1.07955,-4.3234
83199,1.07885,-4.2035
83200,1.0823,-4.53355
83201,1.08184,-4.45526
83202,1.08124,-4.61677
83203,1.07941,-4.25399
83204,1.07972,-4.4359
83205,1.07914,-3.87507
83207,1.07925,-4.71171
83208,1.08389,-5.52802
83209,1.08295,-5.11069
83210,1.0821,-5.04045
83211,1.08161,-4.6416
83212,1.08282,-4.84046
83213,1.08201,-4.84336
83214,1.08179,-4.66604
83215,1.08198,-4.57989
83216,1.08247,-4.57972
83218,1.08773,-6.19601
83219,1.09038,-4.96101
83220,1.08497,-4.41006
83221,1.08503,-5.11355
83222,1.08535,-5.66536
83223,1.07854,-3.47298
83224,1.07829,-3.5847
83225,1.08305,-4.75273
83226,1.09017,-5.44133
83227,1.09321,-5.68561
83228,1.09112,-7.35494
83229,1.0899,-4.14899
83230,1.09072,-3.99199
83231,1.08175,-1.39437
83232,1.09738,0.382847
83233,1.07695,-3.29141
83234,1.07847,-4.35208
83235,1.07498,-2.10167
83236,1.07534,-2.05583
83237,1.07633,-2.24333
83238,1.08616,-4.99004
83239,1.08576,-3.38152
83240,1.0858,-4.11532
83241,1.08568,-3.77977
83242,1.0859,-4.40008
83243,1.08884,-3.19297
83244,1.03797,-12.7526
83245,1.05524,-10.6314
83246,1.05283,-11.7232
83247,1.02621,-10.866
83248,1.01532,-11.8425
83249,1.0235,-8.35425
83250,1.02404,-9.06517
83251,1.0202,-10.0291
83252,1.02415,-8.38409
83253,1.01213,33.5361
83254,1.01281,32.6449
83255,1.07061,41.7423
83257,1.0975,42.6152
83259,0.939945,16.8707
83260,1.07704,23.8513
83261,1.07728,24.8424
83263,1.02491,36.2362
83264,1.03498,38.7237
83265,1.02255,32.7118
83266,1.06411,36.6006
83267,1.02836,8.82946
83269,1.04757,35.9296
83270,1.00633,35.6968
83271,1.09098,39.9243
83272,1.0927,39.8437
83273,1.08971,43.0291
83274,1.09009,43.1947
83275,1.04958,26.6262
83276,1.00119,24.9472
83277,1.01775,27.0997
83278,0.979003,17.6269
83279,0.979041,17.5563
83280,1.00052,14.0394
83282,0.935506,11.114
83283,0.976959,17.9612
83284,0.98077,17.764
83285,0.979559,18.1756
83286,0.979147,18.5142
83287,0.980397,18.2389
83288,0.980772,17.9881
83289,0.980241,17.9749
83290,0.980191,17.861
83291,1.00159,22.6043
83292,0.994586,22.3473
83293,1.0118,24.5678
83294,0.984133,19.0962
83295,0.98432,19.927
83296,1.01114,30.0339
83303,0.94173,-12.5037
83304,0.941345,-13.6803
83305,1.08379,34.3901
83306,1.02248,12.7227
83307,1.04154,11.8133
83308,1.06674,15.949
83309,0.942874,16.721
83310,1.08333,-3.27219
83311,1.06489,-8.03742
83312,1.06963,-6.8752
83313,1.1,18.2712
83315,1.0189,-7.56478
83316,1.01945,-8.52918
83317,1.01695,-2.47078
83318,1.01719,-3.93967
83319,1.01714,-3.91725
83320,1.02095,-8.15058
83321,1.06716,8.76322
83322,1.06353,4.99424
83323,1.07741,-4.97702
83324,1.07692,-4.01806
83325,1.07743,-4.14048
83326,1.07667,-3.56923
83327,1.07933,-5.91969
83328,1.05137,-5.12198
83329,1.04841,-3.30887
83330,1.03869,-2.41358
83331,1.08249,-4.1927
83332,1.09814,-10.3938
83333,1.09838,-10.8534
83334,1.09287,-10.1969
83335,1.09385,-10.2177
83336,1.08948,-9.70217
83337,1.09523,-10.4229
83338,1.0963,-10.0291
83339,1.09453,-9.50243
83340,1.0871,-8.41098
83341,1.08513,-7.99678
83342,1.08916,-8.31636
83343,1.08372,-7.06307
83344,1.08518,-7.28112
83345,1.08825,-7.99754
83347,1.08667,-8.6437
83348,1.08672,-7.18395
83349,1.08882,-7.59531
83350,1.08681,-7.0824
83351,1.08643,-7.28433
83352,1.09048,-7.73325
83353,1.0659,4.28682
83354,1.06594,4.84724
83355,1.06578,5.04832
83356,1.06754,4.84125
83357,1.06693,4.12319
83358,1.06689,6.14552
83359,1.06829,5.11212
83360,1.07003,4.28979
83361,1.07193,3.03063
83362,1.07503,2.56093
83363,1.07237,2.9877
83364,1.07186,4.01113
83365,1.06755,6.14108
83366,1.07187,5.3503
83367,1.06656,6.39055
83368,1.0741,3.56275
83369,1.07577,3.75648
83370,1.07604,3.66691
83371,1.07727,3.10822
83372,1.07704,2.95153
83373,1.07585,3.66328
83374,1.0768,2.59267
83375,1.07591,2.39535
83376,1.07467,2.16525
83377,1.07572,1.894
83378,1.06582,5.43498
83379,1.06494,6.33034
83380,1.06308,8.38277
83381,1.0644,7.60424
83382,1.06272,8.55574
83383,1.06313,7.67257
83384,1.05873,7.52751
83385,1.06197,8.89935
83386,1.06226,8.52675
83387,1.06754,5.67952
83388,1.07016,4.6302
83389,1.07699,3.24547
83390,1.07632,3.84758
83391,1.0767,3.45592
83393,1.06452,5.72957
83394,1.06184,6.45893
83397,1.0601,6.84217
83399,1.05592,7.36558
83400,1.06525,4.81345
83401,1.06452,5.10509
83402,1.06368,5.77794
83403,1.06304,5.7814
83404,1.06329,5.7253
83405,1.05697,6.301
83406,1.06441,4.68376
83407,1.06522,4.97188
83408,1.06252,4.58412
83409,1.06384,3.40121
83410,1.06444,4.39372
83411,1.06504,4.31509
83412,1.06527,3.46316
83413,1.0679,3.05069
83414,1.06183,3.9429
83415,1.06528,4.67853
83416,1.06576,4.15913
83417,1.06601,4.16519
83418,1.06668,3.55254
83419,1.06639,3.75882
83420,1.06501,4.50598
83421,1.06576,4.43132
83422,1.06611,3.7176
83423,1.06659,3.0945
83424,1.06623,3.25091
83425,1.06777,3.28902
83426,1.06888,3.48101
83427,1.06813,2.72062
83428,1.06847,3.43181
83429,1.0686,2.77246
83430,1.0685,2.7965
83431,1.06856,2.78841
83432,1.06696,3.1044
83433,1.06742,2.87353
83434,1.06659,3.09203
83435,1.06764,2.80092
83436,1.07208,2.33801
83437,1.07192,2.25527
83438,1.06915,2.01222
83439,1.07203,2.23344
83440,1.06594,4.74568
83441,1.06683,4.33303
83442,1.06624,4.20279
83444,1.0687,4.19505
83445,1.07154,2.55173
83446,1.07304,2.59114
83447,1.07328,2.43567
83449,1.07361,2.12701
83450,1.06439,4.26291
83451,1.07245,2.44711
83452,1.06553,3.66297
83453,1.06784,3.16984
83454,1.06751,3.96677
83455,1.06991,4.41128
83456,1.07081,3.73684
83457,1.06318,5.58527
83458,1.06453,5.25698
83459,1.06599,-7.14134
83463,1.05297,-4.53632
83464,1.05537,-5.49983
83465,1.05656,-3.73656
83468,1.08807,-8.88358
83469,1.08243,-9.76128
83470,1.08072,-9.88139
83471,1.07423,-9.58676
83472,1.08261,-8.51567
83473,1.09047,-8.72464
83474,1.09144,-8.59741
83475,1.08958,-9.16443
83476,1.1,-8.05941
83477,1.09209,-1.09989
83478,1.09256,-1.61698
83479,1.07172,-5.32276
83481,1.07504,-1.6429
83482,1.093,1.79749
83484,1.09153,0.991697
83485,1.09534,0.36963
83486,1.09182,1.46665
83487,1.09223,1.2997
83488,1.09173,0.969322
83489,1.09076,2.72022
83490,1.09137,2.63585
83491,1.09217,2.22722
83492,1.07124,-3.74666
83493,1.06576,-3.54539
83494,1.06685,-4.02158
83495,1.06762,-4.44134
83496,1.06748,-5.14015
83499,1.07165,-5.01615
83500,1.06996,-5.27795
83501,1.07087,-5.04022
83502,1.06775,-5.66439
83503,1.08091,-0.612907
83506,1.06571,-0.435931
83508,1.06001,0.110149
83509,1.06254,-0.34158
83511,1.06485,-0.592976
83512,1.06575,-2.73619
83513,1.07501,-1.35689
83514,1.07781,-1.65316
83515,1.07405,-7.73341
83518,1.07499,2.46129
83519,1.0667,6.84955
83520,1.07197,-1.52704
83521,1.06292,2.92918
83522,1.06352,1.88427
83523,1.0654,1.16911
83524,1.06155,1.56314
83525,1.06159,1.20453
83526,1.06294,1.52645
83527,1.06417,0.789801
83529,1.06208,0.767919
83530,1.06157,1.06968
83531,1.06264,1.47957
83533,1.06041,0.294079
83534,1.05776,-0.309013
83535,1.05575,-1.40459
83536,1.04672,-2.60509
83537,1.04598,-2.21912
83538,1.04724,-2.39746
83540,1.05522,-0.41892
83541,1.09785,8.97487
83542,1.1,10.3795
83543,1.04364,-8.66988
83544,1.04246,-7.89893
83545,1.08882,-4.63104
83548,1.03855,-8.57634
83549,1.04614,-8.61767
83550,1.03257,-8.76619
83551,1.02912,-6.70479
83553,1.05953,2.78276
83554,1.07871,0.815388
83555,1.07946,-13.75
83556,1.08243,-14.2793
83557,1.08632,-16.3598
83558,1.09026,-18.7649
83559,1.08951,-18.0101
83560,1.08942,-17.9675
83561,1.08724,-17.3766
83562,1.08572,-16.8544
83563,1.08565,-16.7315
83564,1.08239,-16.5593
83565,1.08263,-14.8757
83566,1.08305,-15.4068
83567,1.07922,-12.1452
83568,1.08031,-12.4754
83569,1.07903,-11.2745
83570,1.08152,-13.8813
83571,1.08101,-13.545
83574,1.08211,-12.6907
83575,1.08243,-12.951
83576,1.08178,-13.8017
83577,1.08383,-15.9562
83578,1.08077,-12.7336
83579,1.08116,-13.4372
83580,1.08277,-14.6938
83581,1.08345,-15.2121
83582,1.08206,-13.6891
83583,1.08268,-14.2402
83584,1.08445,-16.1189
83585,1.08514,-16.7504
83586,1.08544,-16.8452
83587,1.08658,-17.2487
83588,1.08405,-16.8395
83589,1.08691,-17.5647
83590,1.08731,-17.4299
83591,1.0883,-18.0595
83592,1.09019,-18.0722
83593,1.09037,-18.0148
83594,1.08666,-17.2005
83596,1.08528,-16.8982
83597,1.0846,-16.5187
83598,1.08558,-16.8805
83599,1.08449,-16.4846
83600,1.08425,-16.1457
83601,1.08321,-15.947
83602,1.08244,-15.8189
83603,1.08476,-16.3194
83604,1.07937,3.85808
83605,1.08191,3.38684
83606,1.0878,3.88818
83607,1.08286,3.23744
83610,1.07727,2.17244
83611,1.0827,2.35619
83612,1.07478,4.69003
83613,1.0748,4.44693
83614,1.07771,2.40801
83615,1.0722,-2.79302
83616,1.08317,-4.66379
83617,1.09105,-21.5577
83618,1.09512,-8.89001
83619,1.08827,-7.97618
83620,1.0883,-8.2968
83621,1.08781,-7.08486
83622,1.09459,-8.9002
83623,1.08904,-8.63591
83624,1.07375,3.19572
83625,1.07948,2.9891
83626,1.03016,9.09026
83627,1.08605,-2.30229
83629,1.08644,-15.2457
83630,1.08759,-16.0734
83631,1.08598,-15.3224
83632,1.08941,-16.2821
83633,1.08992,-16.3969
83634,1.09015,-16.4364
83635,1.08984,-16.1515
83636,1.08807,-16.2081
83637,1.08422,-16.2866
83638,1.08273,-16.0563
83639,1.08277,-16.2366
83640,1.08418,-16.3292
83641,1.07951,-16.6709
83642,1.08398,-16.3958
83643,1.08146,-15.8021
83644,1.07887,-16.634
83646,1.08726,-16.5114
83648,1.08588,-15.4556
83649,1.08453,-15.3262
83650,1.08633,-15.3487
83651,1.08627,-15.5975
83652,1.08578,-15.4894
83653,1.08602,-15.6027
83654,1.08615,-15.4649
83655,1.08668,-15.9385
83656,1.08687,-16.0074
83657,1.08379,-15.4268
83658,1.0844,-16.177
83659,1.08331,-16.5219
83660,1.08516,-16.1431
83661,1.08529,-15.3365
83662,1.08574,-15.5679
83663,1.0839,-15.3954
83664,1.08223,-15.7801
83665,1.08887,-16.5131
83667,1.08945,-16.8951
83668,1.08887,-17.2982
83669,1.08665,-15.6548
83670,1.08693,-15.7692
83671,1.08689,-16.6074
83673,1.08571,-14.3398
83674,1.08727,-15.7913
83675,1.08795,-16.8958
83676,1.08534,-13.4903
83677,1.08516,-14.0942
83678,1.08531,-14.216
83679,1.07731,-14.9528
83680,1.08129,-15.233
83681,1.08182,-17.113
83682,1.07311,-16.0931
83683,1.08164,-16.1077
83684,1.0834,-16.7819
83685,1.07876,-15.5105
83686,1.08135,-16.2233
83687,1.08299,-17.0231
83688,1.07923,-16.6594
83690,1.08448,-15.0602
83691,1.0867,-15.8359
83692,1.08688,-15.3932
83693,1.08461,-14.9328
83694,1.08142,-13.8221
83695,1.08465,-14.9298
83697,1.08588,-17.0208
83700,1.08623,-17.072
83701,1.08815,-17.0192
83702,1.089,-17.6946
83703,1.08921,-17.6602
83704,1.08901,-17.6971
83705,1.08945,-18.0258
83706,1.08879,-18.2695
83707,1.08826,-17.4989
83708,1.0881,-17.4835
83709,1.08712,-16.4765
83710,1.08769,-16.7893
83711,1.08069,-16.5993
83712,1.08262,-17.3415
83713,1.07567,-16.3046
83714,1.08523,-18.0279
83715,1.08402,-18.0592
83716,1.08547,-17.2757
83717,1.08145,-16.8636
83718,1.07608,-16.4986
83719,1.08242,-16.827
83720,1.08197,-16.4941
83721,1.07922,-16.294
83722,1.07543,-16.087
83723,1.07259,-14.774
83724,1.07628,-15.8883
83725,1.07917,-15.878
83726,1.0792,-16.5751
83727,1.07921,-16.7387
83728,1.07542,-16.0106
83729,1.07795,-16.2719
83730,1.08078,-16.4551
83731,1.08285,-16.3108
83732,1.07303,-14.762
83733,1.07799,-15.8724
83734,1.08303,-16.4008
83735,1.08184,-16.0793
83736,1.07561,-16.531
83737,1.08178,-16.0245
83738,1.07764,-15.9826
83739,1.08529,-16.6664
83740,1.0844,-16.6861
83741,1.08513,-15.8978
83742,1.08571,-16.2003
83744,1.08181,-14.0162
83745,1.08122,-13.8964
83746,1.0841,-15.9028
83747,1.08295,-14.7313
83748,1.07955,-14.0019
83749,1.08259,-14.4196
83750,1.08406,-15.866
83751,1.08323,-14.5353
83752,1.08199,-14.069
83753,1.08202,-14.3199
83754,1.08525,-13.8198
83755,1.08344,-14.5809
83756,1.08163,-14.175
83757,1.08123,-13.1221
83758,1.08219,-13.4136
83759,1.0829,-13.8995
83760,1.0771,-12.4249
83761,1.07854,-12.2096
83762,1.08497,-13.8375
83763,1.08508,-13.2248
83764,1.08403,-13.8003
83765,1.08597,-13.7285
83766,1.08615,-13.421
83767,1.08232,-13.7001
83768,1.08219,-13.8831
83769,1.08221,-13.4539
83770,1.07937,-12.8566
83771,1.08029,-13.1632
83772,1.08006,-13.0704
83773,1.083,-14.007
83774,1.08349,-14.0605
83775,1.0807,-13.2378
83776,1.08228,-13.8973
83777,1.08343,-14.054
83778,1.08358,-15.1558
83779,1.08364,-14.9807
83780,1.08473,-15.3792
83781,1.08511,-15.5472
83782,1.08413,-16.0789
83783,1.08399,-16.9285
83784,1.08232,-15.4201
83785,1.08453,-15.5002
83786,1.08501,-16.3094
83787,1.08479,-16.5848
83788,1.08539,-16.8503
83790,1.08725,-16.2446
83791,1.08704,-16.7721
83792,1.08295,-15.8796
83793,1.08432,-16.4884
83794,1.08744,-16.7335
83795,1.08899,-18.0409
83796,1.08726,-17.429
83798,1.08981,-17.904
83799,1.08211,-16.1966
83800,1.08052,-17.423
83801,1.08293,-16.1189
83802,1.08417,-17.7657
83803,1.08221,-14.3182
83804,1.082,-14.8957
83805,1.08333,-15.6393
83806,1.0795,-17.7324
83807,1.07657,-15.7998
83808,1.07912,-15.9578
83809,1.07862,-16.9891
83810,1.08171,-17.8154
83812,1.07806,-17.3336
83813,1.07767,-17.1127
83814,1.08128,-17.681
83815,1.0864,-18.3669
83816,1.08338,-18.174
83817,1.09203,-17.3073
83818,1.09106,-18.2285
83819,1.09253,-18.394
83820,1.09051,-17.6846
83822,1.0701,7.83273
83824,1.0701,0.856865
83825,1.06575,0.130003
83826,1.07135,9.67128
83827,1.06994,9.48756
83828,1.07045,9.26412
83829,1.07224,9.22185
83830,1.07277,8.8648
83831,1.07208,9.34176
83832,1.07258,9.65463
83834,1.07789,7.59284
83835,1.07653,6.03705
83836,1.0755,8.29251
83837,1.07664,8.41859
83838,1.07764,7.98427
83839,1.08219,-15.6915
83840,1.08082,-15.7613
83841,1.09002,-15.255
83842,1.08289,-14.5608
83843,1.08223,-14.8033
83844,1.07692,-15.9373
83845,1.0759,-15.7004
83847,1.07723,-12.189
83848,1.08981,-18.4648
83849,1.09004,-17.6882
83851,1.09105,-18.4672
83852,1.09072,-17.7727
83853,1.09216,-17.3934
83854,1.09333,-17.8087
83855,1.09269,-18.2406
83856,1.09412,-18.0852
83857,1.09443,-18.1251
83858,1.09474,-18.855
83860,1.09456,-17.858
83861,1.09515,-17.7031
83862,1.09476,-15.4883
83863,1.09525,-17.0115
83864,1.09525,-16.8443
83865,1.09456,-14.2605
83866,1.09542,-15.324
83867,1.09626,-16.4623
83868,1.09687,-17.5406
83870,1.09948,-17.2775
83871,1.09919,-17.4814
83872,1.09747,-17.7622
83873,1.0976,-17.7612
83874,1.09724,-17.5168
83875,1.09849,-17.9537
83876,1.09535,-19.2002
83878,1.09776,-18.301
83879,1.09665,-16.3474
83880,1.09837,-17.4133
83883,1.08647,-17.0604
83884,1.08942,-18.6838
83885,1.09307,-18.7078
83886,1.09192,-18.8828
83887,1.09932,-16.3984
83889,1.08091,-18.6977
83891,1.08647,-19.9928
83892,1.08491,-19.3368
83893,1.09863,-13.8132
83894,1.09723,-12.9821
83895,1.09976,-16.3257
83896,1.09946,-16.2588
83897,1.06452,-4.4044
83898,1.06453,-4.81079
83899,1.06485,-4.58677
83900,1.08769,-7.01531
83901,1.07649,-9.36708
83902,1.07719,-9.31303
83903,1.07858,-9.46925
83904,1.06871,-2.01142
83906,1.07174,9.36906
83907,1.09683,-3.651
83908,1.07407,-10.1713
83909,1.0745,-10.1359
83910,1.08029,-9.50581
83911,1.07382,-10.1988
83912,1.07947,-10.2103
83913,1.0733,-8.94488
83916,1.07407,-9.39089
83917,1.07555,-11.6006
83918,1.07965,-11.478
83919,1.07416,-9.51111
83920,1.0764,-10.1758
83921,1.07754,-11.5623
83922,1.07824,-11.028
83923,1.08086,-10.5495
83924,1.08018,-10.5857
83925,1.08279,-9.52138
83926,1.07899,-9.75595
83928,1.07339,-8.93564
83930,1.07183,-8.37324
83931,1.07537,-9.19069
83932,1.07774,-9.03935
83933,1.07869,-9.04039
83934,1.07766,-9.01034
83935,1.0778,-7.58996
83936,1.07942,-6.92837
83937,1.08083,-8.76418
83940,1.08004,-0.568411
83941,1.07871,-2.33347
83942,1.07883,-2.43701
83943,1.09158,-4.49713
83944,1.05624,7.95072
83945,1.05661,8.0378
83946,1.0895,16.0244
83947,1.09412,-5.73563
83948,1.09241,-6.19891
83949,1.09228,-6.869
83950,1.09318,-4.47111
83951,1.0943,-4.76245
83952,1.09425,-4.8319
83953,1.09659,-4.88443
83954,1.09411,-4.42166
83956,1.09757,-4.77254
83957,1.09222,-5.58937
83958,1.09734,-5.50952
83959,1.09552,-5.16481
83960,1.09238,-2.77754
83961,1.0936,-4.01924
83962,1.09313,-2.45977
83963,1.09346,-2.7441
83964,1.0888,-2.26802
83966,1.08965,-5.79964
83967,1.08804,-2.91535
83969,1.09338,-4.22534
83970,1.09305,-5.31923
83971,1.09432,-5.52189
83977,1.09687,-3.66295
83978,1.08838,4.55135
83979,1.09688,8.24034
83980,1.09718,8.41327
83983,1.08224,-12.6555
83984,1.08755,-15.1552
83985,1.07852,-12.2268
83986,1.07625,-12.9379
83987,1.0778,-12.4617
83988,1.07787,-12.1602
83989,1.07432,-14.8048
83991,1.03067,-1.16856
83992,1.03174,-1.80323
83993,1.03195,-2.13003
83994,1.02996,-1.17184
83995,1.02917,-0.0291531
83996,1.03126,-0.294046
83997,1.03204,-2.02363
83998,1.02907,-2.2921
83999,1.03101,-2.28228
84000,1.03057,-2.5294
84001,1.08035,-7.0747
84002,1.08201,-6.52115
84003,1.06617,5.3746
84004,1.07711,3.86075
84005,1.07768,2.50433
84006,1.0816,1.98434
84007,1.07539,5.02115
84009,1.08885,3.1063
84010,1.0813,2.44864
84011,1.07696,2.9734
84012,1.08282,2.6926
84013,1.0781,3.30448
84014,1.07637,4.41443
84015,1.07796,4.26039
84017,1.05817,11.867
84018,1.05845,11.5938
84019,1.05412,12.1281
84020,1.05338,12.068
84021,1.03896,10.432
84022,1.03976,9.60471
84023,1.08585,-7.80594
84024,1.0956,-6.33244
84025,1.09922,17.4046
84026,1.1,16.9987
84027,1.08433,-2.4591
84029,1.05508,-2.87452
84031,1.06339,-4.59043
84032,1.06235,-5.57126
84033,1.08116,-9.42598
84034,1.08109,-9.79065
84035,1.08205,-10.4965
84036,1.08505,-10.7828
84037,1.09104,-11.7192
84038,1.09168,-10.6047
84039,1.09084,-10.521
84040,1.08508,-9.80868
84041,1.08558,-9.7365
84042,1.09459,-10.0883
84043,1.08302,-8.53038
84044,1.08537,-9.30019
84045,1.08758,-11.4517
84046,1.08536,-11.2036
84047,1.08554,-11.3233
84048,1.08626,-11.264
84049,1.08337,-10.8654
84050,1.08266,-10.9628
84051,1.08124,-11.173
84052,1.08101,-11.0352
84053,1.07902,-10.8002
84054,1.07981,-11.1529
84055,1.0847,-10.9333
84056,1.07822,-10.3938
84057,1.07801,-10.1281
84058,1.08428,-11.6105
84059,1.07646,-8.6506
84060,1.08005,-9.73727
84061,1.07776,-9.54886
84062,1.08457,-10.9678
84063,1.08574,-9.25547
84064,1.0914,-9.47775
84065,1.08782,-9.23537
84066,1.09484,-9.74447
84067,1.08326,-10.3919
84068,1.08636,-10.6636
84069,1.09464,-10.0915
84070,1.08947,-10.3049
84071,1.08315,-10.2696
84072,1.08469,-10.7364
84073,1.09226,-11.6675
84074,1.0837,-8.7532
84075,1.0859,-8.2094
84076,1.08391,-9.31053
84077,1.0851,-8.49941
84078,1.08767,-7.87611
84079,1.08513,-7.08462
84080,1.09004,-9.61199
84081,1.08381,-7.75748
84082,1.08653,-8.59196
84083,1.08407,-7.39254
84084,1.07586,-10.7337
84085,1.0726,-7.27009
84086,1.07602,-8.54369
84087,1.07704,-9.34067
84088,1.07572,-8.82628
84089,1.07586,-10.7933
84090,1.0783,-10.3441
84091,1.07871,-10.8092
84092,1.08595,-11.4179
84093,1.08508,-11.9456
84094,1.08945,-11.5363
84095,1.09247,-10.9767
84096,1.08832,-11.4149
84097,1.08714,-10.883
84098,1.08884,-11.9864
84099,1.07606,-10.5021
84101,1.0897,-10.1136
84102,1.08745,-6.88293
84103,1.08882,-5.3201
84104,1.09597,-6.80813
84105,1.09722,-6.75345
84106,1.09144,-3.69717
84107,1.09133,-3.11866
84108,1.09107,-3.68907
84109,1.08948,-3.88449
84110,1.08968,-3.69369
84111,1.08906,-3.77413
84112,1.0886,-3.65653
84113,1.08973,-3.66478
84115,1.08452,-10.1847
84116,1.08306,-10.0384
84117,1.08549,-10.4899
84118,1.08404,-10.0374
84119,1.08312,-9.90524
84120,1.08141,-9.77919
84121,1.08353,-9.90927
84122,1.08359,-9.84526
84123,1.07847,-9.05427
84124,1.0824,-10.1253
84125,1.07997,-10.02
84126,1.08389,-9.79877
84127,1.0827,-8.10304
84128,1.08322,-9.08597
84129,1.08285,-9.37269
84130,1.08324,-9.28551
84131,1.08572,-9.05844
84132,1.08493,-9.01849
84133,1.08421,-7.45661
84134,1.08646,-8.16847
84135,1.08627,-8.43048
84136,1.08551,-7.69615
84137,1.08754,-6.13829
84138,1.08562,-7.73051
84139,1.09243,-8.02094
84140,1.09303,-7.87369
84141,1.08962,-7.33535
84142,1.09111,-8.09181
84143,1.08622,-6.67231
84146,1.07624,-9.90559
84147,1.07467,-9.53316
84148,1.08013,-9.33527
84149,1.07973,-9.43241
84150,1.08002,-9.55672
84151,1.08185,-10.0428
84152,1.08011,-9.53388
84153,1.08089,-10.0863
84154,1.08253,-10.1328
84155,1.086,-9.97372
84157,1.0821,-7.50621
84158,1.08236,-8.39607
84159,1.08336,-9.16355
84160,1.07951,-8.56056
84161,1.07938,-8.95493
84162,1.08174,-9.88527
84163,1.08129,-10.0765
84164,1.08529,-9.12719
84165,1.07487,-7.53282
84166,1.07286,-8.06648
84167,1.09078,-5.903
84168,1.09509,-6.71488
84169,1.09638,-6.50678
84170,1.09694,-7.17471
84171,1.09569,-7.24754
84172,1.09073,-4.40682
84173,1.09404,-4.82158
84174,1.09405,-4.26982
84175,1.09802,-5.14873
84176,1.08907,-5.4869
84177,1.0888,-5.90771
84178,1.0875,-4.5895
84179,1.08862,-4.81378
84180,1.08849,-4.91374
84181,1.08928,-5.69632
84182,1.08943,-6.8854
84183,1.0909,-3.80264
84184,1.08907,-4.08993
84185,1.09113,-3.06114
84186,1.09185,-3.39186
84187,1.08975,-4.03626
84188,1.09031,-4.27128
84189,1.09527,-7.75729
84190,1.0816,-9.60421
84191,1.08512,-10.1262
84192,1.08699,-10.7377
84193,1.08036,-10.6139
84194,1.08483,-10.9887
84195,1.08019,-10.3146
84196,1.07899,-9.52522
84197,1.08059,-10.0573
84198,1.07957,-9.66007
84199,1.07899,-9.38831
84200,1.07709,-8.93219
84201,1.07847,-9.06228
84202,1.07706,-8.91929
84203,1.07651,-8.76087
84204,1.07874,-9.21367
84206,1.07905,-9.72686
84207,1.07442,-7.58021
84208,1.07509,-8.30969
84209,1.07486,-8.12767
84210,1.07714,-8.67523
84211,1.07597,-8.81334
84212,1.07584,-8.86315
84213,1.07516,-8.38713
84214,1.07634,-8.78439
84215,1.07695,-9.25037
84216,1.07819,-11.3886
84217,1.07977,-10.7579
84218,1.07751,-9.66461
84219,1.07894,-10.7231
84220,1.07839,-10.7559
84221,1.07593,-8.72988
84222,1.07594,-8.87175
84223,1.0759,-9.32202
84225,1.0741,-7.77499
84226,1.07515,-8.44336
84228,1.07747,-9.72622
84229,1.07984,-10.1938
84230,1.07836,-10.3889
84231,1.07587,-9.00776
84232,1.07665,-9.55509
84233,1.07363,-7.78876
84234,1.0752,-8.51628
84235,1.07493,-8.62717
84236,1.0761,-8.89943
84237,1.07885,-9.65986
84239,1.08095,-11.08
84241,1.08022,-11.3486
84242,1.08002,-11.1709
84243,1.07987,-11.2294
84244,1.07942,-11.1342
84245,1.08048,-11.1585
84246,1.08123,-11.4651
84247,1.07984,-11.1617
84248,1.07955,-10.9804
84249,1.07839,-10.4827
84250,1.07841,-10.4556
84251,1.07724,-9.77275
84253,1.07991,-10.156
84254,1.08095,-10.6903
84255,1.07976,-11.3135
84256,1.08037,-11.0585
84257,1.081,-11.3205
84258,1.08006,-11.2329
84259,1.0775,-11.3063
84260,1.08123,-11.3199
84261,1.08201,-11.1757
84262,1.08244,-11.1249
84263,1.07994,-11.4109
84264,1.08002,-11.2243
84265,1.08394,-10.9574
84266,1.08125,-10.7929
84267,1.08165,-10.5055
84268,1.08522,-11.0736
84269,1.08117,-10.4521
84270,1.08492,-11.0228
84271,1.08485,-11.7302
84272,1.08393,-11.3892
84273,1.08664,-11.3728
84274,1.08301,-12.0017
84275,1.07974,-12.3325
84276,1.07702,-11.3164
84277,1.07742,-11.3422
84278,1.07691,-10.7896
84279,1.07655,-10.8676
84280,1.07337,-9.50539
84281,1.07343,-9.26272
84282,1.07424,-10.2483
84283,1.07647,-10.5209
84284,1.07747,-10.8554
84285,1.0766,-11.5442
84286,1.07887,-11.4853
84287,1.08617,-11.444
84288,1.08035,-11.2843
84289,1.07969,-11.3147
84290,1.07796,-11.2329
84291,1.0763,-11.0754
84292,1.07671,-11.0504
84293,1.07376,-10.8113
84294,1.07478,-10.5748
84295,1.0776,-10.867
84296,1.07746,-10.705
84297,1.07754,-10.6342
84298,1.06964,-9.90672
84299,1.07308,-10.638
84300,1.07298,-7.2693
84301,1.0738,-9.1307
84302,1.07578,-10.4827
84303,1.08266,-12.5523
84304,1.07908,-11.0524
84305,1.07979,-11.2229
84306,1.07774,-10.9983
84307,1.07959,-11.0836
84308,1.07607,-10.7762
84309,1.0771,-10.2393
84310,1.07762,-10.2667
84311,1.07682,-9.04032
84312,1.08008,-9.54079
84313,1.08286,-10.9296
84314,1.07812,-8.50978
84315,1.07762,-8.72738
84316,1.07514,-7.96119
84317,1.07895,-8.81753
84318,1.07712,-9.56435
84319,1.07896,-9.74069
84320,1.07424,-10.7152
84321,1.07426,-10.6256
84322,1.07683,-11.3908
84323,1.07582,-10.6559
84325,1.07314,-10.4066
84326,1.06973,-9.93336
84327,1.07221,-10.4189
84328,1.07455,-11.3538
84329,1.07357,-10.3879
84330,1.08233,-11.8136
84331,1.0719,-10.64
84332,1.0743,-10.2892
84333,1.07737,-10.9145
84335,1.08084,-11.4056
84336,1.07957,-10.3952
84337,1.0809,-10.6712
84338,1.07762,-11.5519
84339,1.07451,-11.692
84340,1.07878,-11.2735
84341,1.08071,-11.5083
84342,1.08073,-10.6687
84343,1.08144,-10.929
84345,1.07803,-10.0557
84346,1.07996,-10.9592
84347,1.0805,-9.67225
84348,1.08175,-9.41172
84349,1.08239,-10.1644
84350,1.08222,-10.3885
84351,1.04305,0.492686
84352,1.03614,0.684332
84353,1.0366,1.4184
84354,1.0325,0.828789
84355,1.03126,2.97711
84356,1.0312,3.96577
84357,1.08815,14.6024
84358,1.08789,14.4737
84359,1.08628,-1.32035
84360,1.07804,1.2956
84361,1.07737,0.650276
84362,1.07955,2.54076
84363,1.07835,1.60728
84364,1.08005,-3.10627
84365,1.07516,-2.97543
84366,1.07362,-1.35388
84367,1.07553,-0.980867
84368,1.07679,-0.98679
84369,1.07511,-1.36506
84370,1.07458,-2.71413
84371,1.07634,-3.05135
84372,1.0604,-8.6942
84373,1.07195,-8.22694
84374,1.07436,-7.34303
84377,1.07688,-6.9987
84378,1.06988,-8.11076
84379,1.06613,8.21337
84380,1.06527,7.10606
84381,1.06393,7.1914
84382,1.06519,6.64548
84383,1.06516,6.82908
84384,1.06368,5.73373
84385,1.06495,7.0372
84386,1.06425,5.66195
84387,1.06712,5.48912
84388,1.06662,5.20117
84389,1.06434,5.42883
84390,1.06353,3.88646
84391,1.06322,3.35023
84392,1.06325,3.20518
84393,1.06357,2.66249
84394,1.06974,7.295
84395,1.06275,7.17629
84396,1.06291,6.37503
84397,1.06171,4.62282
84398,1.06248,5.70537
84399,1.06247,5.60275
84400,1.06461,5.43822
84401,1.06292,5.75992
84402,1.06324,5.88882
84403,1.06232,6.73361
84404,1.06122,7.21647
84405,1.06121,7.36367
84406,1.06915,8.57034
84407,1.06258,5.64763
84409,1.06298,5.02618
84410,1.06288,-9.39736
84412,1.05959,-7.14987
84413,1.06381,-9.89979
84414,1.07978,12.4108
84415,1.08511,11.9343
84416,1.06139,-8.14569
84417,1.06366,-8.83083
84418,1.05501,-7.10122
84419,1.06088,-8.40408
84420,1.06424,-8.17231
84421,1.06643,-9.45136
84422,1.05436,-7.63238
84423,1.07653,-6.3686
84424,1.07431,-4.5361
84426,1.07482,-3.96279
84427,1.07517,-4.15368
84428,1.07745,-4.3685
84429,1.07719,-6.85679
84430,1.0782,-6.68308
84432,1.05943,9.08643
84433,1.0783,-6.54
84434,1.07798,-7.52948
84435,1.07812,-7.49123
84436,1.07755,-7.90259
84437,1.08122,-10.7673
84439,1.07752,-8.67018
84441,1.09737,13.2937
84442,1.09632,13.7893
84443,1.09975,14.1594
84444,1.08282,-6.02177
84445,1.07953,3.44536
84446,1.05129,-7.44331
84447,1.05289,-5.09624
84448,1.05967,-4.86217
84449,1.05059,-5.90822
84450,1.05318,-6.01597
84451,1.05056,-5.86945
84452,1.05259,-5.26509
84453,1.05008,-4.85692
84454,1.04701,-4.03836
84455,1.04731,-4.3417
84456,1.04519,-4.63411
84458,1.04646,-3.65738
84459,1.0452,-3.64869
84460,1.04646,-3.65594
84462,1.0463,-3.7766
84463,1.04666,-4.08896
84465,1.04902,-2.62575
84466,1.05012,-2.84422
84467,1.04727,-4.17866
84468,1.04741,-4.07783
84469,1.04884,-2.87237
84470,1.0418,-3.58458
84471,1.04693,-3.29204
84472,1.0459,-4.35212
84473,1.04289,-3.92335
84474,1.0444,-3.98134
84475,1.04417,-4.48129
84476,1.04673,-5.30507
84477,1.04622,-4.51509
84478,1.04924,-10.0661
84479,1.0512,-5.8426
84480,1.07476,-8.62341
84481,1.05086,-4.7154
84482,1.04713,-4.77901
84484,1.08968,1.2383
84485,1.07001,-0.486662
84486,1.06736,-12.9219
84487,1.06996,-12.3188
84488,1.06112,-10.0537
84489,1.06182,-10.0204
84490,1.06642,-11.8181
84491,1.06111,-9.12937
84492,1.06242,-9.83968
84493,1.06187,-10.0448
84494,1.0636,-11.4885
84495,1.06779,-12.0833
84496,1.06269,-10.8954
84497,1.07065,-1.10053
84499,1.08076,3.90747
84500,1.0816,-13.6874
84502,1.08388,-13.7933
84503,1.08432,-11.6538
84504,1.08405,-12.4485
84505,1.09569,-3.67437
84506,1.09706,-2.86158
84507,1.09112,-3.74842
84509,1.06563,5.32463
84510,1.09552,-2.86691
84511,1.09644,-3.67883
84512,1.08758,-3.03548
84513,1.09072,-1.06892
84514,1.0887,-0.884044
84515,1.08792,-0.906494
84516,1.05345,16.4399
84517,1.05533,16.8832
84518,1.05667,17.0123
84520,1.08322,3.98432
84522,1.0546,-3.2758
84523,1.07235,-0.767711
84524,1.07266,-1.05085
84525,1.07648,-0.563342
84526,1.0762,-0.881963
84527,1.0643,-8.07519
84528,1.09392,-10.6677
84529,1.08079,-10.5428
84530,1.0885,-6.12632
84533,1.06349,-5.30553
84534,1.07001,-5.82481
84535,1.07649,-5.46086
84536,1.09232,-5.81098
84537,1.09272,-5.45138
84538,1.08401,-5.2814
84539,1.08965,-4.18341
84542,1.03386,5.13623
84543,1.03452,6.66627
84544,1.03435,6.49564
84545,1.03467,6.45288
84546,1.03735,5.11947
84547,1.0331,5.92932
84548,1.03328,5.39581
84549,1.03507,5.38038
84551,1.03348,4.53553
84552,1.03374,4.49418
84553,1.03464,4.44035
84554,1.03394,4.37705
84555,1.03128,4.66377
84556,1.02941,5.82884
84557,1.03106,5.48925
84558,1.0279,6.3027
84559,1.02664,6.03236
84560,1.02706,5.80695
84561,1.03969,5.89508
84562,1.04209,4.82251
84563,1.0265,6.30949
84564,1.02522,6.183
84565,1.03416,3.80635
84566,1.02518,5.76072
84567,1.03155,6.80803
84568,1.08105,-9.86432
84569,1.07789,-9.82636
84570,1.07736,-9.72458
84571,1.07626,-9.75318
84572,1.07067,-7.11124
84573,1.06995,-6.64904
84574,1.07677,-9.17179
84575,1.07631,-9.03257
84576,1.07616,-7.38617
84577,1.07724,-8.19167
84578,1.08207,-9.43742
84579,1.07804,-9.48055
84581,1.08053,-9.2538
84582,1.04285,-2.24929
84584,1.03764,-2.51472
84587,1.0742,-3.13237
84588,1.09537,3.75846
84589,1.09862,5.08462
84590,1.07851,-3.21019
84591,1.07264,-1.05468
84592,1.07862,1.34693
84593,1.06794,3.49899
84594,1.07251,6.44423
84596,1.0742,5.47485
84597,1.0713,6.75032
84598,1.07342,7.3241
84599,1.07723,7.11513
84600,1.07287,7.11486
84601,1.07596,6.608
84602,1.07293,6.48902
84603,1.07991,3.84316
84604,1.09538,-1.5545
84606,1.0822,-9.36985
84607,1.07949,-10.2257
84608,1.07753,-9.20633
84609,1.07852,-8.96152
84610,1.0808,-10.4921
84611,1.07819,-10.2454
84613,1.08185,-10.3413
84615,1.0815,-10.3
84616,1.09069,-10.2215
84617,1.082,-10.6931
84618,1.08857,-10.7163
84619,1.07954,-9.84361
84620,1.08192,-10.4248
84621,1.07855,-10.3301
84622,1.07609,-11.653
84623,1.08693,-11.8629
84624,1.07389,-10.3346
84625,1.06529,-8.57419
84626,1.06152,-7.23844
84627,1.06059,-7.39697
84628,1.06883,-9.9193
84629,1.06844,-9.99263
84630,1.06804,-9.5213
84631,1.06896,-9.64081
84632,1.07433,-7.64318
84633,1.07238,-9.94503
84634,1.09367,14.6833
84635,1.05156,-1.80531
84636,1.03209,-0.120742
84637,1.03776,-0.101504
84638,1.0437,0.0793615
84639,1.05147,6.28184
84640,1.01922,-2.32889
84641,1.01884,-8.46131
84643,1.01728,-6.86335
84644,1.01956,-7.02616
84645,1.08138,-8.50271
84646,1.08265,-9.18806
84647,1.07891,-5.01048
84648,1.07472,-3.60554
84649,1.04081,-2.37328
84650,1.06776,7.82304
84651,1.06149,4.14798
84652,1.06758,7.76163
84653,1.06875,7.34212
84654,1.06814,6.92398
84655,1.07385,5.46435
84656,1.07231,6.0486
84657,1.06842,7.26631
84659,1.07087,6.91089
84661,1.07122,7.39247
84662,1.07521,6.50805
84663,1.07484,6.38396
84664,1.07487,5.92355
84665,1.07486,6.26402
84666,1.07102,7.35836
84667,1.0749,6.44007
84668,1.06794,7.60286
84669,1.06878,6.77694
84671,1.07146,6.68519
84673,1.07558,6.70138
84674,1.06755,4.39711
84675,1.07606,5.90824
84676,1.07645,5.92434
84677,1.06351,4.58225
84678,1.06849,1.0027
84679,1.06628,4.30112
84681,1.06639,7.26666
84682,1.06685,6.64958
84683,1.09415,11.2031
84684,1.05785,-0.00499673
84685,1.05312,-2.23343
84686,1.05519,-2.78187
84687,1.05376,-2.55747
84688,1.0585,-2.68303
84689,1.05648,-2.85401
84690,1.06476,-4.02543
84691,1.06762,-5.8294
84692,1.07372,-7.55747
84694,1.08111,-6.99797
84697,1.07604,-9.87122
84698,1.07581,-9.70625
84699,1.07527,-8.93587
84700,1.07646,-10.166
84701,1.07513,-10.913
84702,1.07531,-11.0873
84703,1.07502,-10.7557
84704,1.0758,-9.5377
84705,1.07085,-7.42237
84706,1.07062,-7.69983
84707,1.07604,-9.88571
84708,1.07526,-10.1801
84709,1.07614,-13.787
84711,1.07242,5.74755
84712,1.07331,6.19438
84713,1.07783,3.95355
84714,1.07801,3.7854
84715,1.04586,-7.1181
84716,1.05333,-8.74746
84720,1.03677,-7.26002
84721,1.02833,-6.16377
84731,1.07225,-7.03419
84732,1.07457,-7.88314
84744,1.09345,15.059
84745,1.07227,3.77632
84746,1.06642,-1.00617
84747,1.07382,8.55616
84748,1.08578,-6.28671
84749,1.08092,-11.9454
84750,1.0796,-10.7823
84751,1.07822,-12.2087
84752,1.07676,-13.5053
84753,1.07007,2.25283
84754,1.0702,2.17507
84756,1.01412,1.95384
84757,1.00726,2.20238
84758,1.01931,0.265242
84759,1.01964,-0.298019
84760,1.02686,-1.51683
84761,1.06522,-5.22031
84762,1.0576,-3.49773
84763,1.0743,-11.8283
84765,1.07866,10.3099
84766,1.08049,9.14572
84767,1.07339,10.1969
84768,1.07847,9.5296
84769,1.07484,7.8439
84770,1.07967,7.0252
84771,1.07705,5.73698
84773,1.0381,-2.88989
84774,1.07021,-6.40281
84775,1.04607,-8.08406
84776,1.04797,-8.0594
84777,1.04414,-7.90925
84778,1.05916,-10.8528
84779,1.0429,-8.37411
84780,1.04082,-6.26788
84781,1.0335,-3.3552
84782,1.06328,-8.14791
84783,1.08713,6.20237
84784,1.09597,3.62678
84785,1.09856,2.72131
84786,1.06772,0.752584
84787,1.06777,0.952103
84789,1.06656,6.63491
84790,1.05455,12.0892
84791,1.07942,-16.6342
84792,1.07562,-13.8907
84793,1.07582,-13.8979
84794,1.07953,-15.3539
84795,1.07916,-16.0375
84796,1.07837,-15.8735
84797,1.07821,-14.5679
84798,1.07821,-15.9589
84799,1.07971,-15.201
84800,1.07733,-14.9829
84801,1.07933,-15.146
84802,1.07854,-15.1584
84803,1.07805,-15.78
84805,1.07663,-15.3028
84806,1.07967,-15.5823
84807,1.07575,-13.7519
84808,1.07667,-14.7381
84809,1.07667,-14.7363
84810,1.077,-15.7146
84812,1.07907,-14.9613
84813,1.078,-15.3936
84814,1.0777,-15.3783
84815,1.07263,-14.8103
84816,1.07313,-13.9171
84817,1.0731,-14.0831
84819,1.07447,-14.8403
84820,1.07472,-14.9805
84821,1.07565,-16.4038
84822,1.07657,-14.6904
84823,1.08086,-14.733
84824,1.07877,-14.8981
84825,1.07695,-14.8313
84826,1.0767,-13.9793
84827,1.07662,-14.5819
84828,1.07741,-14.3749
84829,1.07839,-16.1108
84830,1.07597,-14.3127
84831,1.07898,-14.6558
84832,1.0781,-12.6149
84833,1.07808,-13.1617
84834,1.08054,-13.3925
84835,1.0791,-14.3597
84836,1.07313,-15.2568
84837,1.07304,-14.7975
84838,1.06963,-14.1895
84839,1.07224,-14.2425
84840,1.07237,-15.1875
84841,1.06974,-13.5913
84842,1.07706,-14.7995
84844,1.07265,-14.8354
84846,1.07415,-15.8316
84847,1.07293,-15.8907
84848,1.07431,-16.2617
84849,1.07758,-15.9188
84850,1.07567,-15.7516
84851,1.07579,-15.538
84852,1.07712,-15.134
84853,1.07603,-16.1188
84854,1.07798,-15.9124
84855,1.07698,-15.0229
84856,1.07713,-15.3348
84857,1.07854,-16.791
84858,1.07491,-15.6499
84860,1.07706,-15.95
84861,1.07652,-16.0496
84862,1.078,-15.8001
84863,1.07192,-13.1556
84864,1.0715,-13.8396
84865,1.07047,-14.8096
84866,1.07273,-14.8125
84867,1.07272,-13.7472
84868,1.0734,-14.7538
84869,1.07441,-15.4266
84870,1.07489,-15.3491
84872,1.07471,-15.2241
84873,1.07944,-15.0043
84874,1.07906,-15.9515
84875,1.07741,-15.1152
84876,1.07678,-14.843
84877,1.07887,-14.9876
84878,1.0784,-15.5754
84879,1.07783,-15.5993
84880,1.07871,-15.4408
84882,1.07487,-16.067
84883,1.07705,-16.1002
84884,1.07858,-16.0688
84885,1.07736,-15.9865
84886,1.0789,-16.2562
84887,1.075,-16.0694
84888,1.07792,-16.1121
84889,1.07974,-15.9554
84890,1.07924,-16.1616
84891,1.07948,-15.679
84892,1.07733,-15.542
84893,1.07726,-15.5507
84894,1.07989,-15.8222
84895,1.07957,-16.431
84896,1.0796,-15.9939
84897,1.07962,-16.6375
84898,1.07753,-15.0879
84900,1.07791,-15.9507
84901,1.07628,-15.5452
84902,1.07655,-16.2352
84903,1.07479,-13.3392
84904,1.0754,-13.5594
84905,1.07584,-14.2132
84906,1.07681,-15.14
84907,1.07477,-12.9435
84908,1.07558,-13.3019
84909,1.07442,-11.6925
84911,1.07727,-15.2896
84912,1.07544,-15.4934
84913,1.08333,-16.8971
84914,1.07742,-15.4355
84915,1.07745,-16.0368
84916,1.08287,-17.126
84917,1.07623,-14.5897
84919,1.07682,-15.3973
84920,1.07775,-16.1972
84922,1.07951,-16.0937
84923,1.07831,-15.9271
84924,1.0674,-0.0924309
84925,1.06733,-0.0327909
84928,1.069,-1.14891
84929,1.06917,-0.977293
84930,1.06848,-0.428475
84931,1.06987,-1.01218
84932,1.06796,-0.110641
84933,1.06617,0.413587
84934,1.06602,0.46373
84935,1.06591,0.325576
84936,1.0661,0.0418605
84937,1.0666,0.254928
84938,1.06816,0.002561
84939,1.06856,-1.5771
84940,1.1,15.0995
84941,1.06104,-1.5292
84942,1.06005,-0.775245
84943,1.06057,-0.893903
84944,1.06193,-1.40097
84945,1.06206,-1.36249
84947,1.07803,1.07103
84948,1.06502,-1.59764
84949,1.06595,-5.31498
84951,1.05932,-3.91008
84954,1.06561,-5.16192
84955,1.06551,-5.16576
84956,1.06292,-4.63813
84957,1.06324,-4.83115
84959,1.06925,-7.4359
84960,1.07682,-4.66384
84961,1.06894,-7.14044
84962,1.0753,-4.73492
84963,1.0649,-5.54159
84964,1.06684,-7.11382
84965,1.07479,-3.55274
84966,1.06566,-5.85911
84967,1.06828,-7.18461
84968,1.06439,-6.29567
84969,1.06682,-6.27235
84970,1.06666,-6.41938
84971,1.06314,-6.17296
84972,1.06684,-6.54158
84973,1.06673,-6.97305
84974,1.06594,-6.75509
84975,1.06723,-7.37855
84976,1.06811,-6.71582
84977,1.06805,-6.67665
84978,1.06814,-6.88097
84979,1.06032,-3.85817
84980,1.06474,-5.5521
84981,1.06764,-6.60365
84982,1.06813,-7.4974
84983,1.05856,-5.60865
84984,1.05924,-5.31903
84985,1.05929,-5.60723
84986,1.06184,-6.33357
84987,1.06945,-7.08287
84988,1.06793,-7.07257
84989,1.0677,-6.98355
84990,1.07347,-5.11592
84991,1.07759,-5.46129
84992,1.05927,-3.95058
84993,1.05759,-3.43075
84994,1.05866,-3.72946
84995,1.06081,-4.50719
84996,1.05894,-4.30859
84997,1.05885,-3.76843
84998,1.05728,-2.95762
84999,1.05839,-3.60028
85000,1.05687,-3.21999
85001,1.05804,-3.47617
85002,1.0635,-4.90779
85003,1.07132,-4.82544
85004,1.0688,-3.58073
85005,1.06828,-4.27874
85006,1.07357,-4.09407
85007,1.07348,-4.54807
85008,1.07332,-3.91027
85009,1.06838,-3.89689
85010,1.06924,-4.37325
85011,1.06925,-3.82261
85012,1.05918,-3.61946
85013,1.06198,-4.07862
85014,1.07143,-3.35503
85015,1.06187,-3.83714
85016,1.05322,-6.44949
85017,1.05712,-7.48251
85018,1.06277,-8.28996
85019,1.06827,1.03666
85020,1.0762,3.79157
85021,1.06233,4.96091
85023,1.07618,-9.68897
85024,1.05706,11.2454
85025,1.06133,8.42465
85026,1.0583,10.8523
85027,1.08545,-7.97943
85028,1.07411,-8.77692
85029,1.0767,-7.48532
85030,1.07741,-7.18448
85033,1.08264,0.691626
85034,1.082,0.824526
85035,1.07624,-2.03497
85036,1.07645,-2.28478
85037,1.07689,-2.82953
85038,1.07672,-2.37063
85039,1.05382,2.90037
85040,1.05473,2.65843
85041,1.05335,3.5035
85042,1.05441,3.3388
85044,1.051,3.98302
85045,1.05194,5.21053
85046,1.05211,4.41738
85047,1.04924,3.84949
85048,1.05175,3.9442
85049,1.05194,3.90132
85050,1.05636,2.55744
85051,1.05554,2.42612
85052,1.0853,-4.12077
85053,1.08547,-4.37796
85055,1.0851,-2.34822
85056,1.07937,2.70679
85057,1.07529,-7.63749
85058,1.07509,-8.54186
85059,1.0782,-7.77725
85060,1.07416,-8.0522
85061,1.077,-7.61478
85062,1.07489,-5.99524
85063,1.07348,-7.26247
85064,1.07481,-5.3773
85065,1.0742,-4.94107
85066,1.07602,-7.22189
85067,1.07629,-6.7674
85068,1.07834,-7.59653
85071,1.06753,5.48197
85072,1.068,4.92684
85073,1.07193,-4.78536
85074,1.07171,-5.01173
85075,1.06835,-4.40299
85076,1.07291,-4.47231
85077,1.07264,-8.38656
85079,1.07031,-8.77424
85080,1.06734,-6.94836
85081,1.06294,-5.891
85082,1.06598,-6.53613
85083,1.06386,-5.97737
85084,1.06588,-6.36468
85085,1.06609,-6.81707
85086,1.06565,-5.84177
85088,1.06685,-4.12256
85089,1.06898,-4.29354
85090,1.06617,-3.21866
85091,1.07016,-4.05825
85092,1.06505,-6.64388
85093,1.06668,-6.88773
85094,1.06014,-4.66798
85095,1.06434,-5.52283
85096,1.06552,-5.87958
85097,1.09106,-7.29589
85101,1.0568,6.72168
85102,1.05887,6.33098
85103,1.07058,4.00521
85105,1.08641,-11.6756
85106,1.08353,-9.48004
85107,1.07955,-8.96887
85108,1.07963,-14.0806
85109,1.0646,-2.09396
85110,1.06411,-2.31835
85111,1.06484,-2.58258
85112,1.06972,-6.08302
85113,1.06896,-5.23337
85114,1.06943,-8.76875
85115,1.06815,-9.33242
85116,1.05579,-4.27274
85117,1.07138,-8.68896
85118,1.07405,20.3621
85119,1.06644,-1.96678
85120,1.06583,-1.72908
85121,1.07728,1.34547
