bus_id,Vm,Va_deg
27810,1.1,-1.33007
27811,1.1,-9.93548
27812,1.1,-8.24702
27813,1.08433,-14.6403
27814,1.1,-8.78228
27815,1.1,-7.60787
27816,1.1,-8.25216
27817,1.09817,-7.37359
27818,1.09975,-0.198844
27819,1.1,-9.43282
27820,1.08925,-7.15559
27821,1.1,-2.04932
27822,1.1,-8.317
27823,1.07942,-11.565
27824,1.09128,-13.8104
27825,1.09836,-3.40112
27826,1.09444,-11.622
27827,1.1,-7.19601
27828,1.09425,-28.6313
27829,1.09606,-8.32765
27830,1.1,-6.44628
27831,1.1,-19.8186
27832,1.09886,-6.27774
27833,1.09813,-6.96083
27834,1.09984,-6.20833
27835,1.09923,-8.83364
27836,1.1,-8.67471
27837,1.1,-8.78023
27838,1.1,-7.97842
27839,1.1,-6.79422
27840,1.09968,-6.46096e-12
27841,1.1,-5.42141
27842,1.1,-7.85755
27843,1.08502,-11.0716
27844,1.0951,-10.6407
27845,1.1,-6.15024
27846,1.07927,-10.8301
27847,1.08762,-13.5778
27848,1.1,-6.04126
27849,1.1,-30.2744
27850,1.09914,-8.8465
27851,1.07982,-13.7994
27852,1.04758,-22.1703
27853,1.05784,-12.4494
27854,1.09912,-8.85361
27855,1.1,-8.03469
27856,1.1,-8.03019
27857,1.1,-28.2455
27858,1.08387,-29.5181
27859,1.09993,-6.46119
27860,1.09672,-10.9799
27861,1.08931,-8.50206
27862,1.09928,-8.15206
27863,1.1,-7.41507
27864,1.07359,-12.7432
27865,1.09131,-4.45811
27866,1.07155,-12.1488
27867,1.07384,-9.36965
27868,1.07507,-10.8559
27869,1.07241,-7.6799
27870,1.09138,-16.0566
27871,1.07141,-10.7077
27872,1.0894,-3.88261
27873,1.0668,-14.3914
27874,1.0792,-13.8019
27875,1.07248,-10.9154
27876,1.08484,-9.03069
27877,1.09404,-6.27827
27878,1.06399,-11.5825
27879,1.07885,-27.2612
27880,1.08399,-13.8908
27881,1.05932,-14.3246
27882,1.05308,-13.0159
27883,1.08373,-10.4607
27884,1.08472,-19.7393
27885,1.06169,-14.814
27886,1.07265,-27.7246
27887,1.07165,-15.1588
27888,1.09776,-7.63307
27889,1.05877,-13.225
27890,1.09025,-29.3392
27891,1.06732,-12.1877
27892,1.06113,-12.6096
27893,1.08214,-10.0594
27894,1.09918,-8.10575
27895,1.1,-7.74575
27896,1.06923,-10.6228
27897,1.07136,-16.3762
27898,1.07934,-10.0435
27899,1.09478,-10.5735
27900,1.07953,-7.92251
27901,1.07405,-14.3968
27902,1.09694,-21.3481
27903,1.07848,-11.5856
27904,1.06693,-12.0085
27905,1.08537,-16.0288
27906,1.06951,-14.5031
27907,1.09117,-8.32982
27908,1.07262,-12.033
27909,1.08278,-10.5339
27910,1.06524,-12.6083
27911,1.05492,-15.7569
27912,1.07621,-17.1581
27913,1.06462,-33.5989
27914,1.07185,-12.2272
28026,1.07197,-15.158
28027,1.09374,-12.7178
28028,1.08252,-14.2187
28029,1.08151,-14.2615
28030,1.06894,-15.3731
28031,1.06566,-15.5247
28032,1.08185,-14.0983
28033,1.07177,-15.1517
28034,1.07077,-15.1774
28035,1.06856,-15.3453
28036,1.07071,-15.166
28037,1.0716,-15.1615
28038,1.08015,-14.3363
28039,1.07023,-15.2566
28040,1.07433,-14.9928
28041,1.08391,-14.1562
28042,1.08378,-14.1355
28043,1.06367,-15.5888
28044,1.0637,-15.563
28045,1.06435,-15.5536
28046,1.0631,-15.6174
28047,1.06217,-15.6639
28048,1.062,-15.6758
28049,1.06341,-15.6062
28050,1.06272,-15.649
28051,1.06718,-15.4081
28052,1.06487,-15.5152
28053,1.06761,-15.3937
28054,1.0654,-15.5055
28055,1.0747,-15.1553
28056,1.0825,-14.6322
28057,1.08589,-14.1051
28058,1.08428,-14.3878
28059,1.07692,-14.9033
28060,1.06988,-15.306
28061,1.0739,-15.06
28062,1.08704,-14.0644
28063,1.06175,-15.7965
28064,1.06775,-14.8784
28065,1.09406,-12.3748
28066,1.07637,-14.1716
28067,1.06821,-14.9017
28068,1.06609,-14.9306
28069,1.06405,-15.6758
28070,1.07321,-15.0246
28071,1.08122,-14.4323
28072,1.07465,-14.8348
28073,1.06013,-15.755
28074,1.05874,-15.7721
28075,1.07145,-14.9761
28076,1.07434,-15.1903
28077,1.06138,-15.7038
28078,1.06069,-15.7123
28079,1.06295,-15.6768
28080,1.05924,-15.8215
28081,1.06129,-15.6698
28082,1.07499,-12.3435
28083,1.03914,-16.2336
28084,1.04063,-15.6168
28085,1.04866,-14.771
28086,1.05342,-33.8797
28087,1.08504,-31.5735
28088,1.08383,-30.6541
28089,1.07455,-31.7505
28090,1.04508,-34.4226
28091,1.04613,-34.0522
28092,1.06412,-32.837
28093,1.06441,-32.8666
28094,1.05184,-33.993
28095,1.05261,-33.9398
28096,1.05166,-33.9792
28097,1.06063,-33.6365
28098,1.06242,-33.5753
28099,1.06583,-32.7774
28100,1.0675,-32.6746
28101,1.07243,-32.3335
28102,1.06555,-33.0771
28103,1.07536,-32.1068
28104,1.07904,-31.938
28105,1.08117,-31.9076
28106,1.06831,-33.0476
28107,1.06751,-33.0921
28108,1.07792,-32.121
28109,1.06346,-33.4733
28110,1.06299,-33.5753
28111,1.06366,-33.4456
28112,1.09214,-30.8668
28113,1.06795,-33.1108
28114,1.06562,-33.1305
28115,1.06493,-33.1237
28116,1.06578,-33.0948
28117,1.06451,-33.1267
28118,1.06687,-33.0448
28119,1.06498,-33.1325
28120,1.06469,-33.1345
28121,1.06393,-33.1441
28122,1.06241,-33.1909
28123,1.06337,-33.1506
28124,1.07305,-32.3595
28125,1.07474,-32.2752
28126,1.06847,-32.7968
28127,1.09089,-30.9066
28128,1.06896,-32.9248
28129,1.04974,-15.9279
28130,1.04831,-16.1285
28131,1.09472,-12.0322
28132,1.02969,-16.7637
28133,1.09789,-8.01797
28134,1.08573,-8.87329
28135,1.08908,-8.64129
28136,1.08669,-8.77469
28137,1.09173,-8.26215
28138,1.09002,-8.5405
28139,1.09142,-8.34073
28140,1.09233,-8.21741
28141,1.08803,-8.51955
28142,1.08716,-8.53492
28143,1.09256,-8.17622
28144,1.08666,-8.50496
28145,1.09561,-7.76277
28146,1.098,-6.83216
28147,1.09262,-7.72231
28148,1.09801,-7.40912
28149,1.0975,-7.02369
28150,1.09466,-7.73931
28151,1.09776,-7.14934
28152,1.08055,-7.9416
28153,1.08703,-7.52712
28154,1.09723,-6.41136
28155,1.08966,-7.47314
28156,1.08159,-7.91488
28157,1.07817,-7.95196
28158,1.08261,-7.84323
28159,1.08068,-7.89818
28160,1.07648,-8.04486
28161,1.08144,-7.75422
28162,1.09366,-6.67022
28163,1.05806,-9.30142
28164,1.05971,-9.27461
28165,1.05419,-9.47892
28166,1.05267,-9.48383
28167,1.05234,-9.52135
28168,1.05447,-9.4079
28169,1.05345,-9.46657
28170,1.06865,-8.36503
28171,1.06968,-8.35041
28172,1.05139,-9.55001
28173,1.05235,-9.47458
28174,1.05373,-9.42409
28175,1.05089,-9.56266
28176,1.05836,-9.15969
28177,1.05564,-9.31974
28178,1.0918,-6.84183
28179,1.07113,-8.13095
28180,1.07013,-8.02596
28181,1.06921,-8.0678
28182,1.07321,-7.67843
28183,1.06443,-8.38407
28184,1.06907,-8.29535
28185,1.07469,-7.68453
28186,1.05802,-9.20496
28187,1.06837,-8.1844
28188,1.07201,-7.73361
28189,1.06603,-8.23091
28190,1.06576,-8.29553
28191,1.0724,-7.71829
28192,1.07242,-7.31568
28193,1.06764,-8.18507
28194,1.07565,-7.10324
28195,1.0711,-6.83201
28196,1.06682,-7.21955
28197,1.0739,-6.85035
28198,1.05795,-8.76443
28199,1.0613,-8.56358
28200,1.06539,-7.53489
28201,1.05611,-8.93093
28202,1.04949,-9.49489
28203,1.05277,-9.21056
28204,1.04803,-9.61933
28205,1.04634,-9.70718
28206,1.04598,-9.73027
28207,1.04643,-9.73395
28208,1.04857,-9.63113
28209,1.049,-9.62998
28210,1.05108,-9.60449
28211,1.06078,-9.30025
28212,1.06129,-9.26985
28213,1.05809,-9.46718
28214,1.05586,-9.65826
28215,1.05275,-9.94356
28216,1.05057,-10.0462
28217,1.04955,-10.0933
28218,1.04894,-10.1547
28219,1.0691,-9.25399
28220,1.0759,-8.53391
28221,1.07091,-8.56248
28222,1.06472,-9.05389
28223,1.05453,-9.49436
28224,1.07423,-8.43663
28225,1.07885,-8.2589
28226,1.07234,-8.55148
28227,1.08352,-8.40049
28228,1.08038,-8.11603
28229,1.08568,-9.04402
28230,1.0824,-7.79315
28231,1.0785,-8.16363
28232,1.09033,-6.42722
28233,1.07668,-7.24421
28234,1.06936,-8.19199
28235,1.09067,-6.42309
28236,1.07875,-7.21793
28237,1.06911,-8.20852
28238,1.06973,-8.15151
28239,1.07897,-6.79181
28240,1.09106,-5.83779
28241,1.099,-7.66635
28242,1.08498,-7.67935
28243,1.07063,-8.6858
28244,1.06288,-10.1546
28245,1.04884,-13.1011
28246,1.04664,-13.2356
28247,1.04582,-13.2863
28248,1.04656,-13.2339
28249,1.04718,-13.1373
28250,1.06112,-11.4799
28251,1.04691,-13.2047
28252,1.04632,-13.1502
28253,1.04863,-12.918
28254,1.06299,-11.2293
28255,1.06342,-11.2273
28256,1.04975,-12.9833
28257,1.06462,-11.2174
28258,1.06463,-11.1479
28259,1.05303,-12.7992
28260,1.04844,-12.743
28261,1.04943,-11.4597
28262,1.04339,-13.0104
28263,1.04998,-12.8106
28264,1.04887,-12.8948
28265,1.05177,-12.7733
28266,1.05315,-12.6559
28267,1.06257,-11.4856
28268,1.06289,-11.4267
28269,1.04977,-12.7088
28270,1.05064,-12.6628
28271,1.04831,-12.9714
28272,1.04743,-13.043
28273,1.0516,-12.9349
28274,1.05115,-12.9846
28275,1.05177,-12.976
28276,1.05016,-12.9971
28277,1.04958,-13.0447
28278,1.04917,-13.0547
28279,1.06391,-11.4541
28280,1.06597,-11.3236
28281,1.06112,-12.0919
28282,1.05546,-12.5621
28283,1.05827,-12.3346
28284,1.05913,-12.2436
28285,1.05804,-12.4414
28286,1.06462,-11.4648
28287,1.06387,-11.5382
28288,1.06221,-11.7006
28289,1.0626,-11.6622
28290,1.05355,-12.6569
28291,1.05413,-12.6281
28292,1.06234,-11.5354
28293,1.05012,-12.8955
28294,1.04666,-13.1069
28295,1.0482,-13.0813
28296,1.06102,-11.7212
28297,1.05323,-12.7728
28298,1.05218,-12.8558
28299,1.0516,-12.8706
28300,1.04897,-13.0839
28301,1.05015,-13.0084
28302,1.0513,-12.8881
28303,1.05263,-12.8335
28304,1.05308,-12.8218
28305,1.05344,-12.6717
28306,1.05435,-12.6429
28307,1.04604,-13.1075
28308,1.04688,-13.0798
28309,1.06857,-11.1211
28310,1.06227,-12.082
28311,1.06119,-11.8003
28312,1.06168,-11.7519
28313,1.0489,-13.1083
28314,1.05515,-12.6813
28315,1.05949,-12.3104
28316,1.05918,-12.3349
28317,1.05081,-13.0126
28318,1.05225,-12.9972
28319,1.06104,-12.1371
28320,1.06095,-12.1464
28321,1.05124,-12.9098
28322,1.05337,-12.7586
28323,1.05845,-12.3034
28324,1.05264,-12.8036
28325,1.05438,-12.6874
28326,1.06424,-11.2405
28327,1.06086,-12.0444
28328,1.06519,-11.1682
28329,1.09398,-6.92546
28330,1.07536,-9.57427
28331,1.06527,-11.6021
28332,1.06464,-11.6454
28333,1.06371,-11.7081
28334,1.06412,-11.6745
28335,1.06523,-11.2697
28336,1.05608,-12.7325
28337,1.05637,-12.6587
28338,1.05648,-12.7119
28339,1.05628,-12.6901
28340,1.05868,-12.3097
28341,1.05762,-12.4905
28342,1.05174,-12.8762
28343,1.05656,-12.4917
28344,1.05568,-12.7038
28345,1.05586,-12.5618
28346,1.05596,-12.5598
28347,1.05131,-12.887
28348,1.05536,-12.7869
28349,1.05529,-12.782
28350,1.05483,-12.7913
28351,1.05541,-12.7677
28352,1.05494,-12.8002
28353,1.05532,-12.7808
28354,1.05512,-12.7897
28355,1.05553,-12.7915
28356,1.05585,-12.7951
28357,1.05873,-12.6375
28358,1.05554,-12.784
28359,1.05528,-12.7935
28360,1.05994,-12.5687
28361,1.05941,-12.5779
28362,1.06041,-12.515
28363,1.06083,-12.5047
28364,1.06281,-12.0396
28365,1.06324,-11.9951
28366,1.06661,-11.3946
28367,1.06602,-11.4093
28368,1.07175,-10.882
28369,1.07172,-10.8892
28370,1.07154,-10.907
28371,1.07215,-10.8684
28372,1.06677,-11.6117
28373,1.06553,-11.7611
28374,1.06594,-11.7643
28375,1.06407,-11.9141
28376,1.06479,-12.0122
28377,1.06341,-12.1671
28378,1.06625,-11.8336
28379,1.06533,-12.0183
28380,1.06464,-12.0349
28381,1.06702,-11.7469
28382,1.06813,-11.7209
28383,1.08407,-9.59011
28384,1.06722,-11.7778
28385,1.06688,-11.7181
28386,1.06846,-11.546
28387,1.06748,-11.5813
28388,1.06752,-11.5671
28389,1.06713,-11.5476
28390,1.07311,-11.1538
28391,1.07074,-11.4111
28392,1.06895,-11.5006
28393,1.08246,-9.71305
28394,1.08505,-9.4977
28395,1.05682,-12.6956
28396,1.07002,-10.9949
28397,1.06585,-11.5541
28398,1.06647,-11.5019
28399,1.07205,-10.8244
28400,1.09501,-7.5652
28401,1.07838,-9.88536
28402,1.07072,-10.9835
28403,1.07115,-10.9393
28404,1.06812,-11.4418
28405,1.06516,-11.8299
28406,1.06557,-11.8482
28407,1.07002,-11.0659
28408,1.06964,-11.0943
28409,1.0718,-10.8618
28410,1.07156,-10.8706
28411,1.05745,-12.6861
28412,1.05689,-12.7001
28413,1.05565,-12.7583
28414,1.05804,-12.6825
28415,1.06424,-11.932
28416,1.06972,-11.0156
28417,1.07169,-10.8733
28418,1.06322,-12.0413
28419,1.06246,-12.0596
28420,1.05818,-12.6484
28421,1.05633,-12.652
28422,1.06355,-11.9926
28423,1.06219,-12.1354
28424,1.05157,-13.0562
28425,1.055,-12.794
28426,1.05054,-13.1343
28427,1.05589,-12.77
28428,1.05436,-13.0231
28429,1.05542,-12.8406
28430,1.05827,-12.6892
28431,1.0534,-13.0994
28432,1.05268,-13.1293
28433,1.05355,-13.1328
28434,1.05504,-13.0814
28435,1.05372,-13.1763
28436,1.06064,-12.4179
28437,1.06287,-12.1075
28438,1.05933,-12.5799
28439,1.05853,-12.5315
28440,1.05859,-12.3557
28441,1.06088,-12.2374
28442,1.06914,-11.1438
28443,1.05759,-12.7335
28444,1.06472,-11.8671
28445,1.06885,-11.1826
28446,1.0687,-11.1998
28447,1.05496,-12.9101
28448,1.05534,-12.9003
28449,1.0563,-12.8561
28450,1.05617,-12.8465
28451,1.06923,-11.132
28452,1.06938,-11.1158
28453,1.06953,-11.1037
28454,1.06906,-11.1569
28455,1.0693,-11.1317
28456,1.06987,-11.0696
28457,1.0706,-10.9923
28458,1.07131,-10.9388
28459,1.06868,-11.2052
28460,1.05605,-12.9702
28461,1.05707,-12.8487
28462,1.06749,-11.3063
28463,1.05615,-13.0244
28464,1.05879,-12.8173
28465,1.06301,-12.3503
28466,1.06002,-12.612
28467,1.05753,-12.9364
28468,1.05698,-12.9502
28469,1.06553,-11.9811
28470,1.074,-10.7836
28471,1.07225,-10.8769
28472,1.0648,-12.1848
28473,1.06413,-12.2245
28474,1.05871,-12.866
28475,1.07586,-10.6827
28476,1.09773,-7.92564
28477,1.07006,-11.1836
28478,1.0762,-10.6821
28479,1.05707,-13.0083
28480,1.06031,-12.7507
28481,1.0579,-12.9619
28482,1.0608,-12.6993
28483,1.06123,-12.697
28484,1.0616,-12.6611
28485,1.05145,-13.2423
28486,1.05378,-13.2317
28487,1.05053,-13.3302
28488,1.05181,-13.2021
28489,1.0561,-12.8754
28490,1.06632,-11.3797
28491,1.06808,-11.2528
28492,1.05909,-12.5884
28493,1.06553,-12.1865
28494,1.06212,-12.5765
28495,1.04745,-13.3921
28496,1.05682,-12.7622
28497,1.05194,-13.0869
28498,1.05145,-13.083
28499,1.05278,-13.1493
28500,1.05376,-13.0613
28501,1.05957,-12.7603
28502,1.061,-12.6762
28503,1.06257,-12.5514
28504,1.06195,-12.572
28505,1.05947,-12.7619
28506,1.06099,-12.7459
28507,1.0639,-12.4976
28508,1.07578,-10.7667
28509,1.0741,-10.9521
28510,1.07458,-10.8472
28511,1.07678,-10.6039
28512,1.06867,-11.3762
28513,1.07775,-10.4975
28514,1.0739,-10.8834
28515,1.07408,-10.9594
28516,1.0664,-11.4593
28517,1.07427,-10.8499
28518,1.07445,-10.8197
28519,1.07018,-11.3558
28520,1.09888,-7.85046
28521,1.07231,-11.1197
28522,1.07172,-11.1637
28523,1.07313,-11.0108
28524,1.06293,-11.839
28525,1.06372,-11.8287
28526,1.0637,-11.8222
28527,1.07345,-10.9252
28528,1.06496,-11.926
28529,1.07162,-11.1892
28530,1.06255,-12.6135
28531,1.06267,-12.6109
28532,1.06172,-12.6755
28533,1.07073,-11.2803
28534,1.0724,-11.0528
28535,1.07159,-11.1532
28536,1.0711,-11.2238
28537,1.06984,-11.3971
28538,1.06076,-12.7643
28539,1.06022,-12.801
28540,1.06082,-12.7334
28541,1.06821,-11.6009
28542,1.0669,-11.7601
28543,1.06824,-11.5381
28544,1.06844,-11.5462
28545,1.06695,-11.6311
28546,1.06975,-11.3831
28547,1.0661,-11.6466
28548,1.06396,-11.8151
28549,1.0702,-11.3415
28550,1.07067,-11.3197
28551,1.06985,-11.3825
28552,1.06349,-12.2847
28553,1.06471,-12.1366
28554,1.06457,-12.14
28555,1.06916,-11.4505
28556,1.06569,-11.9809
28557,1.07451,-10.6519
28558,1.0687,-11.5063
28559,1.06783,-11.5868
28560,1.06739,-11.5908
28561,1.06682,-11.7141
28562,1.06691,-11.7191
28563,1.06212,-12.5451
28564,1.06598,-11.8283
28565,1.05968,-12.8383
28566,1.06138,-12.4408
28567,1.06419,-12.3257
28568,1.0652,-12.2541
28569,1.06068,-12.7272
28570,1.0622,-12.6778
28571,1.06199,-12.5946
28572,1.0602,-12.7794
28573,1.06788,-11.7335
28574,1.06063,-12.7416
28575,1.05929,-12.8532
28576,1.05946,-12.8537
28577,1.06774,-12.0035
28578,1.06684,-12.09
28579,1.06013,-12.8138
28580,1.06711,-11.9977
28581,1.08959,-8.12165
28582,1.07024,-11.3757
28583,1.06412,-12.3485
28584,1.06421,-12.3516
28585,1.06899,-11.3907
28586,1.06712,-12.105
28587,1.06889,-11.9407
28588,1.06654,-12.1662
28589,1.06652,-12.1259
28590,1.07372,-10.7774
28591,1.06387,-12.4576
28592,1.06072,-12.7466
28593,1.05993,-12.766
28594,1.06006,-12.7624
28595,1.05997,-12.821
28596,1.06021,-12.805
28597,1.06934,-11.4061
28598,1.06618,-12.1112
28599,1.05859,-12.9504
28600,1.05896,-12.8661
28601,1.0594,-12.8519
28602,1.06057,-12.7332
28603,1.0655,-11.929
28604,1.0813,-9.87298
28605,1.05252,-13.1549
28606,1.05029,-29.9968
28607,1.06476,-31.3602
28608,1.05975,-29.8157
28609,1.08279,-10.322
28610,1.06499,-12.0334
28611,1.05772,-12.8745
28612,1.05935,-12.7172
28613,1.0577,-12.8626
28614,1.05792,-12.8474
28615,1.05784,-12.8925
28616,1.04937,-13.7458
28617,1.05659,-13.0009
28618,1.05937,-12.8757
28619,1.04929,-13.3667
28620,1.05017,-13.2126
28621,1.04912,-13.4499
28622,1.05053,-13.4306
28623,1.05254,-13.4348
28624,1.0696,-11.4995
28625,1.05005,-13.8282
28626,1.04874,-13.7967
28627,1.05578,-13.1039
28628,1.04755,-13.9419
28629,1.05752,-12.8821
28630,1.04879,-13.7161
28631,1.05753,-12.8841
28632,1.04934,-13.6189
28633,1.0483,-13.6414
28634,1.04766,-13.5361
28635,1.04951,-13.3601
28636,1.04789,-13.4586
28637,1.05744,-12.8946
28638,1.03988,-15.8288
28639,1.03531,-16.3258
28640,1.03349,-16.6908
28641,1.03447,-16.6023
28642,1.03345,-16.6554
28643,1.03222,-16.4239
28644,1.03175,-16.5944
28645,1.03416,-16.3279
28646,1.03404,-16.3881
28647,1.05544,-14.7253
28648,1.05599,-14.8742
28649,1.05657,-14.6514
28650,1.05567,-14.7042
28651,1.06931,-13.8416
28652,1.07963,-11.9913
28653,1.07073,-13.4646
28654,1.07887,-12.0411
28655,1.08232,-11.5492
28656,1.07204,-14.0228
28657,1.07022,-12.9374
28658,1.06412,-13.9675
28659,1.06043,-14.3699
28660,1.05163,-15.4826
28661,1.05302,-15.2874
28662,1.05424,-15.1296
28663,1.05588,-14.9553
28664,1.05694,-14.9458
28665,1.05601,-14.9773
28666,1.05031,-15.5408
28667,1.0585,-14.869
28668,1.06225,-14.3841
28669,1.06555,-14.4732
28670,1.0723,-14.0381
28671,1.05791,-15.1152
28672,1.07201,-14.0194
28673,1.07259,-13.5896
28674,1.03732,-16.1729
28675,1.03577,-16.3853
28676,1.04365,-15.6717
28677,1.03241,-16.5697
28678,1.0363,-15.377
28679,1.03467,-16.2919
28680,1.05054,-14.0364
28681,1.08999,-10.0733
28682,1.04216,-15.1139
28683,1.0385,-15.478
28684,1.04201,-15.0813
28685,1.04054,-15.1763
28686,1.04139,-15.0285
28687,1.05173,-14.2199
28688,1.05107,-14.2116
28689,1.03599,-15.6597
28690,1.03291,-15.8946
28691,1.04923,-14.3436
28692,1.04048,-15.167
28693,1.04118,-15.091
28694,1.0401,-16.1945
28695,1.06313,-14.855
28696,1.03432,-16.3627
28697,1.07438,-13.8333
28698,1.04794,-15.846
28699,1.0759,-13.7961
28700,1.03746,-16.1835
28701,1.05523,-14.0148
28702,1.05978,-13.6726
28703,1.07781,-12.0094
28704,1.04606,-16.5619
28705,1.04655,-16.5715
28706,1.0491,-16.3477
28707,1.04512,-16.675
28708,1.0486,-16.3782
28709,1.0447,-16.6859
28710,1.04834,-16.3835
28711,1.04534,-16.5791
28712,1.04559,-16.7112
28713,1.04733,-16.553
28714,1.03734,-17.2686
28715,1.0364,-17.3386
28716,1.03612,-17.3234
28717,1.03743,-17.2781
28718,1.03739,-17.2944
28719,1.03674,-17.3467
28720,1.03736,-17.3303
28721,1.04045,-17.1191
28722,1.04106,-17.1073
28723,1.0365,-17.3533
28724,1.0448,-16.6584
28725,1.04626,-16.6371
28726,1.05046,-15.5863
28727,1.03857,-17.231
28728,1.04208,-17.0319
28729,1.05129,-15.5152
28730,1.08396,-10.8618
28731,1.04008,-17.1565
28732,1.04378,-17.1576
28733,1.04092,-17.5103
28734,1.03966,-17.3184
28735,1.03393,-18.5647
28736,1.03314,-17.9637
28737,1.03549,-18.3588
28738,1.03915,-17.381
28739,1.03788,-17.2958
28740,1.04358,-16.8152
28741,1.04623,-16.795
28742,1.03861,-17.3407
28743,1.04199,-17.3793
28744,1.03862,-17.3837
28745,1.05153,-15.5816
28746,1.04281,-17.0729
28747,1.0439,-17.0427
28748,1.04022,-17.5675
28749,1.03957,-17.6501
28750,1.05209,-15.4892
28751,1.043,-17.2652
28752,1.04264,-17.036
28753,1.04221,-17.0553
28754,1.04203,-17.0504
28755,1.04343,-16.9739
28756,1.04221,-17.0167
28757,1.03881,-17.6913
28758,1.03834,-17.4925
28759,1.0375,-17.6126
28760,1.03817,-17.387
28761,1.03325,-17.1564
28762,1.03785,-16.2452
28763,1.04203,-15.1314
28764,1.03964,-15.8933
28765,1.04124,-15.5055
28766,1.04491,-12.3188
28767,1.06337,-16.7286
28768,1.0592,-17.2822
28769,1.06799,-16.0839
28770,1.04255,-17.995
28771,1.04564,-17.8652
28772,1.0603,-16.8599
28773,1.06026,-16.8072
28774,1.04114,-18.0683
28775,1.04273,-17.9477
28776,1.06123,-16.5336
28777,1.0676,-15.7542
28778,1.06556,-15.9631
28779,1.08333,-8.60163
28780,1.08533,-9.08433
28781,1.09142,-8.56725
28782,1.0725,-10.4781
28783,1.08709,-8.82495
28784,1.06107,-11.7505
28785,1.08994,-8.37285
28786,1.05414,-12.6754
28787,1.08238,-10.1885
28788,1.09894,-12.9938
28789,1.09053,-14.2347
28790,1.0822,-14.4905
28791,1.08177,-11.2541
28792,1.07499,-11.6006
28793,1.07415,-11.6405
28794,1.06028,-12.9324
28795,1.0594,-13.0232
28796,1.05431,-13.3954
28797,1.05663,-13.2736
28798,1.05619,-13.2771
28799,1.05616,-13.3121
28800,1.06232,-12.9272
28801,1.06926,-12.3987
28802,1.05937,-13.0823
28803,1.05444,-13.3231
28804,1.0528,-13.5391
28805,1.05228,-13.5433
28806,1.0523,-13.5733
28807,1.0596,-13.1376
28808,1.07215,-11.9407
28809,1.06007,-12.9342
28810,1.05273,-13.5512
28811,1.06009,-12.9101
28812,1.05969,-12.9539
28813,1.05591,-13.3728
28814,1.06069,-12.8962
28815,1.05637,-13.2333
28816,1.05913,-13.105
28817,1.05736,-13.1873
28818,1.07003,-12.2889
28819,1.06805,-12.4777
28820,1.09989,-8.27992
28821,1.08111,-11.0221
28822,1.0765,-11.7703
28823,1.07513,-11.5023
28824,1.06004,-13.014
28825,1.06917,-12.3162
28826,1.06039,-12.9799
28827,1.06701,-12.4743
28828,1.06245,-12.8323
28829,1.06873,-12.6671
28830,1.06241,-12.828
28831,1.0578,-13.1222
28832,1.05866,-13.072
28833,1.06575,-12.5757
28834,1.06501,-12.8792
28835,1.06526,-12.6165
28836,1.05785,-13.1052
28837,1.06276,-12.7839
28838,1.06665,-12.5449
28839,1.06193,-12.8268
28840,1.06391,-12.7826
28841,1.07493,-11.7416
28842,1.07798,-11.6729
28843,1.05088,-14.0753
28844,1.05756,-13.6279
28845,1.04873,-14.1425
28846,1.05964,-13.1517
28847,1.05841,-13.2226
28848,1.05874,-13.1915
28849,1.05007,-14.0719
28850,1.04813,-14.1685
28851,1.04601,-14.3028
28852,1.04473,-14.3444
28853,1.05794,-13.3225
28854,1.04423,-14.3673
28855,1.04604,-14.3649
28856,1.0464,-14.3045
28857,1.04741,-14.2666
28858,1.07213,-11.9452
28859,1.07248,-11.9148
28860,1.08931,-10.0284
28861,1.04561,-14.4084
28862,1.04726,-14.2968
28863,1.04907,-14.2007
28864,1.05111,-14.095
28865,1.04503,-14.5774
28866,1.05187,-13.9241
28867,1.04519,-14.5171
28868,1.04572,-14.5089
28869,1.04734,-14.3295
28870,1.07492,-12.3358
28871,1.04214,-14.8018
28872,1.045,-14.6591
28873,1.04424,-14.7243
28874,1.04657,-14.4982
28875,1.04034,-15.0762
28876,1.04831,-14.2645
28877,1.04696,-14.3912
28878,1.04064,-15.0359
28879,1.0471,-14.3636
28880,1.03764,-15.4557
28881,1.03768,-15.3273
28882,1.03689,-15.5583
28883,1.03645,-15.6102
28884,1.03617,-15.712
28885,1.03684,-15.7564
28886,1.046,-14.4999
28887,1.05544,-13.4504
28888,1.04841,-13.9633
28889,1.0524,-13.7602
28890,1.07242,-11.5521
28891,1.04773,-14.253
28892,1.04304,-14.7792
28893,1.03619,-15.4134
28894,1.03553,-15.4265
28895,1.0516,-13.7261
28896,1.05286,-13.713
28897,1.04511,-14.5829
28898,1.0491,-14.2198
28899,1.05597,-13.4166
28900,1.05119,-13.8395
28901,1.05238,-13.7663
28902,1.04416,-14.2131
28903,1.05062,-13.9663
28904,1.03704,-15.7643
28905,1.04911,-14.0967
28906,1.04735,-14.2894
28907,1.04986,-14.0803
28908,1.04975,-14.257
28909,1.04178,-14.8313
28910,1.05183,-13.7764
28911,1.07683,-11.2359
28912,1.05184,-13.7498
28913,1.05331,-13.6948
28914,1.07114,-12.1271
28915,1.06688,-12.3169
28916,1.06815,-12.3487
28917,1.06261,-12.5614
28918,1.0746,-11.4002
28919,1.07119,-11.7579
28920,1.06851,-12.0423
28921,1.06332,-12.7144
28922,1.0653,-12.5564
28923,1.05932,-12.8
28924,1.06177,-12.8354
28925,1.05975,-13.004
28926,1.06638,-12.2677
28927,1.06083,-12.8513
28928,1.05975,-12.9332
28929,1.05757,-13.1888
28930,1.06341,-12.55
28931,1.03658,-15.4655
28932,1.0427,-14.5677
28933,1.05554,-13.3586
28934,1.04277,-14.634
28935,1.04436,-14.5549
28936,1.05534,-13.391
28937,1.05757,-13.1578
28938,1.04458,-14.6189
28939,1.05727,-13.2467
28940,1.05827,-13.1482
28941,1.05556,-13.5126
28942,1.05326,-13.7366
28943,1.05264,-13.8052
28944,1.05379,-13.6959
28945,1.05214,-13.862
28946,1.05098,-13.9657
28947,1.05194,-13.8702
28948,1.0504,-13.9949
28949,1.05132,-13.9212
28950,1.04099,-14.8868
28951,1.05013,-14.0889
28952,1.04036,-14.9594
28953,1.04149,-14.8623
28954,1.04177,-14.8601
28955,1.03805,-15.0239
28956,1.04976,-14.178
28957,1.04968,-14.2486
28958,1.04173,-14.8685
28959,1.05012,-13.9941
28960,1.04618,-13.69
28961,1.05537,-13.2956
28962,1.09056,-11.0115
28963,1.09261,-9.34996
28964,1.05129,-32.8996
28965,1.06359,-31.6432
28966,1.05401,-32.5293
28967,1.05338,-32.5331
28968,1.05513,-32.0597
28969,1.05589,-32.0482
28970,1.055,-32.0514
28971,1.06171,-31.6886
28972,1.0598,-31.7084
28973,1.06325,-31.5637
28974,1.06543,-31.0278
28975,1.06547,-31.1979
28976,1.07395,-30.6475
28977,1.07642,-30.3781
28978,1.06263,-31.733
28979,1.08515,-29.5227
28980,1.06088,-31.914
28981,1.06039,-31.8687
28982,1.06892,-31.1067
28983,1.06857,-31.1497
28984,1.05702,-32.0566
28985,1.05595,-32.0942
28986,1.06594,-31.3396
28987,1.04727,-33.2972
28988,1.0462,-33.533
28989,1.04517,-33.5947
28990,1.05952,-31.5437
28991,1.0406,-34.8616
28992,1.03204,-34.6442
28993,1.0411,-33.7204
28994,1.04408,-33.5622
28995,1.04205,-33.6965
28996,1.03432,-34.5963
28997,1.03738,-34.3498
28998,1.04393,-33.6853
28999,1.03556,-34.4724
29000,1.04489,-33.5863
29001,1.04422,-33.6549
29002,1.04604,-33.3137
29003,1.0432,-33.7129
29004,1.04607,-33.4496
29005,1.04742,-33.2866
29006,1.04562,-33.2724
29007,1.05478,-32.3081
29008,1.06198,-31.3956
29009,1.05231,-32.5159
29010,1.05987,-31.4872
29011,1.0478,-32.9676
29012,1.04746,-33.0266
29013,1.04682,-33.0328
29014,1.04918,-32.8441
29015,1.06397,-31.3841
29016,1.08026,-29.9148
29017,1.08162,-29.8101
29018,1.07891,-30.1176
29019,1.06686,-31.0145
29020,1.07122,-30.7646
29021,1.06825,-31.0045
29022,1.05608,-31.6634
29023,1.07847,-30.2146
29024,1.08477,-29.6695
29025,1.08201,-29.7511
29026,1.08055,-29.9165
29027,1.08049,-29.9235
29028,1.08374,-29.7434
29029,1.07914,-29.8304
29030,1.08223,-29.6975
29031,1.08928,-29.4093
29032,1.0288,-32.9257
29033,1.03305,-32.5605
29034,1.04261,-33.1292
29035,1.04814,-15.6217
29036,1.04789,-15.6481
29037,1.04783,-15.6628
29038,1.04781,-15.6647
29039,1.04795,-15.6468
29040,1.04839,-15.5971
29041,1.04735,-15.7235
29042,1.06839,-12.891
29043,1.03755,-16.8018
29044,1.04028,-16.6141
29045,1.0434,-16.2735
29046,1.0445,-16.1514
29047,1.047,-15.7524
29048,1.04335,-16.2449
29049,1.04647,-15.7805
29050,1.0471,-15.7325
29051,1.04913,-15.486
29052,1.04816,-15.4549
29053,1.04864,-15.5565
29054,1.04556,-16.0705
29055,1.04489,-30.5198
29056,1.03037,-33.3977
29057,1.01251,-36.9003
29058,1.00924,-37.1212
29059,1.05713,-24.272
29060,1.05718,-24.1593
29061,1.05035,-27.2289
29062,1.07372,-27.1288
29063,1.04967,-26.7592
29064,1.05835,-24.1363
29065,1.05335,-26.6662
29066,1.05432,-24.7077
29067,1.06837,-26.5736
29068,1.06954,-15.6803
29069,1.07132,-15.3977
29070,1.07469,-14.8972
29071,1.07652,-15.3038
29072,1.07901,-15.3624
29073,1.0643,-5.5724
29074,1.06313,-10.001
29075,1.04224,-10.6223
29076,1.02719,-35.9142
29077,1.02613,-36.3635
29078,1.01975,-36.4909
29079,1.07248,-17.4496
29080,1.08473,-17.0332
29081,1.07413,-16.6992
29082,1.08247,-8.70172
29083,1.07704,-9.00269
29084,1.09025,-7.86634
29085,1.09635,-7.15923
29086,1.09694,-6.47619
29087,1.08889,-7.93623
29088,1.09049,-5.3774
29089,1.08478,-5.43757
29090,1.0554,-10.1086
29091,1.06282,-10.3974
29092,1.05948,-10.4005
29093,1.07279,-6.8126
29094,1.05794,-14.9826
29095,1.06038,-14.8788
29096,1.06218,-14.6955
29097,1.06106,-14.8146
29098,1.06124,-14.8393
29099,1.05047,-15.5814
29100,1.06442,-14.67
29101,1.0564,-15.5095
29102,1.06632,-14.563
29103,1.07791,-13.8895
29104,1.07133,-13.858
29105,1.07472,-13.8315
29106,1.07257,-14.1496
29107,1.07518,-14.0238
29108,1.07552,-14.0319
29109,1.07231,-14.3023
29110,1.07151,-14.5195
29111,1.06236,-15.335
29112,1.06256,-15.3512
29113,1.07071,-14.5377
29114,1.07095,-14.496
29115,1.07163,-14.4082
29116,1.05948,-15.3251
29117,1.06757,-14.6177
29118,1.0718,-14.401
29119,1.07127,-14.4638
29120,1.07193,-14.3779
29121,1.07096,-14.5155
29122,1.07071,-14.5747
29123,1.07128,-14.548
29124,1.07073,-14.5583
29125,1.07098,-14.531
29126,1.07064,-14.5469
29127,1.07008,-14.6031
29128,1.07005,-14.6166
29129,1.06947,-14.7016
29130,1.06965,-14.6788
29131,1.06825,-14.788
29132,1.06811,-14.7879
29133,1.06941,-14.7138
29134,1.07219,-14.5028
29135,1.05878,-15.2825
29136,1.0689,-14.6612
29137,1.07227,-14.0361
29138,1.04914,-12.1831
29139,1.09114,-10.4405
29140,1.05279,-11.9957
29141,1.05207,-12.0716
29142,1.06836,-10.6271
29143,1.06952,-10.4546
29144,1.05597,-11.8019
29145,1.05027,-12.3367
29146,1.0518,-12.2531
29147,1.06837,-10.3985
29148,1.05022,-12.3417
29149,1.04656,-12.646
29150,1.04581,-12.6225
29151,1.05249,-13.1972
29152,1.04591,-12.7039
29153,1.06129,-10.862
29154,1.05071,-12.5322
29155,1.04825,-12.7294
29156,1.04379,-12.828
29157,1.06443,-8.95709
29158,1.05284,-10.7381
29159,1.0473,-12.3023
29160,1.05921,-10.4297
29161,1.06142,-9.81037
29162,1.05052,-12.1556
29163,1.05843,-12.7938
29164,1.054,-13.3642
29165,1.06641,-11.8961
29166,1.05034,-13.6944
29167,1.04883,-13.7166
29168,1.05023,-13.6438
29169,1.0508,-13.7204
29170,1.05171,-13.7129
29171,1.04922,-14.0579
29172,1.06297,-12.862
29173,1.0519,-13.7397
29174,1.05229,-13.6955
29175,1.0677,-11.7869
29176,1.05469,-13.2587
29177,1.05503,-13.2387
29178,1.065,-12.5602
29179,1.05898,-12.9686
29180,1.05575,-13.4674
29181,1.05633,-13.4631
29182,1.05454,-13.5855
29183,1.06576,-12.6114
29184,1.0569,-13.5288
29185,1.06524,-12.5897
29186,1.06538,-12.5434
29187,1.05966,-12.9353
29188,1.06707,-12.267
29189,1.06675,-12.3264
29190,1.06653,-12.3769
29191,1.06636,-12.425
29192,1.06663,-12.4209
29193,1.06707,-12.4098
29194,1.06942,-12.3008
29195,1.0698,-12.2134
29196,1.06925,-12.3008
29197,1.06997,-12.1337
29198,1.07161,-11.9767
29199,1.07213,-11.9171
29200,1.0652,-12.453
29201,1.07286,-11.8377
29202,1.06553,-12.4555
29203,1.06783,-12.153
29204,1.06845,-12.0664
29205,1.067,-12.0724
29206,1.07784,-11.0133
29207,1.06923,-11.9639
29208,1.07391,-11.7382
29209,1.07867,-11.1624
29210,1.07837,-11.2446
29211,1.07846,-11.2361
29212,1.07275,-11.8672
29213,1.07259,-11.8744
29214,1.06649,-12.362
29215,1.07807,-11.5055
29216,1.07281,-11.9289
29217,1.0658,-12.36
29218,1.07378,-11.7389
29219,1.07397,-11.7172
29220,1.07456,-11.6689
29221,1.06852,-12.1174
29222,1.07895,-11.0852
29223,1.0964,-9.10645
29224,1.07843,-11.2399
29225,1.06217,-12.8773
29226,1.06632,-12.3564
29227,1.07834,-11.4886
29228,1.07214,-11.988
29229,1.07663,-11.5278
29230,1.06143,-12.8836
29231,1.07658,-11.488
29232,1.07637,-11.4998
29233,1.07623,-11.5097
29234,1.07353,-11.9863
29235,1.07159,-12.1163
29236,1.07936,-11.7879
29237,1.07051,-12.1318
29238,1.07841,-11.4716
29239,1.07272,-12.029
29240,1.07857,-11.2683
29241,1.07323,-11.987
29242,1.07205,-12.0967
29243,1.07312,-12.0212
29244,1.0725,-12.1494
29245,1.07246,-12.1446
29246,1.09231,-11.6257
29247,1.08377,-10.2053
29248,1.06088,-12.9871
29249,1.05647,-12.329
29250,1.0457,-12.7341
29251,1.05769,-12.334
29252,1.05777,-12.7938
29253,1.05474,-13.0928
29254,1.05328,-13.2515
29255,1.04401,-15.7147
29256,1.04189,-15.3899
29257,1.03604,-15.7492
29258,1.03705,-15.4821
29259,1.03593,-15.6858
29260,1.05093,-13.1636
29261,1.03538,-15.769
29262,1.05205,-12.9607
29263,1.05356,-12.7225
29264,1.05681,-12.8686
29265,1.05916,-12.7447
29266,1.06074,-12.563
29267,1.06884,-11.6829
29268,1.06864,-11.7018
29269,1.05796,-12.908
29270,1.05218,-13.3867
29271,1.04371,-14.6328
29272,1.05066,-13.7661
29273,1.04277,-14.4224
29274,1.04201,-15.078
29275,1.042,-14.7976
29276,1.04333,-14.7646
29277,1.04201,-15.0987
29278,1.04046,-15.3114
29279,1.0517,-13.6141
29280,1.0435,-14.3812
29281,1.05128,-13.6716
29282,1.03699,-14.8362
29283,1.03751,-14.8258
29284,1.05326,-13.4714
29285,1.03907,-15.3004
29286,1.03349,-16.1323
29287,1.0348,-16.0661
29288,1.03726,-15.3127
29289,1.03485,-16.1651
29290,1.03896,-15.3383
29291,1.03672,-16.1219
29292,1.03575,-15.5139
29293,1.03779,-16.0576
29294,1.04958,-13.4763
29295,1.0415,-14.9344
29296,1.03514,-16.0101
29297,1.03891,-15.6043
29298,1.04828,-14.0969
29299,1.04049,-15.1727
29300,1.037,-15.784
29301,1.04153,-15.2021
29302,1.05011,-13.929
29303,1.04235,-14.5903
29304,1.0406,-14.697
29305,1.04184,-15.2195
29306,1.04371,-14.5411
29307,1.04567,-14.3634
29308,1.04307,-15.206
29309,1.04476,-14.5035
29310,1.0448,-14.5381
29311,1.04096,-15.3248
29312,1.04546,-14.5589
29313,1.04721,-14.7888
29314,1.04616,-14.5527
29315,1.04846,-14.757
29316,1.04867,-14.4608
29317,1.05646,-13.6788
29318,1.0587,-13.6206
29319,1.05981,-13.5848
29320,1.03978,-15.6765
29321,1.0461,-15.0025
29322,1.04648,-14.9026
29323,1.04081,-15.9594
29324,1.03454,-16.1498
29325,1.03878,-15.3479
29326,1.03944,-15.5503
29327,1.04101,-15.4289
29328,1.03992,-15.4601
29329,1.042,-16.0396
29330,1.04279,-15.6562
29331,1.04879,-14.557
29332,1.04772,-14.8107
29333,1.03899,-15.8648
29334,1.03738,-15.8944
29335,1.03867,-15.5575
29336,1.03863,-15.6091
29337,1.06652,-12.8056
29338,1.09107,-9.80541
29339,1.05671,-13.9337
29340,1.04978,-14.6622
29341,1.05794,-13.7972
29342,1.05204,-14.2832
29343,1.07669,-11.6156
29344,1.06238,-13.3318
29345,1.05206,-14.3018
29346,1.05983,-13.6061
29347,1.05066,-14.4571
29348,1.0659,-13.0831
29349,1.05108,-14.3145
29350,1.05532,-14.1079
29351,1.05157,-14.4293
29352,1.06513,-13.2382
29353,1.06602,-12.7707
29354,1.04534,-14.4864
29355,1.06617,-12.7672
29356,1.06402,-12.8122
29357,1.0651,-12.7521
29358,1.06576,-12.7324
29359,1.0657,-12.662
29360,1.0657,-12.6993
29361,1.07255,-11.3616
29362,1.07153,-11.4808
29363,1.06153,-12.4686
29364,1.05131,-12.7444
29365,1.04614,-12.9032
29366,1.04695,-12.8684
29367,1.04816,-12.8211
29368,1.05393,-12.5006
29369,1.05075,-12.5882
29370,1.05166,-12.5086
29371,1.05374,-12.3432
29372,1.06373,-11.2856
29373,1.07225,-11.1699
29374,1.05568,-12.2598
29375,1.06504,-12.0421
29376,1.07393,-10.7853
29377,1.05793,-12.1354
29378,1.05997,-11.9935
29379,1.05908,-11.8936
29380,1.05106,-12.3653
29381,1.05015,-12.2787
29382,1.05978,-11.7726
29383,1.06107,-11.6957
29384,1.05124,-12.3192
29385,1.0481,-12.5823
29386,1.04842,-12.6386
29387,1.04846,-12.6594
29388,1.05839,-12.0286
29389,1.04956,-12.4815
29390,1.0596,-11.8598
29391,1.05336,-12.1039
29392,1.0643,-11.3735
29393,1.0688,-10.8918
29394,1.07021,-10.8462
29395,1.05954,-11.9022
29396,1.0575,-12.0461
29397,1.06698,-10.9334
29398,1.06896,-10.7205
29399,1.05635,-11.9472
29400,1.07169,-10.4313
29401,1.07891,-10.0933
29402,1.05706,-12.1077
29403,1.06134,-11.7421
29404,1.07569,-10.5182
29405,1.06085,-11.871
29406,1.0632,-11.7418
29407,1.06423,-11.6904
29408,1.05696,-12.3519
29409,1.05638,-12.2363
29410,1.06066,-11.8814
29411,1.05916,-11.8919
29412,1.06143,-11.8132
29413,1.0608,-11.7908
29414,1.06804,-10.7612
29415,1.06875,-10.7199
29416,1.06645,-11.0634
29417,1.07071,-10.5773
29418,1.06984,-10.5959
29419,1.06668,-11.0921
29420,1.0663,-11.082
29421,1.06515,-11.0838
29422,1.06587,-11.0539
29423,1.08001,-9.79681
29424,1.07007,-10.5597
29425,1.07661,-10.9536
29426,1.05994,-12.373
29427,1.0588,-12.4104
29428,1.05884,-12.3135
29429,1.07717,-10.7485
29430,1.09893,-8.33097
29431,1.07718,-10.4134
29432,1.06141,-11.9153
29433,1.07609,-10.4096
29434,1.09959,-7.75085
29435,1.06686,-11.2188
29436,1.09873,-8.06798
29437,1.08212,-9.67073
29438,1.0687,-11.0655
29439,1.0802,-9.81648
29440,1.09843,-6.93893
29441,1.07272,-9.56462
29442,1.07535,-10.2892
29443,1.06958,-10.5845
29444,1.07939,-9.77374
29445,1.08325,-9.44735
29446,1.07831,-9.95711
29447,1.07814,-9.94854
29448,1.07743,-10.0229
29449,1.07428,-10.2543
29450,1.07352,-10.3539
29451,1.09779,-7.45167
29452,1.07459,-10.1427
29453,1.08442,-9.02454
29454,1.07585,-10.036
29455,1.07233,-10.6485
29456,1.08864,-8.84895
29457,1.08502,-9.41492
29458,1.08368,-9.46882
29459,1.07145,-10.3394
29460,1.08334,-9.48016
29461,1.07249,-10.2897
29462,1.07469,-10.2349
29463,1.08191,-9.57875
29464,1.08301,-9.48839
29465,1.07922,-9.77824
29466,1.08287,-9.48672
29467,1.06797,-10.9768
29468,1.08752,-9.30908
29469,1.08784,-9.06074
29470,1.08759,-9.03749
29471,1.08786,-9.28611
29472,1.08713,-9.32116
29473,1.08637,-9.36047
29474,1.08623,-9.35887
29475,1.08413,-9.5186
29476,1.03705,-15.4827
29477,1.03597,-15.7521
29478,1.06461,-13.4063
29479,1.07931,-11.4271
29480,1.03867,-15.5577
29481,1.03092,-33.9878
29482,1.03533,-33.8474
29483,1.03161,-34.0969
29484,1.04113,-33.2026
29485,1.07644,-5.07575
29486,1.08892,-3.9435
29487,1.07873,-5.11123
29488,1.09503,-3.24103
29489,1.08379,-4.56737
29490,1.08977,-3.87583
29491,1.06258,-7.14872
29492,1.07925,-4.88439
29493,1.07999,-4.95583
29494,1.07881,-5.06332
29495,1.08868,-3.9186
29496,1.08333,-4.53639
29497,1.08328,-4.48996
29498,1.08789,-3.95724
29499,1.08242,-4.50851
29500,1.08706,-3.97949
29501,1.07486,-5.12342
29502,1.07654,-4.84241
29503,1.09067,-3.997
29504,1.09028,-4.11222
29505,1.06896,-6.72175
29506,1.08097,-5.30853
29507,1.0775,-5.86348
29508,1.07605,-6.10512
29509,1.06917,-6.75735
29510,1.07534,-6.2959
29511,1.09123,-3.95828
29512,1.07096,-6.64196
29513,1.07528,-6.55138
29514,1.09547,-3.02548
29515,1.03832,-31.8131
29516,1.04005,-31.8677
29517,1.0458,-31.666
29518,1.03089,-33.7787
29519,1.03223,-33.1645
29520,1.04554,-30.2274
29521,1.03019,-32.8623
29522,1.03042,-32.6771
29523,1.06936,-27.8636
29524,1.05642,-28.9797
29525,1.03293,-33.1426
29526,1.05116,-22.6993
29527,1.06063,-21.5306
29528,1.07213,-21.1311
29529,1.07504,-17.2688
29530,1.07968,-16.2724
29531,1.07123,-12.7729
29532,1.07025,-13.6355
29533,1.0694,-14.2021
29534,1.07813,-11.059
29535,1.07234,-11.8919
29536,1.04855,-13.0637
29537,1.05575,-14.8544
29538,1.05355,-14.3533
29539,1.05025,-15.0126
29540,1.06818,-14.2603
29541,1.05307,-14.2699
29542,1.04654,-15.129
29543,1.04432,-15.6332
29544,1.05181,-14.7759
29545,1.05148,-14.6492
29546,1.05038,-14.6858
29547,1.04959,-14.6998
29548,1.04433,-15.9176
29549,1.0443,-15.8484
29550,1.04576,-15.7935
29551,1.04494,-15.9197
29552,1.04383,-15.9634
29553,1.05029,-15.1894
29554,1.04524,-15.8282
29555,1.04137,-16.1678
29556,1.04275,-16.0678
29557,1.04951,-15.4997
29558,1.04253,-16.0322
29559,1.04257,-15.7809
29560,1.04273,-15.7509
29561,1.03987,-16.1529
29562,1.04126,-15.8685
29563,1.04231,-15.7923
29564,1.0426,-15.7939
29565,1.04903,-14.6067
29566,1.04165,-15.7662
29567,1.05662,-13.0015
29568,1.04321,-15.5556
29569,1.05252,-14.1235
29570,1.05262,-13.9258
29571,1.0509,-14.1155
29572,1.04908,-15.2495
29573,1.04353,-15.5826
29574,1.04469,-15.3661
29575,1.06111,-13.5786
29576,1.0504,-15.0026
29577,1.0505,-14.6789
29578,1.03953,-16.0092
29579,1.04719,-14.8761
29580,1.05916,-13.1976
29581,1.04301,-14.9304
29582,1.05019,-14.236
29583,1.04362,-14.6228
29584,1.049,-14.6133
29585,1.06078,-13.0148
29586,1.06679,-12.3515
29587,1.07174,-11.8302
29588,1.07386,-11.647
29589,1.09864,-8.86165
29590,1.08781,-10.1344
29591,1.06714,-12.237
29592,1.07323,-11.6554
29593,1.06706,-12.0405
29594,1.09746,-8.84507
29595,1.06733,-12.3576
29596,1.05411,-14.7333
29597,1.06064,-13.1254
29598,1.06186,-12.9942
29599,1.06549,-12.5961
29600,1.06407,-12.7872
29601,1.09822,-8.92459
29602,1.0756,-11.4662
29603,1.06265,-13.1322
29604,1.05672,-13.764
29605,1.05589,-13.7885
29606,1.05308,-14.29
29607,1.06165,-13.2074
29608,1.06235,-12.9058
29609,1.05978,-13.6398
29610,1.05153,-14.5629
29611,1.05873,-13.7663
29612,1.05096,-14.6373
29613,1.04876,-14.7655
29614,1.04948,-14.7277
29615,1.05178,-14.387
29616,1.05028,-14.4386
29617,1.04149,-16.0992
29618,1.05455,-14.171
29619,1.03645,-16.7338
29620,1.03819,-16.6247
29621,1.03984,-16.3349
29622,1.03898,-16.3676
29623,1.03944,-16.3552
29624,1.04061,-16.2792
29625,1.03963,-16.3338
29626,1.03801,-16.1931
29627,1.06142,-12.8854
29628,1.04541,-15.1433
29629,1.05058,-14.1777
29630,1.04797,-14.5681
29631,1.0531,-14.2322
29632,1.05841,-13.2235
29633,1.07387,-11.4673
29634,1.05505,-13.5745
29635,1.05693,-13.4995
29636,1.04987,-14.5202
29637,1.05202,-14.1416
29638,1.04978,-14.577
29639,1.05913,-13.246
29640,1.04516,-15.495
29641,1.04619,-15.4117
29642,1.03922,-15.9619
29643,1.04105,-15.8511
29644,1.04233,-15.7404
29645,1.04007,-16.1158
29646,1.04318,-15.6279
29647,1.04404,-15.6066
29648,1.05385,-13.8983
29649,1.05267,-14.0256
29650,1.05472,-13.7938
29651,1.04345,-15.7745
29652,1.05651,-13.5692
29653,1.04621,-15.3907
29654,1.04115,-15.9987
29655,1.04258,-15.9031
29656,1.04204,-15.9751
29657,1.06356,-12.5887
29658,1.06969,-12.236
29659,1.06909,-12.2651
29660,1.06679,-12.2848
29661,1.08067,-10.8538
29662,1.08549,-10.3858
29663,1.06014,-12.9334
29664,1.05964,-12.9299
29665,1.05871,-13.0867
29666,1.0568,-13.3282
29667,1.07786,-11.1036
29668,1.08493,-10.2841
29669,1.07577,-11.5596
29670,1.08852,-10.0627
29671,1.07187,-11.6
29672,1.07136,-11.6063
29673,1.07074,-10.517
29674,1.06027,-13.6394
29675,1.06009,-13.0336
29676,1.06469,-12.7409
29677,1.06171,-12.8259
29678,1.06361,-12.9647
29679,1.05779,-13.9973
29680,1.0655,-12.7823
29681,1.04737,-15.109
29682,1.06064,-13.0293
29683,1.06416,-12.8037
29684,1.0451,-15.9888
29685,1.066,-12.7635
29686,1.04839,-14.0266
29687,1.06856,-12.435
29688,1.06117,-13.0113
29689,1.08779,-10.1657
29690,1.06371,-12.8784
29691,1.05831,-12.9495
29692,1.05989,-12.9659
29693,1.06139,-12.9576
29694,1.0532,-13.4411
29695,1.06353,-12.3794
29696,1.07451,-11.5683
29697,1.05087,-13.5966
29698,1.05679,-12.7869
29699,1.04888,-13.65
29700,1.05473,-13.1266
29701,1.06628,-12.3762
29702,1.05877,-12.905
29703,1.05456,-13.4709
29704,1.06572,-12.2463
29705,1.05205,-13.4955
29706,1.0471,-14.5004
29707,1.05078,-13.9226
29708,1.04927,-14.0042
29709,1.05258,-13.7834
29710,1.04879,-14.0159
29711,1.05033,-13.9343
29712,1.04939,-13.9597
29713,1.04754,-15.7422
29714,1.04753,-15.742
29715,1.05697,-14.0739
29716,1.05041,-15.4042
29717,1.04568,-15.9763
29718,1.05209,-14.8545
29719,1.04814,-15.7288
29720,1.05493,-14.4133
29721,1.04697,-15.8692
29722,1.05566,-14.3055
29723,1.05397,-14.5625
29724,1.03651,-17.1324
29725,1.04488,-15.9973
29726,1.04347,-16.0931
29727,1.05274,-14.8156
29728,1.03973,-17.2276
29729,1.04315,-16.0986
29730,1.04192,-16.4844
29731,1.04206,-16.5385
29732,1.03892,-16.9036
29733,1.03977,-17.054
29734,1.03901,-17.1233
29735,1.0364,-17.2533
29736,1.03734,-17.221
29737,1.03692,-16.7058
29738,1.03641,-16.7793
29739,1.0351,-16.9924
29740,1.0351,-17.0421
29741,1.03525,-16.9892
29742,1.03572,-17.1105
29743,1.03501,-16.0546
29744,1.03701,-15.9814
29745,1.03477,-16.8956
29747,1.02487,-17.9869
29748,1.02803,-17.7073
29749,1.02932,-17.6522
29750,1.06844,-12.2385
29751,1.03164,-16.4053
29752,1.06297,-12.9387
29753,1.03775,-16.5982
29754,1.06085,-23.4844
29755,1.06018,-23.5105
29756,1.06016,-23.4836
29757,1.06025,-23.4501
29758,1.06041,-23.5275
29759,1.04835,-24.6554
29760,1.05238,-24.387
29761,1.0616,-23.4753
29762,1.05147,-24.3876
29763,1.04704,-24.5972
29764,1.0606,-23.4501
29765,1.06058,-23.4117
29766,1.06042,-23.4119
29767,1.04767,-24.7054
29768,1.0472,-24.7102
29769,1.04809,-24.6817
29770,1.04719,-24.7201
29771,1.04809,-24.693
29772,1.0491,-24.6326
29773,1.05238,-24.4175
29774,1.06417,-23.3426
29775,1.05079,-24.4316
29776,1.04965,-24.461
29777,1.04923,-24.4882
29778,1.05052,-24.3234
29779,1.0461,-25.0106
29780,1.04477,-24.8715
29781,1.04709,-24.8134
29782,1.04707,-24.8606
29783,1.06615,-23.2377
29784,1.0499,-24.62
29785,1.05051,-24.5655
29786,1.04823,-24.715
29787,1.05646,-24.1895
29788,1.05214,-24.4325
29789,1.06693,-23.1674
29790,1.09815,-19.9786
29791,1.06808,-23.1684
29792,1.06521,-23.4272
29793,1.05826,-24.072
29794,1.05871,-24.0377
29795,1.0595,-23.9419
29796,1.06326,-23.6199
29797,1.07279,-22.7071
29798,1.05559,-23.6339
29799,1.04402,-24.4449
29800,1.05581,-23.8619
29801,1.05493,-24.2803
29802,1.05714,-23.9967
29803,1.04926,-24.6185
29804,1.04605,-24.3326
29805,1.04748,-24.3168
29806,1.05588,-23.9264
29807,1.05683,-23.9545
29808,1.05702,-23.5602
29809,1.05238,-23.5483
29810,1.03969,-24.2092
29811,1.06091,-23.3444
29812,1.06527,-22.1936
29813,1.0563,-23.7065
29814,1.05481,-23.6746
29815,1.05604,-23.5074
29816,1.04775,-25.0684
29817,1.04779,-23.667
29818,1.05356,-23.4599
29819,1.06719,-21.892
29820,1.06216,-23.2597
29821,1.05527,-25.6837
29822,1.0691,-15.0065
29823,1.06341,-15.6473
29824,1.06938,-15.1095
29825,1.08409,-13.5512
29826,1.08091,-14.2745
29827,1.06504,-13.7714
29828,1.06778,-14.776
29829,1.06728,-14.9932
29830,1.07315,-12.5401
29831,1.06297,-27.4108
29832,1.05816,-28.9733
29833,1.06541,-19.3388
29834,1.06481,-20.0334
29835,1.06223,-18.8689
29836,1.07097,-18.7097
29837,1.07148,-17.9618
29838,1.04506,-13.2171
29839,1.05989,-11.6518
29840,1.0613,-11.5644
29841,1.05159,-13.0261
29842,1.04754,-13.1286
29843,1.05105,-12.9633
29844,1.0494,-13.0422
29845,1.06328,-11.3898
29846,1.05109,-12.9346
29847,1.04622,-13.1892
29848,1.04694,-13.184
29849,1.045,-13.274
29850,1.04594,-13.221
29851,1.04082,-13.675
29852,1.04227,-13.5694
29853,1.04299,-13.4561
29854,1.04119,-13.6675
29855,1.0399,-13.7794
29856,1.04356,-13.4478
29857,1.04364,-13.441
29858,1.04402,-13.4118
29859,1.04606,-13.166
29860,1.04602,-13.2262
29861,1.04562,-13.2722
29862,1.05068,-13.0138
29863,1.05326,-12.8371
29864,1.05613,-12.5612
29865,1.06626,-11.1259
29866,1.07055,-10.6516
29867,1.09061,-8.1956
29868,1.09128,-8.08348
29869,1.07986,-8.96517
29870,1.06376,-11.4017
29871,1.05371,-12.7773
29872,1.05238,-12.8908
29873,1.05544,-12.7893
29874,1.04577,-13.2273
29875,1.04266,-13.3742
29876,1.04407,-13.3239
29877,1.03885,-13.8224
29878,1.03754,-13.9404
29879,1.0368,-13.97
29880,1.04151,-13.3278
29881,1.04059,-13.7266
29882,1.03733,-13.9986
29883,1.04383,-13.2301
29884,1.03916,-13.7651
29885,1.04533,-13.135
29886,1.04881,-12.9591
29887,1.0524,-12.7559
29888,1.05954,-11.7534
29889,1.05231,-12.8218
29890,1.06329,-11.6232
29891,1.03471,-14.0645
29892,1.03565,-13.9979
29893,1.04583,-13.8344
29894,1.0341,-14.1745
29895,1.05528,-12.5098
29896,1.0597,-12.0657
29897,1.06056,-12.0324
29898,1.07314,-10.0946
29899,1.08031,-9.57364
29900,1.0799,-9.61691
29901,1.06996,-10.8281
29902,1.07838,-9.24808
29903,1.07881,-8.91404
29904,1.06157,-11.8348
29905,1.07913,-8.97879
29906,1.048,-11.5554
29907,1.04936,-12.9721
29908,1.05965,-11.2848
29909,1.07457,-10.1811
29910,1.09236,-7.90774
29911,1.09388,-7.68668
29912,1.04402,-11.6411
29913,1.0447,-11.6708
29914,1.04688,-13.0558
29915,1.05171,-12.8209
29916,1.04663,-16.607
29917,1.06259,-15.4266
29918,1.05594,-15.8247
29919,1.05422,-15.9073
29920,1.05888,-15.4056
29921,1.06443,-14.9733
29922,1.06069,-14.3803
29923,1.05866,-14.4715
29924,1.05738,-14.504
29925,1.04389,-16.1985
29926,1.05811,-14.1166
29927,1.04301,-16.0632
29928,1.04398,-15.8749
29929,1.04978,-15.5713
29930,1.05083,-15.6923
29931,1.05025,-15.7896
29932,1.03987,-17.4944
29933,1.04874,-15.9157
29934,1.05002,-15.7468
29935,1.03828,-17.3813
29936,1.04878,-15.9755
29937,1.04891,-16.0596
29938,1.04867,-16.0342
29939,1.04398,-16.8667
29940,1.04188,-17.2757
29941,1.05826,-15.308
29942,1.05031,-15.9152
29943,1.05102,-15.9829
29944,1.04029,-16.9272
29945,1.03841,-16.9784
29946,1.05134,-15.9028
29947,1.05095,-15.9653
29948,1.05377,-15.9137
29949,1.05424,-15.7649
29950,1.05258,-15.9476
29951,1.04119,-16.9866
29952,1.06206,-15.2096
29953,1.05201,-15.947
29954,1.0422,-16.8593
29955,1.04418,-16.767
29956,1.05195,-15.962
29957,1.05141,-15.992
29958,1.05161,-15.9865
29959,1.05121,-15.9973
29960,1.05155,-15.9635
29961,1.05122,-15.9839
29962,1.0509,-15.9869
29963,1.0508,-16.0096
29964,1.05067,-15.9842
29965,1.05047,-16.0189
29966,1.0412,-16.7484
29967,1.05235,-15.8874
29968,1.04917,-16.0917
29969,1.05244,-15.9287
29970,1.05484,-15.7401
29971,1.0499,-16.1029
29972,1.05496,-15.4508
29973,1.05378,-15.6339
29974,1.04529,-16.7481
29975,1.0714,-14.291
29976,1.05881,-14.87
29977,1.05789,-14.2584
29978,1.06957,-4.86106
29979,1.06753,-5.25399
29980,1.06267,-5.74553
29981,1.06994,-5.06964
29982,1.08675,-3.15624
29983,1.06181,-5.65637
29984,1.06638,-5.08899
29985,1.06702,-5.05733
29986,1.05913,-5.86152
29987,1.05883,-5.95101
29988,1.06031,-5.95714
29989,1.05416,-6.1572
29990,1.06193,-5.65604
29991,1.06787,-5.12733
29992,1.07089,-4.88699
29993,1.06628,-5.18188
29994,1.0526,-7.24854
29995,1.06808,-5.00272
29996,1.06642,-5.14519
29997,1.05614,-6.1323
29998,1.06513,-5.37158
29999,1.06345,-5.53704
30000,1.06053,-5.99393
30001,1.05546,-6.84812
30002,1.06117,-5.83612
30003,1.06049,-5.96488
30004,1.05441,-6.30853
30005,1.06209,-5.69804
30006,1.05364,-7.01373
30007,1.04532,-8.79733
30008,1.04807,-8.03566
30009,1.08934,-2.48516
30010,1.0901,-2.01582
30011,1.09572,-1.86962
30012,1.06246,-12.2352
30013,1.05621,-13.2093
30014,1.0646,-12.0254
30015,1.06184,-12.4389
30016,1.06029,-12.7195
30017,1.06234,-12.5098
30018,1.05381,-13.4549
30019,1.06212,-12.5146
30020,1.0622,-12.432
30021,1.06089,-12.6799
30022,1.0536,-13.4575
30023,1.06028,-12.7213
30024,1.0604,-12.7143
30025,1.05759,-13.0938
30026,1.05754,-13.1089
30027,1.06145,-12.6098
30028,1.06157,-12.3167
30029,1.06179,-12.6013
30030,1.06397,-12.0806
30031,1.06771,-11.6057
30032,1.06198,-12.4454
30033,1.06291,-12.1928
30034,1.06464,-11.9774
30035,1.06291,-12.1687
30036,1.06138,-12.3717
30037,1.06025,-12.494
30038,1.0638,-12.0924
30039,1.06281,-12.2072
30040,1.05786,-12.9508
30041,1.05945,-12.8517
30042,1.05749,-13.0922
30043,1.05816,-13.0132
30044,1.05652,-13.2204
30045,1.05484,-13.4031
30046,1.05902,-12.6058
30047,1.05943,-12.5706
30048,1.06155,-12.3372
30049,1.05117,-14.1486
30050,1.06028,-12.4775
30051,1.05892,-12.6139
30052,1.05195,-13.7296
30053,1.05228,-13.7245
30054,1.0617,-12.3253
30055,1.06116,-12.3687
30056,1.05339,-13.6268
30057,1.05265,-13.7078
30058,1.04958,-14.0117
30059,1.05132,-13.8644
30060,1.05185,-13.8007
30061,1.05068,-13.9447
30062,1.0525,-13.7192
30063,1.05384,-13.5926
30064,1.06137,-12.3541
30065,1.05937,-12.9212
30066,1.0607,-12.4084
30067,1.05377,-13.5427
30068,1.06422,-12.1119
30069,1.05786,-13.2389
30070,1.06042,-13.0503
30071,1.0592,-13.2066
30072,1.06281,-12.2535
30073,1.05425,-13.5984
30074,1.05801,-13.2971
30075,1.05719,-13.3423
30076,1.05937,-13.033
30077,1.05824,-13.1437
30078,1.05859,-13.1282
30079,1.06424,-12.1136
30080,1.05747,-13.2302
30081,1.05686,-13.2699
30082,1.06399,-12.1312
30083,1.05714,-13.3614
30084,1.05577,-13.4549
30085,1.05495,-13.51
30086,1.0562,-13.4049
30087,1.05615,-13.4247
30088,1.05648,-13.4094
30089,1.05503,-13.5182
30090,1.05261,-13.7516
30091,1.0523,-13.8124
30092,1.04885,-14.1014
30093,1.05184,-13.8022
30094,1.04786,-14.2076
30095,1.04853,-14.1355
30096,1.04695,-14.2719
30097,1.05802,-12.69
30098,1.05741,-12.7445
30099,1.04801,-14.1739
30100,1.04941,-14.083
30101,1.0515,-13.6846
30102,1.05223,-13.5812
30103,1.0536,-13.4448
30104,1.04915,-13.997
30105,1.04538,-14.3657
30106,1.04606,-14.3237
30107,1.04545,-14.3405
30108,1.0453,-14.3737
30109,1.04818,-14.2056
30110,1.04938,-14.0953
30111,1.0622,-12.2973
30112,1.05457,-13.5522
30113,1.05582,-13.4357
30114,1.05598,-13.428
30115,1.04847,-14.2637
30116,1.04783,-14.2799
30117,1.05933,-12.5926
30118,1.04877,-14.1167
30119,1.04772,-14.2696
30120,1.0482,-14.2515
30121,1.04618,-14.3284
30122,1.04738,-14.2626
30123,1.04678,-14.3079
30124,1.045,-14.3654
30125,1.04656,-14.3334
30126,1.04453,-14.3869
30127,1.04604,-14.3699
30128,1.04667,-14.3536
30129,1.04727,-14.3139
30130,1.04683,-14.3134
30131,1.04888,-14.2407
30132,1.04933,-14.1915
30133,1.05845,-12.652
30134,1.04751,-14.2743
30135,1.04783,-14.2583
30136,1.05706,-12.7314
30137,1.04742,-14.2867
30138,1.04702,-14.3128
30139,1.0576,-12.6623
30140,1.04703,-14.2962
30141,1.04786,-14.2539
30142,1.04776,-14.2566
30143,1.04802,-14.256
30144,1.04932,-14.2118
30145,1.04818,-14.2503
30146,1.04753,-14.2671
30147,1.04887,-14.2127
30148,1.04954,-14.1629
30149,1.04997,-14.1378
30150,1.04872,-14.2042
30151,1.05019,-14.0961
30152,1.05028,-14.0939
30153,1.05049,-14.0886
30154,1.05002,-14.1263
30155,1.04993,-14.1286
30156,1.05202,-13.6238
30157,1.06083,-12.3681
30158,1.06033,-12.4014
30159,1.05032,-13.7058
30160,1.05114,-13.7074
30161,1.05122,-13.7054
30162,1.05005,-13.7307
30163,1.05018,-13.7345
30164,1.04999,-13.7423
30165,1.04925,-13.7558
30166,1.04944,-13.7468
30167,1.04806,-13.8392
30168,1.04788,-13.8436
30169,1.05066,-13.6983
30170,1.05022,-13.7262
30171,1.05052,-13.7018
30172,1.05184,-13.5666
30173,1.05267,-13.4904
30174,1.05306,-13.4551
30175,1.0541,-13.3586
30176,1.05551,-13.2252
30177,1.05996,-12.3667
30178,1.0555,-13.2004
30179,1.05511,-13.2384
30180,1.05779,-12.7948
30181,1.05602,-13.1504
30182,1.06039,-12.314
30183,1.05727,-13.0334
30184,1.05692,-13.0669
30185,1.06101,-12.2364
30186,1.05744,-13.0048
30187,1.05792,-12.9778
30188,1.04828,-13.7339
30189,1.04712,-13.7847
30190,1.04777,-13.7679
30191,1.04816,-13.737
30192,1.05719,-13.3343
30193,1.06428,-12.0975
30194,1.06302,-12.2279
30195,1.05502,-13.7665
30196,1.06183,-12.406
30197,1.05072,-14.126
30198,1.0519,-14.0466
30199,1.04888,-14.2238
30200,1.05003,-14.1631
30201,1.04967,-14.1912
30202,1.04955,-14.176
30203,1.05009,-14.1397
30204,1.05829,-12.7733
30205,1.05034,-14.1252
30206,1.05008,-14.1343
30207,1.05106,-14.1037
30208,1.05054,-14.1217
30209,1.05003,-14.1514
30210,1.0503,-14.1251
30211,1.05002,-14.1431
30212,1.05005,-14.1379
30213,1.06075,-12.5239
30214,1.05173,-14.0019
30215,1.05322,-13.9291
30216,1.05374,-13.5187
30217,1.06228,-12.3651
30218,1.06205,-12.3855
30219,1.06178,-12.4132
30220,1.06083,-12.4551
30221,1.05589,-13.6225
30222,1.05714,-12.799
30223,1.05726,-12.7886
30224,1.05273,-13.5908
30225,1.05218,-13.6149
30226,1.05269,-13.5865
30227,1.0559,-13.6726
30228,1.055,-13.7596
30229,1.05272,-13.9663
30230,1.05326,-13.9521
30231,1.05256,-13.9758
30232,1.0536,-13.9172
30233,1.05118,-14.039
30234,1.05121,-14.0798
30235,1.05047,-14.118
30236,1.05032,-14.13
30237,1.05081,-14.1017
30238,1.05025,-14.1292
30239,1.05008,-14.1319
30240,1.05037,-14.1226
30241,1.05858,-12.7639
30242,1.05825,-12.7746
30243,1.05867,-12.733
30244,1.05309,-13.8135
30245,1.05374,-13.7142
30246,1.05199,-13.945
30247,1.05198,-13.9452
30248,1.05229,-13.9088
30249,1.05254,-13.8777
30250,1.05298,-13.8155
30251,1.05002,-14.1512
30252,1.04899,-14.1743
30253,1.04973,-14.1484
30254,1.06121,-12.7081
30255,1.05128,-14.0707
30256,1.05089,-14.0798
30257,1.05015,-14.1422
30258,1.05049,-14.1334
30259,1.05234,-13.9962
30260,1.05189,-14.054
30261,1.05292,-14.0004
30262,1.05463,-13.8178
30263,1.06376,-12.8724
30264,1.05101,-13.7113
30265,1.05447,-13.8143
30266,1.05533,-13.6966
30267,1.05209,-13.6701
30268,1.05172,-13.6945
30269,1.05299,-13.561
30270,1.05841,-12.6888
30271,1.05395,-13.5549
30272,1.05362,-13.5642
30273,1.06405,-13.3156
30274,1.05461,-13.5347
30275,1.0551,-13.4522
30276,1.07028,-12.8424
30277,1.05548,-13.5141
30278,1.06423,-12.8778
30279,1.06011,-13.5366
30280,1.06666,-12.8538
30281,1.07172,-12.8032
30282,1.06767,-13.1485
30283,1.05955,-12.1842
30284,1.07301,-12.7627
30285,1.05777,-12.232
30286,1.0732,-12.7272
30287,1.06015,-12.0463
30288,1.06047,-12.1533
30289,1.06122,-12.0067
30290,1.05902,-12.1671
30291,1.06071,-11.9475
30292,1.06037,-12.061
30293,1.06029,-11.6651
30294,1.06046,-11.9714
30295,1.05621,-13.2486
30296,1.05512,-13.2135
30297,1.06575,-11.0885
30298,1.05808,-12.6622
30299,1.06068,-11.9946
30300,1.06543,-11.2529
30301,1.05796,-12.227
30302,1.05636,-12.9489
30303,1.05726,-12.8047
30304,1.05833,-12.0996
30305,1.05536,-13.0964
30306,1.05719,-12.5088
30307,1.05485,-13.3565
30308,1.0578,-12.4542
30309,1.05841,-12.3945
30310,1.05744,-12.5455
30311,1.05395,-13.1891
30312,1.05675,-12.6289
30313,1.05228,-13.5262
30314,1.05681,-12.5459
30315,1.05294,-13.5577
30316,1.05862,-12.5933
30317,1.05752,-12.655
30318,1.05654,-12.6576
30319,1.05098,-13.6586
30320,1.0503,-13.7295
30321,1.05074,-13.7127
30322,1.05739,-12.9154
30323,1.0503,-13.7321
30324,1.0501,-13.7512
30325,1.04821,-13.9138
30326,1.04984,-13.7768
30327,1.04931,-13.8073
30328,1.05583,-12.7116
30329,1.04872,-13.8295
30330,1.04705,-14.0146
30331,1.04873,-13.8872
30332,1.04815,-13.9142
30333,1.04842,-13.9071
30334,1.04894,-13.8614
30335,1.04926,-13.8305
30336,1.05066,-13.7125
30337,1.0507,-13.7059
30338,1.06659,-12.2347
30339,1.05504,-13.4991
30340,1.05919,-13.1876
30341,1.05817,-13.2839
30342,1.0577,-13.3032
30343,1.06595,-12.1248
30344,1.06067,-13.044
30345,1.06046,-13.0495
30346,1.06125,-12.9988
30347,1.06129,-12.9978
30348,1.06096,-12.5613
30349,1.06272,-12.6638
30350,1.07578,-10.3482
30351,1.06822,-11.6857
30352,1.0751,-10.3955
30353,1.0747,-10.4225
30354,1.06199,-12.7469
30355,1.06498,-12.0353
30356,1.06766,-11.9356
30357,1.06956,-11.5357
30358,1.06113,-12.8291
30359,1.06087,-12.8595
30360,1.05867,-12.9819
30361,1.05818,-12.9388
30362,1.0623,-12.2714
30363,1.06214,-12.2851
30364,1.06379,-12.076
30365,1.0673,-11.5688
30366,1.06529,-11.9189
30367,1.065,-11.9424
30368,1.06292,-12.5057
30369,1.06624,-11.7805
30370,1.06584,-11.8283
30371,1.06342,-12.419
30372,1.06505,-11.9368
30373,1.06438,-12.0055
30374,1.06448,-12.0432
30375,1.05754,-13.0216
30376,1.0581,-12.9858
30377,1.06311,-12.1988
30378,1.06355,-12.15
30379,1.06484,-12.007
30380,1.06404,-12.4277
30381,1.0615,-12.7071
30382,1.06528,-11.9696
30383,1.06203,-12.6429
30384,1.06004,-12.838
30385,1.06123,-12.7212
30386,1.06402,-12.3847
30387,1.06372,-12.3771
30388,1.06444,-12.3599
30389,1.05985,-12.3524
30390,1.06007,-11.8491
30391,1.0615,-11.4486
30392,1.06178,-11.5401
30393,1.06028,-11.613
30394,1.06153,-11.7721
30395,1.06066,-11.5947
30396,1.06135,-11.4852
30397,1.06224,-11.4543
30398,1.05972,-11.4334
30399,1.06512,-11.0473
30400,1.07449,-9.74965
30401,1.06121,-11.7543
30402,1.06384,-11.4044
30403,1.06035,-11.6927
30404,1.07361,-9.85685
30405,1.06011,-11.7792
30406,1.06067,-11.6184
30407,1.05882,-11.6885
30408,1.07373,-9.81801
30409,1.06197,-10.8592
30410,1.07943,-8.9889
30411,1.07549,-9.25183
30412,1.08058,-8.98669
30413,1.06954,-10.5668
30414,1.06864,-10.6578
30415,1.06959,-10.6892
30416,1.06852,-10.7168
30417,1.06947,-10.5815
30418,1.07567,-9.72248
30419,1.07737,-9.40172
30420,1.0765,-9.54113
30421,1.07083,-10.7239
30422,1.06748,-10.7037
30423,1.06717,-10.8761
30424,1.06841,-10.8394
30425,1.06889,-10.7201
30426,1.08572,-8.6034
30427,1.06722,-10.7879
30428,1.05933,-11.2266
30429,1.05367,-11.8811
30430,1.06826,-11.8394
30431,1.06631,-12.1145
30432,1.06659,-12.093
30433,1.06729,-12.0361
30434,1.07023,-11.5379
30435,1.08835,-8.30964
30436,1.07079,-11.3162
30437,1.07218,-11.1537
30438,1.0732,-11.0175
30439,1.07031,-11.4014
30440,1.06577,-11.883
30441,1.06687,-11.8098
30442,1.06888,-11.5627
30443,1.06758,-11.7764
30444,1.06733,-11.8108
30445,1.06815,-11.6688
30446,1.06759,-11.7744
30447,1.06494,-12.2328
30448,1.06707,-11.856
30449,1.06709,-11.8402
30450,1.06684,-11.8653
30451,1.06176,-12.7967
30452,1.06342,-12.7367
30453,1.06693,-11.8926
30454,1.06069,-12.9693
30455,1.0475,-13.9895
30456,1.04543,-14.1035
30457,1.04614,-14.0886
30458,1.0454,-14.1223
30459,1.04781,-13.8438
30460,1.0483,-13.8022
30461,1.04887,-13.7232
30462,1.04946,-13.6163
30463,1.05195,-13.3856
30464,1.05099,-13.4789
30465,1.05045,-13.4853
30466,1.05279,-13.3743
30467,1.058,-12.1418
30468,1.05375,-13.1834
30469,1.05196,-13.3534
30470,1.05139,-13.3665
30471,1.05042,-13.5095
30472,1.05142,-13.4104
30473,1.05297,-13.2822
30474,1.0617,-11.6933
30475,1.05356,-13.1841
30476,1.05367,-13.1526
30477,1.0625,-11.6205
30478,1.05296,-13.317
30479,1.05338,-13.2928
30480,1.05285,-13.313
30481,1.05332,-13.2103
30482,1.05374,-13.1849
30483,1.0561,-12.9644
30484,1.05739,-12.8274
30485,1.06309,-11.5683
30486,1.05421,-13.0992
30487,1.06355,-11.5163
30488,1.05857,-12.4167
30489,1.06299,-11.5717
30490,1.0548,-13.0411
30491,1.05324,-13.165
30492,1.05982,-12.2496
30493,1.05255,-13.1808
30494,1.05917,-12.2941
30495,1.0597,-12.3527
30496,1.06028,-12.3414
30497,1.06438,-11.4205
30498,1.06125,-12.1753
30499,1.07346,-9.94331
30500,1.06076,-12.3064
30501,1.05942,-12.5707
30502,1.06061,-11.9332
30503,1.06225,-11.7389
30504,1.08959,-7.5085
30505,1.07566,-9.65984
30506,1.0609,-11.8903
30507,1.05829,-12.0463
30508,1.05999,-11.7688
30509,1.06016,-11.6857
30510,1.06067,-11.7069
30511,1.06002,-11.8162
30512,1.05998,-11.8552
30513,1.06211,-11.5853
30514,1.06083,-11.6351
30515,1.05383,-13.8697
30516,1.08943,-7.9327
30517,1.06102,-12.0316
30518,1.0546,-13.8366
30519,1.05617,-13.3111
30520,1.08649,-8.54905
30521,1.06152,-10.8637
30522,1.09554,-6.32578
30523,1.05721,-13.2239
30524,1.0913,-7.9048
30525,1.08283,-8.5656
30526,1.06565,-11.71
30527,1.06856,-11.2098
30528,1.05218,-13.1683
30529,1.04974,-13.224
30530,1.04436,-13.7023
30531,1.04101,-13.9068
30532,1.04412,-14.71
30533,1.05633,-15.5725
30534,1.0469,-15.5698
30535,1.06369,-14.3245
30536,1.05479,-15.6967
30537,1.05485,-15.7689
30538,1.04685,-18.8122
30539,1.03252,-19.848
30540,1.04723,-19.9629
30541,1.04688,-19.6099
30542,1.04558,-20.9883
30543,1.04606,-21.837
30544,1.04677,-22.1887
30545,1.0436,-22.4658
30546,1.04039,-22.807
30547,1.0372,-23.1487
30548,1.03407,-23.2903
30549,1.03405,-23.3363
30550,1.03381,-23.4049
30551,1.03565,-23.2772
30552,1.03357,-23.4094
30553,1.05928,-12.2406
30555,1.05589,-14.9394
30556,1.06022,-14.8658
30557,1.05058,-14.8141
30558,1.05342,-14.9265
30559,1.0521,-14.8981
30560,1.05085,-13.5681
30561,1.06205,-13.0744
30562,1.04433,-14.9586
30563,1.04799,-13.8107
30564,1.0573,-13.1481
30565,1.05142,-13.5576
30566,1.0783,-11.5192
30567,1.04454,-33.1408
30568,1.0611,-30.9395
30569,1.05205,-31.5812
30570,1.08341,-27.7446
30571,1.05678,-31.4235
30572,1.06608,-30.9058
30573,1.07728,-29.6602
30574,1.07661,-29.6396
30575,1.0464,-34.2949
30576,1.04574,-34.6474
30577,1.043,-34.6449
30578,1.04191,-34.7133
30579,1.0457,-34.6385
30580,1.0561,-32.9786
30581,1.06459,-31.9239
30582,1.0421,-35.0588
30583,1.0523,-33.412
30584,1.04273,-35.0433
30585,1.04166,-35.0692
30586,1.04379,-34.5973
30587,1.03909,-35.5426
30588,1.04411,-34.5669
30589,1.04235,-34.7509
30590,1.04117,-35.0357
30591,1.04285,-34.6968
30592,1.04078,-35.1086
30593,1.0411,-35.1156
30594,1.03583,-36.3117
30595,1.03769,-36.0733
30596,1.03645,-36.2495
30597,1.03688,-36.1267
30598,1.04087,-35.3536
30599,1.04957,-33.792
30600,1.03629,-35.8591
30601,1.04071,-35.0732
30602,1.05006,-34.1456
30603,1.05607,-33.2078
30604,1.05597,-33.2052
30605,1.04965,-34.1564
30606,1.05033,-34.1385
30607,1.05649,-33.1923
30608,1.07816,-5.37588
30609,1.05824,-8.5915
30610,1.0732,-6.25651
30611,1.08624,-4.58008
30612,1.07162,-5.26212
30613,1.06528,-5.35125
30614,1.06908,-5.33087
30615,1.07081,-5.31933
30616,1.08759,-3.97699
30617,1.08711,-4.24686
30618,1.07138,-5.48899
30619,1.04194,-13.4492
30620,1.04096,-13.4546
30621,1.05332,-12.646
30622,1.05325,-12.6405
30623,1.04334,-13.4356
30624,1.04087,-13.4883
30625,1.04119,-13.4753
30626,1.04053,-13.4916
30627,1.03854,-13.5559
30628,1.05435,-12.6429
30629,1.05494,-12.6134
30630,1.05454,-12.6344
30631,1.0554,-12.6333
30632,1.05529,-12.652
30633,1.04843,-13.3418
30634,1.05561,-12.6361
30635,1.05928,-12.3961
30636,1.05662,-12.5961
30637,1.05773,-12.5138
30638,1.04452,-13.9022
30639,1.05675,-12.5709
30640,1.05815,-12.454
30641,1.05712,-12.5214
30642,1.05625,-12.5812
30643,1.04161,-13.4638
30644,1.0509,-12.925
30645,1.05279,-12.6501
30646,1.04906,-12.7949
30647,1.04906,-12.7763
30648,1.05136,-12.6536
30649,1.05397,-12.5474
30650,1.05017,-12.6972
30651,1.05345,-12.6041
30652,1.05149,-12.6306
30653,1.05238,-12.6195
30654,1.05167,-12.6085
30655,1.05136,-12.6256
30656,1.05279,-12.5059
30657,1.04792,-12.7501
30658,1.0484,-12.9778
30659,1.04904,-12.9685
30660,1.05122,-12.6338
30661,1.05392,-12.3854
30662,1.05278,-12.4702
30663,1.05112,-12.6239
30664,1.0513,-12.5902
30665,1.05165,-12.5458
30666,1.04443,-12.9196
30667,1.05191,-12.5178
30668,1.03896,-13.4136
30669,1.03897,-13.4138
30670,1.0371,-13.5143
30671,1.03783,-13.4688
30672,1.04215,-13.305
30673,1.03686,-13.5783
30674,1.04243,-13.2296
30675,1.04066,-13.3606
30676,1.05534,-12.5737
30677,1.05384,-12.6557
30678,1.05445,-12.6216
30679,1.05356,-12.6618
30680,1.05379,-12.6659
30681,1.05396,-12.6632
30682,1.05411,-12.6656
30683,1.04808,-13.2316
30684,1.05463,-12.6378
30685,1.05455,-12.6559
30686,1.04838,-13.1438
30687,1.0468,-13.2508
30688,1.05436,-12.6823
30689,1.05477,-12.7028
30690,1.05453,-12.7098
30691,1.05452,-12.7015
30692,1.05498,-12.6982
30693,1.04506,-13.4184
30694,1.05491,-12.7606
30695,1.05486,-12.7788
30696,1.05471,-12.7458
30697,1.05518,-12.8471
30698,1.05668,-12.8874
30699,1.05894,-12.7244
30700,1.05422,-12.9921
30701,1.06898,-11.2259
30702,1.05647,-13.3182
30703,1.05507,-12.7405
30704,1.0462,-13.5351
30705,1.05549,-12.6971
30706,1.04815,-13.3304
30707,1.04642,-13.5448
30708,1.04889,-13.3749
30709,1.04818,-13.4305
30710,1.05757,-12.5256
30711,1.05329,-12.9475
30712,1.05157,-13.0202
30713,1.09362,-9.10756
30714,1.06001,-12.3269
30715,1.05497,-12.4964
30716,1.05434,-12.5346
30717,1.05329,-12.6083
30718,1.04247,-13.4247
30719,1.04039,-14.0228
30720,1.05302,-12.5938
30721,1.0526,-12.6395
30722,1.05217,-12.6482
30723,1.05212,-12.6644
30724,1.05136,-12.6968
30725,1.05177,-12.6797
30726,1.05036,-12.7583
30727,1.04421,-13.3925
30728,1.04993,-12.7742
30729,1.05139,-12.6946
30730,1.04942,-12.7912
30731,1.05112,-12.6935
30732,1.0511,-12.7037
30733,1.05267,-12.6204
30734,1.05158,-12.6629
30735,1.0525,-12.6222
30736,1.05226,-12.6356
30737,1.04421,-13.2598
30738,1.05269,-12.5126
30739,1.03826,-13.7534
30740,1.04028,-13.6718
30741,1.05324,-12.4703
30742,1.05454,-12.3597
30743,1.04437,-13.4497
30744,1.05434,-12.3938
30745,1.05889,-12.0667
30746,1.05984,-12.0011
30747,1.0614,-11.8981
30748,1.04631,-13.289
30749,1.0468,-13.2606
30750,1.0796,-9.64881
30751,1.07247,-10.9308
30752,1.05266,-12.1643
30753,1.0539,-12.4455
30754,1.0411,-13.5317
30755,1.06866,-11.1632
30756,1.05391,-12.5184
30757,1.06952,-11.1013
30758,1.05496,-12.5213
30759,1.07076,-11.0092
30760,1.07211,-10.9023
30761,1.05558,-12.3035
30762,1.05661,-12.2341
30763,1.05804,-12.1321
30764,1.04173,-13.5789
30765,1.06346,-11.7669
30766,1.07007,-11.2084
30767,1.0789,-10.5361
30768,1.07623,-10.6615
30769,1.05583,-12.3057
30770,1.07219,-10.9265
30771,1.07024,-11.0539
30772,1.04503,-13.2953
30773,1.05523,-12.4872
30774,1.07075,-10.9457
30775,1.07142,-10.8738
30776,1.0557,-12.5598
30777,1.05442,-12.6443
30778,1.04535,-13.4768
30779,1.05388,-12.6634
30780,1.05408,-12.6546
30781,1.07172,-11.0047
30782,1.05961,-12.1457
30783,1.06169,-11.9392
30784,1.0566,-12.4411
30785,1.05655,-12.3845
30786,1.05963,-12.1127
30787,1.05852,-12.1976
30788,1.0612,-11.9984
30789,1.0682,-11.4117
30790,1.06459,-11.6992
30791,1.07161,-11.4237
30792,1.07031,-12.0616
30793,1.05769,-12.8384
30794,1.06263,-12.6043
30795,1.06778,-11.8848
30796,1.06622,-12.2308
30797,1.06228,-12.5102
30798,1.0375,-14.3537
30799,1.05468,-12.9851
30800,1.05355,-13.0313
30801,1.06626,-12.0256
30802,1.05628,-12.7855
30803,1.09385,-9.09629
30804,1.065,-12.2815
30805,1.06194,-12.6463
30806,1.05427,-13.2257
30807,1.06355,-12.4439
30808,1.06069,-12.8226
30809,1.05678,-13.2677
30810,1.06007,-12.3796
30811,1.05237,-12.9535
30812,1.05386,-12.9036
30813,1.05182,-12.9702
30814,1.04485,-14.5587
30815,1.05457,-13.5911
30816,1.03936,-14.0865
30817,1.04712,-13.5221
30818,1.04116,-13.5182
30819,1.06683,-11.4265
30820,1.04932,-12.7539
30821,1.05346,-12.6544
30822,1.06741,-11.3835
30823,1.05266,-12.6584
30824,1.05351,-12.6157
30825,1.07521,-10.8939
30826,1.07213,-11.4648
30827,1.08173,-10.4166
30828,1.08024,-10.4305
30829,1.05357,-12.4737
30830,1.07312,-11.0338
30831,1.06658,-11.3195
30832,1.0695,-11.1921
30833,1.06918,-11.0007
30834,1.06209,-11.3802
30835,1.06488,-11.3616
30836,1.07265,-10.9028
30837,1.07491,-10.7802
30838,1.07337,-10.8635
30839,1.06723,-11.4834
30840,1.07375,-10.8433
30841,1.0725,-11.0606
30842,1.06707,-11.4895
30843,1.06712,-11.4908
30844,1.06741,-11.4427
30845,1.07258,-10.7352
30846,1.06955,-11.0941
30847,1.06328,-11.6681
30848,1.07421,-10.5166
30849,1.06806,-11.3707
30850,1.05692,-12.2263
30851,1.07646,-10.2228
30852,1.07121,-10.945
30853,1.06857,-11.3882
30854,1.07096,-10.9345
30855,1.06675,-11.217
30856,1.08108,-9.48286
30857,1.05893,-11.2639
30858,1.0583,-11.2695
30859,1.06059,-11.3066
30860,1.06335,-11.2378
30861,1.05065,-12.7823
30862,1.0495,-12.8407
30863,1.06242,-11.6088
30864,1.06008,-11.8403
30865,1.08664,-8.09964
30866,1.03905,-9.97026
30867,1.03827,-10.0339
30868,1.04247,-9.66872
30869,1.05024,-7.60771
30870,1.04314,-9.75776
30871,1.04384,-9.52446
30872,1.04388,-9.70308
30873,1.04487,-9.65986
30874,1.04385,-9.31502
30875,1.04413,-9.15906
30876,1.04297,-9.54289
30877,1.04412,-9.56493
30878,1.04476,-9.59443
30879,1.04319,-9.85101
30880,1.05215,-9.593
30881,1.05345,-9.54874
30882,1.04227,-9.86996
30883,1.04671,-9.81061
30884,1.04115,-9.95203
30885,1.04203,-9.92842
30886,1.0499,-9.74701
30887,1.05597,-9.47901
30888,1.04751,-9.8096
30889,1.06468,-8.73188
30890,1.06533,-8.7296
30891,1.05361,-9.58787
30892,1.0735,-7.92555
30893,1.07187,-8.008
30894,1.05865,-9.24814
30895,1.05565,-9.44643
30896,1.05763,-9.33771
30897,1.05802,-9.20682
30898,1.07237,-7.8533
30899,1.05542,-9.31814
30900,1.05447,-9.3535
30901,1.07195,-7.76314
30902,1.06266,-8.908
30903,1.06425,-8.84306
30904,1.06889,-8.39908
30905,1.0752,-7.83861
30906,1.0772,-7.73939
30907,1.07392,-7.75226
30908,1.07037,-8.30889
30909,1.09004,-5.61017
30910,1.0714,-8.25838
30911,1.09007,-5.52063
30912,1.0794,-7.69659
30913,1.08354,-7.49506
30914,1.08645,-7.15122
30915,1.07449,-8.00846
30916,1.0638,-8.80734
30917,1.06676,-8.59391
30918,1.05969,-8.83559
30919,1.06054,-8.82964
30920,1.058,-8.85269
30921,1.05764,-8.85726
30922,1.05785,-8.84953
30923,1.05866,-8.81905
30924,1.06783,-7.84093
30925,1.06268,-8.81246
30926,1.0635,-8.78477
30927,1.05975,-8.85342
30928,1.05836,-8.8577
30929,1.07041,-8.19188
30930,1.07147,-8.14635
30931,1.06904,-8.54944
30932,1.06994,-8.51621
30933,1.07257,-8.21281
30934,1.0715,-8.29277
30935,1.0705,-8.36422
30936,1.06957,-8.43296
30937,1.06711,-8.69775
30938,1.06969,-8.21604
30939,1.06875,-8.268
30940,1.05848,-8.86224
30941,1.05807,-8.84006
30942,1.06447,-7.98193
30943,1.06368,-8.03598
30944,1.06024,-9.20745
30945,1.06744,-8.59703
30946,1.06081,-9.17982
30947,1.07181,-8.38521
30948,1.06652,-8.68594
30949,1.06074,-9.19632
30950,1.05958,-9.85542
30951,1.06628,-8.67425
30952,1.07541,-7.10572
30953,1.0638,-8.08164
30954,1.05726,-8.8836
30955,1.06282,-8.22763
30956,1.06247,-8.28305
30957,1.05795,-8.90002
30958,1.05756,-8.94028
30959,1.05786,-8.90597
30960,1.0622,-8.32818
30961,1.06174,-8.42142
30962,1.06082,-8.61735
30963,1.06474,-8.5263
30964,1.05587,-9.07939
30965,1.06303,-8.67326
30966,1.06368,-8.62138
30967,1.05838,-9.22666
30968,1.06562,-8.70095
30969,1.06515,-8.72455
30970,1.0629,-9.123
30971,1.06056,-9.20304
30972,1.06227,-8.74034
30973,1.0617,-8.78716
30974,1.05739,-9.29049
30975,1.06051,-8.73492
30976,1.05707,-9.17254
30977,1.05651,-9.18359
30978,1.0583,-8.98237
30979,1.06129,-8.35679
30980,1.05989,-8.62321
30981,1.05686,-9.16983
30982,1.05812,-9.08662
30983,1.06279,-8.23435
30984,1.05861,-8.85172
30985,1.0621,-8.296
30986,1.05709,-9.14202
30987,1.05742,-9.11358
30988,1.06023,-8.90003
30989,1.05826,-9.30934
30990,1.06109,-8.83724
30991,1.06228,-9.00425
30992,1.06396,-9.09692
30993,1.07808,-8.00511
30994,1.06554,-9.0966
30995,1.06122,-9.19298
30996,1.06503,-8.73171
30997,1.0616,-9.18592
30998,1.06422,-9.10546
30999,1.06428,-9.10509
31000,1.05907,-9.56641
31001,1.05292,-10.3683
31002,1.07682,-8.06247
31003,1.06135,-9.37331
31004,1.06001,-9.5432
31005,1.05937,-9.55872
31006,1.059,-9.61776
31007,1.05896,-9.47702
31008,1.06075,-9.17902
31009,1.07348,-7.18893
31010,1.05591,-9.78122
31011,1.05741,-9.65269
31012,1.05842,-9.54847
31013,1.059,-9.45454
31014,1.0596,-8.94967
31015,1.05935,-8.9696
31016,1.05971,-9.33154
31017,1.05906,-8.99695
31018,1.05869,-8.8535
31019,1.04646,-11.5884
31020,1.05694,-9.29164
31021,1.05116,-10.3084
31022,1.05595,-9.47758
31023,1.05506,-9.61834
31024,1.05428,-9.75804
31025,1.05544,-9.48798
31026,1.05307,-9.98355
31027,1.05185,-10.1797
31028,1.04731,-11.4657
31029,1.04854,-11.2979
31030,1.04879,-11.295
31031,1.05135,-10.2431
31032,1.04808,-11.3419
31033,1.04698,-11.5288
31034,1.04756,-11.5138
31035,1.04756,-11.4461
31036,1.04731,-11.4527
31037,1.04593,-11.6732
31038,1.04613,-11.5961
31039,1.04675,-11.5397
31040,1.05635,-9.31897
31041,1.05749,-9.08774
31042,1.05405,-9.72297
31043,1.05267,-10.3901
31044,1.05479,-9.61508
31045,1.05382,-9.84371
31046,1.0514,-10.295
31047,1.05348,-9.8084
31048,1.05237,-10.091
31049,1.05293,-9.88845
31050,1.04951,-11.0511
31051,1.05599,-9.96473
31052,1.0533,-10.1951
31053,1.05314,-10.4152
31054,1.05197,-10.5079
31055,1.05718,-9.75429
31056,1.05393,-10.3341
31057,1.05798,-9.57164
31058,1.05775,-9.64785
31059,1.05793,-9.61032
31060,1.05683,-9.74519
31061,1.05369,-10.3484
31062,1.05603,-9.84989
31063,1.05529,-9.94216
31064,1.05383,-10.1214
31065,1.04507,-11.5829
31066,1.05412,-10.0882
31067,1.05262,-10.2469
31068,1.05005,-10.8028
31069,1.05496,-10.0853
31070,1.04868,-11.1084
31071,1.04861,-11.1322
31072,1.04758,-11.2004
31073,1.04645,-11.3546
31074,1.04684,-11.3024
31075,1.04354,-12.4672
31076,1.04592,-11.4586
31077,1.04551,-11.5709
31078,1.04659,-11.3634
31079,1.04733,-11.3205
31080,1.04518,-11.5333
31081,1.04533,-11.6651
31082,1.04885,-11.095
31083,1.04557,-11.907
31084,1.04392,-12.158
31085,1.04534,-12.0628
31086,1.04334,-12.4709
31087,1.04317,-12.7312
31088,1.04387,-12.2896
31089,1.04228,-12.4925
31090,1.04744,-11.3398
31091,1.04165,-13.4569
31092,1.04206,-13.4195
31093,1.04182,-13.4657
31094,1.0431,-12.5636
31095,1.04143,-13.4757
31096,1.04187,-13.4418
31097,1.05321,-10.1872
31098,1.04573,-11.4937
31099,1.04181,-13.4279
31100,1.04126,-13.502
31101,1.04224,-13.4399
31102,1.04418,-13.389
31103,1.04136,-13.5024
31104,1.04367,-13.3993
31105,1.04242,-13.4349
31106,1.04253,-13.2321
31107,1.04195,-13.2543
31108,1.04335,-13.2874
31109,1.04449,-13.247
31110,1.04313,-12.947
31111,1.04535,-12.8674
31112,1.0438,-12.9543
31113,1.04402,-12.9871
31114,1.04655,-12.9415
31115,1.04497,-12.9873
31116,1.04765,-12.936
31117,1.0498,-12.7063
31118,1.04754,-12.8404
31119,1.05921,-7.85469
31120,1.05841,-9.41936
31121,1.0549,-10.4995
31122,1.05123,-11.0731
31123,1.08249,-4.88515
31124,1.07824,-5.52682
31125,1.07737,-5.61701
31126,1.0756,-5.89118
31127,1.04608,-12.7322
31128,1.04602,-12.7908
31129,1.0444,-12.9435
31130,1.04638,-12.8161
31131,1.04551,-12.7768
31132,1.04542,-12.8088
31133,1.04626,-12.7963
31134,1.04699,-12.7934
31135,1.04743,-12.7841
31136,1.04647,-12.6822
31137,1.04682,-12.6232
31138,1.04511,-12.2347
31139,1.04632,-12.2033
31140,1.04591,-12.4656
31141,1.04429,-12.2818
31142,1.0444,-12.2789
31143,1.04586,-12.0215
31144,1.04681,-11.9866
31145,1.07236,-6.40799
31146,1.07106,-6.62032
31147,1.06858,-7.03913
31148,1.0518,-9.7938
31149,1.05637,-9.87276
31150,1.05492,-10.0998
31151,1.05543,-10.0003
31152,1.06919,-6.24479
31153,1.0681,-6.25198
31154,1.06709,-7.55575
31155,1.06567,-7.78378
31156,1.06851,-7.29315
31157,1.06391,-7.89716
31158,1.06584,-7.56656
31159,1.04603,-12.8357
31160,1.04526,-12.8736
31161,1.04483,-9.25863
31162,1.08218,-5.10935
31163,1.07991,-5.34383
31164,1.07142,-6.85627
31165,1.0785,-5.81146
31166,1.05573,-9.13132
31167,1.06853,-7.33949
31168,1.04635,-8.93815
31169,1.05243,-9.31461
31170,1.06056,-8.85718
31171,1.06774,-7.68632
31172,1.06742,-7.60368
31173,1.04614,-9.49101
31174,1.04774,-9.51845
31175,1.06892,-7.77071
31176,1.07279,-6.60496
31177,1.07464,-6.28553
31178,1.09744,-2.8302
31179,1.1,-0.68544
31180,1.08962,-2.47594
31181,1.07994,-4.72739
31182,1.08612,-3.00478
31183,1.08057,-4.74041
31184,1.08065,-4.76547
31185,1.07795,-5.19497
31186,1.07563,-4.9943
31187,1.07871,-4.96609
31188,1.0639,-8.05354
31189,1.06982,-7.74767
31190,1.04575,-9.418
31191,1.04569,-12.7689
31192,1.06764,-8.32363
31193,1.06396,-15.3445
31194,1.06181,-15.5232
31195,1.05243,-16.1887
31196,1.05042,-16.2701
31197,1.05624,-16.0735
31198,1.04957,-16.8709
31199,1.06678,-15.4817
31200,1.06747,-15.4659
31201,1.06755,-15.5135
31202,1.07747,-14.9426
31203,1.06064,-15.993
31204,1.0685,-15.5038
31205,1.06109,-15.9886
31206,1.06166,-15.9739
31207,1.06201,-15.9722
31208,1.06733,-15.5312
31209,1.07017,-15.3978
31210,1.0683,-15.4808
31211,1.06317,-15.8979
31212,1.06696,-15.5328
31213,1.06597,-15.5841
31214,1.06651,-15.5671
31215,1.08138,-14.6981
31216,1.06806,-15.448
31217,1.06601,-15.4916
31218,1.06478,-15.5408
31219,1.05039,-16.8066
31220,1.06541,-15.5279
31221,1.06324,-15.5381
31222,1.06392,-15.5643
31223,1.05703,-16.0626
31224,1.05676,-16.0753
31225,1.05803,-15.8697
31226,1.05147,-16.2573
31227,1.05223,-16.23
31228,1.05135,-16.2408
31229,1.05769,-15.8888
31230,1.06341,-15.5654
31231,1.05703,-16.0699
31232,1.05358,-16.1428
31233,1.06329,-15.4665
31234,1.05934,-15.7137
31235,1.05531,-16.0235
31236,1.05749,-15.8598
31237,1.06881,-15.0061
31238,1.0644,-15.1209
31239,1.07064,-14.6792
31240,1.05779,-15.791
31241,1.06506,-15.2291
31242,1.06655,-15.488
31243,1.06913,-15.4035
31244,1.06745,-15.4669
31245,1.05897,-16.0663
31246,1.06655,-15.4962
31247,1.06816,-15.4435
31248,1.06222,-15.866
31249,1.06511,-15.6013
31250,1.06606,-15.5647
31251,1.06423,-15.6137
31252,1.05329,-16.1923
31253,1.06477,-15.6074
31254,1.05071,-16.2161
31255,1.04582,-16.2331
31256,1.05687,-15.4122
31257,1.03729,-16.243
31258,1.03517,-16.337
31259,1.03494,-16.2337
31260,1.06108,-15.2852
31261,1.066,-15.0756
31262,1.06347,-15.4064
31263,1.06324,-15.593
31264,1.05286,-16.1731
31265,1.06309,-15.4938
31266,1.06285,-15.5739
31267,1.06778,-14.9306
31268,1.0829,-13.8283
31269,1.05766,-15.5253
31270,1.06633,-15.1096
31271,1.08548,-13.7296
31272,1.05467,-15.6247
31273,1.06028,-15.0052
31274,1.06183,-15.0147
31275,1.0526,-15.6411
31276,1.05698,-15.2208
31277,1.05475,-15.2795
31278,1.05302,-15.3726
31279,1.03559,-16.3299
31280,1.03614,-16.3072
31281,1.04814,-15.5885
31282,1.04897,-15.5577
31283,1.05039,-15.4943
31284,1.04985,-15.5068
31285,1.03557,-16.2615
31286,1.03324,-16.3744
31287,1.05063,-15.4023
31288,1.048,-15.5305
31289,1.04828,-15.2702
31290,1.04367,-15.7733
31291,1.04617,-15.628
31292,1.04317,-15.3333
31293,1.03368,-16.3143
31294,1.03637,-16.1581
31295,1.03469,-15.8488
31296,1.03715,-16.1022
31297,1.03551,-15.8293
31298,1.05371,-15.2352
31299,1.05688,-15.0595
31300,1.06131,-14.814
31301,1.05722,-14.8828
31302,1.0576,-15.0303
31303,1.06579,-14.3703
31304,1.0635,-14.2852
31305,1.06649,-14.1632
31306,1.06135,-14.1551
31307,1.06673,-13.9127
31308,1.06019,-14.0548
31309,1.05967,-13.9941
31310,1.05013,-15.0156
31311,1.04409,-15.1082
31312,1.04467,-15.2485
31313,1.04302,-15.1132
31314,1.06109,-13.7394
31315,1.05236,-14.7337
31316,1.05119,-14.7529
31317,1.04587,-15.1877
31318,1.05856,-13.97
31319,1.05159,-14.7404
31320,1.04702,-14.9878
31321,1.04893,-14.8783
31322,1.05808,-13.8894
31323,1.05806,-13.6894
31324,1.06735,-13.5841
31325,1.05835,-13.4219
31326,1.04837,-15.9274
31327,1.04246,-16.2109
31328,1.03366,-16.9164
31329,1.04161,-16.2206
31330,1.05236,-15.7288
31331,1.04921,-15.8175
31332,1.04332,-16.1564
31333,1.04271,-16.1615
31334,1.04829,-15.9364
31335,1.04658,-16.0263
31336,1.05062,-15.7997
31337,1.05968,-15.0484
31338,1.06152,-15.0364
31339,1.06139,-15.0105
31340,1.07648,-13.9175
31341,1.05222,-15.6844
31342,1.05891,-14.7792
31343,1.05497,-15.4307
31344,1.05911,-15.0258
31345,1.05681,-15.1982
31346,1.05342,-15.4597
31347,1.05139,-15.5798
31348,1.04943,-15.6931
31349,1.0491,-15.7341
31350,1.04713,-15.9448
31351,1.03723,-16.567
31352,1.03586,-16.6331
31353,1.03456,-16.6542
31354,1.03735,-16.593
31355,1.03579,-16.651
31356,1.03897,-16.5026
31357,1.04205,-16.3224
31358,1.0495,-15.625
31359,1.05056,-15.6179
31360,1.04949,-15.7505
31361,1.06304,-14.5145
31362,1.0515,-15.5612
31363,1.0619,-14.6018
31364,1.06519,-14.3266
31365,1.06459,-14.3388
31366,1.05782,-15.0527
31367,1.05826,-15.0471
31368,1.05748,-15.1212
31369,1.05717,-15.1594
31370,1.05858,-15.0754
31371,1.0596,-15.0284
31372,1.0595,-15.0111
31373,1.05958,-14.9794
31374,1.05981,-14.9431
31375,1.06042,-14.9528
31376,1.0625,-14.7474
31377,1.08003,-12.8118
31378,1.06542,-14.4266
31379,1.05982,-14.9133
31380,1.06665,-14.2311
31381,1.0601,-14.825
31382,1.05936,-14.8443
31383,1.06072,-14.8152
31384,1.06805,-14.432
31385,1.06112,-14.7874
31386,1.06053,-14.7919
31387,1.07347,-13.4704
31388,1.07962,-12.8808
31389,1.06765,-14.5303
31390,1.07082,-13.708
31391,1.05865,-14.7259
31392,1.04076,-16.5418
31393,1.04477,-16.099
31394,1.06135,-14.3859
31395,1.05745,-14.8515
31396,1.06886,-14.3353
31397,1.08589,-12.4992
31398,1.06337,-14.7179
31399,1.05603,-14.9544
31400,1.0661,-14.1231
31401,1.08657,-12.2585
31402,1.06313,-14.5141
31403,1.05108,-15.7327
31404,1.06392,-14.465
31405,1.04877,-15.854
31406,1.04703,-15.9859
31407,1.04463,-16.127
31408,1.04806,-15.8604
31409,1.04786,-15.9761
31410,1.06178,-14.4909
31411,1.05725,-14.8066
31412,1.04451,-16.0246
31413,1.05956,-14.6461
31414,1.05551,-14.9228
31415,1.03611,-16.7072
31416,1.05713,-14.7895
31417,1.04649,-16.023
31418,1.05332,-15.0399
31419,1.05356,-15.0349
31420,1.03747,-16.6273
31421,1.0411,-16.3958
31422,1.04019,-16.4385
31423,1.03612,-16.6865
31424,1.03982,-16.4576
31425,1.04302,-16.2468
31426,1.03976,-16.4598
31427,1.03515,-16.7029
31428,1.03511,-16.7228
31429,1.03234,-16.9313
31430,1.03332,-16.8881
31431,1.03026,-17.9947
31432,1.03426,-16.8108
31433,1.03587,-17.1085
31434,1.03533,-17.118
31435,1.03669,-17.0866
31436,1.03594,-17.1045
31437,1.03632,-17.0958
31438,1.0367,-17.3062
31439,1.03078,-17.9003
31440,1.03168,-17.8765
31441,1.03043,-17.9731
31442,1.02995,-17.9859
31443,1.03918,-17.0906
31444,1.03837,-17.157
31445,1.037,-17.2679
31446,1.04845,-15.5156
31447,1.03717,-17.2722
31448,1.03787,-17.2284
31449,1.05229,-15.1769
31450,1.04057,-16.7462
31451,1.05095,-15.3147
31452,1.03949,-16.8079
31453,1.0389,-17.1031
31454,1.04009,-16.8005
31455,1.03864,-16.8954
31456,1.03925,-16.8642
31457,1.04133,-16.5981
31458,1.05518,-15.0033
31459,1.08432,-10.5764
31460,1.03778,-16.9912
31461,1.03567,-17.1941
31462,1.04215,-16.5232
31463,1.04758,-15.9102
31464,1.05411,-14.8995
31465,1.05474,-14.8542
31466,1.03757,-17.681
31467,1.04188,-16.4175
31468,1.03661,-17.7543
31469,1.03866,-17.6443
31470,1.0373,-17.738
31471,1.04062,-17.2001
31472,1.04141,-17.1793
31473,1.03613,-17.804
31474,1.03776,-17.7004
31475,1.03246,-17.2395
31476,1.02814,-17.6954
31477,1.02851,-17.6755
31478,1.03066,-17.4721
31479,1.03308,-17.4143
31480,1.03115,-17.4578
31481,1.03206,-17.4521
31482,1.03114,-17.3659
31483,1.03431,-17.237
31484,1.03273,-17.4383
31485,1.03539,-17.1961
31486,1.03334,-17.4367
31487,1.05944,-16.6427
31488,1.03415,-17.3779
31489,1.04065,-16.9816
31490,1.03816,-17.0037
31491,1.03807,-17.0591
31492,1.0354,-17.2492
31493,1.03405,-17.274
31494,1.04021,-16.9464
31495,1.04286,-16.8531
31496,1.06813,-16.3927
31497,1.04396,-16.8569
31498,1.03931,-16.9925
31499,1.03901,-16.9591
31500,1.03558,-17.2026
31501,1.03921,-16.9811
31502,1.0363,-17.1776
31503,1.02981,-17.5544
31504,1.0375,-17.1871
31505,1.03407,-17.3227
31506,1.03174,-17.4561
31507,1.03274,-17.4258
31508,1.035,-17.3765
31509,1.03414,-17.3649
31510,1.02865,-17.6011
31511,1.0482,-16.412
31512,1.03626,-17.2746
31513,1.04939,-16.3638
31514,1.04996,-16.4966
31515,1.05746,-15.8757
31516,1.05882,-15.8181
31517,1.0551,-16.0429
31518,1.05306,-16.1636
31519,1.04084,-17.0482
31520,1.04267,-17.1214
31521,1.05079,-16.2991
31522,1.0824,-14.5603
31523,1.05298,-16.1165
31524,1.05169,-16.3321
31525,1.04093,-16.9051
31526,1.04223,-16.9055
31527,1.0444,-16.8229
31528,1.04035,-16.9731
31529,1.03947,-16.9894
31530,1.05279,-15.3396
31531,1.05422,-14.2436
31532,1.04935,-16.198
31533,1.04565,-16.2585
31534,1.04035,-16.8975
31535,1.0446,-16.3268
31536,1.03904,-16.9096
31537,1.04109,-16.7911
31538,1.05451,-15.2045
31539,1.06483,-15.6283
31540,1.05312,-16.3764
31541,1.06387,-15.6639
31542,1.06977,-15.3949
31543,1.06456,-15.6062
31544,1.03828,-17.1113
31545,1.03437,-17.8512
31546,1.03835,-17.1128
31547,1.03683,-17.2813
31548,1.02875,-18.0488
31549,1.03023,-17.9782
31550,1.02932,-18.0178
31551,1.0316,-16.9489
31552,1.03314,-16.7188
31553,1.03418,-16.7348
31554,1.03387,-16.7383
31555,1.03327,-16.7436
31556,1.03503,-16.8796
31557,1.0373,-16.7267
31558,1.03581,-16.8186
31559,1.03941,-16.4258
31560,1.03858,-16.4293
31561,1.036,-16.8136
31562,1.03905,-16.47
31563,1.04087,-16.3691
31564,1.04656,-15.9622
31565,1.04644,-15.9635
31566,1.0474,-15.9535
31567,1.07833,-13.8319
31568,1.05466,-15.3965
31569,1.07698,-10.8187
31570,1.06489,-11.6507
31571,1.07546,-10.8666
31572,1.06953,-11.3406
31573,1.0743,-10.882
31574,1.06692,-11.1303
31575,1.07274,-10.8556
31576,1.0733,-10.8834
31577,1.06358,-11.6256
31578,1.06312,-11.5954
31579,1.0642,-11.6837
31580,1.06296,-11.7376
31581,1.07116,-11.2471
31582,1.06298,-12.0203
31583,1.06582,-11.6796
31584,1.06443,-11.9916
31585,1.07748,-10.8621
31586,1.06642,-11.6735
31587,1.07921,-10.7698
31588,1.08859,-8.73913
31589,1.09749,-9.59636
31590,1.08486,-9.33397
31591,1.09501,-9.47759
31592,1.08326,-10.3041
31593,1.0854,-10.5583
31594,1.07543,-11.0036
31595,1.08399,-10.4021
31596,1.08099,-10.6444
31597,1.06664,-11.6681
31598,1.075,-11.0186
31599,1.07186,-10.777
31600,1.07217,-10.8092
31601,1.07402,-10.6492
31602,1.07815,-9.60663
31603,1.07182,-10.8142
31604,1.06851,-11.079
31605,1.06622,-11.3473
31606,1.06685,-11.1133
31607,1.06047,-11.6717
31608,1.06675,-11.1494
31609,1.06103,-11.6404
31610,1.06214,-11.404
31611,1.06455,-11.3557
31612,1.06796,-11.0128
31613,1.06738,-11.0659
31614,1.05362,-12.7189
31615,1.06716,-11.4398
31616,1.06219,-11.4498
31617,1.06108,-11.7564
31618,1.06896,-12.6147
31619,1.06155,-12.1752
31620,1.05892,-12.3156
31621,1.05626,-12.336
31622,1.06378,-12.0648
31623,1.07611,-11.3375
31624,1.07596,-11.7477
31625,1.07456,-11.8099
31626,1.07907,-11.6499
31627,1.07969,-11.581
31628,1.06729,-11.6294
31629,1.06809,-12.4527
31630,1.07864,-11.7107
31631,1.08028,-11.5841
31632,1.07322,-11.705
31633,1.07025,-12.5859
31634,1.07503,-12.0769
31635,1.07139,-11.7139
31636,1.0751,-11.4752
31637,1.08174,-10.7749
31638,1.06607,-11.2354
31639,1.06158,-12.1782
31640,1.08718,-10.2387
31641,1.09219,-9.75128
31642,1.06017,-11.6472
31643,1.06236,-11.6268
31644,1.06179,-11.6949
31645,1.08452,-9.84816
31646,1.06343,-11.3209
31647,1.06158,-11.7348
31648,1.07126,-11.0972
31649,1.0725,-10.9676
31650,1.06098,-11.6829
31651,1.06313,-11.5696
31652,1.06942,-10.9686
31653,1.0708,-10.7374
31654,1.05906,-11.7529
31655,1.05786,-11.8571
31656,1.06561,-11.3778
31657,1.07095,-11.0233
31658,1.07228,-11.0099
31659,1.08623,-10.3202
31660,1.08498,-10.2957
31661,1.08285,-10.2004
31662,1.07772,-10.6892
31663,1.08341,-10.0047
31664,1.07601,-10.7036
31665,1.06716,-11.3123
31666,1.06255,-11.5088
31667,1.06394,-11.374
31668,1.06249,-11.4765
31669,1.07018,-11.0648
31670,1.07927,-10.1919
31671,1.07284,-10.4563
31672,1.06309,-11.4493
31673,1.07095,-10.6777
31674,1.07211,-10.5903
31675,1.07423,-10.3723
31676,1.07328,-10.5005
31677,1.04624,-12.4621
31678,1.04568,-12.471
31679,1.04618,-12.3985
31680,1.05733,-11.8411
31681,1.05547,-11.9457
31682,1.05757,-11.8138
31683,1.05084,-12.1451
31684,1.04629,-12.3508
31685,1.04522,-12.1604
31686,1.06059,-11.0115
31687,1.04545,-12.2711
31688,1.04464,-12.3187
31689,1.06804,-10.6468
31690,1.09149,-8.60884
31691,1.07715,-10.2171
31692,1.0776,-10.2172
31693,1.06764,-10.6454
31694,1.07507,-10.4267
31695,1.08678,-8.3573
31696,1.08015,-9.42868
31697,1.07211,-10.5833
31698,1.08228,-8.92162
31699,1.06599,-11.1806
31700,1.0817,-9.30634
31701,1.08496,-9.26367
31702,1.08578,-8.91567
31703,1.08381,-9.13187
31704,1.08164,-9.51115
31705,1.06564,-10.5978
31706,1.04171,-12.2437
31707,1.04455,-11.9411
31708,1.05352,-11.4553
31709,1.05267,-11.5727
31710,1.04268,-12.3041
31711,1.06166,-10.7622
31712,1.05532,-11.2582
31713,1.06472,-10.2364
31714,1.05413,-11.2665
31715,1.06205,-10.8289
31716,1.08551,-8.81651
31717,1.0861,-8.67169
31718,1.08798,-8.52501
31719,1.09321,-7.6047
31720,1.1,-6.32833
31721,1.06593,-11.6636
31722,1.06174,-11.2736
31723,1.08851,-11.1761
31724,1.06253,-14.3625
31725,1.0631,-14.3764
31726,1.06998,-14.254
31727,1.06712,-14.6169
31728,1.06286,-14.2548
31729,1.0876,-11.5448
31730,1.09275,-10.9757
31731,1.09274,-11.0273
31732,1.09283,-11.1187
31733,1.09283,-11.2652
31734,1.08703,-11.612
31735,1.08913,-11.4341
31736,1.08078,-12.1117
31737,1.0857,-11.444
31738,1.07773,-12.2482
31739,1.0412,-16.3524
31740,1.04805,-15.3432
31741,1.04767,-15.4137
31742,1.03867,-17.0442
31743,1.04723,-14.8617
31744,1.04841,-14.8278
31745,1.03703,-15.7252
31746,1.04492,-14.8109
31747,1.03604,-15.7513
31748,1.03739,-15.7387
31749,1.04697,-14.4661
31750,1.0382,-15.6706
31751,1.03849,-15.6267
31752,1.04999,-14.2664
31753,1.04339,-14.7745
31754,1.04177,-14.988
31755,1.03979,-15.0665
31756,1.05077,-14.2437
31757,1.05275,-14.1486
31758,1.0383,-15.0776
31759,1.05023,-14.7
31760,1.07163,-12.6622
31761,1.04936,-15.227
31762,1.0521,-15.0042
31763,1.07661,-12.3703
31764,1.05951,-14.347
31765,1.08236,-12.0196
31766,1.05007,-15.231
31767,1.0471,-15.8944
31768,1.04736,-15.685
31769,1.04714,-15.6921
31770,1.04541,-16.0037
31771,1.04863,-15.4035
31772,1.04809,-15.454
31773,1.04531,-15.9907
31774,1.04679,-15.6907
31775,1.04699,-15.6033
31776,1.04455,-16.1362
31777,1.03826,-17.055
31778,1.08653,-3.80033
31779,1.0762,-4.89023
31780,1.07546,-4.94377
31781,1.07651,-4.93242
31782,1.08702,-3.71669
31783,1.08468,-4.16952
31784,1.0747,-5.01741
31785,1.08371,-4.32621
31786,1.08057,-4.52501
31787,1.07447,-4.97648
31788,1.08274,-4.4234
31789,1.08277,-4.4535
31790,1.0812,-4.54773
31791,1.06942,-5.13117
31792,1.07551,-4.80167
31793,1.07556,-4.8032
31794,1.08575,-4.14416
31795,1.08479,-4.08744
31796,1.08376,-4.04878
31797,1.0781,-4.67827
31798,1.0754,-4.90149
31799,1.08476,-4.01757
31800,1.08646,-3.87192
31801,1.08669,-3.87559
31802,1.08156,-4.20187
31803,1.06602,-5.4354
31804,1.06551,-5.44241
31805,1.0653,-5.46948
31806,1.07237,-5.13425
31807,1.07496,-4.571
31808,1.06279,-5.63303
31809,1.0757,-4.51638
31810,1.08411,-3.93994
31811,1.06648,-5.43239
31812,1.06924,-5.24756
31813,1.09132,-3.16836
31814,1.09432,-3.39992
31815,1.08667,-3.42944
31816,1.08557,-3.65621
31817,1.09223,-3.30575
31818,1.06343,-5.56285
31819,1.0781,-4.36698
31820,1.05794,-5.84741
31821,1.08035,-4.55965
31822,1.03087,-34.182
31823,1.05058,-32.5694
31824,1.06244,-30.654
31825,1.07247,-30.558
31826,1.09003,-28.9604
31827,1.07568,-30.3036
31828,1.08673,-29.2477
31829,1.08771,-29.086
31830,1.08332,-29.5269
31831,1.07742,-30.3436
31832,1.09095,-28.9153
31833,1.09202,-28.8292
31834,1.09722,-28.4422
31835,1.09012,-28.9939
31836,1.03168,-36.3538
31837,1.08481,-29.2778
31838,1.08546,-29.2227
31839,1.03778,-35.2288
31840,1.03942,-35.1333
31841,1.0389,-35.1695
31842,1.03848,-35.1929
31843,1.03762,-35.2622
31844,1.03469,-36.1395
31845,1.04045,-34.9378
31846,1.0569,-32.3017
31847,1.05083,-13.8923
31848,1.05124,-13.955
31849,1.05173,-13.7281
31850,1.05229,-13.6212
31851,1.06968,-11.1223
31852,1.05305,-13.7106
31853,1.05083,-14.097
31854,1.05548,-13.2591
31855,1.05654,-13.1116
31856,1.04977,-14.1472
31857,1.05093,-14.0441
31858,1.05421,-13.4114
31859,1.04846,-14.2434
31860,1.04948,-14.1651
31861,1.04776,-14.1006
31862,1.04619,-14.1424
31863,1.04634,-13.8229
31864,1.05099,-13.696
31865,1.05163,-13.6559
31866,1.08966,-8.30213
31867,1.05816,-12.8786
31868,1.06164,-11.6299
31869,1.0522,-13.873
31870,1.06038,-11.7535
31871,1.05158,-13.184
31872,1.0517,-13.6244
31873,1.05042,-13.9121
31874,1.04918,-14.112
31875,1.04977,-14.2042
31876,1.04836,-13.8212
31877,1.05041,-13.3586
31878,1.05099,-13.2978
31879,1.04884,-14.3066
31880,1.04818,-14.369
31881,1.04836,-14.2136
31882,1.04603,-14.6118
31883,1.04617,-14.5308
31884,1.05319,-13.5323
31885,1.05245,-13.6259
31886,1.0463,-14.6112
31887,1.05074,-13.7942
31888,1.05151,-13.7194
31889,1.04483,-14.6261
31890,1.04544,-14.5314
31891,1.04597,-14.4918
31892,1.04458,-14.5544
31893,1.0432,-14.6905
31894,1.0438,-14.6766
31895,1.04372,-14.7687
31896,1.04148,-15.0447
31897,1.04281,-14.8959
31898,1.05017,-13.8481
31899,1.04296,-14.9386
31900,1.04079,-15.1326
31901,1.04544,-14.76
31902,1.03972,-15.2922
31903,1.03769,-15.4833
31904,1.04834,-14.3863
31905,1.0437,-15.0022
31906,1.04173,-15.2515
31907,1.04109,-15.3281
31908,1.03992,-15.4495
31909,1.0369,-16.3892
31910,1.03726,-16.3336
31911,1.03649,-16.4711
31912,1.03633,-16.4393
31913,1.03582,-16.5972
31914,1.03539,-16.6668
31915,1.03604,-16.6
31916,1.03553,-16.6598
31917,1.03483,-16.7441
31918,1.03428,-16.7961
31919,1.03417,-16.7949
31920,1.03614,-16.5671
31921,1.03579,-16.601
31922,1.03337,-16.8719
31923,1.033,-16.8845
31924,1.03247,-16.9056
31925,1.03277,-16.8597
31926,1.03285,-16.8056
31927,1.05088,-14.4985
31928,1.06217,-12.5883
31929,1.09287,-8.69531
31930,1.05587,-12.8464
31931,1.03856,-16.0149
31932,1.04267,-15.1911
31933,1.03708,-16.3154
31934,1.0399,-15.9685
31935,1.04369,-15.4815
31936,1.03767,-16.3961
31937,1.04819,-14.8989
31938,1.05093,-14.4589
31939,1.04884,-14.7497
31940,1.0451,-15.3693
31941,1.06917,-11.4909
31942,1.06143,-12.1331
31943,1.06092,-12.1364
31944,1.05904,-12.2342
31945,1.06689,-11.6128
31946,1.0587,-12.2535
31947,1.05876,-12.2486
31948,1.06495,-11.6776
31949,1.05984,-12.2171
31950,1.09851,-8.20518
31951,1.08194,-10.0073
31952,1.06861,-11.3227
31953,1.07317,-10.8625
31954,1.05533,-12.3002
31955,1.05908,-12.0928
31956,1.06322,-11.7882
31957,1.06063,-11.9893
31958,1.06159,-11.9132
31959,1.05606,-12.2925
31960,1.06033,-12.0425
31961,1.06113,-11.9719
31962,1.06175,-11.9173
31963,1.06462,-11.7206
31964,1.06488,-11.7198
31965,1.06322,-11.776
31966,1.06208,-11.9187
31967,1.05647,-12.3629
31968,1.07224,-11.0327
31969,1.07254,-10.6503
31970,1.07603,-10.263
31971,1.05769,-12.1932
31972,1.05663,-12.2589
31973,1.05916,-12.0626
31974,1.05884,-12.0846
31975,1.05981,-12.0158
31976,1.05709,-12.2044
31977,1.05854,-12.0966
31978,1.05954,-12.0409
31979,1.05576,-12.2797
31980,1.05585,-12.2958
31981,1.05949,-12.0471
31982,1.05806,-12.1362
31983,1.05844,-12.1111
31984,1.05602,-12.3152
31985,1.05404,-12.4443
31986,1.0387,-14.3043
31987,1.05687,-12.2538
31988,1.05058,-12.8577
31989,1.06854,-11.2641
31990,1.05394,-12.359
31991,1.05962,-12.1186
31992,1.05202,-12.9596
31993,1.05362,-12.9114
31994,1.05426,-12.6245
31995,1.06297,-11.913
31996,1.05994,-12.1183
31997,1.06035,-12.0958
31998,1.05324,-12.6659
31999,1.05308,-12.7426
32000,1.06103,-12.0537
32001,1.06045,-12.094
32002,1.05413,-12.8744
32003,1.05638,-12.4004
32004,1.05584,-12.4384
32005,1.05259,-12.9621
32006,1.05298,-12.9078
32007,1.05463,-12.4875
32008,1.04437,-13.3231
32009,1.045,-13.3128
32010,1.04546,-13.309
32011,1.05326,-12.6621
32012,1.05718,-12.3167
32013,1.05595,-12.3928
32014,1.04026,-13.6766
32015,1.04326,-13.7702
32016,1.05328,-12.6038
32017,1.05399,-12.4695
32018,1.05286,-12.5341
32019,1.0526,-12.5432
32020,1.05253,-12.5428
32021,1.04546,-13.2407
32022,1.05231,-12.5548
32023,1.04504,-13.2677
32024,1.05223,-12.5527
32025,1.05319,-12.5914
32026,1.04529,-13.2487
32027,1.04813,-15.8978
32028,1.04311,-16.234
32029,1.04965,-15.6954
32030,1.05108,-15.5483
32031,1.04938,-15.2673
32032,1.05594,-15.1497
32033,1.05398,-15.3051
32034,1.05136,-14.8931
32035,1.05129,-15.5037
32036,1.04169,-16.3285
32037,1.05535,-15.1959
32038,1.05977,-14.5472
32039,1.05038,-15.3936
32040,1.04833,-15.8434
32041,1.05128,-15.3633
32042,1.03867,-16.3819
32043,1.05141,-15.5285
32044,1.05099,-15.5762
32045,1.05738,-14.0973
32046,1.07155,-16.7008
32047,1.08091,-16.4816
32048,1.08397,-16.3127
32049,1.08671,-16.2901
32050,1.08136,-16.6188
32051,1.07662,-16.7759
32052,1.07596,-16.5729
32053,1.07389,-20.116
32054,1.0747,-19.943
32055,1.07779,-18.7635
32056,1.08045,-17.6593
32057,1.04011,-16.5207
32058,1.04547,-17.2668
32059,1.04309,-17.8059
32060,1.04707,-15.2271
32061,1.04795,-15.2751
32062,1.04786,-15.1165
32063,1.04787,-15.0332
32064,1.04811,-14.84
32065,1.04854,-14.6857
32066,1.04843,-14.7566
32067,1.04753,-15.0936
32068,1.0488,-14.6971
32069,1.05048,-14.5739
32070,1.04943,-14.6069
32071,1.04931,-14.7584
32072,1.046,-15.3971
32073,1.04341,-15.8311
32074,1.05002,-14.4574
32075,1.04938,-14.5271
32076,1.0489,-14.577
32077,1.04913,-14.5161
32078,1.04956,-14.4233
32079,1.0472,-14.3986
32080,1.05018,-14.3288
32081,1.05087,-14.3695
32082,1.0509,-14.4027
32083,1.05207,-14.2626
32084,1.04875,-14.4464
32085,1.05081,-14.2446
32086,1.0515,-14.1609
32087,1.04834,-14.3902
32088,1.05241,-14.053
32089,1.05295,-14.224
32090,1.04978,-14.1675
32091,1.05308,-13.9791
32092,1.05393,-13.8876
32093,1.05452,-13.8035
32094,1.04686,-14.7491
32095,1.0521,-14.0271
32096,1.04819,-14.3902
32097,1.05139,-14.0653
32098,1.05443,-13.8383
32099,1.05447,-13.8631
32100,1.0555,-13.6051
32101,1.05576,-13.6924
32102,1.04932,-14.1612
32103,1.05027,-14.1092
32104,1.05755,-13.4102
32105,1.05683,-13.4928
32106,1.05593,-13.5676
32107,1.04705,-14.3998
32108,1.04902,-14.1783
32109,1.05935,-13.0305
32110,1.04973,-14.1536
32111,1.06036,-12.9843
32112,1.06522,-12.2106
32113,1.07483,-10.5967
32114,1.06666,-12.0166
32115,1.05932,-13.2313
32116,1.06216,-12.8089
32117,1.07346,-11.1676
32118,1.0719,-11.351
32119,1.06139,-12.957
32120,1.09545,-8.28652
32121,1.07139,-11.4134
32122,1.07192,-11.3547
32123,1.07331,-11.177
32124,1.06884,-11.734
32125,1.07485,-11.0141
32126,1.04814,-14.961
32127,1.04456,-15.5637
32128,1.03541,-16.1659
32129,1.04666,-14.4434
32130,1.04728,-14.2466
32131,1.05677,-12.2477
32132,1.08082,-11.385
32133,1.07528,-12.179
32134,1.07933,-10.9147
32135,1.07831,-11.2052
32136,1.07021,-11.6826
32137,1.0642,-12.0735
32138,1.06667,-11.8372
32139,1.06372,-11.8999
32140,1.07227,-11.2438
32141,1.07381,-11.1542
32142,1.08026,-10.6969
32143,1.08009,-10.7073
32144,1.0751,-11.0784
32145,1.07225,-11.4171
32146,1.0821,-10.4219
32147,1.07384,-11.3893
32148,1.07106,-11.5088
32149,1.0731,-11.1966
32150,1.07384,-11.1489
32151,1.07991,-10.7354
32152,1.07872,-10.8194
32153,1.0884,-9.47833
32154,1.0694,-11.3814
32155,1.05123,-12.5403
32156,1.05477,-12.491
32157,1.07539,-11.0511
32158,1.076,-11.0147
32159,1.06594,-11.8782
32160,1.07766,-10.9187
32161,1.05519,-12.4496
32162,1.06605,-11.5567
32163,1.06746,-11.4839
32164,1.06857,-11.4359
32165,1.07468,-11.095
32166,1.0551,-12.3639
32167,1.05342,-12.394
32168,1.053,-12.5208
32169,1.05389,-12.515
32170,1.06538,-11.8723
32171,1.0538,-12.4952
32172,1.06594,-12.5037
32173,1.07314,-25.1144
32174,1.08872,-22.7723
32175,1.09437,-21.4594
32176,1.06363,-24.0283
32177,1.05163,-31.6419
32178,1.04156,-31.8709
32179,1.05034,-32.0633
32180,1.0529,-31.8923
32181,1.05829,-31.9711
32182,1.03345,-34.7191
32183,1.04036,-34.2098
32184,1.05426,-32.5185
32185,1.05715,-33.1039
32186,1.06489,-32.7473
32187,1.05575,-33.2127
32188,1.02472,-34.6321
32189,1.02802,-34.4958
32190,1.02818,-34.2105
32191,1.02899,-34.8911
32192,1.06827,-31.1475
32193,1.03832,-34.7853
32194,1.02538,-34.2176
84641,1.09254,-2.9884
84642,1.08897,-3.70774
84643,1.08806,-3.86347
84644,1.09291,-10.8299
84645,1.09105,-11.112
84646,1.08372,-10.5219
84647,1.07449,-15.1706
84648,1.0778,-14.9314
84649,1.08312,-10.1474
84650,1.08146,-10.3132
84651,1.0905,-8.98786
84652,1.08858,-9.24797
84653,1.08754,-10.7094
84654,1.08638,-11.2663
84655,1.0946,-7.64972
84656,1.1,-1.4186
84657,1.0991,-1.62781
84658,1.08283,-10.534
84659,1.08134,-7.64737
84660,1.08406,-7.48424
84661,1.09301,-3.47761
84662,1.09269,-3.53687
84663,1.08447,-10.3436
84664,1.08739,-14.3326
84665,1.08754,-4.06006
84666,1.09115,-3.83367
84667,1.08395,-12.448
84668,1.08748,-12.2153
84669,1.09311,-7.80574
84670,1.08957,-29.1223
84671,1.09517,-7.27615
84672,1.0746,-22.54
84673,1.07173,-22.7935
84674,1.09179,-7.19426
84675,1.09227,-7.19857
84676,1.0926,-8.05889
84677,1.09721,-7.08263
84678,1.08703,-9.99224
84679,1.08367,-10.1554
84680,1.08433,-10.3863
84681,1.08241,-10.6706
84682,1.0901,-9.95912
84683,1.09106,-9.89322
84684,1.09072,-9.18646
84685,1.09092,-9.13546
84686,1.0905,-8.51261
84687,1.0876,-8.99935
84688,1.08403,-9.20885
84689,1.09698,-1.27714
84690,1.09797,-1.22376
84691,1.09106,-7.41312
84692,1.08933,-7.92319
84693,1.08935,-7.92329
84694,1.08157,-9.86565
84695,1.07503,-10.858
84696,1.07325,-11.2412
84697,1.07594,-11.5268
84698,1.07688,-11.5751
84699,1.08399,-11.765
84700,1.08798,-11.3505
84701,1.09738,-6.4353
84702,1.09708,-6.82863
84703,1.07427,-14.3861
84704,1.09548,-7.24337
84705,1.09653,-7.1372
84706,1.08625,-31.4879
84707,1.08783,-9.7361
84708,1.07751,-13.7862
84709,1.08502,-10.2375
84710,1.08912,-9.50075
84711,1.08389,-10.288
84712,1.08007,-10.7996
84713,1.08368,-9.85274
84714,1.0762,-10.7888
84715,1.07578,-10.8876
84716,1.08636,-29.5502
84717,1.08666,-29.5524
84718,1.08805,-28.6852
84719,1.0968,-6.50369
84720,1.09644,-7.02816
84721,1.0971,-7.15787
84722,1.0932,-11.243
84723,1.09095,-11.4987
84724,1.09423,-9.23994
84725,1.08694,-9.89237
84726,1.09765,-7.4898
84727,1.09775,-7.63404
84728,1.09509,-7.78637
84729,1.0705,-13.0311
84730,1.08862,-5.0113
84731,1.09534,-4.81555
84732,1.06599,-11.0592
84733,1.07185,-11.1542
84734,1.06313,-8.64477
84735,1.08783,-16.8719
84736,1.08166,-4.85542
84737,1.06238,-14.6958
84738,1.06238,-15.0037
84739,1.0734,-11.0653
84740,1.08904,-8.92203
84741,1.09043,-6.99662
84742,1.06477,-11.1043
84743,1.08645,-13.8471
84744,1.08462,-13.9348
84745,1.07217,-14.1459
84746,1.06745,-13.071
84747,1.06376,-12.8168
84748,1.1,-8.05604
84749,1.08584,-9.42767
84750,1.08247,-9.97322
84751,1.09244,-10.4296
84752,1.09231,-9.7784
84753,1.0644,-9.06905
84754,1.08854,-22.3793
84755,1.09259,-8.23426
84756,1.0665,-12.7202
84876,1.08488,-13.8235
84877,1.08171,-14.2538
84878,1.07353,-15.0904
84879,1.06529,-15.6102
84880,1.07513,-14.8169
84881,1.07023,-15.2537
84882,1.07323,-15.0469
84883,1.07574,-14.9166
84884,1.07849,-14.7784
84885,1.07284,-14.4427
84886,1.06778,-15.4219
84887,1.07031,-15.3393
84888,1.06482,-15.6756
84889,1.06778,-15.2583
84890,1.05649,-14.5259
84891,1.07206,-32.8629
84892,1.07622,-30.9622
84893,1.07651,-31.0616
84894,1.04969,-34.0063
84895,1.05496,-33.8293
84896,1.06268,-33.4355
84897,1.06878,-32.8755
84898,1.0744,-32.6041
84899,1.07223,-32.7311
84900,1.06546,-33.3314
84901,1.07872,-32.0771
84902,1.07115,-32.9303
84903,1.06966,-32.7885
84904,1.07995,-32.012
84905,1.07258,-32.7263
84906,1.08105,-13.5678
84907,1.07148,-14.573
84908,1.08624,-8.85751
84909,1.09068,-8.36634
84910,1.08821,-8.63423
84911,1.08746,-8.70947
84912,1.08715,-8.74397
84913,1.08767,-8.32797
84914,1.08943,-7.43885
84915,1.09465,-7.66984
84916,1.0874,-7.49109
84917,1.08876,-7.51622
84918,1.07116,-8.72346
84919,1.06909,-8.68039
84920,1.08371,-7.61169
84921,1.08036,-7.91005
84922,1.05849,-9.21437
84923,1.05899,-9.26967
84924,1.07356,-7.96249
84925,1.07061,-8.28528
84926,1.05681,-9.28878
84927,1.05646,-9.25947
84928,1.06303,-8.49288
84929,1.06601,-8.31124
84930,1.0595,-9.14235
84931,1.06665,-8.14164
84932,1.06637,-8.22039
84933,1.06882,-7.72402
84934,1.04914,-10.2059
84935,1.07001,-8.80271
84936,1.07098,-8.30621
84937,1.0864,-6.26381
84938,1.08056,-6.99893
84939,1.07514,-7.50688
84940,1.07731,-7.40514
84941,1.0711,-8.07155
84942,1.06982,-8.1472
84943,1.08689,-6.1117
84944,1.08134,-6.69338
84945,1.09342,-8.13979
84946,1.08924,-8.47607
84947,1.07921,-8.09089
84948,1.04795,-13.1174
84949,1.05164,-12.594
84950,1.05677,-12.4581
84951,1.05572,-12.576
84952,1.04857,-12.7669
84953,1.05494,-12.4826
84954,1.06067,-12.0824
84955,1.06183,-12.0696
84956,1.06185,-12.0668
84957,1.06027,-12.2046
84958,1.05946,-12.3257
84959,1.05552,-12.517
84960,1.05241,-12.773
84961,1.0612,-12.1538
84962,1.05721,-12.5398
84963,1.06008,-12.2687
84964,1.05449,-12.6801
84965,1.0613,-11.9178
84966,1.07598,-9.4985
84967,1.06589,-11.1044
84968,1.06258,-11.8088
84969,1.06782,-11.0534
84970,1.06658,-11.4679
84971,1.05748,-12.6253
84972,1.06786,-11.4735
84973,1.0679,-11.4776
84974,1.07019,-11.4719
84975,1.07572,-10.6457
84976,1.07227,-11.2463
84977,1.07516,-10.6779
84978,1.07138,-11.3504
84979,1.06548,-11.5758
84980,1.08032,-9.54881
84981,1.07251,-10.7722
84982,1.07095,-11.1304
84983,1.0717,-10.8801
84984,1.07088,-11.1755
84985,1.06854,-11.4203
84986,1.06487,-11.8946
84987,1.059,-12.6194
84988,1.06755,-11.3337
84989,1.06818,-11.3997
84990,1.06536,-11.8438
84991,1.06823,-11.4022
84992,1.06411,-12.0191
84993,1.06847,-11.5677
84994,1.06883,-11.5135
84995,1.06108,-12.4455
84996,1.05854,-12.6908
84997,1.06655,-11.9555
84998,1.06868,-11.6365
84999,1.07871,-10.4579
85000,1.06313,-12.5487
85001,1.05811,-12.6793
85002,1.05168,-13.2774
85003,1.06712,-12.0655
85004,1.06889,-11.3747
85005,1.0652,-12.3392
85006,1.06687,-11.4563
85007,1.06537,-11.7301
85008,1.07928,-10.3174
85009,1.06399,-11.8099
85010,1.06573,-11.9066
85011,1.06602,-11.6765
85012,1.06756,-11.5809
85013,1.0657,-12.1027
85014,1.06161,-12.6158
85015,1.06701,-11.6302
85016,1.06666,-11.6423
85017,1.06452,-11.8096
85018,1.06625,-11.9512
85019,1.06832,-11.5478
85020,1.06857,-11.5624
85021,1.06516,-11.6953
85022,1.06546,-12.1065
85023,1.06134,-12.7119
85024,1.07695,-10.4807
85025,1.07313,-11.2412
85026,1.06518,-12.2998
85027,1.06271,-12.5685
85028,1.07623,-10.6281
85029,1.07677,-10.7786
85030,1.04107,-31.0625
85031,1.05052,-13.3183
85032,1.0516,-13.6819
85033,1.05255,-13.6719
85034,1.05374,-13.6929
85035,1.05962,-12.733
85036,1.05549,-13.2378
85037,1.04753,-14.5049
85038,1.05069,-13.5384
85039,1.04688,-13.9857
85040,1.06147,-14.5313
85041,1.07409,-12.9589
85042,1.07421,-12.7571
85043,1.06225,-14.2819
85044,1.07583,-12.8646
85045,1.07325,-13.5821
85046,1.05864,-14.5537
85047,1.05775,-14.4307
85048,1.05079,-15.3744
85049,1.05607,-15.0652
85050,1.0524,-15.3307
85051,1.05281,-15.4209
85052,1.0558,-15.1073
85053,1.07161,-14.071
85054,1.06913,-14.322
85055,1.06127,-15.0332
85056,1.04319,-14.9283
85057,1.05367,-13.8429
85058,1.04324,-15.0679
85059,1.04211,-14.9913
85060,1.04125,-15.1486
85061,1.06516,-14.7741
85062,1.04345,-15.3971
85063,1.06984,-12.8946
85064,1.07182,-12.662
85065,1.0447,-16.7456
85066,1.04572,-16.6263
85067,1.05464,-15.1807
85068,1.05061,-16.2254
85069,1.04507,-16.9469
85070,1.04596,-16.7023
85071,1.04475,-14.9326
85072,1.0609,-17.0652
85073,1.05964,-17.0347
85074,1.05499,-17.3328
85075,1.05866,-17.1826
85076,1.05555,-17.1444
85077,1.07179,-10.3157
85078,1.08666,-8.78119
85079,1.07457,-10.3807
85080,1.09386,-13.9517
85081,1.09137,-14.1658
85082,1.08658,-14.7723
85083,1.0858,-14.8007
85084,1.07194,-12.2122
85085,1.06985,-12.5212
85086,1.05649,-13.311
85087,1.05348,-13.8715
85088,1.06088,-13.0368
85089,1.05337,-13.4964
85090,1.04834,-13.6004
85091,1.05912,-13.1667
85092,1.05783,-13.1551
85093,1.06575,-12.6038
85094,1.07927,-11.1211
85095,1.07389,-11.9433
85096,1.06863,-12.3369
85097,1.06907,-12.3814
85098,1.06254,-12.9129
85099,1.06388,-13.1686
85100,1.05719,-13.156
85101,1.06234,-12.9325
85102,1.05808,-13.1099
85103,1.06094,-13.0198
85104,1.05775,-13.1251
85105,1.05763,-13.3909
85106,1.06286,-12.9032
85107,1.06665,-12.6741
85108,1.06119,-13.1866
85109,1.05953,-13.5482
85110,1.04676,-14.3083
85111,1.05271,-13.5772
85112,1.04771,-14.2924
85113,1.05617,-13.7226
85114,1.07311,-11.8586
85115,1.05708,-13.5087
85116,1.05365,-13.9052
85117,1.04542,-14.5728
85118,1.05859,-13.7902
85119,1.03934,-15.2046
85120,1.03962,-15.2282
85121,1.04101,-15.0569
85122,1.04148,-15.0233
85123,1.0382,-15.7142
85124,1.05111,-13.8517
85125,1.06022,-13.0012
85126,1.05614,-13.5503
85127,1.05048,-13.8962
85128,1.04894,-14.2584
85129,1.04239,-14.6504
85130,1.03859,-15.3122
85131,1.04378,-14.7239
85132,1.06794,-12.3041
85133,1.06583,-12.4005
85134,1.07394,-11.7106
85135,1.06525,-12.4143
85136,1.06186,-12.6003
85137,1.06011,-12.7721
85138,1.05711,-13.409
85139,1.05329,-13.6488
85140,1.05348,-13.657
85141,1.04532,-14.4334
85142,1.04505,-14.6051
85143,1.04574,-14.5638
85144,1.04858,-14.3013
85145,1.04597,-14.4976
85146,1.03855,-15.3576
85147,1.04148,-14.8504
85148,1.04087,-14.9584
85149,1.04054,-14.9213
85150,1.04226,-14.8394
85151,1.05656,-14.5756
85152,1.06362,-12.6401
85153,1.05913,-13.1134
85154,1.04946,-33.1612
85155,1.07156,-30.9212
85156,1.07016,-31.097
85157,1.05834,-31.9969
85158,1.04735,-33.1961
85159,1.04822,-33.2634
85160,1.05284,-32.8538
85161,1.05005,-32.9223
85162,1.06482,-31.262
85163,1.06902,-30.9095
85164,1.08668,-29.4746
85165,1.04571,-16.0406
85166,1.04595,-16.0176
85167,1.04437,-16.1779
85168,1.04432,-16.1914
85169,1.0444,-16.2087
85170,1.04616,-16.0713
85171,1.0462,-15.9644
85172,1.05325,-26.0168
85173,1.05233,-24.4795
85174,1.05838,-27.7188
85175,1.05274,-24.6166
85176,1.0516,-25.9757
85177,1.06061,-26.8964
85178,1.06736,-15.8241
85179,1.05157,-10.3714
85180,1.08048,-8.87963
85181,1.08848,-7.93766
85182,1.0835,-5.92041
85183,1.04843,-11.5926
85184,1.05675,-15.4273
85185,1.05704,-15.4677
85186,1.05888,-15.3948
85187,1.0734,-14.1094
85188,1.07291,-14.1295
85189,1.07288,-14.2167
85190,1.07247,-14.3469
85191,1.07237,-14.3356
85192,1.0698,-14.4132
85193,1.06427,-15.2334
85194,1.06584,-15.1499
85195,1.0657,-14.9874
85196,1.06243,-15.224
85197,1.05789,-15.5012
85198,1.07036,-14.4435
85199,1.06576,-14.9926
85200,1.06601,-15.0078
85201,1.06771,-14.8446
85202,1.06779,-14.8437
85203,1.06561,-15.0293
85204,1.06833,-14.7812
85205,1.0683,-14.7866
85206,1.06808,-14.8436
85207,1.06882,-14.8123
85208,1.06198,-15.1975
85209,1.05621,-11.8773
85210,1.05914,-11.5606
85211,1.05468,-12.0817
85212,1.05467,-12.5956
85213,1.05829,-9.51763
85214,1.05272,-11.7423
85215,1.05432,-10.5828
85216,1.05605,-13.1935
85217,1.05493,-13.2747
85218,1.05276,-13.7584
85219,1.05594,-13.1908
85220,1.05617,-13.133
85221,1.05766,-13.5246
85222,1.05851,-13.324
85223,1.06107,-12.8659
85224,1.06473,-12.6067
85225,1.06405,-12.7387
85226,1.06363,-12.7699
85227,1.06708,-12.3408
85228,1.06525,-12.5901
85229,1.06589,-12.452
85230,1.05323,-13.0604
85231,1.07318,-11.3864
85232,1.07406,-11.3477
85233,1.06376,-12.6296
85234,1.07367,-11.8347
85235,1.07385,-11.8199
85236,1.07245,-11.9116
85237,1.0671,-12.3418
85238,1.07656,-11.5944
85239,1.07368,-11.9222
85240,1.06785,-12.3271
85241,1.06289,-12.8495
85242,1.07517,-11.6218
85243,1.07985,-10.9786
85244,1.07299,-11.5847
85245,1.06926,-12.112
85246,1.0771,-11.5298
85247,1.07558,-11.8313
85248,1.06689,-12.3414
85249,1.07322,-11.9702
85250,1.0731,-12.0954
85251,1.07084,-12.1219
85252,1.07409,-11.9312
85253,1.07554,-11.6374
85254,1.0753,-12.0529
85255,1.07682,-11.3611
85256,1.05793,-12.6715
85257,1.05069,-13.13
85258,1.03902,-15.9725
85259,1.03682,-15.7556
85260,1.04781,-13.6597
85261,1.04316,-13.8381
85262,1.053,-12.9036
85263,1.0606,-12.8415
85264,1.0639,-12.2977
85265,1.04457,-14.6147
85266,1.03908,-14.745
85267,1.04392,-14.3769
85268,1.04828,-13.7478
85269,1.04289,-15.072
85270,1.04319,-14.8937
85271,1.03968,-15.5799
85272,1.04168,-15.1562
85273,1.04624,-14.4926
85274,1.04406,-15.1809
85275,1.07868,-11.4043
85276,1.06796,-12.7539
85277,1.06775,-12.7743
85278,1.05154,-14.5395
85279,1.05158,-14.5565
85280,1.05794,-13.5768
85281,1.05352,-14.2838
85282,1.05351,-14.2282
85283,1.05159,-14.4357
85284,1.0524,-14.2947
85285,1.05373,-14.3362
85286,1.05614,-13.7769
85287,1.06643,-12.0993
85288,1.05477,-12.6841
85289,1.05618,-12.1439
85290,1.0664,-11.9939
85291,1.06709,-12.0119
85292,1.05683,-12.2343
85293,1.05268,-12.4088
85294,1.05246,-12.296
85295,1.04914,-12.6312
85296,1.05913,-12.1653
85297,1.05911,-11.5519
85298,1.05935,-11.9096
85299,1.06595,-11.5899
85300,1.06336,-11.7818
85301,1.0582,-11.9787
85302,1.06231,-11.7039
85303,1.06719,-11.0312
85304,1.07116,-10.5799
85305,1.07157,-10.5525
85306,1.06434,-12.2681
85307,1.06425,-11.857
85308,1.08055,-10.2926
85309,1.06703,-11.3536
85310,1.06807,-11.0356
85311,1.08393,-9.53299
85312,1.08023,-10.0141
85313,1.09427,-7.6059
85314,1.07163,-10.8762
85315,1.07418,-9.90415
85316,1.07269,-10.7834
85317,1.07494,-10.2263
85318,1.07058,-10.5818
85319,1.07135,-10.5637
85320,1.06673,-11.0299
85321,1.08821,-8.62348
85322,1.07679,-9.91407
85323,1.06894,-10.9635
85324,1.07741,-9.9168
85325,1.07963,-9.77562
85326,1.07771,-10.1805
85327,1.08359,-9.65026
85328,1.08565,-9.37521
85329,1.08103,-9.79708
85330,1.08259,-9.57244
85331,1.08403,-9.6315
85332,1.07252,-10.3355
85333,1.07672,-11.6096
85334,1.0746,-11.9346
85335,1.03392,-34.1002
85336,1.08996,-4.0912
85337,1.08398,-4.81341
85338,1.08081,-5.07404
85339,1.07976,-4.92355
85340,1.0843,-4.57096
85341,1.08357,-4.45728
85342,1.08088,-4.8273
85343,1.08348,-4.44194
85344,1.08076,-4.64632
85345,1.07657,-6.05783
85346,1.07124,-6.6166
85347,1.06729,-6.97754
85348,1.07118,-6.71995
85349,1.06842,-6.98184
85350,1.09112,-3.80624
85351,1.0901,-3.90787
85352,1.03571,-31.7889
85353,1.04184,-33.0818
85354,1.0425,-32.1952
85355,1.0683,-27.9477
85356,1.04804,-29.9767
85357,1.0583,-21.9962
85358,1.07681,-21.2418
85359,1.07012,-12.0969
85360,1.04822,-15.0513
85361,1.05705,-14.554
85362,1.04645,-15.347
85363,1.04706,-15.6685
85364,1.0437,-16.0166
85365,1.04228,-16.0495
85366,1.0419,-16.0732
85367,1.04458,-15.6248
85368,1.05455,-12.9559
85369,1.04649,-15.2227
85370,1.0449,-14.635
85371,1.04173,-15.9461
85372,1.04174,-15.9547
85373,1.04373,-15.6724
85374,1.05281,-14.1623
85375,1.04363,-15.8229
85376,1.05396,-14.1467
85377,1.0537,-14.0067
85378,1.04501,-14.9468
85379,1.05353,-13.8961
85380,1.05093,-13.9618
85381,1.08676,-10.2875
85382,1.083,-10.8106
85383,1.07577,-11.344
85384,1.08189,-10.7286
85385,1.06975,-12.0757
85386,1.06807,-12.1565
85387,1.05475,-14.7036
85388,1.0809,-10.875
85389,1.07059,-12.2423
85390,1.06403,-13.0842
85391,1.06659,-12.7216
85392,1.05533,-13.9589
85393,1.05383,-14.2238
85394,1.0545,-14.9152
85395,1.05214,-14.6071
85396,1.04262,-16.1389
85397,1.0561,-13.8055
85398,1.06681,-12.4541
85399,1.06387,-12.8551
85400,1.04696,-15.3857
85401,1.05098,-14.5116
85402,1.04943,-15.2255
85403,1.0448,-15.5664
85404,1.04872,-14.9244
85405,1.06169,-12.8933
85406,1.07148,-12.1023
85407,1.07298,-11.9777
85408,1.06323,-12.8525
85409,1.08217,-10.5222
85410,1.07956,-11.1285
85411,1.0541,-14.9732
85412,1.06283,-12.9508
85413,1.06383,-12.8758
85414,1.07407,-11.997
85415,1.07111,-12.0065
85416,1.06068,-12.8939
85417,1.05603,-13.4413
85418,1.05268,-15.0551
85419,1.05286,-14.8344
85420,1.04767,-15.8077
85421,1.04318,-16.5792
85422,1.06227,-12.552
85423,1.05501,-13.7317
85424,1.04845,-24.6107
85425,1.04903,-24.6574
85426,1.05364,-24.3165
85427,1.05265,-24.4239
85428,1.0534,-24.4342
85429,1.05554,-24.2425
85430,1.07098,-22.9109
85431,1.05922,-24.0325
85432,1.06006,-23.9353
85433,1.05835,-24.0689
85434,1.06164,-23.8217
85435,1.05024,-24.2012
85436,1.04955,-24.2527
85437,1.0538,-24.3574
85438,1.04972,-24.4711
85439,1.05002,-24.3884
85440,1.06274,-22.9784
85441,1.05952,-23.1869
85442,1.05427,-23.9044
85443,1.06358,-14.8796
85444,1.05532,-16.2586
85445,1.06821,-18.632
85446,1.04689,-13.155
85447,1.04793,-13.1104
85448,1.05224,-12.8274
85449,1.06021,-12.1648
85450,1.06751,-11.0201
85451,1.06172,-12.0913
85452,1.08138,-8.93012
85453,1.04971,-12.928
85454,1.05926,-12.4044
85455,1.07442,-10.0837
85456,1.06765,-11.3798
85457,1.06417,-11.6667
85458,1.0669,-11.4095
85459,1.07693,-9.92386
85460,1.08254,-9.40871
85461,1.0507,-16.2597
85462,1.06214,-15.2437
85463,1.0512,-15.5471
85464,1.05566,-14.7189
85465,1.04457,-15.9349
85466,1.04319,-16.9609
85467,1.04559,-16.7401
85468,1.05277,-15.7777
85469,1.05256,-15.9002
85470,1.04394,-17.2206
85471,1.04289,-16.7623
85472,1.05293,-16.0227
85473,1.04958,-16.2724
85474,1.0417,-16.9765
85475,1.05464,-15.8192
85476,1.05492,-15.8785
85477,1.0424,-16.9105
85478,1.04418,-16.7431
85479,1.04312,-16.8857
85480,1.04483,-16.5938
85481,1.0446,-16.619
85482,1.04253,-16.7271
85483,1.04436,-16.8925
85484,1.05067,-16.1647
85485,1.06482,-15.0296
85486,1.07416,-4.59163
85487,1.0734,-4.78927
85488,1.05835,-5.98502
85489,1.06302,-5.64319
85490,1.05521,-6.11657
85491,1.05852,-6.2037
85492,1.05727,-6.0832
85493,1.058,-6.04795
85494,1.05157,-7.22104
85495,1.05659,-6.74404
85496,1.05528,-6.29957
85497,1.07528,-4.31751
85498,1.06214,-12.5857
85499,1.05819,-13.0724
85500,1.06275,-12.397
85501,1.06034,-12.7184
85502,1.05953,-12.8357
85503,1.05865,-12.9085
85504,1.05881,-12.9818
85505,1.05529,-13.3144
85506,1.05307,-13.5903
85507,1.05568,-13.3745
85508,1.05291,-13.6874
85509,1.05553,-13.3695
85510,1.05212,-14.1239
85511,1.05499,-13.4691
85512,1.0582,-13.164
85513,1.05588,-13.4556
85514,1.05917,-13.0887
85515,1.05828,-13.2587
85516,1.05432,-13.4233
85517,1.05123,-13.9004
85518,1.05515,-13.5224
85519,1.05049,-14.1058
85520,1.04812,-14.2349
85521,1.04866,-14.1905
85522,1.05286,-13.5843
85523,1.05579,-13.2066
85524,1.05797,-12.7903
85525,1.05771,-12.9981
85526,1.05854,-13.1875
85527,1.05668,-13.3738
85528,1.05424,-13.8326
85529,1.05087,-14.0791
85530,1.05226,-13.9592
85531,1.05726,-13.51
85532,1.06314,-12.2101
85533,1.05677,-13.5745
85534,1.05441,-13.4693
85535,1.0545,-13.4533
85536,1.05401,-13.5009
85537,1.05148,-14.0251
85538,1.05136,-14.0141
85539,1.05338,-13.8025
85540,1.052,-14.0201
85541,1.05508,-13.836
85542,1.05389,-13.5268
85543,1.0573,-13.4311
85544,1.06089,-13.5197
85545,1.06427,-13.3105
85546,1.06178,-12.5156
85547,1.05793,-12.9268
85548,1.05884,-12.0878
85549,1.06024,-12.2692
85550,1.0538,-13.4526
85551,1.05483,-13.3636
85552,1.05458,-13.1479
85553,1.05389,-13.3033
85554,1.05341,-13.5368
85555,1.05135,-13.6442
85556,1.05012,-13.8062
85557,1.04914,-13.8163
85558,1.05843,-13.2946
85559,1.06278,-12.8279
85560,1.0582,-13.1982
85561,1.06987,-11.4041
85562,1.06316,-12.6443
85563,1.06578,-11.9345
85564,1.06558,-12.2135
85565,1.06266,-12.6749
85566,1.05859,-13.0716
85567,1.05892,-12.9199
85568,1.06267,-12.5408
85569,1.06345,-12.434
85570,1.06355,-12.3967
85571,1.0635,-12.4085
85572,1.05818,-12.9919
85573,1.06173,-12.708
85574,1.06291,-12.5421
85575,1.0664,-11.0461
85576,1.06659,-11.0814
85577,1.06328,-10.8169
85578,1.06787,-10.7498
85579,1.07117,-10.435
85580,1.07525,-9.9571
85581,1.07768,-10.1626
85582,1.07175,-11.351
85583,1.06856,-11.9101
85584,1.06914,-11.6609
85585,1.06451,-12.484
85586,1.06751,-11.7657
85587,1.06586,-12.1868
85588,1.06547,-11.9013
85589,1.06543,-12.2021
85590,1.06441,-12.6347
85591,1.06168,-12.8048
85592,1.06482,-12.2381
85593,1.05402,-13.168
85594,1.0551,-13.0766
85595,1.059,-12.395
85596,1.06032,-12.2202
85597,1.06535,-11.2986
85598,1.06158,-12.2468
85599,1.0772,-9.45028
85600,1.06882,-10.6982
85601,1.06428,-11.5057
85602,1.06464,-11.4667
85603,1.06507,-12.0075
85604,1.06482,-12.0587
85605,1.0824,-8.70721
85606,1.07982,-9.07775
85607,1.06203,-12.0922
85608,1.05832,-12.9438
85609,1.07742,-10.2293
85610,1.05964,-12.2364
85611,1.06247,-15.5951
85612,1.05982,-15.4821
85613,1.03581,-19.7732
85614,1.0372,-23.1487
85615,1.03473,-23.3195
85616,1.03335,-23.5801
85617,1.04542,-15.1493
85618,1.04365,-14.3218
85619,1.05289,-14.325
85620,1.03943,-14.735
85621,1.05743,-13.0605
85622,1.07626,-29.5188
85623,1.07001,-30.6204
85624,1.06793,-30.8681
85625,1.06126,-31.5204
85626,1.06905,-30.7865
85627,1.04764,-34.5063
85628,1.05778,-32.9011
85629,1.06,-32.7291
85630,1.04333,-35.0022
85631,1.04155,-35.0863
85632,1.04484,-34.6828
85633,1.04074,-35.4075
85634,1.04201,-34.9543
85635,1.04191,-35.326
85636,1.05217,-33.9899
85637,1.0696,-6.66718
85638,1.0802,-5.84183
85639,1.07859,-5.87024
85640,1.07453,-5.15201
85641,1.0737,-5.45818
85642,1.04916,-13.3296
85643,1.05006,-13.2472
85644,1.05322,-12.9464
85645,1.05087,-12.9198
85646,1.0416,-13.4169
85647,1.04348,-13.4387
85648,1.04473,-13.3977
85649,1.04496,-13.39
85650,1.04326,-13.4349
85651,1.05155,-12.6268
85652,1.05055,-12.9188
85653,1.04806,-13.0108
85654,1.04516,-13.1973
85655,1.04302,-13.3015
85656,1.04533,-13.0249
85657,1.04315,-13.2763
85658,1.04459,-13.2325
85659,1.04797,-13.2362
85660,1.04962,-13.0421
85661,1.04533,-13.7218
85662,1.04504,-13.7219
85663,1.05475,-12.9935
85664,1.0567,-12.5708
85665,1.0549,-12.9365
85666,1.04909,-13.314
85667,1.05041,-13.2683
85668,1.07304,-10.992
85669,1.06193,-12.1902
85670,1.05892,-12.536
85671,1.04574,-13.874
85672,1.05096,-13.0358
85673,1.04687,-13.3173
85674,1.04273,-13.4338
85675,1.04623,-13.2105
85676,1.04491,-13.3702
85677,1.04883,-12.903
85678,1.04898,-12.9055
85679,1.04519,-13.3246
85680,1.0454,-13.2869
85681,1.04365,-13.4443
85682,1.03871,-13.752
85683,1.04197,-13.5587
85684,1.04669,-13.2768
85685,1.0485,-13.2122
85686,1.05083,-12.8361
85687,1.04818,-13.2139
85688,1.0613,-11.9975
85689,1.04258,-13.5018
85690,1.05507,-12.4939
85691,1.05604,-12.4583
85692,1.05779,-12.4481
85693,1.0568,-12.4008
85694,1.05342,-12.5308
85695,1.04362,-13.5352
85696,1.04958,-12.7239
85697,1.05792,-12.1949
85698,1.06032,-12.093
85699,1.05678,-12.3825
85700,1.06142,-12.0088
85701,1.05114,-12.7849
85702,1.05252,-12.7126
85703,1.05821,-12.294
85704,1.06953,-11.0951
85705,1.06676,-11.4129
85706,1.04611,-13.4597
85707,1.0584,-12.2939
85708,1.06313,-12.0247
85709,1.05527,-12.6251
85710,1.05314,-12.6637
85711,1.0554,-12.606
85712,1.0601,-12.1843
85713,1.0592,-12.2369
85714,1.05041,-13.9299
85715,1.04584,-14.9726
85716,1.04953,-13.965
85717,1.04977,-12.5396
85718,1.05818,-13.2767
85719,1.04024,-14.317
85720,1.04753,-13.5314
85721,1.05596,-12.8189
85722,1.06866,-11.9025
85723,1.06095,-12.5463
85724,1.05544,-13.2103
85725,1.05105,-14.105
85726,1.0558,-12.5501
85727,1.05235,-12.9551
85728,1.03971,-13.5224
85729,1.05684,-12.4116
85730,1.05373,-12.8209
85731,1.04384,-13.4044
85732,1.04469,-13.3051
85733,1.06563,-12.1308
85734,1.05784,-12.2099
85735,1.05651,-12.21
85736,1.05161,-12.3306
85737,1.0597,-11.8969
85738,1.05351,-12.5424
85739,1.06871,-11.374
85740,1.06721,-11.4769
85741,1.06552,-11.5538
85742,1.06476,-11.5933
85743,1.06632,-11.5173
85744,1.06968,-11.086
85745,1.06673,-11.4659
85746,1.06857,-11.3219
85747,1.06673,-11.1752
85748,1.06785,-11.1597
85749,1.06869,-11.3869
85750,1.05178,-12.7422
85751,1.07125,-10.866
85752,1.07011,-10.8758
85753,1.04428,-9.45573
85754,1.05808,-9.34208
85755,1.06045,-9.07449
85756,1.06121,-8.81702
85757,1.06965,-8.38112
85758,1.06701,-8.6834
85759,1.08397,-7.02812
85760,1.07585,-7.88354
85761,1.07153,-8.27995
85762,1.0758,-7.61574
85763,1.07147,-8.23394
85764,1.06871,-8.44783
85765,1.07456,-8.05295
85766,1.07268,-8.3821
85767,1.06588,-8.72519
85768,1.05914,-8.79203
85769,1.06846,-8.5487
85770,1.06966,-8.51943
85771,1.06794,-8.6654
85772,1.05699,-9.18645
85773,1.06023,-8.74739
85774,1.05834,-8.8143
85775,1.06107,-9.17823
85776,1.06036,-9.80615
85777,1.06647,-8.37995
85778,1.06597,-8.48849
85779,1.05928,-8.78941
85780,1.05814,-8.88589
85781,1.05846,-8.8714
85782,1.05676,-9.05703
85783,1.06186,-8.79921
85784,1.05922,-9.20605
85785,1.06305,-8.68142
85786,1.05792,-9.14974
85787,1.05952,-8.78682
85788,1.05784,-9.09058
85789,1.05659,-9.21405
85790,1.05869,-8.91122
85791,1.05919,-8.84603
85792,1.05873,-9.28486
85793,1.05875,-9.40873
85794,1.06653,-9.06251
85795,1.06133,-9.19065
85796,1.06328,-9.20961
85797,1.0585,-9.65019
85798,1.06064,-9.26803
85799,1.06296,-9.11952
85800,1.0588,-9.64141
85801,1.05995,-9.41006
85802,1.05766,-9.51314
85803,1.05737,-9.51534
85804,1.05519,-9.56555
85805,1.05204,-10.2625
85806,1.05555,-9.65819
85807,1.05297,-10.3474
85808,1.04981,-11.0433
85809,1.04858,-11.2695
85810,1.05541,-9.99804
85811,1.0535,-10.3616
85812,1.05161,-10.2893
85813,1.05007,-11.0625
85814,1.05266,-10.5745
85815,1.05432,-10.313
85816,1.05442,-9.92082
85817,1.05428,-10.3101
85818,1.05235,-10.5865
85819,1.05066,-10.7838
85820,1.04694,-11.3258
85821,1.05055,-10.8819
85822,1.04466,-11.6161
85823,1.04509,-11.8818
85824,1.04318,-13.2461
85825,1.04212,-13.4167
85826,1.05175,-11.0912
85827,1.04782,-12.5094
85828,1.07122,-6.16467
85829,1.06338,-8.56447
85830,1.06168,-8.68117
85831,1.0607,-7.82401
85832,1.0703,-7.11503
85833,1.08951,-5.15811
85834,1.08704,-5.20223
85835,1.09426,-1.92081
85836,1.08226,-4.43221
85837,1.0575,-8.90918
85838,1.06288,-15.9169
85839,1.0631,-15.9443
85840,1.06311,-15.8972
85841,1.06646,-15.602
85842,1.06365,-15.8723
85843,1.07067,-15.3352
85844,1.06928,-15.4964
85845,1.05151,-16.7961
85846,1.05775,-15.8998
85847,1.05731,-16.0594
85848,1.05758,-16.0484
85849,1.05387,-16.1619
85850,1.06007,-15.7583
85851,1.06602,-15.1085
85852,1.06002,-15.7619
85853,1.05971,-16.0615
85854,1.06362,-15.8136
85855,1.06332,-15.8224
85856,1.05551,-16.1406
85857,1.05846,-15.9763
85858,1.04481,-15.9595
85859,1.05599,-15.9811
85860,1.06167,-15.8745
85861,1.05539,-16.0967
85862,1.06688,-15.1229
85863,1.07387,-14.4169
85864,1.06623,-15.2238
85865,1.0758,-14.5704
85866,1.07382,-14.8059
85867,1.05624,-15.4873
85868,1.05065,-15.4728
85869,1.04804,-15.6449
85870,1.03772,-16.2399
85871,1.04498,-15.7302
85872,1.04796,-15.4903
85873,1.05366,-15.2508
85874,1.05295,-14.7103
85875,1.04485,-15.0993
85876,1.05176,-14.7482
85877,1.0528,-14.6781
85878,1.05039,-14.8026
85879,1.0585,-14.3958
85880,1.05581,-15.4493
85881,1.0452,-16.1019
85882,1.05221,-15.5581
85883,1.05634,-15.2291
85884,1.06615,-14.42
85885,1.06363,-14.6424
85886,1.07211,-14.021
85887,1.06184,-14.5468
85888,1.069,-14.2783
85889,1.04643,-16.0129
85890,1.06616,-14.4327
85891,1.06603,-14.3048
85892,1.0678,-14.2003
85893,1.05197,-15.6751
85894,1.05324,-15.6107
85895,1.05476,-15.4322
85896,1.04567,-15.9798
85897,1.05108,-15.5617
85898,1.05035,-15.6349
85899,1.03976,-16.8752
85900,1.03942,-16.5127
85901,1.03971,-17.0672
85902,1.04239,-17.1138
85903,1.04146,-16.7397
85904,1.04852,-15.8724
85905,1.0554,-14.8043
85906,1.0479,-15.9502
85907,1.04339,-16.362
85908,1.03678,-17.3476
85909,1.04568,-16.8058
85910,1.03552,-17.324
85911,1.03907,-17.1464
85912,1.04744,-16.6962
85913,1.05217,-16.4124
85914,1.04285,-16.9506
85915,1.04352,-17.1114
85916,1.06782,-15.4912
85917,1.04237,-16.7807
85918,1.04858,-16.1621
85919,1.04686,-16.3484
85920,1.05441,-16.3209
85921,1.05915,-15.001
85922,1.06833,-11.5949
85923,1.06581,-11.5934
85924,1.06977,-11.3348
85925,1.06818,-11.2728
85926,1.06873,-11.2416
85927,1.06233,-11.9634
85928,1.06518,-11.9756
85929,1.06847,-11.5897
85930,1.08419,-11.295
85931,1.08553,-10.8354
85932,1.0878,-10.2958
85933,1.07553,-10.8689
85934,1.07895,-10.5604
85935,1.07579,-10.8169
85936,1.06963,-11.3406
85937,1.06795,-11.2206
85938,1.07136,-10.8447
85939,1.07445,-10.4909
85940,1.06364,-11.4678
85941,1.06251,-11.5526
85942,1.06529,-11.3018
85943,1.06415,-11.3352
85944,1.06616,-11.1984
85945,1.06484,-11.3072
85946,1.0652,-13.1421
85947,1.06355,-12.1125
85948,1.06951,-12.4118
85949,1.06397,-12.3414
85950,1.07614,-11.5254
85951,1.08605,-10.2847
85952,1.07443,-10.6934
85953,1.07372,-10.8344
85954,1.05227,-12.2461
85955,1.06506,-11.5788
85956,1.05962,-11.761
85957,1.06194,-11.5353
85958,1.07709,-10.6798
85959,1.06795,-11.1466
85960,1.06686,-11.2034
85961,1.06028,-11.6362
85962,1.05688,-11.3223
85963,1.05086,-12.0492
85964,1.07827,-10.1262
85965,1.06744,-10.7142
85966,1.07631,-9.87435
85967,1.0827,-9.33779
85968,1.06914,-10.9096
85969,1.05678,-11.4673
85970,1.05898,-11.1255
85971,1.08768,-8.69177
85972,1.08782,-9.01316
85973,1.0837,-9.87094
85974,1.07167,-13.3889
85975,1.06233,-14.5181
85976,1.06508,-14.5154
85977,1.06689,-14.4922
85978,1.0655,-13.7489
85979,1.08593,-11.8242
85980,1.09313,-10.7443
85981,1.08818,-11.4469
85982,1.09244,-11.2225
85983,1.08906,-11.444
85984,1.08986,-11.4462
85985,1.0859,-11.8218
85986,1.07818,-12.2028
85987,1.04343,-16.1302
85988,1.03996,-16.9576
85989,1.04072,-15.4434
85990,1.04195,-15.328
85991,1.04563,-14.6524
85992,1.04414,-14.8234
85993,1.05891,-13.8212
85994,1.06979,-13.3162
85995,1.04514,-16.0549
85996,1.04473,-16.1224
85997,1.0456,-15.9837
85998,1.04449,-16.1395
85999,1.08132,-4.47022
86000,1.07699,-4.88449
86001,1.08446,-4.16434
86002,1.07909,-4.74546
86003,1.07347,-5.10386
86004,1.07652,-4.9802
86005,1.07685,-4.99378
86006,1.07635,-4.98876
86007,1.07405,-5.08075
86008,1.07583,-4.94207
86009,1.07652,-4.83432
86010,1.06755,-5.37779
86011,1.07162,-5.16902
86012,1.08176,-4.13098
86013,1.08157,-4.10601
86014,1.08085,-4.52292
86015,1.08044,-4.06543
86016,1.08528,-3.76285
86017,1.06634,-5.44231
86018,1.07713,-4.93719
86019,1.08609,-29.3183
86020,1.07978,-30.291
86021,1.078,-30.1847
86022,1.08015,-30.2427
86023,1.0916,-28.8794
86024,1.08996,-28.7474
86025,1.08366,-29.366
86026,1.08041,-29.6009
86027,1.04274,-34.6715
86028,1.03766,-35.1426
86029,1.03664,-35.9657
86030,1.04747,-34.141
86031,1.05753,-13.2374
86032,1.05311,-13.8177
86033,1.05271,-13.8796
86034,1.05363,-13.6957
86035,1.07217,-10.8099
86036,1.06043,-12.5396
86037,1.05466,-13.2727
86038,1.0534,-13.8204
86039,1.05467,-12.7728
86040,1.05413,-13.1751
86041,1.04769,-14.3319
86042,1.04748,-13.9066
86043,1.05167,-13.9736
86044,1.04955,-14.2707
86045,1.04691,-14.5713
86046,1.04447,-14.8494
86047,1.03916,-15.3847
86048,1.04463,-14.8677
86049,1.03998,-15.7682
86050,1.03741,-16.3137
86051,1.05343,-14.1617
86052,1.07459,-11.0228
86053,1.06617,-12.2143
86054,1.06214,-12.9368
86055,1.0474,-13.2267
86056,1.03738,-16.3905
86057,1.04093,-15.9521
86058,1.04769,-14.9016
86059,1.06172,-12.131
86060,1.05948,-12.0375
86061,1.0818,-9.99277
86062,1.06753,-11.4598
86063,1.0669,-11.5986
86064,1.05496,-12.4483
86065,1.05822,-12.1452
86066,1.05562,-12.3253
86067,1.05918,-12.2401
86068,1.05731,-12.3358
86069,1.06047,-12.1385
86070,1.06116,-11.9507
86071,1.07352,-10.7991
86072,1.05146,-12.7976
86073,1.05043,-12.8206
86074,1.04711,-13.2243
86075,1.05958,-12.1509
86076,1.06087,-12.087
86077,1.05263,-12.7702
86078,1.05281,-12.9254
86079,1.05348,-12.6559
86080,1.05305,-12.8835
86081,1.0475,-13.2107
86082,1.04056,-13.6765
86083,1.0442,-13.7616
86084,1.03999,-14.2201
86085,1.04222,-13.6347
86086,1.04598,-13.2085
86087,1.04633,-13.216
86088,1.0437,-16.2428
86089,1.04894,-15.6983
86090,1.04675,-15.8671
86091,1.05328,-15.2493
86092,1.05406,-15.218
86093,1.0475,-15.8805
86094,1.04366,-16.2123
86095,1.04596,-16.0335
86096,1.0792,-17.0932
86097,1.06766,-17.1216
86098,1.07674,-20.0271
86099,1.04169,-16.249
86100,1.0467,-15.263
86101,1.04629,-15.3607
86102,1.04665,-15.253
86103,1.04687,-15.2326
86104,1.04423,-15.7516
86105,1.04871,-14.4665
86106,1.04817,-14.5172
86107,1.04807,-14.4873
86108,1.04976,-14.322
86109,1.04742,-15.4753
86110,1.05113,-14.0841
86111,1.0488,-14.384
86112,1.05007,-14.1342
86113,1.04793,-14.6788
86114,1.05293,-13.9724
86115,1.05113,-14.0954
86116,1.05951,-13.0754
86117,1.0642,-12.6132
86118,1.06913,-12.0778
86119,1.05451,-13.7561
86120,1.08355,-9.80958
86121,1.07902,-10.462
86122,1.07777,-10.5923
86123,1.06664,-11.9653
86124,1.07063,-11.5207
86125,1.04508,-15.5132
86126,1.07699,-11.9981
86127,1.06539,-12.0579
86128,1.07248,-11.6016
86129,1.07303,-11.2759
86130,1.06959,-11.669
86131,1.07582,-11.0343
86132,1.07707,-10.9541
86133,1.07475,-11.2133
86134,1.0701,-11.5228
86135,1.07342,-11.2004
86136,1.0644,-11.6072
86137,1.06712,-11.8144
86138,1.06725,-11.8651
86139,1.05769,-12.2991
86140,1.05552,-13.8435
86141,1.0545,-13.8848
86142,1.06387,-27.4369
86143,1.04517,-32.6758
86144,1.05106,-33.4184
86145,1.05079,-33.4928
