bus_id,Vm,Va_deg
1,1.07999,69.5964
2,1.08322,68.626
3,1.07437,70.9592
4,1.08873,66.3214
5,1.08876,66.3245
6,1.09406,70.131
7,1.09546,70.2676
8,1.06904,67.0801
9,1.06027,69.1488
10,1.07869,69.2745
11,1.08673,70.0595
12,1.08111,71.7064
13,1.08971,70.5747
14,1.08103,71.699
15,1.08142,71.7317
16,1.06686,76.667
17,1.06961,76.2224
18,1.06678,76.6549
19,1.0669,76.6902
20,1.04596,73.8418
21,1.06032,72.2117
22,1.04646,73.8835
23,1.04596,73.8418
24,1.07581,69.9228
25,1.07779,69.9858
26,1.09564,70.9509
27,1.08203,70.7515
28,1.08874,71.4195
29,1.08905,70.4889
30,1.08174,70.7284
31,1.08789,71.5484
32,1.07556,70.0082
33,1.07541,69.9897
34,1.06657,64.8216
35,1.0886,65.8655
36,1.08854,65.8591
37,1.07561,68.5857
38,1.09243,66.5884
39,1.0754,68.5721
40,1.08365,68.2548
41,1.07664,70.0139
42,1.08309,68.6096
43,1.07785,70.1499
44,1.0845,70.2841
45,1.08173,70.2366
46,1.08238,64.4818
47,1.08606,65.3753
48,1.08616,65.4838
49,1.07584,67.704
50,1.07591,67.7042
51,1.08984,67.6529
52,1.09372,67.7885
53,1.09385,67.8006
54,1.08819,67.7886
55,1.0881,67.7762
56,1.0786,63.4701
57,1.07856,63.4648
58,1.0923,67.7553
59,1.09444,67.7888
60,1.09096,67.9496
61,1.09092,67.9441
62,1.08599,64.9045
63,1.07704,70.0432
64,1.1,68.1053
65,1.07825,70.1066
66,1.07681,70.0168
67,1.09499,67.9888
68,1.07131,74.952
69,1.07124,74.9446
70,1.07059,74.9522
71,1.09022,66.8604
72,1.09304,67.9697
73,1.09349,67.698
74,1.093,67.9603
75,1.09336,67.9959
76,1.08964,67.8988
77,1.08691,68.2859
78,1.07466,74.1929
79,1.0852,66.5105
80,1.09917,65.2118
81,1.08619,66.5716
82,1.08494,66.469
83,1.08672,64.6862
84,1.08648,64.6673
85,1.08694,64.7055
86,1.07923,67.8279
87,1.08185,65.2925
88,1.08146,65.2749
89,1.08184,65.0377
90,1.08167,65.0241
91,1.08845,67.9855
92,1.09316,67.4129
93,1.096,66.2198
94,1.08816,67.9577
95,1.09107,68.0834
96,1.08483,62.5238
97,1.05703,69.498
98,1.05034,67.2747
99,1.05484,69.3062
100,1.05476,69.2968
101,1.09165,64.6501
102,1.09322,64.7065
103,1.09313,64.6931
104,1.05468,71.8851
105,1.05459,70.346
106,1.05414,70.3196
107,1.03597,73.1112
108,1.05899,70.9537
109,1.03573,73.0758
110,1.03717,73.1907
111,1.05647,70.6867
112,1.05633,70.6757
113,1.05566,70.7606
114,1.0861,64.8321
115,1.09304,67.1881
116,1.1,65.392
117,1.09343,67.2182
118,1.09304,67.1881
119,1.07852,65.057
120,1.07677,65.4033
121,1.0766,65.39
122,1.09723,68.241
123,1.08571,67.2125
124,1.06311,70.2919
125,1.05181,70.5218
126,1.09104,64.4723
127,1.09159,64.1553
128,1.09163,64.1614
129,1.07166,75.1972
130,1.04796,73.0993
131,1.06626,70.3703
132,1.04891,73.1381
133,1.06535,59.6354
134,1.08718,61.3241
135,1.06522,59.6196
136,1.08467,61.5896
137,1.08242,61.0697
138,1.08251,61.0777
139,1.06047,64.12
140,1.06025,70.6673
141,1.09347,65.7157
142,1.09156,66.7873
143,1.09486,67.609
144,1.09579,67.2605
145,1.09575,67.2527
146,1.09584,67.2688
147,1.09255,63.3271
148,1.07746,73.7516
149,1.07758,73.7609
150,1.06358,70.6521
151,1.08622,60.4871
152,1.09523,69.2076
153,0.971711,52.1929
154,1.0929,62.5754
155,1.07085,73.6919
156,1.0709,73.696
157,1.06525,70.9092
158,1.1,65.2856
159,1.07806,74.3455
160,1.07298,74.4151
161,1.07841,74.2302
162,1.07286,74.4016
163,1.07315,74.4285
164,1.07758,74.1674
165,0.978518,8.78266
166,0.978602,8.79502
167,0.978518,8.78266
168,0.98587,11.106
169,0.983998,5.75739
170,0.979562,6.62822
171,0.979447,6.61628
172,0.949783,22.2528
173,0.978344,13.1571
174,0.949583,22.2408
175,1.09822,66.9216
176,1.09757,68.8316
177,1.09753,68.8278
178,1.06964,73.9281
179,1.06901,73.6057
180,1.06969,73.9351
181,1.06964,73.9281
182,0.966051,40.1123
183,0.966079,40.118
184,0.920833,32.9497
185,0.998503,45.881
186,0.997024,45.555
187,0.995414,45.5285
188,0.995287,45.5174
189,1.06768,71.967
190,1.0696,73.8157
191,1.08768,62.6324
192,0.993213,44.5181
193,0.991029,44.8983
194,1.01144,48.1723
195,1.00174,46.2887
196,1.01144,48.3641
197,0.99048,44.0242
198,0.985823,44.5587
199,0.995375,44.1853
200,0.985591,44.5376
201,0.986678,44.5811
202,0.987579,44.0455
203,0.987727,44.0548
204,1.09128,61.0142
205,0.986776,44.5957
206,1.07554,-15.7962
207,1.05796,-14.2958
208,1.07949,-15.5338
209,1.05748,-14.3237
210,1.05873,-14.2386
211,1.07537,-15.835
212,1.08173,45.858
213,1.08171,45.8563
214,0.952531,20.5188
215,1.07168,75.0274
216,1.08256,49.819
217,1.08495,48.9102
218,1.08231,49.8525
219,1.08249,49.811
220,1.07435,54.6872
221,1.06895,73.1639
222,1.07061,57.1198
223,1.07058,57.1175
224,0.992336,10.7344
225,1.01169,50.4507
226,0.946832,40.6911
227,0.946794,40.6855
228,1.07206,55.0124
229,1.07884,56.8912
230,1.05021,53.5517
231,1.06574,55.339
232,1.07275,-15.7912
233,1.06746,52.3743
234,1.0675,52.3785
235,1.07107,-12.2554
236,1.065,-11.0857
237,1.07093,-12.2674
238,1.07125,-12.2738
239,1.0652,-11.9721
240,0.911921,31.2734
241,0.911879,31.2674
242,0.9,18.6787
243,1.06766,49.6689
244,1.06584,52.3449
245,1.07146,-14.4979
246,1.07547,-14.8665
247,1.07134,-14.5088
248,0.912524,26.4423
249,0.912493,26.4381
250,0.912517,26.4468
251,1.07689,40.6553
252,1.07337,55.5633
253,1.05139,53.1796
254,1.07325,55.5453
255,1.0738,55.6141
256,1.0701,52.7852
257,1.04408,51.9586
258,1.04386,51.9416
259,1.06839,54.2419
260,1.0793,43.6244
261,1.08581,-18.2617
262,1.08214,-19.8741
263,1.08558,-18.284
264,1.0801,-20.2463
265,1.0811,-20.0432
266,1.08121,-20.03
267,1.07979,-20.3247
268,1.02148,49.7218
269,1.02165,49.734
270,1.02134,49.7112
271,1.06964,52.6243
272,1.06556,49.4415
273,1.06837,48.2396
274,1.06548,49.4358
275,1.0657,49.4745
276,1.06697,46.4774
277,1.07072,-14.3458
278,1.0188,47.2538
279,1.05701,-20.5428
280,1.07935,-20.0926
281,1.08311,-19.8032
282,0.916922,20.971
283,1.08555,-19.7745
284,1.08246,-19.8635
285,1.08257,-19.8523
286,1.07999,-20.0521
287,1.08018,-20.0291
288,1.02136,-5.51987
289,0.977888,-2.46001
290,1.02131,-5.5307
291,1.02222,-5.56921
292,1.07308,-19.9487
293,1.09094,-16.3041
294,1.09155,-17.2858
295,1.07989,-19.6558
296,1.09078,-16.3302
297,1.09224,-16.2143
298,1.07467,-19.9479
299,1.07493,-19.9354
300,1.07937,-19.9914
301,1.07511,39.764
302,1.07517,39.7684
303,1.07511,39.8865
304,1.07389,39.4072
305,1.07385,39.4026
306,1.0502,-19.2613
307,0.934552,7.8047
308,1.00093,-11.9105
309,1.07586,-20.0382
310,1.08463,-17.564
311,1.1,-18.6434
312,1.08518,-17.5387
313,1.08445,-17.5743
314,1.09661,-18.9935
315,1.09502,-19.1511
316,1.09496,-19.1618
317,1.06481,42.7477
318,1.05481,47.6565
319,1.05478,47.6543
320,1.05484,47.6583
321,0.932684,32.4987
322,1.09073,-14.8466
323,1.07894,-20.6064
324,1.07392,-21.7362
325,1.07887,-20.6163
326,1.07927,-20.568
327,1.0699,-22.0059
328,1.06685,-22.1798
329,1.06676,-22.1912
330,1.06698,-22.1779
331,1.06686,-22.1847
332,1.09734,-17.9751
333,1.08594,-17.7027
334,1.1,-18.2332
335,1.08632,-17.6865
336,1.08582,-17.7108
337,1.09462,-15.0835
338,1.08465,-16.2656
339,1.08307,-17.0154
340,1.08457,-16.276
341,1.08485,-16.2342
342,1.08151,-18.3329
343,1.08998,-14.4732
344,1.07167,-21.8346
345,1.03259,42.5895
346,1.02271,-4.60432
347,0.964284,0.349524
348,1.02356,-4.7011
349,1.02271,-4.60432
350,0.970111,0.661259
351,1.07989,-18.3272
352,1.07976,-18.343
353,1.08712,-19.0297
354,1.08412,-18.3323
355,1.09046,-18.179
356,1.08398,-18.3427
357,1.08411,-18.325
358,1.09056,-18.4856
359,1.09052,-18.4902
360,1.07389,39.5844
361,1.07631,-21.0719
362,1.07255,-22.1919
363,1.04682,44.7732
364,1.04984,45.0511
365,1.04677,44.7639
366,1.06184,-22.134
367,1.07171,-21.0047
368,1.06266,-20.9429
369,1.07162,-21.0172
370,1.07197,-20.9966
371,1.08161,-20.1587
372,1.05721,-22.5907
373,1.09329,-24.2665
374,1.05801,-22.564
375,1.05714,-22.5984
376,1.1,-15.7772
377,1.07747,-19.236
378,1.019,-7.44486
379,1.08212,-24.4415
380,1.09052,-24.6394
381,1.05679,29.5454
382,1.09295,-24.6159
383,1.09707,-24.8018
384,1.08889,-23.9061
385,1.07888,-24.3561
386,1.07873,-24.3665
387,1.08007,-22.1239
388,1.08699,-23.5501
389,1.07986,-22.1541
390,1.07977,-22.0612
391,1.08208,-23.2812
392,1.08914,-23.8752
393,1.08884,-23.859
394,1.08905,-23.8856
395,1.0803,-22.7216
396,1.07349,39.813
397,1.07348,39.8091
398,1.08204,-19.7953
399,1.07517,-18.6265
400,1.0876,-19.4232
401,1.07507,-18.6415
402,1.07554,-18.5928
403,1.08089,-19.879
404,1.07486,-23.3883
405,1.07481,-23.393
406,1.08637,-21.5537
407,1.08037,-22.8673
408,1.08666,-21.5214
409,1.08625,-21.5709
410,1.05746,-10.5519
411,1.06949,-24.0321
412,1.08171,-22.5488
413,1.07885,-23.7174
414,1.0812,-22.5761
415,1.08273,-22.4449
416,1.08757,-24.6295
417,1.03625,31.0182
418,1.07246,-24.0057
419,1.07878,-18.0282
420,1.07545,-22.924
421,1.0717,-21.8287
422,1.07249,-23.261
423,1.0713,-21.8794
424,1.08,-23.5619
425,1.06115,29.2375
426,1.06098,29.2258
427,1.0562,27.4086
428,1.05605,27.3988
429,1.07245,-24.3638
430,1.00401,4.41976
431,1.08186,-17.4806
432,1.07086,-24.5179
433,1.07215,-24.3526
434,1.07242,-24.321
435,1.02574,6.74508
436,1.02568,6.73986
437,1.06914,-23.7754
438,1.06924,-23.7536
439,1.0713,-23.9467
440,1.07348,-24.513
441,1.06436,-21.5878
442,1.06141,28.1726
443,1.0608,27.8049
444,1.06021,27.2428
445,1.05996,27.2204
446,1.07482,-22.4085
447,1.07443,-22.428
448,1.06525,-21.9515
449,1.07214,-24.085
450,1.06444,-21.9987
451,1.07246,-23.3108
452,1.06932,-21.8062
453,1.07403,-23.6985
454,1.06982,-21.7237
455,1.06888,-21.8632
456,1.0743,-24.05
457,1.07396,-24.0776
458,1.07867,-24.1049
459,1.07828,-24.1535
460,1.07104,-24.0821
461,1.07171,-24.0364
462,1.08558,-24.6161
463,1.08569,-24.5946
464,1.083,-23.3056
465,1.08256,-23.3504
466,1.05786,27.1427
467,1.05785,26.6265
468,1.0578,26.6206
469,1.05789,26.6327
470,1.09081,-24.6235
471,1.07569,-24.5621
472,1.07623,-24.5395
473,1.09987,-22.4361
474,1.09923,-24.3963
475,1.095,-22.2632
476,1.09889,-22.4796
477,1.0799,-21.7904
478,1.08004,-21.7689
479,1.08035,-23.2674
480,1.08176,-24.3254
481,1.08188,-24.3128
482,1.0655,-21.5764
483,1.1,-23.6176
484,1.06511,-21.6245
485,1.06635,-21.5071
486,1.06067,-24.7596
487,1.06025,-24.7738
488,1.06459,-24.7682
489,1.06467,-24.7614
490,1.06131,26.1895
491,1.08267,-15.7384
492,1.07877,-21.9297
493,1.0645,-23.6012
494,1.07884,-23.781
495,1.07581,-24.3363
496,1.07905,-22.3886
497,1.0821,-22.7487
498,1.08166,-22.7883
499,1.08785,-12.2369
500,1.08221,-16.5548
501,1.07867,-17.958
502,1.08321,-16.6693
503,1.06878,-24.5565
504,1.06775,-24.4015
505,1.06997,-21.087
506,1.0909,-22.9176
507,1.06953,-21.1263
508,1.08508,-22.0618
509,1.08339,-20.6054
510,1.08618,-21.7399
511,1.08326,-20.6245
512,1.08339,-20.5716
513,1.06974,-22.8774
514,1.08321,-22.0211
515,1.05766,22.3863
516,1.08475,-10.5902
517,1.08596,-11.0156
518,1.08604,-11.0108
519,1.08616,-10.4048
520,1.08613,-10.4075
521,1.06707,-21.0119
522,1.07075,-18.6606
523,1.06555,-21.1755
524,1.0705,-18.6986
525,1.07137,-18.5753
526,1.06646,-21.1848
527,1.06426,-21.1498
528,1.06389,-21.1736
529,1.06466,-21.1229
530,1.06415,-21.7485
531,1.06567,-21.6751
532,1.07455,-17.8064
533,1.07826,-19.8956
534,1.07435,-17.8212
535,1.06216,-21.5939
536,1.06574,-19.1035
537,1.09013,-21.6524
538,1.06691,-18.995
539,1.07853,-23.2619
540,1.06796,-20.9287
541,1.08856,-22.1596
542,1.06903,-20.8222
543,1.06796,-20.9287
544,1.0549,9.68149
545,1.07811,-22.071
546,1.06171,-21.7598
547,1.06156,-21.772
548,1.06502,-22.0429
549,1.0736,-21.7406
550,1.07084,-22.0767
551,1.0891,-13.0577
552,1.0851,-13.599
553,1.07619,-20.8007
554,1.0782,-19.9405
555,1.0783,-19.9325
556,1.07178,-19.5064
557,1.07217,-21.121
558,1.07136,-19.5366
559,1.06888,-21.7774
560,1.07811,-22.6236
561,1.06838,-13.5005
562,1.07908,-23.065
563,1.06878,-21.1498
564,1.06958,-21.8138
565,1.06423,-21.8734
566,1.06917,-21.3995
567,1.07429,-21.7255
568,1.08331,-13.9905
569,1.08333,-13.9858
570,1.06934,-21.5624
571,1.0901,-14.2621
572,1.09173,-13.1496
573,1.07344,-15.551
574,1.07367,-15.793
575,1.07363,-15.7977
576,1.07594,-15.9
577,1.09627,-14.6276
578,1.06222,18.2482
579,1.07169,17.5178
580,1.07209,11.6849
581,1.07262,17.6126
582,1.07164,17.5089
583,1.06413,9.49106
584,1.06062,7.83433
585,1.0836,-21.917
586,1.06709,-21.3752
587,1.06483,-19.9722
588,1.06998,-21.1429
589,1.0646,-19.9869
590,1.07107,-20.9792
591,1.07093,-21.0055
592,1.06565,-21.2781
593,1.04706,21.7431
594,1.05393,-1.31139
595,1.05398,-1.30762
596,1.0881,14.3061
597,1.08805,14.3014
598,1.08815,14.3111
599,1.09363,-12.6768
600,1.06594,-21.2859
601,1.06956,-20.678
602,1.07981,-12.4677
603,1.07757,-23.9551
604,1.07747,-23.9644
605,1.08859,-7.76474
606,1.0881,-9.69366
607,1.08842,-7.7739
608,1.08601,-10.1669
609,1.0784,-24.8501
610,1.07833,-24.8554
611,1.07407,-25.1223
612,1.08149,11.9759
613,1.05236,14.5981
614,1.08613,12.9168
615,1.05263,14.6204
616,1.06792,-20.8059
617,1.07066,-19.3309
618,1.07074,-19.3175
619,1.07218,-17.6242
620,1.08389,-19.6403
621,1.07203,-17.6421
622,1.07271,-17.5811
623,1.07894,-20.2663
624,1.07884,-20.275
625,1.076,-20.763
626,1.08022,-19.6753
627,1.0801,-19.6882
628,1.0796,-20.7281
629,1.07469,-20.5459
630,1.07467,-20.5824
631,1.07662,-20.3731
632,1.07671,-20.3625
633,1.07615,-20.1751
634,1.07745,-14.3266
635,1.07974,-10.5987
636,1.0692,-21.0851
637,1.07576,-19.3102
638,1.08323,-15.0976
639,1.05442,1.85996
640,1.05437,1.85598
641,1.08051,-18.5839
642,1.07985,-19.1028
643,1.07803,-18.872
644,1.07487,-18.3305
645,1.07458,-19.6624
646,1.07481,-18.24
647,1.07468,-18.3589
648,1.07821,-19.3213
649,1.07568,-16.9852
650,1.08292,-18.6494
651,1.07547,-17.006
652,1.07605,-16.9431
653,1.07945,-19.3731
654,1.07029,-12.5604
655,1.07831,-14.8397
656,1.07041,-12.5039
657,1.07029,-12.5604
658,1.06771,-14.7743
659,1.06728,-15.047
660,1.07589,-20.4862
661,1.07595,-20.474
662,1.07428,-20.3332
663,1.07682,-20.3393
664,1.07656,-19.9254
665,1.07667,-19.916
666,1.07607,-20.2268
667,1.06766,16.012
668,1.05765,14.2701
669,1.07219,14.8184
670,1.05759,14.2647
671,1.05777,14.2661
672,1.08225,-17.2716
673,1.06899,-21.8601
674,1.06575,-22.2195
675,1.07248,-21.0863
676,1.07095,-21.8607
677,1.07083,-21.8703
678,1.08175,-17.9312
679,1.08171,-17.9374
680,1.08295,-17.9792
681,1.07877,-19.2643
682,1.07467,-19.4783
683,1.07666,-19.6446
684,1.07386,-19.8016
685,1.07066,7.83641
686,1.06463,-20.2343
687,1.07366,-14.0996
688,1.07532,-14.1699
689,1.07346,-14.1083
690,1.07383,-14.0896
691,1.07788,-25.1777
692,1.08086,-6.97679
693,1.08081,-6.98343
694,1.08726,-8.26016
695,1.08255,-6.50557
696,1.08261,-6.49946
697,1.07909,-6.67245
698,1.09025,-7.76253
699,1.07901,-6.67803
700,1.07935,-6.64229
701,1.08556,-21.4129
702,1.07761,6.49835
703,1.0716,-15.9935
704,1.0813,-16.5004
705,1.08401,-16.9369
706,1.085,-17.9312
707,1.08344,-17.7667
708,1.07752,-20.8872
709,1.08151,-21.3384
710,1.08024,-21.2296
711,1.08106,-19.6461
712,1.07818,-20.7055
713,1.08065,-19.6172
714,1.09002,-18.6797
715,1.07751,-19.6035
716,1.08939,-18.7286
717,1.07481,-19.3579
718,1.07508,-19.3313
719,1.07357,-19.8148
720,1.08457,-21.4755
721,1.08443,-21.4928
722,1.0818,-21.8376
723,1.08115,-21.8797
724,1.08246,-21.7963
725,1.09373,2.3284
726,1.09383,2.34141
727,1.07313,-20.7146
728,1.07326,-20.7045
729,1.07779,-21.2496
730,1.08232,-10.3681
731,1.08455,-10.3203
732,1.08461,-10.3162
733,1.06426,-20.6142
734,1.06464,-20.5964
735,1.07353,-19.7886
736,1.07924,-19.7188
737,1.09013,-21.2941
738,1.07894,-19.738
739,1.08012,-19.6605
740,1.06972,-19.7107
741,1.08736,-21.5673
742,1.08724,-21.5855
743,1.08549,-21.8655
744,1.08291,-21.5142
745,1.07332,8.33498
746,1.07324,8.3276
747,1.06921,5.05697
748,1.06995,6.40694
749,1.08187,7.11073
750,1.06981,6.39239
751,1.06901,6.41435
752,1.07262,4.16874
753,1.07258,4.16217
754,1.0686,7.3595
755,1.06837,7.34713
756,1.07702,-19.6306
757,1.07323,-21.4693
758,1.07295,-21.4877
759,1.08438,-19.2747
760,1.0906,-21.0429
761,1.08371,-19.3035
762,1.08176,-21.4276
763,1.08208,-21.3988
764,1.07525,-18.2846
765,1.07562,-19.491
766,1.07495,-18.3071
767,1.07459,-20.1688
768,1.07431,-20.1932
769,1.0739,-19.8581
770,1.08108,-16.2888
771,1.08135,-16.2758
772,1.08338,-16.3277
773,1.08286,-16.1595
774,1.08265,-16.1756
775,1.0887,-19.147
776,1.09157,-18.4247
777,1.09152,-18.4326
778,1.0702,-15.5358
779,1.07097,-13.0863
780,1.07172,-13.5495
781,1.07104,-13.0657
782,1.07092,-13.0946
783,1.07378,-15.7582
784,1.08754,-19.8934
785,1.07401,-7.52802
786,1.07398,-7.53119
787,1.08507,-17.2822
788,1.08811,-17.0038
789,1.08816,-16.9967
790,1.08696,-17.4233
791,1.03165,-15.2389
792,1.09491,-16.1896
793,1.03321,-15.1937
794,1.03159,-15.2467
795,1.08304,-16.6054
796,1.08298,-16.6126
797,1.06845,-8.06166
798,1.06993,-8.20731
799,1.06986,-8.21242
800,1.06999,-8.20222
801,1.06753,-7.82894
802,1.0855,-15.0123
803,1.08546,-15.0157
804,1.0855,-15.0125
805,1.0648,15.9149
806,1.06469,15.9082
807,1.0705,7.78303
808,1.04512,8.66219
809,1.07548,-19.023
810,1.07728,-19.7686
811,1.09366,-21.466
812,1.07694,-19.8003
813,1.07813,-20.0452
814,1.09162,-20.2498
815,1.09079,-20.275
816,1.07363,-19.3786
817,1.07183,-21.2221
818,1.05542,-17.5963
819,1.08253,-19.1964
820,1.05485,-17.6597
821,1.0572,-17.4919
822,1.09117,-12.8539
823,1.06506,-12.895
824,1.1,-12.7976
825,1.06493,-12.9176
826,1.0656,-12.8781
827,1.07602,-19.2965
828,1.0754,-19.5284
829,1.0629,-17.5369
830,1.07452,-19.8155
831,1.06286,-17.5002
832,1.0882,2.92146
833,1.07968,3.31376
834,1.07906,-19.9552
835,1.0859,-20.0183
836,1.07878,-19.9712
837,1.0792,-19.9391
838,1.07813,-19.9511
839,1.07435,13.5338
840,1.09028,-16.0208
841,1.09021,-15.6663
842,1.08503,-14.6034
843,1.09288,-16.3568
844,1.08536,-14.509
845,1.08404,-17.4561
846,1.09004,-20.2162
847,1.08945,-20.1308
848,1.08911,-20.1482
849,1.08974,-16.5349
850,1.08227,-20.1998
851,1.08991,-16.3537
852,1.08879,-16.084
853,1.08698,-14.9992
854,1.08764,-16.9014
855,1.08683,-15.0187
856,1.08541,-17.2678
857,1.08231,-17.6096
858,1.08297,-17.5359
859,1.04059,-16.9398
860,1.0988,-17.8948
861,1.04041,-16.9555
862,1.09457,-19.2297
863,1.09296,-18.5819
864,1.07548,-19.3518
865,1.06508,-18.674
866,1.06496,-18.6859
867,1.08206,4.65845
868,1.05186,-6.21641
869,1.0723,-7.30243
870,1.05156,-6.2312
871,1.07042,-7.59254
872,1.07036,-7.59751
873,1.07047,-7.58821
874,1.07411,-20.0063
875,1.0739,-20.031
876,1.07432,-19.9788
877,1.05063,-18.1717
878,1.1,-19.8237
879,1.05423,-18.076
880,1.05063,-18.1717
881,1.07708,-18.4235
882,1.09015,-20.3254
883,1.09,-20.3337
884,1.0457,-18.6288
885,1.09891,-19.5219
886,1.04632,-18.5963
887,1.04551,-18.6515
888,1.07354,-19.7266
889,1.07343,-19.7369
890,1.07119,4.35651
891,1.06493,-10.9923
892,1.08286,-9.71423
893,1.06483,-11.0057
894,1.06518,-11.0018
895,1.09584,-18.1788
896,1.07774,-19.4204
897,1.08981,-19.131
898,1.1,-18.7913
899,1.09994,-18.8002
900,1.09148,-5.66965
901,1.09093,-6.21102
902,1.07474,0.805209
903,1.06824,4.65674
904,1.08933,-15.8423
905,1.07461,10.5758
906,1.07103,9.11956
907,1.07417,13.6707
908,1.0795,12.336
909,1.07402,13.6649
910,1.08134,-1.69662
911,1.0813,-1.70238
912,1.08251,-0.0839104
913,1.08361,-0.799604
914,1.08239,-0.104075
915,1.08868,-7.06934
916,1.073,0.693907
917,1.09074,-15.5044
918,1.09413,-15.1267
919,1.09401,-15.1418
920,1.08986,-15.4615
921,1.08761,-16.1646
922,1.08756,-16.1691
923,1.08765,-16.1603
924,1.07007,-7.49254
925,1.06131,-6.3068
926,1.07337,-7.2367
927,1.06187,-6.26913
928,1.06098,-6.33231
929,1.08689,-17.6847
930,1.0453,-14.8199
931,1.09152,-16.6712
932,1.04526,-14.8234
933,1.09099,1.05363
934,1.07846,1.25105
935,1.0768,0.596849
936,1.07622,0.89853
937,1.07565,-19.3231
938,1.08989,-17.5506
939,1.08984,-17.56
940,1.08491,-19.1562
941,1.08485,-19.1663
942,1.06895,-7.17192
943,1.08855,4.34679
944,1.08846,4.33945
945,1.04791,7.36409
946,1.09274,5.067
947,1.04769,7.33511
948,1.05006,7.62962
949,1.08619,3.89893
950,1.08632,3.91036
951,1.0815,2.69525
952,1.08537,-0.357782
953,1.07344,3.56753
954,1.0787,1.28287
955,1.07316,3.54437
956,1.09028,-15.2111
957,1.09015,-15.2236
958,1.09424,-14.7452
959,1.0942,-14.7501
960,1.08948,-15.3307
961,1.0648,-7.62238
962,1.07378,-10.6283
963,1.08115,3.51504
964,1.06938,-18.386
965,1.07306,-19.1178
966,1.06336,-7.67871
967,1.08411,-16.0856
968,1.08421,-16.0765
969,1.09029,0.90057
970,1.07756,-0.566125
971,1.07779,-0.525702
972,1.08407,-1.31306
973,1.07708,0.946603
974,1.07693,0.921814
975,1.07722,0.971635
976,1.08846,-14.9036
977,1.09793,-13.9742
978,1.06849,-7.74871
979,1.08207,-17.1156
980,1.082,-17.124
981,1.067,-17.4004
982,1.06696,-17.404
983,1.0677,-18.5523
984,1.08773,-0.0264089
985,1.08764,-0.0432154
986,1.0506,4.42744
987,1.09705,1.38958
988,1.05255,4.58044
989,1.05047,4.40606
990,1.07851,2.39535
991,1.07836,2.37742
992,1.05983,-6.35749
993,1.06642,-7.31574
994,1.0593,-6.3974
995,1.08073,4.6464
996,1.08064,4.63914
997,1.07946,4.95417
998,1.07939,4.94698
999,1.09234,-0.672582
1000,1.09526,-4.19835
1001,1.08058,-2.82774
1002,1.0646,-18.8897
1003,1.06451,-18.9005
1004,1.0646,-18.6801
1005,1.07174,-7.76832
1006,1.07163,-7.77777
1007,1.08629,-17.7792
1008,1.08285,-18.5159
1009,1.07465,-18.6262
1010,1.0744,-18.6467
1011,1.07489,-18.6065
1012,1.08507,-16.5527
1013,1.08436,-17.6803
1014,1.0857,-16.4544
1015,1.08488,-16.5823
1016,1.07681,-18.3902
1017,1.07655,-18.4123
1018,1.08269,-18.1317
1019,1.08338,-2.26354
1020,1.0746,-1.31484
1021,1.08915,-0.971985
1022,1.08936,-0.949413
1023,1.08999,-1.40918
1024,1.09007,-1.39384
1025,1.08999,-1.40918
1026,1.07586,-18.0318
1027,1.08329,-0.10207
1028,1.08313,-0.129878
1029,1.08642,-0.236896
1030,1.08664,-0.211973
1031,1.04662,4.67329
1032,1.1,1.26315
1033,1.04624,4.63556
1034,1.04959,4.9134
1035,1.09129,0.394918
1036,1.08251,0.134698
1037,1.08219,0.107961
1038,1.08661,1.2912
1039,1.08637,1.26011
1040,1.08685,1.31879
1041,1.08478,1.99004
1042,1.0876,-16.4092
1043,1.06897,1.00086
1044,1.07684,-0.67338
1045,1.06854,0.972518
1046,1.06944,-7.60014
1047,1.06939,-7.60574
1048,1.06691,-7.56925
1049,1.0667,-7.58139
1050,1.08646,-12.9389
1051,1.07825,-0.90548
1052,1.09155,-1.25866
1053,1.09123,-1.28422
1054,1.0936,-0.980191
1055,1.09341,-0.991895
1056,1.08128,-9.17738
1057,1.08111,-9.18717
1058,1.08408,-8.48782
1059,1.09016,-13.9269
1060,1.0886,-13.7304
1061,1.08168,1.74286
1062,1.0816,1.73166
1063,1.0846,3.42887
1064,1.08447,1.12068
1065,1.08547,-0.369295
1066,1.08363,-0.702912
1067,1.04995,3.38102
1068,1.08931,2.63983
1069,1.05068,3.53302
1070,1.04974,3.36075
1071,1.08312,-1.16169
1072,1.09247,-1.25042
1073,1.0878,-0.505694
1074,1.0963,-7.77158
1075,1.09613,-7.76497
1076,1.08907,-6.99969
1077,1.08813,-7.64157
1078,1.05018,3.94702
1079,1.08724,2.23365
1080,1.05007,3.9348
1081,1.0505,3.97891
1082,1.06807,5.41866
1083,1.06793,5.41359
1084,1.08982,-0.572833
1085,1.08964,-1.87783
1086,1.08388,-2.87156
1087,1.08647,-6.93564
1088,1.07993,-17.1621
1089,1.08409,-1.82691
1090,1.08393,-1.85049
1091,1.09126,-1.07591
1092,1.08116,0.465405
1093,1.08024,-10.555
1094,1.06689,-18.8275
1095,1.06279,-7.28094
1096,1.06262,-7.2947
1097,1.06649,-7.50561
1098,1.06188,16.6434
1099,1.06718,16.5818
1100,1.09258,10.9292
1101,1.0672,16.627
1102,1.06209,16.6505
1103,1.08243,7.42742
1104,1.08238,7.42024
1105,1.09309,-1.29225
1106,1.07332,-0.613253
1107,1.08092,-1.90234
1108,1.07319,-0.636021
1109,1.07323,-0.473489
1110,1.07631,-1.70773
1111,1.05717,-0.272617
1112,1.0949,-2.41605
1113,1.05942,-0.169437
1114,1.06526,-8.26315
1115,1.07786,-2.80317
1116,1.08004,-0.0329421
1117,1.09531,-1.76316
1118,1.07753,0.138973
1119,1.08386,0.0135024
1120,1.07904,-2.53963
1121,1.07886,-2.7745
1122,1.08746,-1.47413
1123,1.08365,-2.03754
1124,1.09157,-5.82675
1125,1.09154,-5.83072
1126,1.08901,-4.47373
1127,1.0889,-4.48419
1128,1.08911,-4.46462
1129,1.08223,1.02728
1130,1.08508,1.05476
1131,1.07663,-4.99037
1132,1.0846,-6.18207
1133,1.07662,-4.91686
1134,1.07649,-5.01077
1135,1.08328,-6.54254
1136,1.09573,-6.77427
1137,1.08187,0.171691
1138,1.08199,0.546605
1139,1.08586,-0.508883
1140,1.08227,-1.94712
1141,1.09328,-2.63247
1142,1.09315,-2.65684
1143,1.09284,-2.66855
1144,1.09264,-2.69128
1145,1.0877,-2.11591
1146,1.08748,-2.13724
1147,1.06768,-5.24839
1148,1.09867,-7.69777
1149,1.06869,-5.21717
1150,1.06768,-5.24839
1151,1.08338,-6.91797
1152,1.08515,-7.52909
1153,1.08503,-7.54023
1154,1.08442,-7.07453
1155,1.07203,-0.109388
1156,1.08207,-1.1298
1157,1.07139,-0.134452
1158,1.07219,0.00696712
1159,1.08247,-3.16989
1160,1.08224,-3.18798
1161,1.08496,4.94368
1162,1.07732,1.4608
1163,1.08756,-0.462666
1164,1.07686,1.39585
1165,1.07285,0.883727
1166,1.09164,-2.94145
1167,1.07297,-14.6349
1168,1.05039,-10.38
1169,1.07201,-13.0766
1170,1.05035,-10.3848
1171,1.05071,-10.3286
1172,1.09031,-1.83462
1173,1.08173,-2.91959
1174,1.0632,-7.98035
1175,1.06347,-8.19703
1176,1.06828,-8.25866
1177,1.06825,-8.26303
1178,1.05648,0.945628
1179,1.0856,-2.49233
1180,1.05707,1.0107
1181,1.05621,0.919197
1182,1.07975,-3.06469
1183,1.07963,-3.07562
1184,1.0848,-2.68795
1185,1.07497,1.84689
1186,1.0817,0.266805
1187,1.05189,-7.66867
1188,1.0518,-7.68047
1189,1.06751,-13.3773
1190,1.08143,-2.36457
1191,1.05874,-1.10202
1192,1.09149,-3.05463
1193,1.06084,-0.988126
1194,1.05835,-1.14142
1195,1.08653,-1.88472
1196,1.08629,-1.91768
1197,1.08505,-3.1134
1198,1.05354,-10.5106
1199,1.05646,-10.9747
1200,1.05655,-10.9704
1201,1.05885,-11.4085
1202,1.08152,-3.08364
1203,1.08141,-3.09681
1204,1.08741,-3.56067
1205,1.06669,-11.4599
1206,1.06665,-11.4627
1207,1.07883,-3.0473
1208,1.0839,-3.80825
1209,1.07223,-0.796787
1210,1.08186,-2.69853
1211,1.0722,-0.699027
1212,1.08326,-3.15231
1213,1.08295,-3.17544
1214,1.08412,-3.64557
1215,1.09095,-1.52315
1216,1.09084,-1.53495
1217,1.09107,-1.51113
1218,1.09186,-1.34736
1219,1.08006,1.4763
1220,1.07822,1.27809
1221,1.05898,-9.41086
1222,1.05893,-9.4196
1223,1.058,-9.7857
1224,1.05706,-10.1978
1225,1.08984,-2.28033
1226,1.06929,-0.193188
1227,1.09635,-2.1218
1228,1.06877,-0.244291
1229,1.07986,-3.89186
1230,1.08747,-2.68653
1231,1.08773,-2.66865
1232,1.08398,-3.20164
1233,1.08281,-2.52863
1234,1.08706,-1.78619
1235,1.08701,-1.793
1236,1.09249,11.9066
1237,1.07512,-18.2797
1238,1.07556,2.62976
1239,1.06763,-12.4683
1240,1.06753,-12.4777
1241,1.08951,-7.66179
1242,1.08538,-3.34204
1243,1.07785,-3.8079
1244,1.07754,-3.83142
1245,1.08268,-3.80372
1246,1.08691,-4.07419
1247,1.08361,-3.69632
1248,1.06063,-11.6267
1249,1.08615,-2.99906
1250,1.08635,-2.97945
1251,1.08598,-3.01962
1252,1.08361,-4.17455
1253,1.07555,-1.7511
1254,1.07935,-3.50458
1255,1.07573,-1.67177
1256,1.08079,-3.54796
1257,1.07278,-18.5059
1258,1.0812,-3.80701
1259,1.08467,-4.04719
1260,1.08137,-4.54585
1261,1.08113,-4.58256
1262,1.06567,-1.90915
1263,1.09856,-3.0917
1264,1.06528,-1.95975
1265,1.08202,-3.67428
1266,1.08211,-3.65919
1267,1.07609,-1.55141
1268,1.08032,-3.31647
1269,1.07559,-1.57797
1270,1.07667,-1.41467
1271,1.07641,-4.08653
1272,1.07667,-4.05899
1273,1.08167,-4.00091
1274,1.05663,-0.857664
1275,1.1,-2.74843
1276,1.05813,-0.792481
1277,1.08395,-2.06274
1278,1.09574,-3.35999
1279,1.08352,-2.08495
1280,1.09412,-3.37386
1281,1.09411,-3.47329
1282,1.094,-3.49778
1283,1.07723,-13.7753
1284,1.08203,-3.99687
1285,1.08475,-3.18381
1286,1.08625,-3.04767
1287,1.07664,-5.22453
1288,1.07652,-5.24028
1289,1.07678,-5.20723
1290,1.04539,-2.43195
1291,1.09446,-3.68899
1292,1.04835,-2.28634
1293,1.07826,-4.58873
1294,1.07793,-4.61391
1295,1.07132,-16.0476
1296,1.08318,-2.90825
1297,1.09451,-4.28148
1298,1.08275,-2.94162
1299,1.08047,-2.77015
1300,1.08458,-4.12058
1301,1.08927,-4.46041
1302,1.08903,-4.48282
1303,1.09056,-6.83432
1304,1.08043,-6.94188
1305,1.08698,-6.45027
1306,1.08586,-3.99641
1307,1.08423,-6.58149
1308,1.06936,-2.66751
1309,1.0809,-3.99742
1310,1.06892,-2.70505
1311,1.06971,-2.60335
1312,1.08706,-4.66259
1313,1.08695,-4.67741
1314,1.09426,-2.83269
1315,1.08883,-3.60509
1316,1.09328,-3.63826
1317,1.09362,-3.61289
1318,1.08771,-4.30697
1319,1.08589,-7.51663
1320,1.09068,-7.74976
1321,1.07601,-5.5071
1322,1.08616,-4.93293
1323,1.08592,-3.99476
1324,1.08553,-4.02576
1325,1.07413,-4.01909
1326,1.07555,-1.94737
1327,1.07696,-3.37358
1328,1.07607,-1.84659
1329,1.07536,-1.97914
1330,1.08819,-4.40298
1331,1.08801,-4.42604
1332,1.07574,-3.6853
1333,1.07561,-3.6994
1334,1.0787,-5.92658
1335,1.08395,-4.33147
1336,1.07523,-4.9846
1337,1.07555,-4.96671
1338,1.07491,-5.00184
1339,1.08321,-4.42577
1340,1.07788,-5.03174
1341,1.07775,-5.05144
1342,1.08659,-3.98573
1343,1.08247,-2.92562
1344,1.08583,-3.61155
1345,1.08201,-2.98291
1346,1.07542,-19.213
1347,1.07552,-19.2068
1348,1.07532,-19.2203
1349,1.07968,-4.88633
1350,1.09364,12.689
1351,1.08582,-4.56404
1352,1.07978,6.78255
1353,1.07757,5.51109
1354,1.08886,9.23671
1355,1.07843,-4.22439
1356,1.06689,-3.50376
1357,1.08827,-4.37815
1358,1.06671,-3.54132
1359,1.06837,-3.40283
1360,1.08572,-4.47434
1361,1.08328,-4.16518
1362,1.08162,-4.20064
1363,1.05236,-10.8882
1364,1.06133,-2.16788
1365,1.09749,-3.64759
1366,1.06231,-2.09022
1367,1.08501,-4.13307
1368,1.08663,-3.89703
1369,1.07251,-1.74326
1370,1.09574,-3.96628
1371,1.07219,-1.76914
1372,1.08957,-4.30398
1373,1.07739,-2.70131
1374,1.08357,-3.80038
1375,1.07705,-2.74957
1376,1.08274,-3.83199
1377,1.08249,-3.8558
1378,1.07848,-2.32033
1379,1.0817,-3.35797
1380,1.0782,-2.35824
1381,1.07879,-2.18468
1382,1.06011,-16.4885
1383,1.06,-16.4965
1384,1.08822,-4.29336
1385,1.0843,-4.46484
1386,1.07796,-5.0692
1387,1.08947,-4.9907
1388,1.08044,-4.68257
1389,1.07033,-14.0655
1390,1.07029,-14.0697
1391,1.08457,-4.81588
1392,1.08477,-4.79858
1393,1.09283,-4.7178
1394,1.08342,-5.03544
1395,1.06839,-3.74412
1396,1.07674,-4.10575
1397,1.06821,-3.76093
1398,1.08059,-3.31526
1399,1.08547,-4.12602
1400,1.07913,-4.53383
1401,1.0788,-4.5671
1402,1.08136,-7.24781
1403,1.08146,-7.235
1404,1.07786,-3.63938
1405,1.08094,-4.74386
1406,1.06385,-3.10657
1407,1.1,-4.72167
1408,1.06577,-3.01664
1409,1.06323,-3.17265
1410,1.07593,-3.34158
1411,1.08466,-4.17926
1412,1.07578,-3.36954
1413,1.07666,-3.25326
1414,1.08247,-4.17472
1415,1.09001,-2.55589
1416,1.08544,-4.19599
1417,1.08677,-2.39287
1418,1.0868,-4.27157
1419,1.08673,-4.41076
1420,1.08948,-4.17307
1421,1.08918,-4.19629
1422,1.05862,-7.19578
1423,1.08323,-4.69962
1424,1.07998,-4.84916
1425,1.09655,10.7091
1426,1.08863,-5.18718
1427,1.08853,-5.19943
1428,1.08656,-4.93847
1429,1.0865,-4.94469
1430,1.08555,-5.01512
1431,1.08576,-4.53923
1432,1.0826,-4.66642
1433,1.08018,-4.3068
1434,1.0804,-19.8949
1435,1.09079,10.0316
1436,1.08753,5.11635
1437,1.08745,5.10805
1438,1.08706,-8.00528
1439,1.08722,-7.99065
1440,1.08217,-4.40767
1441,1.08205,-4.4295
1442,1.07453,-4.46901
1443,1.09092,-5.45958
1444,1.06475,-2.80366
1445,1.095,-5.35221
1446,1.06465,-2.8103
1447,1.06482,-2.75532
1448,1.09106,-5.92772
1449,1.08753,-5.60595
1450,1.06421,-9.4542
1451,1.07649,-12.7836
1452,1.07657,-12.7766
1453,1.07902,1.70833
1454,1.07913,1.71931
1455,1.05162,-10.9602
1456,1.07977,-2.03705
1457,1.06929,-4.20059
1458,1.08589,7.4766
1459,1.0819,-4.88611
1460,1.0848,-5.08416
1461,1.08181,-4.89892
1462,1.08194,-4.86999
1463,1.07735,-4.80249
1464,1.07727,-4.80989
1465,1.07643,-4.68036
1466,1.07524,-5.84029
1467,1.08428,-3.8568
1468,1.08083,-5.46278
1469,1.08063,-5.47867
1470,1.08103,-5.4487
1471,1.058,-11.3322
1472,1.07621,-19.6344
1473,1.08089,-19.2988
1474,1.07609,-19.6457
1475,1.07633,-19.6292
1476,1.0751,-18.7315
1477,1.07075,-17.5275
1478,1.07064,-17.5366
1479,1.08472,4.87234
1480,1.04572,-11.6176
1481,1.04544,-11.6443
1482,1.0481,-11.3275
1483,1.08183,3.04434
1484,1.08186,3.04816
1485,1.06365,-3.83335
1486,1.06374,-3.82857
1487,1.08478,-5.72855
1488,1.06158,-13.7615
1489,1.06272,-13.7537
1490,1.06284,-13.7436
1491,1.0641,-17.7732
1492,1.06383,-17.7943
1493,1.04054,-12.0461
1494,1.05204,-11.8574
1495,1.04026,-12.0711
1496,1.04031,-11.834
1497,1.06301,-13.7486
1498,1.04084,-11.8085
1499,1.04031,-11.834
1500,1.06232,-17.5189
1501,1.05296,-11.0737
1502,1.08554,-6.13279
1503,1.08537,-6.14297
1504,1.0753,-6.06707
1505,1.07731,-20.2201
1506,1.07311,-4.91256
1507,1.07269,-4.86517
1508,1.06582,-18.0649
1509,1.07399,-16.8789
1510,1.0739,-16.8864
1511,1.06744,-18.6607
1512,1.06331,-13.6889
1513,1.06341,-13.6778
1514,1.07448,-3.88687
1515,1.0903,-4.75788
1516,1.07459,-3.86149
1517,1.07437,-3.9036
1518,1.09356,-8.24813
1519,1.07142,-18.9003
1520,1.07132,-18.9089
1521,1.08025,-7.80113
1522,1.08683,-8.18417
1523,1.08687,-8.17908
1524,1.0787,-12.0065
1525,1.07867,-12.0085
1526,1.08157,-8.46841
1527,1.05219,-9.94689
1528,1.05193,-10.2701
1529,1.06922,-20.5252
1530,1.06916,-20.5292
1531,1.07264,-17.9715
1532,1.07842,-18.2369
1533,1.0726,-17.9781
1534,1.07579,-18.5987
1535,1.08425,5.09735
1536,1.08435,5.10889
1537,1.05876,-10.6063
1538,1.05873,-10.6096
1539,1.05602,-10.9462
1540,1.06781,-20.4963
1541,1.07953,-6.07485
1542,1.08261,-5.65619
1543,1.05942,-3.24124
1544,1.06556,-3.97348
1545,1.07061,-4.59938
1546,1.09167,-6.5603
1547,1.07143,-4.55641
1548,1.07061,-4.59938
1549,1.08282,-6.78016
1550,1.0679,-19.8993
1551,1.0659,-18.5974
1552,1.06381,-3.34838
1553,1.08422,-6.62798
1554,1.0704,-18.5452
1555,1.08456,-19.9641
1556,1.07061,-18.5176
1557,1.0819,-19.6851
1558,1.04402,-12.5495
1559,1.07952,-14.9966
1560,1.04427,-12.4944
1561,1.04392,-12.5662
1562,1.08166,-10.9848
1563,1.08163,-10.9913
1564,1.09104,7.38634
1565,1.0888,-5.25622
1566,1.08883,-5.2525
1567,1.07296,-3.57085
1568,1.09236,-4.92708
1569,1.07285,-3.57954
1570,1.07327,-3.52167
1571,1.08872,-5.46725
1572,1.08869,-5.47124
1573,1.0788,-22.9825
1574,1.08339,-20.2854
1575,1.07921,3.53795
1576,1.07927,3.54175
1577,1.06532,-2.54424
1578,1.07982,-6.34791
1579,1.08298,-9.3204
1580,1.08304,-9.31268
1581,1.06362,-13.657
1582,1.06683,-13.8378
1583,1.0816,4.65706
1584,1.08164,4.66057
1585,1.08415,-6.31643
1586,1.08396,-9.70291
1587,1.084,-9.69694
1588,1.04029,-12.378
1589,1.04006,-12.3972
1590,1.04312,-11.5159
1591,1.07302,-20.737
1592,1.07919,-21.4044
1593,1.06682,-19.1869
1594,1.08612,-20.5828
1595,1.06671,-19.2051
1596,1.06725,-19.1369
1597,1.08816,-11.9386
1598,1.0882,-11.9358
1599,1.07709,-23.5496
1600,1.07669,-19.3975
1601,1.08995,-22.2844
1602,1.07643,-19.4346
1603,1.0754,-19.2787
1604,1.07902,-23.2844
1605,1.07862,-8.81047
1606,1.07024,-19.9194
1607,1.05974,-13.4925
1608,1.08749,-20.482
1609,1.08333,-20.489
1610,1.07372,-4.77193
1611,1.07812,-22.1467
1612,1.06464,-20.6277
1613,1.07027,-19.2136
1614,1.06684,-21.5669
1615,1.06989,-19.2476
1616,1.0791,-23.4046
1617,1.08163,-23.0415
1618,1.08088,-23.103
1619,1.0835,-22.8864
1620,1.08332,-22.91
1621,1.07196,-19.4086
1622,1.09031,-21.1594
1623,1.07318,-19.2832
1624,1.07808,-23.1578
1625,1.07981,-22.2484
1626,1.07099,-22.6314
1627,1.06564,-17.3634
1628,1.06815,-16.3549
1629,1.0681,-16.3593
1630,1.06924,-15.0307
1631,1.07483,-6.06079
1632,1.06399,-18.6256
1633,1.06409,-18.619
1634,1.06975,-17.8697
1635,1.07165,-20.4647
1636,1.06935,-21.4895
1637,1.06927,-21.4976
1638,1.069,-21.1673
1639,1.08569,-9.87776
1640,1.09204,-9.70287
1641,1.07402,0.721618
1642,1.07406,0.724955
1643,1.06874,-19.3075
1644,1.06998,-20.3828
1645,1.06807,-19.3473
1646,1.05796,-12.6507
1647,1.0862,-16.2686
1648,1.09882,-20.2809
1649,1.07962,-17.0629
1650,1.06636,-11.7473
1651,1.06697,-20.5253
1652,1.06944,-19.1419
1653,1.0681,-19.9225
1654,1.06971,-19.0898
1655,1.06727,-20.0211
1656,1.07512,-5.50584
1657,1.07978,-6.15239
1658,1.075,-5.51689
1659,1.07523,-5.48353
1660,1.08411,-22.3534
1661,1.08397,-22.3647
1662,1.07307,-22.8028
1663,1.07337,-22.7821
1664,1.07307,-22.8028
1665,1.07759,-22.5927
1666,1.06995,-19.0679
1667,1.08481,-23.4494
1668,1.0695,-19.1045
1669,1.08583,-22.3767
1670,1.07317,-22.7413
1671,1.06409,-22.1235
1672,1.07195,-18.2105
1673,1.07586,-19.9677
1674,1.07121,-18.2458
1675,1.07311,-18.1464
1676,1.09572,-21.967
1677,1.08425,-22.0072
1678,1.08904,-22.106
1679,1.07021,-18.8855
1680,1.08553,-22.12
1681,1.07006,-18.6602
1682,1.07989,-23.2094
1683,1.07722,-20.0707
1684,1.06485,-19.7451
1685,1.08792,-22.2345
1686,1.07386,-20.698
1687,1.08513,-21.9199
1688,1.07296,-20.7483
1689,1.06927,-21.6215
1690,1.074,-21.6351
1691,1.07546,-5.20355
1692,1.08169,-22.9222
1693,1.07667,-23.698
1694,1.06791,-2.86359
1695,1.06797,-2.85787
1696,1.06791,-3.9105
1697,1.0759,-1.37296
1698,1.0705,-1.91306
1699,1.07575,-1.38364
1700,1.07621,-1.35008
1701,1.0905,7.60063
1702,1.09037,7.58213
1703,1.09029,8.00057
1704,1.07848,-9.17633
1705,1.07937,-21.3954
1706,1.07925,-21.4137
1707,1.0795,-21.3767
1708,1.08113,-22.541
1709,1.07085,-20.9728
1710,1.06765,-20.9911
1711,1.07345,-18.8449
1712,1.07351,-19.4732
1713,1.07391,-18.7205
1714,1.07332,-18.8585
1715,1.06941,-20.5426
1716,1.07739,-23.7923
1717,1.07795,-22.6673
1718,1.09718,-10.4565
1719,1.09712,-10.4608
1720,1.09723,-10.4519
1721,1.06368,-20.077
1722,1.09406,-21.8087
1723,1.06347,-20.1109
1724,1.06423,-20.0188
1725,1.09475,-20.8352
1726,1.07057,-20.3332
1727,1.07105,-22.5453
1728,1.05567,-13.6937
1729,1.04917,-13.3291
1730,1.07284,-12.6625
1731,1.08936,-12.7858
1732,1.07275,-12.6763
1733,1.07288,-12.644
1734,1.07801,-16.4172
1735,1.085,-16.0874
1736,1.07046,-20.1345
1737,1.07317,-13.5191
1738,1.09129,-15.6936
1739,1.07352,-13.4588
1740,1.07305,-13.5372
1741,1.08129,-16.3022
1742,1.08932,-16.3156
1743,1.08924,-16.3215
1744,1.08938,-16.3098
1745,1.08082,-22.5558
1746,1.0806,-22.5826
1747,1.0822,-22.4723
1748,1.08198,-22.5071
1749,1.07622,-23.7755
1750,1.07559,-23.8114
1751,1.08131,-22.7326
1752,1.08108,-22.7662
1753,1.08152,-22.6941
1754,1.08816,-17.345
1755,1.08813,-17.3489
1756,1.08417,-9.87816
1757,1.08422,-9.87071
1758,1.05789,-6.85321
1759,1.1,-9.47693
1760,1.05845,-6.81208
1761,1.07008,-21.6838
1762,1.06997,-21.6941
1763,1.05102,-20.2624
1764,1.07083,-21.2627
1765,1.07013,-20.8731
1766,1.0709,-21.1699
1767,1.0707,-21.1881
1768,1.06894,-21.1485
1769,1.09406,-20.9893
1770,1.09133,-20.9395
1771,1.09209,-21.9106
1772,1.09198,-21.9238
1773,1.07964,-9.34808
1774,1.07782,-23.6935
1775,1.07047,-19.5045
1776,1.09316,-20.8394
1777,1.07013,-19.5552
1778,1.0711,-19.4379
1779,1.08382,-22.9267
1780,1.08357,-22.945
1781,1.08304,-23.3188
1782,1.08705,-21.8383
1783,1.08698,-21.8468
1784,1.06793,-20.3714
1785,1.07689,-22.6271
1786,1.06843,-20.3012
1787,1.06739,-20.4019
1788,1.08148,-23.344
1789,1.07179,-17.1361
1790,1.09068,-17.7905
1791,1.07233,-17.1035
1792,1.07145,-17.1639
1793,1.08838,-17.7692
1794,1.08058,-17.5451
1795,1.1,-20.0131
1796,1.08032,-17.5707
1797,1.07951,-17.4246
1798,1.08818,-22.5148
1799,1.07475,-20.5963
1800,1.0849,-20.4745
1801,1.08476,-20.4886
1802,1.08502,-20.4622
1803,1.08146,-23.1092
1804,1.09632,-12.6824
1805,1.06714,-12.7977
1806,1.09854,-12.764
1807,1.06705,-12.8067
1808,1.0674,-12.7942
1809,1.09113,7.82773
1810,1.09193,7.61972
1811,1.09195,7.62349
1812,1.06911,-19.8834
1813,1.09658,-22.6471
1814,1.07063,-19.7814
1815,1.06872,-19.9444
1816,1.06904,-22.0913
1817,1.09138,-22.853
1818,1.06847,-22.1529
1819,1.06915,-22.0047
1820,1.08367,-23.0301
1821,1.0841,-22.9855
1822,1.08489,-23.8428
1823,1.08417,-23.8052
1824,1.06521,-13.6212
1825,1.07327,-14.9075
1826,1.0618,-13.7776
1827,1.07634,-23.4386
1828,1.07672,-23.4022
1829,1.08034,-21.2698
1830,1.08022,-21.2771
1831,1.0749,-18.2709
1832,1.09626,-20.3106
1833,1.0755,-18.2069
1834,1.06102,-16.5601
1835,1.05651,-18.6111
1836,1.05647,-18.6176
1837,1.05896,-16.9997
1838,1.09336,-20.7265
1839,1.05882,-17.0235
1840,1.05939,-16.9158
1841,1.05466,-20.4888
1842,1.0973,-21.8614
1843,1.05399,-20.5237
1844,1.05679,-20.3724
1845,1.09036,-22.2673
1846,1.08691,-22.3237
1847,1.08722,-22.2935
1848,1.07161,-15.8614
1849,1.07154,-15.8696
1850,1.06063,-13.7693
1851,1.07014,-15.1257
1852,1.06064,-13.7265
1853,1.06051,-13.7822
1854,1.0712,-16.3069
1855,1.07111,-16.3136
1856,1.08027,-4.931
1857,1.0802,-4.93867
1858,1.07458,-5.78379
1859,1.07454,-5.78793
1860,1.07461,-5.77966
1861,1.09405,-20.7173
1862,1.09417,-20.6983
1863,1.08687,-21.0004
1864,1.08667,-21.0185
1865,1.096,-11.3914
1866,1.08159,-6.87749
1867,1.08155,-6.88621
1868,1.04009,-7.98478
1869,1.08475,-6.8885
1870,1.03991,-7.99902
1871,1.07866,-23.4169
1872,1.07568,-22.8233
1873,1.07558,-22.8333
1874,1.0834,-19.0572
1875,1.09244,-19.9909
1876,1.08264,-19.0897
1877,1.07995,-18.9403
1878,1.07325,-9.31467
1879,1.07311,-9.32734
1880,1.0769,-9.40708
1881,1.07523,-23.4738
1882,1.05679,-20.3789
1883,1.09504,-22.4243
1884,1.05651,-20.4191
1885,1.05802,-20.3024
1886,1.09117,-21.9566
1887,1.09139,-21.9211
1888,1.06804,-20.6212
1889,1.08979,-21.998
1890,1.06756,-20.6675
1891,1.06671,-20.4461
1892,1.07368,-18.0611
1893,1.09646,-20.2845
1894,1.07298,-18.1019
1895,1.0944,-20.7971
1896,1.09454,-20.7722
1897,1.06118,-19.4048
1898,1.09639,-21.0099
1899,1.06078,-19.4539
1900,1.0625,-19.3134
1901,1.08933,-20.4551
1902,1.08746,-22.3365
1903,1.08928,-22.2784
1904,1.09072,-22.2113
1905,1.0904,-22.2343
1906,1.09106,-22.188
1907,1.07832,-23.0957
1908,1.07795,-23.1272
1909,1.07862,-23.0656
1910,1.08737,-22.2641
1911,1.0876,-22.2325
1912,1.07894,-18.0298
1913,1.07344,-22.9524
1914,1.08543,-20.4611
1915,1.08376,-22.4792
1916,1.08292,-21.5928
1917,1.06808,-23.2349
1918,1.0538,-20.9536
1919,1.05363,-20.9705
1920,1.0594,-22.2049
1921,1.05925,-22.236
1922,1.07491,-23.0251
1923,1.08619,7.17984
1924,1.08704,-22.0422
1925,1.08676,-22.075
1926,1.08513,-21.2019
1927,1.0853,-21.1853
1928,1.0836,-20.7251
1929,1.08365,-20.7186
1930,1.09364,-13.0905
1931,1.07291,-9.33966
1932,1.07283,-9.34739
1933,1.06791,-9.07521
1934,1.08124,-22.7296
1935,1.07578,-9.40617
1936,1.07276,-9.68295
1937,1.08384,-22.5867
1938,1.08351,-22.6085
1939,1.07511,-6.05102
1940,1.07517,-6.04535
1941,1.06665,-20.9479
1942,1.08307,-22.3599
1943,1.06608,-20.9932
1944,1.06704,-20.8726
1945,1.04719,-8.32579
1946,1.07797,-9.25965
1947,1.04693,-8.34848
1948,1.04779,-8.28702
1949,1.04844,-8.35697
1950,1.08016,-8.89909
1951,1.04825,-8.38422
1952,1.04906,-8.32791
1953,1.08502,-21.0187
1954,1.08484,-21.0382
1955,1.08519,-20.9995
1956,1.08336,-22.4634
1957,1.06973,-23.1223
1958,1.09141,-21.2587
1959,1.08023,-22.4266
1960,1.08002,-22.4435
1961,1.07126,-15.2815
1962,1.07218,-14.6427
1963,1.07571,-21.4879
1964,1.07238,-22.7676
1965,1.07519,-21.3975
1966,1.08164,0.903903
1967,1.09375,-0.988754
1968,1.08169,0.953366
1969,1.08145,0.89268
1970,1.08248,-20.6362
1971,1.08218,-20.6585
1972,1.08681,-22.0903
1973,1.08942,-20.1992
1974,1.08925,-20.2123
1975,1.07341,-9.48307
1976,1.07331,-9.48824
1977,1.06555,-7.464
1978,1.08007,-8.64257
1979,1.06533,-7.47905
1980,1.0541,-9.60751
1981,1.08458,-22.0628
1982,1.06017,-20.6119
1983,1.06591,-19.9873
1984,1.0561,-19.1553
1985,1.05759,-17.6253
1986,1.05951,-19.488
1987,1.05732,-17.6444
1988,1.0803,-5.99733
1989,1.08663,-22.1784
1990,1.07896,-20.6147
1991,1.09472,0.825361
1992,1.07717,-7.68653
1993,1.0771,-7.69581
1994,1.08408,-22.458
1995,1.08748,-21.5235
1996,1.08712,-21.5678
1997,1.06174,-9.9777
1998,1.06169,-9.98463
1999,1.06198,-10.7933
2000,1.06202,-10.7874
2001,1.05786,-17.6919
2002,1.09146,-21.7073
2003,1.058,-17.6386
2004,1.08374,-22.3637
2005,1.06548,-20.3703
2006,1.08795,-22.2492
2007,1.06505,-20.4219
2008,1.06653,-20.305
2009,1.08157,-18.2165
2010,1.07854,-19.185
2011,1.08182,-20.1234
2012,1.07844,-19.2039
2013,1.07865,-19.1483
2014,1.08422,-19.6965
2015,1.08339,-20.4241
2016,1.06119,-7.62918
2017,1.06108,-7.6363
2018,1.06131,-7.62182
2019,1.07435,-9.09015
2020,1.07429,-9.09507
2021,1.08088,-20.5505
2022,1.08758,-20.2876
2023,1.08494,-20.435
2024,1.0851,-20.4217
2025,1.08548,-20.4462
2026,1.08537,-20.4623
2027,1.07854,-18.8057
2028,1.09256,-19.9872
2029,1.0781,-18.8566
2030,1.07857,-18.6374
2031,1.08483,-20.9103
2032,1.08467,-20.935
2033,1.08496,-20.8883
2034,1.06378,-20.4011
2035,1.08628,-22.265
2036,1.06357,-20.4379
2037,1.08485,-21.7403
2038,1.08631,-19.4068
2039,1.0861,-19.4296
2040,1.08484,-19.7992
2041,1.085,-20.8658
2042,1.08487,-20.8901
2043,1.07695,-16.9764
2044,1.08152,-20.5874
2045,1.08148,-20.593
2046,1.07796,6.25056
2047,1.07274,-19.5306
2048,1.07285,-19.5189
2049,1.08701,-21.6368
2050,1.07804,-16.057
2051,1.07025,-19.2606
2052,1.07033,-19.2468
2053,1.06744,-20.1368
2054,1.06721,-20.1694
2055,1.0677,-20.103
2056,1.07815,-21.1366
2057,1.07792,-21.185
2058,1.08003,-20.766
2059,1.05756,-17.1662
2060,1.07412,-18.4992
2061,1.05863,-17.0149
2062,1.0698,-12.8214
2063,1.07359,-2.18689
2064,1.0777,-20.0965
2065,1.07042,-18.7938
2066,1.0706,-18.772
2067,1.07462,-18.696
2068,1.07448,-18.7034
2069,1.073,-18.8675
2070,1.08059,-1.08334
2071,1.0753,5.60082
2072,1.08432,-18.492
2073,1.08502,-18.4266
2074,1.08098,-17.137
2075,1.06978,-18.1612
2076,1.07505,-1.17296
2077,1.07434,-1.07561
2078,1.0771,-0.575142
2079,1.09002,-18.8237
2080,1.09315,-18.3555
2081,1.0835,-19.0682
2082,1.06937,-2.85337
2083,1.081,-0.974202
2084,1.08095,-0.980766
2085,1.08849,-0.259474
2086,1.06134,-5.53484
2087,1.07977,-18.9945
2088,1.07633,-14.161
2089,1.07709,-19.1489
2090,1.05999,-17.6914
2091,1.05968,-17.7181
2092,1.08208,-18.2536
2093,1.0823,-18.2342
2094,1.07928,-1.46709
2095,1.0625,-2.51301
2096,1.06298,-3.57817
2097,1.06295,-3.58432
2098,1.04336,-7.63736
2099,1.04769,-8.63822
2100,1.04238,-10.3085
2101,1.0636,-11.2259
2102,1.04222,-10.3254
2103,1.04263,-10.2671
2104,1.06393,-11.8779
2105,1.06515,-12.4519
2106,1.06067,-2.47996
2107,1.0646,-0.759621
2108,1.06496,-2.05739
2109,1.06441,-0.780126
2110,1.06508,-0.653417
2111,1.06913,-1.61114
2112,1.06889,-1.62606
2113,1.08489,-13.5787
2114,1.08288,-14.2857
2115,1.08277,-14.2918
2116,1.05673,-13.195
2117,1.0868,-13.5719
2118,1.05668,-13.2005
2119,1.05713,-13.1626
2120,1.07303,-12.9938
2121,1.07481,-18.6995
2122,1.07597,-18.8249
2123,1.07583,-18.9418
2124,1.07566,-18.9686
2125,1.06896,-12.2591
2126,1.03854,-8.69135
2127,1.04834,-10.1735
2128,1.03851,-8.63946
2129,1.03849,-8.70271
2130,1.05068,-10.6634
2131,1.08541,-0.29607
2132,1.08537,-0.304669
2133,1.06593,-18.5978
2134,1.08943,2.31114
2135,1.06653,-2.7807
2136,1.07824,1.74306
2137,1.08718,-0.540369
2138,1.07812,1.72756
2139,1.0785,1.81788
2140,1.05855,-2.46977
2141,1.06669,-1.99595
2142,1.06646,-2.01378
2143,1.0655,-12.0953
2144,1.05045,-10.9364
2145,1.07546,-11.6712
2146,1.05045,-10.9127
2147,1.05037,-10.9442
2148,1.04912,-10.8589
2149,1.04906,-10.8662
2150,1.04969,-10.9455
2151,1.04975,-10.9352
2152,1.06413,4.14471
2153,1.06405,4.13566
2154,1.0642,4.15264
2155,1.08425,-17.0841
2156,1.08802,1.77182
2157,1.08796,1.76575
2158,1.06562,-1.32546
2159,1.0768,-11.17
2160,1.05565,-12.0083
2161,1.08424,6.74187
2162,1.07834,6.49308
2163,1.07004,4.80256
2164,1.07807,6.49698
2165,1.08467,6.75459
2166,1.0617,-14.8431
2167,1.06085,-1.73842
2168,1.06061,-1.75562
2169,1.07364,-14.128
2170,1.07356,-14.1376
2171,1.05073,-9.92398
2172,1.05871,-10.5706
2173,1.08779,-11.3399
2174,1.05914,-10.5577
2175,1.05871,-10.5706
2176,1.07763,-12.1028
2177,1.06213,-13.1096
2178,1.08245,-11.3717
2179,1.07153,-0.643039
2180,1.04815,-3.11924
2181,1.04835,-3.10724
2182,1.05652,-9.01504
2183,1.04956,-7.61177
2184,1.05318,-9.55119
2185,1.06658,-13.7063
2186,1.06914,0.973175
2187,1.05136,-0.563153
2188,1.06926,0.979625
2189,1.07518,5.25145
2190,1.07215,3.56405
2191,1.08696,1.24896
2192,1.07152,3.54163
2193,1.07208,3.55568
2194,1.08224,-8.93914
2195,1.06852,-12.7286
2196,1.06864,-12.7156
2197,1.07664,-9.7557
2198,1.05142,-9.26725
2199,1.05409,-8.02919
2200,1.06141,-7.02768
2201,1.04696,-8.47846
2202,1.05424,-8.04336
2203,1.05392,-8.03967
2204,1.06351,-11.5804
2205,1.08161,-9.08865
2206,1.0814,-9.11514
2207,1.08636,-8.68633
2208,1.06817,-12.4437
2209,1.06797,-12.4586
2210,1.08453,-9.05898
2211,1.03644,-3.42539
2212,1.04565,-4.77461
2213,1.03642,-3.42726
2214,1.08597,-9.96564
2215,1.06469,-6.9096
2216,1.09313,-9.25433
2217,1.06528,-6.8639
2218,1.07754,-12.1077
2219,1.07742,-12.118
2220,1.04423,1.04275
2221,1.05653,0.112614
2222,1.04417,1.03453
2223,1.04453,1.05248
2224,1.05134,0.900343
2225,1.05511,0.125189
2226,1.05127,0.886605
2227,1.05141,0.918003
2228,1.06608,4.76519
2229,1.05946,4.41693
2230,1.04524,1.36762
2231,1.05933,4.42975
2232,1.05936,4.40726
2233,1.04111,1.92556
2234,1.05168,1.464
2235,1.04094,1.91759
2236,1.0414,1.93398
2237,1.03966,2.03791
2238,1.0509,1.84754
2239,1.03952,2.02386
2240,1.06059,-9.30082
2241,1.06065,-9.2951
2242,1.04563,-5.20176
2243,1.03274,-5.524
2244,1.04578,-5.19298
2245,1.0456,-5.20873
2246,1.07826,-10.2999
2247,1.07811,-9.79212
2248,1.08024,-9.9159
2249,1.07645,-9.84936
2250,1.07727,-9.70449
2251,1.0744,-10.4084
2252,1.08278,-9.18214
2253,1.08271,-9.18771
2254,1.07426,-11.4061
2255,1.0812,-10.985
2256,1.08267,-8.72149
2257,1.08842,-9.91919
2258,1.07349,-10.8038
2259,1.07358,-10.7953
2260,1.08962,-9.09134
2261,1.08847,-8.79354
2262,1.07821,-9.69437
2263,1.07483,-10.1605
2264,1.08588,-9.39085
2265,1.07474,-10.1672
2266,1.07518,-9.97088
2267,1.0867,-9.06283
2268,1.07505,-9.9816
2269,1.07529,-9.96383
2270,1.07377,-8.7766
2271,1.07368,-8.78397
2272,1.08868,-8.55451
2273,1.08862,-8.55913
2274,1.07876,70.4796
2275,1.07215,71.5955
2276,1.07041,72.291
2277,1.06978,71.0572
2278,1.07161,70.9136
2279,1.07104,71.4298
2280,1.07004,71.3785
2281,1.07873,70.4777
2282,1.07927,70.3961
2283,1.0906,-4.4337
2284,1.09421,-5.0414
2285,1.08912,-2.07948
2286,1.09039,-4.54251
2287,1.0906,-4.4337
2288,1.06344,-7.17841
2289,1.05959,-5.12121
2290,1.06236,-6.5371
2291,1.06235,-6.4365
2292,1.06149,-5.93994
2293,1.05986,-5.2173
2294,1.06208,-6.36925
2295,1.06087,-5.73309
2296,1.05241,-2.42019
2297,1.06343,-7.19615
2298,1.06343,-7.17892
2299,1.06344,-7.17841
2300,1.09637,8.16107
2301,1.08908,5.62747
2302,1.08738,9.10742
2303,1.09236,8.64709
2304,1.09176,8.71925
2305,1.09635,8.15946
2306,1.09643,8.21869
2307,1.07261,-8.74159
2308,1.05347,-8.50574
2309,1.06559,-9.05097
2310,1.07261,-8.74159
2311,1.05346,-8.50606
2312,1.05203,-8.46704
2313,1.06074,-15.4164
2314,1.08008,-18.3852
2315,0.995042,-12.8026
2316,1.01266,-14.3212
2317,1.02882,-14.7927
2318,0.998944,-14.7256
2319,1.0606,-15.4415
2320,1.06014,-15.4237
2321,1.04087,75.7561
2322,1.06001,76.2042
2323,1.02665,80.6061
2324,1.04086,75.7557
2325,1.04078,75.6498
2326,1.08144,57.0471
2327,1.1,59.7339
2328,1.08143,57.0458
2329,1.08114,57.0198
2330,1.07884,-18.767
2331,1.08687,-21.0078
2332,1.09157,-17.1217
2333,1.08478,-16.7961
2334,1.09239,-16.9641
2335,1.07872,-18.782
2336,1.07939,-18.6975
2337,1.07032,-14.0591
2338,1.08481,-17.3693
2339,1.09478,-12.836
2340,1.07032,-14.0591
2341,1.07032,-14.0591
2342,1.0702,-14.0713
2343,1.0729,-13.8973
2344,1.09983,66.3215
2345,1.1,66.0076
2346,1.09913,67.0557
2347,1.09897,67.1373
2348,1.09846,67.3561
2349,1.09921,68.2888
2350,1.09893,67.3143
2351,1.09992,68.5143
2352,1.09925,66.4305
2353,1.09433,67.3425
2354,1.09976,66.315
2355,1.09961,66.2553
2356,1.09983,66.3215
2357,1.06279,-6.51411
2358,1.05288,-4.83102
2359,1.05726,-5.50788
2360,1.03821,-3.67865
2361,1.06276,-6.51856
2362,1.06286,-6.5288
2363,1.09587,-17.5592
2364,1.09577,-17.1114
2365,1.09651,-16.4455
2366,1.09757,-15.6651
2367,1.09558,-17.6242
2368,1.09587,-17.5592
2369,1.05639,-5.54603
2370,1.07076,-7.13692
2371,1.05434,-4.90306
2372,1.05479,-4.52212
2373,1.05623,-3.39613
2374,1.05649,-5.64983
2375,1.05639,-5.54603
2376,1.07813,-23.0616
2377,1.07787,-23.0925
2378,1.07816,-23.0328
2379,1.07583,0.891257
2380,1.07439,0.889792
2381,1.07581,0.888923
2382,1.06066,-12.0645
2383,1.06815,-12.5899
2384,0.961746,-10.1877
2385,0.966045,-10.1964
2386,1.06063,-12.0682
2387,1.06069,-12.0685
2388,1.06571,0.175565
2389,1.07298,-1.71571
2390,1.09616,0.953529
2391,1.09599,1.57478
2392,1.09623,0.721539
2393,1.06553,0.15427
2394,1.06565,0.165018
2395,1.07642,1.30037
2396,1.06948,-0.595876
2397,1.07642,1.30037
2398,1.07638,1.29738
2399,1.07718,1.39266
2400,1.04272,-5.08133
2401,1.01803,1.62497
2402,1.04272,-5.08157
2403,1.04293,-5.16015
2404,1.08011,72.9245
2405,1.07996,72.8362
2406,1.08011,72.9245
2407,1.07306,-6.99388
2408,1.06488,-7.20844
2409,1.05303,-5.07165
2410,1.06158,-6.66543
2411,1.06673,-6.22542
2412,1.05796,-6.67701
2413,1.07286,-7.01259
2414,1.07306,-6.99388
2415,1.09494,-17.9112
2416,1.09604,-16.4811
2417,1.09548,-16.6877
2418,1.09591,-16.6993
2419,1.09489,-17.9301
2420,1.09494,-17.9112
2421,1.08903,-15.5164
2422,1.09522,-16.7755
2423,1.00892,-14.7581
2424,1.0849,-13.4689
2425,1.08895,-15.5259
2426,1.08893,-15.4735
2427,1.06353,14.1373
2428,1.09436,15.5575
2429,1.1,16.1021
2430,1.1,15.5558
2431,1.06344,14.1292
2432,1.05998,14.0408
2433,1.07146,72.9446
2434,1.0737,72.2017
2435,1.07182,72.8971
2436,1.07146,72.9446
2437,1.06941,-4.21005
2438,1.07861,-5.15417
2439,1.08898,-8.29541
2440,1.09284,-8.72797
2441,1.04558,-3.51797
2442,1.02774,-2.94265
2443,1.02098,-1.58653
2444,1.07853,-5.16017
2445,1.07872,-5.1658
2446,1.05764,35.6103
2447,1.05379,31.8335
2448,1.06141,30.1411
2449,1.03739,36.9515
2450,1.02668,36.4501
2451,1.05633,35.795
2452,1.05137,31.5825
2453,1.09666,-17.8647
2454,1.08739,-19.4193
2455,1.07929,-15.8884
2456,1.0808,-14.7411
2457,1.09595,-17.8299
2458,1.09666,-17.8647
2459,1.09819,-14.722
2460,1.09814,-14.7507
2461,1.09819,-14.722
2462,1.05848,-7.48307
2463,1.06173,-9.08207
2464,1.05599,-7.12942
2465,1.05511,-6.98792
2466,1.05474,-6.87385
2467,1.0552,-6.96822
2468,1.05672,-7.18154
2469,1.05601,-6.92763
2470,1.05847,-7.48451
2471,1.05886,-7.52541
2472,1.05848,-7.48307
2473,1.0705,-18.8215
2474,1.08586,-20.5568
2475,1.07036,-18.8462
2476,1.07012,-18.7768
2477,1.08739,-9.03648
2478,1.08736,-9.04182
2479,1.08722,-9.03472
2480,1.08387,57.7424
2481,1.1,59.7112
2482,1.08386,57.7419
2483,1.08355,57.7156
2484,1.0631,-17.8604
2485,1.07342,-20.1064
2486,1.05137,-15.1327
2487,1.05015,-16.5781
2488,1.05047,-16.2452
2489,1.06463,-17.79
2490,1.0631,-17.8604
2491,1.08529,-16.2328
2492,1.09279,-17.1223
2493,1.06361,-11.3715
2494,1.08528,-16.2337
2495,1.0853,-16.2968
2496,1.07877,-6.52736
2497,1.06542,-5.89312
2498,1.0759,-7.95167
2499,1.07904,-4.73584
2500,1.06502,-6.34114
2501,1.06534,-5.90122
2502,1.06461,-5.79337
2503,1.08876,0.155474
2504,1.09247,-1.55271
2505,1.1,-3.67536
2506,1.09791,0.60262
2507,1.1,0.599939
2508,1.1,0.639689
2509,1.09917,0.549203
2510,1.1,0.789373
2511,1.09164,-1.6293
2512,1.09247,-1.55271
2513,1.05704,-15.8223
2514,1.06501,-18.0025
2515,1.0503,-14.1543
2516,1.05007,-14.2777
2517,1.05158,-14.5369
2518,1.05716,-15.9496
2519,1.05699,-15.8261
2520,1.05784,27.106
2521,1.07666,31.8845
2522,1.05782,27.1042
2523,1.05759,27.0723
2524,1.06344,-5.78053
2525,1.06372,-6.26837
2526,1.0514,-3.82476
2527,1.05578,-5.27295
2528,1.06372,-5.80479
2529,1.06342,-5.78418
2530,1.07799,-19.2788
2531,1.07852,-15.9598
2532,1.07786,-19.2853
2533,1.07807,-19.2893
2534,1.07095,-18.6237
2535,1.08511,-19.0771
2536,1.08158,-17.3723
2537,1.08027,-17.5597
2538,1.08074,-17.1448
2539,1.0814,-17.0669
2540,1.0706,-18.6554
2541,1.07095,-18.6237
2542,1.06924,-6.27212
2543,1.07025,-8.47589
2544,1.06023,-4.70579
2545,1.06076,-5.32168
2546,1.06921,-6.27604
2547,1.07005,-6.30748
2548,1.0941,66.211
2549,1.09267,64.9079
2550,1.09406,66.2066
2551,1.09419,66.2341
2552,1.07772,-5.7085
2553,1.0868,-8.21407
2554,1.07814,-4.16802
2555,1.0778,-4.36927
2556,1.07726,-4.91524
2557,1.07723,-4.80323
2558,1.07747,-5.67254
2559,1.07772,-5.7085
2560,1.08257,3.44194
2561,1.09626,2.03776
2562,1.1,1.77213
2563,1.04017,6.24626
2564,1.04414,5.19129
2565,1.08249,3.4344
2566,1.08335,3.02652
2567,1.07749,-17.8034
2568,1.08718,-20.2468
2569,1.07786,-17.8198
2570,1.07728,-17.8275
2571,1.08978,72.8315
2572,1.09656,71.8058
2573,1.07964,74.5214
2574,1.08988,72.7853
2575,1.08978,72.8315
2576,1.06279,-8.27379
2577,1.0616,-8.40163
2578,1.08298,-2.30307
2579,1.06262,-8.34881
2580,1.06273,-8.27661
2581,1.07286,72.2203
2582,1.07188,72.7141
2583,1.06777,73.496
2584,1.06883,72.6279
2585,1.07402,72.0353
2586,1.07286,72.2202
2587,1.08809,60.2389
2588,1.1,64.4648
2589,1.08737,60.1267
2590,1.08809,60.2389
2591,1.09952,61.2935
2592,1.09951,61.2932
2593,1.09919,61.2661
2594,1.07332,72.5312
2595,1.07645,72.9982
2596,1.07287,72.5227
2597,1.0739,72.4806
2598,1.09382,65.1881
2599,1.09354,65.1675
2600,1.09411,65.2004
2601,1.07393,53.9226
2602,1.07114,53.075
2603,1.07263,52.357
2604,1.0808,55.634
2605,1.07407,53.8731
2606,1.07057,53.0272
2607,1.1,11.6185
2608,1.09524,12.6572
2609,1.09029,12.4942
2610,1.09387,6.83595
2611,1.04186,12.1168
2612,1.03773,13.1504
2613,1.04355,12.0152
2614,1.09038,12.5234
2615,1.09531,12.7189
2616,1.09589,-12.8504
2617,1.1,-9.4503
2618,1.09577,-12.8743
2619,1.09589,-12.8504
2620,1.09072,7.76
2621,1.0887,5.76205
2622,1.09066,1.2656
2623,1.09072,7.76
2624,1.09072,7.76
2625,1.09072,7.76
2626,1.09205,7.94301
2627,1.08821,5.65035
2628,1.06669,77.8294
2629,1.07423,76.1002
2630,1.05568,81.9093
2631,1.06667,77.828
2632,1.06659,77.7168
2633,1.09607,63.1945
2634,1.09955,62.2982
2635,1.1,65.9849
2636,1.09607,63.1941
2637,1.09564,63.0768
2638,1.09674,67.6787
2639,1.09674,67.6785
2640,1.09681,67.6743
2641,1.1,66.3309
2642,1.09313,64.2156
2643,1.09377,64.2828
2644,1.0605,67.3208
2645,1.05475,68.031
2646,1.05462,67.9067
2647,1.09996,68.2206
2648,1.0931,64.2139
2649,1.09188,64.093
2650,1.05826,71.4344
2651,1.05456,72.7905
2652,1.05479,72.7225
2653,1.05313,72.3439
2654,1.05842,71.3719
2655,1.05826,71.4344
2656,1.09958,64.6999
2657,1.09253,69.6176
2658,1.09957,64.6988
2659,1.09949,64.6351
2660,1.09827,64.6462
2661,1.09869,64.092
2662,1.1,68.9604
2663,1.098,64.5501
2664,1.09827,64.646
2665,1.06095,76.6688
2666,1.0607,76.628
2667,1.06095,76.6686
2668,1.07686,-16.4236
2669,1.07743,-13.334
2670,1.07509,-15.1772
2671,1.07438,-15.8528
2672,1.07668,-16.5202
2673,1.07686,-16.4236
2674,1.08192,-12.8887
2675,1.08467,-12.9353
2676,1.09356,-12.8422
2677,1.1,-12.519
2678,1.09999,-12.0184
2679,1.09825,-12.27
2680,1.0819,-12.8949
2681,1.08184,-12.9742
2682,1.09008,-4.63685
2683,1.09065,-1.32335
2684,1.08965,-4.79796
2685,1.09008,-4.63685
2686,1.08969,-11.5892
2687,1.09002,-12.9972
2688,1.04389,-7.98117
2689,1.08962,-11.5961
2690,1.08944,-11.6391
2691,1.0744,-5.98243
2692,1.09389,-8.9179
2693,1.07417,-5.93491
2694,1.07437,-5.98665
2695,1.07766,-6.47889
2696,1.06539,-6.30235
2697,1.07303,-7.37991
2698,1.0356,-5.85069
2699,1.03771,-6.13598
2700,1.03528,-6.17604
2701,1.06343,-6.25143
2702,1.0795,-6.60214
2703,1.08863,2.76837
2704,1.1,3.79629
2705,1.1,3.13752
2706,1.1,4.20353
2707,1.08748,2.70112
2708,1.0886,2.76483
2709,1.07234,74.8911
2710,1.06452,78.0197
2711,1.06419,75.6076
2712,1.0723,74.8859
2713,1.07238,74.8826
2714,1.07305,73.2413
2715,1.08199,73.6946
2716,1.03771,74.9284
2717,1.03761,74.2806
2718,1.07974,73.9233
2719,1.07807,73.9257
2720,1.07284,73.231
2721,1.07343,73.1999
2722,1.05602,-3.89991
2723,1.05913,-5.72926
2724,1.05439,-9.3419
2725,1.0484,5.80558e-14
2726,1.0442,1.52084
2727,1.05913,-5.72951
2728,1.05916,-5.87477
2729,1.03926,-8.55421
2730,1.05236,-9.55597
2731,0.94989,-5.82687
2732,0.97334,-6.9029
2733,1.0487,-8.83803
2734,1.03922,-8.55865
2735,1.04035,-8.57619
2736,1.06041,-9.24529
2737,1.06225,-9.84095
2738,1.06938,-11.4778
2739,1.06041,-9.24529
2740,1.06223,-9.84313
2741,1.06151,-9.21866
2742,1.07632,75.2626
2743,1.07624,75.2147
2744,1.07631,75.2613
2745,1.08841,60.5295
2746,1.08896,58.9845
2747,1.1,64.4716
2748,1.0881,60.4804
2749,1.08841,60.5293
2750,1.07318,-14.0343
2751,1.07325,-14.0442
2752,1.07318,-14.0343
2753,1.08345,-21.3042
2754,1.08347,-21.3566
2755,1.08344,-21.3044
2756,1.07378,-10.9687
2757,1.08128,-17.1279
2758,1.09137,-18.9667
2759,1.07722,-10.8009
2760,1.07754,-10.4001
2761,1.07718,-10.4931
2762,1.07722,-10.6632
2763,1.07764,-10.7132
2764,1.07732,-10.8728
2765,1.08112,-17.1448
2766,1.08008,-17.3565
2767,1.08128,-17.1279
2768,1.0881,1.45807
2769,1.1,4.0286
2770,1.08805,1.45398
2771,1.08807,1.4523
2772,1.09072,67.299
2773,1.09711,67.4982
2774,1.1,67.8482
2775,1.09087,67.2859
2776,1.09072,67.299
2777,1.05839,-10.5246
2778,1.06318,-11.0303
2779,1.01749,-10.1112
2780,1.00907,-9.3426
2781,1.0095,-9.75135
2782,1.05838,-10.5253
2783,1.06005,-10.6401
2784,1.03571,77.945
2785,1.05356,77.4821
2786,1.0224,82.5045
2787,1.03569,77.8595
2788,1.03571,77.945
2789,1.0999,66.7215
2790,1.1,67.5511
2791,1.09989,66.7212
2792,1.09984,66.7005
2793,1.07922,73.9581
2794,1.07914,73.9034
2795,1.07919,73.9552
2796,1.09054,69.7373
2797,1.08555,70.4183
2798,1.08304,69.3466
2799,1.09054,69.7373
2800,1.1,70.4521
2801,1.09473,69.5755
2802,1.08509,70.4832
2803,1.06045,20.2271
2804,1.05585,22.7099
2805,1.08033,25.954
2806,1.06005,20.1102
2807,1.06043,20.2245
2808,1.08276,74.0494
2809,1.08274,74.0483
2810,1.0827,74.0028
2811,1.07954,1.20839
2812,1.1,-0.364452
2813,1.03553,3.09332
2814,1.03588,2.52167
2815,1.07927,1.22556
2816,1.07945,1.19986
2817,1.08321,-9.06282
2818,1.07183,-11.0686
2819,1.07173,-13.6851
2820,1.06682,-8.41366
2821,1.06428,-8.43569
2822,1.06484,-8.7298
2823,1.06515,-8.47934
2824,1.08299,-9.08942
2825,1.08319,-9.06446
2826,1.0138,-1.96678
2827,1.02836,-4.5928
2828,1.04457,-6.22452
2829,0.991259,-1.3038
2830,0.989635,-1.64242
2831,0.990881,-1.10808
2832,0.992094,-1.44664
2833,1.02836,-4.70671
2834,1.01822,-2.05009
2835,1.09117,67.9785
2836,1.09553,67.5948
2837,1.09104,67.9665
2838,1.09106,67.966
2839,1.08603,-20.6151
2840,1.08593,-20.6218
2841,1.0857,-20.641
2842,1.08199,62.8212
2843,1.0948,63.5512
2844,1.06771,66.2719
2845,1.04462,65.4855
2846,1.05287,64.6794
2847,1.08178,62.7362
2848,1.08196,62.818
2849,1.07589,-19.3771
2850,1.08288,-21.2654
2851,1.07586,-19.3797
2852,1.07593,-19.3692
2853,1.09549,69.1718
2854,1.09543,69.1407
2855,1.09549,69.1714
2856,1.06105,-9.96029
2857,1.07137,-11.2362
2858,1.06105,-9.96029
2859,1.06098,-9.96611
2860,1.06141,-9.93273
2861,1.07543,-14.1916
2862,1.07541,-14.1959
2863,1.07528,-14.2056
2864,1.06082,-7.54375
2865,1.07332,-9.90251
2866,1.09983,-13.9372
2867,1.05553,-7.11685
2868,1.05886,-7.25048
2869,1.05705,-7.1161
2870,1.07195,-10.0274
2871,1.06433,-7.39268
2872,1.0827,-8.77436
2873,1.08243,-8.79678
2874,1.08275,-8.75492
2875,1.09047,66.6637
2876,1.09816,68.0101
2877,1.1,68.4923
2878,1.09746,68.3975
2879,1.09833,68.1102
2880,1.09814,68.009
2881,1.07658,-9.99384
2882,1.08898,-12.6857
2883,1.08156,-9.45294
2884,1.08187,-9.04381
2885,1.08205,-9.40489
2886,1.08159,-9.65635
2887,1.07631,-9.93218
2888,1.07627,-10.0101
2889,1.09533,67.9013
2890,1.08038,70.4148
2891,1.09536,67.8927
2892,1.09533,67.9013
2893,1.06266,50.919
2894,1.06667,50.4962
2895,1.03133,56.8409
2896,1.06243,50.8097
2897,1.06266,50.919
2898,1.0833,-22.3815
2899,1.08303,-22.4124
2900,1.08339,-22.3531
2901,1.07214,-21.0863
2902,1.08507,-23.0762
2903,1.07199,-21.0958
2904,1.07289,-21.1
2905,1.09194,-8.95873
2906,1.0681,-8.81358
2907,1.1,-8.44285
2908,1.1,-8.67279
2909,1.0919,-8.96371
2910,1.09182,-8.95682
2911,1.07556,61.493
2912,1.08647,63.2004
2913,1.09459,62.1087
2914,1.08981,62.1607
2915,1.07502,61.4578
2916,1.07556,61.493
2917,1.08561,-17.1483
2918,1.0498,-15.3756
2919,1.04978,-15.5824
2920,1.08459,-17.3498
2921,1.08561,-17.1483
2922,1.08436,-2.59706
2923,1.07702,-4.55784
2924,1.08324,-8.48186
2925,1.1,-1.91567
2926,1.09905,-2.36385
2927,1.09728,-2.17063
2928,1.08561,-1.18617
2929,1.09867,-2.35873
2930,1.07632,-4.60844
2931,1.08333,-2.74161
2932,1.08539,60.1889
2933,1.08525,60.1747
2934,1.08539,60.1889
2935,0.98262,41.6825
2936,0.974173,42.0006
2937,1.00108,44.6903
2938,0.982194,41.6207
2939,0.98262,41.6825
2940,1.1,66.0191
2941,1.09989,65.3363
2942,1.09956,65.9504
2943,1.1,66.0191
2944,1.07455,-14.9257
2945,1.07134,-17.2247
2946,1.08331,-14.5878
2947,1.08326,-14.0521
2948,1.0829,-14.6554
2949,1.08305,-14.4351
2950,1.08312,-14.3961
2951,1.08346,-14.2278
2952,1.075,-14.6216
2953,1.07455,-14.9257
2954,1.07455,-14.9257
2955,1.06415,-3.0924
2956,1.05918,-2.05393
2957,1.06043,-2.62597
2958,1.06416,-3.09718
2959,1.06415,-3.0924
2960,1.09725,67.3302
2961,1.09666,65.293
2962,1.1,71.0428
2963,1.09727,67.2994
2964,1.09725,67.3302
2965,1.07493,-10.947
2966,1.06993,-11.2065
2967,1.06078,-8.15541
2968,1.06945,-11.2742
2969,1.07491,-10.9812
2970,1.06172,71.0147
2971,1.08076,69.767
2972,1.05223,72.8424
2973,1.05623,71.5218
2974,1.05159,73.0268
2975,1.06557,70.8934
2976,1.06172,71.0147
2977,1.1,71.1076
2978,1.0999,71.0656
2979,1.1,71.1076
2980,1.08682,-5.08562
2981,1.08535,-5.00614
2982,1.08682,-5.08562
2983,1.08682,-5.08562
2984,1.0869,-5.09171
2985,1.08682,-5.08562
2986,1.07523,39.7656
2987,1.0774,39.1418
2988,1.07724,39.838
2989,1.07523,39.7656
2990,1.07646,39.087
2991,1.0774,39.1418
2992,1.06553,-11.1594
2993,1.06834,-11.9769
2994,1.06565,-11.1518
2995,1.06553,-11.1594
2996,1.09511,14.2959
2997,1.09303,13.0553
2998,1.09461,11.1665
2999,1.1,15.3712
3000,1.1,16.167
3001,1.1,15.9329
3002,1.09452,14.2141
3003,1.09511,14.2959
3004,1.06635,16.9133
3005,1.06596,18.8816
3006,1.06823,17.3307
3007,1.07744,19.7553
3008,1.06584,16.8265
3009,1.06635,16.9133
3010,1.09233,4.49836
3011,1.1,3.31324
3012,1.09084,4.4623
3013,1.09233,4.49836
3014,1.09246,15.0689
3015,1.1,16.369
3016,1.1,15.7355
3017,1.09218,15.046
3018,1.09246,15.0689
3019,1.06922,-18.7663
3020,1.08346,-20.3187
3021,1.06877,-18.7663
3022,1.06922,-18.7663
3023,1.02559,-1.81368
3024,1.05385,-0.622663
3025,1.02559,-1.81368
3026,1.02559,-1.81368
3027,1.02559,-1.81368
3028,1.0242,-1.88125
3029,1.02559,-1.81368
3030,1.09929,-3.79318
3031,1.09916,-3.81443
3032,1.09929,-3.79318
3033,1.08802,-8.36624
3034,1.08727,-8.37351
3035,1.08802,-8.36624
3036,1.0966,-12.6517
3037,1.09619,-12.6829
3038,1.0966,-12.6517
3039,1.09315,61.9395
3040,1.08238,59.5487
3041,1.09888,67.4074
3042,1.09287,61.8889
3043,1.09315,61.9395
3044,1.08353,58.9238
3045,1.08401,57.3252
3046,1.1,63.5613
3047,1.08366,58.9048
3048,1.08353,58.9238
3049,1.05913,-4.98632
3050,1.07288,-7.16385
3051,1.03583,1.98366
3052,1.0594,-5.05419
3053,1.05913,-4.98632
3054,1.09799,68.864
3055,1.09832,68.7893
3056,1.08278,74.8466
3057,1.09805,68.762
3058,1.09799,68.864
3059,1.09275,64.6123
3060,1.09803,65.9532
3061,1.0618,65.1259
3062,1.0922,64.5782
3063,1.09275,64.6123
3064,1.07557,-10.5738
3065,1.07679,-13.1661
3066,1.06553,-9.84991
3067,1.06386,-9.90583
3068,1.07662,-10.4649
3069,1.07557,-10.5738
3070,1.1,68.4385
3071,1.09744,69.4222
3072,1.09978,68.4088
3073,1.1,68.4385
3074,1.04853,-11.311
3075,1.05779,-14.8873
3076,1.06062,-17.5029
3077,1.03247,-11.035
3078,1.03202,-11.0867
3079,1.03286,-10.5626
3080,1.03189,-10.7996
3081,1.03202,-10.7872
3082,1.05156,-11.1446
3083,1.04853,-11.311
3084,1.08977,-11.7729
3085,1.09866,-13.8452
3086,1.093,-6.7526
3087,1.08972,-11.8361
3088,1.08977,-11.7729
3089,1.07237,-4.16028
3090,1.00795,-1.06943
3091,1.0724,-4.18299
3092,1.07237,-4.16028
3093,1.09807,66.1808
3094,1.09803,66.1485
3095,1.09807,66.1808
3096,1.06943,-5.6396
3097,1.06805,-6.07356
3098,1.06452,-6.76021
3099,1.0778,-5.17738
3100,1.08089,-5.11952
3101,1.07981,-5.21435
3102,1.07754,-5.0865
3103,1.07872,-5.24037
3104,1.07897,-5.13419
3105,1.06859,-5.74479
3106,1.06943,-5.6396
3107,1.06943,-5.6396
3108,1.05644,31.1759
3109,1.05858,29.6885
3110,1.05373,35.8926
3111,1.05582,31.1341
3112,1.05644,31.1759
3113,1.09507,68.3976
3114,1.08091,71.1217
3115,1.09519,68.3584
3116,1.09507,68.3976
3117,1.08543,70.1871
3118,1.08066,70.6527
3119,1.08413,69.8942
3120,1.06867,70.7036
3121,1.06975,70.7665
3122,1.06873,70.9695
3123,1.08795,70.3088
3124,1.08851,70.0063
3125,1.08543,70.1871
3126,1.07135,-14.0146
3127,1.07499,-18.2776
3128,1.07684,-19.8548
3129,1.08085,-12.992
3130,1.08147,-13.6573
3131,1.08212,-13.3353
3132,1.08133,-13.7828
3133,1.07485,-18.3703
3134,1.07321,-14.0121
3135,1.06136,-11.0233
3136,1.04924,-8.22611
3137,1.05267,-9.9679
3138,1.05025,-9.88281
3139,1.0617,-11.126
3140,1.06136,-11.0233
3141,1.09328,71.6362
3142,1.1,71.0364
3143,1.065,72.4537
3144,1.09296,71.6352
3145,1.09328,71.6362
3146,1.06538,74.3015
3147,1.07604,71.5344
3148,1.07491,74.1934
3149,1.04864,79.6844
3150,1.05838,76.9776
3151,1.02635,73.5869
3152,1.06583,74.3283
3153,1.06538,74.3015
3154,1.05524,-11.1524
3155,1.06794,-17.3859
3156,1.05524,-11.1524
3157,1.05524,-11.1524
3158,1.05524,-11.1524
3159,1.05524,-11.1524
3160,1.05821,-10.6495
3161,1.05524,-11.1524
3162,1.06949,0.532294
3163,1.07773,-1.03392
3164,1.07384,1.68875
3165,1.07297,1.88915
3166,1.07336,2.0799
3167,1.07275,1.11018
3168,1.06919,0.483595
3169,1.06949,0.532294
3170,1.07375,74.0425
3171,1.08317,73.6222
3172,1.05466,79.7672
3173,1.07392,73.9354
3174,1.07375,74.0425
3175,1.05809,-5.97941
3176,1.07108,-7.39795
3177,1.07352,-4.32239
3178,1.05934,-6.04042
3179,1.05809,-5.97941
3180,1.07818,-20.1913
3181,1.07812,-20.2054
3182,1.07818,-20.1913
3183,1.0939,-9.18629
3184,1.09367,-9.19729
3185,1.0939,-9.18629
3186,1.08799,11.2328
3187,1.08839,10.3139
3188,1.0909,8.21431
3189,1.1,11.4944
3190,1.1,11.5057
3191,1.1,11.9211
3192,1.09734,11.6399
3193,1.1,11.8052
3194,1.1,11.5833
3195,1.08907,11.1095
3196,1.08832,10.3044
3197,1.08839,10.3139
3198,1.06646,-15.6406
3199,1.0822,-18.7002
3200,1.06699,-14.7692
3201,1.06791,-14.5523
3202,1.06632,-14.5901
3203,1.06261,-13.8142
3204,1.06445,-13.6858
3205,1.06658,-15.0259
3206,1.06687,-15.6491
3207,1.06646,-15.6406
3208,1.06646,-15.6406
3209,1.04523,-11.9023
3210,1.04635,-11.3082
3211,1.04496,-11.909
3212,1.04523,-11.9023
3213,1.09321,71.3351
3214,1.09259,69.9494
3215,1.1,72.7185
3216,1.09314,71.3377
3217,1.09321,71.3351
3218,1.06395,-15.1776
3219,1.09188,-16.7947
3220,1.06454,-15.16
3221,1.06395,-15.1776
3222,1.05502,29.7352
3223,1.05896,29.6117
3224,1.02166,34.9714
3225,1.05436,29.607
3226,1.05502,29.7352
3227,1.08766,-21.4684
3228,1.08841,-19.6875
3229,1.08659,-20.9498
3230,1.08923,-18.5756
3231,1.08657,-21.0069
3232,1.08746,-19.8521
3233,1.08731,-21.5857
3234,1.08766,-21.4684
3235,1.08107,59.3032
3236,1.08907,60.5535
3237,1.08158,61.0623
3238,1.0808,59.2568
3239,1.08107,59.3032
3240,1.0923,8.62153
3241,1.08673,6.32035
3242,1.09491,4.43776
3243,1.1,9.34228
3244,1.0923,8.62153
3245,1.1,10.2741
3246,1.09345,8.56605
3247,1.0923,8.62153
3248,1.06283,-9.13799
3249,1.07662,-9.43193
3250,1.06259,-9.13231
3251,1.06283,-9.13799
3252,1.09908,70.1954
3253,1.09638,71.4439
3254,1.099,70.1229
3255,1.09908,70.1954
3256,1.02778,79.6667
3257,1.04392,78.8261
3258,0.969901,85.7516
3259,1.02837,79.5789
3260,1.02778,79.6667
3261,1.08217,19.2245
3262,1.08141,21.6864
3263,1.08089,19.1319
3264,1.08217,19.2245
3265,1.09386,-21.5308
3266,1.09345,-21.5918
3267,1.09386,-21.5308
3268,1.06459,-11.1055
3269,1.06597,-12.7725
3270,1.05275,-9.03698
3271,1.0581,-10.1905
3272,1.05307,-9.96302
3273,1.05938,-10.3499
3274,1.06425,-11.0441
3275,1.06459,-11.1055
3276,1.08355,-13.1918
3277,1.07888,-15.9809
3278,1.0757,-12.2395
3279,1.07755,-12.5801
3280,1.09476,-12.6896
3281,1.08623,-13.0945
3282,1.08355,-13.1918
3283,1.07778,-18.6036
3284,1.07793,-18.6399
3285,1.07778,-18.6036
3286,1.0769,-1.48805
3287,1.0651,-3.09849
3288,1.07715,-1.46877
3289,1.0769,-1.48805
3290,1.08791,14.403
3291,1.09475,14.3024
3292,1.09909,10.8365
3293,1.09412,14.3153
3294,1.09475,14.3024
3295,1.07162,-17.7031
3296,1.08241,-18.5468
3297,1.06677,-15.1741
3298,1.05302,-16.8968
3299,1.06068,-15.5579
3300,1.0583,-16.0386
3301,1.0724,-17.8622
3302,1.07162,-17.7031
3303,1.09394,60.4437
3304,1.09373,60.4414
3305,1.09394,60.4437
3306,1.0475,-8.99056
3307,1.06385,-11.9395
3308,1.07518,-14.1947
3309,1.0455,-8.56834
3310,1.0456,-8.64977
3311,1.04562,-8.73373
3312,1.04464,-8.25723
3313,1.04454,-8.30436
3314,1.04444,-8.27003
3315,1.06243,-12.047
3316,1.05019,-8.96778
3317,1.06385,-11.9395
3318,1.1,67.0627
3319,1.09985,67.0514
3320,1.1,67.0627
3321,1.06278,-16.8554
3322,1.07874,-18.5594
3323,1.05079,-14.3576
3324,1.05555,-15.624
3325,1.0644,-16.8676
3326,1.06278,-16.8554
3327,1.0779,18.7708
3328,1.07314,16.9879
3329,1.09389,19.4249
3330,1.09143,19.1669
3331,1.09789,19.5359
3332,1.08548,18.9606
3333,1.09471,19.4919
3334,1.09809,19.1143
3335,1.08588,17.3591
3336,1.08219,17.2298
3337,1.0904,17.5991
3338,1.07115,19.1588
3339,1.0779,18.7708
3340,1.0779,18.7708
3341,1.08823,-7.25783
3342,1.09025,-5.39266
3343,1.09155,-5.31926
3344,1.08893,-5.72296
3345,1.09042,-5.2714
3346,1.08804,-7.50468
3347,1.06989,1.41527
3348,1.09997,-0.960934
3349,1.0905,2.0588
3350,1.09741,1.91699
3351,1.09231,2.48816
3352,0.966109,-0.183677
3353,1.06809,1.40772
3354,1.06989,1.41527
3355,1.07538,-11.145
3356,1.09051,-12.0437
3357,1.09144,-9.23519
3358,1.1,-6.61996
3359,1.08652,-9.66979
3360,1.07532,-11.1376
3361,1.07538,-11.145
3362,1.08836,-11.2216
3363,1.08818,-13.0336
3364,1.09119,-15.5204
3365,1.04461,-9.37667
3366,1.08926,-11.125
3367,1.08751,-13.1887
3368,1.07468,-19.2231
3369,1.08359,-21.1697
3370,1.06955,-18.5823
3371,1.07058,-17.4528
3372,1.07081,-17.7904
3373,1.07476,-19.3317
3374,1.07468,-19.2231
3375,1.09164,67.3371
3376,1.08554,70.53
3377,1.08311,72.9828
3378,1.08664,69.1502
3379,1.09368,66.8162
3380,1.08476,70.9028
3381,1.07123,-21.2167
3382,1.07852,-20.5162
3383,1.07104,-21.2277
3384,1.07123,-21.2167
3385,1.05005,-7.04762
3386,1.08689,-6.25028
3387,1.0935,-7.49367
3388,1.04565,-7.60224
3389,1.044,-2.18958
3390,1.08614,-5.0105
3391,1.08695,-6.22958
3392,1.05019,-7.08396
3393,1.07083,76.5857
3394,1.07266,75.4627
3395,1.05905,80.6825
3396,1.0098,78.307
3397,1.01374,79.029
3398,1.00782,79.011
3399,1.07085,76.5456
3400,1.07083,76.5857
3401,1.08329,-6.16168
3402,1.07777,-6.24042
3403,1.08329,-6.16168
3404,1.08329,-6.16168
3405,1.08422,-6.16747
3406,1.08329,-6.16168
3407,1.07162,-19.2109
3408,1.06867,-20.6771
3409,1.01106,-17.5282
3410,1.01151,-16.893
3411,1.02249,-18.8746
3412,1.07133,-19.1866
3413,1.07162,-19.2109
3414,1.09854,69.85
3415,1.09811,70.4064
3416,1.1,75.1016
3417,1.09839,69.7406
3418,1.09854,69.85
3419,1.07787,-17.0605
3420,1.08645,-19.2778
3421,1.09767,-14.9638
3422,1.0997,-14.04
3423,1.09992,-15.0414
3424,1.09311,-15.2659
3425,1.09549,-15.8849
3426,1.07823,-17.2384
3427,1.07787,-17.0605
3428,1.06282,-12.8714
3429,1.07379,-15.8961
3430,1.08502,-17.7168
3431,1.05638,-12.0745
3432,1.05801,-11.7677
3433,1.0698,-16.2392
3434,1.07379,-15.8961
3435,1.05556,-5.79949
3436,1.07,-6.86502
3437,0.956961,-4.28726
3438,0.982904,-4.89021
3439,0.978103,-4.46603
3440,1.05576,-5.82637
3441,1.05556,-5.79949
3442,1.08297,-4.38592
3443,1.08764,-5.56885
3444,1.06774,0.58432
3445,1.08296,-4.47883
3446,1.08297,-4.38592
3447,1.08499,2.18764
3448,1.09083,0.815554
3449,1.09564,-0.982648
3450,1.1,2.93209
3451,1.1,3.01296
3452,1.1,2.45421
3453,1.0964,2.66442
3454,1.1,2.51331
3455,1.0938,2.6166
3456,1.08569,0.315417
3457,1.09083,0.815554
3458,1.09083,0.815554
3459,1.08431,56.4621
3460,1.08271,58.0764
3461,1.089,57.6119
3462,1.09352,58.8206
3463,1.05624,59.4985
3464,1.08075,55.9066
3465,1.08431,56.4621
3466,1.09173,69.6311
3467,1.09146,69.6116
3468,1.09173,69.6311
3469,1.09122,4.71739
3470,1.09256,3.01362
3471,1.01672,7.00744
3472,1.01594,6.14675
3473,1.01682,6.99546
3474,1.09068,4.55816
3475,1.09122,4.71739
3476,1.08887,-8.34261
3477,1.05059,-6.81876
3478,1.04875,-7.74359
3479,1.08875,-8.35554
3480,1.08887,-8.34261
3481,1.06529,50.6675
3482,1.0674,49.815
3483,1.05909,54.2971
3484,1.06489,50.6005
3485,1.06529,50.6675
3486,1.08,71.7599
3487,1.08042,72.5183
3488,1.07519,72.1411
3489,1.07499,72.7074
3490,1.07223,73.2232
3491,1.08271,71.4609
3492,1.08,71.7599
3493,1.09182,59.6208
3494,1.09168,59.6072
3495,1.09182,59.6208
3496,1.08055,-7.3716
3497,1.08056,-7.38063
3498,1.08055,-7.3716
3499,1.07986,-17.7676
3500,1.09605,-21.5142
3501,1.04679,-16.4257
3502,1.0492,-17.1175
3503,1.05038,-16.1129
3504,1.05189,-16.2731
3505,1.052,-16.0264
3506,1.07495,-17.1219
3507,1.07707,-17.4485
3508,1.07877,-17.816
3509,1.07986,-17.7676
3510,1.07986,-17.7676
3511,1.05466,-1.15137
3512,1.04798,-0.403443
3513,1.04965,0.367233
3514,1.04873,-0.610435
3515,1.0552,-1.28825
3516,1.05466,-1.15137
3517,1.07998,-17.451
3518,1.08482,-18.4442
3519,1.07942,-17.423
3520,1.07998,-17.451
3521,1.08007,-16.8698
3522,1.08631,-18.2806
3523,1.07936,-16.8872
3524,1.08007,-16.8698
3525,1.0861,2.1736
3526,1.08143,-0.51939
3527,1.1,2.64051
3528,1.1,3.01818
3529,1.1,2.44785
3530,1.1,2.62246
3531,1.1,3.36463
3532,1.1,2.65454
3533,1.08823,2.65183
3534,1.0861,2.1736
3535,1.08081,72.8531
3536,1.08421,73.493
3537,1.07234,75.8969
3538,1.08072,72.7374
3539,1.08081,72.8531
3540,1.09279,-18.0148
3541,1.09255,-18.0183
3542,1.09279,-18.0148
3543,1.08759,-13.3219
3544,1.09952,-17.7054
3545,1.09299,-12.7482
3546,1.09526,-11.5613
3547,1.08676,-13.4779
3548,1.08759,-13.3219
3549,1.05793,-5.09866
3550,1.06454,-6.81499
3551,0.97288,-4.56534
3552,0.956857,-4.4886
3553,0.956898,-3.32358
3554,1.05832,-5.13275
3555,1.05793,-5.09866
3556,1.08176,72.3596
3557,1.0812,70.4962
3558,1.08081,73.624
3559,1.07808,73.4193
3560,1.08226,73.7951
3561,1.07855,73.3984
3562,1.07934,73.9628
3563,1.0745,75.4004
3564,1.07891,70.7932
3565,1.07982,70.6856
3566,1.07633,71.8024
3567,1.08244,72.1815
3568,1.08176,72.3596
3569,1.08176,72.3596
3570,1.09295,-9.40059
3571,1.0927,-9.40716
3572,1.09295,-9.40059
3573,1.08162,-4.54128
3574,1.07979,-5.42535
3575,1.08359,-6.42893
3576,1.08162,-4.54128
3577,1.0795,-5.41995
3578,1.07979,-5.42535
3579,1.08004,57.0533
3580,1.09296,58.1175
3581,1.07968,57.0313
3582,1.08004,57.0533
3583,1.08024,-1.24995
3584,1.08786,-3.02651
3585,1.09329,-4.15831
3586,1.05049,-0.916799
3587,1.04137,-0.804914
3588,1.05013,-0.537993
3589,1.04634,-0.0699575
3590,1.05216,-0.788222
3591,1.05093,-1.06184
3592,1.08076,-1.39708
3593,1.08024,-1.24995
3594,1.08733,-3.09104
3595,1.09561,-13.8718
3596,1.1,-14.6834
3597,1.1,-13.1865
3598,1.1,-11.3798
3599,1.1,-12.5108
3600,1.09529,-13.9309
3601,1.09561,-13.8718
3602,1.09404,-17.0893
3603,1.09405,-17.1062
3604,1.09404,-17.0893
3605,1.09935,65.1185
3606,1.1,64.7482
3607,1.1,70.593
3608,1.09868,65.0243
3609,1.09935,65.1185
3610,1.07388,71.7706
3611,0.991887,72.9873
3612,0.994351,72.8625
3613,0.991499,73.1561
3614,0.992074,73.4899
3615,1.07395,71.6723
3616,1.07388,71.7706
3617,1.08591,-12.1527
3618,1.087,-15.5318
3619,1.08863,-16.7024
3620,1.1,-11.3736
3621,1.08755,-11.9435
3622,1.08591,-12.1527
3623,1.06879,19.0896
3624,1.09193,15.3958
3625,1.05211,20.0069
3626,1.04981,19.9738
3627,1.05357,19.8553
3628,1.06818,19.1378
3629,1.06879,19.0896
3630,1.08441,-9.07342
3631,1.08398,-9.09468
3632,1.08441,-9.07342
3633,1.09826,-12.0141
3634,1.1,-9.9743
3635,1.1,-9.15679
3636,1.09743,-12.2602
3637,1.09826,-12.0141
3638,1.03305,-7.53328
3639,1.05165,-7.53478
3640,0.957098,-6.49065
3641,1.03337,-7.54947
3642,1.03305,-7.53328
3643,1.077,-3.15759
3644,1.07516,-4.05642
3645,1.08494,-5.71835
3646,1.06758,-2.41845
3647,1.06847,-2.90845
3648,1.06774,-2.60215
3649,1.06773,-2.83968
3650,1.06768,-2.50579
3651,1.06785,-2.43328
3652,1.07841,-3.17526
3653,1.077,-3.15759
3654,1.07403,-4.19253
3655,1.09366,65.9825
3656,1.09908,66.602
3657,1.1,66.4025
3658,1.09346,65.9641
3659,1.09366,65.9825
3660,1.05664,-12.0835
3661,1.07389,-14.0375
3662,1.07887,-10.1719
3663,1.07509,-10.7967
3664,1.08148,-11.1145
3665,1.07947,-11.2795
3666,1.07117,-11.5128
3667,1.05772,-12.1535
3668,1.05664,-12.0835
3669,1.06461,-17.4012
3670,1.05585,-15.5779
3671,1.05803,-16.5316
3672,1.05502,-15.9002
3673,1.05822,-16.9395
3674,1.06157,-17.2171
3675,1.06524,-17.567
3676,1.06461,-17.4012
3677,1.03875,-7.71132
3678,1.05994,-9.76912
3679,1.01553,-5.24482
3680,1.01365,-4.71043
3681,1.03914,-7.7943
3682,1.03875,-7.71132
3683,1.08629,-2.82384
3684,1.08626,-2.84383
3685,1.08629,-2.82384
3686,1.06914,-7.03592
3687,1.0692,-7.07207
3688,1.06914,-7.03592
3689,1.0636,-17.4948
3690,1.07937,-20.0021
3691,1.03485,-16.8627
3692,1.0349,-16.7373
3693,1.03325,-15.8784
3694,1.04127,-17.0489
3695,1.06482,-17.5227
3696,1.0636,-17.4948
3697,1.07299,-17.2997
3698,1.08263,-18.4565
3699,1.07388,-17.286
3700,1.07299,-17.2997
3701,1.06163,-10.2678
3702,1.07538,-13.0046
3703,1.05299,-8.5963
3704,1.06184,-10.246
3705,1.06163,-10.2678
3706,1.09483,66.2554
3707,1.08976,65.1913
3708,1.09476,66.2744
3709,1.09483,66.2554
3710,1.08621,68.9917
3711,1.09932,68.5931
3712,1.02953,69.8608
3713,1.08637,68.9838
3714,1.08621,68.9917
3715,1.0696,40.9113
3716,1.07419,40.1415
3717,1.07437,42.057
3718,1.0696,40.8618
3719,1.0696,40.9113
3720,1.1,71.32
3721,1.09979,71.306
3722,1.1,71.32
3723,1.08962,-8.79183
3724,1.08958,-8.8089
3725,1.08962,-8.79183
3726,1.067,-19.6946
3727,1.08803,-21.4097
3728,1.0369,-17.4992
3729,1.0417,-19.4058
3730,1.03628,-18.1595
3731,1.03594,-18.6332
3732,1.03587,-18.6353
3733,1.03618,-18.2682
3734,1.06706,-19.7526
3735,1.067,-19.6946
3736,1.07359,-4.80302
3737,1.08095,-5.56788
3738,1.06065,-3.45866
3739,1.07351,-4.78574
3740,1.07359,-4.80302
3741,1.0647,-19.5798
3742,1.08875,-21.5061
3743,1.044,-18.5326
3744,1.04614,-18.3989
3745,1.04553,-17.3879
3746,1.05114,-18.6852
3747,1.06544,-19.6016
3748,1.0647,-19.5798
3749,1.05139,25.2471
3750,1.05975,25.1115
3751,1.05103,30.6719
3752,1.05092,25.1657
3753,1.05139,25.2471
3754,1.09374,62.2403
3755,1.09516,60.854
3756,1.1,66.6573
3757,1.09351,62.1968
3758,1.09374,62.2403
3759,1.05412,1.28241
3760,1.09051,0.080602
3761,1.0543,1.27795
3762,1.05412,1.28241
3763,1.02613,-2.4874
3764,1.03989,-4.03864
3765,1.02262,-2.30243
3766,1.01789,-1.5664
3767,1.02917,-2.48605
3768,1.02613,-2.4874
3769,1.04534,31.9723
3770,1.06142,27.8344
3771,1.08364,32.9326
3772,1.06652,32.8715
3773,1.04641,32.0064
3774,1.04534,31.9723
3775,1.08943,61.6859
3776,1.0943,64.9068
3777,1.0969,65.2
3778,1.09632,63.3705
3779,1.09555,65.0862
3780,1.08892,61.3665
3781,1.0626,-1.68916
3782,1.09035,-4.53219
3783,1.04315,0.314688
3784,1.04255,0.517826
3785,1.06344,-1.73263
3786,1.0626,-1.68916
3787,1.08663,9.78161
3788,1.0936,7.92012
3789,1.08567,9.79466
3790,1.08663,9.78161
3791,1.07222,-1.24047
3792,1.06008,-0.266158
3793,1.0627,0.401478
3794,1.06355,1.4347
3795,1.0717,-1.29558
3796,1.07222,-1.24047
3797,1.07386,-2.72253
3798,1.08695,-3.40966
3799,1.0617,-2.32403
3800,1.04106,0.332589
3801,1.07523,-2.68938
3802,1.07386,-2.72253
3803,1.05802,-9.28157
3804,1.07,-11.2345
3805,1.07693,-12.6453
3806,1.05802,-9.28157
3807,1.0507,-8.20352
3808,1.04856,-7.68378
3809,1.06923,-11.3947
3810,1.05947,-9.33958
3811,1.06235,-5.02365
3812,1.08445,-6.46996
3813,1.06235,-5.02365
3814,1.06235,-5.02365
3815,1.06383,-5.00293
3816,1.06235,-5.02365
3817,1.09376,66.896
3818,1.09596,65.3255
3819,1.09673,68.3524
3820,1.09382,66.9002
3821,1.09376,66.896
3822,1.07861,-17.6997
3823,1.08665,-20.3468
3824,0.995506,-16.8821
3825,1.07862,-17.6874
3826,1.07861,-17.6997
3827,1.07164,-6.98485
3828,1.07158,-7.01108
3829,1.07164,-6.98485
3830,1.07708,-18.5185
3831,1.07688,-18.538
3832,1.07708,-18.5185
3833,1.05422,-10.7942
3834,0.988492,-9.08654
3835,1.05428,-10.8141
3836,1.05422,-10.7942
3837,1.08246,71.2852
3838,1.08945,71.385
3839,1.09326,70.4035
3840,1.08612,71.5155
3841,1.08322,71.2463
3842,1.08998,71.4008
3843,1.0456,-11.1893
3844,1.07063,-12.7955
3845,1.03178,-8.57839
3846,1.04606,-11.2805
3847,1.0456,-11.1893
3848,1.09332,-17.7936
3849,1.09929,-15.8329
3850,1.09962,-16.3831
3851,1.09327,-17.8111
3852,1.09332,-17.7936
3853,1.03249,-6.37358
3854,1.04422,-6.26983
3855,1.03246,-6.37742
3856,1.0312,-4.76431
3857,1.01893,-6.21362
3858,1.04554,-5.98716
3859,1.03683,-6.33172
3860,1.01923,-6.21267
3861,1.01886,-6.22067
3862,1.00482,-5.99019
3863,1.04451,-5.74624
3864,1.01136,-6.02976
3865,1.00474,-5.99959
3866,1.00516,-5.98493
3867,1.0326,-5.91674
3868,1.00912,-4.30966
3869,1.03763,-5.59465
3870,1.00891,-4.33725
3871,1.00942,-4.26439
3872,1.03049,-6.53119
3873,1.0207,-7.09509
3874,1.01355,-6.04889
3875,1.02461,-6.30912
3876,1.01346,-6.06934
3877,1.01354,-6.02165
3878,1.00222,-5.70692
3879,1.02662,-6.71155
3880,1.00198,-5.73348
3881,1.00267,-5.67653
3882,1.02854,-6.63405
3883,1.03158,-6.98247
3884,1.02778,-7.30775
3885,1.01093,-4.62849
3886,1.03602,-6.56377
3887,1.01118,-4.605
3888,1.01084,-4.63617
3889,1.00844,-5.4741
3890,1.03084,-7.27187
3891,1.00888,-5.46283
3892,1.00531,-1.95896
3893,1.01799,-3.75531
3894,1.03693,-6.29222
3895,1.00804,-1.82682
3896,1.01679,-3.86363
3897,1.03674,-6.15536
3898,1.01143,-4.14566
3899,1.03909,-5.74844
3900,1.01115,-4.18328
3901,1.01185,-4.08716
3902,1.03683,-5.90525
3903,1.01162,-4.28942
3904,1.03964,-5.91622
3905,1.01151,-4.31098
3906,1.02625,-5.61874
3907,1.03472,-5.79451
3908,1.02616,-5.62725
3909,1.03279,-5.9972
3910,1.03293,-6.81128
3911,1.01153,-3.93594
3912,1.03846,-5.4668
3913,1.01171,-3.91304
3914,1.01143,-3.94611
3915,1.03118,-6.07257
3916,1.022,-6.87043
3917,1.04158,-6.65537
3918,1.02192,-6.87981
3919,1.08039,-5.40983
3920,1.09281,-7.8998
3921,1.08932,-8.5488
3922,1.08033,-5.41829
3923,1.08053,-5.38317
3924,1.00856,-5.59728
3925,1.03912,-6.05942
3926,1.00841,-5.61037
3927,1.0088,-5.58132
3928,1.08673,-5.46421
3929,1.1,-6.1767
3930,1.08682,-5.45837
3931,1.02583,-7.31499
3932,1.06092,-7.24174
3933,1.02574,-7.32749
3934,1.01585,-2.28227
3935,1.03054,-3.21906
3936,1.01596,-2.26946
3937,1.01585,-2.28227
3938,1.03625,-6.42904
3939,1.00682,-4.90675
3940,1.03921,-5.93497
3941,1.00671,-4.92447
3942,1.00696,-4.87834
3943,1.02759,-6.24071
3944,1.08072,-7.74214
3945,1.08246,-8.25509
3946,1.05618,-8.0325
3947,1.03749,-7.63038
3948,1.07818,-8.21166
3949,1.06503,-7.97691
3950,1.03745,-7.63694
3951,1.03762,-7.61595
3952,1.08446,-6.02683
3953,1.0706,-4.29529
3954,1.08592,-5.34776
3955,1.0708,-4.28698
3956,1.0706,-4.29529
3957,1.02388,-5.73773
3958,1.02385,-5.74239
3959,1.00711,-4.84981
3960,1.03396,-5.61019
3961,1.00706,-4.85652
3962,1.02622,-5.77506
3963,1.02627,-5.76922
3964,0.991599,-5.07315
3965,1.03129,-5.75632
3966,0.991518,-5.08345
3967,1.02858,-5.76502
3968,1.02853,-5.77026
3969,1.00509,-5.01999
3970,1.01081,-5.65549
3971,1.00505,-5.01185
3972,1.07118,-6.96877
3973,1.07175,-6.70156
3974,1.07619,-5.44301
3975,1.07143,-5.38046
3976,1.09282,-6.26017
3977,1.07168,-5.35171
3978,1.07131,-5.40235
3979,1.08362,-7.10859
3980,1.0487,-6.53944
3981,1.08217,-7.61086
3982,1.04881,-6.52655
3983,1.07682,-5.69235
3984,1.07056,-3.75966
3985,1.08433,-4.56716
3986,1.07036,-3.77585
3987,1.07077,-3.73494
3988,1.08198,-5.32591
3989,1.07448,-2.72577
3990,1.08481,-4.37142
3991,1.07434,-2.74149
3992,1.07461,-2.70176
3993,1.07633,-6.66233
3994,1.06795,-5.15508
3995,1.07868,-6.51896
3996,1.06785,-5.16901
3997,1.06819,-5.13304
3998,1.08221,-7.81944
3999,1.08216,-7.82456
4000,1.08226,-7.8143
4001,1.04127,-7.5719
4002,1.08292,-7.7146
4003,1.04115,-7.585
4004,1.04136,-7.5595
4005,1.04632,-7.03632
4006,1.08536,-7.62311
4007,1.04626,-7.04319
4008,1.07004,-3.36692
4009,1.08366,-4.19993
4010,1.07015,-3.34507
4011,1.06997,-3.37751
4012,1.08052,-4.65218
4013,1.02572,-5.77474
4014,0.994434,-5.17058
4015,1.0281,-5.96859
4016,0.994351,-5.1901
4017,1.00666,-5.78417
4018,1.01164,-5.6376
4019,1.0118,-5.65044
4020,0.997699,-4.81379
4021,1.03297,-5.31565
4022,0.997651,-4.819
4023,0.997859,-4.80319
4024,1.07883,-3.94892
4025,0.991356,-4.55109
4026,0.989794,-4.28194
4027,0.99127,-4.55981
4028,0.991451,-4.54589
4029,0.989661,-3.91793
4030,1.05196,-5.67694
4031,1.06015,-4.89623
4032,1.0519,-5.68455
4033,1.0519,-5.67565
4034,1.05114,-3.29675
4035,1.06615,-4.00335
4036,1.05105,-3.30632
4037,1.05124,-3.28109
4038,0.998539,-4.91123
4039,1.01928,-4.95068
4040,0.998453,-4.9188
4041,0.998475,-4.90088
4042,1.02477,-4.21698
4043,1.06394,-2.50263
4044,1.08063,-3.4276
4045,1.06391,-2.50806
4046,0.985358,-3.84264
4047,1.00034,-4.22637
4048,0.985272,-3.85673
4049,0.985858,-3.82951
4050,0.982555,-3.18183
4051,1.03388,-4.06776
4052,0.982527,-3.18716
4053,0.982682,-3.1715
4054,1.05397,-2.53783
4055,1.07611,-3.09081
4056,1.05392,-2.54712
4057,1.05412,-2.5262
4058,1.07561,-3.58862
4059,1.06944,-2.61576
4060,0.994585,-3.70919
4061,1.02937,-4.38455
4062,0.994532,-3.7187
4063,0.994809,-3.69636
4064,1.01558,-4.61074
4065,1.0069,-2.95712
4066,1.02792,-3.46975
4067,1.00701,-2.94469
4068,1.00684,-2.96587
4069,1.05115,-4.69302
4070,1.04899,-4.35299
4071,1.05118,-4.69039
4072,1.05111,-4.69817
4073,1.01039,-5.21719
4074,1.00505,-4.80784
4075,0.980978,-3.62775
4076,1.01889,-4.8823
4077,0.981559,-3.60844
4078,0.980921,-3.6384
4079,1.01041,-5.1173
4080,1.05558,-3.02929
4081,1.05026,-2.73316
4082,1.06066,-3.3175
4083,1.05019,-2.74097
4084,1.07826,-3.98923
4085,0.979258,-1.5229
4086,1.00005,-1.90001
4087,0.979186,-1.52838
4088,1.03931,-4.46833
4089,1.03923,-4.47731
4090,1.05215,-1.53246
4091,1.06389,-2.23254
4092,1.05209,-1.53799
4093,1.05223,-1.52119
4094,1.03502,-4.35353
4095,1.05747,-1.2772
4096,1.06455,-1.73859
4097,1.0575,-1.25492
4098,1.05738,-1.29357
4099,1.06109,-2.13218
4100,1.0272,-3.69874
4101,1.09263,-3.96463
4102,1.02712,-3.70802
4103,1.02745,-3.68922
4104,1.03273,-4.32006
4105,1.01351,-4.148
4106,1.05808,-1.51031
4107,1.06888,-2.03442
4108,1.05789,-1.52656
4109,1.05819,-1.48598
4110,1.05733,-1.91569
4111,1.07605,-2.45516
4112,1.05726,-1.92706
4113,1.00092,-4.50851
4114,1.00089,-4.51354
4115,1.02874,-2.59632
4116,1.03226,-3.31132
4117,1.02861,-2.60856
4118,1.02873,-2.57474
4119,1.03097,-4.43267
4120,0.968171,0.138868
4121,0.98873,0.0475006
4122,0.968045,0.12428
4123,0.968271,0.155762
4124,1.02753,-2.15355
4125,1.04252,-3.83896
4126,1.02794,-2.13057
4127,1.02746,-2.16427
4128,1.01348,-2.75487
4129,1.02681,-3.69111
4130,1.01353,-2.73087
4131,1.01336,-2.76811
4132,1.03488,-4.23504
4133,1.01544,-2.67912
4134,1.0333,-4.25739
4135,1.01531,-2.65944
4136,0.996722,-3.99235
4137,0.996674,-3.99739
4138,1.04867,-1.18678
4139,1.06141,-2.30752
4140,1.04854,-1.20352
4141,1.05601,-2.81
4142,1.07174,-2.53727
4143,1.07171,-2.54128
4144,0.990468,-0.109475
4145,1.05675,-1.57349
4146,1.0734,-1.99609
4147,1.05669,-1.58569
4148,1.05684,-1.55895
4149,0.968661,-2.48174
4150,1.00708,-3.8203
4151,0.96897,-2.46829
4152,0.968611,-2.48935
4153,1.07356,-3.65731
4154,1.0352,-3.28098
4155,1.08062,-3.69101
4156,1.03511,-3.29147
4157,1.03553,-3.2672
4158,1.07172,-3.78571
4159,1.00129,-3.18092
4160,1.02854,-3.75951
4161,1.00125,-3.18616
4162,1.00173,-3.17238
4163,1.03086,-4.15776
4164,0.997787,-2.27443
4165,0.994699,-1.84716
4166,0.971032,-2.99753
4167,1.01157,-2.65807
4168,0.970868,-3.02705
4169,0.971242,-2.97156
4170,0.970453,-0.496067
4171,0.990124,-1.77486
4172,0.970323,-0.513407
4173,1.00868,-3.9973
4174,1.04444,-1.18114
4175,1.06406,-2.09303
4176,1.04451,-1.1748
4177,1.04444,-1.18114
4178,1.05954,-1.92273
4179,1.07882,-2.51656
4180,1.05944,-1.93452
4181,1.05972,-1.90474
4182,1.00711,-2.67939
4183,1.01483,-3.49695
4184,1.00751,-2.67631
4185,1.02098,-3.28501
4186,1.02096,-3.28812
4187,0.99499,-0.918411
4188,1.06519,-2.92898
4189,1.06787,-3.15212
4190,1.0678,-3.16148
4191,1.04586,-2.62328
4192,1.07307,-3.11052
4193,1.04577,-2.63387
4194,1.04604,-2.61127
4195,1.04337,-3.11784
4196,1.06973,-2.91723
4197,1.04362,-3.10792
4198,1.0433,-3.1315
4199,1.07366,-3.41258
4200,1.06388,-1.47165
4201,1.0767,-2.78284
4202,1.06372,-1.49096
4203,1.07602,-2.84777
4204,1.07595,-2.85614
4205,0.993468,-3.91486
4206,0.98651,-3.25502
4207,0.966505,-2.13028
4208,0.990216,-2.95958
4209,0.966901,-2.11962
4210,0.966449,-2.13986
4211,0.991903,-2.85056
4212,1.07553,-3.1735
4213,1.07719,-4.00212
4214,1.04598,-2.73406
4215,1.07247,-3.62333
4216,1.04583,-2.72575
4217,1.06952,-4.57217
4218,1.0652,-1.37886
4219,1.08233,-3.05971
4220,1.06495,-1.40014
4221,1.03771,-1.56876
4222,1.06352,-1.95473
4223,1.03762,-1.57928
4224,1.03783,-1.55194
4225,1.05837,-1.96415
4226,1.07863,-2.89298
4227,1.05828,-1.98309
4228,1.05858,-1.93904
4229,1.05752,-2.45721
4230,1.06699,-2.93186
4231,1.05733,-2.47576
4232,1.07118,-3.33209
4233,0.994564,-0.654793
4234,0.994463,-0.66844
4235,0.966658,-1.43412
4236,1.00012,-2.15168
4237,0.966564,-1.44668
4238,0.96694,-0.454135
4239,0.994168,-0.804962
4240,0.966442,-0.485169
4241,0.967288,-0.416582
4242,1.0631,-1.91194
4243,1.06324,-1.66419
4244,1.07591,-2.78378
4245,1.06306,-1.68525
4246,1.06332,-1.62868
4247,1.07549,-3.69334
4248,1.03403,-0.917727
4249,1.05713,-2.32604
4250,1.03395,-0.930855
4251,1.03415,-0.894092
4252,1.07672,-3.8223
4253,1.07675,-3.81465
4254,1.04593,-3.70209
4255,1.06052,-4.55963
4256,1.04581,-3.69183
4257,0.972912,-0.890852
4258,1.00539,-0.512452
4259,0.972831,-0.908171
4260,0.973082,-0.878611
4261,0.971659,0.221084
4262,0.999425,-0.316822
4263,0.971601,0.213447
4264,1.01689,-0.771007
4265,1.02199,-1.73442
4266,1.01697,-0.753928
4267,1.01682,-0.780729
4268,1.05541,-0.578057
4269,1.08529,-1.76782
4270,1.05549,-0.555453
4271,1.05534,-0.587741
4272,1.07516,-4.14816
4273,1.07953,-3.46846
4274,1.07944,-3.47905
4275,1.03817,-2.85273
4276,1.08506,-3.68148
4277,1.03868,-2.84197
4278,1.03812,-2.85759
4279,1.04117,-1.34435
4280,1.06369,-0.563546
4281,1.04112,-1.3509
4282,1.05787,-2.4102
4283,1.07426,-4.94719
4284,1.05787,-4.6073
4285,1.04361,-3.80279
4286,1.08135,-4.86925
4287,1.04376,-3.78922
4288,1.04356,-3.80881
4289,0.976985,-2.34219
4290,0.981121,-2.94779
4291,0.976972,-2.33805
4292,0.976985,-2.34219
4293,0.990318,-2.60503
4294,0.990283,-2.61002
4295,0.990354,-2.59971
4296,1.04342,-3.18073
4297,1.07665,-3.166
4298,1.04335,-3.19097
4299,1.04374,-3.627
4300,1.0536,-4.15477
4301,1.04366,-3.63913
4302,1.04375,-3.60864
4303,1.04358,-2.25505
4304,1.07707,-3.15772
4305,1.04347,-2.26975
4306,0.992779,-1.74051
4307,1.03894,-2.02488
4308,0.992749,-1.74535
4309,1.00892,-2.3538
4310,0.975454,-2.39832
4311,1.02859,-2.61178
4312,0.975366,-2.4091
4313,0.975703,-2.38535
4314,1.0653,0.917347
4315,1.06884,-3.40261
4316,1.0302,1.23032
4317,1.06907,1.05963
4318,1.03041,1.22967
4319,1.01177,-0.91551
4320,1.05258,-1.29411
4321,1.01168,-0.927114
4322,1.01192,-0.900486
4323,1.0618,4.88895
4324,1.06897,3.20734
4325,1.06175,4.88334
4326,1.06184,4.90867
4327,1.06678,-2.88432
4328,1.06671,-2.89697
4329,1.06539,-1.39265
4330,1.06542,-1.38809
4331,0.992113,-3.00297
4332,0.974167,-2.6929
4333,1.00312,-3.15619
4334,0.974134,-2.69982
4335,0.975216,-2.26438
4336,0.981291,-2.54733
4337,0.975488,-2.25545
4338,0.975163,-2.27334
4339,1.05194,4.23625
4340,1.0666,3.87368
4341,1.0519,4.23191
4342,1.05202,4.24262
4343,1.06995,4.49224
4344,1.06849,4.42282
4345,1.06847,4.41966
4346,1.06852,4.42654
4347,1.07335,3.29083
4348,1.05459,4.73495
4349,1.07977,3.26666
4350,1.05448,4.72396
4351,1.05471,4.76461
4352,1.05818,-0.370041
4353,1.06484,-0.657948
4354,1.0581,-0.381126
4355,1.05821,-0.355501
4356,1.00576,-3.428
4357,1.04016,-1.88861
4358,1.06674,-1.22872
4359,1.03998,-1.90413
4360,1.04034,-1.87936
4361,1.06527,-0.734633
4362,0.971139,-3.21729
4363,1.00786,-3.1928
4364,0.971262,-3.21134
4365,0.971105,-3.22384
4366,1.04933,3.88941
4367,1.08262,3.0175
4368,1.04948,3.91367
4369,1.04919,3.86966
4370,1.06803,0.902972
4371,1.06811,0.913584
4372,1.06438,4.61616
4373,1.06435,4.61179
4374,1.06321,0.10289
4375,0.982553,-3.33597
4376,0.993294,-3.35533
4377,0.982487,-3.34557
4378,0.98254,-3.32429
4379,1.00507,-3.65861
4380,1.00497,-3.65294
4381,1.06956,1.47064
4382,1.07094,1.88283
4383,1.07901,2.07622
4384,1.04601,3.19584
4385,1.08258,1.7496
4386,1.04623,3.20603
4387,1.04601,3.19584
4388,1.06645,3.82055
4389,1.04455,3.52036
4390,1.08185,2.33029
4391,1.04491,3.52766
4392,1.04161,2.65775
4393,1.07993,1.8474
4394,1.04147,2.63813
4395,1.08068,1.86488
4396,1.03833,2.26235
4397,1.08068,1.50099
4398,1.03821,2.24382
4399,1.03897,2.28239
4400,1.05743,-0.706341
4401,1.06157,-0.575402
4402,1.0573,-0.726906
4403,1.05754,-0.687226
4404,1.06115,-0.677378
4405,1.0611,-0.683651
4406,1.07799,1.49296
4407,1.05117,4.0116
4408,1.04631,2.71545
4409,1.07032,2.29644
4410,1.05109,3.9985
4411,1.04543,2.64372
4412,1.02688,3.66254
4413,1.06958,0.895997
4414,1.06949,0.886147
4415,1.07333,1.76476
4416,1.04175,2.16407
4417,1.07046,1.19158
4418,1.04158,2.17355
4419,1.05711,-0.109211
4420,1.06828,-0.359805
4421,1.05704,-0.116996
4422,1.05727,-0.100276
4423,1.0809,0.607198
4424,1.02756,1.57259
4425,1.0839,0.331225
4426,1.02793,1.57874
4427,1.02756,1.57259
4428,1.0452,2.70316
4429,1.07991,1.72763
4430,1.04531,2.73308
4431,1.04511,2.68196
4432,1.0462,3.21478
4433,1.06927,1.25061
4434,1.04605,3.19258
4435,1.07151,1.35857
4436,1.06872,1.26174
4437,1.0303,2.04887
4438,1.07921,0.617643
4439,1.03078,2.05588
4440,1.0303,2.04887
4441,1.06434,2.09732
4442,1.06856,1.11285
4443,1.04459,2.6685
4444,1.07801,1.37922
4445,1.04494,2.68012
4446,1.04542,3.14697
4447,1.05607,1.89732
4448,1.04545,3.15757
4449,1.04542,3.14697
4450,1.07111,1.27054
4451,1.06802,1.11147
4452,1.04975,2.82718
4453,1.06467,1.17344
4454,1.04969,2.84222
4455,1.04975,2.82718
4456,1.06732,1.63429
4457,1.02405,0.150672
4458,1.0745,1.0842
4459,1.02392,0.13913
4460,1.0245,0.151002
4461,1.02553,0.29807
4462,1.1,-0.213466
4463,1.02543,0.27795
4464,1.03119,0.839028
4465,1.06999,0.336448
4466,1.03085,0.847743
4467,1.03119,0.839028
4468,1.069,0.706875
4469,1.05996,-0.402345
4470,1.02533,-0.207699
4471,1.03554,-0.908871
4472,1.02527,-0.214805
4473,1.02534,-0.192345
4474,1.04776,1.34331
4475,1.06896,1.02553
4476,1.04763,1.32855
4477,1.04792,1.35981
4478,1.06262,0.261282
4479,1.05616,1.94643
4480,1.07281,1.19083
4481,1.05627,1.96567
4482,1.05609,1.93229
4483,1.07603,0.609222
4484,1.01934,-0.50003
4485,1.09663,-0.621214
4486,1.01928,-0.511521
4487,1.01963,-0.490642
4488,1.05723,2.28795
4489,1.0608,1.66492
4490,1.05701,2.25799
4491,1.0574,2.32071
4492,1.05947,1.32613
4493,1.04798,0.907709
4494,1.08822,-0.406432
4495,1.09477,-0.813762
4496,1.09475,-0.815871
4497,1.06637,1.57917
4498,1.06441,0.496423
4499,1.06436,0.489744
4500,1.05101,1.70894
4501,1.06811,0.815509
4502,1.05082,1.68721
4503,1.06467,0.583098
4504,1.06461,0.574349
4505,1.05766,2.27874
4506,1.06725,1.71858
4507,1.05757,2.26437
4508,1.06177,1.3146
4509,1.04249,-2.03114
4510,1.0597,3.18725
4511,1.06456,1.84252
4512,1.05961,3.17697
4513,1.05979,3.21086
4514,1.08233,-0.835237
4515,1.05938,3.77477
4516,1.07739,3.01591
4517,1.05929,3.7611
4518,1.05957,3.7925
4519,1.02679,-1.61245
4520,1.03686,-2.32808
4521,1.0267,-1.6213
4522,1.02681,-1.5943
4523,1.05243,-2.37711
4524,1.05597,1.5662
4525,1.06697,1.00595
4526,1.05605,1.57777
4527,1.05593,1.55918
4528,1.05793,0.462626
4529,1.05789,0.458681
4530,1.05592,2.34174
4531,1.07257,1.43085
4532,1.05603,2.35784
4533,1.06684,0.817261
4534,1.06597,-1.72175
4535,1.05981,-2.97868
4536,1.08972,-3.26368
4537,1.06002,-2.97698
4538,1.07872,-0.708734
4539,1.07869,-0.713255
4540,1.02033,-1.27951
4541,1.09117,-1.29839
4542,1.02025,-1.29048
4543,1.08152,-1.85299
4544,1.03737,-2.20286
4545,1.0321,-2.94829
4546,1.03744,-2.19761
4547,1.02186,-0.91074
4548,1.08271,-1.90408
4549,1.02171,-0.931192
4550,1.02245,-0.886065
4551,1.06926,2.82141
4552,1.07103,3.13494
4553,1.0602,4.27825
4554,1.07165,2.68562
4555,1.0601,4.26654
4556,1.06783,1.58702
4557,1.06789,1.59485
4558,1.0631,2.38989
4559,1.02348,-1.42974
4560,1.06217,0.363035
4561,1.02334,-1.44418
4562,1.02327,-1.42702
4563,1.06737,-0.684886
4564,1.06769,1.16794
4565,1.03099,2.03565
4566,1.06521,2.21504
4567,1.03089,2.02288
4568,1.06212,0.208517
4569,1.04966,1.5064
4570,1.07143,1.03919
4571,1.04983,1.52507
4572,1.04957,1.49471
4573,1.06477,2.30246
4574,1.06488,2.31855
4575,1.0636,1.88452
4576,1.06373,1.899
4577,1.06582,1.88147
4578,1.06603,1.46017
4579,1.06594,1.45054
4580,1.06137,0.005477
4581,1.0614,0.00955931
4582,1.05217,3.74951
4583,1.06471,2.22351
4584,1.05234,3.81619
4585,1.05191,3.69611
4586,1.05429,4.08881
4587,1.06851,2.82266
4588,1.0541,4.0616
4589,1.08827,-2.29113
4590,1.08822,-2.29735
4591,1.05026,3.79115
4592,1.07457,2.7352
4593,1.05013,3.76585
4594,1.05066,3.82053
4595,1.06764,2.37045
4596,1.06746,2.35271
4597,1.05241,0.270627
4598,1.03554,2.1939
4599,1.06575,1.10933
4600,1.03507,2.15679
4601,1.03637,2.24153
4602,1.0708,-2.32718
4603,1.01879,-1.57529
4604,1.0935,-1.92134
4605,1.01862,-1.58973
4606,1.01902,-1.55577
4607,1.02426,-0.872803
4608,1.07928,-2.08411
4609,1.02401,-0.895348
4610,1.02459,-0.842325
4611,1.01308,-2.05031
4612,1.08828,-2.24737
4613,1.013,-2.06026
4614,1.01334,-2.04001
4615,1.0639,1.11148
4616,1.04161,3.11308
4617,1.06795,1.35096
4618,1.04245,3.12123
4619,1.03594,2.10092
4620,1.05115,0.974336
4621,1.03572,2.07491
4622,1.03608,1.55419
4623,1.06514,-0.104765
4624,1.0357,1.49983
4625,1.03673,1.61632
4626,1.05662,-0.560009
4627,1.05239,0.745383
4628,1.09481,-3.40639
4629,1.07648,-3.31614
4630,1.09589,-4.01693
4631,1.07598,-3.30411
4632,1.01196,-2.35491
4633,1.1,-2.87632
4634,1.01189,-2.3624
4635,1.01205,-2.34136
4636,1.06622,-1.9192
4637,1.06633,-1.90974
4638,1.06622,-1.9192
4639,1.0427,2.60962
4640,1.06913,1.65903
4641,1.04256,2.58329
4642,1.04306,2.63694
4643,1.05583,0.602399
4644,1.05521,0.567888
4645,1.05831,0.295667
4646,1.03945,2.4888
4647,1.06754,0.733631
4648,1.03916,2.45398
4649,1.04008,2.54499
4650,1.0445,2.87846
4651,1.0677,1.21641
4652,1.04412,2.84501
4653,1.05233,-0.594793
4654,1.0442,0.180784
4655,1.04938,2.6592
4656,1.04982,1.0414
4657,1.04965,2.71295
4658,1.04909,2.61279
4659,1.067,-1.20902
4660,1.06704,-1.20453
4661,1.07052,-2.12528
4662,1.0391,1.07854
4663,1.07278,-0.758067
4664,1.03905,1.07161
4665,1.04389,-0.163942
4666,1.03641,1.65847
4667,1.06469,0.50789
4668,1.03608,1.62102
4669,1.03708,1.7047
4670,1.05139,-0.481929
4671,1.03764,1.44402
4672,1.05313,0.415905
4673,1.03745,1.41921
4674,1.03561,1.22627
4675,1.04841,0.658844
4676,1.03539,1.20062
4677,1.03575,1.26184
4678,1.05518,1.11127
4679,1.04386,0.505989
4680,1.04375,0.490959
4681,1.04536,0.0996012
4682,1.05321,2.79973
4683,1.0485,0.915773
4684,1.0533,2.81487
4685,1.05321,2.79973
4686,1.0474,-0.0931812
4687,1.09367,-2.43605
4688,1.04651,-0.27884
4689,1.09678,-1.96771
4690,1.04659,-0.264601
4691,1.04769,0.0149351
4692,1.09522,-1.41864
4693,1.04761,0.00488443
4694,1.04776,0.0345252
4695,1.05182,-0.456362
4696,1.0518,-0.459336
4697,1.06677,0.172494
4698,1.05756,3.93674
4699,1.05181,2.16706
4700,1.06711,0.490916
4701,1.05805,4.13266
4702,1.05744,3.91397
4703,1.04988,1.08044
4704,1.06686,-0.222689
4705,1.0499,1.10042
4706,1.04982,1.07188
4707,1.04926,1.738
4708,1.06109,0.843185
4709,1.04905,1.71929
4710,1.04936,1.76863
4711,1.04395,1.15476
4712,1.07113,0.523753
4713,1.04415,1.17795
4714,1.04387,1.14185
4715,1.0466,1.55918
4716,1.0711,0.347824
4717,1.04696,1.57447
4718,1.04653,1.55239
4719,1.04425,-0.130437
4720,1.04423,-0.133785
4721,1.06783,0.468949
4722,1.01768,-2.29144
4723,1.0302,-3.35847
4724,1.03499,-4.48345
4725,1.0138,-1.00328
4726,1.01407,-0.257829
4727,1.01492,-1.23536
4728,1.03028,-3.36261
4729,1.01756,-2.32711
4730,1.04404,2.58925
4731,1.07532,1.82702
4732,1.04356,2.60581
4733,1.04404,2.58925
4734,1.05535,4.47978
4735,1.07315,2.8972
4736,1.02838,5.78986
4737,1.02837,5.68445
4738,1.02818,5.69838
4739,1.05535,4.47955
4740,1.05514,4.41176
4741,1.06945,-4.99252
4742,1.07423,-5.22785
4743,1.02815,-4.73113
4744,1.06931,-5.01217
4745,1.06959,-4.97021
4746,1.05678,1.09377
4747,1.05806,-0.794721
4748,1.0659,-1.57583
4749,1.04081,1.53215
4750,1.0406,1.32516
4751,1.04115,1.43762
4752,1.04167,1.98744
4753,1.04134,2.10272
4754,1.04138,1.42846
4755,1.05806,-0.794805
4756,1.05749,-0.942641
4757,1.05806,-0.794721
4758,1.06372,5.29603
4759,1.07791,3.89464
4760,1.06809,5.67581
4761,1.07102,7.21485
4762,1.0678,5.76922
4763,1.06896,6.3336
4764,1.06367,5.29038
4765,1.06341,5.2823
4766,1.04663,3.2905
4767,1.06624,2.35543
4768,1.04647,3.30109
4769,1.04663,3.2905
4770,1.01033,-2.62184
4771,1.02748,-3.035
4772,1.01033,-2.62184
4773,1.01028,-2.62746
4774,1.01044,-2.60984
4775,1.0523,3.14646
4776,1.07417,1.57633
4777,1.05224,3.16471
4778,1.05225,3.14158
4779,1.06513,-1.0678
4780,1.0781,-3.0476
4781,1.05901,-0.293788
4782,1.06135,0.797404
4783,1.06059,1.70315
4784,1.06539,-1.12034
4785,1.06513,-1.0678
4786,1.05885,5.69877
4787,1.07544,4.46529
4788,1.05755,7.38138
4789,1.05707,7.21227
4790,1.05858,5.7322
4791,1.09591,5.13599
4792,1.08582,4.76265
4793,1.0583,5.80658
4794,1.05877,5.69118
4795,1.05872,5.68371
4796,1.0528,1.00976
4797,1.06913,-0.819831
4798,1.08494,-3.56721
4799,1.05543,1.17161
4800,1.0528,1.00976
4801,1.00957,-2.60472
4802,1.03927,-4.17608
4803,1.00948,-2.61548
4804,1.0102,-2.61544
4805,1.04583,0.719698
4806,1.05933,0.580192
4807,1.02121,1.12605
4808,1.06109,0.911871
4809,1.01697,1.26242
4810,1.0458,0.716241
4811,1.04585,0.722693
4812,1.02895,-5.19646
4813,0.980576,0.340433
4814,1.02765,-4.31634
4815,1.02729,-4.15065
4816,1.02895,-5.19744
4817,1.02895,-5.20235
4818,1.08346,4.52679
4819,1.08327,4.51044
4820,1.08345,4.52478
4821,1.04995,2.72277
4822,1.04016,2.43927
4823,1.05337,2.5338
4824,1.04015,2.43889
4825,1.03957,2.32196
4826,1.0551,5.06282
4827,1.07981,3.95325
4828,0.954555,6.36995
4829,0.97074,5.68867
4830,1.05509,5.06122
4831,1.0551,5.05323
4832,0.996658,-4.97227
4833,1.03044,-5.16693
4834,0.996799,-4.97348
4835,0.996649,-4.97352
4836,1.04088,-1.36249
4837,1.06772,0.140028
4838,1.04638,-0.872117
4839,1.04085,-1.38424
4840,1.04088,-1.36249
4841,1.01077,-2.512
4842,1.02447,-2.91683
4843,1.01077,-2.512
4844,1.01074,-2.51696
4845,1.0107,-2.50334
4846,1.07292,-3.58248
4847,1.08432,-4.62231
4848,1.07292,-3.58248
4849,1.073,-3.57155
4850,1.07289,-3.58539
4851,0.969747,0.902956
4852,0.999024,-0.113962
4853,0.968224,1.96543
4854,0.968161,2.86926
4855,0.967516,1.66693
4856,0.969737,0.901457
4857,0.969628,0.7938
4858,1.0769,-2.1426
4859,1.08643,-4.4063
4860,1.07032,1.3783
4861,1.07543,1.91259
4862,1.08568,-2.99545
4863,1.07671,-2.23973
4864,1.0769,-2.1426
4865,1.07146,6.78539
4866,1.0809,4.54243
4867,1.0756,8.43622
4868,1.00088,9.04544
4869,1.07036,6.61782
4870,1.07146,6.78539
4871,1.04976,2.89018
4872,1.05789,0.737234
4873,1.06596,-0.331557
4874,1.06107,3.11309
4875,1.0683,3.82478
4876,1.05749,0.609153
4877,1.05789,0.737234
4878,1.04377,1.04096
4879,1.05567,0.0412782
4880,1.04366,1.0495
4881,1.04377,1.04096
4882,1.0514,5.03752
4883,1.08205,3.39603
4884,1.05306,7.80069
4885,1.05133,5.01803
4886,1.0514,5.03752
4887,1.05543,0.0865263
4888,1.06833,0.502632
4889,1.07417,0.859729
4890,1.04864,0.551661
4891,1.0553,0.0830446
4892,1.05543,0.0865263
4893,0.969855,0.488191
4894,0.999946,-0.0249547
4895,0.9,1.46061
4896,0.969916,0.467708
4897,0.969855,0.488191
4898,1.05243,5.10147
4899,1.04224,2.57499
4900,1.06031,0.880661
4901,1.05445,6.12801
4902,1.05418,5.74481
4903,1.05476,6.63609
4904,1.05339,4.94172
4905,1.04043,2.38959
4906,1.0651,5.78131
4907,1.07931,4.06462
4908,1.0062,6.24971
4909,1.00125,7.18415
4910,1.00304,8.99455
4911,1.00069,7.20898
4912,1.06419,5.6391
4913,1.0651,5.78131
4914,1.04302,0.6476
4915,1.04293,0.645653
4916,1.04302,0.6476
4917,1.00942,-4.7338
4918,1.03413,-6.17786
4919,1.02685,-2.78267
4920,1.00913,-4.75131
4921,1.00942,-4.7338
4922,1.06227,-1.40614
4923,1.08135,-2.90149
4924,1.06237,-1.41091
4925,1.06227,-1.40614
4926,1.0019,0.458795
4927,1.01188,1.80739
4928,1.0096,1.3357
4929,1.0112,1.296
4930,1.0118,2.2802
4931,1.0015,0.426054
4932,1.0019,0.458795
4933,1.04689,3.75335
4934,1.06986,1.30291
4935,1.04681,3.68699
4936,1.04689,3.75335
4937,0.970991,0.783568
4938,0.993299,0.551908
4939,0.966772,4.15282
4940,0.961394,2.20204
4941,0.967165,1.35438
4942,0.970914,0.735611
4943,0.970991,0.783568
4944,1.07255,1.17309
4945,1.07255,1.17083
4946,1.07255,1.17309
4947,1.06903,-2.2505
4948,1.06932,-2.03296
4949,1.06902,-2.25198
4950,1.06903,-2.2505
4951,1.07576,-6.17131
4952,1.0757,-6.17414
4953,1.07576,-6.17131
4954,1.01182,-3.57447
4955,1.03836,-5.65999
4956,0.999604,-0.853434
4957,0.998504,-1.84397
4958,0.99696,-2.99308
4959,1.01172,-3.6856
4960,1.01182,-3.57447
4961,1.07387,1.49688
4962,1.07378,1.48422
4963,1.07387,1.49688
4964,1.05493,4.5356
4965,1.07486,2.0651
4966,1.0535,5.08157
4967,1.05474,6.31304
4968,1.05464,6.34461
4969,1.05488,4.49901
4970,1.05493,4.5356
4971,1.06997,-4.77532
4972,1.08229,-5.70661
4973,1.06367,-3.83015
4974,1.0644,-4.19771
4975,1.08244,-5.28591
4976,1.07026,-4.80451
4977,1.06997,-4.77532
4978,1.01233,-5.37916
4979,1.03803,-5.42266
4980,1.03258,-4.5567
4981,1.01239,-5.37931
4982,1.01233,-5.37916
4983,1.06588,5.85703
4984,1.07882,4.11462
4985,1.07364,8.53738
4986,1.06395,5.57732
4987,1.06588,5.85703
4988,1.06938,-2.18429
4989,1.0693,-2.19431
4990,1.06938,-2.18429
4991,0.966369,-1.58781
4992,1.00545,-2.15749
4993,1.00459,-1.44809
4994,1.00494,-1.48677
4995,1.004,-1.36889
4996,0.966724,-1.57868
4997,0.966369,-1.58781
4998,1.05566,3.23325
4999,1.023,1.93592
5000,0.97031,4.23523
5001,0.970019,4.9831
5002,1.0514,2.47148
5003,0.988943,3.46637
5004,1.05474,3.13089
5005,1.05566,3.23325
5006,1.04889,4.86651
5007,1.05527,4.19565
5008,1.07324,2.25721
5009,1.06007,5.70469
5010,1.06047,6.15661
5011,1.00551,5.59814
5012,1.0164,5.62551
5013,1.00607,5.94058
5014,1.04972,4.46052
5015,1.05471,4.17148
5016,1.04784,1.59246
5017,1.0519,-0.463462
5018,1.06376,-1.42117
5019,1.05332,1.73026
5020,1.05307,2.08981
5021,1.05368,2.26697
5022,1.05421,2.10918
5023,1.05243,1.87622
5024,1.05125,-0.598706
5025,1.0519,-0.463462
5026,1.01104,-2.2904
5027,1.02434,-2.89079
5028,1.00753,-1.27859
5029,1.01087,-2.35609
5030,1.01104,-2.2904
5031,1.05963,-1.55415
5032,1.07232,-2.37885
5033,1.05914,-0.786423
5034,1.0596,-0.414275
5035,1.05918,-0.80187
5036,1.0616,1.18859
5037,1.05954,-1.6131
5038,1.05963,-1.55415
5039,1.04215,2.41108
5040,1.06283,0.837144
5041,1.00234,3.29214
5042,0.98459,4.57918
5043,0.992499,5.40179
5044,1.04148,2.37411
5045,1.04215,2.41108
5046,1.07309,-1.00801
5047,1.07778,-2.62915
5048,1.08671,-4.45184
5049,1.07774,-0.336889
5050,1.07868,-0.736395
5051,1.07719,-2.69148
5052,1.07778,-2.62915
5053,0.966862,3.43837
5054,0.971785,1.48045
5055,1.00039,0.390723
5056,0.965022,3.55926
5057,0.962668,4.51148
5058,0.962297,4.39643
5059,0.964198,3.75984
5060,0.961654,4.5708
5061,0.963944,3.98246
5062,0.971331,1.32778
5063,0.971785,1.48045
5064,0.971785,1.48045
5065,1.05138,3.6904
5066,1.06228,5.46714
5067,1.07282,4.42286
5068,1.05138,3.6904
5069,1.05138,3.6904
5070,1.05138,3.6904
5071,1.06225,5.65402
5072,1.06228,5.46714
5073,1.04484,4.57314
5074,1.08281,2.0495
5075,1.04517,4.59371
5076,1.04484,4.57314
5077,1.0743,1.51275
5078,1.07426,1.50296
5079,1.0743,1.51275
5080,1.01663,-2.46633
5081,1.01972,-3.59957
5082,1.03301,-5.06406
5083,1.01663,-2.46633
5084,1.0196,-3.68934
5085,1.01728,-2.36973
5086,1.06537,7.08836
5087,1.07159,5.30226
5088,1.06766,9.81082
5089,1.06367,6.72345
5090,1.06537,7.08836
5091,1.05849,-0.460337
5092,1.06682,-0.372071
5093,1.0584,-0.460312
5094,1.05849,-0.460337
5095,1.05291,5.01891
5096,1.0626,5.32978
5097,1.07593,3.7516
5098,1.06042,5.9471
5099,1.06028,5.88582
5100,1.06235,5.96065
5101,1.05437,4.72619
5102,1.05291,5.01891
5103,1.06072,3.1998
5104,1.07236,2.4348
5105,1.06064,3.20633
5106,1.06072,3.1998
5107,1.05343,3.44028
5108,1.05872,2.66054
5109,1.06892,1.52399
5110,1.05809,2.56917
5111,1.05465,3.53351
5112,1.07475,2.80201
5113,1.07473,2.79344
5114,1.07475,2.80201
5115,1.07059,20.7416
5116,1.07611,17.2399
5117,1.07068,20.7696
5118,1.04871,15.4961
5119,1.05901,19.6473
5120,1.05945,16.2657
5121,1.05915,19.6733
5122,1.05901,19.6473
5123,1.04947,16.7211
5124,1.06055,15.9791
5125,1.04942,16.7119
5126,1.04945,16.7396
5127,1.0739,15.0166
5128,1.07061,15.3706
5129,1.01316,15.3497
5130,1.03933,14.4448
5131,1.0131,15.3399
5132,1.01301,15.3699
5133,1.00965,17.0959
5134,1.032,14.8959
5135,1.00955,17.0848
5136,1.01009,17.1189
5137,1.01831,14.7059
5138,1.02622,14.6192
5139,1.01826,14.7013
5140,1.01833,14.7119
5141,1.0421,8.52065
5142,1.0415,9.13358
5143,1.04206,8.51594
5144,1.04213,8.51932
5145,1.02359,14.5879
5146,1.01945,14.7794
5147,1.01952,14.7912
5148,1.01937,14.7663
5149,1.01655,14.9876
5150,1.02165,14.744
5151,1.00789,15.527
5152,1.02723,14.8462
5153,1.00773,15.5089
5154,1.0223,14.7744
5155,1.02071,15.216
5156,1.02239,14.5392
5157,1.0474,6.30232
5158,1.0554,5.79037
5159,1.04736,6.29725
5160,1.04362,6.45482
5161,1.05676,5.63602
5162,1.04354,6.4443
5163,1.04383,6.47285
5164,1.01242,16.7367
5165,1.0159,14.9883
5166,1.01245,16.7495
5167,1.01029,16.4395
5168,1.02053,14.704
5169,1.01026,16.4529
5170,1.01029,16.4395
5171,1.02153,20.579
5172,1.01897,18.394
5173,1.02262,15.7646
5174,1.01885,18.3823
5175,1.01841,18.2639
5176,1.04386,14.0462
5177,1.07267,15.8144
5178,1.07145,15.0427
5179,1.01264,16.3534
5180,1.04372,15.4552
5181,1.01266,16.3661
5182,1.01259,16.3486
5183,1.0403,14.6723
5184,1.0451,15.18
5185,1.04712,16.2015
5186,1.04477,15.1257
5187,1.0472,16.2149
5188,1.04709,16.1964
5189,1.06054,12.8287
5190,1.05472,14.8884
5191,1.0725,14.6707
5192,1.05459,14.874
5193,1.05471,14.9074
5194,1.05282,15.3979
5195,1.07852,14.378
5196,1.05274,15.385
5197,1.05347,15.4112
5198,1.05631,15.8042
5199,1.07646,15.031
5200,1.05624,15.7909
5201,1.0565,15.8225
5202,1.07331,14.2556
5203,1.07781,12.6668
5204,1.06945,13.1046
5205,1.00122,13.4816
5206,1.06864,12.4414
5207,1.00115,13.4734
5208,1.00134,13.5007
5209,1.06553,15.258
5210,1.06368,16.4614
5211,1.08432,14.5764
5212,1.0638,16.4788
5213,1.06806,15.1066
5214,1.06802,15.1027
5215,1.00822,14.434
5216,1.02917,14.4906
5217,1.00816,14.421
5218,1.00908,14.5397
5219,1.02548,14.5469
5220,1.009,14.5282
5221,1.00918,14.5512
5222,1.03918,9.56369
5223,1.02856,10.5445
5224,1.04434,9.59677
5225,1.02851,10.5376
5226,1.02871,10.5594
5227,1.01238,16.0903
5228,1.03115,15.9592
5229,1.0123,16.0799
5230,1.01239,16.1024
5231,1.01285,16.8329
5232,1.0362,15.6643
5233,1.0128,16.8234
5234,1.01309,16.8541
5235,1.04215,2.48819
5236,1.04212,2.48304
5237,1.04873,5.10532
5238,1.04549,3.12815
5239,1.04588,3.53781
5240,1.04869,5.09862
5241,1.0454,3.10862
5242,1.05733,13.1752
5243,1.01277,11.757
5244,1.01359,10.9124
5245,1.01279,11.7636
5246,1.05613,14.132
5247,1.06942,14.2555
5248,1.0561,14.1441
5249,1.05603,14.1206
5250,1.0205,14.7048
5251,1.07473,13.3811
5252,1.02038,14.6951
5253,1.06952,14.0892
5254,1.05587,14.2457
5255,1.07172,14.3782
5256,1.05571,14.2566
5257,1.05576,14.2359
5258,1.03795,5.73734
5259,1.05917,5.05559
5260,1.03792,5.7332
5261,1.03815,5.74534
5262,1.08197,13.653
5263,1.07107,13.5672
5264,1.07105,13.5637
5265,0.998964,13.4113
5266,1.08045,13.0985
5267,0.998914,13.4009
5268,0.999025,13.4264
5269,1.06014,12.9955
5270,1.06006,12.9866
5271,0.996702,13.6832
5272,1.06355,13.1184
5273,0.99654,13.6601
5274,0.99156,13.3602
5275,1.06377,12.8383
5276,0.991809,13.3626
5277,0.99156,13.3602
5278,1.06578,12.21
5279,1.06819,12.4354
5280,1.06654,12.2908
5281,1.06649,12.2813
5282,0.995304,13.1919
5283,1.06906,12.3825
5284,0.9951,13.1663
5285,1.06724,12.2708
5286,1.06619,12.2517
5287,1.02289,4.85056
5288,1.02287,4.8476
5289,1.03475,15.586
5290,0.998805,16.5446
5291,1.01571,15.3596
5292,0.998778,16.5658
5293,0.998765,16.5388
5294,1.06759,12.2355
5295,1.04365,13.7642
5296,1.07723,12.3942
5297,1.04393,13.7754
5298,1.04365,13.7642
5299,1.05334,14.1289
5300,1.08222,12.9128
5301,1.05368,14.1494
5302,1.05321,14.1178
5303,1.0367,3.60112
5304,1.03668,3.59791
5305,1.03671,3.60404
5306,0.996397,14.2757
5307,1.01878,13.5834
5308,0.99648,14.287
5309,1.05592,13.8134
5310,1.05591,13.8107
5311,1.01005,8.34963
5312,1.03433,-0.092453
5313,1.01574,3.19548
5314,1.04942,1.28543
5315,1.0387,-0.243342
5316,1.04933,1.27559
5317,1.04943,1.28287
5318,1.02549,3.24391
5319,1.04956,1.20678
5320,1.03929,0.625056
5321,1.04939,1.19648
5322,1.04956,1.20666
5323,1.03968,-0.108569
5324,1.0396,-0.116794
5325,1.00968,4.50118
5326,1.009,5.28269
5327,1.0237,4.20512
5328,1.00919,5.29093
5329,1.009,5.28269
5330,1.0402,1.40394
5331,1.04228,0.498608
5332,1.04017,1.39819
5333,1.04025,1.41732
5334,1.00302,18.0474
5335,1.02428,16.6811
5336,1.00298,18.0407
5337,1.0029,18.0689
5338,1.03614,15.9824
5339,1.06846,12.5763
5340,1.06851,12.5794
5341,1.07563,12.9747
5342,1.03005,-4.01512
5343,1.01485,17.9154
5344,1.01535,5.87613
5345,1.02769,13.2585
5346,1.05638,12.7232
5347,1.02762,13.2516
5348,1.06085,12.4328
5349,0.998261,16.3594
5350,1.00442,16.3708
5351,0.998213,16.3487
5352,0.998311,16.3685
5353,0.996834,4.56784
5354,0.996819,4.5655
5355,1.02711,-1.31594
5356,1.00126,4.93696
5357,0.993844,5.15373
5358,1.01572,5.25714
5359,0.993809,5.14935
5360,0.993961,5.15537
5361,1.03543,3.53825
5362,1.03548,3.54345
5363,1.0224,3.59211
5364,1.0345,3.5104
5365,1.02247,3.60189
5366,1.02234,3.5825
5367,1.03245,3.43386
5368,0.990114,6.33491
5369,1.01588,6.17883
5370,0.990077,6.33053
5371,1.06354,13.3858
5372,1.06685,12.554
5373,1.0635,13.3815
5374,1.05841,11.8762
5375,1.06274,11.4762
5376,1.05835,11.8705
5377,1.0585,11.8861
5378,1.06085,11.5409
5379,1.0019,2.92787
5380,1.01005,3.37232
5381,1.00188,2.92416
5382,1.00202,2.92507
5383,1.00466,13.6635
5384,0.992992,15.8251
5385,1.01146,14.2843
5386,0.993129,15.8358
5387,1.02383,-2.7822
5388,1.02252,-1.9609
5389,1.02249,-1.96447
5390,0.988952,13.9766
5391,0.995567,15.075
5392,0.988847,13.9689
5393,0.98901,13.9731
5394,1.05833,11.2421
5395,1.05913,11.1687
5396,1.05917,11.1715
5397,0.988223,4.70724
5398,1.00285,4.41625
5399,0.988184,4.70368
5400,1.0074,2.82098
5401,1.00811,2.45204
5402,1.00745,2.83088
5403,1.00735,2.81544
5404,1.00603,2.03347
5405,0.991549,14.5208
5406,1.00483,13.7537
5407,0.991613,14.5359
5408,0.991503,14.5153
5409,0.987654,6.40697
5410,0.994617,6.74217
5411,0.987646,6.40495
5412,0.987705,6.40566
5413,1.00112,-2.01741
5414,1.01758,-1.95755
5415,1.00109,-2.0224
5416,0.986058,7.19866
5417,1.00104,13.5174
5418,1.00129,11.041
5419,1.02903,10.6906
5420,1.00125,11.0358
5421,1.00116,11.0512
5422,0.982834,4.5126
5423,0.999417,3.61561
5424,0.982793,4.50741
5425,0.996138,-1.71101
5426,1.0123,-2.18933
5427,0.996111,-1.71666
5428,1.01108,-2.43503
5429,1.00867,-2.1702
5430,1.00336,-2.05179
5431,1.01383,-2.64806
5432,1.00343,-2.04827
5433,0.988352,12.682
5434,0.988311,12.6766
5435,0.984602,13.6941
5436,0.988282,13.0641
5437,0.984525,13.6834
5438,1.06008,10.7127
5439,1.06009,10.7149
5440,0.99776,4.07548
5441,0.997711,4.06891
5442,0.986941,14.9945
5443,1.00059,12.7472
5444,0.987137,15.0145
5445,0.986941,14.9945
5446,0.991247,12.4483
5447,0.993112,12.1872
5448,0.975491,10.6504
5449,0.985254,11.8349
5450,0.975411,10.6409
5451,0.988357,14.6646
5452,1.0032,13.0687
5453,0.988337,14.6826
5454,0.988313,14.6612
5455,1.00337,13.2729
5456,0.994866,2.36561
5457,1.01477,1.61261
5458,0.994822,2.36081
5459,0.995067,2.3771
5460,0.985584,2.52187
5461,0.985465,2.50961
5462,0.975336,3.5139
5463,0.986143,2.56646
5464,0.97523,3.50065
5465,0.975389,3.53337
5466,0.972006,3.40667
5467,0.984678,1.86865
5468,0.971891,3.39346
5469,0.975939,3.68811
5470,0.991855,2.93976
5471,0.975823,3.67427
5472,0.976198,3.71018
5473,1.03929,9.35572
5474,1.04304,9.86907
5475,1.03922,9.34849
5476,1.03785,9.41834
5477,1.05245,9.6113
5478,1.03781,9.40931
5479,1.03795,9.42408
5480,1.03792,9.5168
5481,1.05471,9.67016
5482,1.03789,9.50891
5483,1.03816,9.52105
5484,1.04337,9.78889
5485,1.04781,9.74309
5486,1.04331,9.78001
5487,1.0434,9.79908
5488,0.990051,11.7814
5489,0.9857,14.4008
5490,0.996528,12.3139
5491,0.985825,14.4248
5492,0.985651,14.3945
5493,0.985647,2.88741
5494,0.999349,2.14128
5495,0.985598,2.88191
5496,0.985749,2.8984
5497,0.989988,2.4704
5498,0.9967,2.70751
5499,0.989902,2.45622
5500,0.990006,2.48293
5501,1.0035,0.655663
5502,0.972178,4.44897
5503,0.986444,3.51059
5504,0.972133,4.44323
5505,0.972334,4.46797
5506,0.981798,1.31919
5507,0.983312,1.637
5508,0.984304,4.6537
5509,1.05702,11.1476
5510,1.06329,10.6761
5511,1.05717,11.1507
5512,0.979137,1.5401
5513,0.97919,1.54864
5514,0.968281,1.88924
5515,0.980724,1.53634
5516,0.968226,1.87985
5517,0.968341,1.90095
5518,0.985388,2.43399
5519,1.01659,10.1384
5520,0.97015,5.83247
5521,0.978473,4.87356
5522,0.970114,5.82743
5523,0.970152,5.84669
5524,0.986053,9.99064
5525,1.03078,8.93048
5526,1.0484,9.14929
5527,1.03085,8.92788
5528,0.977762,0.807161
5529,0.970278,1.84428
5530,0.97977,0.702328
5531,0.970376,1.85308
5532,0.977388,0.241067
5533,0.977345,0.231758
5534,0.977029,0.649459
5535,0.976982,0.642391
5536,0.989816,-0.169926
5537,0.989777,-0.175853
5538,0.981299,-0.150959
5539,0.987836,-0.111733
5540,0.981185,-0.163261
5541,0.981354,-0.138404
5542,0.980137,-0.14933
5543,0.991423,-0.281936
5544,0.98019,-0.142231
5545,0.980091,-0.155526
5546,0.997079,-2.26366
5547,0.989393,0.577584
5548,0.979304,4.30011
5549,0.979267,4.2958
5550,0.965737,3.1792
5551,0.980557,3.8068
5552,0.96582,3.17626
5553,0.965683,3.17326
5554,0.981262,3.47256
5555,1.03787,12.448
5556,1.04614,11.1033
5557,1.03781,12.4412
5558,1.03791,12.4744
5559,1.02117,8.14058
5560,1.0416,8.37527
5561,1.02112,8.13276
5562,0.976661,-0.169142
5563,0.980582,0.754246
5564,0.966772,1.43199
5565,0.98069,-0.45256
5566,0.966893,1.45384
5567,0.966729,1.4253
5568,0.989349,-0.605004
5569,0.996164,-1.61407
5570,0.993755,-0.895453
5571,0.976423,-0.0343674
5572,1.00032,-1.21625
5573,0.976347,-0.0433648
5574,0.977768,0.648262
5575,0.992795,-0.70765
5576,0.977846,0.658971
5577,1.04735,10.9118
5578,0.964519,-0.288756
5579,0.980574,-0.932198
5580,0.964706,-0.285094
5581,0.978078,-0.204345
5582,0.970857,0.983785
5583,0.975851,-0.525687
5584,0.970863,0.994328
5585,0.977391,-0.906955
5586,1.01748,6.00373
5587,1.02766,8.21893
5588,1.02764,8.21605
5589,0.99546,6.22265
5590,1.0225,6.67028
5591,0.995552,6.22277
5592,0.995438,6.21811
5593,0.962425,-0.84975
5594,0.983147,-1.81506
5595,0.962602,-0.835048
5596,0.962389,-0.855442
5597,0.978238,-1.89977
5598,0.959832,-0.147139
5599,0.981891,1.7294
5600,0.95994,-0.156515
5601,0.959765,-0.156412
5602,1.04035,9.7359
5603,1.03204,11.629
5604,1.04429,10.6744
5605,1.03217,11.6427
5606,1.03199,11.6232
5607,0.956266,-1.43224
5608,0.977483,-2.3779
5609,0.956138,-1.44985
5610,0.956615,-1.41057
5611,0.975515,-2.55279
5612,0.975465,-2.55932
5613,0.966822,-1.18458
5614,0.976317,-1.78252
5615,0.966689,-1.20153
5616,0.966883,-1.16105
5617,0.975796,-1.72543
5618,0.963334,0.840073
5619,0.994467,-0.385726
5620,0.963199,0.823281
5621,0.963516,0.874678
5622,0.979835,-2.49193
5623,0.979748,-2.50522
5624,0.964136,0.636569
5625,0.985134,0.0376737
5626,0.964232,0.640981
5627,0.968553,-0.349678
5628,0.988316,-1.41141
5629,0.968471,-0.363638
5630,0.968838,-0.330502
5631,0.983414,-0.862655
5632,0.992173,-1.22174
5633,0.983379,-0.867663
5634,0.983385,-0.853895
5635,0.982908,-1.47034
5636,0.991799,-1.44106
5637,0.982862,-1.47544
5638,0.98299,-1.46515
5639,0.989185,-1.35418
5640,0.989154,-1.35814
5641,0.970096,-3.09055
5642,0.956439,-1.45726
5643,0.977983,-2.52142
5644,0.956307,-1.47708
5645,0.956678,-1.43247
5646,0.958058,-1.94318
5647,0.977063,-2.55602
5648,0.957994,-1.91428
5649,0.957963,-1.96333
5650,0.977552,-2.92869
5651,0.982952,-1.35714
5652,0.982987,-1.35338
5653,0.971817,-0.0344614
5654,0.993198,-0.707986
5655,0.971766,-0.0395707
5656,0.971867,-0.0231984
5657,0.976829,-0.663348
5658,0.985427,-1.27188
5659,0.976923,-0.654271
5660,0.967326,-1.33961
5661,0.984767,-2.12561
5662,0.967258,-1.35043
5663,1.02914,10.4355
5664,1.03443,10.5539
5665,1.02922,10.4433
5666,1.02905,10.4255
5667,1.03567,9.50837
5668,1.0374,10.2508
5669,1.0356,9.49998
5670,1.03556,10.5596
5671,1.0356,10.5659
5672,1.03171,10.66
5673,0.982577,0.0788305
5674,0.962648,1.09777
5675,0.989801,0.237639
5676,0.96255,1.08311
5677,0.962867,1.117
5678,0.982358,-3.30962
5679,0.959101,-2.34562
5680,0.989374,-2.93941
5681,0.959284,-2.33614
5682,0.959082,-2.34932
5683,0.981192,-3.13974
5684,0.971669,-2.01263
5685,0.981911,-2.78643
5686,0.971577,-2.02189
5687,0.970419,-3.03054
5688,0.962921,-1.52643
5689,0.974787,-2.43487
5690,0.962764,-1.54763
5691,0.96301,-1.4946
5692,0.974888,-2.59878
5693,0.9748,-2.60799
5694,0.971437,-2.99211
5695,0.961551,-1.82311
5696,0.970386,-2.97996
5697,0.961509,-1.81015
5698,0.956874,-1.86223
5699,0.971312,-3.08029
5700,0.957582,-1.85962
5701,0.965732,-1.91332
5702,0.980618,-2.71118
5703,0.966074,-1.88586
5704,0.965658,-1.93224
5705,0.978084,-2.17322
5706,0.980709,-2.72771
5707,0.980623,-2.73679
5708,0.980801,-2.71765
5709,0.973131,-0.049369
5710,0.994398,-0.425022
5711,0.973102,-0.0537145
5712,0.976343,-3.60227
5713,0.976233,-3.61562
5714,0.972118,-2.96147
5715,0.972075,-2.96771
5716,0.980955,0.166993
5717,0.983447,-1.21867
5718,0.986526,-3.26681
5719,0.981341,-1.28477
5720,0.980995,0.272054
5721,0.967652,-2.18112
5722,0.979162,-3.5352
5723,0.967518,-2.19608
5724,0.967719,-2.15269
5725,0.968666,-1.75162
5726,0.987007,-3.73296
5727,0.969141,-1.73342
5728,0.968666,-1.75162
5729,0.965596,-2.28419
5730,0.99206,-4.39818
5731,0.966009,-2.26665
5732,0.986503,-3.76205
5733,0.98655,-3.75482
5734,0.970751,-1.95569
5735,0.988174,-3.53951
5736,0.971149,-1.93625
5737,0.970675,-1.96282
5738,0.981025,-2.82375
5739,0.971676,-1.53272
5740,0.978573,-2.23483
5741,0.97168,-1.51272
5742,0.971608,-1.54304
5743,0.977643,-2.891
5744,0.974046,-1.2467
5745,0.981156,-2.21663
5746,0.974022,-1.24008
5747,0.974046,-1.2467
5748,0.959256,-0.574917
5749,0.994033,-3.17395
5750,0.959435,-0.556361
5751,0.959256,-0.574917
5752,0.978263,0.481
5753,0.966209,2.43183
5754,0.97516,1.3503
5755,0.966178,2.42812
5756,0.966164,2.45429
5757,1.03232,10.3589
5758,1.0323,10.3552
5759,0.983866,5.2776
5760,1.01255,5.03643
5761,0.983922,5.27866
5762,0.975922,-0.719079
5763,0.992009,-1.86147
5764,0.975884,-0.725219
5765,0.989769,-1.91643
5766,0.973648,-1.09022
5767,0.991225,-1.60642
5768,0.973714,-1.07846
5769,0.973618,-1.09543
5770,0.98968,-2.18952
5771,0.989643,-2.19517
5772,0.981193,-2.28603
5773,0.986097,-4.21093
5774,0.985999,-4.22637
5775,0.981522,-3.16524
5776,0.981463,-3.17501
5777,0.957981,-3.52044
5778,0.993618,-4.46905
5779,0.957855,-3.54044
5780,0.958292,-3.49417
5781,0.974524,-2.20876
5782,0.99596,-2.61844
5783,0.97449,-2.21564
5784,0.984541,-1.98036
5785,0.992236,-2.17247
5786,0.984513,-1.98571
5787,0.984096,-2.25856
5788,0.997276,-2.37854
5789,0.984072,-2.26247
5790,0.993393,-1.99682
5791,1.00502,7.00287
5792,1.02531,4.81011
5793,1.00509,7.02756
5794,1.0163,3.26771
5795,0.993008,5.79312
5796,1.01689,4.8249
5797,0.99298,5.78819
5798,0.97613,-1.55164
5799,0.989744,-2.15118
5800,0.976069,-1.56138
5801,0.97607,-1.53245
5802,0.991029,-2.46958
5803,0.990969,-2.4797
5804,0.9766,-1.54201
5805,0.988369,-2.13111
5806,0.976545,-1.54989
5807,0.976665,-1.52977
5808,0.974252,-1.91589
5809,0.994807,-2.36012
5810,0.974169,-1.92651
5811,0.974453,-1.90133
5812,0.990896,-4.85034
5813,0.990822,-4.86021
5814,0.989363,-4.52252
5815,0.956433,-3.47245
5816,0.996151,-4.5955
5817,0.956362,-3.48202
5818,0.978069,-4.44164
5819,0.983308,-2.73746
5820,0.98334,-2.7326
5821,0.98407,-2.53992
5822,0.978726,-1.95304
5823,0.985894,-2.16449
5824,0.978672,-1.95721
5825,1.00555,3.75543
5826,1.00553,3.75349
5827,0.970092,-1.68896
5828,0.972493,0.257951
5829,0.970156,-0.75053
5830,0.991072,-4.99105
5831,0.979781,-1.53047
5832,1.00755,-0.221101
5833,0.979862,-1.54019
5834,0.97975,-1.53499
5835,0.979861,-1.01157
5836,0.989663,-1.67726
5837,0.979789,-1.01883
5838,0.979985,-0.996744
5839,0.976967,-1.07066
5840,0.964895,-5.18526
5841,0.964855,-5.19043
5842,0.959072,-4.97181
5843,0.962929,-5.21196
5844,0.958999,-4.98212
5845,0.959071,-4.95478
5846,0.986951,-5.12605
5847,0.973894,-5.42252
5848,0.955843,-3.99447
5849,0.986688,-4.95693
5850,0.955927,-3.98246
5851,0.955817,-3.99935
5852,0.982731,-2.7527
5853,0.985185,-2.82865
5854,0.985796,-2.47564
5855,0.99167,-1.37664
5856,0.983559,-2.06884
5857,0.993643,-0.205977
5858,0.983567,-2.08554
5859,0.983961,-3.29891
5860,1.00224,-3.32012
5861,0.98391,-3.30417
5862,0.984043,-3.2934
5863,1.00213,-3.52843
5864,1.00215,-3.5259
5865,0.959553,-4.5702
5866,0.959022,-5.39114
5867,0.95953,-4.5742
5868,0.959604,-4.55881
5869,0.975233,-1.72646
5870,0.99065,-2.02341
5871,0.975454,-1.711
5872,0.975117,-1.73457
5873,1.0031,-3.59546
5874,0.984215,-3.16824
5875,1.00734,-3.64339
5876,0.984175,-3.17538
5877,1.00545,-3.68011
5878,0.974498,-5.60374
5879,0.959313,-5.25931
5880,0.961036,-5.61517
5881,0.95921,-5.27393
5882,0.959403,-5.23866
5883,0.957501,-5.71261
5884,0.957604,-5.7026
5885,0.963783,-5.90198
5886,0.957809,-5.33901
5887,0.979981,-5.25227
5888,0.9577,-5.3492
5889,0.958189,-5.33145
5890,0.985177,-2.4044
5891,1.0008,-3.39956
5892,0.985154,-2.40933
5893,0.985266,-2.39014
5894,0.967885,-4.82356
5895,0.991105,-5.5051
5896,0.96797,-4.81807
5897,0.967885,-4.82356
5898,0.962267,-5.14488
5899,0.970361,-3.93252
5900,0.962241,-5.14391
5901,0.962205,-5.15436
5902,0.9879,-3.16295
5903,0.986022,-2.91603
5904,0.987889,-3.0973
5905,0.98599,-2.92088
5906,0.986042,-2.91001
5907,0.973999,-3.60568
5908,0.995489,-4.06014
5909,0.974424,-3.6066
5910,0.985416,-4.56805
5911,0.97653,-3.77355
5912,0.98293,-4.37371
5913,0.976491,-3.7661
5914,0.976527,-3.77404
5915,0.969426,-5.58697
5916,0.969413,-5.5903
5917,0.991806,-2.69573
5918,0.991779,-2.701
5919,0.982394,-4.0224
5920,0.981259,-4.47756
5921,0.982422,-4.01797
5922,0.961043,-4.94889
5923,0.966147,-5.21331
5924,0.961032,-4.94095
5925,0.961016,-4.95378
5926,0.961476,-5.44546
5927,0.983931,-5.49784
5928,0.961556,-5.43793
5929,0.961426,-5.45246
5930,1.00243,-6.67202
5931,1.00246,-6.66774
5932,0.961548,-6.2028
5933,0.996838,-6.27181
5934,0.961516,-6.20688
5935,0.961931,-6.20309
5936,0.997255,-6.15407
5937,0.998502,-3.7395
5938,0.998456,-3.74357
5939,0.989807,-3.34513
5940,0.994064,-3.45979
5941,0.989761,-3.35034
5942,0.989799,-3.33753
5943,1.00312,-3.64354
5944,0.976256,-4.31972
5945,0.993314,-4.49189
5946,0.976219,-4.32646
5947,0.976317,-4.31183
5948,0.997938,-2.30975
5949,0.999366,-2.73292
5950,0.997863,-2.31975
5951,0.984624,-4.70478
5952,1.00049,-3.60268
5953,0.987678,-3.27132
5954,1.00057,-3.49173
5955,0.987571,-3.26614
5956,0.987668,-3.27296
5957,0.97781,-5.53336
5958,1.00875,-6.79549
5959,0.982907,-4.64609
5960,1.01923,-5.40625
5961,0.982857,-4.6504
5962,0.975963,-2.89294
5963,0.995907,-2.91627
5964,0.975923,-2.89779
5965,0.981657,-3.05578
5966,1.00392,-3.16052
5967,0.981629,-3.06227
5968,0.981729,-3.04749
5969,0.967883,-7.34181
5970,1.02708,-7.66491
5971,0.968009,-7.33994
5972,0.980918,-4.03246
5973,0.987157,-4.58108
5974,0.980876,-4.02654
5975,0.980918,-4.03246
5976,0.980253,-3.94451
5977,0.98936,-4.69655
5978,0.980384,-3.93738
5979,0.980253,-3.94451
5980,0.962045,-8.08858
5981,1.01792,-9.40745
5982,0.962374,-8.07457
5983,0.988175,-3.83081
5984,1.0047,-4.04294
5985,0.98813,-3.83548
5986,0.986523,-4.75238
5987,0.986497,-4.75645
5988,0.958917,-7.11064
5989,0.964624,-7.93392
5990,0.958873,-7.11661
5991,0.95893,-7.09893
5992,0.98673,-4.09483
5993,0.989901,-4.11567
5994,0.986685,-4.09936
5995,0.986662,-4.08838
5996,0.990237,-3.82895
5997,1.00847,-4.22396
5998,0.990181,-3.83534
5999,0.990335,-3.82033
6000,0.992968,-3.63277
6001,1.0127,-4.63791
6002,0.99313,-3.62281
6003,0.998669,-3.3325
6004,1.00028,-3.34688
6005,0.99864,-3.33582
6006,0.971706,-9.01689
6007,0.996922,-9.18519
6008,0.971666,-9.02166
6009,0.990769,-10.1445
6010,0.995038,-4.6319
6011,0.984988,-4.41255
6012,0.988302,-4.54234
6013,0.984938,-4.41915
6014,0.984994,-4.40335
6015,1.00785,-4.97552
6016,0.956949,-8.14818
6017,0.983753,-8.81656
6018,0.956889,-8.1568
6019,0.957087,-8.13601
6020,0.958283,-7.95912
6021,0.966164,-9.22396
6022,0.958268,-7.94791
6023,0.958275,-7.95996
6024,0.976285,-9.12466
6025,1.00538,-9.25494
6026,0.991855,-9.63921
6027,0.975951,-4.88238
6028,0.974294,-4.85163
6029,0.974331,-4.84373
6030,0.975429,-4.98088
6031,0.975014,-4.88097
6032,0.975561,-4.96697
6033,0.975292,-4.99503
6034,0.996692,-10.6273
6035,0.956973,-10.0928
6036,0.996629,-10.6353
6037,0.961993,-9.97336
6038,0.961942,-9.98108
6039,1.00495,-10.9117
6040,0.971158,-10.304
6041,1.00457,-10.8964
6042,1.00481,-10.9258
6043,0.974551,-5.15669
6044,0.982914,-5.49156
6045,0.974487,-5.16438
6046,0.974661,-5.14596
6047,0.96198,-9.70024
6048,1.02224,-9.77784
6049,0.961859,-9.71145
6050,1.0042,-9.62408
6051,0.972291,-9.87373
6052,1.01191,-9.89552
6053,0.972267,-9.87836
6054,0.979872,-4.7713
6055,0.986481,-4.68438
6056,0.979792,-4.78527
6057,0.975137,-4.68039
6058,0.975218,-4.66761
6059,0.972135,-3.57565
6060,0.977016,-4.71904
6061,0.980343,-4.78507
6062,0.971822,-3.61095
6063,0.976674,-4.81508
6064,0.95822,-7.9822
6065,0.985236,-8.52428
6066,0.958192,-7.98693
6067,0.958284,-7.97431
6068,0.972628,-5.58283
6069,0.984203,-6.324
6070,0.97271,-5.57711
6071,0.981224,-6.05361
6072,1.00164,-5.24969
6073,0.992144,-4.80673
6074,1.00715,-5.08732
6075,0.992111,-4.81054
6076,0.992216,-4.80059
6077,0.974079,-5.51935
6078,0.987014,-6.30438
6079,0.974201,-5.51376
6080,0.983768,-6.523
6081,0.973861,-5.79976
6082,0.989498,-6.16433
6083,0.973672,-5.81988
6084,0.974238,-5.77426
6085,0.984924,-6.14174
6086,0.987156,-10.3736
6087,0.990216,-10.1415
6088,0.987127,-10.378
6089,0.987144,-10.3714
6090,0.960579,-7.34685
6091,0.981834,-7.8539
6092,0.960553,-7.35227
6093,0.960589,-7.33507
6094,0.978526,-5.71845
6095,0.98775,-5.93936
6096,0.978501,-5.7238
6097,0.978475,-5.70969
6098,0.972915,-5.72332
6099,0.981822,-6.13713
6100,0.972925,-5.71442
6101,0.972897,-5.72777
6102,0.980137,-7.34632
6103,0.985024,-5.34068
6104,0.987372,-5.1397
6105,0.984988,-5.34273
6106,0.985024,-5.34068
6107,0.989748,-4.7062
6108,0.989788,-4.51835
6109,0.989696,-4.71426
6110,0.989791,-4.70022
6111,0.989911,-10.0808
6112,0.989845,-10.0891
6113,0.989859,-9.69074
6114,0.942756,-8.28595
6115,0.999327,-9.67599
6116,0.942669,-8.29511
6117,0.943241,-8.2594
6118,0.987022,-9.75884
6119,0.986965,-9.76692
6120,0.984476,-9.05935
6121,0.984403,-9.06563
6122,0.945028,-8.27755
6123,0.994004,-9.37743
6124,0.944947,-8.29293
6125,0.945306,-8.25786
6126,0.975743,-5.51093
6127,0.979645,-5.76258
6128,0.975709,-5.51627
6129,0.97575,-5.50215
6130,0.974454,-4.86358
6131,0.981607,-5.11829
6132,0.974393,-4.87069
6133,0.979319,-4.89052
6134,0.981259,-5.53063
6135,0.980946,-4.91773
6136,0.982895,-5.2282
6137,0.980807,-4.93091
6138,0.981065,-4.90049
6139,0.98287,-5.4674
6140,0.982829,-5.47419
6141,0.975695,-2.12237
6142,0.981869,-3.5357
6143,0.988802,-4.31776
6144,0.975695,-2.12237
6145,0.975695,-2.12237
6146,0.978823,-2.07423
6147,0.981642,-3.60773
6148,0.992485,13.542
6149,1.06232,13.2007
6150,0.992723,13.5406
6151,0.992485,13.542
6152,0.999875,4.70004
6153,0.999822,4.68364
6154,0.999875,4.70004
6155,0.968075,4.11372
6156,0.982296,3.90483
6157,0.968052,4.11703
6158,0.968075,4.11372
6159,0.99247,20.5697
6160,0.999354,18.8169
6161,1.0163,18.8679
6162,0.99934,18.6578
6163,0.992545,20.7125
6164,0.969415,2.80075
6165,0.977557,1.0754
6166,0.911534,5.64761
6167,0.909641,3.61603
6168,0.913809,4.00425
6169,0.970024,2.67362
6170,0.969415,2.80075
6171,1.03804,13.1986
6172,1.04252,11.4376
6173,1.03743,13.0049
6174,1.03804,13.1986
6175,0.972513,0.865981
6176,0.978978,-0.636018
6177,0.984978,-2.68694
6178,0.974714,0.893073
6179,0.977526,-0.775006
6180,0.979822,3.46616
6181,0.985965,2.59515
6182,0.979675,3.43767
6183,0.979822,3.46616
6184,0.986645,-6.29714
6185,0.986652,-6.30037
6186,0.986645,-6.29714
6187,1.03504,10.7143
6188,1.03286,10.9574
6189,0.975922,14.779
6190,0.98491,13.3939
6191,1.03512,10.7108
6192,1.03504,10.7143
6193,0.975662,-3.31005
6194,0.982127,-3.99103
6195,0.986059,-5.24414
6196,0.914686,-2.77055
6197,0.914775,-2.8701
6198,0.920758,-2.77456
6199,0.982089,-4.02002
6200,0.976115,-3.39577
6201,0.97426,21.7977
6202,0.987523,16.485
6203,1.00002,13.6185
6204,0.92721,25.531
6205,0.938322,23.4765
6206,0.986817,16.2244
6207,0.987523,16.485
6208,0.984721,3.24334
6209,0.998672,4.78403
6210,0.984543,3.23147
6211,0.984721,3.24334
6212,0.961268,4.14134
6213,0.974077,0.443685
6214,0.9,9.00326
6215,0.9,2.3966
6216,0.9,1.37446
6217,0.962019,4.10378
6218,0.961268,4.14134
6219,0.976064,0.95562
6220,0.979595,-0.221871
6221,0.98675,-0.889413
6222,0.976064,0.95562
6223,0.976064,0.95562
6224,0.97758,1.016
6225,0.976064,0.95562
6226,0.964868,-1.40607
6227,0.979142,-2.04637
6228,0.965008,-1.40039
6229,0.964868,-1.40607
6230,0.959174,-5.61882
6231,0.976164,-5.34058
6232,0.950704,-4.11319
6233,0.959236,-5.64778
6234,0.959174,-5.61882
6235,1.01055,15.2766
6236,1.02033,15.0802
6237,1.01033,15.2757
6238,1.01055,15.2766
6239,1.0203,5.24527
6240,1.0316,4.13769
6241,1.03877,3.60757
6242,1.0203,5.24527
6243,1.0219,5.29779
6244,1.0203,5.24527
6245,0.981006,-3.2212
6246,1.00274,-3.42646
6247,0.98104,-3.21953
6248,0.981006,-3.2212
6249,1.05208,18.7566
6250,1.06548,16.8967
6251,1.07404,15.5013
6252,1.04664,19.4929
6253,1.06411,16.8076
6254,1.05344,18.763
6255,0.970959,2.90856
6256,0.974196,2.71617
6257,0.97903,1.59381
6258,0.9,3.49593
6259,0.976063,2.79986
6260,0.973885,2.73321
6261,0.973232,2.82827
6262,0.975399,1.67057
6263,0.979876,0.767293
6264,0.968419,3.90215
6265,0.969546,3.45938
6266,0.969754,3.13885
6267,0.976463,2.71478
6268,0.974988,1.60349
6269,0.967439,-3.61687
6270,0.974515,-4.05422
6271,0.979799,-4.80704
6272,0.955495,-3.61687
6273,0.974521,-4.08934
6274,0.974515,-4.05422
6275,0.986737,-6.22688
6276,0.983598,-5.67384
6277,0.985462,-5.96761
6278,0.986742,-6.23067
6279,0.986737,-6.22688
6280,0.990355,-4.43827
6281,0.990335,-4.44679
6282,0.990355,-4.43827
6283,0.996371,5.23554
6284,0.984499,5.28095
6285,0.996672,5.22073
6286,0.996371,5.23554
6287,0.97668,-4.75077
6288,0.976578,-4.33245
6289,0.976684,-4.76612
6290,0.97668,-4.75077
6291,0.962495,3.67711
6292,0.977901,2.17532
6293,0.997959,-0.362114
6294,0.953201,6.01703
6295,0.953447,5.71309
6296,0.959367,4.27605
6297,0.95418,4.99871
6298,0.957455,4.49303
6299,0.954398,4.88802
6300,0.962173,3.74477
6301,0.967521,3.21826
6302,0.962495,3.67711
6303,0.977878,1.98035
6304,0.962941,-2.47925
6305,0.964269,-2.53258
6306,0.962941,-2.47925
6307,0.973493,3.99669
6308,0.987386,7.47859
6309,0.973626,3.96867
6310,0.973493,3.99669
6311,0.998168,-3.07874
6312,1.00614,-3.83996
6313,1.02045,2.29234
6314,1.01571,-0.515072
6315,0.997499,-3.13054
6316,0.998168,-3.07874
6317,0.979991,0.0266293
6318,0.990596,-0.123342
6319,0.97384,0.828074
6320,0.980103,0.00412913
6321,0.979991,0.0266293
6322,0.979226,1.18711
6323,0.981478,-0.535353
6324,0.985788,-2.46412
6325,0.935672,1.82945
6326,0.929529,2.05505
6327,0.979514,1.22188
6328,0.979226,1.18711
6329,1.05648,15.9262
6330,1.06692,14.8603
6331,1.08031,13.3217
6332,1.06622,14.8178
6333,1.05705,15.9193
6334,0.98231,13.9572
6335,0.992429,12.6828
6336,0.971221,13.3127
6337,0.979391,15.6649
6338,0.980052,14.2926
6339,0.982307,13.9424
6340,0.98231,13.9572
6341,1.02856,4.23447
6342,1.03422,3.76427
6343,1.01836,6.53396
6344,1.02855,4.20295
6345,1.02856,4.23447
6346,0.999821,18.255
6347,1.02194,18.7905
6348,0.999611,18.2398
6349,0.999821,18.255
6350,1.0665,68.2054
6351,1.07528,70.1422
6352,1.07527,70.1407
6353,1.09087,66.1254
6354,1.09088,66.1278
6355,1.09087,66.1254
6356,1.08304,67.5309
6357,1.08114,68.1172
6358,1.08108,68.1092
6359,1.08746,66.0953
6360,1.08745,66.0932
6361,1.08747,66.0975
6362,1.08715,64.741
6363,1.09409,62.0479
6364,1.09885,59.0731
6365,1.09977,56.4018
6366,1.09974,56.3992
6367,1.09526,44.0832
6368,1.09328,52.4608
6369,1.09328,52.4623
6370,1.09349,52.5567
6371,1.09345,52.551
6372,1.09364,45.6117
6373,1.09724,58.953
6374,1.09722,58.9511
6375,1.08687,55.796
6376,1.08689,55.7995
6377,1.09404,57.8841
6378,1.09661,52.8322
6379,1.09582,51.318
6380,1.09496,50.8033
6381,1.0948,45.7783
6382,1.09477,45.7762
6383,1.09569,54.1328
6384,1.09369,42.9704
6385,1.09235,42.1119
6386,1.09302,42.8079
6387,1.09232,42.1071
6388,1.09414,42.8363
6389,1.09436,43.3802
6390,1.08962,55.2432
6391,1.09433,49.6292
6392,1.09194,55.1478
6393,1.09192,55.1461
6394,1.09489,46.0249
6395,1.09491,46.0272
6396,1.09445,45.3148
6397,1.09327,48.1282
6398,1.09324,48.1249
6399,1.09323,48.0556
6400,1.09297,48.543
6401,1.0986,40.8775
6402,1.09377,46.4736
6403,1.09597,41.3422
6404,1.08345,51.7283
6405,1.09114,50.2434
6406,1.09115,50.2449
6407,1.09162,49.2783
6408,1.09158,49.2716
6409,1.09338,48.2941
6410,1.09271,46.8245
6411,1.1,40.6112
6412,1.09999,40.6098
6413,1.0898,49.4853
6414,1.08982,49.4869
6415,1.08937,50.2074
6416,1.09559,43.085
6417,1.09458,40.913
6418,1.09452,40.9067
6419,1.09562,42.8061
6420,1.09969,43.7235
6421,1.09376,45.7869
6422,1.09611,42.2306
6423,1.0931,40.9326
6424,1.09402,40.8198
6425,1.09394,40.8175
6426,1.09253,40.9204
6427,1.09243,40.9076
6428,1.09348,40.8155
6429,1.09341,40.8074
6430,1.09297,41.074
6431,1.0965,43.1008
6432,1.09645,43.0946
6433,1.09698,44.4491
6434,1.0939,44.8083
6435,1.09348,47.7394
6436,1.09822,40.532
6437,1.0954,43.7094
6438,1.09542,43.7133
6439,1.09125,47.8696
6440,1.0934,41.3533
6441,1.09311,41.3908
6442,1.09237,46.1334
6443,1.09501,42.225
6444,1.09659,39.3585
6445,1.09658,39.357
6446,1.09472,41.6807
6447,1.09769,41.803
6448,1.09771,41.8046
6449,1.09271,44.0885
6450,1.09262,45.3337
6451,1.09267,45.3397
6452,1.09301,45.4377
6453,1.09271,45.0315
6454,1.09267,45.0248
6455,1.09482,39.3247
6456,1.09703,40.4378
6457,1.092,39.3995
6458,1.08963,39.4454
6459,1.09002,39.4446
6460,1.09353,39.3037
6461,1.0935,39.2994
6462,1.09995,40.0853
6463,1.09983,40.6998
6464,1.09779,39.9867
6465,1.09428,41.2301
6466,1.09828,39.9433
6467,1.09834,39.9526
6468,1.09777,39.7589
6469,1.09776,39.756
6470,1.09339,41.2189
6471,1.09464,39.5805
6472,1.0933,41.2067
6473,1.09383,41.3557
6474,1.09343,39.4554
6475,1.09805,39.1966
6476,1.09236,43.9874
6477,1.09304,45.2382
6478,1.093,45.2333
6479,1.09376,45.0726
6480,1.09358,45.2462
6481,1.09365,45.2525
6482,1.09286,38.7609
6483,1.09141,37.7863
6484,1.09554,39.8613
6485,1.09546,39.8525
6486,1.09302,38.8607
6487,1.09318,38.8771
6488,1.09754,40.6627
6489,1.09756,39.6078
6490,1.09748,40.6533
6491,1.09135,38.2056
6492,1.0944,39.5055
6493,1.09437,39.5015
6494,1.09238,38.6849
6495,1.09549,40.1032
6496,1.09221,38.5267
6497,1.09358,46.2566
6498,1.09849,37.5533
6499,1.09844,37.5451
6500,1.09775,38.2959
6501,1.09519,39.3293
6502,1.09344,39.5675
6503,1.09404,37.2215
6504,1.09106,37.5784
6505,1.08999,37.359
6506,1.09055,36.7417
6507,1.09495,39.7138
6508,1.0933,37.139
6509,1.09867,38.6833
6510,1.09648,37.1544
6511,1.09862,38.678
6512,1.09906,37.6249
6513,1.09924,37.8124
6514,1.08873,38.2434
6515,1.0899,38.2822
6516,1.08983,38.2686
6517,1.09584,37.5148
6518,1.08625,37.128
6519,1.0861,37.1077
6520,1.08798,38.2727
6521,1.0881,38.2873
6522,1.08951,38.3384
6523,1.09162,36.4611
6524,1.09034,36.4423
6525,1.09016,36.4187
6526,1.08664,36.6414
6527,1.09241,38.5471
6528,1.09467,36.6612
6529,1.08952,36.4363
6530,1.08942,36.4216
6531,1.08766,38.2566
6532,1.08761,38.2498
6533,1.08668,36.9043
6534,1.09255,37.1055
6535,1.09998,37.2787
6536,1.09272,37.4331
6537,1.09256,37.4203
6538,1.0957,37.7057
6539,1.08695,36.857
6540,1.08685,36.8448
6541,1.08593,36.3562
6542,1.09723,37.8331
6543,1.09736,37.8492
6544,1.09603,39.731
6545,1.09989,38.0788
6546,1.09597,39.7196
6547,1.09692,39.866
6548,1.09674,37.6584
6549,1.09404,37.2697
6550,1.08274,25.0508
6551,1.09488,36.8619
6552,1.0937,36.3844
6553,1.09656,36.2015
6554,1.09511,36.1973
6555,1.09527,36.2108
6556,1.08665,37.6793
6557,1.0858,36.1943
6558,1.08569,36.1783
6559,1.09949,38.1545
6560,1.09968,38.5302
6561,1.1,36.0123
6562,1.09922,36.0341
6563,1.08761,37.9403
6564,1.09211,36.5985
6565,1.09231,36.35
6566,1.09249,36.3675
6567,1.09307,36.1862
6568,1.09473,36.5325
6569,1.09432,36.712
6570,1.09417,36.6275
6571,1.09457,36.3108
6572,1.09464,36.3203
6573,1.09399,36.5024
6574,1.09552,37.3014
6575,1.09555,37.3057
6576,1.09486,36.7476
6577,1.09483,36.7423
6578,1.09645,37.6944
6579,1.09512,37.0578
6580,1.08866,37.4312
6581,1.09714,37.666
6582,1.09366,36.6466
6583,1.09376,36.6591
6584,1.09334,36.6356
6585,1.0921,27.4091
6586,1.08702,36.0094
6587,1.0879,36.0584
6588,1.09607,35.8245
6589,1.07184,20.9211
6590,1.09577,42.6393
6591,1.09136,35.7749
6592,1.09605,42.1387
6593,1.09686,41.177
6594,1.07887,23.5308
6595,1.09516,37.3147
6596,1.09397,37.2272
6597,1.08958,37.3237
6598,1.09624,37.3932
6599,1.09626,37.3952
6600,1.09264,39.3119
6601,1.09356,35.8434
6602,1.09344,35.8298
6603,1.09099,35.7055
6604,1.09258,37.1794
6605,1.09175,37.2039
6606,1.09091,26.3208
6607,1.09497,35.8744
6608,1.09491,35.8664
6609,1.08352,26.7279
6610,1.08118,27.9277
6611,1.08115,27.9223
6612,1.09756,40.1763
6613,1.09793,39.6741
6614,1.09755,40.6253
6615,1.08295,22.6541
6616,1.07856,24.076
6617,1.08398,23.7474
6618,1.08403,23.7547
6619,1.07708,23.0514
6620,1.07323,18.9011
6621,1.09414,36.8218
6622,1.09403,36.8068
6623,1.09458,36.6936
6624,1.09454,36.6871
6625,1.09461,35.4576
6626,1.09462,35.4603
6627,1.09338,34.6551
6628,1.09533,35.5102
6629,1.09537,35.5137
6630,1.09446,35.999
6631,1.09437,35.9858
6632,1.09543,36.0095
6633,1.09669,35.2929
6634,1.09832,35.5455
6635,1.09834,35.5476
6636,1.073,47.216
6637,1.09158,26.8929
6638,1.09766,39.0639
6639,1.0936,33.0824
6640,1.08647,34.0971
6641,1.09384,33.5326
6642,1.08635,34.0797
6643,1.08791,34.1318
6644,1.0935,32.3894
6645,1.09355,32.397
6646,1.08319,20.9546
6647,1.08315,20.9513
6648,1.08158,26.7987
6649,1.08155,26.794
6650,1.09299,34.0776
6651,1.09307,33.72
6652,1.09334,33.2813
6653,1.08302,24.7287
6654,1.08301,24.7273
6655,1.08304,24.7301
6656,1.08351,17.5141
6657,1.08635,15.5984
6658,1.0999,14.4424
6659,1.08633,15.5945
6660,1.08646,15.6225
6661,1.08309,16.9922
6662,1.09527,36.5395
6663,1.09796,34.476
6664,1.08681,14.603
6665,1.09691,13.8905
6666,1.08678,14.5987
6667,1.08684,14.6151
6668,1.09007,29.4379
6669,1.08918,27.7824
6670,1.08922,27.7881
6671,1.08908,27.0134
6672,1.08904,27.0068
6673,1.08911,27.0192
6674,1.08864,26.1837
6675,1.08861,26.1769
6676,1.09346,30.4313
6677,1.09342,30.425
6678,1.09511,36.48
6679,1.09724,30.6463
6680,1.09321,31.6541
6681,1.08169,20.8405
6682,1.08186,19.6042
6683,1.08183,19.6004
6684,1.0944,30.0377
6685,1.09271,29.5388
6686,1.09392,30.5121
6687,1.09616,30.2157
6688,1.09614,30.2126
6689,1.09834,33.162
6690,1.09672,30.9596
6691,1.08862,25.8389
6692,1.08859,25.8343
6693,1.08985,27.4265
6694,1.09173,28.5831
6695,1.09172,28.5813
6696,1.09249,29.89
6697,1.08846,13.564
6698,1.09777,10.7168
6699,1.08845,13.5616
6700,1.0981,34.1393
6701,1.09726,32.0967
6702,1.09793,34.1945
6703,1.09711,31.811
6704,1.0859,14.4486
6705,1.08666,14.284
6706,1.08376,14.471
6707,1.08497,14.6767
6708,1.08613,14.4255
6709,1.08763,14.1419
6710,1.08768,14.1476
6711,1.09536,29.1166
6712,1.09539,29.2287
6713,1.08688,26.376
6714,1.08692,26.3803
6715,1.0873,26.3291
6716,1.08536,36.1377
6717,1.08534,36.1343
6718,1.08717,36.9593
6719,1.09249,28.8247
6720,1.08118,17.7771
6721,1.08121,17.7809
6722,1.08116,17.7732
6723,1.08552,14.6479
6724,1.08553,14.6503
6725,1.08605,26.68
6726,1.08604,26.6774
6727,1.0916,29.878
6728,1.09517,29.8219
6729,1.09633,30.3001
6730,1.08443,13.2402
6731,1.09475,8.44055
6732,1.08441,13.2372
6733,1.08461,13.2703
6734,1.09386,29.6242
6735,1.09381,29.615
6736,1.09118,29.9196
6737,1.09314,29.6767
6738,1.09309,29.6713
6739,1.08904,28.559
6740,1.08785,32.6517
6741,1.08627,27.5264
6742,1.08514,24.9878
6743,1.08813,31.6613
6744,1.08806,31.6535
6745,1.08352,15.6241
6746,1.08421,15.3267
6747,1.08418,15.3227
6748,1.08754,34.6026
6749,1.08806,33.3887
6750,1.08803,33.3863
6751,1.08688,34.4084
6752,1.08682,34.4117
6753,1.09051,29.5145
6754,1.09541,30.2594
6755,1.09105,30.1806
6756,1.09073,29.9405
6757,1.08971,29.0577
6758,1.0886,28.3207
6759,1.08833,27.3669
6760,1.08825,27.332
6761,1.08823,27.3296
6762,1.09032,29.6784
6763,1.09028,29.6729
6764,1.08756,28.9097
6765,1.08745,28.8955
6766,1.08967,29.3879
6767,1.08898,28.9891
6768,1.09111,29.9899
6769,1.09099,29.9768
6770,1.09037,29.6673
6771,1.08733,27.4288
6772,1.08779,27.3157
6773,1.08783,27.3222
6774,1.08963,29.2465
6775,1.08909,28.9751
6776,1.08899,28.9636
6777,1.0904,29.7756
6778,1.08919,29.3418
6779,1.08903,29.3161
6780,1.08984,29.4833
6781,1.08963,29.4543
6782,1.08922,31.1456
6783,1.09132,30.3349
6784,1.08877,31.2337
6785,1.0891,31.1335
6786,1.0906,29.3973
6787,1.08673,32.4794
6788,1.08642,31.83
6789,1.08609,31.9905
6790,1.08601,31.979
6791,1.09068,29.7594
6792,1.09062,29.7479
6793,1.0867,32.4262
6794,1.09144,29.9965
6795,1.08912,29.1195
6796,1.08901,29.1042
6797,1.09103,29.8662
6798,1.09184,29.7965
6799,1.09159,29.7738
6800,1.09062,27.9278
6801,1.09104,27.937
6802,1.09179,27.999
6803,1.09185,28.008
6804,1.08718,28.3999
6805,1.08479,12.4399
6806,1.09077,30.2624
6807,1.08832,27.2203
6808,1.0883,27.2175
6809,1.08963,30.4195
6810,1.08953,30.4096
6811,1.08487,28.1133
6812,1.08471,28.096
6813,1.08641,28.6287
6814,1.08636,28.6203
6815,1.08986,29.4193
6816,1.09008,27.9578
6817,1.08692,28.1731
6818,1.08972,28.1224
6819,1.09187,29.0831
6820,1.08964,28.918
6821,1.08618,28.0067
6822,1.08612,27.9975
6823,1.0783,22.5197
6824,1.0754,21.5199
6825,1.07536,21.515
6826,1.07978,23.0736
6827,1.07982,23.0781
6828,1.09346,30.8995
6829,1.08766,27.1791
6830,1.08764,27.1768
6831,1.08695,28.0898
6832,1.08942,28.3648
6833,1.08949,28.3726
6834,1.08937,28.3579
6835,1.08824,28.1966
6836,1.08855,28.5233
6837,1.07555,23.0489
6838,1.07946,24.3316
6839,1.0877,29.724
6840,1.08909,27.8695
6841,1.08905,27.8646
6842,1.07529,20.4071
6843,1.08062,13.5053
6844,1.08058,13.4993
6845,1.08837,28.0551
6846,1.08521,28.0161
6847,1.08529,28.696
6848,1.08743,30.26
6849,1.08536,28.9654
6850,1.0844,28.5795
6851,1.09178,29.5736
6852,1.07579,23.4135
6853,1.08521,26.4936
6854,1.08519,26.491
6855,1.08155,27.6438
6856,1.08349,12.1216
6857,1.08347,12.1185
6858,1.08459,11.9592
6859,1.08376,26.5196
6860,1.08496,26.7079
6861,1.0716,18.0196
6862,1.07161,18.0215
6863,1.08381,27.0596
6864,1.08381,27.0583
6865,1.08521,28.1444
6866,1.07038,21.1534
6867,1.07763,26.1966
6868,1.07761,26.1939
6869,1.08113,26.464
6870,1.07853,25.6841
6871,1.07851,25.6811
6872,1.06579,18.7241
6873,1.05688,17.4878
6874,1.07282,27.234
6875,1.07601,24.4499
6876,1.07604,24.4545
6877,1.07601,24.4499
6878,1.0799,26.497
6879,1.07994,26.5043
6880,1.08002,27.1453
6881,1.07577,24.2287
6882,1.07581,24.2347
6883,1.07195,26.4627
6884,1.07226,26.7228
6885,1.08409,12.5426
6886,1.08029,24.0645
6887,1.08152,25.1418
6888,1.0761,25.7262
6889,1.06705,23.6394
6890,1.0718,25.0672
6891,1.07178,25.0656
6892,1.0816,23.0858
6893,1.07303,23.3844
6894,1.07499,24.4052
6895,1.07502,24.4089
6896,1.05827,22.3587
6897,1.07422,24.4686
6898,1.07867,10.0169
6899,1.0787,10.0202
6900,1.06916,25.7296
6901,1.056,22.7275
6902,1.06846,22.9585
6903,1.05455,22.7308
6904,1.06919,22.8753
6905,1.05501,15.7773
6906,1.05763,22.6921
6907,1.05598,22.9266
6908,1.07848,23.3103
6909,1.07102,24.6341
6910,1.08142,22.2207
6911,1.0819,22.1087
6912,1.08187,22.1041
6913,1.08102,22.2973
6914,1.081,22.2956
6915,1.08127,22.4015
6916,1.03574,17.9038
6917,1.07677,22.731
6918,1.07575,8.92576
6919,1.07345,8.35202
6920,1.07344,8.34958
6921,1.07362,9.84512
6922,1.07067,9.95219
6923,1.02887,19.5445
6924,1.0703,23.0272
6925,1.07032,23.03
6926,1.03742,20.9349
6927,1.03737,20.9284
6928,1.04085,21.0351
6929,1.07301,22.5048
6930,1.07298,22.5004
6931,1.07272,21.7578
6932,1.06745,21.7371
6933,1.06737,21.7316
6934,1.08755,20.6903
6935,1.07262,20.5598
6936,1.04982,11.6239
6937,1.04981,11.6228
6938,1.02334,17.5077
6939,1.02758,18.4284
6940,1.02751,18.4222
6941,1.06704,21.9181
6942,1.06707,21.9233
6943,1.01314,18.9774
6944,1.02744,15.3745
6945,1.02746,15.3785
6946,1.02661,13.9758
6947,1.02658,13.9702
6948,1.02665,13.9809
6949,1.02468,14.5542
6950,1.06875,7.37335
6951,1.03453,12.3853
6952,1.03321,11.79
6953,1.03319,11.7878
6954,1.01164,16.5837
6955,1.02754,20.8582
6956,1.03067,20.8567
6957,1.01466,15.6561
6958,1.09775,37.966
6959,1.09775,37.966
6960,1.09775,37.966
6961,1.09774,37.9645
6962,1.09775,37.9673
6963,1.0938,55.3956
6964,1.08141,59.6943
6965,1.0938,55.3291
6966,1.09379,55.3943
6967,1.09936,31.0573
6968,1.09936,31.057
6969,1.09898,31.0269
6970,1.1,42.5442
6971,1.09999,42.5428
6972,1.09971,42.5199
6973,1.1,39.1766
6974,1.09993,39.158
6975,1.09999,39.1758
6976,1.09241,37.7381
6977,1.08536,38.8866
6978,1.08517,39.2632
6979,1.08143,40.3236
6980,1.09095,37.9551
6981,1.09078,38.0065
6982,1.09255,37.6283
6983,1.09241,37.7381
6984,1.09602,35.8445
6985,1.09598,35.8389
6986,1.09611,35.8262
6987,1.06681,24.1932
6988,1.06678,24.1902
6989,1.06676,24.176
6990,1.06062,26.3129
6991,1.06469,27.1134
6992,1.05996,26.2253
6993,1.06062,26.3123
6994,1.07264,29.7287
6995,1.08065,28.2753
6996,1.06774,30.8648
6997,1.06832,31.0578
6998,1.07264,29.7287
6999,1.07387,29.6682
7000,1.07264,29.7287
7001,1.0707,9.51233
7002,1.0735,9.7699
7003,1.07035,10.0039
7004,1.07004,10.3406
7005,1.07069,9.51147
7006,1.07147,9.43279
7007,1.09642,43.3717
7008,1.09419,44.7768
7009,1.07014,45.1289
7010,1.09642,43.3711
7011,1.09548,43.1962
7012,1.07658,22.6892
7013,1.07942,21.3544
7014,1.05453,23.75
7015,1.05509,22.9623
7016,1.05483,23.193
7017,1.05448,23.0225
7018,1.05344,23.3668
7019,1.05044,22.9381
7020,1.07655,22.6871
7021,1.07767,22.551
7022,1.06553,27.2404
7023,1.07294,27.0785
7024,1.06143,27.5116
7025,1.06262,27.5931
7026,1.06135,27.5771
7027,1.06196,27.7505
7028,1.06324,27.5175
7029,1.06145,27.6168
7030,1.06614,27.1141
7031,1.06552,27.239
7032,1.09268,51.9304
7033,1.09462,51.1885
7034,1.04234,53.6348
7035,1.09267,51.9298
7036,1.09275,51.9408
7037,1.09591,43.4013
7038,1.05703,47.7511
7039,1.09581,43.3518
7040,1.09591,43.4013
7041,1.09282,37.0792
7042,1.09575,36.4285
7043,1.1,37.317
7044,1.1,37.4684
7045,1.1,37.6178
7046,1.1,37.8052
7047,1.1,37.9712
7048,1.1,37.8497
7049,1.0928,37.0769
7050,1.09443,36.8598
7051,1.01668,21.0378
7052,0.9983,23.2737
7053,0.956014,25.683
7054,1.01667,21.0361
7055,1.01783,20.9563
7056,1.0994,38.8981
7057,1.08208,39.8839
7058,1.09938,38.8951
7059,1.09943,38.8845
7060,1.0904,30.4111
7061,1.09037,30.4056
7062,1.09029,30.4148
7063,1.09797,44.3515
7064,1.09763,44.3117
7065,1.09797,44.3515
7066,1.08741,38.36
7067,1.08756,38.3517
7068,1.08738,38.356
7069,1.0953,42.3822
7070,1.08722,43.3729
7071,1.0877,43.588
7072,1.09526,42.3766
7073,1.09539,42.371
7074,1.09924,39.2554
7075,1.09922,39.246
7076,1.09924,39.2554
7077,1.09238,67.7213
7078,1.07869,70.3674
7079,1.07556,73.8328
7080,1.05883,68.8901
7081,1.09363,67.5513
7082,1.09237,67.7212
7083,1.09418,29.7987
7084,1.09387,29.7897
7085,1.09418,29.7987
7086,1.08813,51.0226
7087,1.05529,55.6369
7088,1.08815,50.915
7089,1.08812,51.0213
7090,1.08568,49.623
7091,1.0886,50.5799
7092,1.03413,51.833
7093,1.08703,49.4024
7094,1.08568,49.623
7095,1.0681,25.8329
7096,1.07131,25.8875
7097,1.06892,25.8197
7098,1.0681,25.8329
7099,1.07547,52.0474
7100,1.0838,54.1615
7101,1.07665,52.3288
7102,1.07671,52.482
7103,1.07665,52.2269
7104,1.07647,52.0718
7105,1.07647,52.0759
7106,1.07643,52.0969
7107,1.07604,51.8612
7108,1.07547,52.0474
7109,1.08652,43.106
7110,1.09405,43.6646
7111,1.09859,44.3803
7112,1.09072,42.9405
7113,1.08652,43.106
7114,1.0758,26.1793
7115,1.07572,26.1524
7116,1.0758,26.1793
7117,1.09581,42.1517
7118,1.09582,42.1328
7119,1.09581,42.1517
7120,1.07665,70.7651
7121,1.07824,73.6731
7122,1.05154,78.6499
7123,1.07675,70.7348
7124,1.07665,70.7651
7125,1.08036,27.6105
7126,1.08031,27.5918
7127,1.08036,27.6105
7128,1.08645,38.6623
7129,1.08053,39.3535
7130,1.08012,39.9445
7131,1.08117,39.4226
7132,1.08227,39.2333
7133,1.08663,38.5861
7134,1.08645,38.6623
7135,1.09073,30.1184
7136,1.1,31.4408
7137,1.1,32.3156
7138,1.09071,30.0401
7139,1.09073,30.1184
7140,1.09533,36.428
7141,1.09527,36.4243
7142,1.09533,36.428
7143,1.08795,30.9062
7144,1.09319,31.1488
7145,1.0823,31.8658
7146,1.08054,31.9379
7147,1.08843,30.6892
7148,1.08795,30.9062
7149,1.1,57.6517
7150,1.09953,57.5988
7151,1.1,57.6517
7152,1.09686,58.8284
7153,1.05588,64.0423
7154,1.09652,58.7753
7155,1.09686,58.8284
7156,1.09422,54.1113
7157,1.1,53.2409
7158,1.09889,54.947
7159,1.09448,54.1067
7160,1.09422,54.1113
7161,1.09139,55.9903
7162,1.09395,54.7931
7163,1.06924,56.794
7164,1.0685,57.0795
7165,1.09298,55.9832
7166,1.09139,55.9903
7167,1.07381,27.4565
7168,1.07355,27.3893
7169,1.07381,27.4565
7170,1.08544,32.5732
7171,1.09056,31.1201
7172,1.1,33.8929
7173,1.1,33.6847
7174,1.1,34.4742
7175,1.08612,32.3113
7176,1.08544,32.5732
7177,1.07903,30.6164
7178,1.09102,29.9179
7179,1.08433,30.7992
7180,1.08414,31.2653
7181,1.08496,31.3366
7182,1.08353,30.9801
7183,1.08511,31.115
7184,1.08442,31.0901
7185,1.08214,30.4841
7186,1.07903,30.6164
7187,1.09094,29.7137
7188,1.09074,29.6996
7189,1.09094,29.7137
7190,1.07624,70.5147
7191,1.07625,70.5039
7192,1.07607,70.5171
7193,1.09642,34.3051
7194,1.1,34.0925
7195,1.06287,34.4727
7196,1.07918,34.4193
7197,1.07217,34.6463
7198,1.07929,34.3565
7199,1.07242,34.4991
7200,1.06303,34.3866
7201,1.06958,34.3559
7202,1.0724,34.5466
7203,1.07949,34.2443
7204,1.06305,34.3757
7205,1.06959,34.3515
7206,1.0967,34.3044
7207,1.09642,34.3051
7208,1.09642,34.3051
7209,1.07906,51.0452
7210,1.08122,51.8783
7211,1.07547,52.3921
7212,1.08012,50.8506
7213,1.07906,51.0452
7214,1.1,44.7142
7215,1.09982,44.6631
7216,1.1,44.7142
7217,1.09915,59.3649
7218,1.04649,62.6596
7219,1.05025,61.0069
7220,1.09898,59.2921
7221,1.09915,59.3649
7222,1.07985,30.381
7223,1.09141,27.9736
7224,1.0622,30.923
7225,1.08166,30.5282
7226,1.07985,30.381
7227,1.07711,25.1425
7228,1.07676,25.1157
7229,1.07711,25.1425
7230,1.06135,27.0532
7231,1.07111,27.1836
7232,1.05147,28.2
7233,1.05741,27.4717
7234,1.06357,26.8498
7235,1.06135,27.0532
7236,1.09337,31.412
7237,1.04751,33.2738
7238,1.09303,31.3371
7239,1.09337,31.412
7240,1.1,39.4435
7241,1.0998,39.4363
7242,1.1,39.4435
7243,1.09549,42.4796
7244,1.1,43.5339
7245,1.09583,43.5005
7246,1.09547,42.4633
7247,1.09549,42.4796
7248,1.08719,43.2492
7249,1.09415,42.5319
7250,1.1,43.5372
7251,1.1,43.5864
7252,1.1,43.543
7253,1.09151,43.1892
7254,1.08719,43.2492
7255,1.1,36.3688
7256,1.0966,35.852
7257,1.07694,36.7539
7258,1.07906,36.81
7259,1.07652,36.5835
7260,1.09869,36.324
7261,1.1,36.3688
7262,1.02289,21.3225
7263,1.02053,23.8592
7264,1.01794,22.4926
7265,1.02282,21.2454
7266,1.02289,21.3225
7267,1.08086,28.2178
7268,1.08611,27.6437
7269,1.06095,28.2861
7270,1.06119,28.5275
7271,1.05787,28.6869
7272,1.08214,28.2198
7273,1.08086,28.2178
7274,1.09451,58.6942
7275,1.1,62.9155
7276,1.09448,58.6162
7277,1.09451,58.6942
7278,1.07854,29.5243
7279,1.09003,28.4431
7280,1.05828,29.9356
7281,1.05811,30.0912
7282,1.06453,29.8772
7283,1.05862,30.6977
7284,1.05793,30.0995
7285,1.05832,30.5405
7286,1.07862,29.4013
7287,1.07854,29.5243
7288,1.0979,46.2574
7289,1.1,50.4381
7290,1.09744,46.1257
7291,1.0979,46.2574
7292,1.09767,42.1901
7293,1.09868,41.5501
7294,1.1,44.0937
7295,1.09696,42.0913
7296,1.09767,42.1901
7297,1.1,38.6353
7298,1.09825,37.9821
7299,1.09973,38.6511
7300,1.1,38.6353
7301,1.09371,31.4828
7302,1.09381,32.8596
7303,1.09413,33.0775
7304,1.09356,32.3874
7305,1.09341,31.4104
7306,1.09371,31.4828
7307,1.09919,59.0484
7308,1.1,62.8422
7309,1.09909,58.9969
7310,1.09919,59.0484
7311,1.09729,42.1052
7312,1.09892,41.6136
7313,1.1,43.4716
7314,1.097,42.1024
7315,1.09729,42.1052
7316,1.09053,42.2354
7317,1.09305,41.4735
7318,1.09927,43.1694
7319,1.09836,43.0306
7320,1.09982,42.4963
7321,1.09159,42.2177
7322,1.09053,42.2354
7323,1.08672,10.7571
7324,1.08452,11.0325
7325,1.0998,11.2917
7326,1.08591,10.6583
7327,1.08672,10.7571
7328,1.07385,23.9702
7329,1.07326,23.9238
7330,1.07385,23.9702
7331,1.0953,43.0219
7332,1.09812,42.6116
7333,1.1,43.811
7334,1.1,43.5921
7335,1.1,43.241
7336,1.09414,42.9782
7337,1.0953,43.0219
7338,1.1,41.6772
7339,1.09963,41.6289
7340,1.1,41.6772
7341,1.08298,52.0342
7342,1.06688,54.5199
7343,1.08286,51.9788
7344,1.08298,52.0342
7345,1.08897,38.5732
7346,1.089,38.5597
7347,1.08897,38.5732
7348,1.09292,30.2359
7349,1.09546,31.0225
7350,1.0961,31.7084
7351,1.09197,30.0912
7352,1.09292,30.2359
7353,1.09989,31.4975
7354,1.09988,31.4962
7355,1.09901,29.666
7356,1.09898,29.6632
7357,1.09546,27.7143
7358,1.0987,30.6896
7359,1.09076,25.4264
7360,1.09074,25.4242
7361,1.08975,23.2676
7362,1.08973,23.2645
7363,1.08731,24.5109
7364,1.09482,20.5062
7365,1.09478,20.5013
7366,1.09567,29.0958
7367,1.0949,28.3625
7368,1.08802,24.4972
7369,1.09315,24.9806
7370,1.09417,25.7301
7371,1.09414,25.7259
7372,1.09539,27.4918
7373,1.09538,27.49
7374,1.09004,24.4627
7375,1.08462,24.2347
7376,1.0931,24.6342
7377,1.08308,24.3768
7378,1.08303,24.3708
7379,1.09249,20.2862
7380,1.09306,20.1783
7381,1.09301,20.1681
7382,1.09216,21.1609
7383,1.09253,21.2659
7384,1.09124,20.2056
7385,1.09233,20.2225
7386,1.09253,20.3308
7387,1.09261,20.1505
7388,1.09257,20.1452
7389,1.09143,21.2114
7390,1.09666,19.7753
7391,1.09479,19.9516
7392,1.09337,19.9279
7393,1.0881,18.9591
7394,1.09208,20.7037
7395,1.0961,18.898
7396,1.09342,19.3673
7397,1.08913,19.0481
7398,1.08884,19.026
7399,1.07386,19.1957
7400,1.08688,21.0781
7401,1.09271,20.32
7402,1.08794,21.1197
7403,1.08688,21.0781
7404,1.09079,20.9735
7405,1.09075,20.9685
7406,1.0896,20.4076
7407,1.08974,20.544
7408,1.08972,20.5399
7409,1.09763,22.1908
7410,1.09739,22.1647
7411,1.09316,21.1897
7412,1.09015,20.3344
7413,1.09151,20.2123
7414,1.09499,21.8409
7415,1.0918,19.7497
7416,1.09298,20.4305
7417,1.09824,26.4081
7418,1.09378,19.412
7419,1.09256,19.7641
7420,1.0925,19.7573
7421,1.09493,19.6866
7422,1.09086,19.5828
7423,1.09521,19.2232
7424,1.09514,19.2183
7425,1.09376,21.235
7426,1.09365,21.2208
7427,1.0928,20.3417
7428,1.09281,20.3428
7429,1.09485,21.7335
7430,1.09464,21.7166
7431,1.09135,20.1445
7432,1.09089,19.4703
7433,1.09078,19.4599
7434,1.0968,22.1737
7435,1.09142,20.3077
7436,1.09137,20.3026
7437,1.08775,18.9055
7438,1.09171,19.9799
7439,1.09712,21.0493
7440,1.09716,21.0527
7441,1.0921,20.9968
7442,1.09187,20.9748
7443,1.09233,21.0207
7444,1.09684,21.7829
7445,1.0914,19.3578
7446,1.08706,19.8875
7447,1.08159,18.7768
7448,1.08192,18.7624
7449,1.08639,19.4611
7450,1.09545,21.929
7451,1.08864,20.3408
7452,1.08645,19.2484
7453,1.08143,18.8761
7454,1.08149,18.8847
7455,1.09589,19.5399
7456,1.09089,20.384
7457,1.09286,19.311
7458,1.08589,18.9655
7459,1.09098,20.77
7460,1.09917,19.493
7461,1.09141,20.8401
7462,1.0911,19.1712
7463,1.09085,19.1535
7464,1.09627,19.3273
7465,1.09623,19.3218
7466,1.09366,19.5187
7467,1.07241,18.8435
7468,1.07077,19.5104
7469,1.07184,21.0593
7470,1.09094,19.3339
7471,1.09115,19.8486
7472,1.09599,19.0862
7473,1.0907,20.5172
7474,1.09093,20.0763
7475,1.09023,19.8365
7476,1.09692,21.9666
7477,1.08724,19.8425
7478,1.09332,18.9841
7479,1.08988,19.6049
7480,1.07399,18.5344
7481,1.06231,17.2126
7482,1.07519,18.1897
7483,1.06228,17.2063
7484,1.06216,17.1597
7485,1.07823,18.4519
7486,1.07605,18.6586
7487,1.07611,18.6646
7488,1.09362,20.9236
7489,1.09371,20.9387
7490,1.09103,19.4569
7491,1.092,19.2541
7492,1.09684,17.5976
7493,1.09917,23.9548
7494,1.09113,19.3589
7495,1.09529,19.0598
7496,1.09132,19.2265
7497,1.09139,19.2383
7498,1.0902,19.7181
7499,1.09007,19.7048
7500,1.09035,19.7326
7501,1.09807,22.153
7502,1.09805,22.1506
7503,1.09599,18.8839
7504,1.09622,19.0469
7505,1.08787,20.045
7506,1.08794,20.0518
7507,1.08967,19.0448
7508,1.09402,19.0701
7509,1.0944,17.1776
7510,1.09463,17.6374
7511,1.0946,17.6306
7512,1.08633,18.3004
7513,1.08569,16.9486
7514,1.09849,22.0046
7515,1.09095,19.1256
7516,1.09117,19.2896
7517,1.09221,19.2473
7518,1.09384,19.4456
7519,1.09154,18.881
7520,1.09228,18.8808
7521,1.09059,19.0188
7522,1.08831,19.7257
7523,1.0882,19.7197
7524,1.08828,19.7237
7525,1.09226,18.8717
7526,1.09355,15.5978
7527,1.09497,17.9292
7528,1.09493,17.9226
7529,1.09635,18.8435
7530,1.09632,18.8391
7531,1.08521,18.9913
7532,1.08517,18.9857
7533,1.08294,19.218
7534,1.0843,19.1053
7535,1.08549,19.2079
7536,1.08285,19.2048
7537,1.08798,18.9293
7538,1.09319,19.3575
7539,1.06494,17.6477
7540,1.0893,19.6871
7541,1.09554,18.0613
7542,1.09461,17.8764
7543,1.09456,17.8709
7544,1.09467,17.882
7545,1.08923,19.0346
7546,1.08937,19.31
7547,1.08104,18.3521
7548,1.09356,19.0998
7549,1.09353,19.0964
7550,1.09719,19.2962
7551,1.09716,19.2919
7552,1.09602,19.1891
7553,1.09598,19.1849
7554,1.09588,19.5821
7555,1.09623,18.8349
7556,1.09619,18.8309
7557,1.09055,19.06
7558,1.09701,18.4956
7559,1.09535,18.7773
7560,1.08908,19.1241
7561,1.08901,19.1169
7562,1.09117,19.7101
7563,1.09112,19.7044
7564,1.08822,18.6204
7565,1.09383,15.666
7566,1.09381,15.664
7567,1.09548,19.0524
7568,1.08638,18.3048
7569,1.09899,23.2248
7570,1.0989,22.7369
7571,1.06542,15.5241
7572,1.08934,14.0456
7573,1.09322,12.7855
7574,1.09261,15.5354
7575,1.09255,15.5275
7576,1.09495,16.9371
7577,1.09021,14.4347
7578,1.09018,14.4313
7579,1.09638,14.9515
7580,1.09642,14.9554
7581,1.0982,17.4922
7582,1.09836,17.9535
7583,1.09909,17.8171
7584,1.09906,17.8136
7585,1.07295,12.7624
7586,1.09674,20.1562
7587,1.07676,11.836
7588,1.07673,11.8324
7589,1.07544,12.0704
7590,1.07605,11.9315
7591,1.09756,17.4646
7592,1.09752,17.4606
7593,1.08661,12.9712
7594,1.08657,12.9661
7595,1.09106,14.3742
7596,1.09109,14.378
7597,1.06302,15.358
7598,1.06978,14.1085
7599,1.06295,15.3496
7600,1.06286,15.4877
7601,1.07408,12.0959
7602,1.09374,16.5098
7603,1.08827,16.5927
7604,1.08876,18.0448
7605,1.0779,11.7356
7606,1.07788,11.7334
7607,1.09611,14.2976
7608,1.09416,12.3321
7609,1.09411,12.3243
7610,1.09421,12.3402
7611,1.09326,12.2454
7612,1.09329,12.2493
7613,1.09914,18.1092
7614,1.09911,18.1059
7615,1.09551,13.6472
7616,1.09532,13.9577
7617,1.09587,14.9727
7618,1.09583,14.967
7619,1.0959,14.3269
7620,1.09587,14.3211
7621,1.0948,14.0944
7622,1.09567,12.0992
7623,1.09571,12.1033
7624,1.09563,12.095
7625,1.09368,15.1036
7626,1.07799,11.9131
7627,1.07795,11.9067
7628,1.07477,11.8872
7629,1.07498,12.1074
7630,1.09187,14.1964
7631,1.09184,14.1921
7632,1.09311,13.575
7633,1.09308,13.5724
7634,1.09313,13.5779
7635,1.09393,13.4041
7636,1.1,17.3187
7637,1.09062,12.2129
7638,1.09066,12.2168
7639,1.07239,11.9235
7640,1.07242,11.9282
7641,1.0946,13.2414
7642,1.09481,13.0834
7643,1.09478,13.0784
7644,1.09627,11.0265
7645,1.09623,11.0214
7646,1.0992,16.8005
7647,1.09923,16.8045
7648,1.07899,11.4582
7649,1.07888,11.5918
7650,1.0964,9.53403
7651,1.09642,9.53652
7652,1.09607,10.634
7653,1.09606,10.6307
7654,1.07361,12.0453
7655,1.08038,11.9163
7656,1.07207,12.1018
7657,1.07356,12.0405
7658,1.07937,11.7061
7659,1.07934,11.7021
7660,1.08011,11.726
7661,1.08009,11.7207
7662,1.09772,15.6182
7663,1.09768,15.6118
7664,1.09776,15.6238
7665,1.0742,11.2924
7666,1.07422,11.2959
7667,1.06003,12.104
7668,1.07338,11.544
7669,1.07355,11.3398
7670,1.08125,10.8527
7671,1.08423,11.5216
7672,1.08418,11.518
7673,1.08428,11.5252
7674,1.07933,11.7548
7675,1.0835,11.7076
7676,1.07926,11.7478
7677,1.08422,11.9444
7678,1.08427,11.949
7679,1.08675,11.1716
7680,1.09606,13.9335
7681,1.09373,9.00375
7682,1.09609,9.19298
7683,1.09612,9.19708
7684,1.09189,9.21769
7685,1.07388,11.0331
7686,1.07382,11.0278
7687,1.07896,11.1123
7688,1.07842,11.1928
7689,1.0792,11.5568
7690,1.07913,11.5473
7691,1.07905,11.4336
7692,1.07957,11.5078
7693,1.07923,11.3399
7694,1.06639,12.5976
7695,1.0786,12.0083
7696,1.06626,12.5766
7697,1.07711,10.3756
7698,1.07581,10.6259
7699,1.08131,11.3036
7700,1.08125,11.2956
7701,1.07862,11.7991
7702,1.09556,12.9924
7703,1.08971,9.49997
7704,1.07895,11.1718
7705,1.06857,11.5715
7706,1.07612,11.0409
7707,1.06846,11.5579
7708,1.07036,11.6058
7709,1.07889,11.2211
7710,1.07879,11.2104
7711,1.07902,11.2396
7712,1.08242,9.84784
7713,1.08555,11.5103
7714,1.08446,11.2969
7715,1.06588,11.8888
7716,1.0658,11.8783
7717,1.06719,12.2179
7718,1.06358,11.5382
7719,1.06484,11.73
7720,1.09584,9.32821
7721,1.09576,9.32082
7722,1.09615,9.03955
7723,1.0972,8.86009
7724,1.09268,8.36914
7725,1.098,8.37813
7726,1.09252,8.36016
7727,1.09457,8.35846
7728,1.06173,11.3479
7729,1.06177,11.3517
7730,1.07519,10.0621
7731,1.07515,10.0559
7732,1.07541,10.0764
7733,1.07536,10.0679
7734,1.07647,10.2676
7735,1.0764,10.2603
7736,1.09304,8.33752
7737,1.09307,8.34041
7738,1.09917,10.0572
7739,1.09911,10.0505
7740,1.09928,10.3091
7741,1.09924,10.3004
7742,1.09933,10.3179
7743,1.09901,9.705
7744,1.07686,10.3866
7745,1.0769,10.391
7746,1.07681,10.3818
7747,1.08083,9.89421
7748,1.0863,8.78151
7749,1.06533,9.84622
7750,1.09118,8.54851
7751,1.08556,12.341
7752,1.08863,12.747
7753,1.0886,12.7437
7754,1.0833,9.56994
7755,1.08418,9.27531
7756,1.08307,9.42837
7757,1.08304,9.42448
7758,1.0831,9.43266
7759,1.0609,11.3262
7760,1.08413,11.3472
7761,1.09235,11.1334
7762,1.09232,11.1311
7763,1.06671,9.16877
7764,1.09512,12.9805
7765,1.09204,10.3399
7766,1.09096,7.4987
7767,1.08813,8.21478
7768,1.0881,8.21183
7769,1.09767,8.46626
7770,1.0977,8.46878
7771,1.07455,9.52005
7772,1.08339,11.3144
7773,1.09102,9.16652
7774,1.07386,9.21109
7775,1.07339,8.81986
7776,1.07545,9.82251
7777,1.08848,6.81046
7778,1.08765,6.49683
7779,1.08771,6.50556
7780,1.07662,7.59204
7781,1.07661,7.59741
7782,1.0886,8.77719
7783,1.09477,7.23387
7784,1.08592,7.13624
7785,1.08625,6.97008
7786,1.08686,6.74432
7787,1.07031,8.89437
7788,1.07434,8.50916
7789,1.07436,8.51172
7790,1.09015,10.3956
7791,1.09012,10.3926
7792,1.08705,6.69372
7793,1.07576,7.95215
7794,1.09627,7.9396
7795,1.09499,7.18298
7796,1.09552,7.52679
7797,1.06075,8.9322
7798,1.06265,8.69212
7799,1.06251,7.62974
7800,1.06249,7.62719
7801,1.08859,6.31175
7802,1.08773,6.31856
7803,1.0877,6.31412
7804,1.08741,6.42602
7805,1.09895,8.08207
7806,1.09937,8.93381
7807,1.09933,8.93061
7808,1.08103,7.01937
7809,1.07875,6.98089
7810,1.07242,6.9512
7811,1.07677,7.08877
7812,1.07185,6.9545
7813,1.07235,6.94594
7814,1.08986,7.99566
7815,1.08978,7.99052
7816,1.08998,8.71305
7817,1.09013,7.55088
7818,1.09001,7.65945
7819,1.0621,8.68182
7820,1.06355,7.62568
7821,1.06207,8.67782
7822,1.06389,8.76091
7823,1.088,6.27169
7824,1.08544,5.43992
7825,1.09037,5.623
7826,1.08163,4.06112
7827,1.08934,8.86929
7828,1.08932,8.86723
7829,1.08937,8.87148
7830,1.06327,6.2826
7831,1.09107,9.02314
7832,1.09106,9.02101
7833,1.08912,7.04386
7834,1.08918,7.04919
7835,1.04885,9.1033
7836,1.062,7.24979
7837,1.06449,2.77552
7838,1.06429,5.09624
7839,1.08926,5.41251
7840,1.08835,4.96869
7841,1.0879,2.14203
7842,1.08486,3.33222
7843,1.08335,1.8045
7844,1.09206,6.6553
7845,1.09202,6.65051
7846,1.09111,7.37462
7847,1.09052,6.44045
7848,1.09141,6.42888
7849,1.08989,4.86851
7850,1.07014,1.54217
7851,1.08322,2.89448
7852,1.08731,2.69974
7853,1.09009,3.49237
7854,1.08999,3.47972
7855,1.08996,3.50783
7856,1.08706,2.29628
7857,1.08692,2.28854
7858,1.08881,3.18598
7859,1.0811,2.32326
7860,1.07838,2.52257
7861,1.0823,2.057
7862,1.08124,2.38114
7863,1.05692,5.20224
7864,1.06078,6.52689
7865,1.06175,6.39138
7866,1.06371,1.57036
7867,1.06374,1.57333
7868,1.06438,2.57596
7869,1.06395,2.30753
7870,1.06392,2.30074
7871,1.08819,1.84218
7872,1.08616,1.68946
7873,1.08607,1.66928
7874,1.08475,1.73033
7875,1.08436,2.47506
7876,1.08422,1.88254
7877,1.08821,5.14901
7878,1.08823,5.15137
7879,1.05205,4.48075
7880,1.05204,4.47927
7881,1.09075,7.44509
7882,1.05777,2.09385
7883,1.06048,2.42732
7884,1.06412,2.62705
7885,1.0906,4.35129
7886,1.08132,1.82349
7887,1.08082,2.05808
7888,1.08088,2.06439
7889,1.07905,2.45672
7890,1.06262,3.84537
7891,1.06362,2.84202
7892,1.06255,3.8369
7893,1.06377,3.9665
7894,1.04611,6.04278
7895,1.06368,0.220635
7896,1.06364,0.218495
7897,1.06372,0.222776
7898,1.08886,5.58294
7899,1.07728,0.707258
7900,1.06287,1.07452
7901,1.05334,3.96428
7902,1.08998,4.62804
7903,1.08555,3.28012
7904,1.08554,3.27814
7905,1.08326,1.07187
7906,1.07908,0.481168
7907,1.08065,0.59128
7908,1.08062,0.586381
7909,1.08296,0.883576
7910,1.08292,0.878525
7911,1.04979,3.24906
7912,1.05008,3.01902
7913,1.05063,2.00988
7914,1.04825,1.59318
7915,1.05963,1.55805
7916,1.0639,-0.405232
7917,1.07566,-0.130946
7918,1.08063,1.61952
7919,1.07977,0.753653
7920,1.05191,1.71057
7921,1.04908,0.938504
7922,1.04911,0.942335
7923,1.0491,3.9463
7924,1.04675,3.74498
7925,1.05032,4.35262
7926,1.05035,4.3581
7927,1.05058,4.60371
7928,1.06692,-1.10623
7929,1.06687,-1.11056
7930,1.05439,0.0901451
7931,1.05433,0.0839236
7932,1.05269,0.117592
7933,1.05356,0.107961
7934,1.05262,0.104045
7935,1.05274,0.13186
7936,1.05584,0.214671
7937,1.05577,0.206003
7938,1.04615,0.216927
7939,1.06376,0.0350154
7940,1.06382,-0.855975
7941,1.06379,-0.860696
7942,1.08696,3.49168
7943,1.09325,6.0862
7944,1.08629,3.22251
7945,1.04532,1.08895
7946,1.04536,1.09452
7947,1.04532,1.08895
7948,1.04167,0.0162518
7949,1.05045,-0.689794
7950,1.05173,-0.457625
7951,1.08907,4.08421
7952,1.09186,5.36123
7953,1.09184,5.35753
7954,1.08099,1.84652
7955,1.07163,-1.08212
7956,1.04279,-2.49442
7957,1.04276,-2.51623
7958,1.04279,-2.51191
7959,1.0429,-2.35272
7960,1.04005,-0.36049
7961,1.04003,-0.363372
7962,1.04007,-0.358066
7963,1.01562,-0.797535
7964,1.01565,-0.792254
7965,1.02128,0.253745
7966,1.07038,0.168103
7967,1.05975,-2.45127
7968,1.05963,-1.77358
7969,1.05961,-1.77604
7970,1.0572,-2.26677
7971,1.07345,0.452456
7972,1.0735,0.457071
7973,1.07442,0.511976
7974,1.0742,0.574404
7975,1.0668,-2.02956
7976,1.06678,-2.03288
7977,1.03853,-1.38884
7978,1.04157,-1.76678
7979,1.04164,-1.39894
7980,1.03853,-1.38884
7981,1.0462,-1.3396
7982,1.07248,0.191972
7983,1.07246,0.188593
7984,1.03505,-1.01915
7985,1.03504,-1.02019
7986,1.03153,-1.33043
7987,1.05539,-2.68285
7988,1.03034,-1.55106
7989,1.05607,-2.83252
7990,1.06495,-1.68765
7991,1.06494,-1.68948
7992,1.04197,-2.96204
7993,1.04159,-3.01998
7994,1.04156,-3.02434
7995,1.03562,2.1913
7996,1.05503,-4.10511
7997,1.05694,-3.74979
7998,1.06097,-3.04051
7999,1.05308,-4.45833
8000,1.05305,-4.46179
8001,1.05311,-4.45475
8002,1.06147,-0.605618
8003,1.06348,-0.686615
8004,1.04116,-2.89324
8005,1.06971,-0.00982101
8006,1.03944,-3.07322
8007,1.03658,-4.2281
8008,1.03655,-4.23288
8009,1.0369,-4.18925
8010,1.03687,-4.19418
8011,1.05234,-3.74602
8012,1.0524,-3.74092
8013,1.04864,-4.42002
8014,1.04722,-4.87995
8015,1.04716,-4.88844
8016,1.04728,-4.87042
8017,1.05483,-3.46634
8018,1.05307,-4.32691
8019,1.04209,-5.94344
8020,1.02222,-2.24337
8021,1.04244,-4.67276
8022,1.04384,-3.01317
8023,1.04334,-4.08379
8024,1.04431,-2.90552
8025,1.05498,-3.13192
8026,1.04336,-5.00977
8027,1.02197,-2.27187
8028,1.06549,-0.567175
8029,1.06547,-0.568643
8030,1.04712,-5.36287
8031,1.05061,-4.58528
8032,1.05279,-3.25017
8033,1.05396,-3.63472
8034,1.05271,-3.25738
8035,1.05229,-3.21542
8036,1.05292,-4.07444
8037,1.05289,-4.07963
8038,1.03503,-4.94286
8039,1.03499,-4.94762
8040,1.03508,-4.93851
8041,1.0321,-4.56291
8042,1.03206,-4.56878
8043,1.03512,-4.15154
8044,1.00468,-2.7711
8045,1.00464,-3.2799
8046,1.00669,-3.19743
8047,1.03704,-5.19466
8048,1.03997,-5.85112
8049,1.04545,-5.91551
8050,1.02366,2.71508
8051,1.02365,2.71306
8052,1.04382,-5.32042
8053,1.04402,-5.30104
8054,1.04382,-5.32042
8055,1.04787,-5.57251
8056,1.04312,-4.8282
8057,1.0435,-5.34119
8058,1.04297,-4.84211
8059,1.04351,-4.74009
8060,1.04275,-6.8888
8061,1.04281,-6.88253
8062,1.0427,-6.89556
8063,1.01319,-2.83338
8064,1.04147,-7.42105
8065,1.04149,-7.4175
8066,1.04102,-7.59963
8067,1.03288,-6.64987
8068,1.03041,-6.78395
8069,1.03032,-6.79555
8070,1.03755,-6.33672
8071,1.04062,-6.05771
8072,1.035,-7.54721
8073,1.03491,-7.55791
8074,1.04143,-5.87278
8075,1.04072,-6.05871
8076,1.04004,-6.16827
8077,1.03997,-6.17733
8078,1.04237,-6.62403
8079,1.0423,-6.63329
8080,1.0402,-7.70428
8081,1.03999,-7.70988
8082,1.03609,-5.95341
8083,1.02563,-5.58346
8084,1.03656,-7.12288
8085,1.04013,-6.13756
8086,1.04004,-6.14854
8087,1.03472,-7.23661
8088,1.03453,-7.2567
8089,1.01374,-1.15248
8090,1.03406,-7.28802
8091,1.01077,-2.82393
8092,1.0099,-2.79398
8093,1.00994,-2.78742
8094,0.995734,-4.43756
8095,1.02996,-6.95297
8096,1.03093,-7.74613
8097,1.03108,-7.71897
8098,1.01716,-2.35956
8099,1.04226,-6.80135
8100,1.03847,-7.57045
8101,1.04187,-6.82162
8102,1.04177,-6.83603
8103,1.03455,-8.1024
8104,1.04295,-5.34828
8105,1.044,-6.65278
8106,1.04283,-5.3633
8107,1.04463,-5.24162
8108,1.03053,-6.68739
8109,1.02952,-7.02185
8110,1.02842,-6.79019
8111,1.02845,-6.78566
8112,1.03049,-6.75315
8113,1.03114,-6.757
8114,1.02942,-7.28333
8115,1.02402,-6.11158
8116,1.02577,-5.98257
8117,1.02708,-5.74288
8118,1.02711,-5.73599
8119,1.03041,-5.48923
8120,1.03406,-7.09536
8121,1.03026,-5.50973
8122,1.03119,-7.76585
8123,1.02485,-5.34919
8124,1.0247,-5.3611
8125,1.01936,-5.13786
8126,1.03237,-8.19458
8127,1.03077,-8.37135
8128,1.03337,-7.25047
8129,1.03206,-8.37326
8130,1.03205,-7.76422
8131,1.03118,-8.42396
8132,1.03274,-8.24007
8133,1.03323,-7.9331
8134,1.03697,-8.12725
8135,1.03344,-8.57515
8136,1.03355,-8.56023
8137,1.03113,-8.16094
8138,1.03317,-8.13883
8139,1.03309,-8.14849
8140,1.02798,-7.3907
8141,1.02154,-5.57763
8142,1.01933,-5.01888
8143,1.01905,-5.32734
8144,1.0191,-5.32214
8145,1.01822,-4.47513
8146,1.03187,-8.41988
8147,1.03436,-8.40479
8148,1.02898,-8.71052
8149,1.02975,-8.59843
8150,1.02968,-8.60791
8151,1.03,-8.46914
8152,1.03188,-8.42967
8153,1.03174,-8.45267
8154,1.02959,-8.62906
8155,1.03073,-7.74961
8156,1.03062,-7.75923
8157,1.02771,-6.15209
8158,1.03028,-8.36982
8159,1.02812,-5.9958
8160,1.0286,-7.65945
8161,0.996618,-4.32951
8162,0.996091,-4.4366
8163,0.987922,-4.34036
8164,0.99125,-4.29498
8165,0.987773,-4.32264
8166,0.987801,-4.36041
8167,1.03252,-9.28226
8168,1.03259,-9.27365
8169,1.02692,-7.42627
8170,1.02678,-7.44741
8171,1.02662,-7.00327
8172,1.0295,-6.31751
8173,1.03509,-7.86167
8174,1.02911,-6.36311
8175,1.03098,-6.14816
8176,1.03179,-8.72027
8177,1.0329,-8.90731
8178,1.03274,-8.93303
8179,1.03025,-9.14284
8180,1.03004,-9.16885
8181,1.03049,-9.1145
8182,1.02581,-6.73922
8183,1.02577,-6.74587
8184,1.02527,-6.64024
8185,1.0252,-6.65629
8186,1.02276,-6.20136
8187,1.02967,-6.76289
8188,1.02327,-6.17084
8189,1.02266,-6.21178
8190,1.03028,-7.69625
8191,1.02907,-7.57934
8192,1.03,-8.78124
8193,1.02994,-8.78866
8194,1.02799,-8.13627
8195,1.01758,-5.03595
8196,1.01587,-5.68878
8197,1.0161,-5.28241
8198,1.01702,-5.73183
8199,1.01581,-5.69546
8200,1.01763,-5.24245
8201,1.01758,-5.24913
8202,1.01799,-5.48115
8203,1.03211,-9.63569
8204,1.03247,-9.75548
8205,1.03024,-9.09345
8206,1.00355,-4.25288
8207,1.00353,-4.25814
8208,1.04305,-5.87785
8209,1.04138,-7.55745
8210,1.04291,-5.89956
8211,1.04401,-5.66699
8212,1.03036,-8.56098
8213,1.03172,-8.0466
8214,1.03164,-8.056
8215,1.03416,-9.55042
8216,1.03402,-9.57248
8217,1.03213,-9.28498
8218,1.02881,-10.0796
8219,1.03254,-9.39482
8220,1.03236,-9.41335
8221,1.03186,-9.66877
8222,1.0144,-3.59385
8223,1.01547,-4.56511
8224,1.02824,-9.50802
8225,1.02848,-9.48759
8226,1.02923,-8.88705
8227,1.02908,-8.90991
8228,1.02998,-9.04388
8229,1.02985,-9.05851
8230,1.0293,-9.41045
8231,1.02753,-7.80523
8232,1.02747,-7.81612
8233,1.02468,-6.39667
8234,1.03076,-8.25724
8235,1.02561,-6.25879
8236,1.02906,-8.47784
8237,1.02929,-8.88375
8238,1.02775,-7.98702
8239,1.02767,-7.99745
8240,1.03237,-9.7394
8241,1.03114,-8.99598
8242,1.02959,-8.52053
8243,1.02869,-8.90639
8244,1.02849,-8.92992
8245,1.02824,-9.53385
8246,1.02615,-9.75929
8247,1.0302,-8.08672
8248,1.03258,-6.93034
8249,1.03236,-7.6324
8250,1.03257,-6.83597
8251,1.03248,-6.95096
8252,1.03045,-8.39548
8253,1.0268,-10.0032
8254,1.02865,-9.98723
8255,1.02858,-8.54011
8256,1.02913,-9.06529
8257,1.02966,-9.46547
8258,1.03119,-9.08652
8259,1.03336,-9.81384
8260,1.03134,-8.31127
8261,1.03213,-9.73108
8262,1.02298,-6.4122
8263,1.02635,-9.88392
8264,1.03031,-10.1347
8265,1.03016,-10.1665
8266,1.02666,-9.50838
8267,1.02645,-9.98473
8268,1.031,-9.88155
8269,1.02612,-9.90938
8270,1.02756,-9.65401
8271,1.02747,-9.6651
8272,1.02606,-9.8489
8273,1.02551,-9.9933
8274,1.02533,-10.0209
8275,1.03002,-8.37094
8276,1.01898,-5.64809
8277,1.01896,-5.65159
8278,1.01943,-5.97952
8279,0.981636,-5.57856
8280,0.981582,-5.58261
8281,0.981102,-5.58246
8282,0.98109,-5.58532
8283,1.00312,-5.10193
8284,0.990589,-4.56329
8285,0.990557,-4.56715
8286,0.98926,-4.67476
8287,0.993014,-4.79995
8288,0.992991,-4.80344
8289,1.01412,-5.06434
8290,1.01409,-5.07028
8291,1.01031,-5.43175
8292,0.994734,-5.00576
8293,0.998696,-5.11063
8294,0.993114,-4.94346
8295,0.992473,-4.91466
8296,0.992524,-4.90936
8297,1.00731,-5.54293
8298,1.00729,-5.54801
8299,0.992967,-4.95035
8300,1.01065,-6.08478
8301,1.01352,-5.83308
8302,1.01551,-5.96897
8303,1.01239,-5.9593
8304,1.01243,-5.9543
8305,0.982725,-5.17255
8306,0.988006,-4.9114
8307,1.00483,-6.09096
8308,0.984278,-5.27117
8309,0.987048,-5.13351
8310,1.00725,-5.93232
8311,0.989717,-5.03608
8312,1.00855,-6.07316
8313,1.00889,-6.08261
8314,1.00281,-5.72796
8315,1.00488,-5.99205
8316,1.00195,-5.848
8317,1.00676,-6.24134
8318,1.00499,-6.47007
8319,1.00867,-5.36057
8320,1.00848,-6.01554
8321,1.00913,-5.31893
8322,1.00822,-6.14721
8323,1.00814,-6.16319
8324,1.00784,-6.10631
8325,1.0042,-6.54344
8326,1.00368,-6.51364
8327,1.00365,-6.51987
8328,0.992694,-5.20535
8329,0.995006,-5.55001
8330,0.994987,-5.55322
8331,0.99783,-5.89725
8332,1.00281,-6.28325
8333,1.00279,-6.28544
8334,1.00171,-6.08983
8335,1.02209,-6.12799
8336,1.02743,-7.50355
8337,1.01659,-5.71498
8338,1.01753,-5.39816
8339,1.01695,-5.34112
8340,1.0186,-5.85535
8341,1.02209,-6.12801
8342,1.0248,-6.17863
8343,1.09573,27.9833
8344,1.09568,27.952
8345,1.09571,27.9814
8346,1.09417,28.2694
8347,1.08621,28.7739
8348,1.08655,30.097
8349,1.09416,28.2682
8350,1.09435,28.2193
8351,1.09723,17.8276
8352,1.09723,17.8265
8353,1.09715,17.822
8354,1.08513,11.3773
8355,1.08512,11.3753
8356,1.08485,11.3669
8357,1.01805,-5.99801
8358,1.02306,-6.45784
8359,1.01805,-5.99801
8360,1.01805,-5.99801
8361,1.01996,-5.99159
8362,1.01805,-5.99801
8363,1.09755,17.4049
8364,1.09753,17.4027
8365,1.09753,17.4045
8366,0.993216,-4.81214
8367,0.993189,-4.81791
8368,0.993216,-4.81852
8369,1.08734,8.04619
8370,1.08961,8.28377
8371,1.08737,8.04874
8372,1.08729,8.04135
8373,1.09165,19.5871
8374,1.09169,20.2942
8375,1.09166,19.5825
8376,1.09162,19.5835
8377,0.983651,-4.17097
8378,0.991082,-4.42782
8379,0.954374,-3.6693
8380,0.961361,-3.56559
8381,0.983639,-4.17276
8382,0.985991,-4.25914
8383,1.09567,20.1699
8384,1.09969,18.5886
8385,1.09563,20.1636
8386,1.09591,20.2743
8387,1.1,11.3561
8388,1.1,11.3556
8389,1.1,11.3561
8390,1.08001,1.56691
8391,1.08,1.5654
8392,1.07986,1.55592
8393,1.09954,20.1585
8394,1.1,22.4365
8395,1.1,22.1506
8396,1.1,22.3142
8397,1.09952,20.1556
8398,1.09909,20.0414
8399,1.08265,1.73265
8400,1.08257,1.72
8401,1.08229,1.71681
8402,1.08443,11.3091
8403,1.08464,11.8088
8404,1.08449,11.3127
8405,1.08435,11.3012
8406,1.03131,-6.67214
8407,1.03248,-7.65498
8408,1.03131,-6.67214
8409,1.02504,-5.40378
8410,1.03192,-6.68412
8411,1.0313,-6.67229
8412,1.09361,13.4032
8413,1.09944,13.9319
8414,1.1,13.6782
8415,1.09958,13.8849
8416,1.09364,13.3997
8417,1.09356,13.3987
8418,1.0834,21.9011
8419,1.09079,20.9763
8420,1.05397,22.7701
8421,1.05379,22.4645
8422,1.05427,22.6747
8423,1.08337,21.8972
8424,1.08383,21.8416
8425,1.08623,24.48
8426,1.08643,24.494
8427,1.08623,24.48
8428,1.08125,11.9104
8429,1.08114,11.8843
8430,1.08123,11.9072
8431,1.08285,0.7761
8432,1.08943,1.47514
8433,1.08277,0.769994
8434,1.08285,0.7761
8435,1.09189,21.1445
8436,1.0849,22.1262
8437,1.09205,21.1078
8438,1.09189,21.144
8439,1.01807,-4.93435
8440,1.01807,-4.93475
8441,1.01807,-4.93881
8442,1.09934,7.90262
8443,1.09368,7.14035
8444,1.1,7.92408
8445,1.09934,7.90262
8446,1.08704,24.5784
8447,1.08684,24.5592
8448,1.08704,24.5784
8449,1.08058,1.03497
8450,1.08373,1.37113
8451,1.08362,1.35337
8452,1.08253,1.23948
8453,1.08057,1.03669
8454,1.08058,1.03497
8455,1.09805,22.3895
8456,1.1,22.4325
8457,1.09816,22.4012
8458,1.09793,22.3776
8459,1.04041,-6.08744
8460,1.04051,-6.07952
8461,1.04033,-6.09536
8462,1.01773,-4.55521
8463,1.01772,-4.55898
8464,1.01773,-4.55521
8465,1.08957,6.6722
8466,1.09675,6.84117
8467,1.08955,6.67043
8468,1.08953,6.67317
8469,1.07515,0.665533
8470,1.07513,0.663306
8471,1.07508,0.666582
8472,1.08708,11.8542
8473,1.08594,11.8534
8474,1.08703,11.8465
8475,1.08822,4.03386
8476,1.08819,4.03031
8477,1.08822,4.03523
8478,1.01769,-4.75096
8479,1.01768,-4.75472
8480,1.01769,-4.75096
8481,1.09762,15.2775
8482,1.09761,15.2767
8483,1.09764,15.2755
8484,1.08151,8.55091
8485,1.1,9.23042
8486,1.1,9.0962
8487,1.1,9.0514
8488,1.0815,8.54928
8489,1.08237,8.47621
8490,1.08991,18.4064
8491,1.09437,17.5802
8492,1.08987,18.401
8493,1.09019,18.4799
8494,1.02574,-9.84621
8495,1.02564,-9.85987
8496,1.02585,-9.83585
8497,1.09994,11.0861
8498,1.09999,11.4102
8499,1.09993,11.0836
8500,1.09994,11.0861
8501,1.0684,1.12731
8502,1.07184,0.221854
8503,1.03346,2.49159
8504,1.06814,1.01926
8505,1.06838,1.12612
8506,1.09622,21.896
8507,1.1,23.5285
8508,1.1,23.1701
8509,1.09639,21.9159
8510,1.0959,21.8538
8511,1.09244,20.8868
8512,1.09489,19.9727
8513,1.08955,21.1097
8514,1.08208,21.2076
8515,1.08829,21.3132
8516,1.09239,20.8798
8517,1.09262,20.9192
8518,1.08681,20.1435
8519,1.08703,20.1037
8520,1.08681,20.1435
8521,1.09997,10.8569
8522,1.09993,10.8554
8523,1.09997,10.8569
8524,1.09337,6.02554
8525,1.09335,6.02357
8526,1.09337,6.02554
8527,1.07239,3.03186
8528,1.08124,2.40182
8529,1.07193,3.06249
8530,1.07239,3.03186
8531,1.07934,1.42459
8532,1.07929,1.4216
8533,1.07934,1.42459
8534,1.09851,25.4132
8535,1.09852,25.4944
8536,1.09853,25.5054
8537,1.0985,25.4125
8538,1.09851,25.4132
8539,1.0949,13.2739
8540,1.09489,13.2683
8541,1.0949,13.2739
8542,1.09803,22.1155
8543,1.00309,24.447
8544,1.00691,22.918
8545,1.09769,22.063
8546,1.09803,22.1155
8547,1.03151,-8.35826
8548,0.985443,-4.28086
8549,1.03148,-8.38502
8550,1.03151,-8.35826
8551,1.01884,3.22253
8552,1.00802,10.6235
8553,1.01377,8.12751
8554,1.01833,2.97166
8555,1.01884,3.22253
8556,1.09395,20.1003
8557,1.09383,20.0944
8558,1.09395,20.1003
8559,1.0905,7.20208
8560,1.09049,7.20014
8561,1.0905,7.20208
8562,1.09478,8.72579
8563,1.1,9.33653
8564,1.09453,8.64609
8565,1.09478,8.72579
8566,1.02752,-7.57507
8567,1.01954,-3.90231
8568,1.02751,-7.61339
8569,1.02752,-7.57507
8570,1.05949,-0.493363
8571,1.06683,-0.0112635
8572,1.03775,-0.28788
8573,1.04057,0.0407601
8574,1.03826,0.180527
8575,1.04073,-0.22456
8576,1.03876,-0.271407
8577,1.03576,0.00484578
8578,1.05985,-0.659405
8579,1.05949,-0.493363
8580,1.05949,-0.493363
8581,1.09757,27.3131
8582,1.09746,27.2854
8583,1.09757,27.3131
8584,1.08843,20.6873
8585,1.08771,20.2898
8586,1.04639,20.9623
8587,1.04004,21.1376
8588,1.02869,21.8394
8589,1.08733,20.6216
8590,1.08843,20.6873
8591,1.09218,7.15003
8592,1.09212,7.14607
8593,1.09218,7.15003
8594,1.08215,11.74
8595,1.08163,12.1021
8596,1.08163,12.1512
8597,1.08168,12.0182
8598,1.08214,11.7347
8599,1.08215,11.74
8600,1.08574,2.94829
8601,1.08566,2.94309
8602,1.08574,2.94829
8603,1.08319,0.800891
8604,1.08307,0.800631
8605,1.08319,0.800891
8606,1.06431,13.9987
8607,1.0692,12.694
8608,1.06456,14.031
8609,1.06431,13.9987
8610,1.09855,32.4221
8611,1.08644,36.7841
8612,1.09856,32.3408
8613,1.09855,32.4221
8614,1.1,8.34368
8615,1.09992,8.33647
8616,1.1,8.34368
8617,0.994563,-4.80782
8618,1.00254,-5.55384
8619,0.991369,-4.36932
8620,0.995776,-4.82973
8621,0.994563,-4.80782
8622,1.08704,11.6663
8623,1.1,12.7996
8624,1.09629,12.0507
8625,1.09887,12.7304
8626,1.09935,12.7694
8627,1.0983,12.0019
8628,1.08633,11.6334
8629,1.08704,11.6663
8630,1.08123,0.975752
8631,1.02242,4.6141
8632,1.08094,0.942982
8633,1.08123,0.975752
8634,1.1,31.1437
8635,1.0943,33.3814
8636,1.1,31.1155
8637,1.1,31.1437
8638,1.0933,6.11925
8639,1.09329,6.11879
8640,1.0933,6.11925
8641,1.09059,19.2458
8642,1.08408,20.8191
8643,1.08465,19.9017
8644,1.09063,19.2284
8645,1.09059,19.2458
8646,1.08031,11.645
8647,1.08433,13.2613
8648,1.08307,12.4533
8649,1.07988,11.5802
8650,1.08031,11.645
8651,1.02624,-9.89524
8652,1.02624,-9.89557
8653,1.02624,-9.89524
8654,1.0886,4.48115
8655,1.08858,4.47929
8656,1.0886,4.48115
8657,1.1,10.7938
8658,1.09994,10.792
8659,1.1,10.7938
8660,1.09174,9.99262
8661,1.09172,9.9883
8662,1.09174,9.99262
8663,1.08182,21.643
8664,1.087,20.0769
8665,1.0872,21.851
8666,1.08886,21.843
8667,1.08518,22.0005
8668,1.0848,21.7148
8669,1.08182,21.643
8670,0.989984,-4.61731
8671,0.991066,-4.71229
8672,0.986971,-3.8794
8673,0.992903,-4.68521
8674,0.989984,-4.61731
8675,1.09332,13.4243
8676,1.09331,13.417
8677,1.09332,13.4243
8678,1.09832,22.0091
8679,1.098,21.9887
8680,1.09832,22.0091
8681,1.08985,8.46933
8682,1.08986,8.46731
8683,1.08985,8.46933
8684,1.09996,31.0459
8685,1.07238,31.3812
8686,1.09995,31.0431
8687,1.09996,31.0459
8688,1.02767,-7.61392
8689,1.0277,-7.62671
8690,1.02767,-7.61392
8691,0.985017,-4.10145
8692,0.988741,-4.57099
8693,0.984865,-4.06383
8694,0.985017,-4.10145
8695,1.0894,7.46005
8696,1.09376,7.917
8697,1.08936,7.45728
8698,1.0894,7.46005
8699,1.1,22.9707
8700,1.07257,29.1269
8701,1.06894,27.5845
8702,1.06835,27.2957
8703,1.067,26.584
8704,1.06831,27.267
8705,1.07005,28.0896
8706,1.09899,22.7354
8707,1.1,22.9707
8708,1.0995,22.6261
8709,1.09945,22.6228
8710,1.0995,22.6261
8711,0.995024,-4.27087
8712,0.995044,-4.2767
8713,0.995024,-4.27087
8714,1.0946,12.9287
8715,1.09463,12.9151
8716,1.0946,12.9287
8717,1.08666,20.323
8718,1.07836,21.3737
8719,1.08675,20.3055
8720,1.08666,20.323
8721,1.05753,6.40471
8722,1.05197,4.55723
8723,1.08942,6.0066
8724,1.05987,6.48275
8725,1.05753,6.40471
8726,1.09195,19.6402
8727,1.04923,23.0257
8728,1.09188,19.6199
8729,1.09195,19.6402
8730,1.02623,-9.86585
8731,1.0253,-9.33507
8732,1.02514,-9.22854
8733,1.02549,-9.42911
8734,1.02544,-9.40389
8735,1.0254,-9.37031
8736,1.02622,-9.87673
8737,1.02623,-9.86585
8738,1.0645,11.6261
8739,1.06414,12.422
8740,1.06412,12.376
8741,1.06448,11.6174
8742,1.0645,11.6261
8743,1.0724,-0.204277
8744,1.09916,0.231791
8745,1.07208,-0.205895
8746,1.0724,-0.204277
8747,1.083,6.09435
8748,1.08792,6.27081
8749,1.08198,6.02769
8750,1.083,6.09435
8751,1.0898,18.695
8752,1.0887,18.3609
8753,1.08776,18.6805
8754,1.0898,18.695
8755,1.08904,20.6079
8756,1.1,22.6147
8757,1.08907,20.5898
8758,1.08904,20.6079
8759,1.0086,-6.04217
8760,1.00858,-6.05751
8761,1.0086,-6.04217
8762,1.02716,-9.97083
8763,1.02718,-9.97799
8764,1.02716,-9.97083
8765,1.08719,24.6231
8766,1.05099,27.3452
8767,1.0871,24.6019
8768,1.08719,24.6231
8769,1.09166,19.278
8770,1.09167,19.2695
8771,1.09166,19.278
8772,1.07797,1.16322
8773,1.1,1.22643
8774,1.07795,1.16243
8775,1.07797,1.16322
8776,0.989382,-4.5138
8777,0.991003,-4.89185
8778,0.989382,-4.5138
8779,0.989382,-4.5138
8780,0.990102,-4.49272
8781,0.989382,-4.5138
8782,1.01701,-4.95121
8783,1.017,-4.95645
8784,1.01701,-4.95121
8785,1.05495,-1.24845
8786,1.05966,-0.790083
8787,1.06027,-1.1613
8788,1.06382,-0.9701
8789,1.06368,-0.820149
8790,1.06538,-0.90068
8791,1.05612,-1.36008
8792,1.05495,-1.24845
8793,1.07949,1.43781
8794,1.0793,1.42235
8795,1.07949,1.43781
8796,1.09968,17.932
8797,1.09971,17.9258
8798,1.09968,17.932
8799,1.09151,21.8991
8800,1.1,22.9569
8801,1.09153,21.8789
8802,1.09151,21.8991
8803,1.08844,4.06935
8804,1.0919,4.4341
8805,1.09051,4.28669
8806,1.09037,4.26813
8807,1.0884,4.0663
8808,1.08844,4.06935
8809,1.08472,18.9951
8810,1.08474,18.9872
8811,1.08472,18.9951
8812,1.08843,7.96438
8813,1.08838,7.96107
8814,1.08843,7.96438
8815,1.0964,19.6739
8816,1.09637,19.6706
8817,1.0964,19.6739
8818,1.08843,8.36916
8819,1.09067,8.59857
8820,1.08979,8.5114
8821,1.09161,8.7023
8822,1.08839,8.36605
8823,1.08843,8.36916
8824,1.09025,2.03941
8825,1.0899,2.02428
8826,1.09025,2.03941
8827,1.09104,21.0892
8828,1.0915,20.8452
8829,1.09104,21.0892
8830,1.09104,21.0892
8831,1.09114,21.1053
8832,1.09104,21.0892
8833,1.0786,11.3818
8834,1.1,11.7678
8835,1.09889,12.4251
8836,1.07866,11.3684
8837,1.0786,11.3818
8838,1.08467,14.3055
8839,1.09047,14.6025
8840,1.08394,14.2642
8841,1.08467,14.3055
8842,1.09771,22.0908
8843,1.04543,22.0908
8844,1.09771,22.0908
8845,1.09771,22.0908
8846,1.1,24.2091
8847,1.04244,30.1956
8848,1.09962,24.1283
8849,1.1,24.2091
8850,1.04053,-4.435
8851,1.0442,-5.33782
8852,0.992065,-3.81242
8853,0.973594,-4.435
8854,1.04053,-4.435
8855,1.04053,-4.435
8856,1.03908,-4.4066
8857,1.04053,-4.435
8858,1.09439,10.2838
8859,1.09126,11.8612
8860,1.1,11.092
8861,1.08856,10.4116
8862,1.08951,10.5973
8863,1.0941,10.0638
8864,1.09439,10.2838
8865,1.09185,66.019
8866,1.09183,66.0172
8867,1.08911,66.3286
8868,1.0891,66.3277
8869,1.0853,65.0535
8870,1.06192,64.6766
8871,1.06959,61.3745
8872,1.06957,61.3681
8873,1.0696,61.3802
8874,1.09052,65.4385
8875,1.09051,65.4369
8876,1.06054,65.6976
8877,1.08753,66.0032
8878,1.08706,65.4646
8879,1.08842,65.7254
8880,1.08033,64.9787
8881,1.07673,59.2413
8882,1.07564,59.5333
8883,1.07056,59.6771
8884,1.08014,64.4864
8885,1.08673,65.9778
8886,1.08672,65.9761
8887,1.08208,64.9801
8888,1.0831,64.9748
8889,1.08173,65.0099
8890,1.08241,65.0814
8891,1.07447,64.39
8892,1.08025,59.7915
8893,1.08557,65.6484
8894,1.07867,64.8084
8895,1.07923,64.0716
8896,1.07878,64.2045
8897,1.07932,64.022
8898,1.08635,59.8383
8899,1.08634,59.8376
8900,1.08613,64.6265
8901,1.08237,65.3243
8902,1.08092,63.1119
8903,1.08091,63.1105
8904,1.09799,58.7602
8905,1.08098,63.3657
8906,1.09234,59.9902
8907,1.08839,62.7718
8908,1.0884,62.7737
8909,1.08027,62.8167
8910,1.08144,62.3278
8911,1.08138,62.3205
8912,1.08031,62.7407
8913,1.08067,62.7569
8914,1.08672,61.1033
8915,1.08595,55.7488
8916,1.08594,55.7469
8917,1.077,56.8379
8918,1.08023,56.449
8919,1.09503,60.3388
8920,1.09502,60.3371
8921,1.09926,59.1137
8922,1.09902,59.8425
8923,1.09903,59.8432
8924,1.08208,60.8748
8925,1.1,59.3791
8926,1.09998,59.3765
8927,1.09166,55.0263
8928,1.08622,59.7449
8929,1.08567,61.5886
8930,1.08977,55.785
8931,1.08061,55.47
8932,1.08139,55.5321
8933,1.08001,55.7233
8934,1.09578,56.1401
8935,1.09141,53.612
8936,1.07977,59.2768
8937,1.08675,60.1712
8938,1.08674,60.1702
8939,1.08178,54.4757
8940,1.08745,58.2858
8941,1.08735,58.1353
8942,1.09002,52.5214
8943,1.09001,52.5202
8944,1.0834,57.3268
8945,1.08571,57.4145
8946,1.08305,57
8947,1.0838,56.9777
8948,1.08376,56.9726
8949,1.08569,57.2951
8950,1.08574,57.2997
8951,1.08808,51.5667
8952,1.0762,58.1039
8953,1.07911,58.2145
8954,1.07914,58.2177
8955,1.07713,56.4187
8956,1.07694,52.0886
8957,1.07699,57.9801
8958,1.07702,57.9835
8959,1.08279,53.0288
8960,1.07299,51.4049
8961,1.08432,56.1194
8962,1.08168,55.5454
8963,1.09161,49.0305
8964,1.07315,56.6003
8965,1.07499,56.1935
8966,1.08077,49.674
8967,1.07165,54.9829
8968,1.06793,54.2273
8969,1.07685,53.7693
8970,1.07331,53.3043
8971,1.07535,52.999
8972,1.07532,52.9967
8973,1.06943,53.4637
8974,1.07554,48.3669
8975,1.07552,48.3646
8976,1.07591,50.1058
8977,1.08567,50.4656
8978,1.06777,52.5017
8979,1.06776,52.5003
8980,1.06312,52.864
8981,1.06322,52.1983
8982,1.06327,52.2037
8983,1.0643,53.0514
8984,1.06301,52.5424
8985,1.06335,51.161
8986,1.06527,53.3721
8987,1.06283,51.8333
8988,1.06298,51.4003
8989,1.06361,51.7635
8990,1.06365,51.7669
8991,1.06622,51.6595
8992,1.06714,49.7313
8993,1.07078,50.4241
8994,1.07086,50.4301
8995,1.07073,49.8003
8996,1.05875,46.8232
8997,1.06849,48.3606
8998,1.06756,46.4348
8999,1.06504,50.1565
9000,1.06502,50.1538
9001,1.06367,49.7571
9002,1.06478,45.8288
9003,1.06472,45.8201
9004,1.06348,49.2243
9005,1.06318,47.7053
9006,1.06439,45.7584
9007,1.07574,50.0237
9008,1.06256,48.4317
9009,1.06313,47.238
9010,1.09037,48.0752
9011,1.09037,48.0743
9012,1.06689,46.2715
9013,1.06548,46.5262
9014,1.06366,51.0091
9015,1.06348,50.9723
9016,1.06347,50.9696
9017,1.06381,50.8437
9018,1.06383,49.5625
9019,1.06243,50.4459
9020,1.06337,50.9833
9021,1.06926,50.9669
9022,1.06394,50.263
9023,1.0623,50.3539
9024,1.06237,50.5059
9025,1.06224,50.4817
9026,1.06207,50.3419
9027,1.06225,50.8337
9028,1.06242,50.8479
9029,1.06647,48.0222
9030,1.06917,48.0339
9031,1.07034,47.8299
9032,1.07032,47.8278
9033,1.06277,50.7241
9034,1.06392,50.6736
9035,1.06312,50.4539
9036,1.07195,46.0913
9037,1.07194,46.0899
9038,1.0625,45.6331
9039,1.07384,51.1674
9040,1.07329,51.1297
9041,1.07235,50.8234
9042,1.06849,42.8816
9043,1.06271,45.3544
9044,1.06273,45.3559
9045,1.06281,50.5644
9046,1.06276,50.5566
9047,1.06268,50.6044
9048,1.06324,51.0428
9049,1.06255,50.7825
9050,1.06277,52.0758
9051,1.06387,51.5863
9052,1.06456,52.4921
9053,1.06253,52.0536
9054,1.0635,51.071
9055,1.06257,50.2907
9056,1.06268,50.3076
9057,1.0632,50.26
9058,1.06352,50.1996
9059,1.05634,51.9445
9060,1.06758,50.2369
9061,1.05629,51.9358
9062,1.06755,49.582
9063,1.06319,51.0251
9064,1.06194,49.8565
9065,1.06205,49.87
9066,1.06183,49.8429
9067,1.06661,49.8256
9068,1.06662,50.0548
9069,1.06507,51.1712
9070,1.06365,51.1348
9071,1.06372,51.1459
9072,1.0676,48.2861
9073,1.06715,48.4229
9074,1.06708,48.4124
9075,1.06729,48.3593
9076,1.06276,50.7367
9077,1.06329,50.0152
9078,1.06311,50.3631
9079,1.05694,43.3339
9080,1.07203,45.1413
9081,1.07203,45.1402
9082,1.07037,45.9416
9083,1.06282,50.7269
9084,1.06432,49.8294
9085,1.06506,50.6528
9086,1.06752,49.4972
9087,1.0675,49.495
9088,1.06758,49.6534
9089,1.06164,50.2579
9090,1.06299,42.5334
9091,1.06345,40.9779
9092,1.06349,40.9818
9093,1.06232,49.9914
9094,1.06157,50.7991
9095,1.06193,50.3118
9096,1.0614,49.9113
9097,1.06684,49.6991
9098,1.06397,49.9802
9099,1.06843,49.1826
9100,1.05523,42.2357
9101,1.04671,41.449
9102,1.07104,48.6656
9103,1.06786,48.9556
9104,1.06789,48.9603
9105,1.06642,49.3548
9106,1.06783,49.6355
9107,1.06207,39.7018
9108,1.07386,41.1292
9109,1.06946,48.6569
9110,1.07251,45.411
9111,1.07311,47.8133
9112,1.07307,47.8083
9113,1.07314,47.8181
9114,1.07297,46.9712
9115,1.06395,49.5765
9116,1.06484,49.4602
9117,1.07003,48.825
9118,1.07127,48.4105
9119,1.07344,46.8501
9120,1.0714,48.2419
9121,1.07137,48.2369
9122,1.07441,46.1183
9123,1.07214,38.2221
9124,1.07216,38.2241
9125,1.072,39.1312
9126,1.07198,39.1294
9127,1.06371,38.3767
9128,1.06371,38.3781
9129,1.05331,38.9017
9130,1.06882,36.3637
9131,1.06791,37.7818
9132,1.06695,36.8554
9133,1.06692,36.8512
9134,1.06663,36.6492
9135,1.07485,46.4385
9136,1.07482,46.4345
9137,1.07401,44.6898
9138,1.07145,47.6107
9139,1.07394,45.4825
9140,1.0796,45.7497
9141,1.07958,45.7486
9142,1.06569,36.1915
9143,1.05788,37.3573
9144,1.05785,37.3542
9145,1.05937,37.0153
9146,1.07471,34.5383
9147,1.07471,34.5374
9148,1.08082,33.3806
9149,1.06825,36.2751
9150,1.06755,34.995
9151,1.06971,34.4357
9152,1.07009,34.2473
9153,1.06964,34.6717
9154,1.07391,32.6925
9155,1.08541,36.4404
9156,1.08021,38.0821
9157,1.07773,37.1626
9158,1.07772,37.1603
9159,1.07213,33.8097
9160,1.07214,33.8104
9161,1.074,35.4855
9162,1.07351,32.9758
9163,1.0924,38.7984
9164,1.0755,33.5919
9165,1.07548,33.59
9166,1.08169,30.3035
9167,1.08167,30.3021
9168,1.07989,31.0514
9169,1.07945,30.9031
9170,1.08808,31.6407
9171,1.07391,32.2169
9172,1.09623,33.6614
9173,1.09652,33.7622
9174,1.09646,33.7582
9175,1.09173,34.1333
9176,1.0931,34.1307
9177,1.08523,32.7457
9178,1.08522,32.7442
9179,1.09485,35.405
9180,1.08415,28.6052
9181,1.09053,34.5361
9182,1.09319,30.5095
9183,1.07564,31.1056
9184,1.09294,29.3918
9185,1.09264,29.9746
9186,1.09265,29.9769
9187,1.09295,30.4483
9188,1.08669,27.7177
9189,1.08858,26.4719
9190,1.0879,27.401
9191,1.09039,26.8751
9192,1.08803,27.4994
9193,1.09124,27.0254
9194,1.09254,27.7231
9195,1.08791,26.8577
9196,1.08882,26.2545
9197,1.09523,29.4696
9198,1.09522,29.4682
9199,1.09599,29.9074
9200,1.096,29.9084
9201,1.09639,30.6607
9202,1.09444,30.1554
9203,1.0979,31.908
9204,1.09391,28.3558
9205,1.09375,28.7439
9206,1.09407,29.1637
9207,1.08853,26.7809
9208,1.09783,28.9148
9209,1.09784,28.9163
9210,1.09555,29.456
9211,1.08869,27.0908
9212,1.08873,27.0948
9213,1.08819,25.9827
9214,1.08959,25.6107
9215,1.08342,24.7941
9216,1.09153,26.215
9217,1.08334,24.7849
9218,1.08419,24.7032
9219,1.0899,26.2233
9220,1.09456,28.0646
9221,1.08071,27.7521
9222,1.09573,28.4185
9223,1.09152,26.7534
9224,1.08952,26.026
9225,1.0912,26.3871
9226,1.09107,26.2552
9227,1.08918,26.1974
9228,1.08912,26.2076
9229,1.08914,26.1892
9230,1.08822,25.8807
9231,1.08821,25.8781
9232,1.08851,25.9656
9233,1.08773,25.6769
9234,1.09557,28.8002
9235,1.0947,28.8978
9236,1.09155,25.1883
9237,1.09156,25.1899
9238,1.09292,27.633
9239,1.09697,29.1379
9240,1.09699,29.1406
9241,1.09006,24.45
9242,1.0832,28.4183
9243,1.08319,28.4167
9244,1.0832,28.4198
9245,1.08502,28.2708
9246,1.08501,28.2685
9247,1.09491,27.5524
9248,1.0845,26.3
9249,1.09262,27.2942
9250,1.09238,27.4384
9251,1.09265,27.3751
9252,1.09262,27.3721
9253,1.09451,24.0399
9254,1.09444,25.1982
9255,1.09529,26.4095
9256,1.099,24.4431
9257,1.09661,25.837
9258,1.0966,26.819
9259,1.09771,25.0295
9260,1.09769,25.0262
9261,1.09774,25.0328
9262,1.08895,27.9794
9263,1.08896,27.9808
9264,1.08938,24.0643
9265,1.09014,24.1302
9266,1.09015,24.1326
9267,1.09089,24.1886
9268,1.0909,24.1909
9269,1.09224,24.3333
9270,1.09014,23.9609
9271,1.08698,25.3304
9272,1.0935,26.3314
9273,1.09982,23.2998
9274,1.09992,22.5153
9275,1.09927,22.5992
9276,1.09375,23.0501
9277,1.09399,23.2982
9278,1.09367,25.6076
9279,1.09351,25.0883
9280,1.09353,25.0925
9281,1.09115,26.0382
9282,1.09114,26.0365
9283,1.09267,23.8044
9284,1.09306,22.072
9285,1.0931,22.0776
9286,1.09092,23.4288
9287,1.09089,23.4246
9288,1.09331,23.029
9289,1.08685,23.9628
9290,1.08679,23.9574
9291,1.08631,24.3643
9292,1.08157,23.8113
9293,1.08676,24.0843
9294,1.08152,23.8046
9295,1.08719,23.9251
9296,1.09835,24.2148
9297,1.09834,24.2133
9298,1.09964,23.3281
9299,1.09122,24.7981
9300,1.08808,24.5433
9301,1.08765,24.4773
9302,1.08928,24.7246
9303,1.09652,23.1073
9304,1.09311,22.1095
9305,1.0931,22.1075
9306,1.09012,22.0609
9307,1.09008,22.0559
9308,1.08773,23.9474
9309,1.08795,24.0274
9310,1.09003,22.5702
9311,1.09344,20.621
9312,1.09074,21.1244
9313,1.09182,20.7014
9314,1.0909,21.1419
9315,1.08756,23.9299
9316,1.09582,22.2464
9317,1.09579,22.2411
9318,1.08868,24.253
9319,1.09189,21.1725
9320,1.09368,21.517
9321,1.09089,22.5822
9322,1.09199,21.2409
9323,1.09149,22.7011
9324,1.09032,20.5937
9325,1.09036,20.5987
9326,1.09014,20.3383
9327,1.09019,20.0867
9328,1.08935,22.0532
9329,1.09352,22.6383
9330,1.09024,19.97
9331,1.09106,20.7429
9332,1.09099,20.7344
9333,1.09128,20.7784
9334,1.09141,20.7248
9335,1.09272,21.6124
9336,1.09236,21.4511
9337,1.09314,22.0974
9338,1.09363,20.2198
9339,1.09316,21.8514
9340,1.09051,20.7754
9341,1.09086,20.4077
9342,1.09935,22.1209
9343,1.09375,20.6945
9344,1.09289,20.5546
9345,1.09275,20.3785
9346,1.08831,21.2238
9347,1.09438,20.7535
9348,1.08965,21.2681
9349,1.08828,21.2196
9350,1.09168,20.2505
9351,1.09397,20.6759
9352,1.0914,20.5772
9353,1.09138,20.5745
9354,1.08503,21.6763
9355,1.08505,21.6794
9356,1.085,21.6729
9357,1.08668,21.4888
9358,1.08666,21.4875
9359,1.09058,20.2818
9360,1.09054,20.1199
9361,1.09052,20.0684
9362,1.09166,20.0647
9363,1.09157,20.0517
9364,1.09175,20.077
9365,1.09181,20.4824
9366,1.09044,20.2228
9367,1.09738,22.89
9368,1.0972,22.475
9369,1.09723,22.4788
9370,1.09737,22.1922
9371,1.09903,21.9633
9372,1.09227,19.8451
9373,1.09211,19.8309
9374,1.0849,22.7074
9375,1.09049,21.012
9376,1.08479,22.6955
9377,1.08738,22.7919
9378,1.09219,19.7662
9379,1.09213,19.7592
9380,1.09014,19.852
9381,1.09003,19.8403
9382,1.0902,20.4849
9383,1.09057,20.8595
9384,1.09055,20.8546
9385,1.09112,20.5761
9386,1.09493,22.0541
9387,1.09151,20.4923
9388,1.09226,21.0555
9389,1.09223,21.0501
9390,1.09283,21.3697
9391,1.09273,21.4039
9392,1.09267,21.3953
9393,1.09279,21.4124
9394,1.09269,21.4623
9395,1.09262,21.4568
9396,1.09269,21.4619
9397,1.09294,20.0783
9398,1.09102,20.5939
9399,1.09526,19.9297
9400,1.0926,19.7311
9401,1.09125,20.5865
9402,1.09553,21.6471
9403,1.09116,20.2017
9404,1.09022,19.6233
9405,1.09013,19.6133
9406,1.09317,21.7625
9407,1.09315,21.7597
9408,1.1,21.1464
9409,1.09561,21.7873
9410,1.09086,20.318
9411,1.09072,20.3037
9412,1.09101,20.3318
9413,1.09567,21.97
9414,1.09394,21.7605
9415,1.09279,21.418
9416,1.09177,20.6557
9417,1.09351,19.95
9418,1.09354,19.9554
9419,1.08995,20.5875
9420,1.09173,20.1295
9421,1.09444,19.9039
9422,1.09437,19.8929
9423,1.0945,19.9142
9424,1.09194,19.9742
9425,1.09129,20.0642
9426,1.09312,19.9556
9427,1.09326,19.6331
9428,1.09545,20.8883
9429,1.09309,19.9458
9430,1.09033,20.6289
9431,1.09032,20.5292
9432,1.0983,19.8939
9433,1.09111,20.6656
9434,1.09029,20.5236
9435,1.09548,19.4505
9436,1.09705,19.7058
9437,1.09117,19.4465
9438,1.09432,19.5221
9439,1.09255,20.0181
9440,1.09332,20.8945
9441,1.08183,62.3553
9442,1.08349,62.4623
9443,1.07812,63.7516
9444,1.08182,62.355
9445,1.08158,62.2492
9446,1.07279,54.7775
9447,1.0728,54.7758
9448,1.07278,54.7754
9449,1.05331,66.3332
9450,1.05327,66.28
9451,1.05331,66.3328
9452,1.06302,48.7397
9453,1.06209,48.8318
9454,1.0624,48.8137
9455,1.06303,48.7397
9456,1.06302,48.7389
9457,1.06325,51.1949
9458,1.06325,51.1944
9459,1.06327,51.1869
9460,1.06352,49.4622
9461,1.05526,54.594
9462,1.05995,53.2407
9463,1.06352,49.4618
9464,1.0636,49.3505
9465,1.05345,52.2706
9466,1.06292,51.1747
9467,1.05219,52.5623
9468,1.04818,53.0053
9469,1.05345,52.2698
9470,1.0563,52.2115
9471,1.09536,28.4106
9472,1.09537,28.411
9473,1.09536,28.4106
9474,1.0689,52.6297
9475,1.06889,52.628
9476,1.06891,52.6297
9477,1.06592,50.4763
9478,1.06944,53.6731
9479,1.06478,51.5519
9480,1.0701,53.89
9481,1.06591,50.4748
9482,1.06592,50.4763
9483,1.07876,28.7657
9484,1.07835,29.0115
9485,1.07774,29.3379
9486,1.07807,29.1333
9487,1.07758,29.4036
9488,1.07875,28.7575
9489,1.07876,28.7655
9490,1.07043,49.1399
9491,1.07047,49.1142
9492,1.07043,49.1399
9493,1.08731,66.3218
9494,1.08736,66.303
9495,1.03749,67.949
9496,1.0873,66.3212
9497,1.08716,66.1798
9498,1.06951,48.9957
9499,1.0928,49.1029
9500,1.09381,49.129
9501,1.09268,49.0376
9502,1.09345,49.0569
9503,1.06946,48.9949
9504,1.06951,48.9957
9505,1.06343,50.9333
9506,1.06342,50.9319
9507,1.06342,50.9335
9508,1.08905,23.6935
9509,1.09338,23.3704
9510,1.09055,23.697
9511,1.08903,23.6901
9512,1.08455,62.6484
9513,1.08454,62.6477
9514,1.08444,62.5678
9515,1.09295,27.5408
9516,1.09218,28.0333
9517,1.09228,27.9295
9518,1.0923,27.9204
9519,1.09193,28.0978
9520,1.09294,27.5399
9521,1.09293,27.5305
9522,1.09154,65.7184
9523,1.09154,65.7178
9524,1.09154,65.7161
9525,1.06153,52.7
9526,1.05217,53.5136
9527,1.06153,52.6993
9528,1.06168,52.6823
9529,1.06165,44.8768
9530,1.06162,44.8729
9531,1.06167,44.8753
9532,1.08647,65.3283
9533,1.08199,65.3912
9534,1.08647,65.3275
9535,1.08683,65.2965
9536,1.0728,50.3854
9537,1.07279,50.3767
9538,1.0728,50.3854
9539,1.06951,61.2532
9540,1.06943,61.2538
9541,1.06961,61.249
9542,1.09966,57.8783
9543,1.09967,57.88
9544,1.09966,57.8765
9545,1.06267,53.0942
9546,1.06252,53.0462
9547,1.06267,53.0942
9548,1.07635,57.6837
9549,1.0765,57.679
9550,1.07656,57.6808
9551,1.07038,52.8539
9552,1.07372,51.6331
9553,1.07038,52.8532
9554,1.07053,53.1033
9555,1.07433,46.71
9556,1.0742,46.7121
9557,1.0743,46.7059
9558,1.09286,55.9285
9559,1.09285,55.928
9560,1.09286,55.9289
9561,1.09185,27.527
9562,1.09185,27.5262
9563,1.09185,27.527
9564,1.09478,21.5002
9565,1.1,22.8135
9566,1.1,23.2118
9567,1.0945,21.4606
9568,1.09471,21.4931
9569,1.06296,48.7447
9570,1.06297,48.7456
9571,1.06295,48.7428
9572,1.08737,62.0933
9573,1.08736,62.092
9574,1.08737,62.0923
9575,1.0946,22.6544
9576,1.0946,22.6509
9577,1.0946,22.6544
9578,1.1,33.0986
9579,1.02194,33.5605
9580,1.02403,34.7352
9581,1.02489,36.2499
9582,1.02208,33.8612
9583,1.02408,34.9732
9584,1.02377,33.788
9585,1.1,33.0983
9586,1.09913,33.0036
9587,1.08775,63.5552
9588,1.08776,63.5553
9589,1.08774,63.5545
9590,1.08229,55.6501
9591,1.07876,56.0455
9592,1.08006,56.122
9593,1.0789,55.9286
9594,1.08226,55.6451
9595,1.08238,55.6424
9596,1.08344,65.0093
9597,1.08344,65.0091
9598,1.08344,65.009
9599,1.09288,27.4806
9600,1.09145,28.2624
9601,1.0923,27.8161
9602,1.09135,28.3602
9603,1.09287,27.4789
9604,1.09289,27.4798
9605,1.07968,54.7439
9606,1.0596,54.8732
9607,1.05275,55.0763
9608,1.05267,55.1428
9609,1.05931,55.0247
9610,1.07966,54.7407
9611,1.0797,54.7414
9612,1.08724,20.365
9613,1.08985,20.7343
9614,1.08715,20.3628
9615,1.08726,20.3276
9616,1.09377,22.2598
9617,1.09373,22.2589
9618,1.09382,22.259
9619,1.08269,51.1403
9620,1.08271,51.1407
9621,1.08268,51.1372
9622,1.06628,57.606
9623,1.0713,56.809
9624,1.05671,60.8835
9625,1.06893,57.3646
9626,1.06628,57.606
9627,1.09142,23.9124
9628,1.0914,23.9085
9629,1.09141,23.9131
9630,1.09815,39.9282
9631,1.1,44.4641
9632,1.09813,39.926
9633,1.09788,39.8166
9634,1.07928,59.7881
9635,1.07928,59.783
9636,1.07927,59.7862
9637,1.07036,55.4009
9638,1.05414,60.796
9639,1.07042,55.3423
9640,1.07036,55.4009
9641,1.09588,21.571
9642,1.09582,21.5637
9643,1.09565,21.5745
9644,1.08245,56.2054
9645,1.08245,56.2045
9646,1.08245,56.2007
9647,1.07412,47.3355
9648,1.0741,47.3343
9649,1.07412,47.3355
9650,1.09834,28.162
9651,1.09831,28.1585
9652,1.09834,28.1535
9653,1.06493,51.2457
9654,1.03048,53.2374
9655,1.02978,52.6028
9656,1.02844,52.1657
9657,1.06493,51.2451
9658,1.06433,51.1879
9659,1.07294,59.8906
9660,1.07333,59.8846
9661,1.07306,59.8871
9662,1.06797,63.3243
9663,1.06763,63.3753
9664,1.06746,63.3726
9665,1.06798,63.3223
9666,1.06795,63.3258
9667,1.07834,28.8052
9668,1.07741,28.9602
9669,1.07833,28.8035
9670,1.07854,28.8041
9671,1.07412,60.5802
9672,1.07815,60.3051
9673,1.07086,61.8084
9674,1.07411,60.5798
9675,1.0777,60.5051
9676,1.07141,59.2179
9677,1.07623,58.296
9678,1.07395,59.2446
9679,1.07141,59.2179
9680,1.07144,48.2159
9681,1.06542,48.8525
9682,1.07143,48.2147
9683,1.071,48.2035
9684,1.07933,56.7428
9685,1.07723,57.1188
9686,1.07841,56.8594
9687,1.07933,56.7407
9688,1.07933,56.7427
9689,1.08762,63.7485
9690,1.08745,63.8446
9691,1.08761,63.7474
9692,1.08763,63.7485
9693,1.09075,27.4409
9694,1.09176,27.4771
9695,1.09059,27.431
9696,1.09075,27.4408
9697,1.06792,49.2448
9698,1.07476,49.5302
9699,1.07103,49.3138
9700,1.06779,49.2431
9701,1.06791,49.2439
9702,1.09474,20.8615
9703,1.09473,20.8606
9704,1.09434,20.8428
9705,1.09549,29.9961
9706,1.09548,29.9949
9707,1.09548,29.9874
9708,1.09093,22.2921
9709,1.09543,21.9984
9710,1.04221,22.5198
9711,1.03526,22.8442
9712,1.05004,22.4265
9713,1.04261,22.5184
9714,1.09091,22.2903
9715,1.09143,22.2677
9716,1.08043,61.8923
9717,1.08064,62.2926
9718,1.08487,62.278
9719,1.08103,61.8217
9720,1.08043,61.8918
9721,1.07202,60.4111
9722,1.07175,60.5683
9723,1.07115,60.8839
9724,1.07136,60.7888
9725,1.07123,60.8981
9726,1.07201,60.409
9727,1.07208,60.409
9728,1.08612,25.2089
9729,1.09263,28.2489
9730,1.08612,25.2089
9731,1.08612,25.2089
9732,1.08612,25.2089
9733,1.08675,25.057
9734,1.08612,25.2087
9735,1.09322,21.7923
9736,1.1,23.3668
9737,1.09332,21.7215
9738,1.09322,21.7923
9739,1.08462,56.7839
9740,1.08462,56.783
9741,1.0846,56.7816
9742,1.09474,22.3416
9743,1.09473,22.3379
9744,1.09474,22.3416
9745,1.08941,53.7596
9746,1.04879,53.8923
9747,1.04937,53.8043
9748,1.09001,53.7469
9749,1.08832,53.7791
9750,1.08099,57.0374
9751,0.976767,58.515
9752,1.08099,57.0369
9753,1.08105,57.0262
9754,1.07434,57.6607
9755,1.06709,60.503
9756,1.07434,57.6599
9757,1.07434,57.6314
9758,1.07881,57.8443
9759,1.07884,57.8457
9760,1.07878,57.8416
9761,1.08136,63.4733
9762,1.08099,63.7579
9763,1.08127,63.3852
9764,1.08136,63.4732
9765,1.08071,65.3706
9766,1.08077,65.3598
9767,1.08071,65.3706
9768,1.09092,24.2607
9769,1.08956,24.8284
9770,1.09775,24.8232
9771,1.0926,24.5483
9772,1.09092,24.1901
9773,1.09092,24.2598
9774,1.07507,50.9108
9775,1.07507,50.9102
9776,1.07495,50.9084
9777,1.06715,59.8985
9778,1.06716,59.8883
9779,1.06715,59.8985
9780,1.07956,65.5459
9781,1.07956,65.5457
9782,1.07956,65.5459
9783,1.09325,21.5577
9784,1.09328,21.5543
9785,1.09325,21.5577
9786,1.099,22.4075
9787,1.09847,22.3445
9788,1.099,22.4075
9789,1.09793,28.9094
9790,1.09791,28.9084
9791,1.09793,28.9094
9792,1.06094,45.3881
9793,1.06093,45.3868
9794,1.06094,45.3881
9795,1.07368,47.5869
9796,1.07362,47.5856
9797,1.07368,47.5869
9798,1.09384,22.9042
9799,1.09334,23.1735
9800,1.08454,24.1872
9801,1.09385,22.8974
9802,1.09384,22.9042
9803,1.08235,62.5566
9804,1.0596,65.8662
9805,1.0826,62.4879
9806,1.08235,62.5566
9807,1.08509,65.5651
9808,1.08501,65.1217
9809,1.08386,65.6866
9810,1.08672,65.5729
9811,1.08509,65.5651
9812,1.04422,41.3351
9813,1.04536,41.3211
9814,1.04422,41.3351
9815,1.09518,28.935
9816,1.09504,28.6404
9817,1.0953,28.9597
9818,1.09518,28.935
9819,1.09779,29.1618
9820,1.09773,29.1605
9821,1.09779,29.1618
9822,1.09474,28.7503
9823,1.09703,28.8131
9824,1.1,29.986
9825,1.1,30.8085
9826,1.09473,28.7497
9827,1.09474,28.7503
9828,1.09824,26.2911
9829,1.09845,28.0951
9830,1.09876,28.494
9831,1.09713,25.9014
9832,1.09824,26.2911
9833,1.08167,66.381
9834,1.08781,66.0969
9835,1.08244,66.384
9836,1.08167,66.381
9837,1.08502,65.0498
9838,1.08503,65.0474
9839,1.08502,65.0498
9840,1.07433,51.2377
9841,1.0743,51.2359
9842,1.07433,51.2377
9843,1.08712,66.291
9844,1.08268,67.2363
9845,1.08283,67.2027
9846,1.08261,67.0249
9847,1.08591,66.6086
9848,1.08718,66.2638
9849,1.08712,66.291
9850,1.07613,65.7651
9851,1.06602,66.8586
9852,1.07646,65.7119
9853,1.07613,65.7651
9854,1.08382,65.1736
9855,1.08382,65.1725
9856,1.08382,65.1736
9857,1.09196,27.5049
9858,1.0921,27.4967
9859,1.09196,27.5049
9860,1.09214,27.3913
9861,1.09216,27.389
9862,1.09214,27.3913
9863,1.08966,21.0891
9864,1.08969,21.0839
9865,1.08966,21.0891
9866,1.08742,58.3073
9867,1.0874,58.2985
9868,1.08742,58.3073
9869,1.07581,57.9206
9870,1.07581,57.917
9871,1.07581,57.9206
9872,1.06627,50.4239
9873,1.08424,50.9013
9874,1.08133,50.5912
9875,1.09999,55.4703
9876,1.0662,50.4183
9877,1.06627,50.4239
9878,1.09684,26.4119
9879,1.09684,26.4098
9880,1.09684,26.4119
9881,1.09426,23.5407
9882,1.09427,23.5374
9883,1.09426,23.5407
9884,1.06018,45.1527
9885,1.06027,45.1446
9886,1.06018,45.1527
9887,1.08159,65.3562
9888,1.07283,68.7738
9889,1.08158,65.2883
9890,1.08159,65.3562
9891,1.04603,41.1468
9892,1.03169,41.4823
9893,1.03892,41.1997
9894,1.03217,41.3835
9895,1.04604,41.1424
9896,1.04603,41.1468
9897,1.09237,24.3756
9898,1.02994,26.1854
9899,1.03012,25.2148
9900,1.03208,26.3584
9901,1.09163,24.2895
9902,1.09237,24.3756
9903,1.09577,29.442
9904,1.0957,29.4407
9905,1.09577,29.442
9906,1.07781,31.7404
9907,1.07774,31.7385
9908,1.07781,31.7404
9909,1.09695,26.4651
9910,1.09643,26.7926
9911,1.09559,27.1695
9912,1.09623,26.8523
9913,1.09693,26.4578
9914,1.09695,26.4651
9915,1.07284,59.5579
9916,1.0728,59.5538
9917,1.07284,59.5579
9918,1.08315,53.8929
9919,1.08416,53.8765
9920,1.08257,53.8986
9921,1.05726,57.5537
9922,1.07082,55.9539
9923,1.05369,58.9286
9924,1.0585,57.5245
9925,1.05726,57.5537
9926,1.07731,51.8102
9927,1.07712,51.8092
9928,1.0775,51.808
9929,1.08952,22.7344
9930,1.09225,22.3423
9931,1.08948,22.7536
9932,1.08952,22.7344
9933,1.1,22.9406
9934,1.09999,22.9347
9935,1.1,22.9406
9936,1.08842,22.3343
9937,1.09229,21.2889
9938,1.08842,22.3343
9939,1.08842,22.3343
9940,1.08903,22.4
9941,1.08842,22.3343
9942,1.06798,46.7237
9943,1.06796,46.7152
9944,1.06798,46.7237
9945,1.0802,65.2673
9946,1.07739,65.7096
9947,1.0784,65.722
9948,1.08022,65.2612
9949,1.0802,65.2673
9950,1.06551,50.5721
9951,1.06661,50.7179
9952,1.06647,50.627
9953,1.0655,50.5712
9954,1.06551,50.5721
9955,1.08278,53.8074
9956,1.08399,53.7881
9957,1.08216,53.8148
9958,1.07488,48.5338
9959,1.07484,48.5312
9960,1.07488,48.5338
9961,1.08373,57.2396
9962,1.08996,57.5808
9963,1.08985,57.6293
9964,1.08372,57.237
9965,1.08373,57.2396
9966,1.09576,29.8365
9967,1.095,29.9761
9968,1.09576,29.8357
9969,1.09576,29.8365
9970,1.0709,49.1357
9971,1.07079,49.0966
9972,1.0709,49.1357
9973,1.06204,53.1275
9974,1.06209,53.0911
9975,1.06204,53.1275
9976,1.07666,47.3852
9977,1.04839,49.0879
9978,1.07642,47.379
9979,1.07666,47.3852
9980,1.09329,21.5937
9981,1.09318,21.5916
9982,1.09329,21.5937
9983,1.08979,44.2042
9984,1.1,49.1252
9985,1.08937,44.1269
9986,1.08979,44.2042
9987,1.07363,57.675
9988,1.0672,60.3017
9989,1.07363,57.6447
9990,1.07363,57.675
9991,1.06309,51.4142
9992,0.992204,52.5734
9993,0.991235,52.9836
9994,1.06303,51.3756
9995,1.06309,51.4142
9996,1.05909,57.3763
9997,1.0714,54.5147
9998,1.05398,59.2912
9999,1.0607,57.4953
10000,1.05909,57.3763
