bus_id,Vm,Va_deg
50134,1.1,-55.0091
50135,1.09215,-59.2137
50136,1.07546,-50.138
50137,1.07102,-47.2043
50138,1.09851,-36.6758
50139,1.0697,-59.2626
50140,1.03625,-58.1495
50141,1.04727,-53.4035
50142,1.02942,-67.9125
50143,1.05649,-51.812
50144,1.02901,-67.8866
50145,1.06714,-42.3359
50146,1.06347,-57.0891
50147,1.03888,-67.1058
50148,1.03391,-61.4001
50149,1.04419,-57.6013
50150,1.04608,-60.6724
50151,1.03023,-66.9112
50152,1.03997,-62.7974
50153,1.02014,-63.4685
50154,1.05926,-60.893
50155,1.03772,-64.3853
50156,1.04148,-64.7463
50157,1.05581,-60.6343
50158,1.06917,-47.9673
50159,1.08168,-51.0335
50160,1.08384,-55.1869
50161,1.05309,-61.2441
50162,1.07868,-48.4524
50163,1.0323,-56.529
50164,1.03306,-56.42
50165,1.06107,-60.0941
50166,1.03689,-55.6296
50167,1.06249,-56.4175
50168,1.04249,-56.6863
50169,1.05095,-52.5065
50170,1.02858,-61.7237
50171,1.04709,-62.0736
50172,1.02534,-60.8402
50173,1.06593,-55.5163
50175,1.03298,-61.235
50176,1.09245,-51.927
50178,1.02545,-59.2819
50179,1.025,-59.3554
50181,0.994916,-69.2894
50182,0.986414,-69.1289
50183,1.01536,-71.084
50185,1.01209,-72.4656
50186,1.031,-73.9296
50187,0.967702,-78.1758
50188,0.995796,-80.9518
50189,0.975034,-78.8067
50190,0.981973,-78.3192
50191,0.977362,-76.6961
50192,1.00103,-72.943
50193,1.02207,-73.2502
50194,0.975286,-78.7832
50195,0.993651,-79.3383
50196,1.01622,-71.561
50197,0.982252,-77.8406
50200,0.981194,-76.9031
50201,0.975875,-78.6347
50202,1.00499,-74.8445
50203,1.01812,-71.8717
50205,0.99342,-79.5069
50206,1.07451,-62.8975
50207,1.08361,-64.4379
50208,1.06355,-66.0277
50209,1.0484,-72.3703
50210,1.06093,-69.0664
50211,0.951219,-80.6205
50212,1.03726,-81.6664
50213,1.05222,-68.9861
50214,1.06153,-76.4175
50215,1.0401,-76.1764
50216,1.04904,-72.4985
50217,1.02927,-81.7361
50218,1.0303,-76.2841
50219,0.954968,-79.6555
50220,1.04475,-73.6048
50221,1.06461,-65.9048
50222,1.08521,-78.3851
50223,1.07596,-68.7849
50224,1.0168,-74.173
50225,1.04552,-75.0301
50226,1.08254,-69.3451
50227,1.02972,-81.8661
50228,1.05455,-71.4976
50229,1.06305,-67.2511
50230,1.07393,-71.5683
50231,1.01985,-78.8362
50232,1.03702,-79.1354
50233,1.06437,-76.7285
50234,1.02045,-87.6285
50235,1.0586,-73.8606
50236,1.08165,-73.7168
50237,1.0911,-63.8739
50238,1.06815,-40.8159
50239,1.06207,-48.5451
50240,1.08435,-42.1127
50241,1.08531,-43.2687
50242,1.05929,-15.2801
50243,1.0591,-44.1072
50244,1.07889,-26.1546
50245,1.06902,-44.1338
50246,1.04119,-45.0975
50247,1.0836,-42.5042
50248,1.07368,-42.3761
50249,1.1,-25.2947
50250,1.08356,-35.5062
50251,1.03332,-33.4883
50252,1.04594,-36.9169
50253,1.0792,-38.299
50254,1.0768,-36.7252
50256,1.00778,-33.4535
50257,1.07726,-30.956
50258,1.06507,-46.336
50259,1.07479,-39.0476
50260,1.07774,-30.3926
50261,1.06784,-45.0566
50262,0.962652,-32.6105
50263,1.03333,-33.5095
50264,1.06422,-32.5354
50265,1.04874,-46.1743
50266,1.05474,-51.9902
50267,1.02315,-47.5013
50268,1.04796,-16.4735
50269,1.05105,-50.4321
50270,1.08573,-37.3971
50271,1.09099,-18.3365
50272,1.08225,-34.0622
50273,1.06403,-32.548
50274,1.044,-43.1857
50275,1.0696,-42.5666
50276,1.03651,-45.2493
50277,1.04528,-39.3858
50278,1.05886,-39.4931
50279,1.04975,-56.4415
50280,1.0488,-49.4723
50281,1.06938,-40.7578
50282,1.067,-37.0014
50283,1.08381,-28.8689
50284,1.05678,-43.7588
50285,1.05922,-41.9328
50286,1.03005,-49.9238
50287,1.04533,-34.2198
50288,1.06209,-47.1802
50289,1.05572,-42.6456
50290,1.05755,-39.9978
50291,1.00055,-73.7248
50292,0.98836,-81.0573
50293,1.00653,-82.3821
50294,1.06762,-69.5346
50295,1.03645,-74.6383
50296,1.07302,-67.2811
50297,1.05832,-79.7807
50298,1.00926,-76.5962
50299,1.05347,-75.1804
50300,1.05929,-79.2667
50301,1.00921,-78.168
50302,1.07317,-74.6828
50303,1.08049,-70.6555
50304,1.07653,-77.9816
50305,0.947388,-81.1203
50306,1.06576,-70.2383
50307,0.961444,-71.8037
50308,1.09728,-70.2776
50309,1.01373,-80.9249
50310,1.09836,0.128014
50311,1.04046,-17.516
50312,1.04849,2.31144
50313,1.04927,-1.27602
50314,1.09148,-3.0077
50315,1.09923,-0.323144
50316,1.09551,-3.06276
50317,1.04102,-25.3459
50318,1.08386,-0.514709
50319,1.0972,6.96141
50320,1.09978,-1.7341e-12
50321,1.0955,3.56657
50322,1.00104,-5.8316
50323,1.08912,-5.96043
50324,1.08386,-0.53514
50325,1.08453,-14.9716
50326,1.06305,3.06306
50327,1.09281,-4.57086
50328,1.07547,0.789223
50329,1.05349,-0.981444
50330,1.09541,-1.67318
50331,1.06314,3.0793
50332,1.04586,1.76802
50333,1.06315,3.09391
50334,1.05284,1.20885
50335,1.00332,-24.9257
50336,1.0104,-23.6527
50337,1.08388,-23.0801
50338,1.00045,-23.8973
50339,1.09267,-0.408419
50340,1.06895,-12.5934
50341,1.08217,-3.66396
50342,1.07185,-0.245204
50343,1.08271,-9.91808
50344,1.03624,-16.1128
50345,1.07004,-14.3338
50346,1.03969,-17.7784
50347,0.969904,-14.2005
50348,1.05024,2.77555
50349,1.05431,-9.1822
50350,1.1,4.1552
50351,1.03987,-12.3216
50352,1.07224,-12.1042
50353,1.09506,-2.02846
50354,1.08909,-11.9018
50355,1.1,0.101453
50356,1.04963,-7.22261
50357,1.06784,-0.033632
50358,1.09316,-0.53582
50359,1.09318,-0.506749
50360,1.08229,0.395662
50361,1.09979,-0.0850163
50362,1.05344,-15.9333
50363,1.04581,-15.8673
50364,1.0873,-8.53426
50365,0.977683,-12.0417
50366,1.08107,-0.0826167
50367,1.09999,6.4036
50368,1.05797,-4.1378
50369,1.04817,-6.66544
50370,1.08756,4.8921
50371,1.09604,0.0604938
50372,1.09563,-1.84529
50373,1.0812,0.0201887
50374,1.08598,0.266089
50375,1.05681,2.9315
50376,1.07523,-0.726913
50377,1.0946,-1.80299
50378,1.06373,-0.485488
50379,1.08442,-1.7569
50380,1.1,-1.41462
50381,1.09466,-2.14702
50382,1.09155,-3.60781
50383,1.04903,-13.9557
50384,1.07328,-1.13596
50385,1.09921,-0.283786
50386,1.02274,-20.3689
50387,1.1,-4.09134
50388,1.08684,-2.21845
50389,1.06309,-10.6327
50390,1.06677,2.87037
50391,1.08745,-2.88109
50392,1.02699,-6.10733
50393,1.07514,-11.5378
50394,1.07673,-0.188032
50395,1.05083,-9.27855
50396,1.05468,2.51668
50397,1.08301,-11.6883
50398,1.08209,0.523161
50399,1.07314,-3.95822
50400,0.958492,-12.7354
50401,1.09441,-3.16018
50402,1.07522,-11.5451
50403,1.01987,-21.6652
50404,1.09181,-11.72
50405,1.07408,-2.48214
50406,1.09609,-2.11613
50407,1.00056,-7.71502
50408,1.08184,0.53915
50409,1.06886,-14.0287
50410,1.07684,-1.37233
50411,1.08002,-26.0777
50412,1.08991,-14.3059
50413,1.06732,-12.1134
50414,1.03955,-6.12054
50415,1.05218,-9.64513
50416,1.08893,-18.6891
50417,1.07296,-14.4592
50418,1.07196,-8.99544
50419,1.05215,-5.31184
50420,1.09341,-2.31066
50421,1.06059,-8.91489
50422,1.08502,0.323025
50423,0.995702,-25.35
50424,1.05243,-9.85872
50425,1.03474,-2.7201
50426,1.0481,-8.41311
50427,1.04851,-6.96598
50428,1.0657,-6.74289
50429,1.0145,-20.7634
50430,1.06288,-8.28394
50431,1.08385,-11.7203
50432,1.05839,-11.1709
50433,1.0507,-7.86861
50434,1.02186,-18.0605
50435,1.08533,-24.0487
50436,1.06427,-6.98748
50437,1.05845,-10.9819
50438,1.09365,-34.706
50439,1.07951,-21.7956
50440,1.09302,1.24421
50441,1.08922,-8.73984
50442,1.09633,-2.07107
50443,1.08891,2.98493
50444,1.0965,-1.07507
50445,1.09339,-0.652069
50446,1.04298,-11.1676
50447,1.04921,-7.10334
50448,1.08871,-3.94558
50449,1.09135,-3.5142
50450,1.04935,-7.95342
50451,1.06538,-6.83608
50452,1.08852,-9.60361
50453,1.06106,-13.6711
50454,1.04196,-18.3285
50455,1.0971,-1.55798
50456,1.05181,-10.225
50457,1.09554,0.586358
50458,1.08845,-41.7156
50459,1.08044,-3.68817
50460,1.09475,-1.76738
50461,1.08368,-1.92738
50462,1.05421,-11.9913
50463,1.02692,-22.1853
50464,1.05453,-11.9877
50465,1.08945,-3.9656
50466,1.09401,-43.0013
50468,1.08832,-22.888
50469,1.09127,-36.5145
50470,1.04993,-9.6133
50471,1.08892,-21.8491
50472,1.09703,-1.91767
50473,1.06775,-14.2923
50474,1.06174,-8.96336
50475,1.0969,-1.63372
50476,1.06821,-12.7694
50477,1.06289,-10.6804
50478,1.04901,-6.73257
50479,1.09136,-2.69838
50480,1.09256,-9.10716
50481,1.03455,-16.8492
50482,1.0687,-3.21929
50483,1.0448,-10.5825
50484,1.01872,-30.148
50485,1.06675,2.87155
50486,1.04872,-7.99302
50487,1.07768,0.250733
50488,1.05741,-15.7259
50489,1.06913,-13.767
50490,1.06895,-20.8342
50491,1.09433,-1.88849
50493,1.09028,0.183313
50494,1.05186,-0.20316
50495,1.09857,-1.32348
50496,1.04795,-4.67132
50497,1.08556,-3.51476
50498,1.06096,-17.0202
50499,1.0777,-1.48191
50500,1.09632,-1.43247
50501,1.06113,-4.03735
50502,1.0871,-27.8554
50503,1.03938,-3.06427
50505,1.07162,-16.2091
50506,1.08314,-4.08701
50507,1.07507,-1.52595
50508,1.08467,-3.72322
50509,1.07106,-2.80038
50510,1.00893,-24.1229
50512,1.07597,-1.46702
50513,1.09296,-0.00689809
50514,1.08939,-5.16827
50515,1.09903,-0.650188
50516,1.04172,-0.771123
50517,1.08878,1.96738
50518,1.09591,2.18535
50519,1.0896,1.41082
50520,1.08037,-2.87585
50521,1.09104,2.60467
50523,1.04869,-8.07667
50524,1.09767,4.29417
50525,1.09759,-25.0645
50526,1.08005,-4.33096
50527,1.06281,-8.7612
50528,1.01001,-21.1386
50529,1.06951,-8.35129
50530,1.03764,-7.25243
50531,1.08974,-25.1045
50532,1.07288,-2.53338
50533,1.07716,-2.4122
50534,1.07558,-3.36415
50535,1.03966,-18.4579
50536,1.07326,-13.0209
50537,1.09443,-1.4239
50538,1.08296,0.475739
50539,1.08211,0.00144365
50540,1.06568,-3.48654
50541,1.07189,-12.5852
50542,1.07046,-15.0346
50543,1.08393,4.17139
50544,1.04057,-3.99142
50545,1.05491,-15.3103
50546,1.08558,0.0380741
50548,1.07807,-2.26982
50549,0.994901,-27.9598
50550,1.06548,-55.7226
50551,1.07984,-56.4032
50552,1.05832,-57.1849
50553,1.06447,-56.343
50554,1.06318,-56.012
50555,1.04043,-56.774
50556,1.01932,-59.2942
50557,1.07294,-62.0183
50558,1.0718,-61.5152
50559,1.08058,-60.376
50560,1.08001,-60.4181
50561,1.02509,-60.1583
50562,1.03012,-57.4095
50563,1.04788,-65.2565
50564,1.01857,-65.2753
50565,1.0229,-64.8384
50567,1.00634,-66.409
50570,1.00856,-67.7113
50571,1.05114,-50.6678
50572,1.06173,-48.4349
50573,1.06955,-48.7024
50574,1.0719,-47.2704
50576,1.05096,-66.7382
50577,1.07485,-63.734
50578,1.04288,-67.3211
50579,1.03919,-63.4477
50580,1.03344,-61.1133
50581,1.03521,-60.6265
50582,1.0342,-60.8772
50585,1.05083,-62.678
50586,1.02986,-63.8584
50587,1.03293,-61.2211
50588,1.03301,-61.2445
50589,1.0275,-62.244
50591,1.01908,-62.1858
50592,1.06318,-59.7266
50593,1.03855,-59.8828
50594,1.08548,-42.4567
50596,1.08129,-43.7463
50597,1.09357,-38.6865
50598,1.09096,-39.4881
50599,1.09015,-39.309
50600,1.09933,-68.2543
50601,1.05979,-49.3075
50602,1.0277,-66.9168
50603,1.02781,-66.7335
50604,1.01559,-69.2928
50605,1.00733,-70.3505
50606,1.00917,-69.915
50608,1.08812,-56.4793
50609,1.08206,-57.9062
50610,1.0887,-56.4831
50611,1.07137,-51.9103
50613,1.00947,-61.9623
50614,1.01454,-60.6475
50615,1.01659,-61.2867
50616,1.02103,-60.5337
50617,1.01936,-60.6261
50618,1.00397,-61.6608
50619,1.0087,-60.9766
50621,1.00121,-61.4937
50622,1.0067,-61.0483
50623,1.08185,-44.375
50625,1.07445,-45.298
50626,1.08339,-43.6919
50627,1.08445,-43.1896
50628,1.08474,-43.3118
50629,1.08417,-43.378
50630,1.08436,-42.9264
50631,1.0846,-43.2625
50634,1.08898,-72.6421
50635,1.0889,-72.6704
50636,1.0082,-67.8533
50637,1.03124,-65.0285
50638,1.02227,-66.5595
50639,1.02096,-66.6795
50640,1.01637,-66.7502
50642,1.02356,-68.2814
50643,1.0155,-68.2588
50644,1.01384,-67.7987
50645,1.05656,-60.6033
50646,1.05404,-60.6737
50647,1.05101,-61.5351
50648,1.05624,-60.4955
50649,1.05781,-60.3918
50650,1.05722,-60.4293
50652,1.0533,-61.2123
50653,1.05144,-61.3081
50655,1.04436,-62.1521
50656,1.04665,-62.0047
50657,1.05562,-60.539
50658,1.04757,-61.8749
50659,1.05443,-60.6097
50660,1.04614,-61.891
50662,1.04398,-61.4742
50663,1.02885,-62.1692
50664,1.04023,-62.1053
50665,1.03322,-62.8691
50666,1.04859,-62.0647
50667,1.02417,-60.0413
50668,1.02797,-60.0185
50669,1.02151,-60.975
50670,1.07372,-66.2521
50671,1.07561,-65.8531
50672,1.07585,-65.9715
50673,1.03949,-64.6361
50674,1.07055,-66.1463
50675,1.07351,-66.3016
50676,1.01982,-68.2528
50677,1.0194,-69.0895
50678,1.06755,-47.7328
50679,1.06471,-46.4516
50680,1.06919,-48.0295
50683,1.06676,-47.212
50684,1.06546,-47.3575
50688,1.06457,-47.6935
50689,1.06514,-45.3778
50690,1.0393,-54.9355
50691,1.03846,-54.4644
50692,1.04222,-54.0495
50694,1.04682,-53.2762
50695,1.04524,-53.5321
50697,1.05965,-62.5114
50698,1.05866,-61.1415
50701,1.05653,-60.1908
50702,1.03412,-64.7878
50704,1.02354,-65.7907
50705,1.02421,-65.8039
50706,1.02528,-65.7476
50708,1.0291,-65.1299
50710,1.07021,-63.7556
50711,1.04506,-55.4599
50712,1.07734,-71.8348
50713,1.074,-71.785
50714,1.08346,-44.0469
50715,1.08619,-44.5116
50716,1.06117,-49.7514
50717,1.05761,-51.6022
50718,1.08242,-44.2348
50719,1.04548,-61.2294
50720,1.03527,-61.6499
50721,1.02657,-61.033
50722,1.07867,-41.341
50723,0.996444,-62.5037
50724,1.02008,-61.6604
50725,1.00738,-62.4161
50726,1.04897,-59.8614
50727,1.04304,-61.4391
50728,1.04936,-59.7618
50729,1.04954,-59.7483
50730,1.05064,-61.2666
50731,1.0601,-58.5531
50732,1.06944,-47.4246
50733,1.04993,-59.2585
50734,1.06606,-61.3342
50735,1.06588,-61.1956
50736,1.05634,-61.308
50737,1.03516,-63.1352
50738,1.0274,-63.6854
50739,1.03707,-63.5033
50740,1.0399,-62.8698
50741,1.03812,-75.3338
50742,1.04398,-73.9363
50743,1.03465,-63.5108
50744,1.03648,-63.4932
50745,1.0377,-63.4531
50746,1.03739,-63.5578
50747,1.04751,-61.7981
50748,1.03462,-63.7856
50749,1.03086,-63.9187
50750,1.03633,-63.418
50753,1.03121,-63.5635
50754,1.03313,-63.4982
50757,1.03426,-63.4648
50758,1.03147,-63.5354
50759,1.03107,-63.543
50760,1.03235,-63.4675
50761,1.04075,-62.2277
50762,1.03284,-63.4685
50763,1.03077,-63.5314
50764,1.02482,-63.8579
50765,1.02655,-63.6942
50766,1.02894,-63.5752
50767,1.03338,-63.4055
50768,1.02306,-63.9565
50770,1.02084,-63.9692
50771,1.02439,-64.0388
50772,1.02373,-63.9981
50774,1.02197,-63.9643
50775,1.02941,-63.9697
50776,1.02742,-64.1052
50777,1.02819,-64.0386
50778,1.03205,-63.8984
50779,1.03173,-63.9468
50781,1.03404,-63.8823
50782,1.02513,-64.0899
50783,1.02667,-64.126
50784,1.03241,-63.9357
50786,1.01956,-63.9939
50787,1.02353,-64.0475
50789,1.02187,-64.1508
50790,1.02216,-64.0097
50791,1.02161,-64.0999
50792,1.02161,-64.0822
50793,1.02542,-64.1599
50794,1.02429,-64.2094
50795,1.02306,-64.1809
50796,1.02017,-64.5348
50797,1.02551,-62.9119
50798,1.03023,-62.7257
50799,1.0204,-64.4063
50800,1.02283,-64.1277
50801,1.02159,-64.3123
50802,1.02309,-64.219
50803,1.03597,-62.1639
50804,1.0166,-63.9804
50805,1.01606,-64.0523
50807,1.02342,-62.7838
50808,1.02352,-62.7994
50809,1.02385,-62.7238
50810,1.01622,-64.0634
50811,1.02272,-62.7407
50812,1.01676,-64.0507
50813,1.02085,-63.9508
50814,1.01819,-64.0075
50815,1.01705,-64.0109
50816,1.0161,-64.0488
50817,1.01748,-63.7965
50818,1.01841,-63.7811
50819,1.02126,-63.7067
50821,1.018,-63.6503
50822,1.02528,-63.837
50823,1.03657,-62.4003
50824,1.02426,-63.7006
50825,1.02224,-63.7215
50826,1.02686,-63.4539
50827,1.02408,-63.5771
50828,1.03603,-62.4637
50829,1.03548,-63.033
50830,1.034,-63.0256
50831,1.04072,-62.2081
50832,1.041,-62.1599
50833,1.01924,-63.4787
50834,1.02566,-62.9884
50835,1.04185,-62.0543
50836,1.05102,-61.0448
50837,1.04121,-62.4203
50838,1.04191,-61.7717
50839,1.03657,-62.7627
50840,1.03891,-62.085
50841,1.04017,-61.9366
50843,1.02748,-63.2088
50844,1.02272,-63.3502
50845,1.02483,-63.292
50846,1.02807,-63.1176
50847,1.03046,-62.8593
50848,1.02375,-62.6051
50849,1.02991,-61.7581
50850,1.02024,-63.3374
50851,1.01966,-63.3877
50852,1.02521,-62.4286
50853,1.02682,-62.1885
50856,1.02148,-63.1605
50857,1.02463,-62.5394
50859,1.02672,-62.2285
50860,1.03129,-61.6737
50861,1.0296,-61.3944
50862,1.02697,-61.6601
50863,1.02937,-61.5298
50864,1.03091,-61.5039
50865,1.03119,-61.943
50866,1.03034,-61.0916
50867,1.03165,-61.2291
50868,1.05305,-60.6425
50869,1.03898,-61.928
50870,1.02048,-63.0181
50871,1.0243,-64.1343
50873,1.08586,-41.8425
50874,0.996977,-61.838
50875,0.985469,-60.9839
50876,0.969782,-60.3921
50877,1.06142,-63.2659
50878,1.06634,-53.183
50879,1.06499,-53.6155
50880,1.07788,-52.3472
50881,1.06291,-54.4207
50882,1.06215,-54.5101
50883,1.05178,-49.3578
50884,1.06659,-49.039
50886,1.06584,-50.9457
50887,1.07,-59.9977
50888,1.07149,-59.9594
50889,1.06828,-60.0169
50890,1.06938,-60.0124
50891,1.07652,-59.0284
50892,1.07013,-59.9807
50893,1.07834,-59.5533
50894,1.06638,-60.4982
50895,1.07052,-60.1238
50896,1.06855,-60.2311
50897,1.04136,-62.2255
50898,1.03967,-62.9043
50900,1.05416,-61.242
50901,1.04969,-61.4702
50902,1.07718,-59.3974
50903,1.04632,-67.9303
50904,1.06372,-52.6041
50905,1.05556,-53.6799
50906,1.08002,-54.7449
50907,1.07657,-58.123
50908,1.07669,-58.4266
50909,1.0756,-58.2614
50910,1.06544,-59.9653
50911,1.07594,-58.1917
50912,1.07406,-58.6459
50913,1.07589,-58.4769
50914,1.07075,-58.6576
50915,1.04016,-63.114
50916,1.03499,-63.6812
50917,1.03058,-65.1989
50918,1.05101,-61.5371
50919,1.05436,-60.8918
50920,1.05493,-60.7738
50921,1.04908,-62.572
50922,1.01483,-64.8909
50923,1.01854,-63.3983
50924,1.04167,-61.5049
50925,1.04853,-60.6628
50926,1.03745,-68.1999
50927,1.05866,-68.9353
50928,1.08044,-65.2273
50929,1.05196,-70.6442
50930,1.06587,-50.4043
50931,1.06448,-50.6884
50932,1.03392,-60.021
50933,1.04605,-59.127
50934,1.06685,-55.2609
50935,1.07084,-52.6319
50936,1.05203,-56.6137
50937,1.03939,-58.4973
50939,1.05322,-58.3685
50940,1.01543,-70.3362
50941,1.05384,-69.3379
50942,1.0718,-53.1836
50943,1.03928,-52.4911
50944,1.0692,-53.2056
50946,1.06446,-53.2873
50947,1.07104,-53.085
50948,1.09217,-51.0359
50950,1.04618,-53.3159
50951,1.05139,-52.5999
50952,1.06791,-52.1415
50953,1.04835,-52.9947
50954,1.06073,-55.3127
50955,1.0256,-63.7867
50956,1.04571,-62.6938
50957,1.09948,-36.6891
50958,1.04992,-66.8943
50959,1.05527,-66.6161
50960,1.05109,-65.2047
50961,1.07038,-53.926
50962,1.067,-55.0529
50963,1.06279,-55.685
50964,1.07017,-54.6161
50965,1.0924,-51.8713
50966,1.06218,-64.2398
50967,1.05681,-62.5104
50968,1.0746,-71.0598
50969,1.03058,-63.7085
50970,1.05044,-61.1486
50972,1.06061,-59.9797
50973,1.05109,-62.4094
50974,1.09066,-78.0251
50975,0.989188,-69.7456
50976,1.02853,-68.2195
50977,0.979176,-68.9038
50978,0.989141,-67.909
50979,1.08531,-80.5362
50980,1.06586,-78.6988
50981,1.07202,-77.8983
50982,1.05757,-61.6669
50983,1.05745,-61.7548
50984,1.06964,-60.3585
50985,1.08804,-61.012
50986,1.00938,-64.6352
50987,1.03104,-66.2337
50988,1.0178,-64.9291
50989,1.08904,-71.2886
50990,1.03107,-61.3259
50991,1.02829,-61.8887
50992,1.02744,-62.224
50994,1.02069,-62.883
50995,1.02033,-62.9142
50996,1.02777,-61.7748
50997,1.01802,-63.1528
50998,1.02884,-61.4696
50999,1.04623,-60.7378
51000,1.02574,-62.9243
51001,1.01606,-63.116
51002,1.02846,-60.4317
51003,1.02291,-62.2137
51004,1.02393,-64.7689
51005,1.0037,-65.694
51006,1.00063,-61.6546
51007,1.03649,-73.0087
51008,1.03897,-74.2878
51009,1.03689,-73.5951
51010,1.0142,-67.9747
51011,1.01607,-67.4915
51012,1.02167,-66.7711
51014,1.04018,-64.1574
51015,1.03957,-64.1782
51017,1.03689,-64.8007
51018,1.03943,-64.1532
51021,1.04469,-63.2796
51023,1.04684,-62.8824
51025,1.04094,-65.9587
51026,1.03754,-64.8221
51027,1.07021,-72.8101
51028,1.06814,-70.2024
51029,1.056,-64.9977
51030,1.04024,-66.4822
51031,1.09168,-64.4737
51032,1.07855,-67.9581
51033,1.01195,-66.781
51038,1.0024,-67.8992
51041,1.00348,-68.142
51042,1.00391,-68.0917
51043,0.993431,-69.4681
51044,1.02857,-64.2813
51045,1.06349,-48.0735
51046,1.05034,-58.8512
51047,1.04677,-59.316
51048,1.04623,-59.4363
51049,1.05404,-58.4609
51050,1.04659,-59.1867
51051,1.0428,-59.8308
51053,1.04023,-60.0276
51055,1.03999,-59.994
51057,1.04107,-59.7733
51058,1.04681,-59.1283
51059,1.03883,-60.0658
51060,1.03762,-60.1949
51061,1.03529,-60.4694
51062,1.03672,-60.2706
51063,1.03922,-60.0243
51064,1.03889,-60.016
51065,1.03965,-59.9399
51066,1.04058,-59.841
51067,1.04674,-58.6617
51068,1.04743,-58.4804
51069,1.04013,-59.7528
51070,1.03965,-59.7528
51072,1.04475,-59.0744
51074,1.03582,-60.3588
51075,1.03584,-60.3212
51076,1.03721,-60.1524
51077,1.03893,-59.7824
51078,1.03876,-59.8512
51079,1.04615,-58.96
51080,1.04578,-58.2991
51081,1.03967,-59.662
51083,1.05332,-57.5184
51086,1.03528,-60.0238
51087,1.04842,-58.069
51089,1.03837,-59.8237
51091,1.03572,-60.1614
51092,1.03631,-60.2125
51093,1.03609,-60.2799
51094,1.03558,-60.2877
51095,1.03529,-60.271
51096,1.04123,-59.5341
51097,1.03486,-60.3502
51098,1.0347,-60.3724
51102,1.0299,-60.9094
51103,1.0392,-60.1145
51104,1.0274,-60.932
51105,1.0289,-60.9209
51107,1.03218,-60.8303
51109,1.03948,-60.111
51110,1.03843,-60.1691
51111,1.0477,-59.0663
51112,1.04122,-59.9979
51114,1.07327,-57.6429
51115,1.05118,-58.7867
51116,1.05111,-59.1663
51117,1.04942,-59.1758
51119,1.04851,-59.0988
51121,1.04839,-58.9874
51122,1.04877,-58.2063
51123,1.048,-58.3427
51124,1.05136,-57.9477
51125,1.03959,-59.0163
51126,1.05055,-57.8385
51127,1.04621,-58.7025
51128,1.04529,-58.8327
51129,1.0434,-58.8481
51130,1.05245,-57.3878
51134,1.05626,-56.666
51135,1.04922,-58.109
51136,1.05283,-57.0636
51137,1.04219,-58.7836
51138,1.03895,-58.8835
51139,1.04232,-58.8353
51141,1.06201,-56.5468
51142,1.04471,-57.9297
51143,1.04918,-57.5047
51145,1.02183,-60.9764
51146,1.01998,-61.1077
51147,1.01951,-61.1591
51148,1.03643,-60.4447
51149,1.02986,-60.9634
51150,1.0283,-60.8432
51152,1.02759,-60.5815
51153,1.03402,-61.212
51154,1.03264,-61.0388
51156,1.03213,-61.0038
51157,1.03201,-60.9684
51158,1.03426,-61.4243
51159,1.0485,-59.0586
51161,1.02932,-62.1236
51162,1.05211,-58.5648
51163,1.05573,-57.7201
51164,1.05709,-57.6448
51165,1.05959,-56.3335
51168,1.03357,-61.0341
51169,1.03452,-60.9887
51170,1.08177,-48.155
51171,1.08257,-41.2858
51172,1.08468,-41.9667
51173,1.08443,-40.861
51174,1.08335,-41.0933
51175,1.01938,-65.1801
51176,1.02034,-65.139
51177,1.02241,-65.05
51178,1.03564,-63.27
51179,1.02604,-64.7386
51180,1.03996,-62.6086
51181,1.0245,-64.8836
51182,1.02334,-64.9646
51183,1.02179,-65.0525
51184,1.02141,-65.066
51185,1.02048,-65.0791
51186,1.01883,-65.1669
51187,1.02031,-65.1557
51188,1.01962,-65.201
51189,1.01909,-65.1673
51190,1.02,-65.1456
51191,1.02295,-65.0294
51192,1.02359,-64.9883
51193,1.01978,-65.1267
51194,1.02022,-65.1253
51195,1.02154,-65.074
51196,1.03506,-63.5553
51197,1.02053,-65.0983
51198,1.02419,-64.9436
51199,1.01954,-65.1999
51200,1.01919,-65.2209
51201,1.02041,-65.1628
51203,1.02384,-64.8848
51204,1.02258,-64.7343
51205,1.02042,-64.9015
51206,1.01664,-65.3764
51207,1.06706,-60.3631
51208,1.02971,-64.1084
51212,1.03968,-63.2142
51213,1.04066,-62.1892
51214,1.02483,-63.8684
51215,1.02987,-63.9725
51216,1.02163,-65.0754
51217,1.02164,-65.0939
51218,1.07581,-70.0995
51219,1.07031,-68.6467
51220,1.08287,-57.5951
51221,1.08202,-50.836
51222,1.02295,-78.1476
51223,1.04495,-75.3257
51224,1.02914,-64.3865
51225,1.01054,-65.5008
51226,1.08992,-38.3486
51227,1.07913,-41.9518
51229,1.02177,-59.8149
51230,1.03539,-58.7453
51231,1.01986,-59.9106
51232,1.02615,-59.1934
51233,1.02598,-59.2106
51234,1.02065,-59.4347
51235,1.08774,-65.3312
51237,1.07312,-70.2536
51238,1.03193,-64.2691
51239,1.03562,-63.7942
51240,1.07997,-46.6625
51241,1.03283,-71.4158
51242,1.04262,-69.2701
51243,1.07073,-42.8919
51245,1.07835,-53.9438
51247,1.07088,-53.8596
51248,1.08048,-56.1627
51250,1.05803,-61.0334
51251,1.05227,-61.5457
51252,1.06008,-60.8223
51253,1.06142,-60.7036
51254,1.06093,-60.7458
51255,1.06223,-60.6362
51256,1.06045,-60.7868
51257,1.05861,-60.9286
51260,1.05683,-61.1209
51261,1.05628,-61.1622
51262,1.05751,-61.024
51263,1.05961,-60.8543
51264,1.05836,-61.148
51265,1.05862,-60.9395
51266,1.05629,-61.13
51267,1.0559,-61.1887
51269,1.05557,-61.214
51270,1.05528,-61.2368
51271,1.05534,-61.2142
51273,1.05026,-62.3209
51274,1.04835,-62.5654
51275,1.04634,-62.8073
51276,1.05301,-61.2722
51278,1.04726,-63.0586
51279,1.0508,-61.5035
51280,1.04402,-63.0695
51281,1.03772,-63.4197
51282,1.04241,-63.2477
51284,1.03814,-63.7552
51286,1.03086,-63.9412
51287,1.04213,-63.5088
51288,1.06629,-59.0824
51289,1.05988,-61.0465
51290,1.04605,-63.001
51291,1.04565,-63.1584
51294,1.04872,-61.6798
51296,1.03792,-63.4391
51297,1.04038,-63.2894
51298,1.05042,-62.7179
51299,1.04484,-63.0051
51300,1.05194,-62.523
51301,1.05799,-61.7031
51304,1.06382,-60.501
51305,1.06535,-60.3391
51307,1.03107,-63.7102
51308,1.03871,-63.1756
51309,1.0392,-63.2532
51310,1.03863,-62.9974
51311,1.0463,-62.6962
51312,1.02803,-63.9473
51313,1.03755,-62.5678
51314,1.02972,-63.801
51315,1.04251,-63.2211
51317,1.03954,-63.3721
51318,1.0324,-79.2588
51319,1.06461,-76.7159
51320,1.05137,-77.7173
51321,1.04839,-78.4954
51322,1.04442,-78.7022
51323,1.03576,-79.1833
51324,1.03701,-79.2591
51325,1.03764,-79.0978
51326,1.03299,-79.8547
51327,1.05099,-89.877
51328,1.05095,-90.5064
51329,1.05094,-89.6831
51330,1.07331,-71.4984
51331,1.08884,-79.7382
51332,1.07058,-79.4397
51333,1.05741,-88.0545
51334,1.02781,-90.2782
51335,1.06318,-83.2219
51336,1.1,-81.4181
51337,1.0691,-82.9761
51338,1.04034,-83.0984
51340,1.04236,-79.9414
51341,1.02543,-79.809
51342,1.07093,-76.0448
51343,1.04247,-79.6034
51344,1.06777,-75.7114
51346,1.05807,-77.6495
51347,1.04653,-79.2096
51348,1.04456,-79.3908
51349,1.04191,-79.6745
51350,1.05613,-77.9226
51351,1.03097,-84.1313
51352,1.04286,-82.2101
51353,1.03979,-84.6342
51354,1.00793,-81.8742
51355,1.02282,-80.2853
51356,1.02616,-78.8163
51357,1.0484,-72.5598
51358,1.04416,-73.5933
51359,1.03094,-74.7795
51360,1.0418,-73.1154
51361,1.06168,-68.5657
51362,1.06333,-68.8857
51363,1.04677,-87.5988
51364,1.02759,-87.7036
51365,1.08491,-70.3038
51366,1.06766,-73.7745
51367,1.06626,-75.1425
51368,1.09879,-73.6214
51370,1.08065,-71.5174
51371,1.02852,-79.1361
51372,1.05958,-75.5594
51373,1.00429,-84.9204
51374,1.0031,-85.8522
51375,1.01392,-86.0233
51376,1.0037,-84.8833
51377,1.0201,-80.9423
51378,1.0171,-85.3098
51379,1.09282,-77.7534
51380,1.05512,-82.8282
51381,1.06009,-82.0757
51382,1.05539,-81.0805
51383,1.04384,-88.9511
51384,1.04333,-88.9677
51385,1.05214,-89.0615
51386,1.05447,-87.6323
51387,1.06919,-81.5701
51388,1.07003,-81.1708
51389,1.03244,-77.6712
51390,1.06777,-74.2026
51391,1.05916,-74.4312
51392,1.06791,-74.219
51393,1.07391,-71.7749
51394,1.06886,-73.7116
51395,1.08388,-73.6793
51396,1.06041,-72.4343
51397,1.04037,-86.4218
51398,1.02351,-89.8569
51399,1.02456,-79.866
51400,1.01265,-84.2312
51401,1.02236,-78.3922
51402,1.01929,-78.9713
51403,1.01825,-79.6052
51404,1.02012,-78.7884
51405,1.01928,-78.9345
51406,1.01979,-79.6731
51407,1.01808,-79.0636
51409,1.03181,-77.0787
51410,1.03604,-76.3827
51412,1.03052,-77.1811
51413,1.03424,-76.4536
51415,1.02348,-77.6116
51416,1.02346,-77.6623
51417,1.02998,-76.4722
51418,1.02949,-76.3472
51419,1.02954,-76.7173
51420,1.03107,-76.1328
51423,1.03512,-76.333
51424,1.03153,-76.1171
51425,1.0323,-76.0828
51426,1.0216,-77.0573
51427,1.02915,-76.6845
51428,1.03117,-76.6179
51429,1.03171,-76.6693
51430,1.03087,-76.7743
51431,1.03692,-75.8091
51432,1.0201,-77.3065
51433,1.01736,-77.0511
51434,1.01867,-77.7855
51435,1.01907,-77.7077
51436,1.0162,-78.0479
51437,1.0157,-78.083
51438,1.01609,-78.0473
51439,1.01783,-77.8793
51440,1.02057,-77.0964
51441,1.02401,-77.0986
51442,1.01759,-77.952
51443,1.01741,-77.983
51444,1.0166,-78.0273
51446,1.01551,-78.1199
51447,1.01609,-78.1266
51448,1.01818,-78.0083
51449,1.01824,-77.9413
51450,1.01926,-77.9416
51452,1.02419,-77.5934
51453,1.02484,-77.5754
51454,1.02376,-77.6198
51455,1.02036,-77.8797
51456,1.01995,-77.9595
51457,1.0217,-77.816
51458,1.03231,-76.6543
51459,1.03285,-76.6372
51460,1.02721,-77.4244
51461,1.03351,-76.6122
51462,1.03437,-76.4992
51463,1.035,-76.4975
51464,1.03735,-76.3582
51465,1.03361,-76.491
51466,1.03188,-76.7261
51467,1.02254,-77.7852
51468,1.0149,-78.1651
51469,1.02034,-77.9741
51470,1.01621,-78.1819
51471,1.03148,-76.5846
51472,1.02235,-77.8434
51473,1.01709,-78.0606
51474,1.01741,-78.101
51475,1.01544,-78.1506
51476,1.01895,-77.9158
51477,1.02434,-76.9312
51478,1.01996,-77.8269
51479,1.02357,-77.5464
51480,1.02033,-77.7964
51481,1.01953,-77.8437
51482,1.01845,-77.8828
51483,1.02441,-77.3927
51484,1.02635,-76.7075
51485,1.02014,-77.7865
51486,1.01978,-77.7968
51487,1.0174,-78.0097
51488,1.01672,-78.0479
51489,1.03766,-75.706
51490,1.03858,-75.6466
51491,1.0398,-75.563
51492,1.02795,-77.1158
51493,1.03509,-76.3761
51494,1.01509,-78.3437
51495,1.01515,-78.322
51496,1.02564,-76.9319
51498,1.02899,-76.684
51499,1.00741,-78.9532
51500,1.01055,-78.709
51501,1.0077,-78.8965
51502,1.01442,-78.4731
51503,1.0042,-79.2821
51504,1.01371,-78.4777
51505,1.0249,-76.9338
51506,1.02524,-76.8891
51507,1.0266,-76.7331
51508,1.04504,-73.7606
51509,1.01634,-78.139
51510,1.01267,-78.6025
51511,1.01062,-78.6786
51512,1.01237,-78.5314
51513,1.01494,-78.3496
51514,1.016,-78.2425
51515,1.01751,-78.163
51516,1.01567,-78.201
51517,1.01155,-78.6151
51518,1.01328,-78.4725
51519,1.01711,-78.1503
51521,1.01106,-78.6255
51522,1.01591,-78.2767
51523,1.02414,-76.9741
51524,1.01842,-78.0354
51525,1.01064,-78.6492
51526,1.01201,-78.6002
51527,1.01818,-78.0604
51528,1.00873,-78.7167
51529,1.01016,-78.6727
51530,1.0108,-78.7383
51531,1.00932,-78.7881
51532,1.01231,-78.5802
51533,1.01562,-78.3115
51534,1.01884,-77.9847
51535,1.02427,-77.355
51536,1.02432,-77.3454
51537,1.02432,-77.3247
51538,1.02501,-77.2869
51539,1.00771,-78.783
51540,1.00985,-78.6894
51541,1.01221,-78.5172
51542,1.01487,-78.2666
51543,1.02471,-76.779
51544,1.02825,-76.4779
51545,1.02154,-77.5843
51546,1.02741,-76.5245
51547,1.02612,-77.1741
51548,1.00737,-78.9279
51549,1.00914,-78.8068
51551,1.0103,-78.6524
51552,0.993388,-80.7508
51553,0.996649,-80.1135
51556,1.00674,-78.9422
51557,1.00562,-79.0402
51558,1.00602,-79.0145
51559,1.00363,-79.0965
51560,1.00402,-79.0845
51561,1.00585,-79.0289
51562,1.00541,-79.0392
51563,1.00696,-78.8316
51564,1.08307,-70.4385
51565,1.02229,-82.6819
51566,1.00456,-80.6377
51567,1.0328,-80.1834
51568,1.0365,-79.8013
51569,1.08119,-71.0558
51570,1.07023,-69.8954
51571,1.05158,-70.552
51572,1.04224,-70.0099
51573,1.03826,-72.0337
51574,1.04733,-70.675
51575,1.04703,-70.6397
51576,1.05012,-71.005
51577,1.0502,-70.9763
51579,1.07445,-88.4619
51580,1.0657,-73.1509
51581,1.07144,-72.966
51582,1.06399,-92.3768
51583,0.974909,-80.316
51584,0.95336,-80.0029
51585,0.950263,-81.5435
51586,0.957262,-80.04
51587,0.960589,-80.2023
51588,0.946758,-82.0072
51590,0.948393,-81.772
51591,0.949914,-81.6281
51593,0.955733,-82.0961
51594,0.951534,-80.4225
51595,0.960999,-82.4073
51596,0.993391,-82.0087
51598,0.984187,-83.5816
51599,1.02983,-80.252
51600,1.06562,-77.4637
51601,1.07987,-70.7106
51602,1.1,-66.7051
51603,1.06148,-87.0447
51604,1.06729,-90.6871
51605,1.06066,-89.4597
51607,1.07329,-74.0196
51610,1.04978,-79.9912
51611,1.04973,-79.9709
51612,1.04647,-79.4045
51613,1.05246,-70.1174
51614,1.05586,-68.4489
51615,1.06099,-77.671
51616,1.05431,-78.5775
51617,1.05952,-70.6892
51618,1.06998,-71.0934
51619,1.07992,-69.5914
51620,1.07234,-79.1947
51621,1.08461,-79.2538
51622,1.03761,-84.6877
51623,1.02803,-84.6063
51624,1.03324,-82.7387
51625,1.0383,-74.3503
51626,1.03706,-74.4692
51627,1.03667,-74.5021
51628,1.03649,-74.5193
51629,1.03697,-74.571
51630,1.03856,-74.5307
51631,1.03812,-74.5082
51632,1.03502,-74.9951
51634,1.0367,-74.5509
51635,1.03464,-75.0085
51636,1.03676,-74.4865
51637,1.03669,-74.5115
51638,1.03738,-74.4299
51639,1.03085,-75.1025
51640,1.0296,-75.1212
51641,1.03702,-74.4233
51642,1.03737,-74.3501
51643,1.03564,-74.8142
51644,1.03762,-74.3165
51645,1.03676,-74.7828
51646,1.03949,-74.2785
51647,1.03626,-74.9069
51648,1.03846,-74.4502
51649,1.03898,-74.371
51650,1.04243,-74.0019
51651,1.04205,-74.1075
51652,1.04302,-73.8406
51653,1.04017,-74.133
51654,1.04113,-73.9515
51655,1.03801,-74.2707
51656,1.03644,-74.6165
51657,1.03884,-74.1703
51658,1.04239,-73.7264
51659,1.03902,-74.4041
51660,1.03731,-74.5471
51661,1.0368,-74.5993
51662,1.03671,-74.6044
51663,1.05429,-73.6836
51664,1.03516,-75.1672
51665,1.04029,-74.5472
51672,1.04046,-74.3368
51674,1.04414,-73.4049
51675,1.04286,-73.7347
51676,1.04496,-73.5576
51677,1.04199,-73.949
51678,1.03829,-74.3538
51679,1.03777,-74.2827
51680,1.03843,-74.1931
51681,1.03973,-74.1629
51682,1.04021,-74.0098
51683,1.03809,-74.3242
51684,1.04136,-73.8617
51685,1.04142,-73.876
51686,1.04285,-73.7286
51687,1.03301,-75.0137
51689,1.04073,-73.8939
51691,1.03108,-74.999
51692,1.02959,-75.0827
51693,1.02714,-75.4295
51695,1.03521,-76.6317
51696,1.05833,-71.4657
51697,1.0442,-73.3095
51699,1.05766,-73.3543
51700,1.07671,-69.7216
51701,1.06219,-71.7371
51702,1.05934,-72.1739
51703,1.05351,-72.6634
51704,1.05424,-72.6128
51705,1.05365,-72.1557
51706,1.08505,-68.2128
51708,1.07589,-84.5617
51709,1.07232,-72.5921
51710,1.05216,-81.6615
51711,1.05183,-81.6828
51712,1.04765,-82.4724
51714,1.04956,-82.3042
51715,1.05114,-82.1401
51716,1.06505,-78.9359
51717,1.03945,-85.1974
51718,1.04608,-84.0395
51719,1.00325,-89.2711
51720,0.947867,-81.7712
51721,0.974656,-87.1645
51722,1.05432,-76.3921
51723,1.00346,-89.6396
51724,1.05075,-68.3099
51725,1.07442,-64.7729
51726,1.05083,-76.0601
51727,1.04587,-75.505
51728,1.0539,-68.227
51729,1.0591,-69.9941
51730,1.0596,-71.8853
51731,1.06325,-67.1935
51732,1.06301,-67.2587
51733,1.02301,-70.4641
51734,1.09732,-67.9163
51735,1.07031,-78.754
51736,1.07512,-79.017
51737,1.04697,-79.3254
51739,1.00938,-85.5287
51740,1.00299,-86.1679
51741,1.03024,-82.6528
51742,1.03076,-81.97
51743,1.03534,-80.9068
51744,1.05084,-77.462
51745,1.03364,-81.5933
51746,1.03298,-81.7972
51747,1.0795,-88.2375
51748,1.05234,-89.6127
51749,1.07338,-72.0237
51750,1.07535,-71.6328
51751,1.07903,-70.6485
51752,1.07714,-64.606
51753,1.06111,-66.0192
51754,1.0911,-63.8737
51755,1.06186,-79.6934
51756,1.07353,-69.1905
51757,1.02793,-78.772
51758,1.05224,-74.7516
51759,1.04862,-72.4805
51760,1.0361,-75.6896
51761,1.03367,-76.3107
51762,1.04228,-75.0011
51763,1.04223,-74.8351
51765,1.04254,-75.0594
51766,1.03703,-75.3918
51767,1.04156,-75.016
51769,1.04114,-74.871
51770,1.03884,-75.4202
51771,1.04436,-74.2901
51772,1.03809,-74.8945
51773,1.03745,-75.387
51774,1.03964,-75.0579
51775,1.04218,-74.9278
51776,1.04258,-74.7084
51777,1.04278,-75.181
51778,1.03582,-76.3102
51779,1.03274,-76.647
51780,1.02768,-77.0763
51781,1.02945,-76.9268
51782,1.02919,-76.2921
51783,1.03013,-76.2223
51784,1.03494,-76.0461
51785,1.03201,-76.0061
51786,1.03386,-75.7757
51787,1.02861,-76.382
51788,1.02861,-76.3885
51789,1.03007,-76.1316
51790,1.03146,-75.8972
51791,1.00985,-78.6709
51792,1.00773,-78.6865
51793,1.00754,-78.6446
51794,1.01258,-78.4785
51795,1.01325,-78.458
51796,1.00978,-78.505
51797,1.00988,-78.8498
51798,1.0217,-76.6469
51799,1.01309,-78.406
51801,1.02734,-75.7906
51802,1.03499,-75.2698
51803,1.00267,-81.7086
51804,1.01665,-82.9291
51805,0.99819,-82.0293
51806,1.00491,-78.0486
51807,1.01614,-76.8412
51809,1.07981,-85.1351
51810,1.0852,-86.1643
51811,1.07951,-82.0511
51812,1.07521,-83.6256
51814,1.07657,-83.2818
51816,1.07759,-81.7111
51818,1.07787,-82.7557
51819,1.03247,-76.3206
51820,1.02273,-77.2061
51822,1.04114,-74.5768
51823,1.07436,-80.2036
51824,1.08776,-81.4376
51826,1.07698,-84.0919
51827,1.02157,-84.5487
51828,1.04489,-82.4273
51829,1.03514,-75.0641
51830,1.00862,-75.0258
51831,1.0833,-73.8039
51832,1.05525,-86.5243
51833,1.04098,-86.9308
51834,1.0661,-90.9708
51835,1.06389,-91.4274
51837,1.04941,-72.8315
51838,1.039,-76.3945
51839,1.03662,-75.5767
51840,1.03271,-77.438
51841,1.02159,-87.2282
51842,1.01719,-87.7861
51843,1.02757,-79.9647
51844,1.03233,-76.9067
51845,1.06167,-91.6131
51846,1.05492,-89.7341
51847,1.05414,-88.5405
51848,1.05371,-87.8754
51849,1.05013,-82.937
51850,1.01806,-76.6126
51851,0.979396,-81.7142
51852,0.979691,-80.9872
51853,0.977182,-81.2622
51854,0.9781,-81.2255
51855,0.974533,-83.3784
51856,0.981509,-82.9125
51857,0.978729,-83.7772
51858,0.971355,-82.9008
51860,1.00155,-86.039
51862,0.977691,-81.8386
51863,0.998384,-78.1859
51866,1.00046,-75.3081
51867,0.999509,-75.3882
51868,0.999074,-75.4288
51869,0.997176,-75.9491
51870,1.00076,-75.2945
51872,0.991789,-76.7194
51873,0.989939,-76.9279
51874,0.995372,-75.9384
51875,0.999926,-75.3848
51876,1.00791,-74.8132
51877,1.00052,-75.3224
51879,1.00207,-75.1688
51880,1.00575,-74.88
51882,0.991841,-76.3154
51883,0.999121,-77.2749
51892,0.979529,-85.1812
51893,0.988208,-88.0387
51894,0.988544,-87.9999
51895,0.992767,-87.6914
51896,0.988302,-87.9408
51897,0.989505,-88.2826
51898,0.991252,-87.6298
51899,0.992502,-87.5958
51900,0.988164,-88.003
51901,0.989454,-87.3594
51903,0.989054,-87.4864
51905,0.988521,-87.7296
51906,0.989072,-87.6477
51908,0.992553,-87.366
51909,0.989138,-87.3845
51910,0.991218,-87.492
51911,0.989997,-88.0243
51912,0.989119,-83.2332
51913,0.985438,-84.9037
51914,0.995664,-85.4157
51915,0.988124,-87.5051
51916,0.991424,-86.7651
51917,0.99825,-85.7191
51918,0.976923,-77.7747
51919,0.972332,-78.4079
51920,0.962972,-79.5634
51921,0.998017,-77.9003
51922,1.00186,-76.9704
51924,0.997663,-69.7574
51925,0.97757,-82.5648
51926,0.979428,-81.5677
51927,0.998405,-80.7343
51935,0.967391,-78.829
51936,0.981801,-78.8721
51941,0.981843,-78.8809
51943,1.00685,-78.8728
51944,0.994279,-79.4544
51945,0.996487,-78.9017
51946,0.997166,-79.0024
51947,1.01918,-75.2686
51948,0.987005,-79.6479
51950,0.97916,-77.6272
51952,0.970635,-81.7256
51953,0.989305,-79.872
51954,0.996079,-78.671
51955,0.941179,-79.4384
51956,0.992656,-76.157
51957,0.987651,-78.6021
51959,0.970784,-76.2935
51960,0.971026,-76.3349
51962,1.00875,-73.7339
51963,0.986425,-75.5263
51964,1.00205,-71.6934
51965,1.0038,-70.915
51966,0.998228,-69.7171
51967,1.00313,-75.0746
51968,1.0145,-72.8324
51969,1.00392,-75.0347
51971,1.01773,-71.893
51972,0.948068,-75.5635
51973,0.926401,-77.8468
51974,0.978468,-77.2085
51975,0.995048,-79.2421
51976,1.016,-71.5927
51978,0.98721,-78.4509
51980,0.992267,-78.0467
51981,1.00276,-78.5958
51982,0.990457,-84.5243
51983,0.961874,-81.83
51984,0.989396,-82.7926
51985,0.980271,-81.8651
51986,1.00041,-82.2066
51987,0.996944,-81.764
51989,0.975487,-83.727
51991,1.00058,-83.7843
51992,1.00442,-82.8916
51993,1.02338,-76.5664
51995,0.995837,-83.4697
51996,1.00678,-81.9419
51997,0.990118,-86.1642
51999,0.993252,-86.5991
52000,0.99171,-85.4841
52001,1.01118,-75.4001
52002,1.0095,-76.5621
52003,0.992037,-78.9003
52004,1.00525,-80.8225
52005,0.999666,-82.5245
52007,1.01573,-71.6722
52009,0.979984,-77.2766
52010,0.979494,-77.4097
52012,0.981442,-77.3716
52013,0.996008,-75.5786
52014,0.991129,-76.3783
52015,0.984681,-79.819
52016,1.00981,-79.2981
52017,1.03745,-74.874
52018,0.993984,-79.4372
52019,0.996618,-79.2302
52020,1.00115,-78.8499
52021,0.979806,-80.9395
52023,0.988756,-78.9758
52024,0.986255,-79.0279
52025,0.981976,-79.0627
52029,1.00152,-78.5696
52030,0.999631,-78.528
52033,0.973725,-77.4381
52034,0.975638,-77.2615
52035,0.96631,-78.311
52036,0.962316,-78.5988
52037,0.959817,-78.6473
52038,0.960514,-78.5928
52040,0.972385,-77.5265
52041,0.973363,-77.0264
52042,1.00253,-73.2759
52044,0.972711,-77.3496
52046,0.988257,-80.6738
52047,1.0042,-79.2478
52051,1.00156,-73.6144
52052,0.996384,-74.6812
52053,0.996527,-74.6941
52054,1.01166,-71.6669
52055,1.09714,-49.6261
52056,1.1,-48.5945
52057,1.03534,-44.5019
52058,1.04952,-44.4238
52059,1.04393,-39.3273
52060,1.08697,-63.541
52061,1.08207,-55.858
52062,1.05883,-46.8483
52063,1.04967,-26.634
52064,1.03831,-27.4311
52065,1.02734,-27.6114
52066,0.998543,-24.4829
52067,1.07986,-40.6459
52068,1.08369,-38.2321
52070,1.03356,-37.2359
52071,1.04173,-36.1884
52072,1.05406,-33.6086
52073,1.0438,-35.1886
52074,1.1,-48.6408
52075,1.04548,-45.9221
52076,1.01896,-48.2199
52077,1.02398,-46.9864
52078,1.03207,-41.842
52079,1.01151,-22.0094
52080,1.01625,-26.6791
52082,1.0019,-27.1884
52083,1.01069,-26.3139
52084,1.00071,-26.8842
52085,1.00213,-26.6305
52086,0.990761,-27.5282
52087,0.993884,-27.2337
52088,1.01218,-26.8591
52089,1.01149,-25.9146
52090,1.01817,-40.8225
52091,1.01671,-41.3387
52092,1.05601,-32.0068
52093,1.07304,-30.8503
52095,1.06539,-32.294
52096,1.0162,-34.076
52097,0.982398,-38.8685
52098,1.02261,-44.8954
52099,1.02254,-48.8622
52100,1.01385,-47.5028
52102,1.01549,-47.4926
52103,1.01815,-46.0264
52104,1.01835,-45.9694
52105,1.02427,-44.8233
52106,1.00589,-49.0995
52107,1.00847,-49.0844
52108,1.02254,-47.4069
52109,1.02155,-47.1288
52110,1.01637,-48.1888
52111,1.01769,-48.2151
52112,1.04279,-46.5707
52113,1.02154,-46.8961
52114,1.02686,-47.7558
52115,1.03916,-46.6787
52116,1.02429,-47.6699
52117,1.02351,-47.4082
52118,1.01774,-47.981
52119,1.01744,-47.9463
52120,1.01767,-47.876
52121,1.02249,-46.561
52122,1.02311,-46.8464
52123,1.02541,-46.0083
52124,1.0227,-46.4772
52126,1.02403,-46.511
52127,1.01957,-37.9242
52128,0.990786,-38.1741
52129,1.00775,-36.9766
52130,1.02785,-37.7638
52131,1.00891,-37.421
52132,1.02491,-35.021
52133,1.02923,-37.4671
52134,1.00278,-38.4278
52135,1.01745,-37.302
52136,1.0002,-38.8412
52137,1.01423,-37.1203
52138,1.02293,-46.1955
52140,1.00702,-46.7584
52141,1.00108,-47.2285
52142,1.00171,-47.1197
52143,1.00171,-47.0145
52145,1.03565,-42.2745
52146,1.04049,-41.8289
52147,1.05707,-15.1463
52149,1.05012,-16.2101
52150,1.04691,-16.5778
52152,1.08998,-31.7908
52153,1.1,-32.9547
52154,1.01588,-46.1254
52155,1.01598,-46.1462
52156,1.01851,-45.5615
52157,1.01867,-45.4379
52158,1.02151,-44.5172
52159,1.01875,-45.1294
52160,1.01404,-45.8127
52161,1.01638,-46.1441
52162,1.02216,-44.5951
52163,1.01205,-46.1626
52164,1.01358,-46.1712
52165,1.0089,-43.646
52166,1.01459,-45.4121
52167,1.01698,-45.3779
52168,1.02641,-44.0688
52169,1.01523,-45.2147
52170,1.02575,-44.1104
52171,1.01127,-46.7387
52172,1.00055,-47.1203
52173,1.00635,-46.6321
52174,1.00898,-46.6537
52175,1.00925,-46.4231
52176,1.01039,-46.0567
52177,1.0188,-45.7597
52178,1.01345,-46.7905
52180,1.0217,-46.2512
52181,1.02299,-46.1556
52182,1.01753,-47.7133
52183,1.03205,-46.0186
52184,1.03515,-45.5427
52185,1.01616,-47.6701
52186,1.01386,-47.8847
52188,1.02899,-46.4329
52189,1.01681,-48.1156
52190,1.01305,-48.2317
52191,1.02769,-46.5678
52192,1.01558,-48.1536
52193,1.00566,-48.0394
52194,1.00814,-47.793
52195,1.01225,-47.9627
52196,1.01181,-48.2304
52197,1.00844,-47.688
52198,1.00868,-47.6967
52199,1.01108,-47.6042
52200,1.02182,-45.7453
52201,1.02006,-46.1788
52202,1.0186,-46.2957
52203,1.01011,-47.4898
52204,1.0229,-45.6202
52205,1.01218,-47.2744
52206,1.01906,-47.2789
52207,1.0135,-47.3447
52208,1.02628,-45.6213
52209,1.03331,-44.7133
52210,0.99407,-47.7817
52211,0.99577,-47.5267
52212,1.00949,-45.1433
52213,0.994982,-45.687
52214,1.02629,-43.4085
52215,0.990001,-46.2036
52216,1.03516,-29.6553
52217,1.01447,-34.5166
52218,0.969544,-36.6434
52220,0.97326,-36.5436
52221,0.975864,-36.3881
52222,0.977744,-36.2031
52223,1.03272,-31.4884
52225,0.969596,-36.5445
52226,0.972384,-36.5232
52227,0.984896,-35.1594
52228,0.969097,-36.6555
52229,0.969298,-36.6094
52230,0.969622,-36.527
52232,0.971659,-36.5795
52233,0.966416,-36.4066
52234,0.967558,-36.2036
52235,0.968429,-36.1032
52237,0.971319,-33.4869
52238,0.972143,-35.7865
52239,0.961322,-34.6465
52240,0.962225,-33.4329
52241,0.961344,-33.0368
52242,0.992211,-35.9115
52243,1.01909,-33.7432
52244,0.965645,-36.2856
52245,1.00186,-33.2816
52246,1.01695,-33.8784
52247,0.993512,-34.9365
52248,0.985205,-35.2816
52249,0.968476,-36.3499
52250,0.954207,-35.2873
52251,1.00126,-31.1664
52252,1.05991,-46.2048
52253,1.02817,-46.7249
52254,1.03281,-45.6535
52256,1.03649,-45.0852
52257,1.05455,-47.1775
52258,1.03746,-48.7468
52259,1.0358,-48.8166
52260,1.05374,-46.1604
52262,1.03517,-49.0788
52263,1.03379,-50.617
52264,1.03789,-50.2315
52265,1.04307,-49.7615
52266,1.03997,-49.2869
52267,1.03041,-50.0277
52268,1.04015,-47.9271
52269,1.04989,-46.3299
52270,1.04549,-46.2929
52271,1.05098,-46.4841
52272,1.05062,-48.0515
52273,1.056,-46.9179
52274,1.06298,-45.3957
52275,1.04179,-48.4508
52276,1.05545,-45.6
52278,0.997329,-41.8805
52279,1.02575,-39.9938
52280,1.03761,-39.7475
52281,1.03862,-40.2179
52282,1.03122,-40.1049
52283,1.03354,-46.0476
52284,1.04163,-44.4308
52285,1.04538,-43.0776
52286,1.04989,-43.0506
52287,1.03841,-44.3814
52288,1.04595,-43.5455
52289,1.04038,-46.8622
52291,1.05875,-48.4323
52292,1.04582,-43.1646
52293,1.05034,-41.3267
52294,1.03724,-41.024
52295,1.07862,-36.8591
52296,1.07183,-35.5082
52297,1.05101,-50.6066
52298,1.03769,-52.3269
52299,1.03501,-52.9409
52300,1.03553,-53.0243
52301,1.00999,-60.8638
52302,1.03791,-52.742
52303,1.03839,-52.2657
52306,1.03854,-53.0499
52308,1.03317,-52.0069
52309,1.03849,-40.2495
52310,1.02085,-44.6662
52311,1.03583,-44.247
52313,1.04836,-37.3699
52314,0.991214,-45.334
52315,0.978239,-44.6363
52316,0.977512,-44.0139
52317,0.998249,-45.3564
52318,1.02581,-37.778
52319,1.01203,-39.6187
52320,1.02069,-37.4224
52321,1.02102,-36.5687
52322,0.975586,-38.2254
52323,1.02893,-39.3203
52325,1.0385,-41.0388
52326,1.03275,-43.6389
52327,1.01018,-39.8051
52328,1.0256,-62.5444
52329,1.01765,-60.2212
52330,1.02588,-36.8955
52331,1.04712,-35.7843
52332,1.08886,-38.285
52333,1.07484,-38.2328
52334,1.09404,-41.5435
52335,1.07713,-29.4272
52336,1.03101,-34.3446
52337,1.04518,-37.6177
52338,1.0213,-32.6003
52339,1.04959,-40.5512
52340,1.02413,-41.5755
52341,1.028,-42.4985
52342,1.02115,-42.1547
52343,1.03282,-33.8984
52344,1.0653,-28.9794
52346,1.05455,-28.8981
52347,1.06405,-29.2587
52348,1.07522,-27.3863
52349,1.06456,-29.4137
52351,1.0658,-29.2798
52352,1.00356,-35.5995
52353,1.01366,-33.7323
52354,1.00109,-34.1112
52355,1.00826,-29.6376
52356,0.997964,-36.6535
52357,1.00133,-39.8145
52358,1.05447,-52.0233
52360,1.04108,-53.9781
52361,1.03395,-57.2634
52363,1.03315,-57.4727
52364,1.05661,-52.168
52365,1.02684,-56.7464
52366,1.01735,-59.994
52367,0.993299,-60.6952
52368,1.02437,-57.4392
52369,1.01428,-52.987
52370,1.0167,-49.9576
52371,1.01532,-50.0188
52372,1.01194,-49.6585
52373,1.05278,-32.6302
52374,1.04867,-32.6438
52375,1.05532,-31.2798
52376,1.03276,-29.8141
52377,1.05671,-27.0916
52378,1.05671,-23.8503
52381,1.08404,-27.6968
52382,1.0791,-26.0083
52384,1.08038,-27.2364
52386,1.09908,-24.3114
52387,1.07346,-25.5605
52388,1.04201,-27.5698
52389,1.06886,-23.9362
52390,1.07025,-23.358
52391,1.04237,-47.6558
52392,1.00352,-50.419
52393,1.04812,-46.0111
52395,1.03263,-44.8841
52396,1.02431,-47.6126
52397,1.03989,-47.6872
52398,1.03794,-47.7249
52400,1.0372,-47.697
52401,1.03743,-47.4678
52402,1.03811,-47.7023
52403,1.03337,-47.629
52404,1.03687,-49.3641
52405,1.03897,-47.4434
52406,0.970353,-38.2678
52407,0.968431,-37.7848
52408,0.976581,-37.8041
52409,1.03315,-44.8538
52410,1.01357,-42.0975
52411,0.983889,-45.0092
52412,1.02872,-42.4864
52413,0.990229,-46.2624
52414,1.00738,-45.281
52415,1.07536,-22.9297
52416,1.01488,-19.0857
52417,1.04534,-16.5031
52418,1.09157,-17.8135
52419,1.08025,-18.6473
52420,1.05148,-16.3671
52421,1.0599,-16.8508
52422,1.06204,-15.2811
52424,1.05506,-39.8852
52426,1.03577,-39.0401
52427,1.05585,-38
52428,1.05591,-37.9458
52429,1.05261,-47.476
52430,1.08674,-39.1333
52431,1.08186,-46.239
52432,0.993425,-33.8674
52433,1.01044,-30.3827
52434,1.00959,-29.2117
52435,1.0096,-28.89
52436,1.06189,-41.6159
52437,1.06022,-41.8614
52438,1.06135,-41.6315
52439,1.08139,-42.5748
52441,1.06932,-42.5065
52442,1.06129,-42.0055
52443,1.05571,-42.6074
52445,1.02676,-43.3993
52446,1.00627,-42.6322
52447,1.0183,-44.0255
52448,1.05901,-42.3389
52449,1.05998,-42.4513
52450,1.06006,-42.2166
52451,1.06751,-41.2941
52452,1.06674,-41.3064
52453,1.06136,-42.0555
52454,1.06328,-42.0642
52455,1.06119,-41.958
52456,1.06323,-41.9848
52458,1.05603,-41.2874
52459,1.05517,-42.9176
52460,1.05697,-41.7507
52461,1.05321,-41.4189
52462,1.05292,-39.6715
52463,1.04834,-43.8915
52464,1.06181,-48.5699
52465,1.04814,-49.5322
52466,1.03198,-50.9319
52468,1.04152,-52.9773
52469,1.04309,-51.9655
52470,1.03762,-51.7585
52471,1.05605,-48.8372
52472,1.02136,-45.6907
52473,1.03273,-45.7433
52474,1.0295,-45.0335
52475,1.04771,-42.4393
52476,1.02741,-47.368
52477,1.02337,-47.5394
52478,1.02632,-47.3971
52480,1.01846,-48.1694
52481,1.02348,-47.8424
52482,1.02542,-47.4113
52485,1.02453,-47.4492
52486,1.02477,-47.4107
52487,1.02207,-47.9738
52488,1.01739,-47.9258
52489,1.01858,-47.9125
52490,1.02262,-47.3291
52491,1.02302,-47.3542
52492,1.02041,-48.0749
52493,1.02396,-47.4101
52494,1.02434,-47.4137
52499,1.02453,-47.3759
52500,1.01789,-48.1826
52502,1.02296,-47.2498
52503,1.02356,-47.0163
52504,1.02419,-46.9671
52505,1.01783,-48.0354
52507,1.02482,-47.329
52508,1.02849,-46.4825
52509,1.0217,-47.8453
52510,1.01807,-48.0645
52511,1.01964,-47.9397
52512,1.01844,-48.0128
52513,1.01683,-48.1171
52514,1.02292,-47.0917
52516,1.0279,-46.4504
52517,1.00919,-48.6864
52518,1.02101,-47.517
52519,1.01563,-48.2621
52520,1.01523,-48.289
52521,1.01554,-48.2773
52522,1.01614,-48.244
52523,1.02282,-47.0393
52524,1.02185,-47.2908
52525,1.01551,-48.257
52526,1.03244,-46.4906
52529,1.042,-43.4899
52530,1.0149,-48.2908
52531,1.01061,-48.61
52532,1.01093,-48.7341
52533,1.02071,-47.5636
52535,1.01254,-49.249
52536,1.01498,-49.0117
52537,1.01187,-49.3149
52538,1.01148,-49.3495
52539,1.01198,-49.3374
52542,1.03456,-46.4427
52543,1.02864,-47.4053
52544,1.02825,-47.526
52545,1.02825,-47.4617
52546,1.02779,-47.4594
52547,1.01981,-48.6439
52548,1.02547,-47.7504
52549,1.02721,-47.4487
52551,1.0202,-48.5072
52552,1.01448,-49.1045
52553,1.01294,-49.2274
52554,1.01623,-48.9872
52555,1.02585,-47.6957
52556,1.01684,-49.0476
52557,1.01808,-48.8553
52558,1.01873,-48.7748
52559,1.02546,-47.6893
52560,1.01558,-49.2082
52561,1.02098,-48.6775
52562,1.01668,-49.0885
52563,1.01468,-49.1996
52564,1.02615,-47.7861
52565,1.0179,-48.9669
52566,1.01083,-49.4781
52567,1.01131,-49.4311
52568,1.01054,-49.5268
52569,1.01257,-49.3217
52570,1.01143,-49.5187
52571,1.0246,-48.3302
52572,1.01295,-49.303
52573,1.01449,-49.2699
52575,1.03625,-47.0858
52576,1.04301,-46.6332
52577,1.035,-45.5228
52578,1.02676,-47.4937
52579,1.03035,-47.4351
52580,1.01469,-49.2594
52581,1.01329,-48.5555
52582,1.02005,-47.6814
52583,1.0242,-46.9986
52584,1.01599,-48.3285
52585,1.02401,-47.0352
52586,1.01267,-48.2861
52587,1.01054,-48.3407
52588,1.0124,-48.373
52589,1.01573,-48.1815
52590,1.01625,-48.195
52591,1.02643,-46.7073
52592,1.0249,-46.9095
52594,1.02447,-46.9635
52595,1.01372,-48.4712
52596,1.01317,-48.4608
52597,1.01405,-48.3944
52598,1.01328,-48.4307
52599,1.01191,-48.4554
52600,1.0119,-48.4102
52603,1.01361,-48.3902
52604,1.01966,-47.0081
52605,1.02226,-46.851
52606,1.02154,-47.0215
52607,1.02287,-46.2823
52608,1.0256,-45.8742
52609,1.0126,-47.6957
52610,1.0238,-46.1968
52611,1.02785,-46.0532
52612,1.02026,-47.2016
52613,1.02241,-47.117
52614,1.02748,-46.0112
52616,1.02367,-46.993
52617,1.03048,-45.8626
52618,1.02209,-47.1216
52619,1.02687,-46.1686
52620,1.02067,-47.1647
52621,1.02786,-46.043
52623,1.01699,-47.3659
52624,1.02535,-46.5449
52625,1.04378,-43.8318
52626,1.0139,-47.6294
52627,1.01513,-47.5414
52629,1.02499,-46.6061
52630,1.01628,-47.9293
52631,1.02954,-45.9328
52632,1.03133,-46.4802
52633,1.01838,-47.4356
52634,1.02053,-47.2023
52635,1.03042,-45.7981
52636,1.03282,-45.5707
52637,1.03414,-45.3991
52638,1.03211,-45.631
52639,1.03622,-46.5008
52640,1.03972,-46.9216
52641,1.04211,-46.589
52642,1.05376,-44.9644
52643,1.03486,-46.7256
52644,1.05412,-44.9411
52645,1.04445,-46.4094
52646,1.03566,-47.0256
52647,1.0349,-47.1268
52649,1.03657,-47.099
52650,1.03523,-47.076
52652,1.01618,-49.6616
52653,1.03395,-47.177
52655,1.02484,-48.5642
52656,1.02981,-47.6107
52657,1.031,-47.5498
52658,1.03488,-47.1474
52659,1.0153,-49.6276
52660,1.03946,-46.1682
52661,1.05153,-45.0618
52662,1.05321,-44.9925
52663,1.04297,-46.3571
52664,1.02823,-47.6079
52665,1.0284,-47.5136
52666,1.0288,-47.5332
52667,1.02874,-47.5952
52668,1.02952,-47.5018
52669,1.02944,-47.5753
52670,1.02937,-47.6094
52671,1.03361,-47.1518
52672,1.03111,-47.4111
52673,1.02033,-48.5889
52674,1.02006,-48.5985
52675,1.02643,-47.6807
52676,1.02872,-47.6343
52677,1.02107,-48.559
52678,1.02036,-48.5942
52679,1.01938,-48.7578
52680,1.03259,-47.4004
52681,1.03785,-47.1566
52682,1.02731,-47.725
52683,1.0266,-47.7684
52684,1.02702,-47.6793
52685,1.02875,-47.6264
52686,1.029,-47.5952
52687,1.02082,-48.7273
52688,1.02171,-48.4929
52689,1.01789,-48.6779
52690,1.02737,-47.5722
52691,1.02862,-47.5551
52692,1.0292,-47.6009
52694,1.02811,-47.6736
52695,1.02788,-47.6787
52696,1.02139,-47.7033
52697,1.02207,-47.5669
52698,1.02225,-47.1989
52700,1.03245,-46.082
52701,1.02179,-46.4452
52702,1.02807,-46.6357
52703,1.02547,-46.834
52704,1.04891,-43.6844
52705,1.04171,-43.9999
52706,1.03827,-44.8915
52707,1.04757,-43.6621
52708,1.03154,-46.2735
52709,1.03546,-45.9601
52710,1.04941,-43.7446
52711,1.0572,-44.0455
52712,1.05425,-43.2184
52713,1.05686,-43.8174
52714,1.01699,-48.1041
52715,1.05352,-45.124
52716,1.05885,-44.1028
52717,1.04191,-44.7099
52718,1.04033,-44.9336
52719,1.04343,-44.4204
52721,1.03902,-45.093
52722,1.0505,-45.1642
52723,1.0452,-44.3284
52725,1.04904,-42.9602
52726,1.04857,-42.3886
52727,1.01907,-56.8554
52728,1.04668,-54.2929
52730,1.04224,-53.783
52732,1.04834,-48.2386
52733,1.0417,-49.8748
52734,1.03823,-50.9473
52736,1.056,-48.0016
52737,1.08148,-62.5454
52738,1.1,-36.3736
52739,1.08028,-41.8658
52740,1.0783,-42.3963
52741,1.08699,-39.9797
52742,1.08306,-42.0674
52743,1.08571,-41.5967
52744,1.07777,-42.4773
52745,1.05004,-43.5686
52746,1.0745,-42.6537
52747,1.01476,-55.7063
52749,1.02162,-54.2946
52750,1.04942,-52.6568
52751,1.06159,-50.9535
52752,1.04611,-49.7208
52753,1.06222,-47.1646
52755,1.04484,-49.8411
52756,1.04572,-49.4943
52757,1.04751,-49.3662
52759,1.04159,-50.0977
52760,1.0438,-49.9082
52761,1.04334,-49.5196
52762,1.04119,-49.2861
52763,1.06362,-60.0162
52764,1.03385,-49.774
52765,1.03366,-50.5516
52766,1.02776,-50.3395
52767,1.029,-49.8836
52768,1.03054,-49.7633
52769,1.0571,-36.738
52770,1.05809,-35.912
52771,1.02406,-38.7156
52772,1.05568,-37.0081
52773,1.05112,-35.7536
52774,1.05241,-35.6931
52775,1.04125,-37.3498
52776,1.04438,-37.041
52777,1.06438,-34.4382
52779,1.06863,-29.903
52780,1.01457,-29.4272
52782,1.0215,-40.655
52784,1.0158,-41.4274
52785,1.01615,-41.4773
52787,1.0168,-41.5176
52788,1.01081,-42.4239
52790,1.0308,-41.0243
52792,1.03945,-43.2181
52793,1.03721,-43.3608
52794,1.03763,-43.0069
52796,1.04656,-41.595
52797,1.04019,-43.2757
52798,1.03651,-43.9232
52799,1.03944,-43.3372
52800,1.03303,-43.8462
52801,1.05107,-42.6035
52802,1.02142,-44.9804
52803,1.02876,-44.602
52804,1.04481,-40.2495
52805,1.03305,-43.0914
52806,1.0441,-37.0894
52807,1.00876,-44.2578
52808,1.05834,-22.4109
52809,1.03971,-22.3913
52810,1.05298,-19.9979
52811,1.08056,-32.4915
52812,1.07064,-45.8677
52813,1.06879,-46.0122
52814,1.06945,-45.9587
52816,1.0475,-44.5898
52817,1.0542,-46.9652
52818,1.0517,-46.8757
52819,1.05038,-47.4348
52820,1.03968,-47.3307
52821,1.04256,-46.791
52823,1.06316,-46.8942
52824,1.05856,-47.2355
52825,1.06258,-46.7965
52826,1.05858,-47.0475
52827,1.06916,-45.5199
52828,1.07402,-44.8221
52829,1.04223,-48.219
52830,1.07882,-43.5078
52832,1.07674,-44.8058
52833,1.07501,-44.8115
52834,1.07694,-44.5655
52835,1.05016,-43.8965
52836,1.02117,-47.8125
52837,1.01929,-47.9503
52838,1.06933,-46.476
52839,1.06538,-47.7245
52840,1.02557,-44.2532
52841,1.02097,-44.509
52842,1.00063,-45.6127
52843,1.00309,-45.6695
52844,1.00622,-45.356
52845,1.02644,-42.8741
52846,1.02944,-42.2859
52847,1.03712,-41.0816
52848,1.03068,-42.1122
52850,1.06335,-33.5532
52851,1.06074,-34.2047
52852,1.04472,-40.2881
52853,1.0417,-38.6738
52854,1.05695,-33.2583
52855,1.07084,-29.6402
52857,1.0703,-28.8374
52858,0.963511,-37.8956
52862,0.954588,-41.7185
52863,0.9659,-38.2946
52864,0.960585,-37.0608
52866,0.983467,-40.5125
52867,0.975498,-38.4477
52868,0.978614,-39.0622
52869,1.09251,-37.5918
52870,1.09199,-35.1584
52871,1.09357,-35.5693
52872,1.09425,-35.1249
52873,1.09336,-33.2901
52874,1.01477,-31.3654
52875,1.04619,-29.703
52876,1.02828,-30.2803
52877,1.02139,-30.4248
52878,0.98074,-33.2184
52879,1.05097,-47.8908
52880,1.05425,-47.5097
52881,1.04401,-48.9303
52882,1.05507,-47.3695
52883,1.04926,-48.1264
52884,1.04862,-48.1914
52885,1.04847,-48.2102
52886,1.0484,-48.2215
52887,1.04812,-48.2358
52888,1.04352,-49.0456
52889,1.04841,-48.1862
52890,1.04882,-48.1288
52891,1.04922,-48.0406
52892,1.03814,-49.1729
52893,1.05074,-47.7048
52894,1.04258,-48.7318
52895,1.04036,-49.0147
52896,1.0392,-49.1748
52897,1.03644,-49.4342
52898,1.05027,-47.8576
52899,1.04847,-48.2025
52900,1.04838,-48.1983
52901,1.04879,-48.2193
52902,1.03987,-49.674
52903,1.04008,-49.6169
52904,1.04407,-49.1903
52905,1.04302,-49.0595
52906,1.0501,-48.1026
52907,1.04928,-48.1572
52908,1.05086,-47.8277
52909,1.05205,-47.7856
52910,1.04467,-48.6433
52911,1.05123,-47.3796
52912,1.04602,-48.2988
52913,1.05263,-47.1918
52914,1.05207,-47.4089
52915,1.05384,-47.721
52916,1.05183,-47.9643
52917,1.05765,-47.5376
52918,1.05938,-47.5378
52919,1.06251,-46.5131
52920,1.04672,-49.0288
52921,1.05399,-47.7412
52922,1.04267,-49.2814
52923,1.05702,-47.7056
52924,1.05712,-47.5042
52925,1.05742,-47.3594
52926,1.06184,-46.3296
52927,1.06168,-46.2051
52928,1.05244,-47.1476
52930,1.06504,-47.2998
52931,1.05873,-47.8287
52932,1.04772,-48.9169
52933,1.05005,-48.0472
52935,1.05526,-47.5283
52936,1.05644,-47.3628
52937,1.05647,-47.3832
52938,1.05336,-47.7732
52939,1.06626,-45.8774
52940,1.04159,-48.7245
52941,1.04791,-48.207
52942,1.04303,-49.6028
52943,1.05065,-48.2222
52944,1.07095,-45.5427
52945,1.06213,-46.3859
52946,1.06373,-45.7813
52947,1.06359,-46.0315
52948,1.06466,-45.0325
52949,1.0682,-44.4516
52950,1.05003,-48.212
52951,1.05805,-47.1153
52952,1.05212,-48.1345
52953,1.05694,-46.3153
52954,1.04989,-47.0405
52955,1.05089,-47.024
52956,1.0636,-45.1729
52957,1.05052,-47.3434
52958,1.05108,-47.1143
52959,1.05373,-46.9105
52960,1.04496,-48.2778
52961,1.05035,-47.3554
52962,1.05166,-47.1503
52963,1.04994,-47.4298
52965,1.04514,-47.7659
52967,1.05654,-46.7449
52968,1.04639,-47.6669
52969,1.05753,-46.6638
52970,1.04903,-47.2758
52971,1.05664,-45.9037
52972,1.05061,-46.8915
52973,1.05734,-45.8282
52974,1.0564,-46.0025
52975,1.05552,-46.1284
52976,1.05542,-46.0614
52977,1.05119,-46.7789
52978,1.05161,-46.7778
52979,1.05676,-45.923
52980,1.05671,-45.8707
52981,1.05714,-45.7845
52982,1.05781,-45.6801
52983,1.05717,-45.7306
52984,1.05177,-46.2755
52985,1.05675,-45.8173
52986,1.05656,-45.7447
52987,1.0581,-45.5667
52988,1.0606,-45.1119
52989,1.06021,-45.1858
52990,1.06137,-44.7322
52991,1.05587,-45.9502
52992,1.05639,-45.8529
52993,1.06124,-45.0451
52994,1.05425,-45.9579
52995,1.05582,-45.8706
52996,1.05326,-46.5228
52998,1.05946,-46.8351
52999,1.06023,-46.7447
53000,1.06133,-46.5062
53001,1.05755,-46.1262
53002,1.05841,-45.9421
53003,1.05633,-45.8726
53004,1.04945,-46.9981
53005,1.0505,-46.8609
53006,1.05537,-46.0259
53007,1.05103,-46.7118
53008,1.0569,-45.8243
53009,1.06265,-44.7138
53010,1.06257,-46.227
53011,1.05292,-46.5755
53012,1.0606,-45.2479
53013,1.0594,-45.7286
53014,1.05873,-45.6035
53015,1.06069,-45.394
53016,1.05984,-46.0755
53017,1.06231,-44.9564
53018,1.06418,-44.6513
53019,1.06582,-44.4942
53020,1.06315,-45.4067
53021,1.04975,-46.732
53022,1.05681,-47.2346
53024,1.06413,-45.4022
53025,1.06034,-44.9295
53027,1.04093,-46.7677
53028,1.04879,-48.1318
53029,1.05028,-48.0234
53030,1.04797,-48.1942
53031,1.04452,-48.4623
53032,1.05284,-47.0528
53033,1.05274,-47.0679
53034,1.05316,-46.9573
53035,1.05445,-46.6094
53036,1.05523,-46.6534
53037,1.05921,-46.965
53038,1.04161,-49.649
53039,1.05451,-46.9208
53040,1.06533,-44.2704
53041,1.05418,-46.7056
53042,1.04591,-47.674
53043,1.05204,-46.8589
53044,1.05521,-46.4998
53045,1.05312,-46.7084
53046,1.04981,-48.0613
53047,1.05118,-47.9577
53048,1.05446,-47.3326
53049,1.03809,-49.9405
53050,1.04622,-49.1246
53051,1.04165,-49.6451
53052,1.04644,-49.4769
53053,1.06545,-46.4017
53054,1.0579,-43.358
53055,1.05654,-43.2739
53056,1.06373,-42.9425
53057,1.05793,-42.7318
53058,1.05946,-43.6754
53059,1.04573,-47.2746
53060,1.04552,-47.9367
53061,1.04425,-47.8126
53062,1.04541,-47.628
53063,1.06456,-44.486
53064,1.05309,-46.2408
53065,1.056,-45.8335
53066,1.04819,-47.1617
53068,1.05837,-45.5929
53070,1.06071,-45.3456
53071,1.06316,-44.2026
53072,1.06276,-44.0159
53073,1.06725,-43.3703
53074,1.06934,-42.3645
53075,1.06153,-44.0246
53077,1.03942,-52.8461
53078,1.04043,-52.7567
53079,1.04295,-52.6831
53081,1.04188,-52.4192
53082,1.04296,-50.7337
53083,1.03421,-53.591
53084,1.03076,-53.8419
53085,1.04245,-54.895
53086,1.02497,-54.8213
53087,1.03209,-53.0065
53088,1.05049,-49.6715
53089,1.02621,-38.6351
53090,1.03487,-35.469
53091,1.02453,-36.8281
53092,1.01179,-40.0898
53093,1.07847,-49.0866
53094,1.06614,-55.9186
53095,1.08609,-40.1591
53096,1.07857,-35.0064
53097,1.08363,-36.234
53098,1.07586,-37.4372
53099,1.07522,-37.8234
53100,1.06965,-38.226
53101,1.04304,-80.2129
53102,1.05468,-75.89
53103,1.05554,-74.2723
53105,1.06552,-74.898
53106,1.05953,-75.091
53107,1.05928,-75.3358
53108,1.03158,-80.2948
53109,1.02948,-80.0015
53110,1.04121,-86.5784
53111,1.04859,-85.5034
53112,0.981492,-82.3204
53113,0.959899,-83.1451
53114,0.97061,-83.3189
53115,0.978716,-82.4849
53116,0.979921,-82.0788
53117,0.978408,-82.5427
53118,1.06763,-70.4921
53119,1.06168,-70.6302
53120,1.06578,-70.4335
53121,1.06579,-70.3685
53122,1.06635,-70.4534
53123,1.06777,-70.0437
53124,1.06396,-68.9797
53125,1.04855,-73.1734
53126,1.0658,-76.7279
53127,1.06371,-76.5733
53128,1.05961,-77.4393
53129,0.96889,-81.4343
53132,1.07667,-78.2957
53133,1.05815,-83.7271
53134,1.07395,-77.6139
53135,1.06215,-74.4846
53136,1.04673,-83.7675
53137,1.05474,-80.7868
53138,1.04709,-83.4432
53139,0.999236,-77.5315
53140,1.00955,-76.7284
53141,1.01186,-76.9872
53142,1.00899,-76.7317
53143,1.0168,-77.4091
53144,1.03347,-75.5229
53145,1.02078,-76.6055
53146,0.993189,-82.0188
53147,1.01212,-80.2716
53148,1.00995,-86.3996
53149,0.997585,-87.7058
53150,1.03354,-80.7267
53151,1.04502,-80.5128
53152,1.05059,-80.3869
53153,1.06178,-78.9204
53154,1.04626,-70.6011
53155,1.07276,-71.7753
53156,1.06096,-73.0499
53157,0.991666,-79.7457
53160,1.00556,-83.0056
53161,1.0508,-79.7682
53162,1.04843,-73.229
53163,1.03436,-77.9372
53166,1.03343,-74.1029
53167,1.0063,-76.4636
53168,0.990026,-78.0345
53169,1.04621,-80.8902
53170,1.0642,-83.1747
53171,1.0156,-75.5783
53172,0.987687,-79.798
53173,0.992713,-80.8042
53175,1.09298,-71.2051
53177,1.01438,-78.512
53178,1.05874,-73.5645
53179,1.05164,-74.6547
53180,1.05413,-74.8422
53181,1.03137,-80.5378
53182,1.03335,-86.9424
53183,1.04435,-83.0477
53184,1.03993,-84.9779
53185,1.08093,-70.6936
53186,1.04827,-79.501
53187,1.07835,-76.3636
53188,1.05803,-78.9584
53189,1.02539,-78.4325
53190,1.01079,-81.2213
53191,1.02478,-78.5844
53192,1.00093,-82.7461
53193,0.99938,-82.9714
53194,0.998583,-83.3195
53195,0.96583,-84.8746
53199,0.967348,-86.511
53200,0.982549,-86.8916
53203,0.99437,-84.6863
53204,0.98796,-87.0755
53206,0.996249,-84.8613
53208,1.00423,-85.1661
53209,1.01356,-88.9262
53210,1.01362,-85.2471
53212,1.0253,-80.0323
53213,1.00536,-85.4241
53214,1.02597,-87.5191
53216,1.03242,-74.9398
53217,0.942004,-81.9616
53218,0.943382,-84.0954
53219,0.963993,-81.3759
53221,1.00292,-77.2995
53222,1.02277,-78.9564
53223,1.00466,-81.951
53224,0.997926,-83.645
53225,0.989344,-85.2393
53226,0.995013,-84.0032
53227,0.995941,-84.027
53228,0.994165,-84.7066
53229,0.997269,-83.932
53230,0.996668,-83.9946
53232,0.998307,-83.7876
53233,0.995775,-84.1918
53234,0.991143,-84.9739
53235,0.99035,-85.1159
53236,0.988364,-85.4353
53237,0.983393,-86.0454
53238,0.986647,-85.7048
53239,0.987989,-86.055
53240,0.98321,-86.1743
53241,0.982054,-86.2108
53242,0.985847,-85.884
53243,0.985494,-86.0399
53244,0.987858,-85.4838
53245,0.990032,-85.346
53246,0.99478,-84.3259
53247,0.99387,-84.8102
53248,0.992067,-84.9758
53249,0.990035,-85.0886
53251,0.994653,-84.3855
53252,0.994233,-84.5037
53253,0.976702,-84.0318
53254,0.977429,-83.9038
53255,1.00076,-83.4816
53256,0.984058,-86.3716
53257,0.987631,-85.1158
53258,0.993778,-83.7081
53259,1.00258,-83.0572
53260,0.999851,-83.3059
53261,0.987929,-85.3971
53263,0.984438,-85.0132
53264,0.984171,-85.0947
53265,0.988408,-85.5149
53266,0.975801,-83.3604
53267,0.968778,-84.2864
53268,0.948105,-81.164
53269,0.947816,-81.1576
53271,0.94851,-81.1708
53274,0.942217,-79.6407
53275,0.944805,-81.3104
53278,0.949741,-81.1185
53280,0.942088,-79.3468
53285,0.961509,-71.8081
53286,0.942073,-80.9879
53287,0.944635,-81.4617
53288,0.942516,-81.7665
53289,1.03497,-78.4879
53290,0.98053,-87.6684
53291,0.94577,-79.0394
53292,1.03999,-80.3249
53293,1.02385,-77.5654
53294,1.01873,-80.1205
53295,1.02706,-76.454
53296,1.00678,-77.4919
53297,1.04343,-79.46
53298,1.06112,-81.0475
53299,1.08355,-76.8062
53300,1.02701,-81.6321
53301,1.08525,-70.3768
53302,1.086,-70.5032
53304,1.04151,-74.1258
53305,1.0555,-76.7721
53306,1.03808,-77.3122
53307,1.03919,-78.3669
53308,1.04718,-78.9909
53309,1.06175,-77.7561
53310,1.02417,-88.7972
53311,1.03348,-89.0924
53312,1.02872,-85.5421
53313,1.04137,-86.6469
53314,1.0402,-87.9586
53315,1.03743,-81.603
53316,1.01107,-81.6679
53317,1.03783,-88.1873
53318,1.04864,-87.0596
53319,1.03248,-86.9492
53320,1.03883,-87.9903
53321,1.04264,-88.8286
53322,1.01307,-80.0354
53323,1.03468,-12.4345
53324,0.989642,-10.7833
53325,0.999933,-7.81508
53327,0.995507,-11.8154
53328,0.999554,-11.6815
53329,1.01515,-10.1161
53330,0.98764,-11.3852
53331,1.02608,-9.45514
53332,0.98934,-12.8638
53333,1.00741,-10.131
53334,1.07336,-13.3231
53335,1.06165,-14.7808
53336,1.04542,-16.3427
53337,1.03368,-16.0828
53338,1.06317,-6.94212
53340,1.04896,-8.28383
53341,1.05927,-7.30606
53342,1.06359,-7.33327
53343,1.05804,-7.4032
53344,1.0347,-10.2457
53345,1.05059,-8.16076
53346,1.04258,-9.31907
53347,1.04791,-8.76747
53349,1.05662,-7.83775
53350,1.09449,-4.21687
53352,1.04846,-8.29765
53353,1.02082,-9.66739
53354,1.02822,-9.78555
53355,1.06729,-0.717331
53357,1.07092,-0.0425047
53359,1.07407,0.290228
53360,0.982019,-29.1044
53361,0.987238,-26.6609
53362,0.98258,-26.6829
53363,1.09098,-22.6509
53364,1.05044,-0.141917
53365,1.02286,-3.89949
53366,1.03529,-1.63049
53367,1.03802,-1.23047
53368,1.04717,0.24195
53369,1.04217,-0.610762
53370,1.03852,-2.71653
53371,1.05095,-1.14787
53372,1.07269,-3.53391
53373,1.07792,-2.65046
53374,1.07791,-2.10047
53375,1.07388,-2.00211
53376,1.07266,-2.86784
53377,1.07109,-3.53534
53378,1.0341,-18.3231
53379,1.05662,-12.9937
53380,1.05178,-13.0564
53381,1.04525,-13.0483
53382,1.04675,-12.1067
53383,1.04701,-11.7026
53384,1.06621,-2.71776
53385,1.05928,-3.9887
53386,1.0767,-0.416741
53387,1.08226,-0.0170684
53388,1.06777,-2.3286
53389,1.08511,0.0391401
53390,1.07904,-0.0949011
53391,1.07819,-0.0361752
53392,1.05404,-3.40057
53393,1.04976,-3.92656
53394,1.03342,-23.515
53395,1.07205,-3.51461
53396,1.08381,-3.86485
53397,1.07952,-2.99487
53398,1.08255,-4.52943
53400,1.08315,-4.30681
53402,1.01005,-15.3824
53403,1.04277,-14.6683
53404,1.04531,-14.3583
53405,1.0559,-13.9385
53406,1.06659,-14.1839
53409,1.06901,-14.1738
53411,1.06328,-13.9332
53412,1.04879,-14.6775
53413,1.05777,-13.4541
53414,1.04682,-14.8365
53415,1.04133,-14.8579
53416,1.05663,-13.7384
53417,1.05733,-13.5697
53418,1.0436,-14.487
53419,1.04514,-14.5817
53420,1.0434,-14.6343
53421,1.05483,-13.5771
53422,1.05744,-12.7078
53423,1.04981,-11.6285
53424,1.04074,-14.2266
53426,1.04017,-14.397
53427,1.04579,-11.7137
53429,1.04556,-11.6221
53432,1.03595,-12.6769
53433,1.03516,-12.6894
53436,1.03565,-12.6243
53437,1.03642,-12.5452
53438,1.04479,-11.7327
53439,1.03972,-12.0678
53440,1.04692,-11.3834
53441,1.04671,-11.4027
53442,1.04528,-11.6815
53443,1.04486,-11.7592
53444,1.04506,-11.7143
53445,1.0381,-12.5419
53447,1.04506,-11.7702
53448,1.0394,-11.883
53449,1.04204,-11.9546
53450,1.04226,-11.9871
53451,1.05077,-10.8712
53452,1.04486,-11.7447
53454,1.05004,-10.938
53455,1.04376,-12.0123
53456,1.05167,-11.2566
53457,1.04547,-11.7433
53459,1.05188,-10.016
53460,1.05766,-10.849
53461,1.05124,-11.074
53462,1.05115,-10.4352
53463,1.0396,-12.4378
53467,1.03844,-1.22716
53469,1.03275,-2.11049
53470,1.03659,-1.43315
53471,1.03436,-1.84959
53472,1.03474,-1.81703
53473,1.03939,-1.12078
53474,1.04066,-0.992623
53475,1.04406,-0.532436
53476,1.04049,-0.955271
53478,1.04414,-0.230922
53480,1.03489,-1.72561
53481,1.03688,-1.52319
53482,1.03936,-1.08837
53483,1.03316,-1.93368
53484,1.0317,-2.09142
53485,1.03763,-1.53127
53486,1.03111,-2.15816
53487,1.0335,-1.843
53488,1.02833,-2.44747
53489,1.0295,-2.27265
53490,1.03521,-1.51561
53491,1.03083,-2.18842
53492,1.03014,-2.27956
53493,1.02899,-2.43881
53494,1.02828,-2.56191
53495,1.03397,-1.70109
53496,1.03429,-1.64522
53497,1.02867,-2.45382
53498,1.02909,-2.42354
53499,1.0376,-1.21023
53500,1.03393,-1.96971
53501,1.03245,-2.09953
53502,1.03298,-1.99431
53503,1.04416,-0.173401
53504,1.04158,-0.726084
53505,1.04559,-0.0336786
53506,1.05512,1.38031
53507,1.04246,-0.284412
53508,1.03943,-0.9581
53509,1.03657,-1.10933
53510,1.03648,-1.08579
53511,1.03878,-1.00283
53512,1.03945,-0.940812
53513,1.04233,-0.24393
53514,1.04097,-0.667879
53515,1.03636,-1.42061
53516,1.03499,-1.6106
53517,1.04237,-0.188445
53518,1.03491,-1.63875
53519,1.03334,-1.87381
53520,1.03748,-1.20558
53521,1.03643,-1.36364
53522,1.03053,-2.26313
53523,1.03122,-2.15525
53524,1.02889,-2.43003
53525,1.0296,-2.37926
53529,1.03435,-2.23964
53530,1.02835,-2.89978
53531,1.02744,-2.70391
53532,1.02789,-2.70982
53533,1.03002,-2.38355
53534,1.03265,-1.82568
53535,1.03501,-1.76249
53536,1.04059,-1.16844
53537,1.0453,-0.333255
53538,1.04708,-0.0784663
53539,1.04942,0.230038
53540,1.04635,-0.218498
53541,1.04537,-0.34948
53542,1.04461,-0.442157
53543,1.05905,1.65373
53544,1.0591,1.80246
53545,1.05959,1.8119
53546,1.05205,0.587481
53547,1.06033,1.83492
53548,1.06057,1.98624
53549,1.06112,2.2526
53550,1.05365,1.02911
53552,1.0539,1.03147
53553,1.04023,-0.777218
53554,1.05358,1.02881
53555,1.04168,-0.658445
53558,1.03933,-0.930504
53559,1.04071,-0.598087
53560,1.03648,-1.09309
53562,1.03317,-1.21697
53563,1.03577,-1.12245
53564,1.0371,-1.02998
53565,1.03837,-0.936159
53566,1.04668,0.655339
53567,1.0315,-0.752321
53568,1.02692,-1.39821
53569,1.04377,-0.540924
53571,1.03958,-1.30204
53572,1.04199,-1.05536
53573,1.04693,-0.0156375
53575,1.04725,0.0829294
53576,1.0456,-0.191406
53577,1.04804,0.325506
53578,1.04803,0.329933
53579,1.04797,0.701824
53580,1.0487,0.39429
53581,1.04833,0.34613
53582,1.05145,0.915693
53583,1.0534,1.44635
53584,1.05223,1.21666
53585,1.04873,0.380305
53587,1.05547,1.81781
53589,1.06006,2.08917
53590,1.04079,-0.916298
53592,1.03633,-1.67381
53593,1.04191,-0.806929
53594,1.04241,-0.754035
53595,1.04305,-0.612939
53596,1.03804,-1.46759
53597,1.04464,-0.350788
53598,1.03954,-1.38453
53599,1.04398,-0.340707
53600,1.04279,-0.739199
53601,1.04129,-1.2021
53602,1.04178,-1.07029
53603,1.04192,-1.10082
53604,1.04497,-0.0740801
53606,1.04637,0.350682
53607,1.04687,0.390175
53608,1.05093,0.858267
53609,1.03515,-1.6882
53610,1.0493,0.677767
53611,1.0518,1.00609
53612,1.05571,1.73859
53613,1.03867,-1.22672
53614,1.03509,-1.8157
53615,1.04118,-0.875598
53616,1.04048,-0.989531
53619,1.03165,-2.26859
53620,1.03653,-1.5336
53621,1.03249,-2.19498
53622,1.04281,-0.805615
53623,1.04528,-0.660799
53625,1.0409,-1.84133
53626,1.03506,-2.46524
53627,1.03695,-2.01964
53628,1.03468,-2.20287
53630,1.0373,-1.57077
53631,1.03097,-2.44432
53632,1.03182,-2.44995
53633,1.03201,-2.40662
53634,1.03671,-1.71455
53635,1.03659,-1.75615
53636,1.03911,-1.74338
53637,1.03137,-3.22219
53638,1.03604,-2.53254
53639,1.034,-2.72287
53640,1.03396,-1.8359
53641,1.01723,-4.16846
53642,1.02945,-2.51771
53643,1.03034,-2.40304
53645,1.0369,-1.44708
53646,1.02838,-2.67599
53648,1.02827,-2.66559
53649,1.02578,-2.97272
53650,1.02638,-2.89277
53652,1.036,-1.5494
53653,1.03537,-1.62617
53655,1.03047,-2.4459
53656,1.03055,-2.23584
53657,1.02964,-2.353
53658,1.02738,-2.69136
53659,1.03201,-2.07438
53661,1.03418,-1.77981
53663,1.0294,-2.57334
53664,1.04237,-0.30347
53665,1.03001,-2.48105
53666,1.02963,-2.52178
53667,1.0296,-2.59223
53668,1.03002,-2.94364
53669,1.02432,-3.01848
53675,1.027,-2.81096
53676,1.03012,-3.04421
53677,1.0289,-3.08995
53678,1.02823,-3.16623
53680,1.03017,-2.83083
53682,1.02557,-3.33819
53683,1.03141,-7.30425
53689,1.02734,-2.73685
53690,1.02668,-2.82035
53691,1.02524,-2.98739
53692,1.02574,-2.93591
53693,1.02858,-2.48978
53694,1.02418,-3.18061
53695,1.02254,-3.35518
53696,1.02403,-3.17452
53697,1.02535,-3.01174
53698,1.02797,-2.5643
53699,1.02174,-3.46626
53700,1.02412,-3.27354
53702,1.02102,-3.60554
53703,1.02756,-2.61244
53704,1.02741,-2.63426
53705,1.0281,-2.52686
53706,1.02267,-3.35191
53707,1.02491,-3.02555
53708,1.0255,-2.92321
53709,1.02637,-2.78328
53710,1.02111,-3.53349
53711,1.02194,-3.45077
53712,1.02012,-3.7352
53713,1.01905,-3.82191
53714,1.01866,-3.87288
53715,1.02534,-2.99258
53716,1.02454,-3.11075
53717,1.02408,-3.21598
53718,1.01837,-4.05528
53719,1.01978,-3.82916
53720,1.02454,-3.04044
53721,1.02481,-3.01647
53722,1.0268,-2.8294
53723,1.02882,-2.48067
53724,1.01503,-4.43688
53725,1.02431,-3.0526
53726,1.02564,-2.94277
53727,1.01703,-4.13926
53728,1.02419,-2.98493
53729,1.02486,-2.91792
53730,1.01698,-4.17395
53731,1.01459,-4.49613
53732,1.01347,-4.57087
53733,1.01335,-4.59982
53735,1.01515,-4.39925
53736,1.01414,-4.50995
53737,1.01002,-4.98479
53738,1.02721,-2.65171
53739,1.01143,-4.88471
53740,1.02608,-2.78259
53741,1.01415,-4.58657
53743,1.02371,-3.0404
53744,1.0229,-3.11282
53745,1.02366,-3.34987
53746,1.01484,-4.6071
53747,1.01494,-4.40828
53748,1.01769,-4.42622
53749,1.01719,-4.48954
53750,1.01945,-4.30512
53751,1.0234,-3.60807
53753,1.01641,-4.35537
53754,1.02387,-3.57098
53755,1.02531,-3.55941
53756,1.01514,-4.53757
53757,1.01553,-4.33293
53759,1.01541,-4.72101
53760,1.01225,-4.76902
53761,1.01367,-4.71653
53762,1.01957,-4.93526
53763,1.02266,-5.5814
53764,1.01043,-4.91937
53767,1.03372,-6.56096
53768,1.03255,-5.77229
53772,1.03505,-1.60167
53773,1.03712,-1.37013
53774,1.03245,-2.04721
53776,1.0351,-1.59073
53777,1.03411,-1.70003
53779,1.03237,-2.04535
53780,1.03202,-1.98336
53781,1.03258,-2.02295
53782,1.03361,-1.95376
53788,1.03037,-2.21246
53793,1.0336,-1.86861
53794,1.03921,-1.06899
53795,1.03142,-2.10004
53798,1.02581,-3.30042
53799,1.03222,-2.02517
53800,1.02734,-3.08847
53803,1.01876,-4.37441
53805,1.02149,-3.62938
53806,1.02343,-3.47019
53807,1.03312,-1.98452
53808,1.03302,-2.11264
53809,1.02955,-3.53436
53812,1.03494,-2.37952
53815,1.03651,-2.50398
53816,1.03548,-2.45789
53817,1.03541,-2.47572
53819,1.02999,-3.21683
53820,1.02968,-3.14389
53821,1.02785,-3.34204
53822,1.03894,-1.33048
53823,1.04033,-0.967118
53824,1.0419,-0.780912
53825,1.04864,0.832641
53826,1.03325,-1.93324
53827,1.04726,-0.126158
53828,1.0419,-0.878802
53829,1.03727,-1.80386
53830,1.04109,-0.62206
53832,1.04731,0.295606
53833,1.02388,-4.88916
53834,1.00164,-5.64717
53835,1.05484,-12.4081
53836,1.0391,-17.4579
53837,1.04126,-17.0259
53838,1.0477,-16.1383
53839,1.04497,-16.1087
53840,1.04209,-16.5666
53841,1.06476,-15.1039
53842,1.03227,-16.7604
53844,1.0615,-13.7185
53848,1.06202,-13.6826
53850,1.06266,-13.5486
53851,1.05403,-14.7353
53852,1.06281,-13.6661
53854,1.06558,-10.2905
53855,1.04771,-14.1735
53856,1.05022,-13.6197
53857,1.06845,-11.1742
53858,1.06756,-11.2326
53859,1.06706,-12.2092
53860,1.07691,-9.37459
53862,1.07576,-4.16261
53863,1.06558,-5.29839
53864,1.07648,-4.12261
53865,1.07566,-4.15043
53867,1.07778,-3.89504
53868,1.07609,-4.11639
53870,1.06543,-5.44174
53871,1.0645,-5.44536
53872,1.07441,-4.32886
53873,1.07409,-4.41946
53874,1.06925,-5.31465
53875,1.08039,-4.82838
53876,1.06816,-5.99392
53877,1.07964,-4.9582
53878,1.07466,-4.43642
53879,1.0774,-4.24926
53880,1.08013,-4.53255
53881,1.0796,-4.29547
53882,1.08455,-3.79697
53883,1.0789,-3.98015
53884,1.08225,-3.36594
53885,1.09502,-1.33525
53886,1.08463,-3.84218
53887,1.08302,-3.84979
53888,1.08367,-3.87495
53889,1.08371,-3.94181
53890,1.08581,-3.82698
53892,1.09249,-1.8098
53893,1.08927,-2.7535
53894,1.08734,-3.62174
53895,1.08394,-3.93959
53896,1.08519,-4.0133
53897,1.08644,-4.01705
53898,1.08877,-3.80791
53899,1.08897,-3.79404
53900,1.08814,-3.96857
53901,1.08049,-4.65285
53902,1.07958,-4.73095
53903,1.08447,-4.45747
53904,1.08947,-3.92725
53905,1.07857,-4.81821
53907,1.08604,-4.49014
53908,1.0871,-4.1177
53909,1.07645,-4.98867
53910,1.08386,-4.03658
53911,1.03487,-3.87169
53912,1.05138,-2.80928
53913,1.03599,-3.34576
53914,1.03722,-4.5738
53915,1.04684,-3.54177
53916,1.03829,-3.78619
53917,1.03847,-3.97383
53918,1.03954,-3.81858
53919,1.04046,-3.81985
53920,1.04568,-3.46337
53921,1.03886,-4.03959
53922,1.03929,-4.07741
53923,1.04008,-4.04638
53924,1.03888,-4.2105
53925,1.03185,-4.94563
53926,1.03886,-4.24786
53928,1.03857,-4.28941
53929,1.03837,-4.27551
53930,1.03791,-4.35233
53931,1.03809,-4.36987
53932,1.03796,-4.3651
53934,1.0384,-4.32548
53935,1.03499,-4.98373
53936,1.03865,-4.35491
53937,1.03446,-5.096
53939,1.03955,-4.13816
53940,1.0394,-4.31478
53941,1.04095,-4.21221
53942,1.03285,-5.15484
53943,1.03299,-5.17386
53945,1.04219,-4.2164
53946,1.0433,-4.56676
53947,1.0453,-4.83574
53948,1.0315,-5.08694
53949,1.03085,-5.15794
53951,1.03799,-4.32561
53957,1.06116,-4.16379
53958,1.06212,-4.02135
53959,1.08319,-14.7846
53960,1.09423,-13.6526
53961,1.08571,-13.3444
53963,1.08518,-14.4764
53964,1.09379,-13.5719
53965,1.09099,-13.7954
53966,1.09064,-13.8434
53967,1.09279,-13.6248
53968,1.0941,-13.5145
53969,1.09385,-13.5864
53971,1.04891,-2.74819
53972,1.05535,-2.13091
53973,1.05414,-2.17565
53974,1.03948,-4.60405
53975,1.0737,-2.47369
53976,1.03309,-7.18839
53977,1.04377,-7.44482
53978,1.0387,-4.31003
53979,1.04067,-4.47984
53980,1.04696,0.431206
53982,1.04177,-0.804062
53983,1.03962,-1.73601
53984,1.03805,-5.30534
53985,1.04984,-6.28519
53986,1.04149,-5.22885
53987,1.03577,-5.43267
53988,1.0352,-5.48545
53989,1.03556,-2.99269
53990,1.07663,-6.56835
53991,1.05858,-4.09765
53992,1.06931,-2.68584
53993,1.06841,-3.06622
53994,1.06682,-4.11411
53995,1.06833,-2.937
53997,1.05042,-16.0041
53998,1.04949,-16.0546
53999,1.0567,-15.9794
54002,1.07572,-3.4062
54003,1.0722,-3.07109
54004,1.06581,-3.88896
54005,1.07363,-3.3367
54006,1.06951,-3.91923
54007,1.07635,-3.41265
54011,1.08551,-2.61797
54012,1.07617,-3.42403
54013,1.07148,-3.88459
54014,1.07555,-3.43336
54015,1.07599,-3.42733
54016,1.07669,-3.40345
54017,1.07754,-3.3709
54018,1.07572,-3.73491
54019,1.0699,-4.10313
54020,1.06886,-4.16084
54021,1.07604,-3.46445
54022,1.07617,-3.43096
54023,1.07538,-3.47084
54024,1.06789,-3.57051
54025,1.06847,-3.58748
54027,1.0685,-3.95825
54028,1.07108,-3.58237
54031,1.0763,-3.49564
54035,1.06458,-4.30404
54037,1.05546,-5.32126
54038,1.06857,-4.13831
54039,1.06609,-4.26259
54040,1.05731,-5.17669
54041,1.05872,-5.08582
54042,1.05808,-4.71362
54044,1.05314,-5.50347
54049,1.05423,-5.35405
54050,1.05278,-5.49981
54051,1.05326,-5.44475
54052,1.0542,-5.35212
54053,1.05166,-5.63054
54054,1.05198,-5.57462
54055,1.05182,-5.60481
54056,1.05194,-5.62564
54058,1.05104,-5.6902
54059,1.05065,-5.73842
54060,1.05123,-5.7021
54061,1.05098,-5.68822
54062,1.04956,-5.77345
54063,1.0499,-5.75444
54067,1.05286,-5.52761
54069,1.05517,-5.26094
54070,1.05616,-5.13211
54071,1.06029,-4.178
54072,1.0545,-5.36047
54073,1.05342,-5.48872
54074,1.05065,-5.71931
54075,1.05205,-5.60927
54076,1.05079,-5.71531
54081,1.05005,-5.75325
54082,1.06098,-4.39754
54083,1.0521,-5.56291
54084,1.07846,-3.28302
54085,1.04939,-5.77542
54086,1.08117,-7.09266
54087,1.08154,-7.66848
54088,1.08831,-6.01455
54089,1.09376,-23.1656
54090,1.09025,-22.722
54091,1.06446,-12.397
54092,1.06253,-11.4572
54093,1.05403,-13.0341
54094,1.06366,-11.755
54095,1.0603,-10.5794
54096,1.07189,-8.97748
54097,1.09749,-3.42159
54099,1.06964,-18.147
54100,1.06386,-18.3315
54101,1.07342,-3.24479
54102,1.09754,-0.30784
54103,1.08047,-1.34236
54104,1.08449,-1.47344
54105,1.08598,-2.11527
54106,1.09764,-4.24821
54107,1.07167,-10.4105
54108,1.07447,-9.69523
54109,1.06711,-10.5916
54110,1.07832,-9.40735
54111,1.07157,-9.78841
54112,1.06879,-10.2719
54113,1.06262,-6.92767
54115,1.06762,-6.49354
54116,1.06701,-6.67783
54117,1.06537,-6.83359
54118,1.07657,-35.5191
54119,1.07401,-33.3383
54120,0.98548,-28.897
54121,1.01129,-29.6259
54122,0.977431,-26.9698
54123,1.05609,-16.2432
54124,1.07977,-12.9538
54125,1.08829,-11.061
54126,1.09945,-12.6764
54128,1.08494,-14.8256
54129,0.996993,-21.6143
54130,0.99328,-23.3874
54131,0.979719,-22.8339
54132,0.983765,-21.4118
54134,0.978461,-29.4168
54135,0.979952,-29.1863
54136,0.979187,-29.7336
54137,0.97667,-24.5214
54138,0.975052,-31.3612
54139,0.996814,-29.7137
54140,0.991387,-30.6809
54141,0.98827,-30.9974
54142,0.984571,-31.3267
54143,0.999444,-30
54144,0.985807,-31.2755
54145,0.99012,-30.9898
54146,0.992596,-30.7984
54147,0.995246,-30.5654
54148,0.996159,-29.5591
54149,0.992775,-30.6469
54150,0.996155,-29.576
54151,0.99216,-30.006
54152,0.993483,-29.9955
54153,0.990125,-28.9244
54154,0.993227,-27.3661
54155,0.993057,-27.6701
54156,0.993055,-27.9327
54157,0.993077,-28.1433
54160,0.978742,-30.7137
54161,0.979518,-30.3833
54162,0.980482,-29.9954
54163,0.981181,-29.6143
54164,0.978753,-29.6218
54165,0.983356,-29.1631
54166,0.983867,-28.9625
54167,0.986129,-28.4968
54168,0.986269,-28.5983
54169,0.984202,-29.3303
54170,0.98431,-28.8562
54171,0.983337,-29.0365
54172,0.993782,-26.8321
54173,0.993121,-26.0059
54176,0.993847,-24.5606
54178,0.994577,-26.3314
54179,0.99576,-25.8447
54180,1.00274,-25.1669
54181,1.02379,-22.7276
54182,1.00208,-23.9826
54183,1.0118,-23.7269
54184,1.01261,-22.2482
54185,1.02871,-21.4058
54186,1.02201,-22.0413
54187,1.01008,-24.1229
54188,1.01989,-23.0075
54189,1.01903,-23.0231
54190,1.01211,-24.0876
54191,1.00232,-26.9867
54192,1.00519,-26.4512
54195,1.0048,-26.0903
54196,1.00684,-25.8293
54197,0.991928,-28.5372
54198,0.996267,-26.6383
54199,1.0212,-23.1496
54200,1.01293,-24.2177
54201,1.00341,-27.0839
54202,1.01747,-24.1471
54203,1.00487,-26.6826
54204,1.0185,-23.9859
54205,1.00009,-28.1727
54206,1.00379,-27.5006
54207,0.994719,-28.3013
54208,1.00295,-26.5278
54209,1.0001,-27.7617
54210,0.988576,-30.1303
54211,0.994356,-29.1809
54212,0.986138,-29.683
54213,0.998224,-27.8045
54214,0.993695,-28.8238
54219,0.9947,-28.9332
54220,0.99469,-28.8974
54221,1.00741,-28.7397
54222,1.00589,-28.4202
54223,1.0041,-27.9956
54224,0.994665,-29.1494
54225,0.994647,-29.0628
54226,0.995188,-28.7431
54227,0.99193,-29.9391
54228,0.9945,-29.989
54229,1.01429,-29.6265
54230,0.996176,-29.2614
54231,0.996166,-28.8763
54232,1.011,-29.216
54233,0.99505,-29.4202
54234,0.995157,-29.2952
54235,0.979936,-31.368
54236,0.982565,-31.2186
54237,0.979147,-31.2776
54238,0.981176,-31.154
54239,0.987049,-28.8148
54240,0.986382,-30.4395
54241,0.985182,-30.1702
54242,0.984887,-30.0551
54243,0.98544,-29.9459
54245,0.987799,-31.0746
54246,0.986688,-31.1122
54247,0.989157,-31.0317
54248,0.990704,-30.9816
54249,1.01888,-29.9358
54250,1.01602,-29.8211
54251,0.990012,-30.7487
54252,0.98818,-30.6434
54253,0.980884,-30.8117
54254,0.981814,-30.4186
54255,0.982844,-29.9947
54256,0.989546,-28.4384
54257,0.978155,-31.2987
54259,0.979588,-31.2331
54265,0.990164,-28.3652
54266,0.99015,-28.3635
54267,0.994829,-27.846
54268,0.987564,-29.0966
54269,0.995028,-27.6507
54270,0.989465,-28.9826
54271,0.992015,-28.1899
54272,0.998273,-27.5915
54273,0.995688,-28.3485
54274,1.00019,-27.202
54276,1.00067,-26.8771
54277,1.00157,-26.9086
54278,1.00273,-26.5699
54280,1.00216,-27.6579
54281,1.06413,-24.3082
54282,1.06741,-3.93086
54283,1.061,-2.80045
54284,1.07597,-3.64903
54285,1.06362,-3.64013
54286,1.08239,-4.43501
54287,1.04313,0.229142
54288,1.04323,0.366208
54289,1.04763,0.889225
54290,1.04773,0.845692
54291,1.04173,0.212498
54292,1.0427,0.20261
54293,1.04509,0.34806
54294,1.04742,0.904481
54295,1.04536,0.573706
54296,1.01654,-5.08521
54298,1.01991,-4.05288
54300,1.0378,-1.11063
54302,1.03611,-1.69616
54305,1.03365,-5.32366
54306,1.02583,-2.72199
54307,1.04038,-0.66939
54308,1.04441,0.496132
54309,1.05294,2.25484
54310,1.04999,2.65572
54311,1.07768,-15.3603
54312,1.07697,-15.1137
54313,1.07552,-15.2059
54314,1.06173,-16.0455
54315,1.07027,-15.0423
54316,0.981827,-34.6561
54317,0.977089,-36.9246
54318,1.02169,-35.5404
54319,0.979762,-37.35
54320,0.978387,-37.0275
54321,0.974954,-36.3895
54322,0.984466,-35.4406
54323,0.974881,-37.3075
54324,1.04076,-14.6555
54325,1.04974,-14.1581
54327,1.04291,-14.3742
54328,1.04433,-14.2468
54329,1.04311,-14.3237
54332,1.04588,-11.8485
54335,1.0432,-12.4256
54336,1.04406,-12.8441
54337,1.03259,-12.3246
54338,1.0391,-11.2527
54339,1.03108,-11.9792
54341,1.03118,-12.3094
54342,1.04512,-12.9998
54343,1.07029,-28.531
54344,1.06251,-12.2448
54345,1.06586,-12.6463
54346,1.07029,-17.5367
54347,1.06449,-16.7597
54348,1.0646,-16.6738
54349,1.07983,-29.2832
54350,1.06364,-29.4419
54352,0.977341,-27.9195
54353,0.976239,-28.286
54354,0.974472,-28.3959
54355,0.973042,-28.4643
54356,0.985226,-26.3467
54358,0.975499,-28.3455
54359,0.988517,-25.7526
54360,0.979523,-27.2129
54361,0.974283,-28.4701
54362,0.974518,-28.4445
54363,0.972713,-28.4117
54364,0.972662,-28.4424
54365,0.971535,-28.5613
54366,0.973521,-28.4596
54367,0.970511,-28.5801
54368,0.970851,-28.5545
54369,0.971835,-28.5031
54370,0.971274,-28.5124
54371,0.972448,-28.415
54372,0.973124,-28.3075
54373,0.982586,-26.6663
54374,0.981882,-26.7194
54375,0.981377,-26.7627
54376,0.973448,-28.2108
54377,0.971754,-28.3424
54378,0.971973,-28.353
54379,0.968828,-28.5801
54380,0.970489,-28.5428
54381,0.970713,-28.4968
54382,0.970153,-28.5985
54384,0.970734,-28.5754
54386,0.97154,-28.5089
54387,0.970619,-28.55
54388,0.965618,-28.7568
54389,0.968469,-28.6029
54390,0.967021,-28.6509
54391,0.972964,-28.1944
54392,0.972348,-28.0999
54393,0.977692,-27.3499
54395,0.967924,-28.6066
54396,0.978448,-26.8719
54397,0.979413,-26.8033
54398,0.979952,-26.7588
54399,0.978127,-27.3111
54400,0.979929,-26.754
54401,0.979155,-26.8002
54402,0.967273,-28.4799
54403,0.967155,-28.6299
54404,0.970277,-28.4705
54405,0.979738,-27.0099
54406,0.969576,-28.5011
54407,0.981413,-26.8846
54409,0.968382,-28.4969
54410,0.967446,-28.4542
54412,0.96968,-28.373
54413,0.971819,-28.2178
54414,0.97394,-28.0321
54415,0.98096,-26.8997
54416,0.969262,-28.2592
54417,0.971422,-28.0509
54418,0.968495,-28.2307
54419,0.972975,-27.7056
54420,0.975668,-27.112
54421,0.97528,-27.1445
54422,0.974013,-27.6996
54423,0.974976,-27.1727
54424,0.980113,-26.869
54426,0.981347,-26.8119
54427,0.973689,-27.9401
54428,0.978195,-27.6818
54429,0.979309,-27.6243
54430,0.987605,-26.3133
54431,0.986239,-26.423
54432,0.986511,-26.4174
54433,0.973491,-28.335
54434,0.972825,-28.3669
54435,0.976196,-28.7382
54436,0.980955,-27.4086
54437,0.981404,-27.521
54438,0.981792,-27.5157
54439,0.975289,-28.9465
54440,0.968177,-29.7545
54441,0.973399,-29.4791
54442,0.979715,-28.0151
54443,0.974635,-29.3643
54444,0.982585,-27.5728
54445,0.98391,-27.4441
54446,0.988475,-27.6884
54447,0.987528,-27.6488
54448,0.994235,-25.9255
54449,0.99516,-26.1142
54450,0.996455,-25.9555
54451,0.988311,-27.41
54452,0.98675,-27.4616
54453,0.988204,-26.9727
54455,0.989008,-26.8764
54456,0.990105,-26.7443
54457,0.985108,-27.3274
54459,0.991955,-26.5265
54460,0.989553,-27.4013
54463,0.984488,-27.6539
54464,0.982721,-27.8353
54465,0.981006,-28.0364
54466,0.981505,-27.9575
54467,0.983537,-27.7736
54468,0.984442,-27.673
54469,0.986844,-27.1423
54470,0.980593,-27.7662
54471,0.980622,-27.7562
54472,0.980198,-27.9879
54473,0.982395,-27.3385
54474,0.986722,-26.9645
54475,0.978676,-27.3497
54476,0.983369,-26.9984
54477,0.984247,-25.6891
54479,0.971587,-27.9039
54480,0.977483,-26.9456
54481,0.97714,-26.9533
54482,0.977412,-26.9158
54483,0.972899,-27.8847
54484,0.977196,-27.0011
54485,0.968846,-28.277
54486,0.991256,-25.6122
54487,0.987967,-25.9435
54489,0.98804,-25.9302
54490,0.988155,-25.9152
54491,0.983222,-27.0703
54492,0.99092,-25.6627
54493,0.988446,-25.8797
54495,0.986726,-25.9986
54496,0.981746,-27.5586
54498,0.981274,-29.0082
54499,0.977129,-29.4635
54500,0.978948,-29.4683
54502,0.980251,-29.5239
54503,0.990557,-29.1497
54504,0.989791,-29.1477
54505,0.980873,-27.9518
54506,0.979462,-29.6926
54507,0.977586,-28.4781
54509,0.985275,-26.9154
54510,0.984523,-26.9721
54511,0.984756,-26.9494
54512,0.989325,-26.3221
54513,0.989884,-25.5293
54514,0.98281,-26.6865
54515,0.980991,-26.9264
54516,0.98943,-25.7074
54517,0.984271,-26.7555
54518,0.986473,-26.5054
54519,0.985767,-26.5188
54520,0.990458,-26.6655
54521,0.992087,-25.8505
54522,0.991134,-25.91
54524,0.983508,-26.6559
54525,0.98661,-26.3783
54526,0.9754,-27.0598
54527,0.981955,-26.4909
54528,0.978803,-26.9137
54529,0.978819,-26.9259
54530,0.971861,-28.0589
54531,0.976088,-27.0226
54535,0.975547,-27.0198
54536,0.975581,-26.9897
54537,0.977847,-26.8593
54538,0.98228,-26.5558
54539,0.985088,-26.0951
54540,0.980756,-26.6253
54541,0.986336,-26.3733
54542,0.98806,-26.2851
54543,0.995052,-25.1796
54544,0.98086,-27.3311
54545,0.989419,-26.1804
54546,0.994306,-25.2645
54547,0.985906,-26.3569
54548,0.979884,-27.2498
54549,0.990368,-25.8638
54550,0.983982,-26.551
54553,0.987811,-26.1784
54554,0.984638,-26.932
54555,0.983053,-27.0543
54556,0.987436,-26.6876
54557,0.997447,-25.2718
54558,0.999577,-25.1222
54559,0.993422,-26.0766
54560,0.995465,-25.9082
54561,0.997292,-25.4637
54563,0.997021,-25.5879
54565,0.988963,-27.0338
54566,0.991354,-26.7249
54568,0.994704,-26.1861
54569,0.99637,-25.9409
54570,0.993435,-26.3823
54571,0.993267,-26.4492
54572,0.983155,-27.8993
54573,0.984815,-27.7268
54574,0.98526,-27.6487
54575,0.984521,-27.7995
54576,0.982821,-29.1156
54577,0.981141,-27.9628
54578,0.975601,-29.426
54579,0.976854,-29.4208
54580,0.986312,-29.3749
54581,0.990282,-28.4507
54583,0.990894,-28.1795
54585,0.992081,-27.9427
54587,0.982445,-29.5922
54588,0.990741,-28.894
54589,0.984215,-29.7279
54591,0.985096,-29.6297
54592,0.990349,-28.7471
54593,0.990184,-28.6373
54594,0.98537,-29.4994
54595,0.990061,-28.3566
54599,0.988833,-29.4322
54600,0.988715,-29.4317
54601,0.99007,-29.3378
54602,0.988191,-29.4893
54603,0.983659,-30.7352
54604,0.979654,-30.9992
54605,0.981281,-30.8539
54606,0.981944,-30.7837
54607,0.98573,-29.7355
54608,0.978059,-31.4476
54609,0.979905,-31.3464
54610,0.979274,-31.1887
54611,0.998177,-29.5544
54613,0.979575,-31.2172
54614,0.989479,-29.3596
54616,0.983152,-30.1969
54617,0.992317,-29.1197
54618,0.982988,-30.4174
54619,0.982822,-30.4182
54620,0.980606,-30.1701
54621,0.989949,-26.944
54622,0.986074,-27.8611
54625,0.985753,-28.6847
54626,0.978496,-29.3477
54627,0.974782,-31.6167
54630,0.976253,-31.2971
54631,1.00571,-29.6847
54632,0.98467,-29.4716
54633,0.977345,-31.5354
54634,0.980925,-30.7563
54635,0.980751,-30.983
54636,0.983007,-30.3467
54637,0.981349,-30.6146
54640,0.972772,-31.6348
54641,0.973657,-31.5818
54642,0.982485,-30.7039
54645,0.975575,-29.5805
54646,0.981083,-28.4236
54647,0.975009,-29.4694
54648,0.974743,-29.3561
54649,0.974571,-29.6245
54650,0.976226,-29.5161
54651,0.976604,-29.8515
54652,0.985604,-28.8353
54656,0.977043,-30.1725
54657,0.977454,-29.2832
54659,0.973805,-29.4355
54660,0.985041,-28.5765
54661,0.976719,-29.397
54662,0.973477,-29.5643
54663,0.973505,-29.5242
54664,0.974628,-29.5373
54665,0.983456,-28.6318
54666,0.974337,-29.4411
54667,0.970933,-29.5516
54668,0.972772,-29.4001
54669,0.973529,-29.3736
54670,0.975884,-29.2266
54671,0.974977,-29.2486
54672,0.969958,-29.1544
54673,0.980642,-27.528
54674,0.974022,-29.4552
54675,0.98051,-27.6615
54676,0.974953,-29.2987
54677,0.975815,-29.1785
54678,0.978816,-28.8548
54679,0.981747,-27.6889
54680,0.974187,-29.3261
54681,0.974669,-29.1357
54682,0.97737,-28.545
54684,0.974006,-28.4793
54685,0.973991,-28.7951
54686,0.972488,-28.7488
54687,0.97644,-28.5008
54688,0.987715,-26.7895
54689,0.971155,-28.8212
54690,0.972022,-28.5942
54692,0.981934,-26.975
54693,0.971104,-28.6341
54694,0.971005,-28.6196
54697,0.977038,-27.5135
54698,0.970257,-28.5949
54699,0.968666,-28.766
54700,0.967597,-28.7739
54701,0.966431,-28.8671
54703,0.979686,-27.0814
54704,0.964989,-28.9291
54705,0.966701,-28.8829
54706,0.970756,-27.9556
54707,0.971543,-27.9596
54708,0.973729,-27.8168
54709,0.980104,-26.6116
54710,0.978998,-26.6886
54711,0.97973,-26.6324
54712,0.972425,-27.9703
54713,0.978863,-26.6981
54714,0.970056,-28.1151
54715,0.969867,-28.1905
54716,0.983239,-26.599
54717,0.965732,-28.565
54718,0.974701,-28.4596
54719,0.970803,-28.8335
54720,0.975392,-27.0197
54721,0.97749,-26.787
54723,0.975224,-26.8918
54724,0.975375,-26.8245
54725,0.963773,-28.0176
54727,0.980972,-26.4414
54728,0.976622,-26.8292
54729,0.975738,-26.8666
54730,0.971725,-27.5034
54731,0.975275,-26.8683
54732,0.975603,-26.7806
54733,0.976077,-26.712
54734,0.968752,-27.8121
54736,0.963008,-28.2656
54737,0.980211,-26.5751
54738,0.976125,-26.9488
54739,0.975266,-26.9434
54740,0.969062,-28.1001
54741,0.975371,-26.8694
54742,0.977126,-26.4957
54743,0.976778,-26.6525
54744,0.974872,-26.9107
54745,0.977519,-26.6503
54746,0.983972,-25.7604
54747,0.992714,-24.6037
54751,0.989274,-25.5701
54752,0.998776,-24.6908
54753,1.00104,-24.3952
54754,1.00306,-24.1788
54755,1.00762,-23.7788
54756,1.00885,-23.6276
54757,1.01035,-23.3601
54758,1.00586,-23.8978
54759,1.00547,-23.9936
54760,1.0032,-24.2951
54761,0.997408,-24.8334
54762,0.997227,-25.2445
54763,0.991675,-25.9185
54764,1.00032,-24.5434
54765,1.00618,-23.9467
54766,1.00354,-24.2771
54767,1.00415,-24.1981
54768,1.00038,-24.6528
54769,0.9971,-24.9427
54770,0.997532,-25.0036
54771,1.00027,-24.6984
54772,1.00757,-23.9361
54773,1.00658,-24.0154
54774,1.00274,-25.1812
54775,1.00295,-24.3466
54776,1.00542,-24.0681
54777,0.998385,-25.0319
54778,1.00076,-24.7491
54779,1.00048,-24.7331
54780,1.01178,-23.3557
54781,1.00949,-24.0679
54783,1.00842,-23.9186
54784,1.01004,-23.6297
54785,1.00277,-25.1622
54786,1.00847,-24.2122
54787,1.00975,-24.4488
54788,1.00067,-25.6535
54789,1.01249,-23.4872
54790,0.99847,-25.5586
54791,0.996724,-25.75
54792,1.00694,-24.4095
54793,1.00548,-24.5379
54794,1.00417,-24.322
54795,1.01508,-22.8428
54796,1.01124,-23.7057
54797,1.01311,-23.3487
54798,1.00742,-24.4268
54799,1.00592,-24.5434
54800,1.01497,-22.9256
54801,1.01022,-24.1319
54802,1.00415,-24.9998
54803,1.01122,-23.6425
54804,1.01649,-22.7569
54806,1.00714,-24.4422
54807,1.00541,-24.9423
54808,1.00395,-25.0323
54809,1.00717,-24.1662
54810,1.0063,-24.3078
54811,1.00675,-24.2197
54813,1.00203,-24.8945
54814,1.00537,-24.4585
54815,0.990726,-27.3965
54817,1.00399,-24.7338
54818,0.999858,-25.5816
54819,1.00149,-25.3909
54820,1.00701,-24.5343
54821,1.00293,-25.2328
54822,1.00153,-25.3718
54823,0.989138,-27.5935
54824,0.998317,-25.9087
54825,0.98927,-27.5432
54827,0.989255,-27.7475
54828,0.997574,-25.7273
54830,0.992551,-27.2176
54831,0.987353,-27.9848
54834,0.999329,-26.113
54835,0.996066,-27.1799
54836,0.988669,-27.7707
54837,0.99022,-27.551
54838,0.997883,-27.2439
54839,0.989616,-27.5039
54840,0.989915,-27.5065
54841,0.990802,-27.5859
54842,0.990593,-27.467
54843,0.99619,-27.4675
54844,0.990331,-27.881
54845,0.995063,-27.5675
54846,0.987395,-28.0875
54847,0.999274,-25.7402
54848,0.991621,-27.6694
54849,0.994858,-27.3064
54851,0.994413,-27.5463
54852,0.993722,-27.682
54853,0.992716,-27.8385
54854,0.992294,-27.978
54855,0.990646,-28.2334
54856,0.991305,-28.0992
54857,0.993008,-27.779
54858,0.987988,-28.6545
54859,0.987068,-28.6837
54860,0.993477,-27.7008
54861,0.993957,-27.627
54862,0.979714,-28.1579
54863,0.980794,-27.7318
54864,0.977778,-28.3691
54865,0.981517,-27.658
54866,0.975248,-28.5227
54867,0.975086,-28.3866
54868,0.974038,-28.5195
54869,0.973663,-28.4972
54871,0.967435,-31.9984
54872,0.984824,-26.7628
54873,0.982052,-26.3972
54874,0.974894,-27.9062
54875,0.978067,-26.9025
54876,0.973177,-28.3685
54877,0.969558,-29.6296
54878,1.00689,-29.7958
54880,0.981668,-27.4088
54881,1.00152,-16.8278
54882,1.00028,-16.6348
54883,1.00018,-16.7095
54885,1.07661,-19.2635
54887,1.07643,-19.1842
54888,1.07912,-20.1004
54889,1.03752,-14.3781
54890,1.03789,-14.6467
54891,0.994894,-32.9305
54892,0.985204,-28.8069
54893,0.983646,-30.1914
54894,0.994335,-31.1414
54895,0.989393,-31.6221
54896,0.999913,-30.332
54898,0.978531,-32.106
54899,0.976087,-32.0639
54901,0.977364,-32.3583
54902,0.974533,-32.4461
54903,0.984105,-31.9016
54904,0.989896,-28.4406
54906,0.984241,-32.5056
54908,0.968767,-32.1816
54909,0.979141,-29.0838
54910,0.980237,-28.2767
54911,0.979072,-28.7661
54912,0.992703,-27.1928
54913,0.990097,-28.3705
54914,0.997167,-29.3533
54915,0.992803,-31.0046
54916,0.993038,-31.3024
54917,1.0057,-30.1961
54920,1.00683,-30.9312
54921,1.01145,-28.3312
54922,0.99929,-31.2101
54923,1.00861,-30.1671
54924,1.00608,-30.1768
54925,1.00246,-29.9604
54926,1.00624,-30.1319
54927,1.00796,-30.158
54929,1.01615,-30.1763
54930,1.01395,-30.1708
54932,1.01101,-30.2304
54933,0.992643,-32.2589
54935,0.99659,-30.474
54936,0.999992,-30.4536
54937,1.00674,-30.225
54938,0.988188,-32.3275
54939,0.986936,-32.2255
54940,0.985445,-32.0031
54941,0.988823,-31.9753
54942,0.966661,-32.2651
54943,0.966924,-32.4053
54944,0.977417,-32.4358
54945,0.971897,-32.3229
54946,0.970336,-32.3547
54947,0.971576,-32.3377
54950,0.97102,-32.0182
54951,0.974067,-31.912
54955,0.978906,-31.6292
54957,0.97197,-32.2257
54958,0.974826,-31.8406
54959,0.974832,-32.0291
54960,0.976974,-31.262
54961,0.975004,-31.4702
54962,0.97381,-31.5904
54963,0.973877,-31.648
54965,0.977109,-31.4285
54966,0.964718,-32.344
54967,0.972356,-31.6359
54969,0.976088,-31.3348
54971,0.974124,-31.2931
54972,0.98589,-27.5154
54973,0.970389,-31.9165
54975,0.977704,-31.4244
54976,0.973397,-31.7006
54977,0.971758,-31.7391
54978,0.97282,-31.5213
54979,0.972847,-31.6272
54981,0.972781,-31.7045
54982,0.977178,-31.3779
54983,0.977313,-31.3338
54984,0.977904,-31.3008
54985,0.978084,-31.4447
54986,0.977903,-31.4365
54987,0.964457,-32.3644
54988,0.962956,-32.4408
54989,0.965735,-32.2343
54990,0.972181,-32.4008
54991,0.97356,-32.3052
54992,0.967717,-32.3151
54993,0.967306,-32.2486
54994,0.968435,-32.1191
54995,0.970984,-31.852
54996,0.971725,-31.8667
54998,0.973263,-31.5968
54999,0.97964,-29.7951
55000,0.971641,-31.7095
55001,0.971873,-31.7223
55002,0.970759,-31.7618
55003,0.971679,-31.7141
55004,0.972342,-31.7039
55005,0.981038,-30.1188
55006,0.972336,-31.6881
55007,0.970736,-31.6649
55008,0.971156,-31.7101
55009,0.971661,-31.6919
55010,0.973347,-31.5672
55011,0.971979,-31.7142
55012,0.971735,-31.7379
55014,0.970213,-31.9498
55018,0.974778,-31.9003
55019,0.97263,-32.012
55021,0.976757,-31.504
55022,0.982342,-29.8647
55026,0.981675,-31.4767
55027,0.982012,-31.4699
55029,1.07397,2.4305
55030,1.07576,2.74938
55031,1.08287,3.9244
55033,1.0717,-19.5744
55034,1.05486,-9.29915
55035,1.04412,-12.2412
55036,1.08916,-23.4929
55037,1.08635,-23.6466
55038,1.03905,-6.52477
55039,1.04358,-6.13713
55040,1.04635,-6.05993
55041,1.05542,-16.1089
55042,1.06036,-16.1605
55043,1.05722,-16.2784
55044,1.07056,-15.449
55045,1.0667,-15.7967
55046,1.07073,-12.2094
55047,1.05939,-12.8575
55048,1.05782,-12.814
55049,1.05929,-12.7984
55050,1.0593,-12.7069
55051,1.06519,-11.4951
55052,1.06756,-11.8663
55054,1.05936,-12.5838
55055,1.06554,-11.4452
55056,1.05777,-13.2932
55057,1.05748,-12.7699
55058,1.0552,-12.8844
55059,1.05769,-12.6016
55060,1.05797,-12.6179
55061,1.05899,-12.6027
55062,1.07015,-13.0512
55063,1.0552,-12.8207
55064,1.05403,-13.0656
55066,1.05858,-12.8507
55067,1.05547,-13.0278
55068,1.07099,-12.6785
55069,1.06401,-12.5603
55070,1.06342,-12.3906
55071,1.05094,-13.3188
55072,1.05068,-13.3596
55073,1.06404,-12.1223
55074,1.022,-11.7999
55075,0.984716,-25.4203
55076,0.987091,-24.9809
55077,0.977849,-26.4177
55078,0.978757,-26.2246
55079,0.980104,-26.0695
55080,0.977299,-26.2434
55081,0.967254,-27.7815
55082,0.975853,-26.4225
55083,0.971591,-27.1337
55084,0.982026,-25.2961
55085,0.983397,-25.3646
55086,0.968395,-27.9891
55087,0.984906,-24.9066
55088,0.987231,-24.5105
55089,0.979798,-26.6406
55090,0.983274,-25.1562
55092,0.982167,-26.1902
55094,0.967161,-27.5781
55095,0.987501,-25.5525
55096,0.985127,-26.0293
55098,1.00406,-22.2269
55099,0.993568,-23.6585
55100,1.0009,-21.7804
55102,0.999556,-23.9673
55103,0.997019,-24.2033
55104,1.00003,-22.5156
55105,0.994092,-20.3338
55106,1.08198,-43.0356
55107,1.08371,-42.8199
55108,1.07794,-43.7577
55110,1.07742,-43.7691
55111,1.07786,-43.7542
55112,1.07809,-43.6472
55113,1.08279,-42.9282
55114,1.08393,-42.899
55115,1.08334,-42.9433
55116,1.08288,-42.9977
55119,1.08853,-41.7371
55120,1.08268,-43.0359
55121,1.08041,-43.3313
55122,1.08171,-43.1683
55123,1.08206,-43.1024
55124,1.07794,-43.8842
55125,1.08129,-43.3908
55126,1.07788,-43.6557
55127,1.07531,-44.3365
55128,1.07657,-44.2966
55129,1.05658,-46.1084
55130,1.0676,-44.4656
55131,1.06976,-44.3109
55132,1.07165,-44.1614
55133,1.06499,-45.1657
55135,1.05557,-46.1515
55138,1.04997,-46.5414
55139,1.05185,-46.4081
55141,1.04838,-46.6297
55142,1.05139,-46.4808
55144,1.06507,-45.1474
55145,1.06697,-45.0021
55151,1.07911,-43.6106
55156,1.07751,-44.3718
55157,1.07705,-43.9374
55158,1.07444,-44.2053
55159,1.08095,-43.4814
55162,1.08195,-44.3131
55163,1.08095,-43.3864
55164,1.09891,-39.3704
55165,1.0906,-43.1792
55166,1.08848,-43.2777
55167,1.1,-39.2528
55168,1.08372,-44.2166
55169,1.09502,-43.0882
55170,1.08478,-44.2064
55171,1.0948,-43.1695
55172,1.08333,-44.257
55173,1.09015,-43.5618
55174,1.08817,-43.7096
55175,1.08712,-43.7852
55176,1.08457,-43.9709
55178,1.0837,-44.0259
55179,1.08523,-43.2315
55181,1.08267,-44.0803
55182,1.08671,-43.496
55183,1.08556,-43.8981
55184,1.08351,-44.1903
55185,1.08252,-44.2179
55186,1.08294,-44.1429
55187,1.09212,-43.1265
55188,1.09318,-43.0622
55189,1.09176,-43.1621
55190,1.08148,-44.0921
55191,1.08508,-43.575
55192,1.08628,-43.3196
55193,1.085,-43.9592
55194,1.09166,-42.9191
55195,1.09163,-41.67
55196,1.0907,-41.7449
55197,1.07002,-45.115
55198,1.09261,-43.1046
55199,1.0829,-44.1657
55200,1.08471,-42.6645
55201,1.08549,-42.5573
55202,1.07028,-43.7711
55204,1.08386,-43.2724
55205,1.05169,-45.9352
55206,1.07487,-43.7423
55207,1.08595,-42.2328
55208,1.07386,-43.8986
55209,1.08253,-42.8924
55210,1.06038,-45.2267
55211,1.06466,-44.9237
55212,1.05525,-45.8919
55214,1.05515,-46.0187
55216,1.04708,-46.7105
55217,1.06508,-44.9558
55218,1.07166,-43.1844
55219,1.05646,-45.6047
55222,1.08304,-43.3104
55225,1.0775,-44.2865
55227,1.08174,-43.2766
55228,1.07656,-44.2363
55229,1.08153,-43.0785
55230,1.08139,-43.1798
55231,1.07419,-44.5318
55232,1.07545,-44.3734
55234,1.07515,-44.0611
55235,1.0796,-43.1786
55236,1.0783,-43.2282
55237,1.08755,-41.8738
55241,1.08636,-42.4117
55242,1.08774,-42.2083
55243,1.09524,-39.4044
55244,1.07384,-43.5903
55246,1.07985,-42.9677
55247,1.09495,-39.1545
55254,1.08122,-43.1836
55255,1.0742,-44.2275
55256,1.07335,-44.2807
55257,1.07382,-44.2295
55258,1.08378,-42.9466
55265,1.07896,-43.7844
55266,1.08749,-43.2868
55267,1.04876,-16.5742
55268,1.05636,-16.7548
55270,1.06899,-16.0027
55271,1.06202,-16.4349
55272,1.05996,-16.5539
55273,1.06079,-16.5063
55274,1.05573,-16.4925
55275,0.999334,-15.0134
55277,0.993948,-13.1148
55278,0.996915,-14.1787
55279,1.00205,-12.5773
55280,0.991756,-12.3341
55281,1.02553,-15.2416
55282,0.980415,-12.4104
55283,0.991814,-13.7916
55284,0.995527,-14.0415
55285,1.01824,-16.2579
55286,1.01057,-17.1901
55287,1.01722,-16.8156
55288,1.00268,-19.4371
55289,1.00482,-17.8664
55291,1.06942,-0.903318
55292,1.07571,0.0845957
55293,1.06066,-1.54655
55294,1.06134,-2.0961
55295,1.06842,-2.59032
55296,1.07631,-0.255968
55297,1.05207,-9.85192
55298,1.04645,-13.4578
55299,1.07148,-20.4883
55300,1.03572,-20.2734
55301,1.03633,-23.2214
55302,1.07947,-3.46121
55304,1.07974,-3.43542
55305,1.07971,-3.44275
55308,1.08024,-3.35751
55309,1.07991,-3.40882
55310,1.0804,-3.3685
55311,1.08348,-2.89627
55312,1.08143,-3.15364
55313,1.08179,-3.15407
55314,1.08204,-2.69896
55315,1.08073,-2.87903
55316,1.07694,-3.66504
55317,1.07757,-3.65318
55318,1.07773,-3.63193
55319,1.07503,-3.8852
55320,1.07912,-3.41748
55322,1.07737,-3.66147
55323,1.07902,-3.42022
55324,1.07623,-3.74759
55325,1.07423,-3.96242
55326,1.06277,-5.61258
55327,1.07006,-4.47341
55328,1.06237,-5.64468
55329,1.07677,-3.7262
55330,1.07565,-3.80926
55331,1.0596,-5.97213
55332,1.06187,-5.86424
55333,1.05965,-6.03115
55334,1.05683,-6.20466
55337,1.06606,-4.98891
55338,1.06797,-4.68349
55339,1.07013,-4.36619
55340,1.06344,-4.91316
55341,1.05584,-6.52974
55342,1.05431,-6.3267
55343,1.05593,-6.28232
55344,1.06328,-5.55971
55345,1.06179,-5.65393
55346,1.06632,-5.22145
55347,1.05848,-5.3002
55348,1.0665,-5.04979
55349,1.06573,-4.69541
55350,1.06837,-4.43343
55352,1.07129,-4.12956
55353,1.07374,-3.93179
55354,1.07644,-3.61946
55355,1.07749,-3.65111
55356,1.08025,-3.2435
55357,1.08197,-2.99311
55358,1.08272,-2.9543
55359,1.08499,-2.51045
55361,1.08772,-2.26125
55363,1.08897,-1.88059
55364,1.07874,-3.76011
55365,1.07186,-4.08227
55366,1.07385,-3.88354
55367,1.07191,-4.37258
55368,1.06997,-4.59977
55369,1.07324,-4.18566
55370,1.07385,-4.09952
55371,1.07716,-4.0533
55372,1.0768,-4.05252
55373,1.07094,-4.01112
55375,1.09785,-0.658759
55376,1.08778,-2.1079
55377,1.06922,-4.09069
55378,1.07955,-8.0831
55379,1.07692,-8.26813
55380,1.07555,-8.98718
55381,1.00308,-6.53826
55382,1.01016,-7.00966
55383,1.0146,-6.88474
55384,0.993252,-9.00365
55385,1.02427,-6.38073
55386,1.01298,-8.63189
55387,0.995444,-9.06778
55388,1.03668,-3.86331
55389,1.06771,-0.177592
55390,1.0556,-5.51645
55391,1.00933,-15.8843
55392,1.05845,-15.9621
55393,1.0476,-18.2179
55394,1.06941,-5.05593
55395,1.07088,-4.83924
55396,1.07029,-4.86921
55397,1.07046,-4.87783
55398,1.0726,-4.62997
55399,1.08163,-3.64515
55400,1.08535,-3.46734
55401,1.08322,-3.80816
55402,1.08349,-3.81163
55403,1.09233,-2.28193
55404,1.09271,-2.2876
55405,1.08997,-2.76579
55406,1.0891,-2.80667
55407,1.08806,-2.95084
55408,1.08671,-3.08217
55409,1.08766,-2.99059
55410,1.07785,-4.16782
55411,1.08397,-3.87347
55412,1.08835,-3.00723
55413,1.07809,-4.18304
55414,1.0784,-4.07198
55415,1.07612,-4.26851
55416,1.09239,-2.44558
55419,1.09268,-2.5915
55420,1.09129,-2.69376
55421,1.09628,-2.08119
55422,1.09571,-1.67791
55423,1.09398,-1.93457
55424,1.09712,-1.51703
55425,1.09511,-1.7418
55426,1.0945,-1.84025
55428,1.09182,-2.23306
55429,1.07888,-4.12554
55430,1.08152,-4.10266
55431,1.09001,-2.52884
55432,1.07264,-4.27088
55433,1.09086,-2.48179
55435,1.09613,-2.0999
55436,1.08588,-2.42892
55437,1.0938,-2.12055
55438,1.08874,-2.50074
55439,1.08885,-2.49811
55440,1.08919,-2.48246
55441,1.08577,-3.11064
55443,1.08538,-3.1624
55444,1.08538,-3.15484
55445,1.08549,-3.14103
55451,1.09185,-2.33662
55453,1.095,-2.18923
55454,1.09505,-2.18644
55455,1.09536,-2.16604
55456,1.09514,-2.1801
55458,1.0816,-3.95814
55459,1.09473,-2.3003
55460,1.05585,-14.0964
55461,1.04295,-8.74639
55463,1.027,-9.41509
55464,1.07332,-9.90151
55465,1.04838,-10.9063
55466,1.05696,-9.5288
55468,1.08962,-0.233229
55469,1.05284,-2.16041
55470,1.0521,-1.99412
55471,1.05395,-1.94475
55472,1.05473,-1.84932
55473,1.05027,-0.105148
55474,1.06721,1.29178
55475,1.09729,-25.2202
55476,1.0976,-23.9177
55477,1.09728,-24.0129
55478,1.0977,-23.853
55479,1.09646,-23.5049
55480,1.09664,-23.4205
55482,0.975914,-14.5832
55483,0.978861,-14.1467
55484,0.985048,-20.5072
55485,0.983001,-21.6954
55486,0.985367,-23.6199
55487,0.992535,-24.4005
55488,0.973381,-20.7557
55489,0.975928,-18.9082
55490,0.976937,-18.6932
55491,0.979637,-18.1224
55492,0.978149,-18.5628
55493,0.97733,-18.8813
55494,0.976963,-19.1969
55495,0.974751,-17.8504
55496,0.955098,-21.7732
55499,0.96571,-20.1197
55500,0.97386,-16.261
55501,0.972276,-16.401
55503,0.965512,-18.2163
55504,0.981673,-17.5898
55505,0.971538,-20.5758
55507,0.971361,-19.4831
55508,1.06788,-5.53409
55509,1.06637,-5.60242
55510,1.06682,-5.81924
55511,1.06538,-5.74456
55512,1.06412,-5.9024
55513,1.06322,-6.01751
55514,1.06547,-5.89932
55517,1.06226,-6.14374
55518,1.06359,-6.09103
55519,1.06754,-5.36243
55520,1.06828,-5.24519
55521,1.06338,-5.9827
55522,1.06753,-5.29271
55523,1.07304,-4.02049
55524,1.06731,-6.12611
55525,1.05987,-7.64972
55527,1.06051,-6.91763
55528,1.06473,-7.57135
55529,1.06804,-5.23862
55530,1.0684,-6.61041
55531,1.07196,-6.46126
55532,1.061,-6.35118
55533,1.05083,-5.33123
55534,1.04112,-7.46553
55535,1.05625,-4.91174
55536,1.0555,-2.35364
55537,1.06204,-1.05948
55538,1.05333,-4.97923
55539,1.05696,2.88037
55540,1.05392,1.66792
55541,1.04785,0.87131
55543,1.05135,1.26886
55544,1.04339,-0.0597374
55545,1.04677,0.515856
55546,1.04732,0.785729
55548,1.04082,-0.112835
55549,1.04358,-0.0323373
55550,1.04931,1.25573
55551,1.04616,0.961917
55552,1.04729,1.06464
55553,1.04034,-0.679163
55554,1.04262,-0.157518
55556,1.0406,-0.632232
55557,1.04091,-0.376508
55558,1.03993,-0.699007
55559,1.04103,-0.360843
55560,1.03902,-0.745535
55561,1.04131,-0.317994
55562,1.04353,0.0824133
55564,1.02623,0.20821
55565,1.0381,-0.254269
55566,1.0425,0.0827631
55568,1.07313,-19.5036
55569,1.07312,-19.4261
55570,1.07261,-19.3354
55573,1.07295,-19.1385
55574,1.06894,-18.2499
55576,1.06976,-17.5221
55577,1.07794,-33.4235
55578,1.05101,-16.4481
55579,1.06131,-14.9204
55580,1.05298,-16.0054
55581,1.09348,-34.6712
55582,1.1,-30.7693
55583,1.05072,-27.0771
55584,1.07917,-2.50895
55585,1.07394,-1.67164
55586,1.08575,-1.1758
55589,1.09153,0.588688
55590,1.08853,0.536928
55591,1.08939,0.0610804
55592,1.08721,-0.160867
55593,1.08581,-0.265401
55594,1.08022,-0.736443
55595,1.07948,-3.65795
55597,1.06979,-4.84741
55598,1.07044,-4.78945
55599,1.06471,-5.50732
55600,1.07039,-4.81179
55601,1.07198,-4.67072
55602,1.07279,-4.5725
55603,1.06795,-5.31095
55604,1.06606,-5.38692
55605,1.07389,-4.47201
55606,1.07487,-4.37483
55607,1.07081,-5.13734
55608,1.07171,-4.97204
55609,1.07426,-4.4334
55610,1.0751,-4.35774
55611,1.07771,-4.08758
55612,1.07088,-4.9615
55613,1.08077,-3.64628
55614,1.08182,-3.46041
55616,1.06887,-4.97044
55617,1.06823,-5.03199
55618,1.06496,-5.51164
55619,1.06746,-5.15475
55620,1.06463,-5.56189
55621,1.06671,-5.42228
55622,1.06766,-5.34949
55623,1.07069,-5.00348
55624,1.07057,-5.01993
55625,1.06785,-5.40965
55626,1.06992,-5.08246
55627,1.06497,-5.57908
55628,1.06857,-5.12764
55629,1.06946,-5.08752
55630,1.07172,-5.01291
55631,1.07069,-5.061
55632,1.06656,-5.53623
55633,1.07113,-5.02651
55634,1.06837,-5.41998
55635,1.07128,-4.97458
55636,1.06776,-5.48692
55637,1.07136,-5.04099
55638,1.07126,-5.05245
55639,1.06961,-5.39805
55640,1.0703,-5.38788
55641,1.07044,-5.34867
55642,1.07012,-5.38243
55643,1.07222,-5.05284
55644,1.07093,-5.11039
55645,1.07925,-4.12918
55646,1.07141,-5.08424
55647,1.0645,-5.80699
55648,1.06548,-5.73613
55649,1.06329,-5.98359
55650,1.06935,-5.25582
55651,1.07573,-4.31007
55652,1.07375,-5.08021
55653,1.0701,-5.23045
55654,1.07099,-4.98501
55655,1.07474,-4.48256
55656,1.07454,-4.49871
55657,1.07797,-4.09581
55658,1.06993,-5.14593
55659,1.08051,-3.87614
55660,1.08592,-3.37163
55661,1.06924,-5.33464
55662,1.07002,-5.25424
55663,1.06767,-5.40004
55664,1.07059,-5.18168
55665,1.07142,-5.13072
55666,1.07389,-4.65026
55667,1.07314,-4.71191
55668,1.07528,-4.40247
55669,1.05827,-6.19897
55670,1.06534,-5.69907
55671,1.0543,-6.51956
55672,1.07013,-5.28426
55673,1.08134,-4.69542
55674,1.09084,-2.67091
55675,1.09022,-2.72829
55676,1.0845,-3.81061
55677,1.08927,-2.86266
55678,1.08079,-4.05814
55679,1.08284,-3.85524
55680,1.08825,-2.93136
55682,1.08494,-3.58003
55683,1.0857,-3.51267
55684,1.08969,-2.7541
55685,1.08955,-2.75746
55686,1.08839,-2.87452
55687,1.08507,-3.43723
55688,1.08516,-3.44823
55689,1.08715,-2.997
55690,1.07959,-3.76278
55691,1.07921,-4.20426
55692,1.07901,-4.25303
55693,1.07042,-4.95549
55694,1.08182,-3.62192
55695,1.08268,-3.37001
55696,1.08314,-3.31665
55697,1.07241,-5.03369
55698,1.08219,-4.13965
55699,1.07297,-5.01699
55701,1.07295,-4.98528
55702,1.06039,-6.45898
55703,1.07025,-5.4283
55704,1.05913,-6.60904
55707,1.06076,-6.21838
55708,1.05305,-7.17184
55709,1.05906,-6.42823
55710,1.05602,-6.86712
55711,1.05539,-6.90412
55712,1.05585,-6.84687
55713,1.05896,-6.42603
55714,1.05125,-7.14638
55715,1.06217,-6.09117
55716,1.06131,-5.95787
55717,1.05445,-6.61545
55718,1.06247,-5.74367
55719,1.06543,-5.46751
55720,1.05669,-6.56121
55721,1.06845,-5.12084
55722,1.05479,-6.7114
55723,1.05883,-6.28023
55724,1.05129,-6.94725
55725,1.05419,-6.66406
55726,1.05493,-6.55328
55727,1.0587,-6.09133
55728,1.05812,-6.21853
55729,1.05301,-6.98677
55731,1.05155,-7.04485
55732,1.05431,-6.83363
55733,1.05289,-6.94717
55734,1.0588,-6.24364
55735,1.05798,-6.19941
55736,1.05789,-6.24374
55738,1.06417,-5.33801
55739,1.07015,-4.6185
55740,1.07635,-3.94354
55741,1.08232,-3.41097
55742,1.07795,-3.96039
55743,1.08855,-2.87403
55744,1.09388,-2.14889
55745,1.09072,-2.5641
55746,1.09175,-2.49794
55747,1.09157,-2.39279
55748,1.08081,-3.15054
55749,1.09435,-2.10459
55750,1.0609,-4.93082
55751,1.06976,-3.90036
55752,1.09266,-1.95027
55753,1.08092,-3.19031
55754,1.084,-2.2719
55755,1.08886,-1.8423
55756,1.0985,-0.65235
55757,1.09309,-1.65058
55758,1.09585,-1.05899
55759,1.09776,-0.818824
55760,1.0966,-0.94416
55761,1.09592,-1.02649
55762,1.09905,-0.402514
55763,1.09772,-0.792401
55764,1.0988,-0.503899
55765,1.09688,-0.905013
55766,1.09851,-0.686348
55767,1.09686,-0.926605
55768,1.09825,-0.861873
55769,1.09802,-1.03424
55770,1.09282,-1.65734
55771,1.07476,-4.43424
55772,1.07556,-4.38211
55773,1.07133,-4.99239
55774,1.07419,-4.46632
55775,1.07428,-4.43345
55776,1.07029,-5.1024
55777,1.07046,-5.07082
55778,1.06952,-5.17391
55779,1.06881,-5.21194
55780,1.06878,-5.22232
55781,1.06941,-5.17722
55782,1.06968,-5.14573
55783,1.06891,-5.17125
55784,1.07864,-3.96142
55785,1.06874,-5.14876
55786,1.07031,-4.97448
55787,1.07114,-4.94302
55788,1.07119,-4.98913
55789,1.07717,-4.21103
55790,1.07719,-4.23993
55791,1.07745,-4.23525
55792,1.0761,-4.35452
55794,1.0762,-4.47756
55795,1.07245,-5.00423
55796,1.07878,-4.17709
55797,1.07784,-4.23574
55798,1.07636,-4.47139
55799,1.0782,-4.20951
55800,1.07348,-4.88437
55801,1.08139,-3.22907
55804,1.0772,-4.16784
55805,1.07214,-4.89708
55806,1.07251,-4.86372
55807,1.07262,-4.87276
55808,1.07337,-4.80976
55809,1.08098,-4.02997
55810,1.08228,-4.06841
55811,1.07472,-4.79919
55812,1.07588,-4.69433
55813,1.07517,-4.7663
55814,1.0717,-4.87959
55815,1.08019,-3.77406
55816,1.0921,-2.29513
55817,1.07615,-4.57412
55818,1.07729,-4.52387
55819,1.07845,-3.98576
55820,1.08078,-3.71496
55821,1.07623,-4.44036
55822,1.07509,-4.4984
55823,1.07355,-4.59482
55824,1.0791,-3.82985
55825,1.07549,-4.43873
55826,1.08179,-3.61537
55827,1.07667,-4.36086
55828,1.07644,-4.31702
55829,1.0788,-4.22585
55830,1.07824,-4.28568
55831,1.07857,-4.29191
55832,1.08597,-3.87753
55833,1.09358,-2.15163
55834,1.08427,-3.3771
55835,1.08566,-3.25129
55836,1.08911,-2.69016
55837,1.08966,-2.60898
55838,1.08717,-2.9865
55839,1.08628,-3.10574
55840,1.08621,-3.09248
55841,1.08788,-2.84971
55842,1.08699,-2.98615
55843,1.08513,-3.25034
55844,1.07923,-4.12126
55845,1.07695,-4.26159
55846,1.08041,-3.72103
55847,1.08854,-2.50982
55848,1.07896,-3.88405
55849,1.07983,-3.99742
55850,1.08082,-3.84584
55851,1.08949,-2.4328
55852,1.08288,-3.49856
55853,1.087,-2.93712
55854,1.08107,-3.79776
55855,1.08098,-3.38618
55856,1.07944,-3.43532
55857,1.07903,-3.43701
55862,1.07995,-3.44819
55863,1.07953,-3.46683
55864,1.07735,-4.02337
55865,1.0806,-3.60917
55866,1.07524,-4.68471
55867,1.07624,-4.5504
55868,1.08031,-3.70095
55869,1.07936,-3.80112
55870,1.07384,-4.79787
55871,1.07311,-4.48946
55872,1.07543,-4.4318
55873,1.07881,-3.8818
55874,1.07859,-3.90455
55875,1.07552,-4.49606
55876,1.0742,-4.64106
55878,1.07709,-4.10735
55879,1.07743,-4.05575
55880,1.07782,-4.00686
55881,1.07512,-4.46876
55882,1.07703,-4.07419
55883,1.07706,-4.0601
55884,1.07771,-4.01235
55885,1.07099,-4.86464
55886,1.07063,-4.8282
55887,1.07154,-4.74608
55889,1.07894,-3.93534
55890,1.08597,-2.82854
55891,1.07366,-4.60596
55892,1.07541,-4.45466
55893,1.08472,-2.95061
55894,1.079,-3.91655
55895,1.07332,-4.77795
55896,1.07856,-3.90995
55897,1.0781,-3.93629
55899,1.07238,-4.79496
55900,1.08484,-2.76482
55902,1.08909,-2.57741
55903,1.08713,-2.97439
55904,1.09148,-2.83773
55905,1.08237,-3.96995
55906,1.08924,-3.0214
55907,1.08828,-3.0764
55908,1.08753,-3.10977
55909,1.07971,-4.12021
55910,1.07776,-4.24234
55911,1.07872,-4.1219
55912,1.07492,-4.47941
55913,1.07585,-4.39017
55914,1.07445,-4.51327
55916,1.07739,-4.22619
55917,1.08168,-3.99602
55918,1.08732,-3.11523
55919,1.09412,-1.92034
55920,1.08762,-3.04663
55921,1.0878,-3.04249
55922,1.09448,-1.897
55924,1.09415,-2.35716
55925,1.08814,-2.80898
55928,1.08449,-3.32276
55929,1.08525,-3.03597
55930,1.09027,-2.51265
55931,1.09264,-2.26396
55932,1.09317,-2.13107
55933,1.09377,-1.97687
55934,1.09074,-2.43701
55935,1.08958,-2.57948
55936,1.08183,-2.21269
55937,1.09578,-1.85524
55938,1.09606,-1.75193
55939,1.09613,-1.75948
55940,1.09414,-1.89641
55941,1.09547,-1.87887
55942,1.06797,-5.18887
55943,1.07082,-4.95964
55944,1.06895,-5.10516
55945,1.07418,-4.58071
55946,1.07625,-4.51586
55947,1.07289,-4.6666
55948,1.07157,-4.83575
55949,1.07079,-4.91426
55950,1.07249,-4.78017
55951,1.08043,-3.73568
55952,1.07442,-4.45794
55953,1.076,-4.02512
55954,1.06891,-5.20087
55955,1.07294,-4.56947
55956,1.07024,-5.11537
55957,1.0719,-4.9891
55958,1.07152,-5.03306
55959,1.07153,-5.03179
55960,1.0718,-5.00281
55962,1.07256,-4.93693
55963,1.07143,-4.67557
55964,1.06871,-5.22743
55965,1.06672,-5.36392
55966,1.06392,-5.5114
55967,1.07013,-4.78287
55968,1.07374,-4.27787
55969,1.0706,-4.74373
55970,1.07046,-4.70862
55972,1.07484,-4.19869
55974,1.07635,-4.30665
55975,1.07719,-4.26489
55976,1.081,-4.0405
55977,1.07521,-4.36097
55978,1.07462,-4.38218
55979,1.07682,-4.26514
55980,1.07384,-4.41108
55981,1.07319,-4.42975
55982,1.07614,-4.01677
55983,1.07928,-3.99476
55984,1.07605,-4.07735
55985,1.07597,-4.07608
55986,1.07771,-4.20726
55987,1.08017,-3.96191
55988,1.08069,-3.66127
55990,1.08421,-2.74891
55991,1.08378,-2.78227
55992,1.08104,-3.43807
55993,1.07927,-2.79637
55994,1.0775,-3.69318
55995,1.08296,-2.82547
55996,1.07607,-3.86349
55997,1.07598,-3.96588
55998,1.07249,-4.44105
55999,1.07132,-4.5523
56000,1.06778,-5.24097
56001,1.06762,-5.24607
56002,1.07224,-4.39182
56003,1.07458,-4.03924
56004,1.0724,-4.36487
56007,1.072,-4.43804
56008,1.07422,-4.1432
56009,1.07744,-3.63856
56010,1.07684,-3.73278
56011,1.08198,-2.81697
56012,1.07735,-3.70225
56013,1.07939,-2.77372
56015,1.07742,-3.55413
56018,1.0785,-3.47689
56019,1.08104,-2.8077
56020,1.07844,-3.4987
56022,1.07473,-3.98737
56023,1.07267,-4.29096
56024,1.07295,-4.21888
56025,1.07094,-4.66184
56026,1.08015,-2.50804
56027,1.07313,-4.14218
56028,1.08004,-2.6174
56029,1.07283,-4.49451
56030,1.07828,-3.56897
56031,1.07645,-3.68115
56032,1.07528,-3.85102
56033,1.07419,-3.98874
56035,1.05945,-5.90002
56036,1.06123,-5.70711
56037,1.06383,-5.35745
56038,1.06322,-5.53293
56039,1.06119,-5.71317
56040,1.06003,-5.80682
56041,1.06052,-5.81858
56042,1.06123,-5.7831
56043,1.05963,-5.82988
56044,1.06414,-5.34138
56045,1.06397,-5.35587
56046,1.064,-5.35598
56047,1.06417,-5.41945
56048,1.067,-4.95563
56049,1.06679,-4.98206
56050,1.06679,-4.98918
56051,1.06682,-4.98888
56052,1.06688,-4.98867
56053,1.0614,-5.62942
56054,1.06198,-5.5888
56055,1.06078,-5.73834
56057,1.06699,-4.9881
56058,1.06736,-4.96294
56059,1.07074,-4.65548
56061,1.06633,-5.35366
56062,1.06766,-4.87814
56063,1.06482,-5.38457
56064,1.0619,-5.51314
56065,1.06238,-5.47528
56066,1.06875,-4.72463
56068,1.06662,-5.33491
56069,1.06708,-5.30485
56071,1.06988,-4.90804
56072,1.06543,-5.26859
56074,1.06385,-5.40621
56075,1.06542,-5.28269
56076,1.06473,-5.34891
56078,1.06619,-5.22857
56079,1.06695,-5.14262
56080,1.0674,-5.09801
56081,1.07197,-4.35033
56082,1.07203,-4.34791
56083,1.0677,-4.9411
56084,1.07524,-3.74194
56086,1.06238,-5.70846
56087,1.07078,-4.51387
56088,1.06318,-5.69644
56089,1.06095,-5.93913
56090,1.06158,-5.79211
56091,1.05924,-6.018
56092,1.06111,-5.79971
56093,1.06479,-5.29078
56094,1.06449,-5.3161
56095,1.06057,-5.63416
56096,1.05953,-5.71895
56097,1.0593,-5.71586
56098,1.05974,-5.86652
56099,1.05863,-5.90456
56100,1.05805,-5.91149
56101,1.05829,-6.09059
56102,1.05796,-6.1374
56103,1.0585,-6.09738
56104,1.05863,-6.05701
56105,1.05999,-5.98438
56106,1.06361,-5.49561
56107,1.05806,-6.07899
56108,1.05936,-5.98162
56109,1.06293,-5.4869
56110,1.05957,-5.76429
56111,1.05844,-5.84782
56112,1.0605,-5.66609
56113,1.06069,-5.5962
56114,1.06148,-5.53915
56115,1.06309,-5.47438
56116,1.06236,-5.49943
56117,1.06021,-5.69291
56118,1.06322,-5.4568
56119,1.05995,-5.97197
56121,1.06041,-5.69391
56122,1.06146,-5.66876
56123,1.06275,-5.5829
56125,1.07107,-4.40702
56126,1.07023,-4.47994
56128,1.06936,-4.57602
56130,1.06356,-5.51641
56131,1.06352,-5.4729
56132,1.06376,-5.44503
56133,1.06999,-4.50832
56134,1.06643,-4.84431
56135,1.06401,-5.43358
56136,1.06519,-4.94236
56137,1.05701,-6.22589
56138,1.05743,-6.21299
56140,1.06276,-5.56778
56142,1.05515,-6.29454
56143,1.0535,-6.62469
56144,1.05435,-6.50529
56145,1.0548,-6.59259
56146,1.05401,-6.64693
56147,1.06084,-5.89092
56148,1.05453,-6.59349
56150,1.06129,-5.86973
56151,1.0618,-5.83533
56152,1.05841,-6.38149
56153,1.06274,-5.77707
56155,1.0708,-5.0918
56156,1.06894,-4.93875
56157,1.06845,-4.99169
56158,1.06534,-5.44535
56159,1.06598,-5.44202
56160,1.07527,-4.07715
56161,1.06253,-5.55618
56162,1.06812,-4.94979
56163,1.05736,-6.00906
56164,1.06054,-5.68384
56165,1.066,-5.20947
56166,1.06209,-5.61892
56167,1.06701,-5.11042
56168,1.06387,-5.53419
56169,1.06428,-5.49866
56170,1.06137,-5.66661
56171,1.06397,-5.53474
56172,1.06502,-5.21794
56173,1.05729,-5.98587
56174,1.0649,-5.26304
56175,1.06517,-5.25634
56176,1.06594,-5.22013
56177,1.06566,-5.24166
56178,1.06044,-5.9237
56179,1.06001,-5.93926
56180,1.06177,-5.73643
56181,1.0633,-5.62164
56182,1.06478,-5.30126
56183,1.06359,-5.60441
56184,1.06626,-5.18447
56185,1.06701,-5.10385
56186,1.07399,-3.74223
56187,1.06853,-5.06169
56188,1.06958,-4.92392
56189,1.06455,-5.53431
56190,1.06806,-4.98857
56191,1.06795,-4.99276
56192,1.06731,-5.04295
56193,1.06195,-5.71823
56194,1.06098,-5.78824
56195,1.06044,-5.81337
56196,1.06124,-5.76818
56197,1.06187,-5.72191
56198,1.0643,-5.32788
56199,1.06536,-5.28109
56200,1.06578,-5.23791
56201,1.06172,-5.67057
56202,1.06238,-5.66137
56203,1.06298,-5.64691
56204,1.06603,-5.24555
56205,1.0657,-5.64158
56206,1.06865,-5.14303
56207,1.06577,-5.27282
56208,1.0628,-5.7563
56209,1.06311,-5.74071
56210,1.06329,-5.74408
56211,1.06555,-5.25698
56212,1.06321,-5.78213
56213,1.06297,-5.81535
56215,1.06416,-5.69414
56216,1.06872,-5.13121
56217,1.06885,-5.11028
56218,1.0696,-5.02816
56220,1.0632,-5.82303
56221,1.06948,-5.01231
56222,1.06994,-4.92026
56223,1.07174,-4.83272
56224,1.0745,-4.65696
56225,1.07413,-4.70161
56226,1.07396,-4.72452
56227,1.07211,-4.85659
56228,1.07121,-4.9187
56229,1.071,-5.28678
56230,1.06976,-5.35417
56231,1.06905,-5.45532
56233,1.0715,-4.94367
56234,1.07356,-4.77855
56235,1.06906,-5.47544
56236,1.07037,-5.37903
56237,1.07419,-4.86903
56238,1.07568,-4.58975
56239,1.07661,-4.52581
56240,1.07877,-4.26952
56241,1.08078,-4.02107
56242,1.08218,-3.87223
56243,1.07616,-4.57137
56244,1.07894,-4.35579
56245,1.08338,-3.72921
56246,1.07889,-4.2839
56247,1.07286,-5.19187
56248,1.06776,-5.35844
56249,1.06757,-5.29995
56250,1.07358,-3.75272
56251,1.06458,-5.54632
56252,1.06009,-6.32937
56255,1.06156,-6.34175
56256,1.06812,-5.17423
56257,1.06788,-5.20159
56258,1.06119,-6.36217
56259,1.06723,-5.32269
56260,1.06732,-5.37692
56261,1.06705,-5.53397
56262,1.05782,-6.66362
56263,1.06062,-6.4011
56264,1.05889,-6.5679
56265,1.06481,-5.58283
56266,1.06053,-6.39411
56267,1.06477,-5.53401
56268,1.06539,-5.43818
56269,1.06497,-5.50516
56270,1.06493,-5.54703
56271,1.05862,-6.40592
56272,1.06337,-5.60567
56273,1.05359,-6.63547
56274,1.06232,-5.73386
56275,1.06217,-5.76829
56276,1.06561,-5.53907
56278,1.06615,-5.23769
56279,1.06212,-5.78202
56280,1.0667,-5.13749
56281,1.06147,-5.83048
56282,1.0582,-6.37341
56283,1.06397,-5.66846
56284,1.06595,-5.46407
56285,1.06924,-4.84622
56286,1.06813,-4.99802
56287,1.07186,-5.48827
56288,1.06839,-5.58718
56289,1.05715,-6.72912
56290,1.07713,-3.64386
56291,1.07365,-3.69671
56292,1.07466,-4.83248
56293,1.07452,-4.82544
56294,1.0648,-5.99509
56295,1.06338,-5.9392
56296,1.0643,-6.12147
56297,1.06855,-5.83989
56298,1.07623,-4.65792
56299,1.07756,-4.51367
56301,1.07857,-4.40273
56302,1.08198,-3.94184
56303,1.07656,-4.9094
56304,1.08059,-4.17903
56306,1.0791,-4.28444
56307,1.07552,-5.22888
56309,1.07339,-5.40209
56310,1.08107,-4.08743
56311,1.07642,-4.53549
56312,1.07313,-4.78068
56313,1.07462,-4.62125
56314,1.0746,-4.65961
56315,1.07293,-4.69847
56316,1.05726,-6.84214
56317,1.05865,-6.79144
56318,1.05881,-6.68953
56319,1.06098,-6.54594
56320,1.06202,-6.48024
56321,1.06039,-6.53175
56322,1.0584,-6.62584
56324,1.0735,-4.89281
56325,1.06695,-6.28877
56326,1.07744,-4.47136
56327,1.06706,-6.08249
56328,1.06451,-6.28346
56329,1.06851,-5.73337
56330,1.06755,-5.93402
56331,1.064,-6.24792
56332,1.06019,-6.39529
56333,1.05919,-6.49688
56334,1.05933,-6.52147
56335,1.06343,-5.92398
56336,1.05917,-6.52661
56337,1.06288,-5.96104
56338,1.06207,-5.87308
56339,1.06215,-5.86027
56341,1.05829,-6.51942
56342,1.05895,-6.42045
56343,1.05569,-6.70178
56344,1.06045,-6.16654
56345,1.05877,-6.35086
56346,1.06008,-6.29708
56347,1.06469,-6.0718
56348,1.05956,-6.31975
56349,1.06343,-5.88771
56350,1.06324,-5.90502
56351,1.06047,-6.42622
56352,1.07049,-5.18808
56353,1.06917,-5.4167
56354,1.06873,-5.59451
56355,1.06921,-5.67732
56356,1.06784,-5.59214
56357,1.06703,-5.53931
56358,1.06497,-5.75809
56359,1.06354,-5.88687
56360,1.05742,-6.73389
56361,1.04093,-7.43912
56362,1.03741,-7.60236
56363,1.05823,-6.35503
56364,1.05953,-6.2343
56365,1.06287,-5.76595
56366,1.06282,-5.78905
56367,1.06166,-5.86019
56368,1.05674,-6.44089
56369,1.05587,-6.49443
56370,1.04371,-7.49625
56371,1.04466,-7.54233
56372,1.0457,-7.51002
56373,1.06162,-5.83542
56374,1.06334,-5.76717
56377,1.07083,-5.7294
56378,1.03538,-8.48388
56379,1.07958,-3.86067
56380,1.07202,-5.11267
56381,1.09243,-3.65426
56384,1.08231,-4.58496
56385,1.07023,-4.7619
56386,1.08197,-3.88438
56387,1.08362,-3.41872
56388,1.08638,-2.82325
56389,1.07408,-4.47235
56390,1.08533,-3.11993
56391,1.08276,-3.52517
56392,1.09387,-3.12441
56393,1.08198,-3.98912
56394,1.07123,-5.04458
56395,1.07671,-27.1724
56396,1.04316,-18.9578
56397,1.04478,-18.6773
56398,1.03982,-1.15232
56399,1.03988,-1.14347
56400,1.04001,-1.14759
56401,1.02797,-2.48702
56402,1.03722,-1.72295
56403,1.04487,0.0529613
56404,1.04354,-0.224199
56405,1.04004,-1.07934
56406,1.03693,-1.9263
56407,1.03554,-2.34859
56408,1.02745,-4.46279
56409,1.03208,-3.88058
56410,1.03149,-4.84095
56412,1.02527,-6.47654
56413,1.03642,-8.55031
56414,1.03186,-7.16801
56415,1.03149,-4.78296
56416,1.03822,-3.31823
56417,1.03533,-3.14127
56418,1.03709,-3.06207
56419,1.03473,-3.78215
56420,1.03389,-3.89724
56421,1.0303,-4.50844
56422,1.02997,-4.49989
56423,1.07513,-31.1755
56424,1.04726,-13.5904
56425,1.03586,-13.6111
56426,1.0214,-13.4187
56427,1.02311,-13.8785
56429,1.01766,-15.9299
56430,1.01631,-16.2135
56431,1.01287,-16.7201
56432,1.02528,-14.1937
56433,1.0207,-15.3063
56434,1.03335,-11.5889
56435,1.02504,-14.5468
56436,1.03121,-13.5938
56437,1.01435,-14.925
56438,1.02096,-13.8514
56439,1.02039,-13.7775
56440,1.01082,-15.0683
56441,1.06473,-1.95586
56442,1.07216,-0.736377
56443,1.07087,-1.26461
56444,1.07224,-0.751095
56445,1.06579,-1.89163
56446,1.0645,-1.94373
56447,1.06754,-1.30022
56448,1.06597,-1.89795
56449,1.07002,-0.972907
56450,1.06325,-2.00467
56451,1.06336,-2.02238
56452,1.06136,-2.24869
56453,1.06583,-1.54638
56454,1.0675,-1.25626
56455,1.05868,-2.62348
56456,1.06579,-1.55031
56457,1.06553,-1.51915
56458,1.05959,-2.44635
56459,1.06641,-1.41899
56461,1.06581,-1.48069
56462,1.05916,-2.53241
56463,1.06683,-1.4685
56464,1.06586,-1.52821
56465,1.06151,-2.53098
56466,1.06502,-1.58842
56467,1.06047,-2.55441
56468,1.06448,-1.64693
56469,1.05854,-2.6482
56470,1.05847,-2.69079
56471,1.05868,-2.64821
56472,1.05366,-3.36052
56476,1.06312,-1.78779
56477,1.05638,-3.04034
56478,1.05633,-2.99263
56480,1.0578,-2.86181
56481,1.06479,-1.73226
56482,1.05914,-2.83939
56483,1.05749,-3.01327
56484,1.05724,-2.99152
56485,1.05846,-2.99628
56486,1.06054,-2.99102
56487,1.05953,-3.26721
56488,1.05616,-3.52888
56490,1.05443,-3.37002
56492,1.05443,-3.61478
56493,1.05803,-3.70184
56494,1.05911,-3.59735
56495,1.05852,-3.70552
56497,1.06737,-2.89951
56499,1.05532,-3.86441
56500,1.05717,-3.93279
56501,1.06626,-3.10083
56502,1.06166,-3.56009
56503,1.0602,-3.67152
56504,1.06637,-3.19756
56505,1.06183,-3.76862
56506,1.06171,-3.8816
56509,1.06054,-3.98346
56510,1.06167,-3.969
56511,1.06738,-3.40032
56512,1.05719,-3.76216
56513,1.05709,-3.76707
56514,1.08719,-2.27833
56515,1.06763,-1.50818
56516,1.06728,-2.65809
56517,1.06528,-1.98523
56518,1.07635,-1.76492
56519,1.07391,-1.47268
56521,1.07447,-1.81669
56522,1.0612,-3.1453
56523,1.06434,-2.89787
56524,1.07475,-1.66488
56525,1.06699,-2.47328
56526,1.06708,-1.8241
56527,1.06925,-1.7183
56528,1.07146,-1.74329
56529,1.06771,-1.79031
56530,1.07002,-1.04018
56531,1.08651,-2.16945
56532,1.06281,-2.21545
56533,1.05858,-2.45461
56535,1.06647,-1.699
56536,1.06267,-2.24588
56537,1.06441,-2.07355
56539,1.06012,-2.95425
56540,1.06231,-2.22868
56541,1.06424,-1.94415
56542,1.06787,-1.74414
56545,1.07488,-0.65459
56546,1.06856,-2.51941
56547,1.07565,-2.23453
56548,1.06435,-2.91457
56549,1.07,-2.7534
56550,1.07585,-2.18557
56551,1.07489,-2.25275
56552,1.0721,-2.62103
56553,1.06,-2.51997
56554,1.01334,-21.4771
56555,1.03353,-18.4962
56556,1.04467,-16.8833
56557,1.04899,-15.9642
56558,1.04628,-16.9156
56559,1.00649,-19.6942
56561,1.02477,-19.3413
56562,1.01301,-19.9753
56563,1.01643,-20.4922
56564,0.982675,-17.1931
56565,1.06083,-17.7013
56566,1.0358,-18.6654
56567,1.02503,-19.5816
56568,1.03409,-18.7718
56569,1.03419,-18.7799
56570,1.0355,-19.4865
56571,1.02552,-20.2687
56572,1.02743,-18.9249
56573,1.0276,-20.2798
56574,1.03993,-17.7036
56575,1.03113,-18.9756
56576,1.03474,-18.828
56577,1.02486,-19.1722
56578,1.02262,-20.1721
56580,1.04346,-17.3915
56581,1.02929,-19.0094
56582,1.04775,-13.5205
56583,1.04955,-14.3562
56584,1.06293,-11.4428
56585,1.05673,-12.5406
56586,1.05638,-12.5162
56587,1.05984,-11.9587
56588,1.05845,-12.1921
56589,1.07009,-10.1871
56590,1.05629,-13.306
56591,1.00224,-13.1787
56592,1.04293,-5.85665
56593,1.01814,-10.334
56594,1.01984,-9.99293
56595,1.0387,-6.97027
56596,1.03571,-8.80927
56597,1.03817,-6.45208
56598,1.04952,-10.9287
56599,1.0649,-8.427
56601,1.05996,-9.17967
56602,1.06026,-9.13324
56603,1.06123,-8.99818
56604,1.06062,-9.08774
56605,1.05984,-9.15233
56606,1.05924,-9.36414
56607,1.06166,-8.54899
56608,1.09431,-34.6276
56609,1.03435,-15.5128
56610,1.02626,-16.1481
56611,1.02525,-18.9112
56612,1.03511,-18.6507
56613,1.04047,-15.0566
56614,1.0407,-14.9843
56615,1.04354,-16.1275
56616,1.04256,-19.0226
56617,1.03864,-18.3704
56618,1.03818,-18.259
56619,1.03884,-17.6227
56620,1.0381,-18.1335
56621,1.03492,-18.979
56622,1.0318,-20.1731
56623,1.0144,-21.9557
56624,1.029,-20.2736
56625,1.03359,-19.0059
56626,1.03878,-17.4672
56629,1.09186,-25.3012
56630,1.08147,-24.2478
56631,1.08258,-24.1789
56632,1.08138,-24.1913
56633,1.08199,-24.1423
56634,1.07259,-24.5922
56635,1.04163,-13.6661
56636,0.978544,-21.3264
56637,0.986565,-18.2325
56638,0.969867,-15.6613
56639,1.07518,-2.04819
56640,1.07626,1.27455
56641,1.07759,-0.422071
56642,1.07528,-2.50055
56643,1.07411,-2.46409
56644,1.07371,-2.44528
56645,1.07452,-2.3554
56646,1.06868,-2.60881
56647,1.0738,-2.28379
56648,1.08556,0.150429
56649,1.09021,1.05189
56651,1.07313,-0.00738999
56652,1.08309,0.347093
56653,1.07398,0.00525711
56654,1.08251,0.348249
56655,1.08222,0.338341
56656,1.08257,0.372645
56657,1.08403,0.502803
56659,1.08247,0.374351
56660,1.08238,0.311356
56661,1.08311,0.398288
56663,1.07447,-0.186262
56664,1.07362,-0.160323
56665,1.08755,1.06712
56667,1.08412,0.629386
56668,1.08835,0.849749
56669,1.08317,0.490125
56671,1.08797,0.678664
56672,1.09618,2.01435
56673,1.09455,1.7868
56674,1.09373,1.66411
56675,1.08899,1.03012
56676,1.08977,1.25142
56677,1.08987,1.26953
56678,1.09182,1.33517
56679,1.0901,1.28643
56680,1.08988,1.97527
56683,1.09155,1.52725
56684,1.09139,1.62227
56685,1.0912,1.41076
56686,1.09115,1.46699
56687,1.0919,1.43039
56689,1.09136,1.7205
56690,1.09363,2.83369
56691,1.09186,1.50531
56692,1.09202,1.59529
56693,1.0829,0.242556
56694,1.09116,1.62879
56695,1.09245,1.74687
56696,1.07764,-0.175629
56699,1.09114,1.46814
56700,1.09355,2.06765
56701,1.09251,2.03145
56702,1.09173,2.01224
56703,1.09481,2.13068
56704,1.09259,2.96053
56705,1.09105,2.64117
56706,1.09088,2.77809
56707,1.0905,1.56492
56708,1.09071,2.54802
56709,1.08854,1.38192
56710,1.09047,2.51211
56711,1.08972,2.24451
56712,1.08028,0.377315
56713,1.08141,0.506618
56714,1.075,-0.323899
56716,1.07219,-0.719809
56717,1.08094,-0.418934
56718,1.07923,-0.708668
56719,1.08936,-2.15928
56720,1.08825,1.87792
56721,1.09214,1.37558
56723,1.05095,-5.74765
56724,1.05397,-5.21171
56725,1.04253,-7.50636
56726,1.04164,-5.72772
56727,1.03172,-6.40028
56729,1.03049,-6.64861
56731,1.06488,-3.69418
56732,1.02893,-19.5215
56733,0.997603,-24.8732
56734,0.996386,-25.0645
56735,1.00299,-23.9721
56736,1.00446,-23.7882
56737,1.00997,-23.0771
56738,1.00822,-23.321
56739,1.00955,-23.2406
56740,1.02454,-20.2447
56741,1.02318,-20.4361
56742,1.01495,-21.8393
56743,1.02312,-20.3075
56744,1.00987,-22.839
56745,1.01533,-22.2584
56746,0.994743,-25.0524
56747,0.9991,-24.5203
56748,0.985532,-26.3
56749,0.990922,-25.1858
56750,1.00262,-23.4815
56751,0.995584,-24.5877
56752,1.00336,-23.1755
56753,1.0242,-20.069
56754,1.02505,-19.7033
56755,1.01792,-21.4871
56756,1.0176,-21.5788
56758,1.019,-21.2218
56759,1.01837,-21.369
56760,1.0434,-16.3826
56761,1.04537,-16.1408
56762,1.04505,-15.1998
56763,1.04682,-13.4716
56764,1.04416,-16.8867
56765,1.0447,-15.4302
56766,1.06194,0.975953
56767,1.06399,-3.09726
56768,1.07123,-4.21706
56769,1.0706,2.02585
56773,1.01052,-23.2645
56775,1.00391,-22.2903
56776,1.00516,-22.1615
56777,1.00673,-21.9589
56778,1.0108,-20.967
56780,1.00719,-19.745
56781,1.00676,-20.6084
56782,0.997093,-23.8361
56784,1.00141,-20.7134
56785,1.00827,-18.7849
56786,1.00589,-20.1535
56787,1.0109,-17.4176
56788,1.03838,-8.69279
56789,1.06393,-10.495
56790,1.05161,-10.2098
56791,1.03773,-7.58366
56792,1.02172,-7.85724
56793,1.05219,-8.40286
56794,1.09136,-0.767997
56796,1.06361,-9.67715
56798,1.07052,-10.8588
56799,1.05656,-11.3465
56801,1.04517,-12.3177
56802,1.05171,-11.8498
56803,1.05049,-12.0573
56804,1.04907,-13.0661
56805,1.04645,-10.9398
56806,1.06004,-12.9062
56807,1.06033,-12.9979
56810,1.09038,-0.746947
56811,1.07654,-2.18343
56812,1.07361,-2.51499
56813,1.07465,-2.47861
56814,1.07672,-2.27784
56815,1.04136,-21.5889
56816,1.03873,-21.5664
56817,1.04522,-14.0433
56818,1.03337,-15.0083
56819,1.04325,-12.6667
56823,1.04787,-11.4871
56824,1.05138,-11.9878
56825,1.04832,-11.8011
56826,1.05114,-9.48676
56827,1.05218,-10.0218
56828,1.04798,-11.1414
56829,1.0679,-17.0543
56830,1.07047,-16.0622
56831,1.07067,-15.1509
56832,1.04624,-17.8445
56833,1.05848,-17.7583
56834,1.04923,-10.8088
56835,1.0409,-11.1328
56836,1.04351,-9.9788
56837,1.04144,-9.57753
56838,1.04241,-9.36643
56839,1.06286,-14.7188
56840,1.05897,-0.874037
56841,1.05796,-1.01484
56842,1.05241,-1.65203
56843,1.06522,0.805797
56845,1.06915,1.44202
56846,1.08677,-1.32993
56847,1.06382,-1.50339
56848,1.07473,-0.491469
56849,1.06953,-0.970876
56850,1.00919,-8.25861
56851,1.04694,-3.69744
56852,1.0515,-3.62247
56853,1.07543,-4.85136
56854,1.07621,-4.36672
56855,1.06957,-5.21103
56856,1.06226,-5.80042
56857,1.07643,-3.91707
56858,1.07614,-3.41783
56859,1.07299,-3.53623
56860,1.06781,-4.61045
56861,1.06621,-5.11823
56862,1.07171,-4.07701
56863,1.08588,-1.61938
56864,1.09098,-0.661241
56865,1.07696,-2.14744
56866,1.08946,-0.393747
56867,0.998908,-13.7231
56868,0.999824,-10.5925
56869,1.01006,-9.74254
56870,1.01135,-9.44018
56871,1.00205,-9.83818
56872,1.0265,-8.42556
56873,1.02428,-7.5161
56874,1.03296,-5.51351
56875,1.08363,-34.9478
56876,1.08304,-35.164
56877,1.06538,0.690864
56878,1.05642,-2.97092
56879,1.04992,-3.8513
56881,1.05085,-7.45757
56882,1.04921,-6.76776
56885,1.0483,-2.64668
56888,1.07123,-15.0667
56889,1.06086,-17.232
56890,1.05588,-17.8683
56891,1.05472,-17.8805
56892,1.05985,-17.169
56893,1.05124,-18.3126
56894,1.05279,-18.1645
56895,1.05102,-18.3272
56896,1.04766,-18.4245
56897,1.06018,-17.1488
56898,1.05589,-17.8374
56899,1.05671,-17.8144
56900,1.05634,-17.8145
56901,1.06094,-17.1459
56902,1.05795,-17.3908
56903,1.05766,-17.3319
56904,1.05979,-17.1033
56905,1.05578,-17.9405
56906,1.05325,-18.1881
56908,1.05763,-17.3773
56910,1.05766,-17.3873
56911,1.05836,-17.3669
56913,1.05963,-17.3079
56916,1.04777,-18.5941
56917,1.04636,-18.6806
56920,1.04704,-18.7063
56921,1.04536,-19.0732
56922,1.04405,-19.1931
56923,1.04796,-18.6314
56924,1.04874,-18.5519
56925,1.04645,-19.0264
56926,1.04591,-19.0511
56928,1.04825,-18.8565
56929,1.05851,-17.2354
56930,1.05776,-17.3525
56931,1.0619,-16.8426
56932,1.06951,-14.8038
56935,1.04975,-18.0945
56936,1.06433,-17.5265
56937,1.06488,-17.3613
56938,1.05536,-18.1468
56939,1.04215,-19.3475
56940,1.04316,-19.2492
56941,1.08217,-14.0279
56942,1.0474,-19.0981
56943,1.04339,-19.2435
56945,1.04281,-19.3081
56946,1.04403,-19.2214
56947,1.04693,-18.9853
56948,1.04853,-18.7996
56949,1.06244,-17.0196
56951,1.04577,-19.0901
56952,1.06075,-17.1729
56953,1.0579,-16.98
56954,1.06457,-16.4774
56955,1.05826,-17.2936
56956,1.05758,-16.2594
56957,1.05507,-15.6991
56958,1.05,-15.615
56959,1.06685,-10.7858
56960,1.06337,-10.688
56961,1.07154,-11.0204
56962,0.996802,-17.3009
56963,1.01009,-15.1428
56964,0.999742,-16.9807
56965,0.99809,-17.2641
56966,0.996794,-17.3378
56967,0.998886,-17.2957
56968,0.99922,-17.2871
56969,1.00282,-17.0565
56970,0.997971,-17.2965
56971,1.00501,-16.9467
56972,0.997954,-17.2727
56973,1.00342,-16.9673
56974,1.00756,-15.4785
56975,0.999001,-17.0064
56976,1.00776,-15.2196
56977,1.01062,-14.722
56978,1.0096,-14.853
56979,1.00044,-16.9964
56980,1.04423,-11.0548
56981,1.00176,-17.0188
56982,1.00162,-17.1541
56983,0.999868,-17.244
56985,1.00922,-16.7667
56987,1.01451,-15.407
56988,1.00509,-17.0049
56989,1.01419,-15.4742
56991,1.01402,-15.5424
56992,0.993747,-17.0509
56994,0.990304,-17.373
56995,1.02005,-12.8668
56996,1.03855,-9.56332
56997,1.05988,-7.57561
56998,1.02428,-13.8648
57001,1.04296,-11.9146
57002,1.00638,-16.6742
57003,0.999395,-16.289
57004,1.03348,-14.7101
57005,1.02844,-14.9209
57006,0.997353,-17.2802
57007,0.992745,-17.3722
57008,1.01418,-15.6332
57009,1.00056,-18.1324
57010,0.988417,-17.9232
57011,1.01792,-15.0027
57013,1.03496,-3.34439
57014,1.04861,-5.08136
57015,1.04854,-4.39367
57016,1.04361,-4.32359
57017,1.05609,-2.5346
57018,1.07061,-5.78761
57019,1.08464,-5.0385
57020,1.08668,-4.16352
57021,1.07004,-5.92371
57022,1.04167,-14.3626
57023,1.05689,-11.0613
57025,1.04857,-10.3593
57026,1.09629,-1.40045
57027,1.09549,-1.50392
57028,1.09554,-2.11383
57029,1.0969,-1.30217
57031,1.09666,-2.03236
57033,1.08338,-2.10668
57034,1.08033,-2.09656
57035,1.08069,-2.15896
57037,1.07133,-19.6548
57038,1.1,-17.5652
57039,1.07017,-19.5109
57040,1.06977,-19.5948
57041,1.06891,-19.5931
57042,1.0704,-19.6441
57043,1.07077,-19.6733
57044,1.07978,-15.5064
57045,1.01191,-4.81498
57046,1.04953,-10.8133
57047,1.05116,-7.53098
57048,1.06202,-10.8496
57049,1.02164,-4.35434
57050,1.01779,-4.83764
57051,1.04657,-5.68638
57052,1.04491,-4.1303
57053,1.06492,-14.2052
57055,1.03783,-14.6811
57056,1.03682,-14.6341
57057,1.03686,-14.6199
57058,1.04028,-14.5266
57059,1.039,-14.5897
57060,1.03551,-14.6732
57061,1.03528,-14.6984
57062,1.03633,-14.5733
57063,1.0361,-14.5932
57064,1.04066,-13.7362
57065,1.04049,-13.9476
57066,1.03998,-14.0099
57067,1.04128,-13.523
57070,1.05203,-13.3165
57072,1.03665,-14.6328
57073,1.05188,-13.3594
57075,1.0158,-15.7359
57076,1.04566,-13.6563
57077,1.03893,-12.1977
57078,1.03921,-14.2229
57079,1.03643,-14.5197
57080,1.01914,-17.2922
57081,1.00477,-10.2901
57082,1.04004,-6.25494
57083,1.01007,-8.68301
57084,1.02631,-7.96055
57085,0.996926,-9.48193
57086,1.05729,-1.50444
57087,1.0797,-3.27356
57088,1.06963,-12.6557
57089,1.06089,-12.1333
57090,1.06132,-7.60252
57092,0.973792,-35.0633
57093,0.986302,-34.0178
57094,0.981904,-33.7386
57095,0.993413,-29.9773
57096,0.99252,-29.3143
57097,0.969337,-31.2348
57098,1.03771,-8.14427
57099,1.04915,-6.39451
57100,1.05236,-6.38332
57102,1.05488,-5.98956
57103,1.05284,-6.39538
57104,1.05926,-6.26627
57105,1.0599,-5.77618
57106,1.0537,-6.47396
57107,1.05616,-6.60062
57108,1.0566,-6.50923
57109,1.05687,-6.45948
57110,1.05645,-6.49289
57111,1.05623,-6.50394
57112,1.0561,-6.58879
57113,1.056,-6.5145
57114,1.05607,-6.60706
57115,1.06045,-5.92992
57116,1.05635,-6.60699
57117,1.05188,-7.14221
57118,1.05648,-6.63251
57119,1.05898,-6.06553
57120,1.05016,-7.11998
57121,1.05717,-6.64968
57122,1.05844,-6.65577
57123,1.04648,-7.55535
57124,1.05612,-6.69135
57125,1.05801,-7.37722
57126,1.054,-6.93879
57127,1.05329,-6.96577
57128,1.06012,-6.20293
57129,1.05533,-7.422
57130,1.05043,-7.66703
57131,1.06091,-6.99201
57132,1.06757,-5.62046
57133,1.06415,-5.88622
57134,1.07305,-5.36466
57135,1.09114,-4.91348
57136,1.05638,-7.35233
57137,1.05766,-7.3865
57139,1.06218,-6.03884
57140,1.05714,-7.21474
57141,1.06555,-5.74376
57142,1.06566,-5.70125
57143,1.07009,-5.19543
57144,1.06066,-6.6092
57145,1.06802,-5.58969
57146,1.07408,-5.74358
57147,1.06901,-4.7576
57149,1.0785,-3.86381
57150,1.07714,-4.35147
57151,1.06921,-4.80859
57153,1.06253,-5.42419
57154,1.05852,-5.71789
57155,1.05506,-5.59902
57156,1.06315,-4.58907
57158,1.08661,-26.8837
57161,1.08458,-7.13864
57162,1.0933,-4.71155
57164,1.07081,-21.1217
57165,1.06927,-5.31388
57166,1.06023,-7.56279
57167,1.05763,-7.13877
57168,1.05159,-7.9634
57169,1.06307,-6.2717
57172,1.05874,-6.97762
57173,1.05805,-7.05407
57174,1.04531,-9.01136
57175,1.05408,-7.52638
57178,0.998923,-17.7038
57179,0.995364,-16.6802
57180,0.992892,-17.9717
57181,0.975821,-18.6416
57182,0.993988,-16.459
57183,1.03111,-11.309
57184,0.997902,-11.1626
57185,0.993812,-16.3916
57186,0.994996,-15.6901
57187,0.999273,-13.3272
57188,1.09204,-1.19303
57189,1.1,-0.417641
57190,1.077,-1.44135
57191,1.09504,5.60342
57192,1.04733,-8.65385
57193,1.04841,-7.14904
57194,1.0481,-7.12178
57195,1.0481,-7.15311
57196,1.05524,-9.95533
57197,1.08385,1.16094
57198,1.07777,-2.20276
57199,1.07621,-2.36408
57200,1.07536,-0.870708
57201,1.07953,-0.0244197
57202,1.08075,0.411717
57203,1.08212,0.742447
57204,1.07899,0.115473
57205,1.08026,0.383849
57206,1.07974,0.356112
57207,1.07339,-0.641978
57208,1.07282,-0.731686
57209,1.07241,-0.74435
57210,1.06855,-1.17014
57211,1.06838,-1.17655
57212,1.07059,-0.93074
57213,1.07016,-0.979781
57214,1.07104,-0.75394
57215,1.07291,-0.680571
57216,1.07372,-0.616047
57217,1.07522,-0.407482
57218,1.07328,-0.633184
57219,1.07881,0.286841
57221,1.07983,-0.0685881
57222,1.0772,0.21611
57223,1.0769,0.196979
57224,1.07204,-0.598035
57225,1.07843,0.315116
57226,1.07981,-0.0123668
57227,1.07837,0.336617
57228,1.07585,-0.0974565
57229,1.07806,0.313491
57230,1.07643,-0.075629
57231,1.07549,-0.10589
57232,1.07419,-0.206208
57233,1.07438,-0.166704
57234,1.08009,0.182184
57236,1.08461,1.39887
57237,1.08817,1.87238
57238,1.08431,0.953483
57240,1.07727,-0.0168222
57241,1.08164,0.90446
57242,1.07583,-0.282798
57243,1.07926,0.603892
57244,1.07724,0.0550592
57245,1.08036,0.737266
57246,1.07413,-0.473397
57247,1.07376,-0.429737
57248,1.06925,-1.74502
57249,1.07625,-1.42919
57250,1.07578,-1.4793
57251,1.07534,-1.5085
57252,1.07498,-1.55839
57255,1.07611,0.407925
57257,1.07812,0.493407
57258,1.07769,0.469552
57259,1.07691,-0.203483
57260,1.07867,0.538728
57263,1.08004,0.359475
57264,1.07951,0.282862
57266,1.08103,0.48239
57268,1.07228,-1.72538
57269,1.07173,-1.81725
57270,1.06501,-2.25373
57271,1.04725,-4.83968
57272,1.07024,-1.83005
57273,1.07093,-2.81205
57274,1.07774,-0.0260464
57275,1.07263,-2.55743
57276,1.08085,0.434376
57278,1.08914,-31.2751
57279,1.0914,-31.976
57280,1.09089,-32.0532
57282,1.09555,4.06554
57283,1.09519,3.49078
57284,1.09711,4.23618
57286,1.09596,4.11465
57287,1.09599,4.11179
57288,1.09599,4.08069
57289,1.09559,3.46386
57290,1.09692,2.65672
57291,1.0951,4.037
57292,1.09448,2.63382
57293,1.08868,1.8714
57294,1.08645,1.48455
57295,1.08927,1.04499
57296,1.09044,1.53317
57297,1.0931,2.5089
57298,1.09277,2.29832
57299,1.09341,1.95108
57300,1.09405,2.66321
57302,1.09715,3.76707
57304,1.04611,-16.19
57305,1.02624,-17.5885
57306,1.01697,-18.5703
57308,1.01311,-18.6925
57309,1.01861,-18.6639
57310,1.01579,-18.6455
57311,1.01624,-18.6175
57312,1.05557,-6.66756
57313,1.07666,-4.51211
57314,1.07169,-5.17515
57315,1.09069,-3.02096
57318,1.01323,-20.8045
57319,1.00583,-20.9468
57320,1.01505,-20.4234
57321,1.01633,-20.0766
57322,0.991867,-19.9811
57323,0.993024,-20.9299
57324,0.998264,-22.5859
57325,1.00144,-21.4074
57326,0.997446,-20.9068
57327,0.992884,-19.5274
57328,0.998471,-20.8607
57329,0.992569,-18.8023
57330,1.00442,-18.6316
57331,1.01704,-19.2329
57332,1.01765,-19.1685
57333,1.00812,-21.95
57334,1.0048,-22.6902
57335,1.01095,-21.3407
57336,0.99576,-24.6137
57337,1.08614,-16.8601
57339,1.06682,-13.3628
57342,1.06662,-16.3834
57343,1.05284,-6.96876
57344,1.08319,-3.45379
57345,1.0762,-5.13341
57346,1.07202,-5.1236
57347,1.07466,-5.51891
57348,1.08028,-4.83902
57349,1.05233,-6.68881
57350,1.08298,-4.61282
57351,1.09296,-3.76937
57352,1.08399,-4.4464
57362,1.08574,-22.5418
57366,1.08507,-22.2766
57367,1.08472,-22.2538
57368,1.08503,-22.2788
57372,1.08566,-22.6401
57373,1.08496,-22.3091
57374,1.08435,-22.2137
57375,1.08406,-23.0541
57376,1.0842,-22.264
57377,1.08518,-22.2103
57378,1.08544,-22.332
57379,1.08528,-22.2997
57380,1.08488,-22.193
57381,1.08498,-22.2811
57382,1.0841,-22.4217
57383,1.08477,-22.3361
57385,1.08534,-22.2977
57386,1.08464,-22.2447
57389,1.05924,-13.0563
57390,1.05989,-12.9226
57391,1.08578,-22.3825
57392,1.08576,-22.3856
57393,1.0859,-22.3691
57397,1.08585,-22.2713
57398,1.08575,-22.2815
57399,1.08587,-22.3532
57400,1.0859,-22.3668
57401,1.08586,-22.3635
57402,1.08571,-22.4662
57403,1.08583,-22.3826
57404,1.08551,-22.3687
57405,1.08571,-22.5095
57407,1.08569,-22.5413
57408,1.08552,-22.4065
57409,1.08548,-22.3967
57410,1.08553,-22.5552
57411,1.08562,-22.5404
57412,1.08715,-22.1144
57413,1.08654,-22.2253
57414,1.08386,-22.8451
57415,1.08698,-22.0868
57416,1.08718,-22.0642
57417,1.08705,-21.6395
57418,1.08588,-22.3175
57419,1.08735,-22.1692
57420,1.05509,-12.0885
57421,1.02513,-12.6876
57422,1.04963,-13.073
57423,1.05938,-13.3444
57424,1.05057,-12.7793
57425,1.04112,-15.9338
57431,1.08072,1.61591
57432,1.07357,0.212529
57434,1.03145,-5.08863
57435,1.01833,-6.83156
57436,1.03916,-2.35303
57438,1.0142,-6.24313
57439,1.01538,-23.1339
57440,1.01451,-23.322
57441,1.01699,-22.8051
57442,1.01395,-23.198
57443,1.01858,-22.6157
57444,1.02349,-21.4744
57445,1.0205,-22.1155
57446,1.01553,-22.836
57447,1.0163,-22.5137
57448,1.00951,-23.3237
57449,1.00742,-23.5529
57450,1.08049,-14.0606
57451,1.08141,-14.1069
57452,1.08897,-13.5176
57453,1.1,-11.639
57454,1.0781,-4.16232
57455,1.06502,-6.49843
57456,1.05962,-8.69633
57457,1.06413,-7.72338
57458,1.08198,-4.45266
57460,1.08644,-2.33505
57461,1.08166,-4.55524
57462,1.08207,-4.83053
57464,1.08364,-5.77328
57465,1.08024,-4.54489
57466,1.07796,-4.01224
57467,1.03145,-7.14085
57468,1.04904,-5.20494
57469,1.03397,-5.77135
57470,1.06581,-5.22401
57471,1.06535,-5.30433
57472,1.06724,-4.2137
57473,1.06075,-6.18375
57474,1.06998,-6.00107
57475,1.07159,-5.87649
57476,1.04245,-7.19796
57478,1.08307,0.445121
57480,1.08165,0.503819
57481,1.08113,0.413966
57482,1.07856,0.163465
57483,1.07671,-0.017568
57484,1.08244,0.709721
57485,1.08213,0.393619
57486,1.08195,0.39503
57487,1.07646,-0.516045
57488,1.06706,-2.48699
57489,1.07263,-1.07491
57490,1.06798,-2.58671
57492,1.05579,-3.504
57493,1.05118,-11.2781
57494,1.05956,-9.85929
57496,1.03744,-12.85
57497,1.05208,-9.56228
57498,1.04683,-8.61583
57499,1.04689,-8.8016
57500,1.06207,-15.7395
57501,1.06148,-5.85756
57502,1.07152,-4.87681
57503,1.0587,-5.9273
57504,1.05804,-5.90729
57505,1.06447,-5.44522
57506,1.03512,-7.81323
57508,1.07985,-12.6794
57510,1.07296,-13.4103
57511,1.07361,-12.6057
57512,1.0908,-13.6669
57513,1.07211,-13.3894
57514,1.076,-12.3368
57516,1.07917,-13.6447
57519,1.06433,-13.3634
57520,1.06359,-13.5243
57521,1.07363,-12.2025
57522,1.06464,-12.9186
57523,1.06733,-15.3836
57524,1.07276,-13.5507
57525,1.07345,-13.349
57526,1.06939,-11.792
57527,1.0717,-13.3144
57528,1.05849,-13.269
57530,1.07137,-12.5051
57531,1.0679,-9.11877
57532,1.07183,-11.25
57533,1.06265,-13.2341
57535,1.05377,-14.0974
57536,1.0469,-14.4967
57537,1.03923,-14.7128
57538,1.05844,-12.9848
57539,1.06248,-13.4417
57540,1.06406,-13.6988
57541,1.05976,-13.9337
57542,1.07335,-11.7003
57544,1.06857,-9.14836
57545,1.07642,-7.83124
57546,1.0711,-8.3789
57547,1.07207,-10.8544
57549,1.03853,-17.8243
57551,1.0544,-3.9629
57552,1.0409,-5.21529
57553,1.03983,-5.34432
57555,1.05437,-4.20857
57557,1.03415,-6.58862
57558,1.03343,-5.86374
57559,1.03718,-5.62146
57560,1.06258,-3.31311
57561,1.06836,-1.6951
57562,1.05627,-3.67324
57563,1.05566,-3.74652
57564,1.03339,-5.94038
57565,1.03294,-5.91204
57568,1.0644,-14.7227
57569,1.08394,-8.64309
57570,1.04744,-16.4993
57571,1.03883,-7.11164
57572,1.08467,-20.8221
57573,1.08268,-20.5383
57574,1.07768,-20.1265
57575,0.972062,-28.1534
57576,0.969205,-28.2707
57577,0.964164,-28.6474
57578,0.97847,-27.0319
57579,0.979754,-27.0432
57580,0.969699,-28.248
57581,0.980954,-26.8969
57582,0.974193,-27.9882
57584,0.99512,-24.9611
57585,0.983161,-26.5741
57586,0.979578,-26.9346
57587,0.978507,-27.022
57588,0.983269,-27.0091
57589,0.967745,-28.5707
57590,1.00105,-25.2222
57591,1.003,-24.9734
57592,0.980339,-27.9601
57594,0.985002,-27.5585
57596,0.968331,-28.5627
57597,0.983311,-26.6484
57598,0.981477,-26.7509
57599,0.979033,-27.1944
57600,0.983335,-26.5681
57602,0.987705,-26.0621
57603,0.981682,-26.8702
57604,0.982979,-26.8321
57605,0.986028,-26.3342
57606,0.981935,-27.0114
57607,0.9836,-26.5731
57608,0.983393,-26.6138
57609,0.969782,-28.3357
57610,0.986807,-27.3332
57611,1.00005,-25.2902
57612,1.00229,-25.0538
57613,0.995756,-25.7606
57614,0.997852,-25.5336
57615,0.991342,-26.1203
57617,0.976113,-28.0921
57618,0.979539,-27.8823
57619,0.984626,-26.6955
57620,0.97615,-28.1503
57621,0.976574,-28.1403
57622,0.980209,-27.9069
57623,0.981113,-27.8194
57624,0.978328,-27.9972
57625,0.993031,-26.4482
57626,0.9974,-25.7313
57627,0.997679,-25.7978
57628,0.994829,-25.8846
57630,0.978994,-27.949
57631,0.982595,-27.7545
57632,0.9881,-26.4624
57633,0.98142,-27.8313
57634,0.987187,-26.5551
57635,0.981151,-27.051
57636,0.979123,-27.1446
57637,0.993264,-25.1125
57638,0.980252,-27.1439
57640,0.987106,-26.0965
57641,0.982736,-26.4718
57642,0.993313,-25.0194
57643,0.987394,-26.0697
57644,0.977248,-28.0222
57645,0.981688,-27.4578
57646,0.985821,-26.4051
57647,0.987335,-26.1293
57648,0.989813,-26.2572
57650,0.989128,-26.2474
57651,0.9896,-25.9729
57652,0.990364,-25.9573
57653,0.991693,-25.7857
57656,0.989426,-26.1107
57657,0.988755,-26.2252
57658,0.989197,-26.3514
57659,0.9905,-26.2493
57660,0.991358,-26.1857
57661,0.992893,-26.0587
57662,0.98423,-27.6497
57663,0.982151,-27.7559
57664,0.988867,-27.4687
57666,1.00223,-24.7728
57668,0.998718,-25.6394
57669,0.998543,-25.7427
57670,0.993315,-26.4419
57671,0.999796,-25.4617
57672,1.00158,-25.1719
57673,0.999147,-25.524
57675,0.998965,-25.4845
57676,0.976358,-28.2823
57677,0.990047,-26.5695
57678,0.990303,-26.5092
57679,0.995269,-25.9402
57680,0.996573,-25.814
57681,0.998983,-25.5892
57682,0.995343,-25.9993
57683,0.98204,-27.6496
57684,0.983604,-27.5162
57685,0.988386,-26.2309
57686,0.983556,-28.1988
57687,0.983762,-26.4171
57688,0.99553,-24.5197
57689,0.991485,-25.3521
57690,0.982388,-27.0634
57691,0.981647,-27.0639
57692,0.985194,-26.6551
57693,0.991812,-25.2489
57694,0.981539,-27.1299
57695,0.976205,-27.8797
57696,0.984721,-26.3766
57697,0.982308,-26.7201
57699,0.984649,-26.332
57700,0.988623,-25.7927
57702,0.986588,-26.139
57703,0.993364,-24.9782
57704,0.993446,-24.2026
57705,0.987247,-25.8185
57706,0.992451,-25.3448
57707,0.991282,-25.5367
57709,0.987903,-26.0773
57710,0.98912,-25.9535
57711,0.988678,-26.0839
57712,0.990321,-25.7025
57713,0.994354,-26.0726
57714,0.995901,-25.8167
57715,0.998122,-24.9217
57716,0.997387,-24.9041
57717,0.995986,-25.4672
57718,0.995206,-25.7124
57719,0.99247,-25.5585
57720,1.0027,-24.2443
57721,1.00088,-24.4984
57722,0.996635,-25.2206
57723,1.00156,-24.4442
57724,0.998681,-25.8243
57725,0.998482,-25.797
57726,0.998144,-25.852
57729,0.995981,-24.9069
57730,0.989894,-25.6599
57731,0.981584,-26.9131
57732,0.985632,-26.3378
57733,0.975613,-27.8741
57735,0.982459,-26.8086
57736,0.97278,-27.9128
57737,0.972483,-27.9144
57738,0.982364,-26.8237
57739,0.980262,-26.8613
57740,0.981117,-26.7261
57741,0.982652,-27.1756
57742,0.98566,-27.0293
57743,0.989295,-26.7732
57744,0.983274,-26.6702
57745,0.980809,-27.2281
57746,0.981331,-27.5033
57747,0.981555,-27.2135
57749,0.996459,-25.6803
57752,0.980537,-27.2895
57753,0.970647,-28.7705
57754,0.97435,-28.494
57755,0.971717,-28.757
57756,0.985601,-26.7949
57757,0.979774,-27.8258
57758,0.987135,-26.6349
57759,0.992194,-26.1859
57760,0.977496,-27.7886
57761,0.981756,-27.5978
57762,0.983414,-27.4339
57763,0.978499,-27.7452
57764,0.981973,-27.5095
57765,0.976732,-27.5449
57766,0.976598,-27.5297
57768,0.977265,-27.3977
57772,0.980271,-27.2706
57773,0.980424,-27.2183
57774,0.989561,-26.4693
57775,0.983196,-27.551
57776,0.968879,-28.3959
57777,0.970551,-28.2566
57778,0.979697,-26.9535
57779,0.980314,-27.1042
57781,0.987701,-26.6164
57782,0.980405,-27.7576
57783,0.99142,-25.7893
57784,0.989279,-26.033
57785,0.986857,-27.0253
57786,0.982088,-27.9925
57787,0.988461,-26.912
57788,0.989712,-26.7732
57789,0.980797,-28.0423
57790,0.986839,-27.1104
57791,0.98734,-27.0458
57795,0.985557,-27.3531
57796,0.981553,-28.0422
57798,0.976662,-28.1899
57799,0.979852,-27.5809
57800,0.983143,-27.2325
57801,0.9821,-27.3074
57802,0.980924,-27.4412
57803,0.980432,-27.5453
57804,0.985534,-26.6353
57805,0.985922,-26.6043
57806,0.979893,-27.6951
57807,0.983045,-27.2721
57808,0.979384,-27.8773
57809,0.982726,-27.1867
57810,0.977081,-28.0569
57811,0.981496,-27.4867
57812,0.981611,-27.4971
57813,0.986287,-26.9538
57814,0.982216,-27.4496
57815,0.983054,-27.3493
57816,0.974904,-28.9008
57817,0.971613,-29.4452
57818,0.982689,-27.465
57819,0.982179,-27.5046
57820,0.975476,-28.8025
57821,0.983623,-27.3633
57822,0.97274,-29.177
57823,0.971832,-29.3064
57824,0.971045,-29.3828
57828,0.979234,-27.7268
57829,0.979741,-27.7857
57830,0.98005,-27.7411
57831,0.980756,-27.6119
57832,0.981686,-27.5299
57833,0.981839,-27.5004
57834,0.973916,-28.7931
57836,0.980868,-28.0053
57837,0.975809,-28.6225
57838,0.976355,-28.5392
57840,0.981316,-27.8357
57841,0.980111,-27.6825
57843,0.97327,-29.1902
57844,0.971397,-29.2317
57846,0.971624,-29.196
57847,0.981121,-29.4056
57848,0.984291,-27.0612
57853,0.978066,-28.0597
57854,0.980889,-27.3957
57855,0.981453,-27.2554
57856,0.982823,-27.1697
57857,0.983307,-27.1114
57858,0.979376,-27.4292
57859,0.975562,-28.3066
57860,0.979374,-27.6597
57861,0.972755,-28.6093
57862,0.975859,-28.4113
57863,0.96874,-29.3289
57864,0.96619,-29.5329
57865,0.978492,-28.3832
57866,0.978999,-28.5278
57868,0.977952,-27.8468
57869,0.977589,-28.1752
57870,0.980509,-27.1863
57871,0.985533,-26.6199
57872,0.980894,-27.2014
57873,0.979193,-27.3626
57874,0.979129,-27.3955
57875,0.979736,-27.3237
57876,0.982677,-26.6158
57878,0.97502,-28.2189
57880,0.986141,-25.8615
57882,0.971449,-29.0023
57883,0.970692,-29.0576
57884,0.984504,-26.0122
57885,0.981195,-26.6815
57886,0.987632,-25.43
57887,0.992903,-24.9214
57888,0.992186,-24.971
57889,1.00474,-22.4769
57890,0.992034,-25.9884
57891,1.00079,-22.4805
57892,0.995929,-21.598
57893,1.00973,-21.1108
57894,1.00761,-21.2482
57895,1.00067,-23.575
57896,0.997092,-24.7126
57897,0.993858,-26.1978
57898,0.991812,-26.4549
57899,0.990638,-26.6285
57900,0.996766,-25.7337
57901,0.994621,-25.9187
57902,0.997533,-25.656
57904,0.996552,-25.7246
57905,0.986988,-27.1205
57906,0.989319,-26.8152
57907,0.989004,-26.8534
57908,0.972253,-28.5891
57909,0.971421,-28.6693
57910,0.971706,-28.6867
57911,0.973202,-28.5982
57912,0.974676,-28.4702
57913,0.976395,-28.2949
57914,0.984993,-26.8357
57916,0.978505,-28.2128
57917,0.985819,-26.793
57919,0.987169,-26.6297
57920,0.98772,-26.6332
57921,0.986408,-26.7232
57922,0.985252,-26.8277
57923,0.984322,-26.903
57924,0.984895,-26.3403
57925,0.987609,-26.372
57926,0.965082,-28.6785
57927,0.982544,-26.7097
57928,0.971295,-28.3153
57930,0.984214,-26.6194
57932,1.04768,-15.4911
57933,1.04867,-15.3249
57934,1.04703,-15.3265
57936,1.04702,-15.2589
57937,1.04702,-15.2081
57938,1.04283,-15.8772
57940,1.04504,-15.6719
57941,1.04514,-15.5771
57942,1.0435,-15.8086
57944,1.04735,-15.0489
57945,1.04525,-15.6458
57946,1.04574,-15.4296
57948,1.04209,-15.9687
57949,1.0453,-15.6898
57950,1.04532,-15.6634
57951,1.04553,-15.5841
57952,1.04626,-15.3377
57953,1.04558,-15.4498
57954,1.04681,-15.2269
57955,1.04733,-15.1263
57956,1.04599,-15.3641
57957,1.04675,-15.2417
57958,1.04758,-15.1367
57959,1.05235,-14.677
57960,1.05337,-14.3603
57961,1.04581,-14.6808
57963,1.04666,-15.6148
57964,1.05261,-14.6654
57966,1.04492,-15.9387
57968,1.04816,-12.1521
57969,1.04553,-15.7614
57971,1.06433,-19.9812
57972,1.07,-19.7953
57973,1.1,-16.8049
57974,1.02764,-21.0315
57975,1.06274,-10.9417
57976,1.08206,-7.70187
57977,1.0796,-8.00199
57978,1.08711,-6.42162
57979,1.08316,-7.26519
57983,1.07816,-14.8136
57984,1.0743,-15.684
57985,1.09048,-15.0902
57986,1.07915,-15.0788
57987,1.09218,-15.3053
57991,1.07212,-15.1605
57992,1.04794,-16.9524
57993,1.05692,-16.2272
57995,1.07016,-15.144
57996,1.04678,-17.1483
57997,1.05024,-17.2163
58000,1.08548,-15.2962
58001,1.08029,-13.8902
58002,1.06574,-14.207
58003,1.0482,-17.1898
58004,1.04875,-17.0948
58005,1.04707,-17.7392
58006,1.07537,-15.1402
58007,1.04668,-17.6537
58008,1.03788,-6.40567
58010,1.03829,-6.30975
58011,1.03813,-6.29961
58012,1.04424,-6.10344
58013,1.03896,-6.9294
58014,1.03932,-6.20128
58015,1.04549,-5.74764
58016,1.03869,-6.26707
58017,1.0475,-5.56517
58019,1.03972,-6.05246
58020,1.04003,-5.97862
58021,1.03938,-6.16698
58022,1.03917,-6.155
58023,1.03816,-6.21172
58024,1.03845,-6.23846
58026,1.04487,-5.51131
58027,1.04071,-6.22024
58028,1.04048,-5.90528
58029,1.04088,-5.83334
58030,1.04119,-5.78325
58031,1.04248,-5.70487
58032,1.03593,-6.59886
58033,1.03909,-6.59366
58034,1.0337,-7.01823
58035,1.03088,-7.01805
58037,1.03007,-7.01099
58038,1.02684,-7.05982
58040,1.03086,-6.97444
58041,1.03156,-6.91884
58043,1.03382,-7.56301
58044,1.0458,-5.88538
58045,1.0428,-6.3034
58046,1.04348,-6.20007
58047,1.02887,-7.42112
58048,1.0328,-7.11132
58049,1.03074,-7.28652
58050,1.03326,-7.07402
58051,1.03238,-7.15236
58053,1.02975,-8.25345
58054,1.03022,-8.21244
58055,1.02368,-7.0107
58056,1.0231,-6.90836
58057,1.03162,-7.40672
58059,1.0321,-7.80112
58061,1.02898,-8.45876
58062,1.02238,-6.8266
58063,1.01999,-6.97915
58065,1.02735,-5.71195
58066,1.01781,-7.09308
58067,1.01566,-7.00816
58068,1.02604,-9.02051
58069,1.02653,-8.74689
58070,1.04036,-6.79276
58071,1.02056,-6.75099
58072,1.02239,-6.67271
58073,1.01862,-6.75088
58074,1.01851,-7.21204
58075,1.02824,-5.6604
58078,1.03053,-8.23606
58079,1.04509,-6.46232
58080,1.02771,-8.6334
58081,1.02673,-8.67372
58082,1.02839,-8.53317
58083,1.04477,-9.35121
58084,1.02388,-8.38737
58085,1.04026,-9.78307
58087,1.03174,-5.3783
58088,1.06321,-10.9096
58089,1.0269,-5.96235
58090,1.02855,-5.48402
58092,1.02107,-6.39509
58093,1.09844,-13.1765
58094,1.01936,-6.55724
58095,1.02511,-5.82438
58096,1.01732,-7.05241
58097,1.01628,-7.07321
58099,1.03476,-8.78356
58100,1.0285,-9.0443
58101,1.02572,-8.80762
58102,1.02656,-8.73727
58103,1.03703,-8.52731
58105,1.045,-6.53622
58106,1.03927,-6.92948
58107,1.04481,-6.17278
58108,1.04329,-6.32074
58109,1.03495,-7.81049
58110,1.04876,-5.51137
58111,1.04663,-5.84623
58112,1.04456,-6.23307
58113,1.03167,-8.06729
58114,1.04244,-6.41215
58115,1.0345,-7.82136
58116,1.0417,-6.49508
58117,1.03409,-7.86081
58118,1.0368,-7.6303
58119,1.03792,-7.57988
58120,1.03815,-7.55439
58121,1.03652,-7.65929
58122,1.03027,-8.30294
58123,1.02979,-8.29547
58124,1.03872,-7.52316
58125,1.0453,-6.22503
58126,1.04794,-5.96967
58127,1.04265,-6.56558
58128,1.04103,-6.75591
58129,1.03598,-7.72895
58130,1.04307,-6.80283
58131,1.04566,-6.4779
58132,1.03964,-6.7783
58133,1.03942,-6.80063
58134,1.03643,-7.67699
58135,1.02866,-8.35523
58136,1.03057,-8.20048
58137,1.03967,-6.92842
58138,1.04546,-6.411
58139,1.03135,-8.20898
58140,1.04096,-6.93635
58141,1.03991,-6.97468
58142,1.0536,-5.1587
58143,1.03466,-7.62366
58144,1.05428,-5.20453
58145,1.03504,-7.82705
58146,1.03658,-7.3126
58147,1.04882,-6.17304
58148,1.0364,-7.76534
58149,1.04337,-6.84306
58150,1.04276,-6.86574
58151,1.0393,-6.98947
58152,1.02712,-8.4322
58153,1.02493,-7.27859
58154,1.026,-6.27532
58155,1.02502,-7.38646
58156,1.02474,-7.33181
58157,1.02472,-8.10588
58159,1.01727,-7.51735
58160,1.018,-7.35412
58161,1.02589,-6.43495
58162,1.01942,-7.61824
58163,1.02272,-7.58075
58164,1.02648,-7.37991
58165,1.02462,-7.06668
58166,1.02519,-7.00621
58167,1.02507,-7.19455
58168,1.02526,-7.13135
58169,1.04764,-5.57611
58170,1.04659,-5.73876
58171,1.05179,-4.48283
58172,1.05175,-4.96514
58173,1.05198,-4.97377
58174,1.04369,-6.13125
58175,1.04942,-5.22348
58176,1.04797,-5.26385
58177,1.05147,-4.56967
58178,1.05193,-5.0891
58179,1.0533,-4.99267
58180,1.07521,-1.81979
58181,1.05114,-5.26246
58182,1.0565,-3.91406
58183,1.04898,-5.79137
58184,1.04831,-5.6438
58185,1.06143,-3.08855
58187,1.03463,-6.67892
58188,1.03201,-6.78539
58189,1.03004,-6.90034
58190,1.05166,-4.83689
58191,1.04123,-5.92304
58192,1.04377,-5.44209
58193,1.03563,-6.48704
58194,1.0331,-6.79294
58195,1.03387,-6.7244
58196,1.03921,-6.11539
58197,1.03704,-6.35523
58199,1.02399,-6.9501
58200,1.03659,-5.62697
58201,1.02311,-6.15126
58202,1.02414,-6.87698
58203,1.02371,-6.91452
58204,1.04479,-4.54901
58205,1.03555,-6.18004
58206,1.03873,-5.97756
58207,1.03328,-6.22619
58208,1.03017,-5.50866
58209,1.02764,-6.50391
58210,1.03011,-5.60738
58211,1.03028,-5.67317
58212,1.03267,-5.48472
58213,1.04037,-5.22657
58214,1.03708,-5.51875
58215,1.03327,-5.25489
58216,1.03035,-6.13259
58217,1.038,-5.43819
58218,1.04662,-4.54773
58219,1.04369,-4.95427
58220,1.0622,-3.47195
58221,1.03424,-4.63442
58222,1.05939,-3.57351
58223,1.05131,-4.25312
58224,1.02865,-8.57039
58225,1.04676,-5.48135
58227,1.02324,-8.40688
58228,1.01355,-8.79218
58229,1.0094,-8.69848
58230,1.00712,-8.87163
58231,1.02263,-7.90654
58232,1.04244,-5.57145
58233,1.03884,-6.07657
58234,1.07927,-1.70948
58235,1.08543,-2.08242
58236,1.08221,-5.51607
58237,1.07488,-7.46638
58238,1.06889,-7.75436
58239,1.06981,-7.47601
58240,1.06522,-8.61225
58241,1.06084,-8.0029
58242,1.07138,-6.438
58244,1.0509,-12.3758
58245,1.05099,-8.224
58246,1.05143,-8.89748
58249,1.04116,-12.5281
58250,1.0545,-10.4946
58251,1.06514,-9.47405
58252,1.05855,-10.3758
58253,1.06521,-9.48997
58254,1.06388,-8.41906
58255,1.06544,-9.48039
58258,1.06788,-10.3504
58259,1.05894,-10.3612
58260,1.0443,-15.079
58261,1.04534,-14.926
58262,1.03115,-17.6658
58263,1.02006,-19.9275
58264,1.0233,-19.1499
58265,1.06016,-17.0963
58267,1.06256,-16.9442
58270,1.08375,4.41221
58271,1.08296,4.35607
58272,1.08028,4.32807
58273,1.0831,4.45999
58274,1.08105,4.37965
58275,1.08202,4.37976
58276,1.0814,4.20804
58277,1.08176,4.25268
58278,1.08629,4.79804
58279,1.0853,4.63241
58280,1.0845,2.40615
58282,1.09087,4.41922
58283,1.08593,4.65712
58284,1.08076,3.2507
58285,1.08054,4.18711
58286,1.07974,4.07402
58287,1.0797,4.12369
58288,1.081,4.14681
58289,1.08424,4.43978
58290,1.0794,3.13975
58291,1.08355,1.91123
58292,1.08275,4.06125
58293,1.03959,-6.53401
58294,1.02611,-8.0354
58295,1.03439,-7.40024
58296,1.06032,-5.12062
58297,1.06016,-4.7439
58298,1.02993,-6.51912
58299,1.02198,-7.97564
58300,1.0204,-8.12328
58301,1.01976,-8.13402
58302,1.01986,-8.12492
58303,1.06801,-5.32091
58304,1.07267,-4.18197
58305,1.03865,-10.1293
58306,1.03642,-9.7386
58307,1.03889,-8.49817
58308,1.03425,-8.306
58309,1.06494,-13.8325
58310,1.06532,-13.6756
58311,1.06403,-13.6729
58313,1.07923,-2.28394
58314,1.07217,-2.79816
58315,1.07861,-2.40116
58316,1.0619,-3.49295
58317,1.061,-3.99397
58318,1.03014,-4.05113
58319,1.02833,-4.3709
58320,1.03033,-4.03889
58321,1.02767,-4.50434
58322,1.0271,-4.59625
58324,1.0281,-4.22227
58325,1.02842,-4.16964
58328,1.02912,-4.07769
58329,1.02883,-4.11752
58330,1.02926,-4.1224
58332,1.02902,-4.15059
58333,1.02893,-4.23042
58335,1.0286,-4.25417
58336,1.02984,-4.1058
58338,1.0293,-4.18356
58340,1.02961,-4.04989
58341,1.02912,-4.09223
58342,1.02988,-3.99482
58343,1.03057,-3.90156
58346,1.03291,-3.36384
58347,1.03274,-3.40065
58348,1.02668,-4.37137
58349,1.03353,-3.18966
58350,1.03418,-3.20306
58351,1.07554,-16.9899
58352,1.03925,-2.80346
58353,1.03519,-3.33806
58354,1.02664,-4.29196
58355,1.02437,-4.51842
58356,1.03104,-3.65342
58357,1.0321,-3.57777
58359,1.03405,-3.09079
58360,1.03308,-3.31384
58361,1.03283,-3.54231
58363,1.02523,-4.38282
58364,1.02678,-4.68708
58365,1.02659,-4.93695
58366,1.02638,-4.79565
58368,1.02548,-4.71459
58369,1.03042,-4.03156
58370,1.03084,-4.00112
58371,1.06676,-7.51771
58372,1.03152,-4.01833
58374,1.02278,-4.70577
58375,1.03028,-5.71963
58376,1.03265,-6.41205
58377,1.02773,-4.18463
58379,1.06213,-4.28577
58380,1.0681,-4.00484
58381,1.07407,-3.00746
58382,1.06875,-3.84511
58383,1.0682,-4.07891
58385,1.06831,-3.68683
58386,1.07456,-2.80333
58387,1.05693,-4.71881
58388,1.06978,-3.33886
58389,1.07371,-0.821171
58390,1.09776,-26.7511
58391,1.0844,-26.6374
58392,0.9882,-29.2571
58397,0.991467,-28.8666
58399,0.991292,-28.9177
58400,1.0065,-26.9266
58401,1.01803,-26.5436
58402,0.988883,-29.9327
58405,0.984766,-29.2986
58406,0.986107,-29.2198
58408,0.998628,-27.6762
58409,0.996979,-27.8241
58411,0.982393,-29.318
58413,0.994304,-28.5108
58414,0.995735,-27.93
58415,0.991977,-28.7975
58416,0.995517,-28.4304
58417,0.99245,-29.88
58419,1.01187,-29.0286
58420,1.01649,-26.4918
58422,1.03348,-22.6467
58423,1.00231,-28.9796
58424,1.01173,-27.6577
58425,1.00911,-28.9342
58426,1.01486,-26.9689
58427,1.01048,-27.7018
58429,1.04084,-25.3719
58430,1.00449,-28.3471
58431,1.00765,-28.173
58432,1.01657,-27.5956
58433,1.0777,-2.19982
58434,1.07811,-2.174
58435,1.07406,-2.81625
58436,1.07283,-3.05701
58437,1.07979,-1.98524
58439,1.05449,-6.5937
58441,1.05254,-7.17377
58443,1.03115,-8.73652
58444,1.04562,-7.85473
58445,1.01938,-9.537
58446,1.05244,-7.09526
58447,1.04795,-7.62411
58448,1.04903,-7.67447
58449,1.05398,-8.53313
58450,1.02404,-8.9011
58452,1.0332,-9.51227
58453,1.0145,-9.05848
58454,1.01929,-9.32421
58456,1.024,-9.07407
58457,1.02058,-9.09676
58458,1.02126,-9.20366
58459,1.027,-6.87
58460,1.02485,-9.03354
58461,1.02024,-9.28508
58462,1.02196,-9.19356
58463,1.02115,-9.22374
58465,1.01909,-9.22491
58466,1.01658,-9.28642
58467,1.01903,-9.30415
58468,1.01496,-9.3906
58470,1.01538,-9.38031
58472,1.01484,-9.41884
58473,1.01546,-9.36646
58476,1.02553,-8.84908
58477,1.02685,-8.78672
58478,1.02675,-8.83155
58479,1.02813,-8.73821
58481,1.04519,-6.55665
58482,1.02763,-8.64747
58483,1.0281,-8.54863
58485,1.02956,-8.5627
58486,1.0295,-8.5704
58487,1.02723,-8.88213
58489,1.04585,-6.57481
58490,1.03304,-8.2911
58491,1.04052,-7.16348
58492,1.02647,-9.01484
58493,1.03736,-8.20501
58494,1.03849,-7.83897
58495,1.04713,-6.38738
58496,1.04005,-7.69975
58497,1.03825,-7.61591
58498,1.04733,-6.45016
58499,1.03868,-7.60689
58500,1.04633,-7.81249
58501,1.04422,-6.8467
58502,1.04096,-7.90059
58504,1.04563,-6.73376
58505,1.05199,-6.42929
58506,1.04795,-6.5429
58507,1.0641,-4.8154
58508,1.05767,-5.87511
58509,1.05535,-6.27618
58511,1.05145,-6.78221
58514,1.04897,-7.39546
58515,1.05621,-6.12164
58516,1.05706,-5.77327
58518,1.04182,-7.08526
58519,1.04615,-7.38997
58520,1.04381,-6.97976
58522,1.05126,-6.35158
58523,1.03655,-7.70453
58524,1.05312,-8.6252
58525,1.04438,-8.44276
58526,1.05349,-6.93893
58527,1.0425,-0.0670314
58528,1.04247,-0.346271
58529,1.04779,0.0981163
58532,1.05547,0.791438
58533,1.06002,1.33079
58534,1.06188,1.8289
58535,1.05943,1.54201
58536,1.03214,-1.60946
58537,1.0523,0.0388846
58540,1.06642,-15.3544
58541,0.976026,-24.6413
58542,0.972936,-23.9008
58543,0.971396,-22.6095
58544,0.977394,-26.6235
58545,0.96709,-17.7607
58546,0.967366,-15.9522
58547,0.967615,-19.3715
58548,0.966591,-19.5993
58549,0.971772,-20.5433
58550,0.978082,-25.4459
58551,0.98244,-25.2457
58553,1.07046,-10.4481
58554,1.0633,-11.6265
58555,1.06664,-11.7163
58556,1.05459,-13.7744
58557,1.05982,-12.8241
58558,1.06747,-9.93227
58559,1.06819,-9.95961
58560,1.05752,-12.9895
58561,1.05651,-13.2354
58563,1.07673,-11.7808
58564,0.997996,-22.4397
58565,1.02685,-16.9221
58567,1.02524,-16.2365
58570,1.07149,-9.98041
58571,1.06191,-6.53481
58572,1.05381,-12.896
58573,1.05484,-8.89955
58574,1.04379,-10.5848
75433,1.09986,-55.0122
75434,1.09449,-55.9295
75435,1.0912,-56.4052
75436,1.09132,-56.5205
75437,1.09191,-59.2125
75438,1.0745,-58.2725
75439,1.07169,-59.5755
75440,1.07164,-60.0949
75441,1.07523,-50.101
75442,1.07504,-50.9954
75443,1.06624,-44.8205
75445,1.09342,-38.1163
75446,1.09364,-38.5694
75447,1.06895,-60.0083
75448,1.06622,-60.6744
75449,1.04059,-58.5799
75450,1.04598,-54.033
75451,1.02758,-68.0855
75452,1.05677,-52.0875
75453,1.03718,-67.8951
75454,1.07325,-43.9943
75455,1.06284,-55.9614
75456,1.06292,-56.3224
75457,1.0399,-67.8873
75458,1.03234,-61.4953
75460,1.03296,-60.9005
75461,1.03239,-61.1756
75462,1.03482,-67.4135
75463,1.03161,-63.8288
75464,1.02954,-65.9889
75465,1.04657,-65.4735
75466,1.06419,-45.7772
75467,1.06609,-46.067
75468,1.07676,-51.2743
75469,1.08134,-57.42
75470,1.05914,-63.1336
75471,1.05871,-60.9886
75472,1.04058,-56.0932
75473,1.05914,-56.4954
75474,1.08859,-53.0931
75475,1.02574,-59.2288
75476,1.02803,-59.0729
75477,1.01074,-73.2639
75478,0.994901,-69.2777
75479,0.986077,-69.1127
75480,0.985697,-69.1179
75481,0.986163,-69.2522
75482,1.01505,-71.0449
75483,1.01605,-71.5287
75484,1.01232,-72.476
75485,1.03215,-74.1887
75486,0.977936,-77.3797
75487,0.994922,-84.349
75488,0.984274,-78.7836
75490,1.00147,-73.0817
75491,1.01777,-74.107
75493,0.984285,-78.2086
75495,0.97788,-77.3779
75496,0.980992,-76.9357
75497,1.01538,-71.6159
75498,1.07441,-62.875
75499,1.07633,-63.2571
75500,1.08506,-66.0555
75501,1.06563,-66.5453
75502,1.04481,-74.3239
75503,1.06086,-69.0687
75504,1.05529,-71.1823
75505,0.953051,-81.5044
75506,1.05361,-77.5195
75507,1.05158,-77.991
75508,1.03546,-76.7297
75509,1.04782,-73.2446
75510,1.04184,-75.9045
75511,0.953734,-81.1396
75512,1.03932,-74.4919
75513,1.0606,-66.2657
75514,1.08566,-78.6545
75515,1.06578,-70.0194
75516,1.03672,-76.2048
75517,1.06365,-67.5697
75518,1.07316,-73.0252
75519,1.02203,-79.3799
75520,1.04399,-78.6907
75521,1.05068,-78.3419
75522,1.07835,-73.811
75523,1.0766,-73.814
75524,1.08798,-64.3352
75525,1.06312,-41.6218
75526,1.06288,-49.6678
75527,1.06104,-49.6292
75528,1.08438,-42.0729
75529,1.07391,-45.9661
75530,1.07209,-46.2562
75531,1.05823,-14.0889
75532,1.05894,-14.688
75533,1.05884,-44.0974
75534,1.05737,-44.7079
75535,1.05676,-44.798
75536,1.06971,-28.0735
75537,1.06237,-29.7474
75538,1.06088,-29.9329
75539,1.06503,-45.0865
75540,1.03514,-45.8728
75541,1.06947,-40.5345
75542,1.06753,-43.6683
75543,1.06463,-44.2318
75544,1.06371,-44.6896
75545,1.08882,-25.1622
75546,1.08868,-25.4743
75547,1.072,-40.9799
75548,1.03068,-32.7054
75549,1.04044,-37.6138
75550,1.08037,-38.5119
75551,1.07599,-37.2886
75553,1.01217,-33.538
75554,1.07316,-31.6864
75555,1.07219,-31.5696
75556,1.06105,-47.5091
75557,1.05627,-48.2769
75558,1.07185,-31.6632
75559,1.06678,-44.8042
75560,1.0332,-32.6343
75561,1.04687,-46.7751
75562,1.03944,-53.9287
75563,1.03436,-57.9367
75564,1.05858,-16.0497
75565,1.04356,-51.5901
75566,1.0773,-35.9423
75567,1.08988,-19.8056
75569,1.06336,-41.7332
75570,1.06722,-42.3401
75571,1.04757,-46.294
75572,1.03651,-46.7294
75573,1.03994,-40.0753
75574,1.04685,-50.1257
75576,1.05674,-43.7503
75577,1.06331,-41.2998
75578,1.06218,-42.0425
75579,1.05852,-42.1158
75580,1.03975,-40.9395
75581,1.03916,-41.2279
75582,1.05265,-48.8086
75583,1.05877,-42.4128
75584,1.05586,-40.4054
75585,1.00926,-75.5252
75586,1.01045,-75.5789
75587,0.985972,-80.9311
75588,1.00435,-83.2337
75589,1.06547,-72.4564
75590,1.06585,-72.9432
75591,1.03016,-71.9655
75592,1.07821,-68.4035
75593,1.05642,-76.0543
75594,1.05784,-79.1395
75595,1.05811,-79.2168
75596,1.00369,-79.6122
75597,1.07366,-79.859
75598,1.07239,-80.5619
75599,0.942423,-79.2605
75600,1.09837,0.111653
75601,1.09626,-0.669287
75602,1.09423,-1.04424
75603,1.09387,-1.11915
75604,1.0393,-17.8687
75605,1.04853,-1.09643
75606,1.04977,-1.27461
75607,1.04325,-3.62175
75608,1.03915,-5.5117
75609,1.03795,-5.77831
75610,1.08719,-3.19799
75611,1.08519,-3.55331
75612,1.08509,-3.69013
75613,1.09925,-0.290307
75614,1.0984,-0.718396
75615,1.09203,-1.54781
75616,1.0922,-1.99995
75617,1.03645,-26.2703
75618,1.03523,-26.4301
75619,1.07895,-0.241453
75620,1.07252,0.62217
75621,1.1,6.18316
75622,1.09323,-1.26771
75623,1.09977,-0.261589
75624,1.09822,4.45917
75625,1.00088,-5.79346
75626,1.00408,-6.71778
75627,1.00437,-6.80065
75628,1.08936,-5.91712
75629,1.0872,-6.62734
75630,1.08693,-7.02755
75631,1.08688,-7.06155
75632,1.07936,-2.84184
75633,1.08779,-1.79706
75634,1.07154,-13.6219
75635,1.07392,-14.426
75636,1.07324,-14.5658
75637,1.06314,3.08612
75638,1.06236,2.64815
75639,1.09279,-4.56164
75640,1.09192,-5.23363
75641,1.09219,-5.54267
75642,1.0753,0.821353
75643,1.07723,0.333704
75644,1.07768,0.229298
75645,1.05641,-2.00639
75646,1.05546,-2.36668
75647,1.09635,-2.43788
75648,1.06318,3.07821
75649,1.06034,3.00254
75650,1.04976,0.641631
75651,1.06316,3.10853
75652,1.05425,0.329419
75653,1.0566,-0.0108152
75654,0.994099,-26.6503
75655,1.01053,-23.6319
75656,1.01989,-22.209
75658,1.07973,-21.8867
75659,1.0828,-22.3078
75660,1.01288,-22.27
75661,1.00724,-22.8039
75662,1.0931,-0.508535
75663,1.06105,-11.1483
75664,1.06176,-11.4192
75665,1.07084,-1.02524
75666,1.06582,-8.94216
75667,1.02987,-16.2718
75668,1.029,-16.5733
75669,1.06579,-16.0894
75670,1.06412,-16.4794
75671,1.04003,-17.7517
75672,1.03987,-17.834
75673,0.975867,-15.129
75674,1.05003,2.79238
75675,1.0489,1.29687
75676,1.04785,0.914198
75677,1.1,4.30438
75678,1.09709,3.288
75680,1.04024,-12.7495
75681,1.06407,-11.3042
75682,1.08371,-3.4849
75683,1.0889,-11.9024
75684,1.08194,-11.7721
75685,1.07654,-11.4088
75687,1.09595,-0.927497
75688,1.09018,-1.62965
75689,1.06044,-2.24806
75690,1.05795,-3.01506
75691,1.09296,-0.487194
75692,1.0804,0.112976
75693,1.1,-0.0668724
75694,1.09772,-0.638192
75695,1.04619,-15.7795
75696,1.0462,-15.861
75697,1.08726,-8.53439
75698,1.08032,-8.09507
75699,1.08593,1.80733
75700,1.09989,4.32437
75701,1.1,4.12827
75702,1.0552,-4.6824
75703,1.08428,4.40437
75704,1.08499,0.280898
75705,1.08216,-0.346981
75706,1.08609,1.8755
75707,1.08398,0.952965
75708,1.08969,2.17565
75709,1.05669,2.94862
75710,1.0545,1.73035
75711,1.05464,1.42884
75712,1.06872,-2.71492
75713,1.0951,-1.68178
75714,1.09997,-0.211527
75715,1.06283,-2.04938
75716,1.06255,-3.18024
75717,1.0628,-3.42648
75718,1.08261,-3.38465
75719,1.0829,-3.43108
75720,1.09195,-3.9429
75721,1.08658,-5.24906
75722,1.08522,-5.69556
75723,1.0905,-2.48183
75724,1.09063,-2.44476
75725,1.08956,-3.91407
75726,1.04794,-14.3201
75727,1.02156,-21.1354
75728,1.02334,-21.4458
75729,1.01971,-21.9809
75730,1.09996,-4.09479
75731,1.08579,-4.75618
75732,1.085,-4.86172
75733,1.08681,-2.21439
75734,1.07714,-1.82006
75735,1.0589,-12.4182
75736,1.06252,2.80904
75737,1.06192,2.68172
75738,1.02334,-5.91845
75739,1.08149,-13.0529
75740,1.07879,-13.1589
75741,1.07451,-0.746485
75742,1.05104,-11.7747
75743,1.04962,-11.6193
75744,1.04949,1.1576
75745,1.04504,0.0840171
75746,1.04411,0.0734141
75747,1.07043,-11.4261
75748,1.08256,0.553228
75749,1.08407,1.15231
75751,1.07283,-3.64797
75752,1.07358,-3.79415
75753,0.967776,-13.9139
75754,1.09437,-3.14992
75755,1.09304,-3.16853
75756,1.0752,-11.5406
75757,1.01935,-22.3869
75758,1.01831,-22.6233
75759,1.07762,-11.1539
75760,1.07556,-10.9944
75761,1.07668,-1.20964
75762,1.09626,-2.08647
75763,1.00056,-7.68985
75764,1.00359,-7.89032
75765,1.08292,0.460923
75766,1.08229,0.46342
75767,1.06574,-15.6002
75768,1.06613,-15.8129
75769,1.07664,-24.0939
75771,1.06221,-12.4698
75772,1.06134,-12.4872
75773,1.05573,-15.0019
75774,1.05474,-15.1282
75775,1.04813,-5.6324
75776,1.05056,-9.19502
75777,1.07518,-18.117
75778,1.07555,-18.1793
75779,1.04325,-13.1931
75780,1.05722,-12.7319
75781,1.0796,-9.50463
75782,1.08033,-9.63402
75783,1.05569,-5.77771
75784,1.09844,-0.876893
75785,0.9917,-26.4745
75786,1.03387,-3.39409
75787,1.06116,-12.738
75788,1.0646,-11.377
75789,1.05653,-11.5202
75790,1.01598,-17.9751
75791,1.01864,-18.2193
75792,1.0835,-22.0882
75793,1.09859,-1.30213
75794,1.08758,3.23294
75795,1.09531,-1.41282
75796,1.09237,0.763927
75797,1.04937,-7.53056
75798,1.08754,-4.04643
75799,1.091,-3.64941
75800,1.09031,-3.76353
75801,1.05564,-8.9097
75802,1.08825,-9.56656
75803,1.06777,-7.72157
75805,1.0612,-13.6711
75806,1.0378,-18.5509
75807,1.09736,-1.54202
75808,1.05127,-12.0435
75809,1.05039,-11.5637
75810,1.04885,-11.5358
75811,1.09278,-0.0556689
75812,1.09356,0.0393803
75813,1.08411,-42.6441
75814,1.07968,-4.57544
75815,1.09966,-0.260741
75816,1.0949,-2.19451
75817,1.02726,-22.1723
75818,1.02632,-22.3357
75819,1.08659,-4.37708
75820,1.08193,-22.3638
75821,1.08468,-34.5486
75822,1.06678,-6.97457
75824,1.05297,-12.5288
75825,1.09467,-2.46969
75826,1.05583,-12.6302
75827,1.0537,-12.871
75828,1.08817,-3.50859
75829,1.08739,-9.17369
75830,1.02919,-16.7703
75831,1.02513,-15.5162
75832,1.06949,-2.83102
75833,1.04413,-11.1096
75834,0.990384,-25.8109
75835,1.06262,2.83679
75836,1.06205,2.70217
75837,1.07712,-0.0681292
75838,1.05853,-19.7942
75839,1.09524,-1.79322
75840,1.09921,-1.3296
75841,1.0449,-1.25872
75842,1.09632,-1.95078
75844,1.07924,-4.77205
75845,1.06092,-17.0621
75846,1.06684,-2.22592
75848,1.05708,-5.01415
75849,1.07482,-27.2451
75850,1.06603,-26.7955
75852,1.07223,-16.3613
75853,1.07719,-4.6887
75854,1.07709,-1.00962
75855,1.08365,-3.7494
75856,1.07258,-2.49319
75857,1.0088,-24.618
75858,1.09296,-0.645838
75859,1.1,-1.94637
75860,1.09076,1.61712
75861,1.09791,2.23969
75862,1.09475,1.63953
75863,1.07087,-4.98278
75864,1.09155,2.20112
75865,1.09566,2.07558
75866,1.0959,-25.1656
75867,1.06171,-8.47054
75868,1.00284,-21.5688
75869,1.00426,-21.3706
75870,1.07378,-1.58266
75871,1.07121,-1.62875
75872,1.04567,-18.7182
75873,1.09858,-0.739999
75874,1.08366,0.889038
75875,1.08461,0.671436
75876,1.06214,-17.0235
75877,1.06037,-17.2314
75878,1.08638,4.39631
75879,1.07776,-14.4239
75880,1.0862,-0.0457685
75882,0.993118,-28.9329
75883,1.06824,-56.5278
75884,1.06461,-56.9049
75885,1.06273,-56.7319
75886,1.03221,-58.7178
75887,1.07078,-61.6066
75888,1.06878,-62.1593
75889,1.07849,-60.7045
75890,1.08001,-60.4191
75891,1.07616,-61.2166
75892,1.03955,-65.7198
75893,1.00126,-67.7249
75894,1.07111,-48.044
75895,1.06059,-65.9816
75896,1.04013,-62.8318
75897,1.03119,-60.8518
75898,1.03469,-61.3708
75899,1.03552,-61.9066
75900,1.0826,-42.5076
75901,1.09041,-40.1131
75902,1.02017,-68.0889
75903,1.02472,-67.2128
75904,1.08132,-56.7531
75905,1.02251,-60.967
75906,1.02334,-60.9264
75907,1.00215,-61.7908
75908,1.00324,-61.2791
75910,1.08127,-43.9896
75911,1.08481,-43.3626
75912,1.08359,-43.2865
75913,1.08435,-43.1978
75914,1.02354,-66.312
75915,1.05045,-61.6362
75916,1.05346,-61.289
75917,1.04963,-61.6368
75918,1.04266,-61.9311
75919,1.02359,-61.3567
75920,1.07208,-65.509
75921,1.06722,-47.9706
75922,1.02845,-55.2345
75923,1.04094,-54.5936
75924,1.06829,-62.1014
75925,1.029,-65.5963
75926,1.07093,-57.0465
75927,1.08291,-44.6819
75928,1.08042,-44.1459
75929,1.08277,-41.6651
75930,1.04612,-60.9647
75931,1.04092,-61.9862
75932,1.05804,-59.4269
75933,1.05413,-59.0672
75934,1.07744,-47.6974
75935,1.0634,-61.5467
75936,1.02882,-64.1172
75937,1.03894,-63.2492
75938,1.03577,-63.2964
75939,1.02211,-63.8403
75940,1.02632,-63.6331
75941,1.02925,-62.8346
75942,1.018,-63.937
75943,1.0172,-63.9925
75944,1.0188,-63.5057
75945,1.02789,-63.643
75946,1.03514,-63.0685
75947,1.03845,-62.9076
75948,1.04356,-61.8384
75949,1.04422,-62.1406
75950,1.03906,-62.5237
75951,1.0297,-63.1999
75952,1.03282,-62.9903
75953,1.02139,-63.1919
75954,1.02073,-63.2107
75955,1.02251,-63.0578
75956,1.02659,-61.7117
75957,1.02758,-62.7475
75958,1.03084,-61.4539
75959,1.04928,-60.3335
75960,1.04944,-60.8843
75961,1.0181,-64.0547
75962,1.07019,-53.3686
75963,1.06325,-53.9531
75964,1.0541,-55.4401
75965,1.06679,-51.2262
75966,1.07651,-59.039
75967,1.07451,-59.7892
75968,1.07305,-59.8769
75969,1.07373,-60.1165
75970,1.04123,-62.646
75971,1.04835,-62.4485
75972,1.04641,-62.067
75973,1.07717,-59.3999
75974,1.07527,-59.731
75975,1.03936,-68.0332
75976,1.05155,-53.6083
75977,1.07572,-58.2702
75978,1.06601,-59.9218
75979,1.07421,-59.8064
75980,1.07448,-58.5711
75981,1.06761,-59.3066
75982,1.04231,-62.9447
75983,1.04645,-62.677
75984,1.04753,-62.385
75985,1.04525,-62.9108
75986,1.04203,-63.2173
75987,1.03892,-63.0617
75988,1.04606,-61.7643
75989,1.07013,-67.3169
75990,1.06736,-67.3131
75991,1.05218,-70.0361
75992,1.06076,-49.7316
75993,1.0584,-57.5059
75994,1.05231,-70.1539
75995,1.05398,-70.3774
75996,1.06405,-53.3506
75997,1.08231,-51.9161
75998,1.08181,-52.3382
75999,1.05275,-52.7226
76000,1.1,-38.5277
76001,1.05023,-67.4016
76002,1.06367,-55.7848
76003,1.06739,-55.359
76004,1.08644,-52.6873
76005,1.06367,-65.4376
76006,1.05504,-62.8596
76007,1.07341,-71.3518
76008,1.06075,-60.5883
76009,1.08214,-78.1075
76010,1.01276,-69.7479
76011,1.04697,-63.4559
76012,1.02181,-62.8943
76013,1.02289,-62.7646
76014,1.03416,-61.0881
76015,1.03419,-61.7648
76016,1.0168,-61.3628
76017,1.02073,-64.7658
76018,1.02676,-71.001
76019,1.02051,-73.7732
76020,1.02895,-67.48
76021,1.04212,-63.6828
76022,1.04159,-64.0897
76023,1.03362,-65.5874
76024,1.05199,-65.6351
76025,1.0864,-65.0193
76026,1.08717,-65.4687
76027,1.00514,-68.045
76028,1.02502,-65.0354
76029,1.02095,-66.0634
76030,1.04782,-59.2213
76031,1.04804,-59.047
76032,1.04818,-59.293
76033,1.04252,-59.8046
76034,1.04025,-59.9075
76035,1.04185,-59.7179
76036,1.03966,-59.8957
76037,1.04066,-59.8182
76038,1.04112,-59.533
76039,1.04907,-58.2981
76040,1.04231,-59.4254
76041,1.03316,-60.5724
76042,1.03313,-60.6628
76043,1.03921,-60.218
76044,1.06069,-58.3352
76045,1.05393,-58.5445
76046,1.0577,-58.744
76047,1.04911,-59.29
76048,1.049,-58.7974
76049,1.04054,-59.4669
76050,1.04812,-58.5248
76051,1.04838,-58.742
76052,1.04564,-58.4429
76053,1.05583,-57.1503
76054,1.05478,-57.6439
76055,1.03143,-60.9531
76056,1.03488,-61.4447
76057,1.05616,-57.4988
76058,1.08356,-42.5524
76059,1.08527,-41.4584
76060,1.08438,-41.8922
76061,1.0264,-64.7828
76062,1.02957,-64.4369
76063,1.02561,-64.9117
76064,1.05421,-62.1642
76065,1.03592,-63.9198
76066,1.03397,-64.2923
76067,1.1,-53.5896
76068,1.04501,-76.4734
76069,1.02599,-65.0212
76070,1.09161,-39.8121
76071,1.07391,-41.6159
76072,1.02078,-60.7522
76073,1.03021,-59.6757
76074,1.01444,-60.7291
76075,1.02442,-59.7275
76076,1.07553,-64.8737
76077,1.07602,-69.5477
76078,1.03537,-72.9993
76079,1.03387,-69.3622
76080,1.07083,-43.4354
76081,1.07359,-54.4398
76082,1.07393,-54.6682
76083,1.0546,-55.758
76084,1.0803,-56.4404
76085,1.07996,-56.4124
76086,1.05763,-61.3009
76087,1.05722,-61.1709
76088,1.0573,-61.176
76089,1.057,-61.2059
76090,1.05272,-61.5384
76091,1.04989,-62.3628
76092,1.05198,-62.1764
76093,1.04857,-62.4629
76094,1.04671,-62.9573
76095,1.05602,-61.1405
76096,1.04863,-63.1636
76097,1.03263,-63.8373
76098,1.06135,-60.9467
76099,1.03418,-63.3538
76100,1.02067,-80.2379
76101,1.04894,-78.535
76102,1.0446,-78.7059
76103,1.04485,-78.7445
76104,1.02531,-82.2631
76105,1.04392,-89.5739
76106,1.08864,-82.4281
76107,1.04099,-81.195
76108,1.07081,-76.0535
76109,1.06419,-77.0232
76110,1.05352,-77.9982
76111,1.04848,-78.7473
76112,1.0652,-75.9931
76113,1.06015,-77.3385
76114,1.05622,-78.1706
76115,1.04446,-79.5452
76116,1.03868,-83.432
76117,1.07593,-85.3015
76118,1.02078,-81.2585
76119,1.02535,-75.7561
76120,1.06214,-68.7577
76121,1.05781,-71.2449
76122,1.04843,-88.6091
76123,1.08353,-71.1724
76124,1.07585,-74.7166
76125,1.07361,-74.856
76126,1.09872,-73.6281
76127,1.09584,-70.0364
76128,1.05764,-76.0682
76129,1.05367,-76.2928
76130,1.05222,-76.766
76131,1.02214,-83.0724
76132,1.08562,-79.008
76133,1.03203,-90.7501
76134,1.04567,-88.5363
76135,1.06946,-82.0447
76136,1.06759,-81.6735
76137,1.05883,-75.0096
76138,1.07929,-73.4011
76139,1.07662,-73.8465
76140,1.07213,-73.653
76141,1.07919,-73.6804
76142,1.07999,-73.966
76143,1.02377,-79.8147
76144,1.02144,-81.7724
76145,1.01383,-79.4536
76146,1.01644,-79.6463
76147,1.01087,-80.6904
76148,1.03062,-77.1486
76149,1.02945,-77.2491
76150,1.02281,-77.4987
76151,1.0219,-77.0934
76152,1.01832,-77.0702
76153,1.02832,-76.7052
76154,1.02054,-77.4785
76155,1.02358,-77.6509
76156,1.02389,-77.713
76157,1.02154,-77.7279
76158,1.02148,-77.7406
76159,1.01848,-78.0129
76160,1.0317,-76.8125
76161,1.02965,-77.1621
76162,1.01733,-78.1935
76163,1.02378,-77.6272
76164,1.0153,-78.43
76165,1.02128,-77.7798
76166,1.02819,-76.5555
76167,1.02534,-77.2901
76168,1.01868,-78.0576
76169,1.01769,-77.9069
76170,1.0245,-77.2995
76171,1.07042,-69.9019
76172,1.07219,-70.5283
76173,1.07128,-70.5713
76174,1.03239,-72.1853
76175,1.04738,-70.5751
76176,1.04244,-71.5627
76177,0.96862,-81.1573
76178,0.947399,-81.5722
76179,0.950065,-81.4616
76180,0.955548,-81.6074
76181,0.952382,-81.5523
76182,1.01999,-82.8384
76183,1.06604,-77.1646
76184,1.06353,-77.772
76185,1.09779,-67.9121
76186,1.09609,-68.1851
76187,1.04852,-69.2294
76188,1.06079,-78.0887
76189,1.04929,-79.3289
76190,1.0344,-85.4965
76191,1.03236,-75.0917
76192,1.03564,-75.0517
76193,1.03422,-75.1095
76194,1.0353,-75.0432
76195,1.03602,-74.7905
76196,1.0352,-74.9422
76197,1.03245,-75.0766
76198,1.03536,-74.8158
76199,1.0361,-74.7133
76200,1.03715,-74.7823
76201,1.03912,-74.6369
76202,1.03909,-74.6539
76203,1.03905,-74.7113
76204,1.03953,-74.6124
76205,1.03854,-74.652
76206,1.03743,-74.4603
76207,1.03516,-75.1307
76208,1.04291,-74.5077
76209,1.04277,-75.0881
76210,1.03466,-75.2185
76211,1.04105,-74.2025
76212,1.04325,-73.7895
76213,1.03246,-74.846
76214,1.03716,-74.378
76215,1.03914,-74.241
76216,1.04088,-74.0976
76217,1.04035,-74.1218
76218,1.07276,-70.9569
76219,1.05499,-72.5836
76220,1.05433,-72.6064
76221,1.08292,-69.0869
76222,1.04613,-82.6894
76223,1.05737,-81.1173
76224,1.05685,-81.1729
76225,1.03966,-84.9032
76226,0.95046,-83.1654
76227,1.06325,-77.6239
76228,1.07106,-66.0568
76229,1.06881,-66.3747
76230,1.04557,-75.8698
76231,1.04426,-75.8551
76232,1.04015,-76.2704
76233,1.06087,-70.73
76234,1.0547,-71.8136
76235,1.06368,-67.4655
76236,1.06166,-67.671
76237,1.06373,-67.4441
76238,1.09743,-67.9387
76239,1.09577,-68.4041
76240,1.09442,-68.591
76241,1.05303,-79.8857
76242,1.02589,-83.3505
76243,1.03079,-82.5988
76244,1.0267,-82.0976
76245,1.04809,-78.1528
76246,1.03797,-80.735
76247,1.03112,-81.5456
76248,1.02872,-82.1303
76249,1.03556,-83.0446
76250,1.07371,-71.7014
76251,1.08467,-63.9138
76252,1.08634,-64.2647
76253,1.063,-71.5075
76254,1.06383,-71.3627
76255,1.04441,-74.3383
76256,1.03541,-76.0607
76257,1.0381,-75.6744
76258,1.04008,-75.384
76259,1.03796,-75.3719
76260,1.03763,-75.1436
76261,1.03686,-76.0553
76262,1.03006,-76.8267
76263,1.01583,-78.2134
76264,1.00038,-79.4338
76265,1.0157,-76.7426
76266,1.07903,-82.8457
76267,1.02805,-76.7616
76268,1.03535,-76.3644
76269,1.06769,-80.6449
76270,1.07856,-82.1603
76271,1.03889,-83.6569
76272,1.02264,-75.8028
76273,1.08432,-74.3879
76274,1.03908,-87.0999
76275,1.04688,-75.4292
76276,1.04577,-75.0724
76277,1.03115,-76.762
76278,1.02021,-80.2371
76279,1.03462,-78.3881
76280,1.08026,-85.7279
76281,1.01655,-76.8997
76282,0.972377,-81.8458
76283,0.998262,-78.386
76284,0.995085,-76.3346
76285,0.994803,-76.216
76286,0.999284,-75.8226
76287,0.99217,-76.5946
76288,1.00409,-75.9226
76289,0.997479,-75.9897
76290,0.987576,-77.3383
76291,0.992595,-86.985
76292,0.988884,-87.7189
76293,0.989113,-87.908
76294,0.99008,-88.2588
76295,0.9901,-87.8645
76296,0.989661,-88.2567
76297,0.988831,-88.089
76298,0.990943,-87.9755
76299,0.991026,-86.0659
76300,0.997363,-86.0551
76301,0.972816,-77.9874
76302,1.02125,-71.5542
76303,0.99708,-81.0976
76304,0.98174,-78.859
76305,1.00681,-78.8781
76306,0.990769,-78.876
76307,0.998198,-79.1403
76308,1.01971,-76.464
76309,0.986211,-80.0157
76310,0.977145,-79.0649
76311,1.00443,-75.0317
76312,0.998172,-69.7143
76313,1.00358,-70.5013
76314,1.01017,-73.9176
76315,0.991462,-77.1722
76316,1.01955,-72.1844
76317,0.972348,-78.1413
76318,0.988969,-78.5455
76320,0.991483,-78.587
76321,0.992724,-82.6907
76322,0.992135,-83.7802
76323,1.00312,-83.9974
76324,1.02191,-78.6438
76325,1.02192,-78.6557
76326,1.01262,-76.3248
76327,1.01122,-76.5483
76328,1.0158,-71.6755
76329,1.01565,-72.5775
76330,1.01356,-72.5746
76331,0.98955,-76.7628
76332,0.987182,-77.3547
76333,1.03124,-76.2036
76334,1.03142,-76.4117
76335,0.979132,-81.2068
76336,0.979188,-79.3656
76339,0.96973,-78.2055
76340,0.967015,-78.3593
76341,0.996655,-75.3493
76342,0.993283,-75.9763
76343,1.00324,-79.6507
76344,0.997517,-74.5178
76345,1.00552,-73.2516
76346,0.997961,-74.589
76347,1.05533,-41.9125
76348,1.06143,-49.1296
76349,1.04739,-27.1042
76350,1.04204,-27.8935
76351,1.02612,-28.4415
76352,1.08453,-40.8539
76353,1.02452,-38.5118
76354,1.02572,-37.2231
76355,1.05637,-46.5382
76356,1.01438,-46.887
76357,1.029,-42.8063
76358,1.00459,-21.6657
76359,1.00913,-25.5606
76360,1.01274,-26.9987
76361,0.990862,-27.6133
76362,1.00293,-26.4415
76363,0.99542,-23.8589
76364,0.997631,-24.595
76365,1.05082,-34.0622
76366,1.01025,-48.1034
76367,1.01703,-47.2944
76368,1.00326,-48.079
76369,1.02032,-46.8204
76370,1.01702,-48.3551
76371,1.01889,-47.9997
76372,1.0221,-48.3676
76373,1.02108,-47.6777
76374,1.02477,-47.5427
76375,1.0236,-46.717
76376,1.02445,-47.0664
76377,1.00908,-40.0799
76378,0.979253,-39.8152
76379,0.996914,-38.11
76380,0.999194,-39.1875
76381,1.01987,-36.5467
76382,1.01596,-37.1646
76383,1.00358,-38.3147
76384,1.00468,-38.5192
76385,1.03216,-43.3798
76386,1.04767,-15.3016
76387,1.04726,-15.8955
76388,1.04651,-16.394
76389,1.09708,-32.7958
76390,1.0193,-45.3206
76391,1.01665,-46.0322
76392,1.01225,-46.0302
76393,1.01712,-46.1382
76394,1.01307,-45.2779
76395,1.02168,-44.5178
76396,1.01677,-45.4204
76397,1.02227,-44.3633
76398,1.01986,-45.0462
76399,1.01761,-45.2785
76400,1.01205,-46.8544
76401,1.01544,-47.4879
76402,1.01839,-47.3788
76403,1.02142,-47.5422
76404,1.02115,-46.1823
76405,1.01609,-47.2509
76406,1.01409,-47.2227
76407,1.01271,-47.5124
76408,1.0213,-45.9299
76409,1.02304,-46.3337
76410,1.03169,-44.7637
76411,1.02374,-43.4304
76412,1.02259,-44.1155
76413,1.02584,-31.6812
76414,1.01499,-33.1127
76415,0.994502,-34.4091
76416,0.981432,-35.9384
76417,0.972776,-36.4423
76418,0.95977,-35.3275
76419,0.966838,-34.6142
76420,0.966847,-35.1223
76421,0.984956,-37.2542
76422,1.02246,-33.2239
76423,1.01777,-34.0216
76424,0.986801,-36.0041
76425,0.970386,-36.8607
76426,0.991975,-33.4279
76427,1.0373,-48.7661
76428,1.03064,-51.4617
76429,1.03438,-50.2159
76430,1.02527,-50.7362
76431,1.04976,-46.6324
76432,1.04781,-47.0481
76433,1.03768,-46.193
76434,1.03763,-46.7386
76435,1.04515,-49.3245
76436,1.05222,-47.7979
76437,1.05009,-48.4018
76438,1.05889,-46.4959
76439,1.05612,-46.3365
76440,1.05206,-47.4169
76441,1.00591,-42.4782
76442,1.02624,-41.6652
76443,1.02597,-42.1754
76444,1.03459,-44.9973
76445,1.04609,-43.922
76446,1.0397,-52.121
76447,1.03909,-52.5546
76448,1.03401,-52.1049
76449,1.03254,-52.7304
76450,1.03729,-52.7338
76451,1.03136,-53.4399
76452,1.01748,-55.66
76453,1.04846,-39.0981
76454,1.05916,-42.2309
76455,1.0146,-39.7794
76456,1.01415,-39.2394
76457,1.00968,-38.0604
76458,0.976717,-40.0729
76459,1.03442,-42.168
76460,1.02433,-63.2098
76461,1.07845,-39.5757
76462,1.07479,-30.2294
76463,1.05183,-41.5775
76464,1.02271,-42.2174
76465,1.03029,-36.6714
76466,1.06097,-29.9123
76467,1.07153,-28.5778
76468,1.07136,-28.5654
76469,1.00979,-34.4148
76470,0.998618,-35.0501
76471,1.0052,-31.4543
76472,1.04623,-53.5081
76473,1.03613,-56.6441
76474,1.04394,-54.2223
76475,1.03652,-55.9825
76476,1.01662,-58.7228
76477,1.00991,-60.3074
76478,1.01846,-50.6801
76479,1.04541,-34.0059
76480,1.05911,-29.2313
76481,1.06326,-25.1865
76482,1.06187,-25.4519
76483,1.07216,-28.7082
76484,1.06945,-29.0689
76485,1.08472,-25.0986
76486,1.07277,-24.6249
76487,1.06475,-25.2228
76488,1.04345,-47.8662
76489,1.0487,-46.0238
76490,1.03341,-45.8267
76491,1.03817,-47.6114
76492,1.03286,-48.1596
76493,1.03425,-48.3925
76494,1.02741,-46.6479
76495,1.01305,-44.7755
76496,1.07738,-22.1802
76497,1.0842,-18.4423
76498,1.04928,-40.2657
76499,1.05714,-38.4096
76500,1.05451,-38.7417
76501,1.05854,-38.6864
76502,1.05768,-38.2887
76503,1.05618,-48.4686
76504,1.08755,-42.0688
76505,1.01133,-31.8833
76506,1.0019,-33.0584
76507,0.994585,-27.6286
76508,0.997586,-28.4705
76509,0.999047,-27.3357
76510,1.05141,-43.2475
76511,1.07489,-42.083
76512,1.06516,-41.62
76513,1.0611,-42.7229
76514,1.05888,-42.4356
76515,1.06192,-42.0609
76516,1.06129,-42.366
76517,1.06407,-41.8259
76518,1.0613,-41.8383
76519,1.06209,-41.9394
76520,1.06113,-42.1063
76521,1.05517,-42.5675
76522,1.04053,-43.2025
76523,1.04852,-41.9415
76524,1.03562,-39.1211
76525,1.05587,-49.1215
76526,1.03954,-50.5835
76527,1.05482,-49.8435
76528,1.02845,-45.0731
76529,1.04721,-42.5105
76530,1.04227,-42.8901
76531,1.0215,-48.4623
76532,1.01696,-48.6434
76533,1.02305,-47.9361
76534,1.01755,-48.7086
76535,1.01703,-48.3117
76536,1.02124,-48.0049
76537,1.01986,-48.1217
76538,1.019,-47.9138
76539,1.0183,-47.8872
76540,1.01017,-48.7142
76541,1.02532,-47.2682
76542,1.02321,-47.7137
76543,1.01746,-48.0836
76544,1.02215,-47.4172
76545,1.01996,-47.9017
76546,1.0096,-48.6856
76547,1.01685,-48.1148
76548,1.01609,-48.1792
76549,1.02802,-47.332
76550,1.02738,-47.485
76551,1.02976,-46.0373
76552,1.02411,-46.9139
76553,1.0266,-46.3993
76554,1.01237,-48.7222
76555,1.03025,-47.183
76556,1.02259,-48.5209
76557,1.02088,-48.5762
76558,1.02099,-48.5377
76559,1.01808,-48.8954
76560,1.01763,-48.8635
76561,1.01804,-49.0191
76562,1.02883,-48.0949
76563,1.02864,-47.2649
76564,1.02607,-47.9605
76565,1.0155,-49.2543
76566,1.01867,-49.0325
76567,1.01409,-49.144
76568,1.0167,-48.2868
76569,1.01933,-48.0404
76570,1.0157,-48.3561
76571,1.0046,-48.2397
76572,1.02135,-46.9279
76573,1.00627,-49.2335
76574,1.01255,-47.6378
76575,1.02895,-45.6676
76576,1.02349,-47.0324
76577,1.02686,-46.7054
76578,1.02304,-47.0399
76579,1.03258,-45.703
76580,1.02657,-46.3754
76581,1.01791,-47.5445
76582,1.02133,-47.0324
76583,1.02672,-46.8052
76584,1.02382,-46.8588
76585,1.02943,-46.5775
76586,1.03915,-46.8714
76587,1.04686,-46.1266
76588,1.02744,-48.4781
76589,1.02259,-49.0924
76590,1.02605,-48.4421
76591,1.04329,-45.993
76592,1.05306,-45.0033
76593,1.03742,-46.7566
76594,1.04212,-46.351
76595,1.02394,-48.4605
76596,1.02564,-48.51
76597,1.02205,-48.5386
76598,1.02383,-48.4483
76599,1.02197,-48.6235
76600,1.02299,-48.4842
76601,1.02483,-48.3924
76602,1.02367,-48.6034
76603,1.02252,-48.456
76604,1.03337,-46.0639
76605,1.03961,-45.4311
76606,1.05718,-44.0487
76607,1.05064,-45.1261
76608,1.05141,-43.8215
76609,1.05346,-45.108
76610,1.04934,-45.7585
76611,1.04019,-45.3559
76612,1.03957,-45.301
76613,1.03434,-45.8461
76614,1.04621,-43.1532
76615,1.06002,-56.0551
76616,1.02612,-55.6431
76617,1.04492,-48.9707
76618,1.03147,-53.3005
76619,1.04814,-49.0456
76620,1.09531,-39.0008
76621,1.09247,-39.6
76622,1.08245,-41.9854
76623,1.04742,-54.3341
76624,1.05473,-51.5523
76625,1.0311,-56.752
76626,1.05016,-49.1684
76627,1.04659,-49.6497
76628,1.04234,-50.0712
76629,1.02127,-50.6973
76630,1.05991,-37.5458
76631,1.05401,-35.2948
76632,1.04971,-35.5833
76633,1.05197,-36.8507
76634,1.04666,-37.8481
76635,1.04283,-37.4015
76636,1.05664,-35.5371
76637,1.05444,-36.4446
76638,1.06869,-33.1432
76639,1.06213,-33.3534
76640,1.00915,-42.5939
76641,1.01394,-42.2374
76642,1.00952,-42.522
76643,1.04208,-43.0929
76644,1.03768,-43.7068
76645,1.02371,-45.1054
76646,1.04516,-43.3571
76647,1.04326,-43.6749
76648,1.04035,-41.705
76649,1.01802,-45.481
76650,1.03026,-23.9412
76651,1.05236,-36.762
76652,1.05898,-46.8848
76653,1.0488,-46.5086
76654,1.06492,-46.109
76655,1.07377,-44.8681
76656,1.06274,-46.4733
76657,1.05203,-47.989
76658,1.07409,-44.3287
76659,1.07313,-45.5671
76660,1.06301,-46.6095
76661,1.04896,-48.1111
76662,1.0662,-48.954
76663,1.01278,-45.396
76664,1.02265,-43.1028
76665,1.0265,-43.0727
76666,1.06067,-32.8003
76667,1.06327,-31.5197
76668,1.06667,-30.8083
76669,0.95943,-38.8023
76670,0.955509,-40.807
76671,0.965544,-43.2063
76672,1.0913,-38.0012
76673,1.09316,-35.5079
76674,1.09382,-35.5283
76675,1.09652,-33.8444
76676,1.01221,-31.866
76677,1.04482,-48.8777
76678,1.05082,-47.9755
76679,1.04986,-48.1055
76680,1.04665,-48.8649
76681,1.04625,-48.9136
76682,1.04534,-48.9686
76683,1.04136,-49.1454
76684,1.02781,-49.8651
76685,1.04145,-48.7742
76686,1.03535,-49.5564
76687,1.03895,-49.3329
76688,1.04233,-49.3339
76689,1.04495,-48.9451
76690,1.04623,-48.8516
76691,1.0471,-48.6662
76692,1.04441,-48.5627
76693,1.0466,-48.2406
76694,1.05172,-48.0595
76695,1.04938,-48.1898
76696,1.05141,-48.0722
76697,1.0539,-47.8
76698,1.04091,-49.408
76699,1.05163,-48.1449
76700,1.05879,-47.1335
76701,1.05653,-46.4705
76702,1.05963,-48.3168
76703,1.04605,-49.2066
76704,1.05257,-48.1287
76705,1.04954,-48.611
76706,1.04803,-49.3538
76707,1.05926,-46.7954
76708,1.05331,-47.8689
76709,1.04777,-48.9211
76710,1.05493,-47.5114
76711,1.04921,-48.9873
76712,1.06588,-45.2541
76713,1.06457,-45.5336
76714,1.05353,-48.023
76715,1.05555,-46.5663
76716,1.05456,-46.9851
76717,1.04478,-48.3753
76718,1.05175,-47.3865
76719,1.04864,-47.45
76720,1.05184,-46.7498
76721,1.05317,-46.6913
76722,1.05116,-46.861
76723,1.05249,-46.7265
76724,1.05324,-46.6416
76725,1.05334,-46.6643
76726,1.05355,-46.1362
76727,1.05838,-45.6236
76728,1.05819,-45.2973
76729,1.05414,-46.0832
76730,1.05698,-47.2872
76731,1.05779,-47.1661
76732,1.04987,-46.9665
76733,1.05205,-46.7452
76734,1.05345,-46.5212
76735,1.05827,-46.4548
76736,1.05546,-46.2646
76737,1.05958,-46.0284
76738,1.05666,-46.2477
76739,1.04516,-48.8002
76740,1.03542,-49.4597
76741,1.04747,-48.1606
76742,1.0525,-47.2136
76743,1.04593,-47.7459
76744,1.05416,-47.9614
76745,1.058,-45.8631
76746,1.05596,-46.3045
76747,1.0479,-47.4081
76748,1.04817,-48.7088
76749,1.04021,-49.8158
76750,1.04118,-49.7385
76751,1.05297,-47.8195
76752,1.05196,-48.398
76753,1.04913,-44.1318
76754,1.05099,-43.3121
76755,1.05954,-45.525
76756,1.0487,-47.2171
76757,1.06576,-43.9164
76758,1.0651,-43.9468
76759,1.06063,-44.2062
76760,1.02708,-54.1966
76761,1.03978,-53.4056
76762,1.03598,-53.1173
76763,1.04111,-52.5388
76764,1.03721,-53.1602
76765,1.05449,-49.3925
76766,1.01231,-39.5182
76767,1.02899,-36.8218
76768,1.02201,-37.9591
76769,1.0779,-52.57
76770,1.08329,-41.6475
76771,1.07769,-37.3843
76772,1.07576,-37.8072
76773,1.06923,-38.2648
76774,1.07214,-38.2542
76775,0.974864,-82.9108
76776,0.974855,-83.2397
76777,1.06823,-69.3886
76778,1.06956,-76.9215
76779,1.06377,-76.5678
76780,1.06416,-76.6442
76781,0.950778,-81.9064
76782,1.07667,-78.297
76783,1.07602,-78.5191
76784,1.07295,-77.4639
76785,1.01002,-77.8306
76786,1.02261,-76.894
76787,1.02085,-76.8999
76788,1.01383,-80.9458
76789,1.05622,-80.0081
76790,0.989646,-80.109
76791,0.998493,-77.8096
76792,1.01192,-79.1312
76793,1.0514,-74.6645
76794,1.05082,-75.0578
76795,1.0229,-78.9024
76796,1.02767,-79.3671
76797,1.07433,-77.2638
76798,1.01203,-81.28
76799,0.996277,-83.842
76800,0.992031,-85.1841
76801,0.991431,-85.3059
76802,1.01118,-85.117
76803,0.963569,-82.2433
76804,1.00421,-78.216
76805,0.992179,-84.8077
76806,0.988016,-85.4989
76807,0.993174,-84.7638
76808,0.996157,-84.4095
76809,0.994921,-84.6538
76810,0.993293,-84.8399
76811,0.992942,-84.8845
76812,0.991969,-85.0835
76813,0.975644,-84.4038
76814,0.979263,-84.0772
76815,0.99851,-84.0469
76816,0.986825,-84.7262
76817,0.997156,-83.8953
76818,0.972453,-83.9855
76819,0.943391,-79.9634
76820,0.944926,-81.8891
76821,0.945909,-80.9356
76823,0.942503,-79.1383
76824,1.02358,-79.6266
76825,0.974008,-77.4822
76826,1.07535,-77.955
76827,1.07366,-78.4407
76828,1.06296,-78.4052
76829,1.02628,-84.9936
76830,1.04574,-86.0464
76831,1.04544,-87.9861
76832,1.01552,-80.593
76833,0.997967,-9.23119
76834,1.00314,-11.5318
76835,1.00248,-12.163
76836,1.07099,-13.8259
76837,1.04965,-16.2656
76838,1.05798,-7.86647
76839,1.0438,-9.32762
76840,1.09447,-4.22118
76841,1.0864,-5.34176
76842,1.08598,-5.55667
76843,1.0442,-8.8986
76844,1.06424,-0.135145
76845,1.03343,-2.40775
76846,1.07621,-3.18653
76847,1.07684,-2.77139
76848,1.07637,-2.90752
76849,1.07307,-2.85352
76850,1.06499,-4.42525
76851,1.05626,-4.41056
76852,1.06652,-2.23039
76853,1.08052,-0.499613
76854,1.0293,-24.1663
76855,1.05372,-14.6108
76856,1.05632,-14.9703
76857,1.05546,-15.0105
76858,1.05348,-14.863
76859,1.05779,-14.3544
76860,1.043,-14.9102
76861,1.04838,-14.4763
76862,1.04549,-13.6631
76863,1.04205,-12.2237
76864,1.04148,-12.0928
76865,1.03769,-12.5212
76866,1.04568,-11.6414
76867,1.04561,-11.6522
76868,1.0409,-12.3745
76869,1.04932,-11.15
76870,1.0358,-12.568
76871,1.04604,-11.6596
76872,1.04457,-11.7978
76873,1.04608,-11.7483
76874,1.04534,-12.0156
76875,1.04359,-11.99
76876,1.0314,-2.2263
76877,1.03536,-1.7538
76878,1.03832,-1.36766
76879,1.03919,-1.12463
76880,1.03611,-1.77292
76881,1.04717,-0.0203526
76882,1.04292,-0.784613
76883,1.03788,-1.43639
76884,1.03252,-2.07411
76885,1.03065,-2.25874
76886,1.03234,-2.02137
76887,1.03944,-0.998891
76888,1.04745,0.0371836
76889,1.04512,-0.375565
76890,1.04867,0.167494
76891,1.03961,-0.917514
76892,1.03847,-1.03966
76893,1.042,-0.524772
76894,1.04018,-0.969578
76895,1.03801,-1.09297
76896,1.04188,-0.542948
76897,1.03437,-1.82849
76898,1.03214,-2.01012
76899,1.02964,-2.77191
76900,1.02985,-2.48913
76901,1.04175,-1.05907
76902,1.04692,-0.197145
76903,1.059,1.78456
76904,1.05557,1.17153
76905,1.06026,1.84685
76906,1.05523,1.01133
76907,1.05351,1.10949
76908,1.06111,2.24977
76909,1.05949,1.88526
76910,1.04532,-0.280076
76911,1.04134,-0.719339
76912,1.03767,-1.02658
76913,1.04257,-0.478208
76914,1.04172,-0.678564
76915,1.04071,-1.03468
76916,1.04307,-0.910911
76917,1.04663,-0.0132594
76918,1.04765,0.628112
76919,1.04778,0.658132
76920,1.04923,0.420135
76921,1.05231,1.24527
76922,1.05173,1.11425
76923,1.03537,-1.85551
76924,1.03715,-1.55151
76925,1.04343,-0.862968
76926,1.04314,-0.909317
76927,1.04532,-1.43455
76928,1.04964,0.723915
76929,1.03545,-1.7883
76930,1.03818,-1.60112
76931,1.03411,-2.07498
76932,1.03104,-2.54332
76933,1.03056,-2.48427
76934,1.0325,-2.54524
76935,1.03136,-3.48473
76936,1.02449,-3.97047
76937,1.03329,-2.36864
76938,1.03415,-1.97136
76939,1.03164,-2.28392
76940,1.03095,-2.37092
76941,1.02512,-3.05735
76942,1.02767,-2.69911
76943,1.03227,-2.16117
76944,1.03313,-2.23875
76945,1.02951,-3.10188
76946,1.01952,-3.9621
76947,1.02179,-3.73814
76948,1.02573,-3.13223
76949,1.02607,-2.96176
76950,1.02107,-3.61957
76951,1.02545,-3.00685
76952,1.02076,-3.7259
76953,1.02172,-3.65426
76954,1.01974,-3.8653
76955,1.02134,-3.46705
76956,1.01954,-3.91358
76957,1.02209,-3.65028
76958,1.01643,-4.24386
76959,1.02094,-4.16125
76960,1.02058,-4.25123
76961,1.01748,-4.4852
76962,1.01958,-4.50611
76963,1.0345,-1.83441
76964,1.03304,-1.99831
76965,1.03013,-2.45706
76966,1.03083,-2.20921
76967,1.03859,-1.37449
76968,1.02629,-3.19445
76969,1.02837,-3.03
76970,1.0312,-2.96372
76971,1.03342,-2.65876
76972,1.03184,-3.19801
76973,1.0328,-2.5421
76974,1.02744,-3.10336
76975,1.04291,-2.62266
76976,1.04238,-3.14504
76977,1.03511,-2.55684
76978,1.03729,-1.29539
76979,1.03551,-1.67671
76980,1.03914,-1.23276
76981,1.0313,-2.28812
76982,1.04084,-16.698
76983,1.03724,-16.9685
76984,1.06336,-13.9914
76985,1.06063,-14.5691
76986,1.06901,-10.3648
76987,1.06779,-11.2103
76988,1.07065,-10.7628
76989,1.06771,-12.3709
76990,1.07929,-10.0985
76991,1.06898,-5.01221
76992,1.06986,-5.12176
76993,1.06807,-5.25594
76994,1.0745,-4.76956
76995,1.07073,-4.94156
76996,1.07139,-5.14601
76997,1.0703,-5.96004
76998,1.06553,-5.83246
76999,1.07526,-5.1957
77000,1.08406,-3.7754
77001,1.08032,-4.46935
77002,1.09171,-2.37626
77003,1.08327,-3.77887
77004,1.09566,-1.24099
77005,1.08861,-3.22588
77006,1.08579,-3.90099
77007,1.08583,-3.91002
77008,1.08283,-4.43968
77009,1.08748,-3.97538
77010,1.08672,-4.02365
77011,1.08529,-4.43641
77012,1.08904,-3.91829
77013,1.08845,-4.06561
77014,1.08322,-4.28258
77015,1.04879,-3.65268
77016,1.04293,-3.37298
77017,1.04147,-3.87816
77018,1.04146,-4.12901
77019,1.03475,-4.82736
77020,1.03612,-4.73726
77021,1.0352,-4.90234
77022,1.03584,-4.94837
77023,1.03637,-4.96732
77024,1.03708,-4.96704
77025,1.03235,-5.09364
77027,1.0919,-13.9682
77028,1.09235,-13.9315
77029,1.09377,-13.5742
77030,1.09234,-13.7354
77031,1.087,-14.435
77032,1.09403,-13.5194
77033,1.0904,-13.896
77034,1.08761,-14.373
77035,1.0899,-13.4778
77036,1.04922,-3.53948
77037,1.06928,-2.99333
77038,1.06772,-3.47118
77039,1.03112,-7.72216
77040,1.04413,-0.0827075
77041,1.06863,-2.76887
77042,1.06861,-3.30063
77043,1.07101,-2.12676
77044,1.05658,-16.1158
77045,1.0702,-3.33832
77046,1.07456,-3.40927
77047,1.0728,-3.835
77048,1.08073,-3.1642
77049,1.07928,-3.42094
77050,1.0756,-3.44156
77051,1.07336,-3.83944
77052,1.07612,-3.50447
77053,1.07325,-3.85302
77054,1.07661,-3.52384
77055,1.06636,-3.91472
77056,1.06646,-3.94368
77057,1.07254,-3.94666
77058,1.0662,-4.2817
77059,1.06205,-4.84148
77060,1.05323,-5.51317
77062,1.05627,-5.12754
77063,1.05522,-5.32167
77064,1.07758,-3.42752
77065,1.08438,-6.87471
77066,1.0911,-23.1188
77067,1.08988,-22.4517
77068,1.05337,-13.2475
77069,1.05654,-12.44
77070,1.0934,-1.38244
77071,1.0904,-5.40208
77072,1.08916,-6.24878
77073,1.06657,-11.3167
77074,1.06761,-11.1368
77075,1.07069,-10.4922
77076,1.0623,-7.32527
77077,1.00316,-29.9186
77078,1.0901,-11.544
77079,1.09482,-13.6491
77080,0.996265,-21.6575
77081,0.999924,-23.9543
77082,0.984191,-26.9934
77083,0.97726,-31.7438
77084,0.994266,-30.4669
77085,0.99358,-30.3189
77086,0.98908,-29.179
77087,0.989261,-28.1629
77088,0.988653,-27.9281
77089,0.986207,-25.7808
77090,0.997206,-25.2221
77091,0.99524,-25.8619
77092,1.02371,-22.7473
77093,1.02166,-23.0287
77094,1.02446,-21.8836
77095,1.01078,-24.8553
77096,1.01263,-24.2833
77097,1.01898,-23.0254
77098,1.015,-23.784
77099,1.01347,-23.6987
77100,1.0126,-23.9074
77101,1.01063,-24.5822
77102,0.991694,-27.2985
77103,1.01582,-23.5098
77104,1.0109,-24.0534
77105,1.00746,-26.176
77106,1.00561,-26.8358
77107,1.01216,-24.4458
77108,1.01016,-25.3113
77109,0.999129,-27.8262
77110,0.995561,-28.6833
77111,0.995056,-28.8254
77112,0.998711,-29.3541
77113,0.997087,-28.7346
77114,0.99829,-29.9335
77115,0.996063,-29.6415
77116,0.981703,-30.997
77117,0.995811,-30.7432
77118,0.992851,-30.7688
77119,0.986582,-29.5363
77120,0.988244,-28.7372
77121,0.992728,-28.7517
77122,0.991124,-28.502
77123,0.9892,-29.112
77124,0.993179,-28.4481
77125,0.997607,-28.024
77126,0.996036,-27.3073
77127,0.995027,-26.9611
77128,0.999256,-28.2129
77129,1.04683,0.82721
77130,1.04502,0.381409
77131,1.04282,0.245259
77132,1.04288,0.291933
77133,1.0456,0.407446
77134,1.0443,0.56504
77135,1.03115,-1.81701
77136,1.04152,-0.713678
77137,1.05108,1.30604
77138,1.05067,1.21981
77139,1.04795,0.853913
77140,1.07497,-15.5185
77141,1.07282,-15.605
77142,0.989927,-37.4014
77143,1.03696,-15.7472
77144,1.04124,-14.6647
77145,1.0401,-14.8926
77146,1.04674,-14.2831
77147,1.03286,-12.4286
77148,1.0332,-12.1349
77149,1.06401,-12.4455
77150,1.06584,-12.4216
77151,1.06251,-17.2976
77152,1.07986,-29.2808
77153,1.07056,-29.7926
77154,0.980549,-27.2193
77155,0.976446,-28.2483
77156,0.982202,-27.2712
77157,0.972949,-28.3674
77158,0.976939,-27.9314
77159,0.975287,-28.0526
77160,0.976998,-27.6844
77161,0.978822,-27.2709
77162,0.971474,-28.3834
77163,0.975792,-28.1521
77164,0.977178,-27.7857
77165,0.973567,-27.6682
77166,0.971245,-28.0854
77167,0.975545,-27.6662
77168,0.982366,-27.4
77169,0.976112,-27.9113
77170,0.982851,-27.1146
77171,0.977117,-28.6018
77172,0.980303,-28.0146
77173,0.986835,-27.3293
77174,0.989602,-27.3263
77175,0.991471,-27.2911
77176,0.985587,-27.5483
77177,0.987111,-27.3609
77178,0.985942,-27.5483
77179,0.989254,-27.3224
77180,0.982391,-27.8922
77181,0.981136,-27.9761
77182,0.979527,-26.728
77183,0.974716,-27.6399
77184,0.972148,-27.8888
77185,0.974402,-27.6959
77186,0.986467,-26.5298
77187,0.986425,-26.7821
77188,0.987383,-26.2739
77189,0.981891,-26.6003
77190,0.981417,-28.7277
77191,0.987682,-29.71
77192,0.981512,-29.2522
77193,0.979293,-29.7835
77194,0.982209,-27.5279
77195,0.982172,-27.5482
77196,0.979112,-28.2804
77197,0.982391,-27.4685
77198,0.989329,-26.3274
77199,0.982474,-27.6418
77200,0.978177,-28.5496
77201,0.989734,-25.5505
77202,0.986785,-26.1527
77203,0.986456,-26.218
77204,0.98503,-26.5993
77205,0.979051,-27.7067
77206,0.968894,-29.2615
77207,0.986644,-26.7605
77208,0.980043,-27.5251
77209,0.97168,-27.8029
77210,0.979426,-26.8706
77211,0.975653,-27.7823
77212,0.969525,-27.9721
77213,0.97374,-27.986
77214,0.975269,-27.1878
77215,0.989116,-26.1408
77216,0.981691,-27.1832
77217,0.986351,-26.8702
77218,0.991366,-26.2507
77219,0.998019,-25.2724
77220,0.990616,-26.5967
77221,0.993003,-26.5186
77222,0.986736,-29.4163
77223,0.990958,-28.1685
77224,0.987986,-29.2009
77225,0.98629,-29.4528
77226,0.985175,-29.5015
77227,0.983498,-30.5333
77228,0.984033,-30.5965
77229,0.983705,-30.6316
77230,0.978662,-31.1103
77231,0.980696,-31.2179
77232,0.983814,-30.2491
77233,0.982967,-30.1322
77234,0.992575,-29.1031
77235,0.987437,-29.6384
77236,0.994298,-29.2591
77237,0.98249,-30.4723
77238,0.980559,-29.367
77239,0.982543,-31.083
77240,0.970691,-31.7498
77241,0.969236,-29.702
77242,0.976325,-29.6259
77243,0.97681,-29.43
77244,0.97469,-29.4528
77245,0.977356,-28.8654
77246,0.977766,-28.8921
77247,0.975562,-28.9444
77248,0.990752,-26.0378
77249,0.984382,-27.6531
77250,0.978807,-27.417
77251,0.975092,-28.2179
77252,0.97059,-28.503
77253,0.977944,-27.9834
77254,0.977381,-27.3844
77255,0.971728,-28.0112
77256,0.973908,-27.8361
77257,0.990753,-25.9093
77258,0.979508,-27.805
77259,0.969112,-27.7578
77260,0.973488,-27.3995
77261,0.975846,-27.3628
77262,0.973658,-27.3756
77263,0.979663,-27.0913
77264,0.968789,-28.1335
77265,0.970582,-28.0271
77266,0.974798,-26.9579
77267,0.971816,-27.1507
77268,0.96844,-28.1572
77269,0.991419,-25.2591
77270,0.991244,-25.1266
77271,0.97773,-26.9468
77272,0.995027,-25.4646
77273,1.00397,-24.2672
77274,1.00015,-24.9938
77275,0.983945,-27.2019
77276,0.994678,-25.552
77277,1.00095,-25.0803
77278,1.0015,-24.9019
77279,1.00466,-24.9625
77280,0.997057,-25.8222
77281,0.999831,-25.1941
77282,1.00755,-24.4558
77283,1.00582,-24.6901
77284,1.00152,-25.256
77285,1.00998,-23.6455
77286,1.01152,-23.2949
77287,1.00333,-24.595
77288,1.01044,-24.0531
77289,1.00532,-24.7287
77290,1.00963,-24.3265
77291,1.01102,-24.1668
77292,1.00623,-24.7112
77293,1.00447,-24.9674
77294,1.00416,-25.0315
77295,1.00673,-24.2276
77296,1.00494,-24.5939
77297,1.00536,-24.4604
77298,1.00036,-25.4648
77299,0.997925,-25.7449
77300,1.00385,-24.7664
77301,0.99946,-25.5174
77302,1.00271,-25.2777
77303,1.00028,-26.1874
77304,0.995822,-26.5866
77305,0.99072,-27.4385
77306,0.99057,-27.4928
77307,0.992888,-27.6597
77308,0.982754,-28.5912
77309,0.995383,-27.4216
77310,0.993281,-27.5047
77311,0.987754,-28.205
77312,0.989694,-28.8501
77313,0.987609,-29.1066
77314,0.992182,-27.6956
77315,0.978191,-28.2249
77316,0.975905,-28.8058
77317,0.982388,-28.3419
77318,0.974651,-29.037
77319,0.96822,-28.5557
77320,0.983823,-31.0519
77321,0.967989,-29.7856
77322,1.07806,-19.9875
77323,0.983937,-31.8958
77324,0.989101,-29.8253
77325,0.968847,-29.809
77326,0.972825,-29.0755
77327,0.972118,-31.0991
77328,0.985419,-27.0226
77329,0.98692,-27.7563
77330,0.980628,-28.7843
77331,0.996231,-31.2249
77332,1.01471,-29.8448
77333,1.01286,-30.4304
77334,1.00443,-31.1089
77335,0.978902,-31.6823
77336,1.00337,-30.6796
77337,1.00504,-31.3692
77338,1.00698,-31.1829
77339,0.995814,-31.6641
77340,0.980326,-31.9352
77341,0.989378,-31.919
77342,0.977336,-30.9257
77343,0.974142,-31.4339
77344,0.972948,-31.6677
77345,0.980086,-30.9295
77346,1.07295,2.24957
77347,1.0746,2.46681
77348,1.08145,3.67335
77349,1.05113,-10.4108
77350,1.03901,-6.52662
77351,1.07061,-12.1996
77352,1.06563,-12.6936
77353,1.06569,-12.8776
77354,1.0644,-12.1257
77355,1.06108,-12.5476
77356,1.06511,-12.0771
77357,1.06472,-12.0604
77358,1.0647,-11.8599
77359,1.05669,-13.4679
77360,1.06731,-13.0178
77361,1.06215,-12.6168
77362,1.0604,-12.5184
77363,1.06095,-12.9266
77364,0.975327,-27.2179
77365,0.969755,-27.3657
77366,0.982774,-25.9111
77367,0.98364,-26.2094
77368,0.9815,-26.4915
77369,0.973827,-27.6881
77370,0.972806,-27.726
77371,0.982063,-26.5452
77372,0.995829,-23.3287
77373,1.07598,-44.2006
77374,1.07915,-43.6537
77375,1.07881,-43.6265
77376,1.07408,-44.2779
77377,1.08007,-43.5501
77378,1.08279,-43.0459
77379,1.08314,-43.3806
77380,1.07311,-44.2694
77381,1.07566,-44.0341
77382,1.07321,-44.3089
77383,1.05661,-46.013
77384,1.066,-45.0935
77385,1.07583,-44.1343
77386,1.07505,-44.149
77387,1.09179,-41.3713
77388,1.0857,-43.1863
77389,1.08472,-42.8417
77390,1.09987,-39.2637
77391,1.0954,-41.1476
77392,1.09749,-42.9495
77393,1.08502,-44.1581
77394,1.08515,-44.2161
77395,1.0782,-44.5176
77396,1.07907,-44.4811
77397,1.08227,-44.2385
77398,1.08268,-44.2392
77399,1.08495,-44.1145
77400,1.08541,-43.9785
77401,1.0697,-45.2215
77402,1.0852,-43.9144
77403,1.08262,-44.1994
77404,1.09161,-42.8698
77405,1.08491,-43.8048
77406,1.0856,-42.6111
77407,1.0826,-42.3446
77408,1.08173,-43.0312
77409,1.05762,-45.5787
77410,1.07811,-44.1149
77411,1.07765,-44.0523
77412,1.08184,-43.0034
77413,1.09453,-40.6515
77414,1.08959,-41.9249
77415,1.08844,-41.5918
77416,1.07022,-44.2568
77417,1.07584,-43.857
77418,1.09134,-41.0808
77419,1.09064,-40.739
77420,1.07692,-44.0136
77421,1.07724,-43.9325
77422,1.05916,-16.446
77423,1.05816,-16.8109
77424,1.05911,-16.4031
77425,1.02407,-15.7945
77426,0.996552,-15.0807
77427,1.00157,-15.8415
77428,1.0032,-16.5596
77429,1.07018,-1.01844
77430,1.0461,-13.8094
77431,1.07283,-20.9401
77432,1.03853,-23.996
77433,1.07136,-4.55123
77434,1.07719,-3.88788
77435,1.07987,-4.10191
77436,1.07754,-3.82483
77437,1.07145,-4.5948
77438,1.07934,-3.05478
77439,1.07702,-3.66517
77440,1.07861,-3.46539
77441,1.07736,-3.6096
77442,1.06579,-5.36073
77443,1.06349,-5.58739
77444,1.07714,-3.63435
77445,1.07133,-4.37536
77446,1.05965,-6.08655
77447,1.05841,-6.09144
77448,1.05827,-6.40072
77449,1.05749,-6.15549
77450,1.06081,-5.54686
77451,1.063,-5.74632
77452,1.06541,-4.96804
77453,1.08065,-3.16862
77454,1.08048,-2.94696
77455,1.08568,-2.90496
77456,1.0711,-4.26951
77457,1.07013,-4.72011
77458,1.06774,-4.6568
77459,1.07068,-4.66315
77460,1.07417,-4.12851
77461,1.0746,-3.90309
77462,1.05828,-4.75316
77463,1.07666,-8.38554
77464,1.00915,-6.80928
77465,1.0058,-6.98683
77466,1.01463,-7.3905
77467,1.01531,-7.42199
77468,1.02122,-8.06703
77469,1.07242,-1.40366
77470,1.07051,-1.25529
77471,1.05273,-17.6074
77472,1.08177,-3.58227
77473,1.08123,-3.69662
77474,1.07766,-4.08569
77475,1.08356,-3.79515
77476,1.08216,-4.20768
77477,1.08834,-3.10363
77478,1.089,-3.23029
77479,1.08936,-3.07498
77480,1.08968,-3.03
77481,1.08432,-3.53907
77482,1.08395,-3.91604
77483,1.08175,-4.0029
77484,1.08548,-3.73438
77485,1.09156,-2.3468
77486,1.08728,-3.27177
77487,1.09653,-2.00668
77488,1.09494,-2.355
77489,1.09385,-2.00615
77490,1.09432,-1.88009
77491,1.07314,-4.50016
77492,1.08871,-3.3118
77493,1.09657,-1.9931
77494,1.09147,-2.33103
77495,1.08595,-3.14265
77496,1.08644,-3.05977
77497,1.09148,-2.40379
77498,1.09219,-2.32831
77499,1.09286,-2.32227
77500,1.09297,-2.39769
77501,1.09667,-1.97626
77502,1.05687,-10.3111
77503,1.06458,0.496764
77504,1.09781,-23.8942
77505,1.09741,-23.7125
77506,1.09712,-23.6032
77507,0.983776,-20.7595
77508,0.976138,-22.1746
77509,0.990042,-26.6614
77510,0.980043,-20.7988
77511,0.973752,-20.4904
77512,0.973306,-19.7447
77513,0.97457,-18.9635
77514,0.953374,-20.6418
77515,0.992251,-18.1385
77516,1.06544,-5.92485
77517,1.06053,-6.52113
77518,1.05408,-7.07836
77519,1.0642,-5.96448
77520,1.06913,-5.10826
77521,1.06903,-5.28974
77522,1.06269,-6.56277
77523,1.06156,-6.16555
77524,1.07047,-7.19566
77525,1.06876,-7.38934
77526,1.04791,-6.34511
77527,1.05163,-5.99621
77528,1.05525,2.5562
77529,1.04668,0.708514
77530,1.04624,-0.827355
77531,1.04154,-1.29374
77532,1.04879,1.14718
77533,1.04754,0.881835
77534,1.04409,0.280424
77535,1.04088,-0.685548
77536,1.03743,-1.25306
77537,1.04026,-0.664156
77538,1.03896,-0.858893
77539,1.0433,-0.196361
77540,1.04281,-0.35498
77542,1.07156,-19.584
77543,1.07005,-19.808
77544,1.07425,-19.2946
77545,1.06856,-18.6099
77546,1.06546,-17.6249
77547,1.06133,-18.4773
77548,1.04982,-16.6051
77549,1.0612,-15.3908
77550,1.08732,-34.4968
77551,1.08507,-34.1841
77552,1.04522,-28.0331
77553,1.07924,-2.28923
77554,1.08748,0.469854
77555,1.08745,-0.267889
77556,1.08152,-1.0371
77557,1.07702,-1.3482
77558,1.07537,-4.38939
77559,1.07458,-4.67377
77560,1.06951,-5.04618
77561,1.06719,-5.42928
77562,1.05964,-5.70624
77563,1.06963,-5.24673
77564,1.07077,-5.18927
77565,1.07315,-4.8365
77566,1.07388,-4.79903
77567,1.06208,-5.90732
77568,1.07882,-3.94784
77569,1.07291,-4.91013
77570,1.06598,-5.47852
77571,1.06611,-5.46852
77572,1.06466,-5.59387
77573,1.0683,-5.33063
77574,1.06947,-5.3252
77575,1.06586,-5.50786
77576,1.06704,-5.56813
77577,1.06786,-5.53737
77578,1.0686,-5.46546
77579,1.06744,-5.52167
77580,1.06919,-5.41154
77581,1.06975,-5.37403
77582,1.07088,-5.36901
77583,1.06257,-6.08033
77584,1.07464,-4.7682
77585,1.07216,-5.03516
77586,1.07316,-5.07072
77587,1.06735,-5.60167
77588,1.0759,-4.28532
77589,1.07598,-4.72106
77590,1.07685,-4.20303
77591,1.07543,-4.92828
77592,1.072,-4.90983
77593,1.07188,-5.07841
77594,1.07553,-4.99712
77595,1.07301,-5.09735
77596,1.07239,-4.84982
77597,1.07146,-5.20142
77598,1.0603,-5.88249
77599,1.08567,-3.70199
77600,1.08584,-3.51101
77601,1.0818,-4.01442
77602,1.08425,-3.67445
77603,1.08618,-3.43922
77604,1.0841,-3.2917
77605,1.06977,-4.93927
77606,1.08189,-3.61511
77607,1.08131,-3.91532
77608,1.08278,-3.46682
77609,1.07063,-5.36065
77610,1.08204,-4.14915
77611,1.07451,-4.95626
77612,1.0729,-5.16654
77613,1.07464,-5.15956
77614,1.07013,-5.39879
77615,1.07001,-5.54347
77616,1.06587,-5.92564
77617,1.05596,-6.90492
77618,1.05004,-7.2753
77619,1.05575,-6.61404
77620,1.06125,-6.19934
77621,1.05666,-6.56364
77622,1.05629,-6.42119
77623,1.05392,-6.96112
77624,1.05492,-6.92129
77625,1.05552,-6.75649
77626,1.05921,-5.81261
77627,1.08615,-3.34352
77628,1.0906,-2.22351
77629,1.08618,-3.17573
77630,1.07288,-3.79016
77631,1.09835,-0.727426
77632,1.09903,-0.399127
77633,1.0969,-0.946543
77634,1.09668,-0.963989
77635,1.09725,-0.814738
77636,1.09769,-0.86999
77637,1.09774,-0.809302
77638,1.09806,-0.813283
77639,1.09749,-0.917165
77640,1.07158,-4.98547
77641,1.07249,-4.87548
77642,1.06732,-5.32472
77643,1.07161,-4.9659
77644,1.07369,-4.82504
77645,1.07416,-4.87756
77646,1.07639,-4.47331
77647,1.07698,-4.45091
77648,1.07985,-4.1029
77649,1.07213,-4.90202
77650,1.07434,-4.78545
77651,1.07384,-4.73511
77652,1.08335,-3.54608
77653,1.07935,-4.27534
77654,1.07714,-4.50315
77655,1.07756,-4.45982
77656,1.07519,-4.46857
77657,1.07754,-4.27846
77658,1.08547,-3.29675
77659,1.0873,-3.67427
77660,1.08007,-4.10664
77661,1.08488,-3.38398
77662,1.08878,-2.74098
77663,1.08461,-3.39113
77664,1.07917,-3.90005
77665,1.08055,-3.82183
77666,1.08324,-3.56911
77667,1.07815,-3.90199
77668,1.08595,-3.13354
77669,1.07869,-3.78765
77670,1.07772,-3.83912
77671,1.07275,-4.85509
77672,1.07617,-4.53368
77673,1.07849,-4.28663
77674,1.0766,-4.3484
77675,1.07708,-4.36306
77676,1.0721,-4.80191
77677,1.07662,-4.39232
77678,1.0751,-4.46497
77679,1.07103,-4.83468
77680,1.07329,-4.84525
77681,1.07695,-4.2883
77682,1.08767,-2.64198
77683,1.0803,-3.78986
77684,1.07813,-4.28862
77685,1.08038,-3.7885
77686,1.07964,-4.10294
77687,1.07467,-4.69075
77688,1.07441,-4.7367
77689,1.07414,-4.58066
77690,1.08476,-2.7825
77691,1.08308,-3.28811
77692,1.0865,-3.14377
77693,1.08397,-3.84535
77694,1.08477,-3.80285
77695,1.07996,-4.09141
77696,1.07516,-4.47126
77697,1.09178,-2.74453
77698,1.08666,-3.41197
77699,1.08786,-3.00884
77700,1.07944,-4.23043
77701,1.09196,-2.26656
77702,1.08943,-2.71911
77703,1.09382,-1.97326
77704,1.09389,-1.99667
77705,1.093,-2.21817
77706,1.08538,-2.70231
77707,1.08542,-3.07164
77708,1.09726,-1.59442
77709,1.09426,-1.87339
77710,1.09544,-1.8488
77711,1.0954,-1.86406
77712,1.09516,-2.09464
77713,1.09156,-2.19107
77714,1.07502,-4.51789
77715,1.07394,-4.49031
77716,1.07267,-4.91362
77717,1.07019,-5.152
77718,1.0696,-4.91072
77719,1.06747,-5.30024
77720,1.07027,-4.76144
77721,1.07493,-4.37579
77722,1.07393,-4.75385
77723,1.07629,-4.51194
77724,1.07618,-4.2996
77725,1.0783,-3.99192
77726,1.0782,-4.07599
77727,1.07862,-3.98436
77728,1.08,-3.83245
77729,1.07785,-4.19438
77730,1.07784,-4.20788
77731,1.07668,-4.59115
77732,1.08432,-2.73697
77733,1.08177,-3.41403
77734,1.08233,-3.22599
77735,1.08065,-3.72948
77736,1.07892,-3.41564
77737,1.07911,-3.33766
77738,1.0806,-3.44537
77739,1.07821,-3.41798
77740,1.07526,-3.98208
77741,1.06926,-5.01219
77742,1.06835,-5.16615
77743,1.07298,-4.28341
77744,1.06917,-5.09637
77745,1.06933,-5.06772
77746,1.07837,-3.47726
77747,1.07854,-3.44224
77748,1.0766,-3.70226
77749,1.07686,-3.77161
77750,1.08099,-2.81121
77751,1.07956,-3.34721
77752,1.0765,-3.84107
77753,1.07269,-4.31309
77754,1.07183,-4.6942
77755,1.06947,-4.82317
77756,1.07558,-3.70467
77757,1.07353,-4.12126
77758,1.0801,-2.6443
77759,1.07869,-3.49718
77760,1.07882,-3.39112
77761,1.07705,-3.62723
77762,1.07478,-4.31291
77763,1.07452,-4.03093
77764,1.06175,-5.67063
77765,1.06156,-5.55069
77766,1.06061,-5.81618
77767,1.06405,-5.4305
77768,1.06536,-5.43534
77769,1.06318,-5.51019
77770,1.06649,-5.35278
77771,1.06349,-5.55117
77772,1.06497,-5.39144
77773,1.06629,-5.23528
77774,1.06892,-4.88042
77775,1.06849,-4.91499
77776,1.0717,-4.32758
77777,1.07056,-4.61339
77778,1.06566,-5.2279
77779,1.0635,-5.6252
77780,1.06082,-5.64831
77781,1.05942,-6.03351
77782,1.0594,-5.79795
77783,1.06041,-5.94677
77784,1.06817,-4.92182
77785,1.06456,-5.47148
77786,1.06467,-5.40664
77787,1.06538,-5.35811
77788,1.06126,-5.92648
77789,1.05855,-6.16339
77790,1.05548,-6.5689
77791,1.05808,-6.43008
77792,1.06041,-6.2294
77793,1.067,-5.35005
77794,1.06949,-4.88912
77795,1.06856,-5.22414
77796,1.06043,-5.70693
77797,1.06274,-5.61369
77798,1.06414,-5.55229
77799,1.05785,-6.01696
77800,1.05786,-5.98695
77801,1.06208,-5.8629
77802,1.06093,-5.8913
77803,1.06391,-5.57872
77804,1.0638,-5.59093
77805,1.06966,-4.82691
77806,1.07017,-4.70388
77807,1.06661,-5.37949
77808,1.06548,-5.4647
77809,1.06295,-5.64882
77810,1.06071,-5.92279
77811,1.06335,-5.73619
77812,1.06307,-5.64432
77813,1.06599,-5.61252
77814,1.06504,-5.62695
77815,1.06364,-5.72571
77816,1.06571,-5.63348
77817,1.06399,-5.77564
77818,1.06844,-5.38323
77819,1.0719,-5.17025
77820,1.07014,-5.39305
77821,1.07162,-5.29536
77822,1.072,-5.27603
77823,1.08099,-4.11973
77824,1.07232,-5.21223
77825,1.07356,-3.75539
77826,1.07068,-4.80429
77827,1.06334,-6.2011
77828,1.05366,-7.07576
77829,1.06136,-6.36094
77830,1.06213,-6.38761
77831,1.05927,-6.56337
77832,1.06061,-6.3954
77833,1.06064,-6.2835
77834,1.06049,-6.23893
77835,1.06269,-6.19962
77836,1.06791,-5.3977
77837,1.0626,-5.74575
77838,1.0558,-6.53772
77839,1.06742,-5.32415
77840,1.06774,-5.31854
77841,1.07575,-5.34488
77842,1.07084,-4.58145
77843,1.06799,-5.12143
77844,1.06744,-5.15668
77845,1.07248,-5.17677
77846,1.0731,-5.1277
77847,1.06361,-6.11019
77848,1.07175,-5.58564
77849,1.07573,-4.84085
77850,1.07709,-4.85684
77851,1.08074,-4.13972
77852,1.07758,-5.04105
77853,1.06699,-5.95243
77854,1.07595,-5.04092
77855,1.06163,-6.56429
77856,1.07298,-5.16726
77857,1.06934,-5.26542
77858,1.07031,-5.84577
77859,1.06029,-6.47539
77860,1.05984,-6.52965
77861,1.06266,-5.97298
77862,1.06075,-6.23887
77863,1.06025,-6.32229
77864,1.0605,-6.28405
77865,1.06055,-6.44466
77866,1.0551,-6.86749
77867,1.06081,-6.21248
77868,1.05026,-7.07199
77869,1.05613,-6.228
77870,1.06479,-5.81158
77871,1.05982,-6.58744
77872,1.07039,-6.35694
77873,1.07581,-4.45764
77874,1.06457,-5.98437
77875,1.06426,-6.12186
77876,1.08872,-3.78847
77877,1.07609,-4.38323
77878,1.08039,-3.75262
77879,1.0762,-4.09245
77880,1.08999,-3.01524
77881,1.09146,-2.02922
77882,1.05331,-28.6692
77883,1.05515,-28.3171
77884,1.04321,-19.2207
77885,1.03337,-1.99052
77886,1.02987,-2.4949
77887,1.04299,-1.13035
77888,1.04033,-1.19541
77889,1.0312,-5.90482
77890,1.02762,-5.50374
77891,1.03537,-4.21718
77892,1.03513,-4.20275
77893,1.03373,-3.84861
77894,1.03619,-3.83039
77895,1.03369,-4.54978
77896,1.02903,-5.03477
77897,1.04492,-14.1598
77898,1.01709,-14.541
77899,1.02115,-14.4592
77900,1.02365,-14.7026
77901,1.01917,-15.2152
77902,1.0217,-14.8746
77903,1.01694,-14.3763
77904,1.06741,-1.68899
77905,1.0646,-1.96759
77906,1.06713,-1.52067
77907,1.06201,-2.35828
77908,1.06282,-2.14776
77909,1.06028,-2.43199
77910,1.06557,-1.57734
77911,1.0607,-2.50317
77912,1.05982,-2.61255
77913,1.05844,-2.77753
77914,1.06035,-2.62847
77915,1.06299,-3.4405
77916,1.06136,-3.74866
77917,1.06261,-3.76171
77918,1.06401,-3.80699
77919,1.07461,-1.1771
77920,1.06828,-1.31887
77921,1.06734,-1.98295
77922,1.06983,-2.18413
77923,1.07139,-2.36023
77924,1.06963,-2.48098
77925,1.06397,-2.65618
77926,1.06781,-2.36416
77927,1.06567,-2.3281
77928,1.06881,-1.59922
77929,1.07827,-1.8753
77930,1.07491,-1.29292
77931,1.07427,-1.20854
77932,1.07448,-2.23293
77933,1.07396,-2.4142
77934,1.07348,-2.37401
77935,1.0265,-19.254
77936,1.04494,-17.0152
77937,1.04868,-16.7437
77938,1.01731,-20.0039
77939,1.02752,-19.317
77940,1.02986,-19.5703
77941,1.02984,-18.9909
77942,1.02767,-19.2199
77943,1.03851,-18.2467
77944,1.03256,-19.6201
77945,1.02468,-19.1156
77946,1.02148,-20.0325
77947,1.03899,-18.2567
77948,1.04952,-14.2488
77949,1.05884,-12.368
77950,1.0557,-13.1647
77951,1.05638,-12.5292
77952,1.05586,-12.6523
77953,1.04218,-6.41378
77954,1.02991,-8.54588
77955,1.03408,-6.95767
77956,1.05869,-9.45846
77957,1.05811,-9.69985
77958,1.04155,-14.9095
77959,1.03883,-17.6141
77960,1.039,-17.4591
77961,1.03907,-17.6872
77962,1.03177,-20.1896
77963,1.02255,-21.2372
77964,1.03533,-18.406
77965,1.03614,-17.9605
77966,1.09103,-25.2123
77967,1.08932,-24.7889
77968,1.08023,-24.23
77969,0.987179,-19.3348
77970,1.07415,-2.18166
77971,1.06831,-3.02911
77972,1.09128,0.283908
77973,1.0765,-0.056983
77974,1.08148,0.152007
77975,1.07792,-0.41392
77976,1.08181,0.171913
77977,1.07765,-0.0629587
77978,1.08594,0.698393
77979,1.09214,1.43121
77980,1.09027,1.10853
77981,1.08855,0.986441
77982,1.09032,1.29214
77983,1.09275,1.70762
77984,1.09093,1.65615
77985,1.09248,1.72203
77986,1.09226,0.868018
77987,1.0924,1.3391
77988,1.09098,1.16036
77989,1.09025,1.52412
77990,1.09132,2.18763
77991,1.08344,1.04628
77992,1.09093,1.43344
77993,1.09192,1.56701
77994,1.09024,1.52226
77995,1.09183,2.3557
77996,1.09488,2.08791
77997,1.08955,1.23199
77998,1.08899,1.88668
77999,1.08972,1.56139
78000,1.0849,1.30666
78001,1.07847,0.157662
78002,1.08393,1.11838
78003,1.06628,-3.23697
78004,1.08033,-0.368535
78005,1.0893,-2.16442
78006,1.08597,0.808243
78007,1.08704,1.13428
78008,1.0511,-5.84721
78009,1.05143,-5.34332
78010,1.03278,-6.668
78011,1.00194,-24.3074
78012,1.00729,-23.9664
78013,1.02007,-21.4584
78014,1.01948,-21.2195
78015,1.0094,-23.3126
78016,1.02291,-20.3362
78017,1.02042,-21.1109
78018,1.02068,-21.2909
78019,1.01289,-22.6387
78020,1.00326,-23.2719
78021,1.01672,-22.1109
78022,1.04551,-16.0126
78023,1.04291,-15.5802
78024,1.06189,-0.0366057
78026,1.00012,-23.4708
78027,1.00624,-22.3802
78028,0.996297,-23.6928
78029,1.00167,-21.9544
78030,0.999146,-22.3163
78031,1.05879,-10.9748
78032,1.06392,-12.0644
78033,1.05162,-12.0348
78034,1.06793,-15.5249
78035,1.08581,-1.56017
78036,1.03926,-21.6994
78037,1.03768,-21.702
78038,1.0424,-12.7999
78039,1.04834,-12.0003
78040,1.04874,-10.9367
78041,1.04972,-10.8491
78042,1.06702,-16.869
78043,1.06985,-16.0481
78044,1.07118,-16.1197
78045,1.05276,-18.0219
78046,1.0642,0.125572
78047,1.06809,1.24557
78048,1.06449,-1.86297
78049,1.0461,-4.22997
78050,1.04439,-4.51365
78051,1.05103,-3.89492
78052,1.05151,-4.03905
78053,1.07142,-5.05223
78054,1.06496,-5.59592
78055,1.05891,-6.08765
78056,1.08029,-2.8441
78057,1.08759,-1.48899
78058,1.08651,-1.97408
78059,1.08741,-0.890983
78060,1.08684,-1.26156
78061,1.0872,-1.04163
78062,1.00564,-10.304
78063,1.00465,-9.8645
78064,1.02519,-9.43215
78065,1.0238,-8.38038
78066,1.06078,-1.32521
78067,1.04687,-7.19654
78068,1.06532,-16.6786
78069,1.05939,-17.2895
78070,1.05617,-17.8986
78071,1.05842,-17.3374
78072,1.0515,-18.1327
78073,1.05914,-17.2831
78074,1.05644,-17.8386
78075,1.05912,-17.7105
78076,1.05608,-17.6629
78077,1.04928,-18.6579
78078,1.04944,-18.4347
78079,1.05229,-18.3386
78080,1.05025,-18.6745
78081,1.05005,-18.387
78082,1.05841,-17.2919
78083,1.05792,-17.6867
78084,1.06331,-16.6146
78085,1.06099,-17.0132
78086,1.06038,-16.9198
78087,1.06767,-16.8754
78088,1.06248,-17.8407
78089,1.06125,-16.843
78090,1.06054,-17.1326
78091,1.04916,-18.798
78092,1.06111,-16.9072
78093,1.05382,-15.9221
78094,1.00226,-16.9004
78095,1.00195,-16.945
78096,1.00352,-16.503
78097,1.00232,-16.5449
78098,1.02686,-13.8144
78099,1.03162,-13.1623
78100,1.00775,-16.8128
78101,1.00921,-16.5317
78102,1.02671,-14.5454
78103,1.0128,-16.4154
78104,1.00841,-16.8173
78105,1.00465,-16.8655
78106,1.05736,-2.88876
78107,1.05601,-3.32436
78108,1.06994,-6.78586
78109,1.08636,-4.86985
78110,1.07003,-6.25228
78111,1.047,-10.6529
78112,1.09636,-1.40112
78113,1.09546,-1.5072
78114,1.09319,-2.44693
78115,1.09719,-1.50672
78116,1.07545,-19.578
78117,1.07204,-16.071
78118,1.05935,-8.24906
78119,1.03846,-4.46366
78120,1.03747,-14.4646
78121,1.03718,-14.6242
78122,1.03306,-14.7966
78123,1.03889,-14.1726
78124,1.04594,-13.8117
78125,1.04714,-14.253
78126,1.04497,-13.7573
78127,1.04224,-14.3873
78128,1.04014,-14.5446
78129,1.01476,-18.0264
78130,1.05012,-4.93019
78131,1.05498,-12.3721
78132,1.04436,-7.47979
78133,1.04782,-7.33012
78134,1.05787,-6.36653
78135,1.05808,-6.3736
78136,1.04819,-7.16621
78137,1.0544,-6.91799
78138,1.05577,-6.63999
78139,1.05511,-6.806
78140,1.05561,-6.64452
78141,1.05532,-6.76061
78142,1.05688,-6.76426
78143,1.05535,-6.83279
78144,1.0527,-6.98992
78145,1.0569,-6.525
78146,1.05345,-7.09152
78147,1.05318,-7.2204
78148,1.04689,-7.78627
78149,1.05159,-7.06821
78150,1.05708,-7.01649
78151,1.06778,-6.00795
78152,1.08096,-5.54533
78153,1.0794,-5.94017
78154,1.05944,-6.93576
78155,1.06009,-6.79633
78156,1.06648,-6.07795
78157,1.06334,-6.2607
78158,1.06586,-5.11586
78159,1.05788,-6.25177
78160,1.08603,-26.8775
78162,1.08179,-8.02466
78163,1.09329,-4.70696
78164,1.09183,-5.18346
78165,1.09067,-5.34115
78166,1.07237,-21.7197
78167,1.06791,-5.53958
78168,1.0459,-8.99206
78169,1.05696,-7.30723
78170,1.04601,-9.15176
78171,1.04797,-8.81529
78172,0.993645,-17.7145
78173,0.993435,-18.7287
78174,0.999653,-13.159
78175,1.09415,-1.58564
78176,1.09784,3.54503
78177,1.0478,-7.47795
78178,1.04857,-10.2731
78179,1.08023,-0.329995
78180,1.07797,-0.759756
78181,1.07531,-1.40309
78182,1.06736,-1.42573
78183,1.07333,-0.698606
78184,1.07898,0.113757
78185,1.08097,0.448481
78186,1.0769,-0.155987
78187,1.07724,0.0125278
78188,1.07833,0.247352
78189,1.07592,-0.40662
78190,1.07515,-0.416999
78191,1.07279,-0.58775
78192,1.07501,-0.358206
78193,1.07846,0.291807
78194,1.07574,-0.185427
78195,1.08142,0.946326
78196,1.07672,-0.0572495
78197,1.08586,1.21709
78198,1.07861,0.147434
78199,1.07734,-0.194296
78200,1.07962,0.2323
78201,1.07183,-2.46933
78202,1.07639,-0.261932
78203,1.07768,-0.157912
78204,1.06806,-2.39911
78205,1.04928,-5.02651
78206,1.06893,-2.72192
78207,1.07856,0.203403
78208,1.07629,-1.04257
78209,1.07372,-1.62497
78210,1.09076,-31.6758
78211,1.09692,4.17707
78212,1.09488,3.31344
78213,1.0939,2.57195
78214,1.08352,2.27311
78215,1.09326,2.50151
78216,1.09171,2.30254
78217,1.0436,-16.1635
78218,1.02781,-17.5746
78219,1.01548,-18.6603
78220,1.01363,-19.0507
78221,1.05913,-6.86829
78222,1.07881,-4.62857
78223,1.07589,-5.00085
78224,1.00986,-20.9671
78225,1.01094,-20.8062
78226,1.01573,-19.9674
78227,0.983215,-20.6854
78228,0.995034,-21.2992
78229,0.998179,-21.5416
78230,0.998175,-21.1816
78231,0.994699,-19.9505
78232,0.994511,-18.4892
78233,1.01532,-18.7112
78234,1.0112,-21.0822
78235,1.01081,-21.3917
78236,0.991429,-25.6688
78238,1.06113,-12.432
78239,1.05651,-12.5258
78240,1.06385,-16.4273
78241,1.06301,-16.6156
78242,1.08383,-3.81989
78243,1.06338,-6.21909
78244,1.07042,-6.3014
78245,1.07671,-5.29442
78246,1.07706,-5.50896
78247,1.08323,-4.70986
78248,1.09024,-4.41643
78258,1.05876,-13.4259
78259,1.05371,-14.1783
78260,1.08587,-22.3398
78261,1.08592,-22.3413
78262,1.08573,-22.3873
78263,1.08582,-22.3797
78266,1.08516,-22.433
78267,1.08822,-22.1547
78268,1.0867,-22.2174
78269,1.08253,-22.6484
78270,1.08829,-21.7846
78271,1.08607,-22.225
78272,1.05164,-12.8363
78273,1.05078,-14.17
78274,1.08108,0.759329
78275,0.991839,-9.95235
78276,1.01631,-22.9556
78277,1.02304,-21.4518
78278,1.01829,-22.3735
78279,1.00825,-23.7048
78280,1.09685,-11.7762
78281,1.09762,-11.9826
78282,1.08297,-3.6249
78283,1.08842,-2.99909
78284,1.08752,-2.98225
78285,1.08037,-4.71756
78286,1.07905,-5.239
78287,1.08136,-6.77184
78288,1.06576,-5.96872
78289,1.06393,-4.55103
78290,1.06598,-6.48518
78291,1.07922,-0.232386
78292,1.08027,0.443895
78293,1.07653,-0.0120664
78294,1.08179,0.609027
78295,1.08153,0.310613
78296,1.07791,-0.322505
78297,1.0756,-0.740663
78298,1.07033,-1.82151
78299,1.05989,-10.3079
78300,1.06919,-5.362
78301,1.04458,-7.74117
78302,1.1,-13.6327
78303,1.07388,-13.2562
78304,1.06559,-13.058
78305,1.08104,-14.1222
78306,1.06438,-13.3222
78307,1.07283,-10.9689
78308,1.07279,-8.26663
78309,1.03711,-18.0526
78310,1.0681,-2.4389
78311,1.05679,-4.04101
78312,1.05087,-4.7023
78313,1.06087,-15.1048
78314,1.06099,-15.1661
78315,1.04642,-16.6885
78316,1.03794,-8.2134
78317,1.08134,-20.4952
78318,0.961497,-28.8569
78319,0.988063,-25.9336
78320,0.986204,-26.1413
78321,0.977951,-27.4255
78322,0.969878,-28.3393
78323,0.972985,-28.5428
78324,0.995203,-26.5472
78325,0.972601,-28.2863
78326,0.981454,-27.0599
78327,0.984528,-26.71
78328,0.982354,-26.9526
78329,0.987004,-27.3372
78330,0.97669,-28.0974
78331,0.994083,-26.4102
78332,0.982045,-27.76
78333,0.975054,-27.9429
78334,0.98911,-26.04
78335,0.981633,-26.9319
78336,0.979375,-27.4505
78337,0.976294,-27.7349
78338,0.987832,-26.0293
78339,0.982636,-26.5088
78340,0.980603,-27.509
78341,0.98451,-27.3446
78342,0.990366,-26.6667
78343,0.999646,-25.884
78344,0.994176,-26.6673
78345,0.994639,-26.3969
78346,0.984006,-27.3556
78347,0.981437,-27.8996
78348,0.975225,-29.3545
78349,0.984406,-26.9717
78350,0.985175,-27.0315
78351,0.98201,-27.2641
78352,0.984325,-26.9398
78353,0.988355,-26.1683
78354,0.985723,-26.748
78355,0.985448,-26.7197
78356,0.970347,-28.6922
78357,0.983053,-26.4958
78358,0.984449,-26.4716
78359,0.992799,-24.4584
78360,0.991954,-25.2768
78361,0.991163,-25.2326
78362,0.988957,-26.097
78363,0.985867,-27.5011
78364,0.989734,-26.7529
78365,0.992822,-25.6335
78366,0.992543,-25.8493
78367,0.990859,-26.5533
78368,0.996117,-25.163
78369,0.993277,-27.0694
78370,0.991395,-25.6088
78371,0.98605,-26.6838
78372,0.97752,-27.6844
78373,0.977372,-27.742
78374,0.979616,-27.6372
78375,0.977063,-27.7537
78376,0.978862,-27.5973
78377,0.980966,-27.5603
78378,0.983693,-27.3586
78379,0.989711,-26.9843
78380,0.977303,-27.8556
78381,0.980929,-27.7409
78382,0.987266,-26.6559
78383,0.986263,-26.8908
78384,0.971545,-28.7014
78385,0.975669,-28.2274
78386,0.976546,-27.9676
78387,0.975317,-27.8643
78388,0.974867,-27.9452
78389,0.982406,-27.6317
78390,0.991247,-25.8235
78391,0.987929,-26.8191
78392,0.984765,-27.577
78393,0.982141,-28.0345
78394,0.983509,-26.8849
78395,0.976355,-28.2502
78396,0.980466,-27.9939
78397,0.982874,-27.9335
78398,0.984563,-27.5769
78399,0.982027,-28.0038
78400,0.982522,-27.3502
78401,0.97773,-28.1437
78402,0.982278,-27.2475
78403,0.983372,-27.1971
78404,0.982983,-27.3603
78405,0.979579,-27.8577
78406,0.979927,-27.8366
78407,0.979639,-27.8526
78408,0.978043,-28.1993
78409,0.979011,-28.4508
78410,0.976667,-28.6705
78411,0.975744,-28.4373
78412,0.97953,-28.1874
78413,0.975557,-28.8264
78414,0.978832,-28.4877
78415,0.978188,-28.354
78416,0.981019,-28.658
78417,0.976929,-28.9533
78418,0.979179,-27.9043
78419,0.980517,-27.534
78420,0.980512,-27.5455
78421,0.977038,-28.1939
78422,0.974712,-28.5463
78423,0.975058,-28.5263
78424,0.972741,-28.8011
78425,0.981605,-27.1887
78426,0.976066,-28.1403
78427,0.973383,-28.4003
78428,0.976406,-27.75
78429,0.968985,-28.3472
78430,0.994612,-24.4062
78431,0.993589,-24.8693
78432,0.98739,-25.4744
78433,0.9817,-26.7122
78434,0.99378,-24.4943
78435,0.993643,-24.4081
78436,1.00455,-22.1371
78437,0.994279,-26.2886
78438,0.987563,-27.1346
78439,0.979948,-28.0423
78440,0.981757,-28.1157
78441,0.983098,-27.0209
78442,0.979049,-27.9768
78443,0.979148,-28.1833
78444,0.990995,-26.2791
78445,0.988837,-26.5329
78446,0.985452,-26.9328
78447,0.977518,-28.1006
78448,0.983864,-26.4085
78449,0.970797,-28.332
78450,0.974575,-28.2301
78451,1.04709,-15.4611
78452,1.04717,-15.4038
78453,1.04595,-15.5277
78454,1.04505,-15.5642
78455,1.04238,-16.1518
78456,1.04259,-15.9344
78457,1.04615,-15.4543
78458,1.04385,-15.94
78459,1.04753,-15.2563
78460,1.04991,-14.8147
78461,1.05012,-14.7614
78462,1.04873,-15.02
78463,1.04366,-15.236
78464,1.04898,-14.9779
78465,1.04896,-15.1785
78466,1.04025,-16.682
78467,1.07945,-19.2905
78468,1.07572,-9.47686
78469,1.08074,-7.61357
78470,1.0758,-15.4024
78471,1.07242,-16.0406
78472,1.08837,-15.6753
78473,1.05302,-17.0887
78474,1.06023,-15.7481
78475,1.05382,-16.1111
78476,1.03569,-7.08894
78477,1.03987,-6.90272
78478,1.04513,-5.76967
78479,1.04496,-6.03765
78480,1.03735,-6.47585
78481,1.03399,-7.01231
78482,1.03376,-7.02114
78483,1.04201,-6.12005
78484,1.03766,-6.46525
78485,1.04113,-6.06766
78486,1.02911,-8.5996
78487,1.01931,-6.87501
78488,1.03178,-8.20822
78489,1.02327,-6.86528
78490,1.04096,-6.66701
78491,1.03515,-6.70511
78492,1.02495,-5.91989
78493,1.04041,-6.86812
78494,1.03157,-8.22665
78495,1.0364,-7.72908
78496,1.03543,-7.74163
78497,1.03935,-7.44399
78498,1.03834,-7.60512
78499,1.03995,-7.4636
78500,1.03644,-7.70779
78501,1.03705,-7.76657
78502,1.03103,-8.07291
78503,1.03737,-7.61107
78504,1.03642,-7.72963
78505,1.03794,-7.58977
78506,1.05249,-4.90781
78507,1.04061,-6.68643
78508,1.03363,-7.93226
78509,1.03122,-8.16316
78510,1.05223,-5.70983
78511,1.04987,-6.00733
78512,1.04825,-6.13738
78513,1.04504,-6.56455
78514,1.03893,-7.69398
78515,1.03919,-7.54877
78516,1.03344,-7.98515
78517,1.02022,-7.10715
78518,1.03144,-7.76196
78519,1.04669,-5.69948
78520,1.05165,-4.94355
78521,1.04898,-5.40401
78522,1.04575,-5.96908
78523,1.04403,-5.74573
78524,1.05118,-5.13694
78525,1.06157,-3.87336
78526,1.05605,-4.75931
78527,1.05345,-4.80615
78528,1.05322,-5.01246
78529,1.03528,-6.56185
78530,1.02635,-6.87848
78531,1.03691,-5.55756
78532,1.03426,-6.23713
78533,1.02639,-6.23511
78534,1.02567,-6.6332
78535,1.03054,-5.99686
78536,1.03618,-5.5477
78537,1.0316,-6.24494
78538,1.03452,-5.49685
78539,1.0477,-5.05853
78540,1.04393,-5.60542
78541,1.03708,-4.84318
78542,1.04361,-5.21844
78543,1.07843,-2.00909
78544,1.08001,-2.3093
78545,1.0772,-3.06934
78546,1.0441,-11.13
78547,1.06068,-10.3016
78548,1.06802,-9.36891
78550,1.0638,-9.77991
78551,1.04888,-15.7176
78552,1.08294,4.35342
78553,1.08195,1.43242
78554,1.08187,4.17946
78555,1.03582,-7.54505
78556,1.05429,-6.39354
78557,1.05191,-5.95571
78558,1.07227,-4.6275
78559,1.06275,-14.2196
78560,1.06476,-13.5461
78561,1.06472,-13.5643
78562,1.06434,-13.5575
78563,1.0753,-2.65256
78564,1.07395,-3.01113
78565,1.07193,-2.62267
78566,1.07496,-2.52477
78567,1.02865,-4.27614
78568,1.02828,-4.41186
78569,1.03077,-3.9342
78570,1.0301,-4.07143
78571,1.03126,-3.60295
78572,1.03257,-3.59206
78573,1.03622,-3.28797
78574,1.03241,-3.72494
78575,1.03221,-3.64484
78576,1.03228,-3.64867
78577,1.03221,-3.67987
78578,1.02826,-4.57124
78579,1.02636,-4.70742
78580,1.07055,-3.69396
78581,1.06916,-3.819
78582,1.07337,-2.11971
78583,1.06593,-4.06537
78584,1.1,-27.4336
78585,0.993597,-28.9068
78586,0.987622,-29.0974
78587,0.996194,-28.5151
78588,0.988427,-29.4022
78589,0.993106,-28.6668
78590,1.01282,-27.4367
78591,1.00415,-29.3186
78592,1.01988,-26.0589
78593,1.02204,-25.3918
78594,1.00911,-28.1666
78595,1.00219,-28.5643
78596,0.999702,-29.5092
78597,1.03162,-26.7706
78598,1.07789,-2.15141
78599,1.07882,-1.98471
78600,1.07755,-2.37071
78601,1.05323,-7.21928
78602,1.05324,-7.40588
78603,1.05565,-8.75511
78604,1.05355,-8.80911
78605,1.023,-8.59745
78606,1.04069,-6.8704
78607,1.03181,-8.45038
78608,1.0327,-8.37956
78609,1.04387,-6.82371
78610,1.04151,-7.3818
78611,1.0444,-6.87287
78612,1.04379,-7.24125
78613,1.04008,-7.5494
78614,1.05029,-6.82056
78615,1.0527,-6.71377
78616,1.05321,-6.90722
78617,1.05189,-7.1333
78618,1.05359,-6.5712
78619,1.05231,-6.96686
78620,1.03587,-7.9739
78621,1.04004,-7.60993
78622,1.05072,-6.41772
78623,1.04451,-6.98904
78624,1.04125,-7.5538
78625,1.05156,-9.03502
78626,1.05524,-7.86632
78627,1.05526,-8.03699
78628,1.0536,0.456379
78629,1.06015,1.79341
78630,1.05952,1.49313
78631,1.05375,-0.726369
78632,1.05756,-16.9785
78633,0.975175,-23.9516
78634,0.98831,-21.9762
78635,0.963374,-19.9564
78636,0.975466,-25.8571
78637,1.07196,-9.86467
78638,1.07235,-9.78853
78639,1.0713,-10.1513
78640,1.06314,-12.2187
78641,1.06297,-12.5595
78642,1.06576,-11.4576
78643,1.0665,-11.6136
78644,1.06663,-9.98156
78645,1.05814,-13.7978
78646,1.07252,-12.9211
78647,1.02364,-16.7711
78648,1.02284,-16.8019
78649,1.05744,-10.1112
