bus_id,Pg,Qg
1,945.913,367.315
1,646.568,303.689
2,422.942,190.977
3,351.549,202.63
3,129.859,64.6613
4,254.92,139.481
4,254.92,139.481
5,226.355,127.671
5,226.355,127.671
5,226.355,127.671
6,150.814,74.0904
6,141.861,68.6113
6,141.861,68.6113
7,215.804,133.377
7,94.9942,56.5985
7,388.264,185.506
8,86.7119,61.3782
9,70.0305,13.8186
10,256,4.36896
10,57.2948,14.0653
11,46.547,18.6849
13,31.8267,13.2896
13,45.6527,21.2421
14,35.2278,10.4478
14,35.2278,10.4478
14,35.2278,10.4478
14,35.2278,10.4478
15,35.5921,17.7578
15,35.5921,17.7578
15,35.5921,17.7578
15,35.5921,17.7578
15,35.5921,17.7578
16,37.4246,14.8033
16,37.4246,26.3136
17,39.1126,15.8841
17,28.3048,11.3088
18,31.5706,13.0162
18,31.5706,13.0162
18,31.5706,13.0162
18,31.5706,23.6297
19,36.111,12.5436
20,20.5784,0
21,4.58034,1.15448
21,4.58034,1.15448
21,4.58034,1.15448
21,4.58034,1.15448
23,20.6287,9.8958
25,23.5152,12.5071
26,19.7804,8.95215
26,19.7804,8.95215
26,19.7804,8.95215
27,19.6963,5.75494
28,19.5411,9.16994
29,19.9631,9.48903
30,15.9469,9.32032
31,19.8022,7.36511
31,19.5613,7.36511
31,22.5252,10.0095
31,22.5252,10.0095
31,22.3899,10.0095
32,359.27,151.953
32,378.62,200.655
33,70.4841,21.0466
33,65.5181,22.5315
33,65.5181,22.5315
33,65.5181,22.5315
33,63.5878,21.0466
33,63.5878,21.0466
33,63.5878,21.0466
33,63.5878,21.0466
33,66.3582,28.7036
33,65.5181,22.5315
33,65.5181,22.5315
33,65.5181,22.5315
34,260.922,97.856
34,260.922,97.856
35,270.446,182.471
36,244.56,146.541
36,244.56,146.541
37,236.187,140.672
37,236.187,140.672
38,479.934,262.94
38,220.371,139.429
38,220.371,139.429
38,220.371,139.429
38,220.371,139.429
38,226.689,161.31
38,226.689,161.31
39,204.849,137.269
39,204.849,137.269
39,181.761,159.055
40,17.0348,4.07077
40,20.7685,6.1319
40,14.3132,6.86799
40,63.3435,31.4033
40,63.3435,31.4033
40,63.3435,31.4033
40,146.765,85.9615
41,253.275,173.226
41,169.458,69.4916
41,169.458,69.4916
41,491.814,153.231
42,180.279,46.2794
42,180.279,46.2794
42,180.279,46.2794
42,180.279,46.2794
43,181.502,49.3156
43,100.424,20.8538
44,155.185,81.5781
45,107.746,58.432
47,108.887,11.4772
47,108.887,11.4772
47,89.3988,11.4772
50,43.5595,16.1508
51,9.13962,2.55487
51,9.13962,2.55487
51,9.13962,2.55487
51,9.13962,2.55487
51,9.13962,2.55487
51,9.13962,2.55487
52,78.4221,38.822
52,43.6851,15.7451
52,43.6851,15.7451
53,52.9594,27.6602
53,21.1052,10.2247
54,32.9547,23.4137
56,33.7988,13.0422
56,33.7988,13.0422
56,33.7988,13.0422
57,10.247,3.83957
57,10.247,3.83957
57,10.247,3.83957
58,33.0137,5.34117
58,33.0137,5.34117
58,33.0137,5.34117
58,31.1873,8.4371
59,29.0495,15.1112
60,22.1,4.87714
60,38.5023,12.5422
61,12.757,4.39917
61,12.757,4.39917
62,8.40659,4.76653
62,8.40659,4.76653
62,8.40659,4.76653
63,6.36693,3.23597
63,6.36693,3.23597
63,6.36693,3.23597
64,18.0235,4.71204
64,18.0235,4.71204
65,4.61853,1.29816
65,6.92375,2.40014
65,4.61853,1.29816
65,4.61853,1.29816
65,4.61853,1.29816
65,4.61853,1.29816
65,4.61853,1.29816
65,9.64801,2.86239
65,9.64801,2.86239
65,6.92375,2.40014
66,22.0527,9.66136
67,82.8131,21.1683
67,13.2004,2.6342
67,25.6641,5.94342
68,4.81278,0
68,4.81278,0
68,4.81278,0
69,37.4704,8.47228
69,18.8509,8.03839
71,18.0886,6.3091
75,145.279,62.0698
75,145.279,62.0698
75,136.822,67.4935
77,129.52,63.779
77,129.52,63.779
77,132.29,72.3038
78,2.80425,0.354374
78,2.80425,0.354374
78,2.80425,0.354374
78,2.80425,0.354374
78,2.80425,0.354374
78,2.80425,0.354374
78,2.80425,0.354374
78,2.80425,0.354374
78,2.80425,0.354374
78,2.80425,0.354374
78,2.80425,0.354374
78,2.80425,0.354374
78,2.80425,0.354374
78,2.80425,0.354374
78,2.80425,0.354374
78,2.80425,0.354374
78,2.80425,0.354374
78,2.80425,0.354374
78,2.80425,0.354374
78,2.80425,0.354374
78,2.80425,0.354374
78,2.80425,0.354374
78,2.80425,0.354374
78,2.80425,0.354374
78,2.80425,0.354374
78,2.80425,0.354374
78,2.80425,0.354374
78,2.80425,0.354374
78,2.80425,0.354374
78,2.80425,0.354374
78,2.80425,0.354374
79,62.3464,17.1991
82,37.0203,6.21301
83,47.0828,22.7474
83,47.0828,22.7474
83,47.0828,22.7474
84,365.746,117.378
84,72.2188,23.2047
84,30.0959,8.51726
84,30.0959,8.51726
85,39.7253,18.2242
85,58.763,36.7594
86,35.8748,14.8997
87,5.79552,0.595716
87,5.79552,0.595716
87,5.79552,0.595716
87,5.79552,0.595716
87,5.79552,0.595716
87,5.79552,0.595716
88,28.8817,7.28284
89,31.6264,10.5814
90,28.7784,5.06707
91,28.5875,17.7316
93,23.9796,9.2307
93,23.9796,9.2307
94,1.57234,0.0317768
94,1.57234,0.0317768
94,1.57234,0.0317768
94,1.57234,0.0317768
94,1.57234,0.0317768
94,1.57234,0.0317768
94,1.57234,0.0317768
94,1.57234,0.0317768
94,1.57234,0.0317768
94,1.57234,0.0317768
94,1.57234,0.0317768
94,1.57234,0.0317768
94,1.57234,0.0317768
95,8.89107,2.7297
95,8.89107,2.7297
96,7.71214,1.48689
96,7.71214,1.48689
98,17.6715,5.2755
99,3.00507,0.946801
99,3.00507,0.946801
99,3.00507,0.946801
99,3.00507,0.946801
99,3.00507,0.946801
99,3.00507,0.946801
100,16.9704,2.5234
101,16.6494,6.00348
102,17.4612,4.87325
102,17.4612,4.87325
102,19.8695,6.39907
104,15.6763,6.35795
105,1071.01,378.046
106,249.695,151.359
107,215.76,132.062
107,215.76,132.062
107,201.954,138.104
108,159.345,72.7268
108,147.042,75.2935
108,147.042,75.2935
109,42.5669,10.8265
109,31.907,10.8265
109,31.907,10.8265
109,13.1781,3.67239
110,11.4354,3.79213
110,11.4354,3.79213
110,97.5161,45.8665
110,292.581,136.902
112,20.9221,13.0065
113,17.6184,4.96616
114,14.314,5.30683
115,17.2805,8.81823
116,163.765,89.163
116,163.765,89.163
116,109.277,94.1216
117,142.097,75.4846
117,76.2565,30.6795
118,42.9026,14.1919
118,42.9026,14.1919
118,43.8271,14.9918
118,89.9308,41.0318
118,89.9308,41.0318
118,89.9308,41.0318
119,61.4492,23.9823
119,61.4492,23.9823
119,61.0924,26.4137
120,66.6442,22.1523
120,66.6442,22.1523
120,64.8361,24.382
124,35.5412,23.9269
125,9.5518,5.40169
125,9.5518,5.40169
125,9.5518,5.40169
126,8.15664,1.16481
126,8.15664,1.16481
126,8.15664,1.16481
128,9.60604,2.51019
128,9.60604,2.51019
128,9.60604,2.51019
129,16.5294,5.46411
130,2.44243,0
130,2.44243,0
130,2.44243,0
130,2.44243,0
130,2.44243,0
130,2.44243,0
131,18.2107,0
3502,1204.14,839.699
3503,918.63,627.202
3504,539.925,75.5538
3504,539.907,75.5538
3505,600.189,0
3506,436.605,185.541
3507,418.931,187.131
3508,736.317,128.488
3508,387.754,103.782
3509,559.39,233.779
3509,559.049,233.779
3510,442.932,121.32
3510,442.933,121.32
3511,418.728,236.922
3512,89.6662,19.4055
3512,161.749,59.2567
3512,161.749,59.2567
3512,71.455,20.2087
3512,71.455,20.2087
3512,71.455,20.2087
3513,348.87,170.251
3513,348.87,170.251
3513,348.87,170.251
3513,348.724,170.251
3514,508.881,240.42
3514,316.488,237.683
3515,174.36,104.43
3515,22.6668,8.01583
3515,22.6668,8.01583
3515,22.6668,8.01583
3515,22.6668,8.01583
3515,22.6668,8.01583
3515,174.36,104.43
3515,22.6668,8.01583
3515,22.6668,8.01583
3515,22.6668,8.01583
3515,22.6668,8.01583
3515,22.6668,8.01583
3515,22.6668,8.01583
3515,22.6668,8.01583
3516,111.288,12.4852
3516,111.288,12.4852
3516,111.288,12.4852
3516,230.178,9.50949
3516,230.178,9.50949
3516,230.178,9.50949
3517,183.122,0
3517,183.122,0
3517,183.122,0
3517,183.122,0
3518,122.327,41.2086
3518,166.339,55.294
3519,167.454,127.668
3519,126.158,95.6493
3519,156.463,90.002
3519,156.463,90.002
3520,148.171,0
3520,334.219,0
3520,344.95,0
3520,344.95,0
3521,75.8718,44.3958
3521,75.8718,44.3958
3521,50.8209,26.0325
3521,50.8209,26.0325
3521,26.2653,11.9001
3521,26.2653,11.9001
3521,25.4367,13.0224
3522,145.233,77.6919
3522,145.233,77.6919
3522,246.808,146.153
3523,18.685,7.57052
3523,31.7011,16.1743
3523,31.7011,16.1743
3523,31.7011,16.1743
3523,31.7011,16.1743
3523,31.7011,16.1743
3523,31.7011,16.1743
3523,153.071,91.0874
3523,73.685,36.9132
3523,18.685,7.57052
3523,18.685,7.57052
3523,15.1001,5.96806
3523,15.1001,5.96806
3523,15.685,6.28529
3523,15.685,6.28529
3523,31.7011,16.1743
3523,31.7011,16.1743
3524,142.604,90.2121
3524,142.604,90.2121
3524,212.961,142.236
3525,132.435,0
3525,132.435,0
3525,149.182,0
3526,128.631,33.7501
3526,128.631,33.7501
3526,128.631,33.7501
3526,128.774,33.7952
3526,120.829,16.9639
3526,120.829,16.9639
3527,159.713,75.6417
3527,147.875,77.5818
3528,17.9206,5.47075
3528,31.5955,10.0597
3528,31.5955,10.0597
3528,31.5955,10.0597
3528,31.5955,10.0597
3528,31.5955,10.0597
3528,31.5955,10.0597
3528,31.5955,10.0597
3528,31.5955,10.0597
3528,31.5955,10.0597
3528,31.5955,10.0597
3528,17.9206,5.47075
3528,20.7965,6.67947
3528,20.656,6.67947
3528,20.516,6.67947
3528,20.4694,6.67947
3528,17.9206,5.47075
3528,17.9206,5.47075
3528,17.9206,5.47075
3528,17.9206,5.47075
3528,17.9206,5.47075
3528,31.5955,10.0597
3528,31.5955,10.0597
3529,15.3607,7.38771
3529,18.448,9.28542
3529,15.3607,7.38771
3529,15.3607,7.38771
3529,15.3607,7.38771
3529,15.3607,7.38771
3529,15.3607,7.38771
3529,18.448,9.28542
3529,18.448,9.28542
3529,18.448,9.28542
3530,113.667,36.9599
3531,37.7148,0
3531,37.7148,0
3531,112.245,0
3531,112.245,0
3532,102.747,52.695
3532,102.747,52.695
3532,50.6261,16.7482
3532,49.4736,16.7482
3533,104.829,53.1725
3534,100.813,22.5889
3535,40.2998,0
3535,87.9017,0
3536,55.7534,11.1302
3537,43.2905,7.01176
3537,51.5553,10.5885
3538,88.6907,26.924
3540,49.8005,-0.192292
3541,209.027,95.2331
3541,209.027,95.2331
3541,88.1504,41.5528
3541,88.1504,41.5528
3542,67.044,3.66364
3542,67.044,3.66364
3542,51.2761,3.66364
3543,47.6786,20.8744
3543,82.6246,41.3654
3544,81.668,31.2273
3545,73.5194,44.2672
3545,72.5798,44.2672
3545,72.3011,44.2672
3547,104.77,34.5082
3547,179.091,67.9623
3547,48.7357,13.6011
3547,49.6439,13.9957
3548,32.7359,4.87217
3548,55.3961,12.3679
3549,60.1552,20.2522
3549,42.6333,12.662
3550,58.2434,11.1279
3550,32.22,4.86808
3551,56.339,13.3033
3551,41.7543,8.47877
3553,50.1917,0
3554,40.3051,2.7592
3554,53.4225,3.75801
3555,36.7456,12.8223
3556,37.8013,2.1558
3556,50.7695,2.43065
3557,28.5516,0
3557,28.5516,0
3557,28.5516,0
3557,28.5516,0
3557,28.5516,0
3557,28.5516,0
3557,28.5516,0
3557,28.5516,0
3557,28.5516,0
3557,28.5516,0
3557,28.5516,0
3557,28.5516,0
3557,28.5516,0
3557,28.5516,0
3557,28.5516,0
3557,28.5516,0
3558,50.188,17.4547
3558,47.8384,17.4547
3558,49.6691,17.4547
3558,49.6326,17.4547
3558,49.5599,17.4547
3558,48.9889,17.4547
3558,48.6761,17.4547
3558,48.4031,17.4547
3558,48.1016,17.4547
3558,48.0684,17.4547
3559,37.0582,10.5062
3559,52.1195,17.5421
3560,48.4627,3.85616
3563,44.2003,22.4715
3564,104.141,63.9373
3564,104.141,63.9373
3564,45.0226,10.2449
3564,45.0226,10.2449
3566,46.1919,16.3597
3567,49.0392,17.9543
3572,13.9031,5.13974
3572,13.9031,5.13974
3572,13.9031,5.13974
3573,17.6889,2.43697
3573,33.301,9.70836
3573,33.301,9.70836
3575,45.7256,17.3468
3577,34.4761,22.393
3578,38.2979,0
3578,38.2979,0
3579,39.057,0
3579,39.057,0
3580,32.8297,0
3581,40.2371,0
3581,40.2371,0
3582,40.4065,0
3582,40.4065,0
3583,41.5092,0
3584,36.4783,0
3585,43.4821,7.03988
3585,17.4176,2.90331
3586,35.4247,15.1653
3588,40.4234,14.1509
3588,40.2164,14.7846
3589,8.9738,3.17947
3589,8.9738,3.17947
3589,8.9738,3.17947
3590,33.9767,14.8635
3591,5.60282,2.64984
3591,5.60282,2.64984
3591,5.60282,2.64984
3591,5.60282,2.64984
3591,5.60282,2.64984
3592,36.6394,11.5581
3592,19.6394,5.36379
3594,35.6425,8.08053
3594,17.6079,3.02071
3595,32.7171,4.96828
3596,15.4341,5.74399
3596,15.4341,5.74399
3597,31.9187,8.62573
3598,14.2611,5.41413
3598,14.2611,5.41413
3599,3.57385,1.49087
3599,3.57385,1.49087
3599,3.57385,1.49087
3599,3.57385,1.49087
3599,3.57385,1.49087
3599,3.57385,1.49087
3600,6.0099,1.90354
3600,6.0099,1.90354
3600,6.0099,1.90354
3600,6.0099,1.90354
3601,6.96419,4.23527
3601,6.96419,4.23527
3601,6.96419,4.23527
3602,28.3211,16.7212
3603,21.9025,2.21107
3604,19.7129,3.34793
3604,40.4895,10.1412
3604,106.882,41.2688
3604,65.4805,22.9462
3605,7.27295,1.81879
3605,7.27295,1.81879
3605,7.27295,1.81879
3607,19.3007,0
3608,6.0984,2.05209
3608,6.0984,2.05209
3608,6.0984,2.05209
3608,6.0984,2.05209
3608,18.7025,10.2109
3609,20.009,7.85252
3610,15.5266,8.18044
3611,9.58618,1.15263
3611,9.58618,1.15263
3613,13.9378,7.49967
3614,20.2139,1.61436
3614,20.2139,1.61436
3615,16.5997,4.10846
3615,16.5997,4.10846
3616,14.9853,10.1291
3617,5.63567,0
3617,5.63567,0
3617,5.63567,0
3618,6.89425,3.4353
3618,6.89425,3.4353
3619,19.4325,0
3619,19.4325,0
3619,19.4325,0
3619,19.4325,0
3619,19.4325,0
3619,19.4325,0
3619,19.4325,0
3619,19.3612,0
3619,19.4325,0
3619,19.4325,0
3619,19.4325,0
3619,19.4325,0
3619,19.4325,0
3619,19.4325,0
3619,19.4325,0
3619,19.4325,0
3620,13.6246,2.53553
3620,13.6246,2.53553
3621,4.90352,2.0626
3621,4.90352,2.0626
3621,4.90352,2.0626
3623,10.8404,2.03684
3624,17.535,4.38067
3625,11.5417,5.68437
3626,7.37488,3.24527
3626,7.37488,3.24527
3627,18.1074,0
3627,18.1074,0
3627,18.1074,0
3627,18.1074,0
3627,18.1074,0
3627,17.9298,0
3627,17.9298,0
3627,17.4952,0
3627,18.1074,0
3627,18.1074,0
3627,18.1074,0
3627,18.1074,0
3627,18.1074,0
3627,18.1074,0
3627,18.1074,0
3627,18.1074,0
3628,13.6934,0
3628,13.6934,0
3628,13.6934,0
3628,13.6934,0
3628,13.6934,0
3628,13.6934,0
3628,13.6934,0
3628,13.6934,0
3628,13.6934,0
3628,13.6934,0
3628,13.6934,0
3628,13.6934,0
3629,16.1797,0.232151
8510,1147.34,384.853
8511,40.1069,4.68591
8511,1004,481.956
8511,1003.4,481.956
8512,426.96,296.014
8513,433.955,204.299
8513,638.654,303.368
8514,115.1,53.086
8514,298.368,181.078
8514,298.368,181.078
8515,171.027,59.5363
8516,169.266,91.0331
8517,159.377,88.2278
8517,159.377,88.2278
8518,167.194,92.9986
8518,290.171,174.626
8518,167.194,92.9986
8518,167.194,92.9986
8518,167.194,92.9986
8518,91.0633,42.492
8518,91.0633,42.492
8518,90.2626,42.492
8518,89.12,42.492
8518,290.171,174.626
8519,160.79,91.5747
8519,160.79,91.5747
8519,160.79,91.5747
8519,249.523,152.595
8521,91.2027,49.7492
8521,103.967,63.8916
8521,69.2615,49.267
8522,73.6895,33.4519
8523,167.944,93.638
8523,167.944,93.638
8523,238.168,139.083
8523,303.347,180.044
8523,111.282,36.8301
8523,111.282,36.8301
8523,111.282,36.8301
8523,111.282,36.8301
8524,87.0192,50.0904
8524,87.0192,50.0904
8524,89.9533,51.9829
8524,104.628,61.3314
8524,110.538,39.6051
8525,107.73,38.7334
8525,64.8361,25.7682
8526,187.157,113.153
8526,78.8508,30.6037
8526,78.8508,30.6037
8526,78.8508,30.6037
8526,78.8508,30.6037
8526,78.8508,30.6037
8526,74.8805,30.6037
8526,74.8805,30.6037
8526,74.8805,30.6037
8528,31.1103,14.816
8528,79.1365,38.4111
8528,79.1365,38.4111
8529,80.351,36.525
8529,70.1502,34.5694
8529,70.1502,34.5694
8530,57.5554,15.1911
8530,52.9992,18.9532
8531,49.6038,23.3242
8531,36.1044,9.19486
8531,35.7727,9.19486
8531,35.5418,9.19486
8531,49.6038,23.3242
8531,49.6038,23.3242
8531,49.6038,23.3242
8531,40.3611,9.19486
8531,40.3611,9.19486
8531,40.3611,9.19486
8531,40.3611,9.19486
8531,36.1044,9.19486
8532,49.4068,24.5515
8532,49.4068,24.5515
8532,49.4068,24.5515
8532,49.4068,24.5515
8532,128.971,70.5937
8532,128.971,70.5937
8533,52.9828,20.82
8533,19.1215,5.87275
8535,23.0172,3.05685
8535,113.905,39.3988
8535,23.0172,3.05685
8535,23.0172,3.05685
8535,22.0687,3.05685
8535,48.6128,10.1169
8535,48.6128,10.1169
8535,48.6128,10.1169
8535,48.6128,10.1169
8535,156.016,50.3897
8536,49.6104,17.6764
8536,49.6104,17.6764
8536,49.6104,17.6764
8536,49.6104,17.6764
8537,51.533,18.8834
8537,51.533,18.8834
8537,51.533,18.8834
8537,51.533,18.8834
8538,13.892,3.20532
8538,13.892,3.20532
8538,38.4934,14.9031
8538,38.4934,14.9031
8540,44.3141,21.3808
8540,33.2268,14.6742
8540,33.1508,14.6742
8542,41.402,9.97737
8542,41.402,9.97737
8542,41.402,9.97737
8542,32.3341,9.97737
8542,41.402,9.97737
8542,41.402,9.97737
8542,41.402,9.97737
8542,41.402,9.97737
8542,41.402,9.97737
8542,41.402,9.97737
8542,41.402,9.97737
8542,41.402,9.97737
8543,39.9608,9.70716
8543,39.9608,9.70716
8543,39.9608,9.70716
8543,39.9608,9.70716
8543,87.5702,30.8212
8543,39.9608,9.70716
8543,39.9608,9.70716
8543,39.9608,9.70716
8543,39.9608,9.70716
8543,39.9608,9.70716
8543,39.9608,9.70716
8543,39.9608,9.70716
8543,39.9608,9.70716
8544,34.7469,6.77958
8544,31.8538,6.77958
8545,10.8639,2.86225
8545,10.8639,2.86225
8546,23.6411,7.45701
8546,23.6411,7.45701
8549,17.2859,6.49492
8552,19.0222,2.72015
8552,19.0222,2.72015
8552,19.0222,2.72015
8552,19.0222,2.72015
8552,19.0222,2.72015
8552,19.0222,2.72015
8552,19.0222,2.72015
8553,1265.4,307.414
8553,1265.4,307.414
8554,1116.44,519.356
8554,1116.44,519.356
8555,961.531,321.119
8556,903.206,332.623
8556,903.206,332.623
8557,897.19,270.977
8557,0,0
8558,900.356,244.149
8558,0,0
8559,892.029,519.917
8559,0,0
8559,0,0
8560,649.503,26.2705
8560,618.185,86.6473
8560,618.185,86.6473
8561,603.265,189.493
8562,549.157,21.6288
8563,530.321,154.896
8563,530.321,154.896
8563,530.321,154.896
8564,271.196,144.545
8564,58.3208,26.5842
8565,228.675,86.9058
8565,228.675,86.9058
8565,228.675,86.9058
8566,18.5415,3.94989
8566,138.612,66.3021
8566,231.655,123.793
8566,151.335,75.334
8567,224.309,112.673
8567,224.309,112.673
8567,203.265,100.077
8568,15.1453,5.12671
8568,48.1392,22.6196
8568,48.1392,22.6196
8568,48.1392,22.6196
8568,48.1392,22.6196
8568,177.207,97.9299
8569,178.787,79.429
8570,209.196,77.5533
8570,191.775,69.9183
8570,191.775,69.9183
8571,239.342,144.577
8571,239.342,144.577
8571,174.162,100.698
8571,174.162,100.698
8571,174.162,100.698
8571,174.162,100.698
8572,231.533,103.557
8572,147.943,61.9919
8572,147.943,61.9919
8572,147.943,61.9919
8574,166.577,36.712
8574,166.577,36.712
8574,169.77,37.9639
8575,162.535,87.0817
8575,162.535,87.0817
8575,162.535,87.0817
8575,339.591,197.602
8576,149.48,27.9993
8576,149.48,27.9993
8576,149.48,27.9993
8576,149.48,27.9993
8577,128.544,37.2402
8577,128.544,37.2402
8577,265.311,93.6789
8578,154.334,71.5951
8578,154.334,71.5951
8579,48.8372,22.0501
8579,124.995,66.4557
8580,118.427,37.0139
8581,116.891,44.7289
8581,116.891,44.7289
8581,116.891,44.7289
8581,116.891,44.7289
8581,116.891,44.7289
8581,116.891,44.7289
8581,116.891,44.7289
8581,116.891,44.7289
8582,170.254,76.6561
8582,170.254,76.6561
8582,110.387,42.0167
8582,110.387,42.0167
8582,110.387,42.0167
8582,110.387,42.0167
8582,110.387,42.0167
8582,110.387,42.0167
8583,171.77,95.0871
8583,171.77,95.0871
8583,109.404,73.4127
8583,109.404,73.4127
8584,103.193,-0.216668
8586,86.146,6.32078
8587,94.9148,39.5306
8588,100.25,46.5128
8588,154.779,79.0374
8588,77.5286,34.0532
8588,77.5286,45.2905
8589,79.5339,21.8427
8590,89.2561,48.7402
8592,58.5802,0
8594,62.7981,1.20285
8595,12.5854,3.4049
8595,12.5854,3.4049
8595,12.5854,3.4049
8595,12.5854,3.4049
8595,13.26,3.62456
8595,13.26,3.62456
8595,282.155,177.935
8595,282.156,177.935
8596,13.4537,4.80859
8596,13.4537,4.80859
8596,13.4537,4.80859
8596,13.4537,4.80859
8596,14.8006,5.47228
8597,12.8502,4.52674
8597,12.8502,4.52674
8597,12.8502,4.52674
8597,12.8502,4.52674
8598,38.6757,21.285
8598,10.7227,4.30743
8598,10.7227,4.30743
8598,10.7227,4.30743
8598,10.7227,4.30743
8598,10.7227,4.30743
8598,30.8897,17.1217
8599,53.0073,2.22401
8600,54.7005,20.4399
8600,54.7005,20.4399
8600,54.7005,20.4399
8600,54.7005,20.4399
8600,54.7005,20.4399
8600,54.7005,20.4399
8600,54.7005,20.4399
8600,54.7005,20.4399
8601,52.6597,20.8883
8602,128.823,42.4678
8602,21.0001,5.5006
8602,21.0001,5.5006
8602,21.0001,5.5006
8602,54.8601,13.1711
8602,54.8601,13.1711
8602,54.8601,13.1711
8603,15.0358,2.94332
8603,15.0358,2.94332
8603,15.0358,2.94332
8603,15.0358,2.94332
8605,47.2392,-0.435325
8607,53.6311,27.2172
8607,53.6311,27.2172
8607,53.6311,27.2172
8607,53.5797,27.2172
8607,53.5111,27.2172
8608,45.7701,4.11598
8609,11.9195,3.11061
8609,11.9195,3.11061
8609,11.9195,3.11061
8610,46.2798,15.9713
8611,47.935,31.3984
8612,37.3295,19.2819
8613,46.6057,21.2152
8614,12.1408,5.28644
8614,12.1408,5.28644
8614,12.1408,5.28644
8614,146.315,85.5336
8614,80.1982,32.9392
8614,80.1982,32.9392
8614,94.445,53.3333
8615,39.8974,2.76235
8616,19.9061,9.11776
8616,19.9061,9.11776
8617,8.27463,1.11902
8617,8.27463,1.11902
8617,8.27463,1.11902
8617,8.27463,1.11902
8618,43.8015,17.147
8619,37.281,15.2554
8623,30.233,4.6393
8623,30.233,4.6393
8624,31.2606,5.67233
8624,31.2606,5.67233
8625,33.0459,8.59596
8625,33.0459,8.59596
8629,28.6665,12.0316
8630,15.7563,4.06858
8630,15.7563,4.06858
8630,65.645,28.9521
8630,65.645,28.9521
8630,65.645,28.9521
8632,25.8713,9.98315
8632,97.6898,48.1517
8633,25.5434,4.98432
8635,25.8468,0
8636,26.8071,6.24107
8636,32.7179,12.4142
8637,28.3457,9.06103
8640,14.7863,4.6718
8640,14.7863,4.6718
8641,20.8414,0
8641,25.2022,0
8641,25.2022,0
8641,25.2022,0
8641,20.8414,0
8641,20.8414,0
8641,20.8414,0
8641,20.8414,0
8641,21.6216,0
8641,21.6216,0
8641,25.2022,0
8641,25.2022,0
8642,7.48768,2.63945
8642,7.48768,2.63945
8642,7.48768,2.63945
8643,6.72525,2.54342
8643,6.72525,2.54342
8643,6.72525,2.54342
8644,20.6305,2.08827
8646,28.5328,6.96819
8646,190.566,108.637
8646,190.566,108.637
8647,22.9859,6.22589
8647,22.9859,6.22589
8648,23.0469,6.73035
8649,22.9844,7.89315
8649,22.9844,7.89315
8650,18.2608,1.06313
8651,21.2028,11.4142
8651,21.2028,11.4142
8652,3.41125,0.413085
8652,3.41125,0.413085
8652,3.41125,0.413085
8652,3.41125,0.413085
8653,18.971,0
8654,3.80932,1.52515
8654,3.80932,1.52515
8654,3.80932,1.52515
8654,3.80932,1.52515
8657,20.2439,4.93419
8657,20.2439,4.93419
8657,20.2439,4.93419
8657,20.2439,4.93419
8657,826.934,381.798
8657,826.934,381.798
8661,13.502,5.20582
8662,19.0337,4.85667
8662,19.0337,4.85667
8662,18.5758,4.85667
13881,35.2147,11.8545
13881,35.2147,11.8545
13881,35.2147,11.8545
13882,114.787,41.9905
13882,114.787,41.9905
13882,114.787,41.9905
13882,149.621,44.4522
13882,134.826,64.6639
13882,102.206,21.0322
13882,102.206,21.0322
13882,102.206,21.0322
13883,21.6636,0
13883,21.6636,0
13883,54.225,0
13883,74.0463,0
13883,74.0463,0
13884,114.816,46.2384
13884,55.3279,15.6967
13884,55.3279,15.6967
13884,323.492,116.277
13885,125.336,51.3578
13885,343.425,130.405
13885,51.9129,15.822
13886,51.4637,14.4584
13886,39.9867,10.6425
13886,39.9867,10.6425
13888,31.1892,13.0514
13889,23.0484,6.0931
13889,23.0484,6.0931
13890,6.54594,1.50763
13890,6.54594,1.50763
13891,17.675,4.07319
13892,789.624,387.259
13892,782.246,383.799
13893,631.491,304.237
13893,631.491,304.237
13894,98.3853,36.4832
13894,298.957,194.365
13894,98.3853,36.4832
13894,65.8451,24.167
13894,20.8545,5.50274
13894,72.587,40.1477
13894,72.587,40.1477
13894,626.031,286.755
13894,626.031,286.755
13894,301.035,194.365
13895,33.0055,9.42845
13895,33.0055,9.42845
13895,33.0055,9.42845
13895,33.0055,9.42845
13895,33.0055,9.42845
13895,33.0055,9.42845
13895,485.425,263.87
13895,484.241,263.87
13897,176.507,103.506
13897,176.507,103.506
13897,176.507,103.506
13897,143.895,61.7382
13897,143.895,61.7382
13898,34.9146,15.2273
13898,34.9146,15.2273
13898,34.9146,15.2273
13898,34.9146,15.2273
13898,156.757,63.631
13899,145.049,82.3956
13899,145.32,93.257
13900,153.726,80.7387
13900,173.909,94.2602
13900,173.909,94.2602
13900,173.909,94.2602
13901,107.503,9.88128
13902,12.7288,4.98268
13902,12.7288,4.98268
13902,12.7288,4.98268
13902,12.7288,4.98268
13902,12.7288,4.98268
13902,12.7288,4.98268
13902,12.7288,4.98268
13902,12.7288,4.98268
13903,76.5268,53.059
13903,173.352,161.092
13903,215.762,135.091
13904,14.2618,4.66272
13904,14.2618,4.66272
13904,41.2205,18.7162
13904,56.2966,30.2189
13905,110.703,47.4516
13908,12.9493,3.69826
13908,12.9493,3.69826
13908,8.32912,2.63191
13908,8.32912,2.63191
13908,8.32912,2.63191
13908,8.32912,2.63191
13908,8.32912,2.63191
13908,8.32912,2.63191
13912,2.47656,1.02675
13912,2.47656,1.02675
13912,2.47656,1.02675
13912,2.47656,1.02675
13912,2.47656,1.02675
13912,2.47656,1.02675
13912,2.47656,1.02675
13912,2.47656,1.02675
13917,20.6233,0
13920,1199.63,571.21
13920,0,0
13921,1183.49,478.183
13921,1170.29,600.161
13922,967.241,147.228
13922,963.739,147.228
13923,940.26,269.823
13924,675.199,304.009
13925,637.721,287.213
13925,548.695,246.021
13925,629.122,287.213
13925,321.784,134.043
13926,155.192,67.4749
13926,155.192,67.4749
13926,155.192,67.4749
13926,155.192,67.4749
13926,155.192,67.4749
13926,148.152,65.6338
13926,151.233,67.4749
13926,151.233,67.4749
13927,187.542,71.9134
13927,153.383,71.9134
13927,153.383,71.9134
13927,153.383,71.9134
13927,147.895,69.735
13927,151.378,71.9134
13928,181.691,91.4945
13928,181.691,91.4945
13928,181.691,91.4945
13928,181.691,91.4945
13928,181.691,91.4945
13929,169.344,101.3
13929,169.344,101.3
13929,172.604,103.552
13929,166.329,101.3
13929,166.329,101.3
13930,99.4544,23.8667
13930,99.4544,23.8667
13930,174.584,40.3867
13930,166.512,40.3867
13930,166.788,41.3005
13931,74.7661,25.4211
13931,74.7661,25.4211
13931,21.532,6.41221
13931,21.532,6.41221
13931,297.052,120.212
13932,38.0406,13.5934
13932,38.0406,13.5934
13932,149.667,82.7614
13932,108.91,73.4079
13933,83.3375,31.1155
13933,83.3375,31.1155
13933,23.6263,3.94813
13933,23.6263,3.94813
13933,23.6263,3.94813
13933,23.6263,3.94813
13933,61.5567,22.7528
13933,61.5567,22.7528
13934,84.3222,0.140909
13934,84.3222,0.140909
13934,84.3222,0.140909
13934,84.3222,0.140909
13936,58.4142,31.4477
13936,58.4142,31.4477
13936,22.254,8.71163
13936,22.254,8.71163
13936,22.254,8.71163
13936,225.429,103.697
13937,49.094,10.5511
13937,72.8425,6.05085
13938,59.8877,-1.34983
13938,59.8877,-1.34983
13940,14.7496,2.78647
13940,14.7496,2.78647
13940,14.7496,2.78647
13940,14.7496,2.78647
13941,44.9181,15.5237
13942,48.9183,27.8073
13942,48.9183,27.8073
13943,44.0207,15.7285
13943,44.0207,15.7285
13943,44.0207,15.7285
13943,44.0207,15.7285
13943,44.0207,15.7285
13943,44.0207,15.7285
13945,45.7283,8.43537
13946,6.16547,3.35062
13946,6.16547,3.35062
13946,6.16547,3.35062
13946,6.16547,3.35062
13946,6.16547,3.35062
13946,6.16547,3.35062
13948,41.6391,23.5549
13949,34.1612,13.0223
13949,34.1612,13.0223
13949,57.1006,33.6005
13950,30.6758,18.6464
13950,30.6758,18.6464
13950,30.6758,18.6464
13950,30.6758,18.6464
13951,32.7829,17.7116
13953,43.2,16.6077
13954,9.65274,1.37402
13954,9.65274,1.37402
13954,9.65274,1.37402
13955,95.6779,57.6964
13955,95.6779,57.6964
13955,25.507,5.98051
13955,25.507,5.98051
13955,25.507,5.98051
13955,28.0738,8.5356
13955,58.2112,22.2345
13956,27.034,9.7786
13956,27.034,9.7786
13956,43.9649,19.3561
13956,43.9649,19.3561
13956,385.36,264.639
13957,49.3659,19.1447
13957,32.929,12.5244
13957,73.0151,36.1087
13958,18,6.57674
13958,18,6.57674
13959,36,19.3723
13959,36,19.3723
13959,36,19.3723
13960,24.0567,9.35105
13961,23.0309,8.67373
13962,8.11778,0.233731
13962,8.11778,0.233731
13962,8.11778,0.233731
13963,8.02938,2.10021
13963,8.02938,2.10021
13963,8.02938,2.10021
13964,8.54695,0.411442
13964,8.54695,0.411442
13965,25.5606,11.9981
13966,18.7902,5.1853
13966,18.7902,5.1853
13966,18.7902,5.1853
13966,18.7902,5.1853
13966,18.7902,5.1853
13966,18.7902,5.1853
13966,18.7902,5.1853
13966,18.7902,5.1853
13966,58.0562,20.9517
13968,19.2688,5.4675
13969,22.8324,10.2787
13970,20.1764,4.94714
13970,26.1337,7.01529
13970,26.1337,7.01529
13971,13,2.56741
13971,13,2.56741
13972,8.6,0
13972,8.6,0
13972,8.6,0
13973,8.5,0.336806
13973,8.5,0.336806
13973,8.5,0.336806
13974,18.7698,4.43723
13974,18.7698,4.43723
13974,18.7698,4.43723
13974,18.7698,4.43723
13975,3.80078,0.909675
13975,14.8152,3.27632
13975,3.80078,0.909675
13975,3.80078,0.909675
13975,3.80078,0.909675
13975,3.80078,0.909675
13975,3.80078,0.909675
13975,14.8152,3.27632
13975,14.8152,3.27632
13975,14.8152,3.27632
13976,20.4327,9.69878
13976,20.4327,9.69878
13977,22,7.13151
13977,21.5012,7.13151
13977,20.0185,7.13151
13978,20.6663,8.68956
13979,13.3991,0.737786
13979,13.3991,0.737786
13979,13.3991,0.737786
13979,13.3991,0.737786
13979,22.2241,8.72482
13980,906.631,383.876
13980,906.631,383.876
13981,85.1611,44.9674
13981,812.91,392.368
13981,190.897,117.363
13981,100.507,43.5254
13981,100.507,43.5254
13981,100.507,43.5254
13981,100.507,43.5254
13981,100.507,43.5254
13981,100.507,43.5254
13981,100.507,43.5254
13982,677.525,364.368
13982,677.525,364.368
13983,421.655,43.5968
13983,421.655,43.5968
13983,421.655,43.5968
13983,421.655,43.5968
13983,421.655,43.5968
13983,421.655,43.5968
13984,319.078,6.74318
13984,319.078,6.74318
13985,164.012,14.5965
13986,177.387,155.568
13986,177.387,155.568
13986,177.387,155.568
13987,124.346,21.8803
13987,124.346,37.3165
13987,278.972,211.528
13988,147.652,-3.39562
13988,147.652,-3.39562
13988,147.652,-3.39562
13988,305.17,-54.2485
13989,141.71,42.7375
13989,141.71,42.7375
13989,141.71,42.7375
13989,141.71,42.7375
13989,141.71,42.7375
13990,146.806,69.5551
13990,146.615,69.5551
13990,146.615,69.5551
13991,144.937,69.5387
13991,152.053,74.1637
13991,152.053,74.1637
13991,152.053,74.1637
13992,15.4289,5.72539
13992,99.343,41.6895
13992,99.343,41.6895
13992,18.0148,7.1239
13992,18.0148,7.1239
13992,18.0148,7.1239
13992,18.0148,7.1239
13992,224.326,134.037
13992,15.4289,5.72539
13992,15.4289,5.72539
13992,15.4289,5.72539
13992,15.4289,5.72539
13992,15.4289,5.72539
13992,15.4289,5.72539
13992,15.4289,5.72539
13992,169.375,100.831
13993,65.5014,4.24477
13993,65.5014,4.24477
13993,144.257,19.2924
13993,144.257,19.2924
13993,110.293,12.0928
13994,117.617,51.2802
13994,117.617,51.2802
13994,117.617,51.2802
13995,132.738,14.5456
13995,82.0267,10.147
13995,82.0267,10.147
13995,98.023,17.6789
13995,98.023,17.6789
13995,98.023,17.6789
13995,98.023,17.6789
13996,137.993,42.7605
13996,106.028,18.0711
13996,104.925,18.6202
13996,73.272,21.9429
13996,540.089,182.968
13996,270.119,105.607
13996,57.9582,8.15109
13996,53.0569,7.49472
13998,15.9305,3.74758
13998,27.7219,7.09964
13998,13.0365,3.19071
13998,13.0365,3.19071
13998,13.0365,3.19071
13998,13.0365,3.19071
13998,13.0365,3.19071
13999,74.8545,0
13999,77.1877,0
13999,77.1877,0
13999,77.1877,0
14000,77.5093,34.316
14000,207.182,161.535
14001,20.8362,8.37537
14001,27.8229,14.3015
14001,9.48115,3.25148
14001,9.48115,3.25148
14001,9.48115,3.25148
14001,9.48115,3.25148
14001,9.48115,3.25148
14001,9.48115,3.25148
14001,9.48115,3.25148
14003,64.4412,7.95019
14003,64.4412,7.95019
14003,64.4412,7.95019
14003,64.4412,7.95019
14005,67.6614,12.9031
14005,67.6614,12.9031
14005,67.6614,12.9031
14005,67.6614,12.9031
14005,142.082,27.7806
14006,16.5086,4.1109
14006,16.5086,4.1109
14006,16.5086,4.1109
14006,16.5086,4.1109
14007,44.6868,20.5326
14008,49.8861,13.7954
14009,60.8381,34.0922
14010,48.4318,8.41885
14010,48.4318,8.41885
14011,136.777,-1.17227
14011,52.9678,3.57332
14012,9.45814,3.14241
14012,9.45814,3.14241
14012,9.45814,3.14241
14012,9.45814,3.14241
14012,20.8431,8.73336
14012,20.8431,8.73336
14013,43.293,17.208
14013,43.293,17.208
14014,45.6677,11.3979
14014,45.6677,11.3979
14014,45.6677,11.3979
14014,45.6677,11.3979
14014,45.6677,11.3979
14014,45.6677,11.3979
14014,45.6677,11.3979
14015,48.6403,25.0375
14015,48.6403,25.0375
14016,29.0333,15.7742
14016,29.0333,15.7742
14017,35.346,13.217
14017,35.346,13.217
14017,35.346,13.217
14017,35.346,13.217
14018,43.0563,21.2079
14018,43.0563,21.2079
14018,43.0563,21.2079
14018,43.0563,21.2079
14018,43.0563,21.2079
14020,39.8252,6.46734
14020,39.8252,6.46734
14020,39.8252,6.46734
14020,39.8252,6.46734
14020,39.8252,6.46734
14020,39.8252,6.46734
14021,37.8119,8.19115
14021,37.8119,8.19115
14022,34.5534,13.7811
14022,34.5534,13.7811
14023,9.81892,2.85605
14023,9.81892,2.85605
14024,4.51008,2.27316
14024,4.51008,2.27316
14024,4.51008,2.27316
14024,4.51008,2.27316
14025,17.0336,6.94129
14027,2.26112,0.770281
14027,2.26112,0.770281
14027,2.26112,0.770281
14027,2.26112,0.770281
14027,2.26112,0.770281
14027,2.26112,0.770281
14028,3.38727,0.658401
14028,3.38727,0.658401
14028,3.38727,0.658401
14028,3.38727,0.658401
14030,3.73354,1.305
14030,3.73354,1.305
14030,3.73354,1.305
14031,19.2041,4.73635
14031,19.2041,4.73635
14032,13.5711,8.05553
14032,13.5711,8.05553
14032,13.5711,8.05553
14033,588.205,43.5189
14034,817.586,110.357
14034,481.499,66.4658
14034,481.496,66.4658
14035,724.114,-143.408
14035,721.168,-143.408
14036,617.486,-100.967
14036,617.486,-100.967
14036,617.486,-100.967
14037,598.07,-118.537
14037,598.07,-118.537
14038,520.925,26.1365
14038,520.925,26.1365
14039,484.662,55.5027
14039,530.415,62.2502
14039,530.415,62.2502
14040,187.699,5.08471
14040,187.699,5.08471
14040,187.699,5.08471
14042,151.782,-3.99208
14042,151.782,-3.99208
14043,88.1059,30.8349
14043,88.1059,30.8349
14043,88.1059,30.8349
14043,88.1059,30.8349
14043,329.718,63.0696
14044,71.6456,17.3091
14045,70.1069,-5.07577
14045,125.196,-13.3542
14047,73.9729,5.69311
14047,73.9729,5.69311
14047,73.9729,5.69311
14047,73.9729,5.69311
14047,73.9729,5.69311
14047,73.9729,5.69311
14049,112.499,21.4085
14049,51.1098,8.47995
14049,51.1098,8.47995
14050,48.7073,3.47601
14051,43.5143,-4.93751
14052,40.0445,9.50878
14052,40.0445,9.50878
14052,40.0445,9.50878
14052,40.0445,9.50878
14052,40.0445,9.50878
14052,40.0445,9.50878
14053,118.946,1.19448
14053,34.345,4.27624
14058,13.9536,2.60652
14058,13.9536,2.60652
14058,13.9536,2.60652
14058,13.9536,2.60652
14060,12.2551,0.990768
14060,12.2551,0.990768
20401,1003.28,-70.1605
20401,0,0
20402,353.781,134.622
20402,353.781,134.622
20402,353.781,134.622
20402,335.683,134.622
20402,335.683,134.622
20403,41.4495,29.0729
20403,41.4494,29.0729
20403,367.82,247.823
20404,422.697,33.9249
20404,422.698,33.9249
20405,84.855,13.7614
20405,432.952,135.782
20405,409.686,135.782
20406,480.83,67.278
20406,479.046,67.278
20406,209.675,35.187
20406,389.042,57.3608
20407,44.238,11.4449
20407,44.238,11.4449
20407,176.42,12.0282
20407,176.42,12.0282
20408,195.057,58.5525
20408,195.057,58.5525
20408,195.057,58.5525
20408,195.057,58.5525
20408,195.057,58.5525
20408,195.057,58.5525
20409,153.913,24.3909
20409,153.913,24.3909
20409,158.221,25.3237
20410,168.273,75.7087
20411,146.118,106.205
20411,28.7844,14.567
20411,289.3,243.732
20412,122.779,103.277
20412,122.779,103.277
20412,69.3715,93.774
20413,142.533,45.5377
20413,142.533,45.5377
20413,142.533,45.5377
20413,142.533,45.5377
20413,226.955,83.9605
20413,226.955,83.9605
20414,84.4695,32.0106
20414,18.8386,5.76966
20414,18.8386,5.76966
20414,435.385,238.311
20414,84.4695,32.0106
20414,69.2614,33.2618
20414,69.2614,33.2618
20414,141.402,62.2843
20414,18.8386,5.76966
20414,18.8386,5.76966
20414,18.8386,5.76966
20414,18.8386,5.76966
20415,98.8418,18.1885
20415,98.8418,18.1885
20415,98.8418,18.1885
20415,185.287,25.2294
20416,107.415,67.6045
20417,120.873,51.7859
20417,120.873,51.7859
20417,177.516,82.8042
20417,533.798,241.943
20418,23.3421,10.669
20418,14.9205,9.90045
20418,14.9205,9.90045
20418,14.9205,9.90045
20418,14.9205,9.90045
20418,14.9205,9.90045
20418,19.5716,17.2551
20418,15.3043,12.7778
20419,118.239,20.4401
20419,118.239,20.4401
20419,116.577,20.4401
20419,116.577,20.4401
20421,109.223,46.5042
20421,109.223,46.5042
20422,80.6532,68.611
20422,85.4003,80.5544
20422,85.7256,80.9507
20422,85.7256,80.9507
20423,79.3913,3.76958
20423,79.3913,3.76958
20423,79.3913,3.76958
20423,79.3913,3.76958
20425,96.6879,22.4384
20425,93.1628,22.0606
20425,86.0755,19.7747
20425,86.0754,19.7747
20425,87.849,28.1951
20425,156.186,53.6598
20425,321.801,96.8858
20428,72.8251,12.6679
20428,192.675,-6.75792
20429,61.923,23.9641
20430,105.858,74.0787
20430,105.187,74.6532
20430,60.6742,24.5963
20430,50.6761,24.2564
20431,56.4603,22.1562
20432,49.4194,21.65
20433,32.5118,0
20434,29.6123,0
20435,17.0179,4.37171
20435,8.51759,3.2417
20435,8.51759,3.2417
20435,8.51759,3.2417
20435,8.51759,3.2417
20435,8.51759,3.2417
20435,8.51759,3.2417
20436,68.7134,17.0816
20436,68.7134,17.0816
20436,68.7134,17.0816
20436,68.7134,17.0816
20436,68.7134,17.0816
20436,68.7134,17.0816
20436,68.7134,17.0816
20436,68.7134,17.0816
20437,70.9488,26.6202
20437,70.9488,26.6202
20437,70.9488,26.6202
20437,70.9488,26.6202
20438,47.8971,18.2033
20438,47.8971,18.2033
20438,47.8971,18.2033
20438,47.8971,18.2033
20438,47.8971,18.2033
20438,47.8971,18.2033
20439,46.9521,31.1475
20440,42.1681,22.329
20440,42.1681,22.329
20440,52.385,29.2628
20440,52.385,29.2628
20440,52.385,29.2628
20442,50.6284,28.0844
20442,50.6284,28.0844
20442,50.6284,28.0844
20442,50.6284,28.0844
20444,31.9906,8.4421
20444,39.1006,11.7694
20444,35.1732,11.4274
20445,43.5646,18.8664
20445,99.8363,55.0295
20445,57.8329,29.1873
20445,57.8329,29.1873
20445,36.178,16.7978
20445,36.178,16.7978
20446,32.3837,11.046
20446,32.3837,11.046
20448,34.6455,15.1842
20448,34.6455,15.1842
20448,77.251,39.9006
20449,27.3689,6.36152
20449,47.2637,8.49801
20449,23.9719,5.7483
20450,53.3595,26.5828
20450,26.9371,11.6348
20451,19.0752,8.82817
20452,18.2783,7.99285
20453,7.13586,1.99286
20453,7.13586,1.99286
20454,3.59801,0
20454,3.59801,0
20454,3.59801,0
20454,3.59801,0
20455,7.27051,1.94094
20455,7.27051,1.94094
20457,12.0345,1.99448
20457,12.0345,1.99448
20457,12.0345,1.99448
20458,366.044,-72.5152
20458,78.1264,8.04252
20458,78.1264,8.04252
20458,78.1264,8.04252
20458,78.1264,8.04252
20458,78.1264,8.04252
20458,78.1264,8.04252
20458,78.1264,8.04252
20458,78.1264,8.04252
20458,366.044,-72.5152
20458,366.044,-72.5152
20458,92.712,-32.2009
20458,105.53,-17.8187
20458,78.1264,8.04252
20458,78.1264,8.04252
20458,78.1264,8.04252
20458,78.1264,8.04252
20459,1108.03,481.761
20459,1118.94,490.67
20460,724.307,379.569
20461,610.737,279.818
20461,610.737,279.818
20461,54.7438,23.8566
20461,54.7438,23.8566
20461,54.7438,23.8566
20462,263.013,39.9915
20462,263.013,39.9915
20462,263.013,39.9915
20462,263.013,39.9915
20462,263.013,39.9915
20462,263.013,39.9915
20463,169.825,124.433
20463,131.822,118.722
20463,240.633,163.927
20464,429.442,347.994
20464,151.691,65.2115
20464,165.669,169.959
20465,122.917,31.1867
20465,122.917,31.1867
20465,122.917,31.1867
20465,215.021,62.2489
20465,215.021,62.2489
20465,215.021,62.2489
20466,15.4538,9.20947
20466,12.0468,5.51285
20466,12.0468,5.51285
20466,12.0468,5.51285
20466,12.0468,5.51285
20466,15.4538,9.20947
20466,15.4538,9.20947
20466,15.4538,9.20947
20466,12.0468,5.51285
20466,12.0468,5.51285
20466,12.0468,5.51285
20466,12.0468,5.51285
20466,12.0468,5.51285
20467,145.983,53.3229
20467,145.983,53.3229
20467,157.414,63.5724
20467,129.026,53.3229
20467,129.026,53.3229
20468,118.514,75.5049
20468,131.185,43.8405
20468,131.185,43.8405
20468,131.185,43.8405
20469,136.027,54.6795
20469,136.027,54.6795
20469,136.027,54.6795
20469,136.027,54.6795
20470,28.7757,12.7595
20470,28.7757,12.7595
20470,17.3978,8.25581
20470,17.3978,8.25581
20470,17.3978,8.25581
20470,17.3978,8.25581
20470,17.3978,8.25581
20470,17.3978,8.25581
20471,102.159,16.5905
20471,102.159,16.5905
20472,127.947,78.9116
20473,96.3956,16.0591
20473,96.3956,16.0591
20473,92.9028,16.0591
20473,92.9028,16.0591
20473,129.391,15.4683
20473,129.643,13.9471
20475,75.673,30.559
20476,87.5024,24.741
20476,85.6184,50.8437
20476,478.776,201.141
20477,117.499,60.0163
20477,92.521,44.951
20477,92.521,44.951
20479,69.634,15.8186
20479,69.634,15.8186
20479,69.634,15.8186
20479,69.634,15.8186
20480,360.269,314.92
20480,46.8581,20.7793
20480,46.8581,20.7793
20480,46.8581,20.7793
20481,73.207,36.3549
20481,73.207,36.3549
20481,73.207,36.3549
20481,73.207,36.3549
20483,11.475,3.34746
20483,11.475,3.34746
20483,11.475,3.34746
20483,11.475,3.34746
20483,11.475,3.34746
20485,49.0229,6.82571
20485,49.0229,6.82571
20487,30.899,4.82316
20489,10.1635,2.89537
20489,10.1635,2.89537
20489,10.1635,2.89537
20489,10.1635,2.89537
20490,11.6062,3.42268
20490,11.6062,3.42268
20490,11.6062,3.42268
20490,11.6062,3.42268
20490,15.1843,4.93082
20490,15.1843,4.93082
20490,16.4931,5.68527
20493,41.1591,28.0345
20494,45.5004,23.0112
20494,45.5004,23.0112
20494,45.5004,23.0112
20494,45.5004,23.0112
20494,45.5004,23.0112
20494,45.5004,23.0112
20494,67.1364,23.4477
20494,85.9996,48.2208
20494,85.9996,48.2208
20496,46.8858,17.0477
20497,32.4404,11.1207
20498,6.16949,3.27852
20498,6.16949,3.27852
20498,6.16949,3.27852
20498,6.16949,3.27852
20498,6.16949,3.27852
20500,56.4929,29.157
20500,56.4929,29.157
20500,56.4929,29.157
20500,30.7124,12.5355
20500,30.7124,12.5355
20500,31.8752,13.7171
20502,33.8375,15.4605
20502,32.6817,15.4605
20502,31.6197,15.7017
20502,30.8926,15.4605
20504,20.5981,11.3418
20505,26.6041,6.34126
20505,26.6041,6.34126
20505,65.8896,15.3165
20506,23.0996,14.2742
20507,13.0562,3.23593
20507,13.0562,3.23593
20509,4.96155,2.69577
20509,4.96155,2.69577
20509,4.96155,2.69577
20510,23.6898,1.68955
20512,9.80617,10.8634
20513,4.14897,1.41827
20513,4.14897,1.41827
20513,4.14897,1.41827
20513,4.14897,1.41827
20513,11.5283,7.69067
20514,21.8714,5.07706
20514,21.8714,5.07706
20515,9.49609,-2.72878
20516,16.7507,1.7245
20517,4.54886,1.06186
20517,4.54886,1.06186
20517,4.54886,1.06186
20518,4.32298,0.637387
20518,4.32298,0.637387
20518,4.32298,0.637387
20518,4.32298,0.637387
20518,4.32298,0.637387
20520,6.49776,2.08832
20520,6.49776,2.08832
20522,8.76684,1.89559
20523,2.40188,0.675242
20523,2.40188,0.675242
20523,2.40188,0.675242
20523,2.40188,0.675242
20523,2.40188,0.675242
20523,2.40188,0.675242
20523,2.40188,0.675242
20524,18.417,3.04806
20524,23.4338,4.01704
20527,3.2107,0.0195012
20527,3.2107,0.0195012
20527,3.2107,0.0195012
20528,12.6541,10.3856
20529,10.1285,-2.02037
20529,10.1285,-2.02037
20529,10.1285,-2.02037
20530,13.4336,6.71756
20531,0,0
20532,1290.55,341.055
20533,1249.21,-206.849
20533,0,0
20534,909.314,417.257
20535,23.6941,6.42488
20535,622.396,166.471
20536,617.655,142.663
20536,583.966,199.435
20536,583.966,199.435
20537,568.303,80.1437
20537,568.303,80.1437
20537,568.303,80.1437
20537,568.303,80.1437
20538,125.318,70.8961
20538,125.318,70.8961
20538,125.318,70.8961
20538,77.9517,41.9535
20538,77.9517,41.9535
20538,77.9517,41.9535
20538,77.9517,41.9535
20538,77.9517,41.9535
20540,242.993,159.878
20541,184.662,49.4077
20541,184.662,49.4077
20541,201.366,53.7279
20541,201.366,53.7279
20541,575.264,110.218
20542,201.073,11.6864
20542,201.073,11.6864
20542,201.073,11.6864
20542,201.073,11.6864
20542,201.073,11.6864
20543,276.05,8.93055
20543,166.642,13.6315
20543,166.642,13.6315
20544,186.693,110.101
20544,186.693,110.101
20544,186.693,110.101
20545,168.196,39.8394
20545,168.196,39.8394
20545,168.196,39.8394
20545,168.196,39.8394
20545,168.196,39.8394
20546,168.473,66.3952
20546,168.473,66.3952
20546,168.473,66.3952
20546,168.473,66.3952
20546,655.529,346.9
20546,655.529,346.9
20546,310.466,142.949
20547,145.959,12.4111
20547,145.959,12.4111
20547,145.959,12.4111
20547,349.203,-3.31346
20548,164.241,87.0323
20548,164.241,87.0323
20548,164.241,87.0323
20548,164.241,87.0323
20549,140.083,11.2964
20549,140.083,11.2964
20549,140.083,11.2964
20549,140.083,11.2964
20549,301.526,2.49809
20549,301.526,2.49809
20550,139.986,76.5792
20550,817.303,358.425
20550,420.524,169.382
20550,420.524,169.382
20551,120.693,55.0825
20551,120.693,55.0825
20551,194.942,94.7802
20552,124.582,68.0699
20552,124.582,68.0699
20552,21.1173,8.30743
20553,16.0842,4.35012
20553,16.0842,4.35012
20553,16.0842,4.35012
20553,16.0842,4.35012
20553,16.0842,4.35012
20553,16.0842,4.35012
20553,16.0842,4.35012
20554,110.273,42.3223
20554,110.273,42.3223
20554,193.886,104.336
20554,110.273,56.3184
20554,23.9735,6.55174
20554,664.529,285.634
20555,138.353,37.7528
20555,427.519,162.789
20555,103.123,25.2113
20555,91.0707,21.5321
20555,93.3348,22.2607
20555,37.2718,7.06145
20555,37.2718,7.06145
20555,37.2718,7.06145
20555,37.2718,7.06145
20555,215.833,98.8829
20556,91.4932,53.0301
20557,124.47,10.3501
20557,124.47,10.3501
20557,78.1542,7.10577
20559,82.2207,44.4573
20559,82.2207,44.4573
20559,82.2207,44.4573
20559,82.2207,44.4573
20559,82.2207,44.4573
20559,82.2207,44.4573
20560,86.5402,44.4583
20560,86.5402,44.4583
20560,86.5402,44.4583
20560,86.5402,44.4583
20561,74.3263,32.4712
20561,74.3263,32.4712
20561,74.3263,32.4712
20561,74.3263,32.4712
20561,74.3263,32.4712
20561,74.3263,32.4712
20561,74.3263,32.4712
20561,74.3263,32.4712
20562,76.3341,27.5216
20562,28.5103,6.12374
20562,668.335,377.271
20563,55.7909,19.4213
20563,55.7909,19.4213
20563,74.9468,28.2327
20563,74.9468,28.2327
20563,74.9468,28.2327
20563,74.9468,28.2327
20563,74.9468,28.2327
20564,73.5461,38.5383
20564,91.446,49.8245
20564,93.9104,51.4538
20565,29.1708,9.49855
20565,57.6396,27.2531
20565,57.6396,27.2531
20565,57.6396,27.2531
20565,57.6396,27.2531
20565,56.9699,27.2531
20565,56.9699,27.2531
20566,9.13186,1.59486
20566,9.13186,1.59486
20566,9.13186,1.59486
20566,9.13186,1.59486
20566,9.13186,1.59486
20566,15.7984,3.31202
20567,44.6793,-2.35055
20568,10.2005,2.50214
20568,10.2005,2.50214
20568,10.2005,2.50214
20568,10.2005,2.50214
20568,136.205,36.3798
20568,512.949,202.656
20568,513.54,202.896
20569,52.8749,27.5917
20569,52.8749,27.5917
20569,52.8749,27.5917
20569,52.8749,27.5917
20570,15.1747,0
20570,9.15329,1.11296
20570,9.15329,1.11296
20570,9.15329,1.11296
20570,9.15329,1.11296
20571,38.1688,15.0473
20572,7.81184,1.94465
20572,7.81184,1.94465
20572,7.81184,1.94465
20572,7.81184,1.94465
20573,8.68767,3.38284
20573,8.68767,3.38284
20573,8.68767,3.38284
20575,30.3878,10.2261
20577,10.7955,3.1259
20577,10.7955,3.1259
20578,30.58,7.84669
20579,30.5527,9.54236
20580,18.9661,2.75844
20581,3.18902,0.878222
20581,3.18902,0.878222
20581,3.18902,0.878222
20581,3.18902,0.878222
20581,3.18902,0.878222
20581,3.18902,0.878222
20584,151.17,12.0139
20584,36.8198,7.25007
20584,16.3037,3.60002
20585,19.8225,5.4755
20585,17.0607,4.6762
20585,22.305,6.46986
20587,9.242,2.73157
20587,9.242,2.73157
20588,12.3593,-0.709514
20588,12.3593,-0.709514
20589,13.3399,-0.101763
20589,13.3399,-0.101763
20589,13.3399,-0.101763
20590,17.1304,4.80779
20590,19.6203,7.99212
20590,19.6203,7.99212
20591,4.47943,1.98232
20591,4.47943,1.98232
20591,4.47943,1.98232
20592,17.5826,7.24902
27810,1014.36,120.227
27810,1009.22,120.227
27811,552.551,309.918
27811,552.55,309.918
27812,361.393,283.796
27812,361.392,283.796
27813,282.944,214.483
27813,276.255,214.483
27814,176.181,79.5328
27814,168.629,169.019
27814,163.918,169.019
27814,94.6581,42.5537
27815,34.3813,10.4008
27815,245.963,87.5608
27815,241.323,87.5608
27815,241.323,87.5608
27815,217.317,99.8987
27816,470.494,214.888
27816,470.497,214.888
27816,586.326,278.698
27816,265.155,100.48
27816,314.736,130.244
27817,122.922,42.6611
27817,122.922,42.6611
27819,60.7132,28.4673
27819,13.6118,2.97513
27819,52.2169,21.1332
27819,172.911,76.7537
27819,221.227,127.575
27819,120,26.4505
27820,104.808,87.5928
27820,104.808,87.5928
27821,382.136,199.282
27821,382.136,199.282
27821,253.434,89.3551
27821,253.434,89.3551
27821,253.434,89.3551
27821,253.434,89.3551
27821,253.434,89.3551
27821,253.434,89.3551
27822,37.747,10.9054
27822,37.747,10.9054
27822,37.747,10.9054
27822,37.747,10.9054
27822,221.721,229.246
27822,233.782,143.708
27822,233.782,143.708
27823,176.914,137.337
27824,13.9478,3.96935
27824,13.9478,3.96935
27824,48.923,15.0749
27824,73.7229,20.8338
27824,168.631,78.6616
27825,108.522,-4.1136
27825,92.6663,-0.327207
27826,36.7767,11.1455
27826,36.7767,11.1455
27826,36.7767,11.1455
27826,36.7767,11.1455
27826,239.293,173.995
27826,141.521,101.228
27826,141.521,101.228
27826,141.521,101.228
27826,141.521,101.228
27827,131.017,65.116
27827,131.017,65.116
27827,131.017,65.116
27828,127.862,68.7768
27828,61.0194,17.2493
27829,124.149,35
27829,124.149,35
27830,112.74,30.1499
27830,112.74,30.1499
27830,80.502,28.5387
27831,34.9371,10.6557
27831,34.9371,10.6557
27831,14.7339,4.26671
27831,51.5656,13.9528
27831,180.787,72.4708
27831,126.876,50.0325
27832,126.406,39.4134
27832,126.416,39.4748
27832,126.416,39.4748
27832,126.416,39.4748
27832,126.416,39.4748
27833,146.891,12.3036
27833,76.2139,9.01392
27834,116.348,15.5415
27834,116.348,15.5415
27834,119.044,28.6457
27834,116.348,28.316
27834,116.348,28.316
27834,62.5364,20.8959
27835,103.675,78.2776
27835,130.54,51.0822
27835,130.54,51.0822
27836,38.6402,14.895
27836,121.197,38.8466
27836,121.197,38.8466
27836,121.197,38.8466
27836,108.582,82.5393
27836,38.6402,14.895
27836,38.6402,14.895
27836,38.6402,14.895
27836,136.54,136.128
27836,121.197,38.8466
27836,121.197,38.8466
27836,121.197,38.8466
27836,121.197,38.8466
27837,84.6863,44.5201
27837,26.6023,7.43639
27837,26.6023,7.43639
27837,26.6023,7.43639
27837,26.6023,7.43639
27837,168.919,54.9172
27837,57.2795,54.9172
27837,201.824,185.551
27837,120.481,57.9948
27837,120.481,57.9948
27837,120.481,57.9948
27837,26.6023,7.43639
27837,120.481,57.9948
27837,120.481,57.9948
27837,120.481,57.9948
27837,26.6023,7.43639
27837,26.6023,7.43639
27837,26.6023,7.43639
27837,26.6023,7.43639
27837,26.6023,7.43639
27837,26.6023,7.43639
27837,26.6023,7.43639
27838,343.761,171.438
27838,124.207,73.8838
27838,94.759,57.1798
27838,343.761,171.438
27838,124.207,73.8838
27838,124.207,73.8838
27838,124.207,73.8838
27838,124.207,73.8838
27838,124.207,73.8838
27838,124.207,73.8838
27838,124.207,73.8838
27839,250.6,218.207
27839,250.6,218.207
27839,352.949,126.131
27839,118.836,36.8197
27839,118.836,36.8197
27839,118.836,36.8197
27839,118.836,36.8197
27840,230.066,24.7741
27840,163.685,37.8
27840,163.685,37.8
27840,163.685,37.8
27840,163.685,37.8
27840,230.066,24.7741
27840,351.396,48.2153
27840,111.97,23.8544
27840,111.97,23.8544
27840,111.97,23.8544
27840,111.97,23.8544
27840,163.685,37.8
27840,163.685,37.8
27841,498.008,230.237
27841,500.953,280.519
27841,362.997,171.013
27841,162.129,136.515
27841,162.129,136.515
27841,124.068,46.6987
27841,124.068,46.6987
27841,124.068,46.6987
27841,124.068,46.6987
27842,17.986,6.52141
27842,17.986,6.52141
27842,17.986,6.52141
27842,17.986,6.52141
27842,17.986,6.52141
27842,17.986,6.52141
27842,17.986,6.52141
27842,17.986,6.52141
27842,17.986,6.52141
27842,17.986,6.52141
27842,17.986,6.52141
27842,17.986,6.52141
27842,17.986,6.52141
27842,17.986,6.52141
27842,17.986,6.52141
27842,17.986,6.52141
27842,17.986,9.24389
27842,81.9167,49.027
27842,81.9167,49.027
27842,168.297,86.389
27842,168.297,86.389
27842,168.297,86.389
27842,17.986,6.52141
27842,168.297,86.389
27842,17.986,6.52141
27842,17.986,6.52141
27842,17.986,6.52141
27842,17.986,6.52141
27842,17.986,6.52141
27842,17.986,6.52141
27843,108.128,51.0423
27843,108.128,73.7932
27844,129.552,59.2123
27844,129.552,59.2123
27844,129.552,59.2123
27844,132.329,108.142
27845,134.93,28.9838
27845,134.93,28.9838
27845,134.93,28.9838
27845,134.93,28.9838
27846,33.2741,7.79644
27846,33.2741,7.79644
27846,33.2741,7.79644
27846,33.2741,7.79644
27847,148.28,67.5236
27847,148.28,67.5236
27847,148.28,67.5236
27848,122.116,26.6912
27848,116.4,28.6105
27848,119.519,29.521
27848,119.519,29.521
27848,114.209,24.7253
27848,114.209,24.7253
27848,117.711,25.6261
27848,117.711,25.6261
27848,119.878,29.6296
27848,122.106,30.2733
27848,126.483,31.6146
27848,116.4,28.6105
27849,105.017,49.9269
27849,116.084,70.0391
27849,36.7694,5.0676
27849,172.745,81.939
27849,131.661,76.6172
27849,131.661,76.6172
27850,107.011,30.7711
27851,78.3076,45.4616
27852,14.1477,5.08309
27852,14.1477,5.08309
27852,14.1477,5.08309
27852,14.1477,5.08309
27852,14.1477,5.08309
27852,14.1477,5.08309
27852,15.7495,4.11905
27852,30.4503,14.886
27853,111.775,60.2118
27854,31.5311,5.91683
27854,91.9748,19.5085
27855,40.7544,10.63
27855,67.5595,34.5768
27855,40.7544,10.63
27855,40.7544,10.63
27855,40.7544,10.63
27855,40.7544,10.63
27855,40.7544,10.63
27855,67.5595,32.3887
27855,67.5595,32.3887
27855,67.5595,32.3887
27856,42.3688,8.11619
27856,72.8723,30.6752
27856,66.3325,30.6752
27856,66.3325,30.6752
27856,66.3325,30.6752
27856,66.3325,30.6752
27856,42.3688,8.11619
27856,42.3688,8.11619
27856,42.3688,8.11619
27856,42.3688,8.11619
27856,42.3688,8.11619
27856,79.1683,19.7912
27856,72.8723,30.6752
27856,72.8723,30.6752
27857,68.1892,31.9264
27857,68.1892,31.9264
27857,284.084,189.974
27857,388.634,317.093
27860,67.8758,18.6753
27860,67.8758,18.6753
27860,67.8758,18.6753
27860,67.8758,18.6753
27860,86.501,31.1861
27860,86.501,31.1861
27861,31.6943,5.30353
27861,61.1438,13.1566
27863,96.8063,55.5214
27863,45.2545,14.9814
27863,106.253,63.3154
27864,113.01,46.4318
27864,50.1957,15.6369
27866,44.2733,33.9848
27866,37.948,28.5391
27868,33.1876,16.881
27869,30.5571,21.1524
27870,48.9265,8.0639
27870,48.9265,8.0639
27870,48.9265,8.0639
27870,27.9948,6.46611
27870,29.8297,7.13249
27870,61.6402,22.2837
27871,2.77919,0.711863
27871,2.77919,0.711863
27871,2.77919,0.711863
27871,2.77919,0.711863
27871,2.77919,0.711863
27871,2.77919,0.711863
27871,2.77919,0.711863
27871,2.77919,0.711863
27871,2.77919,0.711863
27871,2.77919,0.711863
27871,2.77919,0.711863
27871,2.77919,0.711863
27871,2.77919,0.711863
27871,2.77919,0.711863
27871,2.77919,0.711863
27871,2.77919,0.711863
27872,19.9869,-0.24309
27872,31.2802,-0.677692
27872,43.04,-0.751945
27873,17.485,9.67807
27873,41.436,27.7306
27873,41.436,27.7306
27874,41.8637,18.3658
27874,41.8637,18.3658
27874,41.8637,18.3658
27874,41.8637,18.3658
27877,27.5243,9.53524
27877,35.9559,14.1165
27879,34.8251,14.4763
27879,34.8251,14.4763
27882,33.8366,15.81
27883,23.31,9.27627
27884,7.16682,1.08502
27884,7.16682,1.08502
27884,7.16682,1.08502
27884,7.16682,1.08502
27885,22.8151,12.4062
27885,37.1456,26.064
27886,9.90313,0.502615
27886,9.90313,0.502615
27886,9.90313,0.502615
27887,42.5457,6.2921
27888,31.0012,6.78011
27888,31.0012,6.78011
27888,71.2865,26.6939
27888,71.2865,26.6939
27890,36.4477,8.70635
27890,30.5294,7.66156
27891,27.6385,9.34913
27891,27.6385,9.34913
27892,13.2783,5.20457
27892,13.2783,5.20457
27893,15.6761,5.3008
27895,17.9567,6.53844
27895,17.9567,6.53844
27895,17.9567,6.53844
27895,17.9567,6.53844
27895,132.155,118.651
27895,132.155,118.651
27895,130.703,98.1133
27895,130.703,98.1133
27895,17.9567,6.53844
27895,17.9567,6.53844
27895,17.9567,6.53844
27895,17.9567,6.53844
27895,17.9567,6.53844
27895,17.9567,6.53844
27895,17.9567,6.53844
27895,17.9567,6.53844
27897,26.306,13.7496
27897,26.306,13.7496
27897,33.8927,18.9012
27897,33.8927,18.9012
27899,25.2905,0.338768
27899,16.9899,6.23716
27900,4.69592,1.21011
27900,4.69592,1.21011
27900,4.69592,1.21011
27900,4.69592,1.21011
27900,4.69592,1.21011
27900,4.69592,1.21011
27900,16.1633,7.1165
27900,25.8533,6.84732
27901,19.2718,1.12689
27902,8.85981,2.43745
27902,8.85981,2.43745
27902,138.451,51.1995
27902,34.1263,10.2977
27902,67.1734,21.6495
27903,16.6535,6.34556
27904,14.5906,0
27905,16.8809,5.65113
27906,16.512,7.92809
27906,34.3726,20.1053
27907,10.7108,1.73338
27908,17.6413,3.67111
27908,17.6413,3.67111
27910,15.3798,2.38559
27911,2.75,0
27911,2.75,0
27911,2.75,0
27911,2.75,0
27911,2.75,0
27911,2.75,0
27911,2.75,0
27911,2.75,0
27912,13.9838,4.21987
27913,11.098,3.72769
27914,14.9568,3.70338
27914,28.8273,8.7685
27915,299.762,-115.011
27915,299.762,-115.011
27916,463.935,298.112
27916,463.935,298.112
27916,21.7665,4.41999
27917,390.866,119.372
27917,0,0
27917,390.866,119.372
27917,0,0
27918,304.791,-115.743
27918,304.864,-117.721
27919,0,0
27919,895.945,548.42
27919,30.6829,7.87093
27919,0,0
27919,0,0
27920,24.5241,8.2125
27920,24.5241,8.2125
27920,24.5241,8.2125
27920,24.5241,8.2125
27920,24.5241,8.2125
27920,24.5241,8.2125
27920,24.5241,8.2125
27920,24.5241,8.2125
27920,24.5241,8.2125
27920,24.5241,8.2125
27920,24.5241,8.2125
27920,24.5241,8.2125
27921,22.9727,7.66616
27921,20.6849,6.64455
27921,20.6849,6.64455
27921,20.6849,6.64455
27921,20.6849,6.64455
27921,22.9727,7.66616
27921,22.9727,7.66616
27921,22.9727,7.66616
27921,22.9727,7.66616
27921,22.9727,7.66616
27921,20.6849,6.64455
27921,20.6849,6.64455
27921,20.6849,6.64455
27922,131.007,-0.667141
27922,175.103,-9.97362
27922,283.18,-45.0595
27922,283.18,-45.0595
27923,37.3825,9.44956
27923,37.3825,9.44956
27923,277.828,154.326
27923,277.828,154.326
27924,203.541,21.9278
27924,203.541,21.9278
27924,203.541,21.9278
27925,199.129,15.9255
27925,199.078,15.9255
27925,125.14,25.3415
27925,125.14,25.3415
27925,125.14,25.3415
27925,125.14,25.3415
27926,142.941,36.1649
27926,142.456,36.1649
27926,121.176,38.3364
27926,121.176,38.3364
27926,116.18,36.1649
27926,116.18,36.1649
27927,100.441,22.7691
27927,130.122,25.3441
27927,130.122,25.3441
27928,120.481,-12.4825
27928,120.481,-12.4825
27928,120.481,-12.4825
27928,120.481,-12.4825
27929,124.663,56.0556
27929,125.382,62.5663
27930,112.208,13.995
27930,112.208,13.995
27930,112.208,13.995
27930,112.208,13.995
27930,112.208,13.995
27930,112.208,13.995
27931,99.4841,44.7499
27931,99.4841,44.7499
27932,99.2327,11.7454
27932,75.24,13.7674
27932,75.24,13.7674
27932,75.24,13.7674
27932,75.24,13.7674
27932,75.24,13.7674
27932,75.24,13.7674
27932,75.24,13.7674
27932,75.24,13.7674
27933,146.031,30.4794
27933,89.6378,30.4794
27933,148.37,32.8477
27934,135.544,44.5081
27934,135.544,44.5081
27934,135.544,44.5081
27934,135.544,44.5081
27935,128.896,20.7133
27935,128.896,20.7133
27935,92.2849,25.7979
27936,125.157,19.5453
27936,125.157,19.5453
27936,124.328,19.5453
27937,114.209,48.005
27937,114.209,48.005
27937,114.209,48.005
27938,146.133,76.3086
27938,37.0644,7.58019
27938,37.0644,7.58019
27938,32.7928,9.22865
27939,124.344,33.1261
27939,124.344,33.1261
27939,124.344,33.1261
27939,124.344,33.1261
27939,254.601,90.2135
27939,254.601,90.2135
27940,92.9728,22.2998
27940,92.9728,22.2998
27940,92.9728,22.2998
27940,492.469,279.283
27941,122.568,19.8058
27941,122.568,19.8058
27941,122.568,19.8058
27941,122.568,19.8058
27942,74.1229,26.8303
27942,74.1229,26.8303
27942,74.1229,26.8303
27942,89.8086,57.0725
27942,89.8086,57.0725
27942,156.462,197.628
27942,156.462,197.628
27943,89.2374,12.4516
27943,89.2374,12.4516
27943,106.01,14.502
27943,106.01,14.502
27944,84.3322,12.8144
27944,84.3322,12.8144
27945,85.3962,31.5464
27945,85.3962,31.5464
27945,85.3962,31.5464
27945,85.3962,31.5464
27945,85.3962,31.5464
27945,85.3962,31.5464
27946,93.2091,17.3879
27946,93.2091,17.3879
27946,94.9476,18.2406
27947,72.1156,18.5395
27947,72.1156,18.5395
27948,77.2785,17.3516
27948,77.2785,17.3516
27948,77.2785,17.3516
27948,77.2785,17.3516
27948,77.2785,17.3516
27948,77.2785,17.3516
27948,77.2785,17.3516
27948,77.2785,17.3516
27948,77.2785,17.3516
27948,77.2785,17.3516
27949,70.2666,5.36173
27949,70.2666,5.36173
27949,70.2666,5.36173
27949,70.2666,5.36173
27949,70.2666,5.36173
27949,70.2666,5.36173
27949,70.2666,5.36173
27949,70.2666,5.36173
27950,80,1.85157
27950,85,9.67069
27950,85,9.67069
27950,85,9.67069
27950,85,9.67069
27951,16.7456,3.65906
27951,17.9907,4.06355
27951,9.91858,2.3932
27951,9.91858,2.3932
27951,9.91858,2.3932
27951,9.91858,2.3932
27951,9.91858,2.3932
27952,75,4.64625
27952,75,4.64625
27952,75,4.64625
27952,75,4.64625
27952,82,5.51532
27952,82,5.51532
27952,82,5.51532
27952,82,5.51532
27953,22.7435,0.772034
27953,11.5493,0.375175
27953,11.5493,0.375175
27953,11.5493,0.375175
27954,12,0
27954,12,0
27954,12,0
27954,12,0
27954,12,0
27954,12,0
27955,37.6866,20.0073
27955,41.1653,16.2896
27956,55.6268,20.8047
27956,57.7299,16.2984
27956,57.7299,16.2984
27956,61.8956,39.1047
27956,61.8956,39.1047
27957,49.9685,12.0207
27957,49.9685,12.0207
27958,14.7751,5.95006
27958,14.7751,5.95006
27958,14.7751,5.95006
27958,14.7751,5.95006
27959,55.3871,-0.278551
27959,55.3871,-0.278551
27959,51.4386,0.0109062
27959,51.4386,0.0109062
27959,51.4386,0.0109062
27959,51.4386,0.0109062
27960,60.9692,20.9911
27960,70.9804,15.6756
27960,40.319,9.71364
27960,42.1486,10.8171
27961,34.5546,19.582
27961,35.5002,20.1846
27962,44.547,15.2214
27962,44.547,15.2214
27963,11.0192,2.04017
27963,11.0192,2.04017
27963,11.0192,2.04017
27964,30.3805,9.81444
27965,11.2,1.70474
27965,11.2,1.70474
27965,11.2,1.70474
27965,11.2,1.70474
27966,34.8726,4.71558
27966,34.8726,4.71558
27967,41.0092,3.08487
27967,41.0092,3.08487
27967,41.0092,3.08487
27967,41.0092,3.08487
27968,17.5414,0.112591
27968,20.2352,0.164134
27969,35,5.75515
27969,35,5.75515
27970,6.37463,0.0515004
27970,6.37463,0.0515004
27970,6.37463,0.0515004
27970,6.37463,0.0515004
27971,2.5,0.556689
27971,2.5,0.556689
27971,2.5,0.556689
27971,2.5,0.556689
27971,2.5,0.556689
27971,2.5,0.556689
27971,2.5,0.556689
27971,2.5,0.556689
27971,2.5,0.556689
27971,2.5,0.556689
27971,2.5,0.556689
27971,2.5,0.556689
27974,12.4424,5.01171
27974,12.4424,5.01171
27974,19.6146,8.6391
27974,19.6146,8.6391
27975,7.5,0.973501
27975,7.5,0.973501
27975,7.5,0.973501
27976,22.196,3.47924
27976,22.196,3.47924
27977,15.7928,8.63507
27978,20.995,3.14457
27978,34.1127,5.48336
27979,10.3272,5.30158
27980,1173.61,210.516
27980,1167.07,210.516
27981,427.372,443.736
27982,875.088,388.423
27982,865.999,385.245
27982,0,0
27983,15.1641,5.48466
27983,15.1641,5.48466
27983,541.436,261.44
27984,310.978,83.384
27984,322.325,91.1225
27984,312.828,91.1225
27984,315.392,105.444
27985,346.467,5.55532
27986,270.532,144.832
27986,270.532,144.832
27987,174.866,78.8603
27987,166.586,78.8603
27987,166.586,78.8603
27987,166.586,78.8603
27988,117.972,74.8867
27988,753.345,242.517
27989,106.587,26.6288
27989,119.861,27.1981
27989,119.861,27.1981
27989,119.861,27.1981
27990,15.7338,6.3469
27990,14.8585,5.68746
27990,14.8585,5.68746
27990,14.8585,5.68746
27990,14.8585,5.68746
27990,14.8585,5.68746
27990,15.7338,6.3469
27990,15.7338,6.3469
27990,15.7338,6.3469
27990,14.8585,5.68746
27990,14.8585,5.68746
27990,14.8585,5.68746
27990,14.8585,5.68746
27990,14.8585,5.68746
27991,134.022,65.3754
27991,134.022,65.3754
27991,134.022,65.3754
27991,134.022,65.3754
27991,134.022,65.3754
27992,131.923,100.941
27992,146.246,91.2963
27992,146.246,91.2963
27993,173.694,64.3384
27993,173.694,64.3384
27993,173.694,64.3384
27993,173.694,64.3384
27994,136.496,46.7403
27994,136.496,46.7403
27994,49.2588,46.7403
27994,49.2588,46.7403
27994,32.2844,18.4356
27994,32.2844,18.4356
27994,32.2844,18.4356
27994,141.638,57.1026
27995,100.701,65.2049
27995,100.701,65.2049
27996,79.2855,24.9514
27996,95.6687,39.3953
27996,85.1077,24.9514
27997,14.7983,6.39463
27997,14.7983,6.39463
27997,14.7983,6.39463
27997,14.7983,6.39463
27997,14.7983,6.39463
27997,25.2047,11.1969
27997,17.3549,7.54465
27997,17.3549,7.54465
27998,31.3626,13.6582
27998,60.6069,26.2136
27998,75.3123,38.7548
27998,16.3808,5.18205
27998,16.3808,5.18205
27998,16.3808,5.18205
27998,16.3808,5.18205
27998,103.355,75.1764
27998,103.355,98.6302
27998,60.6069,26.2136
27999,47.7726,30.5824
27999,21.5916,10.5426
27999,21.5916,10.5426
27999,21.5916,10.5426
28000,86.0914,19.7875
28000,86.0914,19.7875
28000,86.0914,19.7875
28000,86.0914,19.7875
28000,86.0914,19.7875
28000,86.0914,19.7875
28000,86.0914,19.7875
28000,86.0914,19.7875
28001,67.2115,40.2141
28002,47.4679,10.4744
28002,47.4679,10.4744
28002,69.6964,33.2208
28002,69.1811,33.2208
28003,61.1637,40.6651
28003,61.1637,40.6651
28004,77.3932,13.7947
28004,77.3932,13.7947
28005,9.97095,3.77807
28005,9.97095,3.77807
28005,9.97095,3.77807
28005,9.97095,3.77807
28006,33.1375,9.35157
28006,32.8153,9.16446
28006,32.8153,9.16446
28006,78.3588,33.7036
28006,78.3589,33.7036
28006,33.1375,9.35157
28006,33.1375,9.35157
28006,33.1375,9.35157
28006,33.1375,9.35157
28006,33.1375,9.35157
28006,32.8153,9.16446
28006,32.8153,9.16446
28006,32.8153,9.16446
28007,56.7945,12.4647
28007,56.7945,12.4647
28007,56.7945,12.4647
28007,56.7945,12.4647
28007,56.7945,12.4647
28007,56.7945,12.4647
28007,56.7945,12.4647
28007,56.7945,12.4647
28008,15,1.27758
28008,15,1.27758
28008,15,1.27758
28008,15,1.27758
28009,55.0691,16.2035
28009,29.5045,9.6053
28010,11.2,0.548331
28010,11.2,0.548331
28010,11.2,0.548331
28010,11.2,0.548331
28010,11.2,0.548331
28011,49.7976,12.6888
28011,49.7976,12.6888
28011,49.7976,12.6888
28011,49.7976,12.6888
28011,49.7976,12.6888
28011,49.7976,12.6888
28011,49.7976,12.6888
28012,34.743,17.5653
28013,38.9279,14.766
28013,44.8188,20.5571
28014,15,2.74352
28014,15,2.74352
28014,15,2.74352
28015,14.5009,4.37779
28015,14.5009,4.37779
28015,14.5009,4.37779
28016,8.46,0.868079
28016,8.46,0.868079
28016,8.46,0.868079
28016,8.46,0.868079
28016,8.46,0.868079
28018,19.4181,10.237
28018,19.4181,10.237
28018,91.3801,60.6028
28019,23.8608,2.91901
28019,23.8608,2.91901
28019,20.9469,2.91901
28019,20.9469,2.91901
28019,29.2143,9.3891
28019,29.2143,9.3891
28020,5.35607,3.0777
28020,5.35607,3.0777
28020,5.35607,3.0777
28021,3.43994,0.78553
28021,3.43994,0.78553
28021,3.43994,0.78553
28021,3.43994,0.78553
28021,3.43994,0.78553
28021,3.43994,0.78553
28021,3.43994,0.78553
28021,3.43994,0.78553
28023,13.2497,4.16936
28024,33.8966,11.5977
28024,13.9436,3.21058
28024,13.9436,3.21058
28025,3,0.673173
28025,3,0.673173
28025,3,0.673173
28025,3,0.673173
28025,3,0.673173
28025,3,0.673173
28025,3,0.673173
28025,3,0.673173
35250,1111.59,167.509
35250,1113.64,226.605
35250,1117.15,238.642
35251,316.704,38.0124
35251,0,0
35252,315.545,92.4491
35252,315.545,92.4491
35252,315.545,92.4491
35252,315.545,92.4491
35253,104.282,23.5891
35253,104.282,23.5891
35253,104.282,23.5891
35253,104.282,23.5891
35254,91.6637,23.4292
35254,157.6,30.356
35254,0,0
35254,91.6637,23.4292
35254,131.23,26.1758
35254,131.23,26.1758
35254,119.506,26.1758
35254,113.779,26.1758
35254,0,0
35254,0,0
35254,0,0
35255,86.3436,52.9532
35255,716.912,351.361
35255,18.4155,3.13743
35255,86.5923,60.9475
35255,86.5923,60.9475
35255,86.5923,60.9475
35256,71.4952,4.44172
35256,124.028,-23.951
35256,124.263,-31.1368
35256,71.4952,4.44172
35256,71.4952,4.44172
35256,71.4952,4.44172
35256,71.4952,4.44172
35256,71.4952,4.44172
35256,71.4952,4.44172
35256,71.4952,4.44172
35256,71.4952,4.44172
35257,190.547,-19.9025
35257,190.547,-19.9025
35257,113.258,-30.9973
35258,183.993,84.0014
35258,75.2014,21.9717
35259,44.2164,24.1241
35259,79.5991,33.2337
35259,79.5991,33.2337
35259,79.5991,33.2337
35260,44.0814,79.0095
35260,77.4887,57.6492
35260,77.4887,57.6492
35260,77.4887,57.6492
35261,135.531,-34.5452
35261,135.531,-34.5452
35261,141.35,-15.393
35261,139.029,-15.393
35261,123.136,-15.393
35261,117.054,-17.6619
35261,112.197,-15.393
35261,112.197,-15.393
35261,112.197,-15.393
35262,67.8115,13.4792
35262,19.7778,4.35692
35262,19.7778,4.35692
35262,19.7778,4.35692
35262,339.219,29.3353
35262,67.8115,13.4792
35262,67.8115,13.4792
35262,67.8115,13.4792
35262,19.7778,4.35692
35262,19.7778,4.35692
35262,19.7778,4.35692
35262,19.7778,4.35692
35262,19.7778,4.35692
35263,102.568,49.7197
35263,102.568,49.7197
35263,102.568,49.7197
35263,102.568,49.7197
35264,123.827,41.879
35264,123.686,41.879
35264,113.706,41.879
35264,113.706,41.879
35264,130.515,47.0532
35264,130.515,47.0532
35265,104.109,-4.82688
35265,104.109,-4.82688
35265,104.109,-4.82688
35265,51.3487,-42.5197
35266,103.953,-4.36193
35266,103.953,-4.36193
35266,103.953,-4.36193
35266,76.252,-42.3803
35268,101.988,18.3895
35268,101.988,18.3895
35268,101.988,18.3895
35268,101.988,18.3895
35268,101.988,42.7984
35268,101.988,42.7984
35268,447.929,139.747
35268,467.789,149.193
35269,103.448,22.0181
35269,103.518,22.266
35269,62.735,15.7466
35269,62.735,15.7466
35269,614.661,31.2817
35270,85.167,14.1001
35270,85.167,14.1001
35270,134.781,19.7148
35270,134.781,19.7148
35271,81.0699,16.6263
35271,94.3451,20.6504
35272,86.4635,19.5043
35272,86.4635,19.5043
35274,11.3065,4.70295
35274,11.3065,4.70295
35274,11.3065,4.70295
35276,43.7528,21.8437
35276,43.7528,21.8437
35277,64.1897,5.01553
35277,64.1897,5.01553
35278,51.3992,3.3273
35278,169.229,-2.68301
35278,169.229,-2.68301
35279,30.6515,4.79787
35279,25.197,5.72071
35280,52.9205,0.526824
35281,50.7393,0.706128
35281,50.7393,0.706128
35282,45.0053,2.78483
35282,45.0053,2.78483
35282,45.0053,2.78483
35282,48.4034,3.92402
35283,21.0467,8.53236
35283,21.0467,8.53236
35284,23.0676,2.29983
35284,29.6134,2.52105
35286,42.2456,6.60256
35286,42.1434,6.60256
35286,42.1434,6.60256
35287,9.26802,3.77866
35287,9.26802,3.77866
35287,9.26802,3.77866
35288,37.0532,2.6399
35288,37.0532,2.6399
35289,18.5907,3.52894
35289,21.7534,8.06483
35290,6.28955,0.908079
35290,6.28955,0.908079
35290,6.28955,0.908079
35290,6.28955,0.908079
35290,6.28955,0.908079
35290,6.28955,0.908079
35291,20.688,4.32642
35291,21.4218,4.5847
35292,27.2976,8.86955
35292,42.8755,18.9104
35293,30.8563,2.70177
35293,33.7731,3.37965
35293,33.6987,3.37965
35293,30.9246,2.75432
35293,29.4334,2.70177
35293,29.1667,2.70177
35293,28.1457,2.70177
35293,28.0765,2.70177
35293,28.0765,2.70177
35293,28.0072,2.70177
35293,27.7983,2.70177
35294,28.3491,-0.258164
35294,28.3491,-0.258164
35294,28.3491,-0.258164
35295,9.10525,2.18443
35295,9.10525,2.18443
35296,29.2478,1.48515
35296,29.2478,1.48515
35296,29.2478,1.48515
35296,29.2478,1.48515
35296,29.2478,1.48515
35296,29.2478,1.48515
35297,25.6949,3.83158
35297,25.6949,3.83158
35297,25.6949,3.83158
35298,21.6705,6.10002
35298,20.813,6.10002
35298,19.1966,6.10002
35298,19.1966,6.10002
35299,7.47494,3.2945
35299,7.47494,3.2945
35300,25,3.61975
35300,25,3.61975
35300,25,3.61975
35300,25,3.61975
35301,24.2381,1.85246
35301,24.4789,1.94396
35302,18.5532,2.68233
35302,25.5532,3.04862
35302,33.9939,3.51737
35303,23.337,3.16838
35303,23.2856,3.16838
35303,23.2856,3.16838
35304,52.522,3.33675
35304,22.4051,1.97851
35304,22.4051,1.97851
35304,22.4051,1.97851
35304,22.4051,1.97851
35304,22.4051,1.97851
35304,22.4051,1.97851
35304,22.4051,1.97851
35304,25.6632,2.36208
35304,21.9601,4.55562
35304,21.9601,4.55562
35304,51.8413,3.33675
35304,21.9601,4.55562
35304,21.9601,4.55562
35304,51.8413,3.33675
35304,23.4982,1.73405
35304,25.0929,1.97851
35304,21.0929,1.73405
35304,24.3157,2.09973
35304,24.3157,2.09973
35304,24.3157,2.09973
35305,17.5671,-0.0359496
35305,17.5671,-0.0359496
35305,17.5671,-0.0359496
35305,17.5671,-0.0359496
35306,49.3868,5.69826
35306,49.3868,5.69826
35306,49.3868,5.69826
35306,19.7477,3.37689
35307,11.0064,0.624059
35307,11.0064,0.624059
35307,11.0064,0.624059
35307,11.6019,0.762299
35308,450.591,254.912
35309,745.258,46.1348
35309,413.176,37.8223
35309,410.179,37.8223
35310,89.5964,57.3332
35310,89.5964,57.3332
35310,89.5964,57.3332
35310,89.5964,57.3332
35310,89.5964,57.3332
35310,89.5964,57.3332
35310,151.259,172.561
35311,167.988,160.693
35311,165.99,160.438
35311,163.991,160.438
35311,160.994,160.52
35312,308.909,22.9038
35313,179.154,154.665
35313,124.088,108.091
35313,124.088,108.091
35313,184.217,191.204
35314,193.372,106.755
35314,193.372,106.755
35314,158.801,28.4673
35314,294.127,70.3406
35315,169.596,16.0833
35315,113.787,16.0833
35316,357.273,109.031
35316,144.21,47.8784
35317,154.72,38.7062
35317,154.72,38.7062
35317,154.72,38.7062
35317,154.72,38.7062
35317,154.72,38.7062
35318,125.17,70.4745
35318,125.17,70.4745
35318,125.17,70.4745
35319,128.045,8.49441
35319,103.221,8.42263
35320,76.5695,22.0862
35320,73.6473,41.0301
35320,58.7059,41.0301
35321,60.9011,-19.0661
35321,78.0019,-19.0661
35321,60.9011,-19.0661
35321,60.9011,-19.0661
35321,60.9011,-19.0661
35321,60.9011,-19.0661
35321,60.9011,-19.0661
35321,60.9011,-19.0661
35321,60.9011,-19.0661
35321,60.9011,-19.0661
35322,73.6118,54.0458
35322,73.9018,76.7608
35322,89.0561,109.837
35323,97.3115,29.0522
35323,157.714,33.7606
35324,77.1285,67.7436
35324,169.328,169.911
35324,48.2396,35.6404
35324,62.075,39.8823
35324,62.1844,41.3022
35324,62.1844,41.3022
35324,62.1844,41.3022
35324,62.1844,41.3022
35324,117.029,66.4063
35324,102.521,66.4063
35325,0,0
35325,0,0
35327,65.3705,17.0125
35327,65.3705,17.0125
35327,66.1513,19.6708
35327,66.1513,19.6708
35327,41.9583,26.7938
35327,12.8981,26.7938
35327,16.636,32.0636
35327,16.636,32.0636
35327,16.636,32.0636
35328,23.0622,7.45346
35329,53.1161,-2.25549
35329,53.1161,-2.25549
35329,53.1161,-2.25549
35329,53.1161,-2.25549
35329,53.1161,-2.25549
35329,53.1161,-2.25549
35329,53.1161,-2.25549
35329,53.1161,-2.25549
35330,4.95963,1.2887
35330,4.95963,1.2887
35330,4.95963,1.2887
35330,4.95963,1.2887
35330,4.95963,1.2887
35330,4.95963,1.2887
35330,4.95963,1.2887
35330,4.95963,1.2887
35332,36.0474,22.6478
35333,64.931,26.3548
35334,23.2764,2.01896
35334,23.2764,2.01896
35335,45,14.5283
35335,45,14.5283
35335,45,14.5283
35335,45,14.5283
35335,45,14.5283
35335,45,14.5283
35337,26.4587,6.42426
35337,88.276,66.4776
35339,5.08869,2.1614
35339,5.08869,2.1614
35339,5.08869,2.1614
35340,33.898,22.3265
35340,33.898,22.3265
35340,13.4991,5.12553
35340,13.4991,5.12553
35341,9.53337,1.10667
35342,8.28108,4.43179
35342,8.28108,4.43179
35342,8.28108,4.43179
35343,0,0
35344,216.693,-79.5493
35345,141.205,33.7611
35345,141.205,33.7611
35345,141.205,33.7611
35345,141.205,33.7611
35345,167.158,35.8787
35345,167.158,35.8787
35345,243.431,138.194
35345,243.431,138.194
35346,203.555,129.479
35346,203.78,135.939
35347,361.574,-118.477
35348,13.6879,0
35348,13.6879,0
35348,13.7754,0
35349,88.7519,45.6888
35349,88.7519,45.6888
35350,125.461,23.2107
35350,125.461,23.2107
35350,125.461,23.2107
35350,50.5484,11.975
35350,50.5484,11.975
35350,50.5484,11.975
35351,137.259,66.6779
35351,137.259,66.6779
35351,137.259,66.6779
35351,83.8986,40.6117
35351,83.8986,40.6117
35351,83.8986,40.6117
35352,120.834,-11.3106
35352,120.834,-11.3106
35352,120.834,-11.3106
35352,152.519,-58.2852
35353,98.6231,63.8811
35353,98.6231,63.8811
35353,98.6231,63.8811
35353,83.4949,53.656
35353,83.4949,53.656
35353,83.4949,53.656
35354,101.679,80.3059
35354,101.679,80.3059
35354,131.457,92.9312
35355,104.778,14.4563
35355,104.778,14.4563
35355,70.3977,14.8731
35356,80.333,16.7088
35356,26.1293,5.14048
35356,26.1293,5.14048
35356,26.1293,5.14048
35356,26.1293,5.14048
35356,26.1293,5.14048
35357,139.864,-16.7473
35357,139.864,-16.7473
35357,139.864,-16.7473
35357,82.6114,-5.8837
35357,82.6114,-5.8837
35357,82.6114,-5.8837
35359,68.0961,14.0477
35359,68.0961,14.0477
35359,68.0961,14.0477
35359,68.0961,14.0477
35360,63.2422,30.9515
35360,63.2422,30.9515
35360,63.2422,30.9515
35361,56.4152,0
35361,56.4152,0
35361,56.4152,0
35361,56.4152,0
35362,39.8975,5.86008
35362,39.8975,5.86008
35362,39.8975,5.86008
35362,39.8975,5.86008
35362,39.8975,5.86008
35362,39.8975,5.86008
35363,33.5416,25.6188
35364,44.3169,16.1958
35364,44.3169,16.1958
35364,44.3169,16.1958
35364,62.8315,26.2112
35364,62.9267,26.4397
35365,15.7034,-0.588949
35366,33.9871,17.9478
35366,33.9871,17.9478
35366,33.9871,17.9478
35367,12.7159,-1.78947
35367,14.475,3.54571
35368,30.567,11.1333
35368,29.8109,18.3968
35368,30.9494,20.0692
35369,62.0404,16.1298
35369,30.915,3.21344
35369,234.803,99.0587
35369,50.4178,13.831
35369,50.4178,13.831
35369,130.923,47.2291
35370,9.50729,2.5134
35370,9.50729,2.5134
35371,15.3708,6.46847
35371,15.4804,9.22617
35372,16.0336,3.61691
35372,16.0336,3.61691
35372,16.0336,3.61691
35373,14.5508,5.6863
35373,14.5508,5.6863
35374,14.4044,0
35374,15.9219,0
35375,10.9018,0.269303
35376,17.9607,5.39171
35377,660.815,-25.9296
35377,0,0
35378,1206.68,570.129
35379,1185.75,343.524
35379,1172.15,343.524
35380,724.363,322.021
35381,366.621,-1.21691
35381,366.621,-1.21691
35381,366.621,-1.21691
35381,256.098,-1.21691
35382,11.4498,2.99348
35382,11.4498,2.99348
35382,11.4498,2.99348
35382,11.4498,2.99348
35382,11.4498,2.99348
35382,11.4498,2.99348
35382,11.4498,2.99348
35382,11.4498,2.99348
35382,20.0023,11.4079
35382,20.0023,11.4079
35382,20.0023,11.4079
35382,11.4498,2.99348
35382,20.0023,11.4079
35382,180.285,125.864
35382,180.285,161.216
35382,180.285,161.216
35382,11.4498,2.99348
35382,11.4498,2.99348
35382,11.4498,2.99348
35382,11.4498,2.99348
35382,11.4498,2.99348
35382,11.4498,2.99348
35382,11.4498,2.99348
35383,166.632,85.6427
35383,166.632,85.6427
35383,166.632,130.251
35383,166.632,130.251
35385,79.4933,17.7951
35385,79.5374,18.4835
35385,79.5374,18.4835
35386,137.62,69.9344
35386,137.62,69.9344
35386,137.62,69.9344
35386,137.62,69.9344
35386,137.62,69.9344
35386,116,58.6989
35386,116,58.6989
35386,116,58.6989
35386,116,58.6989
35387,89.1331,42.547
35387,67.2662,14.3476
35387,67.5126,14.7854
35387,67.5126,14.7854
35387,67.5126,14.7854
35387,67.5126,14.7854
35387,108.387,75.6554
35387,89.1331,42.547
35387,67.2662,14.3476
35387,67.2662,14.3476
35387,67.2662,14.3476
35387,67.2662,14.3476
35387,67.2662,14.3476
35387,67.2662,14.3476
35387,67.2662,14.3476
35388,69.6016,9.08582
35388,77.7401,12.4495
35388,63.4809,6.20637
35388,63.4809,6.20637
35388,63.4809,6.20637
35388,63.4809,6.20637
35388,33.678,5.00701
35388,33.678,5.00701
35388,33.678,5.00701
35388,33.678,5.00701
35388,33.678,5.00701
35388,69.6016,9.08582
35388,33.678,5.00701
35388,33.678,5.00701
35388,33.678,5.00701
35388,33.678,5.00701
35388,33.678,5.00701
35388,33.678,5.00701
35388,33.678,5.00701
35388,33.678,5.00701
35388,33.678,5.00701
35388,33.678,5.00701
35388,69.6016,9.08582
35388,33.678,5.00701
35388,69.6016,9.08582
35388,68.1239,10.6654
35388,68.1239,10.6654
35388,70.4311,12.4495
35388,70.4311,12.4495
35388,77.7401,12.4495
35389,93.5718,35.239
35389,93.5718,35.239
35389,84.9497,32.6549
35389,84.9497,32.6549
35390,66.986,19.132
35390,66.986,19.132
35390,66.986,19.132
35390,66.986,19.132
35390,26.3305,18.0952
35390,26.3305,18.0952
35390,26.3305,18.0952
35390,26.3305,18.0952
35391,13.4311,0.435338
35391,13.4311,0.435338
35391,13.4311,0.435338
35391,16.2119,0.608565
35393,18,5.02737
35393,18,5.02737
35393,18,5.02737
35395,40.246,25.0584
35396,12.5141,4.96563
35396,12.5141,4.96563
35396,12.5141,4.96563
35398,45,15.0122
35398,45,15.0122
35398,45,15.0122
35399,28.9944,5.81157
35399,35.9357,8.11475
35400,35.9493,4.11462
35400,35.9493,4.11462
35400,35.9493,4.11462
35400,35.9493,4.11462
35400,34.7679,4.11462
35400,34.7679,4.11462
35401,25.2003,-1.04838
35401,25.2003,-1.04838
35401,25.2003,-1.04838
35401,25.2003,-1.04838
35402,35.523,15.687
35403,12,1.10723
35403,12,1.10723
35403,12,1.10723
35404,22.919,5.92502
35404,22.919,5.92502
35405,32.7606,3.23584
35405,34.0883,3.61197
35405,23.2379,6.16402
35405,23.9822,6.50636
35406,14.1189,4.7606
35406,14.1189,4.7606
35408,33.3,7.21213
35408,33.3,7.21213
35408,33.3,7.21213
35409,25.8086,8.80666
35409,26.5602,9.22047
35409,27.4752,9.71761
35409,27.4752,9.71761
35410,25.4241,8.38307
35410,29.4179,10.3454
35410,33.3727,12.3953
35410,33.3727,12.3953
35412,25.446,5.18989
35412,31.4215,7.6053
35412,31.6501,7.69418
35413,20.7964,4.21925
35414,27.1412,9.82234
35414,26.9444,9.82234
35415,28,2.68681
35416,14.3315,2.83233
35417,25,5.13987
35417,25,5.13987
35417,25,5.13987
35417,26.852,6.13012
35418,12.9037,3.01018
35421,13.7494,3.25173
35421,9.45314,2.75127
35422,1.20584,0.176733
35422,1.20584,0.176733
35422,1.20584,0.176733
35422,1.20584,0.176733
35422,1.20584,0.176733
35422,1.20584,0.176733
35422,1.20584,0.176733
35422,1.20584,0.176733
35422,1.20584,0.176733
35422,1.20584,0.176733
35422,1.20584,0.176733
35423,1.28979,0.0188749
35423,1.28979,0.0188749
35423,1.28979,0.0188749
35423,1.28979,0.0188749
35423,1.28979,0.0188749
35423,1.28979,0.0188749
35423,1.28979,0.0188749
35423,1.28979,0.0188749
35423,1.28979,0.0188749
35423,1.28979,0.0188749
35423,1.28979,0.0188749
39875,277.812,192.598
39876,253.31,205.424
39877,62.6,156.955
39878,4.63438,-18.1277
39880,12.3363,-3.42793
39882,122.943,71.4463
39882,122.943,71.4463
39882,58.0099,74.1349
39883,4.04122,47.2285
39884,97.2718,15.8261
39884,97.2718,15.8261
39884,65.3133,17.3037
39885,4.1084,3.08591
39886,3.33306,39.4458
39888,10.3534,41.7566
39889,10.3685,42.2389
39890,68.2121,33.6102
39890,93.3053,74.1896
39890,0,0
39891,32.4461,33.1143
39892,5.21104,3.84789
39892,5.21104,3.84789
39892,5.21104,3.84789
39892,5.21104,3.84789
39892,5.21104,3.84789
39892,5.21104,3.84789
39892,5.21104,3.84789
39892,5.21104,3.84789
39894,3.80831,2.05257
39895,4.932,-0.63887
39895,7.50121,-3.15634
39896,3.45657,-9.21419
39897,3.42374,15.6441
39898,2.32854,17.9959
39899,7.23911,2.55719
39900,12.2638,5.563
39900,12.2638,5.563
39900,12.2638,5.563
39902,14.2808,3.08839
39902,47.3553,1.52997
39903,3.61688,-2.39778
39904,3.24051,-4.62958
39905,2.20552,-4.60456
39906,83.3165,32.8522
39906,7.65414,1.6365
39906,7.65414,1.6365
39906,7.65414,1.6365
39906,7.65414,1.6365
39908,9.81548,24.7843
39908,9.81548,24.7843
39909,22.1292,8.40723
39909,2.12171,7.33161
39910,2.53003,11.7509
39911,4.80974,3.28007
39911,4.80974,3.28007
39911,4.80974,3.28007
39911,4.80974,3.28007
39912,8.54206,13.7106
39912,8.56506,19.1907
39912,8.5779,24.2361
39913,5.65952,-1.64028
39914,32.3965,9.11326
39914,32.3965,9.11326
39914,32.3965,9.11326
39915,33.3112,11.8226
39915,33.3112,11.8226
39915,33.3112,11.8226
39917,2.83069,4.57706
39917,2.86161,7.34124
39917,2.90448,21.9326
39919,8.71936,4.76725
39919,18.6142,5.57088
39919,21.7687,6.86926
39920,28.6863,7.47301
39920,44.0215,12.8733
39920,369.467,171.927
39920,354.45,119.839
39923,2.3884,-1.79564
39924,4.35579,-0.998431
39926,15.1033,6.40222
39926,99.0493,57.8457
39927,15.4829,7.06873
39927,14.3751,7.37434
39927,26.5256,20.8952
39930,7.96247,8.08712
39931,2.63443,2.21313
39931,2.80886,58.519
39932,2.11402,-0.683514
39933,9.97629,6.52368
39933,9.91244,6.84163
39934,1.46009,0.00333334
39934,1.46009,0.00333334
39934,1.46009,0.00333334
39934,1.46009,0.00333334
39934,1.46009,0.00333334
39934,1.46009,0.00333334
39934,1.46009,0.00333334
39934,1.46009,0.00333334
39934,1.46009,0.00333334
39934,1.46009,0.00333334
39934,1.46009,0.00333334
39934,1.46009,0.00333334
39934,1.46009,0.00333334
39934,1.46009,0.00333334
39935,2.07571,-0.51008
39935,2.21781,-13.3169
39938,13.1466,3.7876
39938,16.3325,5.77197
39939,0.895414,0.406299
39939,0.895414,0.406299
39939,0.895414,0.406299
39939,0.895414,0.406299
39939,0.895414,0.406299
39939,0.895414,0.406299
39939,0.895414,0.406299
39939,0.895414,0.406299
39939,0.895414,0.406299
39939,0.895414,0.406299
39939,0.895414,0.406299
39939,0.895414,0.406299
39940,11.7193,7.38075
39941,12.0741,3.75408
39942,12.2117,4.84268
39942,12.2117,4.84268
39943,47.5153,49.6851
39943,10.1969,3.93746
39943,11.617,10.8815
39944,15.7279,3.9876
39945,2.74505,0.163566
39945,3.09581,10.1419
39946,2.57245,-0.00148065
39946,2.57245,-0.00148065
39946,2.57245,-0.00148065
39946,2.57245,-0.00148065
39946,2.57245,-0.00148065
39946,2.57245,-0.00148065
39947,7.29988,4.2317
39948,2.82088,1.81973
39948,2.82088,1.81973
39948,2.82088,1.81973
39949,3.28943,-0.161821
39951,7.53349,2.87736
39951,7.53349,2.87736
39952,2.09314,-0.173707
39953,671.239,580.179
39953,0,0
39954,659.949,406.451
39954,649.549,406.451
39955,144.985,544.495
39955,143.986,544.495
39956,308.369,462.358
39957,163.571,336.71
39957,0,0
39958,134.241,2.00011
39958,134.241,2.00011
39959,329.606,77.9547
39959,0,0
39960,134.984,306.852
39960,0,0
39961,248.311,-44.0454
39961,248.311,-44.0454
39962,260.561,40.5978
39962,260.561,40.5978
39962,260.554,79.8717
39963,329.967,113.348
39963,230.791,113.348
39964,99.9274,43.6605
39964,20.7277,6.68277
39964,20.7277,6.68277
39964,20.7277,6.68277
39964,20.7277,6.68277
39964,20.7277,6.68277
39965,249.102,75.0512
39966,209.889,23.2094
39966,320.11,-12.112
39967,15.0851,8.96059
39967,18.4594,17.6182
39967,18.4594,17.6182
39967,18.4594,17.6182
39967,18.4594,17.6182
39967,18.4594,17.6182
39967,18.4594,17.6182
39967,18.4594,17.6182
39967,163.53,219.606
39969,0,0
39969,0,0
39969,0,0
39969,0,0
39969,0,0
39969,0,0
39970,11.3407,125.923
39971,106.466,131.026
39971,156.833,209.937
39972,127.094,-21.8884
39972,119.16,-21.8884
39972,49.6041,2.17669
39972,66.2857,0.939393
39974,136.17,28.4298
39974,149.178,31.292
39974,149.178,31.292
39975,198.956,79.0548
39976,0,0
39976,0,0
39976,0,0
39977,10.3536,53.7908
39977,10.3536,53.7908
39978,112.573,107.193
39978,112.573,107.193
39978,112.573,107.193
39978,0,0
39978,0,0
39978,0,0
39978,0,0
39978,0,0
39978,0,0
39979,86.6839,118.933
39979,88.2173,121.618
39979,111.264,173.991
39979,197.048,359.243
39980,58.8046,-14.1176
39980,58.8046,-14.1176
39980,58.8046,-14.1176
39980,58.8046,-14.1176
39980,58.8046,-14.1176
39980,58.8046,-14.1176
39981,99.7706,97.9585
39981,99.7706,97.9585
39981,99.7706,97.9585
39981,99.7706,97.9585
39981,74.376,69.7916
39981,74.376,69.7916
39981,74.376,69.7916
39981,74.376,69.7916
39982,111.907,22.6946
39982,111.907,22.6946
39982,63.7888,38.8073
39983,0,0
39984,0,0
39984,0,0
39985,132.05,0
39985,132.05,0
39986,150,6.29061
39987,81.1345,8.14743
39988,74.3624,18.7169
39988,144.538,36.8203
39988,179.578,46.4974
39989,96.7084,24.5012
39989,96.7084,24.5012
39990,77.3086,7.109
39990,77.3086,7.109
39991,0,0
39991,0,0
39991,0,0
39991,0,0
39992,63.6048,10.754
39992,53.2605,10.754
39992,53.2605,10.754
39992,53.2605,10.754
39993,56.7863,21.6896
39993,56.7863,21.6896
39993,56.7863,21.6896
39993,56.7863,21.6896
39993,56.7863,21.6896
39993,56.7863,21.6896
39994,43.1097,17.9951
39994,21.2121,6.34025
39994,21.2121,6.34025
39994,21.2121,6.34025
39994,123.874,77.705
39995,102,19.7396
39996,47.0132,28.4137
39996,47.0132,28.4137
39996,47.0132,28.4137
39996,47.0132,28.4137
39996,47.0132,28.4137
39996,47.0132,28.4137
39996,47.0132,28.4137
39996,47.0132,28.4137
39997,1.78417,14.629
39998,7.62335,9.51724
39999,97.3733,5.7599
39999,54.4718,-1.22101
39999,54.4718,4.90425
39999,82.5017,16.5419
40000,52.2859,44.131
40000,52.2859,44.131
40000,52.2859,44.131
40000,52.2859,44.131
40001,58.0308,43.214
40001,58.0308,43.214
40001,58.0308,43.214
40001,58.0308,43.214
40001,58.0308,43.214
40001,58.0308,43.214
40001,58.0308,43.214
40001,58.0308,43.214
40002,3.51583,8.26185
40003,10.5736,4.07861
40004,28.307,16.7261
40004,83.4754,40.9735
40005,34.3896,21.3765
40005,47.4943,37.3042
40006,4.67705,2.85173
40006,4.67705,2.85173
40006,4.67705,2.85173
40006,4.67705,2.85173
40007,3.20208,2.37624
40008,30.4846,4.18321
40009,0,0
40009,0,0
40009,0,0
40009,0,0
40009,0,0
40009,0,0
40009,0,0
40009,0,0
40009,0,0
40009,0,0
40010,11.2221,2.49232
40010,11.2221,2.49232
40010,11.2221,2.49232
40010,11.2221,2.49232
40012,13.0948,12.8504
40012,21.6003,5.10869
40012,75.1486,21.6066
40012,127.586,66.503
40012,127.586,66.503
40013,42.4272,11.1166
40013,42.4272,11.1166
40013,42.5566,11.2104
40013,42.5566,11.2104
40013,42.5566,11.2104
40013,42.5566,11.2104
40013,42.5566,11.2104
40013,42.5566,11.2104
40014,23.3802,26.966
40014,23.3802,26.966
40014,23.3802,26.966
40014,23.3802,26.966
40014,23.3802,26.966
40014,23.3802,26.966
40016,3.15171,1.40483
40017,26.1584,25.549
40017,26.1584,25.549
40017,26.1584,25.549
40017,26.1584,25.549
40017,26.1584,25.549
40017,26.1584,25.549
40017,26.1584,25.549
40017,26.1584,25.549
40018,3.82818,4.76459
40021,25.5224,12.9238
40021,25.5224,12.9238
40021,25.5224,12.9238
40021,25.5224,12.9238
40022,34.5555,4.84635
40022,34.5555,4.84635
40022,34.5555,4.84635
40022,34.5555,4.84635
40022,36.3487,7.8487
40022,36.3487,7.8487
40022,36.3487,7.8487
40022,36.3487,7.8487
40023,0,0
40023,0,0
40023,0,0
40023,0,0
40026,2.33857,0.987485
40026,2.33857,0.987485
40026,2.33857,0.987485
40026,2.33857,0.987485
40026,2.33857,0.987485
40026,2.33857,0.987485
40026,2.33857,0.987485
40026,2.33857,0.987485
40028,40.3112,7.91676
40028,8.34288,7.0744
40028,6.83773,5.68158
40028,6.83773,5.68158
40028,6.83773,5.68158
40028,6.83773,5.68158
40028,6.83773,5.68158
40029,1.07737,0.295279
40029,1.07737,0.295279
40029,1.07737,0.295279
40029,1.07737,0.295279
40029,1.07737,0.295279
40029,1.07737,0.295279
40029,1.07737,0.295279
40029,1.07737,0.295279
40029,1.07737,0.295279
40029,1.07737,0.295279
40029,1.07737,0.295279
40029,1.07737,0.295279
40029,1.07737,0.295279
40029,1.07737,0.295279
40029,1.07737,0.295279
40030,2.06983,0.480714
40030,2.06983,0.480714
40030,2.06983,0.480714
40030,2.06983,0.480714
40030,2.06983,0.480714
40030,2.06983,0.480714
40030,2.06983,0.480714
40030,2.06983,0.480714
40030,2.06983,0.480714
40031,0,0
40031,0,0
40031,0,0
40031,0,0
40031,0,0
40032,4.85021,3.76895
40032,4.85021,3.76895
40032,4.85021,3.76895
40034,9.1942,2.08685
40034,3.52425,1.20319
40034,3.52425,1.20319
40034,9.1942,2.08685
40034,3.52425,1.20319
40034,3.52425,1.20319
40034,3.52425,1.20319
40034,3.52425,1.20319
40034,3.52425,1.20319
40034,3.52425,1.20319
40034,3.52425,1.20319
40035,2.2387,0.767829
40035,2.2387,0.767829
40035,2.2387,0.767829
40035,2.2387,0.767829
40035,2.2387,0.767829
40035,2.2387,0.767829
40035,2.2387,0.767829
40036,14.7641,3.2877
40036,14.7641,3.2877
40036,14.7641,3.2877
40036,14.7641,3.2877
40038,11.7092,3.23619
40038,6.75643,2.01383
40040,14.8551,1.7905
40040,14.8551,1.7905
40040,15.7825,2.34918
40040,10.8079,2.89732
40040,10.8079,2.89732
40041,402.368,378.512
40041,262.367,273.532
40041,262.367,273.532
40042,351.74,260.435
40043,502.171,210.398
40043,0,0
40044,112.17,48.9735
40044,72.1234,23.6985
40045,98.3988,64.2305
40045,122.36,54.3796
40046,2.60552,22.251
40047,92.1972,47.8911
40047,92.1972,47.8911
40048,3.61162,9.38214
40049,164.246,127.295
40049,90.2579,95.5589
40049,90.2579,95.5589
40050,61.0951,43.6874
40050,103.101,81.712
40052,2.43892,-4.45464
40053,67.1638,-1.41893
40053,42.1983,0.44493
40053,42.1983,0.44493
40055,14.0301,2.10182
40055,12.4353,2.85414
40055,12.4353,2.85414
40055,12.4353,2.85414
40055,26.3195,3.84727
40056,8.02871,6.72792
40057,2.39827,-3.4463
40059,3.18324,-0.00728609
40060,9.40143,-0.177263
40060,9.40143,-0.177263
40060,9.40143,-0.177263
40060,9.40143,-0.177263
40060,17.0499,-0.840781
40060,6.93749,-0.180771
40061,2.44231,-5.8014
40062,7.08741,-9.15359
40063,47.3233,10.3496
40063,47.3233,10.3496
40063,47.3233,10.3496
40063,47.3233,10.3496
40063,47.3233,10.3496
40063,47.3233,10.3496
40065,37.1784,-7.14904
40065,34.1845,-7.14904
40065,34.1845,-7.14904
40066,32.33,8.97564
40066,32.33,8.97564
40066,202.428,-2.1727
40066,292.442,-24.1716
40067,2.41962,3.42746
40067,2.41962,3.42746
40067,2.41962,3.42746
40067,2.41962,3.42746
40067,2.41962,3.42746
40067,2.41962,3.42746
40068,4.94013,1.76821
40068,4.94013,1.76821
40068,4.94013,1.76821
40068,4.94013,1.76821
40070,7.14489,5.45375
40070,14.8258,15.0428
40070,12.3031,12.1987
40071,7.96202,12.9839
40072,12.4115,15.6319
40074,34.1388,12.7365
40074,21.2153,12.7365
40074,21.2153,12.7365
40074,21.2153,12.7365
40075,34.561,10.7045
40075,45.6726,16.2229
40076,2.73809,1.07994
40077,17.3543,6.89288
40079,3.51638,-0.739279
40080,2.73863,1.15766
40081,3.36542,21.9162
40082,8.46616,3.37642
40082,8.46616,3.37642
40082,8.46616,3.37642
40082,11.9964,6.19209
40082,112.29,96.2194
40083,2.88308,0.985216
40083,2.88308,0.985216
40083,2.88308,0.985216
40083,2.88308,0.985216
40083,2.88308,0.985216
40083,2.88308,0.985216
40083,2.88308,0.985216
40083,2.88308,0.985216
40083,2.88308,0.985216
40084,14.0652,7.73062
40086,5.20753,9.50178
40086,3.22746,10.3066
40089,8.86824,0.479893
40090,2.31125,0.881236
40090,2.31125,0.881236
40090,2.31125,0.881236
40090,2.31125,0.881236
40090,2.31125,0.881236
40091,14.0031,4.24558
40092,6.17664,7.23897
40092,8.25821,12.8875
40093,3.30376,0.7418
40093,3.30376,0.7418
40093,3.30376,0.7418
40093,3.30376,0.7418
40095,6.76133,2.01655
40095,6.76133,2.01655
40097,2.89581,2.50984
40097,2.89581,2.50984
40098,16.6323,7.79981
40099,16.7444,9.50485
40100,2.35856,0.759455
40101,1.9266,-0.162818
40101,1.9266,-0.162818
40103,7.38096,1.45573
40103,7.38096,1.45573
40104,3.8695,0.294412
40105,2.08061,0.846915
40105,2.08061,0.846915
40105,2.08061,0.846915
40105,2.08061,0.846915
40105,2.08061,0.846915
40105,2.08061,0.846915
40106,7.60244,2.31965
40107,2.90201,0.179594
40109,314.461,177.969
40110,5.96317,3.80159
40110,152.179,70.5061
40110,152.179,70.5061
40111,302.694,356.204
40111,0,0
40112,127.167,-2.04522
40113,152.148,59.5996
40114,0,0
40114,0,0
40114,0,0
40114,0,0
40115,66.4641,58.5017
40115,101.452,38.312
40115,101.452,38.312
40116,151.678,38.6993
40116,151.678,38.6993
40116,151.698,44.212
40117,61.9501,30.2193
40118,103.662,59.3379
40118,103.662,59.3379
40118,103.662,59.3379
40119,101.993,62.8112
40119,101.993,62.8112
40120,14.5831,5.12498
40120,14.5831,5.12498
40120,14.5831,5.12498
40120,14.5831,5.12498
40120,14.5831,5.12498
40120,22.0454,6.42145
40120,27.0993,8.60124
40121,116.544,4.39144
40121,61.5305,1.5949
40122,102.079,34.3702
40122,102.079,34.3702
40123,0,0
40123,0,0
40123,0,0
40123,0,0
40123,0,0
40123,126.428,-10.382
40124,2.16041,11.3985
40125,0,0
40125,0,0
40127,30.0768,27.0521
40127,30.0768,27.0521
40128,51.6099,30.1731
40128,51.6099,30.1731
40128,51.6099,30.1731
40128,51.6099,30.1731
40129,21.9498,32.2855
40129,21.9498,32.2855
40129,21.9498,32.2855
40129,21.9498,32.2855
40130,0,0
40130,0,0
40130,0,0
40130,0,0
40131,31.7604,7.95768
40131,31.7604,7.95768
40131,31.7604,7.95768
40131,31.7604,7.95768
40131,0,0
40132,51.9407,13.8413
40133,22.117,5.92854
40133,138.194,45.0625
40133,97.2017,56.8783
40134,3.63711,8.83257
40137,14.4542,3.34089
40137,14.4542,3.34089
40137,14.4542,3.34089
40137,14.4542,3.34089
40137,20.609,5.94981
40139,26.0938,13.2585
40139,13.0795,9.44307
40139,137.154,47.2399
40139,265.162,162.022
40140,1.62613,19.3421
40141,4.40036,4.0287
40142,26.8956,12.0094
40142,26.8956,12.0094
40143,32.2076,40.7504
40143,17.174,17.7665
40143,13.1206,13.3811
40143,12.1643,20.0178
40143,57.1099,20.5411
40144,17.8957,2.94078
40144,17.8957,2.94078
40144,56.9717,6.51329
40145,11.5274,4.90439
40147,31.4103,4.56151
40147,29.4161,4.56151
40147,8.42062,5.50482
40147,22.832,9.61324
40147,22.832,9.61324
40148,22.8696,10.14
40148,22.4772,10.14
40149,3.74308,1.04391
40149,3.74308,1.04391
40149,3.74308,1.04391
40149,3.74308,1.04391
40151,4.00716,6.18499
40152,4.44622,1.47337
40152,4.44622,1.47337
40152,4.44622,1.47337
40153,2.7409,1.45601
40153,2.7409,1.45601
40153,2.7409,1.45601
40155,1.80983,1.11587
40155,1.80983,1.11587
40155,1.80983,1.11587
40155,1.80983,1.11587
40155,1.80983,1.11587
40155,1.80983,1.11587
40155,1.80983,1.11587
40155,1.80983,1.11587
40156,7.6435,1.89831
40156,7.6435,1.89831
40157,1.90828,4.25194
40158,1.81365,1.24608
40158,1.90043,14.9911
40160,12.6979,3.0665
40160,11.7447,3.0665
40160,16.8235,5.48691
40162,11.5149,4.01703
40163,4.57705,7.54267
40164,1.53513,0.0915451
40164,1.53513,0.0915451
40164,1.53513,0.0915451
40164,1.53513,0.0915451
40164,1.53513,0.0915451
40164,1.53513,0.0915451
40164,1.53513,0.0915451
40164,1.53513,0.0915451
40165,2.05563,2.38706
40165,2.05563,2.38706
40165,2.05563,2.38706
40166,2.57116,0
40166,2.57116,0
40167,1.8496,0.826324
40167,1.8496,0.826324
40167,1.8496,0.826324
40167,1.8496,0.826324
40167,1.8496,0.826324
40167,1.8496,0.826324
40168,6.93,1.7434
40168,6.93,1.7434
40168,6.93,1.7434
40169,1.41624,1.57108
40169,1.41624,1.57108
40169,1.41624,1.57108
40169,1.41624,1.57108
40170,3.5685,2.03248
40170,3.5685,2.03248
40171,8.46609,3.83906
40171,13.6345,7.9918
40171,6.5242,4.66035
40171,6.61698,13.9815
40171,6.61698,13.9815
46843,261.745,-169.858
46843,0,0
46844,213.19,-190.751
46844,0,0
46845,231.47,-252.84
46845,231.47,-252.84
46846,311.712,-3.25681
46847,192.17,197.349
46848,142.365,-45.8922
46848,72.5595,-10.9875
46849,154.132,4.5576
46849,154.132,4.5576
46849,95.9752,3.81053
46850,72.8211,-58.8741
46850,110.12,-34.0676
46850,110.12,-34.0676
46851,48.8188,12.7337
46851,92.8103,10.586
46851,92.8103,10.586
46853,102.956,8.72752
46853,153.632,3.25916
46853,153.632,3.25916
46853,153.632,3.25916
46853,102.956,8.72752
46853,102.956,8.72752
46853,102.956,8.72752
46853,102.956,8.72752
46853,102.956,8.72752
46853,102.956,8.72752
46853,102.956,8.72752
46853,153.632,3.25916
46854,135.462,53.7204
46855,47.2862,-2.95591
46857,35.2866,-7.90503
46858,49.4371,20.2959
46858,49.4371,20.2959
46858,49.5261,20.7566
46858,49.5261,20.7566
46860,51.7085,38.117
46860,30.1665,12.5782
46861,28.3576,-2.90068
46861,28.3576,-2.90068
46862,29.7345,9.76393
46862,29.7345,9.76393
46863,34.4293,6.69948
46863,34.4293,6.69948
46863,34.4293,6.69948
46863,34.4293,6.69948
46863,34.4293,6.69948
46863,34.4293,6.69948
46863,43.0618,6.0764
46863,43.0618,6.0764
46863,44.0404,10.3448
46864,24.8843,6.69094
46864,24.8843,6.69094
46866,17.8777,6.69953
46866,17.8777,6.69953
46868,41.7904,8.99214
46868,58.6768,-22.8881
46868,19.7076,4.2804
46868,19.7076,4.2804
46869,20.229,0.200896
46869,23.193,0.407124
46870,17.6223,2.29537
46870,17.6223,2.29537
46870,17.6223,2.29537
46870,17.6223,2.29537
46870,18.0865,2.90604
46870,18.0865,2.90604
46870,18.0865,2.90604
46870,18.0865,2.90604
46871,26.6927,3.19442
46871,26.6927,3.19442
46872,5.33519,0.390031
46872,5.33519,0.390031
46872,5.33519,0.390031
46873,5.27136,0.326864
46873,5.27136,0.326864
46873,5.27136,0.326864
46874,19.7331,1.98205
46874,19.7331,1.98205
46875,57.3226,64.3178
46875,15.1047,5.47421
46878,11.923,4.0063
46878,11.923,4.0063
46883,9.42961,0.315655
46884,275.143,340.873
46885,176.021,356.576
46886,274.215,163.196
46887,147.635,171.263
46888,53.2716,25.3878
46888,93.2571,17.2388
46888,93.2571,17.2388
46888,197.708,92.7905
46888,184.963,97.287
46889,80.437,71.6633
46889,424.901,218.858
46889,205.375,100.434
46890,36.331,0.428432
46890,189.868,101.038
46890,189.867,101.038
46891,94.2471,56.125
46891,218.191,185.27
46891,90.8914,116.845
46892,103.035,83.0504
46892,103.035,83.0504
46892,131.523,61.9209
46892,131.523,61.9209
46892,131.523,61.9209
46892,131.523,61.9209
46893,13.6467,3.74117
46893,13.1619,3.72774
46893,13.1619,3.72774
46893,13.1619,3.72774
46893,13.1619,3.72774
46893,13.1619,3.72774
46893,13.1619,3.72774
46893,13.1619,3.72774
46893,13.6467,3.74117
46893,13.6467,3.74117
46893,13.6467,3.74117
46893,13.6467,3.74117
46893,14.5239,4.28709
46893,12.7747,4.68998
46893,13.1619,3.72774
46893,13.1619,3.72774
46894,103.534,48.8569
46894,153.632,17.7733
46894,103.829,53.6306
46894,103.829,53.6306
46895,50.6046,47.3672
46895,50.8217,48.3312
46895,50.8217,48.3312
46895,50.8217,48.3312
46895,50.8217,48.3312
46896,124.345,29.461
46896,124.345,29.461
46896,42.9488,15.1708
46897,84.4728,59.1676
46897,142.539,41.8979
46897,142.539,41.8979
46897,142.539,41.8979
46897,71.5199,21.7504
46898,139.166,52.6557
46898,139.166,52.6557
46898,58.4263,56.2966
46899,126.338,80.1146
46899,126.338,80.1146
46899,89.7257,122.021
46900,106.909,18.6914
46900,106.909,18.6914
46900,106.909,18.6914
46900,82.2597,14.216
46900,82.2597,14.216
46900,82.2597,14.216
46901,101.203,41.6263
46901,101.203,41.6263
46901,101.203,41.6263
46901,138.032,110.612
46903,88.3806,33.5683
46903,80.4315,55.8914
46903,277.893,172.624
46903,277.893,172.624
46903,214.435,172.624
46904,62.6578,22.9212
46904,62.6578,22.9212
46904,93.738,16.7077
46904,93.738,16.7077
46905,53.6844,21.4596
46905,43.2827,51.7782
46905,35.2349,12.8019
46905,35.3533,12.9158
46905,10.9388,3.83432
46905,29.6104,16.2722
46905,20.816,9.64035
46905,20.816,9.64035
46908,59.0393,15.025
46908,235.113,127.354
46908,87.6093,46.5274
46911,78.6247,12.0134
46912,57.9549,30.178
46914,27.1603,9.98185
46914,58.4813,8.23104
46914,58.4813,8.23104
46914,28.3503,8.23104
46914,88.0956,19.7673
46914,94.4505,26.5799
46914,45.6465,16.9359
46914,39.0941,17.443
46915,9.69309,2.60137
46915,10.8443,3.22786
46915,7.99325,2.06529
46915,7.99325,2.06529
46915,7.99325,2.06529
46915,7.99325,2.06529
46916,62.5564,18.5438
46916,74.2941,37.829
46916,41.6169,10.4309
46916,283.803,267.404
46916,283.803,267.404
46917,25.9095,2.56782
46917,28.0715,3.24135
46918,76.3792,27.0047
46918,16.5332,4.36032
46918,16.9461,4.88883
46918,23.1294,7.3399
46920,36.0579,6.86902
46920,41.4945,20.7778
46921,98.7327,0
46921,38.3772,0
46921,60.4966,0
46922,18.4902,4.71191
46922,36.8761,7.43612
46922,59.3182,9.19665
46922,59.3182,9.19665
46922,51.5583,9.65647
46922,51.5583,9.65647
46922,21.0655,5.97481
46922,26.9015,10.1769
46922,5.36054,1.47417
46922,5.36054,1.47417
46922,5.36054,1.47417
46922,5.36054,1.47417
46922,5.36054,1.47417
46922,8.97217,2.75577
46923,29.422,5.80282
46923,43.3129,8.69333
46924,29.4653,0
46924,29.4653,0
46926,36.5159,11.5044
46926,36.5159,11.5044
46927,26.6753,0.887002
46927,30.3494,1.20086
46928,7.38608,0.211617
46928,7.38608,0.211617
46929,7.21533,2.23555
46929,7.21533,2.23555
46931,13.2826,2.13154
46931,13.2826,2.13154
46931,13.2826,2.13154
46934,26.1432,7.25165
46934,33.1091,9.00873
46934,32.7505,12.1763
46934,6.75048,2.06891
46934,6.75048,2.06891
46936,2.86623,1.01467
46936,2.86623,1.01467
46936,2.86623,1.01467
46936,2.86623,1.01467
46936,2.86623,1.01467
46937,32.3722,7.94518
46937,15.1109,3.56743
46937,119.811,104.355
46939,6.51142,1.67832
46939,6.51142,1.67832
46940,14.7507,4.28108
46940,24.5893,10.2829
46941,16.8764,7.345
46942,2.24609,0.805843
46942,2.24609,0.805843
46942,2.24609,0.805843
46942,2.24609,0.805843
46942,2.24609,0.805843
46942,2.24609,0.805843
46942,2.24609,0.805843
46943,12.2338,2.06381
46943,14.3765,2.60369
46944,9.71012,3.16623
46944,11.0838,4.09071
46945,806.88,195.303
46946,356.39,247.811
46946,356.353,176.492
46947,335.705,-183.638
46947,335.705,-183.638
46948,290.202,-138.594
46948,285.207,-138.594
46949,105.412,32.7615
46949,65.9091,76.6601
46949,296.116,248.853
46950,295.774,102.527
46950,288.779,102.527
46950,298.731,146.163
46950,297.732,146.163
46951,261.248,220.225
46951,260.249,220.225
46952,10.6423,7.03749
46952,10.2841,7.89657
46952,10.2841,7.89657
46952,10.2841,7.89657
46952,10.2841,7.89657
46952,10.2841,7.89657
46952,10.2841,7.89657
46952,10.2841,7.89657
46952,10.2841,7.89657
46952,10.6423,7.03749
46952,10.8602,10.1421
46952,10.8602,10.1421
46952,10.8602,10.1421
46952,10.8602,10.1421
46952,10.8602,10.1421
46952,10.8602,10.1421
46952,10.2841,7.89657
46956,172.951,-43.0398
46956,172.951,-43.0398
46957,93.0153,77.2575
46957,36.1007,13.4618
46957,36.6586,15.3717
46958,66.8171,28.9057
46958,56.8464,46.6183
46958,56.8464,46.6183
46959,83.8987,0
46959,83.9071,0
46959,78.0504,0
46959,59.1946,0
46960,114.037,51.6637
46960,114.037,51.6637
46960,86.4127,90.3619
46961,129.892,26.9265
46961,475.425,87.0319
46961,244.608,44.7872
46962,87.3702,30.068
46962,87.3702,30.068
46963,150,32.6064
46964,4.91764,14.5766
46965,61.9922,16.7242
46965,55.0829,16.7242
46965,22.807,3.83559
46965,14.4052,4.20347
46965,134.575,28.3393
46965,174.672,31.3318
46966,79.031,-18.5639
46967,85.8486,39.7041
46967,85.8486,39.7041
46967,85.8486,39.7041
46968,61.2845,18.2508
46968,61.2845,18.2508
46968,61.2845,18.2508
46968,61.2845,18.2508
46968,61.2845,18.2508
46968,61.2845,18.2508
46968,61.2845,18.2508
46968,61.2845,18.2508
46969,25.8866,16.2526
46969,9.39063,4.19822
46969,9.56484,4.65003
46969,15.9257,14.9361
46970,11.2409,13.2383
46972,10.9979,12.5773
46972,10.9979,12.5773
46972,10.9979,12.5773
46972,10.9979,12.5773
46973,11.7606,12.0668
46974,11.5353,10.7624
46975,11.0026,5.43204
46976,31.8326,15.849
46976,31.8326,15.849
46976,39.6175,45.2398
46976,39.6175,45.2398
46977,42.5669,9.90903
46977,42.5669,9.90903
46977,42.5669,9.90903
46977,42.5669,9.90903
46978,37.0101,23.7138
46978,37.0101,23.7138
46979,4.89131,4.68652
46981,25.5532,5.44312
46983,4.62286,0.846335
46984,34.2082,15.143
46984,33.9696,14.248
46984,265.101,170.229
46987,30.7261,8.99226
46990,29.797,13.5572
46990,29.797,13.5572
46990,29.797,13.5572
46990,29.797,13.5572
46993,5.90655,3.80138
46993,5.90655,3.80138
46994,6.0499,3.88839
46994,6.0499,3.88839
46995,8.72221,1.81372
46995,8.72221,1.81372
46996,4.68572,0.964474
46996,4.68572,0.964474
46996,4.68572,0.964474
46996,4.68572,0.964474
46996,4.68572,0.964474
46997,18.8656,1.05692
46998,27,0.175894
46998,31,0.231003
46999,23.6274,2.75394
46999,23.6274,2.75394
47000,1.66416,0.509626
47000,1.66416,0.509626
47000,1.66416,0.509626
47000,1.66416,0.509626
47000,1.66416,0.509626
47000,1.66416,0.509626
47000,1.66416,0.509626
47000,1.66416,0.509626
47000,1.66416,0.509626
47000,1.66416,0.509626
47001,4.59142,0.0435845
47001,4.59142,0.0435845
47001,4.59142,0.0435845
47004,6.4642,2.58315
47004,6.4642,2.58315
47005,9.81322,2.05097
47009,6.24326,3.14895
47009,6.24326,3.14895
47009,6.97588,4.53497
47009,6.97588,4.53497
47009,6.97588,4.53497
47009,6.97588,4.53497
47009,6.97588,4.53497
47009,6.97588,4.53497
47010,7.62501,2.44288
50134,61.0411,50.4699
50135,234.129,68.888
50135,228.731,68.888
50135,228.731,68.888
50136,507.614,191.128
50136,432.536,127.91
50137,111.316,-12.916
50138,31.9942,0
50138,23.3289,0
50138,85.4745,0
50138,85.4745,0
50139,50.9846,4.36378
50139,162.494,28.232
50140,10.9889,13.3062
50141,44.0067,23.0387
50142,9.95942,0
50143,20.0465,-4.8215
50144,9.61654,0
50145,13.4818,-3.21498
50146,45.3118,40.637
50146,72.9724,25.6556
50146,72.9724,25.6556
50146,121.658,59.7201
50146,96.1916,123.18
50147,21.5189,16.5458
50147,21.7104,19.3261
50148,39.1409,28.4546
50148,39.1409,28.4546
50148,39.1409,28.4546
50148,39.1409,28.4546
50149,57.2618,11.9556
50150,39.8123,48.5076
50150,22.6418,4.82187
50150,22.6418,4.82187
50150,28.9387,11.2227
50151,21.7944,21.511
50152,58.501,45.9576
50152,39.6729,19.672
50152,17.2529,3.81298
50152,17.2529,3.81298
50153,32.3888,16.6387
50154,61.2052,15.4747
50154,23.7275,3.07872
50154,23.7275,3.07872
50154,40.707,4.66844
50155,45.463,25.5436
50156,6.13818,1.72009
50156,6.13818,1.72009
50156,6.13818,1.72009
50156,6.13818,1.72009
50156,6.13818,1.72009
50156,6.13818,1.72009
50156,6.13818,1.72009
50156,6.13818,1.72009
50156,6.13818,1.72009
50157,30.3771,9.28666
50157,30.3771,9.28666
50157,30.4245,9.51893
50159,28.1427,10.4197
50160,20.8918,6.05857
50160,20.8918,6.05857
50160,20.8918,6.05857
50160,20.8918,6.05857
50160,118.66,8.15833
50160,118.66,8.15833
50160,118.66,8.15833
50161,34.7323,3.11534
50161,34.7323,3.11534
50161,35.5664,5.0817
50162,32.0863,13.6103
50163,11.426,4.63061
50164,20.4211,4.47433
50165,50.6224,23.2074
50165,35.7014,11.9064
50165,144.609,86.9489
50166,11.1563,-0.470766
50166,13.5153,-2.55228
50167,35.1778,41.7309
50167,35.1778,41.7309
50167,29.3148,11.596
50167,31.997,23.1143
50168,21.3124,15.0221
50169,16.4374,3.24172
50170,10.2346,0.684861
50170,10.2346,0.684861
50171,27.2952,0
50172,11.2862,3.18821
50173,5.60386,1.43215
50173,5.60386,1.43215
50173,5.60386,1.43215
50174,1.9912,0
50174,1.9912,0
50174,1.9912,0
50174,1.9912,0
50174,1.9912,0
50174,1.9912,0
50175,4.96285,1.19505
50175,4.96285,1.19505
50175,4.96285,1.19505
50175,4.96285,1.19505
50176,1.97515,0.512495
50176,1.97515,0.512495
50176,1.97515,0.512495
50176,1.97515,0.512495
50176,1.97515,0.512495
50176,1.97515,0.512495
50176,1.97515,0.512495
50176,1.97515,0.512495
50177,1.09577,0.392937
50177,1.09577,0.392937
50177,1.09577,0.392937
50177,1.09577,0.392937
50177,1.09577,0.392937
50177,1.09577,0.392937
50177,1.09577,0.392937
50177,1.09577,0.392937
50177,1.09577,0.392937
50177,1.09577,0.392937
50178,10.1396,3.95646
50179,9.07028,2.33644
50180,499.374,70.4297
50180,289.498,70.4297
50181,204.736,2.24739
50182,204.62,-8.30625
50182,204.62,-8.30625
50183,201.27,4.61465
50183,384.404,-12.688
50184,114.715,19.5302
50184,224.834,-0.841709
50185,94.6861,-6.20342
50186,5.65218,54.44
50187,10.841,54.7195
50188,7.60249,58.0554
50189,12.2745,47.4444
50190,10.797,35.2697
50191,5.80728,35.9166
50192,4.86924,8.9045
50192,4.86924,8.9045
50192,4.89204,10.9093
50192,4.89204,10.9093
50192,4.89204,10.9093
50193,9.82965,4.15329
50194,7.72996,11.6592
50195,8.02648,7.84316
50196,6.63129,-1.14397
50196,6.75587,-1.26707
50197,4.6133,7.63695
50198,6.96287,-0.0966463
50199,4.56161,7.0624
50200,6.36138,6.50489
50201,4.58417,6.38179
50203,4.53285,-1.0197
50204,6.58382,0.00532682
50205,11.6905,3.56121
50205,11.6905,3.56121
50206,0,0
50207,16.7155,-12.6863
50207,0,0
50208,325.48,195.351
50208,205.486,162.645
50209,477.58,206.38
50210,121.819,39.1345
50210,115.867,39.1345
50211,54.4063,3.90916
50212,7.11721,7.43233
50215,58.2263,26.4923
50215,64.3426,48.7966
50215,39.1995,20.0455
50215,39.1995,20.0455
50215,38.9572,17.957
50216,17.777,21.0313
50216,57.3239,55.0535
50216,27.9928,55.0535
50217,5.83221,29.2513
50219,12.3105,14.2437
50219,12.3105,14.2437
50219,28.4222,11.6119
50219,10.3746,4.36179
50220,14.7208,6.8335
50220,26.0014,27.9579
50220,26.0014,27.9579
50220,26.0014,27.9579
50221,6.3729,-2.15952
50223,7.73844,48.2601
50223,7.11855,10.9815
50223,7.68057,42.2739
50224,10.3249,8.86185
50225,25.9968,6.93511
50225,25.9968,6.93511
50225,33.9033,12.688
50225,28.0229,12.688
50225,58.2142,28.1129
50226,16.8149,3.18737
50227,4.17102,0.599842
50227,4.17102,0.599842
50227,4.17102,0.599842
50228,5.25632,0.858118
50228,5.25632,0.858118
50230,9.84432,1.71859
50231,23.6566,5.95661
50231,34.3518,20.5217
50231,9.42669,4.35968
50232,11.0228,1.87966
50233,12.5624,3.31068
50234,1.17533,0.588201
50234,1.17533,0.588201
50234,1.17533,0.588201
50234,1.17533,0.588201
50234,1.17533,0.588201
50234,1.17533,0.588201
50234,1.17533,0.588201
50234,1.17533,0.588201
50235,5.77738,0.715814
50235,5.77738,0.715814
50236,5.83052,0.73707
50236,5.83052,0.73707
50237,2.66846,0.487503
50237,2.66846,0.487503
50237,2.66846,0.487503
50237,2.66846,0.487503
50237,2.66846,0.487503
50237,2.66846,0.487503
50238,54.6293,27.4046
50238,212.164,104.62
50238,212.164,104.62
50238,212.164,104.62
50239,214.412,211.546
50239,214.412,211.546
50240,212.202,191.032
50240,167.192,167.612
50241,148.343,45.2768
50241,106.42,48.4494
50241,106.42,48.4494
50241,217.885,131.826
50241,217.885,131.826
50241,172.983,131.826
50242,201.835,77.7729
50243,154.133,70.3013
50243,154.133,70.3013
50243,154.133,70.3013
50243,154.133,70.3013
50243,104.608,93.2343
50243,104.608,93.2343
50243,104.608,93.2343
50243,104.608,93.2343
50244,85.6705,25.7226
50244,85.6705,25.7226
50244,85.6705,25.7226
50244,85.6705,25.7226
50244,87.2466,57.5606
50244,52.4184,57.5606
50245,135.018,41.0649
50245,135.018,41.0649
50245,135.018,41.0649
50245,81.7935,24.7136
50245,81.7935,24.7136
50245,81.7935,24.7136
50246,108.611,85.2875
50246,108.611,85.2875
50246,105.099,98.1861
50247,110.572,52.6678
50247,110.572,52.6678
50247,61.4226,55.5834
50248,120.54,49.9242
50248,120.54,49.9242
50248,120.54,49.9242
50248,120.54,49.9242
50248,72.1492,84.4408
50248,72.1492,84.4408
50249,94.3832,65.8344
50249,94.3832,65.8344
50250,27.9136,23.0542
50252,41.7831,33.4841
50254,22.925,9.85652
50255,24.1725,27.2107
50256,31.7939,19.441
50257,42.7689,27.9241
50257,42.607,27.8333
50258,34.2719,62.4591
50258,34.2719,62.4591
50258,40.1677,24.1214
50260,32.2744,7.94167
50260,32.2744,7.94167
50260,63.991,28.681
50260,63.991,28.681
50260,62.3911,115.916
50261,149.194,122.973
50261,88.2794,122.973
50261,51.8462,17.3029
50261,51.8462,17.3029
50262,52.1588,21.6175
50262,52.1588,21.6175
50262,64.5642,35.5142
50264,25.3904,10.7557
50264,25.3904,10.7557
50264,25.3904,10.7557
50264,16.6051,5.28458
50264,16.6051,5.28458
50264,16.6051,5.28458
50264,26.4105,12.4253
50265,56.1493,36.425
50265,56.1493,36.425
50265,56.1493,36.425
50265,56.1493,36.425
50266,41.1745,7.72498
50266,14.919,9.56272
50266,40.0331,11.1822
50266,44.0924,16.8517
50267,46.8406,13.8109
50267,69.7718,23.2577
50270,18.1342,0.330078
50270,18.1342,0.330078
50271,28.8339,3.61093
50271,28.8339,3.61093
50272,47.2444,24.7113
50272,47.674,27.2733
50272,29.2174,7.34237
50273,26.3376,11.378
50273,26.3376,11.378
50274,7.03474,0.542023
50274,7.03474,0.542023
50274,7.03474,0.542023
50274,7.03474,0.542023
50275,30.7772,7.39579
50275,30.7772,7.39579
50275,30.7772,7.39579
50275,30.7772,7.39579
50275,30.7772,7.39579
50275,30.7772,7.39579
50276,58.9119,45.8546
50276,82.1087,101.755
50276,36.1044,8.51597
50276,32.4156,8.51597
50276,33.6208,16.1609
50276,36.3209,23.6854
50277,21.2182,4.58196
50277,36.1942,27.8964
50278,12.7877,0.972253
50278,12.7877,0.972253
50280,28.8553,2.27297
50280,28.8553,2.27297
50281,22.9758,1.39831
50281,22.9758,1.39831
50281,22.9758,1.39831
50281,22.9758,3.88665
50282,17.1686,1.90133
50282,17.1686,1.90133
50282,17.1686,1.90133
50283,16.7738,2.14806
50283,16.7738,2.14806
50283,16.7738,2.14806
50283,16.7738,2.14806
50284,75.4485,50.2535
50284,91.371,75.4162
50284,50.516,11.6699
50284,50.516,11.6699
50284,14.7211,3.56807
50284,97.7916,179.39
50285,10.0783,5.9378
50285,14.3122,11.4638
50285,14.3122,11.4638
50286,1.80484,0.480116
50286,1.80484,0.480116
50286,1.80484,0.480116
50286,1.80484,0.480116
50286,1.80484,0.480116
50286,1.80484,0.480116
50286,1.80484,0.480116
50286,1.80484,0.480116
50286,1.80484,0.480116
50286,1.80484,0.480116
50286,1.80484,0.480116
50287,8.741,2.09837
50287,91.5631,188.975
50287,91.5631,188.975
50287,91.5631,188.975
50288,7.7943,2.16395
50288,7.7943,2.16395
50290,12.1837,0.773887
50290,12.1837,0.773887
50290,13.7084,1.2432
50291,154.983,102.163
50292,6.162,62.8873
50293,55.1353,40.0341
50293,55.1353,40.0341
50293,100.173,83.2443
50294,5.42269,-9.61493
50294,5.42269,-9.61493
50294,5.42269,-9.61493
50294,5.42269,-9.61493
50294,5.42269,-9.61493
50294,5.42269,-9.61493
50294,5.42269,-9.61493
50295,10.6443,6.30139
50296,51.0484,14.3161
50296,51.0679,14.6376
50297,35.8933,0.514226
50297,35.8933,0.514226
50298,25.5839,11.0873
50299,5.22748,-3.54473
50299,5.22748,-3.54473
50299,5.22748,-3.54473
50299,5.22748,-3.54473
50299,5.22748,-3.54473
50299,5.29997,-4.64714
50299,5.29997,-4.64714
50299,5.29997,-4.64714
50300,8.46553,0.47822
50301,5.37041,4.1154
50302,20.8898,13.0641
50303,7.36524,0.470974
50304,4.81808,-0.314555
50304,4.81808,-0.314555
50304,4.81808,-0.314555
50304,4.81808,-0.314555
50304,4.81808,-0.314555
50304,4.81808,-0.314555
50304,4.81808,-0.314555
50304,4.81808,-0.314555
50306,7.03388,4.76105
50308,9.79863,0.914198
50309,12.7687,3.15343
50310,1305.84,332.194
50310,1305.84,332.194
50311,1148.48,345.805
50311,1141.49,345.805
50312,610.569,53.252
50313,480.396,-12.5413
50313,482.487,-19.8188
50314,756.92,47.958
50314,0,0
50314,0,0
50315,182.321,325.446
50315,182.322,325.446
50316,427.74,46.714
50317,267.624,182.87
50318,529.458,162.206
50319,384.71,-42.5185
50320,109.228,82.3703
50320,109.228,82.3703
50320,323.815,240.763
50320,458.663,314.309
50320,458.665,314.309
50320,180.353,147.707
50320,397.342,307.384
50320,417.518,329.473
50321,186.235,58.5561
50321,186.235,58.5561
50322,342.014,99.513
50322,342.014,99.513
50323,737.527,52.2868
50323,542.735,49.2799
50323,542.735,49.2799
50324,561.877,88.7946
50325,222.48,-5.76126
50325,222.48,-5.76126
50326,379.768,243.953
50326,205.962,127.415
50327,181.647,40.7508
50327,181.647,40.7508
50327,181.647,40.7508
50328,302.65,141.377
50328,342.77,209.413
50328,342.771,209.413
50329,340.754,151.215
50330,32.6545,18.1418
50330,194.82,92.9304
50330,194.82,92.9304
50330,109.723,44.1164
50330,109.723,44.1164
50330,109.723,44.1164
50331,143.502,83.3109
50331,143.502,83.3109
50332,237.536,122.225
50333,196.395,85.3833
50333,199.149,97.2913
50334,327.702,110.754
50335,260.13,154.539
50335,260.129,154.539
50335,196.795,250.367
50336,495.389,225.745
50336,373.858,161.432
50337,189.354,60.2011
50337,189.354,60.2011
50337,189.354,60.2011
50338,257.278,113.569
50338,113.437,43.3668
50339,283.2,72.9064
50340,79.9224,19.9625
50341,109,96.7754
50341,109,96.7754
50342,213.597,110.751
50342,191.998,110.751
50342,191.998,110.751
50343,46.1983,-32.749
50344,220.824,12.2661
50344,366.023,-11.2719
50345,87.316,64.2221
50345,87.316,64.2221
50346,135.881,42.2798
50346,135.881,42.2798
50346,144.837,58.0161
50347,172.922,53.8677
50347,132.213,47.7316
50347,132.213,47.7316
50348,188.566,76.6529
50348,188.566,76.6529
50348,192.303,81.7124
50348,192.303,81.7124
50349,45.5312,-22.7621
50350,84.8612,52.1611
50350,84.8612,52.1611
50350,225.092,157.697
50350,95.2275,114.2
50350,95.5801,126.269
50351,219.576,55.234
50353,267.087,161.62
50353,199.155,89.6194
50353,199.155,89.6194
50354,45.2861,-25.8307
50354,45.9694,-28.4334
50354,49.6571,-48.5756
50355,98.653,92.7877
50355,70.3653,90.9426
50355,71.2393,93.6903
50355,71.2393,93.6903
50356,42.8375,-21.5787
50357,6.24274,2.01688
50357,6.24274,2.01688
50357,6.24274,2.01688
50357,6.24274,2.01688
50357,6.24274,2.01688
50357,6.24274,2.01688
50357,6.24274,2.01688
50357,6.24274,2.01688
50357,6.24274,2.01688
50357,6.24274,2.01688
50357,6.24274,2.01688
50357,6.24274,2.01688
50357,6.24274,2.01688
50357,6.24274,2.01688
50357,6.24274,2.01688
50357,6.24274,2.01688
50357,6.24274,2.01688
50357,6.24274,2.01688
50357,6.24274,2.01688
50357,6.24274,2.01688
50357,6.24274,2.01688
50357,6.24274,2.01688
50357,6.24274,2.01688
50357,6.24274,2.01688
50358,64.9114,35.3605
50360,79.651,41.015
50361,210.906,168.804
50361,143.547,114.38
50361,143.547,114.38
50362,92.7741,-25.6564
50363,94.0419,-26.9294
50364,52.8606,2.49057
50365,46.9056,28.7012
50365,112.718,142.961
50365,60.2373,80.3845
50366,120.4,32.6458
50366,120.4,32.6458
50366,45.0503,32.0073
50367,101.033,36.2568
50367,101.033,36.2568
50367,101.033,36.2568
50367,101.033,36.2568
50367,106.16,49.0952
50367,106.16,49.0952
50367,106.16,49.0952
50367,106.16,49.0952
50368,30.227,5.76244
50368,28.2321,5.76244
50368,28.2321,9.92788
50368,28.2321,9.92788
50368,28.2321,9.92788
50368,28.2321,9.92788
50368,123.399,61.5507
50368,90.1406,58.1006
50369,37.1268,-17.9835
50370,124.65,12.0054
50370,135.068,2.72012
50371,136.135,22.1321
50371,136.135,22.1321
50371,104.453,40.0675
50372,107.124,63.2178
50372,147.749,87.3198
50372,147.749,87.3198
50372,147.749,87.3198
50372,147.749,87.3198
50373,131.948,39.3677
50373,88.0629,32.2758
50373,88.0629,32.2758
50374,146.715,73.8296
50374,104.734,74.1678
50374,97.196,47.1689
50374,97.196,47.1689
50375,126.029,61.5207
50375,121.719,29.1222
50375,121.719,29.1222
50375,121.719,29.1222
50376,188.821,69.6684
50376,112.282,48.7695
50376,112.282,48.7695
50377,98.5338,86.1149
50377,98.5339,86.1149
50377,111.912,108.107
50377,111.912,108.107
50378,135.982,46.3087
50378,135.982,46.3087
50378,135.982,46.3087
50378,217.316,133.571
50379,116.031,32.7322
50379,116.031,32.7322
50379,116.031,32.7322
50379,223.844,102.086
50380,57.5189,36.1537
50380,71.4941,54.7506
50380,71.4942,54.7506
50381,140.007,84.8905
50381,140.007,84.8905
50381,140.007,84.8905
50381,140.007,84.8905
50381,148.954,105.609
50382,126.932,43.3007
50382,21.4535,15.0284
50384,111.09,54.0521
50385,151.99,74.4603
50385,151.99,74.4603
50385,113.304,74.4603
50386,132.523,34.7831
50386,102.179,15.6523
50387,161.482,66.4193
50387,476.045,156.413
50388,121.612,64.8301
50388,121.612,64.8301
50388,120.794,76.0578
50389,130.544,10.4679
50389,120.391,10.4679
50389,113.44,10.4679
50389,113.44,10.4679
50389,85.518,8.64288
50389,85.518,8.64288
50390,126.367,27.4555
50390,126.367,27.4555
50390,113.907,33.4557
50391,150.581,0
50391,150.581,0
50391,150.581,0
50391,139.643,0
50391,73.653,0
50392,130.51,19.1205
50392,130.51,19.1205
50393,134.533,15.2839
50393,114.065,15.4285
50393,114.065,15.4285
50394,145.651,74.5253
50394,125.526,67.4831
50394,125.526,67.4831
50395,118.946,12.0369
50395,119.418,11.9993
50395,119.418,11.9993
50395,119.418,11.9993
50395,88.5494,11.624
50395,88.5494,11.624
50396,134.149,53.6775
50396,134.149,53.6775
50396,134.149,53.6775
50396,134.149,53.6775
50396,169.246,67.8748
50396,169.085,67.8748
50397,41.4557,-16.6033
50398,115.226,27.1308
50398,111.324,25.9982
50398,111.324,25.9982
50399,121.549,17.3077
50399,121.549,17.3077
50399,44.4682,14.2675
50400,166.948,46.1879
50400,166.948,46.1879
50400,118.549,103.191
50401,121.003,30.2241
50401,121.003,30.2241
50401,79.5425,43.5952
50402,112.326,19.2983
50402,112.326,19.2983
50403,124.034,75.7138
50403,124.034,75.7138
50403,124.034,75.7138
50403,124.034,75.7138
50403,124.034,75.7138
50403,124.034,75.7138
50403,233.082,223.457
50403,233.08,223.457
50404,50.728,0.616871
50406,138.969,81.0173
50406,138.969,81.0173
50406,138.969,81.0173
50406,144.783,130.994
50406,65.6955,47.7918
50407,110.156,36.5452
50407,110.156,36.5452
50407,110.156,36.5452
50407,110.156,36.5452
50407,101.819,41.9206
50407,101.819,41.9206
50408,132.093,13.1046
50408,132.093,13.1046
50408,50.3455,7.75102
50409,43.0745,-31.0569
50410,91.1731,55.5417
50411,32.2243,-10.4551
50412,41.2016,-25.8985
50413,122.219,37.4395
50413,122.219,37.4395
50413,122.219,37.4395
50413,112.988,73.899
50413,78.4922,11.6066
50414,28.128,13.6432
50414,28.128,13.6432
50414,28.128,13.6432
50414,28.128,13.6432
50414,27.7582,11.8559
50414,35.9609,18.9602
50414,20.7362,9.35388
50414,19.1851,8.66252
50418,80.3834,19.1273
50419,122.611,48.4929
50420,107.662,18.6072
50420,107.662,18.6072
50420,107.662,18.6072
50420,107.662,18.6072
50421,81.7203,18.7734
50422,61.2168,23.6126
50422,61.2168,23.6126
50422,120.717,46.3618
50423,97.2896,61.0099
50423,97.536,61.1964
50423,519.033,253.423
50424,35.5908,-14.8044
50425,102.856,61.997
50425,102.856,61.997
50426,29.7534,-18.8281
50427,31.8236,-15.8574
50428,41.2381,-2.99987
50429,67.4522,33.4129
50429,96.8291,61.5994
50429,144.467,150.198
50430,40.7565,1.00449
50431,35.8232,-18.5491
50433,30.322,-16.0205
50434,34.6312,-4.5111
50435,92.4257,0.881017
50435,94.2096,39.2309
50436,42.7296,-1.86557
50437,39.2614,-16.6413
50438,36.256,36.5716
50439,52.0357,36.1316
50439,46.39,21.3479
50439,39.998,21.3479
50440,15.3631,2.58635
50440,17.8759,6.78387
50440,12.8168,5.80366
50440,14.021,3.23101
50440,14.021,3.23101
50440,14.021,3.23101
50440,14.021,3.23101
50441,64.8719,4.57225
50441,62.0942,3.65902
50441,64.1132,-7.144
50441,43.6515,-4.06759
50442,75.3659,26.7773
50442,84.1849,16.4752
50442,84.1849,16.4752
50442,84.1849,16.4752
50443,44.7023,12.7725
50444,77.5844,18.148
50447,31.7432,2.28841
50447,70.2555,-1.8309
50447,70.2555,-1.8309
50448,115.491,0
50448,84.1259,0
50448,84.1259,0
50448,73.4334,0
50449,32.9913,10.7464
50449,69.7465,22.6886
50449,66.6614,29.1742
50449,66.6614,29.1742
50449,78.583,40.359
50449,78.583,40.359
50449,62.5247,36.781
50450,30.6798,-9.10089
50451,32.1712,-1.57275
50452,78.067,-9.57273
50452,173.529,-103.896
50452,72.8534,-0.769791
50452,72.8534,-0.769791
50452,72.8534,-0.769791
50452,72.8534,-0.769791
50452,72.8534,-0.769791
50452,72.8534,-0.769791
50453,108.682,12.3362
50453,500.049,-20.5743
50453,73.08,4.9109
50453,73.08,4.9109
50453,73.08,4.9109
50453,73.08,4.9109
50453,73.08,4.9109
50454,276.015,251.329
50454,73.6291,10.2682
50454,73.6291,10.2682
50454,73.6291,10.2682
50454,73.6291,10.2682
50455,69.7619,33.544
50455,69.7619,33.544
50456,55.0665,7.60894
50456,55.0665,7.60894
50456,38.1463,7.71151
50457,61.0912,25.7063
50457,61.0912,25.7063
50458,52.6498,-2.27263
50458,45.4388,2.27551
50458,45.4388,2.27551
50458,47.6996,-1.15698
50458,47.6996,-1.15698
50458,47.9521,-5.47312
50458,59.8714,1.89854
50458,59.8714,1.89854
50459,64.5584,34.7975
50459,64.5584,34.7975
50460,66.3723,11.8755
50460,68.198,16.0533
50460,68.198,16.0533
50460,42.7451,20.3559
50461,61.3314,28.477
50461,61.267,28.477
50461,60.9446,28.477
50461,60.8154,28.477
50461,60.8154,28.477
50461,63.0068,30.8679
50461,66.6748,51.0803
50462,29.4044,-8.30992
50463,78.6636,50.0992
50463,60.4836,45.9536
50463,39.4617,25.986
50463,68.2943,29.8178
50464,34.1479,0.455445
50467,26.5958,-4.68288
50469,23.5469,18.6831
50470,91.4377,98.3287
50470,49.5232,29.4587
50471,26.3994,11.3031
50472,34.35,9.59696
50472,64.1308,30.1857
50472,64.1308,30.1857
50473,44.5245,12.7294
50473,46.7033,16.6957
50474,58.5009,9.96334
50474,58.5009,9.96334
50474,54.3257,9.68303
50475,65.5614,43.9947
50475,65.5614,43.9947
50475,65.5614,43.9947
50475,65.5614,43.9947
50476,33.6009,-0.0221431
50477,63.6541,4.01145
50477,63.6541,4.01145
50477,78.4513,4.86837
50477,78.4513,4.86837
50477,67.4951,9.44608
50477,67.4951,9.44608
50478,24.2591,-5.16957
50478,24.2591,-5.16957
50479,229.681,188.289
50479,50.855,17.3672
50479,50.855,17.3672
50479,50.855,17.3672
50479,50.855,17.3672
50479,50.855,17.3672
50479,50.855,17.3672
50481,81.5842,-3.06871
50481,61.8965,7.98079
50481,38.998,6.64736
50483,22.9522,0
50485,118.548,59.9176
50485,124.416,70.3502
50485,38.8949,10.9191
50485,38.8949,10.9191
50485,38.8949,10.9191
50485,38.8949,10.9191
50485,156.742,143.569
50486,29.2613,2.78983
50486,29.2613,2.78983
50486,15.8326,2.91328
50488,30.8541,-4.85012
50489,20.8103,-1.48354
50489,26.4754,-4.36348
50492,21.6901,0.0986129
50493,14.6276,0.334058
50493,14.6276,0.334058
50493,14.6276,0.334058
50493,23.8686,0.949639
50494,74.8223,35.6708
50494,39.4282,15.6102
50494,39.4282,15.6102
50494,39.4282,15.6102
50494,39.4282,15.6102
50494,49.6844,20.0622
50495,33.5758,12.1831
50495,27.1417,13.1057
50496,14.698,0
50496,14.698,0
50496,14.698,0
50497,53.5008,12.7357
50497,64.9699,24.6992
50497,64.9699,24.6992
50497,64.1091,24.6992
50497,63.2545,24.6992
50497,63.2545,24.6992
50497,75.8629,51.225
50497,75.8629,51.225
50497,53.5008,12.7357
50497,53.5008,12.7357
50497,53.5008,12.7357
50497,53.5008,12.7357
50497,54.8609,13.6913
50497,54.8609,13.6913
50497,53.5008,18.9628
50497,67.5896,24.6992
50499,50.2397,5.58911
50499,50.2397,5.58911
50499,50.2397,5.58911
50499,50.2397,5.58911
50499,110.166,112.479
50499,105.933,117.926
50500,56.4993,34.5283
50500,56.4993,34.5283
50500,29.1284,20.4012
50500,29.1284,20.4012
50501,43.0754,19.3021
50501,17.0641,3.15689
50501,41.8103,14.554
50501,20.2515,5.58317
50503,28.8109,5.14979
50503,28.8109,5.14979
50503,48.0339,1.80587
50504,25.4017,6.40489
50505,86.0352,19.2467
50505,32.483,9.33834
50505,56.4184,17.6459
50505,45.0762,17.6459
50506,41.6748,19.282
50510,26.5949,10.2278
50511,33.649,0
50511,33.649,0
50512,31.4722,10.3445
50513,36.0859,2.9911
50513,36.0859,2.9911
50515,31.781,7.91909
50515,31.781,7.91909
50515,31.781,7.91909
50515,68.4916,27.0977
50515,105.982,55.3949
50516,14.7226,2.36471
50516,14.7226,2.36471
50517,27.5033,0.925559
50517,117.102,6.47212
50517,117.102,6.47212
50517,117.102,8.65631
50518,21.712,8.61815
50518,21.712,8.61815
50519,27.7638,3.74988
50520,21.5942,5.36517
50520,21.5942,5.36517
50520,38.6595,14.986
50520,69.6617,21.2047
50522,13.3263,3.23635
50523,16.2456,-1.37154
50524,31.9036,5.75881
50524,31.9036,5.75881
50524,17.7024,4.79259
50525,21.0231,11.7197
50526,22.2691,12.3484
50527,14.2836,-0.102989
50530,8.01945,2.58415
50530,8.01945,2.58415
50530,8.01945,2.58415
50531,19.4409,5.66193
50532,15.2765,6.31347
50532,15.2765,6.31347
50533,17.9486,1.98309
50533,17.9486,1.98309
50534,2.92765,0.667316
50534,2.92765,0.667316
50534,2.92765,0.667316
50534,2.92765,0.667316
50534,2.92765,0.667316
50534,2.92765,0.667316
50534,2.92765,0.667316
50534,2.92765,0.667316
50535,7.17197,1.80991
50535,7.17197,1.80991
50535,7.17197,1.80991
50535,23.9886,4.14929
50535,16.4269,4.00937
50536,14.2434,6.70058
50536,20.2096,13.0297
50537,27.1963,8.34139
50537,27.1963,8.34139
50537,20.0894,6.86918
50537,20.0894,6.86918
50537,20.0894,6.86918
50537,20.0894,6.86918
50539,11.6532,3.10968
50540,3.56417,1.54088
50540,3.56417,1.54088
50540,3.56417,1.54088
50540,3.56417,1.54088
50541,16.3836,3.75012
50542,5.59766,2.53798
50542,5.59766,2.53798
50542,34.8848,9.75298
50542,15.8341,3.98412
50542,15.8341,3.98412
50543,7.44437,1.74412
50543,7.44437,1.74412
50543,15.1093,3.69703
50543,20.9659,4.62119
50543,23.7748,9.78333
50543,23.7748,9.78333
50543,23.7748,9.78333
50544,13.112,1.43088
50544,30.6564,5.56097
50544,14.0156,3.01466
50544,14.4634,3.12982
50547,11.3364,0
50549,11.2785,6.41676
50549,11.2785,6.41676
50549,11.2785,6.41676
50549,11.2785,6.41676
75451,42.4603,13.2237
75451,42.4603,13.2237
75451,42.4603,13.2237
75451,42.4603,13.2237
75461,4.00444,-0.148312
75461,4.00444,-0.148312
75461,4.00444,-0.148312
75461,4.00444,-0.148312
75462,18.8441,0.642763
75493,40.2597,10.9698
75493,106.798,42.3678
75496,69.3557,21.4959
75496,75.3165,25.039
75496,75.3165,25.039
75497,34.7673,4.88162
75497,34.7673,4.88162
75497,13.2648,1.42687
75497,44.3363,1.44084
75503,27.8503,11.3966
75508,17.8564,3.17283
75509,17.9765,7.23049
75510,6.19118,1.67912
75510,6.19118,1.67912
75511,42.096,17.3824
75511,150.081,66.6186
75514,136.18,45.6839
75514,71.1768,19.4355
75517,13.8087,3.77871
75517,13.8087,3.77871
75517,13.8087,3.77871
75517,13.8087,3.77871
75517,15.785,3.88489
75517,21.0697,5.36846
75518,14.2455,0
75518,9.89608,2.34108
75518,9.89608,2.34108
75518,9.89608,2.34108
75527,9.40978,2.89942
75527,9.40978,2.89942
75530,18.2926,8.91875
75534,16.7502,9.16661
75534,19.5182,11.2693
75546,0.771897,0.112649
75546,0.771897,0.112649
75546,0.771897,0.112649
75546,0.771897,0.112649
75546,0.771897,0.112649
75546,0.771897,0.112649
75546,0.771897,0.112649
75546,0.771897,0.112649
75546,0.771897,0.112649
75546,0.771897,0.112649
75546,0.771897,0.112649
75546,0.771897,0.112649
75546,0.771897,0.112649
75546,0.771897,0.112649
75546,0.771897,0.112649
75546,0.771897,0.112649
75546,0.771897,0.112649
75546,0.771897,0.112649
75546,0.771897,0.112649
75546,0.771897,0.112649
75546,0.771897,0.112649
75553,32.8667,6.95268
75553,15.6685,3.69365
75554,1.33044,0.332653
75554,1.33044,0.332653
75554,1.33044,0.332653
75554,1.33044,0.332653
75554,1.33044,0.332653
75554,1.33044,0.332653
75554,1.33044,0.332653
75554,1.33044,0.332653
75554,1.33044,0.332653
75554,1.33044,0.332653
75554,1.33044,0.332653
75554,1.33044,0.332653
75554,1.33044,0.332653
75554,1.33044,0.332653
75554,1.33044,0.332653
75555,38.5964,11.1417
75557,3.0961,0.300116
75557,3.0961,0.300116
75557,3.0961,0.300116
75557,3.0961,0.300116
75557,3.0961,0.300116
75557,3.0961,0.300116
75557,3.0961,0.300116
75557,3.0961,0.300116
75557,3.0961,0.300116
75557,3.0961,0.300116
76506,87.05,48.1462
76516,64.0585,0
76524,54.1606,12.2232
76530,35.109,3.46326
76530,50.1938,5.47676
76532,38.258,16.7385
76532,48.033,23.3687
76535,43.6992,12.1478
76535,43.6992,12.1478
76537,43.4565,10.6265
76537,43.4565,10.6265
76538,44.6935,13.3294
76538,44.6935,13.3294
76539,45.7746,26.153
76539,23.4939,14.4374
76540,47.1332,13.0345
76540,28.0764,9.45435
76543,40.7904,11.3574
76543,40.7904,11.3574
76543,40.7904,11.3574
76543,57.5659,1.93305
76545,40.9498,15.4357
76545,19.3894,6.08474
76545,19.3894,6.08474
76550,37.859,8.7564
76553,29.7027,3.88204
76558,3.76596,1.28862
76558,3.76596,1.28862
76558,3.76596,1.28862
76558,3.76596,1.28862
76558,3.76596,1.28862
76558,3.76596,1.28862
76561,15.6039,0
76564,10.8055,1.91669
77631,125.079,51.4188
77631,125.079,51.4188
77631,118.293,51.4188
77642,31.491,8.13614
77642,87.308,13.8557
77648,9.32256,3.33297
77648,9.32256,3.33297
77648,9.32256,3.33297
77655,34.0063,10.4253
77656,22.7312,5.92608
77656,22.7312,5.92608
77660,16.9184,9.1895
77660,9.17211,3.6572
77660,9.17211,3.6572
77661,20.1326,9.15788
77661,24.8533,13.2156
77662,15.4944,0
77663,13.0984,6.2334
77663,13.0984,6.2334
77663,19.5154,13.897
77702,141.934,59.9532
77702,115.632,41.8868
77702,115.632,41.8868
77720,8.23744,2.8647
77720,8.23744,2.8647
77720,8.23744,2.8647
77720,8.23744,2.8647
77720,8.23744,2.8647
77720,8.23744,2.8647
77720,8.23744,2.8647
77720,8.23744,2.8647
77720,8.23744,2.8647
77720,8.23744,2.8647
77724,82.7454,14.6141
77725,79.0592,28.9336
77732,15.0092,3.68125
77732,15.0092,3.68125
77732,15.0092,3.68125
77732,15.0092,3.68125
77733,48.8824,7.27072
77741,40.7802,14.5008
77742,42.841,0
77743,33.0521,8.71665
77747,27.6887,4.11882
77748,16.5935,5.94675
77748,16.5935,5.94675
77749,16.3665,4.06175
77749,16.3665,4.06175
77751,26.1229,7.98879
77753,24.226,8.71325
77753,24.226,8.71325
77753,24.226,8.71325
77753,54.5421,23.5252
77755,14.6252,2.46405
77755,14.6252,2.46405
77756,14.9527,3.80588
77756,14.9527,3.80588
77761,19.4552,0.533877
77765,16.9054,2.13911
77766,49.3506,0
77766,17.6331,0
77770,7.83427,1.13383
77770,7.83427,1.13383
77771,14.5166,5.43843
77771,14.5166,5.43843
77771,14.5166,5.43843
77772,15.266,4.93454
77772,15.266,4.93454
77772,15.266,4.93454
79474,19.6753,8.44203
79486,196.239,12.205
79500,74.7351,41.8911
79501,84.3914,35.4741
79501,76.9357,39.4597
79501,76.9357,39.4597
79503,46.2567,-1.87097
79504,53.3793,7.05373
79505,45.4708,17.6215
79506,25.2483,7.30333
79506,59.0376,21.5926
79508,1.70445,0.700169
79508,1.70445,0.700169
79508,1.70445,0.700169
79508,1.70445,0.700169
79508,1.70445,0.700169
79508,1.70445,0.700169
79508,1.70445,0.700169
79508,1.70445,0.700169
79508,1.70445,0.700169
79508,1.70445,0.700169
79509,26.9864,-0.627112
79509,30.4694,-1.11713
79510,8.8411,1.9817
79510,8.8411,1.9817
79511,12.4645,4.76939
79511,12.4645,4.76939
79511,12.4645,4.76939
79511,12.4645,4.76939
79513,7.56252,2.0256
79513,7.56252,2.0256
79540,68.5816,9.01419
79540,68.5816,9.01419
79540,74.5259,11.489
79546,40.0086,16.43
79550,43.3674,11.0835
79550,43.3674,11.0835
79550,43.3674,11.0835
79550,43.3674,11.0835
79550,43.3674,11.0835
79554,10.7834,1.27699
79554,10.7834,1.27699
79554,10.7834,1.27699
79558,29.2958,7.20471
79571,0.770566,0.334053
79571,0.770566,0.334053
79571,0.770566,0.334053
79571,0.770566,0.334053
79571,0.770566,0.334053
79571,0.770566,0.334053
79571,0.770566,0.334053
79571,0.770566,0.334053
79571,0.770566,0.334053
79571,0.770566,0.334053
79571,0.770566,0.334053
79571,0.770566,0.334053
79571,0.770566,0.334053
79571,0.770566,0.334053
79571,0.770566,0.334053
79571,0.770566,0.334053
79571,0.770566,0.334053
79571,0.770566,0.334053
79571,0.770566,0.334053
79610,68.7734,16.7675
79610,68.7734,16.7675
79610,64.8574,16.7675
79617,43.6168,3.68694
79617,43.6168,3.68694
79617,80.7143,6.30007
79617,80.7143,6.30007
79619,11.1495,3.94242
79619,62.4328,12.8074
79619,62.4328,12.8074
79619,62.4328,12.8074
79619,62.4328,12.8074
79632,22.0046,9.36095
79637,4.14437,1.33643
79637,4.14437,1.33643
79637,4.14437,1.33643
79637,4.14437,1.33643
79638,12.9806,4.65653
79638,12.9806,4.65653
79638,12.9806,4.65653
79638,12.9806,4.65653
79654,133.915,98.9634
79654,133.915,98.9634
79662,68.9922,0
79666,59.238,6.38385
79671,24.0151,0
79671,24.0151,0
79672,10.0527,-0.185749
79672,10.0527,-0.185749
79673,24.6054,3.32244
79673,54.7755,3.8646
79674,15.2656,1.4678
79674,43.2587,1.51275
79675,4.60721,1.62358
79675,4.60721,1.62358
79675,4.60721,1.62358
81895,130.5,39.4629
81900,86.4186,1.44593
81900,79.6285,1.44593
81904,54.5261,28.4513
81905,11.5487,4.3448
81905,11.5487,4.3448
81905,11.5487,4.3448
81905,11.5487,4.3448
81905,11.5487,4.3448
81905,11.5487,4.3448
81917,42.3485,11.1303
81917,42.3485,11.1303
81917,42.3485,11.1303
81917,42.3485,11.1303
81921,26.8381,1.44652
81921,35.0522,-0.277987
81925,33.663,15.1644
81925,33.663,15.1644
81927,13.4632,4.59057
81952,52.5055,23.9982
81952,52.5055,23.9982
81959,63.5331,-19.0365
81959,63.5331,-19.0365
81959,63.5331,-19.0365
81959,37.4453,-19.0365
81959,37.4453,-19.0365
81967,33.1798,6.66776
81967,61.2738,8.34127
81970,42.08,3.30389
81972,54.959,12.6571
81975,30.9651,0.84691
81978,10.6187,4.02618
81978,10.6187,4.02618
81978,10.6187,4.02618
81978,10.6187,4.02618
81979,13.2648,5.82675
81979,14.8733,7.07424
81979,9.73642,4.56879
81979,9.73642,4.56879
81979,9.73642,4.56879
81979,9.73642,4.56879
81981,24.7077,7.85015
81982,9.35993,5.42485
81982,9.35993,5.42485
81982,9.35993,5.42485
81985,20.5598,6.01469
81987,0.484526,0.0469126
81987,0.484526,0.0469126
81987,0.484526,0.0469126
81987,0.484526,0.0469126
81987,0.484526,0.0469126
81987,0.484526,0.0469126
81987,0.484526,0.0469126
81987,0.484526,0.0469126
81987,0.484526,0.0469126
81987,0.484526,0.0469126
81987,0.484526,0.0469126
81987,0.484526,0.0469126
81987,0.484526,0.0469126
81987,0.484526,0.0469126
81987,0.484526,0.0469126
81987,0.484526,0.0469126
81987,0.484526,0.0469126
81987,0.484526,0.0469126
81987,0.484526,0.0469126
81987,0.484526,0.0469126
81987,0.484526,0.0469126
81987,0.484526,0.0469126
81987,0.484526,0.0469126
81987,0.484526,0.0469126
81987,0.484526,0.0469126
81987,0.484526,0.0469126
81987,0.484526,0.0469126
81987,0.484526,0.0469126
81987,0.484526,0.0469126
81987,0.484526,0.0469126
81987,0.484526,0.0469126
81987,0.484526,0.0469126
81987,0.484526,0.0469126
81987,0.484526,0.0469126
81987,0.484526,0.0469126
81987,0.484526,0.0469126
81987,0.484526,0.0469126
81987,0.484526,0.0469126
81987,0.484526,0.0469126
81987,0.484526,0.0469126
81987,0.484526,0.0469126
81987,0.484526,0.0469126
81987,0.484526,0.0469126
81987,0.484526,0.0469126
81987,0.484526,0.0469126
81987,0.484526,0.0469126
81987,0.484526,0.0469126
81987,0.484526,0.0469126
81987,0.484526,0.0469126
81987,0.484526,0.0469126
81987,0.484526,0.0469126
81987,0.484526,0.0469126
81987,0.484526,0.0469126
81987,0.484526,0.0469126
81987,0.484526,0.0469126
81987,0.484526,0.0469126
81987,0.484526,0.0469126
81987,0.484526,0.0469126
81987,0.484526,0.0469126
81987,0.484526,0.0469126
81987,0.484526,0.0469126
81987,0.484526,0.0469126
81987,0.484526,0.0469126
81987,0.484526,0.0469126
81987,0.484526,0.0469126
81987,0.484526,0.0469126
81987,0.484526,0.0469126
81987,0.484526,0.0469126
81987,0.484526,0.0469126
81987,0.484526,0.0469126
81987,0.484526,0.0469126
81987,0.484526,0.0469126
81987,0.484526,0.0469126
81988,17.6176,1.65551
81988,22.4254,2.40823
81990,30.2686,0.206289
81990,24.6094,0.515241
81990,47.7361,7.36431
81991,16.36,8.65116
81991,16.36,8.65116
81991,16.36,8.65116
81992,21.0462,6.45358
81992,18.9371,3.77018
81993,0,0
81993,0,0
81994,21.3179,-1.25637
81994,9.35154,1.10252
82010,237.436,49.7048
82037,74.5568,23.294
82052,29.6905,9.46584
82053,30.1669,11.8657
82056,20.3191,3.29862
82056,20.3191,3.29862
82057,9.94826,1.56561
82057,9.94826,1.56561
82058,8.52558,7.7
82058,8.52558,7.7
82058,15.0663,15.5
82060,21.5173,8.14905
82060,21.5173,8.14905
84656,137.789,1.58664
84718,52.5566,0
84719,69.3638,9.10683
84719,42.185,8.74078
84719,46.5123,8.83305
84719,42.6183,8.83305
84719,42.6183,8.83305
84724,24.8222,13.2036
84724,122.014,65.5401
84724,23.9642,12.3975
84724,40.3334,24.2361
84724,61.0925,31.4936
84731,10.988,1.29982
84731,10.988,1.29982
84731,10.988,1.29982
84731,10.988,1.29982
84731,12.0805,1.3411
84731,13.052,3.68599
84732,49.6704,27.1746
84739,19.7492,4.39075
84739,19.7492,4.39075
84740,28.817,5.42788
84740,28.817,5.42788
84740,15.8705,4.604
84742,2.5,0
84742,2.5,0
84742,2.5,0
84742,2.5,0
84742,2.5,0
84742,2.5,0
84742,2.5,0
84742,2.5,0
84742,2.5,0
84742,2.5,0
84742,2.5,0
84742,2.5,0
84742,2.5,0
84742,2.5,0
84742,2.5,0
84742,2.5,0
84742,2.5,0
84742,2.5,0
84742,2.5,0
84742,2.5,0
84743,11.7383,2.69402
84743,11.7383,2.69402
84743,11.7383,2.69402
84743,16.3682,3.8152
84743,40.3855,10.4781
84743,75.0855,25.5
84745,32.9839,17.088
84745,16.8768,7.20758
84745,40.0361,22.2563
84746,27.944,13.4644
84748,16.6811,5.21485
84748,19.3014,5.71823
84751,18.4554,7.75182
84751,18.4554,7.75182
84752,24.1126,10.6542
84752,15.2098,7.52521
84755,7.94799,1.66514
84755,7.94799,1.66514
84755,25,3.92212
84755,78.0445,9.3026
84823,7.29527,2.48373
84823,7.29527,2.48373
84823,7.29527,2.48373
84823,7.29527,2.48373
84824,18.0555,0
84824,23.2131,0
84872,10.9595,4.91205
84872,10.9595,4.91205
84874,28,1.80665
84874,28,1.80665
84874,28,1.80665
87110,28.7599,3.02215
87110,28.7599,3.02215
87110,28.7599,3.02215
87110,0,0
87110,0,0
87110,0,0
87120,32.082,5.35492
87120,78.7041,10.3715
87121,75,13.099
87121,75,13.099
87121,75,13.099
87127,45.9236,2.5132
87168,28.1744,5.26813
87168,47.7577,10.8903
87171,44.0556,8.10517
87171,45.0642,10.2242
87174,25.4262,-2.52899
87174,25.4262,-2.52899
87174,25.6932,-2.78133
87174,25.6932,-2.78133
87174,25.6932,-2.78133
87176,32.5,1.12583
87176,32.5,1.12583
87176,32.5,1.12583
87176,32.5,1.12583
87199,38.5088,-8.02654
87199,38.5088,-8.02654
87224,6.29123,3.80005
87224,6.29123,3.80005
87224,6.29123,3.80005
87224,6.29123,3.80005
87224,6.29123,3.80005
87224,6.29123,3.80005
87224,6.29123,3.80005
87224,6.29123,3.80005
87224,6.29123,3.80005
87224,6.29123,3.80005
87224,6.29123,3.80005
87224,6.29123,3.80005
87224,6.29123,3.80005
87224,6.29123,3.80005
87224,6.29123,3.80005
87224,6.29123,3.80005
87224,6.29123,3.80005
87224,6.29123,3.80005
87224,6.29123,3.80005
87239,40.6581,14.8931
87239,40.6581,14.8931
87239,40.6581,14.8931
87239,40.6581,14.8931
87241,44.1681,23.3832
87241,44.1681,23.3832
87241,44.1681,23.3832
87243,35.1072,8.71767
87246,31.7054,1.58623
87246,24.8413,1.58623
87246,24.8413,1.58623
87246,24.8413,1.58623
87246,28.7915,2.38467
87249,22.5073,8.85324
87249,22.5073,8.85324
87251,18.6922,1.74529
87251,18.6922,1.74529
87251,20.7517,1.96734
87251,21.0167,1.96256
87252,8.80088,2.94876
87252,8.80088,2.94876
88792,47.1376,3.44713
88793,4.02282,48.726
88801,9.82569,-10.0618
88805,2.44899,1.74953
88805,2.44899,1.74953
88805,2.44899,1.74953
88805,2.44899,1.74953
88805,2.44899,1.74953
88805,2.44899,1.74953
88805,2.44899,1.74953
88805,2.44899,1.74953
88805,2.44899,1.74953
88805,2.44899,1.74953
88805,2.44899,1.74953
88805,2.44899,1.74953
88805,2.44899,1.74953
88805,2.44899,1.74953
88805,2.44899,1.74953
88810,6.76944,1.98779
88810,6.76944,1.98779
88810,6.76944,1.98779
88810,6.76944,1.98779
88810,6.76944,1.98779
88810,6.76944,1.98779
88813,12.1311,2.36166
88813,12.1311,2.36166
88813,12.1311,2.36166
88813,12.1311,2.36166
88816,6.86717,1.39972
88816,6.86717,1.39972
88816,6.86717,1.39972
88816,6.86717,1.39972
88816,6.86717,1.39972
88818,3.25912,1.07358
88818,3.25912,1.07358
88818,3.25912,1.07358
88818,3.25912,1.07358
88818,3.25912,1.07358
88818,3.25912,1.07358
88818,3.25912,1.07358
88821,4.62124,2.65035
88821,4.62124,2.65035
88821,4.62124,2.65035
88821,4.62124,2.65035
88822,15.0879,3.91368
88822,15.0879,3.91368
88823,8.84567,6.02964
88823,8.84567,6.02964
88823,9.01151,21.5072
88826,32.4298,13.042
88826,17.2971,8.36189
88827,7.97168,2.12517
88827,7.97168,2.12517
88829,11.8446,6.14495
88830,47.5507,34.3972
88830,22.4797,12.456
88830,8.25255,3.78941
88831,2,0.412817
88831,2,0.412817
88831,2,0.412817
88831,2,0.412817
88831,2,0.412817
88831,2,0.412817
88831,2,0.412817
88831,2,0.412817
88831,2,0.412817
88831,2,0.412817
88860,109.729,210.353
88869,16.0987,73.18
88908,10.4937,5.59628
88912,25.5663,0.355723
88912,25.5663,0.355723
88912,25.5663,0.355723
88912,13.6496,5.74792
88912,13.6496,5.74792
88916,7.40128,2.47616
88916,7.44505,2.62752
88916,8.17208,11.6238
88917,7.56634,1.69887
88917,7.56634,1.69887
88917,7.56634,1.69887
88921,11.6333,8.23045
88921,6.86764,4.1611
88921,6.86764,4.1611
88921,6.86764,4.1611
88922,27.7244,13.6091
88922,27.7244,13.6091
88922,27.7244,13.6091
88922,10.4863,25.6475
88924,116.424,-10.2644
88924,31.4216,3.46251
88924,31.4216,3.46251
88924,31.4216,3.46251
88924,49.2057,4.29003
88924,49.2057,4.29003
88928,5.84178,1.63295
88930,3.21649,1.0791
88930,3.47019,2.02979
88930,3.21649,1.0791
88930,3.21649,1.0791
88930,3.21649,1.0791
88930,3.21649,1.0791
88930,3.21649,1.0791
88930,3.21649,1.0791
88930,3.47019,2.02979
88930,3.47019,2.02979
88931,17.4179,0.92247
88949,62.1864,44.3444
88949,47.1477,20.4442
88955,4.28696,13.1122
88958,2.18227,-11.2932
88964,2.70807,5.65408
88969,4.97603,2.33506
88969,4.97603,2.33506
88969,4.97603,2.33506
88969,4.97603,2.33506
88972,19.1474,2.10295
88972,19.1474,2.10295
88977,12.2085,-0.020977
88977,12.1515,4.44547
88980,5.09748,1.56035
88980,5.09748,1.56035
88980,5.09748,1.56035
88981,7.04969,-0.815684
88981,7.10319,-1.65038
88982,2.1954,-0.869277
88984,4.67168,2.47423
88984,4.70939,2.62557
88984,3.06262,1.14749
88984,3.06262,1.14749
88984,3.06262,1.14749
88985,5.75131,1.73685
88985,5.75131,1.73685
88986,10.0129,5.28271
88987,2.92647,0.712296
89012,4.94711,3.85797
89012,4.94711,3.85797
89012,4.94711,3.85797
89012,4.94711,3.85797
89012,4.94711,3.85797
89012,4.96591,2.01427
89012,4.97076,3.95767
89012,6.03029,8.44322
89021,21.5843,6.9633
89021,22.5917,7.81356
89022,15.9203,3.91145
89022,7.75482,3.40205
89022,7.84814,4.13162
89023,17.6213,7.23648
89027,2.82495,1.31546
89027,2.82495,1.31546
89027,2.82495,1.31546
89027,2.82495,1.31546
89027,2.82495,1.31546
89027,2.82495,1.31546
89031,0,0
89031,0,0
89032,38.4287,11.009
89032,28.4172,7.92365
89033,4.63539,8.27837
89033,4.63539,8.27837
89034,8.43807,2.39194
89034,8.43807,2.39194
91068,110.585,-23.5467
91068,21.1918,-0.802129
91076,33.3073,7.35945
91076,74.8987,14.6979
91080,13.8251,2.73363
91080,13.8251,2.73363
91080,13.8251,2.73363
91080,13.8251,2.73363
91088,17.0909,9.588
91088,17.0909,9.588
91088,17.3981,10.259
91090,17.8012,-0.249288
91090,17.8012,-0.249288
91090,17.8012,-0.249288
91090,17.8012,-0.249288
91101,6.67029,0.835632
91101,6.67029,0.835632
91101,6.67029,0.835632
91102,11.2156,0.634697
91102,9.52988,2.2374
91102,10.4836,2.36217
91104,16.0753,6.67979
91104,16.0753,6.67979
91105,14.3196,0.97509
91105,15.0886,0.739965
91105,23.3584,-4.3377
91105,23.5245,-5.08989
91105,23.5245,-5.08989
91108,11.8792,0.054459
91108,11.8792,0.054459
91108,11.8792,0.054459
91108,11.8792,0.054459
91108,11.8792,0.054459
91109,11.7868,1.61392
91109,12.8914,1.6979
91109,17.5888,1.05195
91136,143.569,24.5908
91136,134.362,23.3348
91144,30.9686,0.721709
91144,13.1366,0.139322
91144,87.5878,4.53063
91144,87.5878,4.53063
91145,36.3564,39.0366
91148,68.8606,22.5751
91148,68.8606,22.5751
91148,68.8606,22.5751
91148,68.8606,22.5751
91151,75.5721,19.1645
91151,75.5721,19.1645
91151,75.5721,19.1645
91154,23.9909,16.1267
91161,10.7781,1.906
91161,10.7781,1.906
91161,10.7781,1.906
91161,9.00819,1.23168
91161,9.00819,1.23168
91161,9.00819,1.23168
91168,31.168,0
91168,31.168,0
91169,13.1985,3.07798
91169,18.2772,4.61314
91169,31.1291,9.30182
91170,16.7097,3.0172
91170,18.6068,3.85303
91170,21.9367,5.86904
91170,21.9367,5.86904
91171,17.2297,1.45327
91171,17.3838,3.47394
91171,13.1445,4.16389
91173,12.6728,0.659568
91173,12.6728,0.659568
91173,12.6728,0.659568
91173,12.6728,0.659568
91173,12.6728,0.659568
91173,12.6728,0.659568
91173,12.6728,0.659568
91173,12.6728,0.659568
91175,12.8364,4.32
91175,12.8364,4.32
91194,80.4159,-61.3364
91196,192.295,-60.0749
91196,192.295,-60.0749
91200,137.851,39.9613
91221,12.3365,12.8009
91225,5.93647,4.58884
91225,5.93647,4.58884
91225,6.03303,2.67886
91225,6.03303,2.67886
91225,6.03303,2.67886
91225,6.03303,2.67886
91227,4.62406,-0.0138526
91230,22.944,3.36594
91230,22.944,3.36594
91230,22.944,3.36594
91230,22.944,3.36594
91232,14.0052,7.15405
91234,3.55118,1.07214
91234,3.55118,1.07214
91234,3.55118,1.07214
91234,3.55118,1.07214
91234,3.55118,1.07214
91234,3.55118,1.07214
91234,3.55118,1.07214
91234,3.55118,1.07214
91234,3.55118,1.07214
91235,4.14415,0.770807
91235,4.14415,0.770807
91235,4.14415,0.770807
91235,4.14415,0.770807
91235,4.14415,0.770807
91235,4.14415,0.770807
91235,4.14415,0.770807
91235,4.14415,0.770807
91235,4.14415,0.770807
91237,5.03848,7.40541
91237,5.03848,7.40541
91238,23.9598,0
91240,17.5975,6.22546
91240,11.0439,3.8658
91240,11.0439,3.8658
91241,10.0038,5.37882
91241,10.0038,5.37882
91242,13.3055,1.17796
91242,16.1566,8.20848
91243,42.872,21.5346
91243,28.5796,13.9142
91243,14.5262,5.23448
91243,14.5262,5.23448
91243,55.3227,45.9126
91243,34.6675,28.7155
91243,34.7919,31.0751
91246,10.4786,5.30424
91246,11.1244,6.3788
92475,18.9581,2.71063
92475,18.0153,2.71063
92500,10.7629,0
92500,33.7519,8.62923
92506,7.22856,23.6613
92506,7.0828,17.9096
92506,7.0828,17.9096
92507,46.7968,8.74205
92512,25.1529,1.97484
92512,25.1529,1.97484
92515,5.73161,-17.3145
92518,3.4271,0.866849
92518,3.4271,0.866849
92518,3.4271,0.866849
92518,3.4271,0.866849
92518,3.4271,0.866849
92518,3.4271,0.866849
92538,40.6895,27.8533
92539,17.8146,0.820139
92546,17.5048,0.379592
92550,28.2077,10.7987
92554,38.0569,7.40228
92555,10.2042,2.31419
92555,10.2042,2.31419
92555,10.2042,2.31419
92555,10.2042,2.31419
92560,11.0746,5.68256
92567,10.6517,3.72969
92567,10.6517,3.72969
92567,10.6517,3.72969
92567,10.6517,3.72969
92567,10.6517,3.72969
92567,10.6517,3.72969
92579,23.7694,10.3686
92580,6.06162,3.41574
92580,6.06162,3.41574
92580,6.06162,3.41574
92580,6.06162,3.41574
92580,9.85459,5.64724
92655,46.8802,-27.9746
92664,68.9825,38.01
92701,35.7697,24.938
92733,20.0557,4.01492
92733,20.0557,4.01492
92733,20.0557,4.01492
92733,20.0557,4.01492
92733,25.0545,1.94541
92733,25.0545,1.94541
92733,26.8412,4.04655
92745,38.251,-23.4088
92746,31.6544,-12.2929
92748,47.3468,-4.17102
92758,83.703,30.0604
92767,35.2338,3.42905
92767,19.2304,1.72152
92767,73.8901,8.40465
92767,47.6299,6.29305
92767,47.6299,6.29305
92768,33.1198,-12.6188
92787,54.9689,1.65026
92789,28.8058,-1.22118
92790,27.9963,13.4963
92800,29.4314,1.18371
92800,32.788,1.56205
92801,10.7369,0
92801,10.7369,0
92801,10.7369,0
92801,10.7369,0
92802,41.0639,16.6541
92802,44.1311,26.415
92804,33.8561,5.13164
92804,33.8561,5.13164
92804,33.8561,5.13164
92804,33.8561,5.13164
92805,21.8571,-2.94219
92806,49.6325,20.8428
92806,49.6325,20.8428
92806,49.6325,20.8428
92806,49.6325,20.8428
92813,18.8032,3.20578
92813,15.1328,3.1482
92813,15.1328,3.1482
92813,15.1328,3.1482
92816,49.5,-2.18268
92819,21.4539,9.0932
92820,24.7236,17.913
92821,30.6944,6.10791
92823,25.4475,5.41241
92831,32.0076,5.17143
92833,16.5,1.43045
92833,16.5,1.43045
92834,30.9965,2.6711
92834,29.9921,2.6711
92839,3.93764,1.26019
92839,3.93764,1.26019
92839,3.93764,1.26019
92839,3.93764,1.26019
92840,9.93749,1.05449
92840,9.93749,1.05449
92841,3.48365,0.405545
92841,3.48365,0.405545
92841,3.48365,0.405545
92841,3.48365,0.405545
92842,13.9297,2.33298
92842,13.9297,2.33298
