bus_id,Vm,Va_deg
35250,1.08122,31.7769
35251,1.09345,35.4194
35252,1.08008,32.6277
35253,1.08502,25.4252
35254,1.08146,20.6167
35255,1.06772,30.78
35256,1.07536,27.8767
35257,1.06509,28.3773
35258,1.08276,14.5781
35259,1.08128,28.9367
35260,1.08074,31.3383
35261,1.0711,27.7051
35262,1.08283,26.6718
35263,1.08044,19.4736
35264,1.09296,32.6632
35265,1.08797,33.0633
35266,1.08796,33.0624
35267,1.06976,27.7581
35268,1.07127,22.6395
35269,1.08323,28.6874
35270,1.0815,18.8582
35271,1.08705,30.0604
35272,1.08309,26.6045
35273,1.08177,18.9049
35274,1.08563,19.2384
35275,1.09421,32.2082
35276,1.08557,18.4002
35277,1.06645,26.7021
35278,1.07982,21.0736
35279,1.0904,29.4019
35280,1.08021,23.9734
35281,1.06662,28.5565
35282,1.08406,28.9207
35284,1.08587,20.4396
35285,1.06287,19.9995
35286,1.07612,26.2481
35287,1.08314,20.3907
35288,1.09764,31.1024
35289,1.08761,29.6738
35290,1.05851,27.4897
35291,1.07855,20.5802
35292,1.08988,14.0231
35293,1.08134,29.3267
35294,1.08053,23.7621
35295,1.08303,22.6599
35296,1.08591,30.5236
35297,1.07602,18.6031
35298,1.08838,20.663
35300,1.09105,31.3518
35301,1.08339,28.7018
35302,1.07543,27.8279
35303,1.08712,21.2214
35304,1.08054,26.8915
35305,1.08918,28.6156
35306,1.08972,31.2822
35307,1.08649,26.0869
35308,1.07082,7.36396
35309,1.08373,11.9791
35310,1.06452,5.92491
35311,1.05997,8.25562
35312,1.0959,10.3981
35313,1.06758,7.32318
35314,1.06402,6.98874
35315,1.08383,12.8134
35316,1.05051,7.52749
35317,1.05027,7.52313
35318,1.06258,6.10229
35319,1.0997,10.3214
35320,1.08103,11.309
35321,1.077,10.3968
35322,1.06465,6.44856
35323,1.08236,12.506
35324,1.05629,3.37254
35325,1.0638,4.36489
35326,1.07926,14.3294
35327,1.04999,-5.86253
35328,1.08347,7.72649
35329,1.07886,10.4053
35330,1.06911,4.03067
35331,1.06479,8.65862
35332,1.05931,-2.98549
35333,1.05057,5.74982
35334,1.07728,10.0421
35335,1.05884,5.98865
35336,1.07222,11.9624
35337,1.06785,4.22104
35338,1.08269,9.89016
35339,1.05787,3.49122
35340,1.05153,-0.728806
35341,1.07888,10.4018
35342,1.05225,-1.79367
35343,1.05853,-5.58919e-13
35344,1.07958,6.18372
35345,1.0712,14.1717
35346,1.0455,-1.09074
35347,1.05978,21.9841
35348,1.06017,22.0585
35349,1.06552,5.83704
35350,1.07733,13.7062
35351,1.06831,13.6185
35352,1.05184,17.0231
35353,1.07056,19.2831
35354,1.04987,4.59267
35355,1.07411,17.2198
35356,1.07728,11.0961
35357,1.06931,22.7699
35358,1.07206,5.21406
35359,1.08535,20.0147
35360,1.06327,1.2278
35361,1.08583,10.5661
35362,1.07901,18.7971
35363,1.03756,-4.57663
35364,1.06649,7.86415
35365,1.04934,-1.02513
35366,1.06214,8.8188
35367,1.06319,19.7908
35368,1.06495,16.0252
35369,1.08978,-1.80679
35370,1.06584,1.50864
35371,1.06223,-0.335685
35372,1.06875,2.83355
35373,1.0761,5.3047
35374,1.08579,10.5738
35375,1.03877,4.22806
35376,1.06105,8.19429
35377,1.07248,13.3596
35378,1.07037,14.9285
35379,1.072,17.0096
35380,1.06073,11.4332
35381,1.07675,16.5595
35382,1.07065,13.1814
35383,1.04499,7.71986
35384,1.04422,5.46736
35385,1.07791,11.7629
35386,1.06925,12.8035
35387,1.071,14.238
35388,1.0744,13.26
35389,1.0823,13.2671
35390,1.07923,6.17389
35391,1.07002,13.8834
35392,1.07042,14.9043
35393,1.06059,6.3669
35394,1.06034,11.1481
35395,1.05122,5.05742
35396,1.06488,11.8256
35397,1.06957,13.8853
35398,1.07028,8.07159
35399,1.08328,15.4991
35400,1.08131,16.3773
35401,1.08259,17.9581
35402,1.05141,4.63328
35403,1.07604,7.66658
35404,1.06762,11.9134
35405,1.0637,11.5904
35406,1.06062,9.21578
35407,1.068,14.769
35408,1.06709,7.15895
35409,1.05447,7.9003
35410,1.05897,8.94134
35411,1.04988,4.91383
35412,1.04774,2.32244
35413,1.07101,13.6716
35414,1.04357,5.5588
35415,1.06903,5.26039
35416,1.06256,11.1983
35417,1.08426,5.79476
35418,1.06111,11.7969
35419,1.0811,18.6456
35420,1.06861,13.4637
35421,1.07211,19.4998
35422,1.0263,2.62816
35423,1.05018,8.34882
35424,1.08668,29.8746
35425,1.08711,30.0652
35426,1.08581,30.0885
35427,1.08574,29.9549
35428,1.08578,29.9363
35429,1.08775,30.2682
35430,1.0884,29.2163
35431,1.08687,30.1556
35432,1.08619,30.7773
35433,1.08768,30.4783
35434,1.1,28.5807
35435,1.09059,29.2886
35436,1.07699,16.6521
35437,1.08517,18.4678
35438,1.08529,17.4908
35439,1.08914,17.2494
35441,1.0866,18.5438
35442,1.08575,16.9709
35443,1.08913,14.5959
35444,1.08735,14.3252
35445,1.08921,14.5912
35446,1.08864,14.6348
35447,1.09042,14.6255
35448,1.08889,17.1356
35449,1.09111,15.4502
35452,1.09154,15.2401
35453,1.08713,14.7581
35454,1.08875,14.9309
35455,1.08763,14.7703
35456,1.08182,14.3525
35457,1.08326,14.5015
35463,1.09781,19.2093
35464,1.08944,15.4338
35467,1.07861,27.5203
35468,1.08248,27.1333
35469,1.09006,27.6107
35470,1.08911,27.5259
35471,1.08523,28.1645
35472,1.08316,27.9736
35473,1.08002,27.7381
35475,1.08226,27.9058
35477,1.08684,26.383
35478,1.08901,27.9661
35479,1.08825,26.329
35480,1.08889,21.4925
35481,1.08767,22.0386
35482,1.08845,22.0196
35483,1.09061,20.1374
35484,1.08666,21.0298
35485,1.09001,22.4752
35486,1.08586,26.1779
35487,1.08436,25.7852
35488,1.08172,23.8086
35489,1.08392,27.2635
35490,1.08547,27.5389
35491,1.08959,27.332
35492,1.08146,25.9484
35493,1.07971,25.3931
35494,1.07974,25.5541
35495,1.08079,26.1975
35496,1.07954,25.2267
35497,1.07741,25.2284
35498,1.07918,24.395
35499,1.07857,23.4894
35500,1.08029,24.1403
35501,1.08314,20.0842
35502,1.08329,20.0978
35503,1.0857,20.2021
35504,1.08258,21.0017
35505,1.08159,21.1419
35506,1.0817,20.0409
35507,1.08278,20.4037
35508,1.08252,21.0266
35509,1.07161,25.5001
35510,1.08545,20.5439
35511,1.08163,20.0067
35512,1.08148,19.828
35513,1.08424,19.4761
35514,1.08959,19.734
35515,1.09854,18.86
35516,1.08424,19.8255
35517,1.08577,19.6457
35518,1.08127,19.15
35519,1.08247,19.2348
35520,1.07907,18.7037
35522,1.08127,19.15
35523,1.08029,18.871
35524,1.08216,18.2556
35525,1.0786,18.5351
35526,1.08557,19.5654
35527,1.08183,18.8777
35528,1.0851,20.9517
35529,1.08572,19.4948
35530,1.08479,19.9545
35531,1.06749,25.4991
35532,1.06913,25.7224
35533,1.0718,26.1312
35534,1.06567,26.2016
35535,1.07198,27.7414
35536,1.06952,25.8936
35537,1.06953,25.889
35538,1.07004,25.8706
35539,1.06902,26.2251
35540,1.07518,17.3731
35541,1.07356,17.6411
35542,1.07383,18.1458
35543,1.08399,17.6275
35545,1.07843,17.3029
35546,1.0869,30.4281
35547,1.08572,30.8649
35548,1.08935,30.4486
35550,1.08582,30.1737
35551,1.08569,30.0012
35552,1.07718,28.5267
35553,1.08763,31.1171
35554,1.08497,30.776
35555,1.08334,22.9787
35556,1.08395,19.0573
35557,1.08532,19.5224
35558,1.0828,17.1897
35559,1.08509,18.4866
35560,1.08492,18.6668
35561,1.1,18.4962
35562,1.08316,18.6977
35563,1.08426,18.7554
35564,1.08366,18.9308
35565,1.07856,21.0473
35566,1.08044,20.3485
35567,1.0835,19.9936
35568,1.07696,23.5826
35569,1.0665,27.8344
35570,1.0649,27.3864
35571,1.07305,26.2621
35572,1.08013,18.857
35573,1.08321,19.2205
35574,1.07043,21.0952
35575,1.07779,21.0041
35576,1.08962,26.426
35577,1.0915,26.5617
35578,1.08978,26.9781
35579,1.08473,26.2525
35580,1.08931,27.3476
35581,1.08474,25.7172
35582,1.08402,25.8911
35583,1.0873,26.1134
35584,1.08909,26.2715
35586,1.09085,26.6906
35587,1.09088,27.6229
35588,1.09373,27.0264
35589,1.09258,27.0404
35590,1.07991,26.7698
35591,1.07759,26.4594
35592,1.07997,26.6563
35593,1.08028,27.1402
35594,1.08005,26.3385
35595,1.08007,26.4959
35596,1.08042,26.923
35597,1.08019,26.7364
35598,1.07988,26.5693
35599,1.08091,28.1516
35600,1.08194,26.2801
35601,1.08153,25.215
35602,1.07968,25.7849
35603,1.08865,25.3048
35604,1.08223,21.3765
35605,1.09164,19.7594
35606,1.08493,20.7515
35607,1.08155,21.476
35608,1.08014,22.4962
35609,1.07861,27.1636
35610,1.07664,28.8958
35611,1.08028,29.0159
35612,1.08454,25.4614
35613,1.08604,23.9826
35614,1.08354,25.3049
35615,1.08365,25.3057
35616,1.07851,25.764
35617,1.08322,25.4191
35618,1.0843,25.1374
35619,1.08674,26.6733
35620,1.08519,25.5495
35621,1.08443,25.3954
35622,1.08421,25.3694
35623,1.08321,24.6656
35625,1.08498,24.0201
35626,1.08725,26.834
35627,1.08449,26.4176
35628,1.07952,25.3702
35629,1.08268,25.9015
35630,1.08202,24.9373
35631,1.08309,25.8689
35632,1.08501,21.1708
35633,1.08741,23.5569
35634,1.08848,23.8968
35635,1.0865,24.3961
35636,1.08583,24.4132
35637,1.08603,24.3241
35638,1.08798,24.1701
35639,1.08388,24.231
35640,1.08759,24.0521
35641,1.07949,26.9864
35642,1.08371,25.5412
35643,1.08629,24.0507
35644,1.08714,23.2834
35645,1.0844,24.9798
35646,1.08411,25.5388
35647,1.08176,25.3636
35648,1.08442,24.7623
35649,1.08301,26.0688
35650,1.09637,29.4475
35651,1.09068,27.832
35652,1.09323,29.2493
35653,1.09372,28.6008
35654,1.09091,27.9797
35655,1.09242,28.6031
35656,1.09166,28.1852
35657,1.09109,27.9718
35658,1.09219,28.3021
35659,1.09314,27.142
35660,1.09428,27.4378
35661,1.09295,26.7128
35662,1.09615,28.8898
35663,1.09811,28.61
35664,1.08727,32.3563
35665,1.0863,26.9075
35668,1.09047,27.872
35669,1.09058,28.0534
35670,1.08804,27.1386
35671,1.08679,27.0621
35672,1.08704,27.171
35673,1.08739,27.0983
35674,1.08733,26.5247
35675,1.08871,24.5714
35676,1.08844,25.7267
35677,1.08828,26.8505
35678,1.08551,28.3485
35679,1.07807,19.4275
35680,1.07596,18.73
35681,1.08482,17.762
35682,1.08639,17.6038
35683,1.08461,17.7335
35684,1.08442,18.0819
35685,1.08367,18.01
35686,1.08141,17.2996
35687,1.07722,17.6234
35688,1.07316,17.3913
35689,1.07301,17.6508
35690,1.07659,18.3331
35691,1.0746,18.0066
35692,1.07165,18.805
35693,1.08271,29.8266
35694,1.082,29.4348
35695,1.08279,28.9489
35696,1.08579,28.7555
35697,1.07887,29.1137
35698,1.08385,29.4684
35699,1.08197,28.5489
35700,1.08091,28.8223
35701,1.09213,31.7473
35702,1.08538,29.7479
35703,1.08661,29.9819
35704,1.08924,29.3943
35705,1.08884,29.348
35706,1.08845,29.2173
35707,1.08502,29.4537
35708,1.08337,21.0934
35709,1.08411,20.7952
35710,1.08322,20.5535
35711,1.08284,20.4491
35712,1.08424,20.1192
35713,1.08686,18.5352
35714,1.08617,19.4287
35715,1.08548,19.5281
35716,1.08698,19.5388
35717,1.08546,18.3531
35718,1.08567,18.3281
35719,1.08614,18.3214
35720,1.08568,18.373
35722,1.0856,18.3995
35723,1.08425,18.2096
35724,1.08566,18.5056
35725,1.08433,18.2258
35726,1.08341,18.2521
35727,1.08562,18.5374
35728,1.08416,18.2654
35729,1.08616,18.4931
35730,1.09066,19.4844
35731,1.08769,18.3006
35732,1.08596,18.5503
35733,1.08421,18.6122
35734,1.08636,18.6506
35735,1.09131,19.8659
35736,1.08374,18.4384
35737,1.08916,19.6711
35738,1.07837,18.5376
35739,1.08107,18.9666
35740,1.0785,18.7231
35741,1.0782,18.6488
35742,1.08689,18.2968
35743,1.08946,18.3278
35744,1.09277,18.3661
35745,1.09111,19.1813
35746,1.08601,18.4927
35747,1.0811,21.89
35748,1.08084,21.0714
35749,1.08334,20.7653
35750,1.07598,20.8599
35751,1.07743,22.9049
35752,1.08157,25.0384
35753,1.08104,24.8354
35755,1.079,24.452
35756,1.08113,24.763
35757,1.08642,23.6135
35758,1.07981,22.7903
35759,1.07811,22.176
35760,1.08161,23.688
35761,1.08622,24.1316
35763,1.09127,24.609
35764,1.09851,25.0733
35765,1.09695,26.1115
35766,1.09372,28.3193
35767,1.08003,22.7616
35768,1.08488,27.0431
35769,1.07652,25.3171
35770,1.08907,22.5671
35771,1.0871,24.1631
35772,1.08629,26.1333
35773,1.08641,25.2339
35774,1.08134,27.6532
35775,1.08101,25.1618
35776,1.08948,28.6662
35777,1.09123,28.8885
35778,1.08711,28.2992
35779,1.09484,30.1711
35780,1.0971,30.1454
35783,1.09049,28.7159
35784,1.09927,29.7782
35785,1.09596,29.6567
35786,1.09111,29.5127
35787,1.09081,28.919
35789,1.08892,28.7905
35791,1.08645,28.6164
35793,1.08707,28.6872
35794,1.0858,28.5907
35795,1.08797,28.7368
35796,1.08821,28.8205
35797,1.0912,29.6694
35798,1.09638,30.5643
35799,1.09692,32.2891
35800,1.09393,31.8751
35801,1.09361,32.2209
35803,1.09388,28.5019
35804,1.0672,24.302
35805,1.07307,20.3488
35806,1.07066,22.2689
35807,1.08422,20.8346
35808,1.0832,19.8889
35809,1.07329,22.296
35810,1.07678,21.8948
35811,1.07492,22.3788
35812,1.07868,21.5411
35814,1.07591,20.9091
35815,1.08624,25.8244
35816,1.08442,25.6669
35817,1.08613,25.9426
35818,1.08707,25.7867
35819,1.08351,27.856
35820,1.08448,26.6315
35821,1.08378,26.958
35822,1.08348,27.2156
35823,1.08568,26.2912
35824,1.08559,26.17
35825,1.08526,26.3479
35826,1.08486,25.7064
35827,1.08391,25.5378
35828,1.08447,25.6772
35829,1.08392,25.5142
35830,1.08423,25.6597
35831,1.08431,25.6584
35832,1.0841,25.5112
35833,1.08684,25.8196
35834,1.08639,25.9113
35835,1.08424,26.896
35836,1.08625,25.9971
35837,1.08638,26.0357
35838,1.08501,25.771
35839,1.08481,25.6175
35840,1.0847,25.4995
35841,1.08476,25.3078
35842,1.0874,26.3386
35843,1.08773,26.02
35844,1.08651,26.0973
35845,1.08758,25.9909
35846,1.08542,25.9861
35847,1.0861,26.2464
35848,1.08587,26.4342
35849,1.08459,26.9068
35850,1.08691,25.8887
35851,1.08652,25.86
35852,1.08549,25.4954
35853,1.08649,25.8581
35854,1.08676,25.8891
35855,1.08608,26.7709
35857,1.08458,26.9768
35858,1.08511,26.949
35859,1.08615,27.0239
35860,1.08581,26.4119
35861,1.0857,25.9324
35862,1.08125,29.3744
35863,1.08468,25.7015
35864,1.0874,25.9456
35865,1.08594,26.4687
35866,1.08546,26.8513
35867,1.08546,25.7803
35868,1.08568,25.8882
35869,1.08306,26.5191
35870,1.08313,26.4788
35871,1.08479,25.8671
35872,1.08396,26.5451
35873,1.08824,26.5764
35874,1.08404,25.9081
35875,1.08341,25.7525
35876,1.08769,26.3903
35877,1.08725,26.4314
35878,1.08615,26.3867
35879,1.08529,27.0389
35880,1.08514,26.89
35881,1.08396,25.5889
35882,1.08745,26.0439
35883,1.08894,25.1909
35884,1.08353,26.3131
35885,1.08332,26.2162
35886,1.08395,26.0758
35887,1.08358,26.6066
35888,1.08389,26.5947
35889,1.08393,27.4736
35890,1.08896,25.8748
35891,1.088,25.9788
35892,1.08282,25.6911
35893,1.08446,25.932
35894,1.08457,25.7407
35895,1.08664,25.9982
35896,1.07993,26.5008
35897,1.07873,25.25
35898,1.08505,25.9408
35899,1.08788,26.18
35900,1.08281,26.3285
35901,1.08384,25.3208
35902,1.08037,24.5437
35903,1.08042,24.5315
35904,1.08341,24.9928
35905,1.0817,24.6859
35906,1.08485,25.1661
35908,1.08729,25.2787
35909,1.08852,25.1142
35910,1.08378,25.174
35911,1.08678,26.1501
35912,1.08807,26.3281
35913,1.08461,27.2337
35914,1.0844,27.7034
35915,1.08257,29.5283
35916,1.0854,26.9855
35917,1.08265,26.651
35918,1.08565,25.08
35919,1.08518,25.7931
35920,1.08346,26.4945
35921,1.08527,25.8409
35922,1.08254,29.3559
35923,1.08802,25.8405
35924,1.08217,29.5765
35925,1.08186,29.4296
35926,1.08256,29.839
35927,1.08244,29.1086
35928,1.0839,28.3526
35929,1.08328,28.6124
35930,1.08594,27.0488
35931,1.08299,28.5936
35932,1.08369,27.2251
35933,1.08347,26.8202
35934,1.08202,30.468
35935,1.08413,27.9476
35936,1.08303,26.9625
35937,1.07932,29.0981
35938,1.0823,27.1453
35939,1.079,29.1336
35940,1.08563,26.2969
35941,1.0848,26.4528
35942,1.08313,26.6821
35943,1.0857,27.3218
35944,1.0833,27.0546
35945,1.08359,27.1584
35946,1.08334,26.7771
35947,1.08311,26.7906
35948,1.08379,27.2353
35949,1.0837,27.3055
35950,1.08335,26.3122
35951,1.08399,27.3822
35952,1.08568,26.5175
35953,1.08128,29.6619
35954,1.08785,25.3492
35955,1.08432,25.554
35956,1.08801,25.1979
35958,1.08807,26.3111
35959,1.08549,26.1557
35960,1.08956,26.3409
35961,1.08145,26.4362
35962,1.08103,25.983
35963,1.08386,26.008
35964,1.08868,25.9593
35965,1.08813,26.1865
35966,1.08691,26.373
35967,1.08421,27.5814
35968,1.08477,27.2158
35969,1.08446,27.2229
35970,1.08545,26.7808
35971,1.08548,26.8596
35972,1.08607,27.0238
35973,1.08448,27.2463
35974,1.08529,27.1127
35975,1.08268,28.9012
35976,1.08379,27.031
35977,1.0821,29.0768
35978,1.07854,21.218
35979,1.07247,22.2465
35980,1.06995,21.6069
35981,1.07961,27.0142
35982,1.07987,26.9125
35983,1.0801,26.9132
35984,1.08044,26.9154
35985,1.07547,26.5691
35986,1.07263,27.0552
35987,1.07916,25.2767
35988,1.08049,26.8878
35989,1.0792,26.778
35990,1.07699,24.7577
35991,1.0788,26.5898
35992,1.08453,26.7169
35993,1.07353,24.363
35994,1.07509,23.802
35995,1.08261,25.2061
35996,1.07805,26.0162
35997,1.08093,24.9575
35998,1.08093,26.8392
35999,1.08209,27.611
36000,1.0768,25.3157
36001,1.08857,27.8023
36002,1.08131,29.238
36003,1.0833,28.5819
36004,1.08285,27.7567
36005,1.07848,25.8424
36006,1.08406,27.521
36007,1.08374,27.9147
36008,1.08406,26.7744
36009,1.0859,25.579
36010,1.07997,26.4203
36012,1.07558,24.781
36013,1.07354,24.6435
36014,1.07362,24.6169
36015,1.07783,24.857
36016,1.07783,24.9422
36017,1.07797,24.8029
36018,1.08046,24.6569
36019,1.07706,24.7992
36020,1.07355,24.5738
36021,1.07306,24.6023
36023,1.07881,25.4673
36024,1.07475,24.793
36025,1.07383,24.9406
36026,1.0734,24.9276
36027,1.07288,24.7136
36028,1.0733,24.9072
36029,1.07121,25.7748
36031,1.06625,27.791
36032,1.06631,28.2548
36033,1.06882,27.522
36034,1.06872,27.2805
36035,1.06819,28.0195
36036,1.06747,28.1155
36037,1.07464,25.7648
36038,1.07281,26.6102
36039,1.08664,22.4026
36040,1.08942,20.8766
36041,1.08658,22.3913
36042,1.09607,23.4158
36043,1.08626,24.1382
36044,1.08247,27.583
36045,1.0817,27.0284
36046,1.09252,24.1758
36047,1.09439,23.9973
36048,1.09872,23.8292
36049,1.0878,22.5297
36050,1.09099,23.6228
36051,1.09004,24.3557
36052,1.08844,24.332
36053,1.08486,27.0513
36054,1.08767,23.8317
36055,1.08612,29.0168
36056,1.08743,29.261
36057,1.08448,27.5445
36058,1.08247,26.1611
36059,1.07831,26.4454
36060,1.08254,27.7967
36063,1.08379,29.168
36064,1.0843,27.8086
36065,1.08474,27.5257
36067,1.08578,27.7009
36070,1.08584,27.6148
36071,1.1,19.6295
36072,1.08955,18.8704
36073,1.08942,18.9944
36074,1.08942,19.1738
36075,1.08879,19.3026
36076,1.09039,19.6292
36077,1.09055,19.5987
36078,1.09083,19.5832
36079,1.09118,19.6321
36080,1.09317,19.9927
36081,1.09011,19.3079
36082,1.09071,19.3002
36083,1.09904,19.5961
36084,1.09082,19.0008
36085,1.09002,19.0894
36087,1.09415,20.0815
36088,1.09289,19.9699
36089,1.0921,20.0754
36090,1.0893,21.1299
36091,1.09283,19.968
36092,1.08974,19.1278
36093,1.09016,19.0187
36094,1.08917,19.0287
36097,1.08959,19.195
36098,1.08956,19.2434
36099,1.09291,19.9746
36100,1.0907,19.5492
36101,1.09083,19.563
36102,1.09093,19.5674
36103,1.09154,19.6274
36104,1.08851,19.088
36106,1.08665,19.2469
36107,1.08671,19.2392
36108,1.08726,19.1474
36110,1.08725,19.3102
36111,1.08713,19.3255
36112,1.09047,19.877
36113,1.08737,19.3864
36114,1.0905,19.1447
36115,1.08923,19.1032
36116,1.08182,18.1672
36117,1.08901,20.5734
36118,1.08361,17.909
36119,1.08127,17.6762
36120,1.08184,17.0034
36121,1.08653,19.3312
36122,1.08642,18.8847
36123,1.08654,19.2327
36124,1.09367,20.8816
36125,1.09202,20.2957
36126,1.09437,20.3064
36127,1.09253,20.6749
36128,1.09128,22.1434
36129,1.08417,17.9732
36130,1.08632,18.2621
36131,1.09226,20.7309
36132,1.09479,18.8956
36133,1.0889,19.0899
36134,1.09323,21.0027
36135,1.09552,20.6638
36136,1.08992,21.3239
36137,1.09306,21.0542
36138,1.08802,22.3473
36139,1.09005,21.5164
36140,1.09502,20.914
36141,1.09703,20.0047
36142,1.08862,19.952
36144,1.08909,23.6368
36145,1.07808,20.3532
36146,1.08015,22.0759
36147,1.07821,20.1537
36148,1.09056,18.9873
36149,1.08674,23.0739
36150,1.08496,21.9361
36151,1.08326,22.2829
36152,1.08121,20.8283
36153,1.08286,21.6957
36154,1.08104,21.278
36155,1.08455,22.2664
36156,1.07861,21.2507
36157,1.08271,20.9327
36158,1.08663,19.0262
36159,1.08528,19.709
36160,1.08513,19.6595
36161,1.08914,20.0764
36162,1.08902,20.2159
36163,1.08594,20.0963
36164,1.08962,20.0557
36165,1.08897,20.0567
36166,1.08787,18.7502
36167,1.08723,18.7045
36168,1.08688,18.6501
36169,1.08627,18.3674
36170,1.08161,24.0508
36171,1.08386,18.0301
36172,1.085,20.2956
36173,1.08444,20.017
36174,1.09006,18.4266
36175,1.08688,18.6229
36176,1.0919,14.297
36177,1.08829,13.588
36179,1.08785,13.5352
36180,1.08739,13.4848
36181,1.0873,13.4032
36182,1.08751,13.4403
36183,1.08708,13.291
36184,1.08786,13.5704
36185,1.08763,13.5386
36186,1.08757,13.5234
36187,1.09128,14.2472
36188,1.09095,14.2242
36190,1.08638,15.9004
36191,1.08929,13.7817
36192,1.08761,13.5108
36193,1.08806,13.5991
36194,1.08854,13.6722
36195,1.08538,12.9585
36196,1.08579,13.149
36197,1.08594,13.1738
36198,1.08486,12.9476
36199,1.08669,13.2619
36200,1.08706,13.3929
36201,1.08742,13.4842
36202,1.08769,13.5357
36203,1.0858,13.2791
36204,1.08617,13.3489
36205,1.08636,13.3829
36206,1.08815,13.4284
36207,1.08774,13.365
36208,1.08763,13.3268
36209,1.0837,12.855
36210,1.08461,12.9023
36211,1.08685,13.1285
36212,1.0874,13.1257
36213,1.0843,12.8259
36214,1.08394,12.8384
36215,1.08398,12.84
36216,1.08377,12.8138
36217,1.08428,12.8546
36218,1.0892,13.2454
36219,1.08723,12.7367
36220,1.08704,12.717
36221,1.08929,13.1323
36222,1.08772,13.4663
36223,1.08727,12.7926
36224,1.08964,13.058
36225,1.08697,12.7867
36226,1.08767,12.7453
36227,1.08713,12.7159
36228,1.08728,12.7217
36229,1.09081,12.8938
36230,1.08704,12.7135
36231,1.09114,12.9019
36232,1.08701,12.7594
36233,1.08968,12.9453
36234,1.08856,13.003
36235,1.08763,13.0682
36236,1.08673,12.9102
36237,1.08773,13.2047
36238,1.08658,13.0812
36239,1.08977,14.3444
36241,1.08807,13.4254
36245,1.09001,12.9766
36246,1.08984,13.235
36247,1.0874,14.0917
36248,1.08802,14.4318
36249,1.08849,14.462
36250,1.08869,14.5628
36251,1.08743,15.4692
36252,1.08659,16.369
36253,1.08248,20.0748
36254,1.08264,19.6951
36255,1.08294,15.3314
36256,1.08429,16.8119
36259,1.08473,15.6882
36260,1.08333,14.2274
36261,1.0788,14.6768
36262,1.0795,15.9794
36263,1.08758,13.3368
36264,1.08716,13.2522
36265,1.08714,13.1895
36266,1.08608,13.0427
36267,1.09261,12.8605
36268,1.08563,13.0334
36269,1.07693,15.3703
36270,1.07903,14.1042
36271,1.07592,14.0231
36272,1.07644,10.8574
36273,1.08629,13.2435
36274,1.08486,13.3844
36275,1.08829,13.0353
36276,1.08689,13.195
36277,1.08056,14.1855
36278,1.08635,13.1992
36279,1.08608,13.5764
36280,1.08603,13.4264
36281,1.08594,13.7225
36282,1.08272,14.5487
36283,1.08214,12.9264
36285,1.08526,13.3638
36286,1.08813,13.5965
36287,1.0877,13.9076
36288,1.08944,13.9767
36289,1.08764,13.5942
36291,1.09187,21.2138
36292,1.08665,20.8482
36293,1.09828,19.6117
36294,1.08783,19.1268
36295,1.09869,19.0376
36296,1.08794,18.5933
36297,1.08562,18.9794
36298,1.08971,28.4974
36299,1.08935,28.4739
36300,1.08421,28.944
36301,1.08606,28.0307
36302,1.08638,28.0462
36303,1.08902,28.4608
36304,1.08904,28.4534
36305,1.0901,28.6609
36306,1.08945,28.5561
36307,1.0892,28.5242
36308,1.08746,28.2584
36309,1.08869,28.4298
36310,1.0868,28.1475
36311,1.0867,28.1092
36312,1.08635,28.0325
36313,1.08623,27.9776
36314,1.08631,28.0699
36315,1.0866,28.0496
36316,1.08814,28.3869
36317,1.08877,28.4934
36318,1.08852,28.4181
36319,1.08831,28.5954
36320,1.08837,28.7449
36321,1.08742,28.339
36322,1.08868,28.5654
36323,1.08654,28.0523
36324,1.08627,27.8957
36325,1.08767,28.346
36326,1.0858,27.8781
36327,1.08908,28.8355
36328,1.08866,28.4481
36329,1.08796,28.3826
36331,1.08529,27.8459
36332,1.08827,28.7584
36333,1.08898,28.6466
36334,1.08864,28.5287
36335,1.08855,28.5392
36337,1.09177,28.1578
36338,1.09528,27.7516
36342,1.08681,27.7128
36343,1.08889,28.072
36345,1.0867,27.6516
36347,1.08524,27.7481
36348,1.08986,27.7905
36349,1.08653,27.6764
36351,1.09207,27.8042
36352,1.09151,27.795
36353,1.08662,27.6741
36355,1.09115,27.7885
36356,1.08829,27.6523
36357,1.08479,28.1094
36358,1.08805,27.1888
36359,1.08792,27.8417
36360,1.0861,28.3993
36361,1.08697,29.4463
36362,1.08709,28.9672
36363,1.08403,27.1238
36364,1.08314,26.5623
36365,1.08705,26.5822
36366,1.08484,26.8189
36367,1.08165,28.8372
36368,1.08363,27.5215
36369,1.08308,27.0578
36370,1.08502,26.9677
36371,1.08353,27.5724
36372,1.0827,30.4288
36373,1.08364,26.5915
36374,1.08336,26.9308
36375,1.0841,27.8307
36377,1.08339,27.4242
36378,1.08667,26.4981
36379,1.0884,25.2599
36380,1.08709,24.9211
36381,1.0851,25.779
36382,1.08472,25.7201
36383,1.08692,25.3855
36385,1.08941,22.4823
36386,1.09073,24.6811
36387,1.08477,21.3156
36388,1.08463,19.6416
36389,1.08472,19.4393
36391,1.08673,26.2066
36392,1.0791,25.3436
36393,1.08089,20.6044
36394,1.08296,19.7015
36395,1.07244,20.1601
36396,1.07782,19.5051
36397,1.08085,18.9911
36399,1.08915,27.4601
36400,1.0881,26.7849
36401,1.08996,27.4556
36402,1.08986,27.4658
36403,1.08661,26.6208
36404,1.08864,26.5999
36405,1.09396,26.2316
36406,1.07166,24.2253
36408,1.06989,25.0948
36410,1.06804,25.5632
36411,1.06165,24.8339
36412,1.06659,27.1969
36413,1.06653,27.2189
36414,1.06914,27.3299
36415,1.06611,27.3863
36416,1.06912,27.2535
36417,1.07055,27.0564
36418,1.06975,27.1766
36419,1.06927,26.9913
36421,1.07218,27.0253
36422,1.07063,27.156
36423,1.07621,27.6435
36424,1.0724,27.504
36425,1.08332,24.9643
36426,1.08315,24.8683
36427,1.08459,24.6568
36428,1.0831,23.6153
36429,1.08583,22.0681
36430,1.07969,24.9711
36431,1.08464,23.1105
36432,1.0771,25.7247
36433,1.08859,20.0204
36434,1.08754,19.5859
36435,1.08728,19.6969
36436,1.09044,21.8824
36437,1.0771,22.6562
36438,1.07557,27.4527
36439,1.07006,30.213
36440,1.08094,27.6105
36441,1.08119,26.89
36442,1.08106,26.7995
36443,1.07313,29.8567
36444,1.08042,27.7343
36445,1.08155,27.7154
36446,1.0813,27.7127
36447,1.08314,27.0148
36448,1.08387,27.593
36449,1.08242,27.2088
36450,1.08454,28.2485
36451,1.08406,27.4644
36452,1.08311,28.0025
36453,1.08288,28.7257
36454,1.08356,28.7429
36455,1.08426,28.2709
36456,1.08403,28.7777
36457,1.08242,27.2592
36458,1.08368,27.7624
36459,1.08353,27.9767
36460,1.08386,27.872
36461,1.08675,26.5229
36462,1.08272,27.3398
36463,1.08344,27.4601
36464,1.08352,28.7284
36465,1.0851,28.0256
36466,1.08241,27.2081
36467,1.08115,28.1069
36469,1.08623,29.0741
36470,1.08533,29.2514
36471,1.08537,29.2643
36473,1.08544,29.0036
36474,1.07962,28.5711
36475,1.08498,28.3772
36476,1.08422,28.6558
36477,1.08475,28.8342
36478,1.08424,28.4349
36479,1.08065,28.6246
36480,1.07643,28.9764
36481,1.07809,29.0609
36482,1.08024,29.2058
36483,1.0694,30.434
36484,1.07769,27.2508
36485,1.08237,27.3104
36486,1.08759,19.5645
36487,1.09594,17.1429
36488,1.08661,19.0202
36489,1.08468,18.3752
36490,1.08186,21.0547
36491,1.0697,17.5346
36492,1.09426,19.3591
36493,1.08147,20.6205
36494,1.08177,23.546
36495,1.07884,24.1208
36496,1.08135,22.8356
36497,1.08198,22.1562
36499,1.08281,22.0188
36500,1.08515,21.8561
36501,1.08205,22.8429
36502,1.08175,25.3785
36503,1.07695,26.2101
36504,1.0768,28.0579
36505,1.07921,27.1645
36506,1.06985,27.63
36508,1.07917,26.9922
36509,1.07658,26.5215
36510,1.08038,26.4494
36513,1.07111,27.2682
36514,1.07704,27.4113
36515,1.06648,28.4006
36516,1.07792,27.9092
36517,1.06535,28.0489
36518,1.06185,27.8186
36519,1.07999,29.0357
36521,1.08006,28.7521
36522,1.07468,20.2335
36523,1.08116,23.212
36524,1.08073,20.9963
36525,1.08198,21.1467
36526,1.0826,21.2486
36527,1.08049,20.9007
36528,1.08148,21.2681
36529,1.08434,19.8317
36530,1.08528,20.0925
36531,1.0818,26.8922
36534,1.07758,20.5186
36535,1.08104,20.8765
36537,1.08168,20.0919
36538,1.077,22.2234
36539,1.09002,25.2634
36540,1.08651,22.1192
36541,1.08654,22.9911
36542,1.08885,24.3527
36543,1.08802,22.3118
36544,1.08172,20.3441
36546,1.08183,20.9195
36547,1.0809,20.5421
36548,1.08117,20.5468
36549,1.08726,21.2821
36550,1.08288,20.6893
36551,1.08501,21.1783
36552,1.0841,21.1121
36553,1.08032,20.5495
36554,1.08081,20.5653
36555,1.0815,20.8679
36556,1.08139,20.8411
36557,1.08402,21.1961
36559,1.08894,22.0073
36560,1.08022,20.6722
36561,1.08277,21.1992
36562,1.08013,20.5548
36563,1.08422,21.727
36564,1.08198,21.0349
36565,1.08366,21.3075
36566,1.08167,20.9216
36567,1.08235,20.9942
36568,1.0813,20.5468
36569,1.08724,25.05
36570,1.088,24.7648
36571,1.08342,25.4037
36572,1.08423,25.6682
36573,1.08446,26.243
36574,1.08314,26.042
36575,1.08317,26.3075
36576,1.08456,24.0517
36577,1.08136,23.1139
36578,1.08129,22.656
36579,1.08444,24.594
36580,1.08245,26.6829
36581,1.08469,27.043
36582,1.08445,27.7861
36583,1.08134,28.8804
36584,1.08487,27.8308
36585,1.08438,27.1035
36586,1.08481,26.7173
36587,1.08494,17.3115
36588,1.09062,18.2941
36589,1.08183,19.5846
36590,1.08133,18.6371
36591,1.08485,15.4168
36592,1.08165,23.7705
36593,1.07647,21.9641
36594,1.08662,20.7143
36595,1.08884,22.5843
36596,1.08416,24.9643
36597,1.08391,25.0182
36598,1.08417,25.1815
36599,1.08529,24.2712
36600,1.08323,23.8002
36601,1.08556,24.9769
36602,1.0827,23.6389
36603,1.04502,0.795967
36604,1.05488,1.32329
36605,1.04586,1.28032
36606,1.05286,2.31971
36607,1.04941,1.48575
36608,1.06015,1.70093
36609,1.05659,4.82848
36610,1.0762,4.42914
36611,1.07849,5.23184
36612,1.07723,4.85877
36613,1.07602,4.7422
36614,1.06674,4.2048
36616,1.0593,-2.92387
36617,1.05823,-2.66823
36618,1.05179,-4.97476
36619,1.05885,-1.59444
36620,1.05675,-2.96251
36623,1.07988,10.4441
36625,1.08193,1.84791
36626,1.07706,2.32145
36627,1.07017,6.14732
36628,1.07649,3.87991
36629,1.07508,3.79104
36630,1.07844,4.92954
36631,1.07144,4.03149
36632,1.06606,3.56971
36633,1.07552,4.48368
36634,1.06156,-3.02927
36635,1.06883,0.357526
36636,1.05638,-1.68772
36637,1.07038,0.904976
36638,1.05415,0.806141
36639,1.05026,0.849974
36640,1.05196,0.873878
36641,1.05006,0.98371
36642,1.05934,2.39159
36643,1.05891,2.04649
36644,1.05283,1.76913
36645,1.05055,1.98026
36646,1.07089,2.11118
36647,1.07051,4.07081
36648,1.07113,6.35366
36649,1.06924,1.96416
36650,1.0706,3.20404
36651,1.07008,2.95697
36652,1.06468,1.78026
36653,1.07092,4.33653
36654,1.07266,1.8771
36655,1.07235,1.87395
36656,1.06888,1.82604
36657,1.07244,1.66293
36658,1.07191,2.20517
36659,1.07161,3.51955
36660,1.07213,2.35226
36661,1.07173,2.32057
36662,1.06826,3.14375
36663,1.06885,3.44396
36664,1.06474,1.81523
36665,1.07528,1.11482
36666,1.06521,2.11712
36667,1.07128,2.11818
36668,1.05935,-2.61084
36669,1.05767,-2.70908
36670,1.05642,-3.11248
36672,1.066,-3.17266
36673,1.05877,-4.18947
36674,1.05629,4.25365
36675,1.05456,2.79324
36677,1.06576,3.5396
36678,1.05535,2.90422
36679,1.05531,2.82932
36680,1.05422,2.76776
36681,1.05371,2.68319
36682,1.05416,2.62337
36683,1.05726,4.40445
36684,1.05419,4.81416
36685,1.05059,7.28071
36686,1.07141,3.91355
36687,1.04523,3.3091
36688,1.04463,-0.0407442
36689,1.06086,1.84366
36690,1.05782,0.729458
36691,1.05685,3.56927
36692,1.06123,0.938602
36693,1.06507,1.57947
36694,1.0618,6.43759
36695,1.06805,5.95797
36696,1.06588,4.11007
36697,1.05475,-0.844456
36698,1.05387,-2.16131
36699,1.05438,-2.07197
36700,1.05686,1.86207
36701,1.05736,-0.591174
36702,1.0568,-0.470897
36703,1.05849,-0.058578
36704,1.07898,7.23114
36705,1.07762,7.15551
36706,1.07038,6.91927
36707,1.07284,6.62829
36708,1.06984,5.27493
36709,1.0679,4.71039
36710,1.06876,1.69895
36711,1.06922,2.2381
36712,1.06892,1.78364
36713,1.07149,1.72816
36714,1.06739,1.46853
36715,1.06884,2.80354
36716,1.06938,2.91898
36717,1.0666,2.23538
36718,1.0705,3.2312
36719,1.06689,2.36651
36720,1.0669,2.4216
36721,1.06559,2.28173
36722,1.07701,5.52556
36725,1.07968,1.12151
36726,1.0616,2.18703
36728,1.07769,8.28262
36729,1.08129,7.52327
36730,1.07776,9.37879
36732,1.07516,10.0308
36733,1.0823,6.093
36734,1.08924,8.47891
36735,1.08476,6.58082
36737,1.079,9.93492
36738,1.07964,10.0707
36739,1.07934,10.0094
36740,1.07969,10.0734
36741,1.08026,9.48084
36742,1.07591,9.47236
36743,1.0741,9.59839
36744,1.07062,9.50514
36745,1.07035,0.0430992
36746,1.07498,0.274257
36747,1.07534,0.247635
36748,1.07344,0.26404
36749,1.06939,-0.0486669
36750,1.06951,-0.0236045
36753,1.0669,0.483189
36754,1.07614,0.262164
36755,1.07238,0.434615
36756,1.07158,1.00351
36757,1.06563,1.36332
36758,1.0696,-0.056712
36759,1.06981,0.0194451
36760,1.07295,0.687053
36763,1.07361,0.752723
36765,1.07363,0.76522
36766,1.07387,0.560931
36767,1.07487,0.30477
36768,1.06864,0.119776
36769,1.06463,4.76124
36770,1.0805,8.24718
36771,1.0856,8.90833
36772,1.07995,7.83189
36773,1.06515,3.70398
36774,1.06079,7.61271
36775,1.06103,4.13053
36776,1.0535,1.01341
36777,1.05626,2.85905
36778,1.06331,3.70536
36779,1.05738,2.97009
36780,1.06278,3.69289
36781,1.06374,3.97299
36782,1.05887,5.51137
36783,1.06539,1.71016
36784,1.04656,0.464037
36785,1.04367,0.21066
36787,1.04463,0.926204
36788,1.08803,6.17579
36789,1.07761,5.35714
36790,1.09337,7.20439
36791,1.08873,6.20544
36792,1.07908,5.55782
36793,1.07752,5.59036
36794,1.07621,5.3703
36795,1.07694,5.34483
36796,1.07642,5.31199
36797,1.07726,5.55185
36798,1.07188,5.25535
36799,1.07673,5.47381
36800,1.09163,5.66973
36801,1.07133,6.77122
36802,1.07453,6.24675
36803,1.07335,7.14852
36804,1.07177,10.952
36805,1.07294,7.3049
36806,1.07293,7.35589
36808,1.04902,-4.44259
36809,1.05334,-5.07131
36810,1.05604,-5.26942
36811,1.05192,-0.718144
36812,1.05426,-5.26717
36813,1.05077,-6.35216
36815,1.05001,-3.52709
36816,1.05369,-4.52235
36817,1.06271,-0.282245
36818,1.05269,-1.20869
36819,1.06111,-0.338597
36820,1.05204,-0.917121
36821,1.05252,-0.0772082
36822,1.05354,-0.427154
36823,1.05576,5.64163
36824,1.05012,3.80939
36825,1.04859,4.73727
36826,1.07977,6.18164
36827,1.08373,6.62654
36828,1.08049,6.04988
36829,1.08277,6.7978
36830,1.05895,2.5899
36831,1.04974,2.79576
36832,1.08411,10.3532
36833,1.08182,12.1608
36834,1.08483,10.5576
36835,1.08315,12.3025
36836,1.08483,10.5843
36837,1.08413,10.3791
36838,1.08644,9.8055
36839,1.08385,10.2904
36842,1.08661,9.86203
36843,1.08724,9.93444
36844,1.08387,11.2816
36845,1.08952,9.5715
36846,1.08809,9.4543
36847,1.0827,9.40917
36848,1.08632,9.22076
36849,1.08796,9.51553
36850,1.07429,9.02277
36851,1.08432,10.5237
36853,1.07247,10.4051
36854,1.08857,10.8221
36855,1.08153,6.23477
36856,1.07425,5.23544
36857,1.07305,5.28652
36858,1.07351,5.2331
36859,1.05348,1.13789
36860,1.06004,2.13181
36861,1.04833,-5.10673
36862,1.04918,-5.90622
36865,1.05503,-1.91275
36866,1.05015,-2.43072
36867,1.05433,-1.8932
36868,1.05082,-2.50004
36869,1.05081,-2.51566
36870,1.05439,-2.06267
36871,1.05473,-2.04334
36872,1.05179,-2.29481
36873,1.05184,-2.24075
36874,1.05529,-0.793659
36875,1.04938,-2.38832
36876,1.05622,-0.707263
36877,1.04853,-2.12362
36878,1.05438,-0.832068
36879,1.05083,-2.53676
36880,1.05068,-2.59184
36881,1.05153,-2.61441
36882,1.05272,-2.69554
36883,1.04901,-2.39879
36884,1.05229,-1.87083
36885,1.05274,-1.84096
36887,1.04901,-2.08625
36888,1.05461,-1.55604
36889,1.05404,-2.15777
36890,1.05426,-1.57777
36891,1.05533,-1.90966
36892,1.049,-2.37925
36893,1.04629,-2.66987
36894,1.05129,-2.02794
36895,1.04813,-2.40503
36897,1.04618,-2.64565
36899,1.04998,-2.49148
36900,1.05003,-2.5442
36901,1.05234,-2.38652
36902,1.05263,-2.37243
36903,1.05244,-1.92803
36904,1.05356,-0.564076
36905,1.05607,-1.5836
36906,1.05108,-2.30773
36907,1.05086,-2.48071
36908,1.05052,-2.06819
36909,1.05169,-1.97072
36910,1.05213,-1.9267
36911,1.04734,-2.46052
36913,1.0518,-2.04771
36914,1.05175,-1.76732
36915,1.05597,1.85427
36917,1.05196,-1.79514
36918,1.05005,-2.39739
36919,1.051,-2.71391
36920,1.05323,-2.33585
36921,1.05378,-2.30708
36922,1.05392,-2.24063
36923,1.05395,-2.27344
36924,1.05349,-2.79326
36925,1.05365,-2.82755
36927,1.05125,-2.61507
36930,1.05349,-0.195807
36931,1.05341,-0.571129
36932,1.0514,-0.135753
36933,1.05077,-1.52561
36934,1.05102,-1.50069
36935,1.04766,-1.92045
36936,1.05527,-1.42116
36937,1.05233,-1.91931
36938,1.05646,-1.26212
36939,1.05579,-1.1286
36940,1.05467,1.79696
36941,1.05438,-1.50606
36942,1.04658,-2.52306
36943,1.05082,-2.55177
36944,1.0456,-2.75849
36945,1.04712,-2.42655
36946,1.04829,-2.29439
36947,1.06635,3.20907
36948,1.06129,2.39248
36949,1.06177,2.02562
36950,1.06712,1.4898
36951,1.05408,4.20761
36952,1.05297,3.6226
36953,1.05289,4.67995
36954,1.05288,4.77675
36955,1.05656,2.76527
36956,1.05358,3.74431
36957,1.0561,1.83865
36958,1.0569,3.38359
36959,1.05327,4.04774
36960,1.05375,4.18881
36962,1.06173,-1.85378
36963,1.0616,-2.16191
36964,1.06117,-1.76735
36965,1.05924,2.84977
36966,1.05854,-2.23269
36967,1.05734,-2.33263
36968,1.05696,-0.696176
36969,1.06051,-2.31367
36970,1.06105,-1.25434
36972,1.08648,9.34847
36973,1.07788,8.30555
36974,1.0571,7.95674
36975,1.07089,3.50561
36976,1.05794,3.46389
36977,1.05238,0.161836
36978,1.04211,-1.23368
36979,1.05871,-1.6662
36980,1.0617,1.59697
36981,1.06037,1.52897
36982,1.0664,3.26962
36984,1.08844,7.70997
36985,1.07908,8.51782
36986,1.07921,8.60952
36987,1.07614,8.24875
36988,1.07871,8.64151
36989,1.08011,7.74006
36990,1.08006,8.78239
36991,1.08018,10.2118
36992,1.07921,8.99893
36993,1.07333,4.78293
36994,1.07425,5.34761
36995,1.07414,5.56648
36996,1.07421,5.78805
36997,1.06883,4.98504
36998,1.07854,6.70803
36999,1.0728,6.37217
37000,1.06173,1.37235
37001,1.06026,1.13827
37002,1.06159,1.37631
37003,1.06016,1.15908
37004,1.05939,3.12772
37005,1.05247,2.37585
37006,1.05281,2.43867
37007,1.05712,2.99056
37008,1.07132,4.70409
37009,1.03834,1.12445
37010,1.05209,1.95327
37011,1.03946,1.01712
37012,1.04775,1.59283
37013,1.08601,8.20083
37014,1.08291,11.5188
37015,1.08401,7.26077
37016,1.07081,5.79936
37017,1.06887,7.11749
37019,1.07377,5.13937
37020,1.06932,7.07595
37021,1.07408,5.37986
37022,1.07499,5.33555
37023,1.07526,5.28169
37024,1.0723,4.59116
37025,1.07666,4.76482
37026,1.0719,5.63383
37027,1.07295,3.58949
37028,1.07963,5.15373
37029,1.07181,3.48872
37030,1.07569,4.41503
37031,1.0866,7.53091
37032,1.07301,3.60737
37033,1.07222,3.51971
37035,1.06515,1.83306
37036,1.08398,4.05438
37038,1.06196,0.33469
37039,1.06438,0.134066
37040,1.04828,-0.381066
37041,1.04488,-0.366752
37042,1.03688,-0.517983
37043,1.04274,-0.161269
37044,1.02995,-0.590931
37045,1.03191,-0.487657
37046,1.03366,-0.284768
37047,1.04033,-0.341387
37048,1.03285,0.289718
37049,1.06389,-1.17894
37050,1.06225,-0.113118
37051,1.06329,-3.06573
37052,1.06908,-1.74471
37053,1.07547,-3.31596
37054,1.07436,0.687239
37055,1.07,0.83653
37056,1.07646,0.460766
37057,1.09221,0.705002
37058,1.08139,0.533311
37059,1.08298,11.2767
37060,1.08268,11.889
37061,1.08186,11.445
37062,1.08299,11.9447
37063,1.08282,11.9301
37064,1.08241,11.7849
37065,1.08379,12.1628
37068,1.08308,13.0338
37069,1.1,10.1426
37070,1.06338,4.58431
37071,1.06232,5.29256
37072,1.06405,4.57145
37073,1.0646,3.28707
37074,1.06157,0.374293
37075,1.08499,9.06392
37076,1.07675,10.4602
37077,1.1,7.58905
37078,1.08883,6.49668
37079,1.09943,6.21088
37080,1.0868,6.16523
37081,1.0846,5.97805
37082,1.07577,6.43356
37084,1.0726,5.85163
37085,1.08137,5.92774
37086,1.0818,6.37164
37087,1.0799,6.09965
37088,1.05241,-2.09712
37089,1.05471,-3.93266
37090,1.05573,-1.12192
37091,1.06914,3.93205
37092,1.06884,3.92311
37094,1.07015,3.07405
37095,1.06929,3.08489
37097,1.06891,3.10925
37098,1.06804,3.11281
37100,1.06777,4.05072
37101,1.06851,3.55359
37102,1.06904,3.15132
37103,1.06948,3.04395
37104,1.06827,3.11039
37105,1.06821,3.10216
37107,1.06875,3.16231
37108,1.07007,3.93561
37109,1.06196,6.14338
37110,1.0701,2.95965
37111,1.06883,2.93167
37112,1.06964,3.97789
37113,1.06911,3.99039
37114,1.06714,3.62107
37115,1.06696,3.71335
37116,1.06686,3.97088
37118,1.06733,3.67044
37119,1.06676,4.20116
37120,1.06723,4.31681
37121,1.07166,3.80199
37122,1.06981,4.55104
37123,1.06704,3.47179
37124,1.06979,3.86157
37125,1.07006,3.9538
37126,1.0695,3.91233
37127,1.06973,3.93184
37128,1.0733,4.99234
37129,1.07213,3.81412
37130,1.06974,3.78452
37131,1.06676,3.29641
37132,1.06691,3.26752
37133,1.06719,3.29012
37134,1.06709,3.42054
37135,1.06745,3.47667
37136,1.067,3.33909
37137,1.06687,3.23495
37138,1.06726,3.40749
37139,1.06953,5.7288
37140,1.07,3.79575
37142,1.0625,2.52522
37143,1.0693,3.48195
37144,1.06988,3.82838
37145,1.06825,4.82493
37146,1.06714,5.79027
37147,1.06865,3.54203
37148,1.07004,3.81848
37149,1.07041,3.75605
37150,1.06983,3.75403
37151,1.067,3.11949
37152,1.0677,3.08178
37153,1.06817,3.1212
37154,1.06938,3.79785
37155,1.0703,3.73929
37156,1.06826,3.00448
37157,1.07074,4.4516
37158,1.07351,3.82591
37160,1.07034,3.2768
37161,1.06671,3.01998
37162,1.07245,3.64181
37163,1.06886,2.86032
37164,1.06852,2.83509
37165,1.06716,5.72056
37166,1.0677,4.76205
37167,1.06803,3.65153
37168,1.0686,3.66714
37169,1.06764,3.24912
37170,1.07043,3.06353
37171,1.06755,3.45924
37172,1.07062,3.05593
37173,1.06379,5.77815
37174,1.06806,3.5114
37175,1.06684,5.62243
37176,1.06587,2.05877
37177,1.06669,2.8155
37178,1.07313,3.07286
37179,1.06244,2.42101
37180,1.06421,2.51445
37181,1.06349,5.79944
37182,1.06732,2.49204
37183,1.07079,2.6108
37185,1.06497,2.80159
37186,1.07186,3.01996
37189,1.06357,5.81456
37190,1.0677,3.11854
37191,1.07237,2.90018
37192,1.07055,3.88357
37193,1.06807,4.70347
37194,1.06676,5.16512
37195,1.0693,4.93073
37196,1.07038,3.41587
37197,1.06867,2.79629
37198,1.06794,2.92513
37199,1.06879,2.92623
37200,1.06846,2.76392
37201,1.06944,2.76325
37202,1.0726,3.01125
37203,1.07199,2.98043
37204,1.07236,3.26584
37205,1.06902,2.62275
37206,1.06515,5.73465
37207,1.06732,4.83463
37208,1.06974,2.46413
37209,1.07631,2.71745
37210,1.06985,3.26423
37211,1.06919,3.16652
37213,1.06937,2.55361
37214,1.07024,2.66159
37215,1.07261,3.52789
37216,1.07287,2.0849
37217,1.07123,2.57885
37218,1.07211,2.43248
37219,1.07277,3.24301
37220,1.06959,1.96892
37222,1.07435,2.66902
37223,1.07319,2.58382
37224,1.07416,2.624
37225,1.07089,2.59959
37226,1.07152,2.5861
37227,1.07105,2.47032
37228,1.07067,2.42344
37229,1.07107,3.06671
37231,1.07269,2.64735
37232,1.07174,2.84881
37233,1.07014,2.11256
37234,1.0696,2.05447
37235,1.06663,1.91748
37237,1.06684,2.0942
37238,1.06929,2.20419
37239,1.06976,2.30472
37240,1.06625,2.09692
37241,1.06588,2.12784
37242,1.06602,2.18632
37244,1.07361,3.52775
37248,1.07193,3.03268
37249,1.06794,2.07133
37250,1.0674,2.43367
37251,1.06864,3.59586
37252,1.06934,4.48782
37253,1.07168,5.40915
37254,1.0685,5.68571
37255,1.06863,5.00192
37256,1.06891,5.22148
37257,1.06837,7.0165
37258,1.06999,4.52029
37259,1.07046,4.80927
37260,1.07054,4.64981
37261,1.06986,4.99269
37262,1.06982,4.76175
37263,1.07036,5.00073
37264,1.06966,4.74746
37265,1.07042,4.98597
37266,1.07069,5.09958
37267,1.06985,4.72309
37268,1.06862,5.50367
37269,1.0679,4.52176
37270,1.06913,5.38109
37271,1.068,6.54261
37272,1.06844,5.94588
37273,1.06758,4.49106
37274,1.06967,5.82099
37275,1.06253,6.32188
37276,1.06644,6.623
37277,1.06945,6.26125
37278,1.06846,4.03798
37279,1.06874,4.01626
37280,1.07171,3.71477
37281,1.07107,5.87953
37282,1.0519,3.06909
37283,1.04299,-3.55159
37284,1.05144,-1.6001
37285,1.04704,-3.52729
37286,1.03337,-4.25067
37287,1.04587,-3.16563
37288,1.04153,-3.57716
37289,1.04159,-3.56969
37290,1.05465,-2.60271
37291,1.05166,7.07403
37293,1.05436,3.30159
37294,1.05662,5.25167
37296,1.05506,4.4384
37297,1.07525,0.216951
37299,1.07052,0.256693
37300,1.07075,0.269567
37301,1.0734,0.91873
37302,1.07469,1.14551
37303,1.0753,1.05246
37304,1.07422,1.04281
37305,1.07479,0.242586
37306,1.06971,2.58214
37307,1.06273,4.6484
37308,1.0698,2.47638
37309,1.06985,1.77915
37311,1.07061,1.40167
37313,1.0741,0.345091
37314,1.07301,1.97229
37316,1.07075,2.21114
37317,1.06955,1.06278
37318,1.07231,2.0257
37319,1.06761,0.928614
37320,1.07319,1.43184
37321,1.07422,0.300689
37322,1.07101,0.339987
37323,1.07028,0.234375
37324,1.07299,0.971509
37325,1.06979,0.654491
37326,1.07552,1.43249
37327,1.06673,1.12984
37328,1.06697,1.25081
37329,1.06874,2.47803
37330,1.07231,2.04861
37331,1.07078,2.17503
37334,1.06982,2.4806
37335,1.07318,1.32327
37336,1.07455,0.248263
37337,1.07056,0.129579
37338,1.05579,1.30805
37339,1.05769,0.852343
37340,1.0594,1.02615
37341,1.05605,2.34971
37342,1.05922,0.797342
37343,1.05473,-0.0950519
37344,1.05254,0.525776
37345,1.05736,2.40724
37346,1.06378,4.17942
37347,1.06313,1.3738
37348,1.05108,-0.147118
37349,1.05177,-0.00278364
37350,1.05587,0.850676
37351,1.06495,1.5126
37352,1.06413,1.28995
37353,1.06,1.37218
37354,1.05787,1.24736
37355,1.05684,-0.0308262
37356,1.05592,0.41283
37357,1.06082,0.276631
37358,1.06286,0.261336
37359,1.05422,-0.517146
37360,1.06097,0.413969
37361,1.05845,1.02076
37362,1.05164,0.112746
37363,1.0529,0.615621
37364,1.05861,1.91126
37365,1.04854,5.40245
37366,1.06083,1.26963
37367,1.05586,1.43534
37368,1.05364,5.99768
37369,1.04965,6.66882
37370,1.05126,6.48537
37371,1.05375,6.54142
37372,1.04905,7.73315
37373,1.05208,-3.39419
37374,1.05159,-2.94637
37375,1.05367,-2.63228
37376,1.05293,-0.849847
37377,1.08581,0.425471
37378,1.08237,0.82884
37379,1.05769,5.99899
37380,1.05731,3.60242
37381,1.05677,2.57105
37383,1.05535,2.77232
37385,1.07815,0.4628
37386,1.05627,3.30583
37387,1.05925,3.46548
37388,1.06044,3.3338
37389,1.05654,2.91628
37390,1.05382,-0.974414
37391,1.05835,0.342351
37392,1.04368,-1.19484
37394,1.04264,-0.89858
37395,1.04038,-1.84564
37396,1.08219,7.19962
37397,1.07722,9.28887
37399,1.08222,11.4255
37400,1.07716,11.2482
37401,1.08276,7.79544
37402,1.07884,8.13352
37403,1.07887,7.39854
37404,1.08679,6.67182
37405,1.08588,6.4748
37407,1.08112,9.51523
37408,1.08023,9.54967
37409,1.07631,10.4281
37410,1.07995,9.07015
37411,1.08106,9.08544
37412,1.07662,9.16443
37413,1.07735,9.85724
37414,1.07698,9.84621
37415,1.07763,9.93235
37416,1.07426,9.19551
37417,1.07814,9.42195
37418,1.07647,9.86799
37419,1.07836,9.70015
37421,1.07673,9.82376
37422,1.0766,10.4071
37424,1.04759,3.7101
37425,1.05685,4.71683
37426,1.0518,3.27604
37427,1.07165,4.55673
37428,1.07572,12.4611
37429,1.08062,13.0666
37430,1.07547,10.8562
37431,1.04887,-2.34257
37432,1.04869,-1.26698
37433,1.0468,-3.21969
37434,1.05058,-0.935021
37435,1.05011,-3.24438
37436,1.05092,-3.30113
37437,1.05276,-2.3587
37438,1.04404,-3.25803
37440,1.04025,-3.82792
37441,1.05803,-2.48392
37442,1.05966,-3.02749
37444,1.06005,-6.89873
37445,1.05549,-4.11185
37446,1.05691,1.97194
37448,1.05692,-1.26061
37449,1.06308,-1.74152
37450,1.05675,1.23718
37451,1.06046,2.61059
37452,1.06076,2.36004
37453,1.05325,3.86112
37454,1.06455,0.784818
37455,1.0622,0.469029
37456,1.06255,0.551381
37457,1.06826,2.25565
37458,1.06967,3.54037
37460,1.07886,10.4061
37461,1.07868,10.422
37463,1.07965,8.46601
37464,1.07909,9.79935
37465,1.08179,7.46007
37467,1.05013,6.78864
37469,1.06752,4.03931
37470,1.066,6.76984
37471,1.06248,6.99751
37472,1.06709,8.59921
37473,1.06206,3.20004
37474,1.07229,5.77068
37475,1.0732,5.81004
37476,1.07375,5.83503
37477,1.07275,5.57334
37479,1.0737,6.01772
37480,1.07342,8.90019
37481,1.074,5.76521
37482,1.0529,-2.99792
37483,1.05464,-5.56538
37485,1.03703,-3.66115
37487,1.0404,-5.3441
37489,1.06559,1.9388
37490,1.07384,2.34068
37491,1.07953,1.49527
37492,1.06033,3.45984
37493,1.05773,3.59006
37494,1.05538,3.7805
37495,1.05583,5.38207
37496,1.06071,-5.8513
37497,1.06343,-5.51288
37498,1.06055,-5.90615
37499,1.05854,-6.02164
37500,1.0459,-6.78305
37501,1.04578,-7.10775
37502,1.0533,1.55397
37503,1.05049,-0.639737
37504,1.05091,-1.38617
37505,1.05485,-0.131479
37506,1.05304,-0.951378
37507,1.07126,9.22604
37508,1.07491,7.59606
37509,1.08265,8.40205
37510,1.07083,7.38437
37511,1.07428,7.6856
37512,1.0727,7.46633
37513,1.07772,12.7943
37514,1.07547,12.9388
37516,1.05876,-1.03469
37517,1.06927,1.04591
37518,1.06888,0.269128
37519,1.07241,1.6424
37520,1.06615,0.0488116
37521,1.06981,1.10426
37522,1.06516,-0.113469
37523,1.07155,1.81971
37524,1.06025,0.817175
37525,1.06434,-0.648424
37526,1.06139,-2.15288
37527,1.07429,6.84082
37528,1.07203,9.56476
37529,1.07077,8.7956
37531,1.08531,13.2859
37533,1.07477,12.128
37534,1.06132,6.395
37535,1.07125,4.69311
37536,1.06472,5.55865
37537,1.06403,5.49965
37538,1.06274,4.10458
37539,1.06129,4.06305
37540,1.06949,2.6765
37541,1.0659,2.72465
37543,1.06932,2.78502
37544,1.06181,2.40112
37545,1.06235,2.46809
37546,1.06033,2.24931
37547,1.05939,2.20245
37548,1.06436,2.92247
37549,1.06151,1.67076
37550,1.05507,0.178958
37551,1.05164,-2.91585
37552,1.05386,-2.09976
37553,1.06999,4.75491
37554,1.0608,1.81145
37555,1.06115,2.02489
37556,1.05775,-0.0316566
37557,1.06579,0.756734
37558,1.07128,0.507717
37559,1.06772,0.61744
37560,1.06337,0.0297149
37561,1.06533,-0.0697927
37562,1.08394,0.410784
37563,1.05196,-1.14013
37564,1.05746,4.23315
37565,1.05121,6.1904
37566,1.05294,6.44371
37567,1.06021,4.14516
37568,1.05307,6.4276
37569,1.05147,6.43042
37570,1.05177,3.1598
37571,1.05379,6.4182
37572,1.05561,5.04718
37573,1.05423,4.7606
37574,1.05851,4.27572
37575,1.05719,3.61409
37578,1.04709,2.68949
37579,1.0464,2.59658
37580,1.04658,2.57082
37583,1.06517,-6.4512
37584,1.06569,-6.03415
37585,1.04817,0.322807
37586,1.05061,1.65534
37587,1.04923,2.76744
37588,1.05926,3.26668
37589,1.05895,3.06888
37591,1.0522,2.40908
37592,1.0638,4.72181
37594,1.06378,4.3114
37595,1.05473,2.79466
37596,1.05206,2.53694
37597,1.0557,4.84344
37598,1.04673,4.37902
37599,1.0681,2.83988
37600,1.04735,-2.03919
37601,1.0431,-1.82846
37602,1.04714,-0.279859
37604,1.07346,1.54171
37605,1.06196,-0.630887
37606,1.05066,-0.925352
37607,1.05062,-0.1329
37608,1.04586,1.6348
37609,1.04784,2.8196
37610,1.057,5.45908
37611,1.05621,5.06846
37612,1.05601,4.5633
37613,1.06454,-0.301675
37614,1.05917,-1.65395
37615,1.06001,-1.20521
37616,1.05901,-1.32316
37617,1.05769,2.29455
37620,1.05641,-0.85952
37621,1.05562,-1.091
37622,1.05659,-1.24987
37623,1.05912,-0.206964
37624,1.05564,-2.53143
37625,1.05777,-1.37395
37626,1.05555,-1.15097
37627,1.06223,-0.42392
37628,1.06574,1.795
37629,1.0618,1.39772
37630,1.06968,1.57173
37632,1.06333,5.4572
37633,1.06715,0.799684
37634,1.06935,0.283271
37635,1.07158,1.22116
37636,1.0736,5.2761
37637,1.08133,9.73941
37639,1.07758,6.51056
37640,1.06593,0.370938
37641,1.06847,1.32868
37642,1.06829,1.34568
37643,1.06026,-0.887125
37644,1.05205,0.690447
37645,1.06835,2.33817
37646,1.06011,1.18063
37647,1.07649,4.25001
37648,1.06792,2.11597
37649,1.07359,7.22857
37650,1.07689,7.55351
37651,1.07507,7.0596
37652,1.07564,7.73355
37653,1.0883,6.40076
37654,1.09299,6.5726
37655,1.08253,6.46469
37656,1.08232,6.90475
37657,1.07486,7.67833
37658,1.06028,4.63125
37659,1.05682,4.602
37661,1.08482,8.08543
37662,1.07765,5.97237
37663,1.08718,6.76157
37664,1.07528,6.30227
37665,1.07806,6.74457
37666,1.0775,6.81257
37667,1.07772,6.84802
37668,1.07534,6.3382
37669,1.07776,6.80713
37670,1.07278,6.21345
37671,1.07323,6.27141
37672,1.0745,6.62189
37673,1.07572,6.75258
37674,1.07676,6.85598
37675,1.07568,7.33198
37676,1.07749,6.90392
37677,1.07033,8.2035
37678,1.07956,9.9696
37680,1.07367,7.83273
37683,1.07748,5.01256
37684,1.07624,5.12194
37685,1.0742,6.83794
37687,1.07469,6.76772
37688,1.05825,-1.12612
37689,1.06046,-0.725072
37690,1.05043,-2.0253
37691,1.05495,4.23057
37692,1.0543,4.35389
37693,1.04667,3.57882
37694,1.04741,4.2218
37695,1.04951,3.96414
37696,1.07824,12.2677
37697,1.08462,8.33397
37698,1.08093,6.61035
37699,1.0833,6.51675
37701,1.06496,2.36439
37702,1.07026,2.07076
37703,1.06128,2.93271
37704,1.06642,1.82222
37705,1.05454,6.3633
37706,1.05426,3.9805
37707,1.05204,3.08947
37708,1.05333,-4.22466
37709,1.0632,-6.17059
37710,1.05994,-3.34524
37711,1.05112,-3.43905
37713,1.04911,-2.88964
37715,1.04396,-4.81024
37716,1.05241,-3.91423
37717,1.05306,-3.20484
37718,1.047,-5.23821
37720,1.03708,-4.63716
37721,1.0364,-5.17809
37722,1.03537,-5.16412
37723,1.03716,-5.20806
37725,1.0841,-3.42769
37727,1.0759,20.8635
37728,1.07465,20.1675
37730,1.07798,17.4964
37731,1.08221,20.8024
37732,1.07671,20.4556
37733,1.07461,20.1355
37734,1.0574,-7.38074
37735,1.04977,-7.06851
37737,1.04265,15.5725
37738,1.0613,13.2426
37739,1.07298,16.3765
37740,1.04867,14.3411
37741,1.05835,14.2102
37742,1.06116,14.1612
37743,1.08032,14.8641
37744,1.07168,18.9477
37745,1.06886,6.4826
37747,1.06782,5.44341
37748,1.08396,3.84386
37749,1.07159,5.51296
37750,1.07336,4.72425
37751,1.07104,5.44604
37752,1.07317,4.76788
37753,1.07287,16.6359
37754,1.06833,16.3934
37755,1.06897,17.6723
37756,1.0651,17.5815
37757,1.06776,17.5523
37758,1.05855,8.13159
37759,1.05057,9.11993
37760,1.07126,16.7694
37761,1.07002,17.9935
37762,1.06996,18.5661
37763,1.067,19.071
37764,1.06158,19.9104
37765,1.05427,21.7831
37766,1.06541,20.109
37767,1.05147,-1.77497
37768,1.05644,-1.91629
37769,1.05588,-2.24574
37771,1.06351,11.0775
37772,1.08524,8.53149
37773,1.08106,8.94361
37774,1.06736,21.9555
37775,1.06255,21.8551
37776,1.06479,20.6799
37777,1.06471,20.6367
37778,1.06705,20.5909
37779,1.07531,10.4688
37780,1.07447,8.34929
37781,1.0648,10.4697
37782,1.06211,10.4137
37783,1.09002,10.0285
37784,1.07797,10.0836
37785,1.08295,9.87595
37786,1.05687,-0.711214
37787,1.05716,-0.775421
37788,1.06262,-2.84494
37789,1.05982,-2.13518
37790,1.05367,-2.13471
37791,1.06135,-2.68928
37792,1.06575,7.48941
37793,1.07382,5.96714
37794,1.06243,3.67978
37795,1.06457,3.04753
37797,1.07005,13.5206
37798,1.07025,12.7351
37800,1.0669,12.362
37801,1.06839,12.6934
37802,1.0682,12.6067
37803,1.06885,12.7552
37806,1.06811,12.439
37807,1.06901,12.7967
37808,1.06887,12.5973
37810,1.07087,12.7568
37812,1.06712,13.5666
37813,1.06871,12.7779
37814,1.07269,12.5451
37815,1.06749,12.7617
37816,1.07261,12.8506
37817,1.07087,12.2145
37819,1.07428,12.6225
37820,1.07469,13.0164
37821,1.07078,12.1742
37822,1.07118,12.1878
37823,1.07561,13.4038
37826,1.06639,12.1435
37827,1.06965,11.5019
37829,1.07255,4.74414
37831,1.07686,3.39323
37833,1.06706,6.11008
37834,1.06688,6.08923
37835,1.06744,6.16569
37836,1.0693,5.83849
37837,1.0676,7.4505
37838,1.07167,5.30316
37839,1.07354,4.34604
37840,1.06735,6.37596
37841,1.07792,3.35033
37842,1.07834,2.9624
37843,1.06691,4.91369
37844,1.08082,2.42562
37846,1.05643,-3.11393
37847,1.05282,-3.89895
37848,1.07601,14.1741
37849,1.07669,13.8424
37850,1.07941,11.1169
37851,1.08614,8.08562
37852,1.08529,8.86807
37853,1.09143,11.1776
37854,1.08782,10.025
37855,1.06846,13.9663
37856,1.06557,10.6268
37857,1.06172,10.5434
37858,1.06452,10.6787
37866,1.08647,-7.58143
37867,1.08875,1.80414
37868,1.08883,1.61237
37869,1.08733,0.649432
37870,1.09034,1.20184
37871,1.09033,-0.209666
37872,1.08984,-0.518161
37874,1.08846,-1.69305
37876,1.09086,-0.967191
37877,1.09484,-1.60828
37878,1.08887,-0.766048
37879,1.09314,-1.56955
37881,1.08805,-1.75701
37882,1.08762,-1.85659
37883,1.08862,-1.76896
37884,1.08787,-1.84903
37885,1.08752,-1.88649
37886,1.08703,-1.99049
37887,1.08669,-2.02245
37888,1.08517,-2.17829
37889,1.08501,-2.19495
37890,1.08947,-1.60739
37891,1.08846,-1.95371
37892,1.09323,-1.70596
37894,1.0912,-2.41756
37895,1.09092,-1.43037
37896,1.08976,-1.81159
37897,1.09156,1.01475
37898,1.09346,0.536147
37899,1.09153,0.27893
37900,1.08954,-1.26485
37901,1.09682,-2.01144
37902,1.08323,-1.18765
37903,1.09246,-2.43251
37906,1.08975,-1.9015
37908,1.08703,0.325347
37910,1.08736,0.878574
37911,1.08988,-1.63672
37914,1.05181,3.0718
37915,1.05153,3.10265
37916,1.05234,3.04134
37917,1.05048,3.12756
37918,1.0512,3.97547
37919,1.04918,4.1502
37920,1.05008,4.00698
37921,1.05124,3.85968
37922,1.05169,3.70646
37923,1.0511,3.0824
37924,1.05117,3.05658
37925,1.05166,3.77744
37926,1.05628,2.73204
37927,1.05241,3.5925
37928,1.05545,2.45596
37929,1.05197,3.02489
37930,1.05216,3.58213
37931,1.0502,3.66591
37932,1.05027,3.76493
37933,1.05331,3.04753
37934,1.0502,3.59798
37936,1.05556,2.4019
37937,1.05429,3.25355
37938,1.05458,2.68937
37939,1.06044,2.11482
37940,1.05529,2.53989
37941,1.0567,2.31048
37942,1.05705,2.06813
37945,1.05565,3.2371
37946,1.05379,3.77558
37947,1.05125,3.19773
37948,1.05042,3.26118
37950,1.05289,2.59335
37951,1.05503,2.136
37952,1.0576,1.85426
37953,1.06482,1.54908
37954,1.07105,1.19028
37955,1.06901,-0.144034
37956,1.05109,-0.0102034
37957,1.05707,1.75025
37958,1.0579,1.81568
37959,1.05845,1.77165
37960,1.05833,1.75796
37962,1.05804,1.5482
37964,1.05733,1.98376
37965,1.05722,1.76796
37966,1.06069,2.04727
37967,1.05757,1.88964
37968,1.0583,1.79877
37969,1.0639,2.1094
37970,1.06155,2.67824
37971,1.04881,-0.721276
37972,1.06073,1.00138
37973,1.04769,-1.4398
37974,1.05286,2.82407
37976,1.05051,9.68729
37977,1.05078,7.56949
37978,1.06001,4.72181
37979,1.06596,4.13208
37981,1.07797,1.49675
37982,1.08412,1.03929
37983,1.07866,1.35821
37985,1.08558,19.1827
37986,1.08135,17.953
37987,1.08,18.7847
37988,1.08202,20.2499
37989,1.0789,17.0057
37990,1.07955,7.84498
37991,1.07406,14.7368
37992,1.07962,3.69333
37993,1.08205,3.41041
37994,1.08436,1.85573
37995,1.09228,1.46294
37996,1.08302,2.84663
37997,1.0929,1.54532
37998,1.09109,2.25361
37999,1.0886,3.25824
38000,1.08146,5.10459
38001,1.08157,5.08903
38002,1.07568,7.44397
38003,1.07757,7.21138
38004,1.07318,13.9014
38005,1.07553,9.32922
38006,1.07616,9.49093
38007,1.07587,10.4716
38009,1.0756,9.58276
38010,1.0752,9.78107
38011,1.07529,10.1781
38012,1.07579,10.3928
38013,1.07537,9.80129
38015,1.07644,10.6049
38016,1.07681,11.1586
38017,1.07593,8.94214
38018,1.06009,8.11309
38019,1.06054,8.33421
38020,1.05788,7.61187
38021,1.06172,8.21634
38022,1.04916,-3.19794
38023,1.04902,-3.77186
38025,1.06268,2.14838
38026,1.06932,0.276828
38027,1.07463,8.67421
38028,1.06018,7.85587
38029,1.0644,7.59954
38030,1.06742,7.0418
38031,1.07468,7.66856
38032,1.07436,7.86183
38033,1.07615,7.42962
38034,1.07108,7.21037
38035,1.07505,7.59774
38036,1.07604,8.04059
38037,1.07198,6.88455
38038,1.06994,7.24824
38039,1.06469,7.64807
38040,1.06576,7.37761
38041,1.08667,17.6067
38042,1.07815,17.0471
38043,1.07169,13.5899
38046,1.07038,12.5949
38047,1.07035,12.56
38048,1.07233,12.9745
38049,1.06976,12.2577
38050,1.0695,14.4604
38051,1.07283,12.7845
38052,1.07284,12.9332
38053,1.06519,3.541
38054,1.06527,5.54665
38055,1.06515,5.53113
38056,1.06603,5.92119
38057,1.06698,6.14291
38058,1.06646,3.58622
38059,1.06683,2.09303
38060,1.07354,0.754415
38061,1.08168,16.0956
38062,1.08175,16.2126
38063,1.08184,16.6396
38064,1.08178,15.9878
38065,1.08181,16.7095
38066,1.08164,15.9898
38067,1.08187,16.0186
38068,1.08336,16.7226
38069,1.08204,16.4034
38070,1.08421,17.0139
38071,1.08744,17.0733
38072,1.08539,20.615
38073,1.0804,15.9678
38074,1.07778,15.1202
38076,1.05849,16.1942
38077,1.08379,17.5507
38078,1.08185,16.619
38079,1.07542,15.8631
38080,1.0623,0.179468
38081,1.06244,-0.631717
38082,1.06201,-2.41363
38083,1.05765,12.6845
38084,1.05994,10.8393
38085,1.06189,9.02454
38086,1.06415,10.1352
38088,1.07727,17.3055
38089,1.07938,17.8428
38090,1.08612,15.5635
38091,1.08385,16.4985
38092,1.07929,15.5836
38093,1.07818,15.7196
38094,1.08382,15.1048
38095,1.08374,15.2244
38096,1.07667,15.195
38097,1.08627,15.2048
38098,1.08755,15.0988
38099,1.08376,15.323
38101,1.08194,15.0273
38102,1.08548,15.1005
38103,1.07374,16.054
38104,1.07239,15.4747
38105,1.07347,15.8803
38106,1.08336,15.1859
38107,1.06759,6.40998
38108,1.06525,7.13931
38109,1.05747,4.77138
38110,1.04977,4.73507
38111,1.04883,4.927
38112,1.04261,4.38048
38113,1.05077,4.71926
38115,1.05888,-1.73262
38116,1.06223,-2.86678
38117,1.05713,-3.04686
38118,1.07647,-5.89766
38119,1.0577,-2.10177
38120,1.06435,-2.97061
38121,1.06506,20.8261
38122,1.06579,20.8715
38123,1.06549,20.7766
38124,1.0632,20.3463
38125,1.06674,21.2721
38126,1.05746,19.4345
38127,1.05826,19.4793
38128,1.06446,20.4884
38129,1.06217,19.9913
38131,1.06688,21.2049
38132,1.06685,20.9112
38133,1.06563,20.4347
38134,1.06179,19.7137
38135,1.06387,3.33758
38136,1.05554,3.31014
38137,1.05292,3.30313
38138,1.0554,3.66606
38139,1.05654,3.2672
38140,1.05595,3.23788
38141,1.06008,3.55178
38142,1.059,3.40657
38143,1.06009,3.54666
38144,1.06355,3.68311
38146,1.05081,3.35555
38148,1.06597,1.64879
38149,1.07028,3.88418
38150,1.06166,4.57891
38151,1.06339,4.91377
38152,1.06187,4.5473
38153,1.06336,4.8903
38154,1.06254,5.6263
38155,1.05681,8.18071
38156,1.06222,-2.80946
38157,1.07329,-3.45523
38158,1.07165,-2.77233
38159,1.07151,-2.57466
38160,1.06895,-0.392481
38161,1.07165,-4.16806
38162,1.06919,17.0604
38163,1.07388,14.4363
38164,1.07193,13.3283
38165,1.07551,14.1377
38166,1.07594,14.1772
38167,1.07259,15.295
38168,1.07838,20.443
38169,1.07603,18.6517
38170,1.08023,19.228
38171,1.07579,19.3718
38172,1.06479,20.5314
38173,1.07049,20.7748
38174,1.07336,22.2347
38175,1.07197,19.6389
38176,1.07595,22.5516
38177,1.05592,12.3134
38178,1.04827,13.6549
38179,1.05587,11.8128
38180,1.06972,15.561
38181,1.06596,13.1384
38182,1.07037,14.7334
38183,1.06937,14.5265
38184,1.06805,13.907
38185,1.06764,12.6807
38186,1.06356,12.3073
38187,1.07387,13.5355
38188,1.07256,11.7522
38189,1.07552,10.7402
38190,1.06228,8.34579
38191,1.06633,9.16613
38192,1.08351,17.4654
38193,1.0789,17.6605
38194,1.07672,17.4832
38195,1.06659,21.7145
38196,1.05077,19.8304
38197,1.05284,21.0888
38198,1.06532,21.7
38199,1.05288,21.0823
38200,1.05345,21.0637
38201,1.06424,21.7152
38203,1.0687,11.5489
38204,1.07585,11.8619
38205,1.07659,12.5698
38206,1.07689,12.9154
38207,1.07521,11.8413
38208,1.07766,13.5174
38209,1.08147,-1.96022
38210,1.08211,-3.67786
38211,1.08056,-3.06957
38212,1.07588,-6.21038
38213,1.07732,-6.80835
38214,1.07846,-7.77626
38215,1.07806,-5.0104
38216,1.07841,-8.16511
38217,1.08497,-8.42657
38218,1.07683,6.76085
38219,1.07731,5.30749
38220,1.07902,4.19021
38221,1.07897,-5.86177
38222,1.07895,-6.61723
38224,1.07305,-6.98672
38225,1.07726,-6.63535
38226,1.07609,-6.59841
38227,1.07767,-6.34359
38229,1.08151,15.1317
38230,1.07817,15.254
38231,1.07528,15.1101
38232,1.07279,17.016
38233,1.07748,15.4391
38234,1.07485,16.2519
38235,1.08269,21.8764
38236,1.08045,19.4022
38237,1.08313,19.6995
38238,1.07678,19.1034
38239,1.07796,17.5787
38240,1.07233,10.5007
38241,1.07542,10.4415
38242,1.08055,10.8316
38244,1.0617,4.24486
38245,1.0605,3.32102
38246,1.05673,2.24774
38247,1.05734,2.47477
38248,1.05997,3.06226
38249,1.05919,3.34104
38250,1.06046,2.85374
38251,1.06027,3.30157
38252,1.0581,2.59964
38254,1.05992,2.75341
38255,1.05775,1.50106
38256,1.05838,2.2671
38257,1.05454,1.7449
38258,1.05621,2.20907
38259,1.05536,2.27248
38260,1.05554,2.09711
38261,1.05553,2.20787
38262,1.06044,3.26334
38263,1.05931,2.90336
38265,1.05444,2.22236
38266,1.05397,1.08641
38267,1.05156,1.54624
38268,1.05245,0.39462
38269,1.0577,2.36859
38270,1.08135,9.43095
38271,1.06322,8.53365
38272,1.06802,6.67446
38273,1.06348,7.27299
38274,1.06745,7.39201
38275,1.06505,7.42413
38276,1.06423,1.87703
38277,1.06512,2.23895
38278,1.05802,2.13471
38279,1.06278,0.874565
38280,1.04991,-0.607188
38281,1.06947,-0.2041
38282,1.0564,3.29739
38283,1.06253,7.90558
38284,1.05559,5.16505
38285,1.06001,8.31273
38286,1.08079,1.07536
38287,1.07898,-0.443304
38288,1.08703,-1.82948
38289,1.07195,5.93873
38290,1.06936,5.70327
38291,1.06471,3.95111
38293,1.06589,3.78862
38294,1.05957,4.00072
38295,1.07454,4.04299
38296,1.07706,10.1268
38297,1.07944,10.3834
38298,1.0777,10.5554
38299,1.07299,8.9598
38300,1.07149,12.2127
38301,1.06595,11.2564
38302,1.06547,11.6555
38303,1.06853,11.0824
38304,1.06753,11.1377
38305,1.07527,17.5164
38306,1.07096,19.6862
38307,1.07188,18.4803
38308,1.07218,18.164
38309,1.07911,21.5148
38310,1.07801,21.9611
38311,1.08417,22.3256
38312,1.08477,23.1304
38313,1.06922,10.8228
38316,1.07624,16.9557
38317,1.07658,17.3112
38318,1.07504,16.6033
38320,1.07327,16.1222
38321,1.0777,16.0045
38322,1.07696,-4.78508
38323,1.07506,-5.80664
38324,1.07701,-5.07632
38325,1.0633,-1.01754
38326,1.05065,-1.9625
38327,1.04982,-1.95574
38328,1.05012,-1.66058
38329,1.04858,-2.01445
38330,1.05128,-1.68315
38331,1.04963,-1.91515
38332,1.04586,-1.03693
38333,1.05672,-1.60951
38334,1.0543,-1.68374
38335,1.04899,-1.96593
38336,1.04273,-1.26667
38337,1.07426,4.08228
38338,1.1,3.37481
38339,1.0703,4.37735
38340,1.07755,4.00981
38341,1.0727,4.41471
38342,1.07276,3.84416
38343,1.07372,4.70762
38344,1.07148,3.79419
38345,1.07411,3.96435
38346,1.07533,4.04319
38348,1.07542,4.03432
38349,1.07679,3.96754
38350,1.07569,4.02339
38351,1.08165,6.55265
38352,1.07442,4.01294
38353,1.07408,4.17115
38354,1.07086,3.95266
38355,1.07138,3.68129
38356,1.08158,13.0536
38357,1.08154,11.2697
38358,1.08024,9.18843
38359,1.08297,10.9781
38360,1.0599,20.6575
38361,1.06384,19.4967
38362,1.05935,20.6669
38363,1.05319,-4.79617
38364,1.0532,-4.87505
38365,1.06799,19.0031
38367,1.06106,21.3714
38368,1.06784,18.554
38369,1.06769,16.8314
38370,1.07774,16.5944
38371,1.07439,12.8758
38373,1.07192,4.1014
38374,1.06703,1.83885
38375,1.06943,1.92789
38376,1.06237,0.985858
38377,1.06883,1.84495
38379,1.06403,11.6175
38380,1.06738,10.9481
38381,1.06841,10.7733
38382,1.06266,10.9388
38383,1.06133,11.0992
38384,1.05941,11.2502
38385,1.06392,11.61
38386,1.06312,10.581
38387,1.0631,8.89733
38389,1.06952,9.31499
38390,1.06034,10.8962
38391,1.06412,10.65
38392,1.06629,9.62263
38393,1.07369,9.84241
38394,1.06576,10.8982
38395,1.0609,12.6764
38396,1.06201,11.8743
38397,1.08225,7.0128
38398,1.0907,5.52096
38399,1.08188,7.84301
38400,1.08194,8.22026
38401,1.07358,7.3713
38402,1.07382,7.70097
38403,1.07553,9.11391
38404,1.07513,8.87091
38405,1.07685,8.79944
38406,1.06408,12.2586
38408,1.06604,13.1591
38409,1.06559,13.0576
38410,1.06999,13.6512
38411,1.0743,12.312
38412,1.07319,11.9347
38413,1.0701,11.2675
38414,1.06282,9.66143
38415,1.06373,9.57429
38416,1.05764,8.93142
38418,1.06013,8.99304
38419,1.05943,9.45817
38420,1.05889,9.44643
38421,1.06014,9.45864
38422,1.0584,9.15294
38423,1.05951,9.16465
38424,1.05703,9.20066
38426,1.05965,9.91212
38427,1.06029,9.96519
38428,1.0612,11.0882
38429,1.05583,8.38118
38430,1.05321,8.26228
38431,1.05498,9.31257
38432,1.05809,9.80421
38434,1.06029,10.4361
38435,1.06152,10.3966
38436,1.06265,10.75
38437,1.06345,10.5624
38438,1.06323,9.9739
38439,1.0623,11.0857
38440,1.06312,9.54623
38443,1.07046,15.8878
38444,1.07044,15.8743
38445,1.06893,15.1801
38447,1.06816,15.0069
38448,1.06518,18.1679
38449,1.06915,15.3564
38450,1.06892,15.3126
38451,1.07088,15.9401
38453,1.06957,13.9931
38454,1.07032,14.2011
38455,1.07003,15.2675
38456,1.07003,15.3748
38457,1.07083,15.7135
38458,1.06597,15.1822
38459,1.06705,14.6078
38461,1.05439,6.51245
38462,1.05461,4.70454
38463,1.07891,4.92001
38464,1.05884,8.98327
38465,1.05362,7.02968
38466,1.05602,7.06519
38467,1.05492,6.82028
38468,1.05263,5.13733
38469,1.05374,6.34749
38470,1.05463,6.57823
38471,1.0588,7.59649
38472,1.06889,6.89889
38473,1.07479,7.45113
38474,1.07607,7.58854
38475,1.06792,12.0453
38476,1.07217,10.5917
38477,1.07553,11.2214
38478,1.0728,11.5811
38479,1.07813,10.3445
38480,1.07157,10.4944
38481,1.06508,12.0614
38482,1.08122,11.03
38483,1.044,1.22134
38484,1.04193,1.01982
38485,1.04148,1.05977
38486,1.03287,1.99126
38487,1.0317,2.19501
38490,1.03622,0.206048
38491,1.04451,0.827481
38492,1.04673,1.04225
38493,1.0459,1.75728
38494,1.04585,1.32557
38495,1.04422,5.46676
38500,1.07625,7.37421
38501,1.0746,6.48835
38502,1.0767,7.83582
38503,1.07315,6.83022
38504,1.07625,7.49745
38505,1.07556,7.32988
38506,1.07664,7.90572
38507,1.07687,7.48775
38508,1.0723,9.81324
38509,1.06256,13.4456
38510,1.06864,12.615
38511,1.06666,12.5129
38512,1.04589,1.63009
38513,1.0502,1.6074
38514,1.04931,1.97609
38515,1.05244,2.91313
38516,1.0512,3.65664
38517,1.05107,3.5704
38518,1.04678,2.61134
38519,1.04441,2.01456
38520,1.04354,2.49643
38522,1.05568,4.57516
38523,1.0503,4.24421
38524,1.05218,3.85329
38527,1.04993,7.18135
38529,1.04971,4.95835
38532,1.08137,8.11519
38533,1.07778,7.65504
38534,1.08171,7.71966
38535,1.07981,8.85418
38536,1.08526,8.56291
38537,1.08871,8.94235
38538,1.08516,10.5621
38539,1.08649,9.5791
38540,1.08867,9.87621
38541,1.07562,10.2056
38542,1.08543,10.2863
38543,1.07429,10.4994
38544,1.06522,9.53218
38545,1.0646,9.30404
38546,1.06601,8.8627
38547,1.06475,8.9572
38548,1.06659,10.2716
38549,1.07083,10.4095
38550,1.07008,10.5317
38551,1.07073,9.92158
38552,1.06875,8.41775
38553,1.07269,8.7895
38554,1.06984,12.352
38555,1.06361,9.83915
38556,1.06502,9.77453
38557,1.07137,9.31539
38558,1.0666,9.84815
38559,1.06393,10.1338
38560,1.07428,10.4635
38561,1.07441,10.5381
38562,1.07189,11.4097
38563,1.07611,5.85317
38564,1.07517,6.00392
38565,1.07535,5.92104
38567,1.0801,5.39277
38568,1.0807,5.3949
38570,1.07662,7.25159
38571,1.07881,6.26424
38572,1.07923,6.27336
38573,1.08037,5.66185
38574,1.08384,5.64317
38575,1.07391,4.61669
38576,1.0744,4.67931
38577,1.08012,4.88736
38578,1.08245,5.61526
38579,1.08179,5.58323
38580,1.0783,5.34427
38581,1.07768,5.23058
38583,1.0789,5.70843
38584,1.07888,5.762
38585,1.07903,5.82548
38587,1.07705,5.07992
38588,1.077,5.03963
38589,1.07888,5.25928
38590,1.07755,5.09367
38591,1.07616,4.91271
38592,1.07724,5.5758
38593,1.07967,5.87861
38596,1.07987,5.9015
38599,1.07652,7.57686
38600,1.07641,7.64961
38601,1.07899,6.56709
38602,1.07236,8.97678
38603,1.07745,9.66772
38605,1.07881,6.64115
38606,1.07803,6.60951
38607,1.0794,6.43705
38608,1.07844,6.81612
38609,1.07915,6.11561
38610,1.07881,6.09261
38611,1.07766,6.77666
38612,1.07941,6.21651
38613,1.07817,5.74173
38614,1.07855,6.06599
38615,1.07842,5.68042
38616,1.07816,5.77925
38617,1.07886,6.06891
38618,1.07804,5.53777
38619,1.08304,6.33707
38620,1.07735,5.60514
38621,1.07589,4.81712
38622,1.07232,4.58739
38623,1.0742,4.72619
38624,1.06918,4.77888
38625,1.07114,4.72541
38626,1.08028,5.99709
38627,1.07509,5.49915
38628,1.06907,5.05673
38630,1.08391,6.56986
38631,1.07949,7.6313
38633,1.08064,7.57477
38635,1.07557,5.62513
38636,1.07413,5.41039
38637,1.07561,5.59486
38638,1.06963,4.92344
38639,1.06895,4.91647
38640,1.07264,5.4197
38641,1.0769,5.68241
38642,1.07661,5.78341
38643,1.07891,6.06037
38644,1.07893,6.07111
38645,1.07927,6.11469
38646,1.07961,6.13253
38647,1.07204,5.08715
38648,1.08155,5.83625
38649,1.07808,6.22825
38650,1.08147,6.31176
38651,1.07909,5.78017
38652,1.0745,8.64615
38653,1.07769,5.52804
38654,1.07977,6.10195
38655,1.08026,6.06723
38656,1.07708,5.51565
38657,1.07896,6.15422
38658,1.07912,6.07213
38659,1.07942,6.11327
38660,1.07855,6.76061
38661,1.07919,5.57258
38662,1.07836,5.53804
38663,1.08069,5.97016
38664,1.08021,5.97537
38665,1.07999,6.04386
38666,1.07978,5.54944
38667,1.0788,6.12806
38668,1.08194,5.5747
38669,1.08259,6.89724
38670,1.08189,5.92467
38671,1.07643,5.44741
38672,1.08094,5.92835
38673,1.07562,5.40585
38675,1.07861,6.11184
38676,1.07707,5.84651
38678,1.07833,6.95934
38679,1.07828,6.96815
38680,1.07702,6.47982
38681,1.07773,5.96644
38682,1.07618,10.3166
38683,1.07203,9.30094
38684,1.0766,6.79646
38685,1.07617,10.1302
38686,1.07608,8.44218
38687,1.07584,8.47077
38688,1.07705,7.97716
38689,1.07843,7.94889
38690,1.07665,6.36646
38691,1.07726,6.72867
38694,1.07775,5.10469
38695,1.07717,4.98906
38696,1.0772,4.94862
38697,1.07942,5.36523
38699,1.07943,5.361
38701,1.07852,5.51681
38702,1.07898,7.69374
38704,1.07954,5.618
38705,1.07963,5.22461
38706,1.08624,5.78248
38707,1.07746,5.49011
38708,1.07681,5.4969
38709,1.0777,5.36165
38710,1.07648,5.53566
38711,1.07676,5.34035
38712,1.07367,5.38524
38714,1.08544,5.74566
38715,1.0759,5.4277
38716,1.07592,5.47058
38717,1.08044,5.95796
38718,1.0801,6.18149
38719,1.07876,6.09095
38720,1.07367,8.75181
38721,1.07734,9.90897
38722,1.07772,10.067
38723,1.08203,5.94127
38724,1.06293,12.8158
38725,1.0622,12.6791
38727,1.06251,13.9153
38728,1.06256,7.25024
38729,1.05971,8.76814
38730,1.06637,7.57254
38731,1.0684,7.30263
38732,1.07271,8.17612
38733,1.07457,7.61812
38734,1.0703,10.2357
38735,1.07112,9.40619
38736,1.07612,8.98703
38737,1.06648,11.6582
38738,1.07177,9.55541
38739,1.07292,9.45472
38740,1.06845,11.2786
38741,1.06808,10.2138
38742,1.06338,8.12167
38743,1.07019,8.57239
38744,1.06664,8.38728
38745,1.09052,11.516
38746,1.06565,8.485
38747,1.06631,8.77749
38749,1.06638,8.22564
38750,1.06409,10.9219
38751,1.06656,11.0548
38752,1.063,10.688
38753,1.05627,10.104
38754,1.05828,10.3375
38755,1.05747,10.3821
38758,1.05704,10.1014
38759,1.05891,10.2303
38761,1.05844,6.33385
38762,1.05445,5.9864
38763,1.05786,6.71953
38764,1.06699,8.83488
38765,1.08265,11.4139
38766,1.08388,11.0253
38767,1.08829,10.789
38768,1.07114,13.3219
38769,1.07531,10.7828
38770,1.07408,13.3495
38771,1.07369,13.3499
38772,1.07879,14.1947
38773,1.07207,13.5149
38774,1.07167,9.12091
38775,1.07065,9.16817
38776,1.08433,10.4632
38777,1.07956,10.233
38778,1.07934,10.1054
38780,1.06845,9.02017
38781,1.06807,8.97564
38782,1.06524,9.21774
38783,1.06931,9.58686
38784,1.07861,10.6854
38785,1.07004,8.83458
38786,1.08958,10.1712
38787,1.07633,9.79948
38789,1.08966,12.4279
38790,1.08581,12.4663
38791,1.07868,12.4471
38792,1.07732,12.8108
38793,1.07991,14.7185
38794,1.08004,17.5086
38797,1.05058,6.03482
38798,1.0486,5.64943
38799,1.04799,3.91484
38800,1.04809,4.50032
38801,1.04137,7.30981
38803,1.04933,5.43498
38804,1.04548,4.88216
38805,1.03917,4.28896
38808,1.03625,4.51473
38809,1.03867,4.55507
38813,1.02797,4.77014
38814,1.03534,5.61011
38815,1.03639,4.88244
38816,1.06272,11.5889
38817,1.07932,12.1569
38818,1.06143,12.1483
38819,1.07781,12.6521
38820,1.06349,5.14633
38821,1.05945,5.32265
38822,1.05909,5.36294
38823,1.05323,4.58469
38825,1.05203,3.97095
38826,1.04889,8.04657
38827,1.04329,4.79163
38828,1.05311,5.80067
38829,1.03792,5.24094
38830,1.05095,6.53151
38831,1.05031,6.06993
38832,1.07907,17.4192
38833,1.08183,16.9441
38834,1.07977,17.7383
38835,1.07609,17.9396
38837,1.07873,17.34
38838,1.0765,16.5871
38839,1.07764,17.5163
38840,1.07748,17.9434
38841,1.07645,16.5346
38842,1.07285,18.326
38843,1.07903,16.579
38844,1.08554,17.5336
38845,1.07705,16.2903
38846,1.07657,16.3185
38847,1.07742,17.4853
38848,1.07707,16.3708
38849,1.07817,16.4401
38850,1.07689,16.2896
38851,1.08521,16.7659
38852,1.08384,16.3632
38853,1.08097,17.2995
38854,1.07811,16.0511
38855,1.07094,15.6995
38856,1.07,15.4467
38857,1.06968,15.3133
38858,1.07723,15.1999
38859,1.08174,14.4463
38860,1.07369,16.1541
38861,1.07206,16.8147
38862,1.07205,15.894
38863,1.07418,15.9191
38864,1.07187,15.5132
38865,1.07611,17.1469
38866,1.07382,16.1653
38867,1.07456,16.2019
38868,1.07599,17.7423
38869,1.07609,16.2805
38870,1.07739,16.4205
38871,1.07302,16.7437
38872,1.07569,17.8611
38873,1.08167,17.2271
38874,1.08019,16.2687
38875,1.07542,18.0034
38876,1.07984,16.5211
38877,1.08012,16.681
38878,1.069,18.7459
38879,1.08905,17.6973
38880,1.08124,17.3353
38882,1.07201,16.8624
38883,1.08034,16.6412
38884,1.06742,15.3753
38885,1.07389,15.7259
38886,1.0701,15.4299
38887,1.08298,17.0552
38888,1.07501,15.8377
38889,1.08336,17.1004
38890,1.07722,16.0469
38894,1.08388,17.4376
38895,1.08317,17.682
38896,1.07523,16.0431
38897,1.07698,16.0833
38898,1.06793,19.0348
38899,1.09185,16.0146
38900,1.07634,18.2396
38901,1.07905,16.0958
38902,1.07163,15.9183
38903,1.07645,16.1619
38904,1.07631,16.2519
38905,1.07616,16.2168
38906,1.0766,16.4158
38907,1.07675,16.5978
38908,1.08015,18.6102
38909,1.08398,16.1414
38910,1.08214,17.6525
38911,1.07702,18.2069
38912,1.07965,17.474
38913,1.07779,16.1703
38914,1.03377,2.94473
38916,1.05964,12.3984
38918,1.05733,12.6484
38919,1.05716,13.4258
38920,1.07621,16.8016
38922,1.06514,16.358
38923,1.06078,16.4656
38924,1.06449,16.873
38925,1.07345,18.212
38926,1.07999,16.4528
38927,1.0726,19.3547
38928,1.04143,3.36599
38929,1.03002,3.85185
38930,1.02693,6.91421
38931,1.027,6.19718
38932,1.03037,3.29272
38934,1.04572,2.25345
38935,1.04758,2.21092
38936,1.04645,1.74411
38937,1.04727,2.36934
38938,1.03683,3.06039
38939,1.02785,6.14293
38940,1.02749,6.63712
38943,1.07042,13.5533
38944,1.06961,13.516
38945,1.06775,12.622
38946,1.06582,11.7349
38947,1.06281,12.1595
38948,1.06611,11.5442
38949,1.06357,12.3838
38950,1.06669,12.6967
38951,1.06791,12.6135
38953,1.0681,10.5804
38954,1.0716,9.93008
38955,1.07199,10.9249
38956,1.06481,10.0282
38957,1.06322,9.9199
38958,1.06361,9.99827
38959,1.07622,11.7885
38961,1.07266,11.2264
38962,1.08126,6.51968
38963,1.07073,9.16796
38964,1.08063,7.51153
38965,1.08148,7.48797
38967,1.0779,8.53539
38968,1.05355,13.5388
38969,1.05443,13.3697
38970,1.05951,12.8944
38971,1.0681,12.7233
38972,1.07271,12.8225
38973,1.06371,13.4716
38974,1.06685,11.7854
38975,1.0736,13.1369
38976,1.062,6.46017
38977,1.06286,6.80321
38978,1.06396,6.80383
38979,1.0622,6.53704
38980,1.04114,5.23039
38981,1.04497,5.79575
38982,1.05348,7.81354
38983,1.05509,7.66526
38984,1.05721,7.63418
38985,1.0482,6.364
38986,1.0454,6.0865
38987,1.05546,8.20642
38988,1.05091,7.29489
38989,1.0461,3.80771
38990,1.04557,3.69516
38992,1.05366,3.38767
38993,1.05269,4.59508
38994,1.05957,8.47145
38995,1.06366,8.90224
38996,1.06045,8.57375
38997,1.06325,9.09742
38998,1.06014,8.70533
38999,1.05958,8.44532
39000,1.06005,8.67008
39001,1.05818,8.29581
39002,1.05815,8.22279
39003,1.05841,8.18874
39004,1.06003,8.80428
39007,1.06434,8.8625
39008,1.05983,8.4115
39009,1.06434,9.23342
39010,1.06382,9.20221
39011,1.06173,10.0082
39012,1.06034,8.69813
39013,1.05808,7.99534
39014,1.05864,7.9708
39017,1.06606,8.74578
39018,1.06278,9.21822
39019,1.06276,9.43445
39020,1.05947,10.758
39021,1.06071,11.2001
39022,1.05985,9.15914
39023,1.05953,8.85819
39024,1.0614,8.86724
39025,1.0608,8.75572
39026,1.05999,8.05633
39027,1.05914,8.01536
39028,1.06365,9.57378
39030,1.06416,9.5805
39031,1.05982,9.53851
39032,1.06324,11.3477
39033,1.06311,11.5339
39034,1.06072,9.76154
39035,1.06465,11.2323
39036,1.06526,11.1407
39037,1.05949,10.6006
39038,1.06151,10.9424
39039,1.05996,9.84114
39040,1.05962,9.63568
39041,1.0596,9.53742
39042,1.05977,9.2598
39043,1.06101,9.63803
39045,1.06156,8.15789
39046,1.06043,7.97274
39048,1.06866,8.24075
39049,1.06268,8.43429
39050,1.05532,7.56727
39051,1.05839,10.9668
39052,1.0571,7.69983
39053,1.05898,8.09775
39054,1.05763,8.06244
39055,1.05783,8.39275
39056,1.06367,8.75292
39057,1.06096,8.78632
39058,1.05874,9.23163
39059,1.0661,10.9859
39060,1.05864,10.3045
39061,1.06112,10.1869
39062,1.06063,10.1965
39063,1.06032,10.1509
39064,1.06011,10.1029
39065,1.06018,10.0774
39066,1.06036,9.82399
39067,1.06577,10.7248
39068,1.06436,10.7184
39069,1.06424,10.8229
39070,1.06349,11.0566
39071,1.05836,11.5091
39072,1.06365,11.3019
39073,1.06307,11.1957
39074,1.06431,11.0315
39075,1.06129,10.9687
39076,1.06425,10.945
39077,1.06316,11.0631
39078,1.06265,11.2042
39079,1.06168,11.7745
39080,1.06178,11.9796
39081,1.06232,11.5429
39082,1.06279,11.5126
39083,1.06154,12.0443
39084,1.05823,11.0765
39085,1.06302,9.9482
39086,1.06464,9.43474
39087,1.06411,8.04091
39088,1.06804,8.33767
39089,1.06663,8.21467
39090,1.06524,9.85827
39091,1.06396,8.3625
39092,1.07029,8.58258
39095,1.06644,8.20221
39096,1.06149,7.17655
39097,1.06029,7.20942
39098,1.05705,6.8919
39099,1.05552,6.7359
39100,1.05918,8.4402
39101,1.06055,8.86013
39102,1.05935,8.43157
39103,1.05917,10.4848
39104,1.06017,8.66419
39105,1.06264,9.3155
39106,1.06423,7.47653
39107,1.06452,7.7063
39108,1.06248,10.5325
39109,1.07776,10.8407
39110,1.07668,11.1559
39113,1.07474,11.9027
39114,1.07631,11.7836
39115,1.07456,11.8
39116,1.06674,11.2815
39117,1.08965,11.9947
39118,1.08666,15.6166
39119,1.09473,13.446
39120,1.08641,17.457
39122,1.0975,13.839
39123,1.09299,16.2824
39124,1.07648,22.4829
39125,1.08018,24.2663
39126,1.07528,23.081
39127,1.07633,23.029
39128,1.08628,10.5922
39129,1.08232,10.499
39130,1.07701,11.4916
39131,1.0807,12.4748
39132,1.08132,13.4099
39133,1.07917,13.9911
39134,1.07713,13.7739
39135,1.07707,13.9952
39136,1.07543,13.4833
39137,1.07713,14.0108
39138,1.08045,14.8996
39139,1.05623,12.6461
39140,1.06412,11.5614
39141,1.06314,11.5105
39142,1.06447,11.4984
39143,1.0632,11.6049
39144,1.06365,11.8925
39145,1.06457,12.0205
39146,1.06509,12.2366
39147,1.06587,12.0754
39148,1.06092,12.5549
39149,1.06275,14.7903
39150,1.06565,13.7625
39151,1.06692,13.4002
39152,1.06277,12.49
39153,1.06726,13.0875
39154,1.06869,13.1423
39155,1.06451,12.4993
39156,1.074,13.0232
39157,1.06573,12.3182
39158,1.06492,13.0783
39159,1.0578,16.1502
39160,1.06956,13.7436
39161,1.0741,14.6757
39162,1.06098,17.3818
39163,1.08519,16.8842
39164,1.07844,16.1805
39165,1.08096,19.8555
39166,1.05327,4.19762
39167,1.05777,3.75945
39168,1.05552,4.37505
39169,1.0648,4.97056
39170,1.07169,11.3447
39171,1.07683,11.642
39172,1.07756,11.8004
39173,1.07257,11.562
39174,1.07252,11.6763
39175,1.07304,11.6396
39176,1.0777,12.0082
39177,1.07709,13.1422
39178,1.07511,12.5695
39179,1.07356,11.9641
39180,1.07241,11.8398
39181,1.07284,12.4995
39182,1.076,13.1739
39183,1.08023,13.9518
39184,1.07143,10.8848
39186,1.07161,11.1867
39187,1.07183,11.1873
39188,1.07108,11.2031
39189,1.07103,10.9591
39191,1.07688,10.9556
39192,1.06844,10.7708
39193,1.06911,10.8226
39194,1.07405,12.9247
39195,1.06623,12.227
39197,1.08482,17.7093
39198,1.07621,14.0774
39199,1.07969,18.6276
39200,1.07631,13.6338
39201,1.07876,18.237
39202,1.06622,16.076
39203,1.08901,5.75712
39204,1.08436,7.54551
39205,1.08776,7.67735
39206,1.0862,7.39399
39207,1.08616,7.42225
39208,1.08449,12.5162
39209,1.07983,6.16382
39210,1.08362,6.81933
39211,1.08435,6.60951
39212,1.08351,7.06685
39214,1.08221,7.68549
39215,1.083,8.08639
39216,1.07775,9.94947
39217,1.08183,8.24105
39218,1.08293,8.93242
39219,1.08146,8.42937
39220,1.07824,8.34882
39221,1.09112,10.5571
39222,1.0761,10.685
39223,1.08379,10.5956
39225,1.08028,10.0373
39226,1.06758,13.7008
39227,1.06838,14.58
39228,1.06876,14.9858
39229,1.0653,12.1503
39230,1.06573,12.7812
39231,1.06656,12.8969
39232,1.06516,12.7212
39233,1.06434,12.4997
39234,1.05649,11.476
39235,1.06686,13.1921
39236,1.07323,8.75095
39240,1.07276,8.25762
39242,1.07246,8.13324
39244,1.06893,11.2377
39245,1.07443,8.92484
39246,1.07341,8.45432
39247,1.07538,8.50827
39248,1.07317,8.34426
39249,1.0766,8.81768
39251,1.07338,8.33188
39252,1.07319,8.18314
39253,1.07463,9.22424
39254,1.08087,8.07582
39256,1.07721,8.43594
39257,1.07389,8.3882
39258,1.0774,8.27223
39259,1.06455,12.5406
39261,1.07404,9.0191
39262,1.0778,7.13158
39263,1.07563,7.51005
39266,1.07336,8.10405
39267,1.07563,7.02158
39268,1.07231,8.56635
39269,1.07174,8.47224
39270,1.07486,8.02075
39271,1.07558,8.01209
39272,1.07922,7.70731
39273,1.07697,7.30946
39274,1.07025,8.76207
39275,1.08076,10.6245
39276,1.08,10.3833
39277,1.05893,8.00277
39278,1.05939,9.61376
39279,1.06234,12.38
39280,1.06362,12.1694
39281,1.05872,11.4192
39282,1.07635,9.37779
39283,1.08595,9.13927
39286,1.07374,8.77654
39287,1.08957,10.536
39288,1.08691,9.30544
39289,1.09089,10.1232
39290,1.08607,10.2817
39291,1.08002,9.93651
39292,1.06027,6.34144
39293,1.06246,6.26696
39294,1.06192,6.22603
39295,1.06567,6.44279
39296,1.06134,6.28099
39297,1.06271,6.52423
39298,1.06266,7.17494
39299,1.06142,11.7537
39300,1.05794,12.8119
39301,1.0506,5.15666
39302,1.08106,15.2611
39304,1.06366,12.6731
39305,1.06703,13.9455
39306,1.07123,13.7101
39307,1.07926,7.34332
39308,1.0672,7.62391
39310,1.07053,7.69655
39312,1.06772,8.28868
39313,1.0682,8.3347
39314,1.07003,9.28273
39315,1.0697,8.01379
39316,1.07116,7.72329
39318,1.06622,7.7121
39319,1.06418,7.62314
39320,1.07663,11.448
39322,1.06886,13.2565
39323,1.06832,13.9408
39324,1.06814,13.2415
39325,1.07679,12.8619
39326,1.06469,16.1449
39327,1.06605,13.3734
39328,1.06573,12.022
39329,1.06645,12.893
39330,1.0636,12.7501
39331,1.06254,13.1615
39332,1.06614,13.3142
39333,1.0667,13.3968
39334,1.06795,13.489
39335,1.06648,13.2535
39336,1.0675,12.8854
39337,1.06745,12.3597
39338,1.06435,12.3943
39339,1.06984,5.43862
39340,1.08049,8.0369
39341,1.07178,5.66715
39342,1.07412,6.3221
39343,1.07685,7.09684
39344,1.07676,7.03134
39345,1.0741,5.92553
39346,1.08423,6.27512
39348,1.08187,5.89223
39349,1.07745,5.82425
39350,1.07939,6.50527
39351,1.07479,5.89323
39352,1.07859,6.65048
39353,1.07537,5.57025
39354,1.07504,5.47069
39355,1.0761,5.56574
39356,1.0792,6.03516
39357,1.0796,6.04488
39358,1.08217,6.3899
39359,1.07624,8.89599
39360,1.08156,6.55716
39361,1.08196,6.54658
39362,1.08002,6.09159
39363,1.08382,6.88071
39364,1.08424,7.04615
39365,1.07676,8.8301
39366,1.07743,5.853
39369,1.07629,6.42473
39370,1.08412,6.22154
39371,1.0827,6.49202
39372,1.07789,5.97079
39373,1.07991,6.27889
39374,1.08238,6.82253
39375,1.0813,6.72487
39376,1.07777,6.08638
39377,1.07761,6.04583
39378,1.07914,6.33455
39379,1.08211,6.48775
39380,1.08249,6.51508
39381,1.083,6.56749
39383,1.07613,5.68719
39386,1.08439,6.49452
39387,1.08041,6.05211
39388,1.0778,5.95277
39389,1.08228,6.55706
39391,1.08375,6.50355
39392,1.08102,6.04537
39393,1.08175,6.12754
39394,1.08314,6.51852
39395,1.08293,6.5992
39396,1.07861,11.6728
39397,1.08667,6.59898
39398,1.08208,6.18345
39399,1.08585,6.55497
39400,1.07994,7.12958
39401,1.07523,8.97231
39402,1.08209,4.76051
39403,1.06786,6.78398
39404,1.06326,7.38688
39405,1.0592,8.16727
39406,1.05929,7.58024
39407,1.0663,13.3303
39408,1.06334,12.3954
39409,1.0693,14.0782
39410,1.05428,7.54239
39411,1.05321,7.71582
39412,1.06135,8.62217
39413,1.05588,7.99168
39415,1.05147,8.41869
39416,1.04966,8.15219
39417,1.04943,7.65473
39418,1.05424,7.9837
39420,1.04896,8.08349
39421,1.04698,7.54238
39422,1.05349,8.94828
39423,1.04947,7.93977
39424,1.04563,7.43273
39428,1.07788,11.9493
39429,1.07861,11.9398
39430,1.07156,11.1814
39431,1.07096,11.1219
39432,1.07133,11.2331
39433,1.07866,11.7423
39434,1.07679,11.7998
39435,1.07105,11.4697
39436,1.07662,11.1462
39438,1.07631,11.2867
39439,1.07757,12.6207
39440,1.07064,11.5634
39441,1.07042,11.6107
39442,1.07762,11.8833
39443,1.07363,11.6093
39444,1.07377,11.5684
39445,1.07779,12.0157
39446,1.0727,11.8699
39447,1.07286,11.8405
39450,1.07052,11.6334
39451,1.07258,12.1188
39452,1.07275,12.1546
39453,1.07306,12.2283
39454,1.07061,11.7123
39456,1.07084,11.7621
39457,1.07272,11.9667
39458,1.0713,11.823
39459,1.07571,12.3397
39460,1.07276,11.9332
39461,1.07322,12.0696
39462,1.07529,12.6329
39463,1.07549,12.836
39464,1.07559,12.448
39465,1.07557,12.3777
39466,1.07568,12.7568
39467,1.07457,14.653
39468,1.07589,12.8092
39469,1.07517,12.9992
39470,1.0755,12.7731
39471,1.07536,12.704
39473,1.07488,12.5035
39474,1.0742,12.4251
39475,1.07354,12.3256
39476,1.07184,11.9278
39477,1.0715,11.8966
39478,1.07132,11.8128
39479,1.07061,11.7269
39481,1.07025,11.6797
39482,1.07008,11.5904
39483,1.07047,11.6861
39485,1.07666,12.4575
39487,1.07583,12.5676
39488,1.075,12.4665
39489,1.07549,12.5041
39490,1.07671,12.616
39491,1.07032,11.6036
39492,1.07001,11.5736
39493,1.0704,11.684
39494,1.0701,11.6049
39495,1.0701,11.5826
39496,1.07136,11.679
39497,1.07163,11.6512
39498,1.07351,11.3893
39499,1.07554,11.7144
39500,1.07289,11.2253
39501,1.07531,11.7044
39502,1.07172,11.7445
39503,1.07012,11.5857
39505,1.06996,11.6083
39506,1.0714,11.7306
39507,1.07478,11.8217
39508,1.07172,11.6398
39509,1.07387,11.2189
39511,1.07168,10.7136
39512,1.07049,10.8104
39513,1.0704,10.9071
39514,1.07221,10.7005
39515,1.07402,10.7624
39516,1.07298,10.7388
39517,1.07351,11.8803
39518,1.07062,11.4335
39519,1.07125,11.5443
39521,1.07591,11.8322
39522,1.07551,11.34
39523,1.07384,11.4177
39524,1.07613,11.26
39525,1.07108,11.6696
39526,1.07364,12.0909
39527,1.07745,12.6371
39528,1.07358,11.6578
39529,1.0771,12.1295
39530,1.07511,12.6656
39531,1.07473,12.5374
39532,1.07541,12.5792
39533,1.06958,13.2153
39534,1.07391,11.8266
39537,1.06914,11.0709
39538,1.08084,11.8593
39539,1.07005,11.0196
39540,1.07083,11.1264
39541,1.06765,10.797
39543,1.07642,10.8843
39544,1.07538,10.8074
39545,1.07591,11.4366
39546,1.0755,10.8785
39547,1.07547,11.8106
39548,1.07248,11.2371
39549,1.07185,11.2343
39550,1.07207,11.2078
39551,1.07415,12.2932
39552,1.07148,11.4501
39554,1.06902,13.3664
39555,1.07742,12.6954
39556,1.07248,11.671
39557,1.07145,11.5974
39558,1.06909,11.2166
39559,1.07629,12.2575
39560,1.07605,12.0608
39561,1.07133,11.493
39562,1.07234,11.6234
39563,1.06542,10.8786
39564,1.0684,11.1557
39565,1.07209,14.1629
39566,1.07097,12.4357
39567,1.07016,13.3744
39568,1.07313,14.0438
39569,1.07233,12.1159
39570,1.06735,11.1622
39571,1.07193,11.8317
39572,1.07204,12.0355
39573,1.07258,13.4912
39574,1.0725,13.3986
39575,1.0724,11.9371
39576,1.07249,13.3786
39577,1.07195,12.0097
39578,1.07377,12.5102
39579,1.07327,12.4024
39580,1.07072,11.6898
39581,1.07381,11.4941
39582,1.06945,11.4344
39583,1.06902,11.2437
39584,1.07388,11.4693
39585,1.07021,11.9818
39587,1.07398,12.3734
39588,1.07202,13.2995
39590,1.07304,12.6796
39591,1.07713,11.6804
39592,1.0755,11.2081
39593,1.07509,11.1933
39594,1.07128,11.223
39595,1.07179,11.1121
39596,1.07108,11.4765
39597,1.07455,11.4445
39598,1.06899,11.1311
39599,1.07215,11.7392
39600,1.07156,11.5846
39601,1.0785,11.5692
39602,1.07059,11.146
39603,1.06678,10.968
39604,1.06654,10.9574
39605,1.07076,11.2641
39606,1.06972,11.2037
39607,1.062,10.3524
39608,1.06147,10.3411
39609,1.06272,10.5159
39610,1.07753,11.7149
39611,1.07595,11.3444
39612,1.07509,11.2084
39613,1.07684,11.653
39614,1.07688,11.5935
39615,1.07738,11.1392
39616,1.07662,11.6211
39617,1.07316,12.5827
39619,1.07169,11.3187
39620,1.07474,11.1518
39621,1.07491,11.1513
39622,1.07138,11.6036
39623,1.07171,11.8217
39626,1.07063,11.7834
39627,1.07359,12.5382
39630,1.0686,12.3168
39631,1.06731,12.0772
39632,1.06845,12.393
39633,1.06732,12.177
39634,1.06777,12.3166
39636,1.07029,13.1576
39637,1.07156,13.577
39638,1.07188,12.6843
39639,1.07056,12.5793
39640,1.07346,12.4296
39641,1.07538,12.1036
39642,1.07084,13.4028
39643,1.07323,12.5757
39644,1.06921,12.4789
39645,1.07375,11.9836
39646,1.07019,13.1956
39648,1.07219,13.3243
39649,1.06374,6.49608
39650,1.06128,5.70387
39651,1.06324,5.47992
39652,1.06396,6.54077
39653,1.06743,7.34469
39654,1.06826,9.11749
39655,1.06043,11.7517
39656,1.06036,10.7869
39657,1.06546,10.1399
39658,1.044,5.46895
39659,1.04961,2.01209
39660,1.04475,4.78785
39661,1.04682,2.92708
39662,1.04571,2.77413
39663,1.04448,2.64836
39665,1.04469,5.35892
39666,1.04468,2.8961
39667,1.04994,4.92865
39668,1.03856,3.06514
39669,1.03904,2.98434
39670,1.05145,5.03314
39671,1.0469,2.23142
39672,1.04595,5.40031
39673,1.04674,2.95036
39675,1.04165,1.46063
39676,1.04278,1.30118
39677,1.04153,1.66906
39678,1.04256,1.9841
39680,1.04014,1.25903
39681,1.03677,0.722148
39682,1.03928,1.18519
39683,1.03783,0.810125
39684,1.03878,0.83377
39687,1.04189,1.10288
39688,1.05076,4.63496
39690,1.04799,1.73727
39691,1.04565,1.25053
39692,1.04766,3.73446
39693,1.04656,2.24836
39694,1.04197,1.44365
39695,1.04788,2.63907
39696,1.04433,2.61844
39697,1.06214,3.98994
39698,1.06256,4.1298
39699,1.07397,5.30146
39700,1.07503,5.40015
39701,1.0833,7.40205
39704,1.07842,4.87628
39705,1.07815,4.95868
39706,1.08196,6.2042
39707,1.07555,5.27299
39708,1.07573,5.75039
39709,1.07448,6.17014
39710,1.07273,6.68237
39711,1.07956,8.02968
39712,1.08393,5.1276
39713,1.07815,4.60515
39714,1.07801,4.58367
39715,1.06357,4.00958
39716,1.06592,4.15076
39718,1.08066,4.41181
39719,1.08101,5.11358
39720,1.07843,5.07515
39721,1.07862,6.27571
39723,1.07852,5.99471
39724,1.07622,5.91694
39725,1.0782,8.0361
39726,1.0764,4.7707
39728,1.07777,4.54965
39729,1.07711,4.53183
39730,1.07591,4.59608
39731,1.07796,4.6277
39732,1.08248,5.73683
39733,1.08659,5.62109
39734,1.07784,4.59222
39735,1.07672,4.5088
39736,1.091,4.92006
39737,1.07695,4.52127
39738,1.07742,4.56069
39740,1.06227,10.5465
39741,1.06361,10.7351
39742,1.06418,10.616
39743,1.066,11.0914
39744,1.06137,10.4273
39745,1.06516,11.2938
39746,1.06046,10.8751
39747,1.06529,11.7322
39748,1.06519,11.6789
39750,1.05868,10.6292
39751,1.06055,10.6784
39752,1.06222,5.65075
39753,1.06085,4.44321
39755,1.03863,2.12674
39756,1.03305,0.484084
39757,1.03407,1.05735
39758,1.05314,5.42504
39759,1.05704,5.9945
39760,1.06673,7.68193
39761,1.05467,6.0635
39762,1.06474,10.0123
39763,1.06393,9.83793
39764,1.05271,8.53404
39765,1.05483,7.56532
39766,1.05833,8.61216
39767,1.0566,8.90294
39768,1.04951,8.09621
39769,1.05612,9.48545
39770,1.05156,7.99187
39771,1.0573,7.34358
39772,1.0578,10.4048
39773,1.04276,0.532003
39774,1.04209,0.702504
39775,1.04685,1.23534
39777,1.038,0.223486
39780,1.04965,1.00068
39781,1.04329,0.524024
39782,1.04438,0.588602
39783,1.04525,0.992451
39784,1.05856,0.977081
39785,1.0515,1.74118
39786,1.0445,1.44346
39787,1.04445,2.31509
39788,1.04171,2.03276
39789,1.04243,2.95752
39790,1.0424,2.01175
39791,1.04254,1.52446
39792,1.03462,1.02522
39794,1.03735,2.72628
39795,1.04755,1.26424
39796,1.06051,15.0019
39797,1.0701,16.9741
39798,1.07179,21.581
39799,1.07316,20.5994
39800,1.0763,9.70989
39801,1.08044,12.2336
39803,1.07928,11.4901
39804,1.07713,10.4091
39805,1.07699,10.3349
39806,1.07431,9.99768
39807,1.076,11.7233
39808,1.07929,11.5821
39809,1.08577,10.3605
39810,1.07566,11.0967
39811,1.07326,7.95548
39813,1.06167,9.03724
39814,1.08009,7.73896
39815,1.07679,7.73225
39816,1.06118,9.24921
39817,1.07385,5.1407
39818,1.07491,5.62064
39819,1.075,5.31297
39820,1.07538,4.77532
39821,1.07709,5.13127
39822,1.07437,4.64033
39823,1.07448,4.67271
39824,1.07489,5.10155
39825,1.07688,4.7778
39827,1.07263,4.56091
39829,1.0733,4.58335
39830,1.08882,5.91747
39832,1.08235,6.67116
39833,1.07906,7.8256
39834,1.08209,6.49631
39835,1.07957,7.16064
39836,1.07925,7.24847
39837,1.0786,7.15301
39838,1.07992,6.32745
39839,1.08,7.86129
39840,1.08039,6.24867
39841,1.08137,6.60935
39842,1.08394,6.08082
39843,1.0864,5.97869
39844,1.0869,5.94274
39845,1.08039,5.71312
39846,1.08274,6.00125
39847,1.07852,5.54781
39848,1.07901,5.67072
39849,1.07532,4.8087
39850,1.07875,5.5228
39851,1.08514,5.84903
39852,1.08259,6.15612
39853,1.08825,5.94857
39854,1.0802,5.38728
39855,1.07326,4.3559
39856,1.07507,4.46039
39857,1.08023,6.08679
39858,1.07881,6.41268
39859,1.07619,4.34823
39860,1.07435,4.34961
39861,1.07246,4.42316
39862,1.07395,5.17361
39863,1.07614,5.3725
39864,1.08077,6.04056
39865,1.07581,5.01656
39866,1.0775,4.25877
39867,1.07768,4.34052
39868,1.07504,4.96472
39869,1.08368,4.10237
39870,1.07316,5.15154
39871,1.0728,5.08548
39872,1.07033,4.18428
39873,1.07234,5.07163
39874,1.07032,5.99671
39875,1.06781,-2.03672
39876,1.07423,-12.5343
39877,1.0894,-12.5707
39878,1.05669,-26.2566
39879,1.06819,-12.9465
39880,1.06185,-21.4454
39881,1.06107,-17.7595
39882,1.06654,-19.9114
39883,1.00736,-22.2215
39884,1.0697,-21.2811
39885,1.02951,-17.4847
39886,1.03395,-20.4544
39887,1.06157,-21.4665
39888,1.01824,-23.3104
39889,1.04812,-22.555
39890,1.06989,-14.9536
39891,1.07139,-11.1378
39892,1.06844,-20.7884
39893,1.04798,-9.32825
39894,1.04801,-19.811
39895,1.05818,-18.5944
39896,1.06384,-16.2603
39897,1.03704,-18.8364
39898,1.05142,-25.2736
39899,1.07111,-18.41
39900,1.02243,-23.7886
39901,1.06954,-14.0972
39902,1.05131,-23.1521
39903,1.04475,-21.3128
39905,1.07669,-20.7307
39906,1.04395,-8.22351
39907,1.0469,-9.59998
39908,1.05807,-22.6989
39909,1.06225,-13.807
39910,1.05753,-19.3538
39911,1.09087,-12.8297
39912,1.06786,-23.7058
39913,1.07118,-19.2763
39914,1.02922,-23.5605
39915,1.02589,-22.5289
39916,1.09582,-12.458
39917,1.04952,-20.6562
39919,1.04789,-9.4181
39920,1.07814,-6.30368
39921,1.03353,-25.655
39922,1.07453,-20.4263
39923,1.06361,-16.876
39925,1.06767,-20.3939
39926,1.0878,-18.89
39927,1.02922,-23.5602
39928,1.04428,-24.4088
39929,1.06906,-20.8476
39930,1.07593,-17.7422
39931,1.06407,-17.9651
39932,1.07691,-20.6946
39933,1.07733,-22.8577
39934,1.08402,-25.2438
39935,1.07505,-20.8791
39936,1.06618,-26.1516
39937,1.06882,-4.66063
39938,1.06639,-9.32248
39939,1.05059,-12.9653
39940,1.08169,-12.9882
39941,1.04531,-24.4176
39942,1.09974,-12.4963
39943,1.0694,-14.0823
39944,1.07328,-14.4584
39945,1.05396,-18.1129
39946,1.0701,-19.4878
39948,1.09465,-9.58478
39950,1.03126,-18.2099
39951,1.04889,-22.3947
39952,1.06475,-21.6691
39953,1.03087,-6.917
39954,1.0391,-9.01919
39955,1.02698,-4.61445
39956,1.07901,2.253
39957,1.03209,-7.28772
39958,1.07579,-6.09044
39959,1.07038,3.85926
39960,1.03405,-8.94726
39961,1.09498,10.172
39962,1.07831,10.2767
39963,1.06579,12.6992
39964,1.08983,4.7826
39965,1.0848,3.7377
39966,1.08781,7.35083
39967,1.04217,-17.1881
39968,1.03428,-8.99977
39969,1.09203,-17.0214
39970,1.06495,-4.01711
39971,1.04572,-16.8275
39972,1.07626,5.48729
39973,1.04349,-11.5741
39974,1.06675,-8.68986
39975,1.03476,-5.38152
39976,1.0838,-16.5118
39977,1.03994,-4.27989
39978,1.03376,-7.82292
39979,1.04791,-12.7464
39980,1.07907,10.7184
39981,1.03204,-7.16157
39982,1.0936,9.48193
39983,1.04164,-15.1044
39984,1.04164,-15.1052
39985,1.0478,-19.4967
39986,1.03933,-6.33343
39987,1.08952,5.52525
39988,1.06965,1.29413
39989,1.05259,-9.24387
39990,1.09272,3.19186
39991,1.04588,-17.4301
39992,1.08699,6.61084
39993,1.06682,-1.91439
39994,1.08848,6.52721
39995,1.03236,-5.38341
39996,1.04383,-13.0982
39997,1.04452,-18.252
39998,1.05531,-1.53115
39999,1.09408,6.83257
40000,1.01844,-18.8295
40001,1.03249,-12.0676
40002,1.02465,-12.995
40003,1.08122,3.43058
40004,1.01803,-9.59242
40005,1.05626,-3.01222
40006,1.07216,-11.3487
40007,1.04443,-6.2339
40008,1.08136,6.31132
40009,1.04747,-16.601
40010,1.03116,-14.808
40011,1.07659,2.53663
40012,1.08142,3.47819
40013,1.08825,4.88208
40014,1.01795,-15.0984
40015,1.0822,10.7983
40016,1.05258,-3.03
40017,1.04662,-19.6666
40018,1.02607,-12.687
40019,1.02519,-5.83292
40020,1.07194,-0.241599
40021,1.05039,-3.41064
40022,1.08629,9.32127
40023,1.0467,-17.1126
40024,1.03242,-7.29466
40025,1.02964,-6.58032
40026,1.0324,-11.9428
40027,1.08647,9.70714
40028,1.07702,2.65199
40029,1.05295,-9.46105
40030,1.02614,-14.5631
40033,1.08519,5.4375
40034,1.05881,-5.90379
40035,1.05706,-13.3394
40036,1.08495,5.41969
40037,1.04027,-11.8526
40038,1.08072,-0.124772
40039,1.04304,-19.2894
40040,1.08354,2.20664
40041,1.05173,-21.8989
40042,1.07807,-28.8921
40043,1.06434,-22.324
40044,1.06281,-31.0804
40045,1.08584,-23.753
40046,1.00305,-33.6649
40047,1.067,-28.2462
40048,1.03904,-23.8758
40049,1.05766,-24.9454
40050,1.05905,-31.3293
40051,1.0633,-27.5512
40052,1.05546,-20.0876
40053,1.0665,-25.1972
40054,1.00729,-35.1015
40055,1.03928,-28.9313
40056,1.0024,-35.4664
40057,1.02803,-29.3455
40058,1.06498,-24.8191
40059,1.07039,-24.1347
40060,1.07136,-25.097
40061,1.05534,-21.5443
40062,1.06931,-23.7674
40063,1.02822,-29.2053
40064,1.00139,-34.3751
40065,1.06416,-25.1693
40066,1.07473,-23.203
40067,1.04314,-29.445
40068,1.05876,-32.1373
40069,1.06758,-26.7422
40070,1.06661,-43.51
40071,1.02575,-44.3341
40072,1.05613,-35.8684
40073,1.05881,-25.238
40074,1.0587,-30.724
40075,1.04667,-49.7513
40076,1.00838,-32.7778
40077,1.04241,-31.5395
40078,1.06451,-24.9642
40079,1.03143,-28.9026
40081,1.05341,-31.569
40082,1.05906,-34.7563
40084,1.05798,-32.1242
40085,1.03617,-27.2443
40087,1.07038,-25.1706
40088,1.0631,-26.8626
40089,1.03019,-27.4512
40091,1.06534,-30.6712
40092,1.0329,-31.4794
40093,1.03044,-27.3699
40094,1.04804,-35.7062
40096,1.04846,-25.1807
40098,1.01716,-38.7743
40099,1.02153,-37.7539
40102,1.05346,-32.8063
40103,1.06209,-27.4127
40104,1.00004,-34.5268
40105,1.06316,-34.9598
40106,1.0844,-24.6995
40108,1.02483,-46.6663
40109,1.06093,-11.0469
40110,1.06861,-11.8345
40111,1.05479,-11.504
40112,1.08601,-19.6414
40113,1.09189,-17.8181
40114,1.06284,-10.9223
40115,1.03506,-12.2527
40116,1.07084,-15.226
40117,1.05993,-17.2711
40118,1.0537,-24.5165
40119,1.06572,-21.6866
40120,1.07294,-25.5229
40121,1.06667,-15.5611
40122,1.08103,-13.3127
40123,1.08159,-12.5427
40124,1.05846,-17.0763
40125,1.06837,-15.0957
40126,1.06486,-15.3999
40127,1.08358,-25.1578
40128,1.08434,-13.5038
40129,1.06057,-20.4366
40130,1.06735,-16.7033
40131,1.07502,-16.5784
40132,1.08378,-18.1118
40133,1.08538,-9.90432
40134,1.04155,-17.8787
40135,1.05729,-17.0102
40136,1.06001,-15.7761
40137,1.0695,-15.8186
40138,1.06796,-15.0711
40139,1.08017,-16.1139
40141,1.04729,-19.2656
40142,1.05781,-33.366
40143,1.07301,-15.5082
40144,1.07327,-15.8944
40145,1.05453,-21.9077
40146,1.06064,-32.1199
40147,1.03493,-12.3047
40148,1.05639,-32.7938
40149,1.05535,-30.2555
40150,1.06219,-15.1678
40151,1.08238,-25.4425
40152,1.05623,-30.2343
40154,1.09282,-20.9888
40155,1.03365,-26.0487
40156,1.08287,-25.5924
40157,1.04747,-23.0248
40158,1.05407,-18.2828
40159,1.04428,-22.1292
40160,1.08232,-30.8519
40161,1.04898,-11.6384
40162,1.06964,-14.3655
40163,1.05982,-13.3236
40164,1.04469,-34.9114
40165,1.04787,-31.5046
40166,1.06736,-24.8174
40167,1.06832,-32.9447
40168,1.06434,-24.7166
40169,1.05245,-25.2403
40171,1.05471,-21.9695
40172,1.08858,-6.40856
40174,1.08161,-7.25305
40175,1.08099,-7.31331
40176,1.08118,-7.28892
40177,1.08231,-7.19729
40184,1.07972,-6.97475
40185,1.07945,-6.11551
40186,1.08763,-5.14622
40187,1.09849,-6.57389
40188,1.07895,-7.44491
40189,1.08319,-5.02094
40192,1.08183,10.5682
40193,1.07358,9.41291
40194,1.08401,6.64284
40195,1.08517,5.74217
40196,1.07686,5.39044
40197,1.08645,4.667
40198,1.0393,-15.1943
40199,1.03867,-15.2859
40200,1.03734,-15.8791
40201,1.04018,-14.0858
40203,1.04328,-18.5212
40204,1.0464,-18.0641
40206,1.07678,-4.50767
40207,1.03497,-12.6412
40208,1.02367,-13.4984
40209,1.03337,-11.7427
40210,1.05189,-10.8954
40212,1.0307,-12.6997
40213,1.03568,-11.0252
40214,1.03303,-11.4695
40215,1.0516,-3.23984
40216,1.02772,-11.8817
40217,1.08014,0.713386
40218,1.07919,3.44081
40219,1.05598,-16.2168
40220,1.05577,-17.07
40221,1.05788,-17.0178
40222,1.05921,-16.1512
40224,1.06285,-15.2825
40225,1.0983,-2.8254
40226,1.1,-3.80867
40227,1.09234,-3.68101
40228,1.08765,-3.68968
40229,1.09134,-3.6949
40230,1.06396,-5.27922
40231,1.05984,-5.92665
40232,1.06073,-5.90902
40233,1.05969,-5.94329
40234,1.05913,-5.91323
40235,1.06005,-5.88992
40236,1.06431,-5.23647
40237,1.06364,-5.93711
40238,1.06533,-5.12728
40239,1.05687,-6.13776
40240,1.06017,-5.90025
40241,1.05962,-5.89562
40242,1.05963,-5.83119
40243,1.05951,-5.75107
40244,1.0657,-4.47328
40245,1.05686,-6.07141
40246,1.05833,-5.88081
40247,1.0591,-5.86572
40248,1.05992,-5.27539
40249,1.05873,-5.62614
40250,1.06392,-5.22743
40253,1.06244,-5.37141
40255,1.05946,-6.05599
40256,1.0589,-6.07055
40258,1.06047,-5.98165
40260,1.05919,-9.64157
40262,1.05446,-9.37027
40263,1.05947,-9.23126
40264,1.04763,-7.97052
40265,1.05583,-5.98159
40266,1.05475,-6.17609
40267,1.06571,-4.12564
40268,1.05752,-5.38849
40270,1.06545,-2.37672
40271,1.06205,-5.8542
40273,1.08718,4.66333
40274,1.09516,9.22206
40275,1.09606,6.27262
40276,1.09046,5.68792
40277,1.09828,6.04715
40278,1.09449,5.48186
40279,1.09453,5.5927
40280,1.09385,5.72252
40281,1.09444,5.63728
40282,1.08096,5.22878
40283,1.08102,1.75815
40284,1.08469,1.28993
40285,1.07491,3.23136
40286,1.07742,2.38033
40287,1.06305,11.2033
40288,1.08569,6.4957
40289,1.08124,6.35507
40290,1.07696,5.3107
40291,1.08069,4.31965
40292,1.08901,5.20813
40293,1.09062,4.96453
40294,1.07778,1.97131
40295,1.07723,2.53597
40296,1.0845,4.01659
40297,1.08198,4.24039
40298,1.08413,5.01706
40299,1.06984,1.97945
40300,1.06349,2.99666
40302,1.06103,2.77331
40303,1.06672,3.10084
40305,1.06318,1.65702
40306,1.06365,1.86729
40308,1.0586,2.44486
40309,1.05869,2.56851
40311,1.04879,-20.4719
40312,1.05327,-19.9702
40314,1.04858,-20.4379
40315,1.04888,-20.3553
40317,1.05126,-19.8752
40318,1.05111,-19.849
40319,1.05147,-19.8872
40320,1.04895,-20.3887
40321,1.04875,-20.3719
40322,1.04937,-20.4446
40323,1.05009,-20.5546
40324,1.05674,-19.8249
40325,1.04992,-20.4877
40326,1.04931,-20.4614
40327,1.04873,-20.4344
40328,1.04986,-20.4336
40329,1.04955,-20.4232
40330,1.04933,-20.3509
40331,1.0495,-20.422
40332,1.05401,-19.6898
40333,1.0494,-20.3977
40334,1.04886,-20.3995
40335,1.04856,-20.3862
40336,1.04628,-20.2519
40337,1.04636,-20.2577
40338,1.04649,-20.2597
40340,1.04694,-20.255
40343,1.04659,-20.2283
40344,1.04623,-20.2411
40345,1.04593,-20.2202
40346,1.046,-20.227
40347,1.04591,-20.2104
40349,1.04593,-20.1958
40350,1.0459,-20.211
40351,1.0466,-20.2042
40352,1.04712,-20.2333
40353,1.04704,-20.051
40354,1.04646,-20.0166
40355,1.046,-20.1365
40356,1.04593,-20.0818
40358,1.04586,-19.996
40359,1.04589,-19.9344
40360,1.04606,-19.9652
40363,1.04573,-19.2144
40364,1.04807,-20.2635
40365,1.0536,-19.6119
40366,1.05368,-19.6606
40367,1.04871,-20.1333
40368,1.04866,-20.0188
40369,1.04814,-20.0393
40370,1.04911,-20.0259
40371,1.04909,-20.0484
40375,1.05051,-19.9992
40376,1.04994,-20.0204
40377,1.05237,-19.9209
40378,1.05069,-19.7726
40380,1.05002,-19.6379
40382,1.05145,-19.6913
40384,1.04878,-19.5816
40385,1.04816,-19.5233
40386,1.04858,-19.4215
40388,1.04692,-19.9608
40390,1.04952,-19.7218
40392,1.04615,-19.5983
40393,1.04605,-19.6293
40394,1.04633,-19.5278
40395,1.04679,-19.5698
40396,1.0471,-19.5835
40397,1.04757,-19.5934
40398,1.04625,-19.4959
40399,1.04621,-19.4651
40400,1.04615,-19.4442
40401,1.04631,-19.4888
40402,1.04667,-19.5189
40403,1.04701,-19.5407
40404,1.04741,-19.5587
40405,1.04781,-19.5686
40406,1.04828,-19.5764
40407,1.04788,-19.4835
40408,1.04733,-19.4979
40409,1.04693,-19.4705
40410,1.0465,-19.4341
40411,1.04582,-18.3442
40412,1.04603,-19.4053
40413,1.04613,-19.0781
40414,1.046,-19.3535
40416,1.04597,-19.0421
40417,1.04604,-19.371
40418,1.0459,-18.9955
40419,1.04606,-19.2716
40421,1.0464,-19.0017
40422,1.04672,-19.2654
40423,1.04707,-19.2759
40424,1.04743,-19.282
40425,1.04773,-19.3207
40426,1.05235,-18.9731
40427,1.04707,-19.2173
40428,1.04676,-19.223
40429,1.04667,-19.2141
40430,1.0468,-18.9212
40431,1.04661,-18.9249
40432,1.04651,-18.9219
40433,1.04434,-19.0163
40434,1.04397,-19.0116
40435,1.04442,-19.033
40436,1.04401,-18.7702
40440,1.04351,-19.0005
40441,1.04377,-18.5744
40442,1.0437,-18.5914
40443,1.04553,-18.3411
40445,1.04337,-18.5664
40446,1.04488,-18.336
40448,1.04327,-18.4131
40449,1.04519,-18.2217
40450,1.04383,-18.5072
40451,1.0439,-18.5026
40452,1.04738,-17.7312
40454,1.0559,-19.865
40455,1.05664,-19.7825
40457,1.05206,-19.6884
40458,1.05352,-20.186
40459,1.05258,-20.2325
40460,1.05204,-20.253
40461,1.05123,-20.2542
40463,1.04639,-19.8465
40464,1.05287,-19.6515
40465,1.05213,-19.6707
40466,1.04715,-19.8919
40467,1.04731,-19.981
40468,1.05171,-19.6628
40469,1.04672,-19.9656
40472,1.04871,-20.3512
40473,1.05155,-19.6435
40474,1.04925,-20.3928
40475,1.04816,-20.2578
40476,1.049,-20.3606
40477,1.04857,-20.1017
40478,1.04803,-20.0612
40479,1.04773,-20.1351
40480,1.04774,-20.1641
40481,1.04782,-20.1142
40482,1.0502,-19.5367
40484,1.04781,-20.0934
40485,1.04792,-20.0535
40486,1.04788,-20.0398
40487,1.04861,-20.0568
40488,1.04686,-19.9665
40489,1.0465,-19.9234
40490,1.04609,-19.923
40492,1.04592,-19.9045
40493,1.04584,-19.8709
40494,1.04602,-19.8119
40495,1.04642,-19.7932
40496,1.0469,-19.7455
40498,1.04725,-19.6936
40500,1.04593,-19.7715
40502,1.04989,-19.4848
40503,1.0482,-19.8495
40504,1.04807,-19.8729
40505,1.04791,-19.9697
40507,1.04845,-20.0449
40509,1.0484,-20.0008
40510,1.05061,-19.4753
40511,1.04825,-19.79
40513,1.04969,-19.4152
40514,1.04823,-19.633
40515,1.04968,-19.3712
40516,1.04608,-19.7887
40517,1.04588,-19.8478
40518,1.04589,-19.7497
40520,1.04695,-19.7527
40522,1.04716,-19.6292
40523,1.04675,-19.6634
40525,1.0455,-19.7365
40529,1.04665,-19.6208
40530,1.04638,-19.6621
40532,1.04594,-19.7212
40533,1.04571,-19.6352
40534,1.04656,-19.2881
40535,1.04666,-19.6254
40536,1.0469,-19.59
40537,1.0471,-19.5596
40539,1.04778,-19.4694
40540,1.04772,-19.4473
40541,1.04729,-19.5208
40542,1.04611,-19.463
40543,1.04668,-19.27
40544,1.04815,-19.6076
40545,1.05007,-19.23
40546,1.04821,-19.5152
40547,1.04811,-19.4671
40548,1.05025,-19.1731
40549,1.0501,-19.4768
40550,1.04975,-19.3242
40551,1.04992,-19.4696
40552,1.04988,-19.4722
40553,1.05001,-19.3888
40554,1.05017,-19.3028
40555,1.04857,-19.4889
40556,1.04896,-19.5267
40557,1.04947,-19.5655
40560,1.04787,-19.3538
40562,1.05002,-19.2989
40563,1.04994,-19.2652
40564,1.04985,-19.2901
40565,1.04998,-19.1826
40566,1.05001,-19.2267
40567,1.04728,-19.2293
40568,1.0472,-19.2381
40569,1.04706,-19.2285
40570,1.04663,-19.1374
40573,1.04906,-18.6393
40574,1.04511,-18.9198
40577,1.04758,-19.177
40578,1.04773,-19.1848
40579,1.05005,-19.1305
40581,1.04749,-19.1663
40582,1.04756,-19.1806
40583,1.05018,-19.0753
40584,1.05086,-19.0833
40585,1.05148,-19.0058
40586,1.05046,-18.9905
40588,1.04739,-19.1283
40589,1.04761,-18.9924
40590,1.05029,-18.8109
40591,1.04953,-18.809
40593,1.04465,-18.9223
40594,1.0449,-18.886
40596,1.04579,-18.941
40598,1.04656,-19.0512
40599,1.04539,-18.8807
40600,1.04502,-18.8554
40601,1.04463,-18.8219
40602,1.04456,-18.8529
40603,1.04447,-18.8981
40604,1.04452,-18.9129
40606,1.04439,-18.2596
40607,1.04429,-18.3562
40608,1.04432,-18.454
40609,1.04435,-18.5359
40610,1.04444,-18.6103
40611,1.0469,-18.1797
40612,1.047,-18.2433
40613,1.04567,-18.8345
40614,1.0445,-18.6529
40615,1.04405,-18.558
40616,1.04381,-18.4725
40617,1.0437,-18.3834
40619,1.0447,-18.0428
40620,1.04554,-17.8759
40621,1.04718,-17.55
40622,1.04949,-18.9597
40623,1.04901,-18.9674
40624,1.04687,-19.2411
40625,1.04739,-19.1623
40626,1.04771,-18.979
40627,1.04886,-18.9474
40628,1.05,-18.9374
40629,1.05082,-18.8959
40631,1.04875,-18.9158
40632,1.04787,-18.9608
40633,1.04802,-18.9323
40634,1.04878,-18.8707
40636,1.05045,-18.8062
40637,1.04953,-18.7731
40638,1.04894,-18.8083
40639,1.04838,-18.8728
40640,1.0462,-18.8425
40641,1.04923,-18.6973
40642,1.04612,-18.8265
40643,1.04597,-18.8114
40644,1.04893,-18.7885
40645,1.04576,-18.8695
40646,1.0457,-18.8637
40647,1.0457,-18.8558
40648,1.04602,-18.7744
40649,1.04599,-18.8005
40650,1.04598,-18.8178
40651,1.04823,-18.7538
40652,1.04619,-18.7942
40653,1.0484,-18.7514
40655,1.04552,-18.8878
40656,1.04545,-18.8907
40657,1.04556,-18.8779
40659,1.04665,-18.7352
40660,1.04394,-17.4753
40661,1.04228,-17.6046
40664,1.04363,-17.3029
40665,1.04547,-18.8968
40669,1.04346,-17.0346
40670,1.04683,-17.6545
40673,1.04473,-18.2645
40675,1.04707,-17.6139
40676,1.04451,-18.1633
40677,1.0445,-18.177
40678,1.04466,-18.1999
40679,1.04471,-18.1638
40682,1.04352,-18.1902
40683,1.04491,-18.033
40684,1.04435,-18.1244
40686,1.04741,-17.8048
40687,1.04678,-17.6773
40688,1.0444,-18.0591
40690,1.04328,-17.0675
40691,1.04238,-17.7363
40692,1.04233,-17.7717
40693,1.04228,-17.8277
40694,1.04233,-17.9194
40695,1.04244,-17.9799
40696,1.04259,-18.054
40697,1.04471,-18.1334
40698,1.04458,-17.9597
40699,1.04322,-17.3192
40700,1.04267,-17.4047
40701,1.0437,-17.7953
40702,1.04272,-17.9409
40703,1.04203,-17.4497
40705,1.04394,-18.8079
40706,1.04292,-18.2049
40707,1.04298,-18.0728
40709,1.04333,-18.8557
40710,1.04362,-18.8319
40711,1.04375,-18.8226
40713,1.04265,-19.1736
40716,1.04397,-19.1826
40718,1.04413,-19.2184
40719,1.0438,-19.2214
40720,1.04532,-19.1993
40721,1.04463,-19.2114
40722,1.04294,-19.328
40723,1.04183,-19.3638
40724,1.04199,-19.3103
40725,1.04216,-19.2719
40726,1.04202,-19.4223
40727,1.04181,-19.4344
40728,1.04163,-19.4453
40729,1.04128,-19.5146
40730,1.04232,-19.5755
40731,1.04282,-19.5352
40732,1.04326,-19.5021
40736,1.04181,-19.4557
40738,1.04109,-19.5767
40739,1.04092,-19.6043
40740,1.04076,-19.6397
40741,1.0407,-19.6623
40742,1.04074,-19.6404
40743,1.0408,-19.6216
40744,1.04018,-19.7532
40745,1.04092,-19.7366
40746,1.04109,-19.7167
40747,1.04118,-19.7132
40748,1.04131,-19.7061
40750,1.04165,-19.6838
40753,1.04167,-19.9023
40754,1.03942,-19.9698
40755,1.0416,-19.9003
40756,1.03985,-19.8655
40757,1.03948,-19.9254
40758,1.0394,-19.9207
40759,1.03945,-19.9822
40761,1.03943,-20.0069
40763,1.04206,-19.9083
40764,1.0397,-20.0695
40765,1.03923,-20.0476
40766,1.03923,-20.0768
40767,1.03925,-19.9799
40768,1.03892,-20.0308
40769,1.03943,-19.9406
40770,1.03885,-20.0347
40771,1.0392,-19.9675
40773,1.0386,-20.0817
40774,1.03842,-20.1208
40775,1.03833,-20.135
40776,1.03927,-20.1116
40779,1.04284,-19.9628
40780,1.03995,-20.0922
40781,1.04024,-20.1011
40782,1.04241,-19.9068
40783,1.04314,-19.9706
40786,1.0383,-20.1668
40787,1.03895,-20.1704
40788,1.03872,-20.1455
40789,1.03849,-20.1584
40790,1.03876,-20.2136
40791,1.0417,-20.1235
40792,1.03896,-20.0117
40793,1.03844,-20.1131
40794,1.03809,-20.1708
40797,1.03799,-20.2326
40798,1.03806,-20.2645
40799,1.03799,-20.2542
40800,1.03844,-20.1888
40801,1.03902,-20.1301
40802,1.03855,-20.2347
40803,1.03838,-20.2505
40804,1.03831,-20.2616
40805,1.03821,-20.2463
40806,1.03782,-20.3039
40808,1.04668,-19.651
40810,1.04471,-19.9921
40812,1.04476,-20.1481
40813,1.04924,-19.9969
40815,1.05265,-20.058
40816,1.05532,-20.0845
40817,1.03865,-20.2566
40818,1.03856,-20.2882
40819,1.04002,-19.9772
40820,1.04033,-19.988
40821,1.03876,-20.3152
40822,1.04219,-19.9011
40823,1.04239,-19.9099
40824,1.04357,-19.9724
40825,1.04061,-20.6016
40826,1.04487,-19.9984
40827,1.05117,-19.9951
40828,1.04778,-20.0531
40829,1.04604,-17.743
40830,1.04607,-17.7408
40831,1.04613,-17.7322
40832,1.04596,-17.9898
40833,1.04636,-17.678
40834,1.0459,-17.2332
40835,1.04746,-17.3205
40836,1.04774,-17.2853
40837,1.04591,-17.2204
40838,1.0447,-18.0228
40839,1.04505,-17.4357
40840,1.04511,-17.6429
40841,1.04526,-17.7814
40842,1.04625,-18.0668
40843,1.04902,-17.7685
40844,1.04763,-17.6453
40845,1.04744,-17.6585
40846,1.04464,-18.1624
40847,1.0452,-18.1319
40848,1.04481,-18.2679
40849,1.04499,-18.4059
40850,1.04521,-18.4838
40852,1.04402,-18.138
40853,1.04397,-18.1337
40854,1.0537,-18.0937
40855,1.042,-17.4134
40856,1.04183,-17.4694
40857,1.04262,-17.828
40858,1.04175,-17.4884
40859,1.04558,-18.0418
40860,1.0469,-18.7198
40862,1.04889,-19.0573
40863,1.05041,-18.9579
40864,1.04883,-18.8761
40865,1.0454,-18.2007
40866,1.0454,-18.1952
40867,1.0455,-18.1783
40868,1.04718,-18.8047
40869,1.04723,-18.8594
40870,1.04736,-18.878
40871,1.04767,-18.9038
40874,1.04522,-17.8021
40875,1.04634,-18.0893
40876,1.04833,-18.065
40877,1.04866,-18.1825
40878,1.047,-18.8083
40879,1.04617,-18.0801
40880,1.04691,-18.2431
40881,1.04689,-18.5941
40882,1.04682,-18.7663
40883,1.04892,-18.2633
40884,1.04812,-18.1704
40886,1.04543,-16.2809
40887,1.05072,-16.721
40888,1.05343,-16.7863
40889,1.0476,-17.7654
40890,1.04865,-17.9721
40891,1.04997,-18.1044
40892,1.04743,-18.2681
40893,1.0484,-18.0432
40894,1.05088,-18.1941
40895,1.0523,-18.3097
40896,1.05128,-18.3907
40897,1.05255,-17.3681
40898,1.0496,-18.3877
40899,1.0499,-18.3627
40900,1.0471,-18.4441
40901,1.0535,-18.3907
40902,1.04932,-18.4096
40903,1.04479,-19.1348
40904,1.04495,-19.0991
40905,1.0446,-19.124
40906,1.0442,-19.1872
40907,1.04462,-19.1248
40908,1.04712,-18.9485
40909,1.04689,-18.9283
40910,1.04677,-18.909
40911,1.04665,-18.8865
40912,1.04913,-18.4199
40913,1.04646,-18.7987
40914,1.04604,-18.9666
40915,1.04605,-18.957
40916,1.04608,-18.9441
40917,1.04531,-19.0844
40919,1.04454,-19.1706
40921,1.04441,-19.1937
40922,1.04458,-19.1854
40923,1.04426,-19.2502
40924,1.04425,-19.2434
40925,1.04637,-18.9694
40926,1.04707,-18.99
40927,1.04608,-18.9536
40928,1.04905,-18.8212
40929,1.04811,-18.8737
40930,1.04743,-18.9122
40931,1.04381,-19.4116
40933,1.04432,-19.2563
40934,1.04271,-19.5248
40935,1.04209,-19.6573
40936,1.04139,-19.7226
40937,1.04071,-19.7939
40939,1.0417,-19.6306
40940,1.04072,-19.7518
40941,1.04027,-19.8248
40942,1.04005,-19.8596
40944,1.04363,-19.2559
40945,1.04911,-18.3849
40947,1.04547,-18.7757
40948,1.04803,-18.5649
40949,1.04348,-19.2774
40950,1.04309,-19.3518
40951,1.04287,-19.4047
40956,1.04305,-19.3902
40958,1.04053,-19.7988
40959,1.04034,-19.8105
40960,1.04034,-19.8026
40962,1.04431,-19.3136
40963,1.04471,-19.2166
40964,1.04185,-19.5466
40966,1.03992,-19.8512
40967,1.04172,-19.5594
40968,1.04371,-19.2327
40970,1.0422,-19.5072
40972,1.04168,-19.6311
40973,1.04133,-19.73
40975,1.04111,-19.6616
40976,1.04094,-19.703
40977,1.04133,-19.6229
40978,1.0406,-19.7818
40980,1.04328,-19.2739
40981,1.04051,-19.839
40983,1.04202,-19.3759
40984,1.04218,-19.3736
40985,1.04264,-19.3441
40986,1.04019,-19.8955
40987,1.04123,-19.8167
40990,1.04119,-19.8923
40991,1.04003,-19.943
40992,1.05371,-19.9914
40993,1.04815,-19.997
40994,1.05109,-20.2448
40996,1.05573,-19.9601
40997,1.05236,-19.2058
40998,1.05758,-19.8591
40999,1.05226,-19.2379
41000,1.05396,-19.563
41001,1.05451,-19.6994
41002,1.05436,-19.9063
41003,1.0542,-19.784
41005,1.05074,-20.2332
41007,1.05459,-21.2821
41008,1.05268,-21.2217
41009,1.04885,-21.1668
41010,1.04988,-21.1395
41012,1.05022,-21.0563
41013,1.05138,-21.1438
41014,1.05104,-20.9365
41016,1.05108,-20.6857
41017,1.04706,-21.151
41018,1.04695,-21.1227
41019,1.05182,-20.9178
41020,1.05802,-21.1806
41021,1.06748,-20.1788
41022,1.0662,-21.0804
41023,1.06182,-20.9258
41024,1.06853,-20.0582
41025,1.06051,-20.9932
41026,1.05654,-21.204
41027,1.05922,-21.0789
41028,1.05756,-21.1719
41029,1.05385,-21.294
41030,1.05446,-21.1884
41031,1.0528,-21.0143
41032,1.05322,-20.64
41033,1.0573,-20.9541
41034,1.05319,-20.67
41035,1.05419,-20.8975
41036,1.05912,-20.1506
41037,1.05532,-21.1517
41038,1.06694,-19.9582
41039,1.06433,-20.9154
41040,1.07081,-20.1173
41041,1.06292,-20.9262
41042,1.07176,-20.0396
41043,1.05401,-17.4278
41044,1.06487,-20.7359
41045,1.0596,-20.88
41046,1.05869,-20.9025
41047,1.0579,-20.9166
41050,1.05777,-20.8755
41051,1.0612,-20.0121
41052,1.05549,-20.8151
41053,1.05524,-20.0248
41054,1.05558,-20.8766
41055,1.05804,-21.0974
41056,1.05926,-21.0991
41057,1.05792,-21.0672
41058,1.0607,-21.1662
41060,1.06079,-21.1017
41061,1.06337,-20.7644
41062,1.06144,-20.8806
41063,1.0579,-21.0928
41064,1.05625,-21.0942
41065,1.0545,-20.8407
41066,1.05382,-20.8006
41068,1.05337,-20.8131
41069,1.05278,-20.7705
41070,1.05268,-20.5255
41071,1.05521,-20.9361
41072,1.05584,-20.9962
41073,1.05638,-21.0791
41074,1.05588,-21.0608
41075,1.05652,-21.0908
41076,1.05475,-20.8906
41079,1.05481,-20.8307
41080,1.05312,-19.7548
41081,1.05378,-19.8347
41082,1.05488,-19.8227
41083,1.05292,-20.6191
41084,1.05298,-20.5515
41085,1.05257,-20.3744
41086,1.05208,-20.1988
41087,1.05261,-20.1495
41088,1.05292,-19.7978
41089,1.05386,-20.2147
41090,1.05338,-20.3647
41091,1.05288,-18.3483
41092,1.0522,-20.1833
41093,1.05014,-18.8022
41095,1.05105,-18.7818
41096,1.05123,-18.678
41097,1.04906,-18.5937
41098,1.04858,-18.3808
41102,1.0467,-17.5274
41103,1.046,-18.1697
41104,1.04735,-17.8804
41105,1.04558,-17.5479
41106,1.04736,-18.7104
41107,1.05192,-18.557
41108,1.05059,-18.7056
41109,1.04536,-19.1937
41110,1.05612,-18.7065
41111,1.05506,-19.9371
41112,1.04946,-19.1754
41114,1.05135,-20.0961
41115,1.05022,-19.927
41116,1.04861,-19.7658
41117,1.04738,-19.0064
41120,1.05489,-19.3029
41121,1.04978,-19.4396
41122,1.0509,-18.8916
41123,1.05165,-18.9849
41126,1.05383,-19.2174
41127,1.05072,-19.3876
41128,1.04843,-19.0689
41129,1.04863,-18.962
41130,1.04829,-19.1469
41131,1.05075,-18.7134
41132,1.04831,-19.0142
41133,1.04886,-19.4562
41134,1.04806,-19.0533
41135,1.04785,-19.6159
41136,1.05523,-20.6565
41137,1.05405,-20.4951
41138,1.05558,-19.9481
41139,1.05616,-19.8542
41140,1.05325,-20.6256
41142,1.05065,-20.9558
41143,1.05149,-20.7879
41146,1.05658,-19.7212
41147,1.05429,-19.467
41148,1.05317,-20.6107
41149,1.05396,-20.8172
41150,1.05362,-20.7131
41151,1.05366,-20.7616
41152,1.054,-20.5476
41153,1.05391,-20.6552
41154,1.05331,-20.1349
41155,1.05545,-19.9286
41156,1.05287,-20.2538
41157,1.05242,-20.2608
41158,1.05196,-20.2535
41159,1.05332,-20.307
41160,1.05333,-20.1223
41161,1.05491,-20.1913
41162,1.05472,-20.0642
41163,1.05305,-20.6528
41164,1.05427,-20.3353
41165,1.05333,-20.5975
41166,1.05345,-20.5529
41167,1.05716,-20.0548
41168,1.05574,-20.602
41169,1.06029,-20.8143
41170,1.05614,-20.4966
41171,1.05594,-20.1149
41172,1.05647,-20.0943
41173,1.05537,-20.1065
41174,1.05488,-20.0772
41175,1.05436,-19.8877
41176,1.05451,-20.0041
41177,1.05556,-20.2036
41178,1.05141,-20.7198
41182,1.056,-20.1802
41183,1.0567,-20.1408
41184,1.05323,-20.6099
41185,1.05859,-19.9942
41186,1.05582,-20.4432
41187,1.05289,-17.8557
41188,1.05181,-20.5444
41189,1.05744,-19.6614
41190,1.05053,-20.4871
41191,1.05024,-20.4627
41192,1.05691,-19.847
41193,1.04994,-17.6448
41194,1.05407,-20.7273
41195,1.0626,-19.9525
41197,1.0604,-20.0582
41198,1.05471,-20.7704
41199,1.05375,-20.8483
41200,1.04802,-20.8757
41201,1.0472,-21.0247
41202,1.05129,-20.6719
41203,1.05537,-20.2147
41204,1.05036,-20.7151
41205,1.04979,-20.7331
41207,1.04843,-20.7932
41208,1.04913,-20.7579
41209,1.05014,-20.6997
41210,1.05012,-20.6787
41212,1.04859,-20.7105
41213,1.04897,-20.6091
41215,1.0537,-19.993
41216,1.05561,-19.9836
41217,1.05029,-20.6399
41218,1.05346,-20.0402
41219,1.04691,-19.8427
41220,1.04608,-19.4793
41221,1.04598,-19.5033
41223,1.04683,-19.2932
41224,1.0466,-19.3434
41225,1.04563,-19.4235
41226,1.04575,-19.3557
41227,1.04987,-18.9663
41228,1.05102,-18.8466
41229,1.05253,-18.6739
41230,1.05192,-18.7372
41231,1.05002,-19.4671
41232,1.04987,-19.4511
41233,1.05238,-18.126
41234,1.05444,-19.7933
41235,1.03712,-11.7489
41236,1.05299,-18.4928
41237,1.05337,-18.5721
41238,1.04608,-19.1834
41239,1.04833,-18.828
41241,1.04751,-19.0804
41242,1.04783,-18.9329
41243,1.04628,-19.1099
41244,1.04771,-18.9867
41245,1.04563,-18.9941
41246,1.04604,-18.9078
41247,1.04607,-18.9256
41248,1.04626,-18.9865
41249,1.0463,-18.9592
41250,1.04886,-18.6514
41251,1.04603,-18.8455
41252,1.04615,-18.7917
41253,1.049,-18.5952
41254,1.05079,-18.5022
41255,1.04648,-18.7681
41256,1.04969,-18.3399
41257,1.04642,-18.6275
41258,1.05024,-18.3294
41259,1.05198,-18.4031
41262,1.05183,-18.3965
41263,1.0471,-18.2908
41264,1.04689,-18.3047
41265,1.04807,-17.8161
41266,1.04564,-16.7945
41267,1.04755,-18.2651
41268,1.04762,-17.619
41269,1.04815,-17.8597
41270,1.0464,-18.7052
41271,1.04856,-18.3171
41272,1.048,-18.1852
41273,1.04638,-18.5529
41274,1.04634,-18.5553
41275,1.0465,-18.4443
41276,1.04813,-18.0006
41277,1.04648,-18.4435
41278,1.04758,-17.9175
41279,1.04778,-17.8955
41281,1.04626,-18.4538
41282,1.04774,-18.1637
41284,1.04625,-19.0103
41285,1.04648,-18.9619
41286,1.04866,-18.4432
41288,1.05043,-19.1998
41289,1.05022,-19.3804
41290,1.04972,-19.3225
41291,1.05058,-19.1857
41292,1.05054,-19.19
41293,1.04997,-19.2461
41294,1.04698,-19.2191
41295,1.04987,-19.2714
41296,1.05085,-19.129
41297,1.05054,-18.9883
41298,1.05017,-19.0711
41299,1.04953,-19.0179
41300,1.04953,-19.2473
41302,1.04902,-19.1972
41303,1.04819,-18.6592
41305,1.04815,-18.6812
41306,1.04714,-16.2386
41307,1.05135,-18.6445
41308,1.05493,-18.9615
41309,1.05046,-18.791
41310,1.04872,-18.8116
41311,1.04959,-18.6126
41312,1.04922,-18.3648
41313,1.04885,-18.3051
41315,1.04739,-18.108
41318,1.04732,-17.6204
41319,1.04789,-18.1192
41320,1.04726,-17.9609
41321,1.04732,-17.8659
41322,1.04728,-17.2358
41323,1.04738,-17.1945
41324,1.04768,-17.7809
41325,1.04832,-17.7277
41326,1.04854,-17.4741
41327,1.04873,-17.5169
41328,1.05321,-16.929
41329,1.04952,-16.0568
41330,1.04761,-17.1569
41331,1.04813,-17.1569
41332,1.04791,-16.709
41333,1.03936,-10.8067
41334,1.04783,-17.2117
41335,1.04976,-16.5677
41336,1.04888,-16.2706
41337,1.04756,-17.2
41338,1.04675,-17.347
41340,1.04673,-17.7558
41341,1.04639,-17.5647
41342,1.04512,-16.5535
41343,1.0459,-17.2493
41344,1.03889,-11.2284
41345,1.0485,-18.0612
41346,1.04951,-17.4013
41347,1.04699,-18.0708
41348,1.04643,-18.41
41349,1.04572,-18.5567
41350,1.04225,-19.7334
41351,1.04408,-20.136
41352,1.04208,-19.8015
41353,1.04211,-19.8455
41354,1.04201,-19.8705
41355,1.0429,-19.3136
41356,1.04471,-18.7098
41357,1.04485,-18.8307
41358,1.04262,-19.4133
41359,1.04508,-18.7916
41360,1.04545,-18.4821
41361,1.04466,-18.6382
41362,1.04582,-18.3709
41363,1.04625,-18.2505
41364,1.04607,-18.7441
41365,1.04738,-18.7264
41366,1.04544,-18.7365
41367,1.04556,-18.7445
41368,1.04564,-18.7361
41370,1.04481,-18.8177
41371,1.04512,-18.7852
41374,1.04712,-17.8623
41375,1.04612,-18.4813
41376,1.04728,-17.789
41377,1.04643,-18.181
41378,1.04556,-18.0427
41379,1.04371,-19.2573
41380,1.04484,-18.2855
41381,1.04235,-19.5274
41382,1.04337,-19.3018
41383,1.04221,-19.7548
41385,1.04461,-19.5423
41386,1.04725,-17.4196
41387,1.0464,-17.6894
41388,1.04661,-17.5574
41389,1.04993,-18.635
41391,1.04634,-17.6862
41392,1.05284,-15.7386
41393,1.05,-16.5696
41394,1.04676,-17.3543
41395,1.04758,-17.73
41396,1.04607,-17.2515
41397,1.04587,-17.1326
41398,1.04899,-17.3883
41399,1.05386,-13.7614
41400,1.0552,-14.4505
41401,1.05162,-13.3854
41402,1.05073,-14.864
41403,1.04817,-16.9397
41404,1.0444,-16.6301
41405,1.04429,-16.2116
41406,1.04355,-14.3333
41407,1.04923,-16.4825
41408,1.04871,-16.6495
41409,1.04513,-16.6931
41410,1.0483,-16.7716
41412,1.04585,-14.092
41413,1.04315,-14.0799
41414,1.04344,-16.0766
41415,1.04349,-15.5935
41416,1.04343,-16.1726
41417,1.04381,-19.7031
41418,1.04268,-19.095
41420,1.0428,-16.5986
41421,1.04467,-16.7013
41422,1.04329,-16.5253
41423,1.04095,-18.6823
41424,1.03975,-18.2454
41425,1.04151,-19.2475
41426,1.04119,-19.26
41427,1.04362,-19.9719
41428,1.03894,-18.9101
41429,1.041,-18.8339
41430,1.04031,-18.8305
41431,1.03719,-17.359
41433,1.04,-16.5006
41434,1.03743,-17.053
41435,1.03911,-18.8642
41436,1.0331,-18.3013
41437,1.0322,-17.9014
41438,1.0359,-17.9544
41439,1.03809,-19.0087
41440,1.0407,-20.6473
41441,1.04359,-20.7515
41442,1.04338,-20.1015
41443,1.04055,-20.5403
41444,1.03953,-20.6334
41445,1.03873,-20.6473
41446,1.03627,-20.5821
41447,1.03801,-20.4551
41448,1.03462,-20.4821
41449,1.04104,-20.4372
41450,1.03996,-19.9767
41451,1.04114,-20.037
41452,1.04165,-20.049
41453,1.04389,-20.5925
41454,1.04047,-20.5008
41455,1.04138,-20.4919
41456,1.04279,-20.4184
41457,1.04679,-20.318
41458,1.04413,-20.1031
41459,1.04378,-20.0842
41460,1.04296,-20.3135
41461,1.0433,-20.2404
41462,1.04158,-20.4028
41463,1.04389,-20.2309
41464,1.04331,-20.0478
41465,1.03954,-19.5668
41466,1.03894,-19.3631
41467,1.03598,-18.8159
41468,1.04,-20.3525
41469,1.03964,-20.2731
41470,1.03695,-19.7705
41471,1.03732,-19.7371
41472,1.03294,-20.1861
41473,1.03391,-20.3829
41474,1.03078,-19.9164
41476,1.03157,-19.8373
41477,1.02995,-19.9394
41478,1.03274,-19.6242
41479,1.03438,-18.6156
41480,1.03477,-19.4532
41483,1.02819,-20.0507
41484,1.02579,-19.8827
41485,1.02891,-19.0819
41486,1.03015,-19.2001
41487,1.02772,-19.229
41488,1.02839,-19.9313
41489,1.02788,-18.9228
41490,1.02527,-19.0039
41491,1.02279,-18.7815
41492,1.02188,-18.7232
41493,1.02153,-18.5703
41494,1.02365,-18.8983
41495,1.02544,-18.8048
41496,1.02385,-18.6667
41497,1.0215,-18.5438
41498,1.02135,-18.5149
41499,1.01813,-18.9197
41500,1.01762,-18.8206
41501,1.02068,-18.7701
41502,1.02891,-19.0716
41503,1.03239,-16.674
41504,1.03038,-17.0777
41505,1.02978,-16.7923
41506,1.02974,-16.3589
41507,1.02794,-16.7868
41508,1.02532,-18.4457
41509,1.02606,-16.7133
41510,1.02455,-17.0664
41511,1.02789,-16.6304
41513,1.02355,-17.2245
41514,1.02257,-16.5397
41515,1.02284,-17.8363
41516,1.0222,-17.6628
41517,1.04566,-17.1099
41518,1.04873,-20.4245
41519,1.04596,-19.918
41521,1.05057,-18.7993
41522,1.04477,-18.9246
41523,1.0501,-19.4526
41524,1.05054,-19.1272
41525,1.0485,-19.2582
41526,1.04975,-18.5743
41527,1.04563,-19.6069
41528,1.04573,-19.6094
41530,1.04842,-20.3011
41531,1.04847,-19.6629
41533,1.04583,-19.1916
41534,1.04744,-19.1339
41535,1.04734,-19.1915
41536,1.04786,-18.4484
41537,1.04781,-18.0566
41538,1.04768,-18.798
41540,1.04518,-17.8811
41541,1.0434,-17.2164
41542,1.04033,-11.8615
41544,1.03968,-19.8732
41545,1.0392,-19.973
41546,1.04316,-19.8319
41547,1.0407,-19.7732
41549,1.04451,-19.3887
41550,1.04705,-19.0483
41552,1.04477,-19.1741
41553,1.04912,-18.4195
41554,1.04652,-18.8212
41555,1.04606,-17.7455
41556,1.0565,-18.3854
41557,1.04617,-19.1785
41558,1.04408,-19.1445
41560,1.04327,-19.0437
41563,1.04132,-19.6651
41565,1.04334,-18.9674
41566,1.0433,-18.9089
41567,1.05018,-18.7754
41568,1.05047,-18.7909
41570,1.04539,-18.8989
41571,1.04652,-18.7436
41572,1.04648,-18.7466
41574,1.04655,-18.742
41575,1.04337,-18.4624
41577,1.04323,-18.2038
41578,1.04203,-17.6615
41580,1.0468,-18.722
41581,1.04529,-18.383
41582,1.04761,-19.4113
41583,1.04394,-17.5569
41584,1.04465,-17.956
41585,1.04299,-18.2428
41586,1.04325,-18.6627
41587,1.04346,-18.844
41588,1.04464,-18.5126
41590,1.0569,-18.3429
41591,1.04429,-18.7773
41592,1.042,-17.4353
41593,1.04205,-17.3285
41594,1.04419,-18.1315
41595,1.04313,-18.0074
41596,1.04662,-18.6732
41597,1.04593,-17.4141
41598,1.04317,-18.1336
41599,1.04291,-17.8376
41600,1.04283,-18.116
41601,1.04378,-18.1978
41602,1.04465,-18.2348
41603,1.04736,-18.7066
41604,1.04512,-18.3354
41605,1.04735,-18.6843
41607,1.04489,-17.082
41608,1.04326,-18.5336
41609,1.04737,-17.2349
41610,1.04684,-18.6687
41611,1.045,-17.072
41612,1.03961,-19.8968
41613,1.04317,-19.5519
41614,1.04747,-16.7439
41615,1.04597,-17.9707
41616,1.04276,-17.4516
41617,1.04815,-18.7463
41619,1.04608,-16.8757
41620,1.04669,-18.7072
41621,1.04686,-17.6543
41622,1.04588,-17.375
41623,1.0424,-19.3846
41624,1.05421,-19.8263
41625,1.05369,-18.5683
41626,1.03987,-19.8371
41627,1.05243,-19.4928
41628,1.04864,-18.0367
41629,1.0683,3.28878
41630,1.07471,4.5705
41631,1.06206,3.06943
41632,1.06015,2.93803
41633,1.05799,5.63929
41634,1.06545,2.55935
41635,1.06973,4.63138
41636,1.06853,4.73696
41637,1.0675,7.83296
41638,1.04203,-15.9043
41639,1.04098,-15.3221
41640,1.03633,-12.4542
41641,1.04217,-15.8981
41642,1.04007,-15.0146
41643,1.04114,-15.4092
41644,1.04043,-14.9694
41645,1.0409,-14.6186
41646,1.03905,-14.1133
41647,1.03759,-12.7345
41648,1.03823,-14.3295
41649,1.03945,-14.053
41650,1.03752,-14.4441
41651,1.04417,-11.5514
41652,1.04128,-15.2448
41653,1.03921,-14.7688
41654,1.02327,-12.5491
41655,1.03466,-13.8533
41656,1.03993,-13.9674
41657,1.04049,-13.8775
41658,1.0382,-14.4178
41659,1.0632,-2.30028
41660,1.07906,0.427212
41661,1.06692,-0.643287
41663,1.07563,0.549992
41665,1.07427,-1.75782
41667,1.07079,-0.732395
41668,1.08817,2.51614
41669,1.05027,-17.5165
41670,1.05191,-18.2973
41671,1.0519,-19.2609
41672,1.05182,-18.8753
41673,1.05161,-18.903
41674,1.05081,-18.9894
41675,1.05034,-19.3255
41676,1.05043,-19.2215
41677,1.04929,-19.3441
41678,1.05118,-18.6584
41679,1.05038,-19.1318
41680,1.04986,-19.1651
41681,1.05303,-18.584
41682,1.05165,-18.6115
41683,1.05315,-18.6356
41684,1.05235,-18.7823
41685,1.04974,-19.076
41686,1.047,-19.378
41687,1.04797,-19.3912
41688,1.04696,-19.4083
41689,1.04675,-19.3659
41690,1.04747,-19.2645
41691,1.04678,-19.3081
41692,1.04542,-19.5533
41694,1.04533,-19.6317
41695,1.04816,-18.9956
41696,1.04806,-19.185
41697,1.04612,-19.4937
41698,1.0445,-19.3267
41700,1.04632,-19.4118
41701,1.04782,-19.199
41702,1.04501,-19.3805
41703,1.04673,-19.1061
41704,1.04233,-19.4136
41705,1.04694,-19.0765
41706,1.04481,-19.2136
41707,1.04592,-19.0637
41708,1.04728,-19.0401
41709,1.04915,-18.8598
41710,1.04434,-19.3013
41711,1.04803,-18.9577
41712,1.04576,-18.7352
41713,1.04646,-18.8748
41715,1.04683,-17.8513
41716,1.04842,-18.9171
41717,1.0451,-19.1134
41718,1.04497,-19.1989
41719,1.04633,-18.7357
41721,1.04338,-19.257
41722,1.04398,-19.2018
41723,1.04328,-19.2624
41725,1.04464,-19.142
41726,1.04536,-18.7751
41727,1.04638,-18.6607
41728,1.04628,-18.822
41729,1.04771,-18.4578
41730,1.04838,-18.5065
41731,1.04895,-18.6177
41732,1.04673,-17.4676
41733,1.04769,-18.3931
41734,1.04743,-18.4929
41735,1.04872,-18.4422
41737,1.0477,-18.0796
41738,1.05183,-17.5452
41739,1.05122,-16.9875
41740,1.05206,-18.6059
41741,1.04972,-18.7241
41742,1.0501,-18.7157
41743,1.04916,-18.8933
41745,1.04886,-18.6871
41746,1.0539,-18.4865
41747,1.0558,-18.3633
41748,1.04966,-18.6302
41749,1.04971,-18.6917
41750,1.05005,-18.5644
41751,1.0507,-18.4794
41752,1.05747,-18.2777
41753,1.05078,-18.3484
41754,1.05269,-17.5865
41755,1.05344,-17.8375
41756,1.0518,-17.7607
41757,1.05115,-17.2862
41758,1.05242,-17.8151
41759,1.0519,-17.9334
41760,1.0554,-18.0907
41761,1.05587,-18.1617
41762,1.05023,-18.1331
41763,1.0518,-18.2605
41764,1.05203,-18.2355
41765,1.05503,-18.1005
41766,1.05155,-17.8828
41768,1.04714,-19.2288
41769,1.04828,-19.1688
41770,1.04846,-19.1217
41771,1.0489,-19.0655
41772,1.05063,-19.0261
41774,1.04985,-18.9727
41775,1.04858,-18.9649
41776,1.04845,-18.956
41777,1.04843,-18.9668
41778,1.04814,-18.8231
41779,1.04752,-18.8989
41780,1.04708,-18.967
41781,1.04664,-19.0099
41782,1.04669,-19.0636
41783,1.04724,-18.9194
41785,1.04973,-18.3313
41786,1.04891,-18.3802
41787,1.05334,-17.8917
41788,1.05384,-17.8621
41789,1.05083,-17.847
41790,1.05117,-17.8077
41791,1.05378,-17.6548
41792,1.0528,-17.5736
41793,1.04856,-18.686
41796,1.04793,-18.9349
41797,1.054,-17.1744
41798,1.05556,-16.9876
41799,1.05429,-17.3522
41800,1.05266,-17.4299
41801,1.05398,-17.2148
41802,1.05261,-17.3815
41803,1.05393,-16.9872
41804,1.05442,-16.9524
41805,1.05437,-16.8739
41806,1.05361,-16.9044
41807,1.04963,-16.7489
41808,1.05007,-16.6677
41809,1.05057,-16.6585
41810,1.05206,-16.1073
41811,1.05196,-16.3856
41812,1.05255,-16.2659
41813,1.0523,-16.2788
41815,1.05358,-16.2337
41816,1.05307,-16.5002
41817,1.05146,-16.749
41818,1.05279,-17.2716
41819,1.05307,-16.3284
41820,1.05222,-16.0203
41821,1.05334,-16.0227
41822,1.05392,-15.7047
41823,1.05343,-13.9019
41824,1.05045,-15.907
41825,1.05351,-14.4465
41827,1.05298,-15.7091
41828,1.05258,-16.2502
41829,1.05058,-16.0884
41830,1.05085,-15.5819
41831,1.05103,-15.5221
41832,1.05215,-17.2709
41833,1.04955,-17.876
41834,1.04991,-17.8671
41835,1.05225,-17.1056
41836,1.05085,-16.909
41837,1.05291,-16.8438
41838,1.05059,-17.0343
41839,1.05214,-17.2874
41840,1.05235,-15.5478
41841,1.05409,-16.3485
41842,1.05395,-15.6558
41843,1.05151,-16.5939
41844,1.05132,-15.9646
41845,1.0512,-15.9065
41846,1.05149,-16.482
41847,1.05106,-16.5896
41848,1.05339,-15.9676
41849,1.054,-15.406
41850,1.05298,-17.2126
41851,1.05334,-15.5076
41852,1.05353,-14.2224
41853,1.05345,-14.0663
41854,1.05254,-16.938
41855,1.05255,-16.9288
41856,1.05142,-16.5483
41857,1.0515,-16.5217
41859,1.04828,-15.4167
41860,1.04844,-17.6411
41861,1.04842,-17.6636
41862,1.04949,-17.0726
41863,1.04876,-17.3153
41864,1.05074,-16.9109
41865,1.04757,-16.5738
41866,1.05054,-16.8183
41867,1.04898,-16.7534
41868,1.04985,-16.5381
41869,1.05051,-16.3697
41870,1.05139,-15.6339
41871,1.05277,-15.9454
41872,1.05151,-16.1691
41873,1.04798,-16.6246
41874,1.04656,-16.9032
41876,1.05052,-16.8536
41877,1.05058,-16.8199
41878,1.04899,-16.4884
41879,1.05021,-16.6283
41880,1.04986,-16.1939
41881,1.05066,-19.1744
41882,1.06125,-18.1019
41883,1.05014,-19.1825
41884,1.04919,-17.1417
41885,1.06647,-2.51778
41886,1.05798,-1.93978
41887,1.07284,-2.18146
41888,1.07289,-1.6283
41889,1.07725,0.543487
41890,1.07858,3.76632
41891,1.08454,4.19244
41892,1.07975,3.67247
41893,1.07308,7.76345
41894,1.08802,8.09252
41895,1.0796,5.01403
41896,1.07762,5.96573
41897,1.07443,6.67439
41898,1.07492,7.72875
41899,1.07202,7.36975
41900,1.07685,7.85099
41901,1.08149,6.2954
41902,1.07953,5.82094
41903,1.0729,4.34111
41904,1.07871,5.33507
41905,1.07933,4.87725
41906,1.08398,4.12283
41907,1.08533,3.62344
41908,1.04204,-11.0611
41909,1.05795,-11.0614
41910,1.06147,-10.9714
41911,1.05884,-9.93142
41912,1.04672,-9.32651
41913,1.08144,6.20547
41914,1.08065,6.33824
41915,1.08015,6.3992
41916,1.08026,6.63878
41917,1.08688,6.25455
41918,1.07369,8.50066
41919,1.08644,6.30427
41920,1.07925,5.88057
41921,1.08066,6.12276
41922,1.08245,6.58754
41924,1.08161,5.56675
41925,1.08317,-0.810141
41926,1.08663,1.17702
41927,1.08226,-0.174379
41928,1.08364,-0.0721308
41930,1.08397,1.37046
41932,1.08449,2.67056
41934,1.08574,0.470024
41935,1.08668,2.78422
41936,1.09209,-2.54641
41937,1.07312,4.95344
41938,1.09847,4.05596
41939,1.08482,3.78639
41940,1.07867,1.9042
41941,1.07564,2.27295
41942,1.07652,1.91127
41943,1.07802,2.6369
41944,1.03593,-7.71966
41945,1.02857,-5.87377
41946,1.03179,-7.7634
41947,1.02414,-5.32039
41948,1.02421,-5.36228
41949,1.03299,-7.09327
41950,1.03333,-6.14401
41951,1.02909,-7.01387
41952,1.02509,-6.40929
41953,1.01839,-3.83208
41954,1.09581,5.49067
41955,1.08127,4.78711
41956,1.08437,4.65718
41957,1.06143,-9.1973
41958,1.05175,-9.38628
41959,1.05744,-9.66632
41960,1.03487,-9.96335
41961,1.04174,-9.1401
41962,1.0547,-8.96467
41963,1.05472,-8.75701
41964,1.09533,4.84828
41965,1.09263,4.89362
41966,1.05298,-10.3429
41967,1.05062,-11.1917
41968,1.06162,-9.3512
41969,1.08988,-12.0911
41970,1.06536,-11.65
41971,1.05806,-11.9925
41972,1.08432,-11.3534
41973,1.05572,-13.4306
41974,1.05087,-13.1761
41975,1.03899,-12.1776
41976,1.03991,-11.6505
41977,1.04063,-11.195
41979,1.04026,-11.196
41980,1.04418,-10.8378
41981,1.05436,-10.6297
41982,1.0361,-14.3973
41983,1.05118,-12.9248
41984,1.04488,-13.2099
41985,1.04056,-13.3833
41986,1.04017,-13.2285
41987,1.04381,-13.1077
41988,1.05132,-12.2036
41989,1.03893,-13.1235
41990,1.04259,-12.4785
41991,1.08417,6.51334
41992,1.07918,5.51931
41993,1.07132,4.31905
41994,1.08625,5.54152
41995,1.0839,5.40834
41996,1.0899,5.16235
41997,1.09383,4.86894
41998,1.08179,5.12132
41999,1.08779,5.03998
42000,1.07983,5.2628
42001,1.07903,5.57608
42002,1.07935,5.42731
42003,1.07671,5.81348
42004,1.07978,5.28379
42005,1.06902,6.41948
42006,1.07185,7.12157
42007,1.06962,9.77367
42008,1.08388,3.28933
42009,1.07344,3.6867
42010,1.08029,5.64309
42011,1.08235,5.71287
42012,1.0816,3.81963
42013,1.0774,3.4878
42014,1.0784,3.44024
42015,1.07573,3.61182
42016,1.07816,3.67808
42017,1.08048,4.06252
42018,1.08167,4.14388
42019,1.08598,4.01557
42020,1.08403,4.42234
42021,1.08375,4.37773
42022,1.08418,3.73324
42023,1.08228,2.72444
42024,1.07999,3.599
42025,1.06318,-19.1542
42026,1.06504,-22.3183
42027,1.06563,-19.7306
42028,1.06885,-19.0838
42029,1.07432,-18.2201
42030,1.05285,-18.2967
42031,1.07578,7.01338
42032,1.07536,9.35312
42033,1.07739,9.56304
42034,1.08249,6.82665
42035,1.04315,-18.8016
42036,1.04374,-18.9317
42037,1.04415,-19.0155
42038,1.04372,-18.8734
42039,1.04344,-18.6302
42040,1.04396,-18.5024
42041,1.04326,-18.6768
42042,1.0465,-17.6742
42043,1.04726,-17.5754
42044,1.04835,-18.0574
42045,1.04655,-17.4484
42046,1.04831,-17.7232
42047,1.04625,-18.3971
42048,1.04524,-17.017
42049,1.04608,-18.3169
42050,1.04175,-18.6413
42051,1.04424,-18.9222
42052,1.04384,-18.8835
42053,1.04501,-18.4419
42054,1.04547,-18.3871
42055,1.04505,-18.4351
42056,1.04484,-18.4628
42057,1.04483,-18.4711
42058,1.05424,-19.1947
42059,1.04219,-19.0269
42060,1.0418,-19.089
42061,1.04211,-19.127
42062,1.04236,-19.1397
42063,1.04278,-18.9804
42064,1.04088,-18.7914
42065,1.04372,-19.1549
42066,1.05136,-18.3951
42067,1.04548,-19.1918
42068,1.04336,-18.9551
42069,1.04601,-18.6277
42070,1.04749,-18.4266
42071,1.04533,-18.6379
42072,1.04837,-18.4545
42073,1.04147,-18.654
42074,1.04518,-18.5297
42075,1.04343,-15.7828
42076,1.0516,-18.2437
42077,1.0469,-18.358
42078,1.04768,-18.5357
42079,1.04776,-18.5245
42080,1.05038,-18.6489
42081,1.05028,-18.1641
42082,1.04683,-18.4657
42083,1.05109,-18.2244
42084,1.05181,-18.3428
42085,1.04941,-17.1874
42086,1.04378,-16.9641
42087,1.04765,-17.6312
42088,1.04861,-17.7862
42089,1.04806,-16.8114
42091,1.0504,-18.0975
42092,1.04268,-17.1174
42093,1.04323,-17.1957
42094,1.04719,-17.5492
42095,1.04452,-17.4475
42096,1.04708,-17.5232
42097,1.0477,-16.2079
42098,1.04768,-16.5684
42099,1.04401,-17.1145
42101,1.04766,-16.769
42102,1.0426,-17.0734
42103,1.04183,-16.888
42104,1.03694,-10.8396
42105,1.04749,-15.9424
42106,1.04727,-15.9695
42107,1.0476,-16.7646
42109,1.04552,-16.5892
42110,1.04424,-17.2875
42113,1.04508,-18.4338
42114,1.03754,-11.135
42115,1.04605,-18.0583
42116,1.04594,-19.0782
42117,1.03377,-15.6872
42118,1.03311,-13.7555
42119,1.03473,-15.8583
42120,1.02548,-10.3002
42121,1.04087,-12.9726
42122,1.03431,-14.1829
42123,1.03377,-14.1391
42124,1.03601,-15.4687
42125,1.03554,-15.6477
42126,1.0367,-15.2301
42127,1.03725,-15.708
42129,1.03678,-15.0931
42130,1.03848,-15.2701
42131,1.03799,-15.274
42132,1.03782,-15.2383
42133,1.03657,-15.0872
42134,1.03639,-14.9498
42135,1.03621,-14.8855
42136,1.03646,-14.7091
42137,1.03682,-14.7785
42138,1.03653,-14.8323
42139,1.03567,-14.9452
42140,1.03827,-14.5328
42141,1.03804,-14.5594
42142,1.0363,-14.9197
42143,1.04015,-15.2
42144,1.03931,-14.448
42145,1.04397,-12.2981
42146,1.0445,-14.2195
42147,1.04722,-14.9647
42148,1.04013,-16.2103
42149,1.04021,-16.1438
42150,1.03986,-16.0757
42151,1.04057,-16.0346
42152,1.04479,-15.0779
42153,1.04171,-14.6994
42154,1.03154,-13.7509
42155,1.03297,-11.9653
42156,1.05041,-10.1425
42157,1.0583,-8.41947
42158,1.06246,-7.89973
42159,1.069,-6.80499
42160,1.06785,-7.43772
42161,1.06897,-7.02899
42163,1.06944,-6.92162
42164,1.06976,-6.50913
42165,1.06919,-7.04809
42166,1.06969,-6.75784
42168,1.07347,-6.35692
42169,1.09245,-2.0627
42170,1.08449,-1.60371
42171,1.0764,-5.77925
42172,1.08526,-16.5841
42173,1.08306,-16.4623
42174,1.08497,-16.5761
42175,1.08486,-16.6189
42176,1.08557,-16.916
42177,1.08565,-16.9263
42178,1.08833,-16.9825
42179,1.08627,-16.9731
42180,1.09172,-16.688
42182,1.06022,-19.2835
42183,1.05819,-20.3981
42184,1.06085,-20.0294
42185,1.06058,-19.7238
42186,1.07107,-19.9323
42187,1.06878,-20.1365
42188,1.07204,-19.8472
42189,1.06235,-20.9657
42190,1.06475,-20.6993
42191,1.06411,-20.926
42192,1.07074,-20.0759
42193,1.07221,-20.0178
42195,1.06458,-20.5145
42196,1.06841,-20.3063
42197,1.06447,-20.2728
42198,1.07043,-20.1748
42199,1.06969,-20.2533
42200,1.07553,-19.8568
42201,1.07848,-19.6489
42203,1.07639,-19.8014
42204,1.06591,-20.6517
42205,1.07003,-20.3257
42206,1.06514,-20.6755
42207,1.06565,-20.6356
42208,1.06637,-20.6155
42209,1.06798,-20.5724
42210,1.06752,-20.578
42211,1.06934,-20.4944
42212,1.08517,-18.9139
42213,1.08234,-18.9447
42214,1.08407,-18.6168
42215,1.08976,-17.4258
42216,1.09289,-18.4231
42217,1.09946,-18.8092
42218,1.09895,-18.7586
42219,1.09029,-19.1268
42220,1.08306,-19.0891
42221,1.07976,-19.6114
42222,1.0801,-19.4588
42223,1.08014,-19.4333
42224,1.08006,-19.4509
42225,1.08021,-19.4307
42226,1.09633,-16.7053
42227,1.09737,-16.9861
42228,1.08825,-17.475
42229,1.09064,-18.0344
42230,1.08694,-17.7012
42231,1.08966,-18.14
42232,1.09393,-17.3607
42233,1.09576,-17.17
42234,1.09207,-17.1027
42235,1.09445,-17.4913
42236,1.09469,-17.277
42237,1.09213,-17.8639
42238,1.09153,-17.969
42239,1.09013,-18.2729
42240,1.09317,-17.4316
42241,1.08971,-18.3171
42242,1.08861,-18.431
42243,1.09414,-17.5233
42244,1.08747,-18.659
42245,1.09243,-18.1536
42246,1.09248,-18.152
42247,1.09014,-18.2192
42248,1.08426,-19.2388
42249,1.09072,-18.2178
42250,1.09274,-18.1421
42251,1.0869,-18.8121
42252,1.08093,-19.4948
42253,1.08193,-19.2826
42254,1.06987,-20.22
42255,1.0761,-19.9642
42256,1.08101,-19.7918
42257,1.08152,-19.6844
42258,1.07854,-19.878
42259,1.07882,-19.9783
42260,1.08511,-19.0388
42261,1.07924,-19.7983
42262,1.06939,-20.8789
42263,1.07881,-19.8574
42264,1.07133,-20.698
42265,1.06979,-20.7916
42266,1.06564,-21.1813
42267,1.06684,-21.0439
42268,1.06813,-20.9894
42269,1.07129,-20.7309
42270,1.06544,-21.1768
42271,1.06464,-21.2247
42272,1.06254,-21.0585
42273,1.05845,-21.0894
42274,1.0714,-20.49
42275,1.06036,-21.0934
42276,1.05573,-20.8837
42278,1.05675,-20.9946
42279,1.05738,-20.6064
42280,1.05868,-21.0392
42281,1.06284,-21.2443
42282,1.05921,-21.2362
42283,1.06525,-21.2731
42284,1.08693,-20.541
42285,1.06115,-21.2328
42286,1.05943,-21.2293
42287,1.05946,-21.1573
42288,1.05774,-21.1789
42289,1.07754,-20.1029
42290,1.06431,-21.2428
42291,1.06296,-21.2862
42292,1.06222,-21.291
42293,1.06592,-21.1601
42295,1.06002,-21.2345
42296,1.06076,-21.2159
42298,1.06211,-21.2302
42300,1.06414,-21.1542
42301,1.06567,-21.1565
42302,1.06704,-20.902
42303,1.06919,-20.5689
42304,1.06533,-20.7668
42305,1.06144,-21.0181
42306,1.06607,-20.8265
42307,1.06394,-20.8978
42308,1.06117,-21.0174
42309,1.06729,-20.199
42310,1.06122,-21.0033
42311,1.06856,-20.2704
42312,1.0616,-21.0154
42313,1.06241,-20.946
42314,1.06029,-21.106
42316,1.05899,-21.1664
42317,1.05656,-21.2558
42318,1.05794,-21.2085
42319,1.05886,-21.1695
42321,1.08235,-18.353
42322,1.09136,-17.9637
42323,1.07978,-19.7175
42324,1.0379,-13.4326
42325,1.03576,-12.7648
42326,1.03018,-13.9829
42327,1.02506,-13.5524
42328,1.02539,-13.7809
42329,1.02696,-13.2965
42330,1.04012,-14.6612
42331,1.03062,-11.2255
42332,1.03004,-8.5073
42334,1.02736,-12.2438
42335,1.02683,-12.3008
42336,1.02613,-12.6632
42337,1.02721,-14.4064
42338,1.02682,-14.2968
42339,1.02676,-13.5962
42340,1.03866,-14.543
42341,1.02842,-14.5262
42342,1.03112,-14.7644
42343,1.02694,-12.3048
42344,1.02652,-12.335
42345,1.02563,-5.86823
42346,1.03589,-7.97226
42347,1.04303,-8.70947
42348,1.0251,-13.1383
42349,1.04111,-8.48949
42350,1.03948,-8.4056
42351,1.03787,-8.20178
42353,1.1,2.31169
42354,1.09272,2.6746
42356,1.081,2.31379
42357,1.03076,-12.9453
42358,1.04338,-12.9947
42359,1.05783,-14.4997
42360,1.04623,-14.65
42361,1.04759,-14.7071
42362,1.04739,-14.5712
42363,1.04051,-15.1754
42364,1.02887,-13.1157
42365,1.02647,-12.9429
42366,1.03302,-4.08354
42367,1.03475,-5.7612
42368,1.03939,-7.62461
42369,1.04419,-6.38992
42370,1.04074,-5.86826
42371,1.04125,-5.7231
42372,1.04316,-4.96074
42373,1.04441,-5.11951
42374,1.03862,-9.00545
42375,1.04772,-9.12376
42376,1.06652,-0.350246
42377,1.07683,2.17684
42378,1.08197,1.71124
42379,1.08348,1.50928
42380,1.07935,1.54157
42381,1.08232,2.05757
42382,1.0866,2.25442
42383,1.09265,2.41822
42384,1.07311,-7.88807
42385,1.07592,-8.20662
42387,1.0797,-6.21468
42388,1.07952,-6.3795
42389,1.07856,-6.65798
42390,1.08107,-5.28886
42391,1.07892,-6.56852
42392,1.08046,-3.45899
42393,1.07782,-7.37867
42394,1.045,-21.0837
42395,1.05658,-20.6637
42396,1.05636,-19.1655
42397,1.04655,-18.6676
42398,1.05454,-18.3404
42399,1.05447,-19.6611
42400,1.05135,-20.1054
42401,1.05561,-20.9221
42402,1.06402,-20.6938
42403,1.05502,-21.1824
42404,1.05844,-21.0893
42405,1.06914,-20.5758
42406,1.06108,-21.038
42407,1.05483,-21.0968
42408,1.06107,-20.6937
42409,1.07339,-20.4592
42410,1.051,-19.4708
42411,1.05936,-19.8634
42412,1.05753,-20.864
42413,1.0563,-20.9085
42414,1.06086,-21.0289
42415,1.05704,-21.0211
42416,1.05729,-19.6021
42417,1.05502,-19.6765
42418,1.04979,-19.7006
42419,1.05004,-19.8938
42420,1.04301,-16.3362
42421,1.04406,-17.9599
42422,1.04999,-19.356
42423,1.04796,-17.7796
42424,1.04711,-17.604
42426,1.05002,-18.6514
42427,1.04932,-19.2483
42428,1.04954,-19.367
42429,1.04968,-19.624
42430,1.04839,-19.3267
42431,1.04616,-19.1402
42432,1.04967,-18.6907
42433,1.04833,-19.1265
42435,1.04888,-19.8525
42436,1.05263,-20.2815
42437,1.05497,-20.6653
42438,1.04976,-20.0045
42439,1.05481,-20.4701
42440,1.04551,-19.197
42441,1.0519,-18.7319
42442,1.05853,-19.1598
42443,1.04387,-19.037
42444,1.04365,-15.7434
42445,1.05259,-19.9042
42446,1.03396,-4.94222
42447,1.03767,-4.39675
42449,1.03338,-4.9795
42450,1.03341,-4.9738
42451,1.03488,-4.7259
42452,1.03332,-4.97399
42453,1.03371,-4.94013
42454,1.03399,-4.92659
42455,1.03672,-4.51485
42456,1.03462,-4.88975
42457,1.03465,-4.85309
42458,1.03544,-4.61099
42459,1.03495,-4.85139
42460,1.03658,-4.47407
42462,1.03351,-4.94256
42463,1.0335,-4.93756
42464,1.03356,-4.92926
42465,1.03997,-3.86796
42466,1.03466,-4.76597
42467,1.03481,-4.7369
42468,1.03435,-4.79068
42469,1.03441,-4.78529
42470,1.03514,-4.61565
42471,1.03391,-4.88834
42472,1.03463,-4.76786
42473,1.03675,-4.58339
42474,1.03715,-4.52507
42476,1.03561,-4.74114
42477,1.03763,-4.65403
42478,1.05107,-2.66622
42479,1.0306,-5.93793
42480,1.03907,-5.56436
42482,1.04249,-6.25963
42483,1.06624,-6.28224
42484,1.03545,-4.58932
42485,1.03418,-4.82771
42486,1.04925,-2.64228
42487,1.0763,2.49124
42488,1.07611,2.41242
42489,1.07687,2.42675
42490,1.07663,2.40168
42491,1.07713,2.5825
42492,1.07674,2.48024
42493,1.07425,2.1763
42494,1.07638,2.5435
42495,1.07602,2.42547
42496,1.07606,2.41333
42497,1.07651,2.44248
42498,1.07552,2.69221
42499,1.07724,2.59475
42500,1.07702,2.3644
42501,1.07687,2.33832
42502,1.07694,2.31873
42503,1.07699,2.3189
42504,1.07639,2.37887
42505,1.0817,2.90245
42510,1.06956,2.47901
42511,1.07637,2.46025
42512,1.07823,2.81159
42513,1.08411,4.99659
42514,1.08907,2.24213
42515,1.07474,1.94538
42516,1.07636,2.10601
42517,1.07216,1.8819
42518,1.07763,2.22634
42519,1.06829,1.00824
42520,1.07232,3.35534
42521,1.09735,4.80471
42522,1.09637,4.74719
42523,1.08697,3.82128
42524,1.08159,3.86744
42525,1.07919,3.61664
42527,1.08665,4.52672
42528,1.08021,4.59185
42529,1.08008,4.77835
42530,1.07871,5.42431
42531,1.08484,5.996
42532,1.08302,5.73146
42533,1.08252,5.57135
42534,1.08142,3.59915
42535,1.08127,3.43502
42536,1.08276,3.3631
42537,1.08088,3.28552
42538,1.08056,3.37062
42539,1.0805,3.3094
42540,1.08147,3.4914
42541,1.08252,3.99167
42542,1.08023,3.24288
42543,1.08101,3.6141
42544,1.08173,3.74927
42545,1.08387,5.40618
42546,1.08359,5.38005
42547,1.08593,5.86223
42548,1.08366,5.38545
42550,1.09023,6.01861
42552,1.08477,6.05859
42553,1.08343,5.44304
42554,1.08301,5.31184
42555,1.08356,5.39528
42556,1.08374,5.19929
42558,1.08667,5.62604
42559,1.07949,5.97706
42560,1.08315,5.34848
42561,1.08229,5.94821
42563,1.0828,5.96274
42564,1.08963,5.99135
42565,1.08708,4.79573
42566,1.08554,4.5286
42569,1.08399,5.91774
42570,1.07569,4.04615
42571,1.07379,3.68088
42572,1.07338,3.58533
42573,1.07338,3.56103
42574,1.07896,4.1915
42575,1.07923,4.20153
42576,1.07803,3.84179
42577,1.08061,4.1061
42578,1.08061,4.12346
42579,1.08185,4.34072
42580,1.07991,3.99573
42581,1.08227,4.40764
42582,1.07686,3.74071
42584,1.08043,4.26534
42585,1.08199,4.538
42586,1.08192,4.76217
42587,1.07711,3.92612
42588,1.07685,3.89093
42589,1.07497,3.64987
42590,1.07728,3.92658
42591,1.07861,4.90158
42592,1.07661,4.65673
42593,1.08155,3.30561
42594,1.08107,4.14347
42595,1.08806,4.22656
42596,1.09533,3.05943
42597,1.07884,2.06365
42598,1.09355,2.62893
42600,1.09101,2.9578
42601,1.07937,3.27973
42602,1.08907,2.75661
42603,1.08739,2.82044
42604,1.08814,2.77251
42605,1.08344,2.54094
42606,1.0868,2.72559
42607,1.04417,-7.6453
42608,1.03467,-9.79615
42609,1.04576,-6.71303
42610,1.04354,-6.1907
42611,1.04633,-7.21281
42612,1.08115,3.40878
42613,1.08271,2.22328
42614,1.08875,4.39156
42615,1.08381,3.17057
42616,1.0828,3.6066
42617,1.08176,3.44658
42618,1.08486,6.7444
42619,1.07213,9.49325
42621,1.07724,10.425
42622,1.08211,3.65559
42623,1.07929,3.06729
42624,1.08043,2.77823
42625,1.0751,-9.96149
42626,1.07538,-7.302
42627,1.08354,-8.68458
42628,1.06917,-7.49307
42629,1.07772,5.05592
42630,1.07985,5.96567
42631,1.07012,5.19121
42632,1.08053,6.91168
42633,1.07675,6.345
42634,1.07893,7.19331
42635,1.07306,5.16311
42637,1.0997,5.22104
42638,1.0774,5.63753
42639,1.078,5.52743
42640,1.08575,6.16153
42641,1.08663,7.33219
42643,1.07421,1.25675
42644,1.07678,0.586562
42645,1.07861,2.67927
42646,1.07588,1.68957
42647,1.07623,1.73852
42648,1.07756,2.22439
42649,1.07871,2.60983
42650,1.07667,1.87032
42651,1.08135,2.66147
42652,1.07662,2.87959
42653,1.06828,3.50495
42654,1.07632,4.38674
42655,1.07619,4.24656
42656,1.08091,4.88728
42658,1.04714,-14.9757
42659,1.04285,-12.8106
42660,1.03565,-12.9387
42661,1.03447,-11.9078
42663,1.03558,-11.1781
42664,1.0395,-10.7484
42665,1.0421,-14.6876
42666,1.03327,-11.0524
42667,1.03995,-8.91769
42668,1.06869,0.456559
42669,1.06967,-0.360942
42670,1.07127,-0.131685
42671,1.06766,2.26366
42672,1.07035,-0.0994484
42673,1.07138,0.0519554
42674,1.07114,-0.331733
42675,1.06787,-1.14689
42676,1.06858,-0.708067
42677,1.0694,-0.594429
42678,1.0694,-0.5737
42679,1.06879,-0.701239
42680,1.07028,-0.348638
42681,1.06889,-0.670681
42682,1.068,-1.09654
42683,1.06833,-0.785516
42684,1.06742,-1.20763
42685,1.06763,-1.19363
42686,1.06709,-1.24708
42687,1.06751,-0.98344
42688,1.06735,-0.995889
42689,1.06746,-0.991927
42690,1.07082,-1.08022
42691,1.068,-0.910074
42693,1.06614,-1.08119
42694,1.07038,-1.096
42695,1.06616,-1.72632
42696,1.07242,-1.06029
42697,1.07023,-1.29029
42698,1.05632,-3.69634
42699,1.05375,-4.10854
42701,1.08378,-3.87367
42702,1.07179,-2.8406
42703,1.07879,-0.44994
42705,1.06612,-1.03353
42708,1.06852,-0.731508
42709,1.06824,-0.59157
42710,1.06945,1.13923
42711,1.0731,0.667187
42712,1.07181,0.162167
42713,1.07591,0.393608
42714,1.07106,-0.663937
42715,1.07068,-0.30957
42716,1.08765,8.05026
42717,1.08632,9.34753
42718,1.0818,7.55931
42719,1.08215,6.94921
42720,1.0806,6.56085
42721,1.08139,6.86337
42722,1.06618,-2.11736
42723,1.07714,-1.73843
42724,1.06545,-1.21692
42725,1.07512,-0.0732829
42726,1.08346,-2.21557
42727,1.08423,-3.97616
42728,1.08551,-2.35269
42729,1.08362,-1.44518
42730,1.0826,-0.156302
42731,1.08015,6.65562
42733,1.09355,6.96383
42734,1.08807,6.47473
42735,1.03143,-12.9122
42736,1.03929,-8.06556
42737,1.08231,7.38366
42738,1.08138,7.27003
42739,1.07945,7.09307
42740,1.08099,7.28869
42741,1.07248,5.99705
42742,1.07327,6.05549
42743,1.07398,6.08657
42744,1.07479,5.97221
42745,1.07676,6.00179
42746,1.07473,5.77074
42747,1.07652,5.00683
42750,1.07941,4.33428
42751,1.08614,-9.65421
42752,1.07326,-11.8649
42753,1.07285,-11.7848
42754,1.07263,-11.1354
42755,1.07292,-11.4003
42756,1.07423,-11.5149
42757,1.07964,-11.6732
42758,1.07711,-11.6636
42759,1.0748,-11.6292
42761,1.07344,-11.607
42762,1.07496,-11.5048
42763,1.07552,-11.4951
42764,1.07473,-11.4084
42765,1.07453,-11.3307
42766,1.07416,-10.833
42767,1.07284,-11.5125
42768,1.0717,-11.5033
42769,1.07164,-11.4704
42771,1.07182,-11.4117
42772,1.07436,-10.8003
42773,1.07575,-10.4996
42774,1.07689,-10.4644
42776,1.07201,-11.3192
42779,1.07181,-11.1795
42780,1.0714,-11.1935
42781,1.07104,-11.2001
42782,1.0707,-11.2327
42784,1.06884,-11.231
42785,1.07539,-11.1378
42786,1.07243,-8.98182
42787,1.0766,-11.2555
42788,1.07613,-11.0371
42789,1.0703,-11.2156
42790,1.06692,-7.6049
42791,1.08056,3.26971
42792,1.08049,3.28137
42793,1.08016,3.02752
42794,1.08343,3.33866
42795,1.08334,3.42341
42796,1.08343,3.66884
42797,1.08268,4.29209
42798,1.08254,4.39778
42799,1.08248,4.5576
42800,1.08175,4.64106
42801,1.08352,5.15527
42802,1.08307,4.95817
42804,1.08419,5.21832
42805,1.0805,4.80014
42807,1.07886,3.06608
42808,1.08337,3.88513
42809,1.08511,3.62019
42810,1.08138,3.42981
42811,1.08338,4.12808
42812,1.08045,3.06061
42813,1.08282,3.16399
42814,1.08419,3.5661
42815,1.08106,3.15642
42816,1.08185,3.59933
42818,1.08129,3.35544
42820,1.07219,4.80663
42821,1.08186,4.01826
42822,1.08383,5.07804
42823,1.08113,6.14957
42824,1.0828,4.80474
42825,1.08443,5.05334
42826,1.08547,5.09816
42827,1.08152,4.84342
42828,1.08503,5.08133
42829,1.08568,4.51944
42830,1.08471,4.90676
42832,1.08194,4.08579
42835,1.08706,7.66607
42837,1.08426,5.5252
42839,1.08099,6.43989
42840,1.08054,6.97509
42841,1.08399,6.52165
42842,1.09066,5.41989
42843,1.08574,5.15254
42846,1.08427,4.60198
42847,1.0807,5.37231
42848,1.0859,4.90392
42849,1.08248,3.45654
42850,1.08266,3.42971
42851,1.06875,5.08135
42852,1.06916,5.01874
42853,1.07003,4.97263
42854,1.07032,5.97991
42856,1.06419,5.05523
42857,1.06413,5.18175
42858,1.06708,5.62555
42859,1.07611,6.29112
42860,1.08773,5.3811
42861,1.08587,5.69565
42862,1.08585,5.65648
42863,1.0858,5.59308
42864,1.08527,5.4704
42865,1.08753,5.43051
42866,1.08548,5.44264
42867,1.08707,5.32238
42868,1.09198,6.39198
42869,1.0864,5.48124
42870,1.0864,5.56696
42871,1.0861,5.61981
42872,1.08621,5.76037
42873,1.08673,5.85616
42874,1.08661,5.83496
42875,1.08661,5.83076
42877,1.0883,6.28923
42878,1.08663,5.79523
42880,1.09443,7.82121
42882,1.08943,6.46643
42883,1.08708,5.90723
42884,1.09026,6.567
42885,1.08732,5.98393
42887,1.08944,6.57888
42888,1.09468,7.86502
42889,1.09029,7.11428
42890,1.08966,6.76303
42891,1.0924,6.7591
42892,1.08767,6.03384
42893,1.09146,6.69059
42894,1.08727,5.97117
42895,1.09152,6.62177
42896,1.09043,6.47473
42897,1.08919,5.98727
42898,1.08541,5.13166
42899,1.08968,6.3637
42900,1.09406,6.18688
42901,1.09422,5.17302
42902,1.08449,4.7839
42903,1.08644,6.02407
42904,1.08713,6.10903
42905,1.08428,5.38093
42906,1.08598,5.70467
42908,1.08623,4.97113
42909,1.08497,4.50517
42910,1.09349,6.90763
42911,1.09227,6.50338
42912,1.09105,4.33828
42913,1.08654,-6.2746
42914,1.08782,-4.8305
42915,1.0898,-4.02912
42918,1.07981,3.28936
42920,1.09321,7.0265
42921,1.09544,6.52482
42922,1.07424,8.27857
42923,1.09201,6.76883
42924,1.06045,-7.5952
42925,1.0594,-7.42239
42927,1.05935,-18.5326
42928,1.04449,-18.3925
42929,1.05198,-16.5862
42930,1.05138,-16.5602
42931,1.04836,-14.8193
42932,1.05072,-16.0334
42933,1.05239,-16.6196
42934,1.05147,-16.6194
42935,1.05159,-16.4176
42936,1.05136,-16.4642
42937,1.04693,-16.584
42938,1.04645,-16.4888
42939,1.07108,-0.811478
42940,1.0673,-1.19503
42941,1.06897,-0.878993
42942,1.06873,-0.291496
42943,1.07059,0.6522
42944,1.07362,2.6669
42945,1.07127,0.885396
42946,1.07397,2.70675
42947,1.07094,3.40574
42948,1.07,1.84263
42949,1.06961,1.51212
42950,1.06853,1.68999
42951,1.06362,-2.04367
42952,1.06636,-1.67633
42953,1.06537,-1.81081
42954,1.07588,-0.0908265
42955,1.06873,-1.91216
42956,1.07121,-1.11119
42957,1.06948,-1.50363
42958,1.0669,-1.71704
42959,1.05862,-2.42532
42960,1.06902,1.50953
42961,1.07116,2.54777
42962,1.07619,3.08397
42963,1.05573,-0.111923
42964,1.05274,-2.21661
42965,1.06638,-2.41613
42966,1.0636,-2.06654
42967,1.06171,-2.43301
42968,1.06513,-1.67795
42969,1.07515,6.85136
42972,1.07849,5.63036
42973,1.07989,5.77058
42974,1.05169,-3.25018
42975,1.05334,-2.83759
42978,1.05261,-2.90513
42979,1.05118,-3.34561
42980,1.05118,-3.43123
42981,1.05187,-3.30404
42982,1.05479,-2.73767
42983,1.04971,-3.62664
42984,1.05059,-3.62935
42985,1.047,-11.4316
42986,1.04299,-11.289
42987,1.05118,-3.85053
42990,1.05681,-3.13095
42991,1.05481,-2.88503
42992,1.05276,-4.02895
42993,1.05556,-4.0221
42994,1.06589,-3.68014
42995,1.05889,-3.33378
42996,1.05935,-3.01514
42998,1.0862,2.97539
43001,1.08536,2.96515
43002,1.06382,-8.56076
43003,1.09086,-9.2661
43004,1.06161,-8.35318
43005,1.06778,-8.47343
43006,1.06984,-8.56205
43007,1.1,2.8724
43008,1.08108,6.9807
43009,1.08515,4.1881
43010,1.09028,4.69268
43012,1.07015,4.1161
43014,1.06613,3.12282
43015,1.0663,2.76245
43016,1.07985,4.49492
43017,1.08406,4.88682
43018,1.0826,5.32523
43019,1.07855,4.33035
43020,1.08584,4.97693
43021,1.04603,-15.6517
43022,1.06639,-14.126
43023,1.05422,-10.0674
43024,1.05627,-14.8914
43025,1.06191,-13.9048
43026,1.06055,-9.55702
43027,1.05324,-13.3198
43028,1.04846,-14.0534
43030,1.0563,-14.7281
43031,1.05348,-14.8131
43032,1.0526,-14.8308
43033,1.05184,-14.8304
43037,1.05469,-14.7149
43038,1.05069,-14.3742
43039,1.05647,-13.8948
43041,1.058,-14.2169
43042,1.0538,-13.8982
43043,1.06265,-12.7752
43044,1.0622,-12.6511
43045,1.06296,-12.5526
43046,1.06482,-12.2878
43047,1.06059,-13.3868
43049,1.06171,-12.7095
43050,1.05562,-14.853
43051,1.05475,-14.7153
43052,1.05607,-14.256
43053,1.05569,-13.2564
43054,1.06357,-11.9129
43055,1.06847,-11.2783
43056,1.05485,-12.7371
43057,1.05272,-15.2865
43058,1.05099,-15.1878
43060,1.04834,-14.7147
43061,1.05243,-15.5909
43062,1.04463,-13.304
43064,1.04744,-14.1849
43066,1.05024,-15.2776
43067,1.04469,-13.961
43068,1.04503,-13.2583
43069,1.04861,-12.1653
43070,1.04695,-11.1924
43071,1.04499,-12.5914
43072,1.04292,-11.0354
43073,1.04301,-11.2571
43074,1.04329,-10.5556
43075,1.0418,-11.7113
43076,1.04406,-11.4659
43077,1.04164,-11.79
43078,1.04271,-11.1865
43080,1.04175,-12.2235
43081,1.06913,-10.936
43082,1.05376,-12.4933
43083,1.06342,-11.4079
43084,1.05288,-12.2932
43085,1.05105,-12.5407
43086,1.05697,-11.5861
43087,1.05319,-11.6823
43088,1.05013,-11.7529
43089,1.04276,-11.4267
43091,1.04378,-11.0872
43092,1.05165,-13.4725
43093,1.05086,-13.8834
43094,1.04925,-15.0259
43095,1.04849,-15.1466
43096,1.04824,-13.7335
43097,1.05096,-12.6461
43099,1.04951,-16.3847
43100,1.04896,-13.8908
43101,1.04319,-13.4353
43102,1.04208,-12.9294
43103,1.04203,-12.3884
43105,1.04072,-13.1162
43106,1.03963,-10.7904
43107,1.03708,-13.5599
43108,1.03936,-13.4701
43109,1.03811,-13.7788
43111,1.04397,-11.3246
43112,1.04505,-11.3141
43113,1.04405,-11.4334
43114,1.04284,-10.9361
43115,1.04278,-10.9567
43116,1.04193,-11.0161
43117,1.0419,-10.9999
43118,1.04279,-10.9862
43119,1.04189,-10.9372
43121,1.04354,-11.0578
43122,1.03992,-10.1846
43123,1.04311,-11.4623
43124,1.04225,-11.6151
43126,1.04286,-11.418
43128,1.04089,-10.4289
43129,1.03974,-10.0923
43130,1.04102,-10.494
43131,1.04114,-10.5356
43132,1.0411,-10.5055
43133,1.04143,-10.5667
43134,1.03443,-9.00119
43135,1.03617,-9.97041
43136,1.03608,-9.96369
43137,1.04219,-10.9277
43138,1.04247,-10.9814
43139,1.04223,-11.0297
43140,1.042,-10.8208
43141,1.04121,-9.72444
43142,1.03524,-8.59195
43143,1.03411,-8.71795
43144,1.04171,-10.8931
43145,1.04175,-10.8918
43146,1.04125,-10.7666
43149,1.03453,-8.1435
43150,1.03243,-7.29424
43151,1.03639,-10.1149
43153,1.0205,-4.39369
43154,1.03524,-15.3025
43155,1.03165,-16.1636
43156,1.02443,-14.7936
43157,1.03268,-11.9796
43158,1.03642,-13.2104
43159,1.03393,-16.1647
43160,1.03656,-16.0872
43161,1.03598,-15.6119
43162,1.03508,-15.0746
43163,1.03595,-14.6398
43164,1.0381,-14.3105
43165,1.03982,-14.4274
43166,1.03859,-14.6543
43167,1.03903,-14.8155
43168,1.0166,-15.3793
43169,1.02161,-18.3891
43171,1.01957,-15.6582
43172,1.01726,-18.7204
43174,1.01702,-18.5286
43176,1.01623,-18.5392
43177,1.01448,-18.4845
43178,1.01947,-18.8254
43179,1.0187,-18.8325
43180,1.01773,-18.0187
43182,1.03385,-15.1673
43186,1.03459,-11.8412
43187,1.05668,-11.8882
43188,1.0538,-11.8703
43189,1.0281,-6.4453
43190,1.04754,-11.5647
43192,1.07853,7.22341
43193,1.08091,5.43708
43194,1.07746,7.26189
43195,1.07816,7.09696
43196,1.07766,7.15784
43197,1.0797,6.99478
43198,1.07916,6.62124
43199,1.07071,6.83409
43200,1.0778,7.00692
43201,1.07291,8.84489
43203,1.07633,8.25142
43204,1.07204,8.36643
43205,1.0765,7.11715
43208,1.04104,-16.8627
43210,1.04265,-16.0675
43211,1.04326,-16.0056
43213,1.04113,-15.3817
43214,1.04219,-15.7251
43215,1.03758,-15.2916
43216,1.03744,-15.4052
43217,1.03794,-16.1609
43218,1.03778,-15.823
43219,1.03784,-15.5021
43220,1.03799,-16.494
43221,1.03868,-14.9759
43222,1.03845,-15.0143
43225,1.03944,-14.8548
43228,1.04068,-15.2134
43229,1.04015,-15.2777
43230,1.03961,-15.1328
43233,1.0398,-14.7615
43234,1.03881,-15.0684
43235,1.03924,-15.0046
43236,1.04218,-10.7204
43238,1.03488,-11.9535
43239,1.04214,-15.0649
43240,1.0373,-15.9076
43244,1.03695,-16.0349
43245,1.03774,-15.953
43248,1.04016,-15.2826
43250,1.04116,-16.0241
43251,1.03726,-16.0088
43252,1.03746,-16.0114
43253,1.04107,-16.0287
43254,1.04168,-16.0294
43257,1.03833,-16.037
43258,1.04016,-16.0667
43259,1.03838,-16.07
43261,1.03687,-13.8453
43262,1.03714,-14.2208
43263,1.03799,-14.5056
43264,1.03823,-14.5815
43266,1.0345,-11.7433
43267,1.03873,-16.1367
43268,1.0358,-16.7221
43270,1.04215,-16.9456
43271,1.04119,-16.8886
43272,1.03824,-16.7416
43273,1.03717,-16.2834
43275,1.03784,-16.317
43276,1.03575,-12.7374
43277,1.03869,-16.1208
43279,1.03924,-16.3848
43280,1.0389,-14.3509
43282,1.0345,-11.7575
43283,1.04941,-6.61501
43284,1.05596,-5.51268
43285,1.06757,-4.37207
43286,1.05689,-3.32909
43287,1.06037,-2.51558
43288,1.05974,-2.65264
43289,1.06511,-3.35464
43290,1.04774,-4.23346
43291,1.03987,-5.89631
43293,1.01624,-23.2328
43294,1.00673,-22.5493
43296,1.01959,-19.7928
43297,1.09032,-21.6957
43298,1.09337,-23.6149
43299,1.07734,-24.4039
43300,1.09345,-22.3955
43301,1.0763,-24.1712
43302,1.0773,-15.8506
43303,1.07861,-16.3557
43304,1.08796,-14.1551
43305,1.09573,-12.2475
43308,1.0213,-22.6828
43311,1.07396,-20.3197
43312,1.08179,-18.9228
43313,1.08262,-16.0847
43314,1.06903,-14.557
43315,1.05595,-17.0259
43316,1.0465,-18.6706
43317,1.07401,-23.9943
43318,1.07285,-23.957
43319,1.07478,-23.9406
43320,1.07617,-23.9809
43321,1.07528,-23.9248
43323,1.06499,-23.9424
43324,1.06992,-23.8127
43326,1.07248,-23.9288
43327,1.07216,-23.893
43328,1.07124,-23.6952
43330,1.072,-23.6421
43331,1.07233,-23.5838
43332,1.07235,-23.5965
43333,1.07232,-22.1408
43334,1.07711,-23.3369
43335,1.07463,-23.8565
43336,1.07548,-22.9168
43338,1.06603,-24.0463
43339,1.06488,-23.6977
43340,1.07622,-17.7448
43341,1.07573,-17.7409
43342,1.08125,-12.9913
43343,1.08009,-14.9238
43344,1.07249,-21.7128
43345,1.07356,-23.2998
43346,1.07311,-23.4588
43348,1.08524,-23.8959
43350,1.06535,-22.0701
43351,1.06324,-23.0808
43352,1.06501,-22.34
43353,1.07037,-23.7358
43354,1.06193,-23.6127
43355,1.0315,-24.7679
43356,1.03486,-24.9364
43357,1.0308,-25.1676
43359,1.03443,-24.4487
43361,1.03161,-25.1091
43363,1.05453,-23.8443
43364,1.05782,-23.966
43367,1.0465,-22.7343
43368,1.0801,-23.8775
43369,1.05351,-22.5144
43371,1.06338,-20.7576
43372,1.06555,-20.0531
43373,1.06795,-19.5669
43374,1.06898,-19.3743
43375,1.07001,-19.363
43376,1.04405,-21.9304
43377,1.04225,-21.4071
43378,1.04613,-21.1486
43379,1.04615,-20.7169
43380,1.04493,-20.6946
43381,1.04643,-20.5141
43382,1.04525,-22.7288
43383,1.05231,-20.9251
43384,1.04986,-21.5567
43386,1.04853,-23.3161
43387,1.04272,-22.4752
43388,1.04676,-20.7092
43389,1.03384,-24.017
43390,1.03386,-23.0503
43391,1.03063,-21.4474
43392,1.03367,-20.0909
43393,1.03155,-21.0522
43394,1.03147,-21.0178
43396,1.02668,-21.8489
43397,1.02472,-21.6826
43398,1.0263,-19.3942
43400,1.02496,-20.8106
43401,1.0234,-21.3882
43403,1.0625,-12.767
43404,1.06207,-11.7304
43405,1.06301,-11.1683
43406,1.06833,-9.56116
43407,1.07416,-20.0334
43408,1.068,-19.5816
43410,1.07546,-21.6295
43411,1.0678,-21.5522
43412,1.06954,-21.3843
43415,1.06666,-18.2525
43416,1.07201,-21.4619
43417,1.07216,-21.2401
43418,1.04657,-20.4827
43420,1.05509,-18.3441
43421,1.04969,-19.1351
43422,1.05453,-22.574
43423,1.04124,-20.9524
43424,1.04388,-23.573
43425,1.05134,-22.838
43426,1.05517,-24.2301
43427,1.05934,-24.318
43429,1.04842,-24.0111
43430,1.05045,-24.0386
43431,1.05014,-23.7717
43432,1.04678,-22.8653
43434,1.08165,-23.8921
43435,1.08801,-23.7079
43436,1.08553,-24.1757
43437,1.0915,-23.4264
43438,1.08498,-22.3588
43439,1.06021,-14.4907
43440,1.06676,-13.2947
43441,1.06027,-14.4428
43442,1.07481,-11.9951
43443,1.06386,-13.6392
43444,1.0628,-13.775
43446,1.06261,-5.18215
43447,1.08964,-8.29294
43448,1.07658,-12.2581
43449,1.0679,-13.7818
43452,1.05857,-19.2456
43453,1.0565,-19.1424
43454,1.04352,-19.4593
43455,1.03315,-20.7882
43456,1.05175,-25.056
43457,1.04263,-25.2063
43459,1.03648,-24.9789
43460,1.03878,-25.2667
43461,1.0341,-23.8698
43462,1.04085,-23.8618
43464,1.05188,-23.6364
43465,1.04999,-23.6965
43467,1.05357,-23.4128
43468,1.05178,-24.0237
43469,1.04809,-23.7645
43470,1.04723,-23.8047
43471,1.06003,-17.2476
43472,1.06503,-17.957
43473,1.03597,-23.6494
43474,1.02651,-24.409
43475,1.03287,-23.9033
43476,1.07522,-21.3685
43477,1.07879,-19.8446
43478,1.07395,-16.9547
43479,1.07342,-18.4208
43480,1.05255,-11.8227
43481,1.04723,-11.2751
43482,1.04936,-11.6033
43483,1.04866,-11.6229
43484,1.04809,-11.6252
43485,1.0428,-11.4849
43487,1.04745,-11.1477
43488,1.05061,-10.1806
43489,1.06186,-9.46922
43490,1.04334,-9.36099
43491,1.06362,-16.4557
43492,1.05605,-21.8823
43493,1.05919,-24.8848
43494,1.05565,-22.0789
43495,1.05458,-22.5176
43496,1.07754,-22.3486
43498,1.07745,-22.4732
43499,1.07769,-22.4525
43500,1.08372,-23.0648
43501,1.08205,-23.0427
43504,1.08075,-23.1055
43505,1.08329,-23.1763
43506,1.0935,-23.5421
43507,1.1,-23.7051
43508,1.0875,-23.344
43509,1.07968,-23.0999
43510,1.07581,-22.9449
43511,1.07789,-23.0387
43513,1.07621,-22.6056
43515,1.05909,-19.3701
43516,1.06877,-22.1555
43517,1.06084,-19.8278
43518,1.06164,-18.9284
43519,1.06059,-19.8015
43520,1.06447,-21.3189
43521,1.09079,-24.5754
43522,1.04468,-27.2424
43523,1.05449,-26.535
43524,1.0678,-26.5321
43525,1.07225,-26.5328
43526,1.0548,-24.0307
43527,1.0521,-23.5313
43528,1.05776,-21.9064
43529,1.05948,-22.313
43530,1.05981,-21.4773
43531,1.06024,-24.1336
43532,1.05214,-23.6939
43533,1.06629,-21.0366
43534,1.06163,-21.5333
43535,1.05731,-21.1375
43536,1.06622,-21.1276
43537,1.0704,-20.8837
43538,1.05683,-20.0135
43539,1.063,-18.4733
43540,1.0625,-18.5176
43541,1.03797,-17.3915
43542,1.04845,-15.9141
43543,1.04206,-16.6323
43544,1.02727,-24.8401
43545,1.02764,-24.6635
43546,1.02703,-24.0716
43547,1.02814,-23.1518
43548,1.06455,-24.4821
43551,1.05946,-23.9157
43552,1.03786,-25.407
43553,1.03977,-25.055
43554,1.02448,-23.2238
43555,1.0589,-18.9391
43556,1.05366,-20.2461
43559,1.03908,-23.0649
43560,1.0714,-19.3345
43561,1.07164,-18.5345
43562,1.07081,-21.5212
43563,1.06573,-20.6228
43564,1.04235,-23.3342
43565,1.04241,-22.6199
43566,1.03669,-23.0943
43567,1.03573,-23.3306
43568,1.04669,-22.8236
43569,1.0527,-23.444
43570,1.06151,-16.0591
43571,1.06215,-15.7241
43572,1.06391,-15.4817
43573,1.06492,-15.2238
43574,1.06315,-15.3696
43575,1.06147,-12.7311
43577,1.0505,-12.9465
43578,1.0527,-12.5534
43579,1.05523,-11.8743
43580,1.05419,-25.9078
43583,1.03367,-23.8945
43585,1.02795,-24.842
43586,1.0272,-24.9919
43587,1.05814,-20.284
43588,1.05791,-20.5184
43589,1.05962,-20.5148
43590,1.04825,-16.9404
43591,1.04706,-17.6699
43592,1.06362,-17.13
43593,1.07064,-16.2121
43595,1.05551,-18.6347
43596,1.05518,-17.7951
43597,1.05553,-18.1464
43598,1.06654,-14.5232
43599,1.06832,-14.1697
43600,1.0369,-22.6512
43602,1.03386,-23.212
43603,1.03266,-23.1386
43604,1.03288,-23.221
43605,1.03324,-23.2259
43606,1.04844,-22.6295
43607,1.03729,-23.1675
43609,1.06977,-14.8369
43610,1.1,-17.2783
43611,1.08782,-16.2054
43612,1.08493,-15.7884
43614,1.0899,-12.8976
43615,1.08575,-13.1854
43616,1.08771,-13.051
43624,1.08816,-11.62
43625,1.09012,-11.1885
43626,1.07459,-12.5911
43627,1.08191,-11.6717
43628,1.08483,-11.8309
43629,1.09444,-9.59349
43632,1.07655,-14.1068
43633,1.07896,-14.4307
43634,1.08159,-13.4899
43635,1.08396,-14.4808
43636,1.07221,-10.8822
43637,1.059,-13.4432
43638,1.04829,-16.0283
43640,1.063,-13.0819
43641,1.04788,-15.3296
43642,1.04653,-18.5839
43643,1.05246,-20.7119
43644,1.04716,-20.9205
43645,1.04433,-20.8565
43646,1.04959,-23.4287
43647,1.04811,-22.8331
43648,1.04782,-23.6108
43649,1.04497,-23.3194
43650,1.04737,-23.0134
43651,1.04639,-23.0386
43652,1.05305,-10.5824
43653,1.05395,-10.5055
43654,1.04236,-10.7086
43655,1.05616,-12.5847
43656,1.04501,-12.4574
43657,1.04428,-11.2501
43658,1.04759,-9.64112
43659,1.04827,-9.51829
43660,1.0479,-9.39804
43661,1.04797,-9.45611
43662,1.04729,-11.0025
43663,1.09052,-13.9307
43666,1.08272,-13.2109
43668,1.08001,-13.8399
43669,1.07154,-14.641
43671,1.07188,-14.653
43672,1.07126,-14.6221
43673,1.07218,-14.5535
43674,1.07774,-13.9067
43676,1.07668,-13.923
43679,1.07081,-14.6134
43680,1.07529,-13.8315
43681,1.07708,-13.7038
43682,1.07265,-14.1915
43683,1.07058,-14.4039
43684,1.07587,-13.9561
43685,1.07018,-14.6349
43686,1.06942,-14.6203
43687,1.0701,-14.5601
43688,1.07082,-14.5318
43689,1.06952,-14.0852
43690,1.07291,-14.4732
43691,1.07523,-13.8609
43692,1.07153,-14.5563
43693,1.07012,-14.6206
43694,1.0705,-14.0576
43695,1.06936,-14.1164
43696,1.0684,-14.6047
43697,1.06925,-14.1215
43698,1.07287,-14.1337
43699,1.06894,-14.0077
43700,1.0769,-16.9342
43701,1.07961,-18.4673
43702,1.07977,-16.14
43703,1.07018,-14.4001
43704,1.07329,-14.6831
43705,1.08839,-12.6412
43706,1.0754,-14.3144
43707,1.06518,-13.5934
43708,1.07654,-6.49824
43709,1.0767,-9.16264
43710,1.0567,-8.38161
43711,1.05869,-22.5003
43712,1.06221,-23.478
43713,1.06469,-23.1593
43714,1.06426,-22.734
43715,1.05338,-21.0293
43716,1.05503,-20.442
43717,1.04663,-21.8415
43718,1.04426,-24.5904
43719,1.03927,-24.5217
43721,1.04215,-23.1737
43722,1.05012,-24.2992
43723,1.04327,-22.7778
43725,1.03965,-23.1839
43727,1.04018,-23.1152
43728,1.09657,-25.0869
43729,1.06777,-26.2294
43730,1.06717,-26.1757
43732,1.08568,-24.96
43736,1.02992,-24.3172
43737,1.01996,-23.5753
43738,1.02052,-24.1652
43739,1.02995,-23.1318
43740,1.02694,-24.2681
43741,1.02454,-24.0362
43742,1.02461,-23.6858
43743,1.02343,-24.1034
43744,1.02731,-23.6132
43745,1.02733,-23.542
43746,1.06096,-14.7009
43747,1.06643,-13.4958
43748,1.0653,-13.905
43750,1.06402,-14.1083
43751,1.03566,-26.7581
43752,1.03715,-25.1458
43753,1.03701,-25.182
43754,1.06326,-16.9505
43755,1.06685,-15.108
43756,1.06601,-15.2883
43757,1.06073,-16.9473
43758,1.05992,-20.7728
43760,1.05612,-22.2504
43761,1.04721,-16.1531
43762,1.04447,-17.345
43763,1.05012,-15.8761
43764,1.03803,-18.055
43765,1.07116,-8.86141
43766,1.07526,-7.35092
43767,1.06719,-9.48658
43768,1.07227,-3.31783
43774,1.06835,-4.61003
43775,1.04911,-22.2561
43776,1.05439,-21.2625
43777,1.05811,-21.1952
43779,1.05558,-21.8944
43780,1.06093,-18.1754
43781,1.0298,-18.9927
43782,1.03085,-18.2719
43784,1.02566,-19.5095
43787,1.04435,-25.2332
43788,1.04962,-25.3554
43789,1.0515,-25.5113
43790,1.05004,-25.0275
43791,1.0658,-15.3133
43792,1.06553,-15.3343
43793,1.06493,-16.4919
43794,1.06431,-16.5106
43795,1.06538,-16.0328
43796,1.06489,-16.3877
43797,1.04416,-22.5481
43798,1.03982,-22.7385
43799,1.04361,-21.8778
43800,1.06121,-20.9355
43801,1.06101,-20.9014
43802,1.0614,-20.9221
43803,1.06179,-20.8302
43804,1.0618,-20.8903
43805,1.06477,-17.0531
43806,1.06343,-20.8829
43807,1.06327,-20.7777
43808,1.06317,-21.0946
43809,1.06188,-21.4269
43810,1.06526,-20.7939
43811,1.05795,-22.3219
43812,1.05978,-21.9995
43813,1.05734,-22.4401
43814,1.0568,-22.4875
43815,1.05589,-22.6825
43816,1.05464,-22.5563
43817,1.05545,-22.3925
43818,1.05656,-22.183
43819,1.06085,-21.7384
43821,1.06305,-20.293
43822,1.06178,-21.1387
43823,1.06173,-20.9758
43824,1.0611,-20.8384
43825,1.07061,-20.7165
43826,1.06077,-21.7439
43827,1.0592,-21.9522
43828,1.05677,-22.1597
43829,1.05705,-22.1299
43830,1.05511,-22.4127
43831,1.0546,-22.4947
43832,1.05502,-22.383
43833,1.05628,-22.1831
43834,1.06444,-20.5028
43835,1.06621,-20.0063
43836,1.05565,-22.2275
43837,1.05522,-22.1807
43838,1.05917,-21.7011
43840,1.0632,-20.6321
43841,1.06366,-20.5815
43842,1.05921,-21.5988
43843,1.05782,-21.8133
43844,1.05894,-21.6413
43845,1.05803,-21.7728
43848,1.06316,-20.5074
43849,1.06082,-21.2953
43851,1.06887,-20.7619
43852,1.06391,-20.482
43853,1.07183,-20.6806
43854,1.05762,-21.4382
43856,1.05676,-22.03
43857,1.06526,-20.5249
43858,1.05724,-21.9665
43859,1.05846,-21.7759
43860,1.05987,-21.5828
43861,1.06404,-20.8156
43862,1.06553,-20.6736
43864,1.0546,-22.9946
43865,1.05743,-23.6094
43866,1.05527,-23.0654
43867,1.05507,-22.8502
43869,1.09379,-12.9829
43870,1.06627,-20.6431
43871,1.06271,-21.2587
43872,1.05979,-21.4006
43873,1.05968,-21.3989
43874,1.06378,-20.9619
43875,1.06762,-20.056
43876,1.06097,-20.5248
43877,1.06798,-21.0114
43884,1.05348,-22.8324
43885,1.05317,-23.0214
43887,1.05504,-23.3054
43888,1.05396,-22.725
43889,1.05441,-23.5278
43890,1.05721,-23.109
43891,1.05562,-23.2955
43892,1.06415,-24.6924
43893,1.06384,-24.488
43895,1.0561,-22.0356
43896,1.05658,-22.7621
43897,1.06195,-20.6487
43899,1.06998,-14.3427
43902,1.06292,-13.1662
43903,1.06547,-14.5553
43904,1.02105,-17.5167
43905,1.03128,-17.3829
43906,1.06521,-13.4876
43913,1.06418,-13.4054
43914,1.06399,-13.397
43915,1.06464,-13.4002
43916,1.06387,-13.3466
43918,1.06964,-12.9154
43919,1.06529,-13.4371
43920,1.07041,-12.8896
43921,1.06338,-11.908
43924,1.0705,-12.9095
43927,1.06819,-12.767
43928,1.0433,-18.5415
43930,1.1,-12.4502
43931,1.05964,-17.6882
43932,1.05067,-18.5383
43935,1.04835,-19.6482
43936,1.04898,-19.5879
43937,1.03841,-21.0919
43938,1.0461,-20.3908
43939,1.06653,-8.36497
43940,1.07343,-10.7188
43941,1.06829,-11.4431
43942,1.07468,-10.4058
43943,1.06496,-11.2989
43945,1.06582,-11.1124
43946,1.07158,-11.151
43948,1.07082,-11.1185
43949,1.07071,-11.1503
43950,1.07409,-10.6058
43951,1.07274,-10.6349
43952,1.07112,-11.0888
43953,1.07118,-11.1214
43955,1.07165,-11.1417
43956,1.07151,-11.1328
43957,1.07163,-11.1054
43958,1.07004,-11.1465
43959,1.0698,-11.1276
43960,1.06911,-11.165
43961,1.0725,-10.6218
43962,1.07383,-10.5257
43965,1.06775,-11.2174
43966,1.07276,-10.5007
43967,1.07171,-10.7391
43968,1.0683,-11.2166
43971,1.07253,-10.7258
43972,1.07271,-10.7313
43974,1.07276,-10.7359
43975,1.07186,-11.1214
43977,1.07515,-10.6451
43978,1.07277,-10.734
43979,1.07155,-10.8118
43980,1.07247,-11.0036
43981,1.07234,-11.0632
43982,1.06969,-10.8512
43983,1.07314,-10.7049
43984,1.07232,-11.2256
43985,1.07289,-10.6418
43986,1.02369,-20.4242
43988,1.02421,-19.6956
43989,1.0231,-20.2444
43990,1.06673,-17.6291
43991,1.07637,-18.3555
43992,1.06374,-19.3319
43993,1.06158,-19.5368
43994,1.06351,-16.8288
43995,1.06305,-16.1997
43996,1.0746,-18.1428
43997,1.04957,-24.3435
43998,1.03649,-25.515
44000,1.03608,-25.5181
44001,1.03592,-25.5113
44004,1.03345,-25.6579
44005,1.03705,-25.4948
44006,1.0445,-24.3306
44007,1.03718,-25.4171
44011,1.04391,-23.1232
44013,1.03776,-23.4171
44014,1.03901,-24.2315
44015,1.02475,-23.3184
44016,1.08065,-24.7114
44017,1.04976,-22.0155
44018,1.04692,-24.5234
44019,1.03809,-24.5837
44021,1.0316,-22.366
44022,1.03482,-21.4963
44023,1.01412,-21.3839
44024,1.01662,-21.0344
44025,1.02101,-20.2867
44027,1.02325,-23.9554
44028,1.01748,-24.8342
44029,1.02307,-23.9637
44030,1.06045,-15.4218
44032,1.07351,-18.8346
44034,1.07413,-18.8541
44036,1.07905,-18.4826
44042,1.08687,-18.0734
44049,1.06856,-14.4418
44053,1.0656,-20.0767
44056,1.05894,-15.9964
44057,1.07635,-12.7425
44060,1.06455,-20.6399
44061,1.04992,-22.4458
44063,1.03818,-25.4671
44064,1.03653,-25.3223
44065,1.03635,-25.132
44067,1.04394,-26.5351
44068,1.03925,-26.2627
44069,1.03862,-26.0881
44070,1.03622,-26.2791
44071,1.06429,-26.4694
44072,1.03635,-24.1031
44073,1.03549,-25.3072
44074,1.03033,-25.6281
44075,1.06921,-23.2579
44076,1.06589,-20.1326
44077,1.06311,-21.286
44078,1.0525,-26.2335
44079,1.05313,-25.9833
44080,1.05297,-25.8225
44081,1.0582,-25.4809
44082,1.05003,-25.0146
44083,1.06852,-13.5752
44096,1.06874,-14.3895
44098,1.06839,-14.4677
44100,1.06957,-14.2774
44102,1.06989,-14.0978
44104,1.06756,-15.4212
44106,1.06643,-15.4089
44107,1.07154,-12.8885
44108,1.07189,-21.2536
44109,1.07404,-21.0114
44110,1.07441,-20.7444
44111,1.05886,-19.3098
44113,1.06124,-18.3283
44114,1.06389,-18.158
44115,1.05073,-21.845
44116,1.04401,-31.8787
44117,1.04877,-29.1196
44118,1.04072,-33.1495
44119,1.03182,-35.7879
44120,1.03907,-34.6965
44121,1.03942,-34.2294
44122,1.05612,-34.9293
44123,1.0525,-35.309
44124,1.04617,-35.8593
44125,1.05203,-35.9878
44126,1.04587,-35.6009
44127,1.05832,-36.0361
44128,1.05571,-36.1491
44129,1.07388,-36.6848
44130,1.05152,-35.3909
44131,1.04638,-35.0078
44132,1.05046,-35.3475
44133,1.04851,-35.4828
44134,1.05132,-35.6789
44135,1.05259,-35.7733
44136,1.0536,-35.0493
44137,1.05332,-35.0719
44138,1.05098,-35.577
44139,1.05087,-35.3986
44140,1.05811,-36.4664
44141,1.05748,-36.2132
44142,1.05348,-35.794
44144,1.05517,-34.9406
44145,1.05604,-34.896
44146,1.05246,-34.3997
44147,1.05277,-33.7935
44148,1.05287,-33.9015
44150,1.04777,-35.5093
44151,1.05025,-35.693
44152,1.05503,-33.9587
44153,1.05321,-34.1054
44154,1.05273,-35.042
44155,1.0529,-35.0123
44156,1.0536,-34.9177
44157,1.05764,-34.3324
44160,1.0558,-34.6566
44164,1.0542,-34.8404
44165,1.05835,-34.2824
44167,1.05589,-34.9592
44171,1.06381,-33.7433
44172,1.05501,-34.9579
44175,1.05471,-34.9133
44178,1.05996,-34.3092
44179,1.06037,-34.2474
44180,1.06095,-34.1883
44181,1.06314,-33.7634
44182,1.05304,-34.4893
44186,1.05527,-34.8277
44187,1.05647,-34.3451
44188,1.05619,-34.2991
44189,1.05759,-34.0304
44190,1.06206,-34.0495
44191,1.05731,-24.5598
44192,1.06148,-33.4737
44193,1.06318,-33.4554
44194,1.05863,-33.449
44195,1.0568,-33.3692
44196,1.05783,-33.3037
44197,1.06127,-33.0329
44198,1.05928,-33.1624
44199,1.05961,-33.6954
44201,1.05739,-32.9236
44202,1.05718,-32.6756
44203,1.05943,-33.0962
44204,1.04406,-35.3164
44208,1.03265,-46.8711
44209,1.02896,-47.5329
44210,1.02857,-47.9128
44211,1.02916,-48.2248
44212,1.04116,-47.3287
44213,1.05363,-47.6694
44214,1.03364,-42.8426
44215,1.04189,-31.6184
44216,1.03777,-31.8494
44217,1.03642,-31.1737
44218,1.03528,-30.6857
44222,1.04405,-31.6152
44223,1.03775,-29.4304
44224,1.03966,-29.7898
44225,1.04619,-36.0047
44227,1.04266,-37.8579
44230,1.05161,-35.7559
44231,1.06302,-34.6387
44233,1.05895,-32.1072
44234,1.02386,-43.5605
44235,1.031,-45.124
44236,1.02393,-42.8705
44237,1.06293,-28.2601
44238,1.06475,-26.9774
44239,1.07017,-26.4564
44240,1.0645,-26.8055
44241,1.06662,-27.0239
44243,1.06364,-26.8728
44244,1.06183,-27.458
44245,1.06482,-33.7954
44246,1.0719,-33.5674
44247,1.0633,-26.9126
44248,1.06202,-27.4742
44249,1.06287,-27.452
44250,1.06134,-27.7398
44251,1.06448,-32.3995
44252,1.0627,-27.4521
44254,1.0522,-35.3037
44255,1.05264,-35.2876
44256,1.04871,-35.6719
44257,1.05818,-36.2742
44258,1.05067,-36.5862
44259,1.03788,-33.6502
44260,1.05499,-35.5629
44261,1.04338,-30.2152
44262,1.03246,-31.5724
44263,1.03793,-30.9507
44264,1.03534,-32.8084
44265,1.03032,-33.4223
44267,1.03623,-31.5461
44269,1.05394,-36.2109
44270,1.04594,-35.855
44271,1.04376,-35.4615
44273,1.05206,-34.0664
44274,1.04948,-33.9184
44275,1.05003,-33.7724
44277,1.05011,-33.9168
44279,1.05101,-33.5528
44281,1.05268,-33.4233
44282,1.05315,-31.6831
44283,1.05215,-32.9611
44284,1.04912,-33.5727
44285,1.05199,-34.8246
44286,1.04994,-33.8365
44287,1.04093,-31.954
44289,1.05411,-28.0041
44290,1.04599,-30.5371
44291,1.03997,-32.1225
44292,1.03877,-32.8354
44294,1.04607,-34.6111
44295,1.05121,-36.0582
44296,1.03854,-37.0561
44297,1.00587,-43.1602
44300,1.01989,-42.378
44302,1.0274,-36.748
44303,1.0287,-36.7627
44304,1.03142,-36.5172
44305,1.04728,-34.0377
44306,1.03832,-35.4155
44307,1.04633,-34.1036
44308,1.04729,-34.0212
44309,1.0437,-34.6221
44310,1.04098,-35.1506
44311,1.05421,-45.3904
44312,1.05937,-46.0071
44313,1.06047,-46.108
44319,1.04489,-47.3329
44320,1.05409,-45.2041
44321,1.05302,-44.7092
44322,1.07403,-47.8972
44323,1.03546,-48.5914
44325,1.04675,-36.1564
44327,1.05435,-25.1207
44328,1.04267,-25.7626
44329,1.03957,-30.2499
44330,1.03225,-29.5562
44331,1.03146,-27.8038
44332,1.06026,-25.0293
44333,1.04244,-32.768
44334,1.04063,-33.8798
44335,1.03995,-35.0517
44336,1.04454,-35.5228
44337,1.0418,-35.0126
44338,1.04143,-35.1127
44339,1.04549,-36.0306
44340,1.05269,-35.4451
44341,1.04915,-36.1503
44342,1.05045,-36.1537
44343,1.05705,-35.4494
44344,1.0505,-36.0126
44345,1.05119,-36.0805
44346,1.05708,-35.8824
44347,1.0496,-36.1478
44348,1.03902,-34.1403
44349,1.06127,-31.5056
44350,1.06143,-31.5969
44351,1.06232,-31.4673
44352,1.06228,-31.4719
44353,1.0649,-31.2489
44354,1.06182,-31.3584
44355,1.06188,-31.3609
44356,1.06228,-31.3376
44357,1.06754,-31.0552
44358,1.07158,-30.6409
44359,1.07257,-30.6659
44360,1.06528,-29.9267
44361,1.06607,-30.6456
44362,1.06259,-31.3076
44363,1.06463,-31.049
44365,1.06868,-30.5077
44366,1.06543,-30.5591
44367,1.05953,-31.9391
44368,1.06064,-31.5176
44369,1.06035,-31.4814
44370,1.06079,-31.6067
44371,1.0537,-32.3542
44372,1.05689,-31.5333
44373,1.05397,-32.3727
44374,1.054,-32.3748
44375,1.05484,-32.2618
44376,1.05549,-32.137
44377,1.06046,-31.3565
44379,1.05855,-31.4643
44380,1.05732,-31.9534
44381,1.05565,-32.0614
44382,1.05619,-31.9807
44384,1.05691,-31.8918
44385,1.05698,-31.9046
44386,1.05834,-31.7288
44387,1.0555,-32.1092
44388,1.05523,-32.1923
44389,1.05495,-32.2041
44390,1.05422,-32.3584
44392,1.05312,-32.4266
44393,1.05322,-32.4422
44394,1.05321,-32.4597
44396,1.05542,-32.2177
44397,1.05669,-31.54
44398,1.05342,-32.4527
44399,1.05507,-32.2797
44400,1.05439,-32.3803
44401,1.05519,-32.1694
44402,1.055,-32.1903
44403,1.05593,-32.1436
44405,1.05524,-32.3048
44406,1.05561,-32.2904
44408,1.05428,-32.4502
44409,1.05604,-32.389
44410,1.05635,-32.3466
44411,1.05866,-32.0884
44412,1.05908,-32.0939
44413,1.05716,-32.2676
44414,1.05922,-32.2605
44415,1.07454,-31.1027
44416,1.05718,-31.9902
44417,1.05663,-32.1607
44418,1.05622,-32.1694
44419,1.05955,-31.7104
44420,1.06569,-30.7204
44421,1.0564,-32.2402
44422,1.05914,-31.9738
44423,1.06435,-31.748
44424,1.06835,-31.1241
44425,1.06401,-31.3963
44426,1.06106,-31.9664
44428,1.06862,-30.239
44429,1.06392,-28.3164
44430,1.06144,-31.4771
44432,1.06603,-30.7328
44433,1.06236,-31.3772
44434,1.06362,-31.2463
44435,1.06373,-27.5223
44436,1.06577,-27.5223
44437,1.06525,-27.5375
44439,1.06411,-27.465
44440,1.06796,-27.3896
44441,1.06842,-28.7382
44442,1.0665,-31.2207
44443,1.06532,-31.25
44444,1.057,-27.3036
44445,1.05582,-27.2501
44446,1.05374,-28.2606
44447,1.0641,-26.7911
44448,1.05671,-27.077
44449,1.02066,-44.6576
44450,1.0208,-46.0504
44453,1.02354,-44.0342
44454,1.0212,-45.2149
44456,1.02176,-44.3187
44457,1.01999,-45.0862
44458,1.06297,-28.6226
44459,1.0574,-29.9896
44461,1.05221,-29.3257
44462,1.06367,-26.2403
44463,1.06427,-26.5554
44464,1.08472,-25.3538
44465,1.0658,-24.7245
44466,1.06084,-25.6734
44467,1.06645,-26.0382
44468,1.05905,-26.0923
44469,1.07896,-25.5481
44470,1.07112,-26.5249
44471,1.06375,-27.8974
44472,1.07964,-25.5289
44473,1.06896,-26.7531
44474,1.06959,-26.2977
44475,1.07001,-26.1423
44476,1.07034,-26.209
44477,1.07079,-26.1673
44478,1.0689,-26.693
44479,1.05998,-24.9238
44480,1.06545,-26.5009
44481,1.06492,-26.5913
44482,1.0658,-26.6872
44483,1.06548,-27.8579
44484,1.06667,-27.5184
44485,1.05957,-29.1843
44486,1.06753,-28.4945
44487,1.05373,-29.1367
44488,1.05934,-27.3322
44489,1.06493,-27.2047
44490,1.03087,-48.4905
44491,1.02904,-47.3643
44492,1.0608,-33.5376
44493,1.06055,-33.9044
44494,1.05975,-33.508
44495,1.0606,-33.2248
44497,1.06213,-33.1252
44498,1.06081,-33.5107
44500,1.06124,-33.4941
44503,1.059,-33.6968
44504,1.06604,-33.1204
44505,1.05858,-33.5474
44507,1.05628,-33.7151
44508,1.05621,-33.6248
44509,1.05643,-33.588
44511,1.05621,-33.558
44512,1.05637,-33.5337
44513,1.05649,-33.4732
44514,1.05653,-32.9547
44515,1.05612,-33.3894
44516,1.05607,-33.3382
44518,1.05654,-33.3498
44519,1.05642,-33.19
44520,1.05502,-33.0645
44521,1.05551,-33.0326
44522,1.05475,-33.0799
44524,1.05821,-33.2148
44525,1.05968,-32.9645
44526,1.05456,-33.0763
44528,1.05898,-32.04
44529,1.06864,-32.4099
44530,1.06405,-33.6006
44531,1.06266,-33.8268
44532,1.05986,-34.4615
44533,1.06177,-33.9542
44534,1.0631,-33.7423
44535,1.0597,-34.1831
44536,1.06196,-33.5693
44537,1.06371,-33.6106
44538,1.05755,-34.3134
44539,1.05768,-34.5245
44540,1.05661,-34.3176
44541,1.05606,-34.3111
44542,1.05622,-34.2884
44543,1.05603,-34.3235
44544,1.05648,-34.2987
44546,1.05753,-33.924
44547,1.05691,-34.0754
44548,1.05765,-33.771
44549,1.0559,-34.4839
44550,1.05648,-34.2962
44551,1.0564,-34.2998
44552,1.05553,-34.3525
44553,1.0546,-34.2518
44554,1.05565,-34.065
44555,1.0627,-33.6648
44556,1.05721,-33.8275
44557,1.05699,-33.8638
44558,1.06375,-33.6095
44559,1.0573,-33.8623
44560,1.0634,-33.4486
44561,1.05933,-33.7061
44562,1.05892,-33.6842
44563,1.06072,-33.2619
44564,1.06127,-33.3044
44565,1.05911,-33.7316
44566,1.05945,-33.7118
44567,1.05949,-33.6894
44568,1.05941,-33.6928
44569,1.06695,-33.1911
44570,1.05979,-33.6396
44571,1.06814,-33.1523
44572,1.05947,-33.6244
44573,1.05993,-33.1733
44574,1.05935,-33.0406
44575,1.05928,-33.0469
44576,1.05997,-33.5182
44577,1.0597,-33.3543
44578,1.05942,-33.4527
44579,1.06054,-33.2951
44580,1.05966,-33.2859
44581,1.05975,-33.2231
44582,1.06618,-32.6797
44584,1.06789,-32.5745
44585,1.05987,-33.0818
44587,1.06276,-32.8501
44588,1.06413,-32.7911
44589,1.05914,-33.1568
44590,1.05946,-33.1003
44591,1.05999,-33.029
44592,1.05676,-32.8907
44593,1.05717,-32.8552
44594,1.05755,-32.8184
44595,1.05614,-32.8729
44596,1.0565,-32.8062
44597,1.05676,-32.7551
44599,1.05622,-32.8447
44600,1.05645,-32.7993
44601,1.05779,-31.5077
44602,1.05637,-32.6339
44603,1.0561,-32.6032
44604,1.0551,-32.3881
44605,1.05545,-32.4764
44606,1.0709,-31.9442
44607,1.05621,-32.55
44608,1.06158,-32.7254
44609,1.06097,-32.8635
44610,1.0604,-32.9619
44611,1.05658,-32.4251
44612,1.05927,-32.5764
44613,1.05524,-32.4693
44614,1.05535,-32.449
44615,1.05563,-32.4122
44616,1.05555,-32.3428
44617,1.0577,-32.3987
44618,1.06294,-32.4167
44619,1.06468,-32.2584
44620,1.05808,-31.854
44621,1.0557,-32.3797
44622,1.05758,-32.1164
44623,1.06147,-31.3891
44624,1.05542,-32.7145
44625,1.05776,-32.334
44626,1.05745,-30.8022
44627,1.05689,-32.3085
44628,1.05825,-31.0676
44629,1.05784,-31.7636
44630,1.05668,-32.3324
44631,1.05723,-32.3557
44632,1.05728,-32.339
44634,1.05974,-32.9617
44635,1.05778,-31.3818
44636,1.05558,-33.1335
44637,1.05804,-32.7717
44639,1.0575,-33.0072
44640,1.05527,-32.8981
44641,1.05765,-32.4188
44642,1.0575,-32.8823
44643,1.05724,-32.9214
44644,1.05867,-33.6343
44645,1.0601,-33.1853
44646,1.06002,-33.1525
44647,1.05782,-34.087
44648,1.06056,-33.1736
44649,1.05653,-34.4009
44651,1.05583,-34.365
44652,1.05578,-34.3009
44653,1.05476,-34.2885
44654,1.06391,-30.8338
44660,1.0576,-34.2155
44662,1.05616,-34.8721
44663,1.05462,-34.9105
44664,1.05477,-34.9541
44665,1.0589,-34.4077
44666,1.05892,-34.3204
44667,1.05746,-34.1863
44668,1.05724,-34.2224
44669,1.05932,-34.5876
44670,1.05936,-34.4261
44671,1.05927,-33.9925
44672,1.05741,-34.208
44673,1.06147,-34.7252
44674,1.05943,-34.5126
44675,1.05999,-34.5872
44676,1.06362,-33.7517
44677,1.06065,-34.1476
44678,1.06345,-33.7662
44679,1.06577,-33.5109
44680,1.05849,-34.7652
44681,1.06032,-34.6214
44682,1.05999,-34.5525
44683,1.05804,-34.4583
44684,1.06173,-34.057
44685,1.05964,-34.2849
44686,1.05442,-34.981
44687,1.055,-34.831
44688,1.0578,-34.4143
44689,1.05533,-34.844
44690,1.05773,-34.2099
44691,1.05689,-34.3586
44692,1.05557,-34.4045
44693,1.06758,-35.507
44694,1.06418,-35.2533
44695,1.05863,-34.2898
44696,1.05184,-34.9396
44698,1.05038,-34.7036
44699,1.0554,-33.6761
44700,1.05514,-33.3417
44701,1.04931,-34.2868
44702,1.04903,-34.1052
44704,1.05143,-34.8777
44705,1.05219,-34.9182
44706,1.06066,-35.5788
44707,1.06004,-33.4862
44708,1.06071,-33.3805
44709,1.05931,-33.2591
44710,1.05958,-33.5196
44711,1.05808,-33.761
44712,1.05876,-33.6221
44713,1.06322,-33.0492
44714,1.05845,-33.696
44715,1.06245,-33.16
44716,1.06123,-33.4637
44718,1.0586,-33.691
44719,1.0581,-33.7628
44720,1.06366,-33.0261
44721,1.06198,-33.3903
44722,1.06933,-32.3715
44723,1.05893,-33.6886
44725,1.0618,-33.4543
44727,1.05894,-33.6975
44728,1.0663,-32.7167
44729,1.06717,-32.6287
44730,1.0661,-33.113
44731,1.06601,-29.62
44732,1.06159,-33.5199
44733,1.05703,-33.736
44734,1.06318,-33.3252
44735,1.07592,-32.5039
44736,1.06184,-33.5111
44737,1.05663,-33.7416
44738,1.05659,-33.717
44739,1.05876,-33.5537
44740,1.05633,-33.7314
44741,1.05637,-33.7195
44742,1.05654,-33.6982
44743,1.05858,-33.5232
44744,1.06234,-33.3459
44746,1.05917,-33.6766
44747,1.05664,-33.698
44748,1.05631,-33.6951
44749,1.05649,-33.6657
44752,1.06159,-33.3446
44753,1.05631,-32.939
44754,1.05762,-33.6827
44755,1.05597,-33.1075
44756,1.0567,-32.9225
44757,1.05692,-32.8893
44758,1.05689,-32.8913
44759,1.05751,-32.7387
44760,1.05873,-33.6564
44761,1.05618,-33.4883
44762,1.05604,-33.5069
44763,1.05605,-33.442
44764,1.05665,-32.9323
44765,1.0592,-33.6034
44766,1.05632,-33.3952
44767,1.0561,-33.3682
44768,1.05617,-33.1496
44769,1.05525,-33.0673
44770,1.05575,-32.9684
44771,1.05536,-32.9589
44772,1.05952,-32.9815
44773,1.05612,-33.3305
44774,1.05496,-33.0776
44776,1.05748,-33.2612
44777,1.0571,-33.2834
44778,1.0599,-32.9644
44779,1.05574,-33.2077
44780,1.05922,-33.7405
44781,1.05914,-33.7386
44782,1.0618,-30.4607
44783,1.07104,-32.3903
44784,1.05803,-33.7664
44785,1.05681,-33.5525
44786,1.05885,-33.4691
44787,1.05662,-33.611
44788,1.06695,-32.6421
44789,1.05928,-33.6628
44790,1.05493,-33.0166
44792,1.08772,-23.1498
44793,1.07862,-24.9478
44794,1.08824,-22.1307
44795,1.08944,-21.5573
44796,1.03317,-33.4957
44797,1.01944,-37.2712
44798,1.03222,-34.2892
44799,1.02815,-35.6315
44800,1.01341,-41.203
44801,1.01398,-40.5746
44802,1.02329,-36.7583
44804,1.01688,-38.7686
44805,1.02608,-38.0174
44806,1.01832,-38.6799
44807,1.0309,-37.1352
44808,1.03905,-36.9595
44809,1.03258,-37.4877
44812,1.05397,-24.4385
44814,1.04547,-25.7612
44815,1.04186,-26.3912
44816,1.06299,-24.4359
44818,1.05397,-22.6761
44819,1.05084,-23.7099
44820,1.04709,-24.8353
44821,1.04645,-27.0891
44822,1.05342,-22.2638
44823,1.04264,-23.8033
44824,1.05478,-19.3593
44825,1.05438,-20.2482
44826,1.03199,-36.8335
44827,1.03493,-36.2192
44828,1.03034,-36.8231
44829,1.02397,-37.7435
44830,1.04109,-43.3704
44831,1.03919,-41.9207
44832,1.03297,-44.0213
44833,1.03829,-42.5615
44834,1.04168,-42.8381
44836,1.04369,-43.1291
44837,1.04493,-43.0423
44838,1.04111,-43.3733
44839,1.04393,-43.102
44840,1.05044,-42.4146
44841,1.05454,-42.7119
44843,1.05249,-29.266
44845,1.05333,-29.4376
44846,1.05258,-30.6811
44847,1.04716,-26.3744
44848,1.01778,-41.4835
44849,1.01306,-40.4572
44850,1.0194,-41.0204
44851,1.05993,-28.0084
44852,1.06586,-25.4595
44853,1.0613,-24.898
44855,1.05917,-31.8607
44856,1.06242,-30.1214
44857,1.06798,-30.4588
44858,1.0692,-29.9467
44859,1.07397,-29.8178
44860,1.06001,-30.6158
44861,1.00504,-36.0028
44862,1.00536,-34.3142
44863,1.01374,-38.9817
44866,1.01156,-36.8186
44867,1.01688,-38.5537
44868,1.00794,-35.87
44870,1.0354,-38.2182
44871,1.05431,-44.1527
44872,1.06973,-43.7219
44873,1.05641,-44.376
44874,1.05921,-42.0496
44875,1.03673,-37.4619
44877,1.03579,-39.4708
44878,1.03816,-39.5952
44879,1.04607,-29.4167
44881,1.0453,-30.1819
44882,1.04593,-29.9417
44883,1.03339,-30.1014
44884,1.03788,-29.403
44885,1.04347,-28.3378
44886,1.04317,-28.0213
44887,1.04251,-28.2734
44888,1.04314,-29.2592
44889,1.0405,-40.3749
44890,1.03754,-40.626
44891,1.0388,-40.5767
44892,1.04257,-39.3439
44894,1.04244,-41.672
44895,1.04435,-35.367
44896,1.0454,-35.8272
44897,1.0516,-34.5083
44898,1.04881,-35.0615
44899,1.0375,-35.9774
44900,1.0449,-36.2467
44901,1.04387,-36.2237
44902,1.05389,-35.6482
44903,1.05929,-34.508
44904,1.08472,-31.8872
44905,1.05583,-36.0027
44906,1.04648,-37.1757
44907,1.06775,-34.1458
44908,1.05803,-34.1318
44909,1.05534,-36.0776
44910,1.03009,-27.4186
44911,1.03142,-27.2963
44912,1.03059,-27.365
44913,1.0323,-27.227
44914,1.03442,-27.1068
44915,1.0328,-27.1815
44916,1.03725,-26.8007
44917,1.04503,-26.4111
44918,1.05046,-26.4021
44919,1.05683,-24.6564
44920,1.06935,-24.7438
44921,1.01751,-32.035
44922,1.00138,-33.3743
44923,1.03444,-27.3858
44924,1.05084,-35.4761
44925,1.04875,-32.9771
44926,1.06572,-28.8834
44927,1.05703,-31.2009
44928,1.06388,-27.2384
44930,1.06149,-26.7434
44931,1.03951,-24.0612
44933,1.04886,-23.3989
44934,1.04547,-24.2727
44935,1.05131,-24.438
44936,1.05015,-24.2693
44939,1.04838,-42.5028
44940,1.06809,-25.3848
44941,1.06757,-25.4385
44942,1.0683,-25.3617
44943,1.06637,-25.538
44944,1.06799,-25.3985
44945,1.06705,-25.6454
44946,1.06683,-25.5422
44947,1.06549,-25.7519
44948,1.06653,-25.6143
44949,1.06704,-25.3902
44951,1.06519,-25.496
44952,1.06599,-25.377
44953,1.058,-25.1123
44956,1.06942,-25.4093
44957,1.06845,-25.5756
44958,1.0657,-25.8612
44959,1.06627,-25.7657
44961,1.07064,-25.2166
44963,1.06907,-25.5607
44964,1.06513,-26.0704
44965,1.06523,-25.997
44966,1.06499,-26.1912
44967,1.05946,-26.6233
44968,1.06769,-25.6511
44969,1.06691,-26.2073
44970,1.06513,-25.0867
44971,1.06216,-25.1167
44972,1.06539,-25.9023
44974,1.03341,-48.6381
44975,1.03914,-48.9433
44976,1.02801,-48.5556
44977,1.03972,-43.1669
44978,1.02609,-44.1168
44979,1.03935,-48.9828
44980,1.04222,-48.8717
44981,1.08405,-50.9386
44982,1.04982,-50.2412
44983,1.04599,-49.6672
44984,1.02718,-48.8852
44985,1.02175,-44.5922
44987,1.02212,-43.7978
44988,1.02791,-48.8576
44989,1.04459,-49.9137
44992,1.04701,-29.4058
44993,1.0368,-24.4922
44995,1.03676,-33.9527
44996,1.03141,-35.3423
44997,1.03207,-35.7221
44998,1.04133,-34.0312
44999,1.02657,-36.9097
45000,1.02135,-37.718
45001,1.02253,-37.6662
45002,1.02023,-38.1996
45003,1.00237,-35.0857
45004,0.99942,-34.8661
45005,0.999298,-34.8086
45006,1.00023,-34.4788
45007,1.00557,-33.0358
45012,1.04457,-33.464
45014,1.03855,-35.6436
45015,1.04046,-36.3227
45016,1.0482,-36.3408
45017,1.04546,-34.889
45018,1.01807,-44.5541
45019,1.02197,-44.4611
45020,1.0346,-44.429
45021,1.01913,-44.7326
45022,1.06545,-32.2002
45023,1.05906,-32.4907
45024,1.05863,-32.481
45025,1.05822,-32.4428
45026,1.05775,-32.4367
45027,1.05876,-32.2209
45029,1.0571,-32.3979
45031,1.05718,-32.3781
45034,1.05766,-32.3437
45035,1.05729,-32.373
45036,1.05722,-32.3658
45037,1.05825,-32.3764
45038,1.05963,-31.9431
45040,1.05795,-32.2817
45041,1.05737,-32.3485
45042,1.05952,-31.9067
45043,1.05781,-32.32
45044,1.0583,-32.2895
45045,1.05909,-32.2413
45046,1.06576,-32.2503
45047,1.06333,-32.2761
45048,1.05854,-32.5252
45049,1.05848,-32.4926
45050,1.05917,-32.2689
45051,1.059,-32.2607
45052,1.05831,-32.3116
45053,1.05848,-32.2551
45055,1.06042,-31.8274
45056,1.05982,-31.8755
45057,1.05826,-32.7758
45058,1.0611,-32.2887
45059,1.05951,-32.2643
45060,1.05838,-32.3042
45061,1.06011,-31.8228
45062,1.0585,-32.1763
45063,1.05856,-32.2837
45064,1.05853,-32.2225
45065,1.06025,-31.8089
45066,1.06063,-31.7367
45067,1.05823,-32.1477
45068,1.05982,-31.8691
45069,1.05806,-32.2292
45070,1.0586,-32.1295
45071,1.05894,-32.0974
45072,1.05945,-32.0472
45073,1.05985,-32.0909
45074,1.05818,-32.5538
45075,1.06019,-32.2735
45076,1.05845,-32.5329
45077,1.05977,-32.2459
45078,1.05923,-32.2141
45079,1.05852,-32.1982
45080,1.05867,-32.2981
45082,1.06057,-31.7713
45084,1.06012,-31.8294
45086,1.05931,-32.2108
45087,1.05943,-32.1988
45088,1.05944,-32.1958
45089,1.06015,-31.929
45090,1.05932,-32.1782
45091,1.05952,-32.2074
45092,1.06125,-31.6627
45093,1.06228,-30.2548
45094,1.06104,-31.5238
45096,1.06095,-31.6616
45097,1.0595,-32.1072
45098,1.05576,-32.7675
45099,1.05756,-32.3328
45100,1.05767,-32.6745
45101,1.05946,-32.6668
45102,1.0619,-32.4118
45103,1.06145,-31.6715
45104,1.06103,-31.7705
45105,1.05807,-32.3657
45106,1.05973,-32.7596
45107,1.06049,-31.928
45108,1.06044,-32.8581
45109,1.05716,-33.4662
45110,1.06848,-33.4597
45111,1.07333,-33.2823
45112,1.05835,-33.4211
45113,1.05973,-33.3367
45114,1.05801,-34.0831
45115,1.05971,-33.8424
45116,1.06165,-33.6133
45117,1.06059,-33.397
45118,1.06157,-33.3898
45119,1.06211,-33.3705
45120,1.05714,-34.227
45121,1.05845,-33.396
45122,1.0573,-34.1464
45123,1.05848,-33.629
45124,1.05887,-32.0346
45126,1.05844,-30.5119
45128,1.06202,-29.574
45129,1.06001,-29.5686
45130,1.06306,-30.79
45131,1.06524,-29.5398
45132,1.06268,-32.9929
45133,1.06116,-33.0738
45134,1.06098,-32.9728
45135,1.05904,-32.1637
45136,1.06059,-32.7567
45137,1.06119,-32.7292
45138,1.06069,-32.5145
45141,1.06157,-32.9791
45142,1.06516,-33.1086
45144,1.05716,-32.4173
45145,1.05893,-32.7607
45146,1.05683,-32.4059
45147,1.05783,-32.4963
45148,1.05754,-32.345
45149,1.06597,-31.826
45150,1.06191,-31.3848
45151,1.06101,-31.6698
45152,1.05779,-32.3872
45153,1.05807,-32.2825
45154,1.05742,-32.3548
45155,1.06018,-31.8176
45156,1.05918,-32.2177
45157,1.05788,-32.6407
45158,1.06285,-31.113
45159,1.04535,-32.7614
45160,1.0464,-31.1086
45161,1.04086,-37.4506
45162,1.03907,-39.2077
45163,1.0357,-38.226
45164,1.04107,-33.573
45165,1.02564,-35.0947
45166,1.03452,-31.2623
45167,1.04515,-43.0367
45168,1.04516,-42.5874
45169,1.04266,-41.8263
45170,1.04195,-40.672
45171,1.04595,-41.5268
45172,1.04298,-39.0046
45173,1.07877,-32.1998
45174,1.06002,-31.3557
45175,1.06338,-31.0417
45176,1.06338,-29.9792
45181,1.06189,-30.5708
45182,1.06234,-30.7301
45183,1.05866,-31.5062
45184,1.06124,-30.8387
45185,1.05847,-31.5337
45186,1.02258,-26.8364
45187,1.03091,-24.3414
45188,1.03487,-24.1679
45191,1.05023,-29.101
45193,1.04463,-29.8255
45194,1.0457,-30.1096
45195,1.04758,-29.9649
45196,1.04878,-30.3609
45197,1.04878,-30.1929
45199,1.04798,-30.0032
45200,1.04828,-30.0106
45202,1.04747,-30.1464
45203,1.04757,-30.1405
45204,1.04806,-30.1536
45205,1.04799,-30.1502
45206,1.04896,-30.0016
45207,1.04811,-30.1611
45208,1.04942,-29.988
45209,1.04819,-30.161
45210,1.04923,-30.0023
45211,1.04864,-30.135
45215,1.04879,-30.0757
45216,1.04612,-30.0933
45218,1.04693,-30.0908
45220,1.04595,-29.9759
45221,1.0467,-29.8012
45222,1.04332,-29.7006
45223,1.04554,-30.1452
45224,1.04344,-30.2561
45225,1.04946,-30.5391
45226,1.04215,-29.7664
45227,1.04245,-28.703
45228,1.03863,-30.0525
45229,1.048,-30.5327
45230,1.04915,-29.6159
45231,1.03919,-26.8624
45232,1.04021,-29.8823
45233,1.03632,-27.2355
45235,1.03693,-27.1921
45236,1.04533,-26.0308
45237,1.03656,-27.2166
45238,1.04658,-26.3368
45239,1.0485,-26.4348
45240,1.05208,-26.391
45241,1.04819,-25.1805
45242,1.04859,-25.1807
45243,1.0538,-26.3236
45246,1.05298,-26.3403
45247,1.05338,-26.2436
45248,1.058,-25.1753
45249,1.06116,-26.6532
45250,1.06155,-28.8364
45251,1.0598,-28.7077
45254,1.05951,-27.9456
45255,1.05793,-28.6182
45256,1.04974,-30.4674
45257,1.0522,-29.6853
45258,1.04716,-30.1496
45259,1.04849,-30.0377
45260,1.0576,-31.4283
45261,1.05876,-31.2634
45262,1.05757,-31.7592
45263,1.05463,-32.2671
45264,1.05772,-31.7005
45265,1.05554,-32.1264
45266,1.05937,-24.7278
45267,1.0573,-31.8183
45269,1.05356,-32.8096
45270,1.05397,-32.6194
45271,1.06138,-32.1426
45272,1.0634,-32.0494
45273,1.05774,-31.7081
45274,1.06074,-31.697
45275,1.05816,-31.4938
45276,1.05989,-31.6201
45277,1.0602,-31.6924
45278,1.06939,-32.0519
45279,1.06156,-31.7989
45280,1.06044,-31.4585
45281,1.0577,-33.891
45282,1.0495,-35.1445
45283,1.05952,-33.3183
45284,1.06413,-34.5739
45285,1.04678,-31.3778
45286,1.05841,-33.2583
45287,1.06556,-32.1338
45288,1.1,-37.4508
45289,1.04634,-32.9207
45291,1.06515,-35.3217
45292,1.05294,-33.6834
45293,1.0507,-39.7364
45294,1.04657,-35.8309
45295,1.05662,-32.1321
45296,1.06025,-35.268
45297,1.06007,-35.3047
45298,1.07646,-35.8953
45299,1.06689,-35.6653
45300,1.07193,-36.0204
45301,1.07011,-35.4874
45302,1.06836,-35.3623
45303,1.05794,-35.9224
45304,1.06687,-35.214
45305,1.05792,-35.7196
45306,1.0571,-36.3557
45309,1.04582,-37.811
45310,1.04992,-37.2508
45311,1.04071,-39.7033
45312,1.05135,-36.8068
45313,1.03034,-41.2533
45314,1.02467,-41.8942
45316,1.03612,-41.1657
45318,1.05191,-36.4931
45319,1.05319,-37.0724
45320,1.04845,-38.5295
45321,1.05936,-36.4324
45323,1.01176,-43.9208
45324,1.06063,-35.2259
45325,1.05655,-28.1418
45326,1.06431,-27.5776
45327,1.06804,-27.3231
45328,1.08453,-24.6862
45329,1.07898,-27.0947
45330,1.06849,-26.6071
45332,1.07299,-26.8897
45333,1.04173,-45.0944
45334,1.04508,-45.4374
45335,1.02831,-46.1856
45337,1.0235,-44.7028
45338,1.02477,-44.2273
45339,1.02825,-43.1634
45340,1.02906,-39.6409
45341,1.03041,-40.7636
45342,1.02889,-41.6357
45343,1.04366,-38.2903
45344,1.03069,-41.2119
45345,1.03471,-40.6987
45347,1.02694,-41.6412
45348,1.04356,-47.611
45349,1.03671,-46.3075
45350,1.06686,-27.9422
45351,1.07156,-27.7231
45352,1.06829,-28.4544
45353,1.06636,-27.6408
45354,1.06758,-27.5484
45355,1.06637,-26.3406
45356,1.01718,-38.9977
45357,1.0194,-40.7469
45358,1.02245,-41.7724
45359,1.0674,-29.6981
45360,1.06071,-28.5126
45361,1.06133,-28.7777
45363,1.06242,-28.0853
45364,1.05111,-33.6049
45365,1.04964,-34.0825
45367,1.05083,-33.7798
45368,1.05407,-33.1213
45369,1.05455,-32.8498
45370,1.05835,-31.2193
45371,1.0637,-30.634
45372,1.05769,-32.4076
45373,1.05925,-31.9456
45374,1.06006,-30.7484
45375,1.06505,-30.5754
45377,1.06392,-31.3798
45378,1.06602,-31.8051
45379,1.06989,-30.0522
45380,1.07198,-29.7953
45381,1.07076,-29.9857
45382,1.0708,-30.1876
45383,1.07289,-29.457
45384,1.07591,-29.1442
45388,1.06078,-31.9316
45389,1.05927,-32.0749
45390,1.06624,-31.839
45391,1.07192,-31.7165
45392,1.06675,-31.8201
45393,1.06825,-31.7911
45394,1.06152,-31.6435
45395,1.06965,-30.2506
45396,1.06647,-31.2434
45397,1.0635,-30.8473
45398,1.06163,-30.565
45399,1.06475,-30.6921
45401,1.06248,-31.0235
45402,1.06293,-30.3776
45403,1.06243,-30.7659
45404,1.06044,-30.7619
45405,1.06493,-30.0477
45406,1.06555,-30.34
45407,1.06614,-29.9003
45408,1.06651,-28.7787
45410,1.06707,-28.6697
45411,1.06895,-28.6864
45412,1.06578,-29.5944
45413,1.0568,-24.3989
45414,1.04895,-32.0874
45415,1.04238,-31.5515
45416,1.03777,-31.9321
45418,1.0633,-50.0194
45419,1.06465,-27.684
45420,1.06754,-27.7145
45421,1.08102,-26.7508
45422,1.07093,-27.5604
45423,1.07106,-27.5488
45424,1.07455,-27.3377
45425,1.0774,-26.5796
45426,1.07299,-26.6801
45427,1.09542,-26.5554
45428,1.08124,-26.4059
45429,1.05649,-30.9563
45430,1.05976,-32.5197
45431,1.06008,-32.2681
45432,1.0584,-32.768
45434,1.0561,-35.1957
45435,1.05032,-36.6969
45436,1.0576,-33.4369
45437,1.05883,-33.173
45438,1.05851,-33.1571
45439,1.0566,-33.1191
45440,1.05739,-34.1722
45441,1.05601,-34.5762
45442,1.06195,-34.7383
45444,1.05331,-38.6004
45445,1.05498,-39.9365
45446,1.00651,-42.6521
45447,1.00845,-38.3509
45448,1.00904,-40.9437
45449,1.02828,-40.4859
45450,1.0553,-25.772
45451,1.04834,-25.8583
45452,1.04938,-26.1493
45453,1.04428,-26.3433
45454,1.04643,-26.5984
45455,1.04075,-26.7748
45456,1.04058,-26.7135
45458,1.07179,-31.661
45459,1.07301,-31.6202
45460,1.06909,-31.4251
45461,1.06747,-31.0615
45463,1.07024,-28.3295
45465,1.03829,-35.0182
45467,1.0315,-35.6659
45468,1.04051,-34.576
45469,1.03492,-35.168
45470,1.0354,-35.1881
45471,1.04607,-34.7565
45472,1.04263,-33.9423
45473,1.0417,-33.5255
45474,1.06185,-30.3812
45475,1.04694,-29.744
45476,1.06099,-30.8728
45477,1.08557,-30.6337
45478,1.06585,-32.4721
45479,1.06444,-15.6529
45480,1.06646,-16.2964
45481,1.06097,-16.4392
45483,1.06483,-16.5547
45484,1.06458,-16.473
45486,1.06731,-16.5417
45487,1.06704,-16.4682
45488,1.06956,-16.2023
45489,1.06697,-15.0825
45490,1.06838,-16.3737
45491,1.06969,-16.293
45492,1.06846,-16.3959
45493,1.06897,-16.3384
45495,1.06653,-16.7653
45499,1.06924,-16.3141
45502,1.06671,-16.257
45503,1.06334,-16.8645
45504,1.05956,-17.694
45505,1.05975,-17.7669
45506,1.06121,-17.0849
45507,1.06713,-16.0179
45510,1.06318,-15.4038
45513,1.06599,-16.0051
45515,1.06705,-16.3211
45516,1.06346,-16.9997
45517,1.06861,-16.3421
45518,1.06303,-17.1643
45519,1.06179,-17.3299
45521,1.06484,-16.7111
45523,1.073,-16.9465
45524,1.06491,-15.3641
45525,1.07342,-16.9673
45526,1.0561,-17.6944
45528,1.0723,-16.6136
45529,1.06121,-18.7974
45532,1.06298,-16.5076
45533,1.06675,-28.3944
45534,1.06545,-29.2222
45535,1.06533,-28.6302
45536,1.07052,-26.8383
45537,1.0661,-27.303
45538,1.02867,-36.1359
45540,1.0271,-36.5198
45541,1.02702,-36.5942
45542,1.02608,-36.795
45543,1.02607,-36.7712
45544,1.06697,-16.4031
45545,1.0747,-16.5529
45546,1.05261,-20.3017
45547,1.05204,-19.4253
45549,1.0558,-18.5963
45551,1.07895,-16.5655
45552,1.07214,-15.4946
45553,1.05635,-18.3645
45554,1.0521,-19.6372
45555,1.05994,-33.5345
45556,1.05409,-33.3706
45557,1.06949,-33.2622
45558,1.0565,-33.0655
45559,1.06628,-32.5621
45560,1.06249,-32.3225
45562,1.04878,-30.7905
45563,1.05693,-31.1757
45564,1.04578,-32.411
45565,1.04826,-33.9366
45566,1.06017,-26.7942
45567,1.05872,-26.9889
45568,1.0552,-28.8704
45569,1.06519,-27.3142
45570,1.05947,-25.8304
45571,1.06778,-25.1898
45572,1.07124,-25.4345
45573,1.06903,-25.8706
45574,1.02731,-25.8628
45575,1.03064,-26.1376
45576,1.04187,-26.412
45577,1.04762,-25.1973
45578,1.0463,-25.269
45579,1.04976,-25.5126
45580,1.05357,-24.8346
45582,1.0593,-23.4403
45585,1.05561,-23.1487
45586,1.08243,-22.5202
45587,1.08609,-21.49
45588,1.07543,-23.4177
45591,1.08868,-22.7364
45593,1.048,-22.8215
45594,1.04841,-22.9178
45595,1.05362,-22.8359
45596,1.04855,-23.0813
45597,1.04627,-22.6122
45599,1.04538,-22.557
45600,1.05081,-22.7869
45602,1.04748,-22.8116
45603,1.05181,-22.6376
45604,1.04633,-22.6132
45605,1.04499,-22.3679
45606,1.05129,-22.7773
45607,1.04519,-22.3771
45609,1.04748,-22.6245
45610,1.04811,-22.5153
45611,1.04816,-22.5597
45612,1.04819,-22.5257
45613,1.05215,-22.1102
45614,1.04883,-22.525
45615,1.05189,-22.1268
45616,1.05178,-22.1406
45617,1.05334,-22.0365
45618,1.04866,-22.5187
45619,1.05193,-22.1344
45622,1.05183,-22.1139
45623,1.04718,-22.2412
45624,1.04711,-22.2329
45625,1.04719,-22.2536
45626,1.04705,-22.1961
45627,1.04702,-22.1662
45629,1.05915,-22.24
45630,1.05678,-21.9129
45631,1.06045,-21.7425
45632,1.05942,-21.8021
45633,1.06158,-22.2812
45638,1.06311,-20.4369
45639,1.05918,-13.3091
45640,1.06086,-22.7012
45642,1.06026,-21.5024
45644,1.05262,-21.1989
45647,1.05211,-21.5897
45648,1.04894,-22.5919
45650,1.06072,-22.2713
45651,1.05235,-21.3072
45652,1.05233,-21.3838
45653,1.0505,-16.6403
45654,1.05562,-22.0076
45655,1.0489,-22.2872
45657,1.0493,-22.2152
45658,1.0521,-22.9201
45659,1.05649,-23.0434
45661,1.04577,-24.3756
45662,1.04858,-23.1359
45663,1.04894,-23.2277
45664,1.05072,-23.3941
45665,1.05558,-23.4563
45666,1.05573,-23.7354
45668,1.05732,-22.2568
45669,1.05827,-23.224
45672,1.05425,-23.5596
45673,1.05509,-23.5052
45674,1.05507,-23.3941
45677,1.07141,-24.2581
45678,1.0564,-23.2808
45679,1.0603,-22.9572
45680,1.06267,-24.5851
45681,1.05726,-22.5241
45682,1.04978,-22.4939
45683,1.05366,-22.0868
45684,1.04434,-21.4396
45685,1.04484,-21.7682
45686,1.04575,-22.0017
45687,1.05129,-22.8068
45688,1.04043,-25.1264
45689,1.04017,-25.0673
45691,1.04272,-24.8682
45692,1.03712,-25.5162
45693,1.06254,-23.0715
45694,1.05281,-24.0356
45695,1.05365,-24.058
45696,1.05172,-22.8956
45697,1.05511,-21.9021
45698,1.05572,-18.0442
45699,1.05945,-19.7354
45700,1.04951,-22.1759
45701,1.06369,-20.6211
45704,1.0611,-20.6327
45705,1.05875,-21.6108
45706,1.05876,-21.6338
45708,1.05765,-18.3127
45709,1.05383,-19.3362
45710,1.05237,-19.317
45711,1.046,-19.4208
45712,1.06202,-17.4409
45714,1.07049,-17.6823
45715,1.06226,-21.551
45716,1.07879,-14.5569
45717,1.07971,-14.4375
45720,1.07074,-19.4109
45722,1.06354,-17.6998
45723,1.07339,-19.1461
45724,1.07407,-19.0814
45726,1.06674,-17.802
45727,1.05261,-29.3842
45728,1.05261,-29.2849
45729,1.0525,-29.353
45730,1.05254,-29.3805
45731,1.04976,-29.2416
45732,1.06696,-23.7653
45733,1.0527,-29.0757
45734,1.04849,-29.1062
45735,1.06246,-27.7169
45736,1.04429,-29.6855
45737,1.04921,-30.1107
45738,1.04102,-32.0854
45739,1.05059,-34.6866
45740,1.04451,-34.4194
45741,1.05848,-33.9135
45742,1.06294,-34.1556
45743,1.05952,-34.4676
45744,1.06246,-33.2221
45745,1.06203,-34.5062
45746,1.06126,-34.5551
45747,1.06271,-29.1268
45748,1.06202,-30.4115
45749,1.05957,-32.2314
45750,1.07628,-27.3521
45751,1.0602,-32.0574
45752,1.05879,-33.4415
45754,1.05814,-33.3568
45756,1.05864,-33.2157
45757,1.05764,-32.7956
45758,1.05907,-33.102
45760,1.05673,-33.3837
45761,1.05695,-33.3952
45762,1.05367,-33.5441
45763,1.054,-33.5986
45764,1.05414,-33.4223
45765,1.06575,-29.5686
45766,1.05738,-33.3766
45767,1.07772,-24.0455
45770,1.06472,-19.9317
45773,1.06433,-19.9616
45774,1.06195,-20.283
45775,1.05966,-20.8467
45777,1.05928,-20.8838
45778,1.05893,-20.9125
45780,1.06442,-21.396
45783,1.04523,-22.637
45784,1.04681,-22.4669
45785,1.05873,-20.0798
45786,1.07242,-19.0054
45787,1.0605,-16.6215
45788,1.04648,-17.708
45789,1.07891,-25.2406
45791,1.0834,-25.292
45792,1.083,-25.8944
45793,1.07406,-23.5875
45794,1.06916,-24.1782
45795,1.07183,-24.6561
45796,1.08692,-23.9479
45797,1.08628,-24.8911
45798,1.07499,-25.4076
45799,1.08691,-25.7923
45800,1.07026,-24.5448
45801,1.06227,-24.2876
45802,1.06313,-24.4787
45803,1.06784,-24.1955
45805,1.04449,-21.2514
45806,1.04819,-21.2206
45807,1.043,-20.9812
45808,1.03886,-20.3885
45809,1.03765,-20.4627
45811,1.05078,-19.8238
45812,1.04083,-18.3173
45813,1.06611,-27.1211
45817,1.03224,-25.8719
45818,1.03281,-25.3151
45819,1.04619,-24.5535
45820,1.05601,-23.9297
45821,1.0464,-23.2498
45822,1.04574,-24.2228
45823,1.04509,-23.4868
45824,1.04726,-23.4495
45827,1.06216,-29.4854
45828,1.06781,-25.8084
45829,1.07144,-26.3945
45830,1.07058,-26.6908
45831,1.07048,-26.454
45832,1.07812,-24.5533
45833,1.07874,-15.2362
45834,1.08036,-14.3622
45835,1.07599,-15.6915
45836,1.0672,-23.2874
45837,1.07394,-23.5172
45839,1.05347,-23.6886
45840,1.0721,-16.1969
45843,1.07066,-20.4772
45844,1.06902,-20.5869
45845,1.06588,-25.0034
45846,1.068,-19.4631
45847,1.07204,-21.8709
45848,1.0693,-20.4678
45850,1.07124,-16.0988
45851,1.07503,-15.3122
45852,1.07842,-14.7556
45855,1.04902,-26.143
45856,1.0563,-26.0749
45857,1.05856,-25.9935
45858,1.06104,-25.9511
45859,1.05935,-26.4066
45860,1.06722,-14.4689
45864,1.08204,-15.9866
45865,1.06853,-14.7312
45866,1.06935,-14.872
45868,1.06968,-16.0659
45869,1.06958,-16.1112
45870,1.07007,-16.0374
45871,1.06956,-15.2826
45872,1.06968,-14.9759
45873,1.0704,-14.9627
45874,1.07572,-15.8659
45875,1.07014,-16.0655
45876,1.07027,-16.0858
45877,1.0698,-16.1456
45879,1.07965,-16.266
45880,1.07628,-15.989
45881,1.07056,-16.0999
45882,1.07569,-15.9332
45883,1.07551,-15.844
45884,1.07564,-15.7345
45885,1.07202,-15.6645
45886,1.07785,-15.2366
45887,1.07536,-16.5823
45888,1.06362,-17.3934
45889,1.06239,-18.5949
45890,1.0623,-18.7364
45891,1.06304,-18.3307
45892,1.06134,-18.8629
45893,1.04694,-20.6932
45894,1.04872,-20.8181
45895,1.06122,-17.2445
45896,1.06133,-17.4567
45897,1.06779,-15.5112
45898,1.06692,-15.1406
45899,1.08806,-23.8213
45900,1.08816,-23.6509
45901,1.08592,-25.5827
45902,1.08508,-25.2182
45903,1.08471,-25.3248
45906,1.08471,-25.2272
45907,1.08431,-25.1989
45908,1.08425,-25.228
45912,1.07897,-24.4258
45913,1.08242,-24.012
45914,1.08219,-25.9098
45916,1.09112,-26.2306
45917,1.08984,-25.7307
45918,1.08235,-24.3915
45919,1.08144,-24.3122
45923,1.08506,-22.9684
45925,1.05079,-23.5066
45926,1.05746,-23.3043
45927,1.05838,-21.7747
45928,1.0486,-20.3274
45929,1.08458,-26.2606
45930,1.08627,-26.3901
45931,1.08497,-26.2555
45932,1.07769,-25.2513
45933,1.08772,-26.3626
45934,1.08906,-26.4838
45935,1.07218,-26.3143
45936,1.06959,-26.4628
45938,1.07033,-25.9304
45939,1.0751,-25.8062
45941,1.07481,-25.7667
45942,1.07238,-24.9887
45944,1.07409,-24.412
45945,1.06687,-14.595
45946,1.06606,-15.0906
45947,1.067,-15.0714
45948,1.06645,-14.678
45949,1.06667,-14.6727
45950,1.07135,-14.9307
45951,1.06182,-15.6663
45952,1.06041,-15.7569
45954,1.0656,-14.8177
45955,1.06498,-14.8808
45956,1.06633,-14.6382
45957,1.06816,-14.3597
45958,1.06684,-14.255
45959,1.06942,-14.2168
45960,1.07329,-13.9817
45961,1.07143,-14.89
45962,1.0798,-12.2593
45963,1.07302,-14.3293
45964,1.07624,-21.8378
45965,1.07626,-21.8192
45967,1.07673,-22.8293
45969,1.07751,-22.6142
45970,1.07685,-21.7834
45971,1.07641,-21.7775
45972,1.07775,-21.6166
45973,1.0785,-21.4545
45974,1.08702,-19.4517
45975,1.08067,-20.9708
45976,1.0821,-20.7316
45977,1.08348,-20.3124
45978,1.08454,-19.2411
45979,1.0804,-21.1177
45980,1.07845,-22.4594
45981,1.07816,-22.2721
45982,1.07482,-23.5448
45983,1.07035,-22.8506
45985,1.07902,-21.2811
45986,1.07103,-23.6876
45987,1.06828,-23.9039
45988,1.06871,-23.8113
45989,1.06056,-26.6266
45990,1.06627,-25.5594
45991,1.07396,-21.0588
45992,1.08407,-24.5359
45994,1.0666,-21.5528
45995,1.0667,-20.9541
45997,1.06874,-20.2101
45998,1.077,-18.5966
45999,1.07643,-17.8079
46000,1.07324,-15.8836
46001,1.0862,-18.0908
46002,1.07481,-17.4803
46003,1.03662,-27.1637
46004,1.03446,-26.8496
46005,1.03391,-26.4396
46006,1.03941,-26.3338
46007,1.03934,-26.6353
46011,1.06878,-13.1699
46012,1.07918,-12.1773
46013,1.07462,-15.1907
46015,1.0744,-15.3817
46016,1.07434,-15.4592
46018,1.07239,-16.2695
46019,1.07454,-15.5585
46020,1.07002,-15.6949
46021,1.07362,-15.0323
46022,1.07464,-14.9383
46023,1.07091,-15.5625
46024,1.07797,-14.9581
46025,1.0805,-15.3265
46026,1.07065,-15.5688
46027,1.07234,-15.1185
46028,1.07277,-15.0636
46029,1.07018,-15.6366
46030,1.06991,-15.6818
46031,1.06955,-15.755
46032,1.06929,-15.819
46033,1.06985,-15.6799
46034,1.07206,-15.1532
46035,1.07175,-15.702
46036,1.07927,-15.3594
46037,1.06828,-15.787
46038,1.06777,-15.8128
46039,1.07857,-15.373
46040,1.06909,-15.8085
46041,1.06896,-15.8095
46042,1.06906,-15.7949
46043,1.06927,-15.7818
46044,1.06973,-15.734
46045,1.06986,-15.6979
46046,1.06926,-15.7718
46047,1.06918,-15.7605
46048,1.0691,-15.9069
46049,1.06931,-16.0456
46050,1.06889,-15.797
46051,1.06891,-15.7946
46052,1.06882,-15.8002
46053,1.0688,-15.8011
46055,1.06891,-15.8018
46056,1.06823,-15.8486
46057,1.06802,-15.8529
46058,1.06738,-15.8277
46059,1.07027,-15.2075
46060,1.06669,-15.8244
46061,1.06687,-15.823
46062,1.06803,-15.8372
46064,1.06879,-15.7917
46065,1.06872,-15.8042
46066,1.0687,-15.8332
46067,1.06874,-15.8857
46068,1.06862,-15.8716
46069,1.06875,-16.0295
46070,1.06852,-16.0099
46071,1.0684,-15.965
46072,1.06855,-15.8777
46073,1.06868,-15.8406
46074,1.06884,-15.7805
46076,1.06907,-15.7528
46078,1.06792,-15.8249
46079,1.06779,-15.815
46080,1.06788,-15.8268
46081,1.06651,-15.8081
46082,1.06613,-15.8062
46083,1.06641,-15.8145
46084,1.06537,-15.8196
46085,1.06534,-15.8232
46086,1.06492,-15.8358
46087,1.06466,-15.8428
46088,1.06423,-15.8379
46089,1.06397,-15.8544
46090,1.06401,-15.8491
46091,1.06392,-15.8508
46092,1.06403,-15.839
46093,1.06422,-15.8462
46094,1.06441,-15.8374
46095,1.0648,-15.8274
46096,1.06513,-15.8166
46097,1.06656,-15.7826
46098,1.06714,-15.7835
46099,1.06762,-15.7827
46100,1.06773,-15.7949
46101,1.0679,-15.7959
46102,1.06815,-15.7933
46103,1.0695,-15.7038
46104,1.06935,-15.7224
46105,1.06922,-15.7361
46106,1.06912,-15.7454
46107,1.06933,-15.7204
46109,1.06975,-15.6883
46110,1.07361,-15.1235
46112,1.06896,-15.7174
46115,1.06412,-15.8477
46116,1.06443,-15.8244
46118,1.06437,-15.8385
46119,1.06478,-15.7991
46121,1.07386,-15.1089
46122,1.07431,-13.7498
46125,1.06971,-15.6608
46127,1.07005,-15.9435
46128,1.06965,-15.6722
46129,1.06985,-15.6211
46131,1.07342,-15.0637
46132,1.07385,-15.0805
46133,1.07416,-15.0898
46134,1.07148,-15.2353
46135,1.06518,-15.7773
46137,1.06285,-15.6039
46138,1.06991,-15.151
46139,1.07087,-15.2428
46140,1.07113,-15.241
46142,1.06923,-15.0751
46144,1.07163,-15.0287
46146,1.07126,-14.972
46148,1.07029,-15.0552
46149,1.0662,-15.1897
46150,1.06568,-14.7468
46151,1.06579,-14.7389
46152,1.06588,-15.1181
46153,1.06587,-15.1582
46154,1.06599,-15.1809
46155,1.06629,-15.243
46156,1.06694,-15.3134
46159,1.0659,-15.19
46160,1.06563,-15.1544
46161,1.06551,-15.1382
46162,1.06621,-14.6939
46163,1.06229,-15.0791
46164,1.0629,-14.9599
46166,1.06325,-14.8966
46167,1.06625,-14.5785
46168,1.06606,-14.3046
46169,1.0655,-15.1078
46170,1.06536,-15.1224
46172,1.06685,-15.243
46173,1.06666,-15.2917
46175,1.0664,-15.3533
46177,1.0675,-15.7676
46178,1.06725,-15.7373
46179,1.06698,-14.9635
46180,1.06683,-15.5782
46181,1.06627,-14.8427
46182,1.06578,-14.726
46183,1.068,-14.6166
46185,1.0669,-14.4517
46186,1.06471,-15.0638
46187,1.065,-15.1025
46188,1.06594,-14.322
46189,1.06638,-14.3867
46190,1.06614,-14.4056
46195,1.06566,-14.0867
46196,1.06633,-14.3254
46197,1.06521,-14.4078
46198,1.06463,-13.8873
46199,1.06176,-12.3683
46200,1.06197,-12.2656
46201,1.06515,-14.5403
46202,1.07267,-13.469
46204,1.07197,-13.6564
46205,1.07415,-14.7952
46206,1.07136,-15.1448
46207,1.07193,-15.053
46208,1.075,-14.8205
46209,1.07447,-14.97
46210,1.07415,-15.0345
46211,1.07481,-14.9854
46213,1.07241,-15.1198
46214,1.07093,-15.1827
46215,1.06565,-15.7602
46217,1.06485,-15.7948
46218,1.07533,-15.6271
46219,1.07052,-16.3282
46220,1.07518,-15.7801
46221,1.07051,-16.3138
46222,1.06881,-15.8325
46223,1.06863,-15.861
46224,1.06856,-15.8769
46225,1.06878,-15.8371
46226,1.06945,-15.754
46227,1.07199,-15.2105
46229,1.06975,-15.68
46230,1.06987,-15.1608
46231,1.06957,-15.1636
46232,1.06995,-15.2056
46234,1.06725,-15.7288
46237,1.06967,-16.4271
46238,1.07005,-16.46
46239,1.06857,-16.4617
46240,1.06974,-15.9311
46242,1.0683,-15.8103
46243,1.06769,-15.7749
46244,1.06679,-15.6012
46245,1.06643,-15.4228
46246,1.06673,-15.5865
46247,1.06677,-15.5593
46248,1.07072,-15.1277
46249,1.06682,-15.474
46250,1.06791,-16.3668
46251,1.0669,-15.6635
46252,1.06685,-15.5643
46255,1.06519,-14.5407
46257,1.06502,-14.3084
46258,1.06702,-15.4281
46259,1.06877,-16.2539
46260,1.06744,-15.3032
46261,1.06797,-15.1847
46262,1.0683,-15.0857
46263,1.06879,-15.0749
46264,1.06604,-16.8967
46265,1.06778,-16.3695
46266,1.06789,-16.2832
46267,1.06393,-12.3396
46268,1.0626,-13.0378
46269,1.06592,-14.0099
46271,1.06436,-13.417
46272,1.06321,-13.5904
46273,1.0633,-13.5663
46274,1.0631,-13.402
46275,1.06333,-13.4026
46277,1.0615,-13.6043
46278,1.06279,-13.4107
46280,1.06402,-13.9025
46281,1.06393,-13.8843
46282,1.06375,-13.7941
46283,1.06354,-13.7323
46285,1.06476,-14.0823
46286,1.07591,-15.8213
46287,1.06828,-15.753
46288,1.06955,-15.2015
46290,1.06548,-15.7932
46292,1.06968,-15.1841
46293,1.06539,-15.7804
46295,1.06978,-15.1709
46296,1.06796,-15.1375
46297,1.06924,-15.1371
46298,1.06738,-15.0064
46299,1.06652,-14.7777
46300,1.06705,-12.5316
46301,1.06425,-15.8391
46302,1.06414,-15.8472
46303,1.07707,-15.2671
46304,1.07012,-14.8701
46305,1.06279,-15.49
46307,1.07661,-18.5719
46308,1.08039,-21.6874
46309,1.07697,-21.3327
46311,1.08559,-21.6077
46314,1.07546,-22.3418
46315,1.07131,-23.6835
46316,1.06748,-22.0491
46318,1.07085,-20.147
46320,1.06638,-19.5334
46321,1.06433,-19.5552
46322,1.06386,-19.1916
46323,1.0724,-18.1673
46324,1.06588,-18.5432
46325,1.07688,-25.6241
46326,1.07465,-25.9143
46328,1.07172,-26.427
46331,1.05715,-28.8497
46332,1.0619,-28.0701
46336,1.05852,-28.7574
46337,1.07938,-24.5898
46339,1.05331,-19.8629
46340,1.05328,-20.178
46341,1.0532,-19.9602
46342,1.0527,-19.5641
46343,1.05214,-19.3573
46344,1.05236,-19.196
46345,1.05223,-20.0658
46346,1.0528,-20.3848
46348,1.05299,-20.6367
46349,1.05345,-20.4943
46350,1.05849,-20.1353
46351,1.05325,-20.316
46352,1.05706,-19.6388
46354,1.05688,-19.4043
46355,1.05293,-19.0165
46356,1.05167,-19.0462
46357,1.05291,-18.5398
46358,1.05216,-17.7648
46359,1.05742,-17.0571
46360,1.05715,-17.6282
46361,1.06805,-15.0575
46362,1.05891,-16.8752
46363,1.05929,-16.8427
46364,1.06402,-15.7719
46368,1.05464,-21.1595
46371,1.04893,-23.962
46373,1.05902,-18.1269
46377,1.06185,-16.6411
46378,1.05878,-18.7226
46379,1.08084,-13.6213
46380,1.07861,-10.6006
46381,1.08025,-13.9723
46382,1.07809,-10.696
46383,1.07714,-10.5278
46385,1.07995,-11.7187
46386,1.07479,-11.1317
46389,1.0772,-12.5653
46393,1.07508,-13.889
46396,1.07354,-13.2497
46397,1.06219,-29.7261
46398,1.06376,-29.1004
46399,1.06129,-31.653
46400,1.05822,-29.0869
46401,1.05634,-29.8608
46402,1.05578,-29.9815
46403,1.05883,-29.3503
46404,1.06617,-27.1993
46405,1.05999,-28.2519
46406,1.06038,-29.5727
46407,1.03264,-36.0587
46408,1.03134,-36.2076
46409,1.03652,-35.7837
46410,1.04388,-35.2766
46411,1.03968,-35.5252
46412,1.0422,-35.1771
46413,1.05107,-32.8644
46414,1.04946,-33.6843
46415,1.05036,-34.1948
46416,1.04944,-34.8535
46417,1.06454,-22.5679
46418,1.08828,-19.6116
46420,1.08629,-19.9689
46422,1.07024,-21.7336
46423,1.08018,-20.6725
46424,1.08057,-20.8026
46425,1.08171,-20.7252
46428,1.06992,-15.9244
46430,1.04373,-26.0846
46432,1.06947,-28.8552
46433,1.0518,-30.3696
46434,1.05223,-30.6414
46436,1.05228,-29.7323
46439,1.06807,-14.6214
46440,1.06757,-14.3276
46441,1.06769,-16.1801
46442,1.06729,-16.1367
46443,1.06739,-16.0722
46444,1.06536,-15.7019
46445,1.06678,-14.6878
46446,1.06632,-14.1857
46448,1.067,-15.9234
46449,1.06689,-16.0023
46450,1.06701,-16.0685
46451,1.06675,-14.3038
46452,1.06445,-13.053
46453,1.0653,-13.4271
46454,1.06419,-14.4012
46455,1.0643,-14.4302
46456,1.06431,-14.3277
46457,1.05889,-11.2767
46458,1.06344,-12.4954
46459,1.06376,-13.6298
46460,1.06363,-13.8911
46461,1.06401,-14.8364
46462,1.06669,-15.0011
46463,1.06649,-14.9669
46464,1.0685,-12.0802
46465,1.07089,-16.5957
46467,1.06761,-15.5256
46468,1.06637,-16.7783
46470,1.06087,-17.4205
46471,1.07039,-17.3783
46472,1.06533,-18.0242
46473,1.06479,-17.3747
46475,1.05964,-18.6406
46476,1.06062,-17.8055
46477,1.06465,-17.6157
46478,1.06248,-18.6833
46479,1.06865,-18.5474
46481,1.06664,-25.2611
46482,1.06878,-24.8694
46483,1.0675,-25.0173
46484,1.07025,-24.6026
46485,1.06836,-24.7975
46487,1.04819,-20.6776
46488,1.04809,-20.5906
46489,1.04487,-19.8463
46490,1.05537,-20.9552
46491,1.05616,-20.6415
46492,1.0471,-20.7868
46493,1.04853,-20.7632
46495,1.05548,-19.9476
46496,1.0435,-19.128
46497,1.04049,-18.237
46498,1.05371,-21.5466
46499,1.04428,-19.3164
46500,1.04919,-20.969
46501,1.04658,-20.6914
46502,1.04303,-17.7882
46503,1.04355,-14.7319
46504,1.04903,-11.6262
46505,1.04165,-15.2685
46506,1.04351,-14.9146
46509,1.04087,-15.4107
46510,1.04014,-15.5601
46511,1.04294,-15.1731
46512,1.03859,-15.2997
46513,1.04295,-15.3332
46514,1.04281,-15.674
46515,1.06031,-16.6236
46516,1.03813,-16.1143
46517,1.03912,-18.7125
46518,1.04083,-22.4017
46519,1.05387,-22.0573
46520,1.05238,-22.6751
46521,1.05221,-22.3803
46522,1.05442,-19.7955
46523,1.06217,-17.6591
46526,1.05575,-30.546
46528,1.04544,-31.7035
46530,1.06662,-30.4573
46531,1.06521,-30.6612
46533,1.06627,-31.3689
46534,1.06235,-32.3909
46535,1.06018,-32.8726
46536,1.05923,-33.105
46537,1.0714,-34.3614
46538,1.06586,-33.8609
46539,1.05605,-29.9005
46540,1.05797,-30.6451
46541,1.05603,-30.2298
46542,1.05529,-30.631
46543,1.05737,-26.7674
46544,1.06161,-26.705
46545,1.06876,-26.6801
46546,1.06466,-26.8952
46548,1.0508,-26.59
46549,1.02984,-26.2618
46550,1.03292,-25.9824
46551,1.03286,-25.8239
46552,1.06736,-25.9512
46553,1.06602,-26.103
46554,1.06613,-26.3772
46556,1.04044,-34.3121
46557,1.03958,-34.3559
46558,1.05274,-33.5319
46559,1.04188,-33.4396
46561,1.04037,-34.1155
46563,1.07912,-20.9063
46564,1.07746,-22.1023
46565,1.09034,-20.9419
46566,1.0921,-20.8651
46567,1.06879,-23.0678
46568,1.06601,-23.324
46569,1.06685,-23.29
46570,1.0629,-23.3384
46571,1.07682,-19.6499
46573,1.0868,-12.8863
46574,1.08673,-12.8342
46575,1.08706,-13.0696
46576,1.08822,-13.3196
46577,1.08654,-13.3156
46578,1.08676,-12.769
46579,1.08727,-12.6273
46580,1.08943,-11.9989
46583,1.08159,-11.5335
46585,1.07449,-14.0912
46586,1.0667,-15.584
46587,1.07355,-14.513
46588,1.07804,-13.7076
46589,1.0831,-12.6912
46591,1.08517,-10.204
46592,1.08143,-10.1834
46593,1.08271,-12.431
46595,1.07112,-14.0573
46596,1.07431,-13.2725
46597,1.08045,-10.6607
46599,1.06589,-26.575
46600,1.05651,-28.4852
46601,1.05264,-29.5315
46602,1.06083,-27.4805
46603,1.06904,-26.1345
46604,1.06304,-26.8878
46605,1.06084,-29.0818
46606,1.06142,-28.9969
46607,1.06161,-28.299
46608,1.05887,-28.9609
46609,1.06751,-27.406
46610,1.06071,-28.2399
46611,1.0778,-27.0225
46612,1.07436,-26.9136
46613,1.06748,-25.4367
46615,1.08099,-22.5131
46616,1.09042,-21.9317
46617,1.08469,-22.475
46618,1.0914,-20.9889
46619,1.09146,-18.6935
46620,1.05819,-29.1712
46622,1.06221,-28.0907
46624,1.05732,-28.7777
46625,1.08626,-19.6594
46626,1.08023,-19.3566
46627,1.07122,-19.5539
46629,1.05717,-16.7058
46630,1.06425,-15.9458
46631,1.06674,-18.076
46632,1.0656,-17.962
46633,1.05695,-18.0587
46634,1.05527,-18.2246
46635,1.05277,-18.8369
46636,1.05174,-19.2133
46637,1.05474,-18.8594
46638,1.05568,-19.1388
46639,1.04775,-19.6258
46640,1.04769,-19.6361
46641,1.04615,-19.8
46642,1.0457,-20.0782
46643,1.05028,-19.3583
46644,1.05339,-18.7509
46645,1.04543,-20.4317
46646,1.05084,-19.0036
46647,1.03929,-33.7917
46648,1.03764,-34.1778
46649,1.03952,-34.4176
46650,1.0439,-33.7081
46651,1.03847,-34.3961
46652,1.0778,-15.2755
46653,1.07847,-14.6599
46654,1.07849,-14.8575
46655,1.06345,-16.5547
46656,1.08353,-15.5858
46657,1.06949,-16.2547
46658,1.0785,-15.3256
46659,1.06988,-16.3155
46661,1.07214,-16.3236
46662,1.07097,-16.3519
46663,1.07029,-16.3405
46664,1.06493,-17.7183
46665,1.05953,-18.0555
46666,1.06025,-17.9734
46667,1.06233,-17.8079
46668,1.06444,-17.8901
46669,1.05973,-18.03
46670,1.07594,-15.8485
46671,1.07549,-16.0987
46672,1.06901,-17.133
46673,1.06558,-17.4848
46674,1.06705,-17.6763
46676,1.07592,-16.1667
46678,1.07761,-16.0451
46679,1.07621,-15.7941
46680,1.07597,-16.5068
46681,1.07483,-16.502
46682,1.07331,-14.8812
46683,1.07761,-16.1733
46684,1.07357,-14.8498
46685,1.07123,-17.0138
46686,1.08003,-15.8406
46687,1.0775,-15.8522
46688,1.07204,-16.3568
46689,1.07707,-15.8776
46690,1.06936,-17.0502
46691,1.0712,-16.657
46692,1.0707,-16.763
46693,1.07198,-16.447
46695,1.07226,-16.5965
46696,1.07917,-16.0542
46697,1.07251,-16.4192
46698,1.07005,-16.963
46699,1.07039,-16.8775
46700,1.0715,-16.7915
46701,1.07887,-16.1886
46702,1.07311,-16.1107
46703,1.08066,-15.8849
46704,1.06849,-13.3911
46706,1.06913,-16.3934
46708,1.07008,-16.551
46709,1.07265,-16.9761
46710,1.0665,-16.9586
46711,1.06564,-17.0547
46712,1.06918,-17.3235
46713,1.06798,-16.7741
46714,1.06534,-17.1337
46715,1.07221,-17.9107
46716,1.07223,-17.216
46717,1.07114,-17.6101
46718,1.07194,-17.6483
46721,1.07152,-17.6509
46722,1.0734,-17.0013
46723,1.07702,-16.75
46724,1.0728,-17.5305
46725,1.07495,-16.7693
46726,1.07218,-17.607
46727,1.0721,-17.6189
46728,1.07271,-17.5856
46729,1.07073,-16.9678
46730,1.0762,-16.5509
46731,1.08006,-17.0325
46732,1.07066,-17.6624
46733,1.07059,-17.6838
46734,1.07212,-17.6311
46735,1.06924,-17.5213
46736,1.06773,-17.8238
46737,1.07938,-17.2441
46738,1.06964,-17.7325
46739,1.08177,-17.3389
46742,1.07793,-17.0582
46743,1.06823,-17.8403
46744,1.07072,-17.73
46745,1.06698,-17.9003
46746,1.06685,-17.7134
46747,1.06693,-17.7799
46748,1.06852,-17.531
46749,1.07121,-16.6508
46750,1.0707,-16.8613
46751,1.07259,-18.1869
46752,1.07395,-17.1602
46753,1.07248,-17.0928
46754,1.07337,-18.4037
46755,1.07444,-18.5274
46756,1.07905,-17.0179
46757,1.06864,-17.3864
46758,1.06964,-17.5265
46759,1.06786,-17.0967
46760,1.07215,-16.2258
46761,1.07207,-16.1536
46762,1.07292,-16.1328
46763,1.07269,-16.1663
46765,1.07149,-16.2746
46766,1.05259,-24.2708
46768,1.05295,-23.7279
46769,1.04682,-24.3878
46770,1.06028,-22.9138
46771,1.04931,-24.6647
46772,1.04614,-24.5909
46773,1.04942,-24.4584
46774,1.04713,-24.3099
46775,1.0564,-23.3097
46776,1.05057,-24.378
46778,1.05249,-24.6455
46779,1.05049,-24.7449
46780,1.04068,-26.9386
46783,1.0543,-27.6105
46784,1.04058,-27.4102
46785,1.06092,-23.5358
46786,1.06239,-23.5255
46787,1.06312,-23.5154
46788,1.07135,-23.0552
46789,1.06311,-23.5239
46790,1.06768,-22.9954
46791,1.06421,-23.5064
46793,1.06359,-23.5528
46794,1.06307,-23.5949
46795,1.0682,-22.9646
46796,1.07395,-23.3158
46797,1.07227,-23.2786
46798,1.05836,-23.5293
46799,1.07461,-22.8172
46800,1.07153,-22.8017
46801,1.05787,-23.8854
46802,1.06092,-23.7629
46803,1.06233,-23.6889
46804,1.06713,-23.0226
46805,1.1,-24.1532
46806,1.07863,-24.5672
46807,1.0687,-23.1586
46808,1.05685,-24.2881
46810,1.0623,-21.2287
46811,1.05335,-20.6585
46812,1.05436,-21.0104
46813,1.05343,-20.7145
46814,1.05481,-21.2405
46815,1.05418,-21.0046
46816,1.05508,-21.349
46817,1.05853,-21.6436
46818,1.06121,-21.1804
46820,1.06733,-21.8375
46821,1.06653,-21.7768
46822,1.06919,-21.9691
46824,1.06945,-21.9587
46825,1.07188,-22.1294
46826,1.07335,-22.6528
46827,1.06795,-23.9744
46828,1.06632,-24.1732
46829,1.07255,-23.359
46830,1.06777,-24.2383
46831,1.06626,-24.2138
46832,1.06567,-24.4385
46833,1.06495,-25.37
46834,1.06498,-24.8974
46835,1.06938,-15.8018
46837,1.07104,-24.1417
46838,1.07848,-23.4158
46841,1.0616,-25.2602
46842,1.06864,-24.7208
46843,1.05812,13.8705
46844,1.05571,14.3687
46845,1.0871,12.462
46846,1.07275,14.2877
46847,1.07697,9.56739
46848,1.0801,10.3468
46849,1.04616,12.3656
46850,1.07605,13.2515
46851,1.05204,10.5451
46852,1.0493,11.3728
46853,1.08209,10.3355
46854,0.948785,-17.2054
46855,1.06339,6.44122
46856,1.05048,9.84611
46857,1.07873,14.1855
46858,1.06495,6.50675
46859,1.06115,12.0323
46860,1.06148,12.2541
46861,1.06572,11.6531
46862,1.06032,7.34728
46863,1.05735,13.3863
46864,1.06816,12.0369
46865,0.968173,-16.9061
46866,1.06539,9.59859
46867,1.05443,12.4958
46868,1.0498,10.8868
46869,1.0407,7.77524
46870,1.05981,9.16326
46871,1.00873,9.05753
46872,1.0406,-1.49508
46873,1.06157,11.8968
46874,1.01533,5.30423
46875,0.920632,-15.7163
46876,0.944052,-10.2281
46877,1.07168,1.80188
46878,1.05685,11.8727
46879,1.06041,6.7332
46880,1.0775,12.803
46881,1.05561,10.1988
46882,1.04611,11.7777
46883,1.05912,6.90867
46884,1.05866,-12.0583
46885,1.07152,-6.44645
46886,1.06708,-7.30839
46887,1.0631,-13.734
46888,1.06426,-16.8684
46889,1.05429,-12.5515
46890,1.05869,-12.0841
46891,1.05888,-12.1624
46892,1.06705,-16.4539
46893,1.05932,-3.31925
46894,1.05729,-3.07716
46895,1.07183,-13.9849
46896,1.06673,-17.3108
46897,1.06726,-14.5839
46898,1.06771,-12.8387
46899,1.05056,-10.0859
46900,1.05288,-2.02147
46901,1.05317,-11.9642
46902,1.06648,-17.3237
46903,1.06685,-12.6617
46904,1.06839,-12.6498
46905,1.07038,-13.579
46906,1.05147,-10.9047
46907,1.05551,-12.683
46908,1.07401,-13.3692
46909,1.07365,-16.4024
46910,1.07072,-13.4234
46911,1.06828,-13.4346
46912,1.05232,-17.4975
46913,1.06035,-11.7963
46914,1.06998,-13.5541
46915,1.05755,-15.2639
46916,1.06742,-14.0002
46917,1.06862,-13.9609
46918,1.06876,-1.41711
46919,1.05826,-21.1852
46920,1.05716,-21.8621
46921,1.08038,-25.1197
46922,1.06618,-16.6809
46923,1.07295,-14.8538
46924,1.08455,-23.5924
46925,1.07872,-22.2832
46926,1.06529,-16.2121
46927,1.05754,-17.0959
46928,1.06161,-10.1154
46929,1.05593,-25.2889
46930,1.06399,-9.36977
46931,1.06527,-18.1852
46932,1.05987,-11.7558
46933,1.08047,-5.54178
46934,1.07064,-13.8302
46935,1.0684,-11.9682
46937,1.08071,-20.5361
46938,1.07145,-15.3618
46939,1.06019,-14.8495
46940,1.04708,-27.6293
46942,1.07959,-33.1009
46944,1.05754,-12.13
46945,1.06996,10.4604
46946,1.1,16.949
46947,1.08686,17.0955
46948,1.07966,8.43937
46949,1.09385,7.78764
46950,1.06898,12.2666
46951,1.07864,5.50044
46952,1.07981,7.46938
46953,1.07536,12.3012
46954,1.08299,9.26313
46955,1.067,5.53836
46956,1.07732,9.63824
46957,1.0545,6.27821
46958,1.06748,5.7805
46959,1.06564,6.14304
46960,1.07229,5.38942
46961,1.08317,10.7991
46962,1.06751,-9.64544
46963,1.09637,-7.36007
46964,1.02527,-16.3071
46965,1.08028,6.70744
46966,1.06835,8.74845
46967,1.07415,1.40957
46968,1.056,1.49135
46969,1.08707,-29.8663
46970,1.07218,5.03044
46971,1.05931,1.70143
46972,1.07614,5.26352
46973,1.05634,2.12676
46974,1.05877,-1.24998
46976,1.06277,4.8669
46977,1.05496,3.22271
46978,1.0594,3.01914
46979,1.04738,-10.1767
46980,1.07478,4.01311
46981,1.0577,3.99165
46982,1.03627,-17.5729
46983,1.06177,-10.6899
46984,1.06689,2.95027
46985,1.05606,6.32699
46986,1.08423,2.7269
46987,1.07325,6.62199
46988,1.06349,4.99301
46989,1.08235,8.44897
46990,1.07294,4.1174
46991,1.07393,-0.87244
46992,1.07263,-1.6197
46993,1.08292,3.69088
46995,1.08516,3.49984
46996,1.07597,7.15473
46997,1.07306,8.09414
46998,1.02741,-0.523383
46999,1.02024,-12.9121
47001,1.08383,1.86388
47002,1.09042,3.81413
47003,1.07707,3.41648
47004,1.0686,-1.58523
47005,1.0433,1.48183
47006,1.0757,3.29
47007,1.05797,3.64368
47008,1.06729,6.43251
47009,1.06863,3.4424
47011,1.0824,10.6703
47012,1.04441,9.17704
47013,1.03747,9.23758
47014,1.0398,9.50336
47015,1.03816,9.04428
47016,1.05573,9.62234
47017,1.06675,10.7315
47018,1.05515,8.65159
47019,1.0583,2.2682
47020,1.06789,2.13272
47021,1.07003,0.362105
47022,1.0681,-0.263755
47023,1.07016,1.66724
47024,1.0732,1.88452
47025,1.06685,2.26668
47026,1.05661,8.48644
47027,1.05787,8.56442
47028,1.05668,8.39174
47029,1.05645,8.40963
47030,1.06245,9.88736
47031,1.06123,9.02885
47034,1.05627,8.41454
47035,1.06143,6.62855
47037,1.06064,6.0267
47038,1.06414,6.59351
47040,1.06872,6.71988
47041,1.07218,6.80458
47043,1.07266,6.81604
47044,1.06303,6.04581
47045,1.0624,5.98807
47046,1.06435,6.22461
47047,1.06425,6.22383
47048,1.0626,6.01327
47049,1.06845,6.5243
47050,1.06383,6.10115
47051,1.06453,6.15205
47053,1.06467,6.19213
47054,1.07566,6.90972
47055,1.06715,6.29635
47056,1.07309,6.75067
47057,1.06906,6.79983
47058,1.06793,6.40176
47059,1.06259,6.2093
47060,1.06313,6.20621
47061,1.06461,6.2837
47062,1.06191,6.15221
47063,1.06251,6.20595
47064,1.06403,6.84751
47065,1.06555,7.69087
47066,1.07581,9.18605
47067,1.07415,9.78077
47068,1.07016,8.65794
47069,1.07174,8.9167
47070,1.07049,8.75579
47071,1.07367,8.78213
47072,1.06313,6.30151
47073,1.06516,6.79004
47075,1.06163,5.87148
47076,1.06167,5.71985
47077,1.06081,5.72977
47078,1.06447,7.18885
47079,1.06169,7.23047
47080,1.06677,6.63275
47081,1.06685,7.33584
47082,1.06282,6.33437
47083,1.06219,6.97526
47084,1.05628,6.52314
47085,1.05282,6.26532
47086,1.05265,6.69018
47087,1.06061,7.57545
47088,1.05931,6.88711
47090,1.05499,6.61443
47091,1.05912,7.29225
47092,1.0606,7.69239
47093,1.0652,7.12621
47094,1.05939,6.98688
47095,1.07254,6.86069
47097,1.07408,9.93645
47098,1.04906,5.39297
47099,1.04988,5.40328
47100,1.04557,5.2067
47101,1.04698,5.25862
47102,1.04598,5.63
47104,1.05751,4.70821
47105,1.06455,3.33572
47106,1.06397,0.497737
47107,1.03765,7.15629
47108,1.04231,7.83938
47109,1.01715,3.53719
47110,1.04219,6.98665
47111,1.04629,7.80743
47112,1.08675,10.358
47113,1.08286,9.91147
47114,1.07819,11.0967
47115,1.07784,11.2851
47116,1.08161,9.92342
47117,1.08704,10.089
47118,1.06745,14.5975
47119,1.06022,11.8686
47120,1.06607,11.8372
47121,1.06267,12.7159
47122,1.0691,12.0738
47123,1.06197,12.3854
47125,1.06225,11.9068
47126,1.06187,8.87799
47127,1.07174,-1.66288
47128,1.0123,-9.24005
47129,1.01441,-14.0508
47130,1.02192,-9.87883
47131,1.0202,-10.842
47132,1.06045,12.0644
47133,1.05879,12.2888
47134,1.06106,11.8804
47135,1.06085,11.8747
47137,1.05655,11.6769
47138,1.07752,12.7524
47139,1.07497,13.0033
47140,1.07774,13.4056
47142,1.07261,12.4622
47143,1.07458,13.0599
47144,1.07742,12.4715
47145,1.0771,12.4819
47146,1.07717,13.0009
47147,1.07697,13.1768
47149,1.07676,13.195
47150,1.07686,12.7411
47151,1.07769,12.1093
47152,1.0735,11.5569
47153,1.07677,12.4323
47155,1.05596,8.17939
47156,1.05287,0.957048
47157,1.04338,-0.766926
47158,1.05032,0.291592
47159,1.04986,0.0724109
47160,1.04275,-1.32359
47161,1.04744,-0.238229
47162,1.05196,3.73512
47163,1.04733,-1.40883
47164,1.0477,-0.973853
47165,1.04922,1.76826
47168,1.07422,12.0451
47169,1.07427,12.0437
47170,1.07375,11.8246
47174,1.07032,13.199
47175,1.06961,11.4676
47176,1.07442,11.9573
47177,1.07349,12.3284
47179,1.07366,11.9513
47180,1.0749,11.9985
47182,1.07442,11.9766
47183,1.07188,11.737
47184,1.06945,11.5538
47186,1.06825,11.5997
47187,1.07277,12.1663
47188,1.07051,12.9723
47189,1.08008,11.8218
47190,1.07363,12.0056
47191,1.0734,12.0383
47192,1.05853,9.11834
47193,1.07252,8.12404
47194,1.06804,10.6158
47195,1.0614,7.52295
47196,1.04427,6.90792
47197,1.04411,7.27279
47198,1.05802,5.56406
47199,1.05646,6.49323
47200,1.05307,5.50846
47201,1.04662,6.04407
47202,1.06134,7.3262
47203,1.05474,5.88955
47204,1.061,7.31217
47205,1.05616,10.9468
47206,1.04889,10.5399
47207,1.05192,10.6576
47208,1.05371,10.8048
47209,1.0475,10.5923
47210,1.05304,10.8373
47211,1.06059,11.678
47212,1.05516,11.2053
47213,1.05155,10.6201
47214,1.05171,10.7174
47215,1.0529,10.7911
47216,1.05657,11.2468
47217,1.05038,10.5613
47218,1.05169,10.627
47219,1.0508,10.5733
47220,1.05178,10.6422
47221,1.05232,10.6791
47222,1.051,10.5871
47223,1.05753,11.4216
47224,1.05124,10.6165
47225,1.05234,10.7003
47226,1.05594,10.9816
47227,1.05798,11.4559
47229,1.06718,11.5609
47230,1.05511,9.97625
47231,1.05007,9.90719
47232,1.0622,6.32531
47233,1.05872,7.75861
47234,1.06757,8.87917
47236,1.04945,11.1249
47237,1.05337,10.9408
47238,1.03433,6.93424
47239,1.04148,9.59894
47240,1.03045,6.79564
47241,1.02432,6.53542
47242,1.01764,6.85651
47243,0.994954,4.66058
47244,1.01523,6.28244
47245,1.02461,6.14225
47246,1.02909,6.44977
47247,1.03265,6.48046
47248,1.03116,6.14081
47249,1.03348,5.49607
47250,1.02242,5.80686
47251,1.02325,5.9816
47252,1.02466,5.90326
47253,1.01448,7.14533
47254,1.0497,11.1353
47255,1.05438,11.6969
47256,1.05343,11.4746
47257,1.05049,10.0497
47258,1.05339,11.4546
47259,1.07826,12.3828
47261,1.07975,11.4728
47262,1.08136,11.7046
47263,1.078,12.387
47264,1.07908,12.1185
47265,1.07976,11.8178
47266,1.08032,11.7936
47267,1.07898,11.8888
47268,0.978328,-10.3624
47269,0.95225,-14.6338
47270,0.971719,-10.764
47271,0.940346,-13.8119
47272,0.994385,-14.6067
47273,1.04617,9.22708
47274,1.04834,11.2145
47275,1.04801,11.4255
47276,1.04653,9.62558
47278,1.05233,10.3995
47279,1.01346,5.47217
47280,0.965244,-12.6757
47281,0.968604,-14.5896
47282,0.96662,-13.7459
47283,1.07091,16.824
47284,1.07236,17.1575
47285,1.07649,17.8585
47286,1.08807,12.3111
47288,1.07716,16.2205
47289,1.06869,15.7469
47290,1.06772,15.0737
47292,1.06553,10.5042
47293,1.06503,9.70998
47294,1.06937,10.6129
47295,1.07406,13.6574
47296,1.07929,15.7059
47297,1.08005,16.0244
47298,1.07799,15.6316
47299,1.08286,14.9603
47300,1.04723,10.7997
47301,1.05767,13.1361
47302,1.05117,12.0172
47303,1.05017,12.1356
47304,1.04721,11.5942
47305,1.04659,11.7763
47306,1.04675,11.7648
47307,1.0467,11.4854
47308,1.04765,11.8159
47309,1.04881,11.7099
47310,1.04787,11.5978
47311,1.04701,11.4889
47312,1.04657,11.4103
47313,1.04659,11.464
47314,1.04626,11.4183
47315,1.04633,11.3162
47316,1.04479,10.9375
47317,1.04585,11.2725
47318,1.04792,11.4342
47319,1.05956,12.6866
47320,1.06128,12.2667
47321,1.0442,10.7378
47322,1.05569,13.9655
47323,1.0497,10.9004
47324,1.05754,10.9311
47325,1.05309,10.2406
47326,1.05161,10.4538
47327,1.05647,10.5364
47328,1.05098,10.8595
47329,1.05763,12.6777
47330,0.925652,-15.1687
47331,0.935635,-19.7865
47332,1.07051,10.8526
47333,1.06803,10.4285
47334,1.06723,11.1284
47335,1.07001,11.8709
47336,1.06885,11.3089
47337,1.06927,10.9643
47338,1.06604,11.4119
47339,1.06541,10.5308
47340,1.0677,11.2497
47341,1.06854,10.6244
47342,1.0418,7.32234
47343,1.04039,8.63617
47344,1.04035,8.063
47345,1.04715,8.46028
47346,0.956876,-18.4
47347,0.956286,-18.1521
47348,0.953483,-18.073
47349,0.964044,-17.3757
47350,1.04571,8.74312
47351,1.04412,5.02744
47352,1.03809,5.76066
47353,1.02606,2.62469
47354,1.02325,0.960243
47355,1.02303,0.344327
47357,1.05323,11.1776
47358,1.05396,11.2638
47359,1.04934,10.8181
47360,1.06549,12.2353
47361,1.05756,11.596
47362,1.06275,12.2053
47363,1.05607,11.4651
47365,1.05012,10.9207
47366,1.04832,10.7638
47367,1.05149,11.0246
47368,1.04985,11.0478
47369,1.05599,11.9482
47370,1.04975,10.9386
47372,1.05816,6.92617
47373,1.05693,7.11878
47374,1.06484,7.31615
47375,1.05149,6.83489
47376,1.06092,9.26846
47378,1.05283,9.31324
47379,1.05749,8.03254
47380,0.942404,-19.833
47381,0.941244,-19.9736
47383,0.939113,-20.2543
47384,0.93963,-20.1784
47386,0.940607,-20.0594
47387,0.944818,-19.3916
47388,0.939562,-20.2579
47389,0.938345,-19.5645
47390,0.954589,-20.799
47392,1.07599,12.4382
47393,1.07552,13.0701
47394,1.07525,12.2829
47395,1.07502,12.2313
47396,1.07606,12.9266
47397,1.07411,11.5668
47398,1.06825,11.8065
47399,1.07265,13.9984
47400,1.0669,11.9308
47401,1.07457,12.8487
47402,1.07667,12.6012
47403,1.07361,11.7918
47404,1.06014,10.5896
47405,1.05947,10.4902
47406,1.06552,10.4237
47407,0.999712,-0.269046
47408,1.00583,-0.703315
47409,0.998973,-5.43405
47410,1.01202,-3.45476
47411,1.00372,-3.46394
47412,1.00431,-7.63452
47413,1.05618,8.56256
47414,1.06073,9.50146
47415,1.06651,9.1786
47416,1.05785,5.80827
47417,1.05944,4.93241
47418,1.05922,4.9203
47419,1.06073,4.97825
47420,1.05878,4.6168
47421,1.04978,10.8269
47422,1.05472,11.4621
47423,1.05223,11.9057
47424,1.07108,10.8563
47425,1.06769,10.2813
47426,1.07197,10.7458
47427,1.06796,10.6339
47428,1.0733,10.6023
47429,1.06747,11.3088
47430,0.952332,-6.10252
47431,0.961027,-8.51376
47432,0.952619,-11.1304
47433,1.07134,11.5817
47435,1.07073,12.6343
47436,1.07976,12.1289
47437,1.07015,12.4658
47438,1.07425,13.597
47439,1.07159,11.5684
47440,0.992241,-9.17035
47441,1.00168,-7.92508
47442,0.991794,-10.3429
47443,0.993314,-9.55039
47444,0.990096,-10.7851
47445,0.987426,-12.7647
47447,1.04946,11.9309
47448,1.05873,12.9611
47449,1.05977,12.5237
47450,1.05508,11.6122
47451,1.05405,12.3697
47452,1.05799,13.3268
47453,1.05316,12.3412
47454,1.05534,12.3588
47456,1.05597,12.329
47457,1.05868,11.7024
47458,1.05548,11.6007
47459,1.05625,10.6787
47460,1.06114,12.2988
47461,1.05757,11.4857
47462,1.05689,11.4861
47463,1.057,11.4923
47464,1.05792,11.4882
47465,1.05746,11.5025
47466,1.06048,11.5867
47467,1.05683,11.4796
47468,1.06047,11.9802
47469,1.06021,12.0146
47470,1.05576,11.3895
47471,1.06113,12.4181
47472,1.0547,11.3035
47473,1.05545,11.3614
47474,1.0554,11.374
47475,1.05565,11.4109
47476,1.05269,11.2263
47478,1.05345,11.2922
47479,1.05293,11.244
47480,1.05495,11.3177
47481,1.05512,11.3328
47482,1.05496,11.3434
47484,1.05727,11.6929
47485,1.056,11.349
47486,1.05676,11.6465
47487,1.06064,11.1205
47488,1.05658,11.5414
47489,1.05638,11.3477
47491,1.0568,11.3457
47492,1.05906,11.5008
47493,1.05827,11.4655
47496,1.05837,11.4638
47497,1.05668,11.4065
47498,1.05801,11.4598
47499,1.05634,11.3628
47502,1.0591,11.5682
47504,1.06362,12.1007
47505,1.06329,12.0728
47506,1.06254,12.1945
47507,1.05955,11.8436
47508,1.05919,11.8929
47509,1.06306,12.1981
47510,1.06332,12.2026
47511,1.05798,11.4572
47512,1.05757,11.49
47513,1.05749,11.4632
47514,1.05839,11.4995
47516,1.05827,11.4864
47517,1.05808,11.457
47518,1.05828,11.472
47519,1.0621,12.2067
47520,1.05984,12.1857
47521,1.05905,11.5021
47522,1.0594,12.9543
47524,1.06,12.7435
47525,1.05589,12.5762
47526,1.06111,12.1542
47527,1.06101,12.1383
47528,1.05493,11.399
47529,1.05465,11.4441
47530,1.05553,11.5043
47531,1.05487,11.56
47532,1.04888,10.6666
47533,1.04884,10.6567
47534,1.05339,10.9947
47535,1.05031,10.941
47536,1.05171,10.9354
47539,1.05165,11.1111
47540,1.05151,11.0457
47542,1.05133,11.0618
47543,1.05422,11.2713
47544,1.04899,10.8352
47546,1.05801,11.6517
47547,1.06408,11.7688
47548,1.05682,11.1786
47550,1.05661,11.4211
47551,1.05727,11.6048
47552,1.057,11.4945
47553,1.06006,11.65
47554,1.05665,11.8477
47555,1.09147,10.4772
47556,1.06631,9.24303
47557,1.07326,10.2302
47558,1.09128,10.7169
47559,1.06978,12.1172
47560,1.05923,11.7483
47562,1.07243,11.8033
47563,1.07839,11.3593
47564,1.07403,11.6111
47565,1.04756,10.3829
47566,1.0463,10.3882
47567,1.04684,10.4686
47568,1.04663,10.5137
47569,1.0462,10.4448
47571,1.04823,10.8128
47572,1.05852,13.3254
47573,1.05129,11.2422
47574,1.05027,10.7698
47575,1.05025,11.2299
47576,1.05315,11.7806
47577,1.06187,11.3604
47578,1.05203,11.22
47579,1.04593,10.3692
47581,1.04851,10.7911
47582,1.04855,10.7973
47583,1.04536,10.5144
47584,1.04516,10.4374
47585,1.04848,10.3644
47586,1.00567,-4.80335
47587,1.00294,-4.6459
47588,0.998004,-6.37316
47589,1.05524,8.532
47590,1.06223,10.0414
47591,1.06112,10.3666
47592,1.04887,-0.545072
47593,1.04431,-1.49377
47594,1.04638,-2.23677
47595,1.04583,-1.81067
47596,1.04654,-1.67456
47597,1.04869,-0.472823
47598,1.04625,-1.59896
47599,1.04634,-1.90222
47600,1.04629,-2.10775
47601,1.04716,-2.39952
47602,1.0482,-2.60844
47604,1.0465,-2.20061
47605,1.04959,-2.8059
47606,1.05184,-3.09969
47607,1.04469,-1.63825
47608,1.05502,-0.506253
47609,1.04569,-3.19354
47610,1.04307,-3.23932
47611,1.04424,-1.62203
47612,1.0484,1.48918
47613,1.03134,-1.15016
47614,1.03969,-1.60579
47616,1.03889,-3.13362
47617,1.02239,-4.68172
47618,0.975786,-14.2441
47619,0.987945,-15.4323
47620,0.986084,-15.0166
47621,0.970845,-14.5772
47622,1.06127,8.52388
47623,1.06081,9.02724
47624,1.06202,10.2523
47625,1.06718,12.3135
47626,1.05974,10.6185
47627,1.07137,11.4601
47628,1.06054,11.7079
47629,1.07877,7.26282
47630,1.08476,8.82806
47631,1.06785,5.67174
47632,1.07859,1.21155
47633,1.0743,2.69126
47638,1.06943,3.25504
47639,1.06002,11.9042
47640,1.06082,12.0698
47641,1.05964,11.781
47642,1.06165,11.8471
47643,1.06341,11.7538
47644,1.061,5.64116
47645,1.06128,6.17593
47646,1.06032,6.30473
47647,1.05952,6.35078
47648,1.06408,6.5536
47649,1.06383,6.56819
47650,1.06226,6.20689
47651,1.06509,5.21407
47652,1.07323,4.90285
47653,1.06103,5.52131
47654,1.06105,5.51895
47655,1.06183,6.10313
47656,1.06459,6.4841
47657,1.0602,5.56787
47658,1.06348,6.40626
47659,1.06146,7.04405
47661,1.0703,6.53124
47662,1.06089,5.66881
47663,1.0606,5.55869
47664,1.05649,5.63335
47665,1.05765,5.75609
47666,1.05832,5.88775
47667,1.06038,6.97129
47668,1.05835,5.43356
47669,1.06053,7.38384
47670,1.05364,4.70406
47671,1.06041,6.34163
47672,1.06007,6.39759
47673,1.05356,6.74263
47675,1.05615,5.59522
47676,1.06745,13.9453
47677,1.06348,13.3036
47678,1.06319,12.2788
47681,1.06735,12.9527
47682,1.06986,13.9714
47683,1.06882,12.8564
47684,1.07657,13.7072
47685,1.07652,13.3213
47686,1.06038,12.3307
47687,1.06508,13.0478
47688,1.05408,11.1989
47689,1.06297,11.589
47691,1.05387,12.0828
47693,1.0296,6.29526
47694,1.05622,13.0136
47695,1.03049,7.17491
47696,1.02245,5.05391
47697,1.06656,-22.2942
47699,1.07519,-21.6317
47700,1.06809,-16.9567
47701,1.08049,-21.0348
47702,1.06973,-25.0107
47703,1.07134,-24.0808
47704,1.07613,-23.5487
47705,1.072,-20.7016
47706,1.1,-24.4927
47708,1.07925,-23.875
47709,1.05635,-23.6983
47710,1.0762,-20.9257
47712,1.06756,-23.3525
47713,1.08839,-23.5726
47714,1.07164,-16.6371
47715,1.06967,-17.4552
47716,1.07257,-16.3911
47717,1.07265,-17.4839
47718,1.07077,-16.9227
47719,1.06406,-18.0876
47720,1.06286,-18.1849
47721,1.0652,-13.8851
47722,1.05845,-18.0904
47723,1.05607,-18.1528
47724,1.06988,-17.4118
47725,1.05491,-17.9342
47726,1.06162,-19.2725
47727,1.06322,-17.8516
47728,1.06298,-21.1739
47729,1.06527,-24.5544
47730,1.0579,-14.4516
47731,1.05774,-16.0491
47732,1.05488,-16.2828
47733,1.05797,-15.9288
47734,1.05988,-15.2307
47735,1.06137,-16.1526
47736,1.05392,-16.7341
47739,1.05349,-23.0861
47740,1.07404,-19.3423
47741,1.07802,-20.0378
47742,1.07575,-19.7695
47743,1.06716,-21.1258
47744,1.06675,-19.9361
47745,1.06601,-17.806
47746,1.07201,-7.79077
47748,1.04512,-12.2923
47749,1.04187,-13.1158
47750,1.09428,-13.005
47751,1.06032,-14.3857
47753,1.0789,-13.2786
47755,1.0606,-14.4769
47757,1.05834,-14.4537
47758,1.05729,-13.9796
47761,1.06053,-7.32214
47762,1.05635,-13.9216
47763,1.06163,-14.1819
47764,1.04427,-14.0344
47766,1.06316,-10.7072
47767,1.0236,-18.84
47768,1.03676,-17.7109
47769,1.05787,-15.06
47771,1.02707,-14.5723
47772,1.05832,-14.4334
47773,1.05134,-12.9121
47775,1.05718,-15.3784
47776,1.05802,-15.1474
47777,1.05694,-14.2516
47778,1.05721,-14.8613
47779,1.05699,-14.3881
47780,1.05637,-14.4005
47781,1.0564,-14.6382
47782,1.05651,-14.5772
47783,1.05953,-14.5811
47784,1.05757,-14.7314
47785,1.05732,-15.12
47786,1.05742,-15.4158
47787,1.05694,-15.2267
47790,1.05525,-10.9171
47791,1.05839,-14.3691
47792,1.05651,-14.3903
47793,1.05612,-14.3865
47794,1.05558,-14.4072
47795,1.05575,-14.3805
47796,1.0565,-14.1645
47797,1.05671,-14.2137
47798,1.05718,-14.1744
47799,1.05759,-12.9326
47800,1.05604,-14.1402
47801,1.05596,-14.2206
47803,1.05903,-12.9772
47804,1.05917,-12.8732
47805,1.06075,-12.6323
47806,1.05782,-11.4819
47807,1.05685,-14.0553
47808,1.05763,-12.5978
47809,1.05992,-12.3123
47810,1.05455,-13.407
47811,1.0568,-11.4785
47813,1.05876,-13.095
47814,1.05448,-13.2365
47815,1.05525,-13.3361
47816,1.05723,-15.6047
47817,1.05767,-16.6482
47818,1.05797,-16.7384
47819,1.06222,-17.8402
47820,1.05791,-16.4054
47821,1.06459,-17.6478
47824,1.08261,-19.1849
47828,1.01489,-19.7893
47829,1.0138,-21.126
47830,1.00845,-21.16
47831,0.999993,-21.1256
47832,1.05984,-15.4254
47833,1.05733,-14.0442
47834,1.07199,-18.0974
47835,1.07469,-18.647
47837,1.06695,-18.8137
47838,1.06743,-18.1132
47840,1.06815,-18.2332
47842,1.06789,-18.3764
47843,1.07116,-17.4592
47844,1.0661,-19.0547
47845,1.06668,-19.1147
47846,1.06429,-19.1992
47850,1.06426,-19.5169
47851,1.06669,-18.7802
47852,1.06838,-19.0882
47853,1.06787,-18.4894
47854,1.07394,-20.245
47855,1.06618,-18.3057
47856,1.06375,-19.1358
47857,1.06422,-19.4846
47858,1.06322,-19.3837
47859,1.06753,-17.6115
47860,1.06604,-15.1725
47862,1.06493,-19.8602
47863,1.06865,-20.0562
47864,1.06536,-18.1705
47865,1.06583,-18.0925
47866,1.0652,-18.1477
47867,1.06463,-16.9752
47868,1.06581,-18.1221
47869,1.06716,-17.7719
47870,1.0672,-19.1493
47871,1.06577,-18.1162
47872,1.06649,-18.1686
47873,1.06661,-18.1682
47874,1.06643,-17.4221
47875,1.06702,-18.2381
47879,1.06965,-19.4198
47880,1.06669,-19.7238
47881,1.06502,-9.20751
47882,1.06236,-11.3847
47883,1.06547,-11.1773
47886,1.06696,-10.0773
47887,1.07694,-10.4131
47888,1.06726,-11.4161
47889,1.05795,-6.62184
47890,1.04912,-10.2865
47891,1.04827,-8.4981
47892,1.05552,-10.6349
47893,1.06174,-10.5214
47894,1.04619,-13.0905
47895,1.04361,-13.529
47896,1.03946,-14.0338
47897,1.03973,-14.0928
47898,1.06016,-12.1689
47899,1.05924,-12.0466
47900,1.07081,-15.5821
47901,1.06634,-7.43649
47902,1.0603,-12.2434
47903,1.06444,-12.428
47904,1.06771,-11.6336
47905,1.06417,-12.5171
47906,1.07031,-14.6064
47907,1.07157,-15.1936
47908,1.0713,-14.6163
47909,1.07294,-14.9458
47910,1.07066,-13.2695
47911,1.0727,-14.9059
47912,1.07494,-15.2272
47914,1.07182,-15.7898
47915,1.07332,-14.9755
47916,1.07557,-15.3293
47917,1.07017,-16.3944
47918,1.07768,-15.6258
47919,1.07296,-15.9851
47920,1.06987,-14.8721
47921,1.07709,-13.9241
47924,1.06789,-16.8073
47925,1.06934,-13.3513
47926,1.06896,-15.1183
47927,1.07113,-15.467
47928,1.07313,-13.8007
47929,1.06831,-15.5926
47930,1.06696,-16.3017
47931,1.06848,-15.3706
47932,1.07101,-15.5415
47933,1.07389,-13.902
47934,1.06377,-9.76979
47935,1.06801,-14.8642
47936,1.06778,-15.0253
47937,1.06568,-15.8456
47938,1.06699,-15.7958
47939,1.06943,-14.5765
47942,1.06618,-15.9671
47943,1.0676,-15.9339
47944,1.07179,-15.6492
47945,1.06573,-16.8472
47946,1.0679,-16.6045
47947,1.07244,-15.8768
47948,1.06607,-16.9301
47949,1.06767,-16.9306
47950,1.06724,-16.9185
47951,1.07216,-16.0372
47952,1.06716,-16.597
47953,1.06715,-17.1393
47954,1.06545,-17.0677
47955,1.07004,-17.2146
47956,1.07041,-17.4099
47957,1.09023,-18.1162
47958,1.069,-17.6171
47959,1.06859,-17.8312
47960,1.07053,-17.3222
47961,1.07311,-17.493
47962,1.0656,-16.7418
47963,1.06812,-16.636
47964,1.07416,-17.1482
47966,1.06659,-16.2472
47967,1.07174,-15.7981
47968,1.07759,-14.0501
47969,1.06558,-16.5806
47970,1.07663,-13.8484
47971,1.07405,-14.4688
47972,1.07189,-14.2243
47973,1.06822,-15.4718
47974,1.07005,-15.6172
47975,1.06596,-15.8591
47976,1.06444,-15.8661
47977,1.06305,-16.4241
47978,1.066,-16.1943
47979,1.06818,-16.4484
47980,1.07586,-15.8027
47981,1.07593,-17.3037
47982,1.07945,-17.7408
47983,1.06855,-18.062
47984,1.06953,-18.1264
47985,1.07288,-17.0119
47986,1.06693,-18.1889
47987,1.06931,-14.0996
47988,1.0674,-13.0921
47989,1.06848,-14.2152
47990,1.07418,-13.566
47992,1.06608,-16.4343
47993,1.06555,-16.6266
47994,1.07011,-13.2349
47995,1.07038,-15.0267
47996,1.0697,-13.3148
47998,1.05785,-0.63888
47999,1.05037,-7.37164
48000,1.05387,-3.89332
48001,1.06504,-13.9711
48002,1.05867,-14.1097
48003,1.06645,-13.1414
48004,1.05654,-14.429
48005,1.07855,-12.4122
48006,1.0639,-17.8962
48007,1.06553,-19.9946
48008,1.06209,-20.7251
48009,1.05772,-19.9488
48010,1.06255,-18.6154
48011,1.06255,-18.7046
48012,1.06936,-15.7334
48013,1.06298,-20.0002
48014,1.06232,-9.36443
48015,1.061,-8.78117
48016,1.05691,-9.4035
48018,1.06622,-7.91992
48019,1.06252,-9.73039
48020,1.06589,-14.9089
48021,1.06767,-9.81143
48022,1.05351,-12.3371
48023,1.06088,-14.2068
48024,1.05964,-14.2217
48025,1.08148,-24.2531
48026,1.07392,-24.1168
48027,1.08886,-25.5455
48028,1.07842,-25.9209
48029,1.09031,-22.7399
48030,1.07812,-24.924
48031,1.07571,-24.7275
48032,1.07765,-24.7772
48033,1.08121,-25.1454
48034,1.07997,-25.0403
48035,1.07879,-24.8485
48036,1.08413,-23.7809
48038,1.07392,-19.0206
48039,1.07739,-22.4503
48041,1.07184,-11.7441
48044,1.06726,-12.0933
48045,1.06681,-12.6734
48046,1.06513,-10.859
48047,1.09319,-15.1498
48048,1.09492,-17.7912
48049,1.1,-18.58
48050,1.06159,-18.569
48052,1.06478,-16.5609
48053,1.06521,-16.6031
48054,1.06542,-16.6289
48056,1.06369,-16.768
48057,1.06365,-16.7932
48058,1.06419,-16.6893
48059,1.06394,-16.7276
48060,1.06506,-16.7338
48061,1.0675,-16.588
48062,1.06677,-15.541
48063,1.06682,-16.6331
48066,1.06568,-16.7049
48067,1.06426,-16.7626
48068,1.06393,-16.7575
48070,1.06765,-16.5805
48072,1.06512,-14.0441
48073,1.07104,-16.7505
48075,1.06628,-16.6087
48076,1.06563,-16.5666
48077,1.06515,-16.5131
48078,1.06441,-16.6204
48079,1.06706,-15.5258
48080,1.06564,-16.6514
48081,1.06392,-16.7434
48082,1.06454,-16.7523
48083,1.06689,-16.6679
48084,1.06571,-16.7195
48086,1.06651,-16.6321
48087,1.0688,-16.2145
48089,1.06616,-16.5661
48090,1.06459,-16.4803
48091,1.06484,-16.3931
48092,1.06523,-16.3602
48093,1.06496,-16.3524
48094,1.06573,-16.3343
48095,1.06608,-16.4837
48096,1.06743,-16.0679
48098,1.06913,-16.1072
48099,1.06925,-16.0448
48100,1.06885,-16.3951
48101,1.06764,-16.5489
48103,1.07059,-16.5541
48104,1.06903,-16.685
48105,1.06767,-16.6872
48106,1.06663,-16.6799
48107,1.06553,-16.5314
48108,1.06627,-16.5106
48109,1.06599,-16.4342
48110,1.0663,-16.3049
48111,1.06837,-15.8276
48112,1.06742,-15.9885
48113,1.06677,-16.1269
48114,1.06409,-14.5161
48115,1.06993,-15.8264
48116,1.06936,-15.92
48117,1.06645,-14.5142
48118,1.07207,-16.642
48119,1.06495,-14.1708
48120,1.0665,-14.304
48121,1.07024,-15.8045
48122,1.06608,-14.2802
48123,1.0719,-15.8996
48124,1.06743,-14.3306
48125,1.06822,-15.8555
48126,1.06769,-14.3232
48127,1.06942,-16.1841
48128,1.0698,-16.316
48129,1.07042,-16.5177
48131,1.07149,-16.6333
48132,1.0712,-16.755
48133,1.071,-16.4665
48134,1.06948,-15.7638
48135,1.07101,-15.0918
48136,1.07046,-16.297
48137,1.06993,-16.4897
48138,1.07082,-16.9416
48139,1.07077,-17.0768
48140,1.06895,-15.4814
48141,1.0708,-16.9712
48142,1.07048,-16.9063
48143,1.07039,-16.7516
48144,1.06992,-16.8836
48145,1.06969,-16.8448
48146,1.06972,-16.7327
48147,1.06892,-16.7871
48148,1.06827,-16.797
48150,1.0675,-14.1834
48155,1.06955,-16.8771
48156,1.07174,-17.0872
48158,1.1,-25.8242
48160,1.06926,-16.6339
48161,1.06577,-14.2779
48162,1.06898,-16.6422
48163,1.07216,-22.9394
48164,1.06636,-15.0679
48165,1.06778,-16.9997
48166,1.07593,-22.6635
48167,1.07796,-22.2741
48170,1.08588,-24.9148
48171,1.08318,-24.6775
48172,1.08747,-25.0459
48173,1.08109,-25.2567
48174,1.07775,-25.3169
48175,1.08075,-25.2583
48176,1.0837,-23.8792
48177,1.08167,-24.686
48178,1.08215,-24.3891
48179,1.07891,-20.9921
48180,1.07946,-23.8698
48181,1.07785,-23.8563
48182,1.08193,-23.3091
48183,1.0813,-23.3753
48184,1.08024,-23.1944
48185,1.0726,-25.8083
48186,1.07484,-25.7278
48187,1.07871,-25.4339
48188,1.07718,-25.2829
48189,1.07944,-23.1749
48190,1.08393,-24.498
48191,1.08431,-24.4596
48192,1.07881,-22.544
48193,1.08506,-25.5437
48194,1.07767,-23.9554
48195,1.07699,-25.6237
48196,1.08568,-24.3269
48197,1.07471,-25.6901
48198,1.07597,-25.5676
48199,1.08398,-24.0949
48200,1.07152,-25.558
48201,1.07373,-25.2617
48202,1.07272,-25.5246
48203,1.07428,-25.5019
48204,1.07232,-25.7466
48205,1.0775,-23.7785
48206,1.08075,-24.2579
48207,1.07802,-23.8396
48208,1.07851,-23.922
48209,1.07801,-24.0018
48210,1.09566,-24.2606
48211,1.09449,-25.2821
48212,1.08111,-24.344
48213,1.06298,-14.6813
48214,1.08024,-22.2043
48215,1.0787,-25.9825
48216,1.07787,-32.0456
48217,1.07482,-29.0544
48218,1.06311,-11.7045
48219,1.06239,-12.4953
48220,1.06145,-13.1372
48221,1.06464,-6.19224
48222,1.06911,-8.31003
48223,1.07098,-7.88121
48224,1.06984,-8.24954
48225,1.07233,-6.60045
48226,1.07217,-6.3127
48227,1.06098,-8.36161
48228,1.06843,-9.94057
48229,1.06855,-9.22417
48230,1.07117,-10.4957
48231,1.08382,-13.7277
48233,1.08231,-13.9763
48234,1.06939,-15.248
48235,1.06897,-15.2871
48237,1.07607,-14.7656
48238,1.07754,-13.1312
48239,1.07645,-13.3851
48240,1.08272,-15.0677
48241,1.07899,-15.4824
48242,1.07146,-14.637
48246,1.07914,-13.7356
48247,1.07714,-13.7819
48249,1.05996,-9.64066
48250,1.05389,-9.06498
48254,1.07117,1.0691
48255,1.05905,-2.48625
48256,1.06031,-1.93351
48257,1.06899,-0.230549
48258,1.04235,-7.61686
48261,1.06031,-12.9941
48262,1.07158,-9.25783
48263,1.051,-12.7144
48264,1.06316,-10.0337
48265,1.06492,-10.0846
48266,1.06639,-10.0901
48267,1.06491,-11.6927
48268,1.06653,-12.283
48269,1.06095,-13.4134
48273,1.06945,-14.08
48274,1.06965,-15.221
48275,1.06998,-15.1937
48276,1.06964,-15.6223
48277,1.06954,-15.8767
48278,1.06873,-13.6958
48279,1.0698,-16.1701
48280,1.0693,-16.1986
48281,1.06961,-16.0907
48282,1.07014,-16.3668
48283,1.06998,-16.2616
48284,1.07068,-16.4704
48286,1.07022,-16.3466
48287,1.06997,-16.2592
48288,1.06936,-15.9588
48289,1.06983,-15.9042
48290,1.06927,-15.7817
48291,1.06933,-15.8123
48292,1.06916,-15.9011
48293,1.06916,-15.9296
48294,1.06925,-15.8427
48295,1.06918,-15.906
48296,1.06931,-15.6981
48297,1.07139,-15.4072
48298,1.07287,-14.8685
48299,1.07253,-15.2634
48300,1.07334,-15.3684
48301,1.07069,-15.5669
48302,1.07216,-15.229
48303,1.07552,-13.2461
48305,1.07154,-15.5102
48306,1.07207,-15.5965
48307,1.07365,-15.1428
48308,1.07406,-14.6687
48309,1.07266,-13.0351
48311,1.07146,-15.4823
48312,1.07304,-15.2121
48313,1.07396,-14.1691
48314,1.07288,-13.0148
48315,1.07543,-13.0164
48316,1.07429,-13.989
48318,1.07188,-13.0632
48319,1.07017,-15.8653
48320,1.06948,-15.8454
48321,1.06933,-15.8485
48322,1.06948,-15.8157
48323,1.06947,-15.8093
48324,1.0707,-15.4617
48325,1.06966,-15.7672
48326,1.0709,-15.4483
48327,1.06851,-15.7208
48328,1.06875,-15.7164
48330,1.06874,-15.7598
48331,1.07035,-15.5522
48332,1.06986,-15.8299
48333,1.06944,-15.8072
48334,1.06958,-15.8209
48335,1.0694,-15.8073
48336,1.06943,-15.8028
48337,1.07138,-14.9164
48338,1.06812,-15.7741
48339,1.07178,-14.9421
48340,1.06832,-15.7504
48341,1.06825,-15.7697
48342,1.06816,-15.7828
48343,1.06982,-15.8166
48344,1.0694,-15.7824
48345,1.06938,-15.7948
48346,1.06854,-15.7379
48347,1.07041,-15.3892
48348,1.07033,-15.5617
48349,1.0699,-15.7948
48350,1.0695,-15.7631
48351,1.06928,-15.6243
48352,1.06975,-15.7649
48353,1.06999,-15.7627
48354,1.07162,-15.0589
48355,1.06631,-15.9317
48356,1.07001,-15.7736
48357,1.07031,-15.7527
48358,1.07209,-15.0462
48359,1.06638,-15.916
48360,1.06567,-16.1425
48362,1.06548,-16.2218
48363,1.06531,-16.2427
48364,1.06562,-16.1683
48365,1.07145,-15.6791
48366,1.07073,-15.0916
48367,1.06679,-15.8551
48368,1.06633,-15.9254
48369,1.0709,-15.1945
48370,1.0698,-15.1101
48371,1.0671,-15.8157
48372,1.06909,-15.1152
48374,1.06775,-15.6362
48376,1.06682,-15.8218
48377,1.06497,-16.3392
48378,1.06892,-14.1615
48379,1.07102,-14.9261
48380,1.07027,-15.4867
48381,1.06981,-15.6218
48382,1.06827,-13.939
48383,1.07045,-15.3172
48384,1.07052,-15.4019
48385,1.06937,-15.7257
48386,1.06949,-15.3593
48387,1.06826,-13.9438
48388,1.06976,-15.2656
48389,1.0699,-15.114
48390,1.06903,-15.71
48392,1.06925,-15.5136
48393,1.06934,-15.3515
48394,1.06921,-15.3559
48395,1.06802,-13.9925
48396,1.06993,-15.1124
48397,1.07043,-15.6046
48398,1.06934,-15.3646
48399,1.06973,-15.4439
48400,1.06898,-15.2313
48401,1.06792,-14.0048
48402,1.06888,-15.0651
48403,1.06966,-15.5291
48404,1.06939,-15.4385
48405,1.06945,-15.4507
48406,1.0692,-15.3199
48407,1.06897,-15.1561
48408,1.06906,-15.3266
48409,1.06924,-15.2388
48410,1.06774,-14.0144
48411,1.07181,-15.0294
48412,1.06947,-15.3317
48413,1.06921,-15.3488
48415,1.06884,-15.1463
48416,1.06852,-15.1189
48417,1.06884,-15.4206
48418,1.07424,-14.924
48420,1.06923,-15.3862
48421,1.06862,-15.48
48422,1.06545,-16.157
48423,1.06821,-15.7445
48424,1.07145,-14.977
48425,1.07034,-15.5732
48426,1.06944,-15.6991
48427,1.06911,-15.8678
48428,1.06828,-15.7628
48429,1.07208,-15.5777
48430,1.07111,-15.4822
48431,1.0696,-15.7276
48432,1.06884,-15.8525
48433,1.07009,-15.3317
48434,1.07086,-15.6985
48435,1.07067,-15.0966
48436,1.06599,-16.0688
48437,1.07256,-16.1186
48438,1.06486,-9.5028
48439,1.06054,-7.27135
48440,1.05688,-7.90384
48441,1.06187,-8.71781
48442,1.05692,-8.26453
48443,1.05748,-8.80375
48444,1.06091,-9.17425
48446,1.06184,-9.45493
48447,1.06395,-9.49052
48448,1.06421,-9.4462
48449,1.06163,-8.98448
48450,1.06522,-8.35345
48451,1.06827,-10.7305
48452,1.07128,-11.9513
48453,1.06824,-10.1967
48454,1.07391,-12.2901
48455,1.065,-9.25763
48456,1.06768,-10.4824
48457,1.0704,-11.4184
48458,1.06956,-11.6941
48459,1.07197,-11.2167
48460,1.05752,-8.74231
48461,1.05993,-8.54854
48463,1.05938,-8.59227
48464,1.06017,-6.85525
48465,1.05367,-2.61487
48466,1.07342,-13.1659
48467,1.06643,-11.1785
48468,1.06565,-12.4686
48469,1.06567,-13.1851
48470,1.06223,-6.61615
48471,1.05926,-5.61059
48472,1.06279,-9.47407
48473,1.06115,-9.21568
48474,1.0609,-9.38566
48475,1.06467,-8.85027
48476,1.05468,-3.97999
48477,1.05748,-8.13822
48478,1.07989,-18.5671
48479,1.08558,-27.0804
48480,1.06648,-15.3053
48481,1.04544,-17.1958
48482,1.08215,-17.0863
48483,1.06502,-14.8905
48484,1.06655,-15.2361
48485,1.06652,-19.4819
48486,1.0612,-14.8536
48488,1.06078,-18.3528
48489,1.05742,-15.6166
48490,1.05021,-16.2924
48491,1.06027,-17.3134
48492,1.06196,-21.344
48493,1.06032,-13.4854
48494,1.06168,-19.0993
48495,1.06881,-19.8071
48496,1.06978,-20.7592
48497,1.06943,-21.2416
48498,1.06964,-21.3469
48499,1.0701,-21.4147
48500,1.06328,-20.2214
48501,1.06699,-21.096
48502,1.06425,-20.6005
48503,1.06644,-20.9178
48504,1.06744,-20.7906
48505,1.06593,-20.5846
48506,1.06447,-18.1843
48507,1.06914,-21.3189
48508,1.06487,-20.0386
48509,1.0636,-18.4625
48510,1.05677,-16.1511
48511,1.06604,-19.5594
48512,1.0588,-18.0244
48513,1.05933,-18.2401
48515,1.05784,-13.3175
48516,1.06392,-20.4578
48517,1.06137,-21.5374
48518,1.05652,-15.8522
48519,1.08535,-13.1598
48520,1.06492,-13.1167
48521,1.08522,-7.01252
48522,1.07162,-9.32243
48524,1.05417,-9.08114
48526,1.05535,-8.84414
48527,1.0607,-13.9266
48528,1.06433,-15.0211
48529,1.06996,-12.8883
48530,1.06425,-15.0762
48531,1.06375,-15.846
48532,1.06734,-17.1734
48533,1.06362,-17.7088
48536,1.07334,-17.8177
48537,1.07046,-17.6928
48538,1.07175,-17.8004
48539,1.07145,-17.7033
48540,1.07204,-18.0979
48541,1.07157,-16.3975
48542,1.07097,-16.5694
48543,1.06874,-13.7493
48544,1.07111,-16.7394
48545,1.07153,-16.925
48546,1.07166,-16.9934
48547,1.07084,-17.2461
48548,1.06984,-17.5095
48549,1.07043,-17.503
48550,1.06457,-15.3611
48551,1.07852,-16.8873
48552,1.06095,-12.7805
48555,1.08092,-11.4501
48556,1.09003,-14.2996
48557,1.06173,-14.8583
48558,1.06489,-19.116
48559,1.05751,-14.5303
48560,1.05753,-12.6334
48561,1.0455,-19.257
48562,1.06305,-19.8695
48563,1.05228,-20.2952
48564,1.05361,-21.0987
48565,1.05768,-22.8703
48566,1.08314,-18.2366
48567,1.06121,-21.8622
48568,1.06218,-19.3565
48569,1.06162,-19.4237
48570,1.0619,-19.4692
48571,1.06233,-19.3228
48572,1.07004,-22.6264
48573,1.07266,-21.4135
48577,1.06572,-22.5745
48578,1.07053,-23.5405
48579,1.06667,-23.0134
48580,1.08291,-18.6165
48581,1.0689,-23.0589
48582,1.07663,-23.603
48583,1.08052,-21.0299
48584,1.07941,-21.9589
48585,1.07943,-22.9153
48586,1.0768,-23.0848
48587,1.0826,-23.8129
48588,1.07367,-23.5295
48589,1.08354,-25.1563
48590,1.06237,-25.8702
48591,1.06237,-27.1581
48592,1.06138,-26.5836
48593,1.06504,-25.5648
48594,1.06771,-23.0587
48595,1.06291,-25.1307
48596,1.07179,-22.7603
48597,1.0769,-22.6138
48598,1.08103,-20.5005
48599,1.0718,-22.7522
48600,1.07052,-22.972
48601,1.07027,-22.938
48602,1.07051,-22.8993
48604,1.08216,-9.73728
48605,1.08443,-8.17381
48606,1.07752,-10.5723
48607,1.08558,-9.86317
48608,1.07695,-11.159
48609,1.07677,-11.1043
48610,1.08399,-9.85417
48611,1.08424,-10.1659
48612,1.08608,-10.0128
48613,1.08914,-9.596
48614,1.07613,-11.2165
48615,1.08823,-10.0697
48616,1.08634,-10.0403
48617,1.08701,-10.0594
48618,1.08202,-5.8087
48619,1.08709,-9.00513
48620,1.07392,-10.7227
48621,1.07341,-10.7951
48623,1.07159,-11.0594
48624,1.07171,-11.0862
48625,1.07586,-10.8452
48626,1.07863,-10.5777
48628,1.07424,-10.9295
48629,1.07299,-10.9981
48630,1.07248,-11.0007
48631,1.07337,-10.8918
48633,1.09191,-9.08706
48634,1.0858,-9.54055
48635,1.09061,-8.95305
48637,1.08241,-6.1975
48638,1.0792,-10.8278
48639,1.07916,-10.8777
48640,1.08652,-9.83931
48641,1.08693,-9.77773
48642,1.08724,-9.87509
48643,1.08731,-9.86075
48644,1.0784,-11.0052
48645,1.08718,-10.0979
48646,1.08251,-9.59036
48647,1.08229,-11.0913
48648,1.08468,-13.1303
48649,1.08757,-11.2049
48650,1.08299,-13.458
48651,1.08261,-12.0212
48652,1.08416,-13.0154
48653,1.07602,-13.526
48654,1.0763,-13.1721
48655,1.08118,-12.3589
48656,1.08388,-12.8276
48657,1.08447,-12.6751
48658,1.07827,-13.3234
48659,1.078,-13.3924
48660,1.07962,-13.1827
48661,1.08393,-12.3543
48662,1.08055,-10.6289
48663,1.076,-12.5427
48664,1.07834,-13.777
48665,1.08096,-10.5344
48666,1.05055,-11.5699
48667,1.04655,-12.3279
48668,1.04513,-13.0041
48669,1.0834,-33.1287
48670,1.08086,-32.9576
48675,1.07691,5.29537
48676,1.06807,-2.79026
48677,1.06415,-4.10037
48678,1.06349,-2.3386
48679,1.05878,-3.83019
48680,1.06036,-7.92875
48681,1.08493,-25.4693
48683,1.08692,-25.4096
48684,1.08219,-25.7332
48685,1.07018,-26.6955
48686,1.07174,-26.9248
48687,1.07201,-26.9275
48688,1.07578,-25.9844
48689,1.07045,-26.5269
48690,1.0702,-26.7097
48691,1.07817,-25.6715
48692,1.09384,-27.8642
48693,1.04791,-19.9077
48694,1.07671,-19.385
48695,1.06441,-22.2622
48696,1.08795,-21.2625
48697,1.08168,-21.4315
48698,1.06769,-22.2765
48699,1.05683,-21.2695
48700,1.0749,-21.4804
48701,1.0692,-21.8684
48702,1.07605,-21.4727
48704,1.07029,-21.2267
48706,1.07898,-2.97085
48707,1.07591,-3.36954
48708,1.08242,-9.19111
48709,1.07946,-3.41314
48710,1.08387,-9.40131
48711,1.08,-7.51735
48712,1.081,-5.17264
48714,1.08131,-2.20334
48715,1.08185,-5.8753
48716,1.04563,-12.8006
48717,1.02737,-13.9146
48718,1.02349,-14.1076
48719,1.05246,-13.9549
48720,1.05923,-10.6136
48721,1.05555,-12.081
48722,1.06137,-10.1675
48724,1.06195,-9.9501
48725,1.06217,-9.79859
48726,1.07107,-8.79122
48727,1.07649,-16.1063
48728,1.06771,-13.3317
48730,1.07866,-16.7325
48731,1.07324,-16.0605
48732,1.06391,-0.547463
48733,1.0547,-4.48486
48734,1.05484,-6.59011
48735,1.0635,-9.76706
48737,1.06578,-10.0863
48738,1.08021,-14.1327
48739,1.06017,-14.0016
48740,1.07006,-15.3777
48741,1.07292,-14.6343
48743,1.02803,-5.39775
48744,1.04912,-1.50125
48745,1.04146,-2.54177
48746,1.03872,-3.7079
48749,1.07669,-27.6642
48750,1.07624,-25.7945
48752,1.07134,-16.141
48753,1.04909,-17.7246
48754,1.02506,-17.0773
48755,1.06244,0.281646
48756,1.07953,-0.269758
48758,1.0712,0.19281
48759,1.06229,-0.863936
48760,1.05859,-1.16207
48761,1.05761,-1.31328
48762,1.04016,4.12593
48763,1.05114,3.9084
48764,1.05269,4.00707
48765,1.04735,4.71506
48766,1.0472,4.2205
48767,1.04152,4.17648
48768,1.04736,4.99058
48770,1.06411,5.03879
48771,1.04297,3.50254
48772,1.08138,2.82466
48774,1.07068,2.73425
48775,1.06617,2.8384
48776,1.06534,1.64209
48777,1.06824,2.83327
48778,1.06802,3.87014
48779,1.06668,2.95874
48780,1.06528,2.95075
48781,1.06256,3.66699
48782,1.09622,5.4701
48783,1.09122,5.57656
48785,1.07486,3.26117
48786,1.07391,3.23847
48790,1.073,5.9044
48792,1.07151,2.5734
48794,1.07149,2.47553
48795,1.07349,3.48707
48796,1.07407,2.5552
48799,1.07358,5.83254
48800,1.07308,4.14173
48801,1.06536,3.46923
48802,1.07499,4.06236
48803,1.075,4.06397
48804,1.07264,4.32052
48805,1.06412,1.72051
48806,1.06521,2.14787
48808,1.07494,1.73013
48810,1.06763,2.22455
48811,1.0837,1.68153
48813,1.07334,3.2557
48814,1.07885,-28.1271
48815,1.07855,-29.7699
48816,1.08265,-28.992
48817,1.07845,-30.1289
48819,1.07583,-30.3492
48820,1.07605,-30.3749
48821,1.07712,-30.1365
48822,1.07666,-30.3676
48823,1.07828,-30.3172
48825,1.07781,-30.2484
48826,1.07745,-30.3708
48827,1.07686,-30.3947
48829,1.07717,-30.2857
48830,1.07917,-30.3199
48831,1.07064,-29.9183
48833,1.0862,-29.8876
48834,1.08605,-29.881
48835,1.04305,-21.7773
48836,1.04991,-28.1866
48837,1.07914,-29.8863
48838,1.08957,-29.7997
48840,1.07886,9.47948
48841,1.07742,8.01995
48842,1.08495,9.24413
48843,1.08215,7.62481
48846,1.0873,9.20019
48847,1.07867,7.87776
48848,1.08345,9.03947
48849,1.0732,-7.01332
48850,1.08324,-10.0244
48853,1.071,6.13653
48854,1.06627,8.4042
48855,1.06957,7.5235
48856,1.06379,3.72934
48857,1.05585,2.57435
48858,1.05623,1.71371
48859,1.0684,3.2473
48860,1.06564,3.60241
48861,1.06846,3.1498
48862,1.06829,3.15001
48863,1.06513,3.62935
48865,1.06987,3.04565
48866,1.06942,4.01208
48868,1.0684,3.29533
48869,1.06691,2.94775
48870,1.08354,8.41537
48872,1.06877,5.8123
48873,1.07934,8.2352
48874,1.07936,8.25576
48875,1.08208,8.41602
48876,1.07135,7.42185
48877,1.07126,7.54762
48880,1.07076,7.46096
48882,1.08262,8.63506
48883,1.08787,9.60293
48885,1.07134,7.65579
48886,1.06572,2.55333
48887,1.04438,-0.603831
48888,1.06516,2.32765
48889,1.06746,6.9324
48890,1.06347,6.07518
48891,1.07953,-0.132148
48893,1.06935,1.772
48895,1.08215,-0.358323
48896,1.07022,2.13081
48897,1.06837,3.50599
48898,1.06729,2.82304
48899,1.06787,5.30577
48901,1.06849,5.81174
48902,1.06885,4.07571
48903,1.07582,1.26632
48904,1.07054,4.93473
48905,1.09265,-0.718963
48906,1.09879,-0.285932
48908,1.06736,5.01814
48909,1.06726,2.46489
48910,1.06956,4.97379
48911,1.06057,3.71169
48912,1.06238,3.96128
48913,1.06114,3.66285
48914,1.05146,5.44537
48915,1.07324,5.27553
48916,1.07778,7.79822
48917,1.05088,2.80501
48918,1.05818,3.10843
48919,1.05258,2.94358
48920,1.0522,3.07875
48921,1.05307,3.1598
48922,1.05382,3.3381
48923,1.0529,3.1584
48924,1.05145,3.35153
48925,1.05848,4.18506
48926,1.0583,4.00609
48927,1.05812,3.82855
48928,1.04972,3.18458
48930,1.05897,4.70751
48933,1.05306,-6.87855
48938,1.09505,7.28344
48939,1.08722,6.69017
48941,1.08679,6.66975
48942,1.07899,3.42092
48943,1.0865,6.99812
48952,1.07526,3.12967
48953,1.07857,4.28208
48957,1.07452,1.87415
48958,1.07466,2.23589
48961,1.07216,2.78682
48962,1.07291,2.73895
48965,1.08099,3.67508
48966,1.08941,-3.15624
48967,1.09647,-3.05082
48968,1.07161,2.68178
48969,1.07353,-2.79369
48972,1.06674,-2.01032
48973,1.06571,-1.63026
48974,1.07923,7.62871
48975,1.0994,6.95583
48976,1.07904,3.33399
48977,1.07932,3.41041
48978,1.07023,-10.8373
48979,1.06165,-11.61
48980,1.06074,-11.6094
48981,1.05594,-14.1148
48982,1.05864,2.21636
48983,1.06661,3.01177
48984,1.08355,6.5318
48985,1.05991,1.836
48986,1.06124,2.01783
48987,1.0738,3.45547
48988,1.05826,1.65721
48989,1.06743,2.68458
48990,1.07354,7.16092
48991,1.0647,2.5336
48992,1.06684,2.3236
48993,1.06986,3.10002
48994,1.07488,2.85637
48995,1.0681,2.27929
48996,1.05828,1.89951
48997,1.06857,0.149389
48998,1.0769,-0.133106
48999,1.08906,-1.28169
49000,1.08114,-0.726325
49001,1.07454,-2.04935
49002,1.07396,5.60936
49003,1.07589,7.22845
49004,1.05393,5.62091
49005,1.07389,6.48043
49006,1.07454,6.68614
49007,1.05621,5.49561
49008,1.0603,3.37983
49009,1.0616,3.87858
49010,1.06209,3.89054
49011,1.06236,2.7086
49012,1.06327,2.68825
49013,1.03933,-9.90482
49015,1.06212,-9.31171
49017,1.03751,4.35782
49019,1.03918,4.76488
49020,1.03802,4.58829
49021,1.05473,3.89052
49022,1.05216,4.09295
49023,1.05683,4.55968
49024,1.08646,7.96311
49025,1.08843,7.33879
49026,1.1,5.37052
49027,1.08304,9.26441
49028,1.08257,8.42628
49029,1.0815,8.48262
49030,1.0825,8.38687
49031,1.08437,8.91458
49032,1.0841,11.6974
49033,1.07684,11.3241
49034,1.07133,11.4324
49035,1.06845,10.244
49036,1.06811,9.67218
49037,1.07464,7.94113
49038,1.1,1.88462
49039,1.06089,4.80067
49040,1.05778,4.628
49041,1.0661,9.78502
49042,1.07623,7.56036
49043,1.06877,10.608
49044,1.06947,7.39593
49045,1.07188,7.96797
49046,1.08592,6.8546
49047,1.07568,7.68664
49048,1.0786,7.3493
49049,1.06293,5.27717
49050,1.06306,5.22091
49051,1.07676,2.46896
49052,1.0701,2.42028
49053,1.06117,2.67929
49054,1.05861,3.2674
49055,1.06649,4.84859
49056,1.06244,-11.5542
49057,1.05454,-11.1484
49058,1.0584,3.41299
49059,1.0584,3.41659
49060,1.05832,3.43129
49061,1.05515,3.19842
49062,1.05646,3.05989
49063,1.05611,3.01869
49064,1.05737,3.02258
49065,1.05955,3.16616
49066,1.05544,2.71457
49067,1.05561,2.85393
49068,1.05572,2.87395
49069,1.05448,2.85875
49070,1.05823,3.4558
49071,1.05821,3.44989
49072,1.05817,3.49715
49073,1.05511,3.26313
49074,1.055,3.16374
49075,1.05893,3.52145
49076,1.05574,2.68745
49078,1.05954,2.47976
49079,1.05647,2.56378
49080,1.05876,3.02959
49081,1.05617,3.07456
49082,1.05574,3.09726
49083,1.0555,3.13292
49085,1.05376,3.30335
49086,1.05392,3.40856
49088,1.05941,3.32446
49089,1.05885,3.29725
49090,1.0587,3.39305
49091,1.0578,2.90488
49092,1.0586,2.88994
49093,1.05298,3.00662
49094,1.05804,3.56527
49095,1.05153,3.22627
49096,1.04927,3.31121
49097,1.05016,3.84229
49098,1.04866,3.5769
49099,1.04832,3.39691
49102,1.0541,3.75897
49103,1.05887,3.26173
49104,1.0588,3.38371
49105,1.05994,2.70978
49106,1.06035,2.92108
49108,1.05321,3.69651
49109,1.0627,2.69977
49110,1.06216,2.74712
49112,1.05783,2.82452
49113,1.05953,2.98594
49114,1.06059,2.99976
49115,1.05896,3.50631
49116,1.05863,3.39072
49118,1.05878,3.11135
49119,1.05546,5.85393
49120,1.02253,-9.09584
49121,1.03109,-8.58669
49122,1.03017,-8.35484
49123,1.03385,-7.63849
49124,1.04936,-15.6162
49126,1.06225,-14.4842
49127,1.07339,1.65988
49132,1.06838,4.9825
49133,1.06577,3.35652
49134,1.06501,3.4387
49135,1.06327,3.46794
49136,1.03593,-20.9775
49137,1.03562,-21.4776
49138,1.04132,-22.1051
49139,1.06913,3.55638
49140,1.07374,0.913122
49142,1.0691,6.5309
49143,1.06332,5.85336
49145,1.06294,5.67314
49146,1.07519,7.51825
49147,1.06937,6.88651
49148,1.06915,5.3696
49149,1.07023,7.11759
49150,1.0593,8.00378
49151,1.06269,8.56718
49152,1.06073,8.25536
49153,1.07704,9.81489
49154,1.08877,7.61918
49155,1.08667,6.49923
49156,1.08711,7.27806
49157,1.08604,7.23121
49159,1.07983,7.31512
49160,1.08722,6.52891
49161,1.08416,6.6023
49162,1.08626,6.39936
49166,1.08472,6.37702
49167,1.08399,6.16492
49169,1.08361,6.1725
49170,1.08452,6.41748
49171,1.08669,7.3347
49174,1.08379,6.18448
49175,1.08362,6.08114
49177,1.08352,6.05196
49178,1.08353,6.12645
49179,1.0835,6.02372
49180,1.08327,5.94915
49181,1.0835,5.87856
49183,1.08392,5.93878
49184,1.08452,5.86126
49185,1.08383,5.94645
49187,1.08388,5.96057
49191,1.08577,5.51428
49192,1.09283,6.34118
49193,1.08603,5.59454
49194,1.0909,6.19205
49196,1.08337,4.81605
49197,1.08346,4.68519
49198,1.09072,6.09958
49199,1.0858,5.19883
49200,1.08572,5.22674
49201,1.08587,5.27415
49204,1.08447,4.56024
49205,1.08545,5.01576
49206,1.08423,4.56232
49207,1.08436,4.32957
49208,1.08559,5.03395
49209,1.08375,4.18639
49210,1.08303,4.25702
49211,1.08269,4.10491
49212,1.08335,4.00641
49213,1.09126,5.02152
49214,1.09508,5.11641
49215,1.08455,3.49006
49216,1.08237,3.40403
49218,1.07973,3.04689
49219,1.08035,3.15382
49220,1.08431,3.19596
49221,1.07819,2.50431
49222,1.08484,3.31554
49223,1.09932,1.56504
49224,1.1,1.41556
49225,1.08617,5.879
49227,1.08211,4.99523
49228,1.08748,5.93884
49229,1.08876,5.49173
49230,1.08862,5.34473
49231,1.08961,4.95466
49232,1.0884,4.889
49233,1.09069,6.94614
49234,1.09052,6.86949
49237,1.0849,5.06777
49238,1.08838,5.77673
49239,1.08787,5.84217
49240,1.08344,4.94886
49241,1.08448,4.64193
49242,1.08405,4.30347
49243,1.08333,3.92253
49245,1.08485,5.73011
49246,1.08442,5.65744
49247,1.07947,5.05674
49248,1.07836,5.07233
49249,1.07758,5.13337
49251,1.07697,5.12813
49252,1.08024,5.7784
49253,1.07735,5.17884
49254,1.08143,5.71747
49255,1.08347,4.25651
49256,1.07624,2.64613
49257,1.07552,2.46072
49258,1.07535,2.10289
49259,1.07569,2.69834
49260,1.09276,1.43699
49262,1.0752,1.58835
49263,1.0733,1.57308
49264,1.07726,1.23572
49265,1.07795,0.292714
49266,1.07664,1.98362
49267,1.07641,1.66182
49268,1.07052,1.65227
49269,1.07179,1.60305
49271,1.07267,4.65545
49272,1.08021,6.11547
49273,1.07945,6.04695
49274,1.07879,3.87567
49275,1.07642,3.91497
49276,1.07801,5.94583
49278,1.07076,5.40883
49279,1.07387,4.70787
49280,1.07956,4.36827
49281,1.07638,5.54856
49282,1.07747,3.63661
49283,1.08118,1.35361
49284,1.08529,0.47361
49285,1.08099,0.579936
49286,1.07807,1.71732
49288,1.07875,4.00145
49289,1.07834,2.38725
49290,1.07964,2.86662
49291,1.07826,2.31809
49292,1.07883,2.2929
49293,1.07822,2.83419
49294,1.07795,3.00887
49295,1.09055,2.8564
49296,1.08289,3.1796
49297,1.07901,6.30474
49298,1.08032,5.72911
49299,1.08779,3.28446
49300,1.09485,2.72539
49301,1.08407,3.7006
49302,1.08271,3.61168
49303,1.0828,3.53863
49305,1.08945,4.37245
49306,1.09285,3.94529
49307,1.08127,2.97341
49309,1.06963,-0.0489758
49310,1.0815,2.97999
49312,1.07008,2.95233
49313,1.09097,2.52175
49314,1.08748,6.46687
49316,1.0871,7.96705
49317,1.08976,7.43265
49318,1.08732,6.21898
49319,1.0868,6.62421
49320,1.08462,7.67115
49321,1.08596,7.7973
49322,1.08443,6.38711
49323,1.08655,7.87086
49324,1.08414,6.33846
49325,1.08913,6.20564
49326,1.08384,6.04128
49327,1.08377,6.24016
49328,1.08385,6.25933
49330,1.08549,5.71834
49331,1.08364,6.01448
49333,1.08357,5.16383
49334,1.07877,5.89067
49338,1.07857,6.40144
49339,1.07139,1.89192
49340,1.08467,6.04542
49341,1.07691,3.71442
49343,1.07017,4.22945
49350,1.07717,3.27819
49351,1.07805,2.9367
49352,1.06404,5.52779
49353,1.05855,4.6514
49354,1.05997,5.01866
49355,1.06487,3.98158
49356,1.0614,4.31499
49357,1.06056,4.52309
49358,1.06013,4.69903
49359,1.06002,4.74084
49360,1.06512,5.84907
49361,1.06076,4.81191
49362,1.06153,5.08706
49363,1.06325,6.04581
49364,1.06065,5.91698
49365,1.05584,4.48318
49366,1.05919,4.93039
49367,1.06371,4.78835
49368,1.06354,5.00353
49369,1.05905,3.89535
49370,1.06133,3.84409
49371,1.06179,4.72946
49373,1.05582,5.843
49375,1.07223,6.27579
49376,1.08184,6.94757
49377,1.07784,4.98253
49379,1.07614,7.16441
49383,1.07745,5.03213
49385,1.0739,4.3056
49386,1.07092,5.63979
49387,1.07225,5.4609
49388,1.07441,4.18655
49389,1.07601,4.13866
49391,1.07948,4.19557
49392,1.07469,7.06171
49393,1.08716,3.62358
49394,1.07497,6.95947
49395,1.07152,7.99737
49397,1.07544,7.38493
49399,1.0737,7.34344
49400,1.07811,7.68429
49401,1.07396,7.05467
49403,1.07763,7.69832
49404,1.06896,6.8752
49405,1.06857,6.85248
49406,1.06921,6.87278
49407,1.06943,7.00777
49408,1.07491,7.87825
49409,1.07417,7.00607
49410,1.07303,6.7985
49411,1.07588,7.91249
49412,1.07505,7.37372
49413,1.06517,6.44374
49415,1.07872,8.27559
49416,1.07372,1.61288
49417,1.07476,2.97543
49418,1.07201,2.86836
49419,1.072,2.53019
49420,1.06961,1.62108
49423,1.07037,2.38595
49424,1.07279,1.79367
49425,1.03594,-0.344305
49426,1.03534,-1.44502
49428,1.06714,3.10526
49429,1.06374,3.20978
49431,1.06601,3.30367
49432,1.06616,3.27565
49434,1.0799,-2.4841
49435,1.06697,-2.66496
49436,1.07248,-1.5776
49437,1.07294,1.42563
49438,1.07728,-0.705509
49439,1.07727,-0.212656
49441,1.05854,4.67798
49442,1.05694,4.59816
49443,1.04803,3.33809
49444,1.04724,2.64836
49445,1.04254,2.23655
49446,1.04282,2.27376
49447,1.0338,-7.57707
49448,1.03445,-6.82835
49450,1.05078,-8.19756
49451,1.06645,-6.07608
49453,1.06765,-1.63152
49454,1.09151,-3.97403
49455,1.0743,-1.83922
49456,1.0804,-5.07571
49457,1.07123,-5.86271
49459,1.03927,-0.475433
49461,1.04236,3.07493
49462,1.04367,3.91227
49463,1.04909,-2.7112
49464,1.07355,-2.02945
49467,1.06954,-1.31501
49468,1.06282,5.59802
49469,1.05446,5.13639
49470,1.06094,6.65997
49471,1.05864,5.75902
49472,1.04345,2.14958
49474,1.05878,5.49714
49475,1.05423,4.36684
49476,1.05688,4.80718
49477,1.07318,8.16874
49478,1.07441,7.92117
49480,1.05096,2.90222
49481,1.0664,4.60406
49482,1.06451,4.64702
49483,1.07111,-8.54399
49486,1.0465,-8.66327
49489,1.03414,-8.57625
49490,1.03827,-8.54906
49491,1.03865,-15.2476
49492,1.04927,-15.5724
49493,1.06975,4.38001
49494,1.07529,2.57843
49496,1.05877,3.15195
49497,1.07564,2.49656
49501,1.07426,13.1555
49502,1.06675,1.11674
49503,1.07131,2.11523
49504,1.06954,2.21855
49505,1.07192,1.95973
49506,1.02802,-0.300542
49507,1.02818,0.828983
49508,1.03787,3.28194
49509,1.0626,-0.209352
49510,1.07402,1.78136
49511,1.07629,4.04164
49512,1.07226,-0.0976674
49513,1.07894,1.66341
49514,1.06909,1.6921
49515,1.07385,2.31472
49517,1.07053,2.89116
49518,1.0754,12.5154
49519,1.07974,14.2236
49520,1.08669,15.8677
49521,1.08646,13.9225
49522,1.08693,10.8475
49523,1.08284,13.0809
49524,1.06834,3.12532
49525,1.06753,3.24648
49526,1.06479,3.491
49527,1.06125,4.69683
49529,1.0644,5.67317
49530,1.06437,5.24012
49531,1.06183,4.1137
49532,1.05462,4.92448
49533,1.07521,3.28616
49534,1.05822,4.53735
49535,1.057,4.57374
49537,1.04427,-16.7386
49538,1.04537,-15.6606
49539,1.04706,-15.2108
49540,1.0709,-9.86698
49541,1.06197,5.97545
49542,1.06165,6.58495
49543,1.06013,7.36292
49545,1.05448,3.14711
49546,1.07653,5.41408
49547,1.05033,2.85339
49548,1.05494,6.51144
49549,1.05729,5.28291
49550,1.07854,13.1265
49551,1.07837,13.0871
49554,1.07775,13.0533
49555,1.07702,13.0534
49557,1.08522,7.77999
49558,1.07078,5.2817
49559,1.07004,5.26337
49560,1.07045,5.63162
49561,1.07425,-1.01043
49562,1.07753,-0.337442
49563,1.073,1.48381
49567,1.07509,1.21195
49571,1.07485,1.29088
49572,1.07229,6.111
49573,1.07234,6.12153
49574,1.07271,6.01032
49575,1.07164,5.62379
49576,1.06657,4.92765
49577,1.06478,5.60861
49578,1.06875,5.75472
49579,1.06982,5.81143
49580,1.07177,5.75298
49581,1.05556,4.84869
49584,1.06134,-0.405885
49586,1.06987,-5.23621
49589,1.08855,4.82222
49591,1.08486,4.25105
49592,1.07905,2.94181
49595,1.08237,3.69239
49596,1.0825,3.86119
49598,1.07933,3.35554
49601,1.08473,3.45935
49602,1.08284,3.52432
49604,1.0863,3.90407
49605,1.06723,-3.59096
49607,1.05721,3.33855
49608,1.06276,3.41181
49609,1.04635,1.13772
49610,1.03683,0.960241
49611,1.068,4.44897
49613,1.06719,4.62642
49614,1.06618,3.88016
49615,1.0644,3.73772
49616,1.06606,3.75166
49617,1.06558,3.84007
49620,1.02444,-14.2895
49622,1.03199,-7.73401
49623,1.03567,-7.24052
49624,1.04592,-0.0610612
49627,1.05083,9.98154
49632,1.03948,-0.582281
49634,1.06466,2.09789
49637,1.08347,9.74743
49639,1.08631,9.99133
49644,1.07544,0.998732
49645,1.07594,1.01436
49646,1.07651,1.04481
49647,1.07679,1.0417
49649,1.07616,1.0411
49650,1.07546,1.02241
49651,1.0762,1.11191
49652,1.07938,1.37525
49653,1.07733,1.20769
49655,1.07602,1.23396
49656,1.07722,1.25747
49657,1.07856,1.1658
49659,1.07735,1.07136
49660,1.08033,3.24575
49661,1.0791,3.03254
49662,1.08147,3.07182
49663,1.07878,3.00462
49665,1.08135,2.39842
49667,1.07873,1.76711
49668,1.08239,2.52814
49669,1.07957,1.94272
49670,1.08001,2.06955
49671,1.07674,2.79009
49672,1.07741,2.69839
49674,1.07854,2.66437
49675,1.08247,1.74279
49676,1.07683,1.38436
49677,1.08416,2.3179
49678,1.0811,2.93345
49679,1.08133,1.86894
49681,1.08168,2.78658
49682,1.0815,2.26388
49683,1.07881,2.92552
49684,1.07856,3.34131
49685,1.08085,3.29466
49687,1.08034,2.78218
49688,1.07915,2.25912
49689,1.0815,2.90367
49690,1.0837,2.99818
49691,1.08021,2.34252
49692,1.08451,3.10261
49693,1.08342,3.31138
49694,1.07953,2.44341
49695,1.07967,2.46323
49696,1.07977,2.44706
49697,1.08005,2.45185
49699,1.09224,3.19674
49700,1.07138,0.347717
49701,1.07788,1.43096
49702,1.08035,1.79041
49703,1.07286,0.733214
49704,1.07516,1.09675
49705,1.07315,-0.335353
49706,1.06977,-0.592557
49707,1.07407,0.486683
49708,1.06931,-0.180238
49709,1.06965,-0.156851
49710,1.06983,0.821299
49711,1.07113,0.444422
49712,1.06945,0.0540212
49713,1.07041,0.279951
49714,1.07444,7.10335
49716,1.06958,2.42766
49717,1.07761,1.39943
49718,1.08195,2.60495
49719,1.07537,3.20812
49720,1.06648,4.65236
49721,1.06284,3.71987
49722,1.06493,3.65452
49723,1.08173,8.22096
49724,1.07594,9.30113
49725,1.0733,6.66931
49726,1.07486,6.53348
49727,1.06172,6.29448
49728,1.05756,5.94137
49729,1.05707,5.91727
49730,1.06015,6.45074
49731,1.05999,7.31345
49732,1.07508,7.90038
49734,1.08242,8.06743
49735,1.08248,8.05432
49736,1.05859,6.21559
49737,1.05876,6.1138
49739,1.08242,2.08054
49740,1.08185,1.98437
49741,1.08039,1.79598
49742,1.07654,1.65435
49743,1.07848,1.73243
49744,1.07978,1.82366
49745,1.09263,3.70679
49749,1.08347,2.33849
49750,1.0784,2.04828
49751,1.08121,2.20312
49752,1.08694,2.7328
49753,1.07971,3.30675
49754,1.08076,2.65405
49755,1.08037,3.01227
49756,1.08142,2.2685
49757,1.08112,2.42401
49758,1.0733,6.27735
49759,1.08147,3.18693
49760,1.07965,2.14593
49761,1.0785,2.1376
49762,1.07756,2.03318
49763,1.08272,1.7864
49765,1.08445,1.95873
49766,1.08271,1.74661
49767,1.08203,1.72081
49768,1.08106,1.54144
49770,1.07981,1.34819
49771,1.08702,1.45202
49772,1.08332,3.53155
49773,1.08318,3.42555
49774,1.07556,1.77513
49775,1.07532,1.62536
49776,1.07511,1.63344
49777,1.07678,1.55683
49778,1.07659,1.48646
49779,1.07662,1.51487
49780,1.07774,1.50373
49781,1.07803,1.53781
49782,1.07845,1.60757
49783,1.07896,1.6272
49784,1.07751,1.54976
49785,1.07555,1.60429
49786,1.07669,2.00994
49787,1.07683,2.18761
49788,1.07728,1.14129
49789,1.08705,3.45984
49791,1.07712,1.23771
49792,1.07794,1.37798
49793,1.07705,2.55867
49794,1.07968,3.6866
49795,1.07866,3.83659
49796,1.07948,2.47506
49797,1.09402,3.17126
49798,1.0786,1.63031
49799,1.08023,4.9818
49800,1.08044,5.00594
49801,1.07816,4.02412
49802,1.08032,3.96975
49803,1.08016,3.83845
49804,1.07961,3.94611
49806,1.07805,5.49531
49808,1.07708,2.35313
49809,1.0789,1.52813
49810,1.08571,2.74523
49811,1.0849,0.603933
49814,1.08343,0.614721
49815,1.08248,0.677316
49816,1.08158,1.16828
49817,1.0817,0.950695
49818,1.08197,0.816303
49819,1.09039,2.06836
49820,1.08201,0.906173
49821,1.0743,1.39126
49822,1.07391,1.46969
49823,1.07586,1.78694
49824,1.08537,2.86411
49825,1.0778,1.6427
49827,1.0831,1.33594
49828,1.08131,1.63645
49829,1.07732,5.74616
49830,1.08259,2.52934
49831,1.08332,2.30037
49834,1.08015,2.02924
49835,1.08054,2.0507
49837,1.07837,5.20206
49838,1.07832,5.24197
49839,1.08419,1.88482
49841,1.07853,5.23857
49843,1.0834,1.56564
49844,1.08495,1.46304
49845,1.08656,1.40264
49846,1.08549,1.60766
49847,1.08805,1.09087
49848,1.0767,1.69304
49849,1.0857,2.0965
49850,1.0829,2.38073
49851,1.08144,3.5249
49852,1.07892,4.98998
49854,1.07725,2.83116
49855,1.08764,3.05036
49856,1.07692,2.98588
49857,1.07681,3.20237
49858,1.07739,4.54613
49859,1.07746,5.67286
49860,1.07577,3.08566
49861,1.0775,5.7035
49862,1.07503,2.95172
49863,1.0785,3.79255
49864,1.07888,5.05694
49865,1.07846,5.13233
49866,1.07992,2.72693
49867,1.07571,2.91708
49868,1.08104,2.27835
49869,1.07867,3.55346
49870,1.08484,4.23986
49871,1.0786,2.34298
49872,1.07962,2.15098
49873,1.07907,2.07232
49874,1.07845,1.99719
49875,1.0869,1.52863
49876,1.08468,1.90731
49877,1.08921,1.35295
49878,1.09539,1.12442
49879,1.08654,1.3882
49880,1.08655,1.25948
49881,1.09058,1.1724
49883,1.08308,1.4275
49884,1.08378,1.49183
49885,1.07994,1.69925
49886,1.08084,1.76326
49887,1.07971,2.15932
49888,1.08002,2.02429
49889,1.07995,1.88041
49890,1.08731,4.72425
49892,1.08511,5.01635
49893,1.07466,3.28868
49894,1.07502,4.19667
49895,1.0751,3.78835
49896,1.08069,5.99476
49897,1.07549,4.23665
49898,1.08429,7.66313
49899,1.07657,4.55923
49901,1.08487,4.73591
49902,1.07458,3.10384
49903,1.07544,2.35119
49904,1.07502,2.68484
49905,1.07587,2.08623
49906,1.07507,2.4542
49907,1.07543,2.33003
49908,1.07691,1.8439
49909,1.0772,2.1999
49910,1.07996,2.16389
49911,1.08639,3.58243
49912,1.07827,2.63323
49913,1.07877,3.03552
49915,1.07406,3.08006
49916,1.07477,3.47765
49918,1.07478,4.66209
49919,1.07738,5.79887
49920,1.08157,3.73819
49921,1.08074,5.25726
49923,1.07237,5.86161
49924,1.07633,6.1479
49926,1.07652,5.63818
49927,1.07753,4.31866
49928,1.07702,4.36746
49929,1.07841,4.15617
49930,1.08063,4.07302
49931,1.07866,2.68601
49932,1.08203,5.21452
49933,1.07922,3.60245
49934,1.08525,1.91479
49936,1.07528,4.92438
49937,1.06602,2.55409
49938,1.06686,-1.28429
49939,1.07323,-1.23579
49941,1.06729,-1.41387
49942,1.07067,-1.55947
49943,1.07211,-0.952522
49944,1.06588,0.141552
49949,1.06879,7.51124
49950,1.05772,6.4924
49951,1.05043,6.23407
49952,1.06941,10.7769
49953,1.07443,12.614
49954,1.07515,12.311
49955,1.06787,8.72374
49956,1.06796,7.90439
49957,1.07653,13.0707
49958,1.0757,12.7526
49959,1.04922,4.88187
49960,1.06612,6.3794
49962,1.02811,-0.52829
49964,1.04846,6.75032
49965,1.08455,8.25463
49966,1.0878,7.76262
49967,1.06636,9.25267
49968,1.09069,7.87043
49969,1.08359,12.0656
49970,1.08465,12.6987
49971,1.09508,6.056
49972,1.05641,3.51667
49973,1.04844,4.96281
49974,1.05082,5.55242
49975,1.05664,6.19177
49976,1.05387,5.94407
49977,1.05393,4.60625
49978,1.01445,-9.19242
49979,1.01318,-10.4712
49980,1.01088,-10.842
49981,1.0539,5.95574
49982,1.0532,5.7638
49983,1.05494,5.77243
49984,1.05937,5.36397
49986,1.05375,5.35883
49987,1.05162,4.80279
49988,1.05235,5.35165
49989,1.0565,5.28524
49990,1.05898,5.17379
49991,1.07098,5.48643
49992,1.06297,5.11738
49993,1.07476,5.44463
49994,1.07726,5.9483
49995,1.04699,1.99565
49996,1.05904,2.57324
49997,1.05363,2.60862
49998,1.05337,2.72625
49999,1.07209,3.44434
50000,1.05699,3.43239
50001,1.07836,-0.0995707
50002,1.09309,0.345103
50003,1.07634,-0.123299
50004,1.07956,0.194768
50005,1.08684,0.899799
50006,1.07668,8.02714
50007,1.07023,6.62796
50008,1.06189,6.2854
50009,1.05812,6.16925
50010,1.05759,6.6655
50011,1.07744,7.9466
50012,1.07045,8.72172
50013,1.07413,9.68575
50014,1.07496,8.56675
50015,1.06186,3.28127
50017,1.06474,2.89118
50018,1.06198,2.90635
50019,1.06354,2.43975
50020,1.06012,2.79988
50021,1.05875,3.43909
50022,1.06093,2.52363
50024,1.06349,3.74416
50025,1.06162,3.89795
50026,1.05302,3.33
50027,1.05623,3.75115
50030,1.08047,2.26262
50031,1.08128,2.51223
50032,1.0817,2.59184
50033,1.07678,6.40243
50034,1.07952,2.05159
50035,1.07939,1.97223
50038,1.0799,2.1597
50040,1.08259,3.83261
50041,1.07952,2.79095
50042,1.08308,3.75306
50043,1.08141,1.67606
50044,1.07796,3.57524
50045,1.07883,4.03761
50046,1.08034,2.05823
50047,1.08612,3.34849
50048,1.08659,3.40947
50049,1.07858,5.00244
50052,1.07993,1.73153
50053,1.08065,1.78649
50054,1.0817,1.82845
50055,1.08808,2.91434
50056,1.08853,2.94911
50057,1.0826,1.80754
50058,1.07789,1.47145
50059,1.07762,1.46842
50060,1.0782,1.48103
50061,1.0787,1.50023
50062,1.07949,1.53539
50063,1.08007,1.69206
50065,1.08008,1.74815
50067,1.0795,3.8177
50068,1.07943,1.46927
50070,1.07917,1.4099
50071,1.07911,1.36008
50074,1.08331,1.71738
50075,1.07894,1.38815
50076,1.07888,1.35429
50078,1.07794,3.96341
50079,1.08784,3.04012
50080,1.08405,1.65631
50081,1.0855,1.56804
50083,1.07935,2.20611
50084,1.08014,1.79653
50085,1.07981,2.31903
50086,1.07914,2.08785
50087,1.07913,2.06508
50088,1.08123,1.8722
50089,1.08016,2.13067
50090,1.0802,2.17443
50091,1.08064,2.35375
50092,1.08054,2.27512
50093,1.08071,2.09703
50094,1.08052,1.94179
50095,1.08321,1.69657
50097,1.08044,1.92975
50098,1.0806,1.93827
50100,1.08583,1.56475
50101,1.08784,1.48221
50103,1.09122,1.4305
50104,1.08036,1.41446
50105,1.08249,2.8503
50111,1.07969,1.34585
50112,1.07927,1.33712
50113,1.08231,1.66435
50114,1.08302,1.72635
50115,1.083,1.74965
50116,1.08119,1.9821
50118,1.08443,1.89602
50119,1.0917,3.32011
50120,1.08264,1.48808
50121,1.08484,3.12064
50122,1.08554,1.41928
50123,1.08874,1.40869
50124,1.08614,1.80826
50125,1.0778,5.28291
50126,1.09275,2.73425
50127,1.09101,3.42148
50128,1.07946,1.32563
50129,1.08007,4.16448
50131,1.07782,5.15903
50132,1.08054,1.35261
75433,1.08431,29.2113
75434,1.08556,28.5608
75435,1.09623,33.6038
75436,1.09718,32.7282
75437,1.0972,32.464
75439,1.08472,29.5274
75440,1.08136,25.7186
75441,1.08295,25.5024
75442,1.08361,25.4022
75443,1.07512,29.5462
75444,1.0755,29.1915
75445,1.09015,25.614
75446,1.1,25.3257
75447,1.07168,27.6959
75448,1.07085,27.6901
75449,1.08559,13.9677
75450,1.08365,27.7695
75451,1.08158,28.2368
75452,1.08116,29.5463
75453,1.0826,28.9384
75454,1.08082,29.346
75455,1.06958,28.3443
75456,1.0646,28.8235
75457,1.06536,28.3206
75458,1.06215,27.8226
75459,1.08459,27.3843
75460,1.08511,30.3238
75461,1.05971,16.5548
75462,1.0912,30.9449
75463,1.08408,30.2214
75464,1.08996,31.8951
75465,1.07885,29.0027
75466,1.06682,28.2883
75467,1.06708,28.2443
75468,1.06528,25.7202
75469,1.05844,23.2022
75470,1.08443,29.7391
75471,1.08393,28.4564
75472,1.08696,27.5413
75473,1.08287,19.5497
75474,1.08176,19.2475
75475,1.08754,29.6257
75476,1.08995,29.381
75477,1.08248,26.1872
75478,1.08263,19.4941
75479,1.07953,19.3755
75480,1.08819,30.4522
75481,1.08484,18.3874
75482,1.06569,25.4352
75483,1.07602,22.0855
75484,1.08151,20.9784
75485,1.08089,20.5557
75486,1.07806,23.594
75487,1.06584,27.6508
75488,1.0825,29.34
75489,1.08137,29.2095
75490,1.08854,19.5683
75491,1.07556,26.3305
75492,1.08698,29.6879
75493,1.09325,14.5406
75494,1.08231,28.8219
75495,1.0793,23.0451
75496,1.08296,21.7946
75497,1.08394,30.363
75498,1.08396,30.1927
75499,1.07663,18.5897
75500,1.08847,20.3799
75501,1.08532,29.9926
75502,1.08565,21.3104
75503,1.08071,27.0031
75504,1.08004,28.3163
75505,1.07006,25.5554
75506,1.08689,29.187
75507,1.0961,31.4522
75508,1.0832,24.839
75509,1.07376,4.86067
75510,1.07291,4.46549
75511,1.07475,13.8084
75512,1.07921,12.8165
75513,1.07873,12.2489
75514,1.07971,11.6818
75515,1.07938,11.274
75516,1.06287,6.71804
75517,1.06458,5.95847
75518,1.06273,5.37114
75519,1.04745,4.45642
75520,1.07618,12.6112
75521,1.07574,12.1933
75522,1.06523,8.42085
75523,1.0688,7.25513
75524,1.06978,6.52733
75525,1.0697,6.3365
75526,1.06511,7.11675
75527,1.06421,9.51161
75528,1.06642,7.97598
75529,1.07934,14.3574
75530,1.07954,14.0627
75531,1.04584,8.45232
75532,1.05078,7.63644
75533,1.04618,8.34217
75534,1.04939,7.70386
75535,1.06438,5.6461
75536,1.0652,5.44518
75537,1.06612,5.0898
75538,1.06775,4.77053
75539,1.06667,4.3072
75540,1.08155,12.2741
75541,1.07912,14.3351
75542,1.0795,14.0485
75543,1.08246,12.6915
75544,1.07918,9.97844
75545,1.06615,6.763
75546,1.08913,9.92903
75547,1.08728,9.69024
75548,1.05523,2.98521
75549,1.04839,3.35875
75550,1.03429,-4.79157
75551,1.01225,-7.96459
75552,1.06234,4.91133
75553,1.05426,5.78099
75554,1.0537,5.37906
75555,1.04281,-6.11485
75556,1.02985,-8.40146
75557,1.0816,7.50989
75558,1.07901,10.4521
75559,1.07962,10.1161
75560,1.05238,6.83708
75561,1.04306,1.85115
75562,1.07595,9.42766
75563,1.05631,4.90434
75564,1.07482,10.7106
75565,1.06778,4.36509
75566,1.0718,11.7785
75567,1.01252,-7.88297
75568,1.04657,0.0753191
75569,1.04895,-1.42332
75570,1.07878,9.86484
75571,1.04862,-1.98845
75572,1.0605,-0.512969
75573,1.06044,-0.972587
75574,1.05948,-1.21114
75575,1.07426,4.88826
75576,1.07813,8.34106
75577,1.0479,-1.12618
75578,1.04689,19.5153
75579,1.06375,21.1144
75580,1.06509,20.6708
75581,1.06589,5.54046
75582,1.08028,13.1158
75583,1.0696,12.9011
75584,1.06896,12.5915
75585,1.0496,16.044
75586,1.04197,14.9843
75587,1.05973,15.0231
75588,1.0498,3.57267
75589,1.0668,14.7971
75590,1.0625,13.2222
75591,1.06252,12.702
75592,1.06925,21.5835
75593,1.06351,20.7911
75594,1.06854,5.01444
75595,1.08602,18.4597
75596,1.0843,18.1367
75597,1.05649,-0.699081
75598,1.08804,9.86239
75599,1.08544,9.85435
75600,1.08085,17.2663
75601,1.0791,16.8968
75602,1.03561,-5.07795
75603,1.0662,7.84451
75604,1.05581,9.13162
75605,1.04641,-2.29506
75606,1.06147,8.07471
75607,1.06633,19.308
75608,1.09101,-1.34472
75609,1.08319,-2.24282
75610,1.07787,10.2962
75611,1.07783,10.1532
75612,1.06642,14.0773
75613,1.06613,13.8558
75614,1.06817,15.6396
75615,1.04742,12.8359
75616,1.06902,18.6591
75617,1.07227,17.5117
75618,1.07361,16.471
75619,1.0725,15.9962
75620,1.06211,11.16
75621,1.06343,11.8005
75622,1.05999,13.3483
75623,1.06137,12.6145
75624,1.0705,18.3905
75625,1.07552,18.5205
75626,1.08143,18.9225
75627,1.07181,17.2183
75628,1.07259,13.3988
75629,1.08815,17.8384
75630,1.06972,15.6785
75631,1.02888,7.24932
75632,1.02862,6.58752
75633,1.04292,2.55758
75634,1.0794,11.4851
75635,1.07838,11.5124
75636,1.06755,13.4319
75637,1.07335,15.8489
75638,1.07043,12.9533
75639,1.06288,12.1097
75640,1.07204,14.7681
75641,1.07138,15.7391
75642,1.06281,13.5793
75643,1.07472,13.771
75644,1.07367,13.1979
75645,1.07082,12.7165
75646,1.08092,5.43606
75647,1.07879,4.89655
75648,1.06875,13.736
75649,1.06796,14.7901
75650,1.06759,15.1245
75651,1.06807,15.0533
75652,1.05842,7.06605
75653,1.04478,9.00843
75654,1.04488,5.39932
75655,1.04535,4.78453
75656,1.04526,4.00163
75657,1.06359,11.2743
75658,1.06769,7.43806
75659,1.0809,14.6975
75660,1.07871,18.7664
75661,1.07166,19.7457
75662,1.07165,19.6479
75663,1.03019,1.91422
75664,1.05666,12.8533
75665,1.06239,12.1307
75666,1.05971,9.11191
75667,1.06986,14.1054
75668,1.06817,15.0303
75669,1.06237,5.94612
75670,1.05272,6.82539
75671,1.05643,8.20526
75672,1.04658,3.25621
75673,1.04634,1.95198
75674,1.02763,3.01779
75675,1.0623,10.9598
75676,1.07928,18.0611
75677,1.08694,29.9995
75678,1.08693,29.8968
75679,1.08697,29.8228
75680,1.08741,29.8943
75681,1.08684,29.8911
75682,1.08961,30.8792
75683,1.08715,30.349
75684,1.08826,30.4365
75685,1.08713,30.2279
75686,1.09134,29.1122
75687,1.0867,18.361
75688,1.08639,17.6982
75689,1.08842,17.6107
75690,1.08729,18.0135
75691,1.08646,17.9131
75692,1.08771,17.1464
75693,1.08703,14.5179
75694,1.08805,14.2853
75695,1.08689,14.4919
75696,1.09039,17.1834
75697,1.0921,15.0067
75698,1.08959,15.0067
75699,1.085,14.5372
75700,1.08752,14.6422
75701,1.08835,14.8146
75702,1.09152,16.7433
75703,1.09137,15.6498
75704,1.08961,15.0884
75705,1.08642,14.8391
75706,1.07857,27.7014
75707,1.09116,27.5538
75708,1.08974,27.5568
75709,1.08297,27.5786
75710,1.08209,27.8165
75711,1.08101,27.7594
75712,1.08246,28.1024
75713,1.08177,27.7363
75714,1.08596,26.1594
75715,1.08788,26.034
75716,1.08818,25.4229
75717,1.08532,21.4122
75718,1.08606,21.623
75719,1.08688,20.3926
75720,1.08547,25.9338
75721,1.08527,25.9179
75722,1.0847,25.3995
75723,1.08811,27.369
75724,1.08101,25.5038
75725,1.0797,25.3887
75726,1.0803,25.2045
75727,1.07919,23.9596
75728,1.07927,24.0483
75729,1.08267,19.8867
75730,1.08152,19.561
75731,1.086,20.3352
75732,1.08252,20.383
75733,1.08184,19.6885
75734,1.0827,19.7984
75735,1.08301,20.326
75736,1.07941,21.9316
75737,1.08289,21.107
75738,1.08608,19.263
75739,1.08177,19.6052
75740,1.0811,19.1506
75741,1.07941,19.2344
75742,1.07975,18.7872
75743,1.07948,18.4649
75744,1.0798,18.2893
75745,1.0889,18.9688
75746,1.1,17.7072
75747,1.06814,25.6877
75748,1.07528,25.3701
75749,1.06438,26.7806
75750,1.06721,25.877
75751,1.08606,30.6744
75752,1.08655,30.649
75753,1.08561,30.5067
75754,1.08879,29.3622
75755,1.09006,30.3684
75756,1.08782,30.6823
75757,1.09222,20.6242
75758,1.09105,20.1051
75759,1.08492,18.9528
75760,1.08096,16.9893
75761,1.08339,18.5164
75762,1.07964,19.3013
75763,1.08121,20.5817
75764,1.08066,20.3452
75765,1.07263,25.326
75766,1.07138,24.603
75767,1.06662,27.0526
75768,1.08406,19.6057
75769,1.08877,26.4193
75770,1.08875,26.9508
75771,1.08727,26.643
75772,1.09319,27.1527
75773,1.09105,26.9031
75774,1.09147,26.5145
75775,1.07816,26.795
75776,1.07742,26.2643
75777,1.08277,28.218
75778,1.08247,27.5561
75779,1.08234,26.3601
75780,1.08024,26.8928
75781,1.08087,27.5768
75782,1.08335,27.4124
75783,1.08241,25.1283
75784,1.08075,25.2302
75785,1.08322,21.2857
75786,1.0822,20.9049
75787,1.08215,25.8333
75788,1.08559,25.0426
75789,1.08385,25.3141
75790,1.08294,25.4618
75791,1.08598,26.3222
75792,1.0867,25.8963
75793,1.08605,25.6564
75794,1.08399,25.2421
75795,1.08305,24.0545
75796,1.08666,26.5353
75797,1.07994,25.1332
75798,1.08696,23.1202
75799,1.08433,24.4182
75800,1.08375,25.7438
75801,1.08633,24.6751
75802,1.08592,24.3474
75803,1.08623,24.6741
75804,1.08681,22.7314
75805,1.08551,25.2115
75806,1.08507,25.0168
75807,1.09032,28.3035
75808,1.09206,27.7554
75809,1.09076,27.392
75810,1.09324,27.3661
75811,1.09107,27.376
75812,1.09322,29.2085
75813,1.09312,28.6904
75814,1.09216,28.546
75815,1.09164,28.182
75816,1.09426,27.0715
75817,1.09637,28.4951
75818,1.09556,28.6213
75819,1.09056,29.0689
75820,1.08894,28.593
75821,1.08607,27.5568
75822,1.08864,27.2163
75823,1.08759,27.4028
75824,1.09066,27.072
75825,1.08931,27.063
75826,1.08739,27.1551
75827,1.08733,26.2331
75828,1.07483,20.2039
75829,1.07787,18.0839
75830,1.08412,17.6967
75831,1.08399,17.8795
75832,1.08226,17.7699
75833,1.07486,17.3206
75834,1.07366,17.7586
75835,1.07258,17.8651
75836,1.08185,29.4225
75837,1.08925,30.6794
75838,1.08603,29.6219
75839,1.08591,29.6465
75840,1.08667,29.7065
75841,1.08192,20.6964
75842,1.08092,20.1188
75843,1.08163,20.5367
75844,1.08094,20.0146
75845,1.08449,20.0741
75846,1.08602,19.24
75847,1.08725,19.2613
75848,1.0868,19.3637
75849,1.0865,19.3332
75850,1.08433,18.2035
75851,1.08437,18.2198
75852,1.08452,18.2669
75853,1.08408,18.2397
75854,1.08707,18.5842
75855,1.08619,18.4655
75856,1.08422,18.5297
75857,1.0881,19.1206
75858,1.08739,18.9397
75859,1.08614,19.3202
75860,1.08559,19.1292
75861,1.07859,18.5316
75862,1.07852,18.4711
75863,1.08263,18.1306
75864,1.08672,18.2206
75865,1.08944,19.0334
75866,1.08503,18.4712
75867,1.07879,22.4057
75868,1.07948,21.2682
75869,1.07977,20.897
75870,1.07148,20.7432
75871,1.08101,24.8607
75872,1.07943,24.7145
75873,1.08024,24.5868
75874,1.08123,24.4883
75875,1.07944,24.3982
75876,1.084,23.5561
75877,1.08127,23.9956
75878,1.08536,24.5537
75879,1.09472,26.4809
75880,1.09521,27.3158
75881,1.08563,26.1797
75882,1.08489,25.4906
75883,1.08433,24.6061
75884,1.08624,25.8217
75885,1.08695,26.4029
75886,1.08603,26.0967
75887,1.09041,28.9446
75888,1.08999,28.5423
75889,1.09466,29.7927
75890,1.09577,30.2709
75891,1.09527,29.7383
75892,1.09263,28.9325
75893,1.09184,28.9743
75894,1.09827,29.7581
75895,1.09619,29.5797
75896,1.1,30.727
75897,1.0971,29.908
75898,1.09356,29.2376
75899,1.09598,32.0364
75900,1.09241,31.5342
75901,1.09084,28.8604
75902,1.07002,23.2653
75903,1.07734,21.3032
75904,1.08135,21.5766
75905,1.07794,21.3046
75906,1.07569,21.8606
75907,1.07641,21.7925
75908,1.07826,19.9333
75909,1.08464,25.6541
75910,1.08413,25.4788
75911,1.08531,26.5279
75912,1.0857,25.9451
75913,1.085,26.467
75914,1.08614,26.3483
75915,1.08714,26.0414
75916,1.08415,25.512
75917,1.08407,25.5037
75918,1.08843,25.0485
75919,1.08589,26.3928
75920,1.08629,26.0889
75921,1.08664,25.5165
75922,1.08545,25.9743
75923,1.08565,25.9363
75924,1.08563,25.9675
75925,1.08601,26.4796
75926,1.08614,25.9957
75927,1.08675,25.7953
75928,1.08659,25.5044
75929,1.08611,25.8144
75930,1.08647,25.7289
75931,1.08699,25.9209
75932,1.08607,26.4782
75933,1.08545,26.6074
75934,1.08558,26.0272
75935,1.08455,25.7263
75936,1.08295,28.057
75937,1.08508,26.4059
75938,1.08537,25.9679
75939,1.0833,25.592
75940,1.08895,25.4876
75941,1.0855,26.0361
75942,1.08466,26.6067
75943,1.08376,26.3676
75944,1.08394,25.7216
75945,1.08489,25.7549
75946,1.08548,25.9369
75947,1.08553,25.9952
75948,1.08488,26.0105
75949,1.08578,26.113
75950,1.08383,25.7386
75951,1.08715,26.4833
75952,1.08713,26.553
75953,1.09151,25.0179
75954,1.08346,26.2965
75955,1.08514,27.2877
75956,1.08568,26.7177
75957,1.08426,26.3316
75958,1.08511,25.9233
75959,1.08302,25.8986
75960,1.07809,25.4752
75961,1.08517,25.539
75962,1.08521,25.4584
75963,1.08366,25.2978
75964,1.08505,25.9969
75965,1.08191,24.7045
75966,1.08465,25.9219
75967,1.07977,27.8828
75968,1.08305,26.7902
75969,1.08566,25.5072
75970,1.08543,25.6931
75971,1.08633,25.4138
75972,1.0832,28.107
75973,1.08393,26.8197
75974,1.08705,25.9675
75975,1.0888,25.3091
75976,1.08421,27.7182
75977,1.08248,28.9334
75978,1.08294,28.7932
75979,1.08603,27.412
75980,1.08327,28.723
75981,1.08585,27.8405
75982,1.08442,27.1802
75983,1.08699,27.0375
75984,1.08818,25.9879
75985,1.08378,28.6388
75986,1.08384,27.3453
75987,1.08573,26.0896
75988,1.08306,25.8057
75989,1.08243,27.2405
75990,1.08223,26.5149
75991,1.08196,27.5281
75992,1.08333,26.9347
75993,1.08467,25.9757
75994,1.08281,26.3001
75995,1.08319,26.3758
75996,1.08368,27.0324
75997,1.08262,27.0087
75998,1.08286,27.1284
75999,1.08493,27.526
76000,1.08686,26.4563
76001,1.08739,25.5825
76002,1.08364,25.8076
76003,1.08781,25.2908
76004,1.08386,25.2344
76005,1.08406,26.341
76006,1.08492,27.4711
76007,1.08465,27.2171
76008,1.08691,26.6417
76009,1.08303,27.1601
76010,1.08304,27.0352
76011,1.08314,28.087
76012,1.08474,27.8795
76013,1.08335,27.6474
76014,1.08579,27.228
76015,1.08488,27.0716
76016,1.07906,21.1395
76017,1.07517,21.8632
76018,1.07357,21.5383
76019,1.07579,27.1592
76020,1.07614,26.7686
76021,1.07997,26.8567
76022,1.07453,26.3057
76023,1.0808,25.5629
76024,1.07538,26.8382
76025,1.08049,26.2845
76026,1.07367,22.6927
76027,1.08234,25.8262
76028,1.08015,26.7027
76029,1.08598,26.7686
76030,1.08537,28.022
76031,1.07932,26.5829
76032,1.08295,26.9282
76033,1.08511,27.5717
76034,1.0737,24.6747
76035,1.07455,24.5119
76036,1.07493,24.5752
76037,1.07408,24.5868
76038,1.07681,24.4741
76039,1.07362,24.7579
76040,1.07232,24.685
76041,1.07208,24.7242
76042,1.06432,28.3832
76043,1.06758,27.884
76044,1.06913,27.6503
76045,1.06624,27.6462
76046,1.06589,27.3556
76047,1.06849,27.7107
76048,1.06838,27.5391
76049,1.06612,28.369
76050,1.07403,25.5971
76051,1.09534,22.6367
76052,1.08519,25.2262
76053,1.08551,25.7144
76054,1.08904,24.5722
76055,1.08799,23.3719
76056,1.09025,22.8576
76057,1.08474,26.7376
76058,1.08855,28.0589
76059,1.0848,27.8977
76060,1.08135,26.4217
76061,1.08698,27.9083
76062,1.09064,18.7393
76063,1.09096,19.5225
76064,1.09199,19.0612
76065,1.09182,19.7172
76066,1.09155,19.6324
76067,1.09921,20.4835
76068,1.092,19.8324
76069,1.09049,19.4207
76070,1.09038,19.3823
76071,1.0901,19.3094
76072,1.08878,19.1999
76073,1.08804,19.429
76074,1.08576,19.3707
76075,1.08224,17.4511
76076,1.08219,17.7775
76077,1.08516,18.4955
76078,1.09106,19.8695
76079,1.09067,20.4389
76080,1.09329,20.9935
76081,1.09842,20.0387
76082,1.09154,21.2084
76083,1.09316,20.225
76084,1.08993,21.4105
76085,1.08911,21.7373
76086,1.09023,21.3186
76087,1.09474,20.4818
76088,1.09122,19.6526
76089,1.08825,19.6886
76090,1.08703,22.9588
76091,1.07619,20.482
76092,1.07843,20.0277
76093,1.087,19.0293
76094,1.08452,21.919
76095,1.07972,21.275
76096,1.08298,21.6104
76097,1.07605,20.9365
76098,1.07635,20.8277
76099,1.08041,21.7177
76100,1.08685,18.7593
76101,1.0873,20.0972
76102,1.08658,20.3411
76103,1.08991,20.1197
76104,1.08715,20.0139
76105,1.08595,20.0561
76106,1.08527,18.2514
76107,1.08442,17.9358
76108,1.08436,20.6847
76109,1.0881,18.7625
76110,1.08573,18.2083
76111,1.08539,19.5809
76112,1.08613,18.3251
76113,1.08892,13.6738
76114,1.08843,13.7356
76115,1.09442,14.6754
76116,1.0881,13.5951
76117,1.08728,13.4189
76118,1.08571,12.9405
76119,1.08547,13.0268
76120,1.08587,13.2248
76121,1.08729,13.1537
76122,1.0855,12.9629
76123,1.08472,12.9354
76124,1.08524,12.9431
76125,1.08521,12.9388
76126,1.0835,12.8055
76127,1.08473,12.9058
76128,1.08808,12.9073
76129,1.08687,14.0944
76130,1.08756,12.8594
76131,1.08816,12.7625
76132,1.08841,12.7257
76133,1.08728,12.8331
76134,1.08499,12.8564
76135,1.08681,13.0884
76136,1.08681,12.9966
76137,1.08752,13.3867
76138,1.08898,13.4392
76139,1.08782,13.2591
76140,1.08877,14.0628
76141,1.08754,14.1115
76142,1.088,14.4152
76143,1.0877,14.2482
76144,1.08726,14.2485
76145,1.08882,14.6966
76146,1.08669,18.2528
76147,1.0913,17.6893
76148,1.08758,19.3935
76149,1.08583,15.9104
76150,1.08484,15.9258
76151,1.08335,15.3619
76152,1.08526,12.9954
76153,1.08951,13.0548
76154,1.08987,13.0137
76155,1.08589,13.0697
76156,1.08333,13.7037
76157,1.08027,13.1572
76158,1.08081,12.9713
76159,1.08512,13.035
76160,1.08839,13.0106
76161,1.08578,12.846
76162,1.08541,13.0544
76163,1.08411,13.4836
76164,1.0859,12.7502
76165,1.08472,13.532
76166,1.08964,12.4464
76167,1.08344,13.1628
76168,1.08216,12.7765
76169,1.0862,13.1717
76170,1.09059,14.094
76171,1.08799,13.8348
76172,1.08658,21.2407
76173,1.09199,20.5025
76174,1.0881,28.1937
76175,1.08884,28.666
76176,1.09222,28.6854
76177,1.08703,28.1029
76178,1.08872,28.2812
76179,1.08769,28.3017
76180,1.08735,28.2277
76181,1.0869,28.0327
76182,1.08842,28.4091
76183,1.08745,28.3578
76184,1.08845,28.4342
76185,1.08762,28.3873
76186,1.08889,28.6238
76187,1.0875,28.2431
76188,1.08601,27.9174
76189,1.0883,28.4087
76190,1.08615,27.9187
76191,1.08982,28.6699
76192,1.08736,28.0998
76193,1.08805,27.8333
76194,1.08555,27.8776
76195,1.0892,27.6287
76196,1.08888,27.6485
76197,1.08792,27.666
76198,1.08831,27.9425
76199,1.08808,27.9632
76200,1.09424,27.4265
76201,1.09019,27.7783
76202,1.08745,28.7636
76203,1.08955,29.5366
76204,1.08548,26.9221
76205,1.08428,26.7284
76206,1.08469,27.3118
76207,1.08274,28.2933
76208,1.0832,27.7615
76209,1.08327,26.9748
76210,1.08317,27.1814
76211,1.08029,29.4537
76212,1.0826,29.3704
76213,1.08407,27.0936
76214,1.0833,27.0933
76215,1.08476,25.1933
76216,1.08499,25.2878
76217,1.08544,25.0798
76218,1.0886,21.8947
76219,1.07622,19.302
76220,1.07779,19.1853
76221,1.0903,27.2765
76222,1.0896,27.2133
76223,1.08861,26.8965
76224,1.08953,27.33
76225,1.08986,26.8838
76226,1.08805,26.4701
76227,1.07316,23.2417
76228,1.06854,24.9557
76229,1.06692,25.2617
76230,1.06679,27.2796
76231,1.06681,27.2496
76232,1.06698,27.1778
76233,1.07647,27.5132
76234,1.07535,27.9952
76235,1.07399,27.8035
76236,1.08186,24.5719
76237,1.07856,25.1386
76238,1.08065,23.5238
76239,1.08212,23.7509
76240,1.08724,22.0701
76241,1.08655,19.1936
76242,1.08485,19.6441
76243,1.07431,28.5747
76244,1.07355,28.8214
76245,1.07683,28.8653
76246,1.07956,27.9812
76247,1.07902,28.4063
76248,1.08245,27.4326
76249,1.0811,27.6803
76250,1.08271,27.411
76251,1.08156,26.9142
76252,1.08358,27.1105
76253,1.08259,27.1658
76254,1.0847,28.2045
76255,1.08305,27.2129
76256,1.08469,27.6261
76257,1.08382,27.5405
76258,1.08308,28.0736
76259,1.08363,28.1201
76260,1.08461,28.1057
76261,1.0815,26.9186
76262,1.08337,27.2041
76263,1.08254,27.1932
76264,1.08438,27.7207
76265,1.08326,26.9225
76266,1.08369,28.1297
76267,1.08442,28.0574
76268,1.08388,27.7845
76269,1.08438,28.7093
76270,1.0861,29.0501
76271,1.08547,29.0169
76272,1.08473,28.8464
76273,1.08199,28.5027
76274,1.08476,28.7975
76275,1.0843,28.4567
76276,1.08376,28.402
76277,1.08463,28.3141
76278,1.08435,28.0302
76279,1.08462,28.1864
76280,1.083,28.044
76281,1.08195,27.9611
76282,1.07747,28.9937
76283,1.07329,29.279
76284,1.07829,26.286
76285,1.08346,19.4458
76286,1.08448,18.2161
76287,1.08242,19.8727
76288,1.08518,19.7185
76289,1.08049,20.417
76290,1.08549,21.8184
76291,1.07971,22.7886
76292,1.0835,21.9322
76293,1.08289,22.2327
76294,1.07934,25.7923
76295,1.07395,28.8854
76296,1.08098,26.621
76297,1.07898,26.6147
76298,1.07555,26.5272
76299,1.07525,27.8216
76300,1.05747,28.155
76301,1.07145,27.3718
76302,1.08017,29.4308
76303,1.08226,27.9881
76304,1.08129,21.4204
76305,1.08149,20.9743
76306,1.0821,21.3323
76307,1.08207,21.1024
76308,1.07977,20.709
76309,1.08594,24.1676
76310,1.07934,20.6395
76311,1.08653,25.7855
76312,1.08311,22.3872
76313,1.08097,20.5044
76314,1.08355,21.0976
76315,1.08237,20.6535
76316,1.08144,20.6294
76317,1.08101,20.5762
76318,1.08185,20.6552
76319,1.08207,20.6946
76320,1.08543,21.489
76321,1.08109,20.6593
76322,1.08387,21.4597
76323,1.08886,21.5412
76324,1.08656,20.962
76325,1.08105,20.559
76326,1.08181,20.5549
76327,1.08363,26.2762
76328,1.08305,26.267
76329,1.07999,22.9065
76330,1.08469,23.9129
76331,1.08261,26.0796
76332,1.08449,26.7436
76333,1.08621,26.9686
76334,1.08511,26.867
76335,1.08217,28.7661
76336,1.08369,28.5569
76337,1.08469,27.6191
76338,1.08495,16.5209
76339,1.07964,20.0643
76340,1.08216,19.331
76341,1.08224,17.6698
76342,1.08046,23.8361
76343,1.07789,20.1117
76344,1.08673,22.3821
76345,1.08226,24.8124
76346,1.08395,24.7344
76347,1.08354,24.9059
76348,1.08427,24.0809
76349,1.08687,23.9242
76350,1.08592,24.1543
76351,1.0538,3.75775
76352,1.07925,4.44124
76353,1.07271,4.2519
76354,1.06023,-3.92836
76355,1.05823,-3.74749
76356,1.09314,9.8985
76357,1.08808,9.05634
76358,1.08459,8.432
76359,1.08161,5.45867
76360,1.07823,5.02229
76361,1.0768,3.97001
76362,1.07445,2.97523
76363,1.07655,3.02758
76364,1.07278,3.14107
76365,1.07661,4.28419
76366,1.07609,3.92389
76367,1.07089,3.384
76368,1.07536,4.01902
76369,1.0672,-1.1948
76370,1.06128,0.532344
76371,1.05511,1.95371
76372,1.05373,1.54818
76373,1.07043,2.36272
76374,1.06573,4.77148
76375,1.07287,4.04539
76376,1.07062,2.85013
76377,1.0687,1.70826
76378,1.06999,2.39544
76379,1.06571,1.83975
76380,1.07435,2.17379
76382,1.06935,1.7745
76383,1.07258,1.70011
76384,1.06904,2.92534
76385,1.07016,1.9884
76386,1.07067,2.08756
76387,1.06834,2.2395
76388,1.0593,-3.73694
76389,1.05428,2.79539
76390,1.05722,2.9399
76391,1.05573,3.21896
76392,1.05795,5.72625
76393,1.05817,5.70307
76394,1.05494,2.09533
76395,1.04808,0.800036
76396,1.0583,0.799056
76397,1.05613,2.94326
76398,1.06771,1.73775
76399,1.0638,1.13885
76400,1.0627,1.09298
76401,1.06824,5.2383
76402,1.06918,5.02115
76403,1.06723,4.02784
76404,1.05367,-2.48908
76405,1.05134,-1.4788
76406,1.05781,0.992307
76407,1.05544,-0.853606
76408,1.05653,0.024685
76409,1.07719,6.32738
76410,1.07549,6.76371
76411,1.06891,1.91503
76412,1.0688,1.24408
76413,1.0706,2.09314
76414,1.06953,2.38606
76415,1.06738,2.39001
76416,1.07096,4.14563
76417,1.0701,2.96184
76418,1.07924,7.37915
76419,1.07623,8.76328
76420,1.08656,6.95479
76421,1.08444,6.29058
76422,1.08218,6.13017
76423,1.07966,9.95882
76424,1.07917,9.56806
76425,1.07977,10.091
76426,1.08197,9.54026
76427,1.08583,9.08977
76428,1.07645,9.41825
76429,1.07074,0.147122
76430,1.07174,0.331437
76431,1.06945,0.221232
76432,1.06917,0.285947
76433,1.07022,-0.019647
76434,1.07409,1.21044
76435,1.07104,0.536329
76436,1.05969,6.26357
76437,1.0625,5.08078
76438,1.06427,4.1022
76439,1.05559,2.20747
76440,1.06057,3.34305
76441,1.05853,2.66593
76442,1.06077,3.46508
76443,1.06102,3.30669
76444,1.0654,4.29018
76445,1.0644,4.16156
76446,1.06187,1.37443
76447,1.07966,5.44238
76448,1.09015,6.26619
76449,1.08322,5.64816
76450,1.07772,9.45646
76451,1.07901,8.00048
76452,1.07454,7.04877
76453,1.04929,-4.70822
76454,1.05519,-2.90272
76455,1.05202,-4.5897
76456,1.05456,-5.63642
76457,1.05294,-5.8763
76458,1.06075,-0.652728
76459,1.05996,-0.834912
76460,1.05503,-0.650323
76461,1.05234,4.95072
76462,1.08161,6.20167
76463,1.08584,10.1
76464,1.08517,10.7439
76465,1.08683,10.0803
76466,1.08732,10.1973
76467,1.08031,10.6933
76468,1.08563,9.85403
76469,1.08577,9.82436
76470,1.08531,10.0058
76471,1.0851,9.27396
76472,1.08579,8.82376
76473,1.08026,8.97679
76474,1.0783,9.95332
76475,1.07814,5.95147
76476,1.05775,1.90596
76477,1.0483,-6.15702
76478,1.05108,-2.44382
76479,1.05097,-2.49758
76480,1.05145,-2.468
76481,1.05224,-2.2488
76482,1.05591,-1.90099
76483,1.05223,-2.1366
76484,1.05343,-1.7636
76485,1.0496,-2.17186
76486,1.05463,-1.89606
76487,1.05152,-2.46455
76488,1.047,-2.6372
76489,1.05208,-2.51084
76490,1.05288,-1.94912
76491,1.05251,-2.1892
76492,1.05255,-2.1311
76493,1.05204,-2.04205
76494,1.05039,-2.58755
76495,1.05106,-2.73241
76496,1.05534,-1.49943
76497,1.05335,-1.80306
76498,1.05271,-1.9411
76499,1.05136,-2.72649
76500,1.0483,-2.1376
76501,1.05281,-0.580154
76502,1.0523,-1.73399
76503,1.05007,-2.17657
76504,1.05076,-2.15811
76505,1.05414,-2.7857
76506,1.05471,-2.79582
76507,1.05382,-2.68941
76508,1.05156,-2.45436
76509,1.05091,-2.60429
76510,1.05138,-2.91991
76511,1.05279,-2.28071
76512,1.05205,-0.271497
76513,1.05245,-1.17425
76514,1.05161,-1.43481
76515,1.05039,-2.06569
76516,1.05301,-1.83304
76517,1.05057,0.0817054
76518,1.05501,-0.76161
76519,1.04891,-2.31247
76520,1.04666,-2.73586
76521,1.06373,2.54072
76522,1.06437,2.55338
76523,1.05337,3.74557
76524,1.05547,3.88182
76525,1.05318,4.05057
76526,1.05359,2.73164
76527,1.05774,2.89073
76528,1.05609,3.08154
76529,1.05348,2.21908
76530,1.05634,2.48887
76531,1.05359,3.59442
76532,1.052,3.71325
76533,1.062,-1.8697
76534,1.06174,-1.31636
76535,1.06085,-1.65137
76536,1.05369,-3.17347
76537,1.05735,-1.30833
76538,1.05969,-3.45359
76539,1.05967,-1.27131
76541,1.08471,8.89711
76542,1.07489,8.04097
76543,1.06787,5.22265
76544,1.06853,4.68484
76545,1.04823,2.15165
76546,1.0679,2.24281
76547,1.06462,1.89498
76548,1.08148,7.84563
76549,1.08116,8.13096
76550,1.077,8.78757
76551,1.07741,8.23042
76552,1.08086,9.84521
76553,1.07603,4.79521
76554,1.07148,4.71748
76555,1.07179,4.97973
76556,1.07644,6.42802
76557,1.05467,2.6318
76558,1.05284,2.38235
76559,1.05691,2.34806
76560,1.09124,6.55724
76561,1.08563,10.1714
76562,1.08411,10.0163
76563,1.0663,6.27095
76564,1.07463,5.64856
76565,1.07416,5.25493
76566,1.07453,5.62242
76567,1.07044,5.72754
76568,1.07374,4.91793
76569,1.07355,4.23657
76570,1.07549,5.13099
76571,1.07068,3.20325
76572,1.07214,2.67104
76573,1.07339,3.7087
76574,1.08292,5.59687
76575,1.07897,4.69004
76576,1.07421,3.76742
76577,1.08522,2.93089
76578,1.08177,11.4621
76579,1.08218,11.4491
76580,1.08186,11.4331
76581,1.08425,11.2024
76582,1.08197,11.3704
76583,1.0804,12.5434
76584,1.0841,9.82756
76585,1.06318,3.80933
76586,1.06507,4.45482
76587,1.06438,4.21101
76588,1.0608,4.1759
76589,1.06331,2.24221
76590,1.05887,1.2211
76591,1.08271,8.80741
76592,1.07947,9.20596
76593,1.09317,6.9522
76594,1.08838,5.95372
76595,1.07977,6.03814
76596,1.07443,5.73675
76597,1.0533,-2.59959
76598,1.05191,-3.74981
76599,1.05457,-1.47117
76600,1.06872,3.24137
76601,1.06951,3.17362
76602,1.0684,3.21805
76603,1.06903,3.13043
76604,1.07081,4.04025
76605,1.07032,3.2473
76606,1.06935,2.95148
76607,1.06693,3.59631
76608,1.06744,3.57191
76609,1.07002,2.86925
76610,1.0674,3.4144
76611,1.06757,3.45113
76612,1.06792,3.57054
76613,1.07022,4.05634
76614,1.06805,3.6184
76615,1.06709,3.37765
76616,1.07259,2.99512
76617,1.07283,5.01282
76618,1.06842,3.65959
76619,1.06754,3.7253
76620,1.07006,3.87984
76621,1.06836,3.88786
76622,1.06827,4.82544
76623,1.06995,3.88351
76624,1.0692,3.5568
76625,1.06939,3.51364
76626,1.06959,3.27468
76627,1.06868,3.31266
76628,1.06845,3.13363
76629,1.0712,3.40666
76630,1.07134,3.10691
76631,1.06729,3.01997
76632,1.0681,4.91015
76633,1.07031,4.14144
76634,1.06851,3.85661
76635,1.06748,3.10576
76636,1.06643,3.04055
76637,1.0666,5.59059
76638,1.06895,4.95502
76639,1.0684,3.8564
76640,1.06793,5.07596
76641,1.07051,4.28421
76642,1.0694,3.8775
76643,1.07195,2.78777
76644,1.06784,4.49205
76645,1.07525,3.19962
76646,1.06942,2.61664
76647,1.06818,2.55297
76648,1.06707,2.69808
76649,1.06803,2.72902
76650,1.07024,3.97323
76651,1.06895,3.60216
76652,1.0677,4.74939
76653,1.06926,3.62709
76654,1.06885,3.13019
76655,1.0747,1.97409
76656,1.06943,2.72416
76657,1.06987,2.84571
76658,1.06731,4.83193
76659,1.07155,3.18605
76660,1.0722,2.36389
76661,1.07238,3.04263
76662,1.07028,2.70497
76663,1.07394,2.40217
76664,1.07248,2.41004
76665,1.07116,2.42909
76666,1.07392,2.14587
76667,1.07046,2.43015
76668,1.06796,2.1913
76669,1.06977,2.28047
76670,1.07052,2.40436
76671,1.06982,2.27744
76672,1.07116,2.57025
76673,1.07024,2.15323
76674,1.06673,1.9214
76675,1.06905,1.98107
76676,1.06953,2.17198
76677,1.07041,3.04769
76678,1.06944,2.13608
76679,1.06959,6.32912
76680,1.06962,5.89883
76681,1.07061,5.83326
76682,1.06965,5.72308
76683,1.07062,3.41444
76684,1.06899,4.81099
76685,1.0678,4.46344
76686,1.06829,4.61344
76687,1.06998,4.75436
76688,1.06917,4.88119
76689,1.06976,4.76139
76690,1.0687,4.76737
76691,1.06932,6.04329
76692,1.06909,5.58742
76693,1.07027,5.52716
76694,1.06777,4.49824
76695,1.06794,6.04828
76696,1.06781,5.04013
76697,1.06789,6.32018
76698,1.06813,5.94574
76699,1.06893,5.63733
76700,1.07099,4.67347
76701,1.06714,4.24555
76702,1.0659,4.05126
76703,1.06901,2.95553
76704,1.07419,3.89936
76705,1.07126,3.06087
76706,1.05276,2.16177
76707,1.05009,-2.11299
76708,1.04929,-2.43939
76709,1.04915,-2.76595
76710,1.04138,-4.41061
76711,1.03116,-5.60419
76712,1.04194,-3.69796
76713,1.04132,-3.74755
76714,1.04277,-3.09039
76715,1.05525,5.89866
76716,1.05538,5.55985
76717,1.05587,4.70934
76718,1.05574,4.15082
76719,1.05415,4.11184
76720,1.0708,0.307797
76721,1.0712,0.549901
76722,1.07128,0.238437
76723,1.06786,1.40672
76724,1.07059,2.6656
76725,1.0712,1.68905
76726,1.07128,0.619009
76727,1.07081,0.925931
76728,1.06976,1.25007
76729,1.06918,0.822359
76730,1.07093,0.307037
76731,1.07108,0.560073
76732,1.07027,0.267884
76733,1.06699,1.27292
76734,1.06986,1.93229
76735,1.07089,0.436674
76736,1.07061,0.0960967
76737,1.05307,2.5076
76738,1.0612,0.432407
76739,1.05596,1.38931
76740,1.06036,2.83109
76741,1.06023,1.99191
76742,1.05898,1.10392
76743,1.05496,-0.203294
76744,1.05461,-0.0392957
76745,1.05648,0.216553
76746,1.05649,-0.379747
76747,1.05595,1.45237
76748,1.05958,2.94454
76749,1.05068,7.19377
76750,1.05008,6.94054
76751,1.03963,7.30942
76752,1.0512,-3.83281
76753,1.05328,-2.64131
76754,1.1,0.416162
76755,1.04903,4.93014
76756,1.05632,2.712
76757,1.05803,2.19861
76758,1.06798,0.325378
76759,1.05345,2.2472
76760,1.05879,3.15804
76761,1.0536,-0.530244
76762,1.07059,10.9948
76763,1.07264,9.98323
76764,1.07393,9.84319
76765,1.07966,6.4848
76766,1.07801,6.90392
76767,1.08649,6.94331
76768,1.07638,9.13295
76769,1.08082,9.07337
76770,1.07416,10.4803
76771,1.07559,9.9884
76772,1.079,9.74535
76773,1.08746,9.34737
76774,1.0822,9.11047
76775,1.07905,9.69058
76776,1.07799,9.73188
76777,1.07726,9.46839
76778,1.07585,9.80166
76779,1.07904,9.79891
76780,1.07677,9.40532
76781,1.07909,9.70935
76782,1.07994,9.86649
76784,1.06222,3.5621
76785,1.07498,11.6375
76786,1.0478,-2.10921
76787,1.05114,-2.06732
76788,1.04969,-3.10714
76789,1.05056,-3.26821
76790,1.05769,-2.93999
76791,1.0541,-3.73008
76792,1.05569,-4.72096
76793,1.04992,-3.28812
76794,1.05743,-0.489774
76795,1.05579,-1.76046
76796,1.05378,-1.9942
76797,1.0573,2.76803
76798,1.05786,2.07244
76799,1.06015,2.12074
76800,1.05899,2.10773
76801,1.05648,3.0969
76802,1.06279,0.0217063
76803,1.06256,0.141935
76804,1.06091,0.419292
76805,1.06555,1.80657
76806,1.06949,2.12761
76807,1.06932,1.57317
76808,1.07897,10.4132
76809,1.07716,10.1644
76810,1.07523,10.4742
76811,1.06956,9.80767
76812,1.08125,8.59711
76813,1.08094,9.14969
76814,1.05256,5.60474
76815,1.05817,5.08765
76817,1.06707,4.37833
76818,1.06645,3.88498
76819,1.06507,5.67205
76820,1.05198,5.34768
76821,1.06495,6.87898
76822,1.06521,5.94133
76823,1.07304,5.5898
76824,1.07581,5.28844
76825,1.08352,7.76819
76826,1.08274,7.56769
76827,1.07289,5.77961
76828,1.03606,-4.53541
76829,1.05549,4.40867
76830,1.06047,-5.98025
76831,1.06349,-4.9275
76832,1.05077,-6.90738
76833,1.05293,-0.186006
76834,1.05501,-2.22404
76835,1.06542,7.51667
76836,1.06929,6.3997
76837,1.07214,8.53103
76838,1.0718,7.06077
76839,1.07533,12.2303
76840,1.07696,11.6342
76841,1.07665,11.3289
76842,1.05813,-0.909101
76843,1.07066,0.704759
76844,1.07414,-0.060028
76845,1.06993,0.896977
76846,1.06714,0.225273
76847,1.07024,0.204457
76848,1.06392,0.0111941
76849,1.07274,1.45941
76850,1.08466,9.83264
76851,1.08105,8.85015
76852,1.06953,10.3993
76853,1.06305,5.96254
76854,1.06673,3.20867
76855,1.06431,5.18912
76856,1.07031,4.8009
76857,1.06369,5.18714
76858,1.0655,4.77544
76859,1.06458,4.40808
76860,1.067,2.47347
76861,1.06641,3.09999
76862,1.05776,1.19745
76863,1.07566,2.45906
76864,1.07497,1.55746
76865,1.06145,0.483547
76866,1.0619,0.185556
76867,1.0664,0.00257187
76868,1.06534,-0.0213666
76869,1.07208,0.0396863
76870,1.05604,3.87485
76871,1.0525,5.07034
76872,1.05584,4.48254
76873,1.05695,4.15074
76874,1.05303,6.23806
76875,1.06484,4.00057
76876,1.049,5.37533
76877,1.05642,6.1822
76878,1.04305,6.08933
76879,1.05373,4.47033
76880,1.07029,-6.70119
76881,1.05501,-5.61773
76882,1.0558,-6.20533
76883,1.05606,2.23563
76884,1.05613,1.99931
76885,1.0648,3.53343
76886,1.05708,2.70617
76887,1.05263,3.38978
76888,1.05355,1.74454
76889,1.06689,1.89761
76890,1.0672,0.54167
76891,1.0537,4.43854
76892,1.0537,3.81155
76893,1.05893,-1.21167
76894,1.05519,2.02912
76895,1.05988,0.926768
76896,1.06579,-0.213233
76897,1.06174,-1.11415
76898,1.05673,-1.30278
76899,1.05645,-1.66852
76900,1.05844,-0.959244
76901,1.06113,-0.328425
76902,1.06474,0.591015
76903,1.06603,1.20171
76904,1.06762,3.53279
76905,1.07067,1.62859
76906,1.07435,0.365472
76907,1.08302,8.21002
76908,1.08194,7.01445
76909,1.07879,6.29147
76910,1.07424,5.70962
76911,1.06766,0.997859
76912,1.06521,1.71698
76913,1.07169,2.73961
76914,1.06793,1.9179
76915,1.06224,1.09207
76916,1.07335,7.10229
76917,1.07435,7.01737
76918,1.07358,6.69228
76919,1.08367,6.11833
76920,1.08325,7.06384
76921,1.08249,6.30666
76922,1.07561,6.27338
76923,1.07595,6.45545
76924,1.07584,6.43845
76925,1.07554,6.34901
76926,1.07342,6.11765
76927,1.07514,6.66229
76928,1.07379,6.32587
76929,1.07829,6.85482
76930,1.07571,7.40652
76931,1.07699,7.10934
76932,1.07064,8.64928
76933,1.07672,8.26504
76934,1.0762,7.7196
76935,1.07479,7.55987
76936,1.07461,6.80845
76937,1.07499,6.15819
76938,1.07559,5.10683
76939,1.08715,6.62539
76940,1.08091,6.22628
76941,1.05804,-1.64333
76942,1.06409,-1.52011
76943,1.05163,-1.68644
76944,1.05076,3.82365
76945,1.08,11.5126
76946,1.08143,10.623
76947,1.06079,1.86006
76948,1.06097,2.27014
76949,1.06271,5.65419
76950,1.0652,4.65739
76951,1.06363,4.22034
76952,1.05475,-5.72941
76953,1.05572,-4.16922
76954,1.05465,-4.23483
76955,1.05065,-3.81028
76956,1.03639,-5.11018
76957,1.06207,-4.10637
76958,1.07544,20.2395
76959,1.07599,20.7561
76960,1.07627,20.4467
76961,1.07589,20.2868
76962,1.07685,20.4826
76963,1.07563,19.6299
76964,1.06339,12.7953
76965,1.06143,12.2198
76966,1.05241,14.1817
76967,1.05567,13.9057
76968,1.06171,13.8018
76969,1.07596,18.5247
76970,1.0714,17.9398
76971,1.0736,17.7508
76972,1.07079,5.06794
76973,1.07051,5.07044
76974,1.07064,4.97652
76975,1.07132,16.1549
76976,1.06798,17.573
76977,1.0667,17.3117
76978,1.06883,18.6282
76979,1.05313,19.0781
76980,1.07305,9.29461
76981,1.06477,21.267
76982,1.0644,21.1226
76983,1.06608,20.9016
76984,1.06613,20.8082
76985,1.06591,20.7352
76986,1.07575,10.2191
76987,1.07155,10.2824
76988,1.07844,10.0011
76989,1.08358,9.8537
76990,1.05343,-0.487311
76991,1.05466,-1.1835
76992,1.05754,-2.3614
76993,1.06743,7.07014
76994,1.06472,6.93273
76995,1.06989,4.21368
76996,1.06472,13.1306
76997,1.06904,12.6496
76998,1.0684,12.5253
76999,1.07273,12.6137
77000,1.06847,12.9293
77001,1.06996,12.489
77002,1.07382,12.2056
77003,1.06783,12.3593
77004,1.07382,12.6321
77005,1.07219,12.3837
77006,1.07394,12.806
77007,1.07269,12.3012
77008,1.06604,11.9925
77009,1.06724,11.3069
77010,1.07141,5.32275
77011,1.06606,5.73822
77012,1.07054,5.59855
77013,1.0677,6.32603
77014,1.07053,5.92291
77015,1.07549,4.42989
77016,1.06919,5.414
77017,1.05742,-3.66298
77018,1.07953,12.3543
77019,1.0821,8.76207
77020,1.08098,10.4881
77021,1.06662,13.0088
77022,1.06378,10.0899
77023,1.06244,10.7153
77024,1.08575,-7.78849
77025,1.08382,-7.86996
77026,1.08747,0.49769
77027,1.08664,0.183223
77028,1.09015,-0.97942
77029,1.09001,-1.00959
77030,1.09051,-1.25594
77031,1.08968,-1.66319
77032,1.08958,-1.46966
77033,1.09042,-1.30325
77034,1.09014,-1.59569
77035,1.08903,-1.87482
77036,1.08536,-2.1759
77037,1.09328,-1.65868
77038,1.09259,-1.73337
77039,1.0894,-2.42556
77040,1.09437,-1.50208
77041,1.09577,-1.66405
77042,1.09056,-0.989849
77043,1.05115,3.17162
77044,1.05156,2.94961
77045,1.05111,3.40227
77046,1.05101,3.53973
77047,1.05351,3.02133
77048,1.05216,2.886
77049,1.05215,2.82433
77050,1.05157,3.14891
77051,1.05104,3.28837
77052,1.05276,3.22456
77053,1.05412,2.82722
77054,1.05585,2.55064
77055,1.05535,2.61018
77056,1.05607,2.48777
77057,1.05281,3.328
77058,1.05971,1.7618
77059,1.05864,1.7291
77060,1.0674,1.37703
77061,1.06816,1.36394
77062,1.06734,0.0594739
77063,1.05713,1.75065
77064,1.05784,1.57192
77065,1.05241,2.60381
77066,1.05784,1.82366
77067,1.0601,1.65236
77068,1.06533,2.18752
77069,1.0617,2.0065
77070,1.05916,0.754045
77071,1.0614,4.73312
77072,1.07073,2.03598
77073,1.08005,18.0654
77074,1.08126,19.978
77075,1.08274,6.21477
77076,1.08817,1.27291
77077,1.09471,2.32736
77078,1.087,3.76967
77079,1.08548,3.63815
77080,1.08288,4.462
77081,1.0757,7.00824
77082,1.07912,11.5138
77083,1.07616,9.07064
77084,1.07782,9.81809
77085,1.07536,9.70427
77086,1.07575,10.011
77087,1.07996,9.56987
77088,1.07642,7.96873
77089,1.06039,7.83816
77090,1.06195,8.2567
77091,1.04884,-3.69077
77092,1.07218,7.93687
77093,1.06379,7.33775
77094,1.07026,7.66173
77095,1.07338,7.2895
77096,1.07074,6.96358
77097,1.07125,7.17477
77098,1.07418,7.86727
77099,1.07259,6.40231
77100,1.06973,7.33067
77101,1.05236,8.78571
77102,1.07586,16.6906
77103,1.07104,12.5585
77104,1.07137,12.9132
77105,1.06582,5.69299
77106,1.06751,5.69883
77107,1.08321,15.8636
77108,1.08232,16.2127
77109,1.08308,16.7134
77110,1.08298,16.6184
77111,1.08757,18.3353
77112,1.08677,17.1399
77113,1.08458,16.7254
77114,1.0768,15.2536
77115,1.08743,16.8307
77116,1.08069,15.8395
77117,1.06175,-0.54631
77118,1.06102,-1.14971
77119,1.06083,11.978
77120,1.06397,9.78525
77121,1.0615,10.0643
77122,1.07587,17.2792
77123,1.07767,17.6877
77124,1.08269,16.1317
77125,1.08181,15.0536
77126,1.08328,15.0535
77127,1.07723,15.1388
77128,1.08085,15.0048
77129,1.08282,15.0535
77130,1.06078,6.56218
77131,1.05584,4.48229
77132,1.04766,4.73243
77133,1.04624,4.54421
77134,1.05943,-2.02858
77135,1.06028,-2.94966
77136,1.06835,-5.22248
77137,1.059,-2.78078
77138,1.05991,-3.02498
77139,1.06411,20.7322
77140,1.06377,20.4492
77141,1.06557,20.7826
77142,1.06429,20.4248
77143,1.06538,20.3402
77144,1.06493,20.0895
77145,1.05924,19.358
77146,1.05816,3.52437
77147,1.0578,3.33745
77148,1.05496,3.37063
77149,1.05967,3.56492
77150,1.05916,3.40854
77151,1.06122,3.56917
77152,1.06085,3.46185
77153,1.06702,3.74277
77154,1.06391,4.94395
77155,1.06331,4.78557
77156,1.06222,4.5216
77157,1.06981,-3.24002
77158,1.07121,-2.69719
77159,1.07044,-3.02507
77160,1.07196,-1.20533
77161,1.07253,16.4717
77162,1.07506,13.6407
77163,1.07328,13.3426
77164,1.07407,13.6797
77165,1.07807,20.0902
77166,1.07527,17.8309
77167,1.0704,20.4945
77168,1.06729,21.5747
77169,1.07542,21.1539
77170,1.07441,20.6751
77171,1.07408,20.1492
77172,1.05513,11.0796
77173,1.07004,15.5323
77174,1.06983,13.9955
77175,1.06926,14.2438
77176,1.07152,11.6529
77177,1.07149,10.3189
77178,1.06216,8.57306
77179,1.07895,17.436
77180,1.07471,17.7352
77181,1.06685,21.0077
77182,1.0664,20.8971
77183,1.05355,21.1804
77184,1.07621,12.2595
77185,1.07537,12.6858
77186,1.0999,11.761
77187,1.07015,12.5694
77188,1.08134,-2.43058
77189,1.08047,-3.7489
77190,1.07647,-6.56593
77191,1.07962,-5.98193
77192,1.07983,-8.34182
77193,1.07682,6.41245
77194,1.07741,4.1379
77195,1.07355,-7.00255
77196,1.0725,-6.90382
77197,1.07481,-6.77933
77198,1.07524,15.4581
77199,1.07836,16.3925
77200,1.07591,16.0437
77201,1.0747,15.8235
77202,1.08319,21.0869
77203,1.08296,20.9175
77204,1.0797,19.102
77205,1.0762,17.9684
77206,1.07827,10.6381
77207,1.06159,3.80291
77208,1.0587,2.87729
77209,1.05712,2.36515
77210,1.05879,3.07241
77211,1.05917,3.09442
77212,1.06003,2.46183
77213,1.05482,1.54724
77214,1.05516,1.94061
77215,1.0593,2.8008
77216,1.05839,2.62036
77217,1.06177,8.79731
77218,1.06538,6.59276
77219,1.06412,1.60828
77220,1.05987,7.13849
77221,1.08088,0.478532
77222,1.0845,-1.31588
77223,1.07358,4.10413
77224,1.07225,3.78518
77225,1.07771,10.1637
77226,1.07638,10.269
77227,1.07199,9.28217
77228,1.06886,11.9096
77229,1.0661,11.2528
77230,1.06777,10.8765
77231,1.06576,10.9808
77232,1.07748,16.8912
77233,1.07189,18.8042
77234,1.0745,18.8052
77235,1.07773,21.2163
77236,1.08137,21.8515
77237,1.08271,21.7885
77238,1.06584,10.7447
77239,1.07739,16.8582
77240,1.07648,16.0527
77241,1.07603,-5.25008
77242,1.06331,-1.42454
77243,1.05791,-1.74587
77244,1.04963,-1.94234
77245,1.05076,-1.54757
77246,1.05002,-1.78133
77247,1.05458,-1.62396
77248,1.0511,-1.63162
77249,1.07991,3.96935
77250,1.07419,3.85009
77251,1.07544,4.06037
77252,1.07423,4.04665
77253,1.07218,3.93986
77254,1.07418,3.91579
77255,1.07441,4.00665
77256,1.07187,5.08586
77257,1.07529,4.07223
77258,1.07461,4.03985
77259,1.07136,3.66891
77260,1.07893,11.5866
77261,1.0628,20.9661
77262,1.06172,20.695
77263,1.0628,20.3883
77264,1.06816,18.8779
77265,1.06815,18.9663
77266,1.06635,18.6162
77267,1.06916,17.9476
77268,1.07516,16.4184
77269,1.07328,12.7856
77270,1.06896,4.36306
77271,1.06987,3.79823
77272,1.06747,1.72425
77273,1.0634,0.815823
77274,1.06862,1.44037
77275,1.0587,11.3765
77276,1.06616,11.3237
77277,1.06378,10.9579
77278,1.06237,11.5018
77279,1.06366,8.94331
77280,1.06702,9.76853
77281,1.07405,9.79703
77282,1.0694,10.3597
77283,1.06659,10.5316
77284,1.06145,12.0152
77285,1.06192,11.666
77286,1.06215,11.5808
77287,1.07943,7.16276
77288,1.0767,7.80249
77289,1.07597,8.41544
77290,1.07679,8.48153
77291,1.06571,13.0378
77292,1.06941,12.9803
77293,1.069,10.8693
77294,1.05943,9.25717
77295,1.05849,8.79824
77296,1.05757,9.14453
77297,1.05817,9.53292
77298,1.05954,9.56309
77299,1.06216,9.95674
77300,1.06102,9.6509
77301,1.05795,9.63688
77302,1.06043,10.4439
77303,1.06035,10.1867
77304,1.06189,9.89731
77305,1.0623,10.2784
77306,1.05992,9.24702
77307,1.0691,15.3207
77308,1.0691,15.2673
77309,1.07166,16.0333
77310,1.06984,15.4452
77311,1.06926,15.3119
77312,1.06694,13.4341
77313,1.06889,14.1323
77314,1.06859,15.0871
77315,1.06892,14.839
77316,1.05698,5.97537
77317,1.06785,5.16512
77318,1.05713,7.88228
77319,1.05546,6.80588
77320,1.05429,6.43022
77321,1.05664,6.95163
77322,1.07382,7.17135
77323,1.07207,7.66384
77324,1.07412,11.0467
77325,1.07381,11.09
77326,1.07509,10.4366
77327,1.08338,10.3482
77328,1.07693,9.92888
77329,1.03571,1.56785
77330,1.03709,1.2368
77331,1.04546,0.973054
77332,1.04615,1.24379
77333,1.0415,4.22983
77334,1.07798,7.60293
77335,1.07657,7.13646
77336,1.07481,7.31892
77337,1.07756,7.43163
77338,1.07628,7.72615
77339,1.06521,12.8506
77340,1.0623,12.0934
77341,1.05011,6.18772
77342,1.08055,7.52238
77343,1.08372,8.30337
77344,1.08579,9.39045
77345,1.09356,9.68669
77346,1.0883,9.64373
77347,1.0863,9.79795
77348,1.07663,10.9862
77349,1.098,10.1818
77350,1.09292,9.77193
77351,1.06828,10.0751
77352,1.06908,9.80081
77353,1.07664,10.4294
77354,1.07256,9.70973
77355,1.06892,9.99738
77356,1.06982,11.4112
77357,1.07852,6.29059
77358,1.07994,5.55652
77359,1.0819,5.80319
77360,1.08044,5.4647
77361,1.08167,4.88932
77362,1.08018,5.01216
77363,1.07788,5.17489
77364,1.07813,5.42418
77365,1.07747,5.64089
77366,1.07891,5.33111
77367,1.07784,5.13936
77368,1.07789,5.60445
77369,1.07996,6.10931
77370,1.07736,5.66441
77371,1.07724,5.97576
77372,1.0764,7.77853
77373,1.07745,6.91835
77374,1.07985,6.6422
77375,1.07249,9.07442
77376,1.07555,8.13366
77377,1.07946,7.33709
77378,1.07917,6.62461
77379,1.07924,5.8335
77380,1.07798,5.95756
77381,1.07819,6.03941
77382,1.07823,5.93691
77383,1.07825,5.75755
77384,1.07891,6.13348
77385,1.07793,5.73319
77386,1.07824,5.74035
77387,1.07819,5.72671
77388,1.07825,5.71119
77389,1.07545,4.85681
77390,1.07972,5.83084
77391,1.08058,6.21036
77392,1.07753,5.98922
77393,1.07743,5.90758
77394,1.07726,5.74155
77395,1.07666,5.72403
77396,1.07634,5.52561
77397,1.07974,5.83841
77398,1.07659,6.99334
77399,1.07937,5.72096
77400,1.07753,5.53613
77401,1.07804,5.56682
77402,1.07667,5.50353
77403,1.08111,5.43348
77404,1.07895,6.13797
77405,1.07867,5.87071
77406,1.07838,5.58893
77407,1.07896,5.61067
77408,1.08411,5.58557
77409,1.08037,5.6179
77410,1.07799,5.5439
77411,1.0763,5.51714
77412,1.07734,6.57062
77413,1.07747,7.01901
77414,1.07316,9.70366
77415,1.07467,8.52826
77416,1.07674,7.93153
77417,1.07824,7.38346
77418,1.07884,7.35913
77419,1.07236,9.47055
77420,1.07032,8.83907
77421,1.0771,7.98865
77422,1.07737,7.99376
77423,1.08916,5.94785
77424,1.07947,5.50955
77425,1.07976,5.15395
77426,1.08023,5.24166
77427,1.08146,5.53534
77428,1.08186,5.45247
77429,1.08001,5.50473
77430,1.08007,6.26213
77431,1.08075,5.61223
77432,1.07429,8.62619
77433,1.08619,6.50943
77434,1.08075,5.66237
77435,1.07753,7.75871
77436,1.08573,6.72007
77437,1.0825,6.14525
77438,1.07939,5.5048
77439,1.06209,12.4932
77440,1.06158,8.28976
77441,1.06231,7.39144
77442,1.06735,7.15012
77443,1.07304,9.85863
77444,1.07331,9.46037
77445,1.07759,7.96936
77446,1.07129,10.3106
77447,1.07219,9.77895
77448,1.07179,9.55873
77449,1.07034,9.67125
77450,1.07534,9.77251
77451,1.07315,9.4392
77452,1.08146,10.4825
77453,1.07402,9.19389
77454,1.06454,8.1386
77455,1.08005,11.5657
77456,1.07446,12.1015
77457,1.08595,10.3304
77458,1.07449,11.5181
77459,1.07266,13.336
77460,1.07679,13.8357
77461,1.07613,9.61195
77462,1.07587,9.61471
77463,1.07541,9.5789
77464,1.07561,10.5582
77465,1.08215,12.4541
77466,1.08232,12.4117
77467,1.04754,5.89185
77468,1.04427,4.99891
77469,1.03841,4.40986
77470,1.04585,4.78972
77471,1.04536,4.73638
77472,1.04305,4.57056
77473,1.03861,3.71191
77474,1.03664,4.85218
77475,1.07997,11.9658
77476,1.0739,12.6128
77477,1.05615,4.48962
77478,1.05441,4.97407
77479,1.05394,4.89553
77480,1.04977,7.37895
77481,1.05387,5.97597
77482,1.05082,5.17349
77483,1.05299,5.55898
77484,1.04704,5.81534
77485,1.08215,16.5575
77486,1.0788,17.8363
77487,1.07992,17.2797
77488,1.08082,16.5696
77489,1.07658,16.8072
77490,1.08124,16.8267
77491,1.08267,17.6659
77492,1.07745,16.5707
77493,1.07811,16.4075
77494,1.07767,16.4566
77495,1.07877,16.517
77496,1.07063,15.6709
77497,1.07434,15.2919
77498,1.07353,16.4729
77499,1.07253,15.8446
77500,1.07184,15.5587
77501,1.07588,16.9499
77502,1.07485,16.6799
77503,1.07426,16.2543
77504,1.07629,17.3625
77505,1.07791,17.0485
77506,1.07355,17.2223
77507,1.07927,16.5914
77508,1.07887,17.3593
77509,1.07556,18.2296
77510,1.07528,18.0903
77511,1.08191,16.6289
77512,1.08006,16.8004
77513,1.07816,16.091
77514,1.07902,16.2071
77515,1.07663,16.0756
77516,1.08307,16.6635
77517,1.07607,18.2731
77518,1.08595,17.3445
77519,1.08362,16.7281
77520,1.07954,17.4847
77521,1.08081,16.0879
77522,1.07128,15.6703
77523,1.08189,15.8441
77524,1.07841,17.6515
77525,1.08189,16.9122
77526,1.08219,17.3385
77527,1.07323,15.9236
77528,1.06995,17.5456
77529,1.07181,18.5536
77530,1.07072,18.5204
77531,1.07027,19.0581
77532,1.02644,5.83323
77533,1.03985,2.27621
77534,1.04661,1.46716
77535,1.03083,5.84521
77536,1.07151,13.2485
77537,1.07192,13.7327
77538,1.07111,13.0901
77539,1.06507,12.1377
77540,1.06503,12.2851
77541,1.06926,10.3476
77542,1.07079,10.7921
77543,1.0772,7.52621
77544,1.07453,8.90231
77545,1.06674,11.6475
77546,1.06628,12.7414
77547,1.06584,13.0061
77548,1.06559,13.04
77549,1.06506,12.9666
77550,1.06836,11.089
77551,1.06868,12.7967
77552,1.06985,12.489
77553,1.06935,12.4348
77554,1.06001,5.96536
77555,1.0632,6.72804
77556,1.06107,6.31676
77557,1.0522,6.79198
77558,1.0538,7.26726
77559,1.05667,7.54211
77560,1.05305,7.42836
77561,1.04262,3.9524
77562,1.06,8.45717
77563,1.06063,8.54913
77564,1.05839,8.07401
77565,1.0587,8.27753
77566,1.06075,8.38789
77567,1.06081,8.74633
77568,1.06245,9.11449
77569,1.05979,8.77774
77570,1.0602,8.46119
77571,1.06098,8.74166
77572,1.0668,9.38231
77573,1.06356,8.97561
77574,1.05946,10.785
77575,1.06115,10.285
77576,1.06194,9.77132
77577,1.06083,9.48311
77578,1.0614,8.46596
77579,1.06122,8.29941
77580,1.06008,9.45187
77581,1.06107,9.51565
77582,1.06186,10.8962
77583,1.06107,10.1307
77584,1.06238,10.9465
77585,1.06076,9.131
77586,1.06168,7.60873
77587,1.06153,7.83327
77588,1.05774,9.43505
77589,1.06441,8.67766
77590,1.0612,8.14442
77591,1.06032,8.47069
77592,1.06253,9.99051
77593,1.06247,10.3889
77594,1.06218,10.3953
77595,1.05957,11.1152
77596,1.06031,10.9116
77597,1.06259,11.1443
77598,1.0617,11.353
77599,1.06215,11.1496
77600,1.06636,9.86578
77601,1.08273,8.92662
77602,1.07563,8.80427
77603,1.06338,8.01638
77604,1.07371,8.88436
77605,1.06825,8.40188
77606,1.06485,8.20074
77607,1.06244,7.47706
77608,1.05904,8.41029
77609,1.06343,9.22819
77610,1.06043,8.61239
77611,1.06282,9.00139
77612,1.07052,11.2285
77613,1.07106,11.6098
77614,1.09233,13.4129
77615,1.1,14.8817
77616,1.07846,21.8658
77617,1.07963,23.7969
77618,1.07658,21.7011
77619,1.08377,10.8962
77620,1.07363,10.0881
77621,1.08081,12.4445
77622,1.07935,13.7486
77623,1.07618,12.9688
77624,1.07463,14.2615
77625,1.06441,11.6305
77626,1.06408,11.508
77627,1.06325,11.3945
77628,1.06486,11.6758
77629,1.06625,12.3604
77630,1.06399,12.4709
77631,1.06455,14.585
77632,1.06625,14.4738
77633,1.06717,13.2315
77634,1.06482,12.6757
77635,1.06554,12.6208
77636,1.06598,12.8582
77637,1.06915,12.4412
77638,1.06477,12.6627
77639,1.0793,15.5701
77640,1.06811,18.9876
77641,1.06182,4.30343
77642,1.07336,11.4475
77643,1.07416,11.627
77644,1.07793,12.1355
77645,1.07313,11.8404
77646,1.07278,12.0387
77647,1.07399,12.9828
77648,1.07381,12.2648
77649,1.07855,13.2226
77650,1.07652,12.7318
77651,1.07604,12.4644
77652,1.07335,10.5532
77653,1.07507,12.5865
77654,1.07216,12.3383
77655,1.08106,17.0952
77656,1.07658,14.6335
77657,1.07415,13.8151
77658,1.07452,18.6458
77659,1.08496,5.97523
77660,1.08539,7.05786
77661,1.09191,7.27984
77662,1.08779,7.20709
77663,1.08249,12.5371
77664,1.08169,6.40838
77665,1.08113,7.98905
77666,1.0822,8.27926
77667,1.08187,8.1265
77668,1.08602,9.56172
77669,1.08471,11.5085
77670,1.0971,10.947
77671,1.09464,10.8089
77672,1.08381,9.60894
77673,1.08693,8.94383
77674,1.06881,13.8284
77675,1.0671,14.7851
77676,1.06268,11.0393
77677,1.06685,12.8848
77678,1.06615,12.828
77679,1.06365,12.6461
77680,1.06507,12.3456
77681,1.06118,11.881
77682,1.07377,9.27823
77683,1.07344,8.86366
77684,1.07355,8.65314
77685,1.07435,8.4829
77686,1.075,8.38286
77687,1.07451,8.35697
77688,1.07373,7.68518
77689,1.07124,10.5568
77690,1.07098,10.1502
77691,1.06945,9.79911
77692,1.07261,7.53658
77693,1.0719,6.48989
77694,1.07403,8.71608
77695,1.07463,8.09753
77696,1.07858,9.84989
77697,1.06189,11.5597
77698,1.06329,11.663
77699,1.08496,9.49745
77700,1.08887,9.64168
77701,1.07532,9.08625
77702,1.06015,6.11884
77703,1.06118,6.11756
77704,1.0628,6.19674
77705,1.07966,14.5803
77706,1.06519,7.20879
77707,1.06692,7.43386
77708,1.07129,8.12147
77709,1.06929,8.35583
77710,1.0667,7.78148
77711,1.06565,7.2951
77712,1.06903,10.0574
77713,1.06966,9.50755
77714,1.06701,12.5126
77715,1.06349,14.7367
77716,1.06753,13.6478
77717,1.0665,13.3693
77718,1.06239,11.6529
77719,1.06614,13.0376
77720,1.06586,12.1779
77721,1.06702,13.4713
77722,1.06979,13.6373
77723,1.06948,13.5255
77724,1.07578,14.4382
77725,1.06687,13.1776
77726,1.07391,11.9546
77727,1.08175,7.3815
77728,1.08005,6.71947
77729,1.07626,6.10383
77730,1.08229,6.55469
77731,1.08146,6.534
77732,1.0759,6.17595
77733,1.07829,5.77701
77734,1.07711,5.97764
77735,1.07529,6.46931
77736,1.07713,5.70564
77737,1.08231,5.93128
77738,1.08458,5.71616
77739,1.08086,6.37982
77740,1.08119,6.19639
77741,1.08655,7.21752
77742,1.08431,6.86127
77743,1.08078,6.31965
77744,1.08016,6.27616
77745,1.08021,6.32538
77746,1.08043,6.24161
77747,1.0818,6.19178
77748,1.0809,6.09254
77749,1.07858,6.10238
77750,1.08145,6.07663
77751,1.08005,8.1647
77752,1.08751,6.64076
77753,1.08261,6.11415
77754,1.08276,6.19619
77755,1.08159,6.18431
77756,1.07895,6.14426
77757,1.08269,7.47895
77758,1.08199,7.10231
77759,1.06356,6.04121
77760,1.06023,7.17395
77761,1.06483,13.2709
77762,1.05815,8.18464
77763,1.05434,8.15996
77764,1.04892,7.82132
77765,1.05224,7.69135
77766,1.04775,7.6612
77767,1.05186,8.41052
77768,1.07334,11.3306
77769,1.07208,11.3874
77770,1.07295,12.1611
77771,1.07091,11.6408
77772,1.07379,11.7296
77773,1.07413,11.5329
77774,1.07293,11.691
77775,1.07066,11.6684
77776,1.0713,11.7997
77777,1.07305,11.9621
77778,1.07338,12.1753
77779,1.07345,12.0307
77780,1.07476,12.5288
77781,1.07882,13.6123
77782,1.07713,13.164
77783,1.0746,12.5744
77784,1.07508,12.6585
77785,1.07226,11.9741
77786,1.07203,11.9345
77787,1.07242,11.7736
77788,1.07495,12.5998
77789,1.07146,11.9102
77790,1.07433,11.2899
77791,1.07341,11.5447
77792,1.07132,11.456
77793,1.07099,10.8968
77794,1.07125,11.5159
77795,1.07491,11.3998
77796,1.07193,11.6655
77797,1.07677,12.3757
77798,1.07674,11.8213
77799,1.07956,11.0347
77800,1.07341,12.0226
77801,1.07582,12.327
77802,1.07325,12.156
77803,1.07429,12.4097
77804,1.07455,12.8138
77805,1.07599,13.0509
77806,1.07516,12.7674
77807,1.07082,11.6151
77808,1.06739,10.7739
77809,1.07649,11.3634
77810,1.08166,10.6349
77811,1.06829,10.8504
77812,1.07549,10.9241
77813,1.07272,11.2799
77814,1.07256,11.6919
77815,1.07267,13.5748
77816,1.07809,12.9979
77817,1.07284,11.7637
77818,1.074,11.7704
77819,1.07594,11.358
77820,1.07279,13.608
77821,1.07256,13.3092
77822,1.07283,13.3867
77823,1.08682,12.9664
77824,1.07748,12.2967
77825,1.07312,11.5902
77826,1.0694,11.502
77827,1.07448,12.648
77828,1.07339,12.246
77829,1.0744,12.5807
77830,1.0731,12.1893
77831,1.0735,12.2605
77832,1.07152,11.8866
77833,1.07178,11.6713
77834,1.0696,11.2185
77835,1.07237,11.8868
77836,1.0726,12.7451
77837,1.07305,12.0018
77838,1.08203,11.6728
77839,1.07645,11.6387
77840,1.07638,11.5283
77841,1.07163,11.2495
77842,1.07633,11.2625
77843,1.06801,11.0798
77844,1.06305,10.4049
77845,1.07583,11.3714
77846,1.07596,11.35
77847,1.07578,11.3105
77848,1.07481,11.1495
77849,1.07658,11.6699
77850,1.0756,11.1978
77851,1.06805,12.0385
77852,1.07154,13.3627
77853,1.07213,13.6937
77854,1.07307,12.7142
77855,1.07435,12.5736
77856,1.07219,12.2324
77857,1.07501,12.4632
77858,1.08621,10.8591
77859,1.07289,13.3123
77860,1.06327,11.9762
77861,1.07432,12.7344
77862,1.06679,6.44575
77863,1.04819,3.03311
77864,1.05293,1.67332
77865,1.04508,4.59218
77866,1.04768,3.13839
77867,1.04806,2.45959
77868,1.04685,2.40674
77869,1.04839,2.18855
77870,1.04679,2.32419
77871,1.04775,4.64652
77872,1.04764,3.34102
77873,1.04507,2.79295
77874,1.04582,2.54591
77875,1.03948,3.63505
77876,1.04412,3.16668
77877,1.0451,4.65383
77878,1.03821,0.807845
77879,1.03784,0.855896
77880,1.03695,4.34504
77881,1.047,1.95435
77882,1.04634,1.37629
77883,1.0444,1.67522
77884,1.04157,1.49436
77885,1.08225,6.34536
77886,1.07838,5.7331
77887,1.07962,5.1685
77888,1.07302,7.17114
77889,1.08019,4.76728
77890,1.07923,4.49813
77891,1.07774,4.64039
77892,1.08052,5.21784
77893,1.07944,4.63782
77894,1.07675,7.17027
77895,1.08196,6.38689
77896,1.08023,6.18725
77897,1.07838,4.75071
77898,1.07919,4.71027
77899,1.08091,4.54337
77900,1.06406,10.7197
77901,1.06408,10.9932
77902,1.06244,11.0052
77903,1.06261,11.0234
77904,1.06018,4.88662
77905,1.03484,1.1268
77906,1.06285,6.82658
77907,1.06337,9.69035
77908,1.06469,8.16704
77909,1.05447,8.06627
77910,1.05259,8.77055
77911,1.05718,10.6789
77912,1.04409,1.00015
77913,1.04431,0.759213
77914,1.04715,0.863635
77915,1.04759,1.41217
77916,1.03914,2.05554
77917,1.03948,2.52599
77918,1.04372,1.40793
77919,1.03858,1.32096
77920,1.04311,0.655561
77921,1.07173,20.491
77922,1.07183,20.737
77923,1.07999,11.6152
77924,1.07798,10.8236
77925,1.0829,11.0154
77926,1.07913,11.832
77927,1.0791,11.4969
77928,1.07737,11.3618
77929,1.07605,10.8744
77930,1.08037,10.1619
77931,1.07527,10.6745
77932,1.06617,8.57639
77933,1.08106,4.95928
77934,1.0794,7.25446
77935,1.07942,7.35318
77936,1.0811,6.28052
77937,1.08012,6.97458
77938,1.08037,6.76316
77939,1.08116,6.1875
77940,1.08169,6.00507
77941,1.08193,6.0098
77942,1.08173,5.62287
77943,1.08017,5.62345
77944,1.0816,5.62831
77945,1.07904,4.83835
77946,1.07829,6.41796
77947,1.07842,6.415
77948,1.0733,4.87419
77949,1.07288,4.87481
77950,1.07693,5.33269
77951,1.07485,4.83595
77952,1.0763,4.50522
77953,1.07676,4.43427
77954,1.0759,4.61807
77955,1.07096,4.71186
77956,1.06981,5.75623
77957,1.07267,-4.21439
77958,1.07286,-4.90573
77959,1.07454,-14.2218
77960,1.07165,-14.2785
77961,1.08892,-13.5743
77962,1.03236,-29.312
77963,1.05756,-19.2057
77964,1.06763,-20.3442
77965,1.00888,-22.1792
77966,1.07003,-19.3688
77967,1.07042,-16.9121
77968,1.02978,-17.8085
77969,1.03452,-21.0301
77970,1.06138,-21.1375
77971,1.01989,-23.6256
77972,1.04432,-22.8494
77973,1.07161,-14.285
77974,1.07368,-11.3564
77975,1.05993,-21.637
77976,1.04119,-8.84911
77977,1.04682,-20.3484
77978,1.04528,-19.5306
77979,1.063,-17.9033
77980,1.03837,-19.1144
77981,1.04922,-25.6911
77982,1.07071,-18.9229
77983,1.02179,-23.9787
77984,1.07103,-14.2914
77985,1.05053,-23.2732
77986,1.04043,-21.3641
77987,1.07477,-21.2244
77988,1.03259,-11.6794
77989,1.04622,-11.0989
77990,1.06064,-14.3438
77991,1.09037,-11.7776
77992,1.06939,-23.9603
77993,1.02769,-24.0304
77994,1.02428,-22.7426
77995,1.08823,-14.0987
77996,1.04799,-21.1817
77998,1.04441,-9.60689
77999,1.06915,-11.1605
78000,1.07395,-12.6586
78002,1.03589,-25.4962
78003,1.07522,-20.6701
78004,1.06163,-19.9326
78005,1.08838,-20.7295
78006,1.03739,-25.4659
78007,1.06209,-20.1449
78008,1.06317,-19.1094
78009,1.07492,-21.1788
78010,1.07057,-26.1143
78011,1.08229,-5.37016
78012,1.06393,-10.3295
78013,1.05007,-15.485
78014,1.0626,-16.8999
78015,1.06793,-14.5524
78016,1.05182,-19.0881
78017,1.06402,-21.08
78019,1.03074,-18.2916
78020,1.06149,-20.9902
78021,1.01769,-3.67927
78022,1.01767,-3.67457
78023,1.02357,-5.52268
78024,1.02543,-6.13995
78025,1.02596,-6.86993
78026,1.02615,-7.52108
78027,1.03419,-8.98413
78028,1.02729,-5.84006
78029,1.02807,-5.6997
78030,1.07863,0.692452
78031,1.07767,0.40969
78032,1.02337,-4.47731
78033,1.02993,-5.76742
78034,1.03234,-6.55472
78035,1.06193,-4.70793
78036,1.07017,-6.6999
78037,1.07278,-7.41555
78038,1.07347,2.77292
78039,1.03947,-9.96499
78040,1.09518,8.33238
78041,1.09546,7.19214
78042,1.09486,6.87993
78043,1.08227,8.43263
78044,1.08411,7.69656
78045,1.08404,7.63033
78046,1.07158,10.4541
78047,1.07603,8.49804
78048,1.07641,8.12956
78049,1.08935,3.77883
78050,1.06935,0.282206
78051,1.07992,9.60013
78052,1.08364,8.79823
78053,1.08398,8.54814
78054,1.04246,-17.665
78055,1.1,-16.6863
78056,1.09513,-17.1693
78057,1.05186,-4.10386
78058,1.04649,-4.59661
78059,1.04094,-5.02707
78060,1.03712,-5.0324
78061,1.03728,-5.08274
78062,1.0453,-17.0099
78063,1.0451,-17.8304
78064,1.0693,4.43066
78065,1.02143,-12.0871
78066,1.07433,-8.20741
78067,1.0831,-17.7048
78068,1.08232,-17.4215
78069,1.03856,-4.63504
78070,1.0375,-9.51418
78071,1.05415,-12.5259
78072,1.07383,-10.6645
78073,1.07157,-11.0715
78074,1.07464,11.598
78075,1.03109,-8.01744
78076,1.03372,-8.15211
78077,1.0748,6.01438
78078,1.03866,-15.691
78079,1.05218,-19.9572
78080,1.03549,-7.62111
78081,1.08664,5.18412
78082,1.06982,3.07884
78083,1.07294,3.18853
78084,1.04789,-9.4227
78085,1.08787,3.09352
78086,1.04217,-16.4941
78087,1.04326,-17.1552
78088,1.0848,6.33741
78089,1.06952,-1.66642
78090,1.0861,5.88627
78091,1.03209,-6.36064
78092,1.0511,-13.9204
78093,1.04533,-14.1481
78094,1.09629,7.29249
78095,1.0933,6.53115
78096,1.01584,-18.82
78097,1.03292,-14.0895
78098,1.08094,3.36164
78099,1.01111,-12.9124
78100,1.0548,-3.84355
78101,1.07745,5.48424
78102,1.04678,-17.2384
78103,1.04869,-17.5578
78104,1.04865,-17.6713
78105,1.07434,7.90312
78106,1.06972,8.80516
78107,1.06956,8.34824
78108,1.02372,-16.193
78109,1.07477,11.5553
78110,1.08121,9.85443
78111,1.08428,9.00913
78112,1.08211,8.62411
78113,1.04201,-6.31208
78114,1.04692,-19.9362
78115,1.04419,-20.1167
78116,1.02752,-13.0823
78117,1.02938,-6.99881
78118,1.05477,-2.68365
78119,1.05349,-3.06287
78120,1.08711,8.52427
78121,1.08801,8.20168
78122,1.04524,-18.0709
78123,1.03112,-7.57233
78124,1.02984,-6.66862
78125,1.03472,-7.05889
78126,1.07891,9.33556
78127,1.07659,9.25693
78128,1.07334,9.31723
78129,1.07288,8.96568
78130,1.07558,2.34612
78131,1.08277,4.28853
78132,1.04367,-17.0081
78133,1.07842,0.118592
78134,1.08325,1.98661
78135,1.06082,-28.1893
78136,1.06525,-31.3842
78137,1.06472,-31.8818
78138,1.07173,-30.1348
78139,1.0674,-24.5461
78140,1.06831,-25.6094
78141,1.06842,-26.1698
78142,1.05965,-31.4837
78143,1.07819,-24.9498
78144,1.0722,-26.2398
78145,1.06947,-26.6802
78146,1.00224,-33.6506
78147,1.06764,-27.8717
78148,1.06878,-28.5667
78149,1.03725,-23.4172
78150,1.03752,-23.7173
78151,1.06435,-28.8165
78152,1.06297,-30.1657
78153,1.06126,-31.6993
78154,1.06023,-32.1672
78155,1.05499,-32.3204
78156,1.07183,-28.6494
78157,1.06968,-29.1756
78158,1.05925,-20.5798
78159,1.05994,-20.814
78160,1.06501,-24.8317
78161,1.00229,-33.7589
78162,1.03952,-29.0945
78164,1.06212,-25.8119
78165,1.06696,-24.9655
78166,1.0678,-25.5502
78167,1.05391,-22.1615
78168,1.06934,-24.4326
78169,1.0658,-24.7318
78170,1.01091,-32.0964
78171,1.06666,-25.8288
78172,1.06529,-26.0506
78173,1.0673,-21.2346
78174,1.06744,-22.5806
78175,1.06687,-22.7303
78176,1.04106,-30.6681
78177,1.05794,-34.7106
78178,1.059,-44.2095
78179,1.02385,-44.5992
78180,1.05089,-36.0188
78181,1.05999,-26.6145
78182,1.04546,-29.1506
78183,1.05841,-31.3218
78184,1.05475,-50.2653
78185,1.05503,-32.4353
78186,1.06628,-25.234
78187,1.06632,-25.332
78188,1.02425,-28.0859
78189,1.05422,-32.6179
78190,1.06348,-37.0752
78191,1.06825,-25.5181
78192,1.0586,-26.9121
78193,1.0628,-31.2338
78194,1.01908,-38.364
78195,1.05729,-34.9607
78196,1.0618,-27.6997
78197,1.06154,-11.9265
78198,1.06156,-12.922
78199,1.07145,-13.5997
78200,1.07091,-13.8046
78201,1.07485,-14.8739
78202,1.07724,-15.5902
78203,1.0752,-15.7736
78204,1.05526,-27.225
78205,1.05567,-11.2573
78206,1.06152,-11.7517
78207,1.03918,-15.1202
78208,1.06555,-15.7163
78209,1.06406,-16.4445
78210,1.06291,-16.8846
78211,1.0598,-17.6263
78212,1.03373,-26.4495
78213,1.0626,-21.6717
78214,1.05486,-27.5022
78215,1.06776,-17.6859
78217,1.07842,-10.2979
78218,1.08542,-9.70429
78219,1.0844,-10.3362
78220,1.0584,-18.3782
78221,1.06382,-15.5414
78222,1.06866,-16.3216
78223,1.07114,-16.0579
78224,1.08141,-25.5189
78225,1.07917,-15.0474
78226,1.05824,-20.868
78228,1.07257,-17.1152
78229,1.08058,-17.656
78230,1.08987,-11.6228
78231,1.08923,-11.9135
78232,1.04871,-18.9615
78233,1.05083,-17.4367
78235,1.05952,-16.8227
78236,1.0852,-19.1553
78237,1.08342,-20.4192
78238,1.08215,-20.9087
78239,1.05532,-33.614
78240,1.08077,-17.2917
78241,1.08063,-17.6428
78242,1.05707,-32.3353
78243,1.04,-15.3163
78244,1.05259,-17.9548
78245,1.05328,-18.5327
78246,1.05521,-33.1778
78247,1.0533,-30.9485
78248,1.08351,-22.758
78249,1.05411,-18.6894
78250,1.07263,-31.6245
78251,1.04383,-14.702
78252,1.04255,-15.0865
78253,1.06918,-14.9509
78254,1.02968,-16.3073
78255,1.04715,-22.1042
78256,1.08442,-6.96528
78257,1.07513,-7.62792
78258,1.07773,-6.75015
78259,1.0849,-5.20659
78260,1.08264,-6.52153
78261,1.06922,10.0823
78262,1.08337,4.82725
78263,1.0375,-15.8205
78264,1.03813,-15.828
78265,1.04168,-15.145
78266,1.04109,-15.7
78267,1.03963,-11.7358
78268,1.05186,-6.1542
78269,1.04779,-6.52803
78270,1.05337,-16.6961
78271,1.05842,-17.0581
78272,1.0585,-16.486
78273,1.06154,-15.3627
78274,1.08758,-1.67071
78275,1.08644,-3.34797
78276,1.08865,-3.78991
78277,1.06312,-5.85623
78278,1.06284,-5.74259
78279,1.06141,-5.85787
78280,1.061,-5.34469
78281,1.06571,-5.92878
78282,1.06,-5.91824
78283,1.05393,-9.38781
78284,1.05588,-9.86207
78285,1.06953,-5.05395
78286,1.06704,-5.13687
78287,1.06587,-3.13617
78288,1.08691,4.98551
78289,1.09178,7.44846
78290,1.0925,5.821
78291,1.07475,1.45152
78292,1.07116,2.63572
78293,1.07468,2.02726
78294,1.06568,9.46381
78295,1.06914,6.88737
78296,1.07031,6.74125
78297,1.07851,6.02373
78298,1.08787,4.82274
78299,1.08665,4.5445
78300,1.08865,4.56208
78301,1.08606,3.97182
78302,1.08416,3.52508
78303,1.08294,4.78133
78304,1.067,1.20935
78305,1.06242,3.19873
78306,1.05939,2.32946
78307,1.0653,2.21001
78308,1.04945,-20.4008
78309,1.04904,-20.3295
78310,1.04796,-20.2546
78311,1.04864,-20.3103
78312,1.0504,-20.4293
78313,1.04972,-20.3346
78314,1.04593,-19.8447
78315,1.04934,-19.9894
78316,1.04893,-20.1553
78317,1.04618,-19.3929
78318,1.0461,-19.3936
78319,1.04558,-19.1825
78320,1.04648,-19.2479
78321,1.04834,-19.3722
78322,1.04668,-19.1975
78323,1.04496,-19.105
78324,1.04433,-18.9047
78325,1.04367,-18.6062
78326,1.04332,-18.5142
78327,1.04385,-18.5062
78328,1.04407,-18.4869
78329,1.05382,-20.2099
78330,1.05336,-20.152
78331,1.04862,-19.9175
78332,1.04812,-19.9667
78333,1.04866,-20.0349
78334,1.04801,-20.0737
78335,1.04842,-19.8191
78336,1.0485,-19.9274
78337,1.04754,-19.7106
78338,1.04844,-19.6415
78339,1.046,-19.6597
78340,1.04626,-19.4658
78341,1.04833,-19.5618
78342,1.05169,-19.75
78343,1.04918,-19.5947
78344,1.05042,-19.6272
78345,1.05011,-19.6097
78346,1.04808,-19.3624
78347,1.04891,-19.5614
78348,1.04753,-19.2609
78349,1.04757,-19.0968
78350,1.04794,-19.1878
78351,1.04767,-19.1967
78352,1.04852,-19.2812
78353,1.04829,-19.1362
78354,1.04835,-19.0439
78355,1.04464,-18.583
78356,1.04562,-18.8264
78357,1.04803,-19.3393
78358,1.04779,-19.4176
78359,1.0464,-19.4198
78360,1.04602,-19.4775
78361,1.04661,-19.3677
78362,1.04861,-19.1731
78363,1.04865,-19.2088
78364,1.04919,-19.1728
78365,1.04848,-19.1459
78366,1.04937,-19.1398
78367,1.04641,-18.8925
78368,1.0464,-18.8359
78369,1.04595,-18.8643
78370,1.04602,-18.8337
78371,1.04623,-18.6622
78372,1.04373,-18.197
78373,1.04601,-18.507
78374,1.04613,-18.5951
78375,1.04469,-18.0233
78376,1.04243,-17.6957
78377,1.04338,-18.2818
78378,1.04386,-18.044
78379,1.04415,-17.8027
78380,1.0444,-18.0606
78381,1.04275,-17.9704
78382,1.03952,-19.9362
78383,1.03963,-19.8824
78384,1.03962,-20.0292
78385,1.04,-20.0948
78386,1.04134,-20.1067
78387,1.04706,-19.9707
78388,1.04525,-20.1627
78389,1.03906,-20.2438
78390,1.04576,-20.1717
78391,1.03971,-20.2225
78392,1.03938,-20.3306
78393,1.03947,-20.2272
78394,1.04117,-20.5955
78395,1.04432,-20.4562
78396,1.04534,-17.9597
78397,1.04631,-17.8497
78398,1.04601,-17.959
78399,1.04612,-17.9309
78400,1.04573,-16.263
78401,1.04614,-17.5664
78402,1.04494,-17.9623
78403,1.0462,-18.0236
78404,1.04489,-17.9737
78405,1.04472,-18.1028
78406,1.04567,-18.0874
78407,1.04552,-17.9672
78408,1.04406,-18.1174
78409,1.04451,-18.2842
78410,1.04249,-17.7318
78411,1.04463,-18.4721
78412,1.04576,-18.6112
78413,1.04775,-18.7879
78414,1.047,-18.2126
78415,1.04675,-18.1606
78416,1.0472,-18.257
78417,1.04687,-18.6421
78418,1.04717,-18.5222
78419,1.04727,-18.351
78420,1.04726,-17.7256
78421,1.04882,-17.0274
78422,1.04823,-17.2333
78423,1.04915,-16.9707
78424,1.04731,-18.238
78425,1.04804,-18.2616
78426,1.04838,-18.2736
78427,1.04752,-18.5545
78428,1.04889,-18.3725
78429,1.04693,-18.6185
78430,1.04528,-19.0761
78431,1.04651,-18.8495
78432,1.04428,-19.2239
78433,1.04434,-19.4027
78434,1.04619,-18.9624
78435,1.04452,-19.253
78436,1.04701,-18.6706
78437,1.04396,-19.2433
78438,1.04087,-19.7685
78439,1.04261,-19.4463
78440,1.04209,-19.6166
78441,1.0404,-19.8455
78442,1.05168,-20.238
78443,1.05504,-20.367
78444,1.05194,-18.7241
78445,1.05296,-19.6686
78446,1.0571,-20.4755
78447,1.05108,-21.054
78448,1.0507,-17.4247
78449,1.05441,-19.3087
78450,1.05525,-20.3671
78451,1.05246,-20.4594
78452,1.04934,-20.1279
78453,1.06251,-20.8957
78454,1.06182,-20.8978
78455,1.05538,-20.9684
78456,1.05697,-20.8793
78457,1.05415,-20.8594
78458,1.06577,-20.8941
78459,1.06448,-20.83
78460,1.07109,-19.8257
78461,1.06629,-20.6084
78462,1.05771,-20.8742
78463,1.05555,-20.7349
78464,1.0545,-20.6353
78465,1.05481,-20.7031
78466,1.05311,-20.6887
78467,1.05369,-20.1746
78468,1.05268,-19.2887
78469,1.04943,-19.0567
78470,1.04976,-19.0464
78471,1.04778,-18.9201
78472,1.04778,-18.691
78473,1.0449,-18.2958
78474,1.04568,-18.3374
78475,1.04863,-18.5467
78476,1.04672,-18.8883
78477,1.04722,-18.5979
78478,1.04671,-17.9708
78479,1.04677,-18.4922
78480,1.04767,-18.7989
78481,1.04577,-19.1817
78482,1.0596,-19.5417
78483,1.05535,-19.9239
78484,1.05084,-19.8833
78485,1.05048,-19.7508
78486,1.05096,-19.4605
78487,1.04846,-19.0885
78488,1.05049,-19.3595
78489,1.0514,-19.3878
78490,1.04707,-19.459
78491,1.04859,-19.0832
78492,1.04833,-19.1166
78493,1.04798,-19.4654
78494,1.05313,-20.5594
78495,1.0547,-20.4664
78496,1.05458,-20.358
78497,1.05438,-20.3605
78498,1.05505,-20.2312
78499,1.05323,-20.2754
78500,1.05385,-20.374
78501,1.05421,-20.4416
78502,1.05496,-20.6473
78503,1.05416,-20.5789
78504,1.05391,-20.598
78505,1.05666,-20.5204
78506,1.0561,-20.449
78507,1.05596,-20.4107
78508,1.05384,-20.3389
78509,1.0535,-20.366
78510,1.05361,-20.326
78511,1.05308,-20.2452
78512,1.05172,-20.6437
78513,1.05139,-20.6362
78514,1.05539,-20.4421
78515,1.06018,-19.8478
78516,1.05636,-20.4294
78517,1.05155,-20.4689
78518,1.05026,-20.4065
78519,1.05856,-19.5762
78520,1.05627,-20.0863
78521,1.05529,-20.7382
78522,1.05475,-20.762
78523,1.05145,-20.6613
78524,1.04952,-20.4757
78525,1.05051,-20.6028
78526,1.05184,-20.2451
78527,1.04665,-19.7871
78528,1.0461,-19.8232
78529,1.04571,-19.3698
78530,1.04754,-19.5079
78531,1.04829,-19.4336
78532,1.04761,-19.5079
78533,1.05028,-19.3857
78534,1.04968,-19.4395
78535,1.05435,-19.6206
78536,1.05034,-19.4591
78537,1.04692,-16.3207
78538,1.05049,-17.871
78539,1.05484,-18.3029
78540,1.05032,-19.2068
78541,1.0464,-19.0585
78542,1.04575,-19.0763
78543,1.04657,-19.0514
78544,1.04644,-19.1083
78545,1.04683,-18.9421
78546,1.04721,-18.6748
78547,1.04686,-18.7184
78548,1.04706,-18.7508
78549,1.04696,-18.6197
78550,1.04806,-18.3017
78551,1.04759,-18.2564
78552,1.0486,-17.9736
78553,1.04803,-18.2972
78554,1.0475,-18.214
78555,1.04742,-18.2307
78556,1.04701,-18.6695
78557,1.04669,-18.5534
78558,1.04687,-18.3035
78559,1.04688,-18.344
78560,1.04712,-17.9899
78561,1.04625,-18.4456
78562,1.04719,-18.84
78563,1.0498,-19.4194
78564,1.05171,-19.3991
78565,1.05006,-19.3911
78566,1.05138,-19.0872
78567,1.05039,-19.1327
78568,1.0495,-19.264
78569,1.04888,-19.1219
78570,1.04888,-18.9505
78571,1.05023,-18.227
78572,1.0506,-18.9427
78573,1.04919,-19.157
78574,1.04729,-17.7494
78575,1.04768,-17.848
78576,1.04748,-17.7365
78577,1.04933,-17.4132
78578,1.04936,-16.8688
78579,1.04695,-17.2439
78580,1.0487,-15.4847
78581,1.04865,-16.4547
78582,1.04795,-17.0803
78583,1.04924,-16.8119
78584,1.04858,-17.0605
78585,1.04816,-17.0205
78586,1.0489,-18.0133
78587,1.04726,-17.4349
78588,1.04699,-17.7759
78589,1.04563,-16.3933
78590,1.04743,-17.3209
78591,1.04871,-15.8284
78592,1.05275,-16.8858
78593,1.04851,-17.843
78594,1.04897,-18.4187
78595,1.04549,-18.6098
78596,1.04827,-18.0952
78597,1.04742,-18.2228
78598,1.04201,-19.9461
78599,1.03932,-20.4359
78600,1.0429,-19.3015
78601,1.04509,-18.7636
78602,1.04478,-18.8219
78603,1.04751,-18.4669
78604,1.04668,-19.0789
78605,1.04961,-19.7741
78606,1.04311,-19.1799
78607,1.04255,-19.6969
78608,1.04236,-19.7225
78609,1.0463,-18.0729
78610,1.04988,-16.5652
78611,1.04724,-17.3897
78612,1.04699,-17.6643
78613,1.04653,-17.2948
78614,1.05297,-14.6575
78615,1.05252,-15.0138
78616,1.05361,-13.666
78617,1.04591,-16.9133
78618,1.04365,-16.3833
78619,1.04378,-15.6626
78620,1.04331,-15.8684
78621,1.04804,-15.8039
78622,1.0449,-16.158
78623,1.04545,-16.7614
78624,1.04369,-14.523
78625,1.04377,-14.7825
78626,1.04144,-16.3078
78627,1.04218,-16.3808
78628,1.0424,-19.1926
78629,1.04072,-17.4572
78630,1.04126,-17.1074
78631,1.03933,-17.1754
78632,1.03944,-18.0147
78633,1.03803,-18.5743
78634,1.0368,-18.3738
78635,1.03593,-18.3313
78636,1.03798,-18.724
78637,1.04134,-20.58
78638,1.04135,-20.3858
78639,1.04221,-20.5094
78640,1.04799,-20.7774
78641,1.04599,-20.1222
78642,1.04211,-19.8066
78643,1.04228,-19.7395
78644,1.03764,-20.0365
78645,1.03442,-19.9413
78646,1.03314,-20.3023
78647,1.03275,-20.174
78648,1.0314,-20.1328
78649,1.03465,-19.722
78650,1.03463,-19.232
78651,1.02164,-19.2522
78652,1.02222,-20.008
78653,1.02806,-19.0489
78654,1.0248,-19.0463
78655,1.02114,-19.0075
78656,1.01987,-18.9437
78657,1.02305,-18.6325
78658,1.02102,-19.3401
78659,1.03456,-17.1884
78660,1.02466,-16.9215
78661,1.02374,-17.9479
78662,1.04415,-17.9984
78663,1.04912,-19.4444
78664,1.04849,-19.6719
78665,1.04843,-19.3865
78666,1.04617,-19.0286
78667,1.04641,-19.5496
78668,1.04617,-18.966
78669,1.04626,-18.2392
78670,1.04773,-19.1962
78671,1.04465,-19.0528
78672,1.04542,-17.2505
78673,1.04428,-17.0027
78674,1.04321,-16.5951
78675,1.03928,-20.0056
78676,1.04632,-18.6688
78677,1.04624,-18.0049
78678,1.04427,-19.0818
78679,1.04694,-18.9387
78680,1.04564,-18.8791
78681,1.04561,-18.8819
78682,1.0454,-18.9008
78683,1.04561,-18.8847
78684,1.04303,-18.185
78685,1.04992,-19.9528
78686,1.04326,-18.6297
78687,1.04495,-18.7091
78688,1.04273,-17.9114
78689,1.04249,-17.7034
78690,1.04362,-18.2408
78691,1.04489,-18.0871
78692,1.04503,-18.3951
78693,1.04519,-18.3016
78694,1.04392,-17.1582
78695,1.04364,-17.1483
78696,1.05189,-18.8326
78697,1.04983,-19.063
78698,1.0432,-18.9646
78699,1.04745,-17.9933
78700,1.04712,-18.6755
78701,1.04454,-18.9477
78702,1.05781,-18.3317
78703,1.05882,-19.0244
78704,1.0447,-18.3961
78705,1.04261,-18.0936
78706,1.04632,-18.7712
78707,1.04331,-17.2724
78708,1.04257,-17.7377
78709,1.04554,-18.8931
78710,1.04442,-18.0933
78711,1.04716,-19.1539
78712,1.04679,-18.144
78713,1.07149,3.88366
78714,1.05367,3.26567
78715,1.066,4.83562
78716,1.04324,-17.1045
78717,1.03969,-15.2669
78718,1.04014,-15.6863
78719,1.03978,-15.647
78720,1.04105,-14.8588
78721,1.03886,-14.5591
78722,1.04038,-14.0697
78723,1.03913,-14.2406
78724,1.03833,-14.4022
78725,1.04132,-13.8361
78726,1.04036,-14.1982
78727,1.0406,-15.0112
78728,1.03587,-14.077
78729,1.06021,-2.58446
78730,1.07396,0.0317045
78731,1.08388,0.711442
78732,1.08238,0.415809
78733,1.05203,-18.2102
78734,1.05207,-18.6039
78735,1.05229,-18.8431
78736,1.05637,-19.2219
78737,1.05131,-19.1889
78738,1.05032,-19.2905
78739,1.04938,-19.1076
78740,1.04977,-19.1591
78741,1.05113,-19.0758
78742,1.04578,-19.6934
78743,1.04601,-19.3995
78744,1.04644,-19.4334
78745,1.04598,-19.4166
78746,1.04614,-19.3856
78747,1.04592,-19.3289
78748,1.04706,-19.2305
78749,1.04743,-19.2073
78750,1.04408,-19.348
78751,1.04466,-19.0712
78752,1.0496,-18.9191
78753,1.0437,-19.21
78754,1.04707,-18.8413
78755,1.04765,-18.5655
78756,1.04852,-18.5555
78757,1.04825,-18.6319
78758,1.04822,-17.9971
78759,1.04771,-18.5184
78760,1.04923,-18.0665
78761,1.04959,-17.6985
78762,1.04847,-19.071
78763,1.04865,-18.9106
78764,1.05131,-18.6556
78765,1.05141,-18.4467
78766,1.05205,-17.6833
78767,1.04956,-18.496
78768,1.05105,-17.9721
78769,1.05138,-18.0981
78770,1.05258,-18.0834
78771,1.05257,-18.0458
78772,1.05147,-18.3044
78773,1.04993,-18.3052
78774,1.05244,-18.1874
78775,1.04981,-18.3323
78776,1.04868,-18.5375
78777,1.0514,-17.908
78778,1.05237,-17.574
78779,1.05176,-17.0507
78780,1.05192,-16.8567
78781,1.05042,-16.9752
78782,1.0502,-16.5256
78783,1.05191,-16.6002
78784,1.05173,-16.5307
78785,1.05157,-16.8125
78786,1.05195,-16.6865
78787,1.05224,-16.0892
78788,1.05322,-15.7673
78789,1.05937,-14.3523
78790,1.05498,-15.0205
78791,1.05435,-15.5193
78792,1.05305,-15.5203
78793,1.05164,-16.0174
78794,1.04914,-16.3752
78795,1.05007,-17.8067
78796,1.05116,-17.7827
78797,1.05184,-16.6857
78798,1.05233,-15.9312
78799,1.05202,-16.2251
78800,1.05162,-16.5572
78801,1.05439,-15.3493
78802,1.05363,-15.3158
78803,1.05114,-16.6651
78804,1.05167,-16.7491
78805,1.05219,-17.0378
78806,1.0516,-17.255
78807,1.04586,-17.203
78808,1.04738,-18.2238
78809,1.04808,-15.5485
78810,1.0519,-16.8932
78811,1.05009,-16.8107
78812,1.04622,-17.0643
78813,1.04775,-16.6305
78814,1.04815,-16.4724
78815,1.04924,-16.5161
78816,1.04847,-16.706
78817,1.04966,-16.5476
78818,1.05236,-18.8011
78819,1.05053,-19.2446
78820,1.05755,-17.9672
78821,1.05159,-19.0464
78822,1.06355,-2.51838
78823,1.07016,-1.67485
78824,1.07352,-0.280679
78825,1.0833,3.7565
78826,1.08173,3.5773
78827,1.07155,7.52612
78828,1.08431,7.54415
78829,1.07772,5.15444
78830,1.07606,6.36094
78831,1.07146,7.33177
78832,1.07688,7.24212
78833,1.09794,5.38167
78834,1.07903,4.60343
78835,1.04289,-11.9618
78836,1.05326,-11.5043
78837,1.08269,6.29923
78838,1.08087,6.27332
78839,1.08582,6.07205
78840,1.0886,6.78265
78841,1.08764,6.48949
78842,1.08125,6.15832
78843,1.08132,-1.23572
78844,1.08444,0.713593
78845,1.08422,2.09268
78846,1.08844,2.1981
78847,1.08783,-1.43157
78848,1.08331,3.32314
78849,1.07531,1.76836
78850,1.07724,2.4563
78851,1.03323,-8.60264
78852,1.0294,-6.56387
78853,1.0316,-8.72184
78854,1.02814,-5.89766
78855,1.02859,-6.34037
78856,1.03112,-7.38966
78857,1.03123,-7.77218
78858,1.03123,-7.78692
78859,1.03207,-6.4349
78860,1.0897,5.01022
78861,1.0522,-9.69714
78862,1.05669,-10.1541
78863,1.07318,-12.1617
78864,1.04247,-13.44
78865,1.04,-13.8619
78866,1.03883,-13.6708
78867,1.04067,-12.984
78868,1.04798,-12.651
78869,1.04108,-12.5124
78870,1.08303,5.34669
78871,1.07796,4.66861
78872,1.08553,4.90107
78873,1.08418,4.96483
78874,1.08048,5.17874
78875,1.07939,5.35641
78876,1.07251,7.79128
78877,1.08323,3.12167
78878,1.07943,4.479
78879,1.08052,4.64498
78880,1.07926,3.6753
78881,1.07788,3.64803
78882,1.07942,3.7859
78883,1.08451,3.6274
78884,1.08207,4.03938
78885,1.08224,3.60249
78886,1.05853,-19.9694
78887,1.06544,-20.6863
78888,1.06853,-18.3517
78889,1.07604,8.45919
78890,1.07898,9.47211
78891,1.07856,8.16819
78892,1.07943,7.04146
78893,1.04463,-18.5971
78894,1.04502,-18.3386
78895,1.0446,-18.729
78896,1.04333,-18.6726
78897,1.04474,-17.7207
78898,1.04491,-18.6716
78899,1.04473,-18.6708
78900,1.04496,-18.6506
78901,1.04515,-18.941
78902,1.04727,-19.1105
78903,1.04378,-19.004
78904,1.04564,-18.9776
78905,1.04844,-18.7568
78906,1.04274,-18.252
78907,1.04239,-16.1505
78908,1.05206,-18.9677
78909,1.04813,-18.7624
78910,1.04738,-18.6506
78911,1.04769,-18.5044
78912,1.04768,-18.1028
78913,1.0451,-17.4364
78914,1.04442,-17.502
78915,1.04488,-17.5891
78916,1.04422,-17.2842
78917,1.04318,-17.1797
78918,1.04449,-17.1443
78919,1.04425,-17.1151
78920,1.04347,-14.2293
78921,1.04039,-16.3467
78922,1.04557,-16.6766
78923,1.04563,-16.6883
78924,1.04392,-17.7023
78925,1.04424,-18.7513
78926,1.04806,-15.8733
78927,1.04498,-16.7978
78928,1.04692,-18.5171
78929,1.02881,-16.8212
78930,1.03649,-13.4155
78931,1.03333,-13.9092
78932,1.03487,-14.8308
78933,1.035,-15.3131
78934,1.037,-15.8862
78935,1.03799,-15.1976
78936,1.03894,-15.2004
78937,1.03716,-14.7746
78938,1.03713,-14.6224
78939,1.03803,-14.5937
78940,1.03908,-15.2275
78941,1.04593,-15.0702
78942,1.04307,-13.7496
78943,1.04533,-15.5106
78944,1.04196,-14.5462
78945,1.06732,-7.39343
78946,1.06622,-7.4934
78947,1.06866,-7.14425
78948,1.06827,-7.27365
78949,1.07091,-6.73831
78950,1.07531,-5.96025
78951,1.08745,-3.56881
78952,1.07515,-5.25491
78953,1.08399,-16.4377
78954,1.08488,-16.7992
78955,1.08595,-16.9271
78956,1.0846,-16.7256
78957,1.08636,-17.2282
78958,1.08763,-17.0474
78959,1.06497,-20.6614
78960,1.07126,-20.4749
78961,1.07766,-19.6934
78962,1.07117,-20.3529
78963,1.09348,-17.8666
78964,1.08753,-18.2312
78965,1.09324,-18.4251
78966,1.08406,-19.4481
78967,1.07976,-19.3536
78968,1.08124,-19.5412
78969,1.07938,-19.4815
78970,1.09239,-17.8302
78971,1.09371,-17.3964
78972,1.09164,-17.9604
78973,1.09325,-17.6392
78974,1.09081,-18.1589
78975,1.0907,-18.2207
78976,1.09031,-18.3172
78977,1.08967,-18.3711
78978,1.08616,-18.7194
78979,1.08724,-18.9013
78980,1.07671,-19.7818
78981,1.07518,-20.3531
78982,1.07699,-20.165
78983,1.08179,-19.568
78984,1.0794,-19.8551
78985,1.07369,-20.4547
78986,1.06481,-21.014
78987,1.06636,-21.2386
78988,1.06865,-20.9153
78989,1.06264,-20.8407
78990,1.0643,-20.7955
78991,1.07904,-18.9746
78992,1.07367,-20.466
78993,1.03573,-13.673
78994,1.03579,-13.3474
78995,1.02915,-14.3161
78996,1.02479,-13.7
78997,1.02708,-14.1227
78998,1.03264,-11.3613
78999,1.03045,-9.43183
79000,1.02814,-12.5384
79001,1.02566,-12.6734
79002,1.02783,-13.776
79003,1.02786,-12.1398
79004,1.02934,-5.96731
79005,1.03778,-9.71491
79006,1.08572,2.43456
79007,1.05143,-14.7141
79008,1.03036,-13.6919
79009,1.02968,-13.4375
79010,1.03391,-5.04315
79011,1.03693,-6.58832
79012,1.03765,-7.7743
79013,1.04102,-6.67402
79014,1.03894,-6.23169
79015,1.04534,-5.56611
79016,1.04695,-5.78313
79017,1.0441,-6.49313
79018,1.03801,-9.0458
79019,1.04312,-9.10874
79020,1.06347,-0.922755
79021,1.0799,1.62897
79022,1.07878,1.08393
79023,1.08094,1.58055
79024,1.0804,1.59523
79025,1.07753,-7.18301
79026,1.07874,-6.628
79027,1.07736,-6.7628
79028,1.08001,-5.98913
79029,1.07795,-6.57934
79030,1.07926,-2.67958
79031,1.0586,-18.9959
79032,1.05102,-18.7747
79033,1.05425,-18.5851
79034,1.05368,-20.2519
79035,1.0571,-21.0921
79036,1.06091,-20.9995
79037,1.05525,-20.4505
79038,1.05127,-20.0156
79039,1.04654,-17.4606
79040,1.05073,-18.8268
79041,1.04956,-19.0646
79042,1.04981,-18.3357
79043,1.04897,-19.1042
79044,1.04809,-19.1181
79045,1.05036,-19.548
79046,1.05593,-20.0192
79047,1.04469,-16.7557
79048,1.04825,-18.0758
79049,1.04867,-18.494
79050,1.03487,-4.86485
79051,1.03338,-4.99099
79052,1.03478,-4.87924
79053,1.03601,-4.72334
79054,1.03498,-4.82765
79055,1.03577,-4.64487
79056,1.03392,-4.89333
79057,1.03384,-4.90293
79058,1.03386,-4.87014
79059,1.03387,-4.88249
79060,1.03309,-5.03849
79061,1.04015,-4.40254
79062,1.04353,-3.94198
79063,1.03847,-6.52879
79064,1.03437,-4.81789
79065,1.04736,-2.96044
79066,1.07613,2.38579
79067,1.07605,2.36406
79068,1.07685,2.37031
79069,1.07595,2.3483
79070,1.07402,2.13824
79071,1.07626,2.33807
79072,1.07623,2.34924
79073,1.07699,2.43042
79074,1.07703,2.42028
79075,1.07731,2.1777
79076,1.07638,2.22621
79077,1.07629,2.19261
79078,1.07091,3.17428
79079,1.07541,2.59446
79080,1.07374,2.10831
79081,1.078,3.05763
79082,1.08187,4.18562
79083,1.08634,2.0114
79084,1.07287,1.75755
79085,1.07786,2.54118
79086,1.07647,2.43823
79087,1.07576,2.34235
79088,1.09267,4.2865
79089,1.08671,3.77221
79090,1.08344,4.24389
79091,1.08328,5.68278
79092,1.08187,5.58144
79093,1.0813,5.06552
79094,1.08105,3.21821
79095,1.08353,2.80655
79096,1.08054,3.48448
79097,1.0829,3.53708
79098,1.0802,4.62566
79099,1.08298,5.2509
79100,1.08345,5.18874
79101,1.08385,5.44161
79102,1.08876,5.72366
79103,1.08409,5.50506
79104,1.08243,5.31904
79105,1.08,4.24588
79106,1.08307,5.50811
79107,1.08457,5.6466
79108,1.08581,5.6177
79109,1.08495,4.54772
79110,1.0847,4.65805
79111,1.08231,5.48333
79112,1.07821,4.14661
79113,1.07473,3.64967
79114,1.08035,4.16665
79115,1.08121,4.14397
79116,1.07964,4.00019
79117,1.08263,4.1654
79118,1.07742,3.99206
79119,1.07937,3.17502
79120,1.08762,3.78457
79121,1.08242,1.60127
79122,1.08812,2.18179
79123,1.08632,2.77129
79124,1.08416,2.58611
79125,1.08364,2.49522
79126,1.08327,2.46769
79127,1.03981,-7.38853
79128,1.04273,-7.11743
79129,1.04497,-7.12535
79130,1.08296,2.95636
79131,1.08756,3.38156
79132,1.08252,3.26632
79133,1.08152,3.05992
79134,1.08102,7.07568
79135,1.0698,9.8325
79136,1.08133,3.20005
79137,1.08001,2.24801
79138,1.07148,-7.9228
79139,1.07925,4.93119
79140,1.079,6.3778
79141,1.07691,6.48601
79142,1.07956,5.59468
79143,1.07559,6.77296
79144,1.07691,0.335077
79145,1.07678,1.72393
79146,1.07657,1.78647
79147,1.07708,1.81385
79148,1.07869,2.35201
79149,1.07482,3.81419
79150,1.07561,4.15654
79151,1.04088,-13.1422
79152,1.03496,-12.0039
79153,1.03742,-11.1021
79154,1.03733,-12.2953
79155,1.0338,-12.5424
79156,1.0333,-12.8635
79157,1.03142,-9.75525
79158,1.06953,-0.291399
79159,1.06981,-0.319376
79160,1.06977,0.347442
79161,1.07214,-0.285772
79162,1.06875,-0.677691
79163,1.06919,-0.53963
79164,1.0702,-0.428647
79165,1.0687,-1.02152
79166,1.06717,-1.2465
79167,1.06801,-1.16229
79168,1.06862,-0.814422
79169,1.06861,-0.759005
79170,1.06835,-1.04291
79171,1.06789,-1.16077
79172,1.06792,-0.833236
79173,1.06672,-1.02257
79174,1.06782,-0.987236
79175,1.06798,-1.32716
79176,1.06648,-1.06061
79177,1.0682,-0.889616
79178,1.06823,-0.811088
79179,1.06948,-1.57854
79180,1.06326,-2.85698
79181,1.06235,-2.65309
79182,1.05226,-4.58746
79183,1.07313,-5.31198
79184,1.07197,-0.903105
79185,1.0668,2.16073
79186,1.06729,1.13645
79187,1.07169,-0.12368
79188,1.07025,-0.264927
79189,1.08879,8.19293
79190,1.06336,-3.46674
79191,1.07277,-0.666157
79192,1.08226,-2.70286
79193,1.08428,-4.35272
79194,1.08273,-2.00574
79195,1.08083,-0.188951
79196,1.0862,6.1444
79197,1.03763,-10.1853
79198,1.0809,6.92987
79199,1.07812,6.5744
79200,1.07171,5.86059
79201,1.07271,5.88469
79202,1.07532,5.2631
79203,1.07881,-11.2906
79204,1.06987,-11.6506
79205,1.07468,-11.3045
79206,1.07423,-11.2674
79207,1.07152,-11.1351
79208,1.07273,-11.1289
79209,1.07043,-10.9223
79210,1.0714,-11.4525
79211,1.07801,-10.3879
79212,1.07383,-11.1577
79213,1.08085,3.00809
79214,1.08225,3.61091
79215,1.08238,3.92436
79216,1.08203,4.33469
79217,1.08214,4.69016
79218,1.08176,4.54965
79219,1.08288,4.93217
79220,1.08143,3.45668
79221,1.08524,2.97241
79222,1.08009,3.81001
79223,1.08215,3.2937
79224,1.08227,4.74901
79225,1.08473,5.35186
79226,1.08215,4.93778
79227,1.08184,4.68497
79228,1.08313,4.92928
79229,1.08372,4.10166
79230,1.08333,4.45414
79231,1.08544,6.25748
79232,1.09228,5.75199
79233,1.08405,5.14019
79234,1.07991,6.14129
79235,1.08194,7.31122
79236,1.08198,5.99893
79237,1.08502,4.66849
79238,1.08835,4.96351
79239,1.08529,5.06213
79240,1.0848,4.67767
79241,1.0798,3.00216
79242,1.08059,3.15106
79243,1.07441,5.9235
79244,1.08549,5.33807
79245,1.09068,5.88697
79246,1.09041,5.85143
79247,1.08687,5.8512
79248,1.09224,6.46388
79249,1.08755,5.63566
79250,1.08741,5.95464
79251,1.08732,5.91704
79252,1.09367,6.74717
79253,1.09219,6.4618
79254,1.08835,6.11769
79255,1.09125,6.4126
79256,1.0894,6.0287
79257,1.08976,5.94148
79258,1.09153,5.82464
79259,1.09081,5.20248
79260,1.08271,4.42334
79261,1.08547,5.37988
79262,1.08709,5.91097
79263,1.09318,6.64095
79264,1.08783,3.98147
79265,1.08338,-4.80732
79266,1.08858,-4.00727
79267,1.07784,3.73914
79268,1.09027,5.9864
79269,1.08997,6.07275
79270,1.05353,-8.59597
79271,1.05136,-17.4019
79272,1.05008,-16.5969
79273,1.04837,-15.7503
79274,1.04772,-16.5285
79275,1.04892,-16.5266
79276,1.04698,-16.6258
79277,1.06825,-1.41634
79278,1.06879,-0.458211
79279,1.06774,0.335355
79280,1.07295,2.57784
79281,1.07339,2.5105
79282,1.07176,2.00878
79283,1.06411,-2.05028
79284,1.06707,-1.31515
79285,1.06607,-1.70165
79286,1.05594,-2.72507
79287,1.0689,0.441235
79288,1.06684,1.50234
79289,1.06386,-2.37826
79290,1.06374,-2.16872
79291,1.06222,-2.36066
79292,1.0645,-1.93792
79293,1.07532,5.00543
79294,1.05217,-3.20225
79295,1.04995,-3.56662
79296,1.05181,-3.30458
79297,1.04382,-11.983
79298,1.05009,-5.31314
79299,1.0537,-3.66775
79300,1.05342,-4.37285
79301,1.05695,-3.50215
79302,1.0584,-3.28549
79304,1.08368,2.91657
79305,1.06117,-9.39895
79306,1.06472,-8.65377
79307,1.06414,-8.70612
79308,1.08114,6.30219
79309,1.08014,4.52576
79310,1.08149,4.90459
79311,1.08168,4.68882
79312,1.07203,-12.7017
79313,1.06065,-14.5491
79314,1.05814,-10.8133
79315,1.05302,-12.6591
79316,1.03512,-14.6118
79317,1.05191,-15.1116
79318,1.05193,-15.0574
79319,1.05003,-14.7702
79320,1.06141,-12.7609
79321,1.05814,-13.2504
79322,1.06212,-12.7782
79323,1.06216,-12.7581
79324,1.06152,-13.2036
79325,1.06012,-13.5091
79326,1.05212,-15.2675
79327,1.05511,-14.0357
79328,1.06213,-14.8964
79329,1.06572,-11.4517
79330,1.05891,-12.012
79331,1.05033,-15.0849
79332,1.04688,-14.2123
79333,1.04663,-14.7744
79334,1.0472,-15.5587
79335,1.04598,-14.5864
79336,1.04177,-12.7117
79337,1.05183,-12.0615
79338,1.04815,-12.015
79339,1.04505,-12.1187
79340,1.04186,-11.0976
79341,1.04219,-11.6081
79342,1.04387,-11.1298
79343,1.04327,-11.1151
79344,1.04191,-11.8221
79345,1.04909,-12.2479
79346,1.06475,-11.475
79347,1.05242,-12.4335
79348,1.05248,-12.1903
79349,1.05384,-12.0728
79350,1.05268,-12.0889
79351,1.04535,-11.4625
79352,1.04943,-14.9526
79353,1.05043,-12.8365
79354,1.0479,-15.2427
79355,1.04825,-14.902
79356,1.04085,-13.2863
79357,1.03889,-12.8026
79358,1.03838,-12.3133
79359,1.03855,-12.637
79360,1.03977,-13.3886
79361,1.04416,-11.4432
79362,1.04586,-11.3712
79363,1.04204,-10.9709
79364,1.04193,-10.9928
79365,1.04199,-10.9112
79366,1.04344,-11.2875
79367,1.04057,-10.4491
79368,1.04127,-10.5585
79369,1.04055,-10.4409
79370,1.04175,-10.8777
79371,1.04188,-10.8686
79372,1.04211,-11.0319
79373,1.04034,-10.2966
79374,1.04121,-10.6858
79375,1.03706,-10.0423
79376,1.04106,-11.0922
79378,1.03464,-9.16662
79379,1.03534,-10.1498
79380,1.042,-11.0393
79381,1.04195,-11.0603
79382,1.04175,-11.0655
79383,1.04181,-11.0397
79384,1.03619,-11.0413
79385,1.03633,-8.76367
79386,1.03551,-8.79632
79387,1.04109,-10.5664
79388,1.0417,-11.0259
79389,1.03925,-11.1128
79390,1.03512,-8.26031
79391,1.03452,-8.30655
79392,1.03193,-7.55886
79393,1.0318,-7.34533
79394,1.03624,-10.7998
79395,1.02522,-5.20003
79397,1.03654,-12.6664
79398,1.03409,-12.2082
79399,1.03741,-16.3194
79400,1.03426,-15.2538
79401,1.03639,-14.8218
79402,1.03748,-15.6901
79403,1.01654,-17.3359
79404,1.02022,-17.8225
79405,1.02036,-17.1784
79406,1.01833,-18.9259
79407,1.03243,-15.4474
79409,1.02944,-10.8773
79410,1.05292,-12.4241
79411,1.04865,-11.636
79412,1.027,-6.68776
79413,1.07854,6.65884
79414,1.07831,6.01992
79415,1.07798,6.7145
79416,1.07204,8.55537
79417,1.0776,8.20568
79418,1.07717,7.66458
79419,1.07581,8.03766
79420,1.07438,8.47047
79421,1.0695,7.53223
79422,1.03885,-16.6959
79423,1.03882,-16.5458
79424,1.03985,-15.2594
79425,1.03815,-15.4078
79426,1.03822,-16.2105
79427,1.03995,-15.184
79428,1.03924,-15.2994
79429,1.03951,-15.2108
79430,1.03916,-15.0365
79431,1.03545,-12.1782
79432,1.04101,-14.1789
79433,1.03999,-14.8767
79434,1.04203,-14.4368
79436,1.03827,-15.8941
79437,1.03846,-15.9703
79438,1.03845,-15.9699
79439,1.03855,-16.091
79440,1.03824,-14.9596
79441,1.03808,-15.1516
79442,1.03275,-10.8105
79443,1.03611,-16.399
79444,1.03863,-16.9806
79445,1.0377,-16.905
79446,1.04479,-14.8336
79447,1.04235,-15.6443
79448,1.03727,-16.4928
79449,1.03635,-15.509
79450,1.03493,-12.0081
79451,1.03636,-13.091
79453,1.04885,-5.86622
79454,1.05408,-6.117
79455,1.05418,-3.91328
79456,1.06033,-3.8681
79457,1.01113,-23.233
79458,1.00819,-23.1075
79459,1.01833,-20.4231
79460,1.073,-24.4841
79461,1.09449,-12.5035
79462,1.06883,-20.9936
79463,1.07865,-17.8918
79464,1.06654,-15.5513
79465,1.05483,-16.9823
79466,1.07117,-23.8496
79467,1.07341,-23.8741
79468,1.07032,-23.8891
79469,1.07402,-23.8321
79470,1.07306,-22.7139
79471,1.07391,-23.7232
79472,1.07883,-15.3606
79473,1.07287,-21.2671
79474,1.07588,-14.5088
79475,1.07205,-22.1001
79476,1.07559,-24.0766
79477,1.06474,-23.4295
79478,1.06763,-24.0033
79479,1.0601,-24.1044
79480,1.03164,-25.1758
79481,1.02909,-25.353
79482,1.07009,-24.0372
79483,1.05234,-22.9572
79484,1.06242,-21.1212
79485,1.06676,-20.893
79486,1.06729,-19.6462
79487,1.04322,-22.1725
79488,1.04428,-20.8404
79489,1.04172,-22.8374
79490,1.03035,-21.7871
79491,1.03327,-20.408
79492,1.03072,-20.9789
79493,1.02998,-21.4509
79494,1.01973,-21.9901
79495,1.02433,-20.9198
79496,1.06699,-10.5705
79497,1.07234,-21.0662
79498,1.07578,-19.6461
79499,1.07241,-21.2973
79500,1.05439,-21.7336
79502,1.04452,-20.3838
79503,1.05483,-18.8605
79504,1.05465,-22.9239
79505,1.04704,-23.7379
79506,1.05369,-24.6484
79507,1.05871,-24.2552
79508,1.04342,-23.8067
79509,1.04669,-24.3818
79510,1.04679,-24.2233
79511,1.04572,-23.2987
79512,1.07863,-23.8492
79513,1.09221,-23.8637
79514,1.06185,-14.2086
79515,1.07021,-12.8499
79516,1.06636,-13.2998
79517,1.062,-14.1167
79518,1.07282,-7.73861
79519,1.08331,-9.78012
79520,1.08617,-9.685
79521,1.08639,-9.73225
79522,1.06952,-13.6957
79523,1.05287,-19.732
79524,1.04059,-20.2919
79525,1.03488,-25.2456
79526,1.03458,-25.244
79527,1.04255,-23.9738
79528,1.0501,-23.6079
79529,1.05124,-23.7879
79530,1.05077,-23.914
79531,1.04452,-24.0119
79532,1.07724,-18.6312
79533,1.06007,-10.5096
79534,1.04273,-10.2149
79535,1.06185,-17.0843
79536,1.05291,-24.3264
79537,1.056,-22.2632
79538,1.07683,-22.8223
79539,1.07533,-23.0771
79540,1.08638,-23.0849
79541,1.07429,-23.226
79542,1.06922,-21.233
79543,1.06481,-20.6726
79544,1.06432,-20.9673
79545,1.04469,-27.1018
79546,1.05862,-26.2453
79547,1.05886,-22.2025
79548,1.06036,-22.3038
79549,1.06221,-21.6512
79550,1.06287,-21.3759
79551,1.06061,-21.1608
79552,1.059,-19.4656
79553,1.06125,-18.6357
79554,1.03631,-17.5292
79555,1.02832,-25.1584
79556,1.02669,-23.0299
79557,1.05508,-24.2681
79558,1.02624,-23.7277
79559,1.056,-19.4
79560,1.0516,-21.0485
79561,1.06887,-18.7317
79562,1.06935,-19.2562
79563,1.06804,-18.9033
79564,1.0604,-21.3828
79565,1.04651,-23.3824
79566,1.04724,-23.5492
79567,1.06292,-15.5715
79568,1.06402,-15.3513
79569,1.05374,-26.2573
79570,1.05223,-20.6208
79571,1.06286,-17.9843
79572,1.05356,-17.7266
79573,1.06639,-14.7289
79574,1.03487,-22.3658
79575,1.08662,-16.8801
79576,1.07474,-15.5174
79577,1.08305,-13.6622
79578,1.09558,-12.9011
79579,1.08689,-11.8947
79580,1.09154,-10.8939
79581,1.08184,-14.7228
79582,1.05206,-14.6679
79583,1.0509,-23.5967
79584,1.04539,-23.2796
79585,1.04585,-23.2787
79586,1.05082,-11.0885
79587,1.04682,-10.6096
79588,1.04485,-9.60477
79589,1.07504,-14.7519
79590,1.08121,-13.5274
79591,1.07436,-14.4787
79592,1.07548,-14.2416
79593,1.07441,-14.0705
79594,1.07551,-13.9936
79595,1.07188,-14.4746
79596,1.07266,-14.4508
79597,1.07095,-14.4994
79598,1.07012,-14.5149
79599,1.06953,-14.6157
79600,1.07108,-14.5709
79601,1.07692,-14.2051
79602,1.07903,-17.2991
79603,1.08404,-13.3242
79604,1.07517,-10.0947
79605,1.0612,-23.7634
79606,1.06056,-22.5191
79607,1.05213,-21.0323
79608,1.04573,-21.8977
79609,1.03711,-24.95
79610,1.08475,-25.2845
79611,1.02478,-24.0069
79612,1.025,-23.9965
79613,1.06059,-14.7446
79614,1.06456,-14.1431
79615,1.06263,-17.0875
79616,1.06719,-15.2464
79617,1.06522,-15.7494
79618,1.05449,-21.8187
79619,1.0435,-17.0369
79620,1.04662,-17.1294
79621,1.06951,-9.58146
79622,1.06764,-7.32317
79623,1.07501,-4.34014
79624,1.07369,-5.64825
79625,1.07255,-6.84502
79626,1.06979,-4.60393
79627,1.0691,-5.54134
79628,1.0469,-22.9954
79629,1.05359,-20.6857
79630,1.05593,-20.7555
79631,1.06698,-19.1059
79632,1.06624,-20.1434
79633,1.0642,-20.1351
79634,1.0249,-19.5124
79635,1.04386,-25.8762
79636,1.04824,-25.8518
79637,1.04993,-25.0777
79638,1.06744,-16.0362
79639,1.06593,-15.6284
79640,1.06448,-17.3573
79641,1.06516,-16.574
79642,1.0627,-16.214
79643,1.04245,-22.7813
79644,1.06316,-19.9909
79645,1.06257,-20.7071
79646,1.06631,-20.8354
79647,1.06255,-20.7834
79648,1.06228,-20.8768
79649,1.06101,-21.7655
79650,1.05753,-21.9538
79651,1.06263,-20.7243
79652,1.06239,-21.0799
79653,1.05935,-21.943
79654,1.06584,-20.3715
79655,1.05968,-21.5238
79656,1.06154,-21.1576
79657,1.06089,-21.7645
79658,1.06164,-21.2491
79659,1.05474,-22.0186
79660,1.05942,-21.6921
79661,1.06105,-21.4422
79662,1.06459,-20.953
79663,1.05486,-23.2141
79664,1.06495,-16.891
79665,1.07081,-20.0753
79666,1.06865,-20.7422
79667,1.06376,-21.1781
79668,1.05829,-21.8599
79669,1.06013,-21.3452
79670,1.06607,-20.3301
79671,1.05305,-23.1899
79672,1.05371,-22.8754
79673,1.05377,-23.3715
79674,1.05994,-23.8756
79675,1.05842,-22.268
79676,1.0669,-14.1718
79677,1.05973,-14.5168
79678,1.06571,-13.3651
79679,1.0684,-12.7599
79680,1.06406,-13.2919
79681,1.07206,-13.0636
79682,1.07795,-12.9508
79683,1.07277,-13.1086
79684,1.0787,-12.58
79685,1.04853,-19.8049
79686,1.04204,-20.9309
79687,1.08072,-9.54798
79688,1.07199,-11.0842
79689,1.07236,-10.9134
79690,1.07123,-11.0525
79691,1.07092,-10.9722
79692,1.07261,-10.8685
79693,1.07038,-10.8401
79694,1.06909,-11.1895
79695,1.0719,-11.0629
79696,1.07205,-11.0391
79697,1.07261,-11.056
79698,1.07344,-10.8461
79699,1.07294,-10.8982
79700,1.07295,-11.3624
79701,1.07269,-11.4624
79702,1.07246,-11.014
79703,1.0648,-18.4986
79704,1.06985,-18.4482
79705,1.0607,-19.5016
79706,1.06499,-17.2503
79707,1.06639,-16.7404
79708,1.0692,-17.3369
79709,1.06822,-17.4353
79710,1.06998,-18.1821
79711,1.06973,-18.6276
79712,1.04263,-25.1243
79713,1.03107,-25.8174
79714,1.03927,-25.2584
79715,1.03891,-23.8022
79716,1.02961,-23.0538
79717,1.03164,-22.7136
79718,1.0135,-21.7378
79719,1.01867,-24.5101
79720,1.02225,-24.0189
79721,1.07707,-18.7033
79722,1.06932,-18.2386
79723,1.06897,-18.5666
79724,1.07428,-13.4882
79725,1.06468,-20.3734
79726,1.05356,-26.1603
79727,1.03741,-25.6269
79728,1.03423,-24.5206
79729,1.03361,-25.5453
79730,1.06333,-22.463
79731,1.07025,-14.7404
79732,1.07002,-14.7408
79733,1.06897,-14.9199
79734,1.06789,-14.5191
79735,1.06854,-14.6535
79736,1.06882,-14.5763
79737,1.06917,-14.482
79738,1.06572,-15.1632
79739,1.07002,-13.7722
79740,1.06923,-22.0319
79741,1.07344,-21.3231
79742,1.0732,-21.1646
79743,1.05966,-19.0135
79744,1.06343,-18.2787
79745,1.04377,-32.2479
79746,1.04805,-29.6744
79747,1.04056,-33.8254
79748,1.06396,-35.7468
79749,1.04932,-36.0294
79750,1.05296,-35.1227
79751,1.05161,-35.3734
79752,1.05291,-35.0962
79753,1.0565,-35.71
79754,1.054,-34.8737
79755,1.05524,-34.7363
79756,1.06027,-34.326
79757,1.05727,-34.3826
79758,1.0606,-30.2757
79759,1.06765,-33.3564
79760,1.06322,-33.8703
79761,1.061,-33.7436
79762,1.05858,-33.8039
79763,1.05988,-33.5797
79764,1.05981,-33.7499
79765,1.05959,-33.5518
79766,1.05688,-32.4452
79767,1.0405,-32.0709
79768,1.04236,-31.9906
79769,1.05989,-35.3986
79770,1.0605,-33.8279
79771,1.05918,-35.0209
79772,1.02522,-43.3583
79773,1.06615,-27.2618
79774,1.06426,-27.0011
79775,1.06262,-26.8571
79776,1.05638,-33.4047
79777,1.06245,-27.3926
79778,1.06139,-28.0642
79779,1.06219,-27.4569
79780,1.04963,-35.4959
79781,1.04991,-35.6122
79782,1.05269,-36.7917
79783,1.036,-32.896
79784,1.05276,-35.3631
79785,1.03673,-31.2154
79786,1.05276,-33.0033
79787,1.04895,-34.6852
79788,1.03835,-32.8506
79789,1.04452,-35.4592
79790,1.01633,-42.8479
79791,1.04479,-34.7428
79792,1.04372,-34.614
79793,1.04711,-34.1004
79794,1.05794,-46.0533
79795,1.05695,-45.6553
79796,1.03595,-25.3819
79797,1.03005,-29.2532
79798,1.04362,-28.2049
79799,1.04918,-35.7615
79800,1.05229,-35.999
79801,1.06071,-31.745
79802,1.06171,-31.6358
79803,1.06196,-31.6148
79804,1.0617,-31.5756
79805,1.06381,-31.1432
79806,1.06516,-31.0577
79807,1.07111,-30.5489
79808,1.06688,-30.6532
79809,1.06361,-31.1253
79810,1.05869,-32.0769
79811,1.05914,-31.7766
79812,1.05528,-32.1971
79813,1.05644,-31.9767
79814,1.0565,-32.0448
79815,1.05382,-32.3454
79816,1.06475,-31.8791
79817,1.06149,-31.608
79818,1.06518,-31.5064
79819,1.0652,-30.153
79820,1.06918,-30.2707
79821,1.06735,-30.8646
79822,1.06239,-31.3663
79823,1.06512,-27.5341
79824,1.06804,-27.3074
79825,1.06687,-27.6451
79826,1.06585,-27.9906
79827,1.06776,-27.0318
79828,1.06591,-29.3495
79829,1.06334,-31.3397
79830,1.05938,-26.6514
79831,1.02322,-44.7895
79832,1.0614,-28.5631
79833,1.05373,-29.8648
79834,1.04799,-28.6848
79835,1.06221,-25.1868
79836,1.06611,-27.7109
79837,1.06419,-27.5826
79838,1.08144,-25.6726
79839,1.06615,-25.0954
79840,1.06675,-25.5102
79841,1.0658,-26.1842
79842,1.06898,-26.7908
79843,1.06863,-26.6512
79844,1.06883,-26.6757
79845,1.0692,-26.7055
79846,1.0646,-27.0942
79847,1.0654,-27.3613
79848,1.06895,-27.1042
79849,1.06425,-28.9866
79850,1.06194,-27.4544
79851,1.0606,-33.9836
79852,1.0583,-33.7538
79853,1.05712,-33.4435
79854,1.05734,-32.9096
79855,1.06351,-32.6305
79856,1.06476,-32.8619
79857,1.06216,-33.9128
79858,1.06002,-34.338
79859,1.05981,-34.229
79860,1.06091,-33.8058
79861,1.06093,-33.7686
79862,1.05618,-34.5177
79863,1.05571,-34.3659
79864,1.0577,-34.2279
79865,1.05987,-33.6931
79866,1.05944,-33.7173
79867,1.05977,-33.6417
79868,1.06046,-33.6593
79869,1.05751,-33.0166
79870,1.05888,-33.1517
79871,1.06372,-33.1077
79872,1.06009,-33.1329
79873,1.05652,-32.255
79874,1.05845,-32.6924
79875,1.05925,-32.2449
79876,1.05635,-32.193
79877,1.06029,-31.9925
79878,1.05924,-32.185
79879,1.05541,-32.729
79880,1.05707,-31.7084
79881,1.05766,-32.0804
79882,1.05755,-31.7321
79883,1.05786,-32.1178
79884,1.05691,-32.2199
79885,1.05811,-33.0763
79886,1.06009,-32.7747
79887,1.05904,-32.901
79888,1.05705,-33.0665
79889,1.05753,-32.8554
79890,1.05867,-33.3901
79891,1.05712,-33.1689
79892,1.05906,-33.4768
79893,1.05706,-33.7397
79894,1.06415,-33.0508
79895,1.05886,-33.9581
79896,1.05538,-34.9437
79897,1.05585,-34.8461
79898,1.05797,-34.4441
79899,1.05822,-34.2847
79900,1.05796,-34.3599
79901,1.06057,-34.4206
79902,1.05693,-34.8162
79903,1.06267,-33.9498
79904,1.06305,-33.8789
79905,1.05338,-34.9569
79906,1.05482,-34.8413
79907,1.0562,-34.7563
79908,1.05658,-34.9651
79909,1.0577,-34.5264
79910,1.05411,-35.2662
79911,1.05884,-33.5905
79912,1.05829,-33.6965
79913,1.05835,-33.6678
79914,1.05898,-33.6188
79915,1.059,-33.6716
79916,1.0606,-33.5434
79917,1.06368,-33.0978
79918,1.06266,-33.3551
79919,1.06628,-33.0836
79920,1.0703,-32.2997
79921,1.06638,-33.0162
79922,1.05918,-33.6978
79923,1.06598,-33.1634
79924,1.05982,-33.6655
79925,1.05593,-33.087
79926,1.06021,-33.2763
79927,1.05633,-32.952
79928,1.05704,-32.8503
79929,1.0561,-33.119
79930,1.05655,-33.3356
79931,1.05735,-33.2396
79932,1.07185,-31.905
79933,1.0623,-32.545
79934,1.06275,-33.302
79935,1.05923,-33.5333
79936,1.08662,-24.1318
79937,1.08778,-22.7982
79938,1.05482,-24.4725
79939,1.04364,-26.479
79940,1.06177,-25.1493
79941,1.06973,-23.7926
79942,1.06307,-23.5464
79943,1.04642,-25.5163
79944,1.05571,-20.1955
79945,1.05517,-20.5551
79946,1.05906,-20.9796
79947,1.05591,-21.805
79948,1.02904,-37.192
79949,1.03896,-41.9365
79950,1.04137,-42.8888
79951,1.04143,-43.4482
79952,1.0439,-43.1606
79953,1.04149,-43.3261
79954,1.04655,-42.6126
79955,1.05181,-29.5661
79956,1.05298,-30.1492
79957,1.05155,-30.76
79958,1.04547,-27.2127
79959,1.01913,-41.8027
79960,1.01688,-41.3266
79961,1.03975,-26.0084
79962,1.06111,-30.7995
79963,1.06648,-30.8827
79964,1.06866,-30.4535
79965,1.00221,-34.2774
79966,1.01192,-39.9575
79967,1.01271,-37.6311
79968,1.0137,-38.4807
79969,1.00441,-35.2167
79970,1.04226,-28.7535
79971,1.04338,-28.4509
79972,1.04168,-29.0627
79973,1.04163,-29.4366
79974,1.04118,-40.3674
79975,1.04452,-35.6416
79976,1.05107,-34.7773
79977,1.05803,-35.1024
79978,1.1,-33.6512
79979,1.08797,-33.8469
79980,1.06443,-34.8705
79981,1.05637,-24.9841
79982,1.06842,-24.897
79983,1.0316,-28.4397
79984,1.04963,-35.6034
79985,1.06148,-30.3418
79986,1.04178,-24.6918
79987,1.04309,-24.4119
79988,1.04961,-42.9181
79989,1.06736,-25.5457
79990,1.0678,-25.5739
79991,1.06577,-25.7729
79992,1.06533,-25.7041
79993,1.06587,-25.7204
79994,1.06574,-25.259
79995,1.06351,-25.3528
79996,1.06516,-26.0595
79997,1.06645,-26.0075
79998,1.06964,-25.4339
79999,1.06682,-25.8575
80000,1.06639,-26.2927
80001,1.06424,-25.6901
80002,1.06411,-25.1466
80003,1.06307,-25.2348
80004,1.03544,-49.0017
80005,1.03175,-43.6176
80006,1.03929,-49.0142
80007,1.04406,-49.246
80008,1.05227,-27.4608
80009,1.0506,-28.2815
80010,1.03889,-34.7667
80011,1.02129,-37.9338
80012,1.00003,-34.866
80013,0.998193,-33.8002
80014,1.00363,-32.5463
80015,1.0418,-34.8061
80016,1.04542,-36.581
80017,1.02269,-44.6041
80018,1.03155,-44.5273
80019,1.06308,-32.5967
80020,1.05777,-32.388
80021,1.05877,-32.2827
80022,1.05782,-32.2993
80023,1.05891,-32.8132
80024,1.05889,-32.5484
80025,1.05846,-32.4508
80026,1.05838,-32.3094
80027,1.05858,-32.2304
80028,1.05811,-32.2433
80029,1.05857,-32.6388
80030,1.05857,-32.4674
80031,1.05859,-32.1994
80032,1.0586,-32.1657
80033,1.05838,-32.139
80034,1.05834,-32.1579
80035,1.05828,-32.5984
80036,1.05871,-32.5024
80037,1.05874,-32.3767
80038,1.05871,-32.3276
80039,1.05863,-32.1296
80040,1.05854,-32.086
80041,1.05856,-32.4763
80042,1.05879,-32.185
80043,1.05919,-32.1458
80044,1.05925,-32.1221
80045,1.0611,-31.6214
80046,1.05945,-31.9306
80047,1.05939,-31.9552
80048,1.05646,-32.5419
80049,1.06199,-32.2493
80050,1.05846,-32.3281
80051,1.06379,-32.6111
80052,1.05715,-31.9954
80053,1.05951,-33.028
80054,1.05878,-31.2566
80055,1.05783,-30.4942
80056,1.05876,-31.1196
80057,1.06565,-32.0452
80058,1.06229,-32.2745
80059,1.06157,-30.6744
80060,1.05912,-31.9565
80061,1.06765,-33.0691
80062,1.06032,-32.755
80063,1.06065,-32.1294
80064,1.05866,-32.1175
80065,1.05874,-32.2786
80066,1.0566,-32.9028
80067,1.0615,-31.5986
80068,1.04119,-37.6023
80069,1.03514,-38.3469
80070,1.03746,-34.8921
80071,1.03305,-32.0705
80072,1.04635,-41.947
80073,1.06155,-31.0471
80074,1.06059,-31.307
80075,1.05967,-31.4445
80076,1.02643,-25.9484
80077,1.03409,-24.2391
80078,1.04925,-29.3922
80079,1.04573,-29.8864
80080,1.04704,-30.8649
80081,1.04629,-30.168
80082,1.04597,-30.1355
80083,1.04748,-30.101
80084,1.04777,-30.1424
80085,1.04818,-30.1459
80086,1.04837,-30.1529
80087,1.0448,-29.9537
80088,1.04618,-30.5512
80089,1.04722,-30.1247
80090,1.04153,-26.9027
80091,1.04519,-26.6602
80092,1.05675,-26.4108
80093,1.05286,-25.7648
80094,1.05498,-26.225
80095,1.06394,-26.2339
80096,1.05258,-26.9214
80097,1.05578,-25.9184
80098,1.05565,-27.5171
80099,1.05941,-28.245
80100,1.04917,-30.0883
80101,1.05566,-32.2219
80102,1.05801,-31.7685
80103,1.05453,-28.581
80104,1.05898,-30.4931
80105,1.05922,-30.965
80106,1.05587,-32.6384
80107,1.05796,-31.8187
80108,1.0579,-31.7477
80109,1.05987,-31.8824
80110,1.0629,-32.2131
80111,1.05998,-31.8488
80112,1.05882,-32.1315
80113,1.0545,-34.611
80114,1.06227,-34.1634
80115,1.07626,-32.9009
80116,1.06036,-32.8639
80117,1.06351,-33.0603
80118,1.05935,-35.1794
80119,1.0607,-35.278
80120,1.04683,-39.96
80121,1.04465,-36.1093
80122,1.06217,-36.22
80123,1.05952,-35.9238
80124,1.06225,-35.256
80125,1.05424,-37.2227
80126,1.07571,-26.4883
80127,1.07315,-27.016
80128,1.06465,-27.4583
80129,1.07167,-27.0782
80130,1.04266,-45.4205
80131,1.03943,-45.9875
80132,1.02492,-44.7427
80133,1.02648,-43.3014
80134,1.06642,-27.9036
80135,1.06813,-26.9964
80136,1.0627,-29.419
80137,1.06201,-28.7789
80138,1.04935,-34.2643
80139,1.05432,-32.2851
80140,1.05987,-31.8069
80141,1.06425,-31.6925
80142,1.06935,-30.4308
80143,1.07138,-30.1051
80144,1.06871,-30.5725
80145,1.06767,-31.0677
80146,1.07271,-29.9264
80147,1.06208,-31.9715
80148,1.0666,-30.5293
80149,1.06317,-31.5424
80150,1.06283,-31.191
80151,1.06203,-30.704
80152,1.06325,-30.6331
80153,1.06726,-29.4091
80154,1.06837,-29.1039
80155,1.06916,-29.7051
80156,1.06755,-29.8263
80157,1.0624,-27.4263
80158,1.06589,-28.468
80159,1.06733,-29.4375
80160,1.04659,-32.9711
80161,1.03769,-32.001
80162,1.07611,-27.2113
80163,1.07364,-27.3314
80164,1.07559,-26.5777
80165,1.0503,-32.6511
80166,1.05307,-32.9902
80167,1.05813,-32.9741
80168,1.05875,-33.9614
80169,1.05821,-34.0667
80170,1.05616,-33.6876
80171,1.05407,-33.8093
80172,1.05808,-34.994
80173,1.04688,-38.1638
80174,1.04876,-39.7365
80175,1.00688,-38.5126
80176,1.06762,-29.2187
80177,1.03678,-35.5139
80178,1.03642,-35.1702
80179,1.08197,-31.163
80180,1.07327,-15.5383
80181,1.06784,-16.1507
80182,1.0652,-16.5346
80183,1.06468,-16.554
80184,1.06685,-16.6099
80185,1.06855,-16.2601
80186,1.07566,-15.5512
80187,1.07065,-16.2468
80188,1.06887,-16.6129
80189,1.06862,-16.4057
80190,1.06855,-16.3352
80191,1.06426,-16.7938
80192,1.06664,-16.6367
80193,1.06074,-17.5198
80194,1.05584,-17.8632
80195,1.06583,-16.5217
80196,1.06946,-15.5925
80198,1.06514,-16.7857
80199,1.06387,-17.1054
80200,1.06339,-17.0221
80201,1.0665,-16.7869
80202,1.07587,-16.9236
80203,1.06918,-17.9664
80204,1.06369,-17.6087
80205,1.07381,-17.2924
80206,1.07299,-17.4374
80207,1.06567,-16.5952
80208,1.06488,-28.5266
80209,1.06509,-28.7801
80210,1.06376,-27.7611
80211,1.06907,-16.3016
80212,1.05856,-19.7449
80213,1.05781,-32.7701
80214,1.06035,-32.5169
80215,1.05419,-31.3743
80216,1.06288,-27.8412
80217,1.06931,-25.6461
80218,1.04818,-25.7608
80219,1.04014,-25.8767
80220,1.05705,-24.0651
80221,1.08796,-22.9891
80222,1.04882,-22.9613
80223,1.04816,-22.9017
80224,1.04869,-22.9614
80225,1.04617,-22.5758
80226,1.04914,-22.5061
80227,1.04819,-22.4009
80228,1.05083,-22.3289
80229,1.05067,-22.3588
80230,1.04997,-22.4604
80231,1.04736,-22.2631
80232,1.05888,-22.2208
80233,1.05907,-22.2583
80234,1.07481,-21.896
80235,1.06363,-22.2603
80236,1.05214,-18.2737
80237,1.05593,-19.4512
80238,1.05346,-20.7434
80239,1.0547,-18.9922
80240,1.055,-21.2855
80241,1.05336,-21.8473
80242,1.05188,-22.289
80243,1.04878,-22.658
80244,1.05019,-23.9233
80245,1.05741,-23.2878
80246,1.05365,-23.5918
80247,1.06453,-24.5989
80248,1.05206,-22.6082
80249,1.05171,-22.5037
80250,1.04396,-21.623
80251,1.04751,-22.1158
80252,1.04787,-22.6017
80253,1.05857,-23.8937
80254,1.04822,-22.9406
80255,1.05237,-21.641
80256,1.05481,-18.6582
80257,1.05641,-19.8059
80258,1.04843,-22.935
80259,1.05909,-21.5647
80260,1.07559,-15.9215
80261,1.07203,-19.4708
80262,1.05614,-26.9949
80263,1.05321,-28.6427
80264,1.05604,-29.3043
80265,1.05331,-29.3897
80266,1.08339,-34.676
80267,1.0591,-34.2419
80268,1.06175,-33.6745
80269,1.0685,-34.5648
80270,1.06437,-34.1437
80271,1.06822,-29.5791
80272,1.06322,-31.2134
80273,1.0569,-33.5023
80274,1.05652,-33.3759
80275,1.05718,-33.0882
80276,1.05888,-32.3671
80277,1.05417,-33.6357
80278,1.05702,-33.3302
80279,1.06351,-20.2738
80280,1.06041,-20.7732
80281,1.06019,-20.8549
80282,1.06164,-21.8637
80283,1.04107,-23.9516
80284,1.04609,-22.5033
80285,1.05311,-19.5262
80286,1.05123,-17.3637
80287,1.08275,-25.4893
80288,1.07169,-24.0732
80289,1.08704,-24.5667
80290,1.0788,-24.9553
80291,1.04435,-21.5913
80292,1.04848,-21.8118
80293,1.03892,-20.7197
80294,1.04561,-19.914
80295,1.04039,-19.0041
80296,1.0697,-26.0801
80297,1.06916,-27.4315
80298,1.07509,-25.3619
80299,1.07979,-14.9221
80300,1.07589,-18.3378
80301,1.06972,-16.4486
80302,1.07599,-15.2971
80303,1.0768,-15.1742
80304,1.05228,-26.366
80305,1.05938,-26.0145
80306,1.06621,-15.2273
80307,1.06747,-14.9328
80308,1.07003,-15.2106
80309,1.07074,-15.3176
80310,1.07017,-15.9795
80311,1.0701,-15.1931
80312,1.07468,-15.454
80313,1.07069,-16.0155
80314,1.07141,-16.1088
80315,1.08065,-16.084
80316,1.06906,-17.8179
80317,1.06298,-17.9007
80318,1.06651,-16.1203
80319,1.09363,-24.9413
80320,1.08614,-25.1361
80321,1.09763,-25.7888
80322,1.0732,-26.1083
80323,1.073,-25.59
80324,1.07347,-24.8724
80325,1.06595,-15.0574
80326,1.06195,-15.4684
80327,1.06701,-14.7882
80328,1.06542,-15.2722
80329,1.06529,-14.8528
80330,1.06921,-14.8519
80331,1.07283,-14.4383
80332,1.07225,-14.0642
80333,1.07873,-13.2491
80334,1.07302,-14.8558
80335,1.07582,-22.3754
80336,1.07697,-22.735
80337,1.08407,-20.2907
80338,1.08351,-20.4423
80339,1.07902,-22.0023
80340,1.0795,-21.442
80341,1.0805,-21.0525
80342,1.08554,-19.8584
80343,1.08359,-20.0948
80344,1.07867,-21.9458
80345,1.07963,-21.9295
80346,1.07476,-23.346
80347,1.07334,-23.7901
80348,1.07776,-21.948
80349,1.07168,-23.441
80350,1.06712,-24.3221
80351,1.0752,-21.9309
80352,1.07873,-24.0551
80353,1.0712,-19.3116
80354,1.05813,-16.0649
80355,1.06984,-19.0383
80356,1.07356,-14.7805
80357,1.07172,-15.183
80358,1.0688,-12.9997
80359,1.07467,-14.6517
80360,1.07335,-15.3266
80361,1.07351,-15.3202
80362,1.07407,-15.4803
80363,1.07056,-15.6567
80364,1.07301,-16.1615
80365,1.07095,-15.5329
80366,1.07171,-15.5136
80367,1.07432,-15.0725
80368,1.07104,-15.5318
80369,1.0704,-15.6091
80370,1.07062,-15.6618
80371,1.07313,-15.7
80372,1.06926,-15.8101
80373,1.06556,-15.8007
80374,1.06989,-15.6598
80375,1.07535,-15.0792
80376,1.07031,-15.6317
80377,1.07189,-15.2254
80378,1.07182,-15.2272
80379,1.07063,-15.2405
80380,1.06622,-15.1816
80381,1.07123,-15.1065
80382,1.06705,-15.2812
80383,1.06634,-15.1847
80384,1.06269,-15.2161
80385,1.06598,-15.0652
80386,1.0629,-15.0371
80387,1.06457,-15.0057
80388,1.06691,-15.5125
80389,1.06659,-15.2656
80390,1.06736,-15.1628
80391,1.06562,-15.0549
80392,1.06413,-14.7582
80393,1.06522,-14.2253
80394,1.06533,-14.4049
80395,1.06518,-14.4008
80396,1.0648,-13.8386
80397,1.06476,-13.6373
80398,1.08159,-14.472
80399,1.07656,-14.5284
80400,1.06932,-15.7151
80401,1.07004,-15.5945
80402,1.06592,-15.7151
80403,1.07068,-16.2619
80404,1.07195,-16.2936
80405,1.06992,-15.7029
80406,1.07008,-15.5455
80407,1.06679,-15.4807
80408,1.06975,-15.6791
80409,1.067,-15.3552
80410,1.06814,-16.2544
80411,1.06502,-14.5132
80412,1.06861,-16.1181
80413,1.06751,-15.4646
80414,1.06566,-14.7345
80415,1.06934,-16.0667
80416,1.06343,-13.5462
80417,1.0638,-13.948
80418,1.06189,-13.2917
80419,1.06363,-14.0866
80420,1.06134,-13.4574
80421,1.06303,-13.6484
80422,1.06309,-13.6433
80423,1.06181,-13.5737
80424,1.06187,-13.3357
80425,1.06158,-13.6026
80426,1.06378,-13.9778
80427,1.06416,-14.3152
80428,1.06295,-13.9453
80429,1.06297,-13.9473
80430,1.0644,-14.6686
80431,1.07072,-16.0984
80432,1.06626,-15.7479
80433,1.07032,-15.2446
80434,1.06535,-15.7382
80435,1.06906,-15.9144
80436,1.06271,-15.2062
80437,1.06604,-15.0443
80438,1.0697,-13.5579
80439,1.07297,-15.038
80440,1.06984,-15.8631
80441,1.06851,-16.4027
80442,1.08024,-20.2123
80443,1.0925,-20.6788
80444,1.08052,-22.5074
80445,1.07632,-21.8066
80446,1.08298,-22.4204
80447,1.07198,-18.9972
80448,1.08045,-25.3473
80449,1.07712,-25.7207
80450,1.0546,-20.7542
80451,1.05408,-19.8416
80452,1.05344,-19.3798
80453,1.05315,-18.002
80454,1.05192,-17.5642
80455,1.05287,-15.2576
80456,1.05767,-17.2515
80457,1.05991,-16.8048
80458,1.05758,-17.2545
80459,1.06027,-17.5979
80460,1.07652,-13.2037
80461,1.07751,-13.0121
80462,1.08475,-9.81386
80463,1.07842,-11.4245
80464,1.07839,-12.4195
80465,1.07756,-12.507
80466,1.0796,-11.2909
80467,1.07822,-12.4995
80468,1.07486,-13.2887
80469,1.07205,-13.8025
80470,1.07875,-13.6694
80471,1.06156,-30.6714
80472,1.05824,-29.7379
80473,1.05569,-29.9871
80474,1.08494,-21.0815
80475,1.08412,-20.4717
80476,1.08194,-20.6427
80477,1.09466,-18.8647
80478,1.09184,-19.6932
80479,1.06781,-29.3828
80480,1.06845,-16.1969
80481,1.06474,-14.4636
80482,1.06718,-15.7681
80483,1.06634,-14.7327
80484,1.06578,-14.4772
80485,1.06586,-14.5414
80486,1.06685,-14.0245
80487,1.06239,-12.3968
80488,1.06453,-12.9629
80489,1.06409,-13.1987
80490,1.06947,-15.9447
80491,1.07353,-15.1439
80492,1.07556,-17.0192
80493,1.06359,-17.1545
80494,1.06861,-17.8149
80495,1.06171,-18.1626
80496,1.05907,-18.4994
80497,1.06682,-18.0382
80498,1.06685,-25.4099
80499,1.06767,-25.0238
80500,1.06802,-24.9608
80501,1.04902,-20.8285
80502,1.04823,-20.4965
80503,1.04937,-21.8911
80504,1.04272,-14.9996
80505,1.03341,-11.7195
80506,1.0422,-15.5989
80507,1.04118,-15.4943
80508,1.04188,-15.4561
80509,1.05619,-22.9053
80510,1.0536,-31.0851
80511,1.05578,-30.151
80512,1.0556,-30.1522
80513,1.05856,-31.3468
80514,1.07197,-26.893
80515,1.06665,-25.9479
80516,1.06456,-26.6122
80517,1.06387,-26.6963
80518,1.08047,-21.6621
80519,1.08716,-13.0486
80520,1.08576,-12.5342
80522,1.07234,-14.6978
80523,1.07412,-14.491
80524,1.09226,-12.3293
80525,1.08859,-13.3421
80526,1.08068,-11.2696
80527,1.08249,-12.4946
80528,1.08253,-12.0038
80529,1.06538,-26.8461
80530,1.08663,-22.3371
80531,1.05508,-17.7589
80532,1.06715,-17.1316
80533,1.05509,-18.7192
80534,1.05338,-18.6001
80535,1.0517,-19.2337
80536,1.04736,-19.8369
80537,1.04206,-34.236
80538,1.07577,-15.6201
80539,1.07686,-15.4752
80540,1.07411,-16.6416
80541,1.07332,-16.1035
80542,1.07471,-15.9406
80543,1.07258,-16.9909
80544,1.07317,-15.991
80545,1.07275,-16.8809
80546,1.07231,-16.1356
80547,1.07204,-15.9005
80548,1.0744,-15.9729
80549,1.07291,-15.7809
80550,1.07285,-16.5416
80551,1.07274,-16.4224
80552,1.07261,-16.4118
80553,1.07351,-16.6258
80554,1.07618,-16.6515
80555,1.07451,-16.4943
80556,1.08338,-15.7501
80557,1.07712,-16.2408
80558,1.07103,-17.4994
80559,1.0731,-17.4858
80560,1.07414,-17.4054
80561,1.07374,-17.4524
80562,1.07235,-16.8844
80563,1.07303,-17.6015
80564,1.07414,-17.485
80565,1.06887,-17.4188
80566,1.07222,-17.606
80567,1.07066,-17.5086
80568,1.07141,-16.5178
80569,1.07177,-16.4055
80570,1.0731,-15.9958
80571,1.05178,-24.3474
80572,1.0651,-23.4628
80573,1.06418,-23.4848
80574,1.06517,-23.3919
80575,1.06397,-23.5221
80576,1.06704,-23.3801
80577,1.08885,-24.9924
80578,1.06731,-23.7543
80579,1.05673,-21.5326
80580,1.06255,-21.5992
80581,1.06175,-21.8552
80582,1.06622,-21.9584
80583,1.06516,-21.9378
80584,1.06836,-24.0757
80585,1.09804,-20.5152
80586,1.09419,-20.7063
80587,1.05722,12.6934
80588,1.05552,12.4659
80589,1.05469,12.1611
80590,1.05384,11.9759
80591,1.06048,13.5684
80592,1.05882,13.7973
80593,1.088,14.5031
80594,1.08925,18.0524
80595,1.09246,21.2976
80596,1.06994,17.5406
80597,1.07526,13.4458
80598,1.07601,13.0267
80599,1.0743,12.6699
80600,1.07715,10.8591
80601,1.07605,9.73772
80602,1.07776,10.5065
80603,1.07628,10.5209
80604,1.05051,11.0856
80605,1.05091,10.2918
80606,1.04878,9.46995
80607,1.07701,12.9638
80608,1.07678,12.7406
80609,1.07637,12.4222
80610,1.0473,11.182
80611,1.04997,10.3544
80612,1.04879,10.1161
80613,1.04855,10.0159
80614,1.04592,11.849
80615,1.04558,11.1506
80616,1.08449,8.88576
80617,1.08465,7.19998
80618,1.0831,7.09065
80619,1.06057,5.1628
80620,1.05606,8.39971
80621,1.07375,13.3158
80622,1.06577,6.74207
80623,1.06285,6.10846
80624,1.05942,11.7962
80625,1.05952,11.1345
80626,1.0523,5.64271
80627,1.05904,12.7411
80628,1.05816,12.5119
80629,1.06309,13.6734
80630,1.06327,12.9624
80631,0.961388,-18.1085
80632,1.0557,13.2405
80633,1.04699,10.6831
80634,1.03884,9.1844
80635,1.01679,5.44153
80636,1.03282,7.34417
80637,1.03365,6.99852
80638,1.0616,9.46721
80639,1.0611,9.05422
80640,1.05789,11.8906
80641,1.05581,11.4629
80642,0.924312,-17.5481
80643,1.06931,1.94388
80644,1.05533,11.4722
80645,1.05237,7.53907
80646,1.07919,12.9211
80647,1.07942,13.6897
80648,1.05055,9.87725
80649,1.05026,8.87645
80650,1.04622,11.1965
80651,1.05172,-11.893
80652,1.06811,-10.0879
80653,1.06621,-12.7631
80654,1.07001,-6.39951
80655,1.07444,-8.32906
80656,1.0739,-9.71905
80657,1.05471,-15.7142
80658,1.06358,-17.8314
80659,1.05882,-18.8746
80660,1.0518,-12.2518
80661,1.0553,-13.3841
80662,1.05504,-14.0118
80663,1.05292,-13.902
80664,1.03471,-16.7658
80665,1.05379,-12.1633
80666,1.05428,-13.6757
80667,1.06428,-16.2825
80668,1.0689,-17.4919
80669,1.06791,-18.1871
80670,1.05956,-2.65181
80671,1.06028,-3.50362
80672,1.04051,-7.53655
80673,1.07157,-14.2899
80674,1.0667,-15.1915
80675,1.0663,-17.8242
80676,1.0659,-17.7843
80677,1.06342,-14.7063
80678,1.06562,-15.751
80679,1.06502,-16.594
80680,1.06606,-14.2948
80681,1.05564,-12.6585
80682,1.05679,-13.4888
80683,1.06033,-2.44636
80684,1.05063,-10.6121
80685,1.06709,-17.9799
80686,1.06872,-13.4574
80687,1.07052,-13.6355
80688,1.06306,-14.1593
80689,1.07038,-14.1578
80690,1.05256,-15.6194
80691,1.07477,-14.1466
80692,1.07157,-15.5125
80693,1.06488,-17.2121
80694,1.06136,-21.3297
80695,1.07121,-11.4246
80696,1.07048,-13.6303
80697,1.07076,-14.4588
80698,1.07152,-13.7868
80699,1.07161,-14.2237
80700,1.04909,-18.5749
80701,1.06958,-14.5466
80702,1.07232,-14.8192
80703,1.06727,-13.9853
80704,1.0618,-2.5042
80705,1.06139,-2.92821
80706,1.06811,-17.4579
80707,1.06742,-17.5173
80708,1.06974,-15.6658
80709,1.08283,-24.074
80710,1.07973,-22.8991
80711,1.07865,-22.9387
80712,1.05984,-17.2936
80713,1.05677,-12.6911
80714,1.0668,-18.8453
80715,1.05817,-11.5071
80716,1.06822,-11.2869
80717,1.06776,-12.1961
80718,1.07382,-22.5186
80719,1.07122,-16.3845
80720,1.06602,-17.2506
80721,1.0747,8.42182
80722,1.07734,7.10695
80723,1.07701,6.74747
80724,1.0984,11.2501
80725,1.09685,5.81345
80726,1.08611,15.5852
80727,1.08727,15.6771
80728,1.07525,9.87084
80729,1.07908,8.99851
80730,1.09291,7.96689
80731,1.0917,7.01012
80732,1.07203,10.4904
80733,1.07313,9.55564
80734,1.0734,9.1041
80735,1.07924,6.91664
80736,1.06659,3.90495
80737,1.0852,7.5523
80738,1.08004,12.3609
80739,1.07726,13.284
80740,1.07694,12.9566
80741,1.06303,6.85162
80742,1.04648,4.09496
80743,1.06002,6.61922
80744,1.05873,6.18866
80745,1.06786,11.0133
80746,1.06669,10.3657
80747,1.05367,4.42382
80748,1.06797,7.4617
80749,1.05412,4.64265
80750,1.06657,7.49731
80751,1.06517,6.26523
80752,1.0709,5.79514
80753,1.06875,6.93075
80754,1.06884,6.32342
80755,1.1,13.1186
80756,1.07725,9.98907
80757,1.06062,-12.5701
80758,1.02528,-16.6223
80759,1.08201,6.62787
80760,1.08294,8.07411
80761,1.08104,7.55459
80762,1.07623,-0.364959
80763,1.05822,0.277433
80764,1.0473,-1.19806
80765,1.07335,4.77075
80766,1.07524,5.96904
80767,1.07565,5.46406
80768,1.06045,5.53315
80769,1.04619,0.439188
80770,1.0577,3.60057
80771,1.0591,3.01773
80772,1.05486,-11.0618
80773,1.07338,3.35378
80774,1.05499,3.30792
80775,1.02713,-17.0909
80776,1.05234,-10.3596
80777,1.05196,-0.438009
80778,1.05553,6.8713
80779,1.05512,6.25932
80780,1.08185,1.60346
80781,1.06719,4.63511
80782,1.06364,4.7595
80783,1.07432,4.07932
80784,1.07069,3.61074
80785,1.08308,2.96551
80786,1.07253,2.71641
80787,1.05523,3.28914
80788,1.04957,3.31365
80789,1.05969,5.46118
80790,1.06602,4.05964
80791,1.06585,3.63521
80792,1.07415,10.9622
80793,1.07442,10.9704
80794,1.07282,10.8918
80795,1.07231,10.8654
80796,1.06312,9.99924
80797,1.06739,1.40532
80798,1.06643,0.88394
80799,1.06736,0.196967
80800,1.08221,0.868919
80801,1.06806,6.83612
80802,1.06565,6.37422
80803,1.06771,6.71212
80804,1.06384,6.14536
80805,1.06895,6.62747
80806,1.06776,6.34222
80807,1.06983,6.5511
80808,1.06903,6.40375
80809,1.0696,6.84232
80810,1.06761,6.45611
80811,1.07295,8.91617
80812,1.07313,8.56157
80813,1.07252,8.90353
80814,1.06367,6.83359
80815,1.06421,7.13477
80816,1.06395,7.0773
80817,1.0641,6.33811
80818,1.06374,5.99324
80819,1.0651,7.08921
80820,1.06485,6.97894
80821,1.05507,6.18028
80822,1.0609,7.27361
80823,1.05953,7.21025
80824,1.05615,6.56932
80825,1.07211,9.45948
80826,1.07212,9.34873
80827,1.06262,3.39535
80828,1.04071,7.58267
80829,1.03929,7.01559
80830,1.03728,6.68114
80831,1.04709,6.99921
80832,1.0425,5.16565
80833,1.07859,11.2325
80834,1.08059,10.7925
80835,1.08622,9.62092
80836,1.08788,9.23096
80837,1.06787,14.3819
80838,1.06501,11.745
80839,1.06359,11.7199
80840,1.06228,12.1218
80841,1.06636,10.7282
80842,1.06604,10.5049
80843,1.05894,-3.79638
80844,1.06214,12.0346
80845,1.06107,11.9699
80846,1.06045,11.6837
80847,1.05909,12.1042
80848,1.05866,11.8179
80849,1.05684,11.5861
80850,1.05816,11.8499
80851,1.05557,11.5011
80852,1.07583,13.0374
80853,1.07537,12.9041
80854,1.07599,12.8338
80855,1.07687,12.6967
80856,1.07515,12.6697
80857,1.07994,12.0547
80858,1.07723,12.828
80859,1.07647,12.8163
80860,1.07792,12.0256
80861,1.07647,12.3519
80862,1.05607,7.11416
80863,1.0513,1.6684
80864,1.04894,0.308336
80865,1.04832,-0.65752
80866,1.04843,1.41971
80867,1.07352,11.8735
80868,1.07384,11.8428
80869,1.06868,12.6954
80870,1.07461,12.0756
80871,1.07375,12.0346
80872,1.07385,11.9376
80873,1.0692,12.0187
80874,1.06802,11.9213
80875,1.06581,8.30624
80876,1.06682,10.0411
80877,1.0662,9.91114
80878,1.05862,7.25206
80879,1.05639,5.39111
80880,1.0591,6.52671
80881,1.06314,6.52612
80882,1.06106,6.72088
80883,1.05953,11.4418
80884,1.0545,10.9047
80885,1.05682,11.3041
80886,1.05352,10.7498
80887,1.05763,11.273
80888,1.05613,11.0133
80889,1.06083,11.3495
80890,1.05712,11.0523
80891,1.05357,9.32706
80892,1.05622,9.14253
80893,1.05147,10.1087
80894,1.05395,4.61899
80895,1.06848,8.86303
80896,1.04641,10.1246
80897,1.05276,10.869
80898,1.05587,10.3835
80899,1.03748,7.49323
80900,1.05006,11.2745
80901,1.05154,11.142
80902,1.05348,11.4982
80903,1.05291,11.5496
80904,1.05406,11.1507
80905,1.08101,11.4605
80906,1.07999,11.3036
80907,1.07837,11.3856
80908,1.08029,11.837
80909,1.0791,11.6755
80910,1.07948,12.0958
80911,1.07904,11.9604
80912,1.0771,11.6913
80913,1.08001,11.8197
80914,0.974952,-11.7019
80915,0.994854,-13.6841
80916,1.05154,10.0711
80917,1.04908,9.67137
80918,1.0426,9.47393
80919,1.04357,9.02416
80920,1.07161,15.7915
80921,1.07365,16.5795
80922,1.07635,16.9902
80923,1.07907,13.1199
80924,1.07834,12.828
80925,1.07419,16.1789
80926,1.06698,9.94065
80927,1.06599,10.1234
80928,1.07969,15.5573
80929,1.07816,15.1586
80930,1.08042,16.2215
80931,1.05539,12.4877
80932,1.055,12.3606
80933,1.05167,12.1292
80934,1.05026,11.8705
80935,1.04649,11.4854
80936,1.04721,11.5239
80937,1.05067,11.9657
80938,1.05459,13.1849
80939,1.04555,10.4243
80940,1.05546,10.5491
80941,1.05361,10.497
80942,1.05451,10.6588
80943,1.05331,10.5518
80944,1.04801,12.207
80945,1.07033,11.4333
80946,1.07139,11.28
80947,1.07282,11.2275
80948,1.07257,11.1526
80949,1.06465,12.3623
80950,1.06466,12.2208
80951,1.06443,12.275
80952,1.06266,12.039
80953,1.05338,11.6614
80954,1.05653,6.72573
80955,1.06445,7.0613
80956,1.05799,9.30273
80957,1.07739,12.9424
80958,1.07724,12.6507
80959,1.07648,12.5731
80960,1.07522,12.1489
80961,1.07407,11.5948
80962,1.07312,13.392
80963,1.07528,13.2322
80964,1.07554,12.2062
80965,1.07336,11.9958
80966,1.05919,8.0088
80967,1.0537,9.24273
80968,1.07474,7.96325
80969,1.07351,7.8182
80970,1.05383,11.2562
80971,1.05139,11.9441
80972,1.07023,10.6141
80973,1.06704,10.6458
80974,1.07448,10.871
80975,1.07467,10.5286
80976,1.07377,10.4131
80977,1.07525,12.6697
80978,1.0788,12.2618
80979,1.07762,12.0188
80980,1.07416,12.5611
80981,1.07329,12.5486
80982,1.00046,-8.68243
80983,0.987737,-10.5353
80984,0.985535,-12.8128
80985,1.04656,12.7185
80986,1.05496,11.9404
80987,1.0531,12.9119
80988,1.05311,12.6739
80989,1.05357,12.452
80990,1.05316,12.3544
80991,1.05447,12.3344
80992,1.05433,12.4546
80993,1.05434,11.0383
80994,1.05933,12.2717
80995,1.05839,11.9049
80996,1.06003,11.7108
80997,1.05856,11.5578
80998,1.05958,11.7568
80999,1.05738,11.5041
81000,1.05919,11.8362
81001,1.05699,11.5198
81002,1.05469,11.3891
81003,1.0574,11.3612
81004,1.05728,11.4278
81005,1.05667,11.4158
81006,1.05794,11.5135
81007,1.06201,11.8567
81008,1.06149,11.8261
81009,1.05894,11.8476
81010,1.05915,11.9853
81011,1.05714,11.4319
81012,1.05891,11.6555
81013,1.05747,11.4386
81014,1.05765,11.421
81015,1.06175,12.1287
81016,1.06095,11.8428
81017,1.05996,11.7093
81018,1.0583,12.8842
81019,1.05748,12.6411
81020,1.0538,11.8711
81021,1.05753,12.8036
81022,1.05799,12.3328
81023,1.05838,11.7606
81024,1.05549,11.3866
81025,1.0594,11.7926
81026,1.0558,11.4115
81027,1.0567,11.1751
81028,1.06014,11.5322
81029,1.05866,11.3024
81030,1.05766,11.4571
81031,1.0564,11.4965
81032,1.07587,10.338
81033,1.06906,12.1184
81034,1.07204,11.7117
81035,1.06988,11.6028
81036,1.07271,11.6732
81037,1.07139,11.5411
81038,1.0574,11.1402
81039,1.05457,10.6571
81040,1.04906,10.5026
81041,1.06062,9.86763
81042,1.04698,-1.03717
81043,1.04725,-1.3454
81044,1.04785,-1.67678
81045,0.980784,-15.2349
81046,1.08144,6.40395
81047,1.08048,5.86254
81048,1.08339,7.52807
81049,1.07279,-1.55342
81050,1.07143,1.73744
81051,1.06272,11.2927
81052,1.06255,11.1242
81053,1.06386,11.675
81054,1.06354,11.7954
81055,1.06265,11.3804
81056,1.06453,5.68193
81057,1.05868,6.02162
81058,1.06246,6.25885
81059,1.06077,6.32245
81060,1.05965,6.04324
81061,1.06185,5.49451
81062,1.06247,5.50811
81063,1.06751,6.57654
81064,1.06691,6.69486
81065,1.06218,6.98755
81066,1.06384,6.70204
81067,1.06158,7.00146
81068,1.05975,6.27135
81069,1.05724,5.68879
81070,1.05649,6.01943
81071,1.06409,12.6655
81072,1.06361,12.5115
81073,1.06975,13.5944
81074,1.07063,12.8962
81075,1.07095,12.4597
81076,1.07022,12.5818
81077,1.06771,12.5048
81078,1.06572,12.2242
81079,1.06542,12.659
81080,1.05579,12.4918
81081,1.0543,11.8102
81082,1.07059,-17.8149
81083,1.07096,-19.2117
81084,1.07363,-20.5639
81085,1.07605,-22.2304
81086,1.07743,-22.6744
81087,1.08219,-23.4936
81088,1.06851,-16.9664
81089,1.06489,-17.653
81090,1.06701,-17.993
81091,1.06621,-17.933
81092,1.0655,-14.4668
81093,1.06691,-16.0421
81094,1.05952,-16.9624
81095,1.06728,-19.8721
81096,1.05759,-16.0514
81097,1.05453,-16.1209
81098,1.05969,-15.7719
81099,1.05803,-16.0228
81100,1.06081,-16.814
81101,1.07314,-19.6328
81102,1.072,-20.28
81103,1.07359,-20.2038
81104,1.06567,-21.445
81105,1.06792,-17.9295
81106,1.07229,-8.11602
81107,1.07577,-8.11881
81108,1.0749,-9.95179
81109,1.08758,-13.6053
81110,1.06634,-14.3707
81111,1.06391,-10.2976
81112,1.06574,-12.0459
81113,1.06264,-13.2091
81114,1.05798,-12.717
81115,1.05483,-15.0871
81116,1.05797,-12.7489
81117,1.05723,-14.137
81118,1.05787,-14.024
81119,1.05751,-14.0428
81120,1.05806,-13.8274
81121,1.0586,-12.5005
81122,1.05758,-12.5792
81123,1.05514,-13.2667
81124,1.05928,-12.8817
81125,1.05731,-13.3328
81126,1.05723,-14.4013
81127,1.06648,-18.5462
81128,1.06781,-18.8084
81129,1.06701,-19.0152
81130,1.06585,-18.8373
81131,1.06819,-19.7917
81132,1.06946,-19.1911
81133,1.0679,-19.5414
81134,1.06748,-16.7543
81135,1.06692,-18.7844
81136,1.06683,-17.7932
81137,1.06528,-17.8226
81138,1.06666,-17.8858
81139,1.06673,-18.5253
81140,1.07029,-21.1409
81141,1.06649,-19.0022
81142,1.06755,-17.6717
81143,1.06729,-18.5384
81144,1.06594,-18.0911
81145,1.0658,-17.9587
81146,1.06565,-18.1789
81147,1.06676,-18.2731
81148,1.06718,-18.8263
81149,1.06554,-9.31759
81150,1.06311,-10.1061
81151,1.06515,-11.0096
81152,1.06344,-10.5073
81153,1.07176,-10.9488
81154,1.06879,-11.6382
81155,1.05495,-11.9964
81156,1.05813,-13.0491
81157,1.06206,-10.4736
81158,1.06007,-11.6211
81159,1.06887,-13.5112
81160,1.07302,-14.8131
81161,1.07077,-16.0585
81162,1.0727,-13.7161
81163,1.07035,-15.3169
81164,1.06778,-12.6617
81165,1.0682,-13.1997
81166,1.06728,-16.3506
81167,1.06741,-16.8344
81168,1.07194,-17.1887
81169,1.07144,-15.6286
81170,1.07187,-15.524
81171,1.06847,-15.4964
81172,1.07899,-15.6399
81173,1.076,-16.9699
81174,1.07751,-17.9162
81175,1.06808,-15.1651
81176,1.06923,-13.6901
81177,1.06773,-14.6912
81178,1.07254,-14.1432
81179,1.07215,-13.6632
81180,1.07107,-14.1656
81181,1.07177,-14.6488
81182,1.07085,-14.5738
81183,1.05945,-1.69083
81184,1.0676,-13.5031
81185,1.06566,-13.8665
81186,1.08074,-13.1894
81187,1.07844,-13.1919
81188,1.06975,-16.8356
81189,1.06578,-18.0463
81190,1.05786,-9.32505
81191,1.06647,-8.38788
81192,1.06652,-8.38974
81193,1.06409,-15.2043
81194,1.06107,-10.573
81195,1.06189,-11.0235
81196,1.06392,-14.8144
81197,1.08615,-23.9398
81198,1.0862,-24.5642
81199,1.07917,-24.6932
81200,1.07702,-21.8655
81201,1.08594,-23.0938
81202,1.08126,-24.2116
81203,1.07034,-13.1144
81204,1.07087,-14.0631
81205,1.07369,-15.5468
81206,1.07401,-16.1175
81207,1.06953,-13.6813
81208,1.07055,-14.3817
81209,1.06709,-13.083
81210,1.06779,-13.0973
81211,1.06551,-16.4487
81212,1.06723,-15.4347
81213,1.06888,-16.4923
81214,1.065,-16.5239
81215,1.073,-15.8882
81216,1.07129,-15.0847
81217,1.06909,-15.691
81218,1.06844,-14.5889
81219,1.07198,-15.1005
81220,1.08566,-16.51
81221,1.06812,-14.5622
81222,1.06944,-15.4467
81223,1.06912,-14.6562
81224,1.06964,-14.7293
81225,1.07152,-15.6891
81226,1.06975,-14.5863
81227,1.07145,-14.9885
81228,1.06933,-15.4419
81229,1.06964,-15.4734
81230,1.07177,-16.8693
81231,1.06797,-16.095
81232,1.06908,-15.1213
81233,1.07102,-15.2822
81234,1.06906,-16.5598
81235,1.0687,-16.3023
81236,1.06864,-16.8139
81237,1.08317,-25.2042
81238,1.0785,-25.3107
81239,1.08035,-25.0381
81240,1.08109,-22.3982
81241,1.08106,-23.2969
81242,1.08178,-24.2933
81243,1.08146,-23.9474
81244,1.08005,-24.7518
81245,1.08293,-25.037
81246,1.08071,-23.3974
81247,1.07958,-24.26
81248,1.07959,-25.1423
81249,1.06527,-19.4644
81250,1.0684,-20.4539
81251,1.07586,-23.7672
81252,1.06762,-11.6287
81253,1.0611,-12.7489
81254,1.06459,-13.843
81255,1.07028,-8.37995
81256,1.07095,-8.99312
81257,1.07109,-7.96984
81258,1.07039,-8.27753
81259,1.0726,-7.00265
81260,1.07152,-7.87255
81261,1.08231,-13.3414
81262,1.08089,-13.7412
81263,1.07882,-13.9388
81264,1.07731,-14.3458
81265,1.07953,-14.3657
81266,1.0774,-14.7643
81267,1.07523,-16.0795
81268,1.07261,-15.6095
81269,1.07753,-13.8533
81270,1.07619,-14.1514
81271,1.06946,-0.031367
81272,1.06849,-0.451725
81273,1.06548,-1.17696
81274,1.06325,-1.51883
81275,1.07125,-10.1623
81276,1.06136,-11.2931
81277,1.07385,-10.5936
81278,1.06581,-11.5393
81279,1.05763,-11.0431
81280,1.06561,-12.6129
81281,1.06438,-12.634
81282,1.06108,-13.5066
81283,1.07002,-14.9484
81284,1.06974,-14.0241
81285,1.07038,-14.7876
81286,1.06936,-15.7462
81287,1.07233,-15.2789
81288,1.07053,-15.5858
81289,1.07194,-15.5389
81290,1.07347,-14.6907
81291,1.07368,-13.4285
81292,1.07423,-13.6116
81293,1.07192,-15.5332
81294,1.07676,-12.6196
81295,1.07654,-13.0004
81296,1.07424,-13.6691
81297,1.07483,-14.2353
81298,1.07431,-15.1405
81299,1.07603,-15.9129
81300,1.0766,-14.2823
81301,1.07464,-15.055
81302,1.07346,-15.6756
81303,1.06957,-15.7868
81304,1.06983,-15.739
81305,1.07052,-15.833
81306,1.06643,-15.9735
81307,1.06839,-15.7133
81308,1.06917,-15.6744
81309,1.06994,-15.7837
81310,1.07051,-15.3142
81311,1.06937,-15.5791
81312,1.07083,-15.0781
81313,1.07082,-15.0787
81314,1.07088,-15.533
81315,1.07041,-15.095
81316,1.06806,-15.6717
81317,1.0711,-15.0325
81318,1.07116,-14.909
81319,1.07103,-15.4887
81320,1.07076,-14.8557
81321,1.07048,-15.2618
81322,1.06831,-14.1911
81323,1.06952,-15.2059
81324,1.07101,-15.1478
81325,1.07011,-15.3416
81326,1.068,-14.1917
81327,1.0713,-14.9839
81328,1.06905,-15.0714
81329,1.06839,-14.9849
81330,1.06838,-15.0652
81331,1.0694,-15.2924
81332,1.06973,-15.2146
81333,1.07484,-15.8098
81334,1.07243,-15.8281
81335,1.07068,-15.0772
81336,1.06232,-8.61426
81337,1.06999,-11.0536
81338,1.06268,-7.99601
81339,1.05659,-3.58962
81340,1.05955,-4.51908
81341,1.05805,-5.76439
81342,1.05991,-7.78397
81343,1.05998,-6.50545
81344,1.06105,-6.64778
81345,1.05729,-5.23451
81346,1.06031,-7.25197
81347,1.06716,-9.35073
81348,1.07905,-19.7925
81349,1.06975,-15.8323
81350,1.06472,-15.7335
81351,1.06094,-15.5797
81352,1.05993,-16.8934
81353,1.06337,-18.6462
81354,1.05947,-14.1419
81355,1.06135,-15.7809
81356,1.06534,-18.0522
81357,1.06811,-20.6055
81358,1.06634,-19.3625
81359,1.0537,-16.6966
81360,1.06109,-18.8122
81361,1.06364,-14.6202
81362,1.06448,-18.8662
81363,1.076,-8.35208
81364,1.06809,-14.2545
81365,1.06195,-14.9549
81366,1.05943,-15.3492
81367,1.0639,-17.1089
81368,1.07262,-18.2248
81369,1.07232,-15.241
81370,1.07329,-15.5952
81371,1.07442,-16.8557
81372,1.05959,-12.9178
81373,1.06153,-13.1361
81374,1.08114,-11.6961
81375,1.06983,-17.7367
81376,1.06601,-19.8024
81377,1.0649,-15.837
81378,1.0609,-13.1961
81379,1.06408,-14.0266
81380,1.07656,-19.9069
81381,1.07845,-22.3078
81382,1.07764,-22.8602
81383,1.07736,-23.4771
81384,1.08337,-24.7975
81385,1.06664,-25.1745
81386,1.08112,-22.3169
81387,1.0799,-21.9313
81388,1.07406,-22.5303
81389,1.08166,-10.1968
81390,1.0844,-10.3002
81391,1.0844,-10.3148
81392,1.08138,-10.9508
81393,1.0869,-10.0819
81394,1.09078,-10.0046
81395,1.08654,-9.92617
81396,1.08377,-10.3065
81397,1.0851,-10.1816
81398,1.1,-7.92837
81399,1.09812,-8.48123
81400,1.07943,-10.1484
81401,1.08823,-9.47916
81402,1.08786,-9.68827
81403,1.07738,-10.624
81404,1.08792,-9.55117
81405,1.08546,-9.94129
81406,1.08719,-8.13874
81407,1.08706,-8.44474
81408,1.08032,-10.7727
81409,1.08819,-9.6273
81410,1.08703,-9.8064
81411,1.08659,-9.55279
81412,1.08765,-9.70867
81413,1.08289,-10.4004
81414,1.08358,-11.8311
81415,1.08498,-12.2151
81416,1.08205,-12.9558
81417,1.08318,-12.8552
81418,1.08044,-12.4078
81419,1.08346,-12.9298
81420,1.07809,-12.9111
81421,1.08321,-12.9051
81422,1.08108,-13.321
81423,1.08262,-12.8881
81424,1.08249,-13.1493
81425,1.08321,-12.8343
81426,1.08184,-13.2024
81427,1.08334,-11.8296
81428,1.08248,-12.3773
81429,1.08047,-12.7835
81430,1.07685,-11.2902
81431,1.07767,2.71593
81432,1.07738,1.91304
81433,1.07954,-25.859
81434,1.08377,-25.7813
81435,1.0791,-26.7175
81436,1.07425,-26.7902
81437,1.07283,-26.6652
81438,1.07258,-19.3647
81439,1.07264,-22.0152
81440,1.07097,-21.8481
81441,1.07976,-3.66336
81442,1.08071,-3.86452
81443,1.07834,-4.32171
81444,1.07859,-5.23587
81445,1.08278,-6.78848
81446,1.08638,-8.24736
81447,1.08618,-8.45046
81448,1.0819,-9.88531
81449,1.09223,-3.30584
81450,1.08798,-4.32585
81451,1.08281,-5.32154
81452,1.06304,-10.7172
81453,1.06357,-10.2957
81454,1.06091,-10.5863
81455,1.06698,-9.56556
81456,1.06429,-10.2015
81457,1.07353,-16.9832
81458,1.06407,-1.56046
81459,1.06806,-11.3714
81460,1.06684,-11.9102
81461,1.07247,-15.3965
81462,1.07089,-15.188
81463,1.04421,-2.63646
81464,1.06106,-21.9934
81465,1.0477,-18.225
81466,1.06391,-0.868634
81467,1.0493,3.69799
81468,1.04832,3.17704
81469,1.06741,4.52497
81470,1.06234,4.61551
81471,1.0663,2.63528
81472,1.07286,2.27532
81473,1.07029,2.27777
81474,1.06786,3.14278
81475,1.06879,3.08314
81476,1.06814,2.89558
81477,1.06686,3.32424
81478,1.06684,3.22546
81479,1.0863,5.5908
81480,1.07551,4.30366
81481,1.07634,3.55767
81482,1.07089,2.582
81483,1.07697,4.72173
81484,1.07909,2.99688
81485,1.0745,3.92807
81486,1.07225,3.84115
81487,1.08266,3.18953
81488,1.07876,-29.6065
81489,1.07992,-29.9094
81490,1.08011,-30.2648
81491,1.08583,-29.9445
81492,1.07406,-29.9102
81493,1.08038,-30.3896
81494,1.08056,8.93032
81495,1.08006,8.68699
81496,1.08012,8.2466
81497,1.08324,8.69113
81498,1.08052,8.01839
81499,1.08156,9.08845
81500,1.07173,6.63932
81501,1.07301,6.83649
81503,1.08112,6.39765
81504,1.0789,5.65146
81505,1.0669,3.35202
81506,1.06456,3.2841
81507,1.0655,3.0225
81508,1.06475,3.0992
81509,1.06878,2.89707
81510,1.06555,3.83981
81511,1.06641,3.41811
81512,1.06731,3.2435
81513,1.08212,8.11893
81514,1.08034,7.09999
81515,1.07759,6.47944
81516,1.08192,7.50543
81518,1.08163,8.4773
81519,1.07452,7.49016
81520,1.08024,7.95214
81521,1.08372,8.83803
81522,1.07598,8.04391
81523,1.05932,0.675066
81524,1.07207,5.17039
81526,1.0725,3.95526
81527,1.07088,3.9097
81528,1.07282,4.35584
81529,1.07066,4.49576
81530,1.06179,5.45133
81531,1.07436,3.25625
81532,1.05834,3.87794
81533,1.06144,3.96139
81534,1.06113,3.65519
81535,1.05891,3.81352
81536,1.07363,4.28723
81537,1.07588,6.30163
81538,1.05572,2.9268
81539,1.0547,3.77571
81540,1.05517,3.62111
81541,1.05474,3.37799
81542,1.05061,-7.21766
81543,1.09083,6.95481
81544,1.08602,6.50211
81545,1.08409,5.91902
81546,1.07928,3.17271
81547,1.09137,8.88231
81548,1.09977,7.76181
81549,1.08483,3.92184
81550,1.07509,3.64869
81551,1.06036,1.93247
81552,1.07027,3.16234
81553,1.06879,2.72543
81554,1.06184,1.89387
81555,1.0804,6.0367
81556,1.07795,5.09503
81557,1.06966,2.73
81558,1.0726,2.69916
81559,1.06777,1.87208
81560,1.0729,5.82435
81561,1.06932,6.5036
81562,1.07381,6.51751
81563,1.0737,6.44896
81564,1.07029,6.20873
81565,1.05944,3.02753
81566,1.05753,2.97647
81567,1.06349,3.59331
81568,1.06346,3.43343
81569,1.06257,3.13461
81570,1.06237,2.75238
81571,1.05468,4.11344
81572,1.07108,10.0143
81573,1.06869,8.94141
81574,1.07022,9.17483
81575,1.06666,9.11875
81576,1.07876,6.26517
81577,1.07088,8.52665
81578,1.07274,8.03384
81579,1.07202,8.26964
81580,1.06975,9.83234
81581,1.07027,9.56051
81582,1.07748,7.43481
81583,1.07998,7.16583
81584,1.07897,6.8187
81585,1.08265,7.14933
81586,1.06369,3.94179
81587,1.05919,3.16056
81588,1.05768,3.04654
81589,1.05627,3.03867
81590,1.05588,2.96648
81591,1.05598,3.0011
81592,1.05562,2.68084
81593,1.05639,2.72393
81594,1.05527,3.19076
81595,1.05848,3.2363
81596,1.05842,3.24743
81597,1.05671,3.22123
81598,1.05709,3.12857
81599,1.05642,3.06708
81600,1.05391,2.92828
81601,1.05449,2.88748
81602,1.05732,2.80497
81603,1.05746,2.8539
81604,1.05375,2.95087
81605,1.05423,3.32329
81606,1.05686,2.68915
81607,1.06163,3.17452
81608,1.06036,2.93589
81609,1.05302,3.16081
81610,1.05879,2.8681
81611,1.05996,3.05757
81612,1.068,3.06977
81613,1.06561,2.7911
81614,1.0601,3.19484
81615,1.05677,3.13484
81616,1.05662,2.83419
81617,1.05835,3.88496
81618,1.05526,3.43509
81619,1.03013,-8.08138
81620,1.06714,-15.685
81621,1.07151,1.62325
81622,1.07096,4.25097
81623,1.06993,4.30135
81624,1.06311,3.36368
81625,1.06469,3.30751
81626,1.06462,3.46383
81627,1.06352,3.56863
81628,1.06845,6.42879
81629,1.0625,5.5081
81630,1.07126,7.18955
81631,1.06968,6.68884
81632,1.06954,6.23445
81633,1.06657,6.49179
81634,1.06489,6.06609
81635,1.06774,9.53704
81636,1.08671,6.56935
81637,1.08347,7.13203
81638,1.0837,6.87133
81639,1.08578,6.18752
81640,1.08658,5.40076
81641,1.08585,5.74035
81642,1.08605,5.18129
81643,1.08529,4.80604
81644,1.08484,3.75738
81645,1.08526,3.89459
81646,1.08487,2.81646
81647,1.08523,5.64422
81648,1.08802,5.81853
81649,1.08924,4.99402
81650,1.08773,5.16203
81651,1.09013,5.35364
81652,1.0906,4.15398
81653,1.08805,6.13939
81654,1.08477,4.94155
81655,1.0817,5.12969
81656,1.07805,5.24863
81657,1.0829,4.66802
81658,1.07909,1.17313
81659,1.07977,5.74999
81660,1.07942,4.33304
81661,1.07789,5.60942
81662,1.07693,5.19955
81663,1.0767,5.45339
81664,1.07679,5.14454
81665,1.07662,4.29191
81666,1.0762,3.92996
81667,1.0775,4.31569
81668,1.08046,2.90948
81669,1.08115,5.69287
81670,1.07991,5.28566
81671,1.07825,5.26423
81672,1.08481,3.40638
81673,1.08463,3.22159
81674,1.08696,7.65397
81675,1.08905,6.11569
81676,1.08628,6.65176
81677,1.08675,6.77309
81678,1.08479,6.52927
81679,1.08426,5.58864
81680,1.0882,5.40584
81681,1.0825,5.75474
81682,1.06131,5.16986
81683,1.0605,4.80238
81684,1.05799,4.5993
81685,1.06322,5.76691
81686,1.06279,5.12114
81687,1.05593,4.55309
81688,1.06029,4.12954
81689,1.06112,4.95879
81690,1.06029,5.00478
81691,1.05634,4.97314
81692,1.07831,5.22758
81693,1.07615,6.24123
81694,1.07488,5.35876
81695,1.07726,5.98477
81696,1.07418,6.95752
81697,1.07523,7.1676
81698,1.07399,7.21872
81699,1.07411,7.17513
81700,1.07725,7.80033
81701,1.07612,7.79711
81702,1.07457,7.57232
81703,1.07633,7.49225
81704,1.07575,7.30111
81705,1.07213,6.97611
81706,1.07548,7.52141
81707,1.07137,2.04282
81708,1.07092,2.86447
81709,1.07147,2.45357
81710,1.07047,2.02632
81711,1.07415,2.05084
81712,1.07195,1.74902
81713,1.07205,2.61482
81714,1.07545,1.01491
81715,1.0725,0.891275
81716,1.06591,3.3884
81717,1.065,3.3247
81718,1.06528,3.34853
81719,1.06354,3.0104
81720,1.06533,3.23069
81721,1.06497,3.10034
81722,1.07496,-0.0266332
81723,1.05774,4.26746
81724,1.05507,3.83224
81725,1.05369,3.87129
81726,1.0698,-2.278
81727,1.06059,5.18104
81728,1.05897,6.58992
81729,1.06168,5.29639
81730,1.07359,7.73119
81731,1.06802,3.9884
81732,1.07287,2.38193
81733,1.07122,2.87716
81734,1.07039,1.60686
81735,1.0685,1.45871
81736,1.07348,0.668988
81737,1.07552,2.07692
81738,1.07402,1.99561
81739,1.06928,2.66655
81740,1.07593,12.8701
81741,1.07562,12.8225
81742,1.08567,15.3227
81743,1.08523,14.9998
81744,1.08072,14.2766
81745,1.08229,13.8953
81746,1.0893,13.3315
81747,1.05971,4.72652
81748,1.06061,4.38595
81749,1.06213,5.41869
81750,1.06203,5.04438
81751,1.06145,3.91397
81752,1.06566,-10.3101
81753,1.06686,-10.3337
81754,1.07445,5.11224
81755,1.07935,13.5608
81756,1.07866,13.1982
81757,1.0785,12.8931
81758,1.08452,7.52674
81759,1.0864,6.59996
81760,1.08239,6.12501
81761,1.07373,-1.61034
81762,1.07311,1.57592
81763,1.07257,0.824694
81765,1.07245,1.63877
81766,1.07321,6.22663
81767,1.07275,6.05289
81768,1.07202,5.8145
81769,1.0715,5.56762
81770,1.07039,5.36017
81771,1.06808,5.23723
81772,1.07166,5.70847
81773,1.07122,5.65607
81774,1.06649,5.27241
81775,1.05471,-0.37557
81776,1.06196,3.32358
81777,1.06875,4.37114
81778,1.06789,4.26524
81779,1.06653,4.15271
81780,1.06608,3.80381
81781,1.06494,3.74275
81782,1.06471,3.38024
81783,1.03637,-0.466203
81784,1.05317,7.72745
81785,1.05927,1.21997
81786,1.07723,9.83608
81787,1.07929,3.00671
81788,1.08041,2.19333
81789,1.07791,2.75062
81790,1.07925,1.65985
81791,1.08112,2.21513
81792,1.07831,1.42731
81793,1.08049,2.04892
81794,1.08491,2.19635
81795,1.08156,2.31588
81796,1.08136,2.92036
81797,1.08193,2.76462
81798,1.0778,2.11658
81799,1.08053,2.35685
81800,1.0808,2.56762
81801,1.08042,2.67609
81802,1.08436,2.93017
81803,1.0841,2.37195
81804,1.07421,5.05169
81805,1.08722,2.01559
81806,1.06855,4.15614
81807,1.06752,4.23033
81808,1.07349,7.29876
81809,1.08142,8.29652
81810,1.07764,7.06575
81811,1.07616,7.89402
81812,1.08418,7.81882
81813,1.07777,7.85376
81814,1.07328,7.18904
81815,1.08398,2.34177
81816,1.07906,4.00954
81817,1.08479,2.02141
81818,1.07854,2.20203
81819,1.08796,2.26992
81820,1.08092,1.36447
81821,1.08333,3.5019
81822,1.07981,3.04457
81823,1.08437,3.50295
81824,1.08159,1.87696
81825,1.08156,2.73553
81826,1.07955,4.05778
81828,1.08951,3.35248
81829,1.08707,3.41728
81830,1.08262,2.96041
81831,1.08192,3.06413
81832,1.07899,4.05388
81834,1.08318,0.868522
81835,1.0826,1.05534
81836,1.07828,2.19351
81837,1.08038,4.42937
81838,1.08295,3.33038
81839,1.08089,1.95983
81840,1.08234,4.01078
81841,1.08205,3.86851
81842,1.08277,2.23502
81843,1.08201,4.03704
81844,1.07916,3.64378
81845,1.08212,2.81655
81846,1.08136,3.94551
81847,1.07826,3.53492
81848,1.07872,5.13418
81849,1.08095,4.09386
81850,1.0773,3.30489
81851,1.0783,4.11322
81852,1.07808,4.52411
81853,1.07957,3.12636
81854,1.08409,3.83484
81855,1.0804,2.35811
81856,1.0866,4.25572
81857,1.08433,4.97666
81858,1.0773,3.88339
81859,1.07885,5.3536
81860,1.08626,4.18524
81861,1.08334,2.20779
81862,1.07844,4.75358
81863,1.08452,4.15309
81864,1.08123,3.5657
81865,1.07391,6.17684
81866,1.08268,3.83387
81867,1.08522,3.45215
81868,1.0836,3.50083
81869,1.07536,-1.45742
81870,1.07186,-1.39871
81871,1.07538,12.6453
81872,1.06372,5.99275
81873,1.08619,7.89634
81874,1.08707,9.16135
81875,1.09944,7.92025
81876,1.05438,3.34981
81877,1.05624,5.66318
81878,1.0551,5.62492
81879,1.05276,5.62155
81880,1.05497,4.953
81881,1.06379,4.98933
81882,1.06885,5.41501
81883,1.04659,1.70336
81884,1.04728,1.74482
81885,1.06838,3.05383
81886,1.07708,7.62162
81887,1.07543,7.17679
81888,1.06784,9.39607
81889,1.06349,3.15436
81890,1.06281,2.85935
81891,1.05992,2.72266
81892,1.06014,3.60073
81893,1.07886,5.59425
81894,1.08182,4.7387
81895,1.08422,3.87709
81896,1.08217,2.76942
81897,1.07681,3.5223
81898,1.08089,2.16058
81899,1.08726,3.47446
81900,1.08203,1.92801
81901,1.08244,3.33212
81902,1.08414,2.38175
81903,1.08584,3.30159
81904,1.08662,2.84672
81905,1.08836,1.53006
81906,1.08512,1.98848
81907,1.0862,1.4179
81908,1.08218,3.94231
81909,1.08038,3.10921
81910,1.08152,1.71042
81911,1.08187,1.93964
81912,1.08398,3.66623
81913,1.08061,2.55086
81914,1.08563,3.12938
81915,1.08288,1.66912
