bus_id,Vm,Va_deg
20401,1.1,18.6289
20402,1.1,18.927
20403,1.09028,-2.92474
20404,1.1,14.5331
20405,1.1,10.6689
20406,1.1,15.8146
20407,1.1,20.0066
20408,1.1,12.1396
20409,1.1,11.6918
20410,1.09039,1.33514
20411,1.09211,-3.52354
20412,1.09266,-4.46269
20413,1.1,9.56273
20414,1.08198,5.25977
20415,1.1,20.3442
20416,1.07901,-6.35841
20417,1.1,9.59865
20418,1.09251,-4.50661
20419,1.1,12.214
20420,1.09777,3.11298
20421,1.0506,-0.936236
20422,1.092,-4.43892
20423,1.1,15.5725
20424,1.09903,15.4825
20425,1.1,10.2197
20426,1.09422,2.11863
20427,1.05856,-2.1038
20428,1.1,20.3789
20429,1.09383,2.58171
20430,1.1,4.37001
20431,1.09793,2.89141
20432,1.09798,2.9544
20433,1.07088,-6.77736
20434,1.07091,-6.77034
20435,1.07737,-6.91865
20436,1.1,10.5769
20437,1.07723,5.12146
20438,1.09752,11.3461
20439,1.07343,-5.77784
20440,1.07353,2.43212
20441,1.09654,11.7623
20442,1.05696,-4.32169
20443,1.09706,19.3095
20444,1.07558,-5.42092
20445,1.08866,5.73489
20446,1.03912,-0.310519
20447,1.04854,0.0719608
20448,1.05847,-0.371754
20449,1.1,13.9419
20450,1.0462,-0.494385
20451,1.07093,1.61523
20452,1.06547,-1.7133
20453,1.06504,3.75352
20454,1.06307,3.00336
20455,1.08138,17.3163
20456,1.06814,-1.31625
20457,1.1,9.99845
20458,1.04928,14.1471
20459,1.1,8.7858
20460,1.1,6.33804
20461,1.03838,6.90784
20462,1.1,21.7396
20463,0.978116,1.76858
20464,1.1,11.8843
20465,1.1,6.44595
20466,0.970492,5.58433
20467,1.1,10.8134
20468,0.974975,1.69044
20469,1.03657,12.0731
20470,0.941741,0.735894
20471,1.00582,11.5977
20472,1.02641,6.9782
20473,1.00587,11.598
20474,0.975656,1.71261
20475,1.04574,13.4184
20476,0.992459,1.24241
20477,1.00807,-2.77554
20478,1.08847,17.0622
20479,1.00383,5.8102
20480,0.992187,7.51764
20481,0.926921,-1.13016
20482,1.09792,21.3993
20483,1.1,20.0732
20484,1.0877,12.9005
20485,0.998481,5.84609
20486,1.06026,2.23179
20487,1.03914,12.4107
20488,0.962156,0.481952
20489,0.973585,-1.85611
20490,0.966816,0.860694
20491,0.909123,-3.45098
20492,0.993245,5.36101
20493,1.07174,16.6779
20494,0.938086,-0.266826
20495,1.06779,16.7295
20496,0.99766,-3.07703
20497,1.0351,11.9754
20498,1.06337,15.0019
20499,0.906263,-3.48876
20500,1.03673,10.5038
20501,1.06835,16.8684
20502,1.1,20.1077
20503,1.09238,17.942
20504,0.96254,4.3808
20505,1.09673,10.2629
20506,1.04885,14.0925
20507,1.0575,1.91692
20508,1.05288,7.97683
20509,1.06699,13.09
20510,0.948253,-0.546038
20511,1.09093,16.9152
20512,1.05707,13.3129
20513,1.07527,15.6688
20514,1.06795,15.9359
20515,1.08277,17.4591
20516,1.09058,9.73129
20517,1.00014,5.23472
20518,1.1,18.9337
20519,1.09273,19.4863
20520,1.07347,17.5812
20521,1.08109,7.70004
20522,1.07139,17.1301
20523,1.08593,8.67061
20524,1.09128,9.84794
20525,1.05785,3.83862
20526,1.08963,17.3011
20527,1.07914,18.3355
20528,1.07173,15.947
20529,1.06991,15.5879
20530,1.06813,15.6549
20531,1.08789,11.1042
20532,0.957174,1.42784e-19
20533,1.09781,12.6327
20534,1.044,-1.83959
20535,1.09953,10.2796
20536,1.0439,12.5724
20537,1.1,13.2932
20538,1.06151,-4.67481
20539,0.942469,-0.792131
20540,1.00782,-6.65773
20541,1.1,10.6342
20542,1.09999,12.4488
20543,1.1,10.7615
20544,1.06014,-4.0353
20545,1.1,10.189
20546,1.01235,10.2826
20547,1.1,11.116
20548,1.02754,-3.6729
20549,1.09704,13.0766
20550,1.07658,3.76681
20551,0.984608,-4.79668
20552,0.987944,-2.08871
20553,1.04684,1.61497
20554,0.991107,-1.81959
20555,1.0656,7.46286
20556,1.05282,-0.259761
20557,1.08237,12.6915
20558,1.04768,3.12866
20559,1.06061,1.07206
20560,1.04449,1.33531
20561,1.05227,3.55339
20562,1.04247,-5.24664
20563,1.04512,-5.2206
20564,1.04457,1.34511
20565,1.04809,2.20422
20566,1.00392,-7.43386
20567,1.09431,11.0773
20568,1.06823,8.10104
20569,1.04841,-2.02976
20570,0.962542,-2.30824
20571,1.02383,3.17847
20572,1.03662,-8.62751
20573,1.02908,-7.17899
20574,1.00274,-6.85652
20575,1.03315,-8.12563
20576,1.02408,-6.52443
20577,1.00621,-7.07958
20578,1.02308,3.11063
20579,1.00974,-6.83941
20580,1.03584,11.2463
20581,1.04024,2.41066
20582,1.03197,-6.8892
20583,1.02883,-0.0752632
20584,1.00215,6.41781
20585,1.07275,4.216
20586,1.02425,-3.15893
20587,0.928811,-1.91068
20588,1.1,13.5647
20589,1.09379,10.8413
20590,1.02243,-5.83629
20591,0.967119,-3.91192
20592,1.01751,-4.9994
20593,1.03369,-6.84375
20594,1.03317,-6.85617
20595,1.03297,-6.87139
20596,1.03364,-6.77767
20597,1.03538,-6.51493
20598,1.03522,-6.52644
20599,1.03717,-6.29117
20600,1.0227,-7.92622
20601,1.02337,-7.86018
20602,1.01835,-9.04127
20603,1.01379,-9.33444
20604,1.01546,-9.01673
20605,1.01228,-9.37462
20606,1.01389,-9.27785
20607,1.01181,-9.39617
20608,1.01225,-9.36645
20609,1.01304,-9.31024
20610,1.01464,-9.15242
20611,1.0151,-9.07745
20612,1.01641,-8.99063
20613,1.03702,-5.34557
20614,1.03671,-5.3896
20615,1.02334,-7.78982
20616,1.02279,-7.83431
20617,1.02184,-7.96176
20618,1.02716,-7.44274
20619,1.01398,-9.07834
20620,1.0146,-8.96895
20621,1.02111,-8.48892
20622,1.02726,-7.82709
20623,1.02802,-7.37247
20624,1.01891,-8.75452
20625,1.01755,-8.86863
20626,1.01204,-9.6405
20627,1.02209,-7.96784
20628,1.01584,-9.27978
20629,1.02412,-7.80286
20630,1.01656,-8.94553
20631,1.0141,-9.36074
20632,1.01342,-9.63158
20633,1.0156,-8.93932
20634,1.0156,-8.97201
20635,1.02757,-7.41149
20636,1.01319,-9.49934
20637,1.0131,-9.54199
20638,1.03752,-5.38735
20639,1.02412,-7.73373
20640,1.01121,-9.58015
20641,1.00912,-9.94275
20642,1.01667,-8.72282
20643,1.01234,-9.3432
20644,1.00988,-9.52361
20645,1.01007,-9.945
20646,1.00618,-10.269
20647,1.00777,-10.178
20648,1.0076,-9.82109
20649,1.00819,-9.83758
20650,1.01564,-8.79185
20651,1.0225,-7.9174
20652,1.02154,-8.02324
20653,1.0326,-5.95877
20654,1.01081,-9.75223
20655,1.01552,-8.97046
20656,1.01399,-9.16219
20657,1.01326,-9.55999
20658,1.01224,-9.62812
20659,1.01155,-9.67528
20660,1.0132,-9.32638
20661,1.01361,-9.30306
20662,1.02758,-7.43283
20663,1.01755,-8.7903
20664,1.01202,-9.65775
20665,1.01006,-9.79023
20666,1.01073,-9.73047
20667,1.01723,-8.98031
20668,1.01423,-9.47724
20669,1.01652,-9.10268
20670,1.02716,-7.51899
20671,1.04945,-4.7918
20672,1.02774,-7.39999
20673,1.03984,-5.32276
20674,1.02678,-7.96243
20675,1.02345,-8.25062
20676,1.0201,-8.46635
20677,1.02274,-8.30045
20678,1.02923,-7.29631
20679,1.03005,-7.22059
20680,1.02064,-8.09092
20681,1.02227,-7.8953
20682,1.01133,-10.0577
20683,1.01128,-10.0624
20684,1.01156,-10.0093
20685,1.01109,-10.0117
20686,1.01668,-8.59219
20687,1.01168,-10.0367
20688,1.01351,-9.8437
20689,1.01435,-9.55631
20690,1.04015,-5.40035
20691,1.03233,-7.02757
20692,1.03711,-6.61923
20693,1.05465,-4.45326
20694,1.01679,-9.20933
20695,1.03302,-5.89735
20696,1.06733,5.86462
20697,1.06644,5.63508
20698,1.06635,5.62103
20699,1.06222,4.87723
20700,1.05747,4.4388
20701,1.0492,3.76607
20702,1.06666,5.67163
20703,1.05137,3.78392
20704,1.05521,3.9325
20705,1.07141,6.91008
20706,1.05206,3.73682
20707,1.05822,4.37225
20708,1.03897,2.92586
20709,1.05403,4.44281
20710,1.07252,7.10551
20711,1.09225,2.67835
20712,1.09801,3.42239
20713,1.09646,2.83723
20714,1.04339,-4.8449
20715,1.04171,-4.57949
20716,1.04137,-4.44682
20717,1.02499,-5.33337
20718,1.05985,2.45687
20719,1.05594,2.43241
20720,1.0791,5.39782
20721,1.04474,0.64541
20722,1.04483,0.618339
20723,1.06688,3.53776
20724,1.07815,5.63264
20725,1.06528,3.69958
20726,1.07695,5.27907
20727,1.04305,2.95734
20728,1.06275,4.81147
20729,1.06024,5.25217
20730,1.06138,5.06996
20731,1.06065,5.61171
20732,1.07418,1.49589
20733,1.06301,0.569692
20734,1.06773,0.64599
20735,1.07634,2.40094
20736,1.06762,1.29091
20737,1.07502,1.87117
20738,1.06031,0.206848
20739,1.05644,-2.71105
20740,1.06303,-1.60104
20741,1.07095,-0.557634
20742,1.06165,-1.82845
20743,1.06259,-1.76142
20744,1.0705,0.250533
20745,1.06461,-1.72136
20746,1.06022,-1.86702
20747,1.07207,0.808197
20748,1.09344,5.20012
20749,1.06972,0.0865485
20750,1.07279,8.84673
20751,1.09806,11.9307
20752,1.09785,11.8926
20753,1.08012,9.35411
20754,1.07735,9.21373
20755,1.07493,9.03495
20756,1.0724,8.97093
20757,1.0752,9.10616
20758,1.07568,9.13898
20759,1.08332,9.97437
20760,1.08234,9.85619
20761,1.08153,9.77318
20762,1.0973,11.8053
20763,1.08058,9.55944
20764,1.0806,9.64986
20765,1.07685,9.26409
20766,1.09632,11.6214
20767,1.08494,10.058
20768,1.07735,9.3312
20769,1.07918,9.96784
20770,1.07765,9.54873
20771,1.07717,9.39181
20772,1.08589,10.1091
20773,1.09486,11.3399
20774,1.07974,9.44704
20775,1.08471,9.98024
20776,1.07219,8.2082
20777,1.0687,7.95266
20778,1.06679,7.64329
20779,1.07395,8.33902
20780,1.07596,9.00289
20781,1.0841,10.3302
20782,1.05252,-0.116979
20783,1.05301,1.06955
20784,1.04656,0.17994
20785,1.048,0.986826
20786,1.04933,1.10928
20787,1.0508,1.16164
20788,1.05063,1.21559
20789,1.04422,0.437331
20790,1.08394,11.5314
20791,1.07485,11.8442
20792,1.09555,13.8533
20793,1.0868,12.0185
20794,1.08648,12.6559
20795,1.08273,12.8923
20796,1.09802,15.3226
20797,1.09355,14.4915
20798,1.09297,14.4548
20799,1.09273,14.4399
20800,1.03476,4.20627
20801,1.05803,6.45132
20802,1.05389,6.3805
20803,1.03434,4.24625
20804,1.03562,4.3824
20805,1.0745,8.38172
20806,1.06945,7.52502
20807,1.06873,7.55447
20808,1.06773,7.36932
20809,1.04988,5.41162
20810,1.03092,1.35877
20811,1.03528,2.57783
20812,1.03226,1.99115
20813,1.02702,1.52468
20814,1.02552,2.11188
20815,1.04211,3.8875
20816,1.00131,-9.59176
20817,1.00591,-9.43549
20818,1.01054,-9.16752
20819,1.00837,-9.50394
20820,1.02441,-6.9733
20821,1.00583,-9.43656
20822,1.00421,-9.77601
20823,1.0062,-9.71063
20824,1.01349,-8.90621
20825,1.04677,-2.64875
20826,1.04326,-3.03894
20827,1.04848,-2.00459
20828,1.04336,-3.01031
20829,1.04011,-3.54971
20830,1.04327,-2.97129
20831,1.04728,-2.45685
20832,1.03983,-3.53609
20833,1.04295,-3.00203
20834,1.04132,-3.45091
20835,1.04392,-3.08567
20836,1.0439,-3.09906
20837,1.04658,-2.73211
20838,1.0368,-3.87326
20839,1.0379,-3.84854
20840,1.04314,-3.04245
20841,1.04828,-2.03367
20842,1.04641,-2.89482
20843,1.03588,-3.91832
20844,1.03833,-3.57386
20845,1.03505,-4.0057
20846,1.05009,-1.61258
20847,1.0499,-1.78711
20848,1.04157,-3.09976
20849,1.04514,-2.71594
20850,1.04212,-3.3696
20851,1.04242,-3.69002
20852,1.04615,-3.40708
20853,1.04016,-3.56726
20854,1.04336,-3.16458
20855,1.08539,13.7981
20856,1.08471,13.4084
20857,1.09397,14.6309
20858,1.08427,13.1921
20859,1.07923,12.4034
20860,1.09285,14.5517
20861,1.09264,14.5319
20862,1.03387,-4.46619
20863,1.02284,-6.48847
20864,1.04664,-2.76851
20865,1.04745,-2.59427
20866,1.03336,-4.58839
20867,1.03647,-4.10981
20868,1.03499,-4.31691
20869,1.02776,-5.73567
20870,1.03383,-3.88757
20871,1.0278,-4.83464
20872,1.02938,-4.73468
20873,1.04523,-3.07659
20874,1.03401,-4.68502
20875,1.05201,-2.3124
20876,1.04061,-4.18028
20877,1.04375,-3.36869
20878,1.08322,4.70829
20879,1.04551,-2.53228
20880,1.04287,-2.57572
20881,1.04138,-2.86177
20882,1.05586,-0.68257
20883,1.04239,-2.67238
20884,1.04162,-2.84453
20885,1.04137,-2.35444
20886,1.03295,-4.19658
20887,1.04093,-3.05156
20888,1.05563,-0.71473
20889,1.03963,-3.59321
20890,1.03144,-4.30605
20891,1.04207,-2.96981
20892,1.04443,-2.79761
20893,1.05796,-0.447375
20894,1.04331,-2.72099
20895,1.03424,-4.14117
20896,1.03405,-4.18822
20897,1.04183,-2.91909
20898,1.02637,-0.686896
20899,1.03799,-0.163683
20900,1.03614,-0.534776
20901,1.03773,-0.155295
20902,1.03632,-0.0413233
20903,1.03565,-0.0709123
20904,1.03465,0.0200971
20905,1.07713,9.42326
20906,1.08382,10.0352
20907,1.0853,10.2178
20908,1.0859,10.2794
20909,1.08644,10.3405
20910,1.09928,12.201
20911,1.07983,9.71916
20912,1.08683,10.3685
20913,1.09803,11.9881
20914,1.0851,10.1131
20915,1.08498,10.1706
20916,1.08002,9.94428
20917,1.07963,10.7223
20918,1.0848,10.0595
20919,1.08357,9.9177
20920,1.08207,9.765
20921,1.09104,11.7198
20922,1.08442,10.42
20923,1.08781,10.5842
20924,1.09911,12.3483
20925,1.08598,6.76084
20926,1.0857,5.58676
20927,1.08888,7.02602
20928,1.08964,7.86142
20929,1.0946,9.09378
20930,1.01714,0.711443
20931,1.03905,4.88344
20932,1.0238,2.5378
20933,1.02052,1.96759
20934,1.02206,0.711508
20935,1.03839,-4.43919
20936,1.05229,-3.01472
20937,1.03317,-4.95023
20938,1.0605,-1.96017
20939,1.05546,-2.63909
20940,1.06363,-1.87411
20941,1.08235,17.2103
20942,1.06493,14.7014
20943,1.08476,15.9761
20944,1.08455,15.7857
20945,1.0851,16.0656
20946,1.08662,16.223
20947,1.07365,14.6395
20948,1.03807,-4.56553
20949,1.04618,-3.22607
20950,1.03762,-4.74912
20951,1.03282,-4.85213
20952,1.04523,-3.15869
20953,1.03561,-4.66211
20954,1.0562,-1.53247
20955,1.04104,-4.04319
20956,1.03009,-5.85425
20957,1.04083,-3.25888
20958,1.04731,-2.74594
20959,1.05125,-2.4539
20960,1.05173,-2.43141
20961,1.04692,-3.12021
20962,1.03473,-4.69978
20963,1.04476,-3.51154
20964,1.07798,10.0121
20965,1.07378,8.94632
20966,1.09447,11.4307
20967,1.09564,12.5561
20968,1.08295,10.9514
20969,1.09379,12.1549
20970,1.09377,12.1036
20971,1.07893,10.9355
20972,1.08496,10.6556
20973,1.07206,2.1831
20974,1.06126,1.4015
20975,1.06276,1.66145
20976,1.07065,2.63762
20977,1.05483,2.02191
20978,1.06727,2.85983
20979,1.0674,2.98872
20980,1.0642,1.73013
20981,1.06079,1.83452
20982,1.07023,2.75786
20983,1.06311,2.11461
20984,1.06507,1.90577
20985,1.07105,2.63476
20986,1.06511,1.97622
20987,1.06289,1.78894
20988,1.06248,1.83957
20989,1.0564,1.01334
20990,1.0546,1.52276
20991,1.0587,1.81038
20992,1.06669,3.28004
20993,1.06571,3.13849
20994,1.06016,1.99485
20995,1.06124,2.53396
20996,1.06253,2.86303
20997,1.06104,2.07704
20998,1.07187,4.23957
20999,1.06616,3.00134
21000,1.06717,3.16578
21001,1.07194,4.24873
21002,1.07187,4.24863
21003,1.06869,3.07483
21004,1.07065,4.0697
21005,1.06316,2.69837
21006,1.06395,2.81884
21007,1.06244,2.8346
21008,1.07233,4.32234
21009,1.06775,3.3577
21010,1.06819,3.29335
21011,1.06913,3.73228
21012,1.03151,-1.88565
21013,1.04051,0.0191034
21014,1.05862,2.05965
21015,1.03399,-1.42902
21016,1.02073,-2.49829
21017,1.02438,-2.29833
21018,1.02254,-2.89313
21019,1.0338,0.362215
21020,1.02977,-0.00748221
21021,1.03041,0.14957
21022,1.08294,11.0718
21023,1.0966,12.6905
21024,1.09641,13.1546
21025,1.09708,12.8453
21026,1.09776,12.6633
21027,1.08191,11.1775
21028,1.07822,5.84317
21029,1.07334,5.57814
21030,1.0907,9.09479
21031,1.05893,3.82143
21032,1.06159,3.94449
21033,1.05537,3.78888
21034,1.04741,3.30141
21035,1.0513,3.86072
21036,1.05205,3.91372
21037,1.04611,3.11814
21038,1.06756,4.34625
21039,1.03874,2.27945
21040,1.06574,4.24743
21041,1.05983,3.67775
21042,1.07233,4.22757
21043,1.05565,3.57297
21044,1.05665,3.61991
21045,1.0573,3.65173
21046,1.04297,2.52677
21047,1.04629,3.2649
21048,1.05188,4.43386
21049,1.02298,-3.3583
21050,1.01877,-3.53051
21051,1.04062,-1.31764
21052,1.04375,-1.01911
21053,1.05102,0.89252
21054,1.02608,-3.18943
21055,1.02753,-3.1094
21056,1.02869,-2.99257
21057,1.03151,-2.67662
21058,1.03014,-2.85443
21059,1.03668,-1.92723
21060,1.02396,-3.01965
21061,1.02774,-2.54292
21062,1.0673,0.492946
21063,1.04863,-1.66271
21064,1.06094,-0.405844
21065,1.05874,-0.624461
21066,1.05932,-0.571844
21067,1.04432,-1.90481
21068,1.04642,-1.68068
21069,1.05833,-0.668966
21070,1.04745,-1.73028
21071,1.04887,-1.64552
21072,1.06664,0.535805
21073,1.05169,-1.66241
21074,1.05778,-0.613554
21075,1.05774,-0.488383
21076,1.04554,-2.58599
21077,1.05635,-0.870986
21078,1.06103,-0.420217
21079,1.05157,-0.744976
21080,1.04721,-1.29136
21081,1.04603,-1.60541
21082,1.02434,-7.99417
21083,1.03773,-5.61609
21084,1.03629,-5.85458
21085,1.03534,-6.00527
21086,1.03373,-6.60074
21087,1.03735,-5.84834
21088,1.04833,-3.65379
21089,1.04787,-3.7265
21090,1.04378,-4.07963
21091,1.04606,4.75638
21092,1.04632,4.84923
21093,1.04832,5.07883
21094,1.04747,5.02704
21095,1.04528,4.72451
21096,1.04815,5.13829
21097,1.06308,6.66306
21098,1.0562,6.53296
21099,1.0589,6.90823
21100,1.04024,6.19459
21101,1.06545,-2.84604
21102,1.06759,-1.90269
21103,1.0543,-2.67353
21104,1.06256,-3.27291
21105,1.07476,-1.14814
21106,1.09477,2.844
21107,1.08479,0.337444
21108,1.09641,3.2163
21109,1.04648,-4.18322
21110,1.04919,-4.34442
21111,1.03206,-5.8218
21112,1.03696,-5.26759
21113,1.04523,-4.31243
21114,1.04509,-4.31004
21115,1.04353,-4.18864
21116,1.0791,9.04373
21117,1.09254,10.8867
21118,1.08398,9.92811
21119,1.08612,10.1606
21120,1.09874,11.9341
21121,1.0844,9.76867
21122,1.08552,10.2345
21123,1.06021,5.98643
21124,1.03569,2.85035
21125,1.03486,2.87808
21126,1.04614,4.98522
21127,1.03757,3.15426
21128,1.05694,6.02981
21129,1.05658,2.94236
21130,1.05112,2.23265
21131,1.04971,2.17134
21132,1.07425,5.09032
21133,1.06004,3.23102
21134,1.05224,2.45898
21135,1.05988,3.24995
21136,1.04304,1.72272
21137,1.06256,3.48315
21138,1.06425,3.59726
21139,1.06063,3.34016
21140,1.06171,3.42915
21141,1.06253,3.52458
21142,1.06431,3.75896
21143,1.04536,2.34527
21144,1.04254,1.92186
21145,1.04527,2.18432
21146,1.04732,2.37458
21147,1.0469,2.4415
21148,1.04653,2.63036
21149,1.03439,1.9848
21150,1.05874,3.33606
21151,1.09928,14.273
21152,1.09831,13.5795
21153,1.07041,12.7693
21154,1.06827,13.0674
21155,1.06861,13.1274
21156,1.07565,14.4339
21157,1.06952,13.1798
21158,1.07129,13.277
21159,1.08921,14.3425
21160,1.08205,15.0382
21161,1.02798,-7.18016
21162,1.0337,-6.54886
21163,1.03641,-4.60024
21164,1.02299,-8.01452
21165,1.0307,-8.62489
21166,1.02884,-7.42314
21167,1.02859,-7.6412
21168,1.02996,-7.80227
21169,1.03748,-6.78547
21170,1.03973,-6.30568
21171,1.04021,-6.3918
21172,1.04055,-6.63068
21173,1.0382,-6.77178
21174,1.03622,-6.96565
21175,1.04216,-5.77408
21176,1.03542,-6.92822
21177,1.04739,-4.41594
21178,1.05523,-2.32424
21179,1.04599,-4.05126
21180,1.01815,-6.91769
21181,1.02133,-5.89469
21182,1.01832,-6.35112
21183,1.02609,-5.01389
21184,1.02946,-5.19656
21185,1.01308,-7.98382
21186,1.01315,-8.2015
21187,1.00706,-8.55822
21188,1.06029,-7.37423
21189,1.06045,-7.40389
21190,1.08947,-4.43933
21191,1.08713,-4.33092
21192,1.0602,-7.72377
21193,1.09124,-4.50988
21194,1.07469,-6.49092
21195,1.07531,-6.49068
21196,1.07562,-6.48376
21197,1.06645,-7.19802
21198,1.06351,-7.39309
21199,1.06311,-7.33777
21200,1.06557,-7.18516
21201,1.06694,-7.11125
21202,1.06594,-6.78697
21203,1.06608,-6.73307
21204,1.06591,-6.80115
21205,1.06652,-7.10986
21206,1.06635,-7.1417
21207,1.06432,-7.22624
21208,1.06287,-7.24089
21209,1.06504,-7.17973
21210,1.06554,-7.14682
21211,1.06108,-7.30552
21212,1.0602,-7.2848
21213,1.05821,-7.29442
21214,1.05928,-7.31272
21215,1.05692,-7.31515
21216,1.07477,-6.5014
21217,1.07265,-7.35135
21218,1.07609,-7.07764
21219,1.07365,-7.5033
21220,1.07047,-7.38268
21221,1.06632,-7.38057
21222,1.05931,-8.20567
21223,1.0569,-8.23939
21224,1.06496,-7.35825
21225,1.06258,-7.2873
21226,1.06716,-7.13364
21227,1.05787,-7.82361
21228,1.05719,-7.86111
21229,1.05575,-8.11794
21230,1.05434,-8.17532
21231,1.05294,-8.17604
21232,1.0522,-8.1549
21233,1.05609,-7.84808
21234,1.06043,-7.80263
21235,1.05846,-7.83491
21236,1.07246,-6.99219
21237,1.06844,-7.2809
21238,1.09206,-4.5171
21239,1.09208,-4.54182
21240,1.06973,-7.35109
21241,1.06761,-7.39315
21242,1.06767,-7.21279
21243,1.06871,-7.28878
21244,1.06979,-7.22743
21245,1.07155,-7.09697
21246,1.07398,-7.24403
21247,1.07269,-7.34595
21248,1.05154,-7.97149
21249,1.0515,-8.03892
21250,1.05942,-6.63408
21251,1.05077,-8.02891
21252,1.06207,-6.933
21253,1.06191,-6.80795
21254,1.06228,-7.06986
21255,1.05745,-7.72929
21256,1.05797,-7.63367
21257,1.05697,-7.70007
21258,1.07778,-4.62252
21259,1.05862,-7.59929
21260,1.05933,-7.3035
21261,1.05897,-7.69143
21262,1.06097,-7.43356
21263,1.06048,-7.35201
21264,1.06241,-6.45188
21265,1.05784,-7.3001
21266,1.05408,-7.77032
21267,1.05955,-7.39593
21268,1.05616,-7.56345
21269,1.04942,-7.77903
21270,1.04862,-7.97536
21271,1.05224,-7.84782
21272,1.05127,-7.86471
21273,1.04153,-7.99765
21274,1.06055,-6.47674
21275,1.05757,-6.58933
21276,1.05705,-6.65229
21277,1.05109,-7.25541
21278,1.05235,-7.18191
21279,1.0564,-6.31709
21280,1.05617,-6.45313
21281,1.0604,-6.48779
21282,1.04969,-7.4479
21283,1.04864,-7.39051
21284,1.04831,-7.45583
21285,1.04814,-7.49423
21286,1.05056,-7.43399
21287,1.06172,-6.38079
21288,1.06188,-6.5334
21289,1.07672,-4.60906
21290,1.06028,-6.56421
21291,1.04717,-7.64687
21292,1.05503,-5.66424
21293,1.04694,-7.43846
21294,1.05578,-6.1965
21295,1.04654,-7.14566
21296,1.05597,-6.01294
21297,1.05466,-6.10533
21298,1.05619,-5.54446
21299,1.04234,-7.1053
21300,1.04383,-5.99946
21301,1.06156,-4.18342
21302,1.0606,-4.29495
21303,1.0508,-5.52249
21304,1.04988,-5.4639
21305,1.08944,-3.11058
21306,1.0797,-3.9734
21307,1.08189,-3.79312
21308,1.08144,-3.7925
21309,1.08094,-3.7654
21310,1.07823,-4.05253
21311,1.0788,-4.02443
21312,1.08172,-3.6792
21313,1.0876,-2.88174
21314,1.08635,-2.8582
21315,1.08122,-3.67085
21316,1.08099,-3.78305
21317,1.08082,-3.68388
21318,1.0713,-4.10528
21319,1.06697,-2.99878
21320,1.05578,-3.92352
21321,1.06234,-3.85001
21322,1.06723,-4.24056
21323,1.07991,-2.66702
21324,1.06503,-4.17407
21325,1.08048,-2.71103
21326,1.06943,-4.9044
21327,1.07849,-3.5569
21328,1.06908,-4.9852
21329,1.05683,-4.68429
21330,1.05399,-5.55946
21331,1.05239,-2.69778
21332,1.08304,-3.57264
21333,1.05864,7.87511
21334,1.07317,8.15288
21335,1.06585,8.81571
21336,1.07316,8.74473
21337,1.06483,7.85421
21338,1.06768,8.22347
21339,1.09574,11.1842
21340,1.06685,7.90222
21341,1.07507,8.47114
21342,1.07288,8.6537
21343,1.05424,-0.852545
21344,1.05179,-1.15448
21345,1.05489,-0.858816
21346,1.05397,-0.972745
21347,1.05377,-1.01761
21348,1.05333,-1.11557
21349,1.05273,-1.17946
21350,1.05088,-1.5965
21351,1.05232,-1.24841
21352,1.0529,-1.15989
21353,1.05483,-0.699641
21354,1.05306,-0.908977
21355,1.05222,-1.03841
21356,1.05609,-0.683714
21357,1.05496,-0.853667
21358,1.05397,-1.01466
21359,1.05173,-1.85113
21360,1.05542,-0.624216
21361,1.0551,-0.673009
21362,1.05454,-0.757348
21363,1.04805,-2.06376
21364,1.04988,-1.66516
21365,1.05038,-1.60386
21366,1.04997,-1.35284
21367,1.05381,-0.87822
21368,1.05759,-0.187802
21369,1.05758,0.0247956
21370,1.05188,-1.39884
21371,1.05136,-1.52753
21372,1.04769,-0.612121
21373,1.05698,-0.254634
21374,1.05178,-0.177476
21375,1.05459,0.125062
21376,1.0559,-0.0830767
21377,1.05511,0.466192
21378,1.05408,-0.907575
21379,1.05425,-0.93751
21380,1.06694,3.89798
21381,1.08909,8.86405
21382,1.07715,5.11486
21383,1.06957,3.86949
21384,1.06897,4.21507
21385,1.0681,4.1253
21386,1.069,4.23504
21387,1.07663,5.09674
21388,1.06612,3.88414
21389,1.06482,3.66397
21390,1.06753,4.05539
21391,1.07583,5.17363
21392,1.06567,3.8104
21393,1.0661,3.89231
21394,1.06162,3.36902
21395,1.05909,3.09985
21396,1.0663,3.91133
21397,1.06923,3.80212
21398,1.06913,3.76209
21399,1.06682,3.44773
21400,1.07443,4.74157
21401,1.06709,3.53125
21402,1.06346,3.17953
21403,1.06674,3.40152
21404,1.06672,3.36948
21405,1.06251,3.01532
21406,1.05773,2.08277
21407,1.06182,2.82939
21408,1.05967,2.69061
21409,1.05767,2.4889
21410,1.05921,2.78779
21411,1.06019,2.79913
21412,1.06533,3.36489
21413,1.0637,3.39258
21414,1.0636,3.19164
21415,1.0642,3.50208
21416,1.05726,2.82557
21417,1.05874,2.95895
21418,1.05748,2.74041
21419,1.06283,3.24815
21420,1.05912,2.68244
21421,1.05935,2.75504
21422,1.05929,2.8125
21423,1.05965,2.90458
21424,1.06198,3.16982
21425,1.06061,3.0568
21426,1.06098,3.10723
21427,1.05736,2.55013
21428,1.06112,3.09304
21429,1.06144,3.12048
21430,1.05672,2.53184
21431,1.05676,2.53805
21432,1.05929,2.84042
21433,1.05752,2.65135
21434,1.06786,3.46144
21435,1.06882,3.72251
21436,1.05396,1.71596
21437,1.05096,1.43725
21438,1.05016,1.41008
21439,1.05334,1.63045
21440,1.03498,0.495586
21441,1.0466,1.08339
21442,1.05074,2.0609
21443,1.04506,1.04988
21444,1.04397,0.932725
21445,1.03814,0.605757
21446,1.05914,2.59721
21447,1.05766,2.56437
21448,1.05322,2.25264
21449,1.04269,0.995815
21450,1.03976,0.816447
21451,1.0407,0.882596
21452,1.05451,2.36008
21453,1.03973,0.791234
21454,1.05697,2.56043
21455,1.05729,2.61297
21456,1.07038,4.52711
21457,1.07728,5.70072
21458,1.07602,5.27891
21459,1.06712,4.05666
21460,1.0763,5.38138
21461,1.07011,4.41602
21462,1.07663,5.47391
21463,1.0708,4.57051
21464,1.0771,5.60998
21465,1.07586,5.21939
21466,1.06685,4.01989
21467,1.06671,3.96406
21468,1.05929,2.97485
21469,1.06274,3.41622
21470,1.05666,2.85457
21471,1.06469,3.66167
21472,1.06636,3.90202
21473,1.06467,3.92335
21474,1.06712,4.07924
21475,1.06617,3.86433
21476,1.0613,2.96837
21477,1.07283,4.61009
21478,1.07472,4.93308
21479,1.0672,4.0061
21480,1.06467,3.84223
21481,1.06773,4.19049
21482,1.06391,3.80913
21483,1.09392,9.41874
21484,1.07728,5.6339
21485,1.06831,4.24333
21486,1.06382,3.52646
21487,1.09334,9.07537
21488,1.06847,4.19926
21489,1.07649,5.283
21490,1.06208,3.28276
21491,1.05762,2.55145
21492,1.057,2.5175
21493,1.05975,2.88664
21494,1.05815,2.70963
21495,1.05885,2.76712
21496,1.06017,2.9222
21497,1.06074,2.97332
21498,1.0615,3.03341
21499,1.0618,3.16842
21500,1.05923,2.56606
21501,1.0716,4.46194
21502,1.06138,2.98406
21503,1.05959,2.82878
21504,1.05944,2.8079
21505,1.05867,2.73919
21506,1.05287,2.0156
21507,1.05372,2.02796
21508,1.05305,2.03415
21509,1.05291,2.06505
21510,1.06057,2.90843
21511,1.07169,4.47331
21512,1.06272,3.1562
21513,1.06219,3.15123
21514,1.06294,3.10849
21515,1.06242,3.06266
21516,1.06207,3.03391
21517,1.06199,3.02497
21518,1.05576,2.10045
21519,1.06217,3.02782
21520,1.06204,3.02433
21521,1.07138,4.3553
21522,1.07115,4.30765
21523,1.05738,2.17045
21524,1.05818,2.06512
21525,1.07174,4.42056
21526,1.06624,3.44051
21527,1.06678,3.49349
21528,1.06204,2.83037
21529,1.07124,4.40252
21530,1.06001,2.7351
21531,1.0676,3.57572
21532,1.05965,2.6808
21533,1.05858,2.61284
21534,1.05802,2.63766
21535,1.0559,1.9658
21536,1.07312,4.45956
21537,1.05779,2.68636
21538,1.07313,4.65288
21539,1.06817,3.62925
21540,1.07735,5.07762
21541,1.0757,5.03945
21542,1.05823,2.6923
21543,1.05754,2.63802
21544,1.05617,2.51414
21545,1.05611,2.5517
21546,1.04033,0.824818
21547,1.07019,4.17378
21548,1.03765,0.693508
21549,1.05323,2.2804
21550,1.03595,0.573767
21551,1.03449,0.523226
21552,1.03664,0.739451
21553,1.04156,0.944596
21554,1.04365,1.02983
21555,1.05621,2.60261
21556,1.0594,2.83737
21557,1.05767,2.69087
21558,1.07064,4.24019
21559,1.06243,3.10223
21560,1.06127,3.00852
21561,1.07164,4.33834
21562,1.04811,1.34554
21563,1.0594,2.91491
21564,1.04133,0.916202
21565,1.06875,4.08499
21566,1.06447,3.4735
21567,1.06939,3.99637
21568,1.06793,3.8735
21569,1.06719,3.81451
21570,1.08141,5.20371
21571,1.06548,3.36596
21572,1.05515,2.57049
21573,1.06286,3.15787
21574,1.06387,3.23236
21575,1.05653,2.61027
21576,1.05735,2.6625
21577,1.06695,3.67014
21578,1.066,3.61218
21579,1.06506,3.56281
21580,1.05267,2.40537
21581,1.05184,2.38228
21582,1.06217,3.35592
21583,1.05433,2.49087
21584,1.0552,2.55246
21585,1.05566,2.60167
21586,1.06138,3.40597
21587,1.06133,3.30252
21588,1.0608,3.27168
21589,1.0491,2.08153
21590,1.05372,2.34866
21591,1.07454,4.58408
21592,1.0494,2.223
21593,1.04083,1.60895
21594,1.05427,2.81878
21595,1.04433,1.73312
21596,1.05371,2.38416
21597,1.05536,2.89109
21598,1.06165,3.18731
21599,1.05191,2.144
21600,1.07494,4.96875
21601,1.06813,4.17553
21602,1.06247,3.09391
21603,1.074,4.80912
21604,1.05634,-1.75737
21605,1.0469,-3.63853
21606,1.04953,-4.46103
21607,1.06147,-3.81508
21608,1.07146,-2.22361
21609,1.07304,-1.86722
21610,1.05206,-4.38026
21611,1.05286,-4.77681
21612,1.05576,-4.36034
21613,1.04886,-4.63634
21614,1.02543,-8.01228
21615,1.04364,-4.25868
21616,1.07246,10.8521
21617,1.07879,12.2206
21618,1.07536,11.9547
21619,1.0634,-1.45768
21620,1.06562,-0.69549
21621,1.06677,-0.484357
21622,1.06824,-1.21351
21623,1.06809,-1.31699
21624,1.066,-0.822969
21625,1.0587,-1.49426
21626,1.06032,-1.1353
21627,1.06641,-0.542614
21628,1.0677,-0.165879
21629,1.04844,6.33372
21630,1.04772,6.19236
21631,1.05522,7.19076
21632,1.04982,6.39626
21633,1.04874,6.35606
21634,1.0573,7.21319
21635,1.05196,6.61429
21636,1.05861,7.28347
21637,1.05606,6.85398
21638,1.04965,6.40731
21639,1.04866,6.38815
21640,1.06916,7.15217
21641,1.0664,6.91165
21642,1.04974,6.18597
21643,1.05258,6.25673
21644,1.06202,6.93178
21645,1.06143,7.02104
21646,1.06145,7.11093
21647,1.05601,7.2471
21648,1.05726,7.35469
21649,1.05922,7.51865
21650,1.06432,7.99213
21651,1.08518,9.38399
21652,1.07424,7.58821
21653,1.07216,7.24558
21654,1.064,6.7952
21655,1.07179,6.41374
21656,1.06127,6.84549
21657,1.06254,7.44945
21658,1.06407,7.84461
21659,1.04732,6.25267
21660,1.05973,3.17722
21661,1.06928,4.34088
21662,1.07232,5.26672
21663,1.06406,3.71619
21664,1.06359,3.94029
21665,1.06414,3.7718
21666,1.07287,5.78244
21667,1.08604,8.56418
21668,1.05351,3.37997
21669,1.06346,3.38515
21670,1.06121,3.40813
21671,1.07573,4.50839
21672,1.07516,4.49843
21673,1.05767,4.8728
21674,1.0504,4.05533
21675,1.07583,4.49471
21676,1.07223,4.72349
21677,1.07826,6.00307
21678,1.08433,5.77053
21679,1.08141,5.84609
21680,1.07534,5.42231
21681,1.08377,6.44578
21682,1.07096,-2.21947
21683,1.08358,-0.152381
21684,1.0878,1.54376
21685,1.09835,3.4086
21686,1.02257,-7.24745
21687,1.01398,-8.59205
21688,1.02309,-7.18772
21689,1.01292,-8.43897
21690,1.04358,-3.42703
21691,1.04384,-3.41054
21692,1.02528,-7.10885
21693,1.0267,-6.67664
21694,1.00836,-9.19897
21695,1.02372,-7.28403
21696,1.06607,7.32467
21697,1.0722,7.39447
21698,1.06536,8.33111
21699,1.06461,10.1632
21700,1.07159,11.2602
21701,1.07351,11.1801
21702,1.07123,10.6361
21703,1.05878,10.1091
21704,1.0802,7.28883
21705,1.07189,8.259
21706,1.08282,9.68829
21707,1.07999,8.06109
21708,1.0882,10.1488
21709,1.0791,6.97321
21710,1.08201,8.19227
21711,1.07987,7.62664
21712,1.0591,5.92837
21713,1.07099,13.7053
21714,1.09704,15.3689
21715,1.0919,15.6913
21716,1.07868,14.2718
21717,1.07921,14.1612
21718,1.08797,14.5357
21719,1.09664,15.3943
21720,1.08333,15.0936
21721,1.0824,15.6389
21722,1.07262,-4.86966
21723,1.08765,-3.28499
21724,1.07923,-4.36989
21725,1.08872,-3.45143
21726,1.09045,-3.52981
21727,1.06928,-5.76236
21728,1.06193,-7.19221
21729,1.0698,-6.15714
21730,1.05095,-7.51145
21731,1.06374,-6.00454
21732,1.04835,-7.3937
21733,1.05034,-7.28298
21734,1.06576,-5.9248
21735,1.04935,-7.58698
21736,1.04778,-7.61194
21737,1.06112,-4.96475
21738,1.04174,-6.91762
21739,1.03585,-6.41051
21740,1.05744,-5.03603
21741,1.03918,-6.72132
21742,1.03832,-6.74155
21743,1.03671,-6.8254
21744,1.0355,-6.71168
21745,1.05377,-4.77501
21746,1.03737,-7.93328
21747,1.04199,-7.82481
21748,1.04613,-5.69522
21749,1.0492,-5.36422
21750,1.05405,-4.88356
21751,1.05056,-1.31818
21752,1.07363,-5.70176
21753,1.07637,-5.38377
21754,1.05605,16.2866
21755,1.05903,15.395
21756,1.06647,15.9439
21757,1.08411,17.531
21758,1.09557,19.4624
21759,1.07208,16.1593
21760,1.07348,16.3541
21761,1.06883,-1.48199
21762,1.07735,-0.952012
21763,1.07919,-0.859409
21764,1.07867,-0.216168
21765,1.04841,4.04574
21766,1.04607,4.59996
21767,1.0545,5.84017
21768,1.05397,5.66839
21769,1.05192,5.09898
21770,1.06186,6.59426
21771,1.06025,6.63205
21772,1.02795,-4.66967
21773,1.02747,-5.15869
21774,1.02865,-4.57544
21775,1.02866,-4.405
21776,1.02916,-4.29206
21777,1.03255,-4.07288
21778,1.04375,-1.95531
21779,1.03089,-3.73831
21780,1.0315,3.83294
21781,1.03398,3.96899
21782,1.04096,4.6322
21783,1.05586,5.86453
21784,1.05224,5.94289
21785,1.06657,7.09541
21786,1.03425,0.322026
21787,1.03,-0.734189
21788,1.03627,0.560939
21789,1.03442,0.442821
21790,1.04295,1.16149
21791,1.04896,-3.34198
21792,1.04177,-4.06401
21793,1.04055,-4.10308
21794,1.04604,-3.39731
21795,1.043,-4.01901
21796,1.04731,-3.40898
21797,1.04271,-4.07854
21798,1.04186,-4.1053
21799,1.04036,-4.21779
21800,1.03811,-4.44548
21801,1.03888,-4.3567
21802,1.03565,-4.63866
21803,1.03706,-4.55392
21804,1.03659,-4.59257
21805,1.03766,-4.58278
21806,1.03858,-4.53789
21807,1.03742,-4.51161
21808,1.04839,-3.30968
21809,1.04356,-4.04014
21810,1.04452,-3.96732
21811,1.04786,-3.39328
21812,1.04873,-3.34937
21813,1.04946,-3.30836
21814,1.04889,-3.69877
21815,1.05103,-3.21297
21816,1.05181,-3.23895
21817,1.06155,-1.20709
21818,1.05088,-3.34393
21819,1.04801,-3.33397
21820,1.03949,-4.48863
21821,1.03918,-4.50002
21822,1.04018,-4.42288
21823,1.03899,-4.50138
21824,1.04774,-3.59514
21825,1.0436,-3.98738
21826,1.04732,-3.08259
21827,1.04736,-2.94276
21828,1.04821,-2.78817
21829,1.0592,-1.04675
21830,1.04382,-3.78714
21831,1.03665,-4.80455
21832,1.04505,-3.63187
21833,1.07161,-1.68349
21834,1.06841,-1.16436
21835,1.04544,-3.3428
21836,1.05332,-3.06113
21837,1.03841,-4.27202
21838,1.03745,-4.32857
21839,1.0338,-4.53533
21840,1.04312,-3.49772
21841,1.04367,-3.46769
21842,1.03759,-3.92148
21843,1.03575,-4.19053
21844,1.03915,-3.84401
21845,1.04644,-2.22633
21846,1.04582,-2.29221
21847,1.044,-2.47688
21848,1.04547,-2.34705
21849,1.03448,-4.70686
21850,1.04964,-2.38522
21851,1.03529,-4.32592
21852,1.03198,-4.55878
21853,1.03299,-4.86076
21854,1.03392,-4.3124
21855,1.05859,-1.09098
21856,1.05897,-0.95784
21857,1.04678,-3.85861
21858,1.0488,-3.67231
21859,1.04774,-3.77134
21860,1.05172,-3.62914
21861,1.05487,-3.68861
21862,1.07837,-2.76891
21863,1.07823,-2.74665
21864,1.05753,-3.50778
21865,1.04812,-3.15107
21866,1.05543,7.30209
21867,1.06483,8.35744
21868,1.06677,8.49787
21869,1.06768,8.55629
21870,1.07697,9.20192
21871,1.04665,1.05972
21872,1.03734,0.414414
21873,1.05956,3.01255
21874,1.05392,2.34342
21875,1.0607,3.3613
21876,1.05415,2.2901
21877,1.05434,2.31804
21878,1.06147,3.56469
21879,1.06302,3.88871
21880,1.06384,4.41419
21881,1.09097,15.7757
21882,1.09436,16.6253
21883,1.09427,16.8438
21884,1.08418,16.7381
21885,1.09235,17.426
21886,1.06777,-2.53706
21887,1.06707,-2.27207
21888,1.07039,-2.10806
21889,1.07845,-1.44275
21890,1.06706,-1.9685
21891,1.06411,-1.61696
21892,1.05858,-1.98333
21893,0.988855,-8.88413
21894,0.996191,-8.09677
21895,0.983819,-9.62102
21896,0.993353,-8.75397
21897,0.993117,-9.03043
21898,0.990612,-9.39631
21899,0.990947,-9.6138
21900,1.00052,-8.757
21901,0.998644,-9.50102
21902,1.08985,11.484
21903,1.09386,12.671
21904,1.09355,12.3875
21905,1.08597,11.6486
21906,1.0949,12.7336
21907,1.09483,9.65651
21908,1.06636,8.22577
21909,1.07639,8.44075
21910,1.06943,1.75724
21911,1.06856,1.70627
21912,1.07148,2.23113
21913,1.07202,2.2201
21914,1.07076,2.20863
21915,1.07039,2.23325
21916,1.06654,1.59566
21917,1.06676,1.59904
21918,1.06578,1.56783
21919,1.07162,2.31801
21920,1.07158,2.34469
21921,1.06977,1.69428
21922,1.07165,2.38845
21923,1.07184,2.50245
21924,1.07966,3.83631
21925,1.07074,2.22187
21926,1.08032,3.5002
21927,1.07476,2.02807
21928,1.07417,2.06184
21929,1.07332,2.10564
21930,1.06999,1.61963
21931,1.07265,2.1611
21932,1.0707,1.61228
21933,1.07864,2.96805
21934,1.0756,1.60256
21935,1.06805,1.3857
21936,1.07678,2.04268
21937,1.06859,1.50328
21938,1.06902,1.53655
21939,1.06864,1.53197
21940,1.08262,5.52985
21941,1.06882,2.58776
21942,1.08027,3.49112
21943,1.06497,1.72316
21944,1.05572,0.608987
21945,1.06845,3.22933
21946,1.07226,2.30394
21947,1.05216,-1.51545
21948,1.05828,-0.104093
21949,1.05943,0.585508
21950,1.06884,1.56983
21951,1.01235,-0.932009
21952,1.00708,0.245424
21953,1.07212,16.26
21954,1.08291,17.4627
21955,1.08388,17.6275
21956,1.08428,17.6579
21957,1.07324,16.5173
21958,1.07646,17.4886
21959,1.07248,16.568
21960,1.07211,16.5621
21961,1.0712,16.5141
21962,1.07198,16.576
21963,1.07401,16.6428
21964,1.07548,16.3548
21965,1.07455,16.3436
21966,1.074,16.3241
21967,1.07412,16.331
21968,1.07676,16.3766
21969,1.07811,16.4572
21970,1.09679,19.2909
21971,1.07689,16.4142
21972,1.08544,17.7264
21973,1.07279,16.2005
21974,1.07339,16.2546
21975,1.07491,16.3032
21976,1.08811,17.9294
21977,1.08923,17.9858
21978,1.09219,18.1874
21979,1.07648,16.4607
21980,1.09308,18.2903
21981,1.09285,18.2813
21982,1.0721,16.1489
21983,1.06974,16.0866
21984,1.07337,16.2614
21985,1.06985,16.4966
21986,1.07336,16.5475
21987,1.07683,17.5253
21988,1.0777,17.5989
21989,1.07886,17.6896
21990,1.07174,16.5763
21991,1.07046,16.0917
21992,1.09712,19.3979
21993,1.06503,15.5065
21994,1.08016,17.2136
21995,1.09641,19.8865
21996,1.08295,17.3533
21997,1.09823,19.465
21998,1.07554,16.3588
21999,1.07143,16.3054
22000,1.07009,16.1886
22001,1.06901,16.483
22002,1.09271,8.48903
22003,1.09454,9.51626
22004,1.09137,9.44446
22005,1.09196,9.63274
22006,1.08617,8.8426
22007,1.08354,9.22922
22008,1.09135,9.99959
22009,1.09128,10.0012
22010,1.09122,10.0056
22011,1.09122,10.0171
22012,1.09291,10.1215
22013,1.09381,10.1429
22014,1.09239,10.06
22015,1.09075,9.9509
22016,1.09081,9.88083
22017,1.08942,9.9857
22018,1.08754,9.4306
22019,1.08874,10.028
22020,1.09833,11.1473
22021,1.09153,10.1031
22022,1.09203,10.186
22023,1.07441,8.27584
22024,1.08997,9.53669
22025,1.07799,8.46166
22026,1.09408,9.98158
22027,1.09443,10.5684
22028,1.09294,10.2946
22029,1.08085,8.84784
22030,1.08776,10.1652
22031,1.0869,10.5253
22032,1.09912,11.8169
22033,1.0922,10.1421
22034,1.09896,11.4527
22035,1.05721,-2.1637
22036,1.05713,-2.1827
22037,1.06064,-1.66979
22038,1.05445,-2.70313
22039,1.05803,-2.17243
22040,1.06146,-2.3401
22041,1.05848,-2.08281
22042,1.05716,-2.00492
22043,1.08892,4.86725
22044,1.05792,4.39379
22045,1.08154,15.4113
22046,1.08553,16.811
22047,1.06283,15.6345
22048,1.06741,16.1469
22049,1.08846,18.1906
22050,1.08727,17.801
22051,1.08114,17.8571
22052,1.08567,18.2204
22053,1.08938,18.5214
22054,1.07185,16.2325
22055,1.08338,18.0273
22056,1.06674,8.56766
22057,1.06372,7.96487
22058,1.07215,9.93582
22059,1.06818,8.88023
22060,1.06745,8.73181
22061,1.07926,10.5629
22062,1.04411,-0.652793
22063,1.03214,-1.97025
22064,1.03338,-1.867
22065,1.04847,0.0820095
22066,1.04689,-0.358731
22067,1.04607,-0.54527
22068,1.04591,-0.518545
22069,1.03366,-1.78758
22070,1.04311,-0.68563
22071,1.04519,-0.866095
22072,1.04455,-1.25913
22073,1.01559,-4.44753
22074,1.0142,-3.88621
22075,1.03509,-1.58374
22076,1.02777,-2.49263
22077,1.04883,0.53341
22078,1.0487,0.201227
22079,1.01251,-9.46361
22080,1.03641,-6.43016
22081,1.04005,-6.11555
22082,1.04133,-5.92359
22083,1.0418,-5.89062
22084,1.04891,-4.92299
22085,1.04335,-5.2705
22086,1.07717,-0.326041
22087,1.08308,0.693309
22088,1.09396,2.4188
22089,1.08038,0.425074
22090,1.07932,0.100946
22091,1.08271,0.455701
22092,1.0794,0.081548
22093,1.07735,1.04759
22094,1.02155,-7.79438
22095,1.02504,-8.35118
22096,1.03686,-5.71699
22097,1.02532,-7.5092
22098,1.02902,-7.00665
22099,1.02124,-7.94716
22100,1.01828,-9.03168
22101,1.03874,13.4714
22102,1.03318,13.071
22103,1.01744,12.5319
22104,1.02357,13.1369
22105,1.01517,12.1773
22106,1.0932,16.4146
22107,1.051,15.8574
22108,1.05619,15.8133
22109,1.0868,9.03035
22110,1.09478,10.1459
22111,1.06493,7.37926
22112,1.05744,6.44948
22113,1.06239,6.32003
22114,1.0719,6.40588
22115,1.08755,8.25165
22116,1.07511,6.68267
22117,1.08335,8.39149
22118,1.08367,8.16411
22119,1.0819,6.25655
22120,1.07667,6.93414
22121,1.07531,6.29496
22122,1.08296,7.07471
22123,1.06128,4.68605
22124,1.06144,4.77697
22125,1.06013,3.95562
22126,1.05799,3.84774
22127,1.05545,3.9108
22128,1.05395,3.54873
22129,1.08858,9.42416
22130,1.09618,10.1624
22131,1.08357,8.68453
22132,1.08685,9.13793
22133,1.06401,15.5567
22134,1.07107,16.6675
22135,1.0577,14.7861
22136,1.0611,14.9043
22137,1.05985,14.916
22138,1.05926,14.9061
22139,1.06017,14.9837
22140,1.05983,14.91
22141,1.04575,13.9881
22142,1.03288,14.8119
22143,1.04426,15.7949
22144,1.03401,14.8248
22145,1.04105,15.3692
22146,1.03855,15.1153
22147,1.03751,14.9385
22148,1.0606,16.5851
22149,0.984295,10.58
22150,0.991851,10.7208
22151,0.988535,10.5095
22152,0.983528,10.5278
22153,0.994474,10.607
22154,1.05902,15.0829
22155,1.03849,14.6438
22156,1.0231,5.28241
22157,1.03069,6.08726
22158,1.04331,6.01963
22159,1.04799,4.06471
22160,1.0569,5.94054
22161,1.04424,3.01187
22162,1.03841,2.6135
22163,1.03203,2.42762
22164,1.02607,2.33981
22165,1.02781,4.61952
22166,1.05161,5.59035
22167,0.996663,9.8368
22168,1.00008,10.5037
22169,1.0006,10.6016
22170,1.00023,10.5342
22171,0.994309,9.64183
22172,0.994691,9.63219
22173,0.994608,9.5318
22174,0.995705,9.77964
22175,1.00045,10.4402
22176,1.00138,10.7246
22177,0.997701,10.4375
22178,1.00554,11.5555
22179,1.0012,10.3909
22180,0.996488,9.52099
22181,1.00568,10.4484
22182,1.01473,11.0421
22183,0.995128,9.76893
22184,0.999827,10.3845
22185,1.00558,11.5445
22186,0.995765,10.0255
22187,1.01016,10.8538
22188,0.996398,10.3566
22189,0.996187,10.6607
22190,0.994198,10.558
22191,1.00016,10.4941
22192,0.99437,9.81352
22193,1.04967,15.6581
22194,1.05311,15.9822
22195,1.05001,15.8631
22196,1.05092,15.9358
22197,1.05882,16.4923
22198,1.07141,1.60732
22199,1.08988,3.80902
22200,1.07148,1.60998
22201,1.07169,1.61137
22202,1.07208,1.40049
22203,1.07803,2.07239
22204,1.08905,3.41713
22205,1.07748,2.03501
22206,1.07282,1.37055
22207,1.08168,2.17338
22208,1.07191,1.00992
22209,1.08825,2.89261
22210,1.07227,0.873375
22211,1.07302,0.789569
22212,1.0696,0.791229
22213,1.07378,1.29164
22214,1.06967,1.35633
22215,1.07704,1.8274
22216,1.06964,1.63336
22217,1.0687,1.70805
22218,1.06418,1.46782
22219,1.06822,1.80054
22220,1.07054,2.63472
22221,1.07947,3.47015
22222,1.08809,4.53673
22223,1.07243,2.0583
22224,1.06616,0.801695
22225,1.06741,0.275602
22226,1.07586,0.19432
22227,1.08507,2.02189
22228,1.07874,-0.976217
22229,1.08553,-2.71522
22230,1.0842,-2.61697
22231,1.07007,-1.1512
22232,1.07448,-0.39575
22233,1.06367,-1.03125
22234,1.06736,-0.128418
22235,1.05255,-2.25018
22236,1.06849,0.725924
22237,1.04711,-2.36909
22238,1.06662,0.294256
22239,1.06581,0.10727
22240,1.05524,-1.17791
22241,1.05392,-1.41108
22242,1.05153,-1.68641
22243,1.04203,-3.30266
22244,1.0717,0.759344
22245,1.07514,0.890316
22246,1.00697,-3.21761
22247,1.03562,-1.13436
22248,1.0302,-1.73826
22249,1.00256,-5.93551
22250,1.00836,-4.45426
22251,1.00543,-6.2576
22252,1.00067,-7.17284
22253,1.02006,-3.94107
22254,1.01076,-4.35823
22255,1.01984,-2.724
22256,1.01389,-3.89679
22257,1.05178,-0.712596
22258,1.03061,-0.0509746
22259,1.03774,0.755715
22260,1.03202,-0.00696618
22261,1.03146,-0.0325559
22262,1.02919,-0.135153
22263,1.0326,0.0851946
22264,1.03333,0.104709
22265,1.03855,0.812455
22266,1.03993,0.923391
22267,1.03525,0.345395
22268,1.03301,0.0321293
22269,1.0421,0.907656
22270,1.03005,-0.265122
22271,1.03191,-0.103889
22272,1.03111,-0.122973
22273,1.02845,-0.465939
22274,1.02621,-0.311194
22275,1.02436,-0.347953
22276,1.02722,-0.123662
22277,1.0243,0.469398
22278,1.03086,0.0377216
22279,1.03354,0.207036
22280,1.042,1.2843
22281,1.05586,1.92329
22282,1.02406,-0.736809
22283,1.04104,-0.540399
22284,1.0119,-1.78993
22285,1.00741,-1.92568
22286,1.00042,-2.84583
22287,0.978931,-2.01746
22288,0.980743,-1.93405
22289,0.979354,-1.97091
22290,0.97658,-1.83161
22291,0.997915,-1.13877
22292,1.01065,1.60127
22293,1.01009,0.281087
22294,1.01646,-0.81827
22295,1.01079,-0.601331
22296,1.04204,0.85946
22297,1.02939,-4.04961
22298,1.03403,-3.90559
22299,1.04036,-3.0923
22300,1.05289,-1.44211
22301,1.05013,-0.616859
22302,1.0454,-0.206446
22303,1.04871,-1.95731
22304,1.06558,1.73613
22305,1.05998,1.02683
22306,1.05052,-0.523859
22307,1.04345,-1.32625
22308,1.07541,18.1646
22309,1.06614,17.4553
22310,1.03583,15.1985
22311,1.05081,16.04
22312,1.0639,15.8972
22313,1.03356,14.9562
22314,1.03631,15.0591
22315,1.03099,14.5197
22316,1.03173,14.5396
22317,1.04169,15.8534
22318,1.03751,15.499
22319,1.03671,15.4851
22320,1.05237,15.9995
22321,1.05292,15.3567
22322,1.0437,14.9435
22323,1.04368,15.0238
22324,1.05251,15.1271
22325,1.05762,15.7432
22326,1.05703,15.8244
22327,1.06697,15.655
22328,1.07302,16.3798
22329,1.09338,18.84
22330,1.0974,18.8492
22331,1.09911,18.9097
22332,1.09855,18.9102
22333,1.09046,18.3425
22334,1.07112,16.5247
22335,1.06954,15.9151
22336,1.05537,15.8747
22337,1.07936,16.9825
22338,1.05261,15.2176
22339,1.04467,15.0348
22340,1.06418,15.8475
22341,1.01308,12.3593
22342,1.02038,13.1304
22343,1.02688,13.651
22344,1.03916,13.7053
22345,1.03924,13.6143
22346,1.02095,12.4607
22347,1.0277,13.1602
22348,1.01436,11.6907
22349,1.01326,12.4091
22350,1.01627,12.728
22351,1.01452,12.4975
22352,1.00352,6.42544
22353,1.01357,7.48287
22354,1.01265,7.41575
22355,1.01362,7.35764
22356,0.998027,6.12134
22357,0.999007,6.12996
22358,1.01438,7.20788
22359,1.01517,7.05279
22360,1.01043,6.33383
22361,1.01355,8.38862
22362,1.02448,9.67569
22363,1.02186,9.1951
22364,1.00461,8.04092
22365,1.03343,10.8494
22366,1.01955,8.76652
22367,1.01327,8.0668
22368,1.0156,7.9676
22369,1.00991,8.08858
22370,1.0044,7.51556
22371,1.00003,7.04469
22372,0.998873,6.90987
22373,0.995284,5.92606
22374,1.05554,15.4281
22375,1.04841,14.9078
22376,1.04201,13.8178
22377,1.0415,14.4336
22378,1.04859,14.6684
22379,1.05973,15.842
22380,1.06375,16.3194
22381,1.06446,16.766
22382,1.07046,17.2855
22383,1.09129,16.9349
22384,1.07852,17.0952
22385,1.07425,15.9796
22386,1.071,17.3412
22387,1.06891,17.1176
22388,1.06851,17.1178
22389,1.06831,16.9446
22390,1.03031,13.5226
22391,1.04615,13.6826
22392,1.06022,14.3751
22393,1.04785,12.9574
22394,1.04464,12.8812
22395,1.04336,12.8272
22396,1.0433,12.8897
22397,1.00383,6.0994
22398,1.0035,5.86452
22399,1.0033,5.97668
22400,1.00291,5.93758
22401,1.00309,5.86515
22402,1.02227,6.92675
22403,1.00516,5.7187
22404,1.00694,5.72358
22405,1.00161,5.84889
22406,1.00254,5.72539
22407,1.00179,5.7247
22408,1.00492,5.70588
22409,1.01434,5.89652
22410,1.01074,4.67952
22411,1.01505,5.37155
22412,1.02676,5.32715
22413,1.02045,2.32229
22414,1.01658,4.88011
22415,1.01679,4.55109
22416,1.0117,3.84273
22417,1.0055,4.01302
22418,1.01312,3.16873
22419,0.999071,4.20209
22420,0.986592,3.21822
22421,0.993651,3.88534
22422,0.990671,3.73662
22423,1.02219,6.41847
22424,1.00809,4.91251
22425,1.06136,15.8425
22426,1.05188,15.7808
22427,1.04963,15.7128
22428,1.04717,15.641
22429,1.06043,15.9605
22430,1.05697,16.7179
22431,1.04858,15.7219
22432,1.03679,15.358
22433,0.962129,4.66369
22434,0.960875,4.54931
22435,0.962675,4.75877
22436,0.960663,4.5245
22437,0.96126,4.6122
22438,0.959461,4.39882
22439,0.96143,4.64052
22440,0.959831,4.44962
22441,0.960527,4.54822
22442,0.959721,4.47065
22443,0.959191,4.42038
22444,0.958509,4.28612
22445,0.962049,4.68606
22446,0.957807,4.2901
22447,0.960074,4.53895
22448,0.961128,4.6152
22449,0.960595,4.47352
22450,0.959367,4.24618
22451,0.958997,4.23693
22452,0.959384,4.39396
22453,0.958241,4.2991
22454,0.954009,4.02937
22455,0.958078,4.28789
22456,0.957535,4.25088
22457,0.957143,4.1911
22458,0.959429,4.49785
22459,0.954459,3.98428
22460,0.956456,4.12975
22461,0.955513,3.96154
22462,0.955363,4.00874
22463,0.954681,3.89161
22464,0.952253,3.63966
22465,0.95403,3.80383
22466,0.954544,4.0664
22467,0.955839,4.06854
22468,0.958946,4.46503
22469,0.953489,3.81896
22470,0.974205,6.17313
22471,0.976977,6.51039
22472,0.974054,6.21229
22473,0.972156,5.94467
22474,0.974242,6.17874
22475,0.969974,5.67082
22476,0.979787,6.63475
22477,0.975409,6.2066
22478,0.964196,4.94707
22479,0.96544,5.11506
22480,0.966008,5.08077
22481,0.969025,5.38004
22482,0.969102,5.46789
22483,0.967005,5.29237
22484,0.972239,5.70263
22485,0.96571,4.91342
22486,0.976153,6.14904
22487,0.966544,5.53426
22488,0.965953,5.01882
22489,0.960515,4.53632
22490,0.963363,4.81369
22491,0.963009,4.66562
22492,0.954814,4.04812
22493,0.956689,4.16362
22494,0.960308,4.34449
22495,0.952847,3.61368
22496,0.949373,2.83949
22497,0.950276,2.9028
22498,0.950355,3.07968
22499,0.947844,2.85947
22500,0.950936,3.18558
22501,0.951527,3.36421
22502,0.951512,3.31515
22503,0.946061,2.79912
22504,0.952271,3.5457
22505,0.953074,3.66727
22506,0.952948,3.58879
22507,0.948057,3.46922
22508,0.950386,3.59195
22509,0.949267,3.59197
22510,0.952818,3.7531
22511,0.950802,3.57613
22512,0.946115,3.1053
22513,0.947666,3.40541
22514,0.948883,3.60163
22515,0.949894,3.61017
22516,0.9513,3.73748
22517,0.948835,3.5275
22518,0.950287,3.62035
22519,0.95276,3.78751
22520,0.957642,4.17002
22521,0.954216,4.01524
22522,0.964555,4.91655
22523,0.958963,4.38194
22524,0.961481,4.62726
22525,0.959993,4.33465
22526,0.960741,4.40171
22527,0.966771,5.16658
22528,0.963393,4.87036
22529,0.961762,4.56221
22530,0.964892,5.03957
22531,0.964143,4.96423
22532,0.962242,5.02994
22533,0.960478,4.78757
22534,0.965733,5.1558
22535,0.967914,5.46727
22536,0.965067,5.50722
22537,0.995475,8.24949
22538,0.987957,7.6635
22539,0.993355,7.87749
22540,0.951356,3.58001
22541,0.959215,4.48683
22542,0.961558,4.51107
22543,0.954115,3.47149
22544,0.952531,3.45371
22545,0.955906,3.84277
22546,0.955742,3.73125
22547,0.95258,3.28895
22548,0.953765,3.48159
22549,0.949381,2.6678
22550,0.949354,2.76396
22551,0.95162,3.17617
22552,0.950105,2.95091
22553,0.945282,2.38987
22554,0.949137,2.79178
22555,0.948216,2.65868
22556,0.94758,2.53213
22557,0.950049,2.92852
22558,0.944584,2.64438
22559,0.943989,2.58484
22560,0.952592,3.81441
22561,0.95854,4.35515
22562,0.958721,4.16647
22563,0.958924,4.3499
22564,1.00592,11.6074
22565,1.00124,11.2198
22566,0.998117,10.8928
22567,1.00508,11.5021
22568,0.998538,11.0543
22569,0.998132,10.9276
22570,1.00133,11.2915
22571,1.01353,11.4808
22572,0.998909,10.8028
22573,1.04222,13.5769
22574,1.06463,14.5314
22575,1.03289,13.139
22576,1.05657,13.9445
22577,1.03216,13.0694
22578,1.03043,13.0545
22579,1.03969,13.5
22580,1.05151,15.5946
22581,1.04246,15.0243
22582,1.05605,15.8752
22583,1.03946,15.1211
22584,1.03709,14.6151
22585,1.03669,14.9655
22586,1.04201,15.0554
22587,1.046,15.2705
22588,1.03954,14.6791
22589,1.03761,14.8859
22590,1.0444,15.0473
22591,1.07129,17.6806
22592,1.05531,16.0467
22593,1.04542,15.2022
22594,1.04553,15.2225
22595,1.04203,14.9544
22596,1.01696,10.306
22597,1.0205,11.0641
22598,1.02099,11.0747
22599,1.02104,11.0941
22600,1.02175,11.0982
22601,1.01456,10.4635
22602,1.02055,11.1984
22603,1.02716,10.2013
22604,1.01124,8.80725
22605,1.01947,9.59991
22606,0.953084,-4.53952
22607,0.970795,-4.29087
22608,0.99844,-3.15412
22609,0.99309,-7.12731
22610,0.969761,-4.58937
22611,0.961144,-6.19386
22612,0.978319,-6.04026
22613,0.978429,-6.23096
22614,0.979229,-6.92025
22615,0.973828,-7.45677
22616,0.984361,-8.15011
22617,0.979897,-11.8302
22618,1.03179,13.0643
22619,1.02995,12.6301
22620,1.03718,12.7299
22621,1.04354,13.9005
22622,1.03398,13.1707
22623,1.03643,13.3909
22624,1.04806,13.8894
22625,1.03289,13.1859
22626,1.04383,14.1308
22627,1.04624,14.5412
22628,1.0252,11.7976
22629,1.0347,12.0333
22630,1.02473,11.6697
22631,1.01864,11.682
22632,1.01964,11.6947
22633,1.0288,11.4854
22634,1.02749,11.673
22635,1.0062,10.402
22636,1.02285,10.7606
22637,1.01939,10.7763
22638,1.02286,11.0068
22639,1.03697,12.2878
22640,0.998677,6.07174
22641,1.0026,6.21969
22642,1.0026,6.25233
22643,1.0013,6.20498
22644,0.999413,6.10149
22645,0.99836,6.01718
22646,1.00137,6.1938
22647,1.00312,6.32263
22648,1.01462,7.59626
22649,1.00254,6.24693
22650,1.00461,6.31667
22651,1.01349,7.52521
22652,1.01325,7.52624
22653,1.01303,7.53495
22654,1.01287,7.54749
22655,1.00351,6.24725
22656,1.00284,6.32344
22657,0.997448,6.00274
22658,0.999591,6.12284
22659,1.01296,7.24223
22660,1.00571,6.34979
22661,1.0046,6.33747
22662,1.00269,6.05043
22663,1.00397,6.13884
22664,1.00369,6.16792
22665,1.00352,6.21213
22666,0.996711,5.99746
22667,0.995829,5.92944
22668,0.995305,5.81498
22669,0.995339,5.74183
22670,0.996053,5.90096
22671,0.998351,5.81307
22672,0.9948,5.69207
22673,0.990431,5.17744
22674,1.00353,6.09359
22675,0.996042,5.8712
22676,0.992755,5.33659
22677,0.991536,5.25746
22678,0.995965,5.88542
22679,0.991098,5.22474
22680,0.990817,5.20395
22681,0.995464,5.91108
22682,0.993229,5.65226
22683,0.994675,5.83946
22684,0.989959,5.33156
22685,0.988988,5.33247
22686,0.987213,4.92454
22687,0.993204,5.65453
22688,0.993337,5.48787
22689,0.982503,4.5927
22690,0.999379,5.79531
22691,0.997762,5.74671
22692,0.998243,5.79581
22693,1.00382,6.59463
22694,0.999093,5.88952
22695,1.03461,10.2978
22696,1.00236,6.54138
22697,1.00315,6.54369
22698,0.991084,5.01508
22699,1.00644,7.01397
22700,0.998502,6.38405
22701,0.981137,4.52616
22702,0.976805,4.11905
22703,0.97249,3.63861
22704,0.957159,1.71445
22705,0.951003,1.3889
22706,0.961896,2.47251
22707,0.976886,3.93305
22708,0.999451,6.31384
22709,0.99778,6.1577
22710,0.982381,4.1164
22711,0.972664,2.78173
22712,0.999988,6.12373
22713,1.00148,6.20497
22714,1.0039,6.3265
22715,1.01263,7.32435
22716,1.00411,6.32592
22717,0.999958,5.94698
22718,1.004,6.24842
22719,1.00257,6.16456
22720,0.967281,2.88075
22721,1.02466,8.48732
22722,1.01583,8.35711
22723,1.01463,8.34533
22724,1.01803,7.90255
22725,1.01886,6.4647
22726,1.03111,6.82862
22727,1.01792,7.29123
22728,1.01572,6.62075
22729,1.02636,8.05972
22730,1.0271,7.93473
22731,1.02979,7.75845
22732,1.02188,7.5546
22733,1.0225,7.58948
22734,1.00084,11.2594
22735,0.994513,11.1255
22736,1.0145,11.9687
22737,1.01432,11.7665
22738,0.99164,10.8189
22739,0.989997,10.7084
22740,0.996238,11.0808
22741,0.984592,10.783
22742,0.99631,11.1785
22743,1.06604,15.3242
22744,1.03458,13.3192
22745,1.03355,13.289
22746,1.03337,13.2185
22747,1.03876,13.3004
22748,1.02709,12.4692
22749,1.02679,11.8875
22750,1.01441,11.5464
22751,1.0206,11.6518
22752,1.02206,11.729
22753,1.02217,11.7162
22754,1.03009,12.4055
22755,1.02101,11.7209
22756,1.02645,11.8738
22757,1.0233,12.0714
22758,1.01825,11.5697
22759,1.0451,14.0837
22760,1.02349,11.9107
22761,1.02252,11.7654
22762,1.02178,11.6789
22763,0.935178,-0.435278
22764,0.935727,-0.410174
22765,0.930253,-1.0563
22766,0.927676,-1.05512
22767,0.925754,-1.26213
22768,0.924839,-1.54459
22769,0.923569,-1.36227
22770,0.923353,-1.43728
22771,0.923085,-1.49405
22772,0.938502,-0.447437
22773,0.923326,-1.55003
22774,0.93816,-0.568576
22775,0.923899,-1.5292
22776,0.921923,-1.58858
22777,0.925766,-1.28108
22778,0.924906,-1.28281
22779,0.940761,-0.866138
22780,0.937678,-0.620934
22781,0.934457,-0.431309
22782,0.935058,-0.451099
22783,0.93068,-0.911391
22784,0.936799,-0.344123
22785,0.923846,-1.64456
22786,0.933625,-1.05912
22787,0.933223,-1.6034
22788,0.943891,-1.92557
22789,0.933613,-2.24507
22790,0.950092,-4.03497
22791,0.963411,-1.77305
22792,0.962621,-2.50315
22793,0.975408,0.0630803
22794,0.975773,1.84712
22795,0.94742,1.09844
22796,0.92366,-1.23912
22797,0.920231,-1.37256
22798,0.939833,-4.92169
22799,0.926789,-1.61346
22800,0.925828,-1.25996
22801,1.04371,1.32284
22802,1.0431,1.30979
22803,1.04351,1.35023
22804,1.05077,2.0184
22805,1.04338,1.37661
22806,1.04205,1.28024
22807,1.05161,1.82985
22808,1.05217,1.7959
22809,1.04188,1.23029
22810,1.04153,1.20323
22811,1.04131,1.35451
22812,1.05099,2.22007
22813,1.04247,1.60589
22814,1.04256,1.37476
22815,1.04155,1.2581
22816,1.04325,1.57667
22817,1.04321,1.46924
22818,1.04339,1.44321
22819,1.04406,1.41331
22820,1.04486,1.38888
22821,1.04173,1.17748
22822,1.04282,1.16067
22823,1.06211,2.39719
22824,1.04686,1.16865
22825,1.05201,1.79268
22826,1.0629,2.44572
22827,1.05349,1.50752
22828,1.04297,1.21952
22829,1.06577,2.94177
22830,1.04364,1.30262
22831,1.04266,1.25882
22832,1.04266,1.23777
22833,1.06438,2.71023
22834,1.05404,1.14316
22835,1.05035,1.53602
22836,1.04839,1.61437
22837,1.04477,1.81863
22838,1.04849,2.5021
22839,1.05212,2.82274
22840,1.04267,1.61245
22841,1.05619,3.20219
22842,1.04355,1.64267
22843,1.04865,2.09781
22844,1.05045,1.84849
22845,1.05952,2.89041
22846,1.06952,3.56152
22847,1.06741,3.21484
22848,1.06225,2.3726
22849,1.04463,0.648677
22850,1.05245,1.50208
22851,1.04038,1.31475
22852,1.04025,1.30778
22853,1.04733,0.464876
22854,1.0469,0.575178
22855,1.04242,0.220157
22856,1.04916,1.30351
22857,1.0545,1.61583
22858,1.05357,15.6587
22859,1.06683,16.4251
22860,1.05894,16.0802
22861,1.05342,16.1908
22862,1.05731,16.0438
22863,1.04375,7.7079
22864,1.04352,7.66779
22865,1.04112,7.47037
22866,1.04336,7.64645
22867,1.0437,7.62772
22868,1.05087,7.91676
22869,1.04658,7.61832
22870,1.05542,8.23737
22871,1.05464,8.1977
22872,1.0462,7.54939
22873,1.04378,7.42401
22874,1.04319,7.42418
22875,1.04803,7.52241
22876,1.05415,8.1745
22877,1.06719,9.05253
22878,1.06755,9.08816
22879,1.05667,8.28234
22880,1.05731,8.3201
22881,1.05824,8.37608
22882,1.04865,7.56722
22883,1.04766,7.50546
22884,1.04765,7.49196
22885,1.05395,7.93828
22886,1.04199,7.36311
22887,1.05331,7.89921
22888,1.04804,7.45229
22889,1.0662,8.97257
22890,1.04485,7.37767
22891,1.0505,7.4987
22892,1.04816,7.46897
22893,1.04858,7.45911
22894,1.04953,7.47375
22895,1.04704,7.40646
22896,1.04651,7.38295
22897,1.04382,7.25203
22898,1.04477,7.25337
22899,1.06592,8.9511
22900,1.05488,7.96214
22901,1.04885,7.43506
22902,1.04962,7.46659
22903,1.04845,7.43443
22904,1.05486,7.95725
22905,1.04488,7.16539
22906,1.04441,7.12241
22907,1.05329,7.84401
22908,1.04364,7.04857
22909,1.0435,7.0161
22910,1.02936,9.44806
22911,1.02541,9.14919
22912,1.04362,9.98662
22913,1.0499,10.6585
22914,1.04594,10.2597
22915,1.04924,10.1524
22916,1.04763,10.0792
22917,1.03957,9.02609
22918,1.04259,9.68426
22919,1.0339,9.03523
22920,1.02743,8.87122
22921,1.03066,8.66817
22922,1.03543,8.55092
22923,1.03655,8.26157
22924,1.03809,7.99723
22925,1.03868,8.16402
22926,1.0361,7.6799
22927,1.03752,7.7371
22928,1.04088,7.73612
22929,1.03896,7.71729
22930,1.03821,7.75502
22931,1.04676,8.51497
22932,1.0501,8.35697
22933,1.0449,7.97412
22934,1.04439,7.83245
22935,1.06926,9.24515
22936,1.07215,9.48426
22937,1.05469,8.15137
22938,1.05095,7.96584
22939,1.03898,7.6205
22940,1.04017,7.50901
22941,1.04486,7.38933
22942,1.05185,7.96275
22943,1.0481,7.77273
22944,1.05011,7.67352
22945,1.04409,7.48172
22946,1.0439,7.65779
22947,1.04855,7.69288
22948,1.04851,7.61101
22949,1.06888,9.05065
22950,1.04486,7.34816
22951,1.05306,7.87179
22952,1.04578,7.33408
22953,1.05226,7.79479
22954,1.04596,7.18108
22955,1.04667,7.18345
22956,1.04543,7.0482
22957,1.06836,9.0715
22958,1.04295,7.03084
22959,1.04226,7.02737
22960,1.0425,7.04605
22961,1.04329,7.03564
22962,1.04388,7.05195
22963,1.04328,7.00309
22964,1.05945,8.34245
22965,1.05992,8.37255
22966,1.05855,8.2479
22967,1.0576,8.1871
22968,1.05766,8.19543
22969,1.05698,8.13497
22970,1.05511,7.96643
22971,1.05597,8.05093
22972,1.05715,8.13827
22973,1.05664,8.10074
22974,1.05051,7.55919
22975,1.04759,7.20449
22976,1.04561,7.11423
22977,1.0549,7.93737
22978,1.05675,7.98406
22979,1.05342,7.58227
22980,1.04644,7.24326
22981,1.05101,7.39696
22982,1.06474,8.42256
22983,1.04269,6.94073
22984,1.04209,6.92907
22985,1.04086,6.84267
22986,1.03689,6.59251
22987,1.03527,6.28977
22988,1.03826,6.60331
22989,1.04698,6.69932
22990,1.05224,7.66297
22991,1.02219,12.55
22992,1.04358,12.5748
22993,1.0791,18.2601
22994,1.06662,16.8407
22995,1.07361,17.9922
22996,1.07285,17.5826
22997,0.962295,5.46174
22998,0.965125,5.9446
22999,0.96499,4.90154
23000,0.968012,5.33337
23001,0.966199,5.36763
23002,0.967988,5.50083
23003,0.960855,4.98593
23004,0.964441,4.37553
23005,0.964962,4.60262
23006,0.965579,4.78065
23007,0.959139,3.41317
23008,0.959075,3.63646
23009,0.962746,3.8508
23010,0.976395,5.43982
23011,0.958962,3.37602
23012,0.958048,3.15553
23013,0.959157,3.04387
23014,0.965753,3.70776
23015,0.964492,3.06469
23016,0.964325,2.96776
23017,0.956385,2.48113
23018,0.95654,2.79328
23019,0.954224,2.82702
23020,0.95751,4.18175
23021,1.02878,13.3924
23022,1.03308,13.5326
23023,1.03079,13.4785
23024,1.04071,15.4097
23025,1.03355,13.6587
23026,1.0403,14.0949
23027,0.935319,-7.11044
23028,0.942711,-6.28617
23029,0.950677,-5.67717
23030,0.955925,-5.31191
23031,0.965203,-7.28937
23032,0.975852,-7.47206
23033,0.962484,-8.10782
23034,0.960896,-7.02521
23035,0.940021,-7.28166
23036,0.960636,-8.33078
23037,1.00237,-6.06672
23038,0.961568,-8.38518
23039,0.965012,-8.03453
23040,0.971735,-7.42317
23041,0.971536,-7.35205
23042,0.958671,-8.64601
23043,0.983412,-7.38133
23044,0.995265,-7.28522
23045,0.982989,-7.74947
23046,0.957205,-8.16868
23047,0.970829,-7.62714
23048,0.937991,-7.052
23049,0.937171,-6.79967
23050,0.947003,2.29474
23051,0.940681,1.99653
23052,0.946468,2.08802
23053,0.945793,1.78357
23054,0.94815,2.02681
23055,0.95106,1.50235
23056,0.946258,1.17155
23057,0.949276,1.1949
23058,0.945384,0.544589
23059,0.944795,1.35687
23060,0.944728,1.15269
23061,0.943572,1.11465
23062,0.94259,0.920274
23063,0.954756,3.32678
23064,0.957097,2.45647
23065,0.965873,3.06892
23066,0.964612,2.95897
23067,0.957304,1.90523
23068,0.958835,2.2363
23069,0.954563,1.90341
23070,0.95264,1.71467
23071,0.948337,0.866556
23072,0.954747,1.64243
23073,0.949087,0.954262
23074,0.952735,1.40361
23075,0.943801,0.177943
23076,0.948183,1.19956
23077,0.941039,0.235219
23078,0.935812,-0.95176
23079,0.936061,-0.878376
23080,0.93656,-0.931309
23081,0.939371,-0.319806
23082,0.941961,0.808355
23083,0.93885,-0.292037
23084,0.941398,0.724682
23085,0.940344,-0.198836
23086,0.937602,-0.658082
23087,0.939014,-0.443553
23088,0.946342,0.635345
23089,0.938374,-0.635028
23090,0.937623,-0.698111
23091,0.947256,0.813891
23092,0.938185,-0.311281
23093,0.946483,0.492825
23094,0.948147,0.994581
23095,0.950429,1.12988
23096,0.948968,0.947834
23097,0.947384,0.756241
23098,0.937006,-0.716549
23099,0.941505,-0.457743
23100,0.937581,-0.85459
23101,0.932834,-1.28871
23102,0.934111,-1.2505
23103,0.934276,-1.29516
23104,0.935091,-1.04155
23105,0.945595,0.33827
23106,0.936679,-0.72018
23107,0.938727,-1.01987
23108,0.938871,-1.01309
23109,0.940413,-0.951412
23110,0.937596,-1.11333
23111,1.07482,15.9037
23112,1.06619,15.5781
23113,1.04509,15.0018
23114,1.05839,15.5635
23115,1.07258,15.9175
23116,1.0613,15.9153
23117,1.03915,14.8706
23118,0.962756,2.1764
23119,0.977097,3.77798
23120,0.988412,3.96506
23121,0.969652,2.8176
23122,0.964561,2.57153
23123,0.955836,2.01182
23124,0.961559,1.92913
23125,0.957969,1.60252
23126,0.950311,1.15815
23127,0.961824,1.62718
23128,0.955631,1.22866
23129,0.988573,3.9564
23130,0.977596,3.05343
23131,0.990115,4.05777
23132,0.989238,3.91748
23133,0.984907,3.15794
23134,0.973177,2.36536
23135,0.957937,0.883181
23136,0.978533,2.90854
23137,0.97516,2.3407
23138,0.987987,3.71071
23139,0.978294,2.86044
23140,0.971307,2.20106
23141,0.984352,3.01045
23142,0.950695,0.626036
23143,0.946855,0.444369
23144,0.947005,0.406574
23145,0.948525,0.417041
23146,0.983767,2.84315
23147,0.983497,2.76024
23148,0.950884,0.371877
23149,0.949879,0.381148
23150,0.952385,0.358261
23151,0.951513,0.361207
23152,0.949747,0.57663
23153,0.948119,0.487607
23154,0.948202,0.524029
23155,0.955653,1.29333
23156,0.946538,0.550879
23157,0.949179,0.209926
23158,0.953677,0.302146
23159,0.951608,0.252753
23160,0.946916,0.245358
23161,0.944991,0.207265
23162,0.962408,1.42859
23163,0.962276,1.35308
23164,0.962522,1.32623
23165,0.948423,0.276185
23166,0.949504,0.289408
23167,0.949787,0.270229
23168,0.951094,0.300316
23169,0.952091,0.297929
23170,0.956476,0.457053
23171,0.950295,0.281529
23172,0.951458,0.308386
23173,0.967033,1.31653
23174,0.95641,0.411068
23175,0.959562,0.558519
23176,0.961032,0.532283
23177,0.972066,1.42445
23178,0.958046,0.460865
23179,0.983677,2.43378
23180,0.971186,1.39192
23181,0.983473,2.40095
23182,0.983527,2.37479
23183,0.983702,2.37311
23184,0.969754,1.1963
23185,0.97156,1.30673
23186,0.967188,0.967088
23187,0.965636,0.930474
23188,0.96127,0.62749
23189,0.9679,1.19999
23190,0.984709,2.41635
23191,0.970447,1.19863
23192,0.967842,1.01692
23193,0.956149,0.454465
23194,0.956485,0.455215
23195,0.969544,1.64833
23196,0.955011,0.437612
23197,0.966791,1.27143
23198,0.968419,1.31456
23199,0.965742,1.24237
23200,0.965366,1.23873
23201,0.965107,1.23882
23202,0.959363,0.672211
23203,0.965754,1.32005
23204,0.964856,1.24567
23205,0.958337,0.583254
23206,0.958334,0.53166
23207,0.959971,0.585229
23208,0.95613,0.415542
23209,0.958071,0.627347
23210,0.964835,1.21637
23211,0.965093,1.25643
23212,0.965751,1.28221
23213,0.958542,0.845798
23214,0.966732,1.35279
23215,0.967847,1.4319
23216,0.983084,2.72994
23217,0.957541,0.473241
23218,0.967485,1.47406
23219,0.958141,0.794599
23220,0.968477,1.50852
23221,0.965773,1.32636
23222,0.96634,1.36588
23223,0.968921,1.61663
23224,0.962232,1.11489
23225,0.960757,1.17993
23226,0.963231,1.19947
23227,0.959914,0.969957
23228,0.959029,0.901604
23229,0.958532,0.87601
23230,0.950867,0.174575
23231,0.95105,0.175194
23232,0.951512,0.177099
23233,0.953015,0.309137
23234,0.950706,0.0532748
23235,0.950588,0.0679843
23236,0.950674,0.0886401
23237,0.94972,0.0116716
23238,0.950128,-0.0137081
23239,0.949614,-0.037042
23240,0.949124,-0.0304661
23241,0.948552,-0.0665669
23242,0.948048,-0.0977149
23243,0.948485,-0.0872351
23244,0.948968,-0.0720428
23245,0.946454,-0.238416
23246,0.94762,-0.130163
23247,0.947474,-0.151789
23248,0.946094,-0.170609
23249,0.946531,-0.156331
23250,0.94687,-0.162244
23251,0.946299,-0.157174
23252,0.946724,-0.173976
23253,0.982615,2.29969
23254,0.957313,0.466737
23255,0.960616,0.607608
23256,0.964165,1.02245
23257,0.957824,0.612224
23258,0.951179,0.0302794
23259,0.962763,0.918526
23260,0.951822,0.0299586
23261,0.951926,-0.000165561
23262,0.951155,-0.0575345
23263,0.951287,-0.00641021
23264,0.949398,-0.0932635
23265,0.949825,-0.0909086
23266,0.950732,-0.0499525
23267,0.962395,0.74625
23268,0.962684,0.756889
23269,0.9502,-0.089534
23270,0.949217,-0.141909
23271,0.949381,-0.116429
23272,0.948912,-0.146024
23273,0.948384,-0.182482
23274,0.950347,-0.109121
23275,0.962977,0.767087
23276,0.946821,-0.235595
23277,0.947925,-0.228282
23278,0.950744,-0.128872
23279,0.95101,-0.140151
23280,0.947636,-0.23624
23281,0.946219,-0.274911
23282,0.946476,-0.274434
23283,0.94848,-0.235649
23284,0.949418,-0.233373
23285,0.951015,-0.163119
23286,0.960565,0.537114
23287,0.965575,1.01726
23288,0.962849,0.554125
23289,0.962582,0.554657
23290,0.964762,0.724859
23291,0.969661,1.14234
23292,0.969145,1.10318
23293,0.966288,0.891808
23294,0.962725,0.44195
23295,0.967866,0.99559
23296,0.969664,1.12111
23297,0.962072,0.490468
23298,0.961505,0.443859
23299,0.96194,0.563496
23300,0.964712,0.922605
23301,0.964341,0.883696
23302,0.961295,0.425901
23303,0.961144,0.410873
23304,0.958975,0.189493
23305,0.959975,0.264035
23306,0.969504,1.10509
23307,0.966338,0.869818
23308,0.96546,0.81362
23309,0.959245,0.136995
23310,0.965817,0.842193
23311,0.957108,0.0476443
23312,0.961179,0.396597
23313,0.963453,0.784478
23314,0.963707,0.75907
23315,0.953803,-0.168729
23316,0.954987,-0.0960761
23317,0.957265,0.00585146
23318,0.952542,-0.256087
23319,0.953887,-0.180799
23320,0.966284,0.834011
23321,0.95902,0.0842268
23322,0.959562,0.0890621
23323,0.951287,-0.177567
23324,0.96395,0.839677
23325,0.955928,-0.025058
23326,0.954764,-0.0974294
23327,0.985732,3.30805
23328,0.963817,0.659703
23329,0.978684,1.92445
23330,1.02232,4.62207
23331,0.970211,1.74857
23332,0.955045,-0.131311
23333,0.981318,2.1419
23334,1.06349,17.5884
23335,1.06334,16.9194
23336,1.06691,17.2732
23337,1.07155,17.735
23338,1.07175,17.9252
23339,1.08038,18.4702
23340,1.08592,19.4318
23341,1.07393,18.3086
23342,1.07595,18.2368
23343,1.08324,17.4297
23344,1.08394,17.396
23345,1.08998,17.3337
23346,1.09047,17.3566
23347,1.09102,17.3732
23348,1.09223,17.4092
23349,1.08238,17.404
23350,1.08134,17.5379
23351,1.05378,16.0204
23352,1.06667,16.7797
23353,1.07174,16.4877
23354,1.06837,16.384
23355,1.0655,16.3344
23356,1.06511,16.2307
23357,1.06264,16.2556
23358,1.0625,16.3071
23359,1.06173,16.1608
23360,1.05753,16.2537
23361,1.0552,15.6438
23362,1.05972,16.3491
23363,1.05644,16.3393
23364,1.06211,16.4039
23365,1.081,17.3757
23366,1.0753,16.162
23367,1.0847,18.9421
23368,1.08975,19.906
23369,1.08791,19.9296
23370,1.09526,20.8422
23371,1.09945,21.6525
23372,1.09334,20.8845
23373,1.0811,19.0432
23374,1.08971,20.2573
23375,1.03277,12.5857
23376,1.03526,12.6054
23377,1.04335,13.7594
23378,1.04651,13.9175
23379,1.0498,14.0111
23380,1.04778,13.7928
23381,1.05353,14.331
23382,1.04586,12.2995
23383,1.04657,13.4965
23384,1.03498,11.7901
23385,1.04655,13.7882
23386,1.0544,14.9505
23387,1.06785,15.4395
23388,1.06319,14.6067
23389,1.06808,14.8093
23390,1.07345,15.082
23391,1.07646,15.2055
23392,1.0882,16.157
23393,1.02604,11.8011
23394,1.02546,11.7736
23395,1.02513,11.7493
23396,1.01706,11.2963
23397,1.02845,12.0031
23398,1.04981,14.0458
23399,1.02223,11.6934
23400,1.02386,11.6573
23401,1.02433,11.7008
23402,1.01569,11.2143
23403,1.00363,10.8622
23404,1.01571,11.2182
23405,1.02429,11.6265
23406,1.02673,11.8082
23407,1.02198,11.311
23408,1.02298,11.4659
23409,1.00838,11.0948
23410,1.01025,11.0949
23411,1.01424,11.3269
23412,1.04449,15.4417
23413,1.06342,16.3567
23414,1.06048,16.2408
23415,1.0404,14.9547
23416,0.97629,-0.131206
23417,0.975224,-0.279044
23418,0.973171,-1.49834
23419,0.950328,-2.88953
23420,0.941367,-2.94413
23421,0.926426,-4.26299
23422,0.922306,-6.46891
23423,0.94097,-7.05182
23424,0.948016,-3.92847
23425,0.953291,-4.60729
23426,0.960635,-3.89759
23427,0.975496,-2.05055
23428,0.977946,-2.38876
23429,0.960403,-3.95312
23430,0.964696,-3.8818
23431,0.96665,-3.79858
23432,0.997996,-1.60219
23433,0.967948,-3.97588
23434,0.963981,-4.00974
23435,0.962313,-4.01508
23436,0.96201,-4.00182
23437,0.961726,-4.04191
23438,0.960988,-4.06364
23439,0.97409,-3.51
23440,0.969646,-4.29424
23441,0.977135,-4.43792
23442,0.975696,-4.43861
23443,0.955484,-6.02235
23444,0.947214,-7.23043
23445,0.961927,-9.92788
23446,0.964356,-7.21
23447,0.974135,-6.21473
23448,0.9639,-8.09221
23449,0.973531,-7.33378
23450,1.00689,-2.83304
23451,0.988201,-3.96561
23452,0.967356,-7.20436
23453,0.966586,-7.64734
23454,1.01805,10.1594
23455,1.02162,10.1178
23456,1.02402,9.97387
23457,1.02745,10.604
23458,1.03394,11.0126
23459,1.03215,10.2032
23460,1.02665,9.66336
23461,1.02269,9.43747
23462,1.02302,9.40529
23463,1.02836,10.1117
23464,1.02786,9.54788
23465,1.02889,9.54155
23466,1.02715,9.40056
23467,1.06564,15.7572
23468,1.07119,16.1165
23469,1.05333,15.4966
23470,1.06215,16.313
23471,1.06302,16.381
23472,1.05949,12.0614
23473,1.05938,12.0746
23474,1.0597,12.0677
23475,1.08229,14.1587
23476,1.05998,12.0917
23477,1.05908,12.0605
23478,1.05912,12.074
23479,1.07094,12.8565
23480,1.0707,12.934
23481,1.06649,12.6881
23482,1.067,12.7166
23483,1.05949,12.0782
23484,1.05842,12.127
23485,1.06991,13.3711
23486,1.05968,12.4497
23487,1.06897,13.118
23488,1.05865,11.9352
23489,1.06077,12.0861
23490,1.06163,12.2072
23491,1.05909,12.0672
23492,1.07125,12.7756
23493,1.06097,11.9081
23494,1.06224,12.0479
23495,1.07416,12.7418
23496,1.06321,12.1265
23497,1.08431,13.488
23498,1.06145,12.1626
23499,1.06741,11.9505
23500,1.0582,11.559
23501,1.05174,11.363
23502,1.06347,12.4021
23503,1.05493,11.8759
23504,1.06031,12.8629
23505,1.06919,13.509
23506,1.07189,14.0271
23507,1.07032,13.9732
23508,1.07326,14.5359
23509,1.0615,13.8843
23510,1.06391,14.3522
23511,1.07175,14.6708
23512,1.05847,12.1225
23513,1.06014,12.0799
23514,1.0649,15.9218
23515,1.05514,13.5174
23516,1.05002,12.144
23517,1.0577,12.4091
23518,1.05256,12.9058
23519,1.06115,13.3294
23520,1.06626,13.0846
23521,1.05268,12.3894
23522,1.04347,11.3753
23523,1.04871,11.4128
23524,1.05437,11.3299
23525,0.947712,1.69195
23526,0.950166,1.69422
23527,0.972539,3.78209
23528,0.952262,2.07343
23529,0.956763,1.74597
23530,0.949348,1.32928
23531,0.948548,1.16723
23532,0.950586,2.40424
23533,0.948541,1.67275
23534,0.945887,1.50193
23535,0.948942,2.24701
23536,0.939464,1.73245
23537,0.947101,2.07277
23538,0.944807,1.97994
23539,0.947545,2.05664
23540,0.942623,1.47822
23541,0.94578,1.45313
23542,0.943462,1.23491
23543,0.945192,1.38335
23544,0.944553,1.28646
23545,0.94385,1.16995
23546,0.941958,1.46003
23547,0.945644,1.30391
23548,0.939354,0.589106
23549,0.94409,1.01095
23550,0.940729,0.518765
23551,0.941054,0.622182
23552,0.942274,0.50109
23553,0.940948,0.347351
23554,0.95089,1.10112
23555,0.949558,1.14282
23556,0.945819,0.783632
23557,0.942154,0.391785
23558,0.953054,1.25846
23559,0.953943,1.39987
23560,0.947208,1.00723
23561,0.94419,0.661178
23562,0.942233,0.348635
23563,0.953244,1.3135
23564,0.954479,1.46904
23565,0.942205,0.847733
23566,0.942517,0.962675
23567,0.940821,0.881989
23568,0.939184,0.341386
23569,0.942171,0.76486
23570,0.938799,0.430501
23571,0.937231,0.222609
23572,0.941818,0.708065
23573,0.944905,1.14211
23574,0.94498,0.98399
23575,0.944834,1.08747
23576,0.945135,1.23731
23577,0.945121,1.29328
23578,0.944765,1.18456
23579,0.945787,0.700994
23580,0.943236,0.315627
23581,0.93788,-0.458356
23582,0.945378,0.805808
23583,0.944932,0.141321
23584,0.944952,0.54264
23585,0.944731,-0.123614
23586,0.979088,2.56262
23587,0.937488,0.211413
23588,0.94017,-0.0537686
23589,0.941786,0.639109
23590,0.94265,0.653882
23591,0.941606,-0.107557
23592,0.939083,-0.243349
23593,0.939736,-0.201307
23594,0.938765,-0.311329
23595,0.945182,0.585314
23596,0.940038,0.0609836
23597,0.943496,-0.14773
23598,0.939375,0.196995
23599,0.939711,-0.727815
23600,0.955362,0.141943
23601,0.945479,-0.163799
23602,0.941946,-0.956296
23603,0.945553,-0.88736
23604,0.957023,0.163548
23605,0.945069,-0.925992
23606,0.93921,-0.412656
23607,0.945802,-0.432441
23608,0.945521,-0.735827
23609,0.943689,-0.918051
23610,0.944846,-0.879498
23611,0.943,-0.935446
23612,0.939829,-1.01089
23613,0.94649,0.0836736
23614,0.948331,0.277875
23615,0.944961,-0.0551723
23616,0.941328,-0.943761
23617,0.974391,2.63502
23618,0.950075,0.498806
23619,0.973271,2.98056
23620,0.952597,1.05124
23621,0.947946,-0.046709
23622,0.94867,0.0207547
23623,0.955972,0.767906
23624,0.946801,0.626914
23625,0.94319,0.257322
23626,0.942766,0.239356
23627,0.94185,0.214714
23628,0.94272,0.236977
23629,0.949164,0.72677
23630,0.947698,0.27008
23631,0.948411,0.662269
23632,0.942954,-0.0510519
23633,0.942449,-0.107959
23634,0.942273,-0.113066
23635,0.948095,0.630388
23636,0.955223,0.606758
23637,0.944531,-0.114417
23638,0.943038,-0.15182
23639,0.942126,-0.150779
23640,0.942855,-0.314471
23641,0.940887,0.335591
23642,0.943817,0.850231
23643,0.943326,0.864317
23644,0.943,0.777478
23645,0.943329,0.71662
23646,0.941055,0.137422
23647,0.940355,-0.0708615
23648,0.940821,-0.0485387
23649,0.943774,0.608184
23650,0.938225,-0.173747
23651,0.93876,-0.157605
23652,0.939321,-0.299156
23653,0.939519,-0.236984
23654,0.945205,0.609521
23655,0.935982,-0.153947
23656,0.936713,-0.132611
23657,0.939011,-0.136607
23658,0.944646,0.677592
23659,0.941101,-0.0716416
23660,0.955702,0.684419
23661,0.942711,-0.321879
23662,0.939807,-0.603022
23663,0.946854,-0.112984
23664,0.955563,0.61513
23665,0.955424,0.496575
23666,0.940487,-0.629631
23667,0.940709,-0.661916
23668,0.941825,-0.653291
23669,0.945032,-0.570094
23670,0.951919,0.084789
23671,0.952978,0.277362
23672,0.947609,-0.401244
23673,0.951922,0.0261365
23674,0.94809,-0.411129
23675,0.949605,-0.314851
23676,0.948861,-0.356947
23677,0.946992,-0.501543
23678,0.947364,-0.49916
23679,0.941318,-0.243291
23680,0.936041,-0.0641493
23681,0.940744,-0.307292
23682,0.939287,-0.43914
23683,0.939185,-0.372821
23684,0.940332,-0.419817
23685,0.936395,-0.024942
23686,0.937172,0.0895834
23687,0.93953,-0.477403
23688,0.939371,-0.521007
23689,0.940109,-0.478306
23690,0.940032,-0.627272
23691,0.940064,-0.653052
23692,0.939067,-0.588378
23693,0.941458,0.623738
23694,0.940138,-0.247149
23695,0.941113,0.523341
23696,0.941176,0.566612
23697,0.940867,0.501672
23698,0.941415,-0.432464
23699,0.940209,-0.593427
23700,0.939325,-0.582667
23701,0.945413,-0.728688
23702,0.951946,-0.0261796
23703,0.946954,-0.553556
23704,0.942528,-0.766754
23705,0.945144,-0.809188
23706,0.945805,-0.856838
23707,0.944182,-0.834562
23708,0.946137,-0.554032
23709,0.952043,-0.0757127
23710,0.945851,-0.822341
23711,0.945163,-0.834106
23712,0.943632,-0.832913
23713,0.946312,-0.869616
23714,0.945213,-0.863803
23715,0.946052,-0.817129
23716,0.944901,-0.78048
23717,0.944207,-0.817289
23718,0.943017,-0.864272
23719,0.952835,-0.157763
23720,0.948632,-0.87314
23721,0.955001,-0.198418
23722,0.94716,-0.741976
23723,0.943742,-0.84606
23724,0.943789,-0.831845
23725,0.944241,-0.827962
23726,0.944474,-0.849593
23727,0.947149,-0.732121
23728,0.955529,-0.178188
23729,0.946742,-0.797444
23730,0.948311,-0.764568
23731,0.945536,-0.743258
23732,0.940859,-0.696743
23733,0.940443,-0.656652
23734,0.941847,-0.534348
23735,0.942473,-0.630913
23736,0.941113,-0.707055
23737,0.942536,-0.762039
23738,0.943193,-0.794451
23739,0.94859,-0.788515
23740,0.946647,-0.771204
23741,0.94348,-0.757601
23742,0.962411,0.0746975
23743,0.95081,-0.697026
23744,0.960992,0.0204991
23745,0.940155,-0.370339
23746,0.941401,-0.40654
23747,0.941061,-0.486274
23748,0.96198,0.171838
23749,0.946702,-0.750359
23750,0.949184,-0.771501
23751,0.940519,-0.605952
23752,0.94273,-0.598858
23753,0.944377,-0.687763
23754,0.946401,-0.630032
23755,0.946113,-0.62467
23756,0.945609,-0.686798
23757,0.94525,-0.735323
23758,0.945621,-0.688643
23759,0.944739,-0.768134
23760,0.947866,-0.640357
23761,0.947638,-0.640772
23762,0.947391,-0.642373
23763,0.944543,-0.749133
23764,0.94526,-0.738148
23765,0.958204,-0.00305705
23766,0.944607,-0.771417
23767,0.947666,-0.650073
23768,0.974844,1.76608
23769,0.954987,-0.067886
23770,0.951786,-0.373178
23771,0.949513,-0.538504
23772,0.951974,-0.38884
23773,0.955093,-0.107891
23774,0.975131,1.72479
23775,0.950682,-0.330654
23776,0.951177,-0.328419
23777,0.952296,-0.283001
23778,0.963667,0.716069
23779,0.951156,-0.255318
23780,0.950658,-0.311206
23781,0.953328,-0.136755
23782,0.950132,-0.357635
23783,0.964612,0.757459
23784,0.963421,0.684676
23785,0.964253,0.730818
23786,0.960443,0.228957
23787,0.959522,0.141645
23788,0.957981,0.0869949
23789,0.964904,0.784995
23790,0.948174,-0.465143
23791,0.952678,-0.137136
23792,0.949589,-0.411867
23793,0.947182,-0.527893
23794,0.946477,-0.555404
23795,0.94664,-0.557672
23796,0.94722,-0.56623
23797,0.948865,-0.482387
23798,0.950873,-0.424132
23799,0.9505,-0.413379
23800,0.948742,-0.486486
23801,0.948981,-0.488175
23802,0.950809,-0.390061
23803,0.958591,0.117578
23804,0.952025,-0.343574
23805,0.950165,-0.483443
23806,0.952471,-0.340509
23807,0.956825,0.0202966
23808,0.95198,-0.362489
23809,0.948951,-0.564149
23810,0.944371,-0.778726
23811,0.952649,1.32831
23812,0.95316,1.3572
23813,0.948603,0.759015
23814,0.951949,1.2083
23815,0.950983,1.12327
23816,0.946357,0.472205
23817,0.945938,0.474607
23818,0.945291,0.435398
23819,0.946763,0.493952
23820,0.946629,0.53327
23821,0.950406,1.0731
23822,0.949991,1.0295
23823,0.948497,0.571481
23824,0.949054,0.574668
23825,0.954299,0.979003
23826,0.948115,0.532569
23827,0.949598,0.989911
23828,0.946651,0.412191
23829,0.947213,0.31004
23830,0.944818,0.370389
23831,0.948684,0.224238
23832,0.951506,0.237955
23833,0.947273,0.305489
23834,0.947548,0.254037
23835,0.946688,0.405987
23836,0.95484,0.916629
23837,0.955847,0.820686
23838,0.955308,0.841649
23839,0.948426,0.262608
23840,0.954798,0.308946
23841,0.954784,0.321923
23842,0.952867,0.269015
23843,0.951,0.266464
23844,0.956569,0.799973
23845,0.957508,0.780991
23846,0.95,-0.174276
23847,0.955916,0.464064
23848,0.959291,0.774889
23849,0.961162,0.826284
23850,0.963097,0.890409
23851,0.959106,0.393051
23852,0.965523,0.970645
23853,0.967913,1.08707
23854,0.964615,0.811679
23855,0.955922,0.127346
23856,0.96016,0.570905
23857,0.956509,0.455517
23858,0.957671,0.478262
23859,0.959075,0.420406
23860,0.967699,1.08936
23861,0.966782,0.981367
23862,1.0758,16.4654
23863,1.08658,18.9738
23864,1.07972,18.1753
23865,1.06294,14.6864
23866,1.08911,19.4894
23867,1.07509,16.4129
23868,1.08003,17.4005
23869,1.01888,13.0147
23870,1.00866,12.2934
23871,0.987101,10.8108
23872,0.991602,10.8728
23873,1.00184,11.1914
23874,0.998836,11.1682
23875,0.990277,10.834
23876,1.0613,14.6118
23877,1.1,16.7242
23878,1.06523,15.0186
23879,1.02942,13.9131
23880,1.06697,16.952
23881,1.06111,15.9746
23882,1.0406,14.713
23883,1.05187,14.6494
23884,1.06285,16.0133
23885,1.05177,15.4379
23886,1.03903,14.3228
23887,1.02897,13.8619
23888,1.04291,14.6464
23889,1.03222,14.0855
23890,1.09299,19.1531
23891,1.09523,19.702
23892,1.0994,20.0392
23893,1.08264,18.3833
23894,1.08856,19.6162
23895,1.08493,19.6283
23896,1.05613,10.3965
23897,1.06471,10.3864
23898,1.07405,11.4519
23899,1.07878,12.0365
23900,1.07388,12.1526
23901,1.08371,12.6359
23902,1.08707,13.0063
23903,1.08312,12.2463
23904,1.08646,12.8432
23905,1.08074,12.2013
23906,1.08528,11.9922
23907,1.08997,12.5862
23908,1.0761,10.9078
23909,1.07814,10.7897
23910,1.09432,12.2226
23911,1.05736,8.44973
23912,1.0601,8.32418
23913,1.06258,8.61285
23914,1.06668,8.86482
23915,1.06429,8.8721
23916,1.06348,8.69486
23917,1.06807,8.92258
23918,1.07137,9.07313
23919,1.06982,9.0035
23920,1.06581,9.15333
23921,1.07871,9.45595
23922,1.08708,10.349
23923,1.0921,10.5249
23924,1.08984,9.98307
23925,1.08996,9.75061
23926,1.09018,9.98222
23927,1.08429,9.11846
23928,1.08481,9.16049
23929,1.08864,9.22574
23930,1.08541,8.71549
23931,1.08709,9.18503
23932,1.0992,10.7475
23933,1.06458,8.73265
23934,1.09645,10.3894
23935,1.0879,9.75316
23936,1.0666,10.6213
23937,1.06497,8.81643
23938,1.06568,8.78288
23939,1.06572,9.68255
23940,1.07271,9.72784
23941,1.06743,9.51691
23942,1.06572,9.17855
23943,1.09034,9.69892
23944,1.09773,10.7455
23945,1.0844,8.63952
23946,1.08502,8.66625
23947,1.08929,9.55824
23948,1.08971,9.73349
23949,1.0706,15.6435
23950,1.06562,15.6905
23951,1.06214,15.2558
23952,1.06485,15.3299
23953,1.05284,15.1687
23954,1.04947,15.1431
23955,1.01868,12.7631
23956,1.01367,12.5179
23957,1.02529,13.0785
23958,1.03273,13.4053
23959,1.02674,13.2735
23960,1.02361,13.1953
23961,1.02554,13.0357
23962,1.02108,13.0089
23963,1.01479,12.4286
23964,1.01928,13.0518
23965,1.00826,10.3369
23966,0.997253,9.14796
23967,1.00131,9.38849
23968,1.0017,9.40428
23969,1.00051,9.29899
23970,0.996833,8.95946
23971,0.999778,9.21773
23972,1.00044,9.24096
23973,0.998215,9.00623
23974,0.999249,9.14949
23975,1.00244,9.48327
23976,1.00292,9.53472
23977,1.00371,9.62015
23978,1.00301,9.54815
23979,1.00254,9.49727
23980,1.00222,9.47671
23981,0.999096,9.1818
23982,1.00366,9.61328
23983,1.01118,10.5208
23984,1.02209,11.4474
23985,0.996096,9.32973
23986,1.01601,10.9332
23987,0.999243,9.32994
23988,1.00387,9.73023
23989,0.999531,9.25893
23990,1.01211,10.5985
23991,1.01369,10.7338
23992,1.00344,9.58202
23993,1.00457,9.70076
23994,1.00041,9.26765
23995,1.00332,9.72039
23996,1.00729,10.3773
23997,1.00625,9.98569
23998,0.995775,9.07652
23999,1.00497,9.82514
24000,1.00265,9.44513
24001,0.999556,9.08039
24002,1.00351,9.54421
24003,0.995805,8.98216
24004,0.995788,8.59681
24005,0.992931,8.98701
24006,1.00295,9.40778
24007,1.00232,9.28123
24008,1.00404,9.60955
24009,1.01011,10.1931
24010,1.00361,9.44433
24011,1.00889,9.89162
24012,1.02337,11.4854
24013,1.00457,9.23669
24014,1.00068,8.61898
24015,0.997216,8.10078
24016,0.993938,8.26877
24017,0.986365,7.31534
24018,0.986999,8.26416
24019,0.995624,8.27798
24020,0.982881,7.22966
24021,0.993835,5.6437
24022,0.977723,4.23171
24023,0.976075,4.14432
24024,0.974138,4.05524
24025,0.978418,4.312
24026,0.977825,4.31147
24027,0.971659,3.98219
24028,0.971146,3.98068
24029,0.969283,3.98628
24030,0.968363,3.98152
24031,0.970095,4.24209
24032,0.970579,4.2545
24033,0.971418,4.35836
24034,0.969224,4.10717
24035,0.97525,4.72648
24036,0.971482,4.32508
24037,0.972755,4.4057
24038,0.975012,4.22936
24039,0.974238,4.18472
24040,0.971849,4.24022
24041,0.991226,5.59092
24042,0.988884,4.8373
24043,0.989522,4.95725
24044,0.996777,5.43583
24045,0.999073,5.45426
24046,0.991324,4.69053
24047,0.987303,4.45319
24048,1.00047,5.39258
24049,1.00177,5.4924
24050,1.00088,5.17196
24051,1.00156,5.3161
24052,0.992105,4.70588
24053,0.99641,5.04168
24054,0.983924,3.64102
24055,0.985728,4.18451
24056,0.98519,4.15785
24057,0.993567,4.50587
24058,0.985087,3.6095
24059,0.99127,4.55251
24060,0.989058,4.31849
24061,0.985926,4.47287
24062,0.984066,5.76667
24063,0.972346,4.61909
24064,0.973363,5.09649
24065,0.984028,5.82573
24066,0.96353,3.42934
24067,0.962013,3.22476
24068,0.968978,4.28016
24069,0.97465,3.8637
24070,1.02022,-2.69103
24071,1.02551,-3.0109
24072,1.03352,-2.35219
24073,1.0185,-2.73874
24074,1.02325,-5.54696
24075,1.03408,-4.19012
24076,1.03503,-4.11907
24077,1.02449,-5.20523
24078,1.02757,-1.66214
24079,1.03353,-2.0655
24080,1.02708,-3.97504
24081,1.03697,-1.82045
24082,1,0
24083,1.0271,-3.21941
24084,1.02994,-3.91987
24085,1.04212,-3.45001
24086,1.02204,-4.38328
24087,1.02195,10.5114
24088,1.0132,9.82811
24089,1.00689,9.81308
24090,1.00946,9.07956
24091,0.98989,7.31315
24092,0.980028,6.50486
24093,0.973014,4.71452
24094,0.974706,6.05819
24095,0.993656,7.79282
24096,1.01202,10.459
24097,0.983175,7.39439
24098,0.981301,6.08602
24099,1.06792,15.2294
24100,1.0566,15.3842
24101,1.07433,16.1689
24102,0.958804,4.98922
24103,0.994434,7.38705
24104,0.987863,6.6275
24105,0.968375,4.69143
24106,0.96812,4.6701
24107,0.968991,4.72907
24108,0.968708,4.72265
24109,0.968753,4.72328
24110,0.960537,3.35618
24111,0.962805,4.05381
24112,0.97504,5.03229
24113,0.982516,5.2987
24114,0.972231,4.57005
24115,0.970027,4.95383
24116,0.973142,5.45764
24117,0.964127,4.07524
24118,0.955946,3.59575
24119,0.990767,8.61918
24120,0.992821,9.96565
24121,0.989415,9.35806
24122,0.977564,7.9029
24123,0.969585,7.27203
24124,0.984988,8.64272
24125,0.982194,8.31437
24126,0.990172,9.21889
24127,0.965691,5.72304
24128,0.976273,7.15983
24129,0.966244,6.53486
24130,0.972301,6.24539
24131,0.962266,5.59163
24132,1.05716,3.26982
24133,1.07843,5.67114
24134,1.08547,6.0081
24135,1.08663,5.94002
24136,1.07406,5.28278
24137,1.09141,4.56812
24138,1.05316,2.60278
24139,1.0735,4.15385
24140,1.07242,3.17155
24141,1.07752,4.21575
24142,1.06627,2.17266
24143,1.05409,1.36338
24144,1.07888,4.93463
24145,1.06183,3.05109
24146,1.07977,4.25757
24147,0.906538,-3.46518
24148,0.903328,-3.85
24149,0.902864,-3.9344
24150,0.902437,-4.01543
24151,0.901857,-4.01677
24152,0.90171,-4.05627
24153,0.902117,-3.99107
24154,0.903037,-3.88233
24155,0.902262,-3.88603
24156,0.902396,-3.90751
24157,0.903597,-3.91779
24158,0.901308,-3.95756
24159,0.906134,-3.50732
24160,0.9,-3.95994
24161,0.901591,-4.06119
24162,0.901788,-4.0554
24163,0.907545,-3.35957
24164,0.901701,-4.07855
24165,0.901911,-4.08776
24166,0.900145,-3.95383
24167,0.901035,-3.93931
24168,0.901621,-4.10096
24169,0.90194,-4.10251
24170,0.901423,-4.13024
24171,0.90125,-4.14812
24172,0.901152,-4.17078
24173,0.90112,-4.17297
24174,0.913372,-4.00639
24175,0.903348,-4.10529
24176,0.90385,-3.97383
24177,0.905463,-4.04506
24178,0.913035,-3.98388
24179,0.903023,-4.31949
24180,0.900142,-4.07339
24181,0.908115,-3.42609
24182,0.926734,-2.35344
24183,0.92128,-2.471
24184,0.909318,-3.57583
24185,0.908922,-3.44937
24186,0.907075,-3.33345
24187,0.907966,-3.53124
24188,0.907447,-3.45012
24189,0.907469,-3.32287
24190,0.908316,-3.21043
24191,0.91016,-3.07327
24192,0.909915,-3.07446
24193,0.906662,-3.44045
24194,0.90702,-3.44006
24195,0.906637,-3.44456
24196,0.9192,-2.71455
24197,0.919853,-2.53563
24198,0.918083,-2.69584
24199,0.921951,-2.46987
24200,0.918799,-2.53794
24201,0.917632,-2.55414
24202,0.920379,-2.72382
24203,0.917799,-2.55513
24204,0.928708,-1.18197
24205,0.92018,-2.85346
24206,0.920975,-2.916
24207,0.921459,-1.85515
24208,0.90781,-3.75603
24209,0.907405,-3.80274
24210,0.912947,-3.96436
24211,0.912915,-3.95625
24212,0.902025,-4.24777
24213,0.902569,-4.22506
24214,0.910901,-3.70099
24215,0.902239,-4.48729
24216,0.918547,-3.65186
24217,0.904095,-4.30968
24218,0.920348,-1.95137
24219,0.910883,-4.26765
24220,0.921213,-3.30154
24221,0.918201,-4.13729
24222,0.921097,-6.32017
24223,0.90894,-5.26699
24224,0.907677,-5.37405
24225,0.909767,-4.60982
24226,0.919696,-4.14567
24227,0.913564,-5.63832
24228,0.904787,-4.23084
24229,0.919567,-6.12005
24230,0.935735,-6.08549
24231,0.932786,-6.57393
24232,0.923154,-1.72526
24233,0.935255,-0.636434
24234,0.916707,-2.42001
24235,0.9126,-2.42471
24236,0.919865,-2.20235
24237,0.910754,-2.68444
24238,0.900602,-4.14448
24239,0.909851,-3.10364
24240,0.910698,-3.05052
24241,0.908292,-3.29644
24242,0.931212,-1.8763
24243,0.939926,-0.877114
24244,0.934259,-1.37881
24245,0.935671,-1.23757
24246,0.919201,-2.53921
24247,0.949612,-0.227313
24248,0.950267,-0.221718
24249,0.950358,-0.220614
24250,0.953534,-0.16907
24251,0.949895,-0.200651
24252,0.949547,-0.225015
24253,0.94814,-0.246703
24254,0.948082,-0.227453
24255,0.948396,-0.226869
24256,0.948194,-0.227927
24257,0.950097,-0.165743
24258,0.950739,-0.13442
24259,0.961006,0.622995
24260,0.951803,-0.0429821
24261,0.95255,0.0164685
24262,0.955514,0.456501
24263,0.953605,0.0443421
24264,0.954641,0.0886655
24265,0.955216,0.0942291
24266,0.961343,0.635868
24267,0.950922,-0.194213
24268,0.962832,0.594477
24269,0.953118,-0.177467
24270,0.951662,-0.188636
24271,0.961745,0.521187
24272,0.961946,0.529982
24273,0.953409,-0.0948877
24274,0.953261,-0.09463
24275,0.950513,-0.168368
24276,0.952553,-0.109793
24277,0.952825,-0.110868
24278,0.952579,-0.112685
24279,0.955044,-0.157205
24280,0.962219,0.510275
24281,0.953645,-0.195526
24282,0.953082,-0.222305
24283,0.953231,-0.247795
24284,0.962016,0.513314
24285,0.961874,0.51876
24286,0.962281,0.50373
24287,0.966225,0.819665
24288,0.953025,-0.292491
24289,0.952078,-0.333385
24290,0.961313,0.449272
24291,0.953442,-0.25883
24292,0.95378,-0.226809
24293,0.954348,-0.190182
24294,0.951895,-0.275467
24295,0.951804,-0.281385
24296,0.95213,-0.288454
24297,0.948167,-0.4933
24298,0.948272,-0.485065
24299,0.94813,-0.507713
24300,0.948499,-0.505209
24301,0.948163,-0.506312
24302,0.948166,-0.507789
24303,0.947694,-0.540354
24304,0.948816,-0.508887
24305,0.949631,-0.465607
24306,0.948942,-0.465694
24307,0.950141,-0.435674
24308,0.95288,-0.295811
24309,0.953185,-0.293165
24310,0.976155,1.67786
24311,0.95293,-0.208447
24312,0.952908,-0.298693
24313,0.950731,-0.378074
24314,0.953471,-0.18345
24315,0.951753,-0.0871456
24316,0.953982,-0.0522854
24317,0.955324,0.01695
24318,0.96171,0.651273
24319,0.956632,0.154089
24320,0.962696,0.702452
24321,0.966742,1.02341
24322,0.967571,1.08685
24323,0.963193,0.725635
24324,0.975698,1.71543
24325,0.955867,-0.0155137
24326,0.955007,-0.0694438
24327,0.954558,-0.147672
24328,0.953099,-0.0905108
24329,0.954741,-0.107606
24330,0.953815,-0.113748
24331,0.954699,-0.0699932
24332,0.955193,-0.049195
24333,0.955509,-0.0357337
24334,0.957807,0.122118
24335,0.954531,-0.166856
24336,0.953236,-0.208171
24337,0.961937,0.467589
24338,0.9539,-0.201295
24339,0.953242,-0.142624
24340,0.955201,-0.0457355
24341,0.954073,-0.105596
24342,0.95395,-0.106814
24343,0.953534,-0.106919
24344,0.952883,-0.169495
24345,0.954107,-0.108544
24346,0.954389,-0.10873
24347,0.954299,-0.108699
24348,0.955285,-0.105156
24349,0.958817,0.262413
24350,0.96317,0.47857
24351,0.960448,0.584932
24352,0.962101,0.470188
24353,0.962007,0.46845
24354,0.952755,-0.193175
24355,0.952861,-0.192251
24356,0.957116,0.539701
24357,0.959462,0.382157
24358,0.963633,0.478775
24359,0.963856,0.482562
24360,0.964087,0.472583
24361,0.964511,0.477549
24362,0.965927,0.520149
24363,0.965704,0.554175
24364,0.959864,0.209033
24365,0.96474,0.496735
24366,0.959403,0.314319
24367,0.957682,0.158847
24368,0.964574,0.513698
24369,0.962516,0.165961
24370,0.961946,0.128908
24371,0.963293,0.466644
24372,0.955625,-0.0694365
24373,0.963819,0.474341
24374,0.967006,0.609394
24375,0.963813,0.278986
24376,0.96285,0.238552
24377,0.96167,0.214645
24378,0.965777,0.376087
24379,0.975144,1.5738
24380,0.963407,0.220013
24381,0.975227,1.58602
24382,0.970081,0.776783
24383,0.976344,1.67082
24384,0.964835,0.151228
24385,0.964515,0.13484
24386,0.976508,1.71
24387,0.976165,1.63234
24388,0.963334,0.215377
24389,0.963529,0.215684
24390,0.967829,0.663129
24391,0.968074,0.704021
24392,0.967351,0.669209
24393,0.974779,1.60537
24394,0.964378,0.278074
24395,0.964262,0.274633
24396,0.974616,1.59695
24397,0.966595,0.633969
24398,0.965471,0.567307
24399,0.961411,0.0719374
24400,0.962474,0.115796
24401,0.946823,-0.585544
24402,0.946548,-0.621215
24403,0.947696,-0.59366
24404,0.948498,-0.555082
24405,0.948579,-0.556268
24406,0.953914,-0.296257
24407,0.953844,-0.295481
24408,0.95465,-0.188385
24409,0.951928,-0.322311
24410,0.953574,-0.299094
24411,0.953698,-0.297817
24412,0.949194,-0.505023
24413,0.94834,-0.551656
24414,0.947317,-0.595551
24415,0.94888,-0.491086
24416,0.948812,-0.479858
24417,0.950204,-0.399759
24418,0.951149,-0.360384
24419,0.952218,-0.2944
24420,0.962092,0.432258
24421,0.953314,-0.231909
24422,0.962551,0.44273
24423,0.954586,-0.194301
24424,0.956013,-0.170564
24425,0.955829,-0.170465
24426,0.95683,-0.153409
24427,0.957794,-0.131263
24428,0.960302,0.0174578
24429,0.965587,0.580421
24430,0.962053,0.438303
24431,0.954316,-0.359613
24432,0.951975,-0.473403
24433,0.951991,-0.500167
24434,0.952854,-0.478194
24435,0.963585,0.446726
24436,0.96464,0.515289
24437,0.955413,-0.334777
24438,0.961355,0.285736
24439,0.952152,-0.513188
24440,0.95091,-0.559242
24441,0.951142,-0.569425
24442,0.952454,-0.525215
24443,0.954037,-0.442768
24444,0.961322,0.288138
24445,0.953922,-0.436653
24446,0.946774,-0.652269
24447,0.94647,-0.668244
24448,0.947508,-0.636822
24449,0.948424,-0.602349
24450,0.948895,-0.556458
24451,0.961243,0.316264
24452,0.949663,-0.527784
24453,0.946613,-0.676786
24454,0.946645,-0.689883
24455,0.947105,-0.687031
24456,0.948009,-0.665051
24457,0.949564,-0.636176
24458,0.948381,-0.703139
24459,0.94756,-0.720771
24460,0.945697,-0.750128
24461,0.947553,-0.708337
24462,0.947842,-0.696794
24463,0.947754,-0.579988
24464,0.947554,-0.581523
24465,0.94726,-0.573867
24466,0.946662,-0.609607
24467,0.946126,-0.653418
24468,0.945813,-0.669096
24469,0.945089,-0.693285
24470,0.946293,-0.688714
24471,0.946309,-0.666624
24472,0.946873,-0.639545
24473,0.946961,-0.677216
24474,0.94521,-0.730267
24475,0.945311,-0.71919
24476,0.945103,-0.729366
24477,0.9454,-0.737469
24478,0.945184,-0.749243
24479,0.945032,-0.741972
24480,0.944662,-0.811075
24481,0.945197,-0.801466
24482,0.94578,-0.778979
24483,0.946085,-0.772177
24484,0.946803,-0.776324
24485,0.947598,-0.767128
24486,0.946343,-0.813094
24487,0.945449,-0.83388
24488,0.947793,-0.720345
24489,0.94788,-0.728397
24490,0.948042,-0.756419
24491,0.948653,-0.739216
24492,0.951432,-0.617123
24493,0.949862,-0.696856
24494,0.948876,-0.71952
24495,0.948771,-0.728287
24496,0.949166,-0.722566
24497,0.946765,-0.764837
24498,0.94773,-0.741821
24499,0.948083,-0.740373
24500,0.94865,-0.71675
24501,0.950259,-0.637603
24502,0.949289,-0.685831
24503,0.960977,0.126488
24504,0.950522,-0.637719
24505,0.949009,-0.700269
24506,0.94801,-0.742228
24507,0.947691,-0.751691
24508,0.950294,-0.658873
24509,0.949543,-0.688348
24510,0.950381,-0.666844
24511,0.951037,-0.648676
24512,0.950618,-0.637842
24513,0.951178,-0.6468
24514,0.951517,-0.642759
24515,0.952576,-0.597906
24516,0.952332,-0.60675
24517,0.951312,-0.634375
24518,0.953545,-0.503459
24519,0.949769,-0.646415
24520,0.950502,-0.61007
24521,0.951644,-0.552691
24522,0.952682,-0.511456
24523,0.952916,-0.504513
24524,0.95409,-0.453547
24525,0.951933,-0.580316
24526,0.951268,-0.591793
24527,0.950577,-0.622236
24528,0.950118,-0.629418
24529,0.950874,-0.659372
24530,0.951846,-0.675963
24531,0.951914,-0.677809
24532,0.951078,-0.656931
24533,0.950948,-0.66055
24534,0.951007,-0.663853
24535,0.950052,-0.636066
24536,0.950565,-0.641792
24537,0.950598,-0.640782
24538,0.965849,0.955018
24539,0.96477,0.869908
24540,0.955773,0.143819
24541,0.954181,0.0548311
24542,0.953604,0.0388746
24543,0.951325,0.0257048
24544,0.95213,0.0260015
24545,0.951776,0.0250261
24546,0.947693,-0.164159
24547,0.956119,0.502368
24548,0.947206,-0.216209
24549,0.946823,-0.231012
24550,0.946297,-0.252063
24551,0.946701,-0.250917
24552,0.947167,-0.251009
24553,0.947025,-0.18475
24554,0.946224,-0.180445
24555,0.952282,-0.332052
24556,0.951092,-0.395796
24557,0.951787,-0.369111
24558,0.95259,-0.332157
24559,0.953514,-0.290863
24560,0.951812,-0.323954
24561,0.947745,-0.517031
24562,0.946888,-0.572725
24563,0.946989,-0.572637
24564,0.948955,-0.466699
24565,0.947969,-0.512035
24566,0.949982,-0.440181
24567,0.949249,-0.453288
24568,0.956971,-0.137183
24569,0.95816,-0.099435
24570,0.953114,-0.593896
24571,0.951987,-0.612366
24572,0.964138,0.174377
24573,0.957912,-0.256445
24574,0.960313,-0.188516
24575,0.964661,0.189613
24576,0.982869,1.43471
24577,0.964725,0.147807
24578,0.965121,0.20421
24579,0.953774,-0.605048
24580,0.954225,-0.610132
24581,0.959834,-0.344635
24582,0.953395,-0.604549
24583,0.955376,-0.559787
24584,0.954196,-0.584752
24585,0.951877,-0.674823
24586,0.966982,0.347294
24587,0.954912,-0.520904
24588,0.957713,-0.353705
24589,0.955881,-0.468211
24590,0.9581,-0.387665
24591,0.960778,-0.00538343
24592,0.963013,0.107011
24593,0.965333,0.232511
24594,0.962364,-0.0716429
24595,0.959589,-0.233315
24596,0.967298,0.358681
24597,0.957398,-0.351329
24598,0.958193,-0.332919
24599,0.968396,0.40084
24600,0.985053,1.81492
24601,0.962824,-0.0904367
24602,0.961872,-0.131358
24603,1.01873,4.63556
24604,0.97175,0.505824
24605,0.984179,1.73174
24606,0.96664,0.0515357
24607,0.96714,0.0539174
24608,0.966033,-0.0242889
24609,0.968007,0.324135
24610,0.964366,-0.147465
24611,0.966883,0.261532
24612,0.960787,-0.330346
24613,0.945326,-0.902786
24614,0.947442,-0.912465
24615,0.950735,-0.92402
24616,0.954443,-0.859993
24617,0.946801,-0.848696
24618,0.946197,-0.940207
24619,0.968075,0.33651
24620,0.956402,-0.241768
24621,0.952672,-0.759881
24622,0.951389,-0.712464
24623,0.955843,-0.532058
24624,0.968484,0.351274
24625,0.953875,-0.615207
24626,0.957309,-0.539696
24627,0.971027,0.465723
24628,0.970678,0.441477
24629,0.959774,-0.45756
24630,0.983856,1.5374
24631,0.970909,0.44584
24632,0.98204,1.54323
24633,0.95664,-0.740158
24634,0.954425,-0.812966
24635,0.954134,-0.812686
24636,0.958897,-0.635713
24637,0.957158,-0.625815
24638,0.956714,-0.734992
24639,0.955095,-0.805198
24640,0.954741,-0.805903
24641,0.981848,1.52664
24642,0.953842,-0.937892
24643,0.948533,-1.17451
24644,0.948165,-1.18736
24645,0.939275,-1.44557
24646,0.938835,-1.5987
24647,0.948885,-1.12083
24648,0.954423,-0.739731
24649,0.944274,-1.17465
24650,0.944088,-0.716302
24651,0.952958,-0.734726
24652,0.958351,-0.157452
24653,0.959873,-0.409822
24654,0.971522,0.505953
24655,0.955148,-0.300396
24656,0.953184,-0.718075
24657,0.955305,-0.771537
24658,0.955534,-0.710814
24659,0.952778,-0.843485
24660,0.953016,-0.774221
24661,0.951168,-0.470465
24662,0.984686,1.38772
24663,0.951811,-0.905753
24664,0.951319,-0.913124
24665,0.952573,-0.996245
24666,0.960073,-0.381323
24667,0.963586,-0.231245
24668,0.963504,-0.244392
24669,0.967623,0.200513
24670,0.963073,-0.182272
24671,0.961266,-0.451972
24672,0.958659,-0.52885
24673,0.957338,-0.592175
24674,0.954524,-0.689421
24675,0.953338,-0.736578
24676,0.954731,-0.698926
24677,0.95337,-0.842014
24678,0.953876,-0.84079
24679,0.960168,-0.339752
24680,0.958545,-0.534072
24681,0.959517,-0.401789
24682,0.957428,-0.616332
24683,0.965397,-0.0105657
24684,0.966354,0.073327
24685,0.959194,-0.569917
24686,0.958145,-0.628043
24687,0.964929,-0.0491534
24688,0.957368,-0.619655
24689,0.954658,-0.852681
24690,0.962824,-0.14957
24691,0.952949,-0.910179
24692,0.953367,-0.915182
24693,0.964535,-0.0881559
24694,0.953072,-0.972617
24695,0.952292,-0.971282
24696,0.963599,-0.176312
24697,0.951532,-0.989756
24698,0.951338,-0.682792
24699,0.951738,-0.704085
24700,0.952792,-0.682347
24701,0.954013,-0.628572
24702,0.957015,-0.508741
24703,0.953375,-0.658923
24704,0.95245,-0.700376
24705,0.963109,-0.0463478
24706,0.952469,-0.872702
24707,0.964548,-0.17583
24708,0.953807,-0.878795
24709,0.951868,-0.879165
24710,0.952839,-0.895015
24711,0.952944,-0.888198
24712,0.962875,-0.091795
24713,0.962759,-0.116699
24714,0.956582,-0.313978
24715,0.957095,-0.2901
24716,0.974738,1.63785
24717,0.974483,1.6156
24718,0.955216,-0.368107
24719,0.953502,-0.208391
24720,0.962476,0.313984
24721,0.962923,0.33791
24722,0.964256,0.406637
24723,0.957593,-0.233431
24724,0.96017,-0.154181
24725,0.956658,-0.311691
24726,0.95139,-0.750224
24727,0.950679,-0.754991
24728,0.951129,-0.751246
24729,0.951529,-0.750025
24730,0.951418,-0.760097
24731,0.95147,-0.812494
24732,0.952371,-0.851136
24733,0.951364,-0.842671
24734,0.966601,0.305624
24735,0.956143,-0.465307
24736,0.956188,-0.463518
24737,0.968577,0.393108
24738,0.959728,-0.519275
24739,0.957608,-0.58581
24740,0.958606,-0.591175
24741,0.95939,-0.550353
24742,0.961668,-0.453127
24743,0.962327,-0.462491
24744,0.961716,-0.461266
24745,0.966067,-0.187137
24746,0.963401,-0.293954
24747,0.962528,-0.316258
24748,0.962135,-0.454936
24749,0.96314,-0.387392
24750,0.964949,-0.306323
24751,0.969014,0.227413
24752,0.966764,-0.25145
24753,0.963598,-0.402553
24754,0.964985,-0.3805
24755,0.967085,-0.266347
24756,0.975607,1.65782
24757,0.969949,0.582391
24758,0.966349,0.214045
24759,0.965812,0.188487
24760,0.96817,0.263924
24761,0.969053,0.431593
24762,0.968374,0.266887
24763,0.968703,0.271682
24764,0.968772,0.325796
24765,0.965469,0.253134
24766,0.982429,1.45829
24767,0.967928,-0.183914
24768,0.968069,-0.246235
24769,0.966839,-0.291643
24770,0.966528,-0.324022
24771,0.967148,-0.286791
24772,0.96803,-0.273507
24773,0.967178,-0.323648
24774,0.971765,0.0901575
24775,0.964894,-0.490514
24776,0.966945,-0.392778
24777,0.965832,-0.34262
24778,0.96268,-0.524982
24779,0.966601,-0.418389
24780,0.966022,-0.365865
24781,0.967233,-0.384058
24782,0.974807,0.0506231
24783,0.952872,-0.897324
24784,0.965464,-0.165221
24785,0.967685,-0.155654
24786,0.953853,-0.90107
24787,0.957573,-0.640669
24788,0.958764,-0.660149
24789,0.954931,-0.883299
24790,0.985757,0.978316
24791,0.968183,-0.442866
24792,0.958898,-0.78314
24793,0.959207,-0.720212
24794,0.960334,-0.734176
24795,0.959476,-0.843448
24796,0.986976,0.931045
24797,0.968908,-0.506815
24798,0.970618,-0.210797
24799,0.96449,-0.745361
24800,0.969179,-0.509515
24801,0.962948,-0.786231
24802,0.951853,-1.08152
24803,0.951535,-0.944383
24804,0.952339,-1.02326
24805,0.961301,-0.314323
24806,0.959664,-0.383092
24807,0.987175,0.964936
24808,0.945601,-1.38698
24809,0.932122,-1.02817
24810,0.937139,-0.915461
24811,0.937543,-1.24115
24812,0.935863,-0.966444
24813,0.92453,-1.9287
24814,0.92471,-1.84935
24815,0.93954,-1.38104
24816,0.920813,-2.41036
24817,0.925456,-2.24233
24818,0.955088,-1.62735
24819,0.947885,-1.90118
24820,0.961404,-1.27902
24821,0.970501,-0.511957
24822,0.989587,0.745695
24823,0.965687,-0.715605
24824,0.966894,-0.973972
24825,0.976684,-0.268528
24826,0.972035,-0.729048
24827,0.970231,-0.586835
24828,0.991448,0.687471
24829,0.971009,-0.72152
24830,0.971076,-0.727589
24831,0.971544,-0.39352
24832,0.978462,0.137704
24833,0.973104,-0.306053
24834,0.97551,-0.282063
24835,0.992014,1.09144
24836,0.99173,0.906743
24837,0.973124,0.0725405
24838,0.9755,0.0286562
24839,0.976677,0.0287348
24840,0.978218,-0.192874
24841,0.976222,-0.164452
24842,0.974109,-0.28998
24843,0.979473,0.161814
24844,0.977355,-0.0201241
24845,0.975109,-0.762969
24846,0.974631,-0.90925
24847,0.966214,0.610201
24848,0.95286,-0.274417
24849,0.95667,0.0327487
24850,0.960436,0.205777
24851,0.957203,-1.08591
24852,0.957807,0.1221
24853,0.977677,1.74796
24854,0.975102,1.66976
24855,0.96191,0.850299
24856,1.06143,16.3761
24857,1.04502,15.4487
24858,1.07356,17.576
24859,1.06977,17.0633
24860,1.06638,16.6396
24861,1.06593,16.503
24862,1.0757,17.904
24863,1.06788,16.8348
24864,1.08613,7.55306
24865,1.08309,7.07435
24866,1.07063,8.66994
24867,1.08556,9.53974
24868,1.0874,8.99551
24869,1.09718,10.5932
24870,1.02263,-5.2362
24871,1.02095,-4.51161
24872,1.02973,-3.22461
24873,1.04975,-2.22481
24874,1.03265,-4.00745
24875,1.0417,-2.40824
24876,1.03227,-3.20575
24877,1.04622,-1.50406
24878,1.03463,-3.27804
24879,1.02651,-3.88512
24880,1.04462,-1.73034
24881,1.0361,-3.09183
24882,1.06402,1.98133
24883,1.04763,-1.23919
24884,1.04216,-2.4508
24885,1.03837,-3.12428
24886,1.03426,-3.04607
24887,1.03845,-2.7808
24888,1.03764,-2.87364
24889,1.04668,-1.46387
24890,1.03796,-2.84434
24891,1.03908,-2.70761
24892,1.04021,-2.58204
24893,1.03896,-2.75254
24894,1.03956,-2.74397
24895,1.03804,-2.84247
24896,1.04724,-1.38594
24897,1.04656,-1.4803
24898,1.03966,-2.66744
24899,1.04665,-1.46912
24900,1.02629,-4.96292
24901,1.02697,-4.92435
24902,1.03824,-2.80703
24903,1.01951,-7.7175
24904,1.02381,-6.68606
24905,1.02247,-7.26687
24906,1.03251,-3.81988
24907,1.02674,-6.91008
24908,1.02401,-7.1646
24909,1.02566,-6.99801
24910,1.02804,-5.89295
24911,1.02958,-5.23429
24912,1.03159,-5.2131
24913,1.03274,-3.43522
24914,0.903533,-4.87308
24915,0.902326,-4.91922
24916,0.917613,-3.04348
24917,0.912726,-3.9599
24918,0.941912,-0.837482
24919,0.928829,-1.70849
24920,0.927888,-2.50831
24921,0.928592,-1.48648
24922,0.926461,-2.41699
24923,0.941833,-1.66598
24924,0.929656,-1.96928
24925,0.941561,-1.78157
24926,0.929105,-2.42213
24927,0.927601,-2.62143
24928,0.944511,-1.50921
24929,0.944837,-1.58633
24930,0.947188,-1.339
24931,0.92242,-5.7771
24932,0.941718,-1.87777
24933,0.911425,-3.67694
24934,0.923856,-2.46745
24935,0.9,-4.52819
24936,0.926527,-4.65946
24937,0.919504,-4.52523
24938,0.922039,-6.64731
24939,1.0908,8.83866
24940,1.09217,9.04019
24941,1.08159,7.61748
24942,1.0937,9.27841
24943,1.08062,8.84915
24944,1.08851,9.35932
24945,1.08654,8.8825
24946,1.09103,9.71723
24947,1.08074,8.75843
24948,1.09071,9.55187
24949,1.09883,10.6058
24950,1.0929,10.2956
24951,1.08657,8.68562
24952,1.08866,9.42417
24953,1.08157,8.85638
24954,1.02897,-3.90994
24955,1.02536,-3.988
24956,1.02326,-4.18805
24957,1.0192,-4.53774
24958,1.0308,-4.7065
24959,1.02361,-4.9982
24960,1.02506,-4.90621
24961,1.02287,-4.89133
24962,1.01962,-4.46078
24963,1.01999,-5.98498
24964,1.02393,-5.17251
24965,1.04825,10.8495
24966,1.06443,12.4098
24967,1.04989,11.0144
24968,1.0556,8.52131
24969,1.05942,8.68253
24970,1.05447,9.17379
24971,1.06382,8.91355
24972,1.04464,8.66284
24973,1.04738,10.1535
24974,1.06915,11.9349
24975,1.06446,11.7441
24976,1.06037,11.3161
24977,1.06017,11.3029
24978,1.05977,11.2989
24979,1.05523,11.5284
24980,1.05335,11.5641
24981,1.05401,11.5221
24982,1.05683,10.1619
24983,1.05288,10.1021
24984,1.05382,10.5429
24985,1.04125,3.67261
24986,1.05358,4.82375
24987,1.0325,3.63569
24988,1.07272,7.81804
24989,1.07814,8.825
24990,1.08655,9.59985
24991,1.07703,8.428
24992,1.07651,8.68302
24993,1.0661,7.38948
24994,1.01538,3.59231
24995,1.0143,3.57599
24996,1.01244,3.98945
24997,1.01338,4.00037
24998,1.01249,3.9878
24999,1.00719,5.97953
25000,1.01413,4.60797
25001,1.01217,4.55473
25002,1.00514,6.11004
25003,1.00748,5.96203
25004,1.02178,3.09633
25005,1.02193,2.85085
25006,1.04212,4.36149
25007,1.03938,4.2489
25008,1.02263,3.25621
25009,1.05026,4.3089
25010,1.05298,5.45898
25011,1.03,2.9724
25012,1.01721,3.19114
25013,1.01773,4.37921
25014,1.02368,4.08974
25015,1.01928,5.53319
25016,1.01584,3.33288
25017,1.02553,3.57696
25018,1.02429,3.51098
25019,1.02382,3.47462
25020,1.02856,3.41937
25021,1.028,3.24071
25022,1.0279,3.04853
25023,1.02657,3.6474
25024,1.02391,3.52156
25025,1.01851,5.10996
25026,1.01958,3.36854
25027,1.02329,3.03246
25028,1.0235,1.99612
25029,1.02108,1.79926
25030,1.02044,1.7926
25031,1.04436,4.2034
25032,1.02762,2.55298
25033,1.04507,3.88045
25034,1.02543,2.06706
25035,1.03535,2.86928
25036,1.04575,3.11506
25037,1.03313,3.0357
25038,1.04464,4.43741
25039,1.02181,1.97136
25040,1.03288,2.84387
25041,1.02794,2.33397
25042,1.03157,2.90072
25043,1.03269,2.99485
25044,1.0186,1.81176
25045,1.02955,2.70634
25046,1.04618,3.0861
25047,1.04905,3.27581
25048,1.04552,2.66347
25049,1.0442,2.12287
25050,1.04795,3.07906
25051,1.04391,2.20493
25052,1.04215,2.08535
25053,1.04229,2.22923
25054,1.04384,2.29502
25055,1.04383,2.36172
25056,1.04544,2.66259
25057,1.04753,2.96733
25058,1.04156,2.03863
25059,1.04325,2.39079
25060,1.04305,2.40879
25061,1.04295,2.44063
25062,1.0425,2.362
25063,1.0471,3.04198
25064,1.04532,2.65109
25065,1.04745,3.10164
25066,1.04481,2.32529
25067,1.04739,2.92823
25068,1.01446,5.00207
25069,1.00367,6.22402
25070,1.0112,4.79638
25071,1.01069,5.82625
25072,1.01282,3.80127
25073,1.05168,3.48991
25074,0.993331,1.96715
25075,1.00648,-1.19543
25076,0.996455,-0.285966
25077,0.998102,1.06493
25078,0.997578,3.17867
25079,1.00021,4.66735
25080,1.00606,2.4406
25081,1.01132,-6.5781
25082,0.999251,-6.04365
25083,1.01332,-5.37284
25084,1.00932,-5.60252
25085,1.01586,-5.13983
25086,1.00685,-5.34449
25087,1.01173,-5.61423
25088,1.01998,-4.63182
25089,1.01481,-4.06186
25090,1.01723,-6.0751
25091,1.02394,-3.37529
25092,1.02387,-3.42544
25093,1.02411,-3.42356
25094,1.02354,-3.10594
25095,1.02373,-3.06637
25096,1.02367,-3.11113
25097,1.02376,-3.15719
25098,1.02489,-3.13344
25099,1.02426,-3.07802
25100,1.02401,-3.34215
25101,1.02447,-2.72569
25102,1.0232,-3.47051
25103,1.02573,-2.75705
25104,1.02463,-3.40152
25105,1.02355,-3.50343
25106,1.02546,-3.36219
25107,1.02136,-3.86976
25108,1.02389,-3.1265
25109,1.02655,-3.18497
25110,1.02459,-2.67351
25111,1.0409,-1.05175
25112,1.02161,-3.46869
25113,1.02051,-4.01878
25114,1.02415,-3.32549
25115,1.02016,-4.06773
25116,1.01751,-4.32247
25117,1.00747,-4.59376
25118,1.01435,-4.70857
25119,1.03975,-1.37295
25120,1.01915,-4.23948
25121,1.00844,-4.11828
25122,1.01164,-3.88409
25123,1.02068,-3.24673
25124,1.01715,-3.17282
25125,1.02428,-1.99634
25126,1.02565,-2.10208
25127,1.02483,-2.51475
25128,1.02531,-2.26171
25129,1.0251,-2.36566
25130,1.02778,-1.8917
25131,1.02096,-3.2949
25132,1.01984,-2.85742
25133,1.02372,-3.15668
25134,1.024,-3.25601
25135,1.0454,4.11016
25136,1.04347,3.81576
25137,1.04154,3.49154
25138,1.04117,3.30247
25139,1.03841,3.36675
25140,1.03294,3.00279
25141,1.03466,3.12238
25142,1.04099,3.43291
25143,1.04117,3.85606
25144,1.04104,3.58362
25145,1.03544,3.18878
25146,1.03164,2.88316
25147,1.04282,3.9808
25148,1.04134,3.69274
25149,1.04111,3.58672
25150,1.03196,3.15349
25151,1.03539,3.71844
25152,1.05195,5.19147
25153,1.03432,3.78655
25154,1.03761,3.88784
25155,1.04928,5.04911
25156,1.05147,5.4244
25157,1.05783,6.2217
25158,1.04736,4.69545
25159,1.04331,3.88256
25160,1.04601,4.47499
25161,1.04812,4.72097
25162,1.04599,4.43214
25163,1.04375,4.41192
25164,1.04972,4.92445
25165,1.04589,4.41145
25166,1.04436,4.19742
25167,1.05595,6.21171
25168,1.05335,5.72181
25169,1.06761,7.63481
25170,1.05528,6.52433
25171,1.07041,7.88867
25172,1.04708,4.97462
25173,1.04931,5.25872
25174,1.06403,7.46039
25175,1.02524,0.973012
25176,1.04913,3.00573
25177,1.05112,3.31039
25178,1.04058,1.77944
25179,1.05315,3.61884
25180,1.04469,3.31911
25181,1.04837,3.85473
25182,1.03914,2.78199
25183,1.05187,3.56381
25184,0.98335,3.62581
25185,0.983719,3.82285
25186,0.984043,3.85691
25187,0.981593,3.31566
25188,0.98092,1.72607
25189,0.976444,1.30783
25190,0.985366,4.00334
25191,0.981587,0.967541
25192,0.982157,-0.312722
25193,0.961974,0.565223
25194,0.984311,2.2573
25195,0.990392,3.01607
25196,0.991331,6.60579
25197,0.992041,5.25744
25198,0.989558,4.38604
25199,0.995077,5.68297
25200,1.00793,9.3972
25201,1.00946,9.73576
25202,1.00825,9.51381
25203,1.00779,9.43125
25204,0.998038,7.30931
25205,1.00692,9.27777
25206,1.00727,9.33924
25207,0.993435,6.3997
25208,1.05767,1.96297
25209,1.0547,0.346433
25210,1.06275,1.57787
25211,1.07523,3.61459
25212,1.06779,2.5947
25213,1.06972,2.90207
25214,1.06943,2.94024
25215,1.07128,3.15331
25216,1.06656,2.72059
25217,1.0683,4.16851
25218,1.00719,-10.2053
25219,1.00244,-10.9275
25220,1.00335,-11.1077
25221,1.00355,-11.126
25222,1.00203,-11.1954
25223,1.00995,-9.53825
25224,1.0124,-9.26119
25225,1.01684,-8.82425
25226,1.01891,-8.53091
25227,1.0299,-8.28913
25228,1.02925,-8.21933
25229,1.027,-8.3195
25230,1.02136,-8.1608
25231,0.999953,-7.86315
25232,1.00298,-7.87418
25233,1.0036,-7.65679
25234,1.00285,-7.95336
25235,1.00314,-7.86719
25236,1.00319,-7.78349
25237,1.00328,-7.71996
25238,1.00358,-7.6681
25239,1.00064,-7.8425
25240,1.01029,-5.97361
25241,1.00303,-8.98864
25242,1.00194,-7.87755
25243,1.00224,-7.82067
25244,1.00251,-7.76875
25245,1.00277,-7.72064
25246,1.00315,-7.65753
25247,1.00377,-7.44538
25248,1.00443,-7.31195
25249,1.00922,-5.9004
25250,0.99871,-7.96741
25251,0.996734,-8.03661
25252,1.00175,-7.75021
25253,1.00984,-5.94978
25254,1.00324,-7.50615
25255,1.00601,-7.09123
25256,1.00549,-7.12049
25257,1.00519,-7.13663
25258,1.00846,-5.83947
25259,1.00349,-7.3026
25260,1.0038,-7.25988
25261,1.00919,-5.90777
25262,1.00876,-5.77799
25263,1.00146,-7.74583
25264,0.997826,-8.09952
25265,1.00365,-7.39821
25266,1.00365,-7.358
25267,1.00018,-7.92294
25268,1.00383,-7.29043
25269,0.999612,-7.44257
25270,0.999407,-7.59986
25271,0.997748,-8.26906
25272,0.998416,-8.23891
25273,1.00004,-8.06944
25274,0.99963,-8.14134
25275,0.999376,-8.24908
25276,0.999122,-7.67727
25277,0.999501,-8.1153
25278,0.999591,-7.51141
25279,0.999856,-7.40325
25280,0.994527,-8.16755
25281,0.996136,-8.03373
25282,1.00379,-7.18733
25283,1.00504,-6.9884
25284,0.990731,-7.83472
25285,0.990282,-7.86207
25286,0.9917,-7.83284
25287,0.993015,-7.80362
25288,0.991846,-7.79373
25289,0.997242,-7.32614
25290,0.997562,-7.30954
25291,0.997921,-7.28164
25292,0.99842,-7.23943
25293,1.00712,-6.68734
25294,0.987485,-7.32447
25295,0.988419,-7.60717
25296,0.988757,-7.52727
25297,1.00622,-6.72145
25298,0.987766,-7.55861
25299,0.987342,-7.52356
25300,0.988171,-7.65091
25301,0.987275,-7.6089
25302,0.989432,-7.7765
25303,0.988717,-7.70944
25304,0.986685,-7.6649
25305,0.985945,-7.65459
25306,0.987097,-7.7217
25307,0.987467,-7.76145
25308,0.986423,-7.78223
25309,0.985428,-7.78149
25310,0.989619,-7.77555
25311,0.987912,-7.77826
25312,0.98881,-7.72734
25313,0.994507,-7.40595
25314,0.997744,-7.23453
25315,0.988786,-7.7277
25316,0.998091,-7.21462
25317,0.992425,-7.58156
25318,0.998478,-7.18759
25319,0.991609,-7.6048
25320,0.998902,-7.15711
25321,0.999382,-7.12637
25322,0.99839,-7.97795
25323,0.997629,-8.04076
25324,0.985322,-7.30316
25325,0.98429,-7.28351
25326,0.983392,-7.2593
25327,0.98727,-7.43288
25328,0.98383,-7.34026
25329,0.982834,-7.35823
25330,0.979774,-6.14505
25331,0.981995,-7.31575
25332,0.979417,-7.05716
25333,0.979807,-5.8851
25334,0.979689,-5.96608
25335,0.97703,-6.11934
25336,0.979915,-5.73949
25337,0.979701,-6.06714
25338,0.977969,-6.60844
25339,0.977825,-7.0494
25340,0.986713,-3.44744
25341,0.986798,-3.42946
25342,0.986622,-3.46741
25343,0.979511,-5.80785
25344,0.986283,-7.49257
25345,0.984473,-7.48142
25346,0.985145,-7.54467
25347,0.982934,-7.42614
25348,0.982914,-7.52358
25349,0.986102,-7.61002
25350,0.982953,-7.6728
25351,0.981382,-7.65534
25352,0.984545,-7.68977
25353,0.982852,-7.77028
25354,0.983182,-7.76788
25355,0.99319,-7.44467
25356,0.982532,-7.74933
25357,0.983574,-7.76137
25358,0.981741,-7.75602
25359,0.982651,-7.76001
25360,0.986678,-7.74395
25361,0.984672,-7.75454
25362,0.984953,-7.75166
25363,0.982156,-7.91312
25364,0.986486,-7.21276
25365,0.989179,-7.71804
25366,0.994768,-6.82039
25367,0.986322,-7.68842
25368,0.985666,-7.77601
25369,1.00484,-5.3724
25370,0.983632,-7.8911
25371,0.981531,-7.9317
25372,0.981761,-7.92899
25373,0.984913,-7.8453
25374,0.984866,-7.87107
25375,0.994434,-6.88286
25376,0.99172,-7.15372
25377,0.992355,-7.09194
25378,0.990902,-7.23654
25379,0.979071,-8.00765
25380,0.978372,-8.02637
25381,0.990251,-7.29913
25382,0.979284,-8.08555
25383,0.989687,-7.34995
25384,0.98925,-7.38626
25385,1.00224,-9.5094
25386,1.00261,-9.49272
25387,1.00318,-8.10953
25388,1.01249,-5.95538
25389,1.00345,-8.04996
25390,1.00316,-9.71744
25391,1.00473,-9.84683
25392,1.00355,-9.6667
25393,1.00301,-8.92476
25394,1.00396,-9.87391
25395,1.00303,-9.46343
25396,1.00301,-9.30374
25397,1.00293,-9.63228
25398,1.00288,-9.74954
25399,1.00229,-9.43709
25400,1.00274,-8.89308
25401,1.003,-8.84842
25402,0.97665,-6.9301
25403,1.00517,-5.34506
25404,1.02102,-7.90262
25405,1.01937,-8.12157
25406,1.01778,-8.32637
25407,1.00901,-9.54279
25408,0.975045,-7.32099
25409,0.972041,-7.76292
25410,0.971145,-7.70522
25411,0.991586,-7.66486
25412,0.992303,-7.72882
25413,0.993895,-7.63944
25414,0.993058,-7.71392
25415,0.982807,-8.52486
25416,0.97549,-7.74522
25417,1.00499,-9.08343
25418,1.00594,-9.89445
25419,1.00456,-9.99091
25420,1.00414,-10.0834
25421,1.00326,-10.1511
25422,1.00256,-10.099
25423,0.997834,-8.16224
25424,0.998608,-7.65555
25425,1.00004,-6.47119
25426,0.994197,-8.64795
25427,1.00016,-9.10481
25428,0.998368,-8.85701
25429,1.00065,-6.52883
25430,0.998124,-7.89893
25431,0.998246,-7.86503
25432,0.998461,-7.82324
25433,1.00629,-9.04838
25434,0.99996,-10.0925
25435,1.00263,-9.90102
25436,1.00128,-9.92581
25437,1.00387,-6.25753
25438,1.00332,-8.77648
25439,0.977139,-7.1195
25440,0.976594,-7.23342
25441,0.975266,-7.27489
25442,0.973583,-7.38542
25443,0.972237,-7.38969
25444,0.977482,-7.64584
25445,0.975656,-7.54724
25446,0.976637,-7.62915
25447,0.974266,-7.50814
25448,0.975055,-7.58475
25449,0.979449,-7.59644
25450,0.979441,-7.65756
25451,0.979776,-7.68265
25452,0.981284,-7.72228
25453,0.980328,-7.70548
25454,0.978442,-7.69939
25455,0.978129,-7.69831
25456,0.977561,-7.67037
25457,0.977866,-7.69204
25458,0.979698,-7.1506
25459,0.98115,-7.3117
25460,0.980625,-7.30027
25461,0.978979,-7.19236
25462,0.979232,-5.95952
25463,0.979672,-7.28751
25464,0.979983,-7.28322
25465,0.981021,-7.36208
25466,0.979254,-7.59878
25467,0.981314,-7.42311
25468,0.98195,-7.41476
25469,0.97925,-4.98367
25470,0.986991,-3.23442
25471,0.979416,-4.94478
25472,0.986776,-3.10911
25473,0.973976,-4.99216
25474,0.974354,-4.98654
25475,0.98662,-3.00044
25476,0.977105,-5.50513
25477,0.987134,-3.2955
25478,0.987284,-3.32656
25479,0.98698,-3.37095
25480,0.974762,-5.82527
25481,0.976476,-6.51346
25482,0.975405,-6.68841
25483,0.974432,-5.87934
25484,1.00582,-9.85794
25485,1.00683,-9.82455
25486,1.00343,-9.76067
25487,1.00633,-9.86494
25488,1.00542,-9.79808
25489,0.997257,-8.05979
25490,0.997046,-8.04251
25491,0.997069,-8.00214
25492,0.996846,-8.07225
25493,0.997692,-7.25649
25494,0.995086,-8.11282
25495,1.00451,-5.31661
25496,0.994283,-8.00292
25497,0.995629,-7.42768
25498,0.99014,-8.02694
25499,0.969325,-5.64729
25500,0.963329,-7.03883
25501,0.999855,-7.362
25502,0.999228,-7.55662
25503,1.00221,-9.46645
25504,1.0024,-9.45859
25505,1.00217,-9.41169
25506,1.00221,-9.35876
25507,1.00271,-9.26124
25508,1.00253,-9.17375
25509,1.00293,-9.15899
25510,1.00223,-9.57344
25511,1.00215,-9.53506
25512,1.0023,-9.469
25513,1.00289,-9.42612
25514,1.00248,-8.23177
25515,1.00255,-8.21951
25516,1.00271,-8.18529
25517,1.00288,-8.13883
25518,1.00308,-8.07249
25519,1.00293,-8.04411
25520,1.00282,-8.01639
25521,1.00325,-9.03397
25522,0.967249,-7.35634
25523,0.964386,-7.32972
25524,0.965942,-6.70498
25525,0.965366,-6.59802
25526,0.992416,-7.6054
25527,0.99384,-7.49782
25528,0.983056,-8.39426
25529,0.995353,-7.38144
25530,0.993531,-8.18367
25531,0.993028,-8.26101
25532,0.994632,-7.5624
25533,0.963098,-7.21712
25534,0.964746,-6.3643
25535,0.962282,-7.02759
25536,0.964932,-6.48348
25537,0.95948,-7.39007
25538,1.00146,-9.75292
25539,1.00371,-9.02202
25540,0.99963,-9.91624
25541,0.998734,-10.0801
25542,0.999901,-10.1821
25543,1.01404,-8.63906
25544,1.01185,-8.77387
25545,1.01047,-8.87746
25546,1.00988,-9.48758
25547,1.00833,-9.72516
25548,1.0128,-9.23233
25549,1.01302,-8.7492
25550,1.0108,-9.43378
25551,1.00888,-8.96209
25552,1.00798,-9.00476
25553,0.99802,-8.56295
25554,0.998485,-9.39122
25555,1.00026,-8.07997
25556,1.0002,-7.90888
25557,1.00215,-8.53165
25558,1.00107,-8.34173
25559,1.01118,-8.84443
25560,1.00561,-9.95158
25561,1.0039,-6.22304
25562,0.999774,-9.08515
25563,1.00037,-8.90774
25564,1.00064,-8.74446
25565,1.00088,-8.70499
25566,1.00028,-7.49447
25567,0.999827,-7.66301
25568,1.00034,-7.40764
25569,1.00014,-8.9867
25570,1.00085,-9.08809
25571,1.00068,-8.96344
25572,1.00075,-8.76655
25573,1.00073,-8.19146
25574,1.00012,-7.63616
25575,1.00027,-8.90318
25576,1.00014,-7.71333
25577,1.00217,-8.9473
25578,1.00125,-9.69881
25579,0.998976,-8.32609
25580,0.998651,-8.41321
25581,0.9995,-8.12394
25582,0.999572,-9.06708
25583,1.00168,-9.6339
25584,1.00082,-9.21103
25585,1.00311,-8.82549
25586,1.00175,-9.30112
25587,1.00122,-9.54695
25588,1.0024,-8.91599
25589,0.970977,-7.82847
25590,0.969821,-7.84541
25591,0.971568,-5.8138
25592,0.971221,-6.67015
25593,0.969935,-6.70484
25594,1.00613,-9.72281
25595,1.00696,-9.61651
25596,1.00267,-9.63761
25597,1.00453,-9.71089
25598,1.00195,-6.48948
25599,1.00075,-7.25921
25600,1.00054,-7.36756
25601,1.00031,-7.47236
25602,0.980347,-7.73531
25603,0.977795,-7.80339
25604,0.97212,-7.8236
25605,0.986019,-7.24459
25606,0.986261,-7.22794
25607,0.976286,-7.99771
25608,0.97796,-7.91366
25609,0.979872,-7.96719
25610,0.978663,-7.98428
25611,0.977204,-8.01793
25612,0.978027,-8.00017
25613,0.980469,-8.5578
25614,0.998683,-5.20019
25615,0.983204,-8.79701
25616,0.983286,-8.77096
25617,0.98842,-7.93216
25618,0.973159,-7.31718
25619,0.970961,-7.38398
25620,0.971616,-7.42335
25621,0.969833,-7.36518
25622,0.974129,-7.54513
25623,0.972877,-7.48331
25624,0.966179,-6.7552
25625,1.00303,-10.2538
25626,0.998322,-10.2536
25627,1.00304,-10.2146
25628,0.997403,-10.1251
25629,0.998609,-9.90474
25630,1.00458,-8.67604
25631,1.0038,-10.169
25632,1.00349,-10.0834
25633,1.00507,-9.91742
25634,1.00602,-6.33255
25635,0.97481,-7.68518
25636,0.975985,-7.79278
25637,0.974897,-7.77736
25638,0.973605,-7.80127
25639,0.977764,-8.03952
25640,0.981638,-8.25063
25641,0.975452,-7.56233
25642,0.975604,-7.61326
25643,0.975346,-7.67496
25644,1.01631,-8.52104
25645,1.01574,-8.5725
25646,1.01402,-8.60415
25647,1.01289,-8.69487
25648,1.01842,-8.21958
25649,1.01605,-8.42918
25650,1.01109,-9.42757
25651,1.00724,-9.73493
25652,1.01009,-9.52239
25653,1.01281,-8.78205
25654,1.00189,-6.51025
25655,0.982013,-7.20653
25656,0.996386,-8.1922
25657,0.981159,-8.26892
25658,0.973388,-7.92681
25659,0.992422,-7.81327
25660,0.965211,-5.9789
25661,0.961248,-6.82802
25662,0.972388,-7.88992
25663,0.969297,-8.02857
25664,0.991484,-7.7284
25665,0.982548,-8.87723
25666,0.978785,-8.63578
25667,0.962362,-7.86224
25668,0.976396,-7.496
25669,1.03161,0.0911411
25670,0.970459,-4.8218
25671,0.964521,-7.99839
25672,1.00225,-9.37073
25673,0.987618,-7.77054
25674,1.0029,-7.4365
25675,1.00588,-9.02566
25676,1.00561,-8.92941
25677,1.03424,-3.87489
25678,1.03139,-3.85732
25679,1.03869,-3.28126
25680,1.03034,-3.9032
25681,1.0345,-3.34157
25682,1.03733,-3.11727
25683,1.04425,-2.53173
25684,1.04725,-2.07362
25685,1.04631,-2.25986
25686,1.02571,-2.21893
25687,1.04295,-1.62889
25688,1.04076,-1.04989
25689,1.05993,-4.77296
25690,1.01386,-8.4206
25691,1.01989,-8.17544
25692,1.02153,-8.11581
25693,1.04438,-6.21063
25694,1.04554,-6.04401
25695,1.04121,-6.51682
25696,1.04848,-5.71584
25697,1.03438,-6.51809
25698,1.0294,-4.90916
25699,1.02898,-4.95934
25700,1.0305,-5.42807
25701,1.03192,-5.32371
25702,1.03455,-4.21298
25703,1.04103,-2.94162
25704,1.02994,-4.83463
25705,1.0245,-6.53817
25706,1.02592,-5.96844
25707,1.02521,-6.58788
25708,1.03277,-4.31687
25709,1.02775,-4.55023
25710,1.03583,-3.97107
25711,1.0307,-4.92066
25712,1.03285,-4.16426
25713,1.03554,-3.75431
25714,1.03192,-4.21585
25715,1.03062,-5.01306
25716,1.02885,-5.26398
25717,1.03377,-4.38276
25718,1.0298,-5.14871
25719,1.03177,-4.18775
25720,1.02885,-5.0369
25721,1.0289,-5.30522
25722,1.02999,-4.84024
25723,1.02852,-5.33791
25724,1.02856,-5.3206
25725,1.02664,-4.20674
25726,1.03052,-4.73547
25727,1.04241,-2.3898
25728,1.02572,-6.23517
25729,1.04215,-2.51744
25730,1.03059,-4.75669
25731,1.0266,-5.84478
25732,1.03057,-4.34185
25733,1.03058,-6.63751
25734,1.02862,-6.72122
25735,1.02622,-6.8125
25736,1.03973,-4.81711
25737,1.02764,-6.39549
25738,1.02166,-5.94368
25739,1.02384,-6.37687
25740,1.02333,-6.35409
25741,1.03701,-4.34762
25742,1.03015,-5.39135
25743,1.02976,-5.45752
25744,1.02958,-5.52909
25745,1.03734,-4.54735
25746,1.0291,-5.66801
25747,1.03803,-4.63369
25748,1.02732,-5.99707
25749,1.02795,-5.47164
25750,1.02606,-6.30892
25751,1.05696,1.70144
25752,1.05924,1.99814
25753,1.05532,1.28488
25754,1.05479,1.15285
25755,1.04266,-0.641431
25756,1.0449,-0.487589
25757,1.04791,0.143019
25758,1.05463,1.46547
25759,1.06374,2.82364
25760,1.04555,1.18392
25761,1.0673,3.85529
25762,1.06514,3.29033
25763,1.05206,1.79436
25764,1.0569,2.16884
25765,1.0503,1.76079
25766,1.0577,2.4002
25767,1.05228,1.82538
25768,1.05236,1.81494
25769,1.05296,1.88217
25770,1.05886,2.70286
25771,1.06616,3.64771
25772,1.05573,2.08543
25773,1.03251,-2.71226
25774,1.03794,-1.59332
25775,1.0327,-2.65934
25776,1.04175,-0.770538
25777,1.04411,-0.424589
25778,1.04207,-0.709209
25779,1.05296,1.11819
25780,1.04192,0.601234
25781,1.04182,0.971191
25782,1.04347,1.22618
25783,1.05592,2.15131
25784,1.05865,2.66229
25785,1.0684,4.11411
25786,1.03083,-4.62949
25787,1.03151,-4.45624
25788,1.0313,-4.33423
25789,1.03164,-4.3206
25790,1.0335,-3.52681
25791,1.03334,-3.56165
25792,1.03358,-3.51151
25793,1.03128,-4.28389
25794,1.03383,-3.46591
25795,1.0341,-3.42201
25796,1.03436,-3.38084
25797,1.03233,-3.76625
25798,1.03293,-3.75276
25799,1.03445,-3.34351
25800,1.03379,-3.47541
25801,1.03333,-3.79308
25802,1.03413,-3.41262
25803,1.03304,-3.78821
25804,1.03468,-3.33003
25805,1.03244,-3.75753
25806,1.03271,-3.73833
25807,1.03591,-3.24281
25808,1.03504,-3.27604
25809,1.03542,-3.22282
25810,1.03383,-3.67931
25811,1.03492,-3.25152
25812,1.036,-3.14373
25813,1.03342,-3.75942
25814,1.03102,-3.85575
25815,1.03141,-3.84563
25816,1.03304,-3.72186
25817,1.03711,-3.05911
25818,1.03186,-3.77249
25819,1.03276,-3.74391
25820,1.0372,-2.93791
25821,1.03534,-3.16662
25822,1.03602,-3.01244
25823,1.03636,-2.95628
25824,1.03611,-3.45651
25825,1.03251,-3.55529
25826,1.03281,-3.54349
25827,1.03287,-3.54574
25828,1.03269,-3.52999
25829,1.03743,-2.9185
25830,1.03281,-3.47138
25831,1.03537,-3.19326
25832,1.03438,-3.43285
25833,1.03571,-3.09825
25834,1.04326,-1.59687
25835,1.03719,-2.97079
25836,1.03614,-3.02492
25837,1.03664,-2.91289
25838,1.0365,-2.96598
25839,1.03766,-2.83443
25840,1.03251,-3.57268
25841,1.04355,-1.67041
25842,1.03461,-3.23886
25843,1.03871,-2.6559
25844,1.03568,-3.17818
25845,1.03512,-3.21262
25846,1.03835,-2.67124
25847,1.03814,-2.67292
25848,1.03361,-3.31319
25849,1.03248,-3.53107
25850,1.03315,-3.446
25851,1.03777,-2.78881
25852,1.03699,-2.88581
25853,1.03699,-2.86474
25854,1.03722,-2.83237
25855,1.03759,-2.78203
25856,1.03762,-2.78662
25857,1.03809,-2.69505
25858,1.03799,-2.7423
25859,1.03464,-3.3997
25860,1.03843,-2.63925
25861,1.03828,-2.66557
25862,1.03849,-2.62344
25863,1.03873,-2.58
25864,1.03627,-3.27796
25865,1.0434,-2.03541
25866,1.03474,-3.76409
25867,1.03732,-3.39068
25868,1.03159,-4.40934
25869,1.03373,-4.13944
25870,1.04296,-1.79368
25871,1.03652,-3.49993
25872,1.03076,-4.59654
25873,1.03125,-4.5285
25874,1.03037,-4.64276
25875,1.03483,-3.72768
25876,1.03538,-3.65067
25877,1.03431,-3.83336
25878,1.0342,-3.83227
25879,1.03443,-3.7905
25880,1.03407,-3.77077
25881,1.03371,-3.84849
25882,1.03152,-4.52392
25883,1.034,-3.84791
25884,1.03385,-3.85072
25885,1.03586,-3.58252
25886,1.03461,-3.67292
25887,1.032,-4.18225
25888,1.04308,-1.76782
25889,1.0373,-3.05436
25890,1.03718,-3.05974
25891,1.03024,-4.71844
25892,1.03088,-4.66865
25893,1.03193,-4.0606
25894,1.03064,-4.6827
25895,1.03098,-4.63365
25896,1.0309,-4.64743
25897,1.02992,-4.73282
25898,1.0321,-3.9318
25899,1.03227,-3.87304
25900,1.03254,-3.786
25901,1.03328,-4.18193
25902,1.03377,-4.08026
25903,1.03419,-3.98802
25904,1.03014,-4.85588
25905,1.0295,-4.87013
25906,1.03079,-4.84239
25907,1.03272,-4.28709
25908,1.0304,-4.65935
25909,1.03012,-4.97846
25910,1.03129,-4.55986
25911,1.03059,-4.59727
25912,1.03074,-5.00641
25913,1.0289,-4.82481
25914,1.02995,-5.07953
25915,1.03114,-4.24226
25916,1.02958,-5.10336
25917,1.03244,-4.19319
25918,1.03276,-4.09304
25919,1.03186,-4.41003
25920,1.03212,-4.31466
25921,1.03013,-4.72256
25922,1.03031,-4.53385
25923,1.03092,-4.55854
25924,1.03129,-4.50254
25925,1.0302,-4.66507
25926,1.03142,-4.47971
25927,1.0316,-4.1741
25928,1.03109,-4.5382
25929,1.03172,-3.10211
25930,1.03176,-4.16761
25931,1.02966,-4.3458
25932,1.02898,-4.6155
25933,1.0324,-2.94025
25934,1.03343,-4.24023
25935,1.03372,-2.61053
25936,1.03552,-2.17236
25937,1.0347,-2.3823
25938,1.03416,-3.66859
25939,1.0338,-4.1699
25940,1.03374,-4.18313
25941,1.03361,-4.17863
25942,1.03011,-4.46498
25943,1.02919,-4.49837
25944,1.03611,-3.01134
25945,1.03508,-3.62234
25946,1.03452,-3.71674
25947,1.03331,-3.90959
25948,1.03303,-3.95853
25949,1.03362,-3.8602
25950,1.03405,-3.7936
25951,1.03347,-4.02687
25952,1.03433,-3.5647
25953,1.03684,-2.96551
25954,1.04177,-1.88724
25955,1.04189,-1.86461
25956,1.03276,-3.72278
25957,1.03301,-3.65917
25958,1.03246,-4.37129
25959,1.03446,-3.43776
25960,1.03107,-4.23815
25961,1.03099,-4.0294
25962,1.03213,-4.26833
25963,1.03732,-3.12379
25964,1.03427,-3.96544
25965,1.03897,-2.82546
25966,1.03795,-3.02534
25967,1.03399,-4.03741
25968,1.03677,-3.27724
25969,1.03601,-3.34033
25970,1.04494,-1.59201
25971,1.03199,-3.44732
25972,1.03378,-3.29268
25973,1.03464,-3.27067
25974,1.03073,-3.42699
25975,1.02946,-3.49806
25976,1.03938,-2.65846
25977,1.0478,-1.02434
25978,1.03236,-3.11292
25979,1.03309,-3.3428
25980,1.0337,-3.28966
25981,1.04507,-1.50719
25982,1.03531,-3.22985
25983,1.03613,-3.15499
25984,1.03688,-2.98982
25985,1.03621,-3.16093
25986,1.03565,-3.1719
25987,1.03594,-3.16041
25988,1.03799,-2.67142
25989,1.03346,-3.32664
25990,1.03745,-2.68031
25991,1.03778,-2.92347
25992,1.03825,-2.64611
25993,1.03858,-2.60867
25994,1.03776,-2.639
25995,1.03727,-3.04085
25996,1.03711,-3.01485
25997,1.03824,-2.69426
25998,1.03905,-2.53276
25999,1.04523,-1.08293
26000,1.04041,-2.33203
26001,1.04593,-0.936575
26002,1.03937,-2.59641
26003,1.03774,-2.61753
26004,1.04563,-1.12069
26005,1.04571,-1.06497
26006,1.03798,-2.80032
26007,1.03372,-3.50858
26008,1.04482,-1.16078
26009,1.03552,-3.33455
26010,1.03269,-3.52328
26011,1.03603,-3.16726
26012,1.03581,-3.24238
26013,1.03219,-3.55302
26014,1.03192,-3.58751
26015,1.03275,-3.57057
26016,1.03284,-3.42506
26017,1.0323,-3.41439
26018,1.03279,-3.40146
26019,1.03778,-2.57726
26020,1.0331,-3.33172
26021,1.03312,-3.43428
26022,1.0353,-3.18167
26023,1.03356,-3.38858
26024,1.03402,-3.3237
26025,1.03584,-3.03728
26026,1.03493,-3.0634
26027,1.03165,-3.58886
26028,1.03126,-3.5989
26029,1.03046,-3.76614
26030,1.03228,-3.8617
26031,1.03229,-3.6995
26032,1.03211,-3.59596
26033,1.03303,-3.57183
26034,1.03138,-3.08275
26035,1.03278,-3.76338
26036,1.03616,-1.98467
26037,1.03225,-3.76204
26038,1.03239,-3.77276
26039,1.03698,-1.79467
26040,1.03175,-3.78394
26041,1.03585,-2.05475
26042,1.03317,-3.44263
26043,1.03756,-2.51237
26044,1.03854,-2.41477
26045,1.03486,-2.84916
26046,1.04188,-1.14348
26047,1.03824,-2.18286
26048,1.04003,-1.60829
26049,1.03779,-2.65141
26050,1.04803,-0.988078
26051,1.03688,-3.05957
26052,1.04491,-1.42914
26053,1.04504,-1.39565
26054,1.03892,-2.55385
26055,1.04559,-1.24562
26056,1.04916,-0.712858
26057,1.03563,-3.09405
26058,1.04792,-0.986252
26059,1.02957,-4.85189
26060,1.02949,-4.45594
26061,1.03337,-3.85754
26062,1.03157,-3.0113
26063,1.03794,-2.52975
26064,1.03044,-4.44765
26065,1.03505,-3.71374
26066,1.03229,-4.14373
26067,1.0331,-4.12746
26068,1.03115,-4.60701
26069,1.03527,-3.44309
26070,0.993745,-8.4075
26071,0.994847,-8.1776
26072,1.00027,-7.89348
26073,0.995035,-8.35959
26074,1.00174,-7.69986
26075,0.998179,-8.63137
26076,1.01376,-7.25756
26077,0.999466,-7.67709
26078,1.03854,-5.41256
26079,1.09378,11.1187
26080,1.07355,9.16899
26081,1.0845,10.1894
26082,1.09088,11.0355
26083,1.08682,10.5892
26084,1.09319,11.4024
26085,1.09474,11.6456
26086,0.951185,-3.22975
26087,0.950497,-3.73507
26088,0.964209,-5.93732
26089,0.95728,-6.56297
26090,0.954657,-6.03649
26091,0.949578,-5.1372
26092,0.950166,-4.19497
26093,0.944847,-6.52642
26094,0.950874,-4.85058
26095,0.961308,-6.52576
26096,0.960513,-6.77903
26097,0.960501,-6.97965
26098,0.958311,-8.17363
26099,0.947918,-7.52081
26100,0.945349,-6.65606
26101,0.937587,-6.16627
26102,0.960288,-1.65236
26103,0.958815,-3.80036
26104,0.949575,-4.95675
26105,0.950346,-4.58725
26106,0.941048,-6.07204
26107,1.02449,-1.8429
26108,1.02369,-1.85141
26109,1.02793,-1.14699
26110,1.0263,-1.80916
26111,1.02059,-2.59009
26112,1.02752,-1.40088
26113,1.0226,-2.18577
26114,1.02363,-1.97464
26115,1.02698,-1.56017
26116,1.02828,-0.917066
26117,1.02884,-0.83766
26118,1.02931,-0.702951
26119,1.03081,-0.39961
26120,1.03005,-0.531614
26121,1.0301,-0.585592
26122,1.0284,-0.998619
26123,1.02858,-0.814816
26124,1.02868,-0.804056
26125,1.03781,0.926522
26126,1.03865,1.02138
26127,1.04402,2.25292
26128,1.02983,-0.727947
26129,1.03029,-0.581483
26130,1.03127,-0.356261
26131,1.0327,-0.0604361
26132,1.02644,-1.48557
26133,1.0301,-0.843849
26134,1.03341,0.152578
26135,1.02676,-1.75786
26136,1.02464,-1.65245
26137,1.03287,-0.388891
26138,1.03667,0.663137
26139,1.04115,1.33742
26140,1.02341,-2.13493
26141,1.03755,0.415414
26142,1.06524,6.19899
26143,1.08414,7.95142
26144,1.07519,6.24719
26145,1.08381,7.88972
26146,1.07712,6.7015
26147,1.08663,8.37927
26148,1.07572,7.22472
26149,1.07866,7.91842
26150,1.08917,9.07994
26151,1.0944,9.73556
26152,1.02473,3.20233
26153,1.02208,3.01934
26154,1.02354,3.10954
26155,1.0232,3.08741
26156,1.02301,3.07711
26157,1.02332,3.09852
26158,1.02294,3.07472
26159,1.02287,3.06989
26160,1.02173,2.92484
26161,1.02199,2.92848
26162,1.02245,3.02359
26163,1.02276,3.06658
26164,1.0225,3.0632
26165,1.02191,3.05743
26166,1.02174,3.05489
26167,1.03396,3.84331
26168,1.02631,3.26647
26169,1.02364,3.13324
26170,1.02379,3.10523
26171,1.0235,3.17418
26172,1.02259,2.94483
26173,1.02211,2.9341
26174,1.02117,2.8692
26175,1.02218,2.89849
26176,1.02281,2.85654
26177,1.02209,2.88184
26178,1.02186,2.87969
26179,1.03814,3.58886
26180,1.0411,4.25433
26181,1.042,4.32759
26182,1.03561,3.33312
26183,1.03904,4.09301
26184,1.0245,3.01495
26185,1.03647,3.8983
26186,1.02385,2.92535
26187,1.03188,3.56347
26188,1.03087,3.47589
26189,1.02419,2.87348
26190,1.02368,2.81046
26191,1.03113,3.41757
26192,1.03238,3.50255
26193,1.03016,3.34377
26194,1.03169,3.42577
26195,1.02676,2.84571
26196,1.02345,2.52491
26197,1.02937,3.28493
26198,1.02863,3.22554
26199,1.0287,3.25906
26200,1.0296,3.21356
26201,1.03022,3.25839
26202,1.02985,3.27076
26203,1.03024,3.26804
26204,1.03096,3.40544
26205,1.02329,2.94378
26206,1.02386,3.0019
26207,1.02434,3.08131
26208,1.02539,3.14756
26209,1.02695,3.23833
26210,1.02796,3.33275
26211,1.04608,5.13467
26212,1.03414,3.83156
26213,1.03273,3.62492
26214,1.03378,3.79511
26215,1.03488,3.93664
26216,1.03315,3.69393
26217,1.03048,3.37946
26218,1.03319,3.70144
26219,1.03297,3.71484
26220,1.0297,3.35617
26221,1.03922,4.40041
26222,1.03597,4.01048
26223,1.03451,3.8561
26224,1.03596,4.09376
26225,1.03312,3.87449
26226,1.03367,3.87936
26227,1.03009,3.62378
26228,1.03447,4.2399
26229,1.0351,4.28263
26230,1.03551,4.31555
26231,1.03574,4.32575
26232,1.03292,4.06866
26233,1.03263,3.90974
26234,1.03486,4.17011
26235,1.03856,4.53001
26236,1.03767,4.33541
26237,1.03857,4.46715
26238,1.03914,4.54608
26239,1.03404,4.07043
26240,1.05175,6.01937
26241,1.04214,4.81894
26242,1.03677,4.3035
26243,1.03661,4.402
26244,1.05643,6.65636
26245,1.0424,4.81771
26246,1.04409,4.96382
26247,1.03521,4.19585
26248,1.03053,3.35703
26249,1.03776,4.3654
26250,1.02888,3.09853
26251,1.02733,3.14443
26252,1.05923,6.98054
26253,1.06272,7.4267
26254,1.05713,6.71344
26255,1.03828,4.67418
26256,1.03158,4.37924
26257,1.02956,4.00292
26258,1.03589,4.13111
26259,1.04304,4.92589
26260,1.04494,5.13381
26261,1.0391,4.47058
26262,1.03337,3.6376
26263,1.04091,4.6691
26264,1.03382,3.67439
26265,1.0375,4.27517
26266,1.03839,4.4263
26267,1.03915,4.38946
26268,1.0498,5.69928
26269,1.04842,5.50439
26270,1.0424,4.83938
26271,1.05232,6.07652
26272,1.05205,6.04895
26273,1.05196,6.02134
26274,1.05297,6.16024
26275,1.05281,6.14472
26276,1.04697,5.35457
26277,1.04646,5.27405
26278,1.03977,4.55594
26279,1.03782,4.36814
26280,1.03945,4.6052
26281,1.03391,4.35822
26282,1.03584,4.38796
26283,1.03849,4.53653
26284,1.03612,4.29564
26285,1.03738,4.46964
26286,1.02506,2.73337
26287,1.02545,2.69627
26288,1.02587,2.82906
26289,1.02525,2.7692
26290,1.02843,3.75919
26291,1.03347,3.91716
26292,1.02895,3.73658
26293,1.03022,3.70868
26294,1.03096,3.36058
26295,1.04534,4.99614
26296,1.03851,4.31847
26297,1.04597,5.10057
26298,1.03391,3.82829
26299,1.0333,3.76201
26300,1.03834,4.33611
26301,1.03868,4.36104
26302,1.02706,2.93722
26303,1.02722,3.07029
26304,1.03003,3.36393
26305,1.02217,2.63779
26306,1.03059,2.87585
26307,1.01947,1.86339
26308,1.03146,2.94971
26309,1.04425,4.69241
26310,1.02224,2.34189
26311,1.02089,2.29854
26312,1.02619,2.39881
26313,1.02783,2.64231
26314,1.02852,2.76735
26315,1.04173,4.30656
26316,1.02867,3.03039
26317,1.02878,2.96121
26318,1.02414,2.46348
26319,1.0177,2.36915
26320,1.01977,2.43372
26321,1.02934,2.8863
26322,1.02721,2.56298
26323,1.02566,2.97753
26324,1.02665,3.06746
26325,1.02718,3.11041
26326,1.02754,3.14249
26327,1.02806,3.18181
26328,1.01817,1.78047
26329,1.0193,1.84047
26330,1.0282,3.19172
26331,1.02133,2.49112
26332,1.02288,2.5304
26333,1.02464,2.65525
26334,1.01931,1.92332
26335,1.03114,2.87639
26336,1.02988,2.77801
26337,1.03165,2.97531
26338,1.03645,3.5671
26339,1.03409,3.62192
26340,1.03675,3.79128
26341,1.05301,5.47278
26342,1.04216,4.09264
26343,1.05439,5.72754
26344,1.04374,4.46705
26345,1.04465,4.4328
26346,1.05466,5.75407
26347,1.04863,4.89931
26348,1.05057,5.17129
26349,1.02961,3.27813
26350,1.02952,3.2986
26351,1.02972,3.36075
26352,1.02387,2.81212
26353,1.02338,2.80508
26354,1.03021,3.43277
26355,1.03094,3.33815
26356,1.04534,4.99575
26357,1.05269,5.74142
26358,1.05521,6.22632
26359,1.05411,5.95718
26360,1.0551,6.15422
26361,1.05566,6.34919
26362,1.02725,3.32457
26363,1.02406,3.14423
26364,1.02161,3.00636
26365,1.03375,3.71184
26366,1.02217,2.97662
26367,1.02285,3.08361
26368,1.03305,4.14057
26369,1.02318,3.00013
26370,1.02939,3.16377
26371,1.02933,3.61543
26372,1.03884,3.44151
26373,1.02888,3.06527
26374,1.02661,-4.24969
26375,0.999602,-8.76645
26376,1.0127,-6.06044
26377,1.00271,-8.58188
26378,1.00462,-8.45258
26379,1.02844,-4.01474
26380,1.00711,-8.07436
26381,0.999723,-8.91078
26382,1.00167,-8.79951
26383,1.0102,-6.44508
26384,1.01267,-6.9201
26385,1.0151,-6.68608
26386,1.01879,-5.89949
26387,1.01346,-7.2368
26388,1.01662,-6.73108
26389,1.00603,-5.69194
26390,1.01584,-5.29731
26391,1.02717,-4.69049
26392,1.01789,-6.48524
26393,1.00975,-8.12911
26394,1.02794,8.80471
26395,1.01468,2.38122
26396,1.04536,5.33519
26397,1.04934,6.76572
26398,1.03774,8.35761
26399,1.02124,-5.40378
26400,1.02986,-6.45548
26401,1.02616,-6.51699
26402,1.02385,-6.8203
26403,1.0123,-7.38956
26404,1.018,-6.58377
26405,1.03154,-6.45243
26406,1.07113,4.7737
26407,1.06939,4.73261
26408,1.06499,4.77037
26409,1.06131,5.01179
26410,1.06405,5.14903
26411,1.06007,4.58469
26412,1.0752,5.68204
26413,1.08028,6.65313
26414,1.06595,6.25742
26415,1.0679,4.12191
26416,1.07005,4.65791
26417,1.07562,5.44727
26418,1.07293,5.00022
26419,1.0742,5.45251
26420,1.07846,6.30341
26421,1.07792,6.53978
26422,1.02926,-2.97938
26423,1.01692,-3.5593
26424,1.03463,-3.60373
26425,1.03931,-3.14599
26426,1.04503,-1.76636
26427,1.03805,-2.63298
26428,1.03513,-1.58217
26429,1.03388,-2.46817
26430,1.01758,-7.01012
26431,1.0222,-6.98095
26432,1.01549,-7.90185
26433,1.01942,-7.28553
26434,1.01887,-7.33002
26435,1.00968,-8.65234
26436,1.01849,-7.4133
26437,1.01033,-9.32428
26438,1.00651,-9.81317
26439,1.00907,-9.53213
26440,1.01288,-9.04725
26441,1.01294,-8.15018
26442,1.0192,-7.32778
26443,1.07798,8.57765
26444,1.04917,5.87984
26445,1.04203,5.70062
26446,1.04623,5.88937
26447,1.04118,5.50436
26448,1.06467,8.46986
26449,1.0614,7.91577
26450,1.03166,11.6069
26451,1.03061,11.0153
26452,1.0277,10.7138
26453,1.0316,11.0013
26454,1.02812,10.652
26455,1.03465,11.691
26456,1.03041,10.9119
26457,1.02683,10.6316
26458,1.03065,10.9502
26459,1.00678,8.42204
26460,1.00552,6.43784
26461,1.01959,10.7789
26462,1.02153,10.9136
26463,1.0156,8.87486
26464,1.02211,9.85596
26465,1.01806,10.2416
26466,1.0345,11.6519
26467,1.03588,11.8901
26468,1.04346,12.5207
26469,1.03856,10.853
26470,1.04296,10.8675
26471,1.04488,11.2105
26472,1.05023,11.8094
26473,1.05716,0.584283
26474,1.04467,-1.90664
26475,1.04144,-2.51149
26476,1.03283,-4.57113
26477,1.02811,-4.34769
26478,1.04091,-2.55749
26479,1.03435,-3.49957
26480,1.03797,-2.69501
26481,1.03803,-1.76494
26482,1.04085,-2.23742
26483,1.05326,-0.161899
26484,1.02794,-4.84723
26485,0.973408,-4.73798
26486,0.974034,-4.59594
26487,0.978715,-3.1889
26488,0.971723,-4.75742
26489,0.977727,-3.31538
26490,0.986407,-2.71809
26491,0.967802,-5.09589
26492,0.968455,-5.10937
26493,0.986461,-2.88454
26494,0.967874,-5.36095
26495,0.966954,-4.9815
26496,0.986517,-2.50546
26497,0.966787,-5.01201
26498,0.965989,-4.39026
26499,0.965837,-4.20003
26500,0.966881,-4.08135
26501,0.974221,-2.96306
26502,0.976048,-2.89743
26503,0.978142,-2.81702
26504,0.988238,-1.92863
26505,0.987176,-2.28109
26506,0.964693,-3.95478
26507,0.963756,-3.99444
26508,0.958397,-3.27417
26509,0.965375,-2.90554
26510,0.968379,-3.09876
26511,0.971374,-3.06034
26512,0.966103,-3.98308
26513,0.962244,-4.44865
26514,0.965485,-3.36923
26515,0.959249,-3.85014
26516,0.962715,-3.55893
26517,0.962445,-2.4934
26518,0.962092,-2.2526
26519,0.95959,-3.20264
26520,0.955942,-3.27108
26521,0.965266,-1.01604
26522,0.962271,-2.24221
26523,0.963257,-2.82647
26524,0.9627,-0.842572
26525,0.963725,-0.883289
26526,0.956986,-3.86916
26527,0.952946,-3.34267
26528,0.948458,-4.37955
26529,0.952407,-2.77765
26530,0.960656,-0.502237
26531,0.954604,-2.29821
26532,0.95446,-0.212118
26533,0.949573,-1.26932
26534,0.946713,-1.56786
26535,0.945153,-1.6029
26536,0.947776,-1.5954
26537,0.947689,-1.5538
26538,0.963133,-2.66916
26539,0.958243,-0.18284
26540,0.957741,-4.70847
26541,0.974385,-1.58583
26542,0.98064,-2.97372
26543,1.08676,10.1959
26544,1.08524,10.0156
26545,1.0851,10.0049
26546,1.08611,10.0929
26547,1.08247,9.79694
26548,1.08569,10.092
26549,1.08934,10.3904
26550,1.08541,10.0169
26551,1.08497,9.99269
26552,1.07529,9.46113
26553,1.08432,9.91683
26554,1.0845,9.97417
26555,1.07902,9.48539
26556,1.07876,9.47597
26557,1.07898,9.53135
26558,1.08028,9.6451
26559,1.02766,-1.62987
26560,1.02773,-1.61354
26561,1.02779,-1.66395
26562,1.02859,-1.67136
26563,1.03825,-0.468816
26564,1.04085,-0.0656641
26565,1.04305,0.230326
26566,1.04001,-0.306751
26567,1.0385,-0.58039
26568,1.03735,-0.719806
26569,1.02884,-1.59853
26570,1.03098,-1.64175
26571,1.03654,-0.861785
26572,1.03644,-0.915004
26573,1.03415,-0.286358
26574,1.03633,-0.999242
26575,1.02815,-4.909
26576,1.0292,-4.77533
26577,1.02863,-2.19703
26578,1.03463,-2.11962
26579,1.03524,-2.36053
26580,1.03847,-1.73767
26581,1.03514,-1.86197
26582,1.03624,-1.49719
26583,1.03719,-1.66517
26584,1.04524,-0.741317
26585,1.02941,-1.68017
26586,1.05629,1.61754
26587,1.04452,0.333327
26588,1.05052,1.18586
26589,1.02718,-1.5798
26590,1.03984,-0.780321
26591,0.99752,-8.51241
26592,1.01481,-5.58699
26593,1.01759,-5.32944
26594,1.02128,-4.80657
26595,1.01881,-5.1141
26596,1.00656,-6.1884
26597,1.0108,-5.94381
26598,1.01132,-5.94494
26599,1.01106,-6.00051
26600,1.01042,-6.14817
26601,1.01075,-5.8713
26602,1.02647,-7.27308
26603,1.02856,-7.04142
26604,1.03925,-5.47926
26605,1.02066,-8.03701
26606,1.03927,-5.56337
26607,1.02807,-7.23627
26608,1.02869,-7.1132
26609,1.02888,-7.10151
26610,1.03029,-7.00556
26611,1.03455,-7.11985
26612,1.03448,-7.03533
26613,1.03357,-6.68426
26614,1.0321,-7.10057
26615,1.0291,-7.08697
26616,1.02838,-7.10663
26617,1.02915,-7.03517
26618,1.03053,-7.20805
26619,1.03051,-6.90737
26620,1.02978,-6.97652
26621,1.0277,-7.16631
26622,1.02268,-7.81951
26623,1.02677,-7.25126
26624,1.02425,-7.75941
26625,1.02511,-7.66618
26626,1.02663,-7.49477
26627,1.03129,-6.83729
26628,1.02738,-7.16183
26629,1.02416,-7.1473
26630,1.0244,-7.60589
26631,1.04239,-5.44786
26632,1.02779,-7.27788
26633,1.02594,-7.47498
26634,1.03997,-5.65385
26635,1.02374,-7.35804
26636,1.01436,-8.11006
26637,1.01758,-8.41482
26638,1.01698,-8.51089
26639,1.02616,-7.30644
26640,1.02562,-7.35647
26641,1.02402,-7.52486
26642,1.02222,-7.71473
26643,1.01426,-8.73049
26644,1.01305,-8.86081
26645,1.02118,-7.81447
26646,1.03862,-5.74243
26647,1.02424,-7.58028
26648,1.02491,-7.58839
26649,1.02039,-7.87733
26650,1.01991,-7.91677
26651,1.01382,-8.88769
26652,1.02222,-7.69501
26653,1.02424,-7.60673
26654,1.02353,-7.65312
26655,1.01805,-7.7442
26656,1.01617,-8.44697
26657,1.01851,-8.2007
26658,1.0174,-8.31648
26659,1.02135,-7.90929
26660,1.01542,-8.62176
26661,1.01406,-8.74125
26662,1.00687,-9.77596
26663,1.00832,-9.67789
26664,1.01347,-8.80641
26665,1.01436,-8.30209
26666,1.01763,-7.66363
26667,1.01032,-8.14714
26668,1.00944,-8.89465
26669,1.01654,-8.0586
26670,1.0171,-7.68156
26671,1.01776,-7.5873
26672,1.04381,-5.33824
26673,1.03244,-7.17397
26674,1.02447,-7.49782
26675,0.966036,-8.61236
26676,0.974866,-7.4529
26677,0.974699,-7.39689
26678,0.970198,-8.06161
26679,0.965605,-8.50786
26680,0.971358,-8.04472
26681,0.980521,-7.20158
26682,0.98574,-6.38415
26683,0.984204,-6.24044
26684,0.994065,-5.87339
26685,0.990114,-6.22321
26686,0.966227,-8.56483
26687,0.966554,-8.56657
26688,0.968039,-8.41821
26689,0.968386,-8.37722
26690,0.969084,-8.23084
26691,0.977523,-7.62301
26692,0.98016,-6.67124
26693,0.980729,-6.61188
26694,0.977891,-7.58107
26695,0.980125,-7.43381
26696,0.977259,-7.69739
26697,0.979339,-6.75698
26698,0.977481,-7.67239
26699,0.969444,-8.36464
26700,0.970568,-8.28407
26701,0.97742,-6.92751
26702,0.978059,-6.87485
26703,0.977,-7.7194
26704,0.976012,-7.79594
26705,0.977084,-7.70566
26706,0.989362,-6.41421
26707,0.982532,-7.08379
26708,0.971698,-8.23089
26709,0.975893,-7.86728
26710,0.976193,-7.88274
26711,0.970768,-8.31049
26712,0.974935,-7.9881
26713,0.976486,-7.92523
26714,0.972006,-8.39945
26715,0.973967,-8.15031
26716,0.976979,-7.88917
26717,0.972442,-8.30799
26718,0.973193,-8.45872
26719,0.982301,-8.07949
26720,0.991256,-7.03702
26721,0.980895,-7.20708
26722,0.990204,-6.48861
26723,0.983386,-7.37683
26724,0.978807,-7.7767
26725,0.980653,-7.64411
26726,0.98186,-7.53368
26727,0.991443,-6.63584
26728,0.977812,-7.86839
26729,0.978485,-7.78355
26730,0.975024,-8.13566
26731,0.985161,-4.48085
26732,1,0
26733,1.00951,-3.72119
26734,0.994602,-5.84382
26735,0.974161,-7.33129
26736,0.974616,-7.24677
26737,0.974711,-7.33324
26738,0.966323,-7.88008
26739,0.974362,-7.47858
26740,0.966154,-8.82152
26741,0.975159,-7.53152
26742,0.965615,-8.48748
26743,0.965168,-8.43911
26744,0.966479,-8.23683
26745,0.965183,-8.54238
26746,0.964928,-8.54101
26747,0.965051,-8.56546
26748,0.971911,-8.59985
26749,0.970138,-8.44483
26750,0.9761,-8.41985
26751,0.980414,-8.19021
26752,0.983763,-8.02699
26753,0.983343,-8.03217
26754,1.00688,-5.79462
26755,0.984143,-8.06598
26756,0.9854,-7.87308
26757,0.978686,-8.29315
26758,0.986646,-7.89376
26759,1.00717,-5.68712
26760,0.985628,-7.38467
26761,0.983951,-7.46219
26762,0.985751,-7.37261
26763,0.982125,-7.52913
26764,0.980368,-7.58517
26765,0.979243,-7.60288
26766,0.977517,-7.61873
26767,0.966586,-8.73188
26768,0.96566,-8.85927
26769,0.965774,-8.87422
26770,0.964871,-9.10074
26771,0.964906,-9.24697
26772,0.96545,-9.52402
26773,0.965928,-9.61923
26774,0.968596,-9.52109
26775,0.966233,-9.08941
26776,0.967994,-8.96709
26777,0.968382,-8.99349
26778,0.980983,-7.59037
26779,0.983078,-7.51316
26780,0.983225,-8.10823
26781,1.0059,-5.88392
26782,0.998662,-7.34089
26783,0.995333,-7.41919
26784,0.9761,-8.62447
26785,0.980804,-8.13971
26786,0.985252,-8.36911
26787,0.971992,-9.46756
26788,0.97278,-9.24763
26789,0.969271,-9.5468
26790,0.98812,-8.47113
26791,0.990246,-8.26632
26792,1.00456,-7.09273
26793,0.990767,-6.3169
26794,0.989266,-5.31169
26795,0.983602,-5.36984
26796,0.987395,-6.96778
26797,0.99334,-6.54247
26798,1.01501,-4.10672
26799,0.973864,-8.44947
26800,0.990026,-6.81965
26801,0.968042,-8.53457
26802,1.04044,-1.99021
26803,1.02688,-4.54517
26804,1.02476,-3.01092
26805,1.04078,-1.7006
26806,1.02521,-3.51882
26807,1.03032,-3.07663
26808,1.03932,-1.1101
26809,1.0395,-1.01285
26810,1.03107,-2.47076
26811,1.03275,-2.57249
26812,1.05113,0.0970174
26813,1.03973,-0.383135
26814,0.965217,0.292816
26815,0.964675,0.145199
26816,0.959893,-0.835398
26817,0.961912,-0.491017
26818,0.965199,0.486986
26819,0.961635,0.381765
26820,0.96216,0.403272
26821,0.963184,0.436953
26822,0.962701,0.431464
26823,0.961032,0.371143
26824,0.964354,0.427588
26825,0.962312,-0.303958
26826,0.964561,0.428216
26827,0.962885,-0.59817
26828,0.962354,-0.169879
26829,0.962831,-0.608921
26830,0.963619,0.277908
26831,0.963215,-0.840702
26832,0.962789,-0.622181
26833,0.963811,-0.868949
26834,0.963133,0.20044
26835,0.962956,-0.857541
26836,0.964519,0.222965
26837,0.960366,-1.06499
26838,0.959282,-0.903113
26839,0.960091,-0.880313
26840,0.964085,0.103499
26841,0.967364,0.838149
26842,0.96482,0.157727
26843,0.968601,1.13367
26844,0.964966,0.497514
26845,0.965303,0.37378
26846,0.961749,0.0375262
26847,0.972728,2.04944
26848,0.981809,4.16069
26849,0.965601,0.586119
26850,0.962898,0.554854
26851,0.961649,0.386013
26852,0.962008,0.0652783
26853,0.959703,0.21099
26854,0.960114,0.324
26855,0.961788,0.35658
26856,0.968055,1.49387
26857,0.968863,1.62426
26858,0.970066,1.73713
26859,0.971111,1.85554
26860,0.967266,0.451686
26861,0.965909,0.0427446
26862,0.981943,3.65474
26863,0.968327,-0.22387
26864,0.961972,-0.948551
26865,0.967671,-0.272847
26866,0.971146,-1.75854
26867,0.96911,-0.148456
26868,0.96047,-1.00434
26869,0.970719,0.0219274
26870,0.957314,-2.35636
26871,0.966131,-1.82855
26872,0.971339,-0.67466
26873,0.983275,-0.127758
26874,0.98273,0.0963357
26875,0.972414,1.04029
26876,0.970105,0.715512
26877,0.974277,2.3259
26878,0.976645,2.73716
26879,0.964925,0.38951
26880,0.965942,0.477886
26881,0.964128,0.34986
26882,0.960018,-1.22824
26883,0.961941,-1.22629
26884,1.01518,-9.12522
26885,1.01957,-7.92986
26886,1.01544,-8.89026
26887,1.03985,-3.92896
26888,1.01538,-9.11654
26889,1.01485,-9.17115
26890,1.01444,-9.16067
26891,1.01448,-9.21929
26892,1.01449,-9.23419
26893,1.01789,-8.10924
26894,1.01346,-9.3093
26895,1.01659,-8.23485
26896,1.01093,-9.50701
26897,1.00965,-8.96038
26898,1.01505,-8.39218
26899,1.00925,-8.7043
26900,1.01438,-8.89278
26901,1.01215,-8.28122
26902,1.00509,-8.86788
26903,1.00068,-10.621
26904,1.01591,-7.96707
26905,1.00203,-10.2795
26906,1.00693,-8.67437
26907,1.00505,-8.72598
26908,1.00541,-8.48292
26909,1.00869,-8.36715
26910,1.0075,-8.59435
26911,1.00648,-9.36028
26912,1.00735,-8.61975
26913,1.00775,-8.58122
26914,1.00879,-8.456
26915,1.00741,-9.30215
26916,1.00737,-9.31994
26917,1.00784,-8.53523
26918,1.01561,-7.82818
26919,1.01145,-8.10276
26920,1.01463,-8.37583
26921,1.01721,-7.30781
26922,1.01534,-7.65888
26923,1.01635,-7.39612
26924,1.01088,-7.9414
26925,1.00534,-8.89256
26926,1.0033,-10.3934
26927,1.00318,-10.3692
26928,1.00259,-10.3907
26929,1.00634,-8.70484
26930,1.00213,-10.8238
26931,1.00082,-10.8998
26932,1.00641,-8.72431
26933,1.00337,-10.1885
26934,1.00329,-10.2788
26935,1.00375,-8.86869
26936,1.00647,-8.14326
26937,1.00922,-7.80314
26938,1.01348,-7.40315
26939,1.09828,11.2988
26940,1.1,11.8761
26941,1.09093,10.6798
26942,1.09974,12.1635
26943,1.09847,11.7951
26944,1.09858,12.6263
26945,1.01533,-6.83708
26946,1.01523,-6.7189
26947,1.0226,-5.9108
26948,1.02194,-5.77334
26949,1.02153,-5.82091
26950,1.02438,-5.94913
26951,1.02142,-5.86942
26952,1.02905,-4.54662
26953,1.02825,-5.86577
26954,1.01255,-4.65878
26955,1.01113,-5.34149
26956,1.02102,-3.777
26957,1.00955,-5.44294
26958,1.01597,-4.16021
26959,1.02712,-3.66307
26960,1.0239,-3.76376
26961,1.02267,-4.15983
26962,1.01566,-3.09487
26963,1.0146,-3.16447
26964,1.01022,-3.43015
26965,1.01638,-2.8376
26966,1.01645,-2.76938
26967,1.03037,-0.868441
26968,1.01213,-4.7732
26969,1.00375,-4.71869
26970,1.00556,-4.60103
26971,1.01495,-3.41011
26972,1.01557,-3.33208
26973,1.01809,-2.4894
26974,0.994844,-4.39451
26975,1.03781,9.13917
26976,1.02745,7.99602
26977,1.03159,7.67572
26978,1.04088,7.43183
26979,1.03957,0.75002
26980,1.02888,-0.65589
26981,1.029,-0.645322
26982,1.03165,-0.376675
26983,1.03092,-0.474714
26984,1.03046,-0.695819
26985,1.03076,-0.692453
26986,1.02748,-0.706896
26987,1.02771,-1.05498
26988,1.04097,0.911133
26989,1.04145,0.967527
26990,1.02527,-1.41935
26991,1.03139,-0.486149
26992,1.03214,-0.364302
26993,1.02336,-1.64831
26994,1.03008,-0.67303
26995,1.02774,-1.03516
26996,1.04105,0.891737
26997,1.0307,-0.63822
26998,1.02754,-0.890479
26999,1.02636,-1.02197
27000,1.0259,-1.04803
27001,1.02558,-1.06112
27002,1.02553,-1.00529
27003,1.02499,-0.992188
27004,1.02663,-0.812754
27005,1.02854,-0.627622
27006,1.02812,-0.739706
27007,1.03161,-0.126744
27008,1.03152,-0.134531
27009,1.02747,-0.842473
27010,1.02662,-0.903823
27011,1.03326,-0.161013
27012,1.03403,-0.0736219
27013,1.04316,1.16821
27014,1.03261,-0.258156
27015,1.03331,-0.166967
27016,1.03325,-0.227549
27017,1.03411,-0.0133896
27018,1.03546,0.19251
27019,1.03003,-0.500009
27020,1.03009,-0.478705
27021,1.03412,-0.0349815
27022,1.03378,-0.0797383
27023,1.03457,0.0212501
27024,1.03446,0.192045
27025,1.03428,0.208368
27026,1.03557,0.422662
27027,1.03464,0.348912
27028,1.03399,0.238619
27029,1.03545,0.483362
27030,1.02766,-0.612659
27031,1.02805,-0.607926
27032,1.03268,-0.0085209
27033,1.03221,-0.0698095
27034,1.03103,-0.252291
27035,1.03175,-0.116775
27036,1.03037,-0.390725
27037,1.02968,-0.460695
27038,1.0302,-0.390701
27039,1.03256,-0.00830981
27040,1.03302,0.0712808
27041,1.0314,-0.202973
27042,1.03235,-0.128343
27043,1.03348,0.0636993
27044,1.03451,0.235064
27045,1.0309,-0.0885545
27046,1.03497,0.198092
27047,1.03746,0.558031
27048,1.0328,0.0927332
27049,1.03386,0.232372
27050,1.03803,0.840784
27051,1.03637,0.632525
27052,1.02998,-0.139801
27053,1.04306,1.6529
27054,1.04298,1.6375
27055,1.0432,1.84728
27056,1.04122,1.58629
27057,1.04327,1.94361
27058,1.0395,1.05106
27059,1.0421,1.31528
27060,1.04316,1.38302
27061,1.04533,1.51493
27062,1.03888,0.881194
27063,1.04138,1.27462
27064,1.03626,0.532782
27065,1.03759,0.695048
27066,1.038,0.66882
27067,1.04438,1.60284
27068,1.04448,1.63864
27069,1.04433,1.60848
27070,1.04141,1.24527
27071,1.0467,2.02935
27072,1.04513,1.76934
27073,1.04179,1.35966
27074,1.04165,1.33885
27075,1.03513,0.577804
27076,1.03463,0.194017
27077,1.02922,-0.634247
27078,1.01949,-1.09884
27079,1.02198,-2.03541
27080,1.03386,0.0575779
27081,1.03326,-0.0606939
27082,1.03271,-0.182644
27083,1.02613,-0.752734
27084,1.02222,-1.06223
27085,1.02979,-0.591841
27086,1.03936,0.726258
27087,1.02935,-0.694333
27088,1.02273,-1.85587
27089,1.02958,-0.664602
27090,1.02986,-0.633813
27091,1.02623,-1.14817
27092,1.0224,-1.72146
27093,1.02367,-1.41563
27094,1.02655,-1.1911
27095,1.02226,-1.77019
27096,1.0263,-1.23502
27097,1.02935,-0.877251
27098,1.02873,-0.811917
27099,1.02605,-1.07411
27100,1.02906,-0.695759
27101,1.02572,-0.918228
27102,1.02863,-0.865695
27103,1.01768,-2.14549
27104,1.02094,-2.03205
27105,1.018,-2.22507
27106,1.01886,-2.08157
27107,1.02398,-1.41081
27108,1.02452,-1.36762
27109,1.02519,-1.3183
27110,1.02375,-1.7279
27111,1.01784,-2.19301
27112,1.0148,-2.86063
27113,1.0206,-1.82353
27114,1.01815,-2.23273
27115,1.01834,-2.13942
27116,1.01182,-3.0836
27117,1.01991,-1.87981
27118,1.01988,-2.29577
27119,1.02061,-1.91246
27120,1.01464,-2.55389
27121,1.01917,-2.01232
27122,1.01869,-2.09767
27123,1.01736,-2.66573
27124,1.0191,-2.39831
27125,1.02606,-0.833491
27126,1.02918,0.628141
27127,1.03996,1.46189
27128,1.04663,2.21875
27129,1.04208,1.04237
27130,1.02871,-0.917798
27131,1.0261,-1.07785
27132,1.09449,9.79238
27133,1.07673,6.25331
27134,1.07405,5.88087
27135,1.08648,9.03631
27136,1.02224,-7.72611
27137,1.02594,-6.89284
27138,1.01598,-8.66822
27139,1.01927,-8.16297
27140,1.02553,-6.74939
27141,1.02517,-6.52046
27142,1.07766,4.95307
27143,1.05955,1.95792
27144,1.03864,0.129219
27145,1.05767,2.43728
27146,1.06596,3.51558
27147,1.06073,3.11212
27148,1.07206,4.18675
27149,1.06407,3.1669
27150,1.07062,3.99044
27151,1.06809,4.00005
27152,1.06771,3.98662
27153,1.0675,3.93147
27154,1.06466,3.48655
27155,1.06471,3.49252
27156,1.06433,3.51147
27157,1.06527,3.7411
27158,1.07576,5.69354
27159,1.06999,4.26519
27160,1.08101,5.8935
27161,1.08328,8.88949
27162,1.09645,10.1624
27163,1.07212,8.40201
27164,1.03344,-3.87101
27165,1.03114,-4.43183
27166,1.03164,-4.31023
27167,1.0377,-3.80339
27168,1.02859,-4.47619
27169,1.03249,-4.34572
27170,1.03278,-4.31009
27171,1.03358,-2.71806
27172,1.03554,-2.69386
27173,1.03561,-2.73082
27174,1.03064,-3.26175
27175,1.00307,-5.04934
27176,1.04042,-2.87367
27177,1.03914,-6.71946
27178,1.02791,-7.42309
27179,1.05535,-4.3598
27180,1.04294,-6.22644
27181,1.02607,-7.06722
27182,1.05048,1.18017
27183,1.06305,2.86466
27184,1.0655,3.91466
27185,1.0722,5.58175
27186,1.06412,3.1273
27187,1.06967,4.77097
27188,1.06238,2.39451
27189,1.05314,1.34705
27190,1.05221,1.38214
27191,1.06251,2.42017
27192,1.06329,2.74796
27193,1.05341,0.903001
27194,1.05394,0.327968
27195,1.05304,-0.0555564
27196,1.05579,0.416749
27197,1.05415,0.21578
27198,1.06282,2.01951
27199,1.0661,3.10503
27200,1.06558,3.48325
27201,1.07868,7.06668
27202,1.0676,5.54467
27203,1.06349,5.50602
27204,1.0664,5.18485
27205,1.07597,6.06504
27206,1.07759,6.90261
27207,0.950017,-6.46646
27208,0.949734,-6.08379
27209,0.949713,-7.1781
27210,0.987834,-7.96549
27211,0.987741,-7.91927
27212,0.987447,-7.83057
27213,0.985853,-7.30236
27214,0.987154,-7.71269
27215,0.961593,-6.65146
27216,0.963179,-5.79579
27217,0.957629,-4.07357
27218,0.971804,-5.29368
27219,0.959282,-3.7481
27220,0.96882,-4.39421
27221,0.966485,-3.47897
27222,0.976196,-5.96528
27223,0.977257,-6.04653
27224,0.97699,-5.79971
27225,0.980446,-7.70655
27226,0.979746,-6.29146
27227,0.984623,-6.67694
27228,0.991293,-7.5559
27229,0.996438,-5.0444
27230,0.987227,-7.62491
27231,0.986656,-7.6676
27232,0.985852,-7.71452
27233,0.982582,-6.53185
27234,0.996103,-4.87572
27235,0.996336,-4.86907
27236,0.9815,-7.88212
27237,0.976712,-4.94816
27238,0.981117,-2.75676
27239,0.967555,-2.40275
27240,0.977841,-4.0175
27241,0.996747,-4.12074
27242,1.02767,-1.58365
27243,1.02397,-1.30293
27244,1.03961,-0.30342
27245,1.04782,2.29681
27246,1.04734,2.23885
27247,1.03578,0.460784
27248,1.03883,0.772395
27249,1.04408,1.3056
27250,1.03564,1.0846
27251,1.04014,1.15133
27252,1.04951,2.78956
27253,1.04521,2.14229
27254,1.01733,-6.33893
27255,1.00843,-7.90597
27256,1.02067,-5.67577
27257,1.01752,-5.65453
27258,1.01162,-6.54184
27259,1.01523,-6.04877
27260,1.01766,-6.37933
27261,1.02589,-6.4607
27262,1.02519,-6.59298
27263,1.02336,-7.56473
27264,1.02295,-7.66647
27265,1.02622,-6.34763
27266,1.02309,-7.53013
27267,1.02735,-6.17687
27268,1.02628,-6.95174
27269,1.02567,-7.2149
27270,1.02463,-6.72043
27271,1.02408,-6.84143
27272,1.02213,-7.94639
27273,1.023,-7.8746
27274,1.02311,-6.98407
27275,1.02694,-6.22746
27276,1.02752,-6.01121
27277,1.03425,-4.06529
27278,1.02631,-6.97511
27279,1.02751,-6.6268
27280,1.02566,-6.74218
27281,1.023,-7.19949
27282,1.02317,-7.07391
27283,1.02987,-8.93817
27284,1.03557,-8.74553
27285,1.02864,-8.48164
27286,1.02429,-9.18798
27287,1.02044,-6.92421
27288,1.03018,-5.76251
27289,1.03485,-4.03504
27290,1.0259,-6.4042
27291,1.0673,3.88608
27292,1.07002,4.20809
27293,1.06924,4.28346
27294,1.06854,3.99354
27295,1.06977,4.88671
27296,1.07268,4.76428
27297,1.06833,4.44549
27298,1.06895,4.36124
27299,1.0668,3.91934
27300,1.06683,3.95484
27301,1.07056,4.47795
27302,1.06697,3.86701
27303,1.07106,4.73957
27304,1.0693,4.33209
27305,1.04789,4.51977
27306,1.06716,4.75029
27307,1.07351,5.41215
27308,1.03761,-3.29439
27309,1.00808,-6.73102
27310,1.01284,-6.01486
27311,0.996292,-8.34147
27312,0.995824,-8.7039
27313,1.00017,-8.11172
27314,1.00219,-8.04978
27315,1.00302,-8.03502
27316,1.00647,-6.96622
27317,1.0149,-6.67585
27318,1.00544,-7.86719
27319,1.00207,-8.60172
27320,1.0213,-6.21234
27321,1.0091,-8.49445
27322,1.0092,-8.62475
27323,1.0817,8.48529
27324,1.08383,8.31578
27325,1.08021,7.85111
27326,1.08355,8.52023
27327,1.08523,9.1629
27328,1.07475,9.00288
27329,1.08821,10.1193
27330,1.09396,10.9392
27331,1.1,12.5552
27332,1.0905,10.1338
27333,1.09041,9.99415
27334,1.08646,9.4333
27335,1.08479,9.3136
27336,1.0849,9.30957
27337,1.09172,10.2338
27338,1.08451,9.22642
27339,1.08732,9.45506
27340,1.08088,9.2368
27341,1.0862,9.17164
27342,1.08273,8.82598
27343,1.00025,-9.76527
27344,0.998354,-9.3645
27345,1.00395,-7.73608
27346,1.00382,-7.71885
27347,0.990347,-9.78333
27348,0.989053,-9.95107
27349,1.00532,-8.32243
27350,0.993983,-9.96616
27351,0.985691,-10.1666
27352,0.989206,-10.1751
27353,0.983833,-10.274
27354,0.985838,-10.2744
27355,0.990528,-10.191
27356,1.00095,-10.1733
27357,1.00743,-5.82197
27358,1.01254,-5.01955
27359,1.02366,-4.6765
27360,1.00623,-5.39482
27361,1.00724,-5.26707
27362,1.00527,-5.38381
27363,1.00228,-6.12955
27364,1.00037,-6.25448
27365,0.998945,-6.36946
27366,1.00528,-6.03485
27367,0.995359,-4.13704
27368,0.993319,-4.34233
27369,0.993133,-4.26078
27370,0.992923,-4.27163
27371,0.993262,-4.26822
27372,0.993503,-4.26724
27373,0.996841,-3.38273
27374,0.994421,-4.24561
27375,0.996282,-4.17583
27376,1.00207,-3.44542
27377,0.998146,-4.05682
27378,1.00818,-2.27968
27379,0.999081,-3.33622
27380,0.995953,-4.13962
27381,0.997221,-3.09822
27382,0.998545,-3.02367
27383,0.999047,-3.3232
27384,1.00901,-2.12383
27385,0.987545,3.64534
27386,0.984399,-0.8138
27387,0.985052,-0.764787
27388,0.987194,-0.674468
27389,0.987565,-0.958733
27390,0.98351,-0.828367
27391,0.986446,-1.44933
27392,0.990376,-3.27412
27393,0.994518,-4.78592
27394,0.994015,-5.25925
27395,0.994396,-5.16718
27396,0.995143,-5.0086
27397,0.995757,-4.85131
27398,1.00692,-5.54384
27399,0.999433,-6.47243
27400,1.00111,-5.69055
27401,0.997648,-6.56639
27402,0.996912,-4.70809
27403,0.995142,-4.59936
27404,0.99583,-4.57752
27405,0.998754,-4.54676
27406,1.00344,-4.80572
27407,1.00457,-3.0806
27408,0.996935,-4.49166
27409,0.996166,-4.34787
27410,1.00173,-3.48562
27411,0.99614,-3.49831
27412,0.995629,-3.58958
27413,0.995398,-4.64852
27414,0.996825,-4.48464
27415,0.989569,-4.67689
27416,0.996232,-4.69954
27417,0.994066,-4.74532
27418,0.99441,-4.60111
27419,0.992601,-4.65991
27420,0.99161,-4.60758
27421,0.994941,-2.94424
27422,0.992792,-4.13069
27423,0.993794,-2.69775
27424,0.993682,-2.51018
27425,0.991938,-2.32115
27426,0.988894,-1.5242
27427,1.0073,-1.37296
27428,0.995407,-2.20431
27429,0.991578,-4.78409
27430,1.01163,-1.76401
27431,1.00099,-4.85383
27432,1.00279,-3.50992
27433,1.00716,-2.49861
27434,1.00345,-3.61103
27435,1.00071,-4.56661
27436,1.00066,-5.04767
27437,1.0026,-4.35381
27438,1.00308,-4.32189
27439,1.00459,-3.11261
27440,1.00574,-4.33836
27441,1.00332,-4.3201
27442,1.00297,-4.29282
27443,1.00193,-4.4572
27444,1.00625,-3.46025
27445,1.00933,-3.08268
27446,1.0077,-3.73692
27447,1.01016,-3.52927
27448,1.0152,-2.8373
27449,1.01533,-2.26372
27450,1.01747,-1.28636
27451,0.996352,-1.14052
27452,1.00545,-3.69826
27453,0.991336,-8.75165
27454,0.992842,-8.45363
27455,0.993137,-7.95758
27456,0.993807,-8.60262
27457,0.989069,-8.96219
27458,0.992174,-7.31597
27459,0.992826,-7.24557
27460,0.993754,-7.06469
27461,0.996414,-5.62725
27462,0.996344,-5.57717
27463,0.994529,-7.49151
27464,0.996233,-5.50094
27465,0.992363,-8.42856
27466,0.99296,-8.09221
27467,0.992996,-7.95188
27468,0.993502,-7.91976
27469,0.992083,-7.95416
27470,0.993662,-7.00116
27471,0.994322,-6.91397
27472,0.996066,-5.56842
27473,0.992802,-7.09822
27474,0.99259,-8.4192
27475,0.992356,-8.43319
27476,0.991335,-8.42498
27477,0.99193,-8.39773
27478,0.992606,-8.30869
27479,0.992483,-8.36967
27480,0.993615,-8.2999
27481,0.993441,-7.88226
27482,0.994103,-8.70022
27483,0.993295,-7.88678
27484,0.993659,-8.81395
27485,0.993866,-7.78417
27486,0.991541,-9.11575
27487,0.99402,-7.73609
27488,0.997376,-5.40766
27489,0.992067,-8.22431
27490,0.991694,-8.92055
27491,0.992343,-8.16603
27492,0.992483,-8.12649
27493,0.993155,-8.55376
27494,0.992921,-8.01207
27495,0.996827,-5.70732
27496,0.992044,-8.30887
27497,0.991993,-8.29952
27498,0.991153,-8.83487
27499,0.992124,-8.24212
27500,0.991222,-8.76848
27501,0.992295,-8.63877
27502,0.992771,-8.60282
27503,0.991212,-7.91911
27504,0.988023,-9.04599
27505,0.992145,-8.35448
27506,0.996876,-5.68714
27507,0.992933,-7.96087
27508,0.992671,-8.07649
27509,0.992485,-8.08851
27510,0.992256,-8.70938
27511,0.991355,-8.75065
27512,0.994207,-9.16866
27513,0.992449,-9.14098
27514,0.993513,-7.8011
27515,0.991749,-9.19459
27516,0.997324,-8.9264
27517,0.99604,-9.03503
27518,0.986543,-9.28952
27519,0.988499,-8.39118
27520,0.985294,-9.37089
27521,0.98594,-9.31747
27522,0.990172,-8.03238
27523,0.987831,-9.10017
27524,0.989477,-8.09843
27525,0.98853,-9.05678
27526,0.988172,-8.44652
27527,0.987702,-9.04059
27528,0.987913,-8.95189
27529,0.983789,-9.42833
27530,0.987085,-8.64992
27531,0.98488,-8.75728
27532,0.988998,-7.87512
27533,0.984,-9.22006
27534,0.988229,-8.5466
27535,0.990065,-7.79562
27536,0.990206,-7.77397
27537,0.98732,-8.37758
27538,0.989156,-8.04484
27539,0.98912,-7.99619
27540,0.989516,-7.83268
27541,0.990065,-7.74196
27542,0.987931,-8.86753
27543,0.987051,-8.5094
27544,0.98964,-8.24942
27545,0.986994,-8.64329
27546,0.989347,-8.14086
27547,0.996107,-5.54855
27548,0.993848,-6.10578
27549,0.99321,-6.51839
27550,0.993849,-5.73348
27551,0.991675,-7.88614
27552,0.995495,-6.8799
27553,0.991158,-7.83969
27554,0.995086,-7.17851
27555,0.99636,-7.25012
27556,0.998249,-6.87666
27557,0.99663,-7.48859
27558,0.997511,-7.11779
27559,0.994679,-7.59107
27560,0.992407,-8.39108
27561,0.994011,-8.07796
27562,0.996144,-9.17955
27563,0.992453,-8.13916
27564,0.991993,-8.34749
27565,0.990796,-9.34549
27566,0.993186,-8.31843
27567,0.997061,-7.81606
27568,0.995417,-8.06393
27569,0.989589,-8.69579
27570,0.999242,-5.47275
27571,0.988387,-8.78487
27572,0.993157,-8.47616
27573,0.988159,-8.98425
27574,0.994365,-8.51261
27575,0.989618,-7.82723
27576,0.990956,-9.32479
27577,0.989033,-8.09526
27578,0.993995,-5.23536
27579,0.991401,-9.15181
27580,0.988993,-7.91071
27581,0.989018,-7.91841
27582,0.989081,-7.91747
27583,0.991883,-8.29303
27584,0.989281,-9.55692
27585,0.992333,-9.36542
27586,0.989556,-7.98952
27587,0.990031,-7.87486
27588,0.969914,-3.19079
27589,0.97147,-3.11441
27590,0.967578,-3.79921
27591,0.966579,-2.99696
27592,0.962347,-4.17817
27593,0.966198,-3.31739
27594,0.962139,-4.17604
27595,0.964366,-3.53978
27596,0.96772,-3.26891
27597,0.963399,-3.64338
27598,0.968686,-3.17271
27599,0.969845,-3.64375
27600,0.97545,-2.89185
27601,0.978443,-2.72001
27602,0.93723,-4.14617
27603,0.940538,-3.55233
27604,0.93778,-4.28278
27605,0.938438,-6.01641
27606,0.943944,-5.85378
27607,0.942456,-6.09367
27608,0.95448,-5.33564
27609,0.960979,-3.92004
27610,0.956285,-4.74219
27611,0.963229,-3.28453
27612,0.956919,-4.44047
27613,0.948132,-3.8171
27614,0.97017,-4.43895
27615,0.946963,-2.79242
27616,0.953211,-1.98387
27617,0.962278,-0.314704
27618,0.962721,-0.234376
27619,0.963244,-0.138507
27620,0.958339,-1.50962
27621,0.965583,0.0113047
27622,0.95945,-1.90395
27623,0.9644,-0.214472
27624,0.964379,-1.7818
27625,0.973609,-2.33189
27626,0.985853,-2.27481
27627,0.975061,-2.98384
27628,0.97577,-2.80211
27629,0.982903,-2.45573
27630,0.985524,-2.26542
27631,0.982923,-2.55795
27632,0.969619,-3.63739
27633,0.98003,-2.75747
27634,0.961577,-4.27027
27635,0.972089,-2.4951
27636,0.97307,-2.12036
27637,0.960158,-4.34507
27638,0.962591,-2.84607
27639,0.961248,-3.1909
27640,0.960205,-4.64887
27641,0.968587,-3.2604
27642,0.963927,-0.314276
27643,1.02092,-1.94784
27644,1.02994,-0.259863
27645,1.02454,-0.701601
27646,1.01384,-0.0795948
27647,1.02683,-1.20434
27648,1.03709,0.364146
27649,1.02745,-0.153696
27650,1.02916,0.144255
27651,1.02988,0.248586
27652,1.03169,0.637992
27653,1.02882,0.0223648
27654,1.03372,1.47744
27655,1.03584,-1.13683
27656,1.03784,-0.583519
27657,1.0314,1.21898
27658,1.03378,2.5254
27659,1.04367,1.903
27660,1.04207,2.24672
27661,1.04763,4.40707
27662,1.03702,2.6049
27663,1.04224,4.01737
27664,1.00494,-6.62023
27665,1.00669,-6.37524
27666,1.01208,-6.23392
27667,1.02212,-5.53237
27668,1.01522,-5.8504
27669,1.01823,-5.59258
27670,1.02083,-5.32959
27671,1.02794,-4.59959
27672,1.04105,-2.41544
27673,1.03995,-2.29583
27674,1.03634,-5.2143
27675,1.04754,-5.29799
27676,1.0452,-5.18689
27677,1.01828,-6.65687
27678,1.03378,-4.80763
27679,1.02529,-6.84641
27680,1.03959,-5.47193
27681,1.03751,-5.58789
27682,1.02439,-6.79433
27683,1.0785,6.0451
27684,1.08415,6.82888
27685,1.09501,9.39538
27686,1.04623,2.08567
27687,1.04634,2.0877
27688,1.04227,1.82472
27689,1.04612,2.00965
27690,1.02991,0.831242
27691,1.02944,0.958256
27692,1.04573,2.00745
27693,1.03795,1.94543
27694,1.04365,2.47507
27695,1.04014,1.72942
27696,1.02325,1.21391
27697,1.04158,2.78235
27698,1.0398,2.43265
27699,1.03992,2.47062
27700,1.04441,2.8357
27701,1.03982,2.34985
27702,1.03272,2.01748
27703,1.03151,2.0569
27704,1.02576,2.17877
27705,1.02746,2.24566
27706,1.02678,2.29267
27707,1.02581,2.23111
27708,1.01667,1.73411
27709,1.02693,2.36449
27710,1.02801,2.53704
27711,1.01659,1.71586
27712,1.04573,3.25273
27713,1.03846,2.71024
27714,1.04146,3.14645
27715,1.03061,2.88983
27716,1.03714,2.93346
27717,1.04179,1.75946
27718,1.04194,1.86808
27719,1.07671,7.13969
27720,1.0763,7.10736
27721,1.09866,10.5335
27722,1.07762,8.00244
27723,1.06765,7.33226
27724,1.07067,7.40016
27725,1.07005,7.3568
27726,1.06988,7.34592
27727,1.07584,8.00162
27728,1.06852,7.33674
27729,1.06976,7.82405
27730,1.08478,8.94836
27731,1.0787,8.31531
27732,1.07643,7.928
27733,1.09132,9.37211
27734,1.09055,9.39981
27735,1.02995,-2.76561
27736,1.02333,-5.15776
27737,1.02316,-5.19723
27738,1.02702,-4.9279
27739,1.0328,-2.63622
27740,1.03179,-2.9108
27741,1.02283,-5.60133
27742,1.02047,-6.14873
27743,1.02044,-6.10181
27744,1.02164,-5.75694
27745,1.0225,-5.82545
27746,1.02299,-5.7132
27747,1.02433,-5.40299
27748,1.02567,-4.16206
27749,1.03023,-4.42549
27750,1.03276,-4.33648
27751,1.02887,-4.94743
27752,1.02514,-5.61967
27753,1.02144,-6.23389
27754,1.02236,-6.31996
27755,1.01842,-6.51628
27756,1.01666,-6.92074
27757,1.0074,-7.95178
27758,1.01252,-7.25158
27759,1.01483,-6.85121
27760,1.0098,-6.26128
27761,1.02308,-5.26268
27762,1.02391,-4.81682
27763,1.01455,-7.30849
27764,1.015,-7.22917
27765,1.01986,-5.43255
27766,1.02394,-5.10183
27767,1.00386,-8.1378
27768,1.00069,-8.55615
27769,1.0076,-8.08793
27770,0.993956,-8.83552
27771,1.02645,-7.13983
27772,1.05288,-5.27643
27773,1.02749,-7.34214
27774,1.02524,-7.58087
27775,1.019,-8.26093
27776,0.993775,-6.55969
27777,0.98136,-8.00085
27778,0.992174,-6.86978
27779,0.983074,-7.97715
27780,0.996556,-6.66139
27781,0.982982,-8.04579
27782,0.981919,-8.08579
27783,0.981186,-8.12028
27784,1.00009,-6.48333
27785,1.01444,-4.71453
27786,1.01791,-4.3195
27787,1.01734,-5.28077
27788,1.00618,-6.3552
27789,0.986697,-7.96327
27790,0.997577,-7.60182
27791,1.00935,-6.90645
27792,1.0053,-6.92955
27793,1.00168,-6.91503
27794,1.00772,-6.88793
27795,1.00278,-6.87775
27796,1.00851,-6.85955
27797,1.00322,-6.89622
27798,1.00245,-6.87619
27799,1.00123,-6.86406
27800,0.99024,-9.67164
27801,0.991691,-8.58864
27802,0.990114,-8.74883
27803,0.984214,-7.95039
27804,1.00289,-8.94577
27805,1.00919,-7.84047
27806,1.00915,-8.03051
27807,1.00592,-8.82616
27808,1.00584,-8.93881
27809,1.00699,-9.01181
81859,1.09867,17.6746
81860,1.09834,17.5365
81861,1.09978,18.7057
81862,1.0988,18.4137
81863,1.09861,18.3593
81864,1.08383,-3.52035
81865,1.08119,-3.86177
81866,1.09924,13.5757
81867,1.09795,13.1877
81868,1.09749,13.074
81869,1.09811,9.81438
81870,1.09729,9.57049
81871,1.09898,15.4717
81872,1.09886,15.5609
81873,1.09244,18.486
81874,1.0906,18.1736
81875,1.08889,10.4368
81876,1.08793,10.2668
81877,1.09712,11.0433
81878,1.08713,1.64774
81879,1.08346,1.4696
81880,1.0784,-5.18653
81881,1.07811,-6.83354
81882,1.07502,-7.16306
81883,1.0764,8.48635
81884,1.07349,7.90486
81885,1.07291,7.76299
81886,1.07113,4.07743
81887,1.06921,3.70868
81888,1.09637,19.3957
81889,1.07282,-6.74871
81890,1.07463,8.36344
81891,1.0741,8.15268
81892,1.07394,8.026
81893,1.09251,-4.50661
81894,1.09892,12.3849
81895,1.1,3.12723
81896,1.05753,-1.81463
81897,1.07899,-6.26404
81898,1.09857,14.8865
81899,1.09747,14.62
81900,1.1,15.7972
81901,1.0997,15.4236
81902,1.09826,10.8488
81903,1.0964,10.281
81904,1.09942,3.03176
81905,1.06487,-2.24876
81906,1.09684,19.4171
81907,1.09065,2.32849
81908,1.09779,3.91938
81909,1.09754,3.80356
81910,1.07385,-7.22678
81911,1.09804,9.81608
81912,1.09783,9.61232
81913,1.08716,10.252
81914,1.08302,9.23288
81915,1.06629,-6.87417
81916,1.06512,1.60282
81917,1.1,12.1802
81918,1.09768,11.9193
81919,1.04827,-4.94749
81920,1.04655,-5.10392
81921,1.09335,18.3022
81922,1.07582,-6.16345
81923,1.08156,5.02759
81924,1.03537,-0.544939
81925,1.05027,-0.173275
81926,1.05611,-0.808567
81927,1.07434,-1.0984
81928,1.09242,9.11459
81929,1.033,12.539
81930,1.02956,12.0536
81931,1.02946,12.0072
81932,1.08802,2.58898
81933,1.08527,1.43236
81934,1.09752,5.23582
81935,1.00424,5.81963
81936,1.00703,5.63864
81937,1.09342,20.3146
81938,1.09314,20.2809
81939,1.09422,11.058
81940,1.09382,10.8485
81941,1.0925,5.85406
81942,0.96728,5.26206
81943,1.08575,9.7962
81944,0.969632,0.745443
81945,0.966412,0.278246
81946,1.02964,10.5844
81947,1.02936,10.456
81948,0.94024,-0.0658134
81949,1.0044,11.0177
81950,1.01045,5.75694
81951,1.0048,11.0867
81952,0.968705,1.17066
81953,0.96082,0.345285
81954,1.04138,12.6465
81955,0.981611,0.346332
81956,0.980577,0.0357208
81957,0.988964,-3.87677
81958,0.985058,-4.4562
81959,1.1,17.9326
81960,1.09283,17.42
81961,1.0905,17.3266
81962,1.00635,5.59881
81963,1.00225,5.22871
81964,0.98751,6.10569
81965,0.98567,5.83409
81966,0.92585,-1.72513
81967,1.09682,21.1896
81968,1.09608,19.6541
81969,1.08397,12.3372
81970,1.08863,12.9678
81971,0.991383,5.00139
81972,1.05758,1.93083
81973,1.0534,1.60934
81974,1.02542,10.7891
81975,0.962285,0.919006
81976,0.973531,-1.76595
81977,0.955459,-0.121187
81978,0.912852,-3.39706
81979,1.0033,5.98249
81980,0.932256,-0.933729
81981,1.06993,16.9936
81982,0.903443,-3.82929
81983,1.01504,7.63792
81984,1.00556,6.41743
81985,1.06973,16.5977
81986,1.09566,19.4966
81987,1.09678,18.8016
81988,1.05364,8.08906
81989,1.08052,17.1951
81990,1.07292,17.7074
81991,1.1,20.118
81992,1.08812,8.23268
81993,1.05614,3.6486
81994,1.08278,17.546
81995,1.07396,17.9434
81996,1.07336,8.16089
81997,1.07159,7.81651
81998,1.0711,7.68899
81999,0.954454,-0.670625
82000,1.09943,12.2686
82001,1.09823,12.1874
82002,1.04119,-2.4582
82003,1.09537,9.92437
82004,1.09408,9.71977
82005,1.04883,12.3784
82006,1.0979,11.4824
82007,1.09641,11.1448
82008,1.04999,-5.64403
82009,1.04819,-5.95763
82010,0.928229,-0.759787
82011,0.990649,-7.27335
82012,1.09931,10.7229
82013,1.09713,11.5934
82014,1.09458,10.0576
82015,1.05295,-4.89534
82016,1.05277,-5.05816
82017,1.08996,9.31863
82018,1.08902,9.39857
82019,1.01471,9.59822
82020,1.01531,9.58263
82021,1.09231,9.42869
82022,1.09145,9.31982
82023,1.01812,-5.22809
82024,1.01866,-5.36385
82025,1.09438,11.2212
82026,1.09098,10.6543
82027,1.09022,10.4979
82028,1.07272,2.95871
82029,0.987732,-5.62491
82030,0.975386,-2.26115
82031,0.981766,-2.69989
82032,1.05947,6.45616
82033,1.05893,6.31165
82034,1.04861,-1.11372
82035,1.07542,12.3346
82036,1.07398,12.1656
82037,1.04123,3.41096
82038,1.05664,0.446172
82039,1.03627,0.0611333
82040,1.03848,3.75667
82041,1.03636,3.62953
82042,1.03085,-6.78665
82043,1.02859,-7.19146
82044,1.03586,-6.36175
82045,1.03315,-6.84221
82046,1.03561,0.154663
82047,1.03612,0.0433585
82048,1.0424,1.48716
82049,0.99873,-7.62401
82050,1.04292,-2.55965
82051,0.959118,-2.87289
82052,1.01163,-6.69208
82053,1.02668,-6.64879
82054,1.00303,-7.69316
82055,1.02003,2.8434
82056,1.0356,-7.05682
82057,1.02868,0.146094
82058,1.01497,5.06588
82059,1.06845,3.8885
82060,1.02909,-3.11059
82061,0.928334,-2.41349
82062,1.02717,-7.56048
82063,1.02933,-7.3629
82064,1.01931,-8.92977
82065,1.0171,-9.26026
82066,1.02923,-7.26481
82067,1.02991,-7.52052
82068,1.02535,-7.64519
82069,1.0228,-8.28599
82070,1.01514,-9.14175
82071,1.01293,-9.61525
82072,1.01953,-8.69613
82073,1.0231,-8.43341
82074,1.01627,-9.09614
82075,1.01685,-9.14406
82076,1.02521,-7.67666
82077,1.01964,-8.94153
82078,1.01745,-8.78759
82079,1.0103,-9.85938
82080,1.01065,-9.73552
82081,1.00895,-9.95893
82082,1.01185,-9.68541
82083,1.01512,-9.478
82084,1.0231,-7.86782
82085,1.01922,-8.85344
82086,1.0126,-9.6226
82087,1.0094,-9.94144
82088,1.01143,-9.64518
82089,1.01686,-8.90844
82090,1.02083,-8.75842
82091,1.03775,-6.59511
82092,1.01867,-8.59187
82093,1.02904,-7.32117
82094,1.02951,-7.73658
82095,1.02479,-8.18017
82096,1.01548,-9.98706
82097,1.01598,-9.24321
82098,1.01228,-9.95973
82099,1.02306,-8.58224
82100,1.04421,-6.02828
82101,1.01711,-8.7336
82102,1.01692,-9.02423
82103,1.06265,4.98008
82104,1.05472,3.84641
82105,1.06339,5.03203
82106,1.06308,4.97487
82107,1.05381,3.69927
82108,1.04911,3.74097
82109,1.05798,4.48475
82110,1.0506,3.66295
82111,1.06212,4.81793
82112,1.05792,4.10532
82113,1.03753,2.40468
82114,1.06203,5.51229
82115,1.06103,5.2734
82116,1.09568,3.34443
82117,1.03525,-4.96596
82118,1.06086,2.83311
82119,1.04731,0.943089
82120,1.07291,4.29054
82121,1.06867,3.76938
82122,1.05846,4.11399
82123,1.0748,1.24786
82124,1.07091,1.63152
82125,1.06616,0.745554
82126,1.06932,1.29172
82127,1.06661,0.752184
82128,1.06931,-0.955181
82129,1.06402,-1.66915
82130,1.07113,0.366724
82131,1.07908,2.01711
82132,1.07581,1.00159
82133,1.0682,0.119823
82134,1.08699,10.5549
82135,1.07401,8.97425
82136,1.08717,10.5592
82137,1.07833,9.22453
82138,1.0775,9.21576
82139,1.08247,9.62226
82140,1.07958,9.48197
82141,1.0793,9.386
82142,1.07851,9.28454
82143,1.0752,9.00893
82144,1.08703,10.2558
82145,1.08395,9.7421
82146,1.05024,0.816641
82147,1.04383,0.391404
82148,1.04558,0.42748
82149,1.04544,0.467123
82150,1.08393,11.317
82151,1.09131,12.8235
82152,1.09023,12.487
82153,1.08232,11.7906
82154,1.0924,14.4255
82155,1.08934,13.0262
82156,1.07208,7.7936
82157,1.07149,7.69608
82158,1.05577,5.16345
82159,1.06465,6.83849
82160,1.02335,0.873507
82161,1.03027,1.88502
82162,1.03848,2.96577
82163,0.999807,-10.2211
82164,1.009,-9.40469
82165,1.01081,-8.95228
82166,1.0094,-9.18326
82167,1.00671,-9.38287
82168,1.00923,-9.70892
82169,1.04336,-3.04868
82170,1.04067,-3.57657
82171,1.04372,-2.92951
82172,1.04039,-3.52473
82173,1.04409,-3.05983
82174,1.04195,-3.39863
82175,1.04083,-3.4384
82176,1.041,-3.48648
82177,1.04255,-3.15681
82178,1.03723,-3.90821
82179,1.04364,-2.92254
82180,1.03927,-3.7847
82181,1.04396,-3.10229
82182,1.04992,-1.88327
82183,1.04754,-2.28044
82184,1.04563,-2.65692
82185,1.0388,-3.83789
82186,1.04021,-4.01335
82187,1.04481,-3.80736
82188,1.03893,-3.57816
82189,1.08734,13.6605
82190,1.07399,11.586
82191,1.08993,14.4536
82192,1.08778,14.0551
82193,1.02729,-5.92683
82194,1.01904,-7.31514
82195,1.02169,-6.10068
82196,1.04046,-4.28089
82197,1.04134,-4.06325
82198,1.05916,-0.294286
82199,1.05086,-2.05667
82200,1.04008,-3.99242
82201,1.03815,-3.44489
82202,1.04345,-2.54522
82203,1.04249,-3.03365
82204,1.03695,-3.7086
82205,1.03861,-3.90704
82206,1.03957,-3.22221
82207,1.03633,-4.07628
82208,1.03151,-4.42923
82209,1.04452,-2.67299
82210,1.03491,-4.14595
82211,1.03403,-0.517766
82212,1.03005,-1.40837
82213,1.03209,-0.606106
82214,1.03537,-0.546485
82215,1.02969,-0.177499
82216,1.07809,9.52613
82217,1.07863,9.62481
82218,1.08802,10.5241
82219,1.08581,10.3523
82220,1.08227,9.92184
82221,1.08633,10.2817
82222,1.0834,9.78157
82223,1.08213,9.91569
82224,1.08266,9.78746
82225,1.0824,9.77014
82226,1.08185,9.73803
82227,1.08674,10.8132
82228,1.09242,11.199
82229,1.08437,6.10145
82230,1.07595,4.63047
82231,1.08458,6.88062
82232,1.09522,9.38621
82233,1.03013,3.3431
82234,1.04731,-3.75936
82235,1.05568,-2.84035
82236,1.0735,14.8038
82237,1.07669,14.8521
82238,1.03933,-4.32053
82239,1.03453,-4.77694
82240,1.0478,-2.95878
82241,1.04319,-3.78144
82242,1.04129,-4.00411
82243,1.04932,-2.72844
82244,1.04831,-2.91119
82245,1.04639,-3.34086
82246,1.09677,11.7965
82247,1.09389,11.9226
82248,1.09171,11.4083
82249,1.06268,0.572591
82250,1.06491,1.96344
82251,1.06381,1.67047
82252,1.0597,2.17293
82253,1.06751,2.49518
82254,1.06628,2.11474
82255,1.06134,2.53477
82256,1.0567,1.78748
82257,1.05838,1.73517
82258,1.05337,1.26691
82259,1.07049,4.06088
82260,1.06759,3.14957
82261,1.06558,2.89495
82262,1.06258,2.48625
82263,1.06236,2.19728
82264,1.06129,2.196
82265,1.06797,3.38844
82266,1.06367,2.77924
82267,1.06039,2.73777
82268,1.06713,3.36404
82269,1.06501,2.92376
82270,1.06559,3.21345
82271,1.03488,-1.39274
82272,1.02854,-1.96816
82273,1.02295,-2.41117
82274,1.09199,11.8169
82275,1.08932,11.4097
82276,1.09212,12.1909
82277,1.08964,11.8115
82278,1.06975,4.43397
82279,1.06969,4.31182
82280,1.08134,6.45385
82281,1.0786,5.92517
82282,1.04975,3.6229
82283,1.04213,2.94904
82284,1.0463,2.65741
82285,1.0417,2.28095
82286,1.05132,2.77045
82287,1.0478,2.8402
82288,1.05173,4.24152
82289,1.03901,-1.45277
82290,1.03206,-2.64534
82291,1.03195,-2.70594
82292,1.0617,-0.355846
82293,1.05003,-1.58992
82294,1.04684,-1.78598
82295,1.05862,-0.683981
82296,1.05509,-1.37316
82297,1.05065,-1.78929
82298,1.03109,-6.89474
82299,1.0337,-6.58687
82300,1.04013,-5.27967
82301,1.03684,-6.09358
82302,1.04419,-4.45033
82303,1.04571,4.76379
82304,1.04497,4.70495
82305,1.04661,4.89749
82306,1.05783,6.14912
82307,1.05351,6.07107
82308,1.07002,-3.88309
82309,1.06334,-2.14499
82310,1.05802,-3.21437
82311,1.089,1.02204
82312,1.08047,-0.381732
82313,1.0784,-0.709027
82314,1.09522,2.31665
82315,1.09141,1.78317
82316,1.04435,-4.58799
82317,1.04253,-5.35485
82318,1.04036,-5.83149
82319,1.03501,-5.81188
82320,1.03835,-5.11218
82321,1.03449,-5.81407
82322,1.04346,-4.29922
82323,1.07618,8.57864
82324,1.07766,8.13385
82325,1.08921,10.4922
82326,1.03712,3.21427
82327,1.04687,4.22511
82328,1.04027,1.03781
82329,1.05955,3.2051
82330,1.05435,2.53194
82331,1.04549,2.18125
82332,1.05273,2.90487
82333,1.09185,12.599
82334,1.06985,13.2075
82335,1.03151,-7.08297
82336,1.02553,-7.07797
82337,1.03215,-8.04805
82338,1.03913,-6.91515
82339,1.03761,-7.18767
82340,1.03244,-7.65357
82341,1.04775,-4.06006
82342,1.03927,-6.13642
82343,1.01631,-7.16897
82344,1.02268,-6.67673
82345,1.01925,-7.07013
82346,1.07528,-6.41278
82347,1.07334,-6.68146
82348,1.07684,-6.43889
82349,1.07129,-6.88355
82350,1.07193,-6.80035
82351,1.0632,-7.7171
82352,1.06851,-7.09227
82353,1.06799,-7.02424
82354,1.06476,-7.20483
82355,1.06294,-7.20942
82356,1.06619,-7.10243
82357,1.06828,-7.01486
82358,1.07287,-7.34054
82359,1.06027,-8.18932
82360,1.05904,-7.94224
82361,1.0592,-7.83943
82362,1.05908,-7.919
82363,1.06835,-7.2997
82364,1.07053,-7.20662
82365,1.07231,-7.27344
82366,1.07018,-7.49588
82367,1.06376,-8.02902
82368,1.06584,-7.45114
82369,1.05087,-8.00321
82370,1.05662,-7.79264
82371,1.06478,-6.32674
82372,1.06091,-7.02699
82373,1.06077,-7.24639
82374,1.05672,-7.16007
82375,1.05428,-7.14665
82376,1.05158,-7.76875
82377,1.0524,-7.09077
82378,1.05432,-7.22258
82379,1.06257,-6.38679
82380,1.05939,-6.89251
82381,1.04718,-7.69346
82382,1.05094,-7.14343
82383,1.04832,-6.93828
82384,1.04273,-7.14541
82385,1.05226,-5.46842
82386,1.08268,-3.77299
82387,1.0798,-3.98932
82388,1.0844,-3.24756
82389,1.08477,-3.00496
82390,1.07471,-4.26758
82391,1.06904,-3.7918
82392,1.06734,-3.99437
82393,1.07887,-3.33861
82394,1.06972,-4.42357
82395,1.07264,-4.08838
82396,1.05951,-5.7635
82397,1.0557,-4.66452
82398,1.06905,7.64221
82399,1.06383,8.12985
82400,1.07787,8.83189
82401,1.06919,8.01225
82402,1.05143,-1.17454
82403,1.05202,-1.11809
82404,1.05183,-1.42338
82405,1.05244,-1.12748
82406,1.05108,-2.21508
82407,1.05065,-1.52215
82408,1.04475,-2.48259
82409,1.05123,-1.27537
82410,1.05552,-0.330459
82411,1.0406,-1.57562
82412,1.07619,5.02478
82413,1.07164,4.16206
82414,1.06533,3.31358
82415,1.06619,3.81764
82416,1.06231,3.38278
82417,1.05783,2.9168
82418,1.06782,4.05072
82419,1.06203,3.38103
82420,1.06036,3.3145
82421,1.06552,3.12167
82422,1.06831,3.72602
82423,1.05898,2.45516
82424,1.05833,2.16853
82425,1.06265,3.1071
82426,1.05875,2.72321
82427,1.05698,2.4393
82428,1.05593,2.44018
82429,1.0586,2.63324
82430,1.05796,2.67627
82431,1.05768,2.55597
82432,1.05762,2.56853
82433,1.05742,2.60326
82434,1.05655,2.50399
82435,1.0552,2.34509
82436,1.06187,2.58939
82437,1.05792,2.04531
82438,1.06111,2.66082
82439,1.05607,1.97065
82440,1.04088,0.771501
82441,1.07037,4.51056
82442,1.0658,3.88358
82443,1.07012,4.33926
82444,1.0687,4.11919
82445,1.06457,3.90908
82446,1.0716,4.6398
82447,1.06025,3.0341
82448,1.05876,2.93229
82449,1.05584,2.83361
82450,1.06341,3.12861
82451,1.07287,4.61252
82452,1.06467,3.81867
82453,1.07782,5.82801
82454,1.06898,4.41163
82455,1.06923,4.362
82456,1.0654,3.76102
82457,1.07691,5.34517
82458,1.07255,4.49825
82459,1.07188,4.49312
82460,1.05739,2.55143
82461,1.05597,2.47141
82462,1.05707,2.48431
82463,1.05789,2.5628
82464,1.06286,3.13026
82465,1.06072,2.6122
82466,1.05575,2.28117
82467,1.04858,1.88833
82468,1.0633,3.17451
82469,1.05908,2.84382
82470,1.05664,2.36882
82471,1.05657,2.12902
82472,1.05435,2.06308
82473,1.06252,3.04473
82474,1.05945,2.24844
82475,1.0646,3.27402
82476,1.06581,3.38897
82477,1.06044,2.28865
82478,1.059,2.53176
82479,1.06138,2.76335
82480,1.06204,2.95364
82481,1.06054,2.74237
82482,1.06673,3.54048
82483,1.05676,1.9799
82484,1.06843,3.65868
82485,1.06596,3.05458
82486,1.069,3.72098
82487,1.07176,4.41364
82488,1.04031,0.799363
82489,1.05739,2.6414
82490,1.03912,0.764694
82491,1.04553,1.16421
82492,1.05957,2.77423
82493,1.06123,3.00013
82494,1.05489,1.87769
82495,1.04747,1.53016
82496,1.06414,3.4376
82497,1.06224,3.00081
82498,1.06811,3.61006
82499,1.05861,2.76572
82500,1.055,1.9508
82501,1.05636,2.58923
82502,1.0559,2.583
82503,1.05423,2.47054
82504,1.05711,2.7112
82505,1.06218,3.10988
82506,1.05735,2.57462
82507,1.04675,1.9128
82508,1.04861,1.38601
82509,1.07269,4.59423
82510,1.06398,3.20632
82511,1.06298,2.99461
82512,1.04868,-3.51401
82513,1.04986,-3.72125
82514,1.02912,-6.90838
82515,1.06293,-3.41859
82516,1.06023,-3.79282
82517,1.06986,-2.23424
82518,1.06576,-2.84745
82519,1.05363,-4.29667
82520,1.05283,-4.49784
82521,1.06267,-1.60153
82522,1.06484,-1.07831
82523,1.06383,-1.54643
82524,1.06562,-0.912934
82525,1.06499,-1.4276
82526,1.06694,-1.25513
82527,1.06257,-0.860653
82528,1.04921,6.20855
82529,1.05149,6.55244
82530,1.0564,6.71333
82531,1.05322,6.0968
82532,1.05401,6.32246
82533,1.0519,6.20492
82534,1.0542,6.49718
82535,1.05206,6.50622
82536,1.06015,7.41149
82537,1.07728,7.94084
82538,1.07666,7.67337
82539,1.06846,6.88328
82540,1.06053,6.48539
82541,1.06463,7.50676
82542,1.05444,2.83935
82543,1.06823,4.73335
82544,1.06422,3.68366
82545,1.07125,5.62871
82546,1.06388,4.29774
82547,1.07106,3.80757
82548,1.05828,3.1865
82549,1.06363,4.09217
82550,1.07632,5.36633
82551,1.07606,-2.44683
82552,1.09473,2.32873
82553,1.09082,1.71868
82554,1.01213,-8.64605
82555,1.02285,-7.22486
82556,1.01715,-8.3289
82557,1.03593,-4.87319
82558,1.03568,-5.28769
82559,1.03642,-4.68046
82560,1.06902,10.4517
82561,1.07101,10.7419
82562,1.06625,10.2141
82563,1.07365,7.09419
82564,1.07335,8.38679
82565,1.08287,9.08139
82566,1.08331,7.30004
82567,1.07878,7.85539
82568,1.09161,15.1802
82569,1.08622,14.3951
82570,1.07841,14.1977
82571,1.08121,14.3002
82572,1.08104,14.931
82573,1.08373,-3.55917
82574,1.08252,-4.02921
82575,1.08116,-4.27588
82576,1.05742,-7.42488
82577,1.04983,-7.14316
82578,1.05635,-7.17304
82579,1.04093,-6.67236
82580,1.05273,-4.74676
82581,1.05424,-2.37651
82582,1.07375,16.3162
82583,1.07368,16.134
82584,1.05875,14.8301
82585,1.07548,-1.0288
82586,1.07299,-1.42637
82587,1.07499,-1.02443
82588,1.07267,-1.27626
82589,1.04493,4.49609
82590,1.05325,4.83031
82591,1.05247,4.93651
82592,1.02601,-5.56986
82593,1.0291,-4.31739
82594,1.02722,-4.74688
82595,1.02964,-4.59558
82596,1.03838,-3.04849
82597,1.02627,-4.42264
82598,1.02737,3.46617
82599,1.01409,1.36541
82600,1.03615,3.38034
82601,1.03483,-0.0168913
82602,1.04283,-3.98361
82603,1.04124,-4.10688
82604,1.04363,-3.97664
82605,1.03857,-4.4314
82606,1.04298,-4.06595
82607,1.04877,-3.68208
82608,1.04959,-3.59551
82609,1.04932,-3.63401
82610,1.04976,-3.29325
82611,1.04769,-3.69782
82612,1.04013,-4.46501
82613,1.04537,-3.94128
82614,1.04048,-4.48569
82615,1.05016,-2.52921
82616,1.0345,-4.87817
82617,1.06389,-2.27487
82618,1.05922,-2.50574
82619,1.04337,-3.53602
82620,1.03901,-3.88681
82621,1.04013,-3.7594
82622,1.0387,-4.03289
82623,1.04944,-2.56705
82624,1.04861,-3.4955
82625,1.05034,-3.49894
82626,1.04443,-4.32395
82627,1.04269,-4.25046
82628,1.06943,-3.14795
82629,1.06901,-2.84957
82630,1.06544,-3.67891
82631,1.05317,-3.82773
82632,1.05556,6.88046
82633,1.06507,7.95141
82634,1.04265,0.0916137
82635,1.05379,2.08195
82636,1.04813,1.51563
82637,1.05407,2.32885
82638,1.05099,1.76945
82639,1.05473,2.37032
82640,1.05068,1.74641
82641,1.05038,1.92688
82642,1.0603,4.41225
82643,1.08678,16.0316
82644,1.07168,-1.82218
82645,1.05916,-2.33161
82646,0.979124,-10.9317
82647,0.991641,-9.15427
82648,0.993504,-9.90347
82649,1.08879,12.0107
82650,1.09121,12.1186
82651,1.08623,8.62414
82652,1.06909,1.71293
82653,1.0649,1.50131
82654,1.07022,1.80649
82655,1.07093,2.32485
82656,1.06809,1.77284
82657,1.07222,2.29706
82658,1.06868,1.40941
82659,1.07048,1.62741
82660,1.07827,2.75808
82661,1.07887,2.45364
82662,1.07438,3.15382
82663,1.0776,2.7757
82664,1.07254,2.00083
82665,1.06889,1.63282
82666,1.0614,0.122038
82667,1.05717,-0.767383
82668,1.07359,16.4818
82669,1.07354,16.551
82670,1.07372,16.5846
82671,1.08828,17.9467
82672,1.07961,16.5827
82673,1.07439,16.3362
82674,1.07452,16.2596
82675,1.0781,16.4946
82676,1.07128,16.5543
82677,1.0857,17.7337
82678,1.08023,17.0001
82679,1.07434,16.3061
82680,1.07342,16.5086
82681,1.07117,16.1382
82682,1.09275,18.2916
82683,1.08633,17.0889
82684,1.06419,15.2804
82685,1.08986,8.81435
82686,1.08586,8.60931
82687,1.08982,8.89855
82688,1.0845,8.67549
82689,1.08656,9.3875
82690,1.08605,9.21031
82691,1.0914,10.0663
82692,1.08907,9.58667
82693,1.08754,9.50142
82694,1.09452,10.6638
82695,1.08519,9.30693
82696,1.09437,10.6342
82697,1.05046,-3.53629
82698,1.05517,-2.77443
82699,1.05878,-2.39133
82700,1.05016,-3.43137
82701,1.0569,-2.57438
82702,1.063,-2.27885
82703,1.05736,-1.81447
82704,1.07654,16.8366
82705,1.07901,16.9301
82706,1.06487,8.124
82707,1.03449,-1.76948
82708,1.0464,-0.580067
82709,1.03422,-1.68536
82710,1.03508,-1.66296
82711,1.03483,-1.88372
82712,1.04616,-0.00284736
82713,1.04782,-0.161153
82714,1.04636,-0.464
82715,1.04313,-5.73268
82716,1.07497,-0.587656
82717,1.08199,0.231521
82718,1.07934,0.0890976
82719,1.07675,-0.222834
82720,1.01918,-8.16669
82721,1.02394,-8.17357
82722,1.02046,-8.78803
82723,1.01354,-9.67494
82724,1.0813,15.7939
82725,1.07373,15.3387
82726,1.08394,9.04894
82727,1.08468,8.19668
82728,1.05397,5.70729
82729,1.08338,7.53656
82730,1.07924,7.50745
82731,1.0809,7.83945
82732,1.07796,6.01494
82733,1.06571,5.47792
82734,1.06705,4.96131
82735,1.06155,4.5017
82736,1.05507,3.56003
82737,1.05224,3.41662
82738,1.05288,3.52568
82739,1.04775,3.17448
82740,1.08804,9.12274
82741,1.08816,9.03705
82742,1.0647,15.637
82743,0.991321,10.4164
82744,1.05359,14.6218
82745,1.04094,4.58502
82746,0.997164,9.85394
82747,0.996446,9.81426
82748,0.995867,9.8215
82749,0.998892,10.5907
82750,0.998229,9.81689
82751,0.997198,9.93132
82752,1.00146,10.521
82753,0.997415,10.0241
82754,1.00151,10.3051
82755,0.993547,10.397
82756,0.994776,9.67323
82757,1.05006,15.7585
82758,1.05694,16.2598
82759,1.07915,2.13631
82760,1.07288,1.65354
82761,1.08191,2.21465
82762,1.07429,1.36139
82763,1.07377,1.44471
82764,1.08164,2.09459
82765,1.07652,0.959155
82766,1.06928,0.826736
82767,1.06687,1.38418
82768,1.07941,3.74227
82769,1.07874,3.36258
82770,1.08294,0.657122
82771,1.0808,0.245737
82772,1.08293,-2.49925
82773,1.08145,-2.74341
82774,1.08161,-1.69622
82775,1.07903,-1.82841
82776,1.05649,-1.67135
82777,1.0614,-0.435133
82778,1.06483,-0.432131
82779,1.0555,-1.21606
82780,1.04819,-2.33401
82781,1.0423,-3.2348
82782,1.07393,-0.0973996
82783,1.02537,-3.07157
82784,1.01314,-3.88601
82785,1.02265,-2.75533
82786,1.0156,-3.88116
82787,1.03231,0.0589729
82788,1.0349,0.244321
82789,1.03504,0.210253
82790,1.03368,-0.0296974
82791,1.04546,1.10215
82792,0.981236,-1.92255
82793,1.01378,-0.924301
82794,1.03258,0.00666055
82795,1.06772,1.26809
82796,1.07183,16.988
82797,1.04185,15.2608
82798,1.06455,15.8706
82799,1.03427,13.184
82800,1.01432,12.0543
82801,1.00765,6.71901
82802,1.00888,6.71433
82803,1.00678,6.42356
82804,1.02411,9.3544
82805,1.02063,8.95422
82806,1.01695,8.37766
82807,0.995718,6.28581
82808,0.997387,6.17701
82809,1.04421,14.1143
82810,1.08051,16.1268
82811,1.07102,17.0841
82812,1.06866,16.3308
82813,1.0554,13.4826
82814,1.0053,6.08277
82815,1.01208,5.80232
82816,1.0126,4.2437
82817,1.01105,3.94923
82818,1.01314,5.3815
82819,1.051,15.8723
82820,0.961545,4.61405
82821,0.960527,4.506
82822,0.960526,4.4811
82823,0.957908,4.29731
82824,0.958664,4.28958
82825,0.957188,4.17599
82826,0.958535,4.28764
82827,0.959316,4.25466
82828,0.954762,4.00638
82829,0.955032,3.95611
82830,0.95233,3.68003
82831,0.95437,3.96654
82832,0.952662,3.64021
82833,0.952649,3.6814
82834,0.954646,3.95999
82835,0.973823,6.1794
82836,0.976754,6.4356
82837,0.970671,5.76817
82838,0.961383,4.59673
82839,0.966435,5.17503
82840,0.967221,5.01518
82841,0.972206,5.78828
82842,0.961113,4.53814
82843,0.960518,4.35182
82844,0.954121,3.83545
82845,0.947027,2.60121
82846,0.947572,2.6154
82847,0.947043,2.80274
82848,0.950119,3.27669
82849,0.952112,3.58524
82850,0.949613,3.46997
82851,0.962542,4.5634
82852,0.958887,4.23776
82853,0.961851,4.40363
82854,0.988661,7.6658
82855,0.983236,6.89206
82856,0.954905,3.80454
82857,0.951361,3.31781
82858,0.950034,3.04511
82859,0.950883,3.12938
82860,0.95075,2.67145
82861,0.946019,2.41918
82862,0.944341,2.09679
82863,0.957926,4.28997
82864,0.954334,3.70182
82865,0.955277,4.07207
82866,1.0078,11.1726
82867,1.05854,13.9592
82868,1.04164,14.8233
82869,1.05827,16.2802
82870,1.05032,15.4712
82871,1.04649,15.0658
82872,1.04545,15.063
82873,1.04351,14.9611
82874,1.01885,10.6013
82875,1.01503,10.4489
82876,1.01701,10.7259
82877,1.00758,8.69035
82878,0.96893,-3.51567
82879,0.979341,-5.0373
82880,1.03357,12.7401
82881,1.03625,13.0936
82882,1.03907,13.6038
82883,1.03161,11.6456
82884,1.00501,6.36706
82885,1.00519,6.37382
82886,1.0064,6.42388
82887,0.994444,5.65689
82888,0.995544,5.82639
82889,0.987436,5.07475
82890,0.985923,4.93688
82891,1.01274,7.57305
82892,1.00501,6.61789
82893,1.00333,6.59372
82894,0.977535,4.17916
82895,0.970619,3.42271
82896,0.987897,4.97564
82897,0.983592,4.3166
82898,1.00322,6.27649
82899,1.02047,8.57163
82900,1.01591,6.97571
82901,1.01277,6.31943
82902,1.02171,7.53226
82903,1.02523,7.24661
82904,0.999271,11.2808
82905,1.05767,14.009
82906,1.02241,11.7283
82907,1.02313,11.4984
82908,1.03322,12.786
82909,1.0272,12.1874
82910,0.928386,-1.05653
82911,0.925768,-1.2478
82912,0.924,-1.36402
82913,0.920704,-1.72178
82914,0.926597,-1.53977
82915,0.952269,-1.58586
82916,0.927657,-1.23986
82917,0.932435,-0.781291
82918,0.931144,-0.925356
82919,0.951855,-3.02501
82920,0.943687,-4.11039
82921,0.927474,-1.15823
82922,1.04431,1.44549
82923,1.04512,1.30946
82924,1.04217,1.21049
82925,1.04645,1.5995
82926,1.05321,1.76989
82927,1.04743,1.29499
82928,1.04194,1.188
82929,1.05441,1.51806
82930,1.05346,1.28106
82931,1.04361,1.20172
82932,1.0547,1.34779
82933,1.04576,2.15901
82934,1.04677,1.97499
82935,1.05315,2.65159
82936,1.06216,2.89866
82937,1.0539,1.28118
82938,1.05179,0.765451
82939,1.04567,1.19718
82940,1.04311,-0.0196004
82941,1.0468,7.54416
82942,1.04494,7.55673
82943,1.048,7.54603
82944,1.05509,8.01384
82945,1.04907,7.5677
82946,1.05692,8.28635
82947,1.04964,7.58107
82948,1.05336,8.02096
82949,1.04865,7.49105
82950,1.04302,7.38447
82951,1.05872,8.25279
82952,1.05231,7.57512
82953,1.05538,7.9892
82954,1.05015,7.46542
82955,1.04594,7.25513
82956,1.04715,7.33422
82957,1.03704,9.40411
82958,1.04827,10.695
82959,1.0444,10.2855
82960,1.04543,9.33676
82961,1.03862,8.92455
82962,1.05648,8.321
82963,1.04682,7.77285
82964,1.06142,8.54842
82965,1.05568,8.14849
82966,1.03778,7.54413
82967,1.04315,7.18695
82968,1.04031,7.23896
82969,1.05519,7.96559
82970,1.05364,7.8349
82971,1.04597,7.35227
82972,1.03473,6.18863
82973,1.05491,7.8743
82974,1.04934,7.24415
82975,1.05601,7.96092
82976,1.05622,7.8297
82977,1.04961,7.45874
82978,1.04853,7.48573
82979,1.04956,7.33797
82980,1.05389,7.78148
82981,1.04458,7.06369
82982,1.04497,7.10534
82983,1.05829,7.6748
82984,1.04957,6.70308
82985,0.966316,4.90616
82986,0.957693,4.49528
82987,0.963103,4.41888
82988,0.960163,4.0305
82989,0.9593,3.63771
82990,0.964558,4.02921
82991,0.960863,3.79357
82992,0.960585,3.0572
82993,0.961324,2.6569
82994,0.968565,-7.8338
82995,0.947483,-7.36847
82996,0.972536,-7.22676
82997,0.964897,-8.16924
82998,0.965444,-7.92773
82999,0.959616,-8.54
83000,0.976797,-7.54512
83001,0.962141,-8.13084
83002,0.948171,1.22593
83003,0.943901,1.20246
83004,0.944447,0.614763
83005,0.959018,2.4454
83006,0.957595,1.95458
83007,0.954299,1.69466
83008,0.950517,1.07636
83009,0.948701,0.797439
83010,0.941317,-0.071189
83011,0.940871,-0.284159
83012,0.94657,0.543471
83013,0.945252,0.0595838
83014,0.941025,-0.6487
83015,0.938101,-1.07158
83016,0.939355,-0.961212
83017,1.07084,15.5895
83018,0.986398,4.04476
83019,0.982547,3.80564
83020,0.962937,2.12966
83021,0.956605,1.91148
83022,0.952605,1.18859
83023,0.980893,3.18702
83024,0.978174,2.96899
83025,0.982832,3.14279
83026,0.982059,3.07325
83027,0.974468,2.15334
83028,0.958935,0.890735
83029,0.977259,2.73037
83030,0.948427,0.554932
83031,0.953217,0.794783
83032,0.948743,0.287318
83033,0.952344,0.311832
83034,0.961985,0.70943
83035,0.97387,1.56572
83036,0.962681,0.674684
83037,0.974844,1.58328
83038,0.973779,1.50341
83039,0.964141,0.728004
83040,0.969702,1.21626
83041,0.966621,0.821635
83042,0.96259,0.662467
83043,0.96921,1.27141
83044,0.965483,0.878755
83045,0.96639,0.729044
83046,0.96522,0.647679
83047,0.957847,0.481454
83048,0.957912,0.472325
83049,0.958764,0.655983
83050,0.95562,0.543227
83051,0.958787,0.776421
83052,0.954558,0.427949
83053,0.968984,1.52071
83054,0.961144,0.890419
83055,0.957725,0.737123
83056,0.965365,1.1508
83057,0.956853,0.420246
83058,0.960138,0.608446
83059,0.953454,0.158196
83060,0.951222,-0.0629958
83061,0.962175,0.562392
83062,0.965576,0.643995
83063,0.961137,0.37392
83064,0.961124,0.276613
83065,0.96209,0.364741
83066,0.961867,0.366501
83067,0.955373,-0.0997244
83068,0.956858,0.276154
83069,0.951451,-0.110904
83070,0.956717,-0.0142988
83071,0.952698,-0.118383
83072,0.965522,0.783664
83073,0.962559,0.367392
83074,0.98506,2.43883
83075,0.973715,1.49105
83076,0.972906,1.3814
83077,0.962905,1.41445
83078,0.970509,1.16566
83079,0.96681,0.754173
83080,1.06855,17.3549
83081,1.0795,18.6139
83082,1.07311,18.1819
83083,1.08255,17.3857
83084,1.08345,17.3646
83085,1.08282,17.455
83086,1.09089,20.1369
83087,1.09621,21.006
83088,1.08899,20.1129
83089,1.04934,13.5699
83090,1.0411,12.7028
83091,1.06647,15.3513
83092,1.07746,15.24
83093,1.02032,11.4198
83094,1.01759,11.1077
83095,1.02859,12.0151
83096,1.02026,11.3184
83097,1.02046,11.571
83098,1.01644,11.1355
83099,1.01564,11.1965
83100,1.01323,11.2288
83101,0.97362,-1.73249
83102,0.958057,-2.82701
83103,0.929007,-6.87284
83104,0.974046,-2.28666
83105,0.981408,-2.6585
83106,0.970597,-3.56535
83107,0.961861,-4.1413
83108,0.969777,-7.42612
83109,0.988251,-3.89683
83110,0.98265,-4.92457
83111,1.02486,9.44406
83112,1.0263,9.17823
83113,1.02211,8.93718
83114,1.02378,8.83871
83115,1.07139,16.3416
83116,1.06844,12.8252
83117,1.06371,12.2115
83118,1.06371,12.2831
83119,1.0598,12.0888
83120,1.061,12.1311
83121,1.05723,12.1766
83122,1.06406,12.8186
83123,1.05622,12.0731
83124,1.06273,12.0332
83125,1.06493,12.101
83126,1.07613,12.7213
83127,1.05679,11.7764
83128,1.06009,13.82
83129,1.06838,14.2583
83130,1.05942,12.0734
83131,1.06403,15.1303
83132,1.05312,12.161
83133,1.0517,11.2779
83134,0.958725,1.98352
83135,0.954377,1.79474
83136,0.950626,1.58663
83137,0.950805,1.2904
83138,0.948271,1.90191
83139,0.945409,1.46212
83140,0.943897,1.75297
83141,0.94221,1.20012
83142,0.942238,1.09221
83143,0.939011,0.571708
83144,0.940859,0.432529
83145,0.943577,0.421233
83146,0.950853,1.06721
83147,0.947242,0.924257
83148,0.951329,1.13034
83149,0.939923,0.505252
83150,0.940978,0.773635
83151,0.937749,0.235344
83152,0.94127,0.85802
83153,0.941357,-0.316903
83154,0.943239,0.338239
83155,0.944305,-0.0739843
83156,0.950766,0.604968
83157,0.947155,0.0725027
83158,0.937659,0.0820891
83159,0.940556,-0.0726691
83160,0.944881,0.255922
83161,0.946452,-0.172607
83162,0.940259,-0.988481
83163,0.940775,-0.986033
83164,0.943491,-0.880648
83165,0.941495,-0.895933
83166,0.958523,0.957929
83167,0.950415,0.349067
83168,0.95432,1.14693
83169,0.950258,0.618187
83170,0.943752,0.276958
83171,0.949557,0.0340123
83172,0.942937,-0.0228581
83173,0.945558,0.278555
83174,0.944685,-0.0545464
83175,0.946508,-0.0769034
83176,0.944481,-0.145204
83177,0.940834,0.165624
83178,0.940081,0.504329
83179,0.939821,-0.0662617
83180,0.938712,-0.164845
83181,0.939823,-0.132748
83182,0.941985,-0.114027
83183,0.941246,-0.00567595
83184,0.939365,-0.661217
83185,0.95043,-0.171816
83186,0.947096,-0.46256
83187,0.948902,-0.138871
83188,0.938231,0.145437
83189,0.941768,-0.327706
83190,0.940687,-0.412348
83191,0.946964,-0.545457
83192,0.947444,-0.742055
83193,0.947885,-0.743915
83194,0.950782,-0.775617
83195,0.952478,-0.657056
83196,0.950581,-0.718193
83197,0.946661,-0.842868
83198,0.945947,-0.723774
83199,0.964691,0.781173
83200,0.955379,-0.0657362
83201,0.964218,0.753365
83202,0.955637,-0.105162
83203,0.951658,-0.332699
83204,0.950985,-0.0464458
83205,0.952809,-0.343023
83206,0.961659,0.286738
83207,0.958709,0.134997
83208,0.951126,1.16688
83209,0.94855,0.686292
83210,0.949159,0.581982
83211,0.947163,0.484567
83212,0.945449,0.375336
83213,0.948881,0.240742
83214,0.950685,0.387059
83215,0.949115,0.311557
83216,0.952333,0.279826
83217,0.953964,0.183908
83218,0.954047,0.162619
83219,0.959791,0.427966
83220,0.959003,0.342467
83221,0.957093,0.130355
83222,0.952117,-0.14079
83223,0.950705,-0.254766
83224,0.94861,-0.414929
83225,1.07067,15.6789
83226,1.08423,18.0263
83227,1.07926,18.0353
83228,0.998922,11.1903
83229,1.0843,15.5658
83230,1.07203,14.8777
83231,1.06131,16.2952
83232,1.08717,17.855
83233,1.09521,19.8555
83234,1.07534,17.3264
83235,1.06396,10.2317
83236,1.0749,11.0611
83237,1.07278,11.8656
83238,1.08535,12.7334
83239,1.08015,12.3543
83240,1.08425,12.1288
83241,1.08685,11.8126
83242,1.0848,11.4596
83243,1.06343,8.62609
83244,1.06697,8.76189
83245,1.06581,8.78607
83246,1.074,9.31817
83247,1.07985,8.54489
83248,1.08889,9.88263
83249,1.06713,9.44763
83250,1.06149,8.8364
83251,1.09113,9.85819
83252,1.09021,9.50761
83253,1.08757,9.2736
83254,1.08817,9.28635
83255,1.06123,15.2423
83256,1.00185,9.44091
83257,0.997447,9.14822
83258,0.999566,9.21805
83259,0.997951,9.04868
83260,0.998334,8.96203
83261,0.999591,9.17261
83262,1.00006,9.26331
83263,0.999837,9.24824
83264,1.00462,9.71103
83265,1.01599,10.8047
83266,0.999471,9.29075
83267,1.00511,9.82299
83268,1.00125,9.38946
83269,1.00636,9.89333
83270,1.00129,9.34909
83271,1.00319,9.76119
83272,0.997397,9.24334
83273,0.99853,9.09715
83274,0.995203,8.80323
83275,0.999555,9.92178
83276,0.994946,9.21577
83277,0.993299,8.33021
83278,0.992401,8.31792
83279,0.997969,8.98367
83280,0.998937,8.94784
83281,0.997881,8.82257
83282,1.00194,9.10087
83283,1.00218,9.37877
83284,1.00585,9.76366
83285,1.00711,9.92254
83286,0.994697,7.83287
83287,0.986476,7.3531
83288,0.996384,8.59425
83289,0.993485,8.25735
83290,0.978707,6.72785
83291,0.980933,4.42103
83292,0.975566,4.25169
83293,0.99341,4.9191
83294,0.995668,4.99241
83295,0.996423,4.99548
83296,0.997907,4.94012
83297,0.98797,4.19556
83298,0.98617,3.59223
83299,0.976545,4.65225
83300,1.02676,-2.92514
83301,1.02505,-5.48881
83302,1.02524,-4.81045
83303,1.03193,-2.9089
83304,1.02378,-4.88959
83305,1.03713,-3.94507
83306,1.00018,8.24032
83307,0.991848,7.72857
83308,1.06146,15.0688
83309,0.975416,5.38507
83310,0.95976,3.48076
83311,0.969482,4.76887
83312,0.959242,3.78085
83313,0.987498,9.52219
83314,0.977876,7.86211
83315,0.967785,5.62168
83316,1.07814,5.11739
83317,1.0743,5.36585
83318,1.06498,3.17424
83319,1.07127,3.47056
83320,1.07474,3.85251
83321,1.06775,3.10916
83322,1.06225,2.7147
83323,1.07554,4.22425
83324,0.902743,-3.95398
83325,0.901682,-3.95639
83326,0.902815,-4.02677
83327,0.904063,-4.20078
83328,0.905934,-4.12502
83329,0.909577,-2.78198
83330,0.908008,-3.52002
83331,0.922877,-2.53194
83332,0.920173,-2.9123
83333,0.909948,-3.7063
83334,0.909496,-3.63537
83335,0.904615,-4.39062
83336,0.912369,-3.71949
83337,0.907481,-5.48622
83338,0.915906,-5.65944
83339,0.913326,-2.4122
83340,0.905843,-3.69201
83341,0.90084,-4.08843
83342,0.951603,-0.0858611
83343,0.952999,0.0178867
83344,0.955926,0.101516
83345,0.953507,-0.169573
83346,0.953792,-0.169069
83347,0.955546,-0.162873
83348,0.953941,-0.077154
83349,0.95279,-0.106022
83350,0.954026,-0.241314
83351,0.953123,-0.293278
83352,0.962944,0.524528
83353,0.955925,-0.134014
83354,0.956358,0.0340041
83355,0.95702,0.157308
83356,0.956226,-0.00517799
83357,0.963894,0.767924
83358,0.960066,0.294664
83359,0.954097,-0.20193
83360,0.957704,0.542644
83361,0.953501,-0.191958
83362,0.959482,0.313963
83363,0.955692,-0.104854
83364,0.9609,0.209951
83365,0.959983,0.18001
83366,0.958177,0.145898
83367,0.961933,0.144645
83368,0.959309,0.263822
83369,0.969382,0.766035
83370,0.970416,0.800073
83371,0.968711,0.49072
83372,0.967037,0.354826
83373,0.96983,0.605263
83374,0.9697,0.419393
83375,0.970689,0.771679
83376,0.967078,0.367303
83377,0.967988,0.579155
83378,0.964347,0.251454
83379,0.963959,0.246547
83380,0.965842,0.304705
83381,0.966516,0.631592
83382,0.963659,0.257708
83383,0.956015,-0.276165
83384,0.955017,-0.184229
83385,0.950598,-0.397591
83386,0.953907,-0.190403
83387,0.957577,-0.145224
83388,0.958744,-0.0591401
83389,0.954112,-0.144239
83390,0.955951,-0.30293
83391,0.953219,-0.482501
83392,0.955165,-0.371923
83393,0.949925,-0.526937
83394,0.951032,-0.637491
83395,0.956227,0.145131
83396,0.948278,-0.163288
83397,0.949949,-0.699678
83398,0.955032,-0.416319
83399,0.953619,-0.557744
83400,0.965481,0.224763
83401,0.962808,-0.10688
83402,0.960315,-0.342543
83403,0.954724,-0.574031
83404,0.949981,-0.855463
83405,0.95455,-0.553694
83406,0.960296,-0.172038
83407,0.960953,-0.187737
83408,0.957556,-0.367185
83409,0.959994,-0.261385
83410,0.968952,0.447359
83411,0.965077,0.063202
83412,0.985459,1.84373
83413,0.970219,0.48231
83414,0.969306,0.325238
83415,0.972592,0.556532
83416,0.967955,-0.0189569
83417,0.964602,-0.147636
83418,0.961318,-0.285294
83419,0.957872,-0.69648
83420,0.949617,-0.785146
83421,0.95625,-0.547205
83422,0.958813,-0.54046
83423,0.970849,0.440444
83424,0.961879,-0.475223
83425,0.958665,-0.663073
83426,0.971699,0.484958
83427,0.964089,-0.413794
83428,0.971456,0.482136
83429,0.95881,-0.713647
83430,0.941981,-1.21987
83431,0.955922,-0.613728
83432,0.960784,-0.338139
83433,0.952943,-0.720736
83434,0.953119,-0.731841
83435,0.963371,-0.186876
83436,0.953528,-0.800548
83437,0.964561,-0.117826
83438,0.959274,-0.412694
83439,0.963647,-0.256138
83440,0.962316,-0.385375
83441,0.959561,-0.574146
83442,0.955469,-0.823986
83443,0.953236,-0.873432
83444,0.954406,-0.861593
83445,0.951811,-0.989111
83446,0.953618,-0.680038
83447,0.955172,-0.586135
83448,0.957858,-0.77115
83449,0.96815,0.683717
83450,0.964412,0.255172
83451,0.961764,0.328499
83452,0.95445,-0.206405
83453,0.955233,-0.437241
83454,0.955765,-0.357482
83455,0.957704,-0.264519
83456,0.954387,-0.567443
83457,0.954745,-0.581223
83458,0.956837,-0.405422
83459,0.958258,-0.350669
83460,0.966538,-0.23004
83461,0.969809,0.568131
83462,0.962267,-0.307975
83463,0.965749,0.175659
83464,0.964666,0.12194
83465,0.967097,-0.188307
83466,0.952236,-0.671948
83467,0.969474,-0.125865
83468,0.967371,-0.357439
83469,0.967735,-0.38682
83470,0.953393,-0.917166
83471,0.956211,-0.841191
83472,0.956441,-0.860254
83473,0.968368,-0.130904
83474,0.967163,-0.404078
83475,0.970229,-0.462757
83476,0.962013,-0.698761
83477,0.950627,-1.09802
83478,0.962532,-0.858628
83479,0.937535,-1.29387
83480,0.939933,-1.17423
83481,0.924876,-1.97439
83482,0.971749,-0.482147
83483,0.969599,-0.77566
83484,0.977957,-0.222018
83485,0.973798,-0.652235
83486,0.973632,-0.305081
83487,0.981439,0.352541
83488,0.976947,-0.247574
83489,0.970801,-0.395026
83490,0.969499,-0.410895
83491,0.972563,-0.581671
83492,0.962638,0.115994
83493,0.969892,0.64237
83494,0.967046,0.263876
83495,0.963234,0.184405
83496,1.05588,15.7472
83497,1.06779,16.8117
83498,1.06706,16.5662
83499,1.08246,6.91589
83500,1.0837,7.31467
83501,1.08035,8.67739
83502,1.04126,-4.00225
83503,1.03867,-2.75534
83504,1.03684,-2.9772
83505,1.03374,-3.56816
83506,1.03118,-3.8019
83507,1.03536,-3.44014
83508,1.04821,-1.25702
83509,1.04431,-2.1023
83510,1.04364,-2.43047
83511,1.03365,-3.25472
83512,1.03444,-3.17352
83513,1.03518,-3.03205
83514,1.03928,-2.6968
83515,1.03918,-2.71668
83516,1.03734,-2.87458
83517,1.03985,-2.65049
83518,1.03856,-2.82207
83519,1.03743,-3.23277
83520,1.03994,-2.64406
83521,1.03809,-3.18008
83522,1.0281,-6.05113
83523,1.027,-6.96836
83524,1.02933,-6.64857
83525,1.03271,-5.77336
83526,0.904006,-4.82992
83527,0.929173,-2.10621
83528,0.926768,-2.47161
83529,0.927917,-2.35815
83530,0.930648,-2.42308
83531,0.929198,-2.37201
83532,0.932261,-2.3888
83533,0.945325,-1.76175
83534,0.932139,-4.41005
83535,0.917989,-3.56234
83536,1.08151,7.08568
83537,1.08835,9.09546
83538,1.07883,8.53373
83539,1.09791,10.9958
83540,1.09005,10.0571
83541,1.08255,8.95593
83542,1.01703,-4.76386
83543,1.02072,-5.84076
83544,1.02,-5.83605
83545,1.01697,-4.83509
83546,1.02044,-5.94448
83547,1.05938,11.5984
83548,1.05694,11.2498
83549,1.04765,8.29687
83550,1.05667,8.76678
83551,1.06798,11.2663
83552,1.06136,11.3862
83553,1.05285,11.1336
83554,1.06816,6.88823
83555,1.08369,8.90075
83556,1.07017,7.96452
83557,1.01398,4.79299
83558,1.01069,5.09106
83559,1.02667,3.1638
83560,1.02434,3.23569
83561,1.04311,4.39918
83562,1.05154,5.48997
83563,1.02289,3.19026
83564,1.01766,3.41533
83565,1.01956,2.82134
83566,1.0235,3.32222
83567,1.02151,2.92957
83568,1.02565,3.54053
83569,1.01829,3.61188
83570,1.01678,3.41897
83571,1.03377,3.08133
83572,1.02784,2.71706
83573,1.03937,3.70981
83574,1.02939,2.3058
83575,1.03817,2.98536
83576,1.03252,2.99054
83577,1.03206,2.88556
83578,1.02766,2.3324
83579,1.02767,2.42361
83580,1.0229,1.88437
83581,1.03999,3.11622
83582,1.03464,1.93563
83583,1.0417,3.10081
83584,1.03648,3.05421
83585,1.04311,1.90622
83586,1.04493,2.50792
83587,1.04324,2.02042
83588,1.04282,2.02118
83589,1.04553,2.67054
83590,1.04125,2.05936
83591,1.04336,2.63734
83592,1.04295,2.4463
83593,1.04454,2.45083
83594,1.04272,2.02896
83595,1.01342,5.01574
83596,1.04686,2.81093
83597,0.997936,0.243107
83598,1.00384,0.278414
83599,1.00033,2.68667
83600,1.00886,-5.70604
83601,1.01191,-5.50221
83602,1.018,-5.32148
83603,1.02237,-3.63114
83604,1.02537,-3.16614
83605,1.02417,-3.28147
83606,1.02407,-3.44261
83607,1.02072,-3.86674
83608,1.02387,-3.03092
83609,1.02986,-2.90984
83610,1.02104,-3.9559
83611,1.02573,-3.4483
83612,1.02187,-4.11459
83613,1.01906,-3.04377
83614,1.02503,-2.45517
83615,1.02472,-2.65292
83616,1.02172,-3.72632
83617,1.04202,3.72732
83618,1.03898,3.25066
83619,1.04042,3.19712
83620,1.03775,3.33166
83621,1.03759,3.37268
83622,1.035,3.15742
83623,1.03858,3.47152
83624,1.03686,3.25448
83625,1.04009,3.56131
83626,1.04462,4.19161
83627,1.04271,3.74651
83628,1.03456,3.1908
83629,1.04093,4.14696
83630,1.043,4.32124
83631,1.04985,4.90733
83632,1.04751,4.553
83633,1.04357,3.93647
83634,1.04449,4.4401
83635,1.06158,6.60303
83636,1.04634,2.40083
83637,1.04725,2.59538
83638,1.04776,2.8517
83639,1.04196,1.98596
83640,1.04102,2.97362
83641,0.97934,3.28799
83642,0.982369,3.70938
83643,0.981727,3.19243
83644,0.978136,1.70675
83645,0.980409,1.49083
83646,0.976577,1.08365
83647,0.979247,0.749939
83648,0.988953,4.58389
83649,0.988734,3.86659
83650,0.992946,5.57396
83651,1.00039,6.68626
83652,0.998057,6.68683
83653,1.00332,8.23304
83654,0.994765,6.97651
83655,0.998334,7.4028
83656,1.05127,1.04913
83657,1.06295,1.30162
83658,1.07079,3.17478
83659,1.06043,1.4173
83660,1.05164,0.928184
83661,1.06687,2.60628
83662,1.06759,2.9764
83663,1.06349,3.57587
83664,1.00537,-10.9303
83665,1.01085,-10.1531
83666,1.02319,-8.92289
83667,1.02846,-8.15522
83668,1.00293,-9.02565
83669,1.00019,-7.8602
83670,1.00423,-7.57893
83671,1.00111,-7.81872
83672,1.00321,-9.25462
83673,1.00359,-8.94107
83674,0.998182,-8.15221
83675,1.00487,-7.21461
83676,1.00262,-7.67714
83677,1.0063,-7.06214
83678,1.00236,-7.71789
83679,0.997326,-8.01526
83680,1.00338,-7.33133
83681,0.997915,-7.78712
83682,0.997782,-7.66661
83683,1.00493,-7.17632
83684,1.00434,-7.18221
83685,1.00225,-7.54857
83686,1.00042,-7.9204
83687,0.999369,-8.05168
83688,0.999589,-8.10404
83689,0.999769,-8.23245
83690,0.995507,-8.11023
83691,0.992214,-7.73502
83692,0.99097,-7.77401
83693,0.994909,-7.66568
83694,0.988916,-7.53457
83695,0.988868,-7.52621
83696,0.989554,-7.71392
83697,0.991085,-7.71612
83698,0.992574,-7.57912
83699,0.999024,-7.86384
83700,0.98228,-7.20449
83701,0.977631,-6.33534
83702,0.979067,-6.9526
83703,0.980705,-5.32028
83704,0.977318,-5.87042
83705,0.980979,-5.20768
83706,0.980226,-5.55834
83707,0.977951,-6.37208
83708,0.977364,-6.95685
83709,0.983663,-7.76089
83710,0.986857,-7.66096
83711,0.987175,-7.16464
83712,0.982804,-7.90348
83713,0.997188,-7.92438
83714,0.986124,-7.8422
83715,0.980228,-8.04287
83716,0.989872,-8.08198
83717,0.982653,-8.19247
83718,1.0056,-9.64151
83719,1.00376,-7.94649
83720,1.00381,-9.26784
83721,1.00305,-9.45282
83722,1.00554,-9.80846
83723,1.00287,-9.85876
83724,0.99542,-6.76216
83725,0.992244,-7.39579
83726,0.974107,-7.91536
83727,0.985963,-8.56903
83728,0.986792,-8.86852
83729,0.980723,-8.51059
83730,1.00607,-9.88306
83731,0.996563,-8.31248
83732,0.998663,-7.59084
83733,0.998584,-8.4285
83734,0.999826,-7.45125
83735,0.999308,-7.98314
83736,1.00163,-9.35962
83737,1.00603,-8.72999
83738,1.00319,-9.78987
83739,1.00274,-9.70421
83740,0.978132,-7.18372
83741,0.979805,-4.97965
83742,0.979637,-4.90513
83743,0.979738,-5.27682
83744,0.97782,-5.28687
83745,0.974962,-5.801
83746,0.970894,-6.5925
83747,0.974237,-6.56771
83748,0.997526,-8.02612
83749,0.996635,-7.12639
83750,0.993763,-7.88479
83751,0.994909,-8.03956
83752,0.965441,-6.99082
83753,0.999112,-8.01802
83754,0.998495,-8.10173
83755,1.00288,-9.44252
83756,1.00449,-9.33848
83757,1.00316,-9.19378
83758,1.00374,-9.00041
83759,1.00319,-9.04693
83760,0.969392,-7.40431
83761,0.984343,-8.35183
83762,0.994165,-8.06505
83763,0.992678,-8.30305
83764,0.962814,-7.0803
83765,0.959834,-7.36066
83766,1.00053,-10.1125
83767,1.0132,-9.2115
83768,1.01077,-9.40136
83769,1.01161,-9.36122
83770,1.01031,-9.42965
83771,1.00633,-9.8251
83772,0.999805,-9.5536
83773,0.999594,-9.20211
83774,0.999657,-8.99714
83775,1.00789,-9.70863
83776,1.00377,-8.69004
83777,1.00181,-9.25707
83778,1.00078,-8.06138
83779,1.00042,-8.37709
83780,1.00078,-8.35483
83781,1.00186,-8.80504
83782,1.00171,-8.92086
83783,1.00157,-9.63302
83784,1.00164,-9.2251
83785,0.999046,-9.13108
83786,1.00004,-8.96872
83787,1.00117,-9.21715
83788,0.97075,-7.25855
83789,1.00116,-7.12009
83790,1.00103,-7.9196
83791,0.980148,-7.72262
83792,0.989837,-7.70484
83793,0.981597,-8.44623
83794,0.984766,-8.90252
83795,0.971958,-7.39638
83796,1.00468,-9.98867
83797,1.00674,-8.5847
83798,1.00597,-9.7936
83799,0.980798,-8.26766
83800,1.0104,-9.4087
83801,1.01036,-9.53153
83802,1.01445,-8.98561
83803,1.00958,-9.62069
83804,1.00097,-7.10346
83805,0.990285,-8.75109
83806,0.962388,-6.68081
83807,1.00727,-5.18776
83808,1.00035,-6.9985
83809,0.996286,-7.74224
83810,1.00007,-10.1455
83811,1.04192,-2.80494
83812,1.03118,-2.4643
83813,1.04539,-5.8224
83814,1.03994,-6.79591
83815,1.04134,-6.41252
83816,1.02803,-5.58185
83817,1.03162,-5.39855
83818,1.0358,-4.05591
83819,1.03288,-5.16859
83820,1.03155,-5.21932
83821,1.03128,-4.92149
83822,1.03096,-5.07165
83823,1.02815,-5.52886
83824,1.02906,-5.30202
83825,1.03653,-3.68858
83826,1.03592,-4.28419
83827,1.03743,-3.80839
83828,1.02972,-5.12211
83829,1.02564,-6.83638
83830,1.03024,-6.19215
83831,1.031,-5.23467
83832,1.02459,-6.27248
83833,1.02491,-6.27119
83834,1.02965,-5.56269
83835,1.02192,-6.57062
83836,1.01868,-7.30982
83837,1.05665,1.65473
83838,1.05694,1.4867
83839,1.05401,1.00073
83840,1.05042,0.316793
83841,1.0376,-2.41277
83842,1.06439,3.52209
83843,1.06044,2.63605
83844,1.05521,1.83209
83845,1.05224,1.80809
83846,1.05431,2.00786
83847,1.06096,2.90317
83848,1.0576,2.34165
83849,1.0333,-2.71305
83850,1.03766,-0.0399791
83851,1.04826,1.29808
83852,1.06299,3.44202
83853,1.03286,-4.27905
83854,1.03248,-3.75932
83855,1.0335,-3.77877
83856,1.03321,-3.77179
83857,1.03278,-3.73533
83858,1.03096,-4.11887
83859,1.03327,-3.74672
83860,1.0346,-3.63031
83861,1.03284,-3.78325
83862,1.03149,-3.98785
83863,1.03385,-3.71035
83864,1.03417,-3.74824
83865,1.03407,-4.06772
83866,1.03313,-3.49163
83867,1.03473,-3.42168
83868,1.03768,-2.89759
83869,1.03589,-3.46673
83870,1.0321,-3.67475
83871,1.03475,-3.43033
83872,1.03399,-3.45746
83873,1.03749,-3.01466
83874,1.03627,-3.12846
83875,1.03647,-3.14634
83876,1.03527,-3.33914
83877,1.03659,-3.19688
83878,1.03661,-3.22259
83879,1.03535,-3.37818
83880,1.03634,-3.24418
83881,1.03464,-3.3214
83882,1.03364,-4.11045
83883,1.03638,-3.56029
83884,1.03211,-4.38774
83885,1.03404,-4.28341
83886,1.03827,-3.271
83887,1.03355,-4.15573
83888,1.03395,-4.06138
83889,1.0336,-4.20949
83890,1.03115,-4.81152
83891,1.03238,-4.34179
83892,1.03163,-4.9004
83893,1.03223,-4.60396
83894,1.03754,-3.04176
83895,1.03443,-4.12347
83896,1.03017,-4.76825
83897,1.03286,-4.41457
83898,1.03344,-4.31939
83899,1.03114,-4.80472
83900,1.02941,-5.20357
83901,1.03024,-5.04827
83902,1.03217,-4.41987
83903,1.03138,-4.68343
83904,1.03209,-4.00521
83905,1.03355,-3.95334
83906,1.03098,-4.01772
83907,1.03427,-3.97478
83908,1.03172,-4.28659
83909,1.03394,-3.88217
83910,1.03319,-4.28601
83911,1.03421,-3.94917
83912,1.03336,-4.17331
83913,1.03448,-3.80124
83914,1.03461,-3.88283
83915,1.03742,-2.91173
83916,1.03187,-4.44041
83917,1.03472,-3.9139
83918,1.03476,-3.94197
83919,1.03293,-4.15747
83920,1.0398,-2.67812
83921,1.0378,-3.1938
83922,1.03059,-3.44312
83923,1.04256,-2.09175
83924,1.03995,-2.6435
83925,1.03973,-2.5902
83926,1.0383,-2.92479
83927,1.03591,-3.18542
83928,1.0344,-3.31709
83929,1.03699,-3.05714
83930,1.03352,-3.66625
83931,1.0391,-2.5654
83932,1.03771,-2.94671
83933,1.03985,-2.33591
83934,1.03787,-2.75656
83935,1.03407,-3.38091
83936,1.04373,-1.6202
83937,1.0451,-1.46534
83938,1.04244,-2.20416
83939,1.03591,-3.19345
83940,1.03688,-3.24566
83941,1.03356,-3.52834
83942,1.0328,-3.53697
83943,1.03344,-3.32339
83944,1.03488,-3.59909
83945,1.03394,-3.42458
83946,1.03524,-3.05825
83947,1.03406,-2.9293
83948,1.03958,-2.49402
83949,1.03833,-2.88789
83950,1.03305,-3.21456
83951,1.04841,-0.890764
83952,1.04822,-0.649553
83953,1.02992,-4.50738
83954,1.03424,-4.10688
83955,0.996329,-8.44751
83956,1.00268,-8.54692
83957,1.02606,-6.7386
83958,1.02552,-6.91181
83959,1.08821,10.3648
83960,1.08707,10.3945
83961,1.09035,10.9283
83962,0.959432,-6.67517
83963,0.949456,-4.89
83964,0.951097,-6.54507
83965,0.958609,-6.94274
83966,0.965386,-8.10578
83967,0.956689,-3.91238
83968,0.95617,-4.8647
83969,0.943882,-6.0221
83970,1.02208,-2.34811
83971,1.02734,-0.777169
83972,1.03694,0.738927
83973,1.02709,-1.38405
83974,1.02685,-1.57619
83975,1.02543,-2.08147
83976,1.03744,0.733259
83977,1.02875,-1.17557
83978,1.02859,-1.32967
83979,1.07772,6.63825
83980,1.08039,7.15409
83981,1.08001,7.32303
83982,1.0782,6.71303
83983,1.08497,8.43158
83984,1.0864,7.81076
83985,1.08801,8.45115
83986,1.02903,3.42127
83987,1.0377,3.52256
83988,1.02392,2.82972
83989,1.02608,2.77299
83990,1.0238,2.54073
83991,1.02079,2.49951
83992,1.02444,2.50637
83993,1.02362,2.90986
83994,1.03314,3.66434
83995,1.03291,3.66731
83996,1.02802,3.27626
83997,1.03367,3.76383
83998,1.01713,2.27604
83999,1.03526,3.94643
84000,1.03014,3.36003
84001,1.03118,3.76468
84002,1.02962,3.62374
84003,1.03487,4.16753
84004,1.03468,3.89216
84005,1.03655,4.29285
84006,1.03443,4.0718
84007,1.03863,4.43446
84008,1.03611,4.01946
84009,1.03961,4.44176
84010,1.02952,3.96821
84011,1.03861,4.57113
84012,1.03698,4.36632
84013,1.03619,4.23791
84014,1.0251,2.54479
84015,1.05453,6.24536
84016,1.05644,6.41406
84017,1.04972,5.64945
84018,1.04797,5.34157
84019,1.02742,3.62491
84020,1.03963,4.68373
84021,1.04408,4.97543
84022,1.03387,4.06816
84023,1.04046,4.62948
84024,1.03446,3.68504
84025,1.0378,4.36225
84026,1.04023,4.47149
84027,1.03803,4.1917
84028,1.04057,4.43853
84029,1.04633,5.13744
84030,1.04499,5.12922
84031,1.04585,5.05402
84032,1.04177,4.76166
84033,1.03855,4.43201
84034,1.02886,3.29935
84035,1.02537,3.46103
84036,1.03518,3.95714
84037,1.03445,3.65324
84038,1.03883,4.33468
84039,1.03476,3.73608
84040,1.0328,3.56197
84041,1.03091,3.43696
84042,1.03172,3.52115
84043,1.02806,3.2337
84044,1.02678,2.71243
84045,1.03275,3.1097
84046,1.02842,2.66487
84047,1.02668,2.44415
84048,1.02962,2.7814
84049,1.02668,2.38563
84050,1.02475,2.45788
84051,1.02311,2.17547
84052,1.02014,1.79681
84053,1.02036,1.98171
84054,1.02141,2.48102
84055,1.02362,2.1237
84056,1.02581,2.54483
84057,1.02839,2.89817
84058,1.02743,2.82829
84059,1.04212,4.19021
84060,1.04077,3.89338
84061,1.04314,4.3962
84062,1.03913,3.65446
84063,1.05003,4.95463
84064,1.04778,4.73706
84065,1.02428,2.82701
84066,1.02364,2.84429
84067,1.0318,3.43332
84068,1.03014,3.3358
84069,1.04413,4.92444
84070,1.03627,5.14078
84071,1.03758,4.71077
84072,1.04464,4.92701
84073,1.05377,6.06572
84074,1.04882,5.45869
84075,1.02477,3.06488
84076,1.02438,3.15905
84077,1.02105,2.29194
84078,1.00669,-7.35912
84079,0.993326,-9.48466
84080,1.01597,-6.44779
84081,1.00678,-8.20003
84082,1.00424,-8.28775
84083,1.00889,-7.8978
84084,1.01298,-7.47728
84085,1.01374,-7.52946
84086,1.01608,-6.46779
84087,1.01591,-6.68969
84088,1.01642,-8.43695
84089,1.06732,4.48945
84090,1.06526,4.15165
84091,1.06106,4.72724
84092,1.07191,5.0611
84093,1.072,4.7357
84094,1.07565,5.76864
84095,1.02455,-3.52417
84096,1.02969,-3.83798
84097,1.0348,-3.56658
84098,1.04131,-2.14196
84099,1.03451,-2.78402
84100,1.03204,-2.29569
84101,1.01735,-7.77905
84102,1.01659,-7.93115
84103,1.01715,-7.68737
84104,1.01135,-8.48121
84105,1.01636,-8.01806
84106,1.05566,6.02593
84107,1.03077,11.1035
84108,1.02849,10.7456
84109,1.02672,10.3678
84110,1.03321,11.1902
84111,1.03381,11.2009
84112,1.03626,11.4847
84113,1.03505,11.1096
84114,1.04649,11.2354
84115,1.05004,-0.678627
84116,1.04996,-1.16549
84117,1.04221,-2.34384
84118,1.0299,-5.04636
84119,1.03648,-3.45039
84120,1.03869,-2.80384
84121,1.04288,-2.32979
84122,1.04147,-2.9239
84123,1.02663,-4.73182
84124,0.973157,-4.66662
84125,0.974009,-4.77052
84126,0.977178,-3.39156
84127,0.970189,-4.85502
84128,0.971982,-4.78578
84129,0.972058,-4.61234
84130,0.967872,-5.05457
84131,0.963185,-4.42045
84132,0.969213,-3.88228
84133,0.98052,-2.70357
84134,0.960133,-3.24963
84135,0.963374,-3.99269
84136,0.966725,-3.85499
84137,0.960758,-4.03942
84138,0.962323,-2.12891
84139,0.956632,-3.67433
84140,0.960601,-1.78683
84141,0.9595,-2.09665
84142,0.952449,-0.836525
84143,0.952136,-1.24585
84144,0.959533,-3.1423
84145,0.955641,-1.92402
84146,0.953505,-2.32767
84147,0.96681,-3.26379
84148,0.964402,-3.50571
84149,0.976082,-4.49076
84150,1.08529,10.0152
84151,1.08578,9.95612
84152,1.08031,9.55071
84153,1.03053,-1.65521
84154,1.02962,-1.551
84155,1.03288,-1.52893
84156,1.03219,-1.39219
84157,1.02992,-4.45407
84158,1.03532,-2.36107
84159,1.03386,-1.89116
84160,1.04208,-1.60406
84161,1.04452,-0.219313
84162,1.03876,-1.22414
84163,1.01964,-5.06119
84164,1.01601,-5.55434
84165,1.00769,-6.27806
84166,1.00389,-7.44993
84167,1.02892,-7.0032
84168,1.01878,-8.59642
84169,1.02736,-7.19768
84170,1.02774,-7.24473
84171,1.03313,-6.99623
84172,1.0217,-7.87838
84173,1.02272,-7.8341
84174,1.02928,-7.30358
84175,1.02286,-7.83128
84176,1.03253,-6.72414
84177,1.02814,-7.35286
84178,1.03008,-6.76095
84179,1.01701,-8.01996
84180,1.01968,-8.13074
84181,1.02098,-7.6897
84182,1.02413,-7.6309
84183,1.02715,-7.43321
84184,1.01482,-8.75947
84185,1.01543,-9.0045
84186,1.01691,-8.61569
84187,1.01467,-9.04675
84188,1.01236,-9.28944
84189,1.01227,-9.23711
84190,1.0176,-8.08777
84191,1.03646,-6.33547
84192,0.967043,-8.59514
84193,0.97331,-7.81321
84194,0.981697,-7.21867
84195,0.976907,-7.5195
84196,0.980626,-7.43162
84197,0.979465,-7.44709
84198,0.978175,-7.61618
84199,0.971076,-8.26009
84200,0.977055,-7.75348
84201,0.978187,-7.57817
84202,0.971293,-8.35708
84203,0.981996,-8.07797
84204,0.983081,-7.4039
84205,0.979653,-7.76001
84206,0.984558,-4.59839
84207,0.996625,-5.63873
84208,0.987874,-6.41852
84209,0.967592,-7.70958
84210,0.972716,-7.71531
84211,0.978642,-7.19479
84212,0.966968,-8.02409
84213,0.966952,-8.77748
84214,0.992168,-7.05909
84215,0.986758,-7.85632
84216,0.989783,-7.15647
84217,0.987389,-7.74559
84218,0.973409,-8.60095
84219,0.972853,-8.66065
84220,0.967736,-8.573
84221,0.970678,-8.77214
84222,0.983028,-8.00897
84223,0.986266,-8.03631
84224,0.983335,-8.50317
84225,1.0014,-7.55064
84226,0.985694,-6.65283
84227,0.984554,-7.1778
84228,0.993549,-6.52058
84229,0.991829,-6.81291
84230,0.977768,-7.87679
84231,1.03951,-1.36575
84232,1.0341,-2.39068
84233,1.04469,-1.33518
84234,0.961776,-0.337875
84235,0.961654,0.36004
84236,0.962816,-0.271454
84237,0.962666,-0.316887
84238,0.963245,-0.83798
84239,0.962691,-0.846226
84240,0.961261,-0.796951
84241,0.964932,0.098942
84242,0.96502,0.490828
84243,0.966222,0.595785
84244,0.974122,2.22881
84245,0.962114,0.359588
84246,0.962731,0.544395
84247,0.96837,0.701158
84248,0.973644,0.718676
84249,0.969582,-0.0115192
84250,0.965418,-0.863611
84251,0.970719,-1.72668
84252,0.970264,-1.2172
84253,0.972493,1.44675
84254,0.961958,-0.475736
84255,1.02308,-7.52621
84256,1.01653,-8.84106
84257,1.01508,-9.21888
84258,1.00354,-9.91993
84259,1.01039,-8.94514
84260,1.0086,-9.13951
84261,1.01443,-8.40978
84262,1.0163,-7.66802
84263,1.00377,-10.3561
84264,1.00372,-10.343
84265,1.0012,-8.95245
84266,1.00448,-8.31
84267,1.00876,-8.33314
84268,1.09722,11.3382
84269,1.08978,10.0736
84270,1.09903,11.8661
84271,1.09684,12.0656
84272,1.01936,-6.317
84273,1.01662,-6.50182
84274,1.01966,-6.13226
84275,1.02207,-6.24823
84276,1.02204,-6.05423
84277,1.02649,-5.67265
84278,1.00617,-5.8126
84279,1.01473,-4.96359
84280,1.01568,-5.08456
84281,1.01068,-3.53953
84282,1.01962,-3.46665
84283,1.01665,-4.48608
84284,1.01296,-4.59797
84285,1.0104,-4.3571
84286,1.01089,-3.93437
84287,1.03255,-0.262913
84288,1.03052,-0.586566
84289,1.02971,-0.593345
84290,1.02831,-0.69675
84291,1.03213,-0.371931
84292,1.02989,-0.819273
84293,1.03174,-0.679758
84294,1.02819,-0.914939
84295,1.01643,-1.98188
84296,1.03218,-0.368189
84297,1.02773,-0.913833
84298,1.02881,-0.619799
84299,1.02968,-0.56676
84300,1.02699,-0.878048
84301,1.02696,-0.884915
84302,1.03502,0.0502058
84303,1.03216,-0.353615
84304,1.03064,-0.522914
84305,1.02946,-0.58614
84306,1.02904,-0.576076
84307,1.02885,-0.600473
84308,1.02854,-0.625683
84309,1.03008,-0.393001
84310,1.02786,-0.608317
84311,1.03115,-0.255423
84312,1.03189,-0.117166
84313,1.03124,-0.083571
84314,1.03264,0.0877398
84315,1.03232,-0.00802046
84316,1.03589,0.450424
84317,1.0416,1.28728
84318,1.04185,1.33971
84319,1.04174,1.53188
84320,1.03243,0.319982
84321,1.035,0.383182
84322,1.03982,0.898261
84323,1.04001,1.01973
84324,1.03846,0.795108
84325,1.04127,1.15792
84326,1.04253,1.54593
84327,1.04195,1.28674
84328,1.03944,1.03572
84329,1.02741,-0.87078
84330,1.03075,-0.481851
84331,1.02775,-0.740597
84332,1.03123,-0.409126
84333,1.02454,-1.68306
84334,1.0238,-1.67618
84335,1.02218,-1.94101
84336,1.02155,-1.77244
84337,1.02282,-1.72109
84338,1.026,-1.06373
84339,1.02566,-0.939922
84340,1.02615,-1.07683
84341,1.01896,-2.19064
84342,1.01988,-2.01647
84343,1.0136,-3.03619
84344,1.01821,-2.49332
84345,1.01341,-3.19221
84346,1.01086,-3.17498
84347,1.0181,-2.39011
84348,1.01702,-2.55267
84349,1.04118,1.32918
84350,1.03898,1.12857
84351,1.03326,-0.225461
84352,1.03054,-0.730603
84353,1.08641,8.01382
84354,1.02127,-8.19569
84355,1.02367,-6.20019
84356,1.05592,1.42592
84357,1.06197,3.208
84358,1.06838,3.57572
84359,1.06397,3.24508
84360,1.06753,3.89252
84361,1.06485,3.28554
84362,1.06512,3.39442
84363,1.0643,3.35478
84364,1.09189,10.3073
84365,1.09044,10.0752
84366,1.03195,-4.38922
84367,1.03132,-4.44338
84368,1.03034,-4.69557
84369,1.01667,-4.68443
84370,1.01502,-5.29831
84371,0.998705,-6.01
84372,1.03319,-4.26643
84373,1.02161,-8.45651
84374,1.05106,-5.12259
84375,1.03959,-6.73276
84376,1.05791,2.33643
84377,1.06687,4.24429
84378,1.05933,1.6537
84379,1.05417,1.35835
84380,1.0586,1.47818
84381,1.05949,1.68559
84382,1.05107,-0.350085
84383,1.0666,3.4801
84384,1.06172,2.94637
84385,1.0711,6.18984
84386,1.06047,4.93599
84387,0.984324,-8.96752
84388,0.959267,-5.17995
84389,0.968374,-5.5204
84390,0.959676,-4.52678
84391,0.963982,-3.68103
84392,0.979946,-7.41894
84393,0.975356,-6.59456
84394,0.986461,-7.58635
84395,0.9926,-7.35297
84396,0.989502,-7.74039
84397,0.988025,-6.36261
84398,0.985503,-7.12282
84399,0.989075,-6.36181
84400,0.988026,-7.81762
84401,0.996239,-5.39211
84402,0.997149,-5.99057
84403,1.03159,-1.28045
84404,1.0454,1.10041
84405,1.04638,2.03179
84406,1.04558,1.66009
84407,1.03838,0.457641
84408,1.04754,2.10105
84409,1.04562,1.70655
84410,1.01124,-6.81681
84411,1.02655,-6.91333
84412,1.02399,-7.51007
84413,1.02706,-7.33789
84414,1.02505,-7.37904
84415,1.0238,-7.63329
84416,1.02379,-7.99616
84417,1.02771,-6.86358
84418,1.0341,-4.94189
84419,1.03468,-5.59428
84420,1.02574,-7.93461
84421,1.02277,-8.08183
84422,1.01771,-8.22587
84423,1.02953,-6.24943
84424,1.03763,-3.84688
84425,1.02366,-7.49666
84426,1.06458,3.62395
84427,1.06474,3.66393
84428,1.06805,4.59648
84429,1.07094,4.57427
84430,1.06983,4.43953
84431,1.06732,4.14478
84432,1.06677,3.943
84433,1.06991,4.2583
84434,1.07099,4.14682
84435,1.02625,-5.51937
84436,1.02357,-6.25115
84437,1.00992,-6.52914
84438,1.00291,-7.97312
84439,1.00566,-7.89569
84440,1.01173,-8.07557
84441,1.08143,8.07398
84442,1.07977,8.15531
84443,1.08237,8.30621
84444,1.0937,10.817
84445,1.09178,10.457
84446,1.09038,10.2311
84447,1.08944,9.8559
84448,1.08766,9.51909
84449,1.088,9.59546
84450,1.08525,9.28815
84451,1.08458,9.28295
84452,0.995208,-9.16562
84453,0.99198,-9.85999
84454,0.999558,-9.42461
84455,1.0124,-5.75055
84456,1.0018,-6.22227
84457,1.00253,-6.18292
84458,1.00476,-5.96148
84459,0.993102,-4.23103
84460,1.0019,-3.37223
84461,0.9984,-4.00378
84462,0.996588,-4.06676
84463,0.993911,-4.24124
84464,1.00092,-3.3674
84465,0.987303,-0.319398
84466,0.985623,-0.756136
84467,1.00079,-6.555
84468,1.00022,-4.56132
84469,1.0051,-4.23849
84470,1.00607,-4.55509
84471,0.996942,-4.27455
84472,0.995872,-4.39854
84473,0.996205,-4.47826
84474,0.994739,-4.71745
84475,0.993366,-4.12208
84476,0.997612,-1.79531
84477,0.988667,-1.44203
84478,1.002,-2.39278
84479,1.00278,-4.77906
84480,1.00306,-3.48756
84481,0.999733,-4.06963
84482,1.0014,-4.73775
84483,1.00589,-3.8265
84484,1.00497,-4.29325
84485,1.00314,-4.19266
84486,1.00709,-3.89082
84487,1.00593,-4.27324
84488,1.01047,-4.2914
84489,1.01321,-3.40438
84490,1.00293,-4.32003
84491,0.985344,-9.31753
84492,0.991419,-8.77972
84493,0.994401,-6.92138
84494,0.994197,-7.64495
84495,0.995481,-6.78102
84496,0.996649,-7.33197
84497,0.99076,-7.86531
84498,0.994925,-6.82676
84499,0.99353,-7.72359
84500,0.994062,-8.76691
84501,0.992203,-9.07297
84502,0.994568,-7.6217
84503,0.994628,-8.09678
84504,0.991828,-8.94974
84505,0.992982,-8.59032
84506,0.994846,-7.51375
84507,0.99351,-8.49421
84508,0.991694,-8.87537
84509,0.99182,-8.72986
84510,0.98908,-9.42212
84511,0.994568,-7.52921
84512,0.993676,-8.48631
84513,0.990892,-8.38157
84514,0.994252,-8.73839
84515,0.992853,-8.82943
84516,0.993859,-9.15932
84517,0.986117,-9.3329
84518,0.988557,-8.93983
84519,0.989521,-9.02862
84520,0.988275,-9.01445
84521,0.983059,-9.59679
84522,0.989483,-8.50863
84523,0.988647,-8.38321
84524,0.98787,-8.68338
84525,0.989725,-8.47564
84526,0.989077,-8.38166
84527,0.982441,-9.25799
84528,0.994694,-5.81504
84529,0.993877,-7.51061
84530,0.995589,-7.46438
84531,0.997028,-7.17971
84532,0.999849,-7.60278
84533,0.999222,-8.67802
84534,0.993812,-9.1271
84535,0.99119,-9.29524
84536,0.992903,-9.15795
84537,0.990622,-7.71632
84538,0.991764,-8.17052
84539,0.987195,-8.69131
84540,0.980846,-10.0903
84541,0.99533,-6.42882
84542,0.989316,-8.59362
84543,0.990713,-9.27528
84544,0.989259,-8.71851
84545,0.969608,-3.59205
84546,0.968207,-3.77435
84547,0.964892,-4.0091
84548,0.966767,-3.75854
84549,0.962748,-4.10463
84550,0.962517,-4.25196
84551,0.961127,-4.38657
84552,0.960736,-4.28125
84553,0.959414,-4.59923
84554,0.951945,-3.71908
84555,0.957212,-1.76824
84556,0.959781,-1.46994
84557,0.976488,-2.90188
84558,0.974951,-3.05112
84559,0.97473,-4.20223
84560,0.971477,-3.56549
84561,0.962442,-3.64369
84562,0.960333,-4.40632
84563,0.96606,-3.91535
84564,0.965836,-1.72268
84565,1.02585,-0.874098
84566,1.01946,-2.59595
84567,1.02867,-0.467823
84568,1.02763,-0.348741
84569,1.02957,0.464997
84570,1.0444,2.89127
84571,1.03427,2.14992
84572,1.03618,3.2138
84573,1.01057,-6.40703
84574,1.02002,-5.60853
84575,1.03538,-3.7846
84576,1.03271,-4.35455
84577,1.02669,-4.70331
84578,1.02802,-5.28726
84579,1.02565,-6.90328
84580,1.02601,-6.7332
84581,1.09039,8.48648
84582,1.04412,2.04006
84583,1.04313,1.83764
84584,1.04162,1.47888
84585,1.03394,0.816531
84586,1.04155,1.96848
84587,1.03965,1.99033
84588,1.03412,1.43708
84589,1.03971,2.311
84590,1.03562,1.76748
84591,1.03098,1.34172
84592,1.02701,1.30162
84593,1.02041,1.90583
84594,1.01936,1.64627
84595,1.02326,1.72861
84596,1.01832,1.79811
84597,1.03944,2.66744
84598,1.04027,2.94291
84599,1.03586,0.967793
84600,1.08959,9.10574
84601,1.07985,7.38962
84602,1.075,7.72311
84603,1.07064,7.40235
84604,1.06256,7.47207
84605,1.08221,8.52422
84606,1.02547,-4.63843
84607,1.0245,-4.99576
84608,1.02416,-5.12432
84609,1.02711,-4.58385
84610,1.0271,-5.0303
84611,1.01934,-6.11225
84612,1.01851,-6.27007
84613,1.015,-6.43862
84614,1.02162,-5.42048
84615,1.02183,-5.45182
84616,1.02188,-7.04522
84617,1.02181,-6.88096
84618,1.01903,-7.05178
84619,1.00858,-7.92367
84620,1.01065,-7.24747
84621,1.01796,-4.97174
84622,1.01159,-8.07913
84623,0.996151,-8.41197
84624,1.01848,-7.96383
84625,1.02943,-7.16303
84626,0.985946,-7.72712
84627,0.984453,-8.02216
84628,0.983003,-8.51908
84629,0.997239,-6.44593
84630,0.990987,-7.12755
84631,1.01775,-4.80225
84632,1.00017,-7.6244
84633,1.00259,-8.03486
84634,0.99722,-7.41135
84635,1.00608,-6.88001
84636,1.00206,-6.97959
84637,0.989547,-7.89324
84638,0.995091,-8.95945
84639,1.00001,-9.82008
84640,1.00919,-8.02315
95338,1,0
