bus_id,Vm,Va_deg
1,0.999952,-29.9515
2,1.05238,-12.4018
3,0.968486,-30.259
4,1.04125,-31.0539
5,1.00988,-59.3064
6,1.03481,-13.0208
7,1.04484,-13.277
8,1.04986,-24.7158
9,1.03767,-35.0074
10,1.0328,-29.2362
11,1.0328,-29.2362
12,1.02088,-14.1093
13,1.08632,-3.52516
14,1.06434,-36.2941
15,1.03226,-16.8127
16,1.02682,-18.1775
17,1.03762,-30.0017
18,0.964856,-24.5444
19,1.02847,-23.5169
20,0.96557,-24.5816
21,1.00711,-19.3633
22,1.02738,-22.7549
23,1.05203,-29.2097
24,1.04338,-29.5023
25,1.07071,-26.6618
26,1.01184,-27.1441
27,1.04882,-22.1996
28,1.02402,-31.7347
29,1.03085,-21.1329
30,1.03542,-29.7138
31,1.05941,-26.6527
32,1.09504,-23.6361
33,1.07076,-23.2769
34,1.07911,-23.5135
35,1.05714,-19.0866
36,1.0405,-17.647
37,1.01974,-19.704
38,1.03287,-28.1087
39,1.01985,-44.1621
40,1.05709,-34.2777
41,1.06972,-31.2824
42,1.1305,-9.593
43,1.0472,-32.4687
44,1.02653,-55.2067
45,1.0107,-37.4562
46,1.05408,-28.2863
47,1.06349,-26.015
48,1.02995,-31.4426
49,1.02066,-22.2582
50,1.06303,-30.5986
51,1.05077,-25.5813
52,1.02581,-39.4719
53,1.00692,-33.729
54,1.02431,-20.7747
55,1.08431,-34.7962
56,1.07719,-31.2308
57,1.06296,-11.6412
58,1.08418,-34.813
59,0.989023,-28.229
60,1.02102,-21.2117
61,0.990846,-25.3332
62,1.0053,-21.4588
63,1.00542,-13.3716
64,1.06722,-23.7401
65,1.00215,-26.0083
66,1.02875,-26.5265
67,1.03915,-16.971
68,1.00465,-22.5704
69,1.04416,-60.0858
70,1.03267,-12.7934
71,1.03872,-34.2822
72,1.08889,-25.1996
73,1.08889,-25.1996
74,1.06743,-23.61
75,1.0461,-26.7947
76,1.07607,-10.1571
77,1.0017,-24.2576
78,1.03861,-15.4772
79,1.02751,-32.7977
80,1.05742,-32.5261
81,1.05744,-32.5261
82,1.02739,-22.147
83,1.05926,-32.1797
84,1.03159,-16.0022
85,1.0327,-14.572
86,1.01946,-47.2339
87,1.0303,-13.9922
88,1.05191,-19.4302
89,1.0417,-35.1749
90,0.965503,-25.114
91,0.964856,-24.5444
92,1.03534,-16.9269
93,0.978107,-25.8121
94,1.03413,-27.0444
95,1.01919,-39.1882
96,1.06089,-25.1558
97,1.05621,-12.98
98,1.0264,-27.2576
99,0.997728,-24.9898
100,1.01711,-31.5045
101,1.01742,-17.5949
102,1.05058,-12.0614
103,1.01486,-21.2797
104,1.04812,-18.3473
105,1.03467,-23.2625
106,1.04544,-28.0307
107,1.04773,-29.4105
108,1.0578,-29.9397
109,1.05698,-19.5245
110,1.03436,-16.3248
111,1.02978,-18.8476
112,1.01813,-32.8945
113,1.05145,-29.3155
114,1.05262,-30.6799
115,1.08633,-3.52525
116,1.08633,-3.52525
117,1.00873,-31.8072
118,1.04848,-26.4846
119,0.9848,-16.5671
120,1.06162,-29.0607
121,1.01745,-21.4378
122,1.01509,-22.2217
123,1.01261,-22.2895
124,1.02497,-27.3561
125,1.05236,-20.0634
126,1.03423,-13.4034
127,1.03263,-35.2569
128,1.05866,-9.42286
129,1.05996,-7.32126
130,1.07742,-7.51258
131,1.07495,-15.2679
132,1.05036,-11.3699
133,0.994997,-36.356
134,1.03729,-33.1372
135,1.08514,-34.6245
136,1.03837,-43.3229
137,1.02369,-15.7739
138,1.05907,-16.5659
139,1.03781,-4.18405
140,1.06797,-0.901551
141,1.08027,2.34626
142,0.993205,-27.7025
143,1.02208,-22.876
144,1.05233,-27.2568
145,1.06913,-23.4502
146,1.08369,-20.191
147,1.03652,-29.4642
148,1.04075,-19.9144
149,1.0317,-38.6733
150,1.05732,-27.1261
151,1.00882,-21.9862
152,1.00874,-20.7332
153,1.04983,-24.6804
154,1.06866,-21.2838
155,1.03399,-7.49613
156,1.00877,-21.9915
157,0.946825,-27.5655
158,0.978701,-25.3318
159,1.0437,-29.6094
160,1.04138,-21.914
161,1.04119,-21.918
162,1.03334,-24.8175
163,1.0144,-22.4314
164,1.0144,-22.4314
165,1.05769,-33.7656
166,1.03273,-38.1804
167,1.02751,-38.6975
168,1.05782,-33.7591
169,1.01418,-30.1199
170,1.03353,-35.1861
171,1.05512,-38.8186
172,1.0611,-34.338
173,1.0704,-25.6102
174,1.05862,-28.7829
175,1.04369,-6.23762
176,1.09996,-5.01643
177,1.08859,-31.8163
178,1.08859,-31.8163
179,1.03282,-35.2434
180,1.08859,-31.8163
181,1.04988,-15.9082
182,1.02434,-16.5439
183,1.02538,-28.7899
184,1.07112,-30.3637
185,0.984534,-28.6165
186,1.03137,-24.8784
187,1.05125,-9.20768
188,1.08044,-7.3644
189,1.02487,-13.9731
190,0.963669,-25.7718
191,1.01459,-29.9015
192,1.05898,-12.7029
193,1.05167,-29.846
194,1.05875,-12.2616
195,1.06362,-33.2271
196,1.06362,-33.2272
197,1.00369,-22.7077
198,1.01451,-16.1459
199,1.01796,-45.8732
200,1.07251,-13.1063
201,1.03071,-23.6714
202,1.01795,-27.4965
203,1.07213,-23.7265
204,1.07758,-19.6983
205,1.09568,-16.0466
206,1.02992,-24.6886
207,0.997751,-10.8731
208,1.04145,-30.367
209,1.04736,-17.1293
210,1.0245,-13.7785
211,1.02442,-13.6467
212,1.07024,-13.5824
213,1.07013,-13.5705
214,1.05702,-39.4106
215,1.05863,-35.3655
216,0.999417,-21.515
217,0.998499,-33.5918
218,1.02415,-20.7661
219,1.04367,-26.9788
220,1.00737,-12.8924
221,1.02651,-16.0599
222,1.0691,-12.0079
223,1.02759,-17.4298
224,1.09991,-5.01545
225,1.08121,-13.0333
226,1.08035,-13.0257
227,1.00596,-62.8565
228,1.00186,-63.4009
229,1.05543,-11.8608
230,1.08252,-13.34
231,1.01578,-29.209
232,1.04684,-14.0249
233,1.04451,-24.8709
234,1.04451,-24.8709
235,1.05353,-21.1605
236,1.04592,-29.9023
237,1.05139,-27.4229
238,1.04877,-28.3865
239,1.02784,-64.1706
240,1.03867,-15.4734
241,0.989617,-23.2702
242,1.02289,-23.6547
243,1.0125,-18.8958
244,1.03317,-12.1041
245,1.02479,-23.4501
246,1.03132,-24.7843
247,1.06417,-23.2028
248,1.07597,-31.4843
249,1.02863,-17.9148
250,1.00354,-32.413
251,1.02415,-37.5043
252,1.02988,-25.6543
253,1.03026,-27.7631
254,1.02811,-31.5607
255,1.01883,-19.3889
256,1.06162,-11.2036
257,1.07612,-13.0488
258,1.06553,-6.0695
259,1.0355,-24.7539
260,1.06507,-22.4953
261,1.02538,-17.8032
262,1.04264,-21.1159
263,1.03522,-22.5718
264,1.03879,-17.4046
265,1.00034,-34.7302
266,1.07126,-31.4613
267,1.05645,-32.7114
268,1.01755,-14.6786
269,1.01136,-23.4806
270,1.07329,-8.75265
271,1.07328,-8.7532
272,1.05366,-13.8006
273,1.07022,-9.55771
274,1.0594,-28.6791
275,1.06368,-28.6417
276,1.07792,-22.5108
277,1.03346,-31.6827
278,1.06339,-28.7023
279,1.01476,-38.6334
280,1.03769,-38.66
281,1.02314,-24.5004
282,1.03132,-24.7843
283,1.01797,-39.4576
284,1.02516,-12.5002
285,1.0781,-31.0588
286,1.07792,-31.0737
287,1.03414,-27.956
288,1.03126,-31.5923
289,1.01732,-10.0287
290,1.04102,-22.9818
291,1.01786,-16.7494
292,1.03204,-21.1215
293,1.03209,-21.1183
294,1.00649,-27.8918
295,1.04767,-23.8785
296,1.02928,-24.5931
297,0.993811,-24.4972
298,1.03347,-11.1476
299,1.07302,-21.2079
300,1.07673,-18.4132
301,1.00648,-11.6955
302,1.01437,-19.0082
303,0.97473,-25.5524
304,1.02484,-21.1966
305,1.04189,-17.9814
306,1.02149,-24.9071
307,1.00107,-46.7075
308,1.0362,-15.2424
309,1.05568,-27.5905
310,1.05583,-27.6189
311,0.981189,-31.5669
312,1.02429,-16.6759
313,1.0353,-18.4371
314,1.06742,-14.5847
315,1.07015,-30.5276
316,1.02819,-20.6798
317,1.05788,-13.7237
318,1.01832,-34.5766
319,1.03381,-17.2403
320,1.04509,-26.3773
321,1.03709,-15.3718
322,1.02765,-6.462
323,1.0657,-6.41439
324,1.0503,-12.7179
325,1.01502,-20.8816
326,1.0593,-15.8561
327,1.06459,-12.6862
328,1.03661,-16.9876
329,1.04993,-27.2849
330,1.0589,-17.7211
331,1.07474,-13.2918
332,1.00378,-32.2688
333,1.01564,-21.2256
334,1.03891,-59.6928
335,1.03343,-18.95
336,1.05785,-11.8362
337,1.04475,-16.5463
338,1.06763,-10.7303
339,1.03379,-18.8227
340,1.03966,-26.1114
341,1.06517,-16.0086
342,1.03065,-22.0427
343,1.03992,-19.9025
344,1.01597,-15.572
345,1.03713,-30.9875
346,1.0636,-5.32001
347,1.05578,-28.5358
348,1.05665,-28.8996
349,1.10313,-17.469
350,1.10303,-17.5442
351,1.07263,-12.8286
352,1.06618,-31.4486
353,1.00874,-36.1964
354,1.03099,-8.12187
355,1.04948,-17.9334
356,1.01737,-18.9416
357,0.992831,-24.8883
358,1.01781,-18.9126
359,1.03886,-22.7461
360,1.04571,-14.5843
361,1.0729,-10.1328
362,1.07755,-9.91888
363,1.07096,-25.6195
364,1.05745,-32.5817
365,1.05807,-26.9054
366,1.08085,-23.6433
367,1.04133,-17.6293
368,1.05813,-19.0915
369,1.08465,-34.7706
370,1.03576,-33.356
371,1.00529,-13.42
372,1.03102,-17.3051
373,1.08449,-34.7848
374,0.988748,-61.283
375,1.00936,-40.2737
376,1.02061,-47.1948
377,1.01377,-21.8133
378,1.04868,-19.3354
379,1.05926,-14.6539
380,1.07038,-12.6152
381,1.02677,-37.7192
382,1.01137,-19.8939
383,1.01981,-22.0789
384,1.00231,-24.5896
385,0.974184,-15.5479
386,1.07502,-13.1574
387,1.0443,-9.82917
388,1.04562,-27.7088
389,1.0273,-18.7746
390,1.05087,-13.8815
391,1.05019,-16.9644
392,1.02746,-25.4851
393,1.02736,-20.8705
394,1.03219,-18.2806
395,1.03229,-18.2743
396,1.03052,-20.1546
397,1.02899,-18.4806
398,1.01862,-39.3407
399,1.0693,-11.2132
400,1.03733,-19.487
401,1.04537,-19.8272
402,0.997903,-25.6743
403,1.05219,-23.0006
404,1.06054,-27.4078
405,1.00228,-23.4774
406,1.02145,-28.5258
407,1.02556,-33.5239
408,1.05362,-26.2783
409,0.992064,-21.5314
410,1.0227,-42.3798
411,1.01835,-31.4095
412,0.996501,-23.4809
413,1.03091,-60.0571
414,1.02425,-30.1351
415,1.02412,-32.4965
416,1.05865,-33.6148
417,1.04013,-21.8432
418,1.03444,-32.6898
419,1.04633,-25.5759
420,1.04999,-25.1328
421,1.03263,-34.4597
422,1.05678,-11.4242
423,1.07937,-8.64411
424,1.02498,-17.5641
425,1.05927,-13.9303
426,1.03394,-34.1389
427,1.06021,-27.9181
428,1.03201,-52.0238
429,1.05221,-17.0266
430,1.06973,-31.2769
431,1.04859,-16.3076
432,1.02378,-34.4525
433,1.00888,-34.4237
434,1.02131,-17.7224
435,1.02743,-24.9441
436,1.02067,-13.2324
437,1.03339,-22.8934
438,1.00505,-35.5902
439,0.987695,-28.317
440,1.02989,-23.3269
441,1.02891,-21.0794
442,1.03557,-12.6114
443,1.06395,-27.3863
444,1.07006,-27.799
445,1.07353,-29.3467
446,1.02469,-24.1925
447,1.01068,-6.94543
448,1.03053,-12.2356
449,1.09499,-8.53004
450,1.08494,-7.57962
451,1.01583,-17.3203
452,1.06577,-54.1444
453,1.06203,-48.9695
454,1.0396,-15.5508
455,1.04726,-27.6796
456,1.0466,-27.7367
457,0.970148,-29.5143
458,1.05124,-27.9877
459,1.04711,-24.8952
460,1.04012,-11.7166
461,1.01153,-19.349
462,1.04575,-59.3724
463,1.01056,-24.386
464,1.17644,-16.5351
465,1.0475,-27.1911
466,1.03114,-43.6834
467,0.993289,-34.9921
468,1.02751,-39.8077
469,1.05958,-14.6546
470,1.04549,-33.8827
471,1.05798,-30.0936
472,1.09549,-16.787
473,1.09546,-16.7874
474,1.01087,-37.7239
475,1.01349,-21.9144
476,1.01108,-22.4136
477,1.00369,-22.337
478,1.0123,-24.8363
479,1.03285,-24.6145
480,1.04108,-19.8758
481,1.03676,-16.2137
482,0.982256,-24.3941
483,1.03343,-16.5719
484,1.02998,-28.748
485,0.997282,-52.7604
486,1.03762,-19.3296
487,1.01733,-43.1363
488,1.04311,-19.9595
489,1.00256,-30.2771
490,1.06966,-26.2248
491,1.07696,-8.55771
492,1.01678,-19.8517
493,1.09697,-5.71682
494,1.09388,-5.65562
495,1.09394,-5.64677
496,1.09389,-5.6441
497,1.0939,-5.64044
498,1.04029,-18.9913
499,1.09606,-8.41236
500,1.09622,-8.37363
501,1.08572,-7.47074
502,1.02998,-34.5556
503,1.05654,-30.4491
504,1.0471,-29.751
505,1.05845,-25.6356
506,1.03372,-47.0707
507,1.01126,-28.0529
508,1.03962,-28.612
509,1.05222,-36.9853
510,1.017,-35.1151
511,1.04773,-29.3578
512,0.945378,-25.1764
513,1.0125,-25.1764
514,1.09137,-18.9859
515,1.01514,-32.6451
516,0.992497,-30.8789
517,1.02359,-23.1158
518,0.979441,-15.2254
519,0.986301,-30.3762
520,1.01695,-28.6398
521,1.02082,-20.7859
522,1.02074,-20.3855
523,1.0351,-15.4275
524,1.04814,-10.0864
525,1.05688,-39.4164
526,1.03079,-8.92247
527,1.06735,-4.83784
528,1.01964,-22.6821
529,1.01954,-22.6932
530,1.06349,-26.9445
531,1.02341,-34.768
532,1.02338,-34.7722
533,1.01298,-33.9264
534,1.01374,-33.9601
535,1.03754,-24.1877
536,1.04791,-19.1738
537,1.0314,-32.4814
538,1.03462,-30.4202
539,1.01713,-42.4455
540,1.0427,-17.7093
541,1.01492,-18.8928
542,1.03487,-16.2147
543,1.03482,-16.2201
544,1.04047,-36.5634
545,1.05889,-33.5847
546,1.04008,-15.4379
547,1.03049,-16.8877
548,1.03881,-6.49315
549,1.01509,-24.2513
550,1.03581,-15.6527
551,1.02527,-16.3537
552,1.01745,-32.3485
553,1.00768,-39.9487
554,1.03855,-13.3162
555,1.06858,-7.99924
556,1.06858,-7.99926
557,1.0682,-14.5009
558,1.07474,-28.4511
559,1.02293,-20.3699
560,0.999454,-32.9116
561,1.04846,-11.7576
562,1.01634,-41.123
563,1.00123,-10.5054
564,1.04386,-6.30575
565,1.01253,-26.6986
566,1.02346,-48.8028
567,1.03454,-8.80825
568,1.02822,-19.7773
569,1.02654,-17.0138
570,1.00109,-16.7004
571,1.01679,-21.6889
572,1.01204,-19.6968
573,1.00369,-22.7077
574,1.02091,-24.7699
575,1.01691,-19.6536
576,1.04448,-25.5241
577,1.06379,-14.8995
578,1.03044,-18.3268
579,1.07669,-16.853
580,1.07655,-16.864
581,1.07796,-11.5698
582,1.07637,-8.75815
583,1.03487,-34.1402
584,1.03624,-20.2142
585,0.988262,-17.6932
586,1.05498,-28.828
587,1.01262,-18.114
588,1.05446,-24.6806
589,1.00598,-19.3156
590,1.07761,-18.2393
591,1.02887,-48.8775
592,1.03336,-32.8235
593,1.05012,-9.60282
594,1.09697,-5.71676
595,1.09366,-5.71768
596,1.03305,-45.1498
597,1.03184,-27.7892
598,1.06435,-24.1273
599,1.00531,-32.9457
600,0.983999,-28.0673
601,0.99304,-22.6532
602,1.04482,-13.7386
603,1.07476,-12.9961
604,1.0508,-52.423
605,1.0508,-52.423
606,1.0508,-52.4232
607,1.03445,-56.2879
608,1.05079,-52.4229
609,1.00867,-35.2378
610,1.07337,-14.739
611,1.03992,-16.5187
612,0.989876,-30.6887
613,1.00816,-35.1867
614,0.993261,-24.7328
615,1.03711,-23.9403
616,1.06517,-7.66982
617,1.06758,-6.30434
618,1.02302,-38.6326
619,1.02152,-38.6881
620,1.03387,-34.1282
621,1.03389,-34.1299
622,1.04163,-30.2023
623,1.04364,-30.4013
624,1.08889,-25.5465
625,1.01821,-58.8567
626,1.01907,-16.3691
627,0.991654,-18.5105
628,1.05635,-17.4716
629,1.05443,-24.5334
630,1.02452,-32.973
631,1.05775,-32.366
632,1.0581,-32.2655
633,1.05301,-19.7808
634,1.01145,-61.6216
635,1.00261,-24.1551
636,1.02918,-15.5232
637,1.00992,-19.5535
638,1.03664,-24.6814
639,1.03112,-43.6855
640,1.07709,-18.3979
641,1.07672,-6.97696
642,1.07672,-6.97696
643,1.07695,-6.97992
644,1.07672,-6.97696
645,1.07695,-6.96688
646,1.05767,-3.45605
647,1.03272,-24.6445
648,0.98882,-15.3392
649,1.0128,-19.1176
650,1.01046,-19.2554
651,1.03654,-32.3464
652,1.00258,-22.4597
653,1.04547,-14.7098
654,1.04035,-28.371
655,1.04624,-21.3824
656,1.01517,-43.6144
657,1.05712,-10.1374
658,1.0455,-19.6283
659,1.06397,-14.8698
660,1.02553,-21.8688
661,1.02558,-29.6448
662,1.05682,-25.8082
663,1.05724,-16.4458
664,1.01782,-37.365
665,1.0345,-11.471
666,0.996965,-49.5486
667,1.03447,-18.6779
668,1.03643,-24.4583
669,1.05876,-8.66516
670,1.05786,-8.76934
671,1.05876,-8.66886
672,1.05785,-8.77955
673,1.02835,-23.9169
674,1.05325,-21.6004
675,1.01685,-22.7737
676,1.03618,-28.9839
677,1.03576,-18.6656
678,1.01715,-27.7914
679,1.04872,-23.3978
680,1.00326,-24.0885
681,1.02651,-22.6331
682,1.05332,-43.8575
683,1.05285,-39.6886
684,0.989079,-47.0221
685,1.03029,-23.3427
686,1.02529,-39.8182
687,1.02948,-11.1477
688,1.00533,-39.2092
689,0.971502,-27.7054
690,1.07493,-9.94739
691,0.973432,-26.9189
692,1.07494,-9.9656
693,1.02197,-36.4915
694,1.03073,-24.7153
695,1.03853,-18.3613
696,1.05456,-32.994
697,0.99433,-22.7581
698,1.07524,-9.47606
699,1.07524,-9.47606
700,1.04688,-30.6342
701,1.05385,-26.471
702,1.03489,-3.86262
703,1.03489,-3.86262
704,1.03041,-4.47201
705,1.03282,-6.99534
706,1.02967,-7.62985
707,1.01942,-38.1201
708,1.01805,-39.5441
709,1.04306,-35.3212
710,0.969223,-27.4614
711,1.00263,-29.2211
712,1.04648,-28.0993
713,1.04646,-28.1014
714,1.04647,-28.1032
715,1.03467,-31.2988
716,1.04362,-33.9346
717,1.0465,-28.0905
718,1.02397,-26.574
719,1.03965,-17.2723
720,1.07642,-12.1569
721,0.983504,-34.811
722,1.04049,-22.0234
723,0.982734,-35.1493
724,1.02949,-43.5274
725,1.00604,-15.5617
726,1.07142,-20.6701
727,1.0225,-16.9865
728,1.01166,-18.8632
729,0.989618,-32.9582
730,1.03292,-28.0898
731,1.05637,-28.3025
732,1.04362,-24.9962
733,1.00034,-34.7301
734,0.999998,-34.3293
735,0.997953,-34.3678
736,1.02175,-28.7428
737,1.02006,-51.5196
738,1.02336,-16.4663
739,1.00886,-16.3959
740,1.07011,-28.2056
741,1.0426,-31.1225
742,1.04483,-13.7389
743,1.0714,-29.3793
744,1.07124,-31.3379
745,1.03223,-31.8532
746,1.03327,-31.8742
747,0.997799,-25.3815
748,1.02719,-22.7219
749,1.04588,-13.9882
750,1.0439,-13.6979
751,1.01006,-41.1871
752,1.01506,-53.2451
753,1.01729,-43.139
754,1.03295,-15.6671
755,1.02238,-22.5201
756,1.03132,-24.7843
757,1.00135,-25.2718
758,1.03561,-18.5628
759,1.04393,-27.7812
760,1.04594,-25.7686
761,1.02644,-10.8118
762,1.07076,-31.6526
763,1.06257,-23.5301
764,1.06257,-23.5301
765,1.06349,-19.6067
766,1.0617,-19.1497
767,0.569967,-24.7576
768,1.03562,-24.7576
769,1.02443,-14.8755
770,0.993397,-33.129
771,1.03522,-17.6206
772,1.04252,-26.7324
773,1.01809,-47.671
774,1.05351,-41.4015
775,1.04092,-16.1292
776,1.04092,-16.1292
777,1.04092,-16.1292
778,1.03988,-16.1292
779,1.0217,-19.8626
780,1.07473,-29.0606
781,1.02558,-14.9035
782,1.07848,-10.1196
783,1.04411,-46.39
784,1.04416,-46.3823
785,1.04441,-46.3675
786,1.01798,-29.2778
787,1.02806,-18.6831
788,1.07487,-15.2827
789,1.07322,-15.9049
790,1.06298,-28.6189
791,1.02878,-12.9166
792,1.03375,-12.0534
793,1.03272,-12.0534
794,1.02775,-12.9166
795,1.02642,-8.70523
796,1.08098,-3.21451
797,0.975367,-29.6465
798,1.03279,-24.5304
799,1.02966,-24.6611
800,1.02253,-25.8463
801,1.03606,-20.5243
802,1.01703,-58.7884
803,1.02595,-22.2915
804,1.02071,-26.6107
805,1.05196,-19.0939
806,1.02496,-6.75086
807,1.02504,-5.65733
808,1.02362,-6.98706
809,1.02805,-8.08759
810,1.02704,-8.32731
811,1.06198,-21.0008
812,1.02199,-13.9244
813,1.0838,-12.1629
814,1.08436,-12.1064
815,1.04988,-29.4867
816,0.996531,-20.4907
817,1.07561,-14.1882
818,1.04356,-28.167
819,1.03357,-14.5554
820,1.05833,-9.17735
821,1.06349,-6.34673
822,1.07168,-31.067
823,1.01743,-58.827
824,1.02344,-24.4678
825,1.02326,-24.4969
826,1.07331,-15.837
827,1.07395,-15.7969
828,1.07715,-28.5106
829,1.05068,-20.8632
830,1.01471,-13.2499
831,1.02606,-15.0651
832,1.0601,-50.7879
833,1.05852,-45.9324
834,1.06906,-24.2261
835,1.03793,-15.1009
836,0.987715,-24.5644
837,1.02719,-13.5355
838,1.06147,-11.0239
839,1.04817,-34.165
840,1.02742,-29.0854
841,1.02363,-11.0309
842,1.05114,-9.20502
843,1.05104,-9.20233
844,1.03749,-24.7993
845,1.01838,-17.8126
846,1.07136,-29.2229
847,1.05558,-14.3135
848,1.04923,-28.2354
849,1.02364,-24.478
850,0.992954,-20.9852
851,1.02131,-33.6304
852,1.02185,-33.7045
853,1.02294,-33.603
854,1.06935,-11.2128
855,1.08094,-7.65173
856,1.08006,-5.6922
857,1.02865,-24.0004
858,1.04344,-20.5176
859,1.02409,-11.4769
860,1.01013,-33.127
861,1.03166,-47.2475
862,1.03768,-20.1829
863,1.05341,-14.7665
864,1.08463,-34.7742
865,1.03583,-33.3503
866,1.02303,-61.3739
867,1.06685,-23.6016
868,1.06685,-23.6016
869,1.04565,-10.7061
870,1.04515,-10.8355
871,1.04244,-12.1188
872,1.00434,-32.3722
873,1.02532,-29.5335
874,1.02087,-31.5347
875,1.04077,-18.5984
876,1.03904,-18.691
877,1.0734,-30.7205
878,1.05749,-13.5929
879,1.03059,-47.6117
880,1.04015,-27.5214
881,1.03929,-27.5397
882,1.06767,-30.5768
883,1.06727,-30.5947
884,1.00909,-34.4181
885,1.01509,-34.86
886,1.04708,-30.8018
887,1.05144,-29.5909
888,1.04099,-28.387
889,1.03381,-60.6617
890,1.0284,-17.2101
891,0.997479,-22.3514
892,1.06363,-31.9347
893,1.06431,-31.8821
894,0.993788,-10.2713
895,1.06313,-15.2266
896,1.0268,-13.4815
897,1.0432,-23.1114
898,1.01473,-29.889
899,1.0172,-35.0085
900,1.07976,-2.08283
901,1.07017,-5.39422
902,1.11444,-1.61446
903,1.11451,-3.77283
904,1.02559,-14.9037
905,1.02376,-14.9893
906,1.04967,-31.3064
907,1.04241,-26.7248
908,1.05347,-30.3878
909,1.01497,-29.7398
910,1.05671,-32.6139
911,1.05379,-13.8045
912,1.05564,-37.1081
913,1.05155,-14.6249
914,1.00746,-35.8504
915,1.04585,-14.2259
916,1.0328,-35.2438
917,1.03273,-35.2544
918,0.999244,-25.0842
919,1.08541,-8.46581
920,1.08553,-8.99461
921,1.09607,-8.831
922,1.01275,-21.4582
923,1.07114,-29.5087
924,1.02956,-16.0951
925,1.03622,-19.1305
926,1.0266,-8.74178
927,1.03626,-20.4855
928,1.02723,-28.1358
929,1.06974,-24.047
930,1.0386,-23.2735
931,1.03782,-25.9867
932,1.05346,-21.0159
933,1.02693,-19.0545
934,1.04058,-16.9629
935,1.00591,-23.1887
936,1.05572,-32.2635
937,1.08121,-32.3027
938,1.08267,-32.4643
939,1.07259,-26.9357
940,1.0726,-26.8993
941,1.02481,-43.2732
942,1.03597,-22.5239
943,1.0212,-19.4131
944,1.05197,-19.1007
945,1.00978,-13.0579
946,1.02081,-42.274
947,1.03302,-32.0157
948,1.02839,-32.9946
949,1.00388,-21.669
950,1.0388,-20.7244
951,1.01894,-45.2173
952,1.0137,-19.4703
953,1.04441,-46.3675
954,1.07291,-41.2382
955,1.03341,-7.27173
956,1.01251,-31.947
957,0.999492,-29.6626
958,1.02862,-15.8804
959,1.05516,-8.6144
960,1.02079,-23.1149
961,1.02079,-23.0882
962,0.98479,-34.6263
963,1.0244,-25.638
964,1.00439,-35.3629
965,1.04117,-26.6984
966,1.07006,-21.4885
967,1.07975,-18.6609
968,1.07977,-18.658
969,1.01048,-31.1323
970,1.03473,-19.6024
971,1.03696,-19.6598
972,1.02265,-50.6327
973,1.01452,-30.6563
974,1.03587,-22.9524
975,1.02181,-20.6894
976,1.04108,-19.8767
977,1.05184,-31.4059
978,1.0612,-8.47595
979,1.03007,-33.6113
980,1.07062,-25.7952
981,1.02485,-19.8813
982,1.06268,-15.8586
983,1.07126,-26.2975
984,1.04127,-45.0361
985,1.01465,-20.7987
986,1.01885,-33.8148
987,1.02171,-25.9923
988,1.05339,-31.0856
989,1.07717,-27.1384
990,1.00406,-25.5295
991,1.03559,-24.5481
992,0.993498,-28.4685
993,1.03514,-32.6412
994,1.08841,-31.8477
995,1.08833,-31.9046
996,0.999145,-28.3588
997,1.04442,-20.1878
998,1.01759,-33.8336
999,1.00059,-30.8015
1000,0.948512,-13.0764
1001,0.991922,-15.0976
1002,1.02777,-12.3414
1003,1.05096,-8.45191
1004,1.03745,-35.0774
1005,1.01903,-19.1466
1006,1.02296,-15.9415
1007,1.0719,-6.14967
1008,1.0647,-8.42031
1009,1.00376,-32.6477
1010,1.02262,-36.3543
1011,1.01293,-21.2739
1012,1.06824,-30.9877
1013,1.05396,-30.6177
1014,1.03101,-19.1025
1015,1.03688,-47.1231
1016,1.06516,-27.3475
1017,1.06348,-24.4093
1018,1.06568,-27.357
1019,1.04323,-29.5317
1020,0.996228,-23.1314
1021,1.01389,-21.6962
1022,1.01115,-31.1577
1023,1.0562,-25.1017
1024,1.05621,-25.1006
1025,1.02014,-29.5317
1026,0.999824,-29.9294
1027,0.999814,-29.9277
1028,0.999814,-29.9277
1029,0.99918,-24.8833
1030,1.0219,-44.917
1031,1.07763,-29.4224
1032,1.07768,-29.423
1033,1.05121,-29.4202
1034,1.04903,-17.7504
1035,1.07236,-30.2025
1036,1.07137,-30.3455
1037,1.0435,-39.6195
1038,1.02891,-31.2286
1039,1.04916,-25.5055
1040,1.0644,-22.7964
1041,1.07995,-19.2459
1042,1.06505,-22.668
1043,0.987337,-15.9933
1044,1.06473,-22.7322
1045,1.03675,-46.9039
1046,1.04098,-47.022
1047,1.07314,-41.4323
1048,1.02157,-43.2635
1049,1.04029,-28.7331
1050,1.07261,-19.795
1051,1.08662,-32.0655
1052,1.06985,-31.1965
1053,1.04307,-30.4988
1054,1.05712,-15.819
1055,0.997708,-14.6108
1056,1.00885,-25.0672
1057,1.07817,-22.465
1058,1.02764,-32.4028
1059,1.03031,-32.1053
1060,1.07801,-22.4645
1061,1.07801,-22.4644
1062,1.07412,-25.167
1063,1.02578,-41.9558
1064,1.04711,-37.3559
1065,1.02694,-11.72
1066,1.03147,-0.403806
1067,1.03123,-0.720234
1068,0.998637,-12.8514
1069,1.00836,-9.73717
1070,1.02549,-32.5723
1071,1.03392,-7.49443
1072,1.01634,-24.2442
1073,1.01816,-21.9938
1074,1.02053,-27.8424
1075,1.00156,-21.2858
1076,1.0547,-28.6649
1077,1.06186,-23.6163
1078,1.0539,-18.2626
1079,1.08157,-14.8771
1080,1.07145,-7.42492
1081,1.07132,-7.45059
1082,1.00874,-33.4053
1083,0.988456,-16.111
1084,1.00499,-23.3975
1085,1.06283,-27.0547
1086,1.06142,-23.2252
1087,1.01379,-21.1999
1088,1.01868,-24.5668
1089,1.06293,-9.96432
1090,0.99202,-32.1053
1091,1.00856,-61.5153
1092,1.05544,-30.2836
1093,1.07654,-27.3591
1094,1.02572,-39.9822
1095,0.991147,-36.9163
1096,1.03239,-23.4493
1097,1.03202,-23.467
1098,1.01842,-17.4913
1099,0.984927,-27.1558
1100,1.07047,-26.7344
1101,1.05519,-28.7913
1102,1.04068,-47.0744
1103,1.03389,-47.8469
1104,1.03614,-46.9489
1105,1.04055,-47.0647
1106,1.02055,-32.8935
1107,1.02782,-17.1731
1108,1.02417,-58.1878
1109,1.05429,-19.3185
1110,1.04367,-9.61194
1111,1.0329,-25.6465
1112,1.0478,-37.8917
1113,1.0688,-3.03738
1114,1.06381,-6.29709
1115,1.067,-26.8629
1116,1.05773,-19.6779
1117,1.05941,-13.0415
1118,1.02663,-31.4985
1119,1.01044,-21.9149
1120,1.0414,-19.223
1121,1.0345,-20.3423
1122,1.05756,-12.6846
1123,1.00922,-30.9362
1124,1.08834,-31.9011
1125,1.043,-27.1253
1126,1.00674,-22.4127
1127,1.00961,-22.0686
1128,1.05172,-19.9316
1129,1.02324,-13.7021
1130,1.04021,-19.1092
1131,1.0177,-26.7658
1132,1.03067,-8.91926
1133,0.993397,-44.1881
1134,1.01607,-13.3534
1135,1.03288,-41.1437
1136,1.05446,-37.1643
1137,1.00969,-35.3488
1138,1.03338,-18.9443
1139,1.04656,-23.3387
1140,1.01898,-20.9031
1141,1.02181,-32.6305
1142,1.01941,-32.7078
1143,1.0412,-29.4387
1144,1.03177,-17.821
1145,1.03775,-14.1805
1146,1.03852,-58.6305
1147,1.05051,-53.8523
1148,1.07456,-15.5846
1149,1.00459,-24.0994
1150,1.05739,-18.6883
1151,1.06544,-9.61651
1152,1.00656,-22.3048
1153,0.998784,-27.8332
1154,1.00293,-42.2332
1155,1.02593,-17.8518
1156,1.0602,-27.9143
1157,1.05637,-27.8488
1158,1.07756,-24.6232
1159,1.00407,-32.3666
1160,0.992002,-26.0569
1161,1.06396,-31.8974
1162,1.05048,-29.476
1163,1.05062,-29.4494
1164,1.05718,-34.0079
1165,1.05333,-32.9248
1166,1.05774,-33.9645
1167,1.07695,-29.2631
1168,1.01877,-33.8697
1169,1.01646,-32.9181
1170,0.963669,-25.7718
1171,1.01879,-25.6588
1172,1.01695,-25.9104
1173,1.03411,-23.3296
1174,1.02637,-38.4866
1175,1.05035,-33.7059
1176,1.08037,-39.4698
1177,1.0819,-39.2395
1178,1.08167,-39.3859
1179,1.06934,-36.5102
1180,1.05115,-17.9846
1181,1.07477,-8.02946
1182,1.03397,-40.3541
1183,1.06245,-28.2265
1184,1.02866,-26.254
1185,1.0252,-26.3914
1186,0.98554,-34.1328
1187,1.08799,-31.8919
1188,1.06957,-31.2806
1189,1.01123,-19.8574
1190,1.08512,-34.5627
1191,0.976545,-26.2992
1192,1.06245,-28.2263
1193,1.03054,-31.1981
1194,1.03681,-29.5735
1195,1.02084,-28.0686
1196,1.06303,-23.9036
1197,1.06278,-24.0287
1198,1.06005,-20.0405
1199,1.08038,-39.4699
1200,1.06935,-36.5104
1201,0.997989,-19.4881
1202,1.0401,-35.159
1203,1.07828,-30.7516
1204,1.01684,-19.0542
1205,1.00438,-20.5844
1206,1.05339,-31.0855
1207,1.07797,-30.7922
1208,1.01132,-28.9692
1209,1.05018,-25.0799
1210,1.07309,-21.2087
1211,1.05972,-25.3821
1212,1.06081,-21.3923
1213,1.02585,-31.6166
1214,1.01281,-36.2061
1215,1.07937,-6.33332
1216,1.08889,-9.69874
1217,1.03469,-17.1493
1218,1.01542,-10.3606
1219,1.10373,0.989851
1220,1.01768,-23.4523
1221,1.05966,-23.9674
1222,1.03805,-37.4816
1223,1.02794,-21.9576
1224,1.0291,-25.6699
1225,1.03438,-39.7609
1226,1.05138,-37.4652
1227,1.02262,-10.3686
1228,1.03614,-30.9123
1229,1.02366,-43.0293
1230,1.05533,-37.9161
1231,1.04925,-14.4233
1232,1.01168,-33.937
1233,1.01928,-33.5771
1234,1.01641,-16.5899
1235,1.00227,-21.5747
1236,1.05225,-28.2108
1237,1.05225,-28.2108
1238,1.05676,-8.62028
1239,1.05751,-5.84972
1240,1.06912,-9.177
1241,1.07123,-8.18351
1242,1.07295,-7.98674
1243,1.07174,-3.2332
1244,1.0063,-27.8859
1245,1.03517,-23.464
1246,1.03611,-22.8341
1247,1.04274,-30.1046
1248,1.04232,-25.6355
1249,1.00279,-25.2421
1250,0.986347,-25.4078
1251,0.579791,-27.3669
1252,1.02641,-27.2579
1253,1.0638,-27.6147
1254,1.01162,-46.3575
1255,0.981721,-16.5265
1256,0.968549,-18.0248
1257,1.04852,-19.3307
1258,1.05017,-25.4304
1259,1.04169,-22.216
1260,1.0004,-24.9773
1261,1.04321,-56.7538
1262,1.04185,-9.68326
1263,1.04392,-21.8281
1264,1.04285,-21.8447
1265,1.0505,-19.1038
1266,1.08261,-18.1318
1267,1.03483,-22.3913
1268,0.993162,-13.8633
1269,1.08687,-32.0496
1270,1.07017,-31.2651
1271,1.03259,-36.9585
1272,0.99734,-31.4126
1273,1.04231,-11.9203
1274,1.03404,-38.824
1275,1.05653,-12.1125
1276,1.05697,-12.0498
1277,1.00948,-24.87
1278,1.05516,-32.9381
1279,1.07035,-31.7065
1280,1.02895,-31.0018
1281,1.04483,-30.7419
1282,1.04231,-30.0286
1283,1.06741,-4.87443
1284,1.05652,-34.4173
1285,1.04748,-27.5137
1286,1.03659,-23.1221
1287,1.05465,-11.8246
1288,1.00743,-22.2152
1289,1.03264,-45.1051
1290,1.03399,-34.1404
1291,1.06383,-11.1395
1292,1.0385,-13.281
1293,1.07353,-9.63324
1294,1.03872,-14.7483
1295,1.00563,-62.8471
1296,1.03597,-6.69833
1297,1.10526,1.21357
1298,1.10526,1.22196
1299,1.10526,1.23238
1300,1.10526,1.21633
1301,1.02672,-39.1918
1302,1.00526,-49.2872
1303,0.963578,-30.4808
1304,1.02547,-25.2017
1305,1.02542,-25.2154
1306,1.06583,-24.0107
1307,1.01802,-14.5838
1308,1.03873,-14.984
1309,1.06265,-17.4143
1310,1.03873,-14.984
1311,1.03091,-23.3268
1312,1.06259,-15.3802
1313,1.03052,-17.5417
1314,1.02788,-20.7133
1315,1.06113,-12.0113
1316,1.01394,-20.5082
1317,1.01394,-20.5524
1318,1.02945,-11.1467
1319,1.02945,-11.1467
1320,1.02638,-44.3823
1321,1.01758,-33.9153
1322,0.977512,-25.7796
1323,0.977636,-25.7753
1324,1.0156,-10.5714
1325,1.06165,-13.3637
1326,1.06997,-10.2839
1327,1.05664,-21.854
1328,0.986928,-24.5124
1329,1.01819,-27.98
1330,1.03327,-18.855
1331,1.0328,-50.5929
1332,1.03567,-17.4859
1333,1.07637,-12.7917
1334,1.09022,-7.14772
1335,1,-27.5899
1336,1.0572,-27.1749
1337,1.0205,-30.7679
1338,1.05525,-24.7318
1339,1.02617,-18.904
1340,1.07699,-8.42057
1341,1.02772,-12.9158
1342,1.03982,-21.8026
1343,1.02519,-14.803
1344,1.09094,-8.99887
1345,1.01484,-18.8905
1346,1.035,-16.1912
1347,1.02258,-11.4712
1348,1.02425,-28.9659
1349,1.01863,-12.802
1350,1.06277,-15.3682
1351,1.03258,-21.664
1352,1.02361,-33.8107
1353,1.02354,-33.8148
1354,1.00254,-19.9723
1355,1.00348,-24.233
1356,1.03096,-24.887
1357,1.05264,-29.3064
1358,1.05622,-25.0986
1359,1.04882,-17.7066
1360,1.04632,-17.1641
1361,1.06349,-25.168
1362,1.06349,-24.6604
1363,1.01541,-13.8919
1364,1.01657,-24.9355
1365,1.08181,-12.9734
1366,1.08182,-12.9734
1367,1.02877,-32.9582
1368,1.0043,-31.6387
1369,0.993163,-36.6006
1370,0.996323,-37.0443
1371,0.993969,-37.2674
1372,1.08345,-34.8805
1373,1.04225,-9.65408
1374,0.999877,-29.6132
1375,1.04131,-26.7014
1376,1.05339,-28.4056
1377,1.05656,-32.7096
1378,1.00316,-25.1133
1379,1.02418,-24.3546
1380,1.04234,-27.3619
1381,1.03203,-23.5534
1382,1.02136,-33.4544
1383,1.04285,-9.67205
1384,1.01753,-26.7621
1385,1.04931,-14.4243
1386,1.03848,-31.8271
1387,1.04129,-26.4955
1388,1.05197,-29.8508
1389,1.04609,-29.979
1390,1.04095,-30.5929
1391,1.02196,-13.754
1392,1.00698,-20.2466
1393,1.01325,-10.5438
1394,1.008,-39.8762
1395,1.0461,-17.9629
1396,1.03264,-25.5383
1397,1.0262,-34.5991
1398,1.06968,-30.5533
1399,1.02619,-19.5868
1400,1.00206,-22.6672
1401,1.01544,-15.3078
1402,0.979306,-26.8836
1403,1.00811,-27.5885
1404,1.02729,-18.7744
1405,1.0273,-18.7745
1406,0.973894,-30.0575
1407,1.01751,-21.1225
1408,1.0344,-15.7886
1409,1.0552,-34.5167
1410,1.03782,-38.1921
1411,1.05525,-34.4975
1412,1.00146,-34.5441
1413,1.05365,-14.9251
1414,1.05271,-14.1841
1415,1.04256,-20.9747
1416,1.02451,-18.3131
1417,1.01549,-52.6101
1418,0.992065,-46.1355
1419,1.06779,-14.5129
1420,0.995544,-45.6185
1421,1.03262,-31.2044
1422,1.06106,-28.8397
1423,0.988842,-24.6358
1424,0.99783,-23.9767
1425,1.03312,-16.5236
1426,1.06971,-31.3513
1427,0.981523,-34.5232
1428,1.0468,-35.3603
1429,1.01331,-36.4423
1430,1.02045,-20.9012
1431,1.02657,-29.4892
1432,1.08889,-8.885
1433,1.0438,-28.698
1434,1.03546,-11.0259
1435,1.08881,-8.89972
1436,1.04255,-22.8714
1437,1.05711,-42.8373
1438,1.04374,-20.8414
1439,1.0072,-14.6006
1440,1.04814,-35.2916
1441,1.03478,-30.7866
1442,1.05047,-24.7555
1443,1.01307,-33.6605
1444,1.01659,-10.1913
1445,1.01669,-10.4501
1446,1.04993,-5.32522
1447,1.03165,-35.3197
1448,1.04124,-26.6999
1449,1.03182,-35.3117
1450,1.01817,-17.5496
1451,1.02516,-12.9699
1452,1.01282,-31.0836
1453,1.03312,-11.4574
1454,1.03312,-11.4574
1455,1.02767,-31.0135
1456,1.02096,-23.4054
1457,1.05975,-21.5482
1458,1.0075,-25.079
1459,0.579857,-24.8269
1460,1.03555,-24.7549
1461,0.989902,-17.2578
1462,1.03196,-24.6438
1463,1.06989,-22.1747
1464,1.0747,-19.5314
1465,1.03336,-22.6655
1466,1.02736,-19.1664
1467,1.01023,-20.9253
1468,0.990915,-26.2967
1469,1.02668,-39.5301
1470,0.999392,-27.6697
1471,0.991166,-36.9075
1472,1.02573,-39.9822
1473,1.0449,-21.3458
1474,1.05395,-17.0072
1475,1.07852,-26.8996
1476,0.975276,-17.136
1477,1.00696,-23.65
1478,1.03921,-29.8273
1479,1.05036,-12.1945
1480,1.08436,-12.107
1481,1.04844,-18.1178
1482,1.07767,-29.4229
1483,1.05202,-14.7061
1484,1.13054,-9.59401
1485,1.0155,-23.743
1486,1.05088,-20.8621
1487,1.03273,-23.3896
1488,1.03807,-13.8757
1489,1.03717,-20.3907
1490,1.05438,-24.8783
1491,0.981772,-28.7043
1492,1.03331,-27.6437
1493,1.03044,-35.4685
1494,1.08481,-17.1558
1495,1.03698,-22.2732
1496,1.04258,-23.3577
1497,1.0469,-29.6677
1498,1.05495,-30.3645
1499,1.06255,1.38978
1500,1.02872,-43.8771
1501,1.00627,-31.1238
1502,1.04756,-28.7841
1503,1.01915,-22.2044
1504,1.04091,-16.5844
1505,1.04444,4.01626
1506,1.07057,-28.1974
1507,1.07418,-28.8222
1508,1.03654,-24.6057
1509,0.9823,-17.7724
1510,1.04058,-17.718
1511,1.02428,-13.8719
1512,0.9711,-16.2528
1513,1.04771,-14.2281
1514,1.01816,-29.7653
1515,1.01853,-52.6987
1516,1.03489,-49.4765
1517,1.05406,-51.9755
1518,1.01261,-31.9499
1519,1.05915,-28.9873
1520,1.0703,-23.9902
1521,1.04657,-35.0424
1522,1.14062,-9.45524
1523,0.99613,-8.06246
1524,1.07771,-18.2396
1525,1.09373,-14.7775
1526,1.00456,-51.1215
1527,1.04509,-47.499
1528,1.01293,-20.9113
1529,1.0094,-53.1572
1530,1.02156,-17.2777
1531,1.03386,-15.4764
1532,1.05587,-42.4376
1533,1.0246,-41.8687
1534,1.02004,-45.0387
1535,1.0645,-39.6168
1536,1.06932,-34.6319
1537,1.02226,-23.0981
1538,0.993528,-15.2889
1539,1.03038,-44.146
1540,1.01779,-23.7374
1541,1.08176,-9.38655
1542,1.1047,-3.21211
1543,1.02974,-16.0923
1544,1.04894,-11.1379
1545,1.04287,-27.1433
1546,1.02589,-28.2144
1547,1.01058,-24.7287
1548,1.0024,-24.6829
1549,1.01426,-42.7952
1550,1.00572,-62.2902
1551,1.00914,-24.9048
1552,1.01892,-25.1311
1553,1.04093,-30.5424
1554,1.06794,-41.9966
1555,1.0362,-36.1428
1556,1.02238,-33.4636
1557,0.99836,-32.5491
1558,1.05683,-28.2742
1559,1.03204,-23.5758
1560,1.0526,-27.2456
1561,1.03699,-31.0232
1562,1.07123,-31.338
1563,1.05199,-39.3747
1564,1.05854,-34.7562
1565,1.07249,-30.88
1566,1.01557,-43.3699
1567,1.00996,-19.4285
1568,1.03762,-20.1884
1569,1.03743,-20.45
1570,0.971616,-17.8675
1571,1.07309,-21.2089
1572,1.07193,-19.0452
1573,1.0339,-18.8225
1574,1.01667,-22.6664
1575,1.07232,-13.9446
1576,1.02525,-20.4935
1577,1.00213,-36.5029
1578,1.08308,-14.3836
1579,1.08308,-14.3836
1580,1.08308,-14.3823
1581,1.08309,-14.3794
1582,1.00344,-32.9327
1583,1.04218,-28.1167
1584,1.05323,-13.1886
1585,1.03336,-11.4983
1586,1.04458,-6.51749
1587,1.04493,-19.2925
1588,1.06519,-26.85
1589,1.06634,-21.7688
1590,1.01883,-39.1506
1591,1.0211,-38.9416
1592,1.04877,-31.1271
1593,1.04444,4.02441
1594,1.06048,-4.24759
1595,1.01168,-41.0112
1596,1.03732,-11.9389
1597,1.02401,-22.202
1598,1.01201,-18.4004
1599,1.01179,-17.5804
1600,1.06722,-14.5218
1601,1.07618,-10.7056
1602,1.05006,-37.6964
1603,1.05667,-33.5677
1604,1.05361,-33.9087
1605,1.0464,-35.7791
1606,1.07556,-30.2153
1607,1.01857,-14.7154
1608,1.06423,-7.99243
1609,1.03845,-13.3147
1610,1.01295,-17.1749
1611,0.996531,-23.6395
1612,1.03034,-22.0489
1613,1.03264,-31.6057
1614,0.968815,-18.4598
1615,1.04302,-18.0298
1616,1.04241,-21.9593
1617,1.03806,-22.0524
1618,1.02918,-18.1158
1619,1.04006,-22.2245
1620,1.04034,-32.0097
1621,1.04004,-32.0091
1622,1.01877,-25.3804
1623,0.964667,-25.2505
1624,0.960355,-41.1977
1625,1.01829,-37.3291
1626,1.01227,-44.2387
1627,1.00355,-32.0855
1628,1.04221,-21.1824
1629,1.0419,-21.2157
1630,1.05227,-18.0698
1631,1.03864,-29.8748
1632,1.0858,-32.1492
1633,1.03648,-45.0933
1634,1.0068,-52.4277
1635,1.01012,-14.2785
1636,1.00563,-13.9176
1637,0.99453,-23.2204
1638,1.05637,-27.5545
1639,1.05784,-21.1315
1640,1.00809,-34.0469
1641,1.04381,-17.2248
1642,1.04198,-27.8626
1643,1.03009,-11.1564
1644,1.04892,-16.304
1645,1.06685,-22.9172
1646,1.03289,-17.1226
1647,1.04724,-27.5605
1648,1.06742,-10.7147
1649,1.04472,-45.9832
1650,1.05217,-46.4877
1651,1.07267,-29.5373
1652,0.988303,-28.3328
1653,1.01068,-17.7702
1654,1.01477,-33.1948
1655,1.01477,-33.1519
1656,1.01361,-33.2335
1657,1.04809,-26.212
1658,1.03974,-20.4435
1659,1.06559,-4.12558
1660,1.02234,-33.7414
1661,1.04073,-21.7573
1662,1.01393,-16.624
1663,1.03064,-18.3533
1664,0.978911,-16.7584
1665,1.02222,-34.2296
1666,1.05338,-16.9069
1667,1.01931,-19.6539
1668,1.03592,-23.2551
1669,1.01402,-21.1877
1670,1.04889,-18.1776
1671,0.9984,-36.4984
1672,1.04617,-32.9307
1673,0.995061,-27.4128
1674,1.02418,-22.807
1675,1.04393,-14.9137
1676,1.04387,-32.3068
1677,1.05338,-32.2635
1678,1.0452,-35.8918
1679,1.01191,-45.7566
1680,1.01237,-46.0813
1681,1.01539,-35.6162
1682,1.05234,-12.4005
1683,1.06793,-8.86806
1684,1.01314,-14.1556
1685,1.04015,-15.4398
1686,1.03944,-16.4247
1687,1.01607,-20.1916
1688,1.03009,-11.1564
1689,1.05063,-21.6188
1690,1.07354,-15.765
1691,1.01018,-15.0643
1692,1.04735,-28.8227
1693,1.0299,-13.5725
1694,1.0274,-33.1435
1695,1.10193,-3.34005
1696,1.10193,-3.33996
1697,1.04398,-11.6501
1698,1.09351,-8.38153
1699,1.09336,-8.40077
1700,1.06745,-10.726
1701,1.05363,-13.8
1702,1.0195,-11.8835
1703,1.05107,-5.25815
1704,1.03679,-19.1912
1705,1.03185,-20.0529
1706,1.06349,-18.1733
1707,1.08779,-31.911
1708,0.996304,-36.897
1709,0.995134,-36.341
1710,1.03747,-33.118
1711,1.03748,-33.1198
1712,1.03752,-33.1203
1713,1.03749,-33.1187
1714,0.996531,-36.9398
1715,0.994903,-36.4313
1716,1.03751,-33.1131
1717,1.05749,-25.7827
1718,1.03877,-21.7469
1719,1.0409,-32.4744
1720,1.04059,-32.4864
1721,1.0184,-18.5934
1722,1.02024,-28.7044
1723,1.05088,-25.8508
1724,1.0481,-22.0501
1725,1.04467,-17.0115
1726,1.07387,-13.9951
1727,1.02874,-31.1814
1728,1.05976,-29.8478
1729,1.0587,-29.8478
1730,1.00534,-32.9225
1731,1.04463,-31.5412
1732,1.05437,-24.9019
1733,1.05721,-27.6201
1734,1.0315,-29.4653
1735,1.05314,-14.9914
1736,1.05787,-18.9304
1737,1.05229,-11.0373
1738,1.05417,-39.938
1739,1.00419,-22.9901
1740,1.04698,-15.1765
1741,1.04501,-14.9896
1742,1.03655,-19.5531
1743,1.03655,-19.553
1744,1.06234,-12.7323
1745,1.06234,-12.729
1746,1.03659,-19.5541
1747,1.09264,-11.5591
1748,1.0947,-12.6918
1749,1.09922,-18.8749
1750,1.03673,-19.5249
1751,1.03675,-19.5289
1752,1.0368,-19.5514
1753,1.05467,-13.546
1754,1.04631,-14.1719
1755,1.08171,-12.9686
1756,0.993836,-24.4868
1757,1.01457,-18.9058
1758,1.03784,-16.3218
1759,1.06502,-27.3571
1760,1.01219,-15.9417
1761,1.03257,-17.9116
1762,0.95238,-30.0313
1763,1.02386,-13.6078
1764,1.0467,-15.9606
1765,0.999544,-26.7659
1766,1.02199,-13.9244
1767,0.986422,-26.6383
1768,1.09924,-22.6866
1769,1.10526,-19.8917
1770,1.10526,-19.8903
1771,1.09915,-22.6863
1772,1.0362,-20.0754
1773,1.04176,-21.8274
1774,1.04571,-22.5075
1775,1.07038,-31.7021
1776,1.01973,-24.3431
1777,1.05338,-26.0662
1778,1.05636,-27.6367
1779,1.05402,-23.0411
1780,1.01194,-39.7926
1781,1.07073,-41.1649
1782,1.06421,-37.5834
1783,0.995091,-20.9479
1784,0.983924,-26.812
1785,1.01146,-14.3985
1786,1.0454,-27.8569
1787,1.06133,-23.874
1788,1.04598,-35.8069
1789,1.01498,-27.6236
1790,1.01594,-27.5951
1791,0.992635,-15.657
1792,1.03257,-18.1577
1793,1.04629,-18.2524
1794,1.06849,-14.452
1795,1.04582,-15.7501
1796,1.06605,-12.7337
1797,1.02445,-13.647
1798,1.08403,-34.831
1799,1.08387,-34.8529
1800,1.04523,-15.6142
1801,1.04574,-15.5083
1802,1.05678,-32.6508
1803,1.04079,-14.0964
1804,1.0333,-20.4081
1805,1.05646,-15.6113
1806,1.03512,-12.7225
1807,1.03388,-12.8075
1808,1.0326,-17.6929
1809,1.01399,-16.2776
1810,1.07285,-21.213
1811,1.0417,-37.1302
1812,1.07475,-31.8943
1813,1.03399,-7.49635
1814,1.03582,-38.4051
1815,1.00102,-26.9153
1816,1.01424,-43.8844
1817,1.04608,-29.8359
1818,1.04365,-34.4646
1819,1.05193,-39.3813
1820,1.01638,-25.9482
1821,1.01605,-36.1487
1822,1.01649,-25.9355
1823,1.07019,-14.25
1824,1.07733,-11.2858
1825,1.07676,-18.4161
1826,1.04458,-25.5102
1827,1.00468,-24.7954
1828,1.02943,-22.2539
1829,1.05455,-18.9199
1830,0.993215,-45.0767
1831,1.03712,-17.8714
1832,1.03662,-34.0946
1833,1.03599,-27.0488
1834,1.05876,-34.7491
1835,1.03186,-24.7316
1836,1.00637,-46.3001
1837,1.04461,-30.8642
1838,1.04316,-13.3009
1839,1.05508,-11.7983
1840,1.08422,-34.1908
1841,1.08464,-34.1519
1842,1.0086,-32.085
1843,1.0377,-20.9273
1844,1.04764,-18.8058
1845,1.05974,-15.8126
1846,1.02511,-14.8128
1847,1.02479,-14.8392
1848,1.06448,-27.8847
1849,1.05199,-39.3747
1850,1.05199,-39.3747
1851,1.01786,-23.3537
1852,1.00355,-32.0017
1853,0.99124,-25.3512
1854,1.03375,-20.6072
1855,1.03561,-22.8839
1856,1.03508,-22.9044
1857,1.00571,-14.5877
1858,1.03349,-30.4238
1859,0.994438,-33.9297
1860,0.995445,-13.9504
1861,1.04266,-22.4126
1862,1.05712,-13.1028
1863,1.00725,-22.726
1864,1.0677,-10.7324
1865,1.00957,-16.1567
1866,1.01132,-27.2315
1867,1.02278,-28.0934
1868,0.981456,-43.9188
1869,1.04951,-13.4046
1870,1.01488,-32.4715
1871,1.03209,-32.4933
1872,1.06349,-15.1661
1873,1.04696,-14.9755
1874,0.992986,-32.6815
1875,1.00581,-27.4156
1876,1.04055,-36.3625
1877,1.04033,-15.8996
1878,1.03908,-16.184
1879,1.07265,-29.5519
1880,1.03436,-20.8339
1881,1.04125,-26.8663
1882,1.02682,-19.0096
1883,1.0495,-28.219
1884,1.08875,-25.249
1885,1.04658,-41.6152
1886,1.00492,-49.6297
1887,1.00492,-49.6297
1888,1.0443,-35.4652
1889,1.04189,-14.0357
1890,1.05035,-12.1945
1891,1.07866,-30.6389
1892,1.07109,-30.7393
1893,1.07606,-31.4611
1894,1.0398,-14.2639
1895,1.0398,-14.2639
1896,1.0398,-14.2639
1897,1.0398,-14.2639
1898,1.03201,-17.3146
1899,1.03201,-17.3146
1900,1.03201,-17.3146
1901,1.03201,-17.3146
1902,1.01096,-22.0013
1903,1.03198,-17.3299
1904,1.02404,-16.7563
1905,1.02411,-11.0895
1906,1.03115,-13.1665
1907,1.07917,-10.0294
1908,1.03667,-35.7728
1909,1.03345,-22.3018
1910,1.02836,-33.769
1911,1.0567,-28.8741
1912,1.04283,-11.9775
1913,1.03078,-20.5314
1914,1.06591,-17.6911
1915,1.04374,-20.8414
1916,1.04259,-20.975
1917,1.05109,-25.9488
1918,1.05957,-21.7003
1919,1.00762,-32.452
1920,1.04249,-20.9735
1921,1.04198,-16.8606
1922,1.00694,-11.6407
1923,1.0454,-20.6799
1924,1.06832,-12.7973
1925,1.07246,-24.1598
1926,1.02159,-37.2379
1927,1.06411,-31.881
1928,1.05007,-10.0515
1929,1.06324,-8.2331
1930,1.04097,-21.8273
1931,1.07231,-17.6631
1932,1.02818,-29.9423
1933,1.02569,-16.6164
1934,1.02036,-10.4842
1935,1.07422,-10.126
1936,1.07915,-7.56066
1937,1.01446,-16.0518
1938,1.07492,-10.0335
1939,1.06293,-9.96432
1940,1.06293,-9.96432
1941,1.06112,-9.89737
1942,1.04587,-19.7802
1943,1.05051,-27.3447
1944,1.06435,-27.8854
1945,1.03615,-23.2472
1946,1.05923,-19.6879
1947,1.04038,-32.0106
1948,0.992946,-32.6806
1949,1.06346,-3.59313
1950,1.00457,-21.2886
1951,1.04969,-29.6387
1952,1.01731,-20.2441
1953,1.00992,-23.0688
1954,1.02924,-43.6161
1955,0.994479,-33.02
1956,1.03037,-23.7264
1957,1.05425,-24.5
1958,1.02716,-31.4534
1959,0.998463,-32.005
1960,1.02326,-11.9642
1961,1.06957,-23.9944
1962,1.0693,-21.1617
1963,1.06134,-17.5461
1964,1.00276,-23.1215
1965,1.02215,-14.1572
1966,1.01406,-16.4755
1967,1.00914,-32.2914
1968,1.06429,-16.3844
1969,1.05712,-16.3781
1970,1.06439,-14.9627
1971,1.06439,-14.9627
1972,1.06429,-16.3844
1973,1.05565,-16.3768
1974,1.05558,-16.3768
1975,1.05565,-16.3622
1976,1.05565,-16.3622
1977,1.05556,-16.3768
1978,1.05565,-16.3768
1979,0.987208,-24.2158
1980,1.05556,-16.3768
1981,1.01487,-8.6896
1982,1.01107,-19.2657
1983,1.03851,-14.9214
1984,1.02574,-8.69721
1985,1.04513,-17.0668
1986,1.01753,-49.4301
1987,1.02935,-11.1439
1988,1.00518,-29.9491
1989,1.01722,-27.8418
1990,1.00594,-20.751
1991,1.05975,-23.6981
1992,1.06257,-19.5638
1993,1.04943,-29.2096
1994,1.04611,-15.2627
1995,1.05779,-27.1322
1996,1.02095,-21.3317
1997,1.0415,-18.7758
1998,1.06713,-13.5109
1999,0.977133,-29.3206
2000,1.0049,-22.1429
2001,0.971506,-27.7055
2002,1.02523,-25.9494
2003,1.02429,-25.9956
2004,0.995949,-13.1477
2005,1.03269,-11.9988
2006,1.02892,-21.3461
2007,1.00287,-21.9969
2008,1.05041,-12.1595
2009,1.06991,-31.3375
2010,1.08591,-32.1402
2011,1.01131,-33.1118
2012,1.0385,-13.281
2013,1.07353,-9.63324
2014,0.991385,-23.2557
2015,1.021,-27.0824
2016,1.0557,-16.3714
2017,1.10526,-3.02649
2018,1.10526,-3.04117
2019,1.04471,-20.6787
2020,1.04874,-20.2265
2021,1.07949,-6.29177
2022,1.0408,-13.624
2023,1.01759,-22.6576
2024,1.05951,-31.5206
2025,1.03211,-29.9778
2026,1.04017,-17.5832
2027,1.01052,-32.0512
2028,1.05255,-14.4902
2029,1.01328,-20.6245
2030,1.02356,-18.5358
2031,1.04207,-44.7802
2032,1.06474,-27.8223
2033,0.993887,-51.1239
2034,1.03757,-10.4793
2035,1.0387,-46.0198
2036,1.02601,-9.74031
2037,1.00374,-53.9677
2038,1.04494,-18.0584
2039,1.03563,-62.8702
2040,1.03271,-12.372
2041,1.08449,-11.6488
2042,0.999968,-37.9731
2043,1.03606,-16.5676
2044,1.04608,-31.156
2045,1.01372,-18.6104
2046,1.09594,-5.91091
2047,1.08553,-11.7454
2048,1.00532,-21.2216
2049,1.01316,-22.0407
2050,1.04382,-16.9889
2051,1.02406,-20.3267
2052,1.01924,-33.5736
2053,1.00792,-35.1267
2054,1.06202,-8.00089
2055,0.985308,-34.0321
2056,1.05771,-21.1155
2057,1.0648,-14.6659
2058,1.01335,-32.3775
2059,1.01346,-32.367
2060,1.01352,-32.3716
2061,1.0384,-14.2962
2062,1.10231,-13.2158
2063,1.10275,-13.5809
2064,1.10276,-13.5751
2065,1.10231,-13.2127
2066,1.10278,-13.5664
2067,1.10233,-13.2107
2068,1.05799,-21.421
2069,1.0672,-23.1727
2070,0.994889,-34.6158
2071,0.970548,-29.8434
2072,1.03613,-11.9491
2073,1.054,-18.1872
2074,1.05925,-10.6559
2075,1.05944,-10.7139
2076,1.05437,-24.8799
2077,1.05818,-17.8612
2078,1.06422,-14.6082
2079,1.00693,-28.6469
2080,1.01176,-27.988
2081,1.04977,-29.6662
2082,1.0496,-29.7751
2083,1.01893,-28.3192
2084,1.0469,-26.708
2085,1.05125,-9.20763
2086,1.04489,-11.7994
2087,1.0743,-8.69541
2088,1.04006,-21.7381
2089,1.05038,-18.0199
2090,1.01116,-32.5765
2091,1.0387,-36.7094
2092,1.00684,-42.7605
2093,1.07544,-26.0963
2094,1.0427,-23.3346
2095,1.03938,-22.3657
2096,1.00555,-21.6006
2097,1.04976,-17.8168
2098,1.00381,-59.6748
2099,1.07264,-24.1722
2100,1.00942,-49.0204
2101,1.04465,-17.2632
2102,1.01713,-51.2439
2103,1.00397,-63.3012
2104,1.03387,-43.2028
2105,1.07926,-39.2707
2106,0.998044,-50.9212
2107,1.08872,-31.8048
2108,1.03271,-27.762
2109,1.03393,-27.7196
2110,1.0336,-27.703
2111,1.03365,-27.7023
2112,1.03364,-27.6953
2113,1.03134,-24.3868
2114,1.01327,-58.0573
2115,1.04074,-15.1792
2116,0.996936,-59.2446
2117,1.01732,-22.876
2118,1.02296,-24.5915
2119,1.01895,-14.4763
2120,1.04935,-15.3317
2121,0.96825,-18.778
2122,1.02447,-30.5811
2123,1.00767,-58.194
2124,0.998408,-23.3978
2125,1.05876,-20.1503
2126,1.05583,-15.3684
2127,0.9923,-34.0265
2128,1.02492,-15.4881
2129,1.02912,-16.1516
2130,1.03262,-12.0125
2131,1.03267,-12.0105
2132,1.03265,-12.0112
2133,1.05542,-26.2428
2134,1.05074,-20.8597
2135,1.04472,-20.8063
2136,1.0141,-31.2912
2137,0.977655,-25.7757
2138,1.05703,-27.9897
2139,1.0784,-24.3703
2140,1.07262,-18.9372
2141,1.08485,-17.1388
2142,1.02333,-17.1919
2143,1.04999,-28.0466
2144,1.07873,-26.8692
2145,1.07036,-22.1517
2146,1.06568,-22.6139
2147,1.03312,-17.9172
2148,1.04616,-18.0301
2149,1.04552,-14.9237
2150,1.05482,-15.1655
2151,1.02764,-48.6015
2152,1.03288,-38.5266
2153,1.00177,-24.7554
2154,0.958767,-32.4934
2155,1.03238,-20.3678
2156,1.03436,-20.8338
2157,0.991465,-28.6976
2158,1.04033,-18.986
2159,1.02088,-44.9939
2160,1.02371,-31.9272
2161,1.07141,-28.1235
2162,1.07038,-28.1725
2163,1.08456,-24.8641
2164,1.0796,-38.9743
2165,1.03914,-34.2237
2166,1.07303,-21.2079
2167,1.07692,-18.394
2168,1.04091,-19.916
2169,1.04076,-19.9364
2170,1.04076,-19.9783
2171,1.01464,-20.919
2172,1.02372,-15.5466
2173,1.05346,-21.0158
2174,1.01284,-22.0177
2175,1.02878,-17.4548
2176,1.02843,-17.4501
2177,1.06386,-31.4599
2178,1.01442,-22.4321
2179,1.01442,-22.4321
2180,1.06965,-31.772
2181,1.02371,-13.873
2182,1.05017,-29.0194
2183,1.03493,-23.2218
2184,1.03502,-23.2201
2185,0.993865,-34.9146
2186,1.0645,-31.8437
2187,1.05524,-30.1977
2188,0.993866,-34.9146
2189,1.03662,-37.7555
2190,1.01546,-34.3908
2191,1.02556,-22.2123
2192,1.05544,-26.0414
2193,0.973224,-27.6418
2194,1.048,-29.136
2195,1.05103,-10.9687
2196,0.985606,-21.8411
2197,1.08879,-25.0167
2198,1.091,-23.5933
2199,1.08889,-24.9941
2200,1.08877,-25.016
2201,1.091,-23.5929
2202,0.985034,-15.4397
2203,1.06918,-27.3864
2204,1.02281,-45.1998
2205,1.05758,-12.1784
2206,1.03649,-22.8909
2207,1.01037,-18.887
2208,1.04592,-27.8918
2209,1.01006,-14.2844
2210,1.04476,-28.6526
2211,1.00381,-20.7074
2212,1.0221,-49.3097
2213,1.0188,-22.7741
2214,1.02046,-45.6435
2215,1.01,-39.3323
2216,1.08238,-33.6235
2217,1.08085,-33.7274
2218,0.992485,-27.7725
2219,0.988145,-28.302
2220,0.994584,-21.4949
2221,1.01682,-47.8837
2222,1.05521,-24.0094
2223,1.01439,-22.4314
2224,1.04308,-17.2118
2225,1.06832,-24.0985
2226,1.055,-30.363
2227,0.970569,-24.3491
2228,1.00151,-24.4735
2229,1.03001,-21.0738
2230,1.02704,-24.1191
2231,1.02737,-14.7848
2232,1.00453,-22.3545
2233,1.06307,-23.0771
2234,1.06749,-20.2382
2235,1.00623,-22.5075
2236,1.04099,-26.2275
2237,1.03593,-24.4607
2238,1.01839,-18.591
2239,1.043,-21.1103
2240,1.02862,-16.5056
2241,0.859315,-12.7335
2242,1.07413,-12.7331
2243,1.04574,-18.1238
2244,1.03474,-24.9453
2245,1.02016,-20.6622
2246,1.08064,-11.1629
2247,1.05885,-11.1022
2248,1.02966,-11.2002
2249,1.0696,-9.23071
2250,1.05516,-19.4498
2251,1.05869,-32.62
2252,0.97263,-24.1354
2253,1.05516,-25.9844
2254,1.04366,-27.1317
2255,1.05752,-22.0596
2256,1.05579,-32.0594
2257,1.02791,-23.1867
2258,1.08507,-24.7363
2259,1.08551,-25.0401
2260,1.02341,-11.8331
2261,1.00527,-14.8268
2262,1.05007,-27.2012
2263,1.01506,-28.8215
2264,0.997076,-25.8347
2265,1.03813,-23.8345
2266,1.06034,-34.9025
2267,0.982906,-14.8924
2268,1.11175,-9.66352
2269,1.0196,-11.7311
2270,1.07284,-9.66352
2271,0.998368,-18.6933
2272,1.05096,-27.1392
2273,1.0355,-23.15
2274,1.00646,-22.9963
2275,1.05544,-26.0414
2276,1.02013,-18.3276
2277,1.01389,-21.6963
2278,1.04135,-47.0764
2279,1.01881,-28.3632
2280,1.00377,-23.3553
2281,1.02547,-14.9709
2282,1.04403,3.85209
2283,1.04378,3.75265
2284,1.02036,-11.7514
2285,1.03872,-22.4188
2286,1.05044,-35.9251
2287,0.976965,-23.0222
2288,1.0455,-19.6283
2289,1.03714,-18.9899
2290,1.08482,-8.23555
2291,1.032,-43.8575
2292,1.03208,-19.0631
2293,1.03333,-16.6224
2294,1.02158,-37.2378
2295,0.993867,-34.9146
2296,0.996036,-34.7995
2297,1.03516,-32.6416
2298,1.07199,-26.5512
2299,1.061,-22.9915
2300,1.00926,-20.622
2301,1.03085,-17.3478
2302,1.02516,-18.6302
2303,0.971401,-30.4252
2304,1.02309,-34.3477
2305,1.03641,-21.8722
2306,0.993372,-28.4815
2307,1.00314,-63.1321
2308,0.990098,-24.1385
2309,1.03347,-20.7961
2310,0.980702,-22.7291
2311,1.02836,-16.7952
2312,1.04945,-12.862
2313,1.02406,-13.5942
2314,1.03193,-16.905
2315,1.07132,-13.2842
2316,1.01182,-18.0371
2317,1.00817,-47.5904
2318,1.04774,-28.3535
2319,1.05268,-14.3061
2320,1.0236,-29.7509
2321,1.03919,-19.0624
2322,1.03842,-26.3411
2323,1.03126,-31.5924
2324,1.00646,-22.2436
2325,1.06426,-31.8587
2326,1.06427,-31.8697
2327,1.01781,-20.3025
2328,1.05538,-16.4568
2329,1.02508,-21.7568
2330,1.04841,-17.2324
2331,1.0319,-36.0947
2332,1.04617,-14.2405
2333,1.05377,-13.5708
2334,1.05814,-15.313
2335,1.05646,-14.6433
2336,1.07406,-9.67477
2337,1.08507,-3.74509
2338,1.04049,-24.6401
2339,1.05061,-55.6466
2340,1.01062,-13.4571
2341,1.05949,-14.5778
2342,1.06297,-10.6383
2343,0.993401,-28.4823
2344,1.00799,-23.3797
2345,1.01654,-21.496
2346,1.02372,-17.8512
2347,1.01163,-35.3307
2348,1.02201,-36.4896
2349,1.03077,-24.714
2350,1.05133,-21.9722
2351,1.06556,-20.757
2352,1.06575,-20.7341
2353,1.02585,-13.7346
2354,1.02268,-20.4026
2355,1.03953,-11.3679
2356,0.989117,-29.0923
2357,1.02022,-19.8316
2358,1.03523,-20.0965
2359,1.02222,-26.3808
2360,0.989401,-34.9912
2361,1.02951,-48.2091
2362,1.02361,-33.8108
2363,1.00536,-21.6773
2364,1.07387,-19.711
2365,1.07385,-19.8069
2366,1.07382,-17.7623
2367,1.07376,-20.0469
2368,1.07392,-18.1466
2369,1.03917,-20.0232
2370,1.03918,-20.0237
2371,1.03916,-20.0104
2372,1.03917,-20.0254
2373,1.03895,-20.0255
2374,1.03916,-20.0129
2375,0.988684,-22.7205
2376,1.03895,-20.0255
2377,1.01834,-60.1132
2378,1.02488,-13.6486
2379,1.02917,-59.3556
2380,0.996499,-63.1067
2381,1.01574,-66.1906
2382,1.01779,-60.1349
2383,1.03868,-59.4426
2384,1.00525,-58.2864
2385,1.01935,-60.3979
2386,1.00239,-57.7741
2387,1.01041,-27.1041
2388,0.982501,-53.1289
2389,1.00265,-21.6864
2390,1.03928,-20.7559
2391,1.04324,-16.4916
2392,1.04325,-16.485
2393,1.03807,-13.1933
2394,1.05853,-12.3868
2395,1.03689,-22.2208
2396,1.07937,-6.89935
2397,1.03213,-13.215
2398,1.03844,-23.2979
2399,1.0293,-17.9504
2400,1.0601,-5.45992
2401,1.05673,-21.7577
2402,1.06816,-4.55263
2403,1.06816,-4.5522
2404,1.00369,-21.7272
2405,1.04072,-39.586
2406,1.0138,-24.1515
2407,1.05501,-23.9903
2408,1.05523,-8.71892
2409,0.995538,-37.023
2410,1.02564,-32.9499
2411,0.996205,-15.0835
2412,1.05529,-8.71253
2413,1.02457,-19.4086
2414,1.00188,-52.1152
2415,1.04366,-28.5724
2416,1.08487,-34.6908
2417,1.08487,-34.6907
2418,1.03181,-20.0605
2419,1.06508,-7.79711
2420,1.0465,-12.9933
2421,1.02848,-13.5863
2422,1.03589,-22.6293
2423,1.0382,-58.0477
2424,1.05331,-52.051
2425,1.05358,-52.1861
2426,1.02081,-60.3595
2427,1.01075,-13.4547
2428,1.06304,-9.4417
2429,1.02081,-17.3902
2430,1.02332,-17.1845
2431,1.02877,-16.7548
2432,1.0673,-12.3764
2433,1.00589,-60.6215
2434,1.03302,-62.1848
2435,1.08115,-30.4313
2436,1.08062,-30.5268
2437,1.03203,-13.2107
2438,1.02405,-18.9131
2439,1.02411,-18.9162
2440,1.01846,-18.4122
2441,1.01711,-23.4208
2442,1.01742,-58.8285
2443,1.00293,-60.9632
2444,1.00893,-58.3033
2445,1.01346,-58.4665
2446,1.02983,-8.38638
2447,1.09021,-7.63646
2448,1.08389,-8.40554
2449,1.01933,-56.2669
2450,1.05605,-7.35057
2451,1.0208,-25.8526
2452,1.02321,-21.6235
2453,1.04144,-31.7137
2454,1.06382,-31.9111
2455,1.07255,-13.1068
2456,0.990004,-24.0327
2457,1.0288,-32.9563
2458,1.07217,-25.0039
2459,1.06149,-11.0243
2460,1.07946,-6.29102
2461,1.02918,-15.5233
2462,1.02754,-33.0754
2463,1.02458,-30.5503
2464,1.00379,-49.7377
2465,1.0531,-25.6544
2466,1.04991,-24.5696
2467,1.06517,-23.0249
2468,1.04405,-37.7959
2469,1.0599,-38.1392
2470,1.07685,-30.9089
2471,1.04197,-17.9313
2472,1.00008,-24.9573
2473,1.04206,-18.582
2474,1.0423,-18.5823
2475,1.02113,-18.8089
2476,1.03162,-20.134
2477,1.04482,-12.354
2478,1.02092,-20.0172
2479,1.05712,-10.1374
2480,1.02079,-17.0046
2481,1.07431,-14.0226
2482,1.04984,-43.8161
2483,1.0298,-44.8924
2484,1.05229,-40.226
2485,1.01833,-33.2617
2486,1.04373,-17.3401
2487,1.00714,-22.7046
2488,1.04176,-17.2319
2489,1.04269,-18.5344
2490,1.08216,-13.3606
2491,1.02002,-19.4875
2492,0.986862,-24.4632
2493,1.03342,-31.0058
2494,1.01095,-17.8333
2495,1.03931,-14.2629
2496,1.04213,-34.1937
2497,0.977582,-25.7743
2498,0.990615,-21.3817
2499,1.03179,-16.0744
2500,1.03834,-16.491
2501,1.02457,-22.1599
2502,1.04407,-18.6563
2503,1.06864,-13.9381
2504,1.0416,-14.7433
2505,1.0109,-28.2443
2506,1.05038,-19.5606
2507,1.01448,-21.4355
2508,1.02834,-12.267
2509,1.04049,-16.1869
2510,1.06516,-9.95324
2511,1.02209,-59.9884
2512,1.05385,-18.8275
2513,1.04575,-18.1409
2514,1.033,-30.8316
2515,1.05004,-30.8316
2516,1.05511,-16.7896
2517,1.07522,-12.0698
2518,1.08837,-7.44014
2519,1.03185,-23.5879
2520,1.03189,-23.5899
2521,1.02553,-13.941
2522,1.00569,-28.8138
2523,1.14256,-21.4736
2524,1.04202,-22.2302
2525,1.01145,-35.0694
2526,1.08468,-34.7571
2527,1.00671,-22.4449
2528,1.05417,-9.21083
2529,1.0233,-13.3281
2530,0.987764,-21.695
2531,1.05456,-27.7387
2532,0.994214,-26.017
2533,0.990905,-26.2964
2534,1.05323,-29.7436
2535,1.05604,-31.9856
2536,1.01604,-34.4961
2537,1.0163,-34.6759
2538,1.04325,-23.0957
2539,1.03604,-22.7471
2540,1.03792,-16.5564
2541,1.03669,-15.2147
2542,1.01714,-37.5561
2543,1.02007,-37.4847
2544,1.0208,-37.5471
2545,1.0453,-16.3222
2546,1.02274,-17.3139
2547,1.03921,-26.7701
2548,1.02577,-30.2885
2549,0.996509,-24.1134
2550,1.04245,-28.0333
2551,1.03306,-22.8717
2552,1.04436,-16.9325
2553,1.05464,-13.9422
2554,1.05143,-35.1063
2555,1.04151,-22.2919
2556,1.00199,-59.3907
2557,1.04146,-39.6115
2558,1.0632,-9.84042
2559,1.00966,-13.0635
2560,1.07382,-11.0507
2561,1.021,-29.7724
2562,1.02446,-35.5521
2563,1.00904,-61.2393
2564,1.04722,-59.628
2565,1.06014,-15.6389
2566,1.01023,-21.8874
2567,1.05275,-17.1823
2568,1.06184,-13.4039
2569,1.0371,-35.8277
2570,1.03438,-35.0164
2571,1.0538,-29.2625
2572,1.0202,-32.6034
2573,1.05518,-42.6254
2574,1.05436,-24.5322
2575,1.064,-31.9689
2576,1.01661,-11.8377
2577,0.96594,-25.3458
2578,1.01226,-25.1725
2579,1.04689,-20.6315
2580,1.05527,-24.0099
2581,1.03355,-49.7414
2582,1.0019,-40.9162
2583,1.07318,-25.1587
2584,1.06482,-20.7139
2585,1.04748,-19.9837
2586,0.992789,-24.7162
2587,1.02243,-31.758
2588,1.04038,-25.4368
2589,1.00603,-34.9937
2590,1.02494,-6.02717
2591,1.00329,-57.6728
2592,1.01119,-11.6648
2593,1.0415,-27.5111
2594,1.02212,-57.079
2595,1.05295,-53.4341
2596,1.0248,-21.3815
2597,1.00851,-20.0089
2598,1.04383,-5.45197
2599,1.03591,-17.6659
2600,1.04383,-5.45146
2601,0.997807,-66.1968
2602,1.00692,-30.4793
2603,1.01641,-41.4624
2604,1.00428,-32.6562
2605,1.03636,-43.2128
2606,1.06828,-35.899
2607,1.06893,-35.9016
2608,1.03253,-31.3638
2609,1.03848,-30.6842
2610,1.05012,-16.4865
2611,1.00429,-33.6372
2612,1.02157,-20.7648
2613,1.04994,-35.8378
2614,1.02173,-40.5723
2615,1.00114,-19.8975
2616,1.00932,-41.8594
2617,1.0356,-24.0591
2618,1.00731,-30.0945
2619,1.014,-20.3083
2620,1.01012,-38.2077
2621,1.01664,-17.7701
2622,1.04113,-9.19308
2623,1.05268,-29.3945
2624,1.05935,-26.7085
2625,1.00069,-13.711
2626,1.01781,-9.96922
2627,1.01195,-31.1299
2628,1.00345,-14.732
2629,0.976379,-29.6025
2630,0.983722,-31.9707
2631,1.01768,-16.7439
2632,1.04226,-16.7713
2633,1.00607,-24.2809
2634,1.0021,-24.3915
2635,1.03211,-20.763
2636,1.00779,-21.6934
2637,0.991933,-28.6095
2638,0.999244,-25.0842
2639,1.03228,-30.5655
2640,1.03314,-24.0048
2641,1.06274,-17.4644
2642,1.03258,-18.7157
2643,1.05012,-9.60282
2644,1.04994,-9.61128
2645,1.06559,-4.12551
2646,1.08779,-14.7475
2647,1.09806,-5.30262
2648,1.09802,-5.3045
2649,1.01309,-20.1051
2650,1.02634,-26.7093
2651,1.02489,-17.547
2652,1.05957,-9.89451
2653,1.06333,-8.73635
2654,1.04537,-28.1728
2655,1.03105,-25.0872
2656,1.0365,-23.6739
2657,1.02311,-12.4173
2658,0.996987,-11.27
2659,1.06092,-9.89335
2660,1.01999,-10.0167
2661,1.03594,-6.6976
2662,1.09507,-6.67388
2663,1.04282,-6.68707
2664,1.09815,-4.97217
2665,1.04282,-6.68707
2666,1.09839,-5.11369
2667,1.02788,-47.5446
2668,1.03868,-46.2811
2669,0.564209,-12.5002
2670,1.02516,-12.5002
2671,1.04355,-28.4017
2672,1.04355,-28.4017
2673,1.04315,-18.8225
2674,1.00535,-51.2093
2675,1.00616,-24.4788
2676,1.0247,-20.4717
2677,0.995086,-25.5585
2678,1.02287,-15.7792
2679,1.03173,-12.0358
2680,1.02373,-15.9668
2681,1.03441,-22.1979
2682,1.06994,-31.7541
2683,1.04062,-36.3548
2684,1.02878,-30.6512
2685,1.04743,-25.3477
2686,0.992056,-22.9633
2687,0.978328,-27.7683
2688,1.06626,-27.6831
2689,1.02578,-34.3714
2690,1.02637,-28.7938
2691,1.04204,-31.621
2692,1.04859,-30.2348
2693,1.07645,-31.4191
2694,1.01459,-23.0497
2695,1.00818,-36.1792
2696,1.03435,-22.9396
2697,1.04935,-29.6001
2698,1.07535,-28.7014
2699,1.04553,-56.0472
2700,1.04392,-14.4101
2701,1.05239,-29.6185
2702,1.01445,-33.1026
2703,1.06349,-28.6036
2704,1.08774,-25.4692
2705,1.06009,-21.0528
2706,1.05344,-22.3559
2707,1.03987,-16.3832
2708,1.03854,-20.7493
2709,1.03927,-18.3624
2710,1.07863,-11.2233
2711,1.02816,-38.5276
2712,1.04587,-27.363
2713,1.03184,-22.2437
2714,1.03952,-18.5138
2715,1.02833,-41.5483
2716,1.02172,-25.9926
2717,1.02414,-13.4405
2718,1.03055,-18.4817
2719,1.06784,-24.4417
2720,1.07958,-19.6146
2721,1.09579,-16.7646
2722,1.009,-57.1755
2723,1.00872,-33.9389
2724,1.04739,-32.4601
2725,1.06998,-29.0224
2726,1.01332,-16.1224
2727,1.07844,-12.038
2728,1.04279,-16.7802
2729,1.03005,-30.8261
2730,1.03926,-17.0327
2731,1.02409,-34.6736
2732,0.995947,-36.9238
2733,1.04339,-36.2573
2734,1.04821,-12.2824
2735,1.02034,-32.4848
2736,1.0444,-34.603
2737,1.04168,-34.5674
2738,1.05606,-20.6215
2739,1.05643,-8.62751
2740,1.04031,-26.9236
2741,1.03893,-27.004
2742,0.99281,-31.8272
2743,0.9829,-23.9462
2744,1.05729,-16.4581
2745,1.05061,-31.5321
2746,1.04396,-9.5914
2747,1.03188,-22.7878
2748,1.04955,-8.07222
2749,1.06835,-7.96165
2750,1.01216,-30.6344
2751,1.03834,-37.4518
2752,1.03916,-20.7899
2753,1.0301,-13.1203
2754,1.05681,-9.56946
2755,1.04939,-37.9129
2756,1.02694,-13.7106
2757,1.02007,-37.4847
2758,1.03548,-12.668
2759,1.04999,-28.0473
2760,1.01118,-31.5388
2761,0.992964,-15.4321
2762,1.04692,-15.7361
2763,1.05526,-12.6432
2764,1.03883,-30.0739
2765,1.13038,-9.59161
2766,1.03881,-24.1948
2767,1.05185,-20.9581
2768,0.924605,-17.0821
2769,1.02415,-20.7638
2770,1.05087,-16.8848
2771,1.07885,-13.4346
2772,1.036,-37.3922
2773,1.02185,-20.6902
2774,1.05754,-21.7394
2775,1.03965,-16.5506
2776,1.03054,-18.8919
2777,1.06106,-16.8907
2778,1.03363,-30.4479
2779,1.0364,-12.8888
2780,1.04507,-13.2374
2781,1.07367,-9.26487
2782,1.09284,-9.45544
2783,1.05517,-35.8907
2784,1.05414,-51.9095
2785,1.05741,-46.4411
2786,1.0562,-48.522
2787,1.0159,-50.0467
2788,1.05827,-16.4286
2789,0.998058,-25.756
2790,1.03738,-19.0785
2791,1.06642,-14.159
2792,1.02862,-16.6243
2793,1.04475,-34.5809
2794,1.0545,-30.1481
2795,1.06778,-31.0081
2796,1.04135,-22.9588
2797,1.04647,-20.485
2798,1.02895,-15.414
2799,1.04138,-20.0872
2800,1.01737,-28.301
2801,1.00615,-20.6505
2802,1.02895,-32.7067
2803,0.985726,-21.8229
2804,0.984687,-21.6528
2805,1.05483,-24.8427
2806,1.04891,-21.4426
2807,1.02836,-19.8085
2808,1.00365,-59.2939
2809,1.04013,-44.1529
2810,1.05641,-39.8657
2811,1.03733,-19.6974
2812,1.01986,-43.9987
2813,1.03015,-17.4686
2814,1.02291,-19.9416
2815,1.03512,-14.9923
2816,1.04326,-8.74955
2817,1.03179,-14.2074
2818,1.05573,-24.4245
2819,1.03845,-13.3146
2820,1.08959,-9.05183
2821,1.08955,-9.11362
2822,1.04327,-44.805
2823,1.01441,-31.0586
2824,1.04029,-12.9272
2825,1.07383,-15.7683
2826,1.03208,-19.0631
2827,1.03332,-16.6234
2828,1.00728,-40.3402
2829,1.01264,-22.7159
2830,1.02784,-23.9724
2831,1.01797,-8.69863
2832,1.0218,-5.84407
2833,1.03338,-35.2129
2834,1.01521,-23.0142
2835,1.04629,-18.1116
2836,1.05388,-18.8135
2837,1.03471,-20.9265
2838,1.07802,-10.9043
2839,1.03977,-31.4055
2840,1.02692,-21.6742
2841,1.01561,-22.5918
2842,1.03861,-59.0775
2843,0.97778,-32.0959
2844,1.03382,-32.2884
2845,1.01472,-18.0148
2846,1.01872,-25.8526
2847,0.98161,-31.2156
2848,1.01768,-27.7388
2849,1.09868,-22.684
2850,1.04383,-29.8812
2851,1.06422,-31.9146
2852,1.0837,-34.899
2853,1.01459,-36.6196
2854,1.04291,-13.2972
2855,1.05052,-13.4109
2856,1.04512,-14.4468
2857,1.04773,-57.5878
2858,1.03008,-16.1804
2859,1.03054,-16.0824
2860,1.074,-12.7646
2861,1.0399,-20.6569
2862,1.04628,-14.1745
2863,1.05224,-46.2984
2864,1.04888,-42.8092
2865,1.04107,-16.3288
2866,1.03967,-16.3351
2867,1.04055,-15.66
2868,1.00371,-31.7899
2869,1.04012,-32.0771
2870,1.00143,-34.5013
2871,1.01059,-39.0365
2872,0.982746,-47.0383
2873,1.01281,-32.0031
2874,1.05977,-37.4268
2875,0.994456,-15.6482
2876,1.00102,-48.9523
2877,1.05077,-12.7208
2878,0.999206,-16.5319
2879,1.03752,-24.1913
2880,1.02944,-16.5711
2881,1.05018,-29.0211
2882,0.986479,-34.4022
2883,0.999071,-23.0235
2884,1.01681,-11.7578
2885,1.04788,-13.0782
2886,1.03953,-23.8125
2887,1.04684,-17.0228
2888,1.01406,-10.4761
2889,1.06378,-27.6175
2890,1.01761,-20.9339
2891,1.03658,-14.7578
2892,1.06171,-31.7988
2893,1.0735,-26.6745
2894,1.03126,-25.5973
2895,1.03334,-23.2564
2896,1.03708,-23.0241
2897,1.0102,-18.7369
2898,1.04741,-20.0382
2899,1.04889,-6.38797
2900,1.08041,-7.36393
2901,1.06931,-9.15618
2902,0.999011,-30.1413
2903,1.03545,-24.4219
2904,1.1,-5.01708
2905,1.01778,-17.6158
2906,1.02947,-18.606
2907,1.02833,-12.5103
2908,1.02746,-19.275
2909,1.02977,-19.0257
2910,0.980265,-31.839
2911,1.01374,-57.9313
2912,1.03197,-31.5477
2913,1.02307,-18.5774
2914,1.03827,-13.4504
2915,1.03664,-11.8127
2916,1.03997,-13.6095
2917,1.0511,-9.38142
2918,1.05137,-17.7841
2919,1.03908,-21.7508
2920,1.0514,-17.7826
2921,1.02272,-18.4631
2922,1.00843,-28.0055
2923,1.00941,-21.3682
2924,1.02921,-18.1494
2925,1.05541,-15.6884
2926,1.0166,-21.3494
2927,1.05922,-13.3153
2928,1.03751,-10.6011
2929,1.03649,-28.6058
2930,0.996911,-14.2317
2931,1.01703,-10.1276
2932,1.01742,-10.0945
2933,1.04275,-31.6142
2934,0.9749,-26.4172
2935,1.05808,-14.1435
2936,1.05538,-14.3509
2937,1.061,-10.1452
2938,1.04653,-15.514
2939,1.07775,-30.8405
2940,1.02471,-20.5923
2941,1.01249,-33.2591
2942,1.05022,-12.2015
2943,1.05022,-12.2015
2944,1.04958,-8.0728
2945,1.06849,-7.99822
2946,1.02487,-37.4514
2947,1.06956,-31.531
2948,0.997691,-36.3891
2949,0.984814,-34.6204
2950,1.00525,-21.5795
2951,1.04314,-16.2006
2952,1.04216,-16.1867
2953,1.01744,-17.6565
2954,1.036,-41.7929
2955,0.992235,-16.7977
2956,1.03415,-39.0385
2957,1.02804,-10.0397
2958,1.05102,-9.20178
2959,1.09236,-6.72259
2960,1.0238,-33.9904
2961,1.02843,-13.3523
2962,1.04776,-28.9405
2963,1.08053,-29.2983
2964,1.0822,-30.2869
2965,1.08631,-31.3122
2966,1.08221,-30.2841
2967,1.08053,-29.297
2968,1.07302,-24.3908
2969,1.07161,-25.0101
2970,1.06549,-11.9598
2971,1.05632,-14.3114
2972,1.07348,-10.6949
2973,1.04418,-20.6366
2974,1.02257,-29.7446
2975,1.04089,-21.8152
2976,1.01441,-37.3742
2977,0.993986,-49.5389
2978,1.03327,-32.6587
2979,1.01348,-60.2987
2980,1.03362,-22.9029
2981,1.01262,-26.7197
2982,1.04428,-41.1576
2983,1.05275,-28.4458
2984,1.00982,-34.8281
2985,1.04188,-30.5003
2986,1.04072,-36.606
2987,1.01606,-38.1807
2988,1.05803,-12.1566
2989,1.07298,-8.79587
2990,1.05665,-31.6472
2991,1.05516,-29.1657
2992,1.06584,-23.8413
2993,1.06261,-25.9285
2994,1.04935,-15.3317
2995,1.0483,-15.3317
2996,1.04139,-15.5248
2997,1.03839,-13.4511
2998,1.03368,-12.621
2999,1.02401,-33.4477
3000,1.04783,-29.3041
3001,1.0587,-9.91508
3002,1.0664,-1.78348
3003,1.02162,-22.6306
3004,1.06713,-10.0762
3005,1.02966,-21.1498
3006,1.06442,-31.8427
3007,1.03175,-16.0736
3008,1.02049,-11.3867
3009,1.05039,-8.07392
3010,1.06058,-5.93479
3011,1.00164,-13.7049
3012,1.0566,-21.9258
3013,1.02215,-14.1572
3014,1.00465,-24.8291
3015,1.03822,-22.0822
3016,1.04617,-17.383
3017,1.03904,-15.5667
3018,1.05469,-10.2876
3019,1.04568,-29.1306
3020,0.979066,-30.8566
3021,1.0555,-27.9799
3022,1.06605,-26.2083
3023,0.981094,-15.281
3024,1.00736,-42.453
3025,1.01408,-21.1911
3026,1.01402,-21.1877
3027,1.01558,-30.1086
3028,1.05641,-27.5555
3029,1.06091,-26.9298
3030,1.03922,-16.9632
3031,1.07542,-13.1067
3032,1.08702,-7.71722
3033,1.03742,-18.268
3034,1.01113,-22.8847
3035,1.04245,-22.409
3036,1.02873,-9.44518
3037,0.981485,-35.0969
3038,1.08889,-9.85483
3039,1.02204,-37.1162
3040,1.03612,-20.1766
3041,1.03234,-17.566
3042,1.0272,-18.2223
3043,1.01519,-28.0664
3044,1.00274,-31.9065
3045,1.04878,-29.1013
3046,1.04549,-11.9532
3047,1.03379,-23.7456
3048,1.01456,-14.6658
3049,1.00365,-11.2737
3050,1.04906,-23.585
3051,1.05184,-31.4059
3052,1.00748,-32.9331
3053,1.02052,-32.5668
3054,1.04918,-25.5057
3055,1.04918,-25.5057
3056,1.05275,-2.6641
3057,1.05263,-2.63239
3058,1.05263,-2.63239
3059,1.05198,-19.4265
3060,1.00779,-49.0526
3061,1.03635,-38.5052
3062,1.03436,-39.612
3063,1.05039,-23.1348
3064,1.05949,-18.1838
3065,1.02637,-17.1157
3066,1.06171,-29.1233
3067,1.04173,-34.9051
3068,1.05629,-30.0438
3069,1.05526,-30.0069
3070,1.00359,-12.6095
3071,1.01604,-24.1752
3072,1.04157,-47.0392
3073,1.03356,-19.4668
3074,1.05318,-16.2918
3075,1.01582,-21.0539
3076,0.984342,-15.7827
3077,1.04357,-18.7745
3078,0.9879,-27.7861
3079,1.00693,-22.1706
3080,1.03129,-43.6604
3081,1.01071,-12.8005
3082,1.06952,-10.1343
3083,1.0456,-17.553
3084,1.01373,-22.9444
3085,1.05232,-15.5594
3086,1.07226,-11.9959
3087,1.02006,-9.06406
3088,1.04175,-6.59054
3089,0.998665,-24.0657
3090,1.02292,-38.8632
3091,1.01481,-30.8552
3092,1.02375,-34.7338
3093,0.945378,-25.1764
3094,0.988978,-24.6423
3095,1.00389,-22.5967
3096,1.02746,-39.7719
3097,0.992397,-35.0238
3098,0.999864,-29.9291
3099,0.974262,-26.5312
3100,1.03547,-18.3825
3101,1.0553,-16.0703
3102,1.08342,-34.945
3103,1.06182,-12.7894
3104,0.988013,-24.4022
3105,0.992697,-23.2884
3106,1.05188,-11.0803
3107,1.0548,-10.7873
3108,1.01631,-39.4298
3109,1.05748,-32.5689
3110,1.05584,-17.4817
3111,1.04731,-22.0343
3112,1.02191,-24.0058
3113,1.00381,-63.4651
3114,1.02639,-23.0181
3115,1.02703,-24.1435
3116,1.12098,-16.5037
3117,1.11838,-9.99061
3118,1.11838,-9.99061
3119,1.0575,-16.4579
3120,1.05746,-16.4351
3121,1.05746,-16.4351
3122,1.02703,-49.8367
3123,1.0295,-15.2095
3124,1.01687,-58.8029
3125,1.04196,-22.2307
3126,1.0518,-5.27389
3127,1.02886,-17.7274
3128,0.946644,-15.5356
3129,0.974781,-16.7061
3130,1.05743,-25.785
3131,1.01531,-20.8841
3132,0.998904,-32.5028
3133,1.04928,-28.7804
3134,1.04432,-27.2672
3135,1.05742,-19.9678
3136,1.03957,-16.1521
3137,1.03574,-22.9978
3138,1.03644,-22.9783
3139,1.00167,-23.3047
3140,1.04108,-8.19282
3141,1.03173,-13.372
3142,1.034,-7.49637
3143,1.0539,-14.8992
3144,1.06954,-30.6997
3145,1.04166,-33.8595
3146,1.06955,-30.6995
3147,1.01598,-16.3776
3148,1.05067,-17.8239
3149,1.08354,-13.1319
3150,1.03575,-13.1507
3151,0.989887,-25.1168
3152,1.0242,-16.7079
3153,1.08456,-18.6124
3154,1.08075,-18.4138
3155,1.01382,-17.9827
3156,1.03983,-20.0948
3157,1.05611,-27.0919
3158,1.03018,-23.4683
3159,1.03888,-16.7893
3160,1.01754,-28.0112
3161,1.0121,-35.2255
3162,1.05941,-26.6527
3163,1.0849,-34.69
3164,1.03039,-12.7983
3165,1.08379,-8.68504
3166,1.0054,-14.1726
3167,1.07608,-31.4729
3168,1.06988,-31.2694
3169,1.02705,-31.1991
3170,1.03231,-13.3842
3171,1.01108,-22.4136
3172,1.02021,-15.8209
3173,1.01015,-33.9865
3174,1.0419,-11.4906
3175,1.03201,-29.8518
3176,1.04137,-25.4117
3177,1.01129,-57.9153
3178,0.994953,-12.9226
3179,1.06251,-20.9483
3180,1.05563,-18.1158
3181,1.03812,-22.6855
3182,0.980717,-25.5542
3183,1.06056,-28.0991
3184,1.04735,-33.8184
3185,1.03693,-32.2368
3186,1.00474,-24.0024
3187,1.01804,-22.0677
3188,1.05723,-13.4086
3189,1.01382,-16.3117
3190,1.01734,-21.525
3191,1.05724,-32.5999
3192,1.05722,-32.6022
3193,1.0327,-25.535
3194,1.06884,-11.2541
3195,1.04275,-17.4992
3196,1.01196,-28.5322
3197,1.02227,-29.6237
3198,1.04665,-24.9058
3199,1.04709,-26.7923
3200,1.04158,-15.4371
3201,1.00799,-25.0483
3202,1.00837,-21.8461
3203,1.01388,-22.3994
3204,1.0712,-31.5836
3205,1.07685,-31.335
3206,1.04586,-40.2587
3207,1.03131,-35.0615
3208,1.06991,-22.0113
3209,1.04245,-12.189
3210,1.09985,-5.01105
3211,1.0317,-23.6845
3212,1.05656,-32.6045
3213,0.984716,-15.0531
3214,1.00479,-31.5341
3215,1.0636,-33.2265
3216,0.996058,-36.9539
3217,1.03661,-33.2243
3218,1.00717,-47.353
3219,1.03083,-30.8278
3220,1.02858,-32.7506
3221,1.04453,-34.5901
3222,1.01954,-27.2533
3223,1.02433,-26.3888
3224,0.972537,-19.0403
3225,0.977503,-25.8139
3226,1.02732,-45.204
3227,0.987212,-33.4401
3228,1.03769,-29.8561
3229,1.01705,-17.745
3230,1.08151,-11.1906
3231,1.07784,-31.1364
3232,1.07787,-31.134
3233,1.07788,-31.1327
3234,1.03025,-31.3695
3235,0.98652,-46.7968
3236,1.09213,-18.8882
3237,1.09137,-18.986
3238,1.01804,-23.5065
3239,1.0522,-7.78093
3240,1.00233,-22.2568
3241,1.03753,-10.6017
3242,1.01664,-60.1876
3243,1.04444,3.98376
3244,1.04245,-35.8205
3245,1.00868,-23.5911
3246,1.02358,-17.2379
3247,1.04677,-16.116
3248,1.03741,-35.0093
3249,1.03067,-26.9347
3250,1.01717,-51.233
3251,1.04858,-17.8543
3252,1.01221,-35.1196
3253,1.07979,-10.9571
3254,1.02376,-21.3499
3255,1.02376,-21.3499
3256,1.02376,-21.35
3257,1.04225,-9.65408
3258,1.0243,-27.2543
3259,1.04633,-22.374
3260,1.04612,-36.0265
3261,1.01902,-21.7698
3262,1.03172,-29.3027
3263,1.05943,-23.0497
3264,1.03528,-15.3743
3265,1.04788,-23.6705
3266,1.03208,-11.025
3267,1.06945,-31.2559
3268,0.950013,-38.192
3269,1.03237,-23.2755
3270,1.01928,-20.8118
3271,1.05686,-32.6416
3272,0.982113,-33.7096
3273,1.08081,-30.3354
3274,1.03602,-16.9827
3275,1.01889,-34.5475
3276,0.994454,-15.6482
3277,1.06445,-27.0084
3278,1.00269,-22.3664
3279,1.03632,-20.3308
3280,1.10111,-20.4499
3281,1.05562,-22.2733
3282,1.0566,-17.0659
3283,1.00556,-22.3517
3284,1.00507,-22.0499
3285,1.03632,-20.3308
3286,1.03653,-20.3309
3287,1.04124,-15.5603
3288,1.03327,-12.6098
3289,1.06532,-26.8625
3290,1.08541,-10.1092
3291,1.0789,-10.1092
3292,1.05384,-28.389
3293,1.06091,-27.3785
3294,1.01217,-19.2861
3295,1.04397,-11.5371
3296,0.992803,-34.9582
3297,1.05697,-15.1456
3298,1.07806,-9.26772
3299,1.02553,-26.2701
3300,1.02222,-26.7435
3301,0.996064,-23.79
3302,1.03565,-20.8852
3303,0.982563,-53.1267
3304,1.00164,-59.9208
3305,1.0545,-28.2825
3306,1.01919,-36.1815
3307,1.00421,-21.6589
3308,1.03489,-17.7472
3309,1.04005,-29.6144
3310,1.06918,-14.133
3311,1.00716,-31.2675
3312,1.01538,-24.9016
3313,1.03016,-10.4668
3314,1.0345,-31.863
3315,1.03352,-49.2153
3316,1.03065,-8.94017
3317,1.1187,-13.6311
3318,1.11639,-13.232
3319,1.12219,-13.3815
3320,1.11871,-13.4121
3321,1.04434,-20.7149
3322,1.02621,-17.5881
3323,1.0778,-14.3361
3324,1.03057,-17.7544
3325,1.02927,-17.9543
3326,1.03214,-25.3999
3327,1.0163,-22.1046
3328,1.05995,-33.4936
3329,1.05949,-33.545
3330,1.03523,-12.9829
3331,1.01949,-21.2419
3332,1.04145,-16.227
3333,1.04177,-16.2021
3334,1.05028,-12.9957
3335,1.0559,-12.7706
3336,1.06558,-9.64893
3337,1.01232,-22.3474
3338,1.02369,-33.8856
3339,0.983627,-31.0105
3340,1.0331,-34.1587
3341,1.03399,-34.118
3342,1.03555,-33.3675
3343,1.03189,-14.2104
3344,0.999814,-29.9277
3345,1.06017,-29.6507
3346,1.06487,-26.1589
3347,1.0294,-17.6098
3348,1.00047,-48.4357
3349,1.00664,-33.725
3350,1.04718,-30.1258
3351,1.04469,-25.8523
3352,1.05807,-20.237
3353,1.0017,-24.3961
3354,1.04717,-18.9136
3355,1.02079,-17.6912
3356,1.02474,-17.2572
3357,1.03323,-16.5941
3358,1.04373,-27.2198
3359,0.98951,-37.8635
3360,1.01667,-40.9144
3361,1.03021,-38.7578
3362,1.00309,-32.5291
3363,1.05635,-17.2068
3364,1.07377,-13.0058
3365,1.0246,-34.7849
3366,1.12995,-9.58479
3367,1.0877,-9.58195
3368,1.06968,-24.2414
3369,1.03812,-58.0595
3370,1.00712,-61.3573
3371,1.0472,-19.9887
3372,1.11118,-15.3406
3373,1.11217,-15.126
3374,1.1122,-15.1339
3375,1.04045,-23.0807
3376,1.02538,-17.8032
3377,1.03983,-38.4367
3378,1.05214,-14.5803
3379,1.06925,-30.8979
3380,1.02715,-27.9389
3381,1.04647,-23.5371
3382,1.05851,-28.732
3383,1.06152,-28.6477
3384,1.05471,-29.0027
3385,1.05103,-14.9043
3386,0.967642,-24.6338
3387,1.01659,-56.4979
3388,1.00291,-20.54
3389,1.03356,-12.6559
3390,1.08475,-34.7517
3391,1.00663,-29.3205
3392,1.0177,-26.7659
3393,0.957274,-38.9265
3394,1.00227,-40.3305
3395,1.05838,-31.8347
3396,1.06327,-27.8443
3397,1.04553,-24.8687
3398,1.02497,-19.4959
3399,1.0462,-19.469
3400,1.06508,-14.2342
3401,0.985214,-24.4761
3402,0.991886,-23.8033
3403,1.0024,-35.125
3404,0.99654,-27.36
3405,0.996539,-27.36
3406,1.00771,-32.5354
3407,1.07123,-12.2685
3408,1.0538,-13.0868
3409,1.03701,-17.3555
3410,0.9921,-24.0542
3411,1.00394,-21.1072
3412,1.04037,-30.6596
3413,1.07731,-7.53402
3414,1.03057,-19.1638
3415,1.04874,-16.3326
3416,1.07941,-20.5682
3417,1.01715,-35.1458
3418,1.05759,-16.5915
3419,1.03613,-24.2925
3420,1.02986,-31.4271
3421,1.03098,-25.208
3422,1.03652,-9.94709
3423,1.04344,-22.374
3424,1.03406,-12.9237
3425,1.04988,-29.5343
3426,1.04649,-37.713
3427,1.078,-31.1243
3428,1.03098,-25.4952
3429,1.02261,-52.2754
3430,1.00824,-7.20069
3431,1.00638,-11.7047
3432,1.02609,-18.1364
3433,1.08302,-10.5753
3434,0.999195,-51.0742
3435,0.983542,-53.8973
3436,1.01849,-51.2375
3437,1.03092,-27.8456
3438,1.05179,-29.8507
3439,1.0526,-59.1904
3440,1.06379,-54.5994
3441,1.01242,-25.7251
3442,0.984932,-21.3804
3443,1.00695,-58.0167
3444,1.02874,-52.3923
3445,1.032,-59.2264
3446,1.0482,-27.1338
3447,1.01516,-54.3112
3448,1.02067,-54.711
3449,1.02717,-38.9989
3450,1.02405,-62.3439
3451,1.01054,-57.5607
3452,1.02326,-11.9642
3453,1.02162,-22.3203
3454,1.05335,-39.4746
3455,1.01523,-27.6926
3456,1.03421,-24.3229
3457,1.01848,-41.3251
3458,1.06184,-27.8788
3459,1.03624,-24.6526
3460,1.0311,-27.2996
3461,1.01575,-23.8928
3462,1.03714,-28.7593
3463,1.017,-14.3439
3464,1.03878,-29.8382
3465,1.0541,-27.9841
3466,1.014,-24.254
3467,1.03205,-35.3072
3468,1.06077,-27.926
3469,1.03924,-24.0496
3470,1.08326,-13.1506
3471,1.03575,-13.1507
3472,1.02235,-37.1028
3473,1.02232,-37.105
3474,1.02235,-37.1027
3475,1.02227,-37.1111
3476,1.07352,-26.6746
3477,1.07615,-26.4005
3478,1.07351,-26.6746
3479,1.07351,-26.6746
3480,0.994023,-35.0152
3481,0.994022,-35.0152
3482,1.02236,-37.1024
3483,1.04746,-35.2013
3484,1.0591,-35.8383
3485,1.05973,-32.136
3486,0.971599,-54.5005
3487,1.02295,-34.9627
3488,1.02523,-52.8465
3489,1.02678,-16.864
3490,1.02777,-13.2182
3491,1.1,-4.67124
3492,1.01731,-45.5358
3493,1.08889,-9.95192
3494,1.02708,-26.5295
3495,0.997956,-63.6309
3496,1.01911,-33.597
3497,1.015,-22.0792
3498,1.04057,-41.7263
3499,1.01113,-11.6798
3500,1.05176,-16.0595
3501,1.03143,-19.5229
3502,1.06346,-3.59313
3503,1.06241,1.42001
3504,1.08249,-3.02753
3505,1.05686,-28.5519
3506,1.0558,-28.5519
3507,1.03829,-18.7603
3508,1.0295,-15.2095
3509,1.0425,-10.2777
3510,1.05967,-58.0552
3511,1.02435,-47.0815
3512,1.01857,-24.3491
3513,1.03929,-18.0343
3514,1.04451,-21.6603
3515,1.07669,-10.0986
3516,1.07675,-10.0876
3517,1.03211,-27.4644
3518,1.06467,-24.046
3519,1.02492,-28.8443
3520,1.02995,-25.9579
3521,1.06011,-29.3957
3522,1.0566,-28.6381
3523,1.05785,-25.5906
3524,1.03034,-28.6086
3525,1.01195,-22.1897
3526,1.01766,-28.0061
3527,1.01983,-23.8805
3528,1.05791,-32.1759
3529,1.07738,-8.38384
3530,0.996203,-13.0983
3531,1.02378,-21.3505
3532,1.0006,-34.5318
3533,1.078,-14.3144
3534,1.07797,-14.3281
3535,1.05765,-5.31432
3536,1.05758,-5.32192
3537,1.06725,-4.84768
3538,1.05502,-26.1243
3539,1.0365,-23.6726
3540,1.07406,-8.06847
3541,1.0279,-20.8229
3542,0.988488,-28.8407
3543,1.01464,-24.0776
3544,1.05259,-17.8244
3545,1.05607,-46.136
3546,1.068,-41.7532
3547,1.05755,-12.6847
3548,1.03337,-23.0076
3549,1.13058,-9.59483
3550,1.03847,-13.3149
3551,0.993069,-63.5079
3552,1.01221,-44.2374
3553,1.05671,-31.6442
3554,1.03263,-34.4596
3555,1.02651,-37.9487
3556,1.05454,-32.6086
3557,0.990013,-9.00953
3558,1.03787,-19.8628
3559,1.00175,-27.3119
3560,1.03207,-24.4448
3561,1.02908,-39.5515
3562,1.08404,-34.8211
3563,1.08406,-34.8213
3564,1.02922,-39.4496
3565,1.0841,-34.8137
3566,1.01994,-14.1911
3567,1.03223,-44.3838
3568,1.03224,-17.4867
3569,1.02159,-16.4208
3570,1.05273,-28.1421
3571,1.02163,-18.8599
3572,1.04355,-28.4017
3573,1.05825,-24.9777
3574,1.0561,-32.6571
3575,1.04978,-24.6794
3576,0.987628,-64.6805
3577,1.05261,-20.3822
3578,1.03306,-24.5998
3579,1.05939,-23.0493
3580,1.0467,-29.6634
3581,1.04756,-19.7331
3582,1.04136,-28.7249
3583,1.047,-32.4738
3584,1.04276,-34.2353
3585,1.02667,-26.1379
3586,1.05297,-15.5878
3587,1.0612,-10.8185
3588,1.04339,-15.8206
3589,1.04133,-15.7781
3590,1.0047,-29.616
3591,1.03245,-31.1067
3592,0.995804,-25.8684
3593,1.05463,-29.5143
3594,1.00754,-7.1933
3595,1.05925,-5.60429
3596,1.03857,-17.6542
3597,1.08134,-13.5297
3598,1.06498,-26.8674
3599,1.04696,-20.9283
3600,1.04096,-15.701
3601,1.04152,-12.9393
3602,1.02051,-58.6344
3603,1.04829,-53.1462
3604,1.06349,-5.49643
3605,1.04688,-4.14374
3606,1.03047,-16.6627
3607,1.07777,-7.90058
3608,1.01471,-16.3753
3609,1.02983,-11.8015
3610,1.04616,-27.4656
3611,1.03931,-12.6443
3612,1.04502,-31.5752
3613,1.05982,-30.5818
3614,1.05998,-31.4918
3615,1.0687,-25.538
3616,1.06812,-25.9574
3617,1.01038,-41.1658
3618,1.00776,-41.0744
3619,1.01389,-32.307
3620,1.04861,-29.097
3621,1.04532,-18.1945
3622,1.02909,-26.7412
3623,1.05308,-47.7259
3624,1.05369,-40.8984
3625,1.05255,-14.4902
3626,1.03921,-29.8288
3627,1.03923,-29.8269
3628,1.00088,-32.4499
3629,1.00087,-32.47
3630,1.03924,-29.8251
3631,1.08058,-26.3422
3632,1.01019,-34.1001
3633,1.07077,-31.6529
3634,1.0345,-21.3163
3635,1.04313,-13.3044
3636,1.04395,-17.6748
3637,1.00845,-41.3103
3638,1.03643,-23.1807
3639,1.03924,-20.5783
3640,1.0298,-32.2879
3641,1.02446,-32.9705
3642,1.02973,-20.3495
3643,1.03081,-25.7162
3644,1.01257,-30.0722
3645,1.02328,-12.4831
3646,1.01847,-11.7258
3647,1.05661,-14.0797
3648,1.07207,-10.4162
3649,1.00409,-50.3072
3650,1.02375,-21.3496
3651,1.06382,-4.45882
3652,1.00218,-22.4293
3653,1.00716,-22.7251
3654,1.03436,-20.8337
3655,1.04072,-17.2437
3656,1.04159,-15.1915
3657,1.0247,-10.3762
3658,1.01778,-17.5898
3659,1.0174,-17.5699
3660,0.992165,-26.1359
3661,1.00625,-52.6564
3662,1.03996,-12.2855
3663,1.08438,-9.40882
3664,1.01706,-56.1522
3665,1.05735,-49.6682
3666,1.05966,-51.1978
3667,1.033,-14.3085
3668,1.04615,-27.6105
3669,1.02926,-18.9189
3670,1.0489,-24.5343
3671,1.05384,-21.1179
3672,1.01514,-33.6349
3673,1.01779,-21.1246
3674,1.06274,-28.6952
3675,1.08786,-25.2731
3676,1.03817,-12.45
3677,1.03907,-12.3341
3678,1.06231,-20.9787
3679,1.06925,-14.1089
3680,1.04469,-15.7461
3681,1.04086,-16.496
3682,0.992393,-15.0941
3683,1.07043,-12.2522
3684,1.00786,-32.4372
3685,1.00046,-31.9915
3686,1.01462,-9.52685
3687,1.04435,-21.6819
3688,1.05963,-10.1344
3689,1.03961,-21.9283
3690,1.0503,-26.9051
3691,1.01545,-24.9086
3692,1.04722,-28.4973
3693,1.03943,-29.2666
3694,1.03852,-25.8631
3695,1.04345,-58.3137
3696,1.05199,-19.427
3697,1.00602,-20.6567
3698,1.00824,-67.5188
3699,1.00382,-59.2825
3700,1.01732,-60.4448
3701,1.01481,-21.9707
3702,0.992936,-33.5312
3703,1.05939,-14.1541
3704,1.05945,-33.4833
3705,1.06785,-29.5319
3706,1.02119,-33.4631
3707,1.07328,-19.0768
3708,0.993666,-34.9224
3709,1.0396,-16.6607
3710,1.07521,-11.5501
3711,1.00305,-18.3398
3712,1.07432,-15.7134
3713,1.03791,-57.1084
3714,1.04735,-28.8226
3715,1.05549,-29.7824
3716,1.05863,-28.3074
3717,1.04133,-16.0407
3718,1.00669,-21.582
3719,1.04948,-37.9137
3720,1.00952,-41.5491
3721,1.05675,-21.7584
3722,1.03766,-49.1689
3723,1.03018,-51.4199
3724,1.03637,-44.5467
3725,1.03637,-44.5467
3726,1.03636,-44.5467
3727,0.964856,-24.5444
3728,1.02261,-23.9272
3729,1.10667,-23.8956
3730,1.06719,-23.5835
3731,1.01289,-14.9039
3732,0.981574,-36.2016
3733,1.01043,-35.5096
3734,1.03433,-34.5768
3735,1.07279,-30.9762
3736,1.03772,-49.1675
3737,1.03145,-48.9159
3738,1.03636,-44.5467
3739,1.01002,-21.3157
3740,1.03458,-32.6723
3741,1.03455,-32.6768
3742,1.02078,-17.0043
3743,1.08039,-12.1725
3744,1.05798,-30.0936
3745,1.0605,-27.4538
3746,1.08873,-25.2445
3747,1.01137,-18.197
3748,1.03361,-18.923
3749,1.02245,-13.5865
3750,1.03103,-16.0449
3751,1.07558,-14.1861
3752,1.06689,-12.5278
3753,1.06667,-31.6766
3754,1.01677,-10.4521
3755,1.01519,-43.6148
3756,1.05825,-39.4702
3757,1.04936,-47.0816
3758,1.0316,-19.1072
3759,1.03586,-18.1329
3760,1.00185,-63.9002
3761,0.986654,-27.0548
3762,1.03302,-35.2374
3763,1.00368,-22.3369
3764,1.03864,-16.9069
3765,1.01667,-15.0145
3766,1.00259,-44.5402
3767,1.08444,-12.1126
3768,1.03572,-26.9749
3769,1.03478,-26.7304
3770,1.0923,-9.21786
3771,1.02863,-14.0815
3772,1.00825,-23.9311
3773,1.02064,-29.4724
3774,1.08086,-22.8795
3775,1.00003,-28.3738
3776,1.03409,-14.0957
3777,1.01664,-15.273
3778,1.04548,-15.4865
3779,1.08215,-13.3611
3780,1.08216,-13.3668
3781,1.08201,-13.3673
3782,1.0279,-31.2794
3783,1.04916,-25.5029
3784,1.07998,-19.2461
3785,1.02538,-38.6699
3786,1.04378,3.54834
3787,1.04385,3.79055
3788,1.05312,-41.4562
3789,1.05297,-41.5354
3790,1.05297,-41.5354
3791,1.05317,-41.4464
3792,1.05297,-41.5354
3793,1.03906,-21.7502
3794,0.997937,-21.077
3795,1.03179,-14.787
3796,1.06239,-11.5287
3797,1.06926,-11.3037
3798,1.02896,-32.7312
3799,1.0325,-18.9261
3800,1.01838,-17.6459
3801,1.02826,-21.0543
3802,1.03215,-15.9731
3803,1.05744,-32.5232
3804,1.05717,-32.5364
3805,1.02158,-5.78535
3806,1.02159,-5.78674
3807,1.02159,-5.78674
3808,1.02159,-5.78674
3809,1.02678,-17.7533
3810,1.06696,-15.5273
3811,1.07589,-13.8042
3812,0.976747,-16.4737
3813,1.05533,-16.9831
3814,0.975934,-24.8978
3815,1.05852,-16.1941
3816,1.09789,-15.5431
3817,1.09454,-9.49233
3818,1.09468,-9.58195
3819,1.05865,-16.1916
3820,1.0586,-16.171
3821,1.0586,-16.1713
3822,1.01989,-46.3568
3823,1.03955,-30.446
3824,0.988122,-24.236
3825,1.02154,-32.8721
3826,1.03038,-29.6507
3827,1.06014,-33.6511
3828,1.0825,-30.4833
3829,1.08234,-30.4953
3830,1.01878,-11.5077
3831,1.01636,-11.3864
3832,1.07777,-10.1428
3833,1.08168,-12.9726
3834,1.07227,-24.1937
3835,1.05708,-24.8827
3836,1.02296,-29.1242
3837,1.04489,-12.0622
3838,1.01468,-20.5577
3839,1.04015,-22.8988
3840,1.04572,-19.2361
3841,1.05599,-16.5048
3842,1.06349,-9.94911
3843,1.00305,-26.8636
3844,1.04173,-20.6844
3845,1.04271,-34.2428
3846,1.03828,-28.3231
3847,1.01493,-22.352
3848,1.03545,-24.4218
3849,1.04981,-15.5042
3850,1.0319,-17.4504
3851,1.06789,-14.2675
3852,1.04482,-12.355
3853,1.04501,-13.6917
3854,1.02729,-17.1535
3855,1.03335,-17.6834
3856,1.02489,-13.4304
3857,0.990338,-24.1855
3858,1.0446,-19.9278
3859,1.01822,-21.6322
3860,1.06821,-30.9819
3861,1.05415,-30.5927
3862,1.08059,-13.0917
3863,1.03114,-25.2126
3864,1.01641,-21.3019
3865,1.0439,-18.0916
3866,1.04552,-27.6533
3867,1.01536,-29.6138
3868,0.99613,-28.3247
3869,1.04991,-16.365
3870,1.05698,-25.8526
3871,1.02396,-20.7629
3872,1.08872,-25.2457
3873,1.05422,-16.8196
3874,1.07056,-13.5371
3875,1.0139,-21.8289
3876,1.03051,-31.1626
3877,1.02663,-22.9947
3878,0.998966,-23.7915
3879,1.04027,-22.8965
3880,1.01589,-33.7263
3881,1.0713,-31.5807
3882,1.07687,-31.3354
3883,1.00931,-23.4275
3884,1.02034,-11.7509
3885,1.01664,-11.3945
3886,1.00503,-29.6379
3887,0.959949,-36.6729
3888,1.02725,-20.0954
3889,1.02164,-18.8708
3890,1.00232,-26.1376
3891,0.984007,-28.7438
3892,1.01886,-32.8863
3893,1.0117,-53.8118
3894,1.06348,-16.2054
3895,0.986968,-22.9088
3896,1.01623,-39.8662
3897,1.03173,-22.9187
3898,1.05245,-20.2719
3899,1.00399,-23.0478
3900,1.0227,-55.6081
3901,1.04768,-50.3569
3902,1.01603,-37.6588
3903,1.04649,-21.9217
3904,1.02035,-62.461
3905,1.08814,-25.6187
3906,1.07993,-26.8139
3907,1.09114,-22.996
3908,1.07244,-8.81877
3909,1.05296,-26.4046
3910,1.06742,-14.5993
3911,1.05484,-15.6499
3912,1.048,-17.0658
3913,1.0191,-18.7762
3914,1.01124,-20.1894
3915,1.0024,-16.5937
3916,1.03948,-31.0581
3917,1.04598,-26.39
3918,1.045,-15.5989
3919,1.04624,-17.0817
3920,1.03639,-23.1466
3921,1.0364,-23.1418
3922,1.02455,-25.8433
3923,1.05891,-29.7803
3924,1.05292,-29.4376
3925,1.04521,-24.9222
3926,1.07654,-18.4232
3927,0.992009,-21.5296
3928,1.01141,-21.5575
3929,1.0557,-14.2196
3930,1.04765,-17.1112
3931,1.07507,-11.5999
3932,1.01027,-19.3716
3933,0.9925,-37.6073
3934,1.08481,-34.7235
3935,1.08464,-34.7374
3936,1.05372,-9.20339
3937,1.07672,-6.97696
3938,1.0581,-3.58558
3939,1.04343,-31.5616
3940,1.05525,-16.2551
3941,1.05231,-12.3999
3942,1.04266,-16.1056
3943,1.06345,-13.7012
3944,1.01323,-61.0177
3945,1.0527,-27.1073
3946,1.06744,-20.2455
3947,1.08533,-32.1798
3948,1.06948,-31.2541
3949,1.03476,-25.5233
3950,1.00215,-37.1534
3951,1.0033,-20.1415
3952,1.06997,-31.2805
3953,1.06971,-31.2831
3954,1.01746,-17.9669
3955,1.01696,-18.4772
3956,1.06168,-12.8634
3957,1.05068,-31.4268
3958,1.04363,-31.8838
3959,1.02807,-31.0488
3960,1.02827,-31.053
3961,0.994592,-37.4273
3962,1.06543,-31.5589
3963,1.06575,-31.6424
3964,1.04869,-47.3742
3965,1.04637,-13.6776
3966,1.06998,-8.29935
3967,1.02403,-37.8839
3968,0.999036,-7.32351
3969,1.02383,-11.0634
3970,1.02575,-14.5208
3971,1.02318,-10.9021
3972,1.02248,-10.9876
3973,1.03798,-18.8491
3974,1.01377,-11.8179
3975,1.01629,-11.5973
3976,1.08103,-9.51216
3977,1.0118,-17.9624
3978,1.06108,-29.3519
3979,1.05571,-30.0164
3980,1.08529,-25.742
3981,1.03853,-23.8796
3982,1.03959,-28.6111
3983,1.02835,-12.3033
3984,1.01809,-17.5448
3985,1.01027,-17.0874
3986,1.02425,-25.6167
3987,1.01305,-10.2418
3988,1.03296,-31.3512
3989,1.01279,-21.2241
3990,1.00703,-32.6862
3991,1.07605,-10.1046
3992,1.05354,-13.3358
3993,1.04916,-13.2665
3994,1.05156,-31.0442
3995,1.02677,-17.763
3996,1.07682,-11.4871
3997,1.0613,-14.3094
3998,1.06653,-13.5681
3999,1.0138,-19.0395
4000,1.05288,-28.6638
4001,1.00916,-33.6124
4002,1.02526,-32.3865
4003,1.00193,-19.949
4004,1.05351,-28.3931
4005,1.08418,-25.9879
4006,1.01121,-31.5392
4007,1.06438,-15.0722
4008,1.04521,-29.2929
4009,1.03579,-22.9942
4010,1.03988,-16.9259
4011,1.03414,-11.4061
4012,1.03515,-37.2806
4013,1.02724,-27.3805
4014,1.01696,-18.4772
4015,1.0254,-23.7425
4016,1.02009,-24.434
4017,1.02711,-13.6559
4018,1.07548,-10.5925
4019,1.02081,-14.1122
4020,1.07824,-6.74896
4021,1.01988,-18.3077
4022,1.06503,-23.8861
4023,1.03976,-13.7654
4024,1.04835,-59.279
4025,1.05712,-13.1028
4026,1.04504,-17.128
4027,1.07339,-12.6139
4028,1.08348,-7.88531
4029,0.969315,-27.4639
4030,1.01586,-17.3199
4031,1.04028,-32.0067
4032,1.02723,-19.2465
4033,1.03496,-35.085
4034,1.02302,-28.7779
4035,1.02611,-25.8325
4036,1.03555,-12.4522
4037,1.07746,-10.7495
4038,1.04124,-15.5603
4039,1.01985,-10.0351
4040,1.05384,-34.2379
4041,1.01846,-28.6007
4042,1.07532,-15.0307
4043,1.07128,-12.2546
4044,1.01058,-32.2404
4045,0.986928,-24.5124
4046,1.05622,-23.4593
4047,1.07089,-30.6122
4048,1.05975,-31.5709
4049,1.06767,-26.3279
4050,1.02747,-29.0088
4051,1.03737,-13.6542
4052,1.07478,-8.0312
4053,1.0278,-31.4781
4054,0.998335,-66.7666
4055,1.06317,-11.4413
4056,1.03123,-17.5366
4057,1.01445,-33.1026
4058,1.01445,-33.1026
4059,1.04755,-23.3229
4060,1.03736,-48.344
4061,0.999957,-22.5535
4062,1.05837,-32.0335
4063,1.06136,-13.0733
4064,1.06694,-8.14726
4065,1.02266,-61.9508
4066,1.04757,-27.6455
4067,1.05632,-15.7266
4068,1.05684,-13.116
4069,1.00913,-21.7557
4070,1.01988,-21.0565
4071,1.05023,-40.9463
4072,0.999552,-44.2733
4073,0.996112,-36.9089
4074,1.02237,-26.5852
4075,1.03207,-34.6957
4076,1.02759,-32.7945
4077,1.02728,-32.7917
4078,1.05745,-32.5238
4079,1.03193,-16.0778
4080,0.979389,-25.1216
4081,1.03056,-31.1955
4082,1.08637,-31.3009
4083,1.06917,-9.1648
4084,1.05488,-16.9653
4085,1.0118,-17.9624
4086,1.02954,-54.3432
4087,0.990636,-27.4745
4088,1.03739,-19.522
4089,1.02643,-18.6562
4090,1.02179,-34.9623
4091,1.02628,-17.9782
4092,1.03794,-21.4958
4093,1.04712,-15.963
4094,0.970982,-29.8553
4095,1.05168,-29.846
4096,0.999722,-36.3725
4097,0.994198,-32.9593
4098,1.05499,-40.3236
4099,0.984542,-26.7476
4100,1.01789,-34.3596
4101,1.04616,-19.6944
4102,1.07573,-14.8074
4103,1.03624,-23.7063
4104,1.03646,-23.6845
4105,1.06674,-23.6001
4106,1.0725,-21.3441
4107,1.01224,-32.0942
4108,1.03978,-22.8685
4109,1.03853,-35.2667
4110,1.06088,-25.136
4111,1.07214,-24.2481
4112,1.02675,-16.1376
4113,1.01743,-42.4695
4114,1.04361,-28.3483
4115,1.01716,-47.7334
4116,1.05668,-16.2666
4117,1.05669,-16.2657
4118,1.03496,-28.6248
4119,1.04079,-24.9316
4120,1.04095,-16.9002
4121,1.04252,-14.6352
4122,1.02839,-11.2696
4123,1.03594,-49.6457
4124,1.01867,-17.9007
4125,1.00139,-53.7822
4126,1.06314,-31.9678
4127,1.04934,-28.1941
4128,1.04726,-22.4044
4129,1.06349,-24.0832
4130,1.03573,-15.5683
4131,0.985889,-32.0865
4132,1.03285,-16.6591
4133,1.03749,-19.8502
4134,1.03947,-15.5478
4135,1.04533,-15.2172
4136,1.02694,-30.6672
4137,1.08889,-6.19751
4138,1.02565,-29.2538
4139,1.04545,-11.0268
4140,1.02832,-42.4028
4141,1.0586,-46.0805
4142,1.049,-41.0482
4143,1.04637,-11.3825
4144,1.07632,-9.23783
4145,0.991998,-26.0569
4146,1.03147,-30.2034
4147,1.03905,-17.0292
4148,1.03336,-17.2837
4149,1.02405,-13.4411
4150,1.02791,-6.47084
4151,1.02793,-6.46661
4152,1.01516,-29.7256
4153,1.0539,-26.7456
4154,1.02814,-17.4416
4155,1.01144,-14.3981
4156,1.03547,-18.8524
4157,1.08254,-30.4611
4158,1.06246,-28.2266
4159,1.06267,-28.7028
4160,1.04368,-14.1866
4161,1.01578,-33.591
4162,1.03501,-47.0687
4163,1.01802,-29.2982
4164,1.07037,-28.526
4165,1.05601,-23.5789
4166,0.981858,-29.3319
4167,1.05225,-15.2917
4168,1.05147,-19.8134
4169,1.06723,-10.5658
4170,1.02078,-49.8728
4171,1.05454,-44.7458
4172,1.05758,-5.32189
4173,1.09696,-5.32027
4174,1.02481,-29.5141
4175,1.03766,-44.4676
4176,1.04786,-15.7933
4177,1.0043,-20.6197
4178,1.04409,-29.155
4179,1.0319,-38.2291
4180,1.04075,-17.2418
4181,1.01848,-60.0911
4182,1.04962,-53.5379
4183,1.00211,-57.8267
4184,1.02414,-11.9508
4185,1.04041,-19.4274
4186,1.04051,-19.4293
4187,1.04657,-4.07185
4188,1.04657,-4.07185
4189,1.01241,-24.2248
4190,1.03872,-19.3533
4191,1.03521,-28.7592
4192,1.0141,-31.2912
4193,1.01437,-31.2611
4194,1.00497,-25.5164
4195,1.02426,-13.0566
4196,1.03469,-16.2446
4197,1.01733,-22.802
4198,1.02212,-27.4391
4199,1.02422,-38.7625
4200,1.03305,-23.3453
4201,1.03237,-23.392
4202,1.02956,-13.1742
4203,1.02956,-13.1742
4204,1.03004,-13.1376
4205,1.03301,-31.0413
4206,0.973433,-26.9189
4207,1.01969,-36.0584
4208,1.06029,-30.06
4209,1.05283,-34.5417
4210,1.06349,-12.8365
4211,1.07615,-10.8472
4212,1.05833,-58.379
4213,1.02801,-33.2177
4214,1.02787,-33.0736
4215,1.03081,-16.9028
4216,1.04398,-11.6501
4217,1.04253,-12.1216
4218,1.09319,-8.40408
4219,1.10168,-3.35639
4220,0.954827,-26.2316
4221,1.04995,-33.773
4222,1.02559,-38.5655
4223,1.02633,-38.4872
4224,1.05003,-33.759
4225,1.04979,-35.0827
4226,1.04873,-34.9428
4227,1.0591,-31.5195
4228,1.02347,-26.4867
4229,1.01641,-27.8315
4230,1.01398,-22.1433
4231,1.05356,-19.4908
4232,0.991961,-23.8671
4233,1.0029,-18.1569
4234,1.00316,-22.3155
4235,1.02374,-49.2307
4236,1.02757,-23.9286
4237,1.01885,-20.8685
4238,1.01875,-20.9052
4239,1.02503,-41.1031
4240,1.03425,-38.6687
4241,1.02886,-52.348
4242,1.03768,-38.1764
4243,1.06498,-34.6591
4244,1.05022,-10.0396
4245,0.970335,-29.5998
4246,1.02906,-22.5949
4247,1.01165,-19.8709
4248,1.01471,-13.2499
4249,1.04784,-11.32
4250,1.05885,-16.396
4251,1.06902,-11.2381
4252,1.02558,-17.2252
4253,1.06349,-16.2056
4254,1.06869,-13.1249
4255,1.04997,-18.1918
4256,1.06414,-12.6497
4257,1.04138,-27.8696
4258,1.01842,-17.4913
4259,1.05993,-7.32047
4260,1.00798,-62.5075
4261,1.02357,-33.7926
4262,1.07406,-8.06848
4263,1.06349,-7.64647
4264,1.06349,-7.60435
4265,1.0364,-35.7518
4266,1.01533,-22.121
4267,1.03438,-45.0213
4268,1.01519,-20.885
4269,1.05656,-14.8575
4270,1.01466,-19.7316
4271,1.0179,-18.9346
4272,0.931926,-31.0743
4273,1.0284,-28.9422
4274,0.98637,-20.5437
4275,0.995469,-24.049
4276,0.997878,-22.5409
4277,1.05198,-14.7106
4278,0.989619,-32.9582
4279,0.989079,-33.0471
4280,1.0556,-6.04203
4281,1.00657,-22.2152
4282,1.01934,-20.4849
4283,1.01632,-22.0995
4284,1.07187,-20.6789
4285,1.083,-17.9515
4286,1.08299,-17.9579
4287,1.05757,-13.2745
4288,1.05469,-30.3011
4289,1.02049,-21.1758
4290,1.10568,-17.0711
4291,1.06808,-17.0711
4292,1.0725,-12.606
4293,1.04814,-16.5795
4294,1.08022,-11.5748
4295,1.01707,-19.1995
4296,1.03079,-38.4889
4297,1.01594,-37.1604
4298,1.01548,-37.17
4299,1.05984,-13.1378
4300,1.04287,-29.8803
4301,1.04028,-16.9958
4302,1.00176,-32.0944
4303,1.04542,-17.063
4304,1.06681,-13.4176
4305,1.02014,-58.9614
4306,1.00729,-28.8194
4307,1.00697,-28.8584
4308,1.05036,-13.8003
4309,1.04597,-14.0912
4310,1.02099,-27.0775
4311,1.05712,-21.397
4312,1.05586,-21.67
4313,1.05548,-29.7819
4314,1.01339,-29.6251
4315,1.05031,-15.2161
4316,1.01471,-21.8471
4317,1.01195,-38.8889
4318,1.00668,-28.9634
4319,1.05431,-8.24479
4320,1.04424,-17.0511
4321,1.01901,-50.6098
4322,1.03825,-57.1203
4323,1.03721,-10.6282
4324,1.07788,-7.96146
4325,1.02515,-24.1143
4326,1.03022,-57.6655
4327,1.03697,-12.6243
4328,1.00314,-27.4127
4329,1.01569,-14.3953
4330,1.02051,-11.6869
4331,1.07909,-10.0624
4332,1.07559,-9.73358
4333,1.02924,-21.2887
4334,1.02394,-30.8434
4335,1.02689,-20.2778
4336,1.01914,-39.9245
4337,1.0278,-29.6569
4338,0.966008,-25.3693
4339,1.06706,-42.0724
4340,1.06706,-42.072
4341,1.06708,-42.075
4342,1.03745,-46.7759
4343,1.0671,-42.0618
4344,1.01346,-20.2283
4345,1.04452,-18.0562
4346,1.03845,-13.3146
4347,1.08855,-9.16885
4348,1.01766,-19.6417
4349,1.0135,-21.0359
4350,1.04538,-18.1348
4351,1.04574,-18.1388
4352,1.0518,-5.27389
4353,1.05817,-40.6631
4354,1.01794,-42.3588
4355,1.05829,-40.6366
4356,1.0041,-62.0471
4357,1.03754,-22.0721
4358,1.0273,-17.2637
4359,1.02616,-12.8456
4360,1.00767,-36.9472
4361,1.00811,-34.1166
4362,1.01692,-23.4428
4363,0.998557,-31.8256
4364,1.03016,-51.3811
4365,1.02492,-31.9782
4366,1.02256,-32.227
4367,1.00831,-35.2689
4368,1.04973,-27.2137
4369,1.01885,-17.3208
4370,1.01783,-20.6867
4371,1.02312,-19.9197
4372,1.04369,-19.7083
4373,1.00973,-20.2783
4374,1.00954,-21.8827
4375,1.0221,-20.4342
4376,0.989106,-16.0846
4377,0.981278,-25.183
4378,0.986928,-24.5124
4379,1.0351,-44.2493
4380,1.01248,-22.351
4381,1.01841,-50.7327
4382,1.01592,-21.3755
4383,1.00756,-32.8131
4384,1.03826,-12.7001
4385,1.08232,-30.4994
4386,1.08805,-31.934
4387,1.02645,-10.8119
4388,1.01773,-21.3801
4389,1.05115,-17.7837
4390,1.07771,-39.5406
4391,1.02969,-43.8602
4392,1.0778,-39.5154
4393,1.01125,-62.5914
4394,1.02389,-19.7019
4395,1.07338,-25.1587
4396,1.07199,-25.3157
4397,1.04879,-17.6698
4398,1.07201,-13.8672
4399,1.05731,-32.5946
4400,1.02492,-16.3298
4401,1.01077,-50.411
4402,1.03678,-20.4059
4403,1.01656,-58.6598
4404,1.00852,-21.895
4405,1.0685,-7.95002
4406,1.04978,-29.6182
4407,1.01898,-26.8624
4408,1.02219,-21.7842
4409,1.05926,-13.8709
4410,1.01326,-22.457
4411,1.02452,-16.5317
4412,0.996969,-37.2783
4413,1.01609,-58.5068
4414,0.976446,-53.8881
4415,1.00465,-31.8223
4416,1.05837,-35.7359
4417,1.02159,-24.7756
4418,1.03755,-23.0655
4419,1.03775,-23.062
4420,1.05362,-31.046
4421,1.0535,-31.0431
4422,1.07719,-27.1288
4423,1.03373,-13.9437
4424,0.993542,-13.6682
4425,1.02317,-15.152
4426,1.00742,-26.7536
4427,1.00871,-33.4047
4428,1.0328,-50.5929
4429,1.00016,-34.7418
4430,0.993558,-35.249
4431,1.02326,-11.9643
4432,1.04056,-15.9013
4433,1.02538,-14.4254
4434,1.03758,-18.4883
4435,1.01417,-32.6559
4436,1.01705,-56.1541
4437,1.05293,-18.025
4438,1.02868,-32.3535
4439,1.00618,-34.9944
4440,1.04141,-19.223
4441,1.00582,-36.404
4442,1.03637,-14.0828
4443,1.08192,-13.9452
4444,1.0758,-12.2017
4445,1.05571,-13.2894
4446,1.02407,-32.4995
4447,1.0148,-27.8893
4448,0.998609,-33.1441
4449,1.01536,-17.6457
4450,1.05175,-14.0314
4451,1.01298,-21.2644
4452,1.02886,-13.973
4453,0.992009,-22.9794
4454,1.02524,-20.4932
4455,1.06157,-10.8316
4456,1.05535,-16.851
4457,1.08799,-10.0557
4458,1.04687,-14.4595
4459,1.03898,-36.8973
4460,1.03605,-15.6697
4461,1.07171,-11.7814
4462,0.992984,-33.5327
4463,1.04413,-20.8873
4464,1.02252,-19.8618
4465,1.02752,-18.0358
4466,1.03233,-15.4265
4467,1.05855,-8.75501
4468,1.05762,-8.85934
4469,1.05193,-28.4515
4470,1.01852,-22.4393
4471,0.986027,-22.6966
4472,1.03918,-29.8292
4473,1.04243,-12.1593
4474,1.04253,-12.1566
4475,1.01364,-13.7774
4476,1.03843,-10.3634
4477,1.02128,-11.4128
4478,1.01205,-16.6091
4479,1.05135,-17.08
4480,1.05137,-17.0314
4481,1.05143,-15.5636
4482,1.05136,-17.0618
4483,1.00453,-22.331
4484,1.0437,-17.0732
4485,1.0437,-17.0727
4486,1.04369,-17.0576
4487,1.0437,-17.073
4488,1.00459,-22.5338
4489,1.00696,-22.7985
4490,1.04362,-17.0732
4491,1.02579,-19.276
4492,1.08465,-9.72923
4493,0.991152,-35.1071
4494,1.02088,-31.5376
4495,1.05132,-17.7912
4496,1.02841,-38.8601
4497,1.00107,-18.6517
4498,1.00242,-18.4752
4499,1.04339,-11.6699
4500,1.04243,-12.1593
4501,1.0927,-18.2728
4502,1.0927,-18.2728
4503,1.05445,-18.2728
4504,1.04253,-22.2504
4505,1.04253,-22.2504
4506,1.06456,-6.31153
4507,1.04772,-19.7332
4508,1.03612,-18.2428
4509,1.02652,-31.5891
4510,0.990726,-42.8973
4511,1.04257,-18.5824
4512,1.04053,-19.4574
4513,0.999621,-24.844
4514,0.996054,-23.1975
4515,1.08875,-9.55933
4516,1.04035,-28.8877
4517,1.03119,-25.5679
4518,1.03713,-19.9095
4519,1.04849,-28.2462
4520,1.0384,-17.1535
4521,1.01287,-44.1569
4522,1.03726,-27.7637
4523,0.976873,-15.4762
4524,1.07524,-26.0222
4525,1.02696,-31.2097
4526,1.0368,-12.0291
4527,1.08069,-12.6987
4528,1.07421,-8.45223
4529,1.0185,-21.0298
4530,0.992963,-15.4321
4531,1.01981,-11.9169
4532,1.04021,-19.1092
4533,1.00828,-18.6874
4534,1.06615,-18.8094
4535,1.08264,-14.5502
4536,1.02843,-19.7633
4537,1.01828,-20.5668
4538,0.569878,-11.0259
4539,1.03546,-11.0259
4540,1.02376,-52.0253
4541,1.02982,-38.9441
4542,1.02247,-13.4482
4543,1.05912,-9.96826
4544,1.05017,-8.7315
4545,1.06296,-8.80175
4546,1.03451,-20.9612
4547,1.06133,-13.0726
4548,1.0161,-47.9314
4549,1.04638,-14.5062
4550,1.07922,-10.8251
4551,1.08184,-7.39119
4552,1.05543,-29.176
4553,1.03445,-46.9914
4554,1.0316,-48.0991
4555,1.03762,-46.8833
4556,1.02356,-18.5358
4557,0.972135,-19.7017
4558,1.04637,-13.6775
4559,1.04472,-12.4085
4560,1.07262,-13.2449
4561,1.04198,-15.0416
4562,1.0386,-15.4773
4563,1.0656,-1.95704
4564,1.01513,-18.0243
4565,1.05431,-11.8917
4566,1.01965,-35.0783
4567,1.03365,-18.2031
4568,1.06378,-27.6175
4569,1.02149,-18.7295
4570,1.00985,-20.3125
4571,1.03305,-16.4296
4572,1.07024,-30.6728
4573,1.09309,-24.5298
4574,1.04117,-25.7604
4575,1.07724,-7.74129
4576,1.08036,-6.86194
4577,1.08743,-3.14246
4578,1.04638,-25.0912
4579,1.03161,-49.1102
4580,1.01992,-36.0648
4581,1.13048,-9.59219
4582,1.03482,-15.4032
4583,1.03829,-18.7603
4584,1.00681,-11.0911
4585,1.0068,-11.0911
4586,1.05454,-32.9934
4587,0.98609,-24.5576
4588,1.03941,-22.2488
4589,1.03542,-21.8838
4590,0.998343,-14.6263
4591,1.03231,-28.1249
4592,1.0844,-34.7873
4593,1.04974,-29.6209
4594,0.971768,-26.025
4595,1.07375,-33.4579
4596,1.09209,-24.8223
4597,1.09167,-24.8188
4598,1.06349,-13.2313
4599,1.06063,-9.21001
4600,1.03304,-17.4817
4601,1.05508,-29.0104
4602,1.07504,-24.2598
4603,1.07464,-24.5012
4604,1.00725,-32.8123
4605,1.01984,-21.0628
4606,1.03866,-23.5444
4607,1.00199,-25.8874
4608,0.981351,-47.2943
4609,1.02633,-31.5839
4610,1.06179,-57.9253
4611,1.05715,-49.7061
4612,1.00132,-23.3567
4613,1.00065,-34.5372
4614,1.05,-43.8193
4615,1.04774,-15.9436
4616,1.04869,-47.3755
4617,1.03475,-26.2412
4618,1.05676,-25.9684
4619,1.03934,-21.9503
4620,0.975979,-26.8503
4621,1.05598,-39.8092
4622,1.03114,-24.7707
4623,1.03387,-24.3996
4624,1.01285,-12.2774
4625,1.06257,-36.8567
4626,1.0637,-27.6184
4627,1.02188,-36.4372
4628,1.02669,-31.345
4629,1.05535,-31.2038
4630,1.00006,-42.7541
4631,1.0538,-13.8047
4632,0.993885,-31.1514
4633,1.0203,-32.9375
4634,1.02562,-30.7982
4635,1.02608,-17.2293
4636,1.04056,-18.4287
4637,1.03075,-20.9189
4638,1.01928,-19.1315
4639,1.05225,-31.8653
4640,1.0842,-24.68
4641,1.08469,-24.6909
4642,1.02811,-31.5607
4643,1.03803,-32.934
4644,0.994729,-50.3651
4645,1.03168,-24.769
4646,1.03218,-24.9887
4647,1,-29.9608
4648,1.08606,-32.1285
4649,1.07533,-29.9779
4650,1.0982,-22.9265
4651,1.07,-31.5902
4652,1.02667,-26.1379
4653,1.06527,-23.578
4654,1.06602,-23.9337
4655,0.992964,-15.4321
4656,1.0589,-17.7224
4657,1.06157,-11.0266
4658,1.03831,-36.4116
4659,1.03017,-36.3214
4660,1.0432,-17.805
4661,1.0225,-26.3736
4662,1.05125,-22.0803
4663,1.07703,-29.8369
4664,1.08889,-25.2985
4665,0.977995,-25.3199
4666,1.07373,-30.0955
4667,1.02125,-13.4587
4668,1.02148,-35.8574
4669,1.03225,-25.0698
4670,1.01475,-33.4619
4671,1.04721,-28.9239
4672,1.0748,-13.3514
4673,1.04261,-27.6341
4674,1.04557,-5.1348
4675,1.04541,-5.15772
4676,1.04093,-30.6169
4677,1.04303,-26.0531
4678,1.04715,-23.5339
4679,1.02709,-13.5321
4680,0.986027,-22.6966
4681,1.03462,-29.2019
4682,1.03211,-51.9699
4683,1.02875,-56.7242
4684,1.05104,-48.2376
4685,1.02045,-39.1971
4686,1.0402,-32.072
4687,0.986147,-45.2889
4688,1.03925,-14.2615
4689,1.04392,-17.6773
4690,1.02058,-13.4489
4691,1.01034,-28.6715
4692,1.0308,-8.9226
4693,1.0308,-8.92262
4694,1.04626,4.60287
4695,1.04653,4.521
4696,1.04591,4.25973
4697,1.04651,4.65906
4698,1.01822,-32.3989
4699,1.03346,-43.2231
4700,1.05705,-29.2049
4701,1.03824,-12.6995
4702,1.01782,-19.4557
4703,1.0423,-20.9849
4704,1.04231,-20.9821
4705,1.06817,-4.55151
4706,1.04332,3.59913
4707,1.04307,3.48875
4708,1.04379,3.76625
4709,1.04369,3.7223
4710,1.0431,3.29881
4711,1.04314,3.524
4712,1.04365,3.50593
4713,1.04369,3.76028
4714,1.09552,-4.87971e-20
4715,1.02019,-20.8084
4716,1.04011,-22.4092
4717,1.00994,-22.3092
4718,1.06384,-10.5476
4719,1.09999,-5.017
4720,1.00823,-14.3213
4721,1.06196,-23.6558
4722,1.04524,-18.9551
4723,1.01876,-16.2315
4724,1.07958,-19.6178
4725,1.07959,-19.6156
4726,1.07941,-19.628
4727,0.995483,-21.6431
4728,1.05689,-32.6439
4729,1.01423,-20.1667
4730,1.01319,-32.075
4731,1.0165,-29.6257
4732,1.07234,-13.8091
4733,1.03167,-24.7567
4734,1.05599,-39.8092
4735,1.03579,-22.6429
4736,1.02098,-31.0581
4737,1.04139,-28.1446
4738,1.07125,-18.6715
4739,1.01542,-23.7561
4740,1.01021,-22.7521
4741,1.05806,-26.9053
4742,1.02605,-17.1905
4743,1.00644,-31.9826
4744,1.03847,-28.2743
4745,0.977995,-25.3199
4746,1.07014,-23.4804
4747,1.02409,-23.3229
4748,1.02683,-19.0097
4749,1.03859,-19.378
4750,1.02886,-13.973
4751,1.03777,-4.18324
4752,1.01382,-22.235
4753,1.04444,3.77998
4754,1.07299,-21.2507
4755,1.07302,-21.2079
4756,1.03315,-11.3031
4757,1.04624,-17.0817
4758,1.0364,-14.0558
4759,1.0364,-14.0558
4760,1.00084,-64.2769
4761,1.00939,-18.097
4762,1.00839,-34.5043
4763,1.07135,-30.3216
4764,1.08035,-30.1868
4765,1.02505,-12.992
4766,0.979384,-21.3965
4767,0.984658,-22.4142
4768,1.02023,-20.9013
4769,1.0111,-11.5206
4770,1.01648,-34.1934
4771,1.05191,-33.2917
4772,0.971473,-33.0409
4773,1.014,-20.017
4774,1.05571,-15.6881
4775,1.07125,-7.60829
4776,1.0342,-24.3228
4777,0.988539,-27.1669
4778,1.02104,-11.4498
4779,1.02779,-13.2186
4780,1.02463,-8.66331
4781,1.00931,-21.9003
4782,1.04016,-21.7991
4783,1.02715,-33.7426
4784,1.0478,-30.3546
4785,1.01765,-21.769
4786,1.04605,-14.1875
4787,1.00806,-31.4447
4788,1.01428,-34.8687
4789,1.01932,-47.7719
4790,1.02678,-20.3788
4791,1.04566,-29.1302
4792,1.05238,-33.2715
4793,1.05651,-34.4168
4794,1.06349,-26.428
4795,1.05267,-25.1518
4796,1.03479,-32.6648
4797,1.03452,-32.6717
4798,0.982873,-16.0127
4799,0.983881,-15.8657
4800,1.00139,-10.6863
4801,1.04276,-32.5794
4802,1.04895,-29.5095
4803,1.03306,-11.4449
4804,1.09233,-9.21776
4805,1.03296,-13.0828
4806,1.05737,-58.6772
4807,0.992392,-35.0339
4808,1.00441,-19.5744
4809,1.01051,-21.6379
4810,1.04457,-33.4987
4811,1.04657,-19.1077
4812,1.00571,-31.5068
4813,1.04011,-36.1208
4814,1.01292,-15.1941
4815,1.0453,-43.1358
4816,1.05269,-26.2974
4817,1.04367,-33.3068
4818,0.998776,-25.597
4819,1.03762,-14.7032
4820,1.03762,-14.7032
4821,1.03225,-15.9658
4822,1.03225,-15.9658
4823,1.03467,-31.8509
4824,1.03011,-16.208
4825,1.14597,14.3269
4826,1.14562,14.2766
4827,1.11152,6.27047
4828,1.13779,12.4732
4829,1.14619,14.3588
4830,1.14625,14.368
4831,1.07884,-0.389868
4832,1.07776,-28.4459
4833,1.08593,-24.6024
4834,1.08621,-24.9269
4835,1.09771,-18.7729
4836,1.02874,-19.7891
4837,1.04382,-31.5629
4838,1.02129,-28.4416
4839,1.0245,-13.7785
4840,1.01802,-20.0199
4841,1.04152,-28.7963
4842,1.05072,-14.0564
4843,1.01237,-27.6424
4844,1.01255,-28.2688
4845,1.01476,-31.4178
4846,1.02093,-18.3087
4847,1.02721,-20.0267
4848,1.04395,-17.6748
4849,1.03197,-23.6403
4850,1.01065,-31.4004
4851,1.01317,-23.9043
4852,1.04178,-16.2022
4853,1.03818,-13.8427
4854,1.03144,-30.2026
4855,1.04403,-13.2901
4856,0.957308,-26.085
4857,0.957307,-26.085
4858,1.07924,-23.5673
4859,1.0222,-18.7641
4860,1.02314,-24.6148
4861,0.968391,-17.7485
4862,1.05921,-15.8237
4863,1.0781,-12.6064
4864,1.08951,-8.15422
4865,1.0824,-18.1383
4866,1.05436,-33.6938
4867,1.03215,-17.5608
4868,1.07053,-12.7007
4869,1.04613,-11.8173
4870,1.04125,-24.6476
4871,1.01405,-19.3292
4872,1.05769,-26.9718
4873,1.01038,-46.5948
4874,1.02362,-16.776
4875,1.07324,-29.3648
4876,1.06251,-20.9483
4877,1.02762,-25.2812
4878,1.02606,-25.4126
4879,1.04726,-37.8846
4880,1.01789,-36.3512
4881,0.994047,-35.0159
4882,1.05327,-34.4452
4883,1.03311,-19.3372
4884,1.03789,-23.0294
4885,1.03979,-45.8955
4886,1.06775,-41.6707
4887,1.04351,-14.8361
4888,1.01434,-23.0713
4889,1.02579,-18.8966
4890,1.03532,-14.9859
4891,0.998696,-27.7841
4892,1.03093,-19.5527
4893,1.01045,-40.2408
4894,1.03998,-14.8823
4895,1.03006,-18.5879
4896,1.02339,-22.2863
4897,1.04453,-37.6944
4898,1.03363,-16.7789
4899,1.03901,-13.3277
4900,1.04155,-39.5687
4901,1.02808,-21.083
4902,1.05606,-29.4391
4903,1.05709,-29.1865
4904,1.04088,-30.6156
4905,1.02977,-24.6636
4906,1.05992,-21.9875
4907,1.06343,-23.1862
4908,1.07324,-18.8682
4909,1.02083,-23.1119
4910,1.03939,-34.9026
4911,1.05274,-14.8558
4912,1.08654,-9.1444
4913,1.07069,-5.26305
4914,1.09357,-4.6414
4915,1.04472,-39.7132
4916,1.01838,-18.4939
4917,1.0883,-31.9305
4918,1.07623,-31.4518
4919,1.02231,-19.5366
4920,1.02405,-18.9131
4921,0.993247,-18.5335
4922,1.06279,-15.44
4923,1.07099,-12.5855
4924,1.01336,-27.9154
4925,1.03535,-14.2294
4926,1.05538,-28.595
4927,1.05474,-24.066
4928,1.06283,-11.5514
4929,1.04258,-15.3065
4930,1.02304,-37.9666
4931,1.05428,-13.3084
4932,1.07223,-9.00216
4933,0.992044,-14.1927
4934,0.992133,-14.1529
4935,1.04706,-41.0926
4936,1.04386,-28.1453
4937,1.03261,-35.2424
4938,0.990854,-46.7385
4939,1.04447,-19.6341
4940,1.0328,-35.2439
4941,1.0328,-35.2436
4942,1.03275,-35.2466
4943,1.08889,-31.7924
4944,1.08889,-31.7924
4945,1.01623,-21.3474
4946,1.05679,-16.51
4947,1.08827,-31.8858
4948,1.01673,-10.4513
4949,1.05495,-10.6337
4950,1.03776,-32.251
4951,0.968009,-27.0036
4952,1.03947,-29.5202
4953,0.983619,-26.8299
4954,1.07642,-20.738
4955,1.03391,-38.8943
4956,1.02987,-20.3991
4957,1.01487,-21.8785
4958,0.998036,-24.2805
4959,1.04454,-34.5792
4960,1.06765,-30.5747
4961,1.05526,-29.9402
4962,1.06132,-24.9126
4963,1.04568,-23.7101
4964,1.04848,-26.4765
4965,1.04575,-23.6969
4966,1.03304,-23.3451
4967,1.04566,-19.7498
4968,1.04256,-34.0104
4969,1.05925,-30.0311
4970,1.0164,-27.3745
4971,1.07666,-20.5653
4972,1.08057,-19.4941
4973,1.05627,-19.2484
4974,1.01007,-32.7435
4975,0.993046,-15.4361
4976,1.04762,-33.5628
4977,1.04095,-33.5095
4978,1.07134,-30.3216
4979,1.08032,-30.1866
4980,1.0701,-25.6467
4981,1.03859,-29.2067
4982,1.01293,-18.5254
4983,1.01047,-18.8122
4984,1.02715,-23.5365
4985,1.06524,-21.0261
4986,1.05851,-28.8224
4987,1.09214,-10.7701
4988,1.07135,-19.5149
4989,1.06882,-12.9934
4990,1.05533,-16.9151
4991,1.03153,-19.4411
4992,1.03148,-19.4188
4993,1.00618,-21.366
4994,1.0314,-19.4411
4995,1.05524,-16.9365
4996,1.02102,-18.216
4997,1.0275,-12.0605
4998,1.08618,-9.43489
4999,1.00448,-27.4926
5000,1.04691,-16.1999
5001,1.05122,-21.9297
5002,1.03313,-17.6626
5003,1.0195,-19.8738
5004,1.02082,-13.9826
5005,0.963633,-30.4759
5006,1.05266,-14.4715
5007,0.99897,-31.2889
5008,1.07271,-26.2254
5009,1.07494,-23.2781
5010,1.05185,-30.2246
5011,0.982281,-28.9555
5012,1.00599,-12.6396
5013,1.04755,-25.6355
5014,1.0491,-25.4985
5015,1.04265,-16.8376
5016,1.03127,-26.6557
5017,1.04202,-27.5698
5018,1.05662,-31.65
5019,1.0454,-20.6799
5020,1.04304,-19.9155
5021,1.03148,-15.8883
5022,1.02371,-40.9244
5023,1.03858,-21.7858
5024,1.038,-34.4564
5025,1.0591,-30.6956
5026,1.04455,-31.6589
5027,1.05183,-7.83464
5028,1.01847,-19.0691
5029,1.01218,-36.308
5030,1.0255,-33.4002
5031,1.01934,-17.8792
5032,1.04437,-27.5336
5033,1.04455,-11.1343
5034,1.01923,-33.937
5035,1.02961,-11.4188
5036,1.02378,-20.2754
5037,1.03404,-34.1189
5038,1.08608,-32.0395
5039,1.02008,-19.5295
5040,1.01164,-20.6099
5041,1.04107,-30.817
5042,1.00022,-48.2716
5043,1.04753,-14.2671
5044,1.03575,-22.5074
5045,1.00026,-28.3776
5046,1.04826,-28.5683
5047,1.01782,-11.4814
5048,1.01156,-35.2072
5049,1.05376,-24.1559
5050,1.02425,-16.7017
5051,1.00432,-34.6945
5052,1.01416,-21.1906
5053,1.00636,-21.7044
5054,1.02077,-16.7635
5055,1.04862,-40.3421
5056,1.04164,-34.2868
5057,1.04185,-30.1678
5058,1.06357,-26.9509
5059,1.03944,-31.0605
5060,0.975163,-17.3518
5061,1.00027,-34.5571
5062,0.989361,-25.2867
5063,1.00715,-22.1993
5064,1.08517,-17.1074
5065,1.0776,-18.2927
5066,1.09889,-14.2585
5067,1.09879,-13.8967
5068,1.05298,-25.3125
5069,1.01309,-21.932
5070,1.05219,-27.2449
5071,1.03461,-23.283
5072,1.03433,-23.3283
5073,1.04184,-21.8245
5074,1.04951,-17.7263
5075,1.07652,-18.4187
5076,1.07637,-18.4459
5077,1.05556,-21.6805
5078,1.03847,-13.3149
5079,1.00487,-18.1895
5080,1.06485,-28.7615
5081,1.05373,-30.7311
5082,1.0822,-25.921
5083,1.0535,-7.54722
5084,1.05473,-22.2145
5085,1.01936,-41.2191
5086,1.02014,-20.3299
5087,1.03578,-32.4007
5088,1.06042,-32.6763
5089,1.07082,-26.4505
5090,1.029,-22.3118
5091,1.01664,-40.2964
5092,1.01847,-19.2871
5093,0.964998,-24.548
5094,1.02847,-23.5166
5095,1.02709,-21.8317
5096,1.00608,-33.9517
5097,1.01072,-37.4548
5098,1.06285,-11.6574
5099,1.03268,-12.793
5100,1.03918,-34.2469
5101,1.05654,-34.432
5102,1.01569,-21.6887
5103,1.03101,-14.4822
5104,0.965477,-25.1132
5105,0.999716,-27.5975
5106,1.01427,-22.1994
5107,1.02564,-27.2291
5108,1.06745,-23.6399
5109,1.03399,-7.49613
5110,1.01533,-29.8674
5111,1.01963,-32.7599
5112,1.07183,-25.4688
5113,1.07096,-25.5561
5114,1.0495,-15.418
5115,1.02516,-28.5938
5116,1.03142,-24.874
5117,0.963669,-25.7718
5118,1.01952,-45.7329
5119,1.01067,-12.6848
5120,1.04587,-17.3114
5121,1.04334,-26.7218
5122,1.09991,-5.01545
5123,1.04709,-29.7712
5124,1.02921,-22.1506
5125,1.02538,-17.8032
5126,1.07794,-31.0723
5127,1.0781,-31.0589
5128,1.04769,-23.8761
5129,1.00651,-11.6927
5130,1.05845,-21.394
5131,1.07026,-30.5134
5132,1.03381,-17.2403
5133,1.03081,-8.14184
5134,1.04082,-19.8361
5135,1.06873,-13.6518
5136,1.03105,-8.11913
5137,1.04252,-22.7459
5138,1.03857,-18.3545
5139,1.01861,-18.8388
5140,1.05533,-10.862
5141,1.02667,-20.5331
5142,1.04632,-17.9343
5143,1.02731,-38.8896
5144,1.02427,-30.1318
5145,1.04969,-25.1537
5146,1.03394,-34.1389
5147,1.05078,-25.0268
5148,1.02956,-21.0522
5149,1.00623,-35.5862
5150,1.02989,-23.3269
5151,1.00622,-22.2258
5152,1.0278,-23.9551
5153,1.0406,-6.69105
5154,1.0406,-6.76048
5155,1.01609,-17.3006
5156,1.01583,-17.3188
5157,1.04178,-15.3184
5158,1.01058,-24.3904
5159,1.05756,-15.2459
5160,1.03114,-43.6834
5161,1.03982,-19.2368
5162,1.0415,-19.1688
5163,1.07696,-8.5577
5164,1.01424,-27.6658
5165,1.01424,-27.6653
5166,1.01496,-18.8036
5167,1.03776,-38.1782
5168,1.04415,-6.17069
5169,1.03194,-15.997
5170,1.03235,-18.687
5171,1.05477,-10.2793
5172,1.0308,-18.2992
5173,1.05293,-14.86
5174,1.05449,-24.6775
5175,1.02876,-48.8466
5176,1.0177,-21.7554
5177,1.04904,-47.3056
5178,1.02159,-38.6558
5179,1.03206,-30.7657
5180,1.03268,-45.1058
5181,1.00865,-32.7189
5182,1.02299,-38.6096
5183,1.0581,-32.2656
5184,1.0115,-61.611
5185,1.05647,-17.4524
5186,1.05783,-32.3558
5187,1.03219,-43.6465
5188,1.01245,-52.2678
5189,1.04094,-28.3273
5190,1.01515,-43.6139
5191,1.05712,-10.1374
5192,1.05436,-24.5322
5193,1.02363,-38.9756
5194,1.05289,-39.6847
5195,1.02948,-11.1477
5196,1.01923,-39.2952
5197,1.02387,-26.572
5198,1.02365,-16.8406
5199,1.02333,-16.4659
5200,1.00879,-16.4246
5201,1.04426,-33.5185
5202,1.01201,-40.9363
5203,1.06156,-19.158
5204,1.07984,-9.9662
5205,1.02647,-14.4081
5206,1.01806,-29.2694
5207,1.0514,-19.0957
5208,1.06299,-28.6187
5209,1.02799,-8.1445
5210,1.05561,-14.3129
5211,1.05221,-17.0267
5212,1.07395,-15.7784
5213,1.00845,-20.0187
5214,1.03848,-24.5783
5215,1.06147,-11.0239
5216,1.07778,-28.4463
5217,1.03848,-14.7252
5218,1.03888,-14.7431
5219,1.04548,-10.7238
5220,1.06729,-30.5934
5221,1.04312,-11.7894
5222,1.04499,-10.8451
5223,1.06767,-30.5766
5224,1.03082,-12.9272
5225,1.02905,-61.3552
5226,1.0284,-17.2101
5227,1.05615,-19.9083
5228,1.05761,-19.7093
5229,1.01443,-21.4022
5230,1.05618,-37.0295
5231,1.01453,-21.4612
5232,1.04942,-15.2465
5233,0.999244,-25.0842
5234,1.0197,-21.0796
5235,1.02695,-8.60659
5236,1.02168,-22.2636
5237,1.02164,-22.3361
5238,1.02346,-33.1362
5239,1.06516,-27.3453
5240,1.01781,-30.0244
5241,1.0208,-23.0871
5242,1.05689,-8.61012
5243,1.03097,-19.1049
5244,0.999824,-29.9294
5245,1.06538,-22.6643
5246,1.04307,-30.4988
5247,1.02809,-25.9883
5248,1.03419,-11.4999
5249,1.03978,-29.5267
5250,0.992515,-31.7545
5251,1.02058,-32.8909
5252,1.02148,-32.9064
5253,1.05566,-28.2117
5254,1.0478,-37.8917
5255,1.05776,-12.6764
5256,1.00539,-22.3448
5257,1.05172,-19.9309
5258,1.03358,-18.9088
5259,1.01602,-13.3488
5260,1.04265,-13.8772
5261,0.991995,-26.0568
5262,1.00476,-23.3368
5263,1.05063,-29.4477
5264,1.05051,-29.4746
5265,1.04849,-34.6126
5266,1.05115,-49.5492
5267,1.03863,-59.0501
5268,1.06269,-12.8678
5269,1.06254,-35.0894
5270,1.07309,-21.2087
5271,1.06894,-22.1615
5272,1.07924,-6.35403
5273,1.06007,-13.2475
5274,1.02215,-24.6745
5275,1.0237,-10.3013
5276,1.01659,-17.5201
5277,1.04805,-14.7323
5278,1.05578,-28.5603
5279,0.988931,-15.5357
5280,1.03407,-36.8101
5281,1.04185,-9.68332
5282,1.01467,-20.2697
5283,1.03363,-38.6724
5284,1.02891,-30.9869
5285,1.05215,-33.295
5286,1.03039,-23.7206
5287,1.06583,-24.009
5288,1.02808,-20.7184
5289,1.01398,-20.5115
5290,1.02788,-20.7133
5291,1.01608,-20.5612
5292,1.03173,-18.4533
5293,1.03886,-22.477
5294,1.0419,-9.68012
5295,1.05826,-9.18195
5296,1.063,-6.44309
5297,1.04232,-27.4036
5298,1.04389,-18.5057
5299,1.02625,-19.5834
5300,1.01543,-15.3084
5301,0.974526,-29.9746
5302,1.04256,-20.9747
5303,1.03067,-20.6484
5304,1.03911,-19.7627
5305,0.981612,-34.5062
5306,0.981605,-34.5077
5307,1.02964,-16.7854
5308,1.04682,-35.3612
5309,1.06342,-41.7289
5310,1.04374,-20.8414
5311,1.04123,-26.6998
5312,1.05935,-21.4546
5313,1.00873,-33.4053
5314,1.01507,-32.8478
5315,1.03723,-20.3839
5316,1.07058,-28.1884
5317,1.0216,-17.2751
5318,1.04694,-13.1166
5319,1.06451,-8.43309
5320,1.02643,-21.3472
5321,1.06795,-41.9928
5322,1.07366,-18.8257
5323,1.01694,-22.1362
5324,1.03611,-26.1315
5325,1.02653,-20.3734
5326,1.05387,-13.1279
5327,1.04883,-31.1146
5328,1.03894,-29.8532
5329,1.01587,-40.353
5330,1.04607,-35.7925
5331,1.07556,-30.2206
5332,1.06424,-7.99121
5333,1.02301,-23.1886
5334,1.05227,-18.0698
5335,1.03009,-11.1564
5336,1.06683,-22.9196
5337,1.06742,-10.7147
5338,1.04473,-45.9743
5339,1.06029,-27.1208
5340,1.04041,-20.4431
5341,1.01855,-17.5557
5342,1.05343,-16.902
5343,1.04624,-32.9282
5344,1.02185,-22.3255
5345,1.02882,-13.761
5346,1.01784,-60.1321
5347,1.01571,-14.3955
5348,1.01019,-15.0628
5349,1.02986,-13.5763
5350,1.03185,-20.0536
5351,1.04129,-32.4367
5352,1.04108,-32.4468
5353,0.994739,-21.9522
5354,1.05869,-29.8496
5355,1.01008,-31.557
5356,1.05721,-27.6201
5357,1.04372,-28.3659
5358,1.06507,-27.3556
5359,1.0182,-38.7845
5360,1.00687,-23.0634
5361,1.03399,-7.49635
5362,1.01763,-35.7773
5363,1.04163,-30.2755
5364,1.05237,-15.5604
5365,1.08464,-34.1519
5366,1.08426,-34.1875
5367,0.996004,-13.1349
5368,1.02225,-23.0997
5369,1.06132,-28.3621
5370,1.04033,-15.8977
5371,1.04127,-26.8688
5372,1.04791,-34.8931
5373,1.0787,-30.6356
5374,1.07111,-30.7365
5375,1.07832,-9.58675
5376,1.01635,-34.4804
5377,1.04413,-16.6789
5378,1.01841,-21.3962
5379,1.01911,-38.2783
5380,1.01808,-42.3495
5381,1.02927,-43.6134
5382,1.00241,-32.1005
5383,1.01135,-11.6681
5384,1.00808,-28.6839
5385,1.06264,-19.5496
5386,1.04943,-29.2096
5387,1.05379,-20.7262
5388,0.982689,-28.8003
5389,1.05561,-20.6214
5390,1.06228,-19.6259
5391,0.959027,-25.966
5392,1.02479,-29.5164
5393,1.02005,-27.1786
5394,1.05625,-16.3132
5395,1.05996,-31.5081
5396,1.02356,-18.5358
5397,1.01357,-20.4987
5398,1.05427,-14.373
5399,1.04325,-44.6389
5400,1.05822,-21.3909
5401,1.05258,-23.9889
5402,1.02484,-21.3781
5403,1.02178,-20.4339
5404,1.01149,-18.1842
5405,1.03823,-13.6854
5406,1.05125,-9.20763
5407,1.01118,-58.369
5408,1.0211,-22.6214
5409,0.999991,-32.8463
5410,1.03295,-38.5172
5411,1.03364,-20.1641
5412,1.0181,-47.6711
5413,1.02592,-42.1197
5414,1.05946,-29.3496
5415,1.03783,-37.7498
5416,0.972995,-27.6364
5417,1.03816,-22.3851
5418,1.01281,-19.0451
5419,1.01071,-14.2272
5420,1.00727,-19.6369
5421,1.0574,-9.16892
5422,1.08278,-33.5425
5423,1.02698,-48.8555
5424,1.08194,-33.6031
5425,1.01342,-19.7794
5426,1.05518,-30.3307
5427,0.972648,-24.1341
5428,1.03006,-21.0679
5429,1.02325,-11.818
5430,1.07283,-9.66505
5431,1.01999,-10.0168
5432,1.05544,-26.0414
5433,1.0455,-19.6283
5434,1.02158,-37.2378
5435,1.02587,-29.3296
5436,1.03127,-31.5912
5437,1.04924,-47.1573
5438,1.00694,-22.1717
5439,1.03867,-35.3487
5440,1.03681,-35.574
5441,1.0718,-10.5065
5442,1.02794,-17.6636
5443,1.03463,-16.4008
5444,1.02365,-33.7912
5445,1.00507,-21.6703
5446,1.01798,-60.376
5447,1.02654,-64.3819
5448,1.0786,-39.8686
5449,1.03416,-60.6251
5450,1.02325,-21.6189
5451,1.03498,-12.9154
5452,1.04456,-15.7208
5453,1.04581,-13.4371
5454,1.04221,-14.2589
5455,1.03592,-22.6271
5456,1.03012,-22.4787
5457,1.06008,-5.47693
5458,1.01987,-20.6281
5459,1.02504,-41.1026
5460,1.05581,-24.4105
5461,1.03017,-20.2415
5462,1.08118,-30.4266
5463,1.01942,-17.2673
5464,1.06508,-7.79711
5465,1.05697,-11.3202
5466,1.00683,-60.4282
5467,1.07946,-6.29102
5468,1.03818,-16.4862
5469,1.05039,-19.5588
5470,1.01164,-35.0403
5471,1.02918,-20.3698
5472,1.04197,-17.7505
5473,1.05609,-31.9837
5474,0.989616,-26.3965
5475,1.05577,-32.1493
5476,1.02272,-17.3056
5477,1.03664,-26.46
5478,1.0223,-37.3489
5479,1.03288,-22.8469
5480,1.05459,-29.5127
5481,1.02284,-36.2716
5482,1.00903,-61.2239
5483,1.04944,-59.2803
5484,1.0402,-25.4465
5485,1.04036,-25.4378
5486,1.00485,-34.6966
5487,1.04439,-27.1048
5488,1.03593,-17.6644
5489,1.02058,-40.8052
5490,1.04004,-13.6945
5491,1.01695,-17.7432
5492,1.0167,-17.7588
5493,1.04288,-16.6889
5494,1.05041,-17.792
5495,1.00336,-24.7244
5496,1.06699,-12.5489
5497,1.04746,-25.329
5498,0.992991,-22.8413
5499,1.04206,-31.6342
5500,1.07778,-28.4463
5501,1.04798,-39.9542
5502,1.03992,-20.5535
5503,1.03559,-37.4086
5504,1.02815,-41.7941
5505,1.03088,-30.7312
5506,1.01118,-31.5388
5507,1.02007,-37.4847
5508,1.03229,-25.7588
5509,1.03982,-16.5225
5510,1.04935,-37.9117
5511,0.992963,-15.4321
5512,1.06139,-16.8071
5513,1.06794,-30.9775
5514,1.04507,-19.7694
5515,1.02526,-18.7157
5516,1.03009,-17.4837
5517,1.03477,-20.9224
5518,1.03431,-20.9735
5519,1.07802,-10.9043
5520,1.02725,-32.7693
5521,1.03377,-32.2882
5522,1.01776,-27.7036
5523,1.04384,-29.8802
5524,1.03056,-16.0821
5525,1.04515,-14.4464
5526,1.0505,-13.4114
5527,1.04677,-14.6499
5528,1.074,-12.7711
5529,1.00374,-31.7846
5530,1.01025,-39.6448
5531,1.01206,-32.0164
5532,1.00158,-16.2913
5533,1.05119,-12.7019
5534,1.04817,-13.0301
5535,1.03311,-24.0099
5536,1.01064,-18.7056
5537,0.999218,-30.1074
5538,0.999217,-30.1055
5539,1.03674,-24.4732
5540,1.03751,-10.6011
5541,1.05667,-28.732
5542,1.06197,-28.4649
5543,1.04663,-15.5053
5544,1.04087,-14.7797
5545,1.05114,-9.20491
5546,1.09243,-6.7172
5547,1.06542,-11.9596
5548,1.06373,-11.9864
5549,1.04089,-21.815
5550,1.02778,-13.2184
5551,1.06008,-28.3175
5552,0.997791,-28.3849
5553,1.06608,-26.2157
5554,1.03392,-7.49444
5555,1.01475,-20.6891
5556,1.03201,-9.13509
5557,1.01264,-20.91
5558,1.02181,-37.1989
5559,1.05195,-19.4258
5560,1.05526,-30.0035
5561,1.0563,-30.0388
5562,1.04344,-18.7417
5563,1.00799,-25.0483
5564,1.02601,-9.71956
5565,1.02604,-9.77305
5566,1.05783,-32.4758
5567,1.02809,-49.7073
5568,1.0419,-22.2389
5569,1.04899,-16.4013
5570,1.04907,-16.3607
5571,1.03899,-16.236
5572,1.0539,-14.8992
5573,1.00549,-14.1603
5574,1.01028,-12.9548
5575,1.03229,-13.3827
5576,1.01108,-22.4136
5577,1.02777,-17.1347
5578,1.02786,-17.1642
5579,1.04194,-11.4847
5580,1.03386,-28.7645
5581,1.04516,-30.8731
5582,1.01964,-21.8649
5583,1.01325,-16.6145
5584,1.09983,-5.01407
5585,1.03132,-23.0073
5586,1.00506,-31.503
5587,1.03982,-29.9714
5588,1.05835,-58.3703
5589,1.05003,-14.8645
5590,1.03751,-35.0045
5591,1.0347,-15.4301
5592,1.08083,-29.8863
5593,1.06444,-26.8661
5594,1.04396,-11.5369
5595,1.01231,-26.8057
5596,1.0123,-22.347
5597,1.03146,-14.8868
5598,1.05238,-15.5607
5599,1.03325,-16.5912
5600,1.03547,-15.8313
5601,1.04891,-18.7618
5602,1.04724,-18.8949
5603,1.05065,-18.6103
5604,1.03328,-16.5318
5605,1.08946,-8.94961
5606,1.04326,-22.6455
5607,1.0172,-59.688
5608,1.04046,-23.0812
5609,1.00482,-19.7399
5610,1.05352,-14.4839
5611,1.06926,-30.8962
5612,1.05611,-14.2617
5613,1.06925,-30.9017
5614,1.0057,-19.6915
5615,0.992325,-23.7588
5616,0.993577,-23.635
5617,1.05379,-13.0952
5618,1.01756,-19.0174
5619,0.99906,-48.7668
5620,1.01705,-35.1088
5621,1.01703,-35.114
5622,1.02107,-39.2424
5623,0.98124,-31.5607
5624,1.00028,-50.7133
5625,1.01076,-57.6369
5626,1.04822,-27.1331
5627,1.01275,-57.3149
5628,1.0342,-24.3226
5629,1.02624,-29.6606
5630,1.06069,-27.9243
5631,1.01848,-45.3838
5632,0.999735,-63.0381
5633,1.0111,-11.6792
5634,1.02335,-16.8803
5635,1.02951,-15.1648
5636,1.0599,-58.1814
5637,1.03828,-18.7602
5638,1.07737,-40.1896
5639,1.00085,-34.5038
5640,1.04456,-34.5795
5641,1.05764,-5.31496
5642,0.996612,-49.548
5643,1.05764,-5.31496
5644,1.03396,-22.879
5645,1.01221,-44.2374
5646,1.0465,-29.6597
5647,1.04337,-15.8205
5648,0.995823,-25.868
5649,1.04121,-15.7879
5650,1.01156,-35.2045
5651,1.05645,-8.62711
5652,1.05674,-21.8355
5653,1.03972,-12.4661
5654,1.03664,-26.46
5655,1.05255,-14.4902
5656,1.03081,-25.7043
5657,1.04615,-27.6105
5658,1.01944,-20.6247
5659,1.07043,-12.2505
5660,1.04435,-21.6808
5661,1.0146,-9.52887
5662,1.05955,-10.1447
5663,1.05374,-26.4376
5664,1.03959,-21.9227
5665,1.04593,-28.3541
5666,1.05904,-33.5782
5667,1.06003,-14.2743
5668,1.05863,-28.3074
5669,1.04948,-37.9137
5670,1.01415,-35.1538
5671,1.06711,-23.5803
5672,1.03089,-16.0293
5673,1.01673,-10.4513
5674,1.03323,-35.2285
5675,1.03287,-42.1931
5676,1.03897,-22.8587
5677,1.01787,-17.7446
5678,1.06057,-34.0654
5679,1.06065,-33.5342
5680,1.02549,-33.4004
5681,1.06287,-9.97127
5682,1.03378,-24.7636
5683,1.03544,-24.4215
5684,1.06828,-30.9714
5685,1.05421,-30.5798
5686,1.01617,-21.2652
5687,1.02662,-23.0026
5688,1.02676,-22.9659
5689,1.02033,-11.7508
5690,1.03261,-47.1854
5691,1.03413,-47.0935
5692,1.03917,-21.333
5693,1.00223,-20.1178
5694,1.05008,-14.8325
5695,1.00284,-22.844
5696,1.06789,-20.2163
5697,1.03492,-25.5017
5698,1.00219,-36.5038
5699,1.07309,-7.98871
5700,1.02271,-10.9616
5701,1.04637,-13.6776
5702,1.07605,-10.205
5703,1.02429,-25.6143
5704,1.04865,-13.2773
5705,1.02126,-38.9359
5706,1.01406,-19.0055
5707,1.01293,-39.525
5708,1.07579,-10.893
5709,1.07722,-6.92634
5710,1.00836,-18.6891
5711,1.03507,-35.0701
5712,1.07748,-10.7456
5713,1.03584,-35.047
5714,1.01059,-32.2278
5715,1.05838,-32.0315
5716,1.02906,-61.3873
5717,1.02881,-28.8889
5718,1.02187,-34.9379
5719,1.02934,-32.2731
5720,1.04601,-28.2018
5721,1.00562,-28.8189
5722,1.01798,-39.4609
5723,1.02028,-42.2107
5724,1.0284,-11.2675
5725,0.990145,-27.9709
5726,1.05425,-24.5
5727,1.05398,-26.0264
5728,1.01529,-29.6941
5729,1.03932,-16.4714
5730,1.0476,-14.0482
5731,0.98204,-29.3084
5732,1.05147,-19.8113
5733,1.05407,-6.396
5734,1.01979,-11.826
5735,1.05797,-27.1344
5736,1.02306,-11.9273
5737,1.01349,-23.7106
5738,1.03062,-13.1555
5739,1.05493,-58.9965
5740,1.02694,-48.8992
5741,1.00847,-62.0401
5742,1.05832,-9.99977
5743,1.05896,-9.98124
5744,0.956866,-26.0298
5745,1.05674,-14.9366
5746,1.02672,-18.6318
5747,0.947797,-28.846
5748,1.05732,-9.1209
5749,1.03226,-38.2465
5750,1.04287,-29.8803
5751,1.00182,-32.0922
5752,1.05226,-8.42682
5753,1.03884,-19.331
5754,0.965703,-25.3926
5755,1.04275,-18.7283
5756,1.04784,-18.3052
5757,1.04116,-18.3966
5758,1.0521,-5.23612
5759,1.05835,-40.6261
5760,1.02739,-33.1327
5761,1.01704,-23.4381
5762,1.02759,-21.045
5763,1.00968,-21.8627
5764,1.02904,-43.9844
5765,1.03095,-25.2074
5766,1.05876,-16.2565
5767,1.00853,-21.893
5768,1.0076,-52.5143
5769,1.0339,-34.2539
5770,1.00463,-31.8235
5771,1.0216,-24.7738
5772,0.993879,-35.1887
5773,1.00331,-34.5197
5774,1.02967,-59.1214
5775,1.02886,-13.973
5776,1.03942,-36.8367
5777,1.0282,-22.9586
5778,0.981492,-15.2604
5779,1.05132,-17.7911
5780,1.03863,-34.0801
5781,0.996084,-23.195
5782,1.08872,-9.56332
5783,1.07188,-26.2672
5784,0.978739,-15.4013
5785,0.992962,-15.4321
5786,1.02488,-49.8222
5787,1.06306,-8.7786
5788,1.06054,-13.1399
5789,1.04656,-14.5155
5790,1.06011,-29.3957
5791,1.03342,-45.0799
5792,1.01476,-36.5882
5793,1.01082,-10.7341
5794,0.96625,-25.3527
5795,0.986912,-24.5133
5796,1.03307,-17.4812
5797,1.02678,-17.6741
5798,1.00967,-32.5145
5799,1.03862,-23.5137
5800,1.04871,-47.3506
5801,1.05442,-39.2737
5802,1.05379,-13.8044
5803,1.05269,-14.1884
5804,1.04056,-18.4287
5805,1.06573,-23.4486
5806,1.04084,-9.17714
5807,1.04113,-9.19308
5808,1.02125,-13.4588
5809,1.00867,-46.0493
5810,0.948769,-27.2803
5811,1.04395,-17.6747
5812,1.0635,-11.2211
5813,1.05402,-51.9751
5814,1.01927,-39.3639
5815,1.02755,-42.4771
5816,1.03824,-12.6995
5817,1.04232,-20.9821
5818,1.02016,-20.7609
5819,1.01737,-22.1649
5820,1.06365,-10.5697
5821,1.01408,-20.1603
5822,1.07746,-8.35402
5823,1.04675,-13.9543
5824,1.04561,-13.8434
5825,1.01198,-17.8263
5826,1.04605,-14.187
5827,0.983712,-15.9115
5828,1.04825,-30.2225
5829,1.02815,-12.9284
5830,1.00982,-20.6298
5831,1.01891,-20.0035
5832,1.05772,-26.9709
5833,1.04421,-20.8689
5834,1.03995,-29.6473
5835,1.01434,-31.6125
5836,1.0561,-29.4359
5837,1.03977,-34.8491
5838,1.04387,-28.142
5839,0.967856,-27
5840,1.0478,-18.3043
5841,1.04289,-33.9829
5842,0.993059,-15.4212
5843,0.963625,-30.4753
5844,1.03132,-26.6511
5845,1.04461,-20.6767
5846,1.04666,-20.5323
5847,1.04417,-11.1998
5848,1.05545,-23.9102
5849,1.00908,-35.7524
5850,1.05558,-21.6789
5851,1.04944,-31.3236
5852,1.04869,-30.5782
5853,1.03793,-21.4974
5854,1.01664,-40.296
5855,0.919505,-11.7637
5856,0.972437,-13.7246
5857,0.975834,-4.8045
5858,0.975808,-4.80653
5859,0.9972,0.641762
5860,1.01646,-14.8675
5861,0.954129,-6.12398
5862,1.03597,-5.1101
5863,0.923059,-35.7757
5864,1.02751,-10.5864
5865,0.979587,-20.6384
5866,0.952282,-13.4702
5867,0.930388,-9.54533
5868,0.919996,-11.6835
5869,0.919838,-11.7288
5870,1.02929,-14.2123
5871,1.06659,-24.2904
5872,1.05301,-28.5414
5873,1.04415,-28.1478
5874,1.08075,-9.04049
5875,1.08313,-33.5516
5876,1.03848,-13.2179
5877,1.07493,-22.701
5878,1.06347,-15.6153
5879,1.03883,-22.668
5880,1.06359,-11.1828
5881,1.0571,-17.2422
5882,1.05659,-54.1328
5883,1.01265,-9.02682
5884,1.06039,-33.9496
5885,1.05555,-7.3639
5886,1.03859,-14.2143
5887,1.07569,-15.2751
5888,1.06458,-21.429
5889,1.04106,-33.2475
5890,1.05914,-34.2822
5891,1.07956,-7.65591
5892,1.05988,-32.735
5893,1.05637,-32.5129
5894,1.06643,-24.0254
5895,0.997078,-22.4894
5896,1.07845,-11.6507
5897,1.06237,-16.4813
5898,1.0688,-31.6592
5899,1.07731,-24.2917
5900,1.05868,-35.4787
5901,1.05332,-28.7737
5902,1.06265,-7.94372
5903,1.04396,-28.2996
5904,1.08029,-8.39138
5905,1.03339,-12.828
5906,1.07218,-14.9066
5907,1.07657,-10.6036
5908,1.04639,-24.981
5909,1.05475,-52.8669
5910,1.01212,-9.2207
5911,1.06689,-33.1357
5912,1.03596,-12.2633
5913,1.08699,-31.3191
5914,1.07574,-15.1362
5915,1.06511,-21.6436
5916,1.0608,-32.5919
5917,1.07911,-7.60369
5918,1.05769,-32.5043
5919,1.07864,-11.4603
5920,1.07649,-13.4036
5921,1.06878,-31.6881
5922,1.08428,-32.0224
5923,1.0879,-24.5702
5924,1.06634,-24.347
5925,1.09167,-35.4119
5926,1.06527,-15.1186
5927,1.08754,-34.6295
5928,1.0429,-26.365
5929,1.05223,-30.0615
5930,1.04972,-35.0413
5931,1.05084,-26.3271
5932,1.09507,-6.67388
5933,1.0323,-22.6129
5934,1.06648,-32.7958
5935,1.08752,-31.6897
5936,1.04136,-33.4218
5937,1.08407,-33.6567
5938,1.03865,-20.4633
5939,1.07581,-31.1272
5940,1.05577,-31.37
5941,1.08547,-34.0004
5942,1.06545,-40.957
5943,1.06141,-34.5657
5944,1.06034,-34.014
5945,1.08771,-31.7597
5946,1.05971,-31.9583
5947,1.03768,-21.0348
5948,1.07562,-31.1248
5949,1.06976,-32.2127
5950,1.0817,-31.0867
5951,1.08333,-33.801
5952,1.10971,-19.4014
5953,1.06568,-40.641
5954,1.06906,-17.6211
5955,1.07102,-32.7824
5956,1.07052,-30.8303
5957,0.986351,-5.16861
5958,1.11318,12.6986
5959,1.11128,17.879
5960,1.05738,-35.8736
5961,1.05278,6.16785
5962,1.07641,16.7095
5963,1.0274,-15.5305
5964,1.0372,-8.18431
5965,1.06152,-4.18596
5966,1.01235,-4.74174
5967,0.991951,-16.0846
5968,1.0413,-24.5145
5969,1.10277,9.74387
5970,0.948577,-32.4526
5971,1.10756,15.4842
5972,1.13977,17.2659
5973,1.05417,-23.3673
5974,1.03482,-17.5272
5975,1.07266,-24.2008
5976,1.06326,-25.0894
5977,1.0557,9.36083
5978,0.984836,-19.8187
5979,1.09862,-5.09309
5980,0.983356,0.729551
5981,1.04493,2.86001
5982,0.993895,-13.9342
5983,1.01141,-22.9569
5984,1.03289,-24.1857
5985,1.01831,-17.9176
5986,1.05331,7.89526
5987,0.985589,-19.5177
5988,0.928095,-4.37232
5989,1.07496,-25.0257
5990,0.951274,-33.7914
5991,0.957267,-5.43498
5992,0.996641,-17.3521
5993,0.918828,-11.902
5994,0.976367,-3.77202
5995,0.982826,-17.4505
5996,0.951466,-32.924
5997,1.01019,-5.56082
5998,0.951344,-31.7258
5999,0.951676,-37.3506
6000,0.990736,-42.6897
6001,0.970966,-28.7584
6002,1.08758,-22.9759
6003,0.969243,-15.3059
6004,1.02489,-25.0133
6005,1.07511,-24.5438
6006,0.960404,-27.0987
6007,0.948779,-32.6778
6008,1.03304,-24.7859
6009,0.976585,-3.6914
6010,0.976461,-3.77251
6011,1.06733,13.2869
6012,0.945518,-7.10107
6013,1.06037,-23.935
6014,1.1385,19.36
6015,0.965229,-28.7631
6016,0.928046,-10.3846
6017,1.07357,-23.1252
6018,0.953048,-31.1623
6019,1.00314,-3.21279
6020,1.0034,-3.19324
6021,1.0228,-12.9993
6022,0.99704,-13.5036
6023,1.03686,-8.89918
6024,1.02643,-9.52471
6025,0.973914,-5.00072
6026,0.927568,1.09857
6027,0.945306,-5.79785
6028,0.953262,-6.8259
6029,0.926643,-8.6877
6030,0.955338,-6.04838
6031,0.916708,-12.1452
6032,0.974589,-13.8237
6033,1.02075,-19.437
6034,1.01376,-17.4921
6035,1.03754,-13.329
6036,0.941391,-5.65028
6037,1.0693,11.0795
6038,1.02542,-12.4167
6039,0.998481,-6.42248
6040,0.976013,-4.62827
6041,1.05819,-5.0578
6042,1.0526,-5.1777
6043,0.958362,-4.75055
6044,0.923397,-35.7105
6045,1.11589,17.543
6046,1.05133,10.0965
6047,1.0571,13.9359
6048,0.957127,-15.5558
6049,0.981425,-21.3209
6050,0.961512,-28.7785
6051,1.06072,-23.0619
6052,0.978181,1.27498
6053,1.05947,10.8582
6054,1.11338,12.8217
6055,0.938702,-5.3746
6056,0.962873,-28.9906
6057,0.996171,-19.7246
6058,0.991335,-15.6532
6059,0.958571,-16.1717
6060,0.958571,-16.1717
6061,0.959676,-16.8926
6062,0.959093,-17.5052
6063,0.928082,-10.4014
6064,0.927939,-10.3983
6065,0.991857,-9.13724
6066,0.962467,-3.96171
6067,1.12658,16.6061
6068,1.12824,16.6026
6069,1.12124,17.0677
6070,0.963302,-2.00916
6071,0.966054,-1.49164
6072,1.08327,-23.8276
6073,1.09445,15.1324
6074,1.12393,15.9494
6075,1.06187,14.4609
6076,0.985399,-20.9642
6077,0.993774,-18.7143
6078,1.07521,-24.9861
6079,0.962358,-3.15376
6080,1.00391,-9.74796
6081,1.05383,7.31755
6082,1.09843,8.57963
6083,1.12407,17.5123
6084,1.0176,-7.51142
6085,1.06001,10.7532
6086,1.11048,12.3994
6087,0.986662,-1.52481
6088,1.03215,-7.05434
6089,1.03175,-7.09625
6090,0.997201,0.641756
6091,0.941526,-5.02549
6092,1.14313,-22.1131
6093,0.991815,-17.6847
6094,1.00042,-14.0245
6095,1.03195,-15.4063
6096,1.01643,-14.8742
6097,1.13798,-22.3583
6098,0.98691,-20.8983
6099,0.992762,-18.3646
6100,0.997312,-14.1556
6101,1.03011,-15.5826
6102,0.962346,-24.1571
6103,0.991574,-13.2212
6104,0.954523,-5.21609
6105,0.960521,-27.4543
6106,0.967139,-27.1026
6107,1.10493,-23.9709
6108,0.924508,-11.7668
6109,0.924449,-12.0378
6110,0.950717,-6.66606
6111,1.13193,17.4026
6112,0.961605,-2.99359
6113,0.950012,-3.83699
6114,1.12647,19.0048
6115,0.970732,-29.0591
6116,1.09904,16.1568
6117,0.986534,-18.7325
6118,0.924455,-12.1521
6119,0.965866,0.0877622
6120,0.9253,-12.2986
6121,1.0305,16.1261
6122,1.10384,16.7643
6123,0.948706,-31.3041
6124,0.924603,-11.0835
6125,0.985629,-18.0286
6126,1.03591,-5.1074
6127,0.964402,-15.9354
6128,0.962951,-13.1978
6129,0.960931,-16.3462
6130,1.11754,17.5787
6131,0.922332,-35.9307
6132,1.01693,-25.2954
6133,1.0757,-24.543
6134,0.951937,-29.9197
6135,1.07288,14.9079
6136,1.13916,18.2899
6137,1.01425,-5.03695
6138,1.02764,-10.6006
6139,0.990154,-0.70391
6140,0.993944,-23.2694
6141,1.09277,15.8936
6142,0.940758,-5.40984
6143,1.06987,13.158
6144,1.02807,-5.35664
6145,0.945612,-32.8297
6146,0.978216,-16.5556
6147,1.00314,1.45272
6148,0.979764,2.52728
6149,1.06205,16.2833
6150,1.12072,17.8573
6151,1.03175,-7.09626
6152,0.965801,-28.2154
6153,1.02992,8.61035
6154,1.05083,8.49019
6155,1.0639,-24.1614
6156,0.972783,-27.5133
6157,0.981611,-28.5554
6158,1.11819,17.5842
6159,0.957759,-15.6955
6160,0.978946,-18.2586
6161,1.02078,-7.34077
6162,0.950832,-30.9462
6163,0.859399,-12.7354
6164,1.02934,-24.8873
6165,1.08547,-23.0668
6166,0.975687,-22.4559
6167,0.973031,-24.8643
6168,0.979473,0.638945
6169,0.952131,-31.4794
6170,0.952473,-13.5062
6171,1.06441,-25.0883
6172,1.01186,2.87547
6173,0.945946,-28.5427
6174,0.960823,-27.0013
6175,1.06278,9.51194
6176,1.12235,18.0223
6177,1.05426,9.84198
6178,1.06332,12.9362
6179,1.07369,13.3457
6180,1.12536,16.6015
6181,0.935981,-33.2042
6182,0.989072,-0.740916
6183,0.983717,4.02477
6184,1.04466,7.64391
6185,1.10654,17.467
6186,1.13849,19.3837
6187,0.97419,-2.05854
6188,0.984317,-20.0856
6189,0.959464,-24.9085
6190,1.07802,-24.3635
6191,0.971559,-0.446684
6192,0.912809,-37.8895
6193,1.15,20.9425
6194,0.967742,-27.4344
6195,1.08822,15.2392
6196,0.984006,-19.0336
6197,1.00585,-27.0984
6198,0.992734,-15.6711
6199,0.99024,-6.81684
6200,0.965926,-2.49523
6201,0.923704,0.733163
6202,0.923704,0.733163
6203,0.951486,-14.4665
6204,1.07079,-38.0459
6205,0.961156,-26.9673
6206,1.01516,-5.04346
6207,0.947057,-4.40415
6208,0.960863,-3.01771
6209,0.925,-11.3849
6210,0.955948,-15.3102
6211,0.927865,-9.8119
6212,1.12228,17.999
6213,1.0514,10.0922
6214,0.993151,-13.6669
6215,0.963225,-4.09633
6216,0.959136,-28.074
6217,1.02488,-14.044
6218,0.948979,-31.1832
6219,0.980318,-4.72068
6220,1.04137,-5.10131
6221,1.03912,-24.3276
6222,1.06963,16.0216
6223,0.958336,-6.03613
6224,0.94039,-9.2062
6225,1.06375,-24.8809
6226,1.01554,-29.1574
6227,0.914575,-12.2288
6228,0.914388,-12.3927
6229,1.06196,-22.2588
6230,1.0536,-19.4456
6231,1.0821,-24.5973
6232,0.991848,0.443409
6233,1.04176,1.89943
6234,0.923972,-34.9168
6235,0.953551,-32.5149
6236,1.1212,19.3693
6237,1.02844,-14.4123
6238,1.03883,-24.6121
6239,0.952944,-31.0585
6240,0.998413,-11.2633
6241,1.12112,14.5969
6242,1.12492,15.0831
6243,1.10281,13.4064
6244,1.12374,15.1748
6245,1.11319,15.0761
6246,0.938308,-32.4733
6247,0.963258,-28.0401
6248,1.00721,-18.3631
6249,0.988492,-18.9156
6250,1.02373,-9.11749
6251,0.925667,-8.30977
6252,0.926205,-7.90172
6253,1.06644,10.8946
6254,0.962711,-3.40017
6255,0.994708,-3.52525
6256,0.994708,-3.52525
6257,1.01343,-6.22838
6258,1.02013,-13.1063
6259,1.00927,-13.1063
6260,1.01736,-6.21983
6261,0.974264,-13.34
6262,1.06135,-23.2028
6263,1.10213,-3.05859
6264,1.10213,-3.05859
6265,1.10093,-3.05183
6266,1.10093,-3.05183
6267,1.10028,-23.6433
6268,1.10028,-23.6433
6269,1.06981,-17.6293
6270,1.06704,-13.1461
6271,1.08447,-19.0915
6272,1.08447,-19.0915
6273,1.05437,0.29755
6274,1.06427,0.493293
6275,1.05479,0.512083
6276,1.05441,0.318979
6278,1.0477,-2.22664
6279,1.05888,-2.32967
6280,1.05164,-1.91285
6281,1.03227,-2.06297
6282,1.08375,-4.47919
6283,1.04105,0.260702
6284,1.03486,0.86116
6285,1.04105,0.260702
6286,1.03486,0.86116
6287,1.03469,0.862102
6288,1.03415,-14.038
6289,0.947421,1.62207
6290,0.934981,-2.0081
6291,0.939019,-2.05552
6292,1.02029,-30.4013
6293,1.06722,-25.5465
6294,1.07767,-25.5465
6295,0.983938,-1.85293
6296,0.98306,-1.74886
6297,0.984218,-2.05217
6298,0.983192,-1.95361
6299,0.985636,-2.74183
6300,0.985638,-2.76017
6301,1.06852,-5.93532
6302,1.06852,-5.93532
6303,1.06852,-5.93532
6304,1.06852,-5.93532
6305,1.06852,-5.93532
6306,1.06852,-5.93532
6307,1.03097,-7.05478
6308,1.00898,4.73872
6309,1.06441,4.7902
6310,1.05943,-2.03986
6311,1.03768,-1.85814
6312,1.03615,0.684588
6313,0.998126,1.80549
6314,1.11596,-41.4323
6315,1.0308,-22.8967
6316,1.0255,-23.2312
6317,1.02588,-16.0213
6319,0.998553,-15.8001
6320,0.998523,-15.8147
6321,0.962832,8.39693
6322,0.96335,8.07781
6323,1.00873,0.409746
6324,1.01091,0.417429
6325,0.997402,-20.5699
6326,0.997363,-20.5698
6327,1.08552,-24.3997
6328,0.992214,-39.4698
6329,1.02968,-32.6551
6330,1.03221,-36.3274
6332,0.979155,-36.5102
6333,0.959447,2.11156
6334,0.959447,2.11156
6335,0.959447,2.11156
6336,0.959447,2.11156
6337,0.959447,2.11156
6338,0.959447,2.11156
6339,1.05223,7.78268
6340,1.05262,7.77749
6341,1.04988,7.77495
6342,1.04922,7.28943
6343,1.03973,-2.87348
6344,1.03973,-2.87348
6345,0.988148,-12.9734
6346,1.01801,-12.9734
6347,1.05526,-3.47043
6348,1.00594,-7.93752
6349,1.00594,-7.93752
6350,1.00605,-7.88558
6351,1.00628,-7.77425
6352,1.01895,-7.99243
6353,1.05375,-13.1435
6354,1.0548,-13.1516
6355,1.07301,-9.78712
6356,1.05445,-19.5158
6357,1.03944,-21.1617
6358,1.07334,-16.7609
6359,1.08652,-21.1617
6360,1.06629,-23.9944
6361,1.05106,3.11071
6362,1.05592,3.06764
6363,1.01202,-6.29177
6364,1.01202,-6.29177
6365,1.05074,-1.46963
6366,0.962342,-1.55034
6367,1.03844,-6.89293
6368,1.04184,-7.28131
6369,1.04188,-7.27567
6370,1.03847,-6.88998
6371,1.04192,-7.26738
6372,1.03847,-6.88805
6373,0.96638,-20.8063
6374,0.990868,-31.4438
6375,1.02718,-18.757
6376,0.999936,-25.016
6377,0.989047,-23.5929
6379,0.981685,-24.0094
6380,0.981345,-24.0094
6381,1.00276,-6.0972
6382,0.976788,-5.9199
6383,1.0304,-0.080347
6384,1.0304,-0.080347
6385,1.04239,-6.29102
6386,0.951705,0.0292977
6387,0.951705,0.0292977
6388,0.943366,-6.6976
6389,0.951705,0.0292975
6390,0.958023,-24.0591
6391,1.0061,-2.76977
6392,1.0061,-2.76977
6393,1.09,-25.4692
6394,1.11727,-25.4692
6395,1.1008,-25.4692
6396,1.08917,-25.4692
6397,1.05242,-5.78602
6398,1.05242,-5.78602
6399,1.05242,-5.78602
6400,1.04187,-6.98868
6401,0.962006,-7.96165
6402,0.951754,0.140609
6403,0.951754,0.140609
6404,0.951754,0.140609
6405,1.05217,-6.12422
6406,1.04902,-3.292
6407,0.936484,-12.7646
6408,0.931405,-6.77627
6409,0.957869,-1.59139
6410,1.06013,-7.63762
6411,1.09946,-3.00394
6412,1.09946,-3.00394
6413,0.975884,-25.5057
6414,0.975884,-25.5057
6415,0.918783,6.09586
6416,0.918582,6.15723
6417,0.91854,6.15764
6418,0.91848,6.17606
6419,0.96229,-0.367171
6420,0.962289,-0.367165
6421,1.02778,-6.02562
6422,1.03035,-6.04577
6423,1.04186,-8.32442
6424,1.07097,-8.77576
6425,0.976635,-13.1507
6426,1.05217,-11.9819
6427,1.04856,-6.2051
6428,1.04856,-6.2051
6429,1.05844,-23.0497
6430,1.045,-6.62316
6431,1.05853,-6.89135
6432,1.05234,-6.86319
6433,1.05815,-7.54473
6434,0.977728,-25.9797
6435,1.04793,-8.21666
6436,1.04966,-8.23614
6437,0.973198,-26.6746
6438,0.973198,-26.6746
6439,1.03488,-19.2492
6440,0.982978,-26.6746
6441,1.07052,-2.96499
6442,1.07052,-2.96499
6443,1.07547,-9.95192
6444,1.08276,3.4245
6445,1.03946,-8.60211
6446,0.990037,-8.54204
6447,1.01027,1.00914
6448,1.01027,1.00914
6449,1.03191,10.7324
6450,1.09419,-5.20681
6451,1.09708,-10.1344
6452,1.06064,-15.4855
6453,0.97941,-7.57532
6454,1.03636,-44.5467
6455,1.03637,-44.5467
6456,1.03637,-44.5467
6457,1.09814,-23.8956
6458,1.04758,-23.8956
6459,1.09814,-23.8956
6460,1.04758,-23.8956
6461,0.931462,3.07879
6462,0.95842,0.786397
6463,0.931462,3.07879
6464,0.931458,3.08029
6465,1.10796,-1.65674
6466,1.0309,-6.97696
6467,1.11208,-6.97992
6468,1.0309,-6.97696
6469,1.0309,-6.97696
6470,1.02517,-2.66442
6471,1.08516,-6.25015
6472,1.08516,-6.25015
6473,1.04582,-0.698414
6474,1.04569,-6.74896
6475,1.04143,-0.888947
6476,0.992692,0.0924679
6477,0.965214,-23.4593
6478,0.965214,-23.4593
6479,0.995164,-8.0312
6480,1.07788,-6.19751
6481,1.07428,-1.02507
6482,1.07428,-1.02507
6483,1.07428,-1.02507
6484,1.03129,-3.13319
6485,0.92478,3.9659
6486,0.92478,3.9659
6487,1.05937,-5.51658
6488,1.02691,-2.02161
6489,1.02457,5.93877
6490,1.02568,5.85308
6491,0.952972,-5.92672
6492,0.952972,-5.92672
6493,1.00262,-1.73727
6494,1.00388,-1.78682
6495,0.94719,-7.05405
6496,0.984373,-14.8575
6497,1.01046,-11.3896
6498,1.01053,-11.362
6499,1.07073,-6.5181
6500,1.07073,-6.5181
6501,1.07073,-6.5181
6502,1.07949,-18.7732
6503,1.02508,-2.00936
6504,1.02508,-2.00936
6505,1.02399,11.3944
6506,1.03085,11.2655
6507,1.02432,11.0514
6508,1.02386,11.4499
6509,1.02999,-30.1868
6510,1.02999,-30.1868
6511,1.02141,-30.3216
6512,0.8,-33.3044
6513,0.8,-33.3044
6514,0.8,-33.3044
6515,1.0493,-25.6873
6516,1.04938,-25.6878
6517,1.07707,-29.3867
6518,1.15,-23.2781
6519,1.15,-13.8638
