bus_id,Vm,Va_deg
1,1.055,-7.78727
2,1.03001,-8.32301
3,1.02967,-8.33665
4,1.0175,-12.6723
5,1.06377,-4.95582
6,1.03403,-10.0764
7,1.03402,-10.077
8,1.02568,-9.29631
9,1.0256,-9.3025
10,1.077,-5.16067
11,1.07698,-5.16014
12,1.06745,-4.92539
13,1.06749,-4.91778
14,1.04135,-10.9254
15,1.06405,-5.7537
16,1.06412,-5.75711
17,1.05374,-10.3369
18,1.06593,-5.55888
19,1.06593,-5.5785
20,0.977585,1.49079
21,1.03921,-19.7102
22,1.05072,-12.5034
23,1.05047,-12.5216
24,1.02027,-11.2414
25,1.02407,-12.2055
26,1.04129,-13.1965
27,1.01651,-11.4043
28,1.02061,-12.5087
29,1.02064,-12.5127
30,1.03897,-12.2586
31,1.03889,-12.2565
32,0.996106,-11.2395
33,1.02676,-11.0307
34,1.02673,-11.0316
35,1.02097,-14.3877
36,1.0375,-10.4802
37,1.00848,-13.3933
38,1.00842,-13.393
39,1.01147,-11.5812
40,1.01138,-11.5957
41,1.01596,-12.5717
42,1.09808,-13.0022
43,1.09807,-13.0018
44,1.09971,-12.9029
45,1.09592,-11.575
46,1.09326,-11.8525
47,1.0932,-11.863
48,1.0686,-13.4099
49,1.1,-12.8103
50,1.09642,-11.4972
51,1.09422,-13.3494
52,1.0984,-12.9678
53,1.09837,-12.9731
54,1.09418,-13.3487
55,1.0941,-13.3594
56,1.09917,-12.9289
57,1.0992,-12.8877
58,1.09916,-12.8954
59,1.06919,-13.3727
60,1.09676,-13.1114
61,1.09668,-13.1237
62,1.08624,-12.6119
63,1.08637,-12.6022
64,1.08169,-9.88453
65,1.07619,-10.6093
66,1.09391,-11.1341
67,1.09647,-11.5995
68,1.09624,-11.6259
69,1.09933,-16.2605
70,1.07873,-13.5318
71,1.09422,-8.4128
72,1.09422,-8.4128
73,1.09713,-16.5174
74,1.09378,-7.62168
75,1.07467,-10.2576
76,1.09303,-7.64261
77,1.08536,-9.50583
78,1.0869,-7.99442
79,1.08688,-7.99535
80,1.09354,-8.16493
81,1.09724,-8.29527
82,1.06677,-12.8596
83,1.08872,-8.92775
84,1.09515,-7.54216
85,1.09503,-7.53967
86,1.09601,-11.5535
87,1.1,-16.2277
88,1.09737,-16.4985
89,1.07118,-11.7905
90,1.08116,-10.3382
91,1.09398,-8.25902
92,1.094,-8.23921
93,1.08053,-12.1553
94,1.06874,-13.6452
95,1.08754,-9.4021
96,1.0869,-7.99441
97,1.07739,-10.9472
98,1.07501,-13.8922
99,1.07504,-13.895
100,1.05864,-13.6159
101,1.06574,-13.7365
102,1.06465,-12.6952
103,1.06438,-12.6869
104,1.06427,-14.0431
105,1.06435,-14.0465
106,1.06831,-15.1707
107,1.07401,-13.8933
108,1.07371,-13.884
109,1.07727,-11.9712
110,1.07996,-13.5818
111,1.09433,-5.98372
112,1.08506,-12.973
113,1.08514,-12.9298
114,1.0851,-12.9591
115,1.05183,-13.407
116,1.05194,-13.398
117,1.07464,-13.8466
118,1.0743,-13.84
119,1.02997,-14.3836
120,1.08992,-7.14649
121,1.05926,-16.8638
122,1.0721,-7.59056
123,1.07211,-7.58933
124,1.06255,-14.9401
125,1.06103,-15.143
126,1.06706,-14.5357
127,1.09575,-5.93739
128,1.0971,-5.76836
129,1.07435,-13.8961
130,1.07068,-12.6129
131,1.07303,-13.3525
132,1.1,-5.45016
133,1.0999,-5.48896
134,1.07361,-8.51824
135,1.09705,-5.73056
136,1.0485,-14.6352
137,1.08821,-6.85639
138,1.05788,-13.3901
139,1.08921,-6.76273
140,1.08934,-6.75821
141,1.09155,-6.84276
142,1.079,-7.77453
143,1.06228,-16.3691
144,1.06502,-14.8277
145,1.09386,-6.13274
146,1.0743,-13.84
147,1.07629,-11.9929
148,1.08109,-7.58016
149,1.08117,-7.56364
150,1.07252,-14.1006
151,1.04358,-16.7681
152,1.09063,-7.48256
153,1.06191,-16.493
154,1.0818,-13.33
155,1.08011,-15.5662
156,1.06226,-9.07248
157,1.07697,-14.1644
158,1.07681,-14.1779
159,1.08385,-13.6633
160,1.0674,-14.7227
161,1.0802,-13.8583
162,1.07406,-13.95
163,1.07399,-13.9546
164,1.07492,-13.8989
165,1.07367,-14.3008
166,1.0735,-14.321
167,1.07417,-7.48958
168,1.02034,-11.2417
169,1.05793,-11.2288
170,1.07808,-11.247
171,1.04349,-9.57379
172,0.9,-9.40068
173,1.08586,-18.5673
174,1.0523,-21.7635
175,1.07933,-11.4627
176,1.06007,-21.7834
177,1.05734,-21.7834
178,1.07454,-12.9855
179,1.04681,-21.4061
180,1.03136,-16.8505
181,1.02718,-21.4003
182,1.0581,-13.3479
183,1.05341,-7.68771
184,1.04551,-13.3447
185,1.05344,-7.61994
186,1.04545,-13.3447
187,1.05397,-16.3029
188,1.0587,-7.11862
189,1.0587,-7.11862
190,1.05869,-7.12199
191,1.05585,-15.8858
192,1.04666,-15.887
193,1.04666,-15.887
194,1.04632,-15.887
195,1.05784,-11.2285
196,1.04452,-11.7554
197,1.05567,-10.6864
198,1.05949,-10.9782
199,1.05617,-11.484
200,1.06227,-14.5924
201,1.06933,-15.3766
202,1.043,-21.6934
203,1.04376,-18.5081
204,1.04303,-22.1046
205,1.04629,-23.6344
206,1.05209,-17.8977
207,1.04383,-23.5255
208,1.05311,-16.7605
209,1.04677,-20.3435
210,1.04968,-19.1683
211,1.04871,-20.7592
212,1.0375,-21.2723
213,1.0435,-25.3093
214,1.05258,-22.1606
215,1.04955,-19.5973
216,1.04971,-19.3136
217,1.04926,-24.2505
218,1.04037,-21.8524
219,1.04614,-22.3518
220,1.03768,-21.2124
221,1.0485,-20.9344
222,1.04064,-21.287
223,1.04697,-16.3158
224,1.05346,-17.7286
225,1.05642,-16.424
226,1.04452,-11.7554
227,1.05801,-15.8753
228,1.0544,-8.96697
229,1.02811,-25.2334
230,1.02645,-25.9351
231,1.07441,-31.4699
232,1.03028,-24.1448
233,1.01561,-26.4002
234,1.03079,-26.254
235,1.03076,-26.2619
236,1.01351,-26.7431
237,1.01115,-26.9822
238,1.00853,-27.832
239,1.03782,-28.5972
240,1.03194,-29.7039
241,1.03208,-29.624
242,1.03718,-13.2619
243,1.03097,-26.1418
244,1.03104,-21.7314
245,1.03092,-21.7314
246,1.04871,-20.7592
247,1.04871,-20.7592
248,1.03151,-14.7851
249,1.04189,-16.7597
250,1.03207,-13.9213
251,1.03749,-18.302
252,1.03215,-28.003
253,1.03972,-19.5979
254,1.04001,-19.1691
255,1.05251,-28.7901
256,1.00985,-27.4064
257,1.06603,-7.5536
258,1.1,1.26272
259,1.1,4.78422
260,1.1,4.78422
261,1.0464,-12.5765
262,1.07187,-5.70957
263,1.03606,-12.7201
264,1.03953,-12.2548
265,1.04357,-10.3708
266,1.04559,-10.164
267,1.06532,-7.73236
268,1.0654,-7.71955
269,1.04363,-10.3679
270,1.04554,-10.167
271,1.06537,-7.73312
272,1.06543,-7.72082
273,1.0662,-7.72697
274,1.06482,-7.75845
275,1.06704,-7.81077
276,1.06514,-7.57543
277,1.06485,-7.75951
278,1.04279,-12.4815
279,1.04225,-12.5729
280,1.04431,-12.2622
281,1.0439,-12.3329
282,1.04863,-11.4919
283,1.05808,-9.82112
284,1.05994,-9.32194
285,1.06678,-7.92347
286,1.06469,-7.57513
287,1.04026,-13.3378
288,1.04104,-13.3573
289,1.04013,-13.3359
290,1.04096,-13.3567
291,1.04232,-12.965
292,1.03993,-13.5393
293,1.04137,-13.2581
294,1.03159,-13.2611
295,1.06583,-7.74773
296,1.06583,-7.74773
297,1.03437,-12.4618
298,1.04945,-9.32194
299,1.03883,-11.4951
300,1.03106,-13.3433
301,1.03124,-13.36
302,1.04827,-12.487
303,1.05513,-10.2674
304,1.05459,-7.57543
305,1.05431,-7.75951
306,1.05262,-28.7917
307,1.06679,-28.7958
308,1.03104,-21.7314
309,1.03092,-21.7314
310,1.02704,-21.2122
311,1.02124,-23.0621
312,1.02129,-23.0755
313,1.03648,-10.3989
314,1.02668,-11.67
315,1.0282,-11.9213
316,1.06124,-15.8066
317,1.05378,-16.7162
318,1.06443,-16.7162
319,1.03652,-9.96025
320,1.06415,-15.7668
321,1.02116,-15.2401
322,1.06412,-15.7651
323,1.02816,-10.6342
324,1.03561,-6.46288
325,1.02866,-10.579
326,0.959768,5.26017
327,0.909091,-10.3486
328,1.03103,-10.579
329,1.02646,-11.429
330,0.976028,-8.63581
331,1.02774,-11.7149
332,1.02774,-11.7149
333,1.0288,-10.191
334,1.02189,-9.16792
335,1.01989,-10.1982
336,1.01989,-10.1982
337,1.03646,-10.3984
338,1.04693,-10.3984
339,1.02782,-11.5761
340,1.0188,-11.5258
341,1.02216,-11.9913
342,1.00691,-11.9086
343,1.01936,-20.2118
344,1.01936,-20.2136
345,1.03423,-9.40204
346,1.03383,-9.23407
347,1.04454,-10.9877
348,1.03642,-10.3947
349,1.03644,-10.3979
350,1.0244,-11.2407
351,1.02868,-10.5802
352,1.02302,-11.4241
353,1.04472,-11.005
354,1.04422,-8.67633
355,1.04452,-10.9895
356,1.02405,-11.2285
357,1.02631,-21.8324
358,1.02637,-21.8422
359,1.02726,-21.1264
360,1.02747,-13.0115
361,1.02257,-12.0012
362,1.03385,-13.1978
363,1.01981,-20.0063
364,1.01981,-20.0043
365,1.02697,-11.6423
366,1.06125,-15.8093
367,1.05378,-16.7162
368,1.03634,-18.4058
369,1.02827,-19.1144
370,1.05384,-12.4608
371,1.06425,-15.6968
372,1.06507,-15.6704
373,1.06813,-15.5383
374,1.02896,-11.6708
375,1.06816,-15.5399
376,1.0281,-10.6088
377,1.02896,-11.6686
378,1.02826,-11.6379
379,1.02624,-11.8625
380,1.02774,-11.7148
381,1.02061,-12.3786
382,1.02176,-11.872
383,1.02277,-11.3981
384,0.976013,-8.62276
385,1.02647,-11.6255
386,1.04472,-11.005
387,1.09028,-13.1799
388,1.06887,-13.8739
389,1.03032,-13.5977
390,1.03484,-13.2252
391,1.03977,-12.2619
392,1.02613,-10.5032
393,1.02238,-21.3212
394,1.036,-13.4288
395,1.02243,-21.3472
396,1.01679,-12.1731
397,0.9,-10.3486
398,1.03243,-11.6965
399,1.02734,-13.0329
400,1.07348,-15.9261
401,1.06085,-16.1695
402,1.06833,-7.04186
403,1.08523,-11.5625
404,1.08631,-11.583
405,1.08621,-11.5969
406,1.08673,-11.5249
407,1.08211,-12.1152
408,1.0821,-12.1027
409,1.08626,-11.9552
410,1.08631,-11.9609
411,1.08587,-11.611
412,1.08598,-11.6067
413,1.08615,-11.5666
414,1.08618,-11.5651
415,1.08429,-11.6962
416,1.08712,-11.3098
417,1.08706,-11.3202
418,1.08337,-11.8226
419,1.08338,-11.8223
420,1.08338,-11.8223
421,1.08853,-10.0235
422,1.08401,-12.2412
423,1.0819,-12.237
424,1.0819,-12.237
425,1.08469,-12.5137
426,1.08169,-12.3627
427,1.08679,-11.5198
428,1.08469,-12.5106
429,1.0847,-12.5095
430,1.08622,-11.7466
431,1.08626,-11.7546
432,1.08499,-11.5463
433,1.08496,-11.4185
434,1.08491,-11.4039
435,1.08554,-11.623
436,1.08553,-11.6252
437,1.08446,-12.1794
438,1.08447,-12.1763
439,1.08609,-12.0637
440,1.08609,-12.0637
441,1.08681,-12.0323
442,1.0866,-12.0215
443,1.08394,-12.2947
444,1.08397,-12.303
445,1.0862,-12.1746
446,1.0862,-12.1746
447,1.08606,-11.9725
448,1.08614,-11.9826
449,1.08575,-11.8416
450,1.0857,-11.8333
451,1.0858,-11.5867
452,1.08583,-11.5849
453,1.08873,-11.185
454,1.08866,-11.197
455,1.08314,-11.8579
456,1.0856,-11.463
457,1.08316,-11.8572
458,1.08574,-11.4547
459,1.08557,-11.774
460,1.0856,-11.7841
461,1.0863,-11.8745
462,1.08637,-11.8899
463,1.0852,-11.5962
464,1.08525,-11.5964
465,1.0861,-11.7737
466,1.08615,-11.7864
467,1.08938,-9.96427
468,1.08661,-11.5307
469,1.08521,-10.7889
470,1.08519,-10.7709
471,1.05462,-6.09341
472,1.06815,-12.4473
473,1.06836,-12.4411
474,1.08184,-16.7227
475,1.00743,-9.98894
476,1.00754,-9.97572
477,1.02928,-10.9964
478,1.0249,-11.0989
479,1.02478,-11.0912
480,1.00378,-15.2238
481,1.00402,-13.646
482,1.02916,-9.06177
483,1.02916,-9.07715
484,1.02433,-11.0428
485,1.02429,-11.0495
486,1.01637,-10.6311
487,1.02217,-11.08
488,1.05269,-9.05384
489,1.06297,-4.35451
490,1.02911,-12.2673
491,1.08312,-7.50077
492,1.08326,-7.49362
493,1.03056,-6.29702
494,1.06066,-6.62059
495,1.06063,-6.62343
496,1.06072,-6.60551
497,1.02369,-4.79427
498,1.02369,-4.7957
499,1.07758,-7.85851
500,1.01988,-6.01763
501,1.03933,-10.4011
502,1.03931,-10.4012
503,1.04009,-2.9934
504,1.04017,-2.98657
505,1.05217,-4.9764
506,1.0563,-8.40486
507,1.05629,-8.40372
508,1.0759,-7.66932
509,1.06405,-8.05948
510,1.06401,-8.0612
511,1.05268,-7.52321
512,1.0552,-7.03371
513,1.05946,-7.6703
514,1.07181,-7.28838
515,1.0718,-7.27513
516,1.03716,-7.4989
517,1.07895,-7.50148
518,1.07336,-7.57417
519,1.07041,-7.24464
520,1.05797,-14.5415
521,1.06961,-9.8238
522,1.06955,-9.82945
523,1.06844,-13.6104
524,1.07717,-13.379
525,1.06636,-12.2309
526,1.0635,-12.9441
527,1.06592,-13.4983
528,1.07008,-13.3393
529,1.07008,-13.347
530,1.08669,-16.7169
531,1.01829,-10.983
532,1.08748,-14.4864
533,1.07529,-14.1273
534,1.0755,-14.1017
535,1.00226,-15.1231
537,1.1,-14.1109
538,1.09959,-13.387
539,1.0968,-12.7938
540,1.1,-12.4412
541,1.07041,-13.4781
542,1.08047,-13.2092
543,1.06825,-9.92231
544,1.06488,-13.0565
545,1.06793,-13.4299
546,1.08304,-5.69569
547,1.08303,-5.68076
548,1.05384,-15.4477
549,1.05521,-15.0169
550,1.05518,-15.0347
551,1.05795,-14.5412
552,1.05799,-14.518
553,1.07419,-14.1975
554,1.08484,-9.6031
555,1.07738,-11.7142
556,1.07735,-11.7284
557,1.06193,-13.2908
558,1.08673,-14.4716
559,1.0865,-14.4697
560,1.07493,-14.1059
561,1.07497,-14.1062
562,1.07486,-14.1652
563,1.08059,-13.3051
564,1.08056,-13.3065
565,1.05596,-13.3506
566,1.0549,-13.4185
567,1.06314,-14.8871
568,1.08562,-11.1444
569,1.06438,-14.8163
570,1.07454,-14.0808
571,1.07454,-14.0742
572,1.06662,-10.5754
573,1.06669,-10.5653
574,1.06241,-12.0371
575,1.07903,-8.39169
576,1.05812,-10.9348
577,1.07494,-12.0171
578,1.07494,-12.0221
579,1.07371,-12.2811
580,1.05806,-12.1704
581,1.06569,-10.8063
582,1.06233,-11.7482
583,1.08141,-8.94671
584,1.05932,-12.2426
585,1.06987,-12.4523
586,1.06864,-10.0109
587,1.07519,-11.9277
588,1.06361,-10.8653
589,1.07323,-9.80042
590,1.07972,-11.0563
591,1.05659,-12.4346
592,1.09481,-8.53179
593,1.06778,-9.89997
594,1.0694,-9.66782
595,1.06926,-8.94785
596,1.0694,-9.66799
597,1.05763,-12.5179
598,1.07159,-11.2367
599,1.09481,-8.53179
600,1.09426,-8.54997
601,1.06942,-9.66494
602,1.08684,-9.16854
603,1.06712,-10.5537
604,1.06826,-10.205
605,1.06814,-10.2101
606,1.06866,-10.1248
607,1.07283,-9.68797
608,1.06714,-10.4337
609,1.07122,-12.7622
610,1.07106,-9.85087
611,1.07084,-9.87492
612,1.06429,-10.7526
613,1.06915,-10.144
614,1.06914,-10.147
615,1.06523,-10.6781
616,1.06791,-10.2221
617,1.06855,-13.0332
618,1.07904,-7.40444
619,1.07676,-11.6362
620,1.07283,-11.7736
621,1.0601,-9.91898
622,1.05863,-12.6248
623,1.0609,-11.1169
624,1.07201,-9.26201
625,1.0697,-5.23473
626,1.0697,-5.23472
627,1.07521,-11.2794
628,1.07794,-10.4561
629,1.06069,-12.2418
630,1.06198,-11.005
631,1.08066,-9.6765
632,1.07532,-10.0615
633,1.05764,-12.2905
634,1.05753,-12.3421
635,1.06187,-12.7278
636,1.06184,-11.6912
637,1.06412,-10.6621
638,1.06829,-13.9193
639,1.0646,-10.6578
640,1.05947,-12.2257
641,1.06546,-10.6308
642,1.06783,-10.3862
643,1.06789,-10.388
644,1.06736,-10.5498
645,1.06654,-10.5531
646,1.06466,-10.6815
647,1.06883,-11.0283
648,1.06477,-10.6175
649,1.06532,-9.98491
650,1.06071,-11.6996
651,1.06112,-12.3921
652,1.06053,-12.1197
653,1.0622,-10.9779
654,1.06213,-10.9716
655,1.0622,-10.9779
656,1.0622,-10.9779
657,1.06192,-11.0037
658,1.05955,-10.7593
659,1.07978,-10.8255
660,1.06783,-10.3862
661,1.08282,-10.3524
662,1.08793,-9.57191
663,1.06406,-10.194
664,1.05964,-11.9499
665,1.0622,-10.9779
666,1.06236,-11.1602
667,1.1,-7.56103
668,1.01407,-15.3144
669,1.05628,-15.9366
670,1.05602,-15.9368
671,1.08637,-9.5734
672,1.08631,-9.56893
673,1.08209,-9.51268
674,1.05693,-12.4054
675,1.09234,-9.60161
676,1.09237,-9.63148
677,1.09346,-7.92552
678,1.08862,-9.17874
679,1.05636,-15.9372
680,1.0561,-15.9373
681,1.09051,-11.086
682,1.09022,-11.0616
683,1.09055,-11.0832
684,1.09022,-11.0615
685,1.08945,-11.0975
686,1.09009,-11.0435
687,1.07625,-9.82074
688,1.09061,-11.0249
689,1.07543,-8.8013
690,1.0866,-13.1393
691,1.07543,-8.8013
692,1.08762,-13.0632
693,1.08808,-13.0366
694,1.0907,-11.0633
695,1.09072,-11.0626
696,1.08797,-10.723
697,1.08833,-10.7061
698,1.07556,-8.65814
699,1.09629,-9.61287
700,1.09632,-9.61131
701,1.07292,-8.86202
702,1.0732,-8.84891
703,1.07535,-8.71063
704,1.08841,-13.0062
705,1.05772,-10.055
706,1.07849,-15.2797
707,1.08427,-13.2913
708,1.07503,-8.70188
709,1.07595,-9.76924
710,1.07599,-9.76587
711,1.06287,-9.6747
712,1.06308,-9.65686
713,1.0755,-8.71729
714,1.07554,-8.71457
715,1.07548,-9.11672
716,1.07556,-9.1107
717,1.07527,-9.68879
718,1.07543,-9.42498
719,1.07567,-9.40728
720,1.07444,-13.6065
721,1.07552,-9.67337
722,1.06744,-10.3726
723,1.06744,-10.4043
724,1.0877,-13.0644
725,1.0877,-13.0644
726,1.08525,-19.8967
727,1.03981,-8.20482
728,1.03975,-8.22022
729,1.1,-10.8406
730,1.0508,-11.1054
731,1.05083,-11.1167
732,1.02406,-12.6047
733,1.02408,-12.6068
734,1.05153,-8.44272
735,1.05152,-8.45315
736,1.04115,-6.14041
737,1.04127,-6.11085
738,1.06175,-10.2202
739,1.06184,-10.2259
740,1.08052,-13.4017
741,1.0898,-11.5803
742,1.06262,-12.4779
743,1.05706,-8.78804
744,1.0572,-8.78418
745,1.07841,-6.37572
746,1.1,-4.62435
747,1.06384,-10.3761
748,1.03461,-14.0615
749,1.0892,-4.84367
750,1.08424,-5.31776
751,1.06415,-6.65922
752,1.07171,-7.9981
753,1.07159,-8.00164
754,1.08765,-4.83895
755,1.07806,-7.54146
756,1.0534,-9.59814
757,1.02617,-13.4926
758,1.0613,-11.2257
759,1.05499,-9.18083
760,1.05435,-9.79118
761,1.08024,-6.28337
762,1.07289,-7.69682
763,1.0811,-6.15869
764,1.04955,-15.1322
765,1.07682,-6.86276
766,1.07698,-6.07079
767,1.07866,-6.18715
768,1.09056,-7.70734
769,1.06734,-7.22821
770,1.08496,-6.09967
771,1.09853,-5.82405
772,1.06855,-6.78252
773,1.05125,-12.2643
774,1.04952,-15.0765
775,1.04686,-14.5318
776,1.0467,-12.8009
777,1.05753,-8.79847
778,1.08747,-5.04954
779,1.07609,-6.96701
780,1.0348,-13.956
781,1.07658,-6.89136
782,1.08029,-5.45842
783,1.08122,-6.47249
784,1.08115,-6.42482
785,1.07782,-5.66503
786,1.07792,-5.68648
787,1.08088,-5.47842
788,1.06128,-7.85434
789,1.07285,-6.76443
790,1.06088,-9.17943
791,1.06965,-7.83561
792,1.0871,-6.61678
793,1.06857,-6.78125
794,1.07593,-6.04852
795,1.07586,-6.04564
796,1.0759,-6.05382
797,1.07589,-6.04629
798,1.017,-12.7245
799,1.08274,-6.47356
800,1.08288,-6.43074
801,1.07486,-9.69687
802,1.07499,-9.74478
803,1.07093,-10.2316
804,1.05265,-8.86141
805,1.04192,-6.16249
806,1.04189,-6.16493
807,1.06076,-0.933267
808,1.06065,-0.974158
809,1.03903,-10.2965
810,1.04322,-5.75437
811,1.04325,-5.74976
812,1.05562,-9.63727
813,1.05378,-7.60162
814,1.05378,-7.60162
815,1.06813,-4.98158
816,1.06803,-4.98389
817,1.02862,-9.29759
818,1.00131,-16.7795
819,1.02891,-8.12364
820,1.02897,-8.11251
821,1.08751,-9.08854
822,1.08563,-9.14321
823,1.08583,-9.17238
824,1.08381,-9.8385
825,1.08753,-9.08633
826,1.09876,-5.28375
827,1.09875,-5.26452
828,1.07338,-7.55156
829,1.07348,-8.64219
830,1.07344,-8.65759
831,1.1,-4.91641
832,1.1,-1.64027
833,1.07466,-8.20039
834,1.07465,-8.18876
835,1.07894,-7.22678
836,1.08773,-7.82463
837,1.04673,-7.682
838,1.07864,-9.9042
839,1.07863,-9.8622
840,1.08801,-4.64625
841,1.08805,-4.58999
842,1.0599,-7.23284
843,1.0599,-7.23523
844,1.05991,-7.23253
845,1.08212,-5.96731
846,1.08215,-6.01602
847,1.08773,-7.82463
848,1.07892,-7.22257
849,1.07635,-7.40945
850,1.07637,-7.40803
851,1.09403,-6.2347
852,1.09401,-6.2607
853,1.08147,-6.31577
854,1.08144,-6.32211
855,1.07836,-6.76527
856,1.07837,-6.75542
857,1.06555,-9.77984
858,1.08387,-5.95267
859,1.08388,-5.95217
860,1.0815,-7.7
861,1.08377,-5.9521
862,1.08165,-7.69385
863,1.07384,-8.19144
864,1.08162,-7.69312
865,1.08382,-5.94741
866,1.08454,-5.69377
867,1.08452,-5.67493
868,1.08291,-9.85314
869,1.05827,-9.6581
870,1.08328,-9.83166
871,1.05827,-9.65804
872,1.08713,-6.61479
873,1.08715,-6.63368
874,1.08418,-7.11287
875,1.08418,-7.11287
876,1.06413,-7.25625
877,1.08424,-7.10376
878,1.09153,-5.65578
879,1.09214,-5.58211
880,1.09451,-2.8728
881,1.09452,-2.89367
882,1.0788,-7.41054
883,1.07097,-8.96107
884,1.07552,-7.80491
885,1.07557,-7.80477
886,1.07734,-6.92711
887,1.07733,-6.93623
888,1.091,-5.11472
889,1.09094,-5.18387
890,1.08195,-6.03399
891,1.08168,-6.00007
892,1.07776,-7.3147
893,1.07778,-7.31234
894,1.09622,-5.87698
895,1.09615,-5.9081
896,1.07883,-7.40792
897,0.999699,-16.7743
898,1.09966,-14.7309
899,1.07942,-6.577
900,1.05955,-1.59734
901,1.06698,-5.60283
902,1.05143,-6.03652
903,1.07252,-7.97833
904,1.02013,-10.9262
905,1.01995,-10.9307
906,1.00678,-15.3644
907,1.06764,-6.44459
908,1.03778,-7.48285
909,1.0378,-7.47271
910,1.02275,-14.5476
911,1.02276,-14.5506
912,1.04963,-4.77568
913,1.01579,-10.8915
914,1.01573,-10.8992
915,1.03808,-6.41305
916,1.0381,-6.41171
917,1.04373,-5.99196
918,1.04372,-5.987
919,1.0234,-8.01166
920,1.04423,-6.44936
921,1.04431,-6.44666
922,0.991053,-8.15721
923,1.04288,-9.93131
924,1.04277,-9.93039
925,1.04555,-6.25045
926,1.04546,-6.25178
927,0.954886,-1.15187
928,1.0241,-11.5227
929,1.02411,-11.526
930,1.03416,-7.47952
931,1.034,-7.49704
932,0.986696,-2.64565
933,1.00774,-9.19108
934,1.02459,-7.78413
935,1.01423,-9.79413
936,1.02144,-11.3133
937,1.02145,-11.316
938,1.03569,-7.69565
939,1.03562,-7.70397
940,0.981342,-3.84398
941,0.981342,-3.84398
942,1.01984,-9.12576
943,1.0225,-9.20707
944,1.02248,-9.21427
945,1.01756,-11.4197
946,1.05375,-5.76065
947,1.0469,-6.91086
948,1.04697,-6.89951
949,1.01154,-10.5108
950,1.01151,-10.5179
951,1.01573,-10.4018
952,1.01566,-10.4113
953,1.05659,-9.23056
954,1.05659,-9.22372
955,1.06871,-13.6101
956,1.00526,-15.2637
957,1.09441,-19.3402
958,1.09436,-19.331
959,1.09874,-20.8247
960,1.1,-18.9285
961,1.06499,-11.0395
962,1.09516,-18.3017
963,1.09511,-18.3122
964,1.07917,-11.2645
965,1.09599,-18.8082
966,1.09832,-17.9476
967,1.09019,-19.3513
968,1.09454,-19.1396
969,1.09455,-19.1537
970,1.09015,-19.3506
971,1.09007,-19.3614
972,1.09608,-19.6932
973,1.09524,-18.9567
974,1.09524,-18.9732
975,1.07976,-11.2281
976,1.09274,-19.1116
977,1.09265,-19.1239
978,1.07459,-13.3676
979,1.07066,-13.4857
980,1.08816,-19.0584
981,1.08828,-19.0488
982,1.09739,-7.51353
983,1.09706,-7.53232
984,1.09713,-7.52604
985,1.07029,-11.0324
986,1.08782,-8.48732
987,1.07289,-11.9886
988,1.07288,-12.0036
989,1.07293,-11.1587
990,1.08236,-9.2934
991,1.07501,-11.2148
992,1.07771,-11.1679
993,1.07736,-11.1924
994,1.07132,-10.9948
995,1.07463,-11.2204
996,1.07023,-12.4363
997,1.09611,-9.16424
998,1.08572,-9.81512
999,1.07171,-12.5945
1000,1.07026,-12.7088
1001,1.07021,-12.7091
1002,1.0828,-5.49733
1003,1.0885,-10.1876
1004,1.0885,-10.1876
1005,1.09389,-9.42258
1006,1.08864,-10.012
1007,1.09517,-9.88767
1008,1.07078,-12.5128
1009,1.07083,-12.4555
1010,1.09131,-8.12745
1011,1.09442,-9.90855
1012,1.08531,-10.8618
1013,1.08792,-10.2776
1014,1.07368,-10.9647
1015,1.06882,-12.1964
1016,1.06879,-12.1904
1017,1.0879,-10.2785
1018,1.1,-5.27107
1019,1.09382,-9.45628
1020,1.09082,-10.0151
1021,1.07448,-12.7137
1022,1.08432,-8.97391
1023,1.08436,-10.5302
1024,1.09479,-6.50568
1025,1.08665,-9.6054
1026,1.07393,-12.0159
1027,1.08421,-5.91208
1028,1.0558,-13.5445
1029,1.1,-8.06953
1030,1.07428,-11.2554
1031,1.07734,-10.3459
1032,1.07542,-11.2394
1033,1.08997,-9.92374
1034,1.07065,-9.46505
1035,1.09706,-5.80703
1036,1.09616,-9.82618
1037,1.09643,-9.80588
1038,1.09487,-5.57252
1039,1.07263,-11.1921
1040,1.07658,-11.2126
1041,1.08992,-13.7505
1042,1.08692,-9.34331
1043,1.09678,-9.13128
1044,1.07279,-12.0376
1045,1.07228,-12.0608
1046,1.07034,-10.8805
1047,1.07729,-11.2066
1048,1.08835,-9.65497
1049,1.0881,-9.6719
1050,1.09414,-9.40358
1051,1.07785,-10.3702
1052,1.08038,-12.7996
1053,1.09027,-5.76417
1054,1.1,-5.57286
1055,1.07688,-9.19971
1056,1.08273,-5.41744
1057,1.1,-3.47989
1058,1.07073,-10.6078
1059,1.09612,-7.46552
1060,1.06306,-12.8466
1061,1.0897,-10.1395
1062,1.08987,-10.1305
1063,1.08228,-11.0475
1064,1.09608,-6.83318
1065,1.07646,-12.0234
1066,1.07258,-8.60073
1067,1.05626,-13.4647
1068,1.08749,-10.7581
1069,1.08792,-10.2776
1070,1.07165,-10.8602
1071,1.08186,-11.0445
1072,1.06236,-11.9828
1073,1.0656,-11.4471
1074,1.06541,-11.4713
1075,1.06378,-11.6381
1076,1.07642,-12.11
1077,1.06673,-11.4435
1078,1.0769,-11.8758
1079,1.05285,-12.2001
1080,1.06102,-11.9551
1081,1.06827,-11.2946
1082,1.06982,-11.7024
1083,1.06962,-11.7061
1084,1.0641,-8.41067
1085,1.07776,-14.0194
1086,1.07784,-14.0157
1087,1.06283,-8.57007
1088,1.0762,-9.92163
1089,1.05075,-14.2966
1090,1.05181,-15.2757
1091,1.08703,-6.04758
1092,1.08825,-10.3857
1093,1.09735,-11.3149
1094,1.08653,-9.10721
1095,1.08181,-13.49
1096,1.08683,-13.3267
1097,1.07066,-11.1039
1098,1.07059,-11.1245
1099,1.08733,-11.4454
1100,1.08665,-8.59
1101,1.05953,-15.6971
1102,1.07422,-12.198
1103,1.0895,-12.9912
1104,1.08963,-12.9726
1105,1.08658,-8.55145
1106,1.08802,-8.68323
1107,1.08793,-8.65658
1108,1.08798,-8.67741
1109,1.03795,-9.11836
1110,1.08987,-8.31751
1111,1.07907,-10.668
1112,1.06599,-11.5315
1113,1.06603,-11.5361
1114,1.07129,-11.057
1115,1.07119,-11.0802
1116,1.02653,-11.4155
1117,1.06604,-14.7564
1118,1.08196,-13.5157
1119,1.04514,-15.8037
1120,1.04515,-15.8024
1121,1.06406,-10.8176
1122,1.08692,-11.2076
1123,1.06307,-10.8273
1124,1.07418,-9.10763
1125,1.0663,-14.5872
1126,1.06516,-14.8593
1127,1.06749,-11.3186
1128,1.07769,-9.95412
1129,1.08194,-12.2938
1130,1.09617,-9.95
1131,1.08274,-11.4936
1132,1.08714,-12.7705
1133,1.08515,-12.1198
1134,1.07527,-13.0302
1135,1.08177,-10.716
1136,1.08519,-13.4945
1137,1.06545,-15.1651
1138,1.06531,-15.1699
1139,1.05688,-14.2871
1140,1.06235,-15.4273
1141,1.058,-13.0112
1142,1.09628,-10.3885
1143,1.06194,-11.7558
1144,1.06174,-15.0381
1145,1.08543,-9.1427
1146,1.08546,-9.15606
1147,1.0844,-9.2201
1148,1.06425,-12.2339
1149,1.08071,-9.51056
1150,1.06279,-14.9365
1151,1.0629,-14.9352
1152,1.07487,-12.7179
1153,1.07334,-13.6263
1154,1.07335,-13.6325
1155,1.05483,-15.3776
1156,1.06434,-11.3325
1157,1.07323,-12.825
1158,1.07283,-10.4833
1159,1.07618,-8.03737
1160,1.06318,-15.1276
1161,1.07119,-11.0802
1162,1.08413,-13.3267
1163,1.06143,-10.7218
1164,1.06144,-11.8868
1165,1.08594,-11.46
1166,1.07176,-12.7218
1167,1.08512,-9.03081
1168,1.057,-15.175
1169,1.05708,-15.1738
1170,1.06311,-11.6598
1171,1.05983,-10.3358
1172,1.08706,-8.45138
1173,1.04811,-13.2923
1174,1.07899,-12.3914
1175,1.07272,-10.5294
1176,1.08684,-8.64841
1177,1.06593,-11.5892
1178,1.08949,-12.9911
1179,1.08969,-12.97
1180,1.08279,-13.4199
1181,1.08546,-13.214
1182,1.08582,-13.2291
1183,1.08597,-13.2124
1184,1.07481,-13.6076
1185,1.07347,-13.9679
1186,1.04534,-14.859
1187,1.08485,-13.242
1188,1.07429,-6.92418
1189,1.07819,-11.5525
1190,1.08075,-11.3539
1191,1.09423,-13.3801
1192,1.09408,-13.3839
1193,1.0856,-13.4919
1194,1.08775,-13.2266
1195,1.0876,-13.2244
1196,1.08703,-13.5311
1197,1.087,-11.1991
1198,1.0651,-11.4843
1199,1.06517,-11.4767
1200,1.06551,-11.4539
1201,1.09098,-13.5121
1202,1.09082,-13.5318
1203,1.04729,-15.6981
1204,1.1,-4.70433
1205,1.09999,-4.734
1206,1.08638,-13.2198
1207,0.986762,-2.64603
1208,1.05247,-14.4608
1209,1.07688,-10.0208
1210,1.07689,-10.0186
1211,1.04988,-15.3442
1212,1.06467,-13.8368
1213,1.05912,-15.1108
1214,1.06043,-15.0606
1215,1.04837,-12.4851
1216,1.04965,-11.8707
1217,1.05344,-9.71648
1218,1.05782,-12.0099
1219,1.04691,-12.02
1220,1.05006,-15.3316
1221,1.06469,-13.8358
1222,1.05981,-15.4042
1223,1.05899,-15.4828
1224,1.04306,-15.6119
1225,1.04385,-15.6705
1226,1.03945,-15.8828
1227,1.04306,-15.9962
1228,1.04592,-15.7651
1229,1.03942,-15.9823
1230,1.04293,-15.5295
1231,1.04358,-15.2279
1232,1.04536,-14.7563
1233,1.04307,-15.9966
1234,1.04809,-14.7521
1235,1.04095,-15.413
1236,1.0458,-14.3548
1237,1.0411,-15.7262
1238,1.04845,-14.7707
1239,1.04255,-15.2241
1240,1.05577,-15.6452
1241,1.0533,-15.7001
1242,1.05347,-15.5295
1243,1.0343,-17.5035
1244,1.04123,-17.2304
1245,1.04115,-17.1593
1246,1.0421,-17.8494
1247,1.02927,-19.5427
1248,1.02758,-20.1532
1249,1.03134,-19.2001
1250,1.05368,-14.7705
1251,1.0415,-16.8718
1252,1.04393,-16.8831
1253,1.05899,-15.4828
1254,1.05577,-15.6452
1255,1.0629,-15.9284
1256,1.04288,-18.9289
1257,1.02781,-20.8424
1258,1.04854,-16.3123
1259,1.02679,-20.6884
1260,1.02679,-20.6847
1261,1.02768,-15.1315
1262,1.02529,-18.3744
1263,1.05051,-15.1571
1264,1.04178,-17.0161
1265,1.06615,-12.1406
1266,1.035,-18.3811
1267,1.04189,-18.261
1268,1.04164,-17.7874
1269,1.03435,-21.337
1270,1.0421,-17.8417
1271,1.04099,-17.2589
1272,1.05099,-16.819
1273,1.05167,-16.8178
1274,1.05489,-16.5747
1275,1.05704,-16.299
1276,1.0609,-14.2109
1277,1.04138,-17.3079
1278,1.04292,-17.7273
1279,1.05368,-16.6867
1280,1.05206,-16.9705
1281,1.02524,-24.6711
1282,1.03557,-20.2174
1283,1.02216,-23.9599
1284,1.05253,-16.8291
1285,1.04215,-17.5178
1286,1.05489,-16.5747
1287,1.05489,-16.5747
1288,1.0518,-15.0183
1289,1.05137,-15.2052
1290,1.02308,-9.90722
1291,1.02337,-9.84537
1292,1.023,-9.91269
1293,1.02143,-10.7221
1294,1.02137,-10.727
1295,1.05473,-0.0619787
1296,1.05469,-0.0723892
1297,1.05469,-0.0723892
1298,1.05875,-12.7015
1299,1.02307,-8.71622
1300,1.0196,-12.6781
1301,1.06183,-4.80464
1302,1.06183,-4.80464
1303,1.06684,-13.242
1304,1.07761,-9.89795
1305,1.04293,-13.2236
1306,1.06712,-13.2625
1307,1.05656,-9.87404
1308,1.05656,-9.90508
1309,1.02734,-13.5262
1310,1.00411,-5.99065
1311,1.0201,-14.7932
1312,0.954801,-11.2564
1313,1.05734,-11.9138
1314,1.04885,-7.77581
1315,1.04885,-7.77581
1316,1.04883,-7.79666
1317,1.04755,-8.80035
1318,1.08316,-6.40391
1319,1.1,2.70876
1320,1.1,0.952509
1321,1.08383,-6.85773
1322,1.1,2.01021
1323,1.09807,-6.88992
1324,1.00522,-13.9706
1325,0.98954,-13.2155
1326,1.05342,-6.77276
1327,1.05242,-3.04143
1328,1.05291,-10.5052
1329,1.04695,-10.5297
1330,1.09608,-5.42405
1331,1.1,-1.69362
1332,1.07209,-13.0716
1333,1.06928,-10.8462
1334,1.09341,-10.5234
1335,1.1,-8.94647
1336,1.1,-8.07183
1337,1.09504,-4.01966
1338,1.06037,-14.1611
1339,1.05436,-14.1625
1340,1.06037,-14.1611
1341,1.05436,-14.1625
1342,1.06037,-14.1611
1343,1.05436,-14.1625
1344,0.998184,-18.7822
1345,0.982617,-18.7492
1346,1.05374,-14.7815
1347,1.05034,-16.4658
1348,1.05152,-15.1306
1349,1.05996,-15.3882
1350,1.06665,-14.4581
1351,1.05,-17.6132
1352,1.0504,-17.5527
1353,1.05,-17.6132
1354,1.0504,-17.5527
1355,1.05405,-16.3329
1356,1.06044,-16.0154
1357,1.05403,-16.3325
1358,1.05898,-10.4809
1359,1.05366,-11.166
1360,1.03831,-6.3543
1361,1.03752,-6.53533
1362,1.0373,-6.58434
1363,1.03728,-6.58986
1364,1.05126,-18.5278
1365,1.05635,-18.2084
1366,1.05126,-18.5278
1367,1.05985,-14.0051
1368,1.05984,-14.0181
1369,1.05984,-14.0181
1370,1.05925,-14.2821
1371,1.05626,-13.3175
1372,1.04882,-14.7453
1373,1.04881,-14.7452
1374,1.0625,-16.3817
1375,1.06373,-16.3005
1376,1.0625,-16.3817
1377,1.05478,-14.9128
1378,1.05378,-14.7827
1379,1.05379,-14.7829
1380,1.05831,-14.3333
1381,1.05853,-14.3193
1382,1.05831,-14.3342
1383,1.05853,-14.3203
1384,1.05855,-14.2352
1385,1.0581,-14.0917
1386,1.0588,-14.2765
1387,1.0588,-14.2765
1388,1.0592,-13.6058
1389,1.05969,-13.386
1390,1.06434,-13.2463
1391,1.06556,-13.7021
1392,1.06435,-13.2462
1393,1.05014,-17.599
1394,1.02892,-23.2763
1395,1.02977,-17.2325
1396,1.02549,-16.7165
1397,1.02957,-17.3259
1398,1.04086,-17.5575
1399,1.05315,-17.0446
1400,1.05756,-13.6463
1401,1.05743,-13.6686
1402,1.05743,-13.6686
1403,1.05386,-12.6068
1404,1.05763,-12.4278
1405,1.05912,-13.6753
1406,1.05919,-13.6672
1407,1.05912,-13.6744
1408,1.05919,-13.6662
1409,1.09711,-14.6829
1410,1.07383,-11.8236
1411,1.07166,-12.0967
1412,1.07383,-11.8236
1413,1.07166,-12.0967
1414,1.05266,-14.3204
1415,1.05266,-14.3204
1416,1.05855,-14.3555
1417,1.05846,-14.3248
1418,1.05846,-14.3248
1419,1.05912,-14.1524
1420,1.06049,-15.0366
1421,1.05926,-14.8793
1422,1.04434,-16.6138
1423,1.09256,-14.4551
1424,1.05592,-18.3719
1425,1.05534,-18.3966
1426,1.05592,-18.3719
1427,1.05534,-18.3966
1428,1.02549,-16.7163
1429,1.01983,-15.7914
1430,1.07153,-12.1041
1431,1.05967,-14.3552
1432,1.03078,-16.7408
1433,1.0528,-17.081
1434,1.0528,-17.081
1435,1.06158,-14.9982
1436,1.05016,-18.6091
1437,1.05016,-18.6091
1438,1.05906,-14.593
1439,1.05987,-13.5191
1440,1.05986,-13.5359
1441,1.05987,-13.5191
1442,1.05986,-13.5359
1443,1.0597,-14.3594
1444,1.0597,-14.3594
1445,1.06356,-16.3289
1446,1.06356,-16.3289
1447,1.07081,-13.7571
1448,1.06657,-13.2977
1449,1.05898,-14.6766
1450,1.06879,-13.6251
1451,1.04216,-18.4062
1452,1.04241,-18.3058
1453,1.04145,-18.454
1454,1.03978,-18.2655
1455,1.03913,-18.3232
1456,1.03983,-18.0845
1457,1.04738,-17.9745
1458,1.04224,-18.3777
1459,1.04125,-18.0496
1460,1.03737,-17.9942
1461,1.03737,-17.9942
1462,1.06775,-13.6504
1463,1.06764,-13.323
1464,1.03938,-17.7293
1465,1.03877,-17.7965
1466,1.03938,-17.7294
1467,1.03878,-17.7967
1468,1.06283,-16.7183
1469,1.03851,-18.3551
1470,1.04081,-18.4795
1471,1.06273,-13.4485
1472,1.06379,-16.2449
1473,1.06238,-16.5511
1474,1.06379,-16.2429
1475,1.06378,-16.2465
1476,1.06152,-16.6811
1477,1.06356,-16.3498
1478,1.0619,-16.5807
1479,1.06162,-16.7086
1480,1.06226,-16.5675
1481,1.06421,-12.3309
1482,1.03958,-18.1286
1483,1.04094,-18.0948
1484,1.0603,-16.8775
1485,1.0603,-16.8775
1486,1.03292,-17.052
1487,1.03296,-17.0487
1488,1.06152,-12.5415
1489,1.06153,-12.5357
1490,1.06121,-12.604
1491,1.06119,-12.6046
1492,1.05587,-12.6605
1493,1.06112,-12.6137
1494,1.06111,-12.6131
1495,1.02494,-17.6355
1496,1.02571,-17.6775
1497,1.02481,-16.8486
1498,1.02424,-17.6494
1499,1.0251,-17.6907
1500,1.02375,-17.0123
1501,1.02285,-17.1348
1502,1.02178,-17.0704
1503,1.02106,-15.3406
1504,1.01964,-15.1975
1505,1.02094,-15.5214
1506,1.01936,-15.4403
1507,1.00979,-17.3279
1508,1.01574,-17.3246
1509,1.02296,-14.9492
1510,1.01913,-15.686
1511,1.01586,-15.9152
1512,1.0247,-15.1003
1513,1.01913,-15.686
1514,1.01586,-15.9152
1515,1.02862,-13.8841
1516,1.0241,-15.0878
1517,1.0219,-14.8749
1518,1.05159,-12.5565
1519,1.05127,-12.4997
1520,1.05297,-12.4789
1521,1.05774,-12.3822
1522,1.05773,-12.383
1523,1.05863,-12.2864
1524,1.058,-12.4103
1525,1.01884,-15.2521
1526,1.01863,-15.4843
1527,1.05174,-12.4232
1528,1.02465,-15.1045
1529,1.02465,-15.1041
1530,1.05049,-12.5255
1531,1.051,-12.5091
1532,1.01538,-17.4027
1533,1.02084,-16.7158
1534,1.02021,-16.8189
1535,1.05353,-12.4041
1536,1.08278,-6.99655
1537,1.08273,-7.29366
1538,1.08103,-7.64968
1539,1.06409,-12.3519
1540,1.06408,-12.3502
1541,1.06969,-13.1788
1542,1.0692,-13.2111
1543,1.06932,-13.2254
1544,1.07009,-13.1115
1545,1.07906,-11.953
1546,1.07882,-11.9489
1547,1.08084,-11.7944
1548,1.07906,-11.953
1549,1.07882,-11.9491
1550,1.08088,-11.7918
1551,1.07387,-12.6058
1552,1.08013,-11.9515
1553,1.06884,-13.2222
1554,1.0699,-13.1292
1555,1.0699,-13.1292
1556,1.06963,-13.253
1557,1.07558,-12.8062
1558,1.08253,-11.8424
1559,1.07873,-11.9309
1560,1.07873,-11.9312
1561,1.0587,-14.8265
1562,1.03188,-16.4046
1563,1.03188,-16.4071
1564,1.05612,-17.0974
1565,1.06368,-16.7256
1566,1.06146,-13.0857
1567,1.06146,-13.0857
1568,1.06146,-13.0857
1569,1.05521,-14.8349
1570,1.06101,-10.4022
1571,1.02694,-17.4937
1572,1.05833,-14.4067
1573,1.05885,-14.6381
1574,1.05927,-14.1551
1575,1.00682,-18.9839
1576,1.05628,-13.316
1577,1.04089,-17.5531
1578,1.05317,-17.826
1579,1.06568,-17.5941
1580,1.04997,-19.1739
1581,1.04361,-16.3329
1582,1.0436,-16.3325
1583,1.03854,5.68935
1584,1.05073,-20.018
1585,1.04882,-14.7453
1586,1.06315,-17.8489
1587,1.05198,-16.3817
1588,1.05198,-16.3817
1589,1.05233,-16.5
1590,1.05822,-16.0643
1591,1.06171,-13.7322
1592,1.0521,-16.1628
1593,1.0586,-15.4063
1594,1.06303,-15.3289
1595,1.05266,-14.3204
1596,1.05844,-14.7827
1597,1.06444,-14.7829
1598,1.0549,-16.3833
1599,1.05826,-15.9226
1600,1.06371,-15.0322
1601,1.04999,-15.0366
1602,1.04999,-15.0366
1603,1.05465,-17.3598
1604,1.05995,-15.773
1605,1.05266,-14.3204
1606,1.06034,-19.2007
1607,1.04975,-17.3807
1608,1.06104,-12.0967
1609,1.06104,-12.0967
1610,1.05554,-15.8832
1611,1.04881,-14.7452
1612,1.05844,-17.9635
1613,1.04168,-19.4395
1614,1.04762,-20.3308
1615,1.03215,-17.234
1616,1.05378,-16.4697
1617,1.05475,-15.7532
1618,1.04938,-13.5191
1619,1.04938,-13.5191
1620,1.06369,-14.7179
1621,1.06786,-17.0194
1622,1.05303,-16.3289
1623,1.05303,-16.3289
1624,1.05944,-14.976
1625,1.05398,-16.3062
1626,1.06168,-15.6388
1627,1.05899,-19.2066
1628,1.05696,-11.2142
1629,1.06028,-15.2518
1630,1.05941,-16.1806
1631,1.04917,-14.3552
1632,1.04917,-14.3552
1633,1.0448,-19.3232
1634,1.04239,-18.8862
1635,1.04355,-18.7465
1636,1.04385,-18.6413
1637,1.05071,-18.7754
1638,1.04407,-19.4007
1639,1.04129,-19.5898
1640,1.06462,-16.4017
1641,1.04106,-19.0188
1642,1.06648,-17.5098
1643,1.04404,-19.2763
1644,1.0511,-16.7086
1645,1.05101,-16.6811
1646,1.06318,-17.9171
1647,1.05759,-14.631
1648,1.05681,-14.3629
1649,1.02566,-19.3539
1650,1.02625,-18.0913
1651,1.02435,-18.3623
1652,1.0336,-15.6487
1653,1.03454,-17.8221
1654,1.02239,-16.7456
1655,1.02955,-15.8089
1656,1.05144,-13.8433
1657,1.01668,-17.366
1658,1.02077,-16.4864
1659,1.03381,-15.7294
1660,1.03381,-15.729
1661,1.02499,-15.9851
1662,1.01799,-19.2059
1663,1.06299,-14.3092
1664,1.08178,-13.1049
1665,1.07041,-14.9427
1666,1.0767,-13.7185
1667,1.0789,-13.3934
1668,1.07251,-14.3477
1669,1.08725,-12.9665
1670,1.08645,-12.8062
1671,1.08645,-12.8062
1672,1.08912,-12.256
1673,1.03956,-17.7534
1674,1.03544,-18.5944
1675,1.06487,-18.5209
1676,1.06752,-17.547
1677,1.0523,-16.7183
1678,1.0523,-16.7183
1679,1.03505,-15.1003
1680,1.03505,-15.1003
1681,1.02977,-15.2915
1682,1.05593,-16.325
1683,1.03806,-15.3547
1684,1.03848,-15.357
1685,1.03623,-17.2634
1686,1.03605,-17.2624
1687,1.03623,-17.2634
1688,1.03605,-17.2624
1689,1.03853,-17.3826
1690,1.02652,-17.3164
1691,1.06699,-8.19748
1692,1.0575,-8.20335
1693,1.0853,-11.4713
1694,1.07147,-12.8928
1695,1.06378,-13.7176
1696,1.05173,-12.0285
1697,1.06162,-14.201
1698,1.07234,-14.201
1699,1.0969,-3.28872
1700,1.1,-0.433202
1701,1.03822,-15.3521
1702,1.0391,-15.357
1703,1.1,-0.910758
1704,1.0965,0.97769
1705,1.06873,-13.7213
1706,1.04483,-11.2001
1707,1.06872,-13.7219
1708,1.00258,-13.4212
1709,1.07907,-11.9006
1710,1.06129,-11.8626
1711,1.09182,-5.87286
1712,1.1,-5.86979
1713,1.1,2.21821
1714,1.0622,-10.7922
1715,1.05956,-10.7922
1716,1.06216,-9.3087
1717,1.02742,-12.3523
1718,1.01831,-12.3521
1719,1.06122,-10.4735
1720,1.06122,-10.4735
1721,1.07942,-11.9085
1722,1.0855,-11.9085
1723,1.08539,-11.9085
1724,1.04514,-17.4506
1725,1.04953,-16.7036
1726,1.04511,-8.19275
1727,1.01789,-8.17862
1728,1.04553,-7.99419
1729,1.0323,-5.7736
1730,1.04573,-8.02203
1731,1.04948,-2.07497
1732,1.04572,-8.11288
1733,1.03104,-8.09982
1734,1.04562,-8.18374
1735,1.02903,-8.16891
1736,1.07811,-11.8792
1737,1.06434,-11.8626
1738,1.08672,-11.227
1739,1.09875,-2.92432
1740,1.08583,-11.3356
1741,1.08071,-11.3263
1742,1.08686,-11.2115
1743,1.0989,-2.94738
1744,1.08584,-11.3349
1745,1.0809,-11.3254
1746,1.04941,-12.5421
1747,1.08177,-2.53929
1748,1.08245,-11.421
1749,1.0761,-11.421
1750,1.07599,-11.421
1751,1.02795,-12.3734
1752,1.03833,-12.3734
1753,1.03396,-16.3302
1754,1.03396,-16.3309
1755,1.03688,-16.1305
1756,1.03579,-16.3851
1757,1.03984,-16.1059
1758,1.0338,-16.297
1759,1.03841,-15.7835
1760,1.09798,-6.63381
1761,1.09445,-6.86637
1762,1.06237,-12.6835
1763,1.09441,-6.86596
1764,1.07506,-8.18104
1765,1.09179,-5.89791
1766,1.06423,-8.74237
1767,1.06423,-8.74532
1768,1.05679,-9.75126
1769,1.06371,-8.77426
1770,1.05679,-9.75188
1771,1.0457,-8.03197
1772,1.04458,-5.26817
1773,1.03488,-16.2048
1774,1.0349,-16.2067
1775,1.03566,-17.2523
1776,1.04704,-16.7699
1777,1.04701,-16.7701
1778,1.04543,-16.8542
1779,1.07296,-16.4836
1780,1.04541,-16.8545
1781,1.04906,-17.6607
1782,1.03265,-16.5103
1783,1.03265,-16.5094
1784,1.03698,-16.1519
1785,1.03675,-16.1658
1786,1.03722,-16.1206
1787,1.03699,-16.1509
1788,1.03676,-16.165
1789,1.03722,-16.1206
1790,1.1,-6.93876
1791,1.03688,-16.1322
1792,1.03688,-16.1285
1793,1.03673,-16.1646
1794,1.03674,-16.164
1795,1.03644,-16.1642
1796,1.03795,-15.9079
1797,1.03644,-16.1658
1798,1.03793,-15.8924
1799,1.0901,-11.3247
1800,1.08589,-11.3371
1801,1.089,-11.2457
1802,1.08647,-11.3559
1803,1.1,-10.4318
1804,1.07337,-12.5118
1805,1.02632,-12.4616
1806,1.0277,-13.4113
1807,1.02664,-12.6166
1808,1.06379,-13.7192
1809,1.06162,-14.201
1810,1.04342,-15.2622
1811,1.04316,-15.3816
1812,1.1,-10.4535
1813,1.09992,-10.446
1814,1.03586,-15.2929
1815,1.0332,-13.0617
1816,1.03318,-13.0652
1817,1.0388,-12.2123
1818,1.03322,-13.0667
1819,1.03322,-13.0667
1820,1.03408,-12.9337
1821,1.03748,-13.5367
1822,1.07755,-11.736
1823,1.07755,-11.7361
1824,1.08245,-11.421
1825,1.09294,-3.21161
1826,1.03692,-12.3446
1827,1.03692,-12.3446
1828,1.04166,-12.8772
1829,1.02327,-9.38726
1830,1.03784,-8.32938
1831,1.04154,-9.55134
1832,1.07942,-11.9084
1833,1.06861,-13.6815
1834,1.06863,-13.681
1835,1.07482,-13.4952
1836,1.05684,-10.1325
1837,1.07484,-13.4947
1838,1.00231,-13.4212
1839,1.05682,-10.1309
1840,1.05746,-9.96439
1841,1.04237,-9.81218
1842,1.06121,-10.4735
1843,1.06497,-16.0747
1844,1.06504,-16.0763
1845,1.03412,-9.33299
1846,1.03905,-9.21187
1847,1.0622,-10.7922
1848,1.03753,-9.24983
1849,1.04054,-9.11965
1850,1.03722,-9.27137
1851,1.03581,-9.29231
1852,1.03754,-9.24966
1853,1.03723,-9.27119
1854,1.03584,-9.29198
1855,1.0859,-11.3363
1856,1.08641,-11.3866
1857,1.04036,-7.82626
1858,1.06368,-8.77788
1859,1.0349,-7.76449
1860,1.0316,-7.26707
1861,1.06874,-11.1099
1862,1.07227,-10.536
1863,1.05681,-9.75644
1864,1.05678,-9.75353
1865,1.05094,-9.73881
1866,1.0568,-9.76076
1867,1.05615,-12.223
1868,1.05616,-12.2236
1869,1.04556,-8.19982
1870,1.04617,-8.20357
1871,1.05615,-12.222
1872,1.02795,-12.3734
1873,1.03584,-9.292
1874,1.03548,-16.1308
1875,1.03548,-16.1308
1876,1.04055,-9.12003
1877,1.04055,-9.11998
1878,1.04054,-9.11965
1879,1.04054,-9.11965
1880,1.04551,-8.19407
1881,1.04553,-8.18112
1882,1.0509,-9.73534
1883,1.04611,-8.19579
1884,1.04568,-8.03081
1885,1.0456,-8.04817
1886,1.04577,-8.11359
1887,1.04567,-8.18456
1888,1.04604,-8.188
1889,1.04568,-8.03916
1890,1.03406,-12.9891
1891,1.03406,-12.9891
1892,1.03344,-13.0368
1893,1.03344,-13.0368
1894,1.0675,-12.5474
1895,1.06749,-12.5478
1896,1.03589,-9.29403
1897,1.05617,-12.2276
1898,1.05613,-12.2282
1899,1.03124,-13.4793
1900,1.03384,-13.7894
1901,1.04081,-14.1288
1902,1.04082,-14.1298
1903,1.06679,-8.19381
1904,1.03724,-17.4077
1905,1.03982,-17.287
1906,1.0355,-17.8183
1907,1.04284,-16.914
1908,1.03978,-13.8994
1909,1.04024,-17.0924
1910,1.04229,-9.63317
1911,1.0604,-10.1574
1912,1.0724,-16.644
1913,1.04239,-16.7678
1914,1.0424,-16.7672
1915,1.03989,-17.0281
1916,1.04238,-16.9595
1917,1.03024,-9.11965
1918,1.03024,-9.11965
1919,1.04487,-9.48073
1920,1.03025,-9.12003
1921,1.03025,-9.11998
1922,1.04393,-9.8385
1923,1.03648,-14.3652
1924,1.06593,-10.7821
1925,1.0298,-14.069
1926,1.0537,-11.8626
1927,1.07749,-13.922
1928,1.06483,-14.1635
1929,1.03677,-14.2619
1930,1.036,-14.2124
1931,1.04082,-14.1298
1932,1.07549,-6.25879
1933,1.06564,-4.13943
1934,1.05505,-9.45397
1935,1.07353,-7.9104
1936,1.07377,-7.90547
1937,1.02425,-6.69861
1938,1.02428,-6.6937
1939,1.00085,-9.32787
1940,1.0277,-9.39702
1941,1.00888,-9.36677
1942,1.03487,-5.72092
1943,1.03489,-5.71815
1944,1.01209,-10.9447
1945,1.04317,-8.49019
1946,1.04393,-7.96622
1947,1.04411,-7.98721
1948,1.02754,-12.5986
1949,1.0219,-10.5555
1950,1.04417,-8.89948
1951,1.02301,-9.38742
1952,1.02299,-9.39277
1953,1.01825,-12.7081
1954,1.07758,-5.35502
1955,1.06692,-3.95316
1956,1.04744,-0.789827
1957,1.04734,-0.813828
1958,1.04035,-4.82004
1959,1.01219,-10.9452
1960,1.06938,-8.28772
1961,1.08035,-7.54366
1962,1.09233,-6.04714
1963,1.09231,-6.05125
1964,1.04282,-10.0437
1965,1.08304,-7.55295
1966,1.08315,-7.5503
1967,1.02517,-6.59485
1968,1.06722,-5.04626
1969,1.06713,-5.05794
1970,1.06733,-5.01518
1971,1.03411,-3.30123
1972,1.03413,-3.29393
1973,1.0776,-8.09478
1974,1.04983,-6.51187
1975,1.04982,-6.51287
1976,1.02953,-4.94913
1977,1.05451,-9.1732
1978,1.05449,-9.17215
1979,1.03507,-5.46611
1980,1.03508,-5.47007
1981,1.09895,-4.8974
1982,1.09892,-4.89564
1983,1.03989,-5.51687
1984,1.03996,-5.51362
1985,1.06773,-7.06973
1986,1.06773,-7.06967
1987,1.08,-7.94592
1988,1.08,-7.94851
1989,1.07002,-6.76738
1990,1.07,-6.76678
1991,1.04931,-6.25581
1992,1.04931,-6.25882
1993,1.08426,-6.99115
1994,1.08502,-6.93708
1995,1.0563,-8.72203
1996,1.07384,-6.77504
1997,1.06961,-7.64644
1998,1.06945,-7.65858
1999,1.05621,-8.30712
2000,1.0563,-8.30206
2001,1.03314,-7.72695
2002,1.03289,-7.73396
2003,1.06477,-7.5869
2004,1.05888,-6.04842
2005,1.05409,-10.4657
2006,1.05406,-10.4543
2007,1.04629,-3.77937
2008,1.05731,-4.86397
2009,1.05729,-4.87405
2010,1.07252,-7.041
2011,1.07247,-7.04972
2012,1.06362,-7.42994
2013,1.0635,-7.43654
2014,1.07551,-6.44146
2015,1.07555,-6.44091
2016,1.04167,-4.23304
2017,1.04171,-4.22435
2018,1.062,-7.08622
2019,1.06203,-7.09083
2020,1.06976,-7.62646
2021,1.06973,-7.63141
2022,1.01919,-8.07507
2023,1.0191,-8.0788
2024,1.07931,-5.60823
2025,1.07259,-6.91753
2026,1.07236,-6.91596
2027,1.06474,-7.61669
2028,1.06474,-7.618
2029,1.01271,-9.23967
2030,1.05535,-12.6791
2031,1.05309,-9.65202
2032,1.05315,-9.63624
2033,1.04035,-5.04062
2034,1.04035,-5.04062
2035,1.06003,-7.26288
2036,1.05995,-7.27346
2037,1.03196,-8.32273
2038,1.03209,-8.32401
2039,1.04665,-6.24233
2040,1.04672,-6.24206
2041,1.0487,-5.12988
2042,1.04871,-5.1266
2043,1.00563,-9.36987
2044,1.00569,-9.3655
2045,1.04628,-3.82474
2046,1.04633,-3.83352
2047,1.07129,-7.22136
2048,1.07131,-7.2102
2049,1.05831,-5.52393
2050,1.07331,-6.84066
2051,1.03322,-7.72753
2052,1.03297,-7.73456
2053,1.02074,-7.63123
2054,0.990886,-14.4388
2055,0.990886,-14.4388
2056,1.06835,-4.1437
2057,0.960397,-0.0978557
2058,1.06993,-11.1942
2059,0.99017,-9.31442
2060,1.05182,-11.7564
2061,1.00735,-9.2661
2062,1.06145,-9.69678
2063,1.06146,-9.7032
2064,1.06187,-9.57541
2065,1.06199,-10.3351
2066,1.0069,-12.699
2067,1.06539,-11.3653
2068,1.09001,-9.28932
2069,1.06574,-11.8444
2070,1.06265,-10.6652
2071,1.06263,-10.6618
2072,1.0802,-10.4423
2073,1.08021,-10.4335
2074,1.07523,-9.61376
2075,1.09284,-9.60009
2076,1.08399,-9.16769
2077,1.07286,-11.139
2078,1.08521,-9.33877
2079,1.08514,-9.35491
2080,1.04895,-9.32549
2081,1.08317,-9.6593
2082,1.08264,-9.61689
2083,1.06196,-10.3761
2084,1.06193,-10.3795
2085,1.07584,-10.3732
2086,1.06443,-11.2245
2087,1.07238,-11.1106
2088,1.07239,-11.1087
2089,1.06902,-10.9495
2090,1.07084,-10.6501
2091,1.07456,-10.8943
2092,1.08511,-8.98543
2093,1.09308,-7.83609
2094,1.09307,-7.8427
2095,1.07656,-11.393
2096,1.06983,-9.08468
2097,1.07759,-11.2665
2098,1.07756,-11.2749
2099,1.07045,-10.9363
2100,1.06861,-11.0185
2101,1.0627,-9.62777
2102,1.08234,-9.72874
2103,1.06003,-11.842
2104,1.1,-5.9927
2105,1.07891,-9.38415
2106,1.0672,-7.99123
2107,1.06602,-7.94122
2108,1.08517,-8.44681
2109,1.0806,-10.2959
2110,1.08078,-9.28277
2111,1.09046,-7.86338
2112,1.06835,-8.4198
2113,1.0814,-11.6407
2114,1.08143,-11.6196
2115,1.09651,-7.43905
2116,1.089,-8.95738
2117,1.08829,-9.00689
2118,1.09623,-7.45455
2119,1.08174,-9.15796
2120,1.07633,-10.1745
2121,1.08612,-8.69624
2122,1.06678,-9.64929
2123,1.08871,-9.61803
2124,1.06879,-11.1597
2125,1.06322,-11.7091
2126,1.0613,-11.4635
2127,1.07391,-9.13344
2128,1.08366,-9.08506
2129,1.07279,-10.4338
2130,1.06326,-11.4787
2131,1.07277,-10.7971
2132,1.09132,-8.32596
2133,1.1,-8.34759
2134,1.07186,-10.8224
2135,1.07208,-11.1372
2136,1.07273,-10.7302
2137,1.0706,-10.9616
2138,1.07078,-10.9447
2139,1.07087,-10.9828
2140,1.07273,-10.7303
2141,1.06419,-11.363
2142,1.08397,-8.4467
2143,1.06453,-11.4841
2144,1.06857,-9.81816
2145,1.1,-8.34759
2146,1.09953,-8.35531
2147,1.07097,-10.9968
2148,1.07275,-10.7273
2149,1.07465,-9.1025
2150,1.08722,-8.62598
2151,1.0872,-8.63869
2152,1.07496,-9.09683
2153,1.07429,-9.09835
2154,1.07434,-9.10077
2155,1.07492,-9.09985
2156,1.08272,-8.81743
2157,1.0547,-10.4569
2158,1.05479,-10.4187
2159,1.08101,-11.0994
2160,1.05488,-10.3987
2161,1.05721,-12.0806
2162,1.07032,-11.0568
2163,1.07435,-10.3228
2164,1.06072,-10.0278
2165,1.08983,-10.9186
2166,1.07724,-10.8225
2167,1.08001,-10.4741
2168,1.08,-10.4786
2169,1.09382,-6.62474
2170,1.08431,-9.33866
2171,1.09349,-6.699
2172,1.08087,-10.3508
2173,1.0808,-10.3526
2174,1.08117,-10.3051
2175,1.08034,-10.4005
2176,1.07062,-10.0012
2177,1.07433,-10.3249
2178,1.08299,-10.1393
2179,1.08276,-10.1623
2180,1.07881,-10.5972
2181,1.07786,-10.6144
2182,1.0767,-10.8701
2183,1.08162,-10.2993
2184,1.08162,-10.2986
2185,1.0777,-10.6373
2186,1.07878,-10.5426
2187,1.08065,-10.3574
2188,1.09288,-7.84782
2189,1.09277,-7.83441
2190,1.0664,-10.9771
2191,1.06521,-11.6215
2192,1.08841,-10.4671
2193,1.08849,-10.4617
2194,1.08828,-8.17066
2195,1.0664,-10.9771
2196,1.06639,-10.9771
2197,1.08842,-8.18483
2198,1.08775,-8.26745
2199,1.0751,-10.5557
2200,1.06743,-11.3308
2201,1.06581,-11.4999
2202,1.0914,-8.09234
2203,1.06641,-7.6274
2204,1.09423,-7.71493
2205,1.07672,-10.3254
2206,1.0756,-12.0662
2207,1.06331,-10.1574
2208,1.06972,-11.4609
2209,1.09439,-7.71463
2210,1.06391,-10.8488
2211,1.07919,-8.98225
2212,1.07542,-9.35238
2213,1.07556,-9.31978
2214,1.07517,-9.4006
2215,1.09151,-7.6918
2216,1.07826,-7.71685
2217,1.07826,-7.71684
2218,1.07521,-9.39203
2219,1.07044,-9.71439
2220,1.07068,-9.96507
2221,1.07559,-9.55974
2222,1.07647,-14.1111
2223,1.06199,-10.1639
2224,1.1,-6.78772
2225,1.1,-6.80178
2226,1.06456,-10.0284
2227,1.0642,-11.3362
2228,1.07959,-6.56681
2229,1.06418,-11.339
2230,1.06419,-11.3873
2231,1.06995,-11.4394
2232,1.06999,-11.4073
2233,1.08232,-11.5239
2234,1.06368,-11.7375
2235,1.06757,-11.1195
2236,1.06558,-9.50216
2237,1.09222,-7.80135
2238,1.06367,-11.7746
2239,1.06534,-11.6066
2240,1.06536,-11.6015
2241,1.06383,-11.7186
2242,1.06887,-9.20724
2243,1.07672,-10.3254
2244,1.07683,-10.3215
2245,1.06967,-9.2475
2246,1.06285,-9.61106
2247,1.08541,-9.02567
2248,1.08094,-11.0209
2249,1.08093,-11.026
2250,1.07291,-9.58069
2251,1.0664,-7.62825
2252,1.08279,-9.56989
2253,1.06866,-9.7561
2254,1.07205,-8.839
2255,1.07206,-8.83342
2256,1.07332,-8.3396
2257,1.07186,-8.57777
2258,1.07184,-9.57338
2259,1.09334,-7.66661
2260,1.07473,-10.4741
2261,1.08593,-9.14107
2262,1.08316,-9.59025
2263,1.08492,-9.35305
2264,1.0932,-8.22929
2265,1.09317,-8.23956
2266,1.06942,-9.14533
2267,1.08518,-9.03042
2268,1.08526,-9.52451
2269,1.08653,-8.88142
2270,1.08459,-8.50646
2271,1.09994,-6.0016
2272,1.06949,-10.9803
2273,1.08256,-10.2622
2274,1.06341,-9.78521
2275,1.08285,-10.2596
2276,1.06964,-12.4232
2277,1.07148,-9.76974
2278,1.08079,-9.71874
2279,1.08029,-9.83691
2280,1.08309,-8.83929
2281,1.09135,-7.74222
2282,1.0903,-8.6803
2283,1.06188,-10.2564
2284,1.05726,-10.4828
2285,1.0622,-10.0821
2286,1.08508,-9.2597
2287,1.09276,-7.62457
2288,1.06461,-10.019
2289,1.06464,-10.0193
2290,1.06461,-10.019
2291,1.06461,-10.019
2292,1.08045,-9.77066
2293,1.07761,-9.5843
2294,1.06449,-10.0271
2295,1.0971,-7.38339
2296,1.09017,-8.87282
2297,1.07784,-9.359
2298,1.06334,-10.4545
2299,1.09475,-7.60489
2300,1.08946,-8.03359
2301,1.08549,-10.3374
2302,1.0819,-9.40018
2303,1.08614,-8.62363
2304,1.06864,-12.1061
2305,1.0812,-9.22551
2306,1.07672,-10.3254
2307,1.08321,-11.3851
2308,1.06962,-13.5799
2309,1.07205,-8.839
2310,1.07126,-10.7376
2311,1.06764,-10.6584
2312,1.07878,-13.661
2313,1.07834,-10.5863
2314,1.06201,-9.95484
2315,1.08866,-8.98082
2316,1.08078,-11.2883
2317,1.06066,-11.753
2318,1.08961,-8.02204
2319,1.08546,-10.7937
2320,1.08545,-10.7912
2321,1.08185,-9.95309
2322,1.06461,-10.019
2323,1.08888,-10.2665
2324,1.07938,-10.1746
2325,1.08641,-10.71
2326,1.08548,-10.7914
2327,1.06194,-10.3265
2328,1.06751,-10.2543
2329,1.0686,-9.55028
2330,1.0761,-9.25196
2331,1.06826,-9.55642
2332,1.06864,-9.54707
2333,1.09484,-8.52488
2334,1.07711,-11.2986
2335,1.05744,-11.4365
2336,1.05727,-11.4361
2337,1.07501,-9.39697
2338,1.03139,-8.52305
2339,1.08199,-10.0439
2340,1.07112,-10.3443
2341,1.05984,-11.4584
2342,1.05983,-11.4594
2343,1.06063,-11.4004
2344,1.07991,-10.2748
2345,1.08197,-10.0487
2346,1.07118,-10.3454
2347,1.09339,-10.0269
2348,1.09359,-10.0199
2349,1.06932,-11.9531
2350,1.06937,-11.9635
2351,1.08415,-10.9994
2352,1.08414,-10.9912
2353,1.09982,-10.2794
2354,1.09982,-10.2794
2355,1.09995,-10.2709
2356,1.07649,-11.0253
2357,1.07661,-11.0152
2358,1.09359,-10.0199
2359,1.08327,-10.891
2360,1.07063,-12.3766
2361,1.07099,-12.3764
2362,1.09486,-8.52516
2363,1.0509,-9.91841
2364,1.05076,-9.92264
2365,1.0902,-9.95941
2366,1.09026,-9.96125
2367,1.04838,-11.2531
2368,1.07655,-10.4687
2369,1.06043,-12.2732
2370,1.06107,-10.1249
2371,1.06126,-10.1092
2372,1.08941,-10.9599
2373,1.07255,-10.9228
2374,1.06451,-8.86414
2375,1.06455,-8.86169
2376,1.08699,-11.3442
2377,1.03924,-10.0994
2378,1.04063,-9.88974
2379,1.04068,-9.86713
2380,1.05848,-9.95097
2381,1.07845,-10.5656
2382,1.07846,-10.5671
2383,1.07241,-9.37171
2384,1.07244,-9.37461
2385,1.07664,-8.84418
2386,1.07677,-8.8367
2387,1.07229,-11.9099
2388,1.0602,-5.53484
2389,1.08705,-9.04606
2390,1.09338,-7.59693
2391,1.1,-10.2903
2392,1.0504,-12.1483
2393,1.05044,-12.1538
2394,1.05082,-12.174
2395,1.05342,-11.9593
2396,1.05343,-11.9887
2397,1.05476,-11.8929
2398,1.05645,-11.4827
2399,1.05372,-12.1631
2400,1.05328,-12.1607
2401,1.05349,-12.1575
2402,1.056,-11.5225
2403,1.0542,-11.9379
2404,1.05683,-11.4627
2405,1.05478,-11.8966
2406,1.05397,-12.0116
2407,1.054,-11.9961
2408,1.05514,-12.0844
2409,1.05407,-12.0506
2410,1.05515,-12.0843
2411,1.05409,-12.0502
2412,1.02399,-11.1393
2413,1.06963,-9.31672
2414,1.07315,-9.45035
2415,1.06711,-10.5133
2416,1.06706,-10.5163
2417,1.08387,-11.1217
2418,1.08582,-9.66477
2419,1.08785,-12.9244
2420,1.08806,-12.9463
2421,1.05205,-11.8684
2422,1.05095,-11.9345
2423,1.05239,-11.8568
2424,1.05148,-11.9155
2425,1.09822,-8.33713
2426,1.06526,-9.45689
2427,1.06522,-9.46335
2428,1.07273,-9.18627
2429,1.07639,-9.18874
2430,1.09392,-10.8547
2431,1.09393,-10.8535
2432,1.07449,-10.7898
2433,1.07454,-10.8003
2434,1.08184,-13.8593
2435,1.08199,-13.8675
2436,1.06899,-11.4156
2437,1.06887,-11.4262
2438,1.08327,-11.3877
2439,1.08328,-11.4042
2440,1.07485,-8.07542
2441,1.07477,-10.4343
2442,1.0748,-10.4348
2443,1.07887,-11.1569
2444,1.07892,-11.1559
2445,1.08172,-10.7575
2446,1.08156,-10.7709
2447,1.0789,-9.9182
2448,1.0701,-9.38788
2449,1.07003,-9.39205
2450,1.05427,-11.811
2451,1.05426,-11.8135
2452,1.06414,-9.52364
2453,1.06414,-9.53569
2454,1.09139,-8.16835
2455,1.04937,-11.1261
2456,1.04938,-11.1294
2457,1.05295,-11.0111
2458,1.07675,-11.7009
2459,1.0858,-10.754
2460,1.08572,-10.7045
2461,1.08859,-7.93397
2462,1.08849,-7.94619
2463,1.06893,-11.7679
2464,1.0689,-11.7651
2465,1.05313,-12.1536
2466,1.05357,-12.1547
2467,1.09052,-9.73688
2468,1.09064,-9.73022
2469,1.07278,-9.49949
2470,1.07277,-9.50832
2471,1.0738,-11.8213
2472,1.0737,-11.8269
2473,1.07809,-11.1258
2474,1.07811,-11.1278
2475,1.07521,-10.8391
2476,1.07349,-9.09924
2477,1.07348,-9.10239
2478,1.07504,-10.3749
2479,1.07519,-10.3577
2480,1.07421,-9.357
2481,1.07422,-9.36041
2482,1.08572,-10.7595
2483,1.08566,-10.7089
2484,1.09446,-10.8112
2485,1.05966,-7.90915
2486,1.05992,-7.9245
2487,1.07622,-8.87852
2488,1.07627,-8.87186
2489,1.09531,-10.567
2490,1.09582,-10.5352
2491,1.08619,-11.3903
2492,1.0861,-11.3889
2493,1.06907,-12.2865
2494,1.06914,-12.2927
2495,1.07812,-10.5998
2496,1.08005,-13.0436
2497,1.07976,-13.0354
2498,1.07274,-9.39743
2499,1.07264,-9.38622
2500,1.08825,-11.1418
2501,1.08819,-11.1357
2502,1.0745,-9.37111
2503,1.07453,-9.37115
2504,1.086,-11.2485
2505,1.05301,-10.9978
2506,1.07686,-11.6814
2507,1.0535,-12.2086
2508,1.05348,-12.2096
2509,1.07239,-9.27428
2510,1.07241,-9.27913
2511,1.06941,-10.4165
2512,1.06953,-10.4088
2513,1.07149,-9.17497
2514,1.07149,-9.17561
2515,1.0736,-9.40186
2516,1.07355,-9.40164
2517,1.05416,-11.8535
2518,1.05412,-11.8565
2519,1.06662,-10.1279
2520,1.06655,-10.1515
2521,1.07979,-7.61643
2522,1.09305,-9.68267
2523,1.07464,-10.6652
2524,1.07464,-10.6484
2525,1.04667,-6.20764
2526,1.04688,-6.22755
2527,1.08374,-8.29401
2528,1.0838,-8.28466
2529,1.09426,-10.8948
2530,1.07431,-9.31513
2531,1.07837,-13.348
2532,1.07834,-13.342
2533,1.1,-9.84304
2534,1.09335,-8.61312
2535,1.07469,-11.1106
2536,1.0844,-11.4683
2537,1.05179,-11.8999
2538,1.05089,-11.9844
2539,1.07827,-12.9827
2540,1.07838,-12.978
2541,1.0848,-11.6515
2542,1.0749,-11.0979
2543,1.04821,-13.9948
2544,1.04842,-14.0233
2545,1.03948,-10.0917
2546,1.03934,-10.1127
2547,1.06388,-9.54318
2548,1.06375,-9.56029
2549,1.07658,-10.7363
2550,1.07656,-10.7322
2551,1.08672,-10.2957
2552,1.07134,-11.9116
2553,1.07111,-11.9238
2554,1.0761,-9.25195
2555,1.06865,-9.54737
2556,1.05593,-11.7267
2557,1.05616,-11.718
2558,1.07481,-9.27939
2559,1.07479,-9.28611
2560,1.07589,-9.33131
2561,1.0754,-9.36501
2562,1.09422,-7.53823
2563,1.09975,-9.76652
2564,1.06622,-9.58903
2565,1.0664,-9.58155
2566,1.05683,-11.4627
2567,1.05504,-11.8778
2568,1.07825,-11.8947
2569,1.07815,-11.8849
2570,1.09099,-7.95278
2571,1.09099,-7.94446
2572,1.09975,-9.76647
2573,1.06367,-12.1959
2574,1.03899,-10.1223
2575,1.03898,-10.1231
2576,1.08194,-10.0506
2577,1.07111,-10.3479
2578,1.09764,-10.0786
2579,1.07498,-10.7756
2580,1.07508,-10.7955
2581,1.08558,-10.8549
2582,1.08517,-10.5488
2583,1.08494,-10.5122
2584,1.08514,-10.781
2585,1.08513,-10.7915
2586,1.0796,-12.5084
2587,1.07958,-12.4924
2588,1.09463,-8.5326
2589,1.06331,-8.68699
2590,1.03736,-4.43263
2591,1.04256,-6.47238
2592,1.0434,-13.733
2593,1.08635,-1.8388
2594,1.09303,-0.058719
2595,1.06865,-3.74043
2596,1.06859,-3.74192
2597,1.07404,-10.958
2598,1.07425,-10.9407
2599,1.07955,-15.2145
2600,1.0163,-8.44474
2601,1.01635,-8.44015
2602,1.00163,-12.8017
2603,1.03314,-11.9596
2604,1.03301,-11.9612
2605,1.01096,-16.056
2606,1.0131,-13.7132
2607,1.02123,-7.56598
2608,1.02127,-7.55877
2609,1.01402,-14.6013
2610,0.99893,-10.8709
2611,1.05774,-9.15977
2612,1.05776,-9.15113
2613,1.07314,-2.85154
2614,1.07316,-2.85476
2615,1.03163,-12.3877
2616,1.03165,-12.3873
2617,1.03323,-12.3744
2618,1.03316,-12.3779
2619,1.08085,-2.44329
2620,1.08076,-2.45945
2621,1.03139,-8.05596
2622,1.03137,-8.06082
2623,1.02541,-11.088
2624,1.08637,-1.56537
2625,1.09541,0.295947
2626,1.03349,7.34453e-30
2627,1.03349,-0.00310625
2628,1.02566,-12.082
2629,1.0256,-12.0922
2630,1.03402,-1.97513
2631,1.034,-1.9776
2632,1.02965,-12.2884
2633,0.999026,-10.8714
2634,1.05798,-4.20702
2635,1.05803,-4.20596
2636,1.09184,-7.17707
2637,1.09194,-7.17425
2638,1.03174,-5.6801
2639,1.0753,-7.64205
2640,1.07527,-7.65502
2641,1.0754,-7.62629
2642,1.02108,-5.7633
2643,1.02107,-5.76173
2644,1.08799,-7.64866
2645,1.05777,-4.59151
2646,1.05779,-4.5922
2647,1.04162,-6.06292
2648,1.03674,-5.26779
2649,1.03679,-5.26578
2650,1.0458,-3.95918
2651,1.04578,-3.95805
2652,1.07942,-9.29079
2653,1.07941,-9.29231
2654,1.08705,-8.07146
2655,1.08705,-8.06821
2656,1.0799,-7.89302
2657,1.07992,-7.8887
2658,1.05242,-4.04398
2659,1.05244,-4.04481
2660,1.077,-5.4324
2661,1.09002,-8.6698
2662,1.08564,-6.49228
2663,1.08108,-6.28386
2664,1.04127,-2.06711
2665,1.04131,-2.06715
2666,1.07972,-5.43505
2667,1.07969,-5.44453
2668,1.09278,-6.82517
2669,1.0929,-6.82474
2670,1.08164,-4.79938
2671,1.08169,-4.80026
2672,1.03784,-2.40896
2673,1.03786,-2.4055
2674,1.08128,-6.81189
2675,1.08125,-6.81222
2676,1.09776,-6.62859
2677,1.09063,-6.59928
2678,1.09036,-6.59848
2679,1.07713,-6.83308
2680,1.07719,-6.83959
2681,1.04381,-7.97535
2682,1.05988,-7.10956
2683,1.05299,-3.00253
2684,1.05299,-3.00253
2685,1.07949,-6.41932
2686,1.07941,-6.42429
2687,1.05207,-4.42982
2688,1.05214,-4.42965
2689,1.05273,-3.62049
2690,1.0527,-3.61883
2691,1.04481,-8.11304
2692,1.06117,-3.31813
2693,1.04435,-2.33402
2694,1.04432,-2.33882
2695,1.07896,-5.63222
2696,1.079,-5.6299
2697,1.08087,-5.30976
2698,1.07054,-3.8998
2699,1.07051,-3.90699
2700,1.04124,-11.1812
2701,1.04125,-11.1941
2702,1.0242,-12.1976
2703,1.06157,-7.62155
2704,1.06147,-7.64079
2705,1.01779,-3.73132
2706,1.01782,-3.72751
2707,1.02566,-9.94146
2708,1.0553,-6.12469
2709,1.05536,-6.12378
2710,1.06268,-7.57536
2711,1.02918,-4.68664
2712,1.02918,-4.6824
2713,1.01151,-10.9712
2714,1.0115,-10.9696
2715,1.02909,-12.5091
2716,1.02913,-12.5157
2717,1.09984,-4.38295
2718,1.1,-4.36278
2719,1.1,-4.36278
2720,1.02415,-2.57855
2721,1.02415,-2.58079
2722,1.02123,-3.33123
2723,0.994947,-4.65774
2724,1.02139,-4.11196
2725,1.02145,-4.10769
2726,1.05572,-6.00794
2727,1.05561,-6.02415
2728,0.968357,1.17838
2729,1.02308,-11.1697
2730,1.02309,-11.1683
2731,1.03658,-9.67624
2732,1.03643,-9.67544
2733,1.00789,-7.27535
2734,1.02761,-10.22
2735,1.02762,-10.2127
2736,1.02539,-10.3349
2737,1.04092,-11.6954
2738,1.04094,-11.7213
2739,1.02681,-9.84858
2740,1.03046,-12.5194
2741,1.02177,-11.2964
2742,1.0218,-11.2863
2743,1.02647,-11.5744
2744,1.1,-9.11162
2745,1.04915,-8.36059
2746,1.04915,-8.36879
2747,1.04757,-9.52369
2748,1.02757,-15.1711
2749,1.01627,-10.6031
2750,1.01633,-10.6035
2751,1.05148,-12.1128
2752,1.05135,-12.1147
2753,1.02021,-10.4867
2754,1.02021,-10.4867
2755,1.02141,-14.3559
2756,1.03338,-10.9971
2757,1.03335,-10.998
2758,1.03381,-13.9102
2759,1.06415,-11.3291
2760,1.03469,-11.7206
2761,1.05519,-11.0597
2762,1.05526,-11.0594
2763,1.05968,-5.92817
2764,1.0144,-12.4848
2765,1.01433,-12.4835
2766,1.0208,-11.1314
2767,1.02072,-11.1426
2768,1.06119,-9.94765
2769,1.06128,-9.94472
2770,1.1,-14.9366
2771,1.0908,-3.85842
2772,1.09741,-3.4282
2773,1.07048,-16.7055
2774,1.07048,-16.702
2775,1.09753,-1.08317
2776,1.09344,-2.70912
2777,1.08138,-15.9877
2778,1.08134,-15.9894
2779,1.08233,-8.04664
2780,1.08236,-8.08129
2781,1.0928,-2.29304
2782,1.09096,-6.12346
2783,1.07641,-16.234
2784,1.07646,-16.2245
2785,1.08471,-6.08408
2786,1.08448,-6.10682
2787,1.04922,-15.3074
2788,1.09786,-3.36856
2789,1.09784,-3.3724
2790,1.06143,-9.60795
2791,1.08486,-3.35587
2792,1.08483,-3.36802
2793,1.09247,-5.25788
2794,1.09246,-5.24708
2795,1.07901,-2.25796
2796,1.07643,-4.68485
2797,1.07712,-2.31349
2798,1.0764,-4.68556
2799,1.08347,-6.46015
2800,1.0772,-2.35073
2801,1.07732,-2.34309
2802,1.09231,-2.25536
2803,1.09232,-2.28307
2804,1.00382,1.18765
2805,1.08655,-14.9224
2806,1.08655,-14.927
2807,1.05142,-15.8285
2808,1.05157,-15.8336
2809,1.07367,-5.36352
2810,1.0736,-5.3966
2811,1.07414,-6.91312
2812,1.07415,-6.91315
2813,1.08544,-16.3017
2814,1.0823,-14.9842
2815,1.09002,-2.72122
2816,1.09383,-3.34025
2817,1.09182,-2.34681
2818,1.08206,-17.9311
2819,1.08918,-14.4464
2820,1.08917,-14.4527
2821,1.09194,-3.98224
2822,1.09152,-6.07505
2823,1.09409,-2.48703
2824,1.094,-2.47553
2825,1.1,-3.13716
2826,1.08739,-3.54604
2827,1.08726,-3.54681
2828,1.09418,-2.44213
2829,1.0915,-2.78963
2830,1.09396,-3.98886
2831,1.09403,-3.98395
2832,1.08391,-4.85888
2833,1.08387,-4.8686
2834,1.05661,-6.82424
2835,1.09945,-3.63793
2836,1.09946,-3.64028
2837,1.05786,-6.94514
2838,1.09525,-0.0434535
2839,1.09524,-0.0555812
2840,1.08322,-6.13881
2841,1.08326,-6.13031
2842,1.08359,-6.16567
2843,1.09099,-6.12386
2844,1.09999,-3.53969
2845,1.1,-3.54813
2846,1.0837,-6.45401
2847,1.08379,-6.44833
2848,1.09395,-3.78442
2849,1.08256,-6.24747
2850,1.08256,-6.24498
2851,1.08656,-5.63339
2852,1.08647,-5.65192
2853,1.08387,-6.18913
2854,1.08266,-6.42845
2855,1.08297,-6.17741
2856,1.09461,-3.66614
2857,1.09297,-5.7025
2858,1.06597,-6.28831
2859,1.06593,-6.29489
2860,1.09485,-3.8276
2861,1.09493,-3.82536
2862,1.09905,-2.9415
2863,1.09897,-2.97686
2864,1.09202,-5.66016
2865,1.09213,-5.66339
2866,1.08573,-5.70379
2867,1.0849,-5.83704
2868,1.06284,-17.624
2869,1.06285,-17.6356
2870,1.08508,-5.81448
2871,1.09471,-1.81672
2872,1.09525,-1.47944
2873,1.09347,-3.6027
2874,1.09347,-3.61583
2875,1.06133,-17.7549
2876,1.06134,-17.7537
2877,1.07448,-6.92242
2878,1.0853,-6.37621
2879,1.08522,-6.38188
2880,1.07953,-15.8597
2881,1.06853,-15.21
2882,0.99094,-12.7882
2883,1.09824,-3.85555
2884,1.0983,-3.84754
2885,1.09543,-15.3226
2886,1.08518,-14.0409
2887,1.08527,-14.0525
2888,1.00943,-15.9553
2890,1.09435,-17.0954
2891,1.09435,-17.0865
2892,1.1,-14.0242
2893,1.09936,-14.0618
2894,1.00373,-14.7112
2895,1.08559,-14.7513
2896,1.09075,-18.4644
2897,1.09376,-13.6642
2898,1.1,-12.658
2899,1.06512,-9.88779
2900,1.08315,-4.99064
2901,1.08341,-8.11055
2902,1.06231,-9.44617
2903,1.07021,-6.4233
2904,1.07035,-6.41807
2905,1.09152,-15.5306
2906,1.09953,-3.75677
2907,1.09462,-4.75651
2908,1.09991,-3.13688
2909,1.09146,-2.78849
2910,1.09682,-12.4553
2911,1.09677,-12.4515
2912,1.08301,-1.72786
2913,1.09759,-16.5926
2914,1.09824,-12.5441
2915,1.08993,-14.339
2916,1.09185,-17.1344
2917,1.08737,-16.1734
2918,1.08558,-14.816
2919,1.09967,-3.70851
2920,1.09254,-5.14843
2921,1.09951,-3.68876
2922,1.0995,-3.68648
2923,1.09529,-16.9087
2924,1.09526,-16.9225
2925,1.09181,-17.1337
2926,1.09173,-17.1444
2927,1.1,-13.0111
2928,1.09391,-17.4144
2929,1.01398,-11.0789
2930,1.09126,-4.9473
2931,1.09125,-4.9499
2932,1.09649,-16.7347
2933,1.09645,-16.7508
2934,1.09088,-11.4264
2935,1.08359,-1.69164
2936,1.04874,-14.7588
2937,1.0487,-14.7386
2938,1.07605,-13.5838
2939,1.07853,-13.7686
2940,1.09757,-3.91249
2941,1.09758,-3.91254
2942,1.0527,-8.7762
2943,1.09437,-16.8953
2944,1.09429,-16.9076
2945,1.06231,-10.9847
2946,1.06227,-10.9658
2947,1.08157,-13.0896
2948,1.08564,-5.60169
2949,1.0856,-5.57444
2950,1.09135,-2.51375
2951,1.09126,-2.52992
2952,1.08973,-5.29704
2953,1.08042,-6.4051
2954,1.08052,-6.39268
2955,1.08857,-1.16415
2956,1.08855,-1.17505
2957,1.09243,-0.212739
2958,1.08168,-1.95012
2959,1.07881,-5.8131
2960,1.05698,-7.0698
2961,1.07965,-15.8946
2962,1.07975,-15.867
2963,1.09338,-1.80885
2964,1.09343,-1.82533
2965,1.07822,-14.2561
2966,1.09297,-5.1971
2967,1.07588,-6.7674
2968,1.07585,-6.77128
2969,1.09395,-12.1408
2970,1.08666,-6.69749
2971,1.08443,-15.3004
2972,1.08286,-6.31929
2973,1.08291,-6.30603
2974,1.07488,-16.3177
2975,1.0749,-16.3096
2976,1.07786,-9.74594
2977,1.0781,-6.81481
2978,1.07903,-2.25572
2979,1.07646,-4.68182
2980,1.09506,-15.3327
2981,1.08432,-14.2099
2982,1.08435,-14.194
2983,1.08101,-13.7471
2984,1.08115,-13.7635
2985,1.06653,-17.2301
2986,1.09147,-14.5504
2987,1.07244,-5.02425
2988,1.0724,-5.02994
2989,1.09148,-5.93345
2990,1.09152,-5.91901
2991,1.08475,-14.0781
2992,1.05496,-6.48476
2993,1.09559,-16.2164
2994,1.09567,-16.2055
2995,1.0956,-16.2145
2996,1.09569,-16.2044
2997,1.08174,-15.6489
2998,1.08172,-15.6335
2999,1.08106,-15.5685
3000,1.08964,-5.09327
3001,1.09551,-16.2275
3002,1.07897,-14.4234
3003,1.07869,-14.4333
3004,1.08272,-15.4686
3005,1.08274,-15.4623
3006,1.07304,-14.8237
3007,1.09606,-16.1631
3008,1.07427,-14.7541
3009,1.08336,-14.3897
3010,1.08337,-14.3994
3011,1.09297,-15.5445
3012,1.08353,-6.45668
3013,1.08511,-5.80947
3014,1.05527,-8.62761
3015,1.08977,-5.29438
3016,1.09196,-2.33477
3017,1.09407,-12.1313
3018,1.08683,-6.67063
3019,1.08391,-6.06717
3020,1.08361,-6.20214
3021,1.09876,-3.30219
3022,1.09884,-3.30955
3023,1.09999,0.639888
3024,1.1,0.581657
3025,1.08473,-6.0802
3026,1.08452,-6.10309
3027,1.0945,-2.45018
3028,1.09671,-0.456991
3029,1.09669,-0.435907
3030,1.09712,-3.47914
3031,1.09712,-3.47869
3032,1.09809,-3.92088
3033,1.09304,-15.5416
3034,1.06225,-12.0059
3035,1.06232,-12.0217
3036,1.08356,-6.20532
3037,1.06437,-18.3111
3038,1.07011,-16.7815
3039,1.06871,-14.4088
3040,1.08922,-9.89459
3041,1.07308,-13.7289
3042,1.07485,-10.5157
3043,1.08858,-8.83781
3044,1.08852,-8.84994
3045,1.08649,-10.5747
3046,1.08764,-9.49507
3047,1.08722,-10.5542
3048,1.08716,-10.555
3049,1.09432,-9.23111
3050,1.09432,-9.23111
3051,1.09444,-9.22254
3052,1.0886,-8.83809
3053,1.08849,-8.85946
3054,1.08985,-10.8746
3055,1.08681,-9.3428
3056,1.08692,-9.34532
3057,1.09516,-8.24286
3058,1.09428,-9.23392
3059,1.1,-8.61085
3060,1.09185,-9.90373
3061,1.08853,-10.5451
3062,1.0858,-9.78586
3063,1.08782,-8.85957
3064,1.08778,-8.86007
3065,1.08244,-11.1096
3066,1.0778,-7.15718
3067,1.08578,-10.5618
3068,1.08587,-10.5052
3069,1.08655,-9.84547
3070,1.09051,-9.49247
3071,1.09064,-9.48581
3072,1.08569,-10.5672
3073,1.0858,-10.5097
3074,1.08253,-10.6629
3075,1.08257,-10.6601
3076,1.07715,-11.7561
3077,1.08634,-5.44786
3078,1.08702,-8.93366
3079,1.08708,-8.92709
3080,1.096,-8.18435
3081,1.09881,-8.89631
3082,1.09269,-7.88611
3083,1.09276,-7.89417
3084,1.09881,-8.89627
3085,1.08868,-9.43116
3086,1.08457,-9.19361
3087,1.08503,-10.6851
3088,1.08532,-10.4059
3089,1.08515,-10.3815
3090,1.08597,-10.5283
3091,1.08602,-10.5297
3092,1.08836,-8.84562
3093,1.08817,-8.87339
3094,1.07983,-3.26288
3095,1.08014,-3.28635
3096,1.07956,-3.27576
3097,1.07221,-14.8897
3098,1.0861,-8.34355
3099,1.05547,-5.97256
3100,1.07418,-14.671
3101,1.07414,-14.6759
3102,1.07584,-10.1563
3103,1.08022,-10.6847
3104,1.06481,-12.4235
3105,1.0718,-13.3657
3106,1.08555,-12.2901
3107,1.09995,-12.6623
3108,1.07839,-13.3506
3109,1.09738,-5.13398
3110,1.1,-1.93818
3111,1.09314,-5.86702
3112,1.06863,-13.9193
3113,1.08948,-2.11341
3114,1.07268,-12.7639
3115,1.0772,-12.0534
3116,1.07462,-14.2753
3117,1.08229,-6.65165
3118,1.08229,-6.65165
3119,1.0737,-14.644
3120,1.07854,-14.2899
3121,1.07832,-14.3227
3122,1.06554,-14.4273
3123,1.09043,-2.63478
3124,1.09185,-10.3758
3125,1.08425,-10.0494
3126,1.08425,-10.0494
3127,1.08082,-11.3323
3128,1.07374,-14.7126
3129,1.07405,-14.272
3130,1.07271,-14.6816
3131,1.09035,-10.1038
3132,1.08495,-14.1748
3133,1.07462,-14.3372
3134,1.07323,-14.5873
3135,1.07321,-14.5922
3136,1.06799,-12.5554
3137,1.07328,-6.90617
3138,1.09692,-4.58316
3139,1.1,-4.47501
3140,1.09995,-8.16673
3141,1.1,-8.19745
3142,1.05324,-14.4699
3143,1.07603,-13.267
3144,1.08538,-12.2799
3145,1.08467,-12.312
3146,1.07596,-13.3976
3147,1.09505,-10.4931
3148,1.09505,-10.4931
3149,1.07642,-13.8029
3150,1.08812,-10.3647
3151,1.07654,-11.0876
3152,1.09875,-10.5239
3153,1.07157,-8.68669
3154,1.07201,-8.81326
3155,1.1,-1.98678
3156,1.07501,-4.07799
3157,1.09707,-1.35049
3158,1.09997,-0.866336
3159,1.1,-0.905073
3160,1.09092,-2.59675
3161,1.098,-10.5447
3162,1.07358,-13.3183
3163,1.08845,-11.8078
3164,1.09164,-10.8948
3165,1.07516,-14.563
3166,1.0661,-8.82643
3167,1.08311,-13.886
3168,1.07814,-13.8098
3169,1.08203,-13.2431
3170,1.05527,-6.5567
3171,1.08549,-11.9205
3172,1.07477,-8.33108
3173,1.07482,-8.3237
3174,1.09162,-10.8957
3175,1.05813,-5.34726
3176,1.1,-4.06979
3177,1.09842,-9.96625
3178,1.09765,-10.29
3179,1.07081,-8.0121
3180,1.08603,-13.7552
3181,1.08592,-11.8949
3182,1.08499,-13.733
3183,1.08429,-11.9876
3184,1.05499,-6.37888
3185,1.09446,-9.28
3186,1.0823,-13.4865
3187,1.08197,-11.4731
3188,1.08402,-13.7347
3189,1.08462,-11.9743
3190,1.08186,-13.7459
3191,1.09068,-11.0049
3192,1.09075,-10.9624
3193,1.07928,-13.5511
3194,1.08287,-13.5993
3195,1.08384,-13.7656
3196,1.08553,-11.9061
3197,1.08094,-12.4207
3198,1.06933,-5.25585
3199,1.08549,-12.1581
3200,1.08074,-12.4345
3201,1.08452,-12.0837
3202,1.08453,-12.0869
3203,1.08472,-13.7419
3204,1.08814,-7.52937
3205,1.08077,-7.78976
3206,1.06795,-11.7032
3207,1.08234,-7.69973
3208,1.07704,-13.7761
3209,1.05678,-5.5838
3210,1.08994,-2.66726
3211,1.09555,-1.78967
3212,1.07902,-7.13608
3213,1.09429,-6.32108
3214,1.1,-12.2276
3215,1.1,-12.2276
3216,1.09995,-12.2293
3217,1.09472,-12.4817
3218,1.09013,-12.1529
3219,1.08763,-13.8608
3220,1.07549,-9.14939
3221,1.07934,-8.07376
3222,1.05423,-15.0985
3223,1.06069,-14.5607
3224,1.06319,-14.9863
3225,1.09287,-5.93527
3226,1.09946,-4.97333
3227,1.06731,-15.1326
3228,1.07388,-15.2287
3229,1.07966,-8.6793
3230,1.08584,-11.5465
3231,1.07965,-14.0022
3232,1.0737,-14.307
3233,1.07306,-14.7097
3234,1.07758,-14.6738
3235,1.07368,-14.4038
3236,1.09376,-9.9672
3237,1.06503,-14.8431
3238,1.08875,-12.3131
3239,1.08847,-7.91784
3240,1.09458,-4.11218
3241,1.06656,-14.9996
3242,1.08197,-6.37304
3243,1.09634,-2.64491
3244,1.0808,-9.99477
3245,1.1,-2.96744
3246,1.08566,-5.00923
3247,1.07896,-4.81087
3248,1.07891,-4.80955
3249,1.08889,-4.82995
3250,1.08865,-4.90786
3252,1.06739,-7.99756
3253,1.08752,-10.069
3254,1.08927,-9.11391
3255,1.09985,-10.4463
3256,1.1,-10.4426
3257,1.08179,-6.68708
3258,1.09685,-4.03475
3259,1.09134,-6.33296
3260,1.07242,-14.1013
3261,1.065,-11.8968
3262,1.06965,-12.657
3263,1.07288,-12.558
3264,1.07464,-14.5062
3265,1.08273,-12.8214
3266,1.07841,-11.6643
3267,1.09126,-13.4075
3268,1.09103,-10.0705
3269,1.08591,-11.8955
3270,1.08567,-13.7088
3271,1.08546,-11.9564
3272,1.06458,-13.921
3273,1.06414,-13.4179
3274,1.06414,-13.4179
3275,1.06747,-8.39153
3276,1.07427,-14.6216
3277,1.07321,-14.6991
3278,1.08568,-13.7083
3279,1.08592,-11.8949
3280,1.06716,-13.2788
3281,1.07415,-14.5073
3282,1.08752,-14.0227
3283,1.08733,-14.0314
3284,1.07122,-12.7157
3285,1.08836,-10.3455
3286,1.07957,-14.1555
3287,1.07835,-14.5601
3288,1.07243,-7.22359
3289,1.05154,-13.4592
3290,1.09503,-3.75017
3291,1.06521,-14.9794
3292,1.07167,-14.8858
3293,1.08308,-13.4587
3294,1.0692,-14.7837
3295,1.1,-5.37325
3296,1.07187,-13.0472
3297,1.08153,-13.0112
3298,1.06382,-14.8136
3299,1.06983,-13.079
3300,1.05042,-14.6404
3301,1.06186,-14.1176
3302,1.05087,-15.3204
3303,1.07862,-7.43531
3304,1.07553,-13.7812
3305,1.07173,-14.9106
3306,1.09838,-10.1688
3307,1.06786,-13.0375
3308,1.09466,-3.20845
3309,1.07068,-9.56911
3310,1.05076,-15.0371
3311,1.06837,-15.0676
3312,1.086,-9.19461
3313,1.08048,-3.43097
3314,1.0719,-13.92
3315,1.09958,-3.80436
3316,1.1,-3.75447
3317,1.09994,-3.78757
3318,1.07442,-8.93004
3319,1.06799,-14.4769
3320,1.09567,-10.511
3321,1.09578,-10.509
3322,1.07482,-14.5302
3323,1.08592,-3.72395
3324,1.08228,-6.65367
3325,1.07932,-13.4841
3326,1.0717,-14.7515
3327,1.06777,-13.8698
3328,1.0806,-12.7518
3329,1.08059,-12.7442
3330,1.06262,-14.644
3331,1.07433,-15.1514
3332,1.09062,-11.7047
3333,1.09164,-10.8948
3334,1.09606,-1.75979
3335,1.08468,-11.9649
3336,1.07704,-13.7761
3337,1.08068,-12.7112
3338,1.08696,-11.4734
3339,1.07824,-13.8048
3340,1.07295,-12.6047
3341,1.07588,-13.7642
3342,1.08037,-13.2562
3343,1.06607,-12.9664
3344,1.07749,-10.0471
3345,1.08551,-12.157
3346,1.08444,-9.40394
3347,1.08428,-10.0476
3348,1.09869,-10.1781
3349,1.09846,-10.1646
3350,1.07296,-14.8886
3351,1.07862,-7.27554
3352,1.08446,-9.66172
3353,1.06103,-14.8433
3354,1.08003,-3.21881
3355,1.09764,-5.11713
3356,1.06467,-14.4434
3357,1.07903,-13.5063
3358,1.08659,-12.1889
3359,1.0794,-13.2229
3360,1.07924,-13.6949
3361,1.08193,-13.9324
3362,1.08175,-13.9415
3363,1.0894,-8.43641
3364,1.09159,-12.4969
3365,1.08261,-11.6473
3366,1.07037,-13.6952
3367,1.07745,-13.6576
3368,1.08949,-12.9776
3369,1.08752,-13.445
3370,1.08736,-13.4489
3371,1.06171,-9.60368
3372,1.08801,-10.7573
3373,1.08811,-10.781
3374,1.02358,-25.5626
3375,1.07709,-15.8793
3376,1.05744,-10.9358
3377,1.08053,-12.0606
3378,1.06909,-13.8916
3379,1.08275,-13.2945
3380,1.08667,-13.4894
3381,1.08684,-13.4812
3382,1.0459,-15.3095
3383,1.05383,-10.4674
3384,1.08937,-11.2861
3385,1.07634,-11.081
3386,1.08858,-14.5992
3387,1.0604,-16.2374
3388,1.06407,-13.997
3389,1.07591,-13.831
3390,1.07621,-13.825
3391,1.08816,-14.6301
3392,1.09361,-13.9893
3393,1.09369,-13.9855
3394,1.09367,-13.9969
3395,1.03955,-14.3486
3396,1.07819,-13.9666
3397,1.09488,-11.9034
3398,1.09484,-11.9282
3399,1.08729,-13.4438
3400,1.08742,-13.4382
3401,1.04292,-13.906
3402,1.06774,-15.3176
3403,1.07073,-13.8365
3404,1.04664,-16.3583
3405,1.04666,-16.357
3406,1.07652,-15.8723
3407,1.06487,-12.641
3408,1.05478,-10.3328
3409,1.08839,-11.3818
3410,1.07525,-16.2509
3411,1.07173,-11.6838
3412,1.06758,-15.1383
3413,1.06626,-15.4057
3414,1.08377,-13.7505
3415,1.05113,-15.2606
3416,1.06047,-17.8787
3417,1.0723,-14.1455
3418,1.07592,-13.3693
3419,1.07912,-11.4273
3420,1.07484,-13.9329
3421,1.08372,-12.2873
3422,1.05827,-13.2837
3423,1.06318,-11.3119
3424,1.07839,-14.1904
3425,1.0663,-15.7062
3426,1.06618,-15.7111
3427,1.07442,-10.1715
3428,1.08592,-10.8697
3429,1.0687,-10.4907
3430,1.08874,-14.5358
3431,1.05929,-14.8685
3432,1.06322,-15.968
3433,1.07599,-14.7123
3434,1.07835,-14.2322
3435,1.06321,-15.5946
3436,1.08355,-9.52232
3437,1.08516,-12.3878
3438,1.0851,-12.4068
3439,1.08947,-11.0782
3440,1.08941,-11.1109
3441,1.07476,-10.5774
3442,1.08836,-11.1745
3443,1.07314,-13.0143
3444,1.07073,-9.90526
3445,1.08208,-13.9596
3446,1.07857,-10.7978
3447,1.08592,-10.8697
3448,1.06427,-15.4933
3449,1.06437,-15.4919
3450,1.09643,-11.6328
3451,1.07723,-13.2965
3452,1.09958,-6.24005
3453,1.05655,-15.9385
3454,1.07018,-16.5256
3455,1.03358,-12.019
3456,1.07094,-16.8651
3457,1.06436,-10.72
3458,1.06433,-15.6759
3459,1.06739,-8.62786
3460,1.08742,-13.4382
3461,1.07038,-13.7818
3462,1.059,-18.8801
3463,1.04866,-10.4221
3464,1.02088,-11.4427
3465,1.09075,-14.3407
3466,1.05872,-15.7365
3467,1.05879,-15.7352
3468,1.0795,-14.1389
3469,1.08989,-8.44684
3470,1.05411,-19.9343
3471,1.08799,-14.6459
3472,1.0885,-11.4031
3473,1.06441,-11.0838
3474,1.08171,-12.9806
3475,1.07053,-16.9635
3476,1.0904,-14.3561
3477,1.07724,-15.1261
3478,1.0759,-13.8309
3479,1.07626,-13.8223
3480,1.06951,-13.8515
3481,1.07179,-13.6976
3482,1.07193,-13.6826
3483,1.09229,-8.3732
3484,1.04778,-15.4379
3485,1.07192,-14.2269
3486,1.06652,-11.0567
3487,1.09531,-13.153
3488,1.09509,-13.1604
3489,1.08281,-13.4197
3490,1.08287,-13.2172
3491,1.08275,-13.2161
3492,1.0855,-13.4192
3493,1.08296,-11.6274
3494,1.05486,-10.3237
3495,1.08676,-9.38159
3496,1.08515,-9.19436
3497,1.08142,-13.9517
3498,1.08147,-13.9415
3499,1.08184,-13.939
3500,1.08669,-9.38122
3501,1.09206,-13.2848
3502,1.0919,-13.3044
3503,1.04879,-16.2529
3504,1.08052,-13.2336
3505,1.08258,-10.0289
3506,1.08252,-10.0404
3507,1.08177,-9.92274
3508,1.00796,-7.27573
3509,1.04967,1.54766
3510,1.04318,-2.98395
3511,1.02437,-2.44888
3512,1.04767,-8.05487
3513,1.04633,-4.52926
3514,1.07489,-15.7117
3515,1.05153,-8.99445
3516,1.09129,-8.94148
3517,1.09132,-8.93975
3518,1.09278,-7.27274
3519,1.09275,-7.26481
3520,1.08817,-7.61348
3521,1.08816,-7.6098
3522,1.1,-6.96215
3523,1.09672,-7.42066
3524,1.09667,-7.42319
3525,1.09026,-8.22728
3526,1.09297,-8.15516
3527,1.07943,-7.38168
3528,1.1,-8.13044
3529,1.09202,-10.114
3530,1.08214,-8.23418
3531,1.07624,-10.0001
3532,1.07995,-8.54086
3533,1.06611,-8.49997
3534,1.0661,-8.49245
3535,1.08807,-10.5732
3536,1.08802,-10.5892
3537,1.06849,-8.01807
3538,1.06866,-8.04679
3539,1.07953,-7.7444
3540,1.07968,-7.73449
3541,1.08097,-8.36955
3542,1.08074,-8.03054
3543,1.08076,-8.02772
3544,1.08076,-8.02772
3545,1.08074,-8.03054
3546,1.08219,-8.22963
3547,1.07566,-10.0426
3548,1.07568,-10.0411
3549,1.07996,-8.54097
3550,1.09447,-8.77483
3551,1.09464,-8.77237
3552,1.07378,-10.1747
3553,1.06832,-8.02955
3554,1.0708,-9.11355
3555,1.07069,-9.10047
3556,1.1,-9.05842
3557,1.08176,-8.26131
3558,1.0807,-8.03352
3559,1.0942,-9.24482
3560,1.0942,-9.24475
3561,1.07819,-6.97001
3562,1.08219,-8.22962
3563,1.07631,-9.99491
3564,1.0915,-10.3984
3565,1.06672,-8.51418
3566,1.06674,-8.49179
3567,1.07986,-8.54535
3568,1.07805,-10.9369
3569,1.09676,-8.33042
3570,1.0793,-7.37981
3571,1.06626,-8.66801
3572,1.06648,-8.64467
3573,1.07231,-7.58789
3574,1.07246,-7.55811
3575,1.07329,-10.4083
3576,1.07326,-10.4254
3577,1.07969,-7.9099
3578,1.07978,-7.9227
3579,1.06389,-8.94169
3580,1.0686,-8.41097
3581,1.0685,-8.397
3582,1.08025,-8.49064
3583,1.07901,-10.8766
3584,1.07903,-10.8758
3585,1.07156,-7.83801
3586,1.07156,-7.86196
3587,1.07183,-7.82503
3588,1.0719,-7.84703
3589,1.09433,-8.22722
3590,1.0696,-9.73034
3591,1.06924,-9.7193
3592,1.07812,-10.0367
3593,1.07826,-10.0348
3594,1.0817,-8.29319
3595,1.07612,-10.006
3596,1.08175,-8.29045
3597,1.0819,-8.25108
3598,1.0662,-8.37775
3599,1.06637,-8.36503
3600,1.08076,-8.02773
3601,1.08065,-8.41614
3602,1.08066,-8.41588
3603,1.07136,-9.24825
3604,1.07336,-7.47024
3605,1.07336,-7.47024
3606,1.07336,-7.47021
3607,1.0913,-10.1508
3608,1.08231,-9.77975
3609,1.03227,-8.56923
3610,1.03235,-8.55939
3611,1.00687,-14.2264
3612,1.00689,-14.2233
3613,0.982406,-20.3714
3614,1.0138,-10.341
3615,0.977204,-14.3333
3616,0.977204,-14.3333
3617,1.00248,-11.4637
3618,1.00247,-11.4545
3619,0.998671,-14.2754
3620,1.02848,-10.5601
3621,1.02852,-10.5525
3622,1.02024,-13.609
3623,1.02023,-13.6057
3624,1.08215,-5.77222
3625,1.06582,-9.0104
3626,1.06569,-9.0066
3627,1.07062,-8.49857
3628,1.07988,-4.73132
3629,1.05215,-20.127
3630,0.999936,-20.5098
3631,1.0721,-8.42273
3632,1.06194,-9.27382
3633,1.06195,-9.26999
3634,1.09597,-5.70749
3635,1.09506,-5.97585
3636,1.06135,-9.3255
3637,1.06162,-9.29925
3638,1.07107,-8.5192
3639,1.0624,-9.26636
3640,1.09934,-2.46267
3641,1.1,-2.76272
3642,1.07119,-8.488
3643,1.06318,-9.2104
3644,0.998758,-14.4151
3645,1.0746,-8.88932
3646,1.0347,-9.2234
3647,1.05155,-20.1711
3648,1.06191,-9.30141
3649,1.0668,-8.32614
3650,1.0657,-8.80076
3651,1.07338,-8.15678
3652,1.03501,-7.04804
3653,1.03246,-9.47561
3654,1.03401,-9.26274
3655,1.04675,-6.50089
3656,1.04029,-8.62556
3657,1.03985,-8.57301
3658,1.03519,-7.29759
3659,1.03528,-7.31859
3660,1.03478,-7.23934
3661,1.06168,-9.2924
3662,1.0621,-9.27129
3663,1.03503,-9.08433
3664,1.09741,-5.04469
3665,1.06637,-8.80164
3666,1.1,-4.02174
3667,1.06354,-9.16481
3668,1.07115,-8.51037
3669,1.03472,-9.22205
3670,1.03514,-7.33213
3671,1.07111,-9.03636
3672,1.07145,-9.01993
3673,1.01081,-14.0735
3674,1.0401,-13.8206
3675,1.02198,-12.9306
3676,1.0216,-13.8116
3677,1.02142,-13.8116
3678,1.02692,-14.5914
3679,1.00195,-10.218
3680,0.997151,-14.5656
3681,1.001,-10.2222
3682,1.05306,-15.1632
3683,1.07734,-10.7275
3684,1.07432,-15.1912
3685,1.05693,-7.22769
3686,1.06786,-7.34486
3687,1.1,6.91753
3688,1.1,6.91753
3689,1.06786,-7.34486
3690,1.05668,-7.1159
3691,1.1,7.03136
3692,1.06845,-7.23767
3693,1.1,7.03136
3694,1.1,7.03136
3695,1.1,-7.26876
3696,1.07092,1.86716
3697,1.04647,-7.22769
3698,1.02063,-12.3651
3699,1.02401,-17.6666
3700,1.03072,-13.7559
3701,1.03545,-14.0493
3702,1.0447,-14.6341
3703,1.04557,-14.0431
3704,1.04067,-13.8092
3705,1.05246,-12.0408
3706,1.04197,-13.0449
3707,1.03731,-14.1428
3708,1.04029,-14.1229
3709,1.03414,-13.0978
3710,1.02705,-13.6932
3711,1.04133,-16.9998
3712,1.04305,-16.8116
3713,1.04728,-16.0635
3714,1.04876,-14.8259
3715,1.04962,-14.932
3716,1.03913,-21.5943
3717,1.04383,-18.1097
3718,1.04323,-14.0936
3719,1.04874,-14.8278
3720,1.04873,-14.8278
3721,1.04848,-15.2335
3722,1.04172,-15.3361
3723,1.05648,-7.35479
3724,1.05657,-7.21811
3725,1.05632,-7.21129
3726,1.0207,-12.4003
3727,1.02542,-13.0884
3728,1.0255,-13.0983
3729,1.05178,-15.335
3730,1.05244,-15.3219
3731,1.03191,-19.5712
3732,1.0404,-18.5457
3733,1.02868,-22.7556
3734,1.05371,-15.2332
3735,1.00507,-18.6082
3736,1.00295,-19.781
3737,1.00603,-19.1128
3738,1.01867,-15.0051
3739,1.03919,-18.6509
3740,0.998311,-14.7599
3741,1.05467,-7.808
3742,1.02591,-20.8095
3743,1.0259,-20.8058
3744,1.03371,-14.9932
3745,1.03391,-18.842
3746,1.01403,-17.3336
3747,1.0183,-20.5619
3748,1.06992,-2.93822
3749,1.06397,-11.8439
3750,1.064,-11.8226
3751,1.06163,-11.962
3752,1.06165,-11.9659
3753,1.0741,-11.4955
3754,1.06302,-12.0231
3755,1.06296,-12.0162
3756,1.0648,-12.0421
3757,1.0526,-11.6353
3758,1.05501,-10.33
3759,1.05711,-9.00532
3760,1.05707,-8.99164
3761,1.05401,-6.71417
3762,1.05406,-6.72852
3763,1.08098,-6.41498
3764,1.06467,-11.9553
3765,1.06474,-11.9493
3766,1.03222,-16.2027
3767,1.06361,-11.1729
3768,1.06512,-9.31514
3769,1.05661,-11.1696
3770,1.0566,-11.1922
3771,1.05186,-13.6369
3772,1.05949,-11.0126
3773,1.05954,-11.0166
3774,1.06492,-9.13739
3775,1.06494,-9.13877
3776,1.06554,-9.12868
3777,1.06548,-9.13836
3778,1.06097,-7.5379
3779,1.06092,-7.52095
3780,1.05461,-12.3238
3781,1.06499,-7.01233
3782,1.04419,-14.3457
3783,1.0777,-6.72075
3784,1.06472,-11.2773
3785,1.06457,-11.3158
3786,1.05188,-7.65346
3787,1.06588,-8.97314
3788,1.08041,-6.36609
3789,1.08352,-6.09719
3790,1.06544,-7.51755
3791,1.06552,-7.51291
3792,1.08415,-6.14341
3793,1.08992,-6.30342
3794,1.03968,-15.0548
3795,1.08618,-4.9378
3796,1.05257,-12.9429
3797,1.07837,-6.48023
3798,1.08927,-6.87391
3799,1.08926,-6.8737
3800,1.05816,-7.1039
3801,1.05821,-7.10153
3802,1.07852,-4.75161
3803,1.05502,-6.91757
3804,1.05506,-6.9191
3805,1.05891,-12.7512
3806,1.06344,-11.9188
3807,1.04504,-7.66864
3808,1.06443,-10.1879
3809,1.08948,-3.94804
3810,1.08947,-3.96036
3811,1.05594,-10.1195
3812,1.05599,-10.1302
3813,1.08339,-4.44706
3814,1.08335,-4.46751
3815,1.08044,-6.36481
3816,1.08354,-6.09639
3817,1.05891,-12.7512
3818,1.0845,-5.61591
3819,1.05908,-9.89422
3820,1.0591,-9.88907
3821,1.0803,-8.39188
3822,1.0803,-8.39188
3823,1.09766,-7.12205
3824,1.0979,-7.12577
3825,1.06933,-4.36815
3826,1.07844,-7.98162
3827,1.07844,-7.98162
3828,1.08094,-8.48461
3829,1.08095,-8.48497
3830,1.09521,-9.81109
3831,1.09828,-7.04745
3832,1.09617,-10.0663
3833,1.08946,-10.697
3834,1.08515,-8.8009
3835,1.09266,-10.2657
3836,1.09049,-10.5891
3837,1.09836,-7.03097
3838,1.09836,-7.03097
3839,1.06047,-10.0433
3840,1.1,-9.92902
3841,1.09976,-9.94208
3842,1.05944,-9.72358
3843,1.09459,-7.47269
3844,1.09235,-9.97936
3845,1.1,-7.04623
3846,1.1,-5.84424
3847,1.08993,-10.6255
3848,1.09817,-9.93456
3849,1.08868,-7.8067
3850,1.08182,-10.1856
3851,1.09893,-9.99382
3852,1.05022,-9.739
3853,1.09112,-7.62772
3854,1.09947,-9.71416
3855,1.09596,-9.96188
3856,1.07428,-10.241
3857,1.0842,-9.57612
3858,1.08396,-9.57656
3859,1.09053,-10.2229
3860,1.07855,-9.09987
3861,1.09495,-9.74354
3862,1.09506,-9.74119
3863,1.0452,-9.68845
3864,1.04524,-9.68599
3865,1.09878,-10.0049
3866,1.09989,-9.93383
3867,1.09861,-9.7658
3868,1.09024,-7.68133
3869,1.0943,-10.2331
3870,1.09065,-9.50413
3871,1.0992,-9.97594
3872,1.09486,-9.93685
3873,1.095,-10.1867
3874,1.04146,-10.1034
3875,1.08637,-8.99245
3876,1.09588,-6.64659
3877,1.07238,-9.33676
3878,1.08619,-9.00314
3879,1.09123,-10.2428
3880,1.09597,-9.75297
3881,1.09483,-8.75455
3882,1.0599,-8.81577
3883,1.07219,-7.34551
3884,1.07217,-7.34844
3885,1.04862,-7.25946
3886,1.04861,-7.25827
3887,1.0775,-5.72397
3888,1.0774,-5.69952
3889,1.03405,-7.58379
3890,1.03411,-7.58063
3891,1.04745,-7.00237
3892,1.04744,-7.00597
3893,1.04933,-8.05553
3894,1.0493,-8.0582
3895,1.04962,-8.02484
3896,1.04945,-8.03992
3897,1.04518,-7.97877
3898,1.04525,-7.98173
3899,1.05696,-11.1543
3900,1.07417,-9.38248
3901,1.06397,-10.5877
3902,1.06367,-10.5973
3903,1.06754,-9.60033
3904,1.03777,-9.3308
3905,1.07699,-9.36396
3906,1.07711,-9.63952
3907,1.07701,-9.63431
3908,1.06313,-10.3418
3909,1.07628,-8.64285
3910,1.0751,-8.60263
3911,1.06458,-7.73851
3912,1.0726,-7.32094
3913,1.07348,-9.07101
3914,1.0672,-11.6584
3915,1.06099,-12.6787
3916,1.07986,-9.22119
3917,1.06915,-9.82617
3918,1.07946,-9.85214
3919,1.06984,-9.78505
3920,1.08096,-9.15014
3921,1.08084,-9.15768
3922,1.07007,-9.77348
3923,1.06953,-9.79076
3924,1.06951,-9.79708
3925,1.07004,-9.77653
3926,1.07695,-9.39431
3927,1.06112,-13.218
3928,1.07798,-9.99305
3929,1.06657,-9.05383
3930,1.07783,-10.0026
3931,1.0611,-13.2201
3932,1.07659,-9.61617
3933,1.07637,-9.57775
3934,1.07468,-8.45892
3935,1.07364,-8.3346
3936,1.07291,-8.4534
3937,1.07687,-9.78858
3938,1.07843,-8.27391
3939,1.08472,-11.1132
3940,1.07157,-8.97297
3941,1.0864,-6.48736
3942,1.08631,-6.52167
3943,1.05925,-15.5648
3944,1.07491,-9.40435
3945,1.06893,-10.3921
3946,1.07842,-8.27474
3947,1.05924,-10.8123
3948,1.05672,-10.682
3949,1.06901,-10.4837
3950,1.05833,-10.807
3951,1.06499,-10.6321
3952,1.08206,-9.68089
3953,1.08202,-9.69264
3954,1.06901,-10.4033
3955,1.05754,-10.6768
3956,1.07152,-10.2732
3957,1.05739,-10.77
3958,1.06517,-9.37918
3959,1.06395,-9.6792
3960,1.07846,-9.93373
3961,1.06968,-8.46271
3962,1.06968,-8.4694
3963,1.06721,-10.5842
3964,1.07602,-7.15355
3965,1.06461,-9.48331
3966,1.05086,-8.56971
3967,1.06499,-10.3254
3968,1.0708,-10.7893
3969,1.06709,-8.77374
3970,1.06551,-9.30254
3971,1.06552,-10.336
3972,1.07167,-10.0563
3973,1.06524,-10.3452
3974,1.06556,-10.3328
3975,1.0469,-12.7674
3976,1.0733,-10.3128
3977,1.04692,-12.7666
3978,1.05721,-10.5482
3979,1.05724,-10.5655
3980,1.05704,-10.7984
3981,1.05712,-10.8107
3982,1.03648,-13.2691
3983,1.03655,-13.2541
3984,1.06481,-10.2994
3985,1.06476,-10.2986
3986,1.05982,-11.4472
3987,1.05997,-11.4246
3988,1.06495,-9.57408
3989,1.06499,-9.57164
3990,1.06151,-10.1951
3991,1.06223,-10.0404
3992,1.06223,-10.024
3993,1.05779,-10.9135
3994,1.05799,-10.9159
3995,1.06794,-10.1384
3996,1.06803,-10.1436
3997,1.0684,-9.27153
3998,1.06853,-9.26393
3999,1.05674,-10.6448
4000,1.05674,-10.6397
4001,1.03006,-13.6176
4002,1.05777,-10.1558
4003,1.05778,-10.1635
4004,1.06638,-9.84228
4005,1.07014,-9.91375
4006,1.08756,-11.05
4007,1.08742,-11.0509
4008,1.05382,-11.4066
4009,1.05382,-11.4044
4010,1.06367,-10.1262
4011,1.0636,-10.1307
4012,1.05753,-10.2765
4013,1.05747,-10.2922
4014,1.05443,-11.4211
4015,1.05439,-11.422
4016,1.05435,-11.2192
4017,1.05433,-11.2236
4018,1.06641,-9.67179
4019,1.06644,-9.67737
4020,1.09224,-11.013
4021,1.06958,-10.1681
4022,1.06967,-10.1733
4023,1.0711,-9.39189
4024,1.07117,-9.40187
4025,1.06815,-9.32568
4026,1.06817,-9.31654
4027,1.05298,-11.4074
4028,1.05299,-11.4076
4029,1.05765,-10.9498
4030,1.0709,-10.2198
4031,1.07101,-10.2216
4032,1.06673,-9.97213
4033,1.06681,-9.97936
4034,1.0625,-9.75477
4035,1.0625,-9.75542
4036,1.07068,-10.2511
4037,1.07056,-10.2486
4038,1.07115,-8.32115
4039,1.07118,-8.33504
4040,1.07396,-8.50845
4041,1.07399,-8.49657
4042,1.06804,-10.0415
4043,1.06174,-10.1876
4044,1.06174,-10.1977
4045,1.05726,-10.2963
4046,1.05708,-10.3172
4047,1.05971,-11.2463
4048,1.05976,-11.2432
4049,1.07167,-10.0563
4050,1.06557,-10.3331
4051,1.0693,-10.0572
4052,1.06936,-10.0657
4053,1.07419,-10.247
4054,1.07364,-10.277
4055,1.07033,-10.312
4056,1.07041,-10.3098
4057,1.06132,-10.2121
4058,1.06132,-10.2124
4059,1.03031,-13.6049
4060,1.04303,-6.50373
4061,1.03414,-9.58625
4062,1.04459,-9.58625
4063,1.02574,-9.38774
4064,0.989531,-9.24076
4065,1.00871,-2.84402
4066,0.98729,2.61098
4067,1.0067,-3.3578
4068,0.985161,2.12017
4069,1.03662,-9.87345
4070,0.9,-7.11281
4071,0.929648,-9.66891
4072,1.03901,-9.87345
4073,1.06499,-6.62899
4074,1.03412,-9.58575
4075,1.04457,-9.58575
4076,1.04359,-8.6637
4077,1.04359,-8.6637
4078,1.08311,2.16145
4079,1.03781,-9.15693
4080,1.02174,-10.4226
4081,1.01454,-10.4226
4082,1.02205,-10.4226
4083,1.03377,-9.33227
4084,1.03396,-9.33438
4085,1.03232,-8.65984
4086,1.03275,-8.70479
4087,1.04495,-10.5688
4088,1.04449,-9.73818
4089,1.0341,-9.58811
4090,1.0341,-9.58524
4091,1.02396,-11.1322
4092,1.04415,-10.6781
4093,1.03614,-6.38056
4094,1.03668,-9.87325
4095,1.02372,-9.97529
4096,1.04095,-8.91871
4097,1.03423,-6.90823
4098,1.04447,-9.72979
4099,1.0465,-11.2209
4100,1.02174,-10.4226
4101,1.03807,-5.87319
4102,1.0452,-4.98607
4103,1.03378,-6.93514
4104,1.02311,-9.55313
4105,1.01719,-11.9222
4106,1.02396,-11.1324
4107,1.04095,-8.91871
4108,1.06369,-0.477322
4109,1.04309,-6.97381
4110,1.01919,-10.5365
4111,1.07619,-10.8039
4112,1.07643,-10.7893
4113,1.09035,-15.0144
4114,1.02007,-6.96077
4115,1.02011,-6.94976
4116,1.00945,-10.1274
4117,1.02395,-11.1977
4118,1.02371,-11.1921
4119,1.01093,-15.6012
4120,1.02932,-6.19492
4121,1.02938,-6.18531
4122,1.00767,-11.2423
4123,1.03465,-13.3325
4124,1.01636,-13.9891
4125,1.00782,-2.85553
4126,1.00779,-2.85659
4127,0.993419,-3.62939
4128,1.00777,-11.2428
4129,1.05978,-6.60359
4130,1.0678,-5.04223
4131,1.06784,-5.06699
4132,1.06782,-5.03125
4133,1.0305,-4.73412
4134,1.03049,-4.73224
4135,1.02666,-6.25512
4136,1.03806,-6.41316
4137,1.03848,-4.85139
4138,1.03852,-4.84966
4139,1.05027,-3.26699
4140,1.06209,-6.24925
4141,1.0621,-6.24998
4142,1.06126,-4.37022
4143,1.06124,-4.38946
4144,1.07888,-2.95774
4145,0.99334,-2.68831
4146,0.99334,-2.68831
4147,1.08941,-12.3382
4148,1.09525,-15.0086
4149,0.998672,-10.114
4150,1.07164,-12.8803
4151,1.08587,-14.755
4152,1.0094,-15.5005
4153,1.1,-13.8185
4154,1.09838,-14.0328
4155,0.982346,-3.62024
4156,1.08631,-12.6025
4157,1.08793,-8.65594
4158,1.08883,-11.4786
4159,1.07885,-10.9254
4160,1.07894,-10.8984
4161,1.07373,-13.1957
4162,1.0804,-12.301
4163,1.07057,-13.3468
4164,1.07863,-11.1729
4165,1.09626,-7.74326
4166,1.07239,-13.576
4167,1.09626,-7.74326
4168,1.0956,-7.75471
4169,1.07377,-12.4101
4170,1.07252,-12.7918
4171,1.07574,-11.4392
4172,1.07865,-10.9862
4173,1.07865,-10.9953
4174,1.07927,-11.0946
4175,1.07924,-11.0923
4176,1.07952,-11.0792
4177,1.07852,-11.2532
4178,1.08102,-11.0157
4179,1.08091,-11.0594
4180,1.0991,-3.53435
4181,1.07703,-11.4136
4182,1.08001,-10.8129
4183,1.07505,-11.591
4184,1.07992,-11.0536
4185,1.07992,-11.0489
4186,1.07942,-10.8595
4187,1.07914,-11.0885
4188,1.07269,-10.9579
4189,1.07176,-10.7417
4190,1.08196,-7.087
4191,1.08196,-7.08699
4192,1.06635,-11.2867
4193,1.08167,-12.0039
4194,1.08557,-8.36111
4195,1.07672,-11.6575
4196,1.07626,-11.7418
4197,1.07108,-13.3266
4198,1.08457,-11.6354
4199,1.09034,-6.33643
4200,1.08937,-6.8496
4201,1.07657,-11.0569
4202,1.02276,-13.0662
4203,1.04338,-13.4772
4204,1.08743,-1.22363
4205,1.05789,-13.5043
4206,1.06643,-7.31232
4207,1.06374,-9.55025
4208,1.0665,-9.54388
4209,1.0801,-1.25397
4210,1.0801,-1.25397
4211,1.0665,-9.54388
4212,1.0665,-9.54388
4213,1.05321,-9.55025
4214,1.02808,-12.4467
4215,1.0179,-12.4467
4216,1.01809,-12.0609
4217,1.0179,-12.4467
4218,1.02613,-12.8814
4219,1.03298,-7.32621
4220,1.03266,-9.0715
4221,1.05614,-16.4863
4222,1.083,-16.5585
4223,1.09446,-16.5585
4224,1.01843,-12.7467
4225,1.01184,-6.35951
4226,1.01576,-14.6183
4227,0.990532,-12.8652
4228,1.01645,-14.1455
4229,0.996916,-7.71339
4230,1.00679,-8.71304
4231,1.05961,-8.74525
4232,1.1,7.53894
4233,1.08972,-0.606894
4234,1.00794,-14.9512
4235,1.02024,-11.658
4236,1.00985,-13.878
4237,1.02115,-7.15776
4238,0.995305,-15.7695
4239,0.950923,-9.58164
4240,0.991392,-16.4289
4241,0.902378,-16.3539
4242,1.02837,-13.8619
4243,1.02163,-9.17159
4244,1.02179,-9.10543
4245,1.02132,-9.28308
4246,1.01721,-13.8613
4247,1.03102,-19.8742
4248,0.996478,-13.3888
4249,0.985438,-19.8225
4250,1.04435,-20.1125
4251,1.04794,-14.9659
4252,1.05101,-15.7712
4253,1.03335,-21.2987
4254,0.985941,-16.5754
4255,1.01289,-15.5724
4256,1.02336,-20.2335
4257,0.986943,-14.1827
4258,0.987307,-14.2741
4259,1.06289,-8.66033
4260,1.07436,-8.66598
4261,1.09115,0.207317
4262,1.08962,-0.06881
4263,1.08762,-0.260453
4264,1.04315,-13.0257
4265,1.04412,-4.87727
4266,1.04403,-4.86562
4267,1.07704,-13.0556
4268,1.04387,-4.84229
4269,1.0367,-12.7266
4270,1.06626,-4.46181
4271,1.06709,-4.19175
4272,1.0672,-4.15806
4273,1.06321,-13.381
4274,1.0759,-6.84225
4275,1.1,-13.4409
4276,1.04196,-12.2347
4277,1.07464,-5.64581
4278,1.05442,-12.3612
4279,1.07464,-5.64581
4280,1.04777,-12.0492
4281,1.03439,-13.4561
4282,1.06287,-9.78339
4283,1.02344,-16.7699
4284,1.02293,-15.5392
4285,1.02856,-14.1211
4286,1.02849,-14.12
4287,1.03077,-18.0639
4288,1.03105,-17.9958
4289,1.04417,-13.9234
4290,1.05717,-11.3983
4291,1.04271,-14.7424
4292,1.04396,-13.7395
4293,1.06073,-10.9331
4294,1.05999,-11.0758
4295,1.03076,-18.0657
4296,1.03638,-12.8236
4297,1.03704,-19.4473
4298,1.03682,-15.7761
4299,1.03654,-15.5543
4300,1.03069,-17.9393
4301,1.02702,-18.4353
4302,1.05444,-18.219
4303,1.05494,-18.1743
4304,1.05665,-17.8838
4305,1.02474,-14.9394
4306,1.02472,-14.943
4307,1.02445,-14.9805
4308,1.02443,-14.9841
4309,1.03901,-13.2264
4310,1.04008,-13.3422
4311,1.05188,-11.1049
4312,1.02901,-15.6667
4313,1.02753,-16.3501
4314,1.02915,-15.5956
4315,1.02527,-13.5856
4316,1.02556,-12.8798
4317,1.02383,-13.1865
4318,1.05732,-17.2637
4319,1.05693,-17.1707
4320,1.02478,-13.3692
4321,1.04116,-18.8281
4322,1.0201,-17.2981
4323,1.05642,-16.2904
4324,1.03803,-20.0194
4325,1.03821,-21.5758
4326,1.04451,-20.022
4327,1.03831,-21.5398
4328,1.03796,-23.1365
4329,1.03845,-20.3707
4330,1.0338,-20.9825
4331,1.0378,-22.0508
4332,1.03103,-21.7018
4333,1.03149,-21.0769
4334,1.03157,-21.1362
4335,1.03671,-23.1147
4336,1.03367,-23.5592
4337,1.04158,-22.6815
4338,1.0424,-15.9365
4339,1.05998,-22.3657
4340,1.04323,-20.9981
4341,1.04226,-15.979
4342,1.03322,-19.0697
4343,1.05767,-22.8842
4344,1.08991,-20.4687
4345,1.00108,-17.6695
4346,1.00182,-17.8334
4347,0.994528,-16.8469
4348,0.996408,-17.1309
4349,1.01262,-14.6377
4350,1.01417,-13.783
4351,1.01938,-17.6408
4352,1.02189,-17.112
4353,1.02577,-21.2852
4354,1.0245,-21.6376
4355,1.01779,-17.6685
4356,1.05616,-9.50624
4357,1.05613,-9.50579
4358,1.02247,-20.985
4359,1.02138,-21.5027
4360,1.02385,-21.5632
4361,1.02402,-19.9192
4362,1.02028,-21.7061
4363,1.01692,-21.2171
4364,1.02558,-21.202
4365,1.01288,-16.3747
4366,1.0005,-17.0352
4367,1.01396,-16.6204
4368,1.00401,-17.4796
4369,1.01392,-16.6276
4370,1.01288,-16.3758
4371,1.0165,-14.7624
4372,1.01301,-18.497
4373,1.01285,-18.1158
4374,1.01846,-12.7618
4375,1.01968,-12.8806
4376,1.01993,-14.7218
4377,1.01953,-14.0338
4378,1.01694,-17.5212
4379,1.01646,-14.1521
4380,1.01776,-14.5545
4381,1.05272,-16.574
4382,1.01973,-13.6223
4383,1.04671,-25.403
4384,1.0487,-25.9236
4385,1.04622,-25.9308
4386,1.04403,-25.3181
4387,1.04347,-26.022
4388,1.04051,-25.8932
4389,1.04223,-26.9866
4390,1.04203,-27.0413
4391,1.05066,-25.8431
4392,1.04963,-25.9287
4393,1.04316,-23.7428
4394,1.04317,-25.0895
4395,1.04012,-26.2357
4396,1.03905,-27.1968
4397,1.03827,-26.71
4398,1.03851,-27.047
4399,1.03605,-25.0507
4400,1.04148,-26.5408
4401,1.04214,-26.635
4402,1.04606,-22.1912
4403,1.02921,-17.8746
4404,1.02882,-18.0502
4405,1.03188,-17.4576
4406,1.01087,-15.797
4407,1.04761,-17.2679
4408,1.03695,-28.5922
4409,1.03152,-14.8629
4410,1.03773,-13.8616
4411,0.991555,-19.8843
4412,0.995601,-18.8299
4413,0.984712,-22.1276
4414,0.98366,-22.3364
4415,0.981344,-21.2789
4416,0.976457,-21.38
4417,0.990695,-23.0175
4418,1.01325,-22.0742
4419,1.02888,-14.4321
4420,1.01328,-20.411
4421,1.04413,-13.5425
4422,1.03156,-16.9507
4423,1.05183,-9.78301
4424,1.04082,-11.0268
4425,1.0341,-21.637
4426,1.01913,-28.6997
4427,1.02173,-28.6846
4428,1.0188,-27.4284
4429,1.0109,-21.8995
4430,1.01892,-29.7682
4431,1.01625,-27.1046
4432,1.02131,-21.5038
4433,1.01354,-25.0941
4434,1.00802,-22.9364
4435,1.01962,-23.3199
4436,0.981399,-16.3433
4437,1.00862,-15.0211
4438,0.989379,-21.3785
4439,0.998507,-21.1194
4440,1.0049,-14.6143
4441,1.0083,-21.6641
4442,1.00716,-22.8302
4443,1.00533,-22.5966
4444,0.99941,-23.8037
4445,1.00198,-23.2618
4446,0.997871,-19.6334
4447,1.00091,-18.4555
4448,1.02273,-29.7773
4449,1.03688,-20.115
4450,1.02446,-30.8057
4451,1.02312,-25.9635
4452,1.04103,-31.751
4453,1.0387,-32.4503
4454,1.0381,-29.4101
4455,1.03786,-29.5795
4456,1.1,-31.2986
4457,1.0468,-25.8504
4458,1.02897,-25.5548
4459,1.02568,-27.8105
4460,1.03985,-27.5312
4461,1.03141,-29.3176
4462,1.02122,-25.1343
4463,1.02249,-24.693
4464,1.03818,-32.9955
4465,1.03624,-27.2049
4466,1.04965,-29.3137
4467,1.04915,-29.717
4468,1.04227,-29.46
4469,1.0393,-26.9961
4470,1.04123,-28.9058
4471,1.0328,-30.3371
4472,1.03212,-25.0571
4473,1.01329,-24.9828
4474,1.09044,-25.7265
4475,1.03834,-28.5621
4476,1.03695,-28.9991
4477,1.02857,-25.0467
4478,1.03576,-27.6883
4479,1.04051,-25.8932
4480,1.02069,-24.4763
4481,1.02301,-23.3608
4482,1.04492,-18.8542
4483,1.01995,-15.8714
4484,1.0169,-24.5658
4485,1.03831,-21.5398
4486,1.0338,-20.9825
4487,1.0338,-20.9825
4488,1.04317,-25.0895
4489,0.983246,-21.2676
4490,0.987077,-21.6076
4491,0.993873,-19.4756
4492,1.02494,-19.8784
4493,1.052,-8.66008
4494,1.01719,-12.5596
4495,1.03676,-22.7121
4496,1.01315,-15.0048
4497,1.01315,-15.0074
4498,1.03407,-28.2217
4499,1.03758,-22.2828
4500,1.03121,-22.3051
4501,1.00932,-13.6221
4502,1.03241,-21.2811
4503,1.02097,-24.5083
4504,1.03178,-24.1707
4505,1.034,-17.823
4506,1.02905,-17.6289
4507,1.00093,-21.1524
4508,1.02303,-17.1431
4509,1.02961,-25.2514
4510,1.03605,-25.0507
4511,1.03827,-26.71
4512,1.03671,-23.1147
4513,1.00719,-22.5262
4514,1.00783,-22.7367
4515,0.991531,-21.5977
4516,0.999753,-21.3505
4517,1.0064,-22.3379
4518,1.00737,-22.5653
4519,1.00467,-22.0339
4520,0.990522,-21.4868
4521,0.990522,-21.4868
4522,0.99052,-21.4868
4523,0.990963,-21.5341
4524,1.0071,-22.4985
4525,1.0071,-22.4985
4526,1.007,-22.4708
4527,0.999359,-21.2467
4528,1.00368,-21.871
4529,1.00368,-21.871
4530,1.00783,-22.7367
4531,1.00743,-22.5804
4532,1.00737,-22.5653
4533,1.00737,-22.5653
4534,0.990963,-21.5341
4535,0.999359,-21.2467
4536,1.00743,-22.5804
4537,1.00743,-22.5804
4538,0.991531,-21.5977
4539,0.999753,-21.3505
4540,1.00467,-22.0339
4541,1.01706,-12.5635
4542,1.01536,-12.6418
4543,1.01925,-11.3144
4544,1.01963,-12.1062
4545,1.01621,-12.6026
4546,1.039,-24.4365
4547,1.06985,-20.5952
4548,1.06002,-24.494
4549,1.06985,-20.5952
4550,1.06985,-20.5952
4551,1.0774,-18.4677
4552,1.02575,-17.5615
4553,1.04222,-12.287
4554,1.04224,-12.3013
4555,1.05048,-9.55672
4556,0.993458,-8.61068
4557,1.05619,-9.24075
4558,1.05596,-9.25575
4559,1.05488,-8.69725
4560,1.05498,-8.67946
4561,1.08529,-5.6008
4562,1.08543,-5.59253
4563,1.06201,-7.21052
4564,1.0683,-5.0123
4565,1.05715,-7.32852
4566,1.0571,-7.33264
4567,1.07868,-6.15094
4568,1.0572,-5.41945
4569,1.05712,-5.40585
4570,1.05766,-9.13885
4571,1.05763,-9.1325
4572,1.06091,-5.87144
4573,1.02798,-5.4147
4574,1.06693,-6.44566
4575,1.06688,-6.45358
4576,1.05628,-9.22281
4577,1.05631,-9.22534
4578,1.05991,-7.33955
4579,1.05993,-7.34356
4580,1.0233,-9.61684
4581,1.05308,-7.6095
4582,1.05314,-7.60629
4583,1.06363,-6.81788
4584,1.06357,-6.83555
4585,1.03392,-8.48769
4586,1.03399,-8.49371
4587,1.01586,-9.90607
4588,1.01588,-9.90169
4589,1.07311,-5.52695
4590,1.08536,-5.60135
4591,1.08551,-5.59309
4592,1.07857,-13.533
4593,1.06399,-13.9591
4594,1.09596,-11.6916
4595,1.08325,-10.126
4596,1.08331,-10.1271
4597,1.06919,-10.6656
4598,1.0694,-10.6583
4599,1.08485,-10.5864
4600,1.0694,-10.6583
4601,1.0635,-12.3321
4602,1.08002,-12.9661
4603,1.07996,-12.9713
4604,1.08012,-12.9989
4605,1.08099,-12.9369
4606,1.08094,-12.9426
4607,1.08014,-13.1744
4608,1.08276,-12.8322
4609,1.08136,-12.942
4610,1.08127,-12.9348
4611,1.08113,-12.9367
4612,1.08233,-12.8701
4613,1.0796,-13.2173
4614,1.08314,-12.8132
4615,1.08016,-13.1779
4616,1.07999,-13.1272
4617,1.08003,-13.1355
4618,1.08077,-12.9084
4619,1.08074,-13.0303
4620,1.08077,-12.9083
4621,1.08075,-13.0299
4622,1.06342,-11.0473
4623,1.09452,-11.4339
4624,1.09234,-9.94325
4625,1.07039,-11.1408
4626,1.07268,-10.4153
4627,1.07662,-12.6356
4628,1.07663,-12.6408
4629,1.07979,-11.0848
4630,1.07728,-10.7275
4631,1.07737,-10.7433
4632,1.0773,-13.5504
4633,1.08314,-10.5343
4634,1.0834,-10.5298
4635,1.08112,-12.9281
4636,1.08121,-12.934
4637,1.09563,-11.4481
4638,1.09583,-11.448
4639,1.06596,-11.0449
4640,1.08305,-10.5399
4641,1.08334,-10.5343
4642,1.07322,-10.3714
4643,1.0741,-10.1175
4644,1.07462,-10.0845
4645,1.09423,-11.455
4646,1.09421,-11.4575
4647,1.08005,-10.6883
4648,1.0801,-10.6854
4649,1.07911,-13.296
4650,1.0791,-13.292
4651,1.07032,-11.3374
4652,1.0789,-9.36513
4653,1.07829,-12.4216
4654,1.06961,-13.5763
4655,1.06954,-13.5886
4656,1.08314,-12.8132
4657,1.08041,-13.16
4658,1.08324,-10.1296
4659,1.08255,-10.4919
4660,1.08344,-10.6528
4661,1.08361,-10.6746
4662,1.08354,-10.5545
4663,1.08359,-10.5561
4664,1.05854,-9.30758
