bus_id,Vm,Va_deg
50310,1.1,5.61714
50311,1.09958,4.60646
50312,1.1,5.79636
50313,1.1,10.354
50314,1.1,10.3365
50315,1.1,-4.7936
50316,1.1,11.6223
50317,1.1,6.15177
50318,1.1,6.79767
50319,1.1,5.87244
50320,1.1,-8.49011e-14
50321,1.1,-3.62489
50322,1.1,4.5985
50323,1.1,10.1052
50324,1.1,6.78574
50325,1.1,34.0515
50326,1.1,7.97388
50327,1.1,10.9147
50328,1.1,3.86526
50329,1.09693,1.72948
50330,1.0944,-5.33492
50331,1.1,8.02139
50332,1.08605,1.20771
50333,1.1,8.01245
50334,1.1,5.09973
50335,1.09713,-2.80443
50336,1.08772,-3.35163
50337,1.1,35.2008
50338,1.08153,-4.69377
50339,1.1,-9.96053
50340,1.09053,5.11681
50341,1.09507,-1.13994
50342,1.1,-14.837
50343,1.09634,12.9738
50344,1.1,6.44069
50345,1.09603,22.4723
50346,1.09919,3.83081
50347,1.1,2.44506
50348,1.1,7.51264
50349,1.0917,13.1028
50350,1.1,-3.98805
50351,1.08969,1.9918
50352,1.09184,12.0905
50353,1.07766,-5.96152
50354,1.0895,11.5055
50355,1.09935,-5.08818
50356,1.09656,13.4886
50357,1.1,-0.931893
50358,1.0987,-9.21586
50359,1.09644,-9.85452
50360,1.08607,-6.67524
50361,1.09984,0.00695408
50362,1.09004,9.15991
50363,1.08692,10.0211
50364,1.09679,11.3656
50365,1.1,-4.38348
50366,1.1,-5.33352
50367,1.1,-1.55786
50368,1.09524,3.01935
50369,1.093,14.4776
50370,1.1,6.5186
50371,1.1,5.84283
50372,1.09981,-4.52169
50373,1.1,-5.34095
50374,1.1,-6.1232
50375,1.1,7.61604
50376,1.1,4.83175
50377,1.09668,-4.94955
50378,1.1,1.27456
50379,1.1,9.6079
50380,1.1,10.6753
50381,1.09694,-4.68947
50382,1.08953,-1.82215
50383,1.1,23.882
50384,1.07683,-8.90735
50385,1.1,-4.79031
50386,1.09218,2.04009
50387,1.1,9.17939
50388,1.09725,-15.7482
50389,1.06996,10.9502
50390,1.1,8.16744
50391,1.08081,-4.45975
50392,1.1,5.43069
50393,1.09656,19.582
50394,1.08057,-17.8993
50395,1.1,7.74088
50396,1.1,7.36986
50397,1.08947,11.3537
50398,1.1,-4.36933
50399,1.1,9.89868
50400,1.1,3.13657
50401,1.09984,10.8771
50402,1.08483,20.512
50403,1.1,-3.03619
50404,1.09079,11.5319
50405,1.09684,1.69927
50406,1.1,-4.16654
50407,1.1,3.9197
50408,1.1,-4.38652
50409,1.09458,8.30251
50410,1.08026,-8.9078
50411,1.09854,30.5954
50412,1.1,20.5086
50413,1.1,3.03693
50414,1.07454,1.03676
50415,1.09808,13.185
50416,1.1,26.8128
50417,1.09861,4.7598
50418,1.08646,2.07472
50419,1.1,-9.04515
50420,1.1,1.24504
50421,1.0979,10.9137
50422,1.1,5.84725
50423,1.08985,-4.49254
50424,1.09743,13.4264
50425,1.09627,-10.6801
50426,1.0967,17.0516
50427,1.09358,14.0633
50428,1.1,11.7536
50429,1.09327,-0.732523
50430,1.1,12.1959
50431,1.08959,11.3103
50432,1.07573,9.91449
50433,1.1,16.3438
50434,1.1,4.85383
50435,1.08822,33.2789
50436,1.1,11.7881
50437,1.09006,11.3377
50438,1.1,41.3249
50439,1.1,35.1862
50440,1.09695,-4.30302
50441,1.09476,11.2355
50442,1.09991,-4.17517
50443,1.09544,2.70554
50444,1.08897,0.341811
50445,1.09307,-4.57968
50446,1.09272,11.8464
50447,1.09884,14.0544
50448,1.08609,-1.80284
50449,1.1,-0.768748
50450,1.09629,12.7017
50451,1.09999,11.7757
50452,1.09939,15.5706
50453,1.08726,6.90707
50454,1.1,3.49826
50455,1.09496,-5.09888
50456,1.1,5.66638
50457,1.09144,-3.61827
50458,1.06411,-17.7288
50459,1.08304,-3.84573
50460,1.08661,-5.32757
50461,1.09959,-4.57153
50462,1.09999,20.0685
50463,1.08295,-2.55029
50464,1.09278,3.88328
50465,1.09165,-1.15006
50466,1.09102,-20.0458
50467,1.09529,12.8121
50468,1.07528,30.7414
50469,1.09662,40.3322
50470,1.1,2.41557
50471,1.08087,30.7091
50472,1.1,-4.16629
50473,1.0887,1.50974
50474,1.1,12.9703
50475,1.07772,-6.47343
50476,1.09083,4.87861
50477,1.07089,10.9646
50478,1.0949,14.8847
50479,1.09956,-4.54258
50480,1.09677,10.9739
50481,1.09481,4.3467
50482,1.0954,2.46994
50483,1.08986,15.6905
50484,1.05211,-7.97065
50485,1.1,8.1768
50486,1.09663,17.1305
50487,1.09482,3.62531
50488,1.09364,6.2869
50489,1.07769,11.6441
50490,1.09298,24.0575
50491,1.0931,-5.13223
50492,1.09999,12.1964
50493,1.0928,-2.96521
50494,1.07923,3.63849
50495,1.08293,-5.71089
50496,1.06835,0.355028
50497,1.08616,-2.86822
50498,1.06966,21.1559
50499,1.09958,4.19186
50500,1.08239,-6.63267
50501,1.06876,-23.281
50502,1.09338,32.5721
50503,1.09432,1.73007
50504,1.09168,32.8261
50505,1.1,32.7653
50506,1.04609,-8.31671
50507,1.0795,-7.45251
50508,1.08464,-3.84952
50509,1.08208,-8.6014
50510,1.08392,-6.50513
50511,1.08758,-4.9256
50512,1.08002,-8.84585
50513,1.1,3.50405
50514,1.09926,10.1688
50515,1.089,-5.19474
50516,1.07067,-0.228392
50517,1.09436,-4.16846
50518,1.08989,-5.03508
50519,1.09202,-4.54907
50520,1.1,9.94701
50521,1.0954,-4.31925
50522,1.08758,32.8332
50523,1.09792,12.445
50524,1.09374,-4.17324
50525,1.0516,28.234
50526,1.0546,-8.52687
50527,1.09727,11.8216
50528,1.08753,0.0607526
50529,1.09728,-0.776907
50530,1.05057,-20.7963
50531,1.08877,33.2402
50532,1.0954,-5.49174
50533,1.06686,-1.7473
50534,1.08579,-5.50638
50535,1.09417,-1.04439
50536,1.04417,2.9695
50537,1.08955,-5.85462
50538,1.09997,-4.42121
50539,1.09581,2.03465
50540,1.06147,-20.2521
50541,1.07955,20.648
50542,1.05867,20.6834
50543,1.1,6.44143
50544,1.08892,1.43119
50545,1.0898,1.56067
50546,1.08291,-5.75083
50547,1.08707,32.8378
50548,1.09523,-5.54191
50549,1.06723,-0.195645
53323,1.05061,1.91374
53324,1.06088,1.77883
53325,1.08534,3.39932
53326,1.04261,1.07765
53327,1.04742,1.26815
53328,1.04942,1.32004
53329,1.06008,2.22956
53330,1.04701,1.47354
53331,1.06397,2.52144
53332,1.04335,0.19094
53333,1.07234,2.7085
53334,1.08117,13.9691
53335,1.07173,13.4654
53336,1.06794,12.5764
53337,1.04817,10.997
53338,1.05158,0.0249604
53339,1.03777,-1.4518
53340,1.0447,-1.98716
53341,1.04965,-1.22738
53342,1.04796,-2.07345
53343,1.0474,-1.65391
53344,1.02889,-4.67243
53345,1.04456,-1.99681
53346,1.03078,-4.49195
53347,1.02814,-4.68335
53348,1.03344,-4.17685
53349,1.04517,-2.24508
53350,1.07668,1.76144
53351,1.03967,-2.75411
53352,1.04791,-1.64862
53353,1.0536,-2.72117
53354,1.05058,-2.28567
53355,1.072,-2.46182
53356,1.062,-5.08363
53357,1.07526,-4.03505
53358,1.06097,-5.08575
53359,1.08009,-4.60355
53360,1.03672,-2.05444
53361,1.04861,4.1604
53362,1.04062,3.7182
53363,1.0431,28.2193
53364,1.07345,2.24201
53365,1.05286,0.123645
53366,1.07214,3.28498
53367,1.0723,3.07452
53368,1.06786,3.42806
53369,1.07297,2.90161
53370,1.07478,0.699447
53371,1.08313,2.24786
53372,1.07737,0.0825002
53373,1.08061,0.660937
53374,1.08566,1.54105
53375,1.08349,1.67249
53376,1.06977,-0.684357
53377,1.0682,-1.21789
53378,1.06117,26.9846
53379,1.02905,-5.60253
53380,1.02669,-5.78845
53381,1.03526,-5.96716
53382,1.03375,-4.51195
53383,1.03811,-4.12765
53384,1.07351,2.36899
53385,1.06661,1.70641
53386,1.07969,3.1651
53387,1.08973,3.77613
53388,1.07773,3.1394
53389,1.08939,3.81136
53390,1.09201,3.77702
53391,1.09227,3.71099
53392,1.05842,1.65041
53393,1.05016,0.80885
53394,1.08063,6.84033
53395,1.04095,-4.42973
53396,1.06494,-5.75177
53397,1.037,-5.52956
53398,1.02133,-6.63271
53399,1.01973,-6.88423
53400,1.02045,-6.86474
53401,1.03071,-9.88394
53402,1.03646,-3.37412
53403,1.04065,-3.21782
53404,1.04935,-2.17561
53405,1.04608,-2.42538
53406,1.04522,-2.4834
53407,1.03749,-3.26149
53408,1.03953,-3.19394
53409,1.04434,-2.53989
53410,1.04132,-3.60297
53411,1.04451,-2.53832
53412,1.03959,-3.85067
53413,1.04097,-3.71281
53414,1.04061,-3.75297
53415,1.04205,-3.59185
53416,1.04555,-2.44756
53417,1.04528,-2.45164
53418,1.04217,-3.6315
53419,1.04109,-3.73692
53420,1.04153,-3.68412
53421,1.04081,-3.75933
53422,1.04369,-3.30441
53423,1.05127,-1.33872
53424,1.04218,-3.10896
53425,1.04011,-3.21749
53426,1.04092,-3.19688
53427,1.05446,-0.981487
53428,1.05344,-1.2542
53429,1.05769,-0.547831
53430,1.0529,-1.29862
53431,1.04344,-2.63197
53432,1.0539,-1.3459
53433,1.05337,-1.38952
53434,1.05307,-1.42093
53435,1.05242,-1.43742
53436,1.05393,-1.36404
53437,1.05446,-1.33244
53438,1.06039,-0.205269
53439,1.05288,-1.23242
53440,1.05957,-0.281197
53441,1.05932,-0.305238
53442,1.05996,-0.24553
53443,1.06114,-0.125908
53444,1.06101,-0.0581176
53445,1.05527,-1.22843
53446,1.05567,-1.14219
53447,1.06184,-0.0549623
53448,1.05497,-0.222051
53449,1.06053,0.0148341
53450,1.06042,-0.00171861
53451,1.07197,1.43328
53452,1.05636,-0.951285
53453,1.05392,-0.260035
53454,1.07578,2.15958
53455,1.05992,-0.0161765
53456,1.07591,2.20203
53457,1.06288,0.0800657
53458,1.05251,-1.42278
53459,1.07197,1.48417
53460,1.05232,-2.31008
53461,1.05363,-0.913369
53462,1.0575,-0.38088
53463,1.05618,-1.12899
53464,1.06201,0.474166
53465,1.06219,0.475852
53466,1.05205,-1.43602
53467,1.04705,1.09451
53468,1.05984,2.81455
53469,1.06008,2.72455
53470,1.04584,1.00207
53471,1.0543,2.13054
53472,1.05459,2.14744
53473,1.06163,2.95956
53474,1.06212,2.99481
53475,1.07523,4.5818
53476,1.049,1.29612
53477,1.05529,2.04666
53478,1.07524,4.55075
53479,1.04499,1.23755
53480,1.05002,1.5212
53481,1.04749,0.967162
53482,1.04738,1.03162
53483,1.04733,1.33513
53484,1.04543,1.15209
53485,1.04607,1.26835
53486,1.04451,1.0606
53487,1.04293,0.326786
53488,1.04529,0.754793
53489,1.04621,1.06387
53490,1.05627,2.28708
53491,1.04261,0.409645
53492,1.04128,0.249411
53493,1.04138,0.274628
53494,1.04197,0.332862
53495,1.04352,0.457679
53496,1.04454,0.638043
53497,1.04311,0.503581
53498,1.04454,0.690153
53499,1.04919,1.16129
53500,1.04481,1.12331
53501,1.04605,1.12259
53502,1.04735,1.32517
53503,1.06977,3.96669
53504,1.06119,3.37102
53505,1.07163,4.14918
53506,1.08765,6.42629
53507,1.06699,3.79894
53508,1.06795,3.86116
53509,1.05612,2.83257
53510,1.05528,2.91439
53511,1.05862,3.19048
53512,1.05895,3.19939
53513,1.06824,3.91433
53514,1.05789,2.82605
53515,1.05495,2.45441
53516,1.0529,2.21974
53517,1.0691,3.99577
53518,1.05453,2.3595
53519,1.05015,1.76059
53520,1.05006,1.50746
53521,1.04826,1.31855
53522,1.04713,1.09343
53523,1.04742,1.22753
53524,1.04594,0.8281
53525,1.04651,0.934665
53526,1.048,1.66168
53527,1.04738,1.65136
53528,1.04134,0.147851
53529,1.04255,0.193028
53530,1.04251,0.235976
53531,1.04064,0.225393
53532,1.04538,0.613352
53533,1.04515,0.592546
53534,1.0522,2.32433
53535,1.05716,2.32457
53536,1.06413,3.40148
53537,1.06805,3.71265
53538,1.07028,4.01462
53539,1.07307,4.39057
53540,1.06852,3.81695
53541,1.06767,3.75505
53542,1.06701,3.70767
53543,1.09042,6.83115
53544,1.0914,6.94933
53545,1.09194,7.03664
53546,1.07605,4.78468
53547,1.09251,7.1312
53548,1.09322,7.22569
53549,1.09511,7.46931
53550,1.04816,3.82702
53551,1.06555,3.98579
53552,1.06675,3.99423
53553,1.0614,3.48749
53554,1.06473,3.81135
53555,1.06267,3.60211
53556,1.06089,3.23799
53557,1.0536,2.98202
53558,1.05652,2.77406
53559,1.05635,3.01981
53560,1.05499,3.01116
53561,1.05596,3.01467
53562,1.0535,3.00536
53563,1.05578,3.091
53564,1.0579,3.23349
53565,1.05976,3.36905
53566,1.09074,6.61064
53567,1.05542,3.15565
53568,1.04735,2.80298
53569,1.06622,3.46007
53570,1.04959,1.24788
53571,1.06394,3.65627
53572,1.06532,3.6664
53573,1.07136,4.14312
53574,1.06561,3.69511
53575,1.07257,4.27801
53576,1.07347,4.30996
53577,1.07458,4.48619
53578,1.07528,4.57254
53579,1.06943,3.71093
53580,1.07636,4.70474
53581,1.07496,4.55531
53582,1.07782,4.91666
53583,1.07985,5.08922
53584,1.07865,4.98196
53585,1.07806,4.9276
53586,1.07213,4.57976
53587,1.08221,5.31053
53588,1.09286,6.89715
53589,1.0905,6.15952
53590,1.06257,2.95684
53591,1.05278,1.82881
53592,1.05279,2.01606
53593,1.06662,3.16417
53594,1.06759,3.22158
53595,1.07058,3.80109
53596,1.06225,2.9522
53597,1.07246,4.13883
53598,1.06624,3.06675
53599,1.07238,3.95136
53600,1.07029,3.54521
53601,1.07797,3.93871
53602,1.06666,3.18097
53603,1.07796,4.11823
53604,1.07429,4.10559
53605,1.06555,3.0577
53606,1.07664,4.3285
53607,1.07797,4.35122
53608,1.08274,5.12302
53609,1.06883,4.06247
53610,1.08074,4.83136
53611,1.08476,5.43557
53612,1.08881,6.03744
53613,1.06134,2.76092
53614,1.05307,1.84684
53615,1.06502,3.07534
53616,1.05894,2.57799
53617,1.05421,2.10351
53618,1.05214,2.00367
53619,1.05613,2.48099
53620,1.06277,2.61247
53621,1.05745,2.50497
53622,1.07024,3.38055
53623,1.07305,3.44729
53624,1.0748,3.19233
53625,1.07785,3.59099
53626,1.05624,2.36387
53627,1.07439,3.41558
53628,1.07286,3.34827
53629,1.07416,3.21262
53630,1.06437,2.76394
53631,1.06955,3.21207
53632,1.0644,2.69648
53633,1.07096,3.26504
53634,1.06395,2.62935
53635,1.06391,2.59029
53636,1.06772,2.67702
53637,1.05925,0.664806
53638,1.04769,-0.392099
53639,1.05759,2.52613
53640,1.06013,2.75039
53641,1.04679,-0.279047
53642,1.04789,1.24877
53643,1.04888,1.35025
53644,1.05459,2.08811
53645,1.06056,2.59325
53646,1.04568,1.02534
53647,1.04516,1.0053
53648,1.04656,1.11778
53649,1.04397,0.92108
53650,1.04459,0.944946
53651,1.05569,1.90785
53652,1.06009,2.50563
53653,1.05982,2.4411
53654,1.05309,1.868
53655,1.05779,2.25557
53656,1.05657,2.14164
53657,1.05585,2.08127
53658,1.0524,1.48946
53659,1.05976,2.18671
53660,1.05326,1.51871
53661,1.06093,2.36507
53662,1.04719,1.52496
53663,1.04984,0.31057
53664,1.07973,5.41306
53665,1.04876,1.55619
53666,1.04968,1.6005
53667,1.05655,1.45102
53668,1.05145,0.762305
53669,1.0529,1.14453
53670,1.0434,-0.291151
53671,1.04423,-0.259232
53672,1.04378,-0.268816
53673,1.04764,0.394742
53674,1.03741,-1.10212
53675,1.03887,-1.00105
53676,1.05407,0.931418
53677,1.04938,0.501296
53678,1.05222,0.747416
53679,1.04841,0.478521
53680,1.04938,0.254813
53681,1.04295,-0.423098
53682,1.04447,-0.383403
53683,1.04948,-1.30964
53684,1.0361,-1.17896
53685,1.03578,-1.11045
53686,1.03725,-1.07958
53687,1.03407,-1.48334
53688,1.03603,-1.29049
53689,1.04674,1.17784
53690,1.04644,1.15519
53691,1.04605,1.14155
53692,1.04608,1.13213
53693,1.05449,1.97118
53694,1.05584,2.07846
53695,1.04969,1.06698
53696,1.05081,1.19758
53697,1.05168,1.31413
53698,1.05376,1.90946
53699,1.04566,-0.0412045
53700,1.04982,1.09623
53701,1.04179,-0.303003
53702,1.04502,-0.144164
53703,1.053,1.85936
53704,1.05255,1.82763
53705,1.05261,1.83755
53706,1.04733,1.15488
53707,1.04189,-0.376043
53708,1.04206,-0.351388
53709,1.04271,-0.278774
53710,1.0407,-0.4744
53711,1.04033,-0.480936
53712,1.03909,-0.765884
53713,1.03963,-0.728841
53714,1.04081,-0.618077
53715,1.04957,0.808597
53716,1.04349,-0.289545
53717,1.04831,0.674537
53718,1.04339,-0.40158
53719,1.04368,-0.266568
53720,1.0496,0.804447
53721,1.05038,0.873247
53722,1.05304,1.13888
53723,1.04751,-0.0649071
53724,1.04008,-0.769095
53725,1.05059,0.90685
53726,1.05163,0.996667
53727,1.04027,-0.773194
53728,1.04094,-0.709309
53729,1.0422,-0.569546
53730,1.04228,-0.531786
53731,1.03833,-0.989978
53732,1.03831,-0.908459
53733,1.03908,-0.845935
53734,1.03848,-0.858182
53735,1.03845,-0.918981
53736,1.03797,-0.923833
53737,1.03758,-0.979151
53738,1.04541,-0.282013
53739,1.03705,-1.0533
53740,1.04384,-0.426366
53741,1.03851,-1.0039
53742,1.03716,-1.09478
53743,1.04013,-0.799707
53744,1.03921,-0.877454
53745,1.04802,0.649453
53746,1.04204,-0.547187
53747,1.04058,-0.71826
53748,1.04132,-0.413502
53749,1.04281,-0.349514
53750,1.04264,-0.329877
53751,1.04919,0.732853
53752,1.04266,-0.420871
53753,1.04237,-0.495801
53754,1.04971,0.776046
53755,1.0594,2.46657
53756,1.04178,-0.538732
53757,1.04143,-0.625048
53758,1.04146,-0.550857
53759,1.04238,-0.526695
53760,1.04006,-0.791408
53761,1.04117,-0.618283
53762,1.04141,-0.583539
53763,1.03754,-0.843838
53764,1.03891,-0.901729
53765,1.04154,-0.503947
53766,1.03994,-0.651633
53767,1.03999,-4.1309
53768,1.04202,-3.76535
53769,1.03929,-3.8901
53770,1.0344,-1.20033
53771,1.03604,-1.08523
53772,1.05602,2.32199
53773,1.04952,1.50854
53774,1.04825,1.41386
53775,1.04831,1.37946
53776,1.04894,1.42658
53777,1.05454,2.17036
53778,1.04711,1.27793
53779,1.04665,1.3085
53780,1.04773,1.28388
53781,1.04719,1.31355
53782,1.04754,1.2957
53783,1.04429,0.516977
53784,1.04612,0.929066
53785,1.048,1.21768
53786,1.0448,0.841518
53787,1.0466,1.30648
53788,1.04754,1.25248
53789,1.04319,0.470995
53790,1.04363,0.813121
53791,1.04352,0.479866
53792,1.04429,0.499951
53793,1.04832,0.957545
53794,1.04589,0.629552
53795,1.0387,-0.749771
53796,1.03676,-0.415524
53797,1.04101,-0.340148
53798,1.04054,-0.439018
53799,1.04159,-0.317855
53800,1.04201,-0.149317
53801,1.03751,-0.781263
53802,1.03774,-0.814343
53803,1.04146,-0.40307
53804,1.03781,-0.773676
53805,1.03874,-0.782069
53806,1.03848,-0.787411
53807,1.04026,-0.0639472
53808,1.03837,-0.315472
53809,1.0333,-0.636753
53810,1.03535,-0.56451
53811,1.03963,-0.695544
53812,1.03902,-0.104243
53813,1.03146,-0.750057
53814,1.03789,-0.16003
53815,1.04621,-0.00697285
53816,1.03791,-0.256375
53817,1.04588,0.0396208
53818,1.03183,-0.729307
53819,1.0373,-0.380055
53820,1.03712,-0.383048
53821,1.03712,-0.280315
53822,1.04856,1.3365
53823,1.05289,1.91809
53824,1.06396,3.15028
53825,1.07936,4.696
53826,1.0513,1.63
53827,1.08143,5.41478
53828,1.0592,2.55414
53829,1.06509,2.57461
53830,1.06565,3.42203
53831,1.03605,-1.08726
53832,1.0834,5.93312
53833,1.06791,-0.24689
53834,1.03929,-1.22627
53835,1.0955,20.1689
53836,1.07452,1.54712
53837,1.07113,1.09854
53838,1.07316,1.13826
53839,1.08203,1.82022
53840,1.06723,0.57459
53841,1.07984,1.28604
53842,1.06276,0.0366478
53843,1.00318,-2.21553
53844,1.02813,1.41121
53845,1.00589,-1.97081
53846,1.00644,-1.88233
53847,1.00427,-2.13716
53848,1.00745,-1.85978
53849,1.01093,-1.40508
53850,1.02584,1.32202
53851,1.01168,-1.34092
53852,1.02987,1.58097
53853,1.01078,-1.35843
53854,1.03902,3.84145
53855,1.0301,3.68911
53856,1.03279,3.9863
53857,1.04558,4.67232
53858,1.03993,3.85129
53859,1.0404,3.85929
53860,1.06039,6.25123
53861,1.0314,-9.64594
53862,1.04859,-6.93905
53863,1.04897,-6.96136
53864,1.04861,-7.02332
53865,1.04837,-6.84971
53866,1.04058,-7.08466
53867,1.06327,-4.6875
53868,1.05718,-5.54745
53869,1.04547,-6.15996
53870,1.03828,-8.22115
53871,1.03717,-8.25737
53872,1.0505,-6.74471
53873,1.05361,-6.32125
53874,1.05916,-6.05661
53875,1.06164,-5.98704
53876,1.05304,-6.18617
53877,1.06,-6.08705
53878,1.05554,-5.97652
53879,1.05852,-5.4301
53880,1.07832,-4.39232
53881,1.08043,-4.21653
53882,1.08459,-3.67754
53883,1.0629,-4.68923
53884,1.07138,-3.42598
53885,1.09701,1.17643
53886,1.08328,-1.70223
53887,1.07861,-2.90845
53888,1.08167,-2.21379
53889,1.0799,-3.20192
53890,1.08592,-1.27859
53891,1.07716,-0.801077
53892,1.09611,1.80714
53893,1.09044,0.872901
53894,1.0877,-0.206238
53895,1.0924,-0.711327
53896,1.08532,-1.81236
53897,1.0893,-1.46962
53898,1.08989,-0.940944
53899,1.08989,-0.768006
53900,1.08987,-1.11509
53901,1.08199,-2.08922
53902,1.08087,-2.1517
53903,1.08795,-1.78386
53904,1.09002,-1.5334
53905,1.07945,-2.19669
53906,1.01329,-11.3694
53907,1.09355,-1.13794
53908,1.08395,-2.3483
53909,1.07976,-2.05438
53910,1.09009,0.556329
53911,1.09192,2.8098
53912,1.09263,2.78914
53913,1.09122,3.18528
53914,1.0804,0.759404
53915,1.08911,1.51341
53916,1.09106,2.56271
53917,1.08833,1.55987
53918,1.08877,1.56661
53919,1.08861,1.50313
53920,1.08858,1.44841
53921,1.08806,1.51625
53922,1.08793,1.48541
53923,1.08836,1.43188
53924,1.08733,1.38864
53925,1.07099,0.12541
53926,1.08621,1.39797
53927,1.07786,0.778033
53928,1.08576,1.36817
53929,1.08656,1.3701
53930,1.08549,1.34998
53931,1.08513,1.35391
53932,1.08525,1.34982
53933,1.07737,0.733806
53934,1.08544,1.3639
53935,1.078,0.850668
53936,1.08534,1.38003
53937,1.07824,0.832687
53938,1.07809,0.843013
53939,1.08695,1.43179
53940,1.08656,1.46154
53941,1.08756,1.59076
53942,1.08434,1.34029
53943,1.08418,1.33943
53944,1.07793,1.18737
53945,1.0929,2.03461
53946,1.09115,1.76654
53947,1.08946,1.51968
53948,1.08692,1.39259
53949,1.07481,0.714443
53950,1.07277,0.690213
53951,1.08587,1.35749
53952,1.07889,0.736046
53953,1.04972,-4.38511
53954,1.04568,-4.82909
53955,1.04355,-6.74461
53956,1.06461,24.1738
53957,1.0641,-14.098
53958,1.06396,-12.9615
53959,1.09333,6.81206
53960,1.0982,8.1045
53961,1.09266,6.31068
53962,1.0865,7.38519
53963,1.09492,7.12928
53964,1.09955,7.47868
53965,1.09953,7.39262
53966,1.09757,7.21935
53967,1.09816,7.24878
53968,1.1,7.42965
53969,1.09924,7.5629
53970,1.08888,6.70889
53971,1.08634,1.97725
53972,1.08422,2.40223
53973,1.08461,2.38803
53974,1.06635,0.76292
53975,1.08929,2.91183
53976,1.05938,-0.417124
53977,1.0642,0.137903
53978,1.06425,-0.297267
53979,1.06494,-0.153403
53980,1.08495,1.15236
53981,1.07264,0.492224
53982,1.07153,-0.120447
53983,1.06655,-0.502179
53984,1.03818,-0.185832
53985,1.03366,-0.285149
53986,1.03885,-0.167865
53987,1.03692,-0.285515
53988,1.03633,-0.304261
53989,1.04907,1.09701
53990,1.04591,0.539074
53991,1.0529,0.923549
53992,1.08916,1.45215
53993,1.09177,1.65467
53994,1.09591,2.5949
53995,1.09581,2.0347
53996,1.08317,-0.446603
53997,1.08969,9.27167
53998,1.08499,9.30986
53999,1.09276,8.47479
54000,1.04663,-24.0998
54001,1.05668,-19.4469
54002,1.05971,-19.3111
54003,1.05908,-19.1866
54004,1.03495,-21.3491
54005,1.05746,-19.4022
54006,1.03727,-21.5001
54007,1.0573,-19.4632
54008,1.03753,-21.4953
54009,1.037,-21.5094
54010,1.03772,-21.5013
54011,1.07847,-16.3434
54012,1.05781,-19.4839
54013,1.03727,-21.4794
54014,1.05856,-19.4603
54015,1.05961,-19.425
54016,1.06079,-19.3839
54017,1.06226,-19.3286
54018,1.0585,-19.5016
54019,1.0469,-20.7592
54020,1.04579,-20.8034
54021,1.06144,-19.5958
54022,1.05637,-19.7865
54023,1.05469,-19.8903
54024,1.05095,-19.9194
54025,1.05058,-19.9307
54026,1.04116,-20.368
54027,1.03518,-21.585
54028,1.04801,-20.191
54029,1.04606,-20.7976
54030,1.04112,-20.9064
54031,1.05325,-23.1658
54032,1.04594,-23.5856
54033,1.04368,-24.97
54034,1.043,-25.0445
54035,1.05551,-24.1536
54036,1.05283,-24.316
54037,1.05816,-24.5025
54038,1.06053,-21.4006
54039,1.0611,-22.2182
54040,1.05773,-24.1676
54041,1.05825,-23.9218
54042,1.05447,-23.4262
54043,1.05517,-25.5495
54044,1.05144,-25.5244
54045,1.05114,-25.5669
54046,1.05499,-25.549
54047,1.05341,-23.0861
54048,1.06132,-24.7835
54049,1.05916,-25.1877
54050,1.0576,-25.4058
54051,1.0581,-25.3848
54052,1.05893,-25.3278
54053,1.0559,-25.4999
54054,1.05685,-25.4703
54055,1.05673,-25.4912
54056,1.05538,-25.4482
54057,1.05407,-25.611
54058,1.05489,-25.5732
54059,1.05433,-25.5996
54060,1.05474,-25.5152
54061,1.05531,-25.577
54062,1.05324,-25.776
54063,1.05282,-25.7934
54064,1.05684,-25.5501
54065,1.05276,-25.8275
54066,1.05243,-25.8417
54067,1.05773,-25.4201
54068,1.05743,-25.4622
54069,1.05973,-25.2592
54070,1.0608,-24.8933
54071,1.06746,-23.2852
54072,1.05895,-25.3543
54073,1.05768,-25.4947
54074,1.05493,-25.6334
54075,1.05639,-25.5797
54076,1.05517,-25.6459
54077,1.05728,-25.5311
54078,1.06048,-25.1618
54079,1.05142,-26.0771
54080,1.04896,-26.2456
54081,1.05417,-25.6911
54082,1.05222,-25.4155
54083,1.05583,-25.4887
54084,1.06256,-19.1032
54085,1.05389,-25.7027
54086,1.09223,8.85565
54087,1.09298,8.7925
54088,1.09931,10.4133
54089,1.06932,30.1345
54090,1.07776,30.7386
54091,1.04652,4.12092
54092,1.05215,5.16357
54093,1.04249,3.90603
54094,1.04928,4.59812
54095,1.04319,5.00646
54096,1.06689,6.64103
54097,1.09963,10.4575
54098,1.06538,28.8505
54099,1.07753,30.064
54100,1.07102,28.7854
54101,1.0857,-5.92652
54102,1.09784,-5.1899
54103,1.06633,-6.82498
54104,1.08102,-6.15847
54105,1.08476,-6.06152
54106,1.08692,7.28268
54107,1.06565,3.94392
54108,1.05266,2.45384
54109,1.05505,3.13595
54110,1.06605,3.92402
54111,1.05891,3.94567
54112,1.05564,3.43476
54113,1.07099,3.58632
54114,1.04833,3.23789
54115,1.07324,4.11963
54116,1.06825,2.7665
54117,1.05982,1.34876
54118,1.0673,18.1187
54119,1.0679,18.01
54120,1.06247,0.149846
54121,1.06289,0.425636
54122,1.064,-0.121954
54123,1.07387,21.3352
54124,1.0708,6.46592
54125,1.08286,7.965
54126,1.09712,8.95642
54127,1.075,7.32641
54128,1.06495,7.17751
54129,1.06944,-4.9275
54130,1.06707,-5.81512
54131,1.06273,-6.65933
54132,1.06858,-6.12114
54133,1.05064,-9.02059
54134,1.05213,-8.97735
54135,1.05399,-8.17407
54136,1.05188,-8.94523
54137,1.05738,-7.64186
54138,1.05241,-8.48767
54139,1.05081,-9.75142
54140,1.04983,-10.212
54141,1.04877,-10.3506
54142,1.04778,-10.4954
54143,1.05186,-8.61974
54144,1.04718,-10.598
54145,1.04835,-10.4693
54146,1.05008,-10.1885
54147,1.05047,-10.172
54148,1.05141,-9.93863
54149,1.05055,-10.0903
54150,1.05131,-9.79976
54151,1.05196,-9.61286
54152,1.05293,-9.5654
54153,1.05586,-8.60666
54154,1.05322,-8.89076
54155,1.05298,-8.99356
54156,1.05271,-9.05705
54157,1.05329,-9.06571
54158,1.05131,-9.64199
54159,1.05047,-9.13198
54160,1.05114,-9.10687
54161,1.05059,-9.14624
54162,1.05075,-9.15546
54163,1.05138,-9.11727
54164,1.05162,-9.08703
54165,1.05181,-9.00458
54166,1.05269,-8.93102
54167,1.0539,-8.74798
54168,1.05289,-8.84468
54169,1.05181,-9.11007
54170,1.05222,-8.94559
54171,1.05145,-9.00223
54172,1.05441,-8.64713
54173,1.06111,-7.02382
54174,1.05874,-7.21454
54175,1.0545,-8.58045
54176,1.05981,-7.19019
54177,1.05754,-7.57773
54178,1.05565,-8.33962
54179,1.05724,-7.97227
54180,1.06401,-6.57933
54181,1.07845,-3.54629
54182,1.06519,-6.00238
54183,1.06904,-5.6769
54184,1.06251,-4.93463
54185,1.08266,-1.95858
54186,1.07757,-3.45829
54187,1.07234,-5.01777
54188,1.08146,-3.4564
54189,1.08156,-3.18143
54190,1.07143,-5.35372
54191,1.06803,-6.24527
54192,1.0694,-6.01536
54193,1.07015,-5.07337
54194,1.06667,-6.21304
54195,1.07164,-5.71612
54196,1.07265,-5.40586
54197,1.05875,-8.11036
54198,1.05974,-7.20904
54199,1.07633,-4.02318
54200,1.0745,-4.5315
54201,1.06771,-6.27185
54202,1.07411,-4.63776
54203,1.0689,-6.0941
54204,1.0742,-4.60947
54205,1.06341,-7.02997
54206,1.07382,-4.72994
54207,1.06102,-7.83785
54208,1.06402,-6.84336
54209,1.05776,-8.23018
54210,1.05264,-9.47909
54211,1.05504,-8.56738
54212,1.05253,-9.5934
54213,1.05647,-8.56039
54214,1.05589,-8.67167
54215,1.05389,-9.4338
54216,1.05326,-9.46606
54217,1.05416,-9.35198
54218,1.05456,-8.74139
54219,1.05654,-8.3593
54220,1.05567,-8.58091
54221,1.06127,-7.41921
54222,1.06188,-7.31945
54223,1.06335,-7.06645
54224,1.05584,-8.44859
54225,1.05607,-8.41475
54226,1.05873,-8.1774
54227,1.05409,-9.19015
54228,1.05535,-9.04117
54229,1.05908,-7.76971
54230,1.05312,-9.65972
54231,1.06005,-7.59296
54232,1.06042,-7.54992
54233,1.05435,-8.52332
54234,1.05556,-8.49242
54235,1.04837,-10.5847
54236,1.04903,-10.5013
54237,1.04903,-10.5432
54238,1.04968,-10.4881
54239,1.05682,-8.22359
54240,1.05055,-9.88031
54241,1.05096,-9.7469
54242,1.05052,-9.75564
54243,1.05043,-9.73717
54244,1.04858,-10.5312
54245,1.04908,-10.4297
54246,1.0495,-10.4115
54247,1.05055,-10.1697
54248,1.05082,-10.1602
54249,1.05077,-10.1586
54250,1.05799,-7.90782
54251,1.05111,-9.96882
54252,1.05087,-9.94684
54253,1.05031,-10.1564
54254,1.05075,-10.0086
54255,1.05112,-9.77313
54256,1.05224,-9.57375
54257,1.04909,-10.5984
54258,1.04888,-10.6196
54259,1.04963,-10.5748
54260,1.04928,-10.596
54261,1.05129,-9.65295
54262,1.05139,-9.64863
54263,1.05158,-9.64016
54264,1.05119,-9.64173
54265,1.05336,-9.47941
54266,1.05402,-9.42131
54267,1.06443,-6.81945
54268,1.05385,-9.0412
54269,1.05741,-8.29906
54270,1.05491,-8.9082
54271,1.05462,-9.33183
54272,1.06553,-6.69589
54273,1.05926,-8.15886
54274,1.06657,-6.5161
54275,1.0611,-7.31574
54276,1.06693,-6.4954
54277,1.06768,-6.31611
54278,1.07143,-5.70927
54279,1.05843,-8.18019
54280,1.0661,-6.45141
54281,1.01148,24.5205
54282,1.05098,-0.888229
54283,1.03011,-1.30279
54284,1.04352,-0.151254
54285,1.07008,1.91237
54286,1.03371,-0.889928
54287,1.07103,4.21449
54288,1.07754,4.46502
54289,1.0848,5.21785
54290,1.08374,5.15799
54291,1.08177,5.04949
54292,1.07025,4.20361
54293,1.07607,4.39856
54294,1.08228,5.07065
54295,1.07718,4.40569
54296,1.03728,-0.598013
54297,1.03186,-0.16762
54298,1.0409,0.0182349
54299,1.03486,0.146074
54300,1.04043,0.298798
54301,1.03435,-0.09877
54302,1.04709,0.716093
54303,1.03397,-0.246501
54304,1.03842,-0.0066319
54305,1.04166,-2.97036
54306,1.05332,1.66669
54307,1.0817,5.06409
54308,1.05895,1.68408
54309,1.09819,6.97209
54310,1.05481,1.50091
54311,1.1,6.24203
54312,1.08471,5.09068
54313,1.0831,4.74712
54314,1.0717,4.60644
54315,1.05893,0.295161
54316,1.03178,-9.16484
54317,1.03606,-7.20213
54318,1.03228,-8.3675
54319,1.03002,-9.65922
54320,1.02999,-9.66299
54321,1.02981,-9.87525
54322,1.03192,-9.49061
54323,1.02903,-9.88495
54324,1.05796,-0.592961
54325,1.06472,0.412148
54326,1.04794,-2.1838
54327,1.05838,-0.554808
54328,1.05987,-0.265507
54329,1.05906,-0.459457
54330,1.05607,-0.966808
54331,1.05494,-0.995708
54332,1.06343,0.128077
54333,1.05434,-1.00383
54334,1.05195,-1.19484
54335,1.0543,-1.07392
54336,1.0554,-0.925631
54337,1.05485,-1.02834
54338,1.05945,-0.187025
54339,1.05406,-1.08472
54340,1.0521,-1.19352
54341,1.05294,-1.17142
54342,1.06163,-0.132444
54343,1.07681,21.1543
54344,1.07855,5.80524
54345,1.09058,1.62984
54346,1.09243,25.009
54347,1.09038,23.6163
54348,1.08968,23.2071
54349,1.02172,-12.5714
54350,1.07996,30.1052
54351,1.068,29.9835
54352,1.0624,-7.06893
54353,1.05697,-8.01708
54354,1.05698,-8.01125
54355,1.06052,-7.24679
54356,1.06072,-7.16905
54357,1.05255,-8.36067
54358,1.0528,-8.34602
54359,1.07451,-4.25332
54360,1.05306,-8.33663
54361,1.05279,-8.32793
54362,1.05265,-8.34123
54363,1.05348,-8.3234
54364,1.05424,-8.29332
54365,1.06059,-7.21518
54366,1.06019,-7.27281
54367,1.06096,-7.19236
54368,1.05827,-7.71755
54369,1.06086,-7.21367
54370,1.06109,-7.19136
54371,1.06155,-7.14875
54372,1.06176,-7.13221
54373,1.0639,-6.93256
54374,1.06312,-7.01204
54375,1.0628,-7.0404
54376,1.06236,-7.07888
54377,1.06214,-7.09836
54378,1.06195,-7.11631
54379,1.05571,-8.15766
54380,1.06138,-7.16662
54381,1.0616,-7.148
54382,1.05486,-8.23811
54383,1.05353,-8.3094
54384,1.05467,-8.24581
54385,1.05369,-8.30529
54386,1.0541,-8.29717
54387,1.05233,-8.38449
54388,1.05162,-8.51469
54389,1.05209,-8.3975
54390,1.05468,-8.25632
54391,1.06277,-7.029
54392,1.06382,-6.91639
54393,1.06369,-6.91484
54394,1.06192,-7.21675
54395,1.05223,-8.3911
54396,1.05947,-7.4261
54397,1.06083,-7.25389
54398,1.06151,-7.17018
54399,1.0624,-7.0687
54400,1.06181,-7.16263
54401,1.06074,-7.26999
54402,1.05105,-8.61773
54403,1.0518,-8.48891
54404,1.0534,-8.35167
54405,1.0548,-8.21939
54406,1.05344,-8.35624
54407,1.05593,-8.19276
54408,1.05313,-8.35828
54409,1.05166,-8.54111
54410,1.05094,-8.62075
54411,1.04998,-8.63986
54412,1.05237,-8.49148
54413,1.05347,-8.41446
54414,1.05445,-8.35136
54415,1.05614,-8.22382
54416,1.0515,-8.64397
54417,1.05229,-8.60915
54418,1.05202,-8.65927
54419,1.0533,-8.54955
54420,1.05809,-7.94593
54421,1.05786,-7.98396
54422,1.05549,-8.44551
54423,1.05768,-8.01901
54424,1.0543,-8.60286
54425,1.05681,-8.42706
54426,1.05637,-8.42295
54427,1.05751,-8.38736
54428,1.05661,-8.22559
54429,1.05804,-8.03762
54430,1.06588,-6.61469
54431,1.06543,-6.66046
54432,1.06495,-6.68889
54433,1.05482,-8.29092
54434,1.05424,-8.30576
54435,1.05867,-8.01499
54436,1.06568,-6.52069
54437,1.06142,-7.36677
54438,1.06041,-7.43808
54439,1.0576,-8.12513
54440,1.06287,-7.29106
54441,1.0592,-8.07386
54442,1.05559,-8.1659
54443,1.05694,-8.23379
54444,1.05672,-8.13569
54445,1.05713,-8.09326
54446,1.0584,-8.02123
54447,1.05731,-8.05808
54448,1.06395,-6.97579
54449,1.05845,-7.95592
54450,1.06567,-6.8517
54451,1.05873,-7.89582
54452,1.0579,-7.98636
54453,1.05839,-7.97674
54454,1.05824,-7.97974
54455,1.05873,-7.93911
54456,1.05919,-7.90623
54457,1.05754,-8.04372
54458,1.05597,-8.1379
54459,1.05999,-7.83113
54460,1.05928,-7.84946
54461,1.0599,-7.83337
54462,1.06163,-7.62367
54463,1.05909,-7.90567
54464,1.05866,-7.93584
54465,1.05734,-8.0607
54466,1.05803,-7.98675
54467,1.05773,-8.01443
54468,1.05806,-8.00238
54469,1.05766,-8.02077
54470,1.06259,-7.10905
54471,1.06228,-7.13617
54472,1.0579,-7.98716
54473,1.06307,-7.18759
54474,1.06381,-7.13929
54475,1.06556,-6.68428
54476,1.06378,-7.13342
54477,1.05897,-7.45134
54478,1.0548,-8.35963
54479,1.05397,-8.48024
54480,1.05403,-8.50249
54481,1.05909,-7.79916
54482,1.05959,-7.71522
54483,1.05278,-8.57687
54484,1.05348,-8.51854
54485,1.05007,-8.69607
54486,1.06831,-6.36622
54487,1.06657,-6.59308
54488,1.06356,-6.99081
54489,1.06657,-6.60169
54490,1.06661,-6.60353
54491,1.06623,-6.67049
54492,1.0686,-6.37146
54493,1.06733,-6.52026
54494,1.06315,-7.02543
54495,1.06524,-6.7746
54496,1.06249,-7.20692
54497,1.06095,-7.98204
54498,1.05997,-8.11497
54499,1.05621,-8.42888
54500,1.05806,-7.91778
54501,1.05656,-8.58127
54502,1.05716,-8.56764
54503,1.05977,-7.54073
54504,1.06017,-7.49445
54505,1.05985,-7.65934
54506,1.05587,-8.78465
54507,1.05414,-8.61539
54508,1.05325,-8.63834
54509,1.06204,-7.28609
54510,1.0614,-7.34714
54511,1.06169,-7.32059
54512,1.07234,-4.42411
54513,1.07488,-3.99548
54514,1.05698,-7.88022
54515,1.05577,-8.06353
54516,1.06935,-5.56412
54517,1.05779,-7.91904
54518,1.06459,-6.69504
54519,1.06414,-6.74919
54520,1.07154,-5.96822
54521,1.06843,-6.33886
54522,1.06798,-6.4073
54523,1.06112,-7.54918
54524,1.06496,-6.70604
54525,1.06594,-6.61879
54526,1.05004,-9.33248
54527,1.05778,-8.25497
54528,1.05754,-8.21892
54529,1.05249,-8.80153
54530,1.05303,-8.71315
54531,1.04966,-9.41903
54532,1.04861,-9.46435
54533,1.04836,-9.52368
54534,1.04879,-9.50523
54535,1.05106,-9.31033
54536,1.05204,-9.20595
54537,1.06031,-7.59758
54538,1.0637,-6.93737
54539,1.065,-6.79366
54540,1.0647,-6.99779
54541,1.06325,-7.11306
54542,1.06435,-7.04337
54543,1.0705,-6.1285
54544,1.06787,-6.5593
54545,1.07096,-6.02447
54546,1.08684,-3.96599
54547,1.0661,-6.67453
54548,1.06345,-7.15461
54549,1.07236,-5.68957
54550,1.06479,-6.83178
54551,1.06213,-7.22452
54552,1.06298,-7.20814
54553,1.06728,-6.53679
54554,1.06622,-6.4983
54555,1.06683,-6.45638
54556,1.06638,-6.50922
54557,1.07158,-5.8805
54558,1.0729,-5.7051
54559,1.0702,-6.1166
54560,1.07287,-5.66237
54561,1.07087,-6.0148
54562,1.07058,-5.84378
54563,1.07017,-6.10931
54564,1.06351,-7.09107
54565,1.06096,-7.65638
54566,1.06224,-7.46748
54567,1.06278,-7.34096
54568,1.06193,-7.61687
54569,1.06325,-7.46264
54570,1.06404,-7.25334
54571,1.06334,-7.32661
54572,1.0557,-8.16299
54573,1.05659,-8.1059
54574,1.05707,-8.07928
54575,1.05617,-8.13289
54576,1.05972,-7.67813
54577,1.05539,-8.17062
54578,1.05578,-8.41251
54579,1.05823,-8.24222
54580,1.05345,-9.40792
54581,1.05371,-9.34152
54582,1.05358,-8.8369
54583,1.05428,-8.9257
54584,1.05436,-8.82146
54585,1.05976,-7.67245
54586,1.05251,-9.37391
54587,1.05376,-8.88501
54588,1.05349,-9.36103
54589,1.05206,-9.61099
54590,1.05366,-9.43644
54591,1.05303,-9.50607
54592,1.05327,-9.34327
54593,1.05324,-9.30279
54594,1.0535,-9.12498
54595,1.05362,-9.02722
54596,1.05318,-9.0606
54597,1.05299,-9.0673
54598,1.05327,-8.91059
54599,1.05318,-9.79101
54600,1.05342,-9.71027
54601,1.05461,-8.63383
54602,1.05302,-9.87035
54603,1.0528,-9.87946
54604,1.05178,-10.1786
54605,1.0525,-10.0311
54606,1.0523,-9.90256
54607,1.05287,-8.76781
54608,1.04955,-10.4317
54609,1.05019,-10.403
54610,1.04974,-10.3574
54611,1.05471,-8.54712
54612,1.05437,-9.40262
54613,1.05017,-10.4265
54614,1.05407,-9.49258
54615,1.05595,-9.05805
54616,1.05483,-9.38651
54617,1.05721,-8.11882
54618,1.0526,-9.89017
54619,1.05385,-9.53261
54620,1.05443,-9.29243
54621,1.07088,-4.74984
54622,1.05333,-8.57532
54623,1.04942,-9.17102
54624,1.04957,-9.12254
54625,1.05127,-8.95175
54626,1.05061,-8.99152
54627,1.04888,-10.2045
54628,1.05159,-9.95519
54629,1.05247,-9.89197
54630,1.05058,-9.98988
54631,1.04895,-10.2301
54632,1.04342,-11.0474
54633,1.048,-10.2879
54634,1.05022,-10.1418
54635,1.04932,-10.2254
54636,1.05188,-9.95337
54637,1.05073,-10.0857
54638,1.05212,-9.90724
54639,1.04873,-9.20101
54640,1.04997,-10.0754
54641,1.04958,-10.1165
54642,1.05038,-9.89842
54643,1.04894,-10.0938
54644,1.04831,-10.1212
54645,1.04997,-9.21122
54646,1.05193,-8.54524
54647,1.04957,-9.22845
54648,1.05505,-8.26721
54649,1.05084,-9.05941
54650,1.05152,-8.8838
54651,1.05021,-9.35868
54652,1.05032,-9.17926
54653,1.04985,-9.11071
54654,1.04947,-9.13337
54655,1.0499,-9.98878
54656,1.04997,-9.60135
54657,1.05551,-8.23643
54658,1.05195,-8.63013
54659,1.05199,-8.65634
54660,1.05856,-7.16775
54661,1.05396,-8.4767
54662,1.05108,-8.66536
54663,1.05145,-8.71076
54664,1.0509,-8.7699
54665,1.05067,-8.82105
54666,1.05116,-8.7595
54667,1.05234,-8.49792
54668,1.05313,-8.42813
54669,1.05391,-8.35447
54670,1.05206,-8.63904
54671,1.05499,-8.27234
54672,1.05659,-8.02939
54673,1.06258,-6.78294
54674,1.05187,-8.63533
54675,1.06194,-6.80021
54676,1.05281,-8.51432
54677,1.05404,-8.38931
54678,1.05801,-7.74806
54679,1.06249,-6.67603
54680,1.05349,-8.33654
54681,1.05496,-8.0392
54682,1.06133,-7.1966
54683,1.06175,-7.07463
54684,1.06221,-7.06292
54685,1.06073,-7.37427
54686,1.06083,-7.2766
54687,1.06302,-7.11325
54688,1.07276,-5.18555
54689,1.05897,-7.45451
54690,1.05957,-7.3873
54691,1.05908,-7.39976
54692,1.07562,-4.59725
54693,1.0583,-7.55982
54694,1.05722,-7.65801
54695,1.05577,-7.7495
54696,1.05551,-7.7561
54697,1.056,-8.11733
54698,1.05635,-7.69044
54699,1.05578,-7.83511
54700,1.05517,-7.92771
54701,1.05425,-7.94895
54702,1.05184,-8.59533
54703,1.04949,-8.00576
54704,1.05192,-8.59252
54705,1.05261,-8.53811
54706,1.0517,-9.21299
54707,1.05166,-8.6387
54708,1.05306,-8.27068
54709,1.05234,-7.39326
54710,1.05183,-7.47498
54711,1.05266,-7.31639
54712,1.05141,-9.16041
54713,1.05059,-9.33156
54714,1.05151,-8.97212
54715,1.05204,-8.7452
54716,1.08867,-4.60404
54717,1.05325,-8.43345
54718,1.04838,-8.2246
54719,1.04805,-8.38375
54720,1.05571,-8.45183
54721,1.0501,-9.47373
54722,1.05083,-9.19424
54723,1.05168,-9.49838
54724,1.05202,-8.31216
54725,1.04918,-9.59607
54726,1.04959,-7.78654
54727,1.05516,-6.79139
54728,1.04943,-9.55003
54729,1.05008,-9.57116
54730,1.05094,-9.561
54731,1.05175,-8.35163
54732,1.05245,-8.26088
54733,1.05296,-8.19198
54734,1.05087,-9.29547
54735,1.04836,-7.78273
54736,1.05083,-8.83897
54737,1.05394,-7.04255
54738,1.05858,-7.82451
54739,1.05155,-9.37264
54740,1.05237,-9.05792
54741,1.05701,-8.28891
54742,1.05177,-8.83125
54743,1.05846,-8.11799
54744,1.0563,-8.37212
54745,1.06175,-7.67244
54746,1.0648,-7.40381
54747,1.07553,-4.74264
54748,1.06803,-6.35504
54749,1.06756,-6.50333
54750,1.06616,-6.58123
54751,1.07145,-5.73673
54752,1.07225,-5.89777
54753,1.07346,-5.73517
54754,1.07425,-5.62773
54755,1.07739,-5.19203
54756,1.07769,-5.1628
54757,1.0786,-5.06601
54758,1.07545,-5.46836
54759,1.07619,-5.32809
54760,1.07483,-5.55335
54761,1.08831,-3.87295
54762,1.07176,-5.98135
54763,1.07204,-5.91023
54764,1.07338,-5.76735
54765,1.07697,-5.19541
54766,1.07188,-6.0186
54767,1.07216,-5.99537
54768,1.07232,-5.81563
54769,1.07139,-5.94773
54770,1.07123,-5.94254
54771,1.06656,-6.69607
54772,1.07688,-5.18873
54773,1.07584,-5.32215
54774,1.0717,-5.97113
54775,1.07336,-5.66671
54776,1.07436,-5.52241
54777,1.0713,-5.91859
54778,1.07264,-5.67834
54779,1.06743,-6.67089
54780,1.07896,-4.89952
54781,1.07187,-5.95715
54782,1.07829,-4.83841
54783,1.0862,-3.67375
54784,1.08807,-3.53413
54785,1.06761,-5.979
54786,1.07359,-5.39094
54787,1.06954,-5.59862
54788,1.06493,-6.17519
54789,1.07557,-4.85112
54790,1.07357,-5.61427
54791,1.07316,-5.64237
54792,1.07621,-5.19598
54793,1.07511,-5.34995
54794,1.07391,-5.51796
54795,1.07912,-4.80642
54796,1.0753,-5.00117
54797,1.07823,-4.43138
54798,1.07428,-5.01384
54799,1.07463,-5.48375
54800,1.08164,-4.37113
54801,1.07446,-5.54755
54802,1.06875,-5.90434
54803,1.07599,-4.84611
54804,1.08151,-4.37716
54805,1.0816,-4.44207
54806,1.07284,-5.65083
54807,1.08337,-6.54884
54808,1.07618,-5.23878
54809,1.08477,-3.7755
54810,1.08404,-3.86155
54811,1.08302,-3.98042
54812,1.07506,-5.37231
54813,1.07442,-5.54429
54814,1.08127,-4.1125
54815,1.05985,-7.782
54816,1.06147,-7.58245
54817,1.07964,-4.25307
54818,1.06958,-6.2357
54819,1.06978,-6.21717
54820,1.07048,-6.15478
54821,1.07008,-6.1907
54822,1.06052,-7.68828
54823,1.06069,-7.66802
54824,1.0615,-7.51112
54825,1.06039,-7.59852
54826,1.06046,-7.86785
54827,1.06132,-7.58994
54828,1.06203,-7.56353
54829,1.05938,-7.63626
54830,1.0583,-7.90422
54831,1.05707,-8.06235
54832,1.05976,-7.70287
54833,1.06566,-6.58189
54834,1.06649,-6.55462
54835,1.06408,-7.07075
54836,1.05698,-8.03608
54837,1.05733,-7.9861
54838,1.06527,-6.74978
54839,1.05981,-7.59843
54840,1.06036,-7.58447
54841,1.06028,-7.71614
54842,1.05994,-7.76124
54843,1.05971,-7.76768
54844,1.06428,-6.89648
54845,1.05813,-8.08434
54846,1.06292,-7.11225
54847,1.0762,-4.58291
54848,1.05984,-7.72731
54849,1.06412,-7.05684
54850,1.06321,-6.30925
54851,1.06261,-7.19798
54852,1.05936,-8.26771
54853,1.05797,-8.57343
54854,1.06105,-7.4962
54855,1.05462,-9.22051
54856,1.0556,-9.0162
54857,1.06019,-7.62183
54858,1.05585,-8.5935
54859,1.0551,-8.70249
54860,1.06086,-7.87056
54861,1.06094,-7.87257
54862,1.05707,-8.08951
54863,1.06184,-7.17328
54864,1.0566,-8.12688
54865,1.05743,-8.10789
54866,1.0571,-8.1296
54867,1.05625,-8.16862
54868,1.05557,-8.20428
54869,1.05358,-8.30301
54870,1.06015,-7.56064
54871,1.04228,-11.2035
54872,1.0571,-7.57783
54873,1.06369,-6.97952
54874,1.05891,-7.72026
54875,1.05842,-7.53633
54876,1.05719,-8.04547
54877,1.06091,-7.7141
54878,1.05368,-8.71463
54879,1.04951,-10.0418
54880,1.06925,-5.61709
54881,1.04777,17.3305
54882,1.04508,16.6507
54883,1.04648,16.6666
54884,1.04487,17.954
54885,1.07277,29.8013
54886,1.06516,29.5719
54887,1.07295,29.8157
54888,1.0746,29.873
54889,1.07781,3.72876
54890,1.07793,3.86306
54891,1.03829,-8.89453
54892,1.0453,-8.64588
54893,1.04413,-8.72004
54894,1.04964,-7.92484
54895,1.04608,-8.71914
54896,1.04983,-8.4184
54897,1.04877,-9.34949
54898,1.05008,-8.54484
54899,1.05032,-8.583
54900,1.0487,-9.35098
54901,1.04924,-8.5056
54902,1.0491,-8.53162
54903,1.04601,-8.7761
54904,1.04671,-7.80954
54905,1.03793,-9.2698
54906,1.03798,-8.78236
54907,1.04691,-7.88835
54908,1.05255,-7.63159
54909,1.05525,-7.26817
54910,1.0589,-6.0765
54911,1.0572,-6.85868
54912,1.06296,-5.03154
54913,1.05592,-6.35197
54914,1.0518,-7.17485
54915,1.04163,-8.85904
54916,1.04293,-8.83695
54917,1.04853,-7.95231
54918,1.04266,-8.93099
54919,1.04849,-7.83337
54920,1.04357,-8.88544
54921,1.06008,-4.63641
54922,1.04476,-8.78312
54923,1.05076,-7.81395
54924,1.04886,-7.92633
54925,1.0494,-7.71682
54926,1.04907,-7.88486
54927,1.04927,-7.91559
54928,1.04403,-8.72438
54929,1.05171,-7.96721
54930,1.05097,-7.93739
54931,1.04769,-8.62317
54932,1.05129,-8.07399
54933,1.0457,-8.93855
54934,1.08945,-7.55345
54935,1.04999,-8.52717
54936,1.05002,-8.28873
54937,1.05044,-7.92016
54938,1.04548,-8.96486
54939,1.05078,-8.09883
54940,1.0491,-9.30052
54941,1.05051,-8.24488
54942,1.04962,-10.0216
54943,1.05037,-8.60385
54944,1.05065,-8.07836
54945,1.05018,-8.57402
54946,1.05048,-8.34952
54947,1.04664,-10.0508
54948,1.04257,-10.9975
54949,1.04768,-10.2698
54950,1.04351,-10.8957
54951,1.0443,-10.7214
54952,1.04358,-10.7518
54953,1.04323,-10.7997
54954,1.04298,-10.8112
54955,1.04528,-10.6988
54956,1.04502,-10.7104
54957,1.04772,-9.93642
54958,1.05069,-8.60481
54959,1.05039,-8.59848
54960,1.04836,-10.5151
54961,1.04773,-10.5984
54962,1.04723,-10.6443
54963,1.04734,-10.6363
54964,1.04815,-10.6497
54965,1.04824,-10.6601
54966,1.05022,-9.81708
54967,1.04779,-10.2437
54968,1.05044,-9.95735
54969,1.04856,-10.5426
54970,1.04805,-10.5895
54971,1.04804,-10.4533
54972,1.05058,-9.06024
54973,1.0442,-10.8731
54974,1.0479,-10.5566
54975,1.04802,-10.6201
54976,1.04654,-10.7247
54977,1.04575,-10.749
54978,1.04731,-10.6035
54979,1.04688,-10.6689
54980,1.04747,-10.705
54981,1.04657,-10.6786
54982,1.04849,-10.6305
54983,1.04871,-10.595
54984,1.04906,-10.4955
54985,1.04817,-10.6458
54986,1.04857,-10.6199
54987,1.05044,-8.55384
54988,1.05046,-9.70614
54989,1.05074,-9.54703
54990,1.05069,-8.05004
54991,1.05046,-8.22494
54992,1.05063,-8.43664
54993,1.05098,-8.39682
54994,1.051,-9.46832
54995,1.05097,-9.63209
54996,1.05078,-9.51287
54997,1.05003,-9.55449
54998,1.05079,-9.52126
54999,1.05416,-7.92063
55000,1.05009,-9.85671
55001,1.05135,-9.58963
55002,1.0496,-9.928
55003,1.05028,-9.90047
55004,1.05054,-9.88982
55005,1.05185,-8.62667
55006,1.05179,-8.67855
55007,1.05176,-8.71984
55008,1.05094,-9.91708
55009,1.05054,-9.99323
55010,1.05083,-9.94176
55011,1.04945,-10.0384
55012,1.05017,-9.96543
55013,1.04995,-9.91475
55014,1.05053,-9.67484
55015,1.0501,-9.70003
55016,1.04796,-10.1683
55017,1.04844,-10.1474
55018,1.05115,-9.60132
55019,1.05024,-9.70061
55020,1.04914,-9.74424
55021,1.05197,-9.45544
55022,1.0531,-7.718
55023,1.05273,-9.25388
55024,1.05204,-9.2915
55025,1.04929,-9.60444
55026,1.04621,-10.6725
55027,1.0469,-10.5949
55028,1.04517,1.03192
55029,1.06584,2.9453
55030,1.07657,4.07438
55031,1.09269,4.77437
55032,1.0702,3.65012
55033,1.08575,24.8291
55034,1.07062,-7.06173
55035,1.06197,-8.82292
55036,1.0264,25.8957
55037,1.02406,25.6409
55038,1.03073,-10.0019
55039,1.04281,-8.84076
55040,1.06673,-11.9403
55041,1.09728,5.54382
55042,1.09765,6.0072
55043,1.09257,6.60376
55044,1.09628,7.39935
55045,1.09855,6.49808
55046,1.07484,10.4046
55047,1.06205,9.68988
55048,1.06269,9.71119
55049,1.06263,9.7269
55050,1.06301,9.72881
55051,1.07271,10.4664
55052,1.07338,10.4469
55053,1.06432,9.68476
55054,1.06741,9.81166
55055,1.07295,10.3669
55056,1.06183,9.56584
55057,1.06327,9.73343
55058,1.06241,9.66453
55059,1.06583,9.8973
55060,1.06609,9.87708
55061,1.06903,9.9049
55062,1.0774,10.1992
55063,1.0645,9.83984
55064,1.0585,9.37221
55065,1.06268,9.70286
55066,1.06219,9.69251
55067,1.05946,9.47005
55068,1.07612,10.2784
55069,1.07127,9.35901
55070,1.06984,9.62634
55071,1.05355,8.94912
55072,1.06626,9.9157
55073,1.06894,10.0091
55074,1.05087,-4.26282
55075,1.06821,-6.93494
55076,1.07165,-6.39975
55077,1.05321,-8.16628
55078,1.05439,-8.03224
55079,1.05589,-7.79171
55080,1.05379,-7.23522
55081,1.05156,-7.86965
55082,1.05292,-7.25392
55083,1.05391,-6.74145
55084,1.05682,-7.12008
55085,1.05844,-7.28833
55086,1.05159,-7.99868
55087,1.0591,-6.50329
55088,1.06118,-6.20625
55089,1.05491,-6.88424
55090,1.05777,-6.70583
55091,1.05216,-6.6704
55092,1.05857,-6.15019
55093,1.05013,-8.36727
55094,1.05455,-6.47625
55095,1.05958,-4.66582
55096,1.05501,-6.59627
55097,1.04933,-6.62512
55098,1.06778,-4.18073
55099,1.06588,-5.45876
55100,1.07413,-3.715
55101,1.07652,-5.39737
55102,1.07984,-4.95643
55103,1.07186,-5.95259
55104,1.07548,-4.6587
55105,1.07283,-4.03193
55106,1.07487,-20.0493
55107,1.06557,-18.2577
55108,1.07225,-19.6344
55109,1.07159,-19.6619
55110,1.0728,-19.7352
55111,1.07324,-19.7988
55112,1.07302,-19.8743
55113,1.0734,-19.858
55114,1.07347,-19.246
55115,1.0745,-19.3775
55116,1.07582,-19.495
55117,1.07347,-19.8867
55118,1.072,-19.909
55119,1.07849,-19.6937
55120,1.07726,-19.609
55121,1.07761,-19.8696
55122,1.078,-19.7758
55123,1.07788,-19.7896
55124,1.07877,-20.5501
55125,1.0801,-20.6685
55126,1.08361,-20.3333
55127,1.08404,-21.0306
55128,1.08454,-21.0111
55129,1.07481,-21.6388
55130,1.07976,-20.7008
55131,1.08046,-20.6416
55132,1.0811,-20.5814
55133,1.07572,-21.6464
55134,1.07356,-21.6712
55135,1.0742,-21.6393
55136,1.07538,-21.6571
55137,1.07816,-21.747
55138,1.07268,-21.6203
55139,1.07323,-21.589
55140,1.0742,-21.7028
55141,1.07195,-21.5695
55142,1.07303,-21.7052
55143,1.07766,-21.6353
55144,1.07942,-21.8286
55145,1.08065,-21.8244
55146,1.0807,-21.8642
55147,1.0809,-21.8665
55148,1.08071,-21.8731
55149,1.08129,-21.838
55150,1.08187,-21.7777
55151,1.08227,-21.7515
55152,1.08167,-21.8144
55153,1.08191,-21.7886
55154,1.08212,-21.5581
55155,1.08277,-21.5201
55156,1.08504,-20.9589
55157,1.08326,-21.4536
55158,1.08379,-21.3818
55159,1.08734,-19.8896
55160,1.08551,-21.1061
55161,1.08648,-20.9463
55162,1.08653,-20.7718
55163,1.08546,-20.9329
55164,1.0989,-17.2015
55165,1.09025,-19.7922
55166,1.08697,-21.1029
55167,1.1,-17.0051
55168,1.08564,-21.154
55169,1.08739,-20.7503
55170,1.08923,-20.7164
55171,1.09132,-19.9373
55172,1.08865,-20.7791
55173,1.09058,-20.0929
55174,1.09035,-20.1492
55175,1.09025,-20.1776
55176,1.0882,-21.1177
55177,1.08722,-21.7189
55178,1.08791,-21.3199
55179,1.08772,-21.289
55180,1.08849,-20.9283
55181,1.08746,-21.6646
55182,1.08942,-20.2428
55183,1.09016,-20.2144
55184,1.0861,-21.1566
55185,1.08636,-21.1698
55186,1.08617,-21.1776
55187,1.08618,-21.1054
55188,1.08665,-20.9669
55189,1.08631,-21.3074
55190,1.08556,-21.6979
55191,1.08755,-21.1039
55192,1.08657,-21.0539
55193,1.08614,-21.3009
55194,1.08983,-20.3938
55195,1.08959,-20.4589
55196,1.08917,-20.5794
55197,1.08829,-20.9947
55198,1.08666,-21.1436
55199,1.08641,-21.1895
55200,1.08906,-20.6209
55201,1.08942,-20.5535
55202,1.06614,-19.3649
55203,1.08413,-20.667
55204,1.08327,-20.658
55205,1.0652,-20.9642
55206,1.06337,-17.937
55207,1.06515,-18.0057
55208,1.07002,-19.6147
55209,1.06951,-18.8929
55210,1.07369,-21.4056
55211,1.07529,-21.2934
55212,1.07193,-21.4406
55213,1.07099,-21.513
55214,1.07336,-21.4887
55215,1.06989,-21.5607
55216,1.07098,-21.4463
55217,1.06909,-20.1937
55218,1.06496,-19.3303
55219,1.068,-20.5029
55220,1.08536,-21.3338
55221,1.0856,-21.5374
55222,1.08674,-21.028
55223,1.08423,-21.6906
55224,1.08481,-21.6627
55225,1.08524,-21.6875
55226,1.07774,-20.584
55227,1.08694,-20.9969
55228,1.08647,-21.7194
55229,1.08771,-20.8799
55230,1.08728,-20.943
55231,1.08677,-21.6555
55232,1.08638,-21.6981
55233,1.08709,-21.5684
55234,1.08459,-21.9305
55235,1.08708,-20.9408
55236,1.0867,-20.9618
55237,1.08754,-20.5916
55238,1.08875,-20.0859
55239,1.08558,-20.8598
55240,1.08391,-20.2785
55241,1.08994,-20.447
55242,1.09046,-20.3102
55243,1.09735,-17.6653
55244,1.08464,-21.2254
55245,1.08145,-20.4069
55246,1.08778,-20.7349
55247,1.09689,-17.8063
55248,1.09054,-19.8894
55249,1.07764,-22.3883
55250,1.08529,-21.9343
55251,1.08651,-21.8184
55252,1.08063,-23.4218
55253,1.08498,-22.1657
55254,1.08164,-23.3207
55255,1.08346,-22.9096
55256,1.08237,-23.1668
55257,1.08197,-23.2591
55258,1.08652,-21.4892
55259,1.08585,-22.0747
55260,1.07505,-24.1735
55261,1.06521,-25.2125
55262,1.06592,-25.1758
55263,1.07007,-24.8268
55264,1.06808,-25.0948
55265,1.07819,-20.4786
55266,1.08621,-21.2832
55267,1.09322,5.55906
55268,1.09981,5.13174
55269,1.08465,4.51951
55270,1.1,5.75326
55271,1.09962,5.38973
55272,1.09967,5.26506
55273,1.09955,5.30474
55274,1.09021,3.90587
55275,1.04346,-2.10266
55276,1.03835,-1.74789
55277,1.04035,-1.67935
55278,1.03821,-2.39713
55279,1.03741,-2.10587
55280,1.04599,-0.956803
55281,1.07021,0.164627
55282,1.07959,-3.58591
55283,1.08002,-2.86509
55284,1.08082,-2.60182
55285,1.07017,-1.04558
55286,1.07795,-2.5603
55287,1.0686,-1.67661
55288,1.07308,-3.79309
55289,1.05709,-0.134276
55290,1.06596,1.91987
55291,1.09212,3.19053
55292,1.09062,3.10034
55293,1.07341,2.0454
55294,1.08078,2.78881
55295,1.08048,2.38023
55296,1.09031,2.55298
55297,1.09644,13.145
55298,1.09145,12.8285
55299,1.08866,24.3888
55300,1.08519,25.1212
55301,1.07512,10.7738
55302,1.08392,-2.25796
55303,1.06227,-4.46488
55304,1.07163,-3.43536
55305,1.0713,-3.43949
55306,1.06214,-4.22922
55307,1.05685,-4.55635
55308,1.07117,-3.40951
55309,1.07122,-3.42882
55310,1.08525,-2.03007
55311,1.07646,-3.05259
55312,1.07221,-3.27012
55313,1.07507,-3.22289
55314,1.07127,-3.23568
55315,1.06941,-3.39283
55316,1.06666,-4.10421
55317,1.06712,-4.08712
55318,1.06834,-3.92194
55319,1.0649,-4.33301
55320,1.0703,-3.64214
55321,1.07369,-2.95687
55322,1.09115,-0.919183
55323,1.07195,-3.4451
55324,1.06854,-3.89432
55325,1.06112,-4.80305
55326,1.04057,-7.65488
55327,1.05899,-5.30878
55328,1.03981,-7.71652
55329,1.0679,-4.03108
55330,1.0638,-4.62119
55331,1.04998,-6.41844
55332,1.05099,-6.33194
55333,1.04889,-6.47723
55334,1.05045,-6.26295
55335,1.0505,-6.20868
55336,1.04983,-6.24681
55337,1.05578,-5.42311
55338,1.06646,-3.72182
55339,1.06872,-3.4697
55340,1.06341,-4.06457
55341,1.04853,-5.51792
55342,1.04709,-5.26707
55343,1.04717,-5.1469
55344,1.05188,-4.23513
55345,1.051,-4.32299
55346,1.05822,-3.23848
55347,1.0463,-4.18702
55348,1.0548,-4.13308
55349,1.0669,-3.62993
55350,1.07055,-3.21028
55351,1.06235,-3.90037
55352,1.07401,-2.8216
55353,1.07281,-3.04364
55354,1.06927,-3.35547
55355,1.09221,-0.810249
55356,1.07392,-3.20204
55357,1.07673,-2.87261
55358,1.08233,-1.98443
55359,1.08095,-2.3719
55360,1.06472,-3.608
55361,1.08049,-2.5567
55362,1.07013,-2.84853
55363,1.08618,-1.50011
55364,1.07129,-2.81644
55365,1.06952,-2.92311
55366,1.09535,-0.425384
55367,1.07297,-1.6735
55368,1.07124,-1.82956
55369,1.07512,-2.03423
55370,1.07905,-2.09984
55371,1.08315,-1.2835
55372,1.08245,-1.28992
55373,1.07446,-1.13894
55374,1.08396,-1.79206
55375,1.09845,0.523321
55376,1.08382,-0.341909
55377,1.07359,-0.685447
55378,1.09631,8.63524
55379,1.08042,7.65307
55380,1.0933,7.90999
55381,1.09976,4.28941
55382,1.09327,4.25986
55383,1.09314,4.33927
55384,1.07658,2.45827
55385,1.09325,5.09729
55386,1.08165,4.41601
55387,1.07287,2.6698
55388,1.07532,-1.03715
55389,1.09087,-1.90691
55390,1.05763,-3.83613
55391,1.05642,17.196
55392,1.07203,18.1302
55393,1.05539,16.9289
55394,1.03548,-9.49552
55395,1.03477,-9.04523
55396,1.03462,-9.01688
55397,1.03585,-8.96874
55398,1.03436,-9.05951
55399,1.04808,-8.16946
55400,1.03657,-9.34125
55401,1.04952,-7.93902
55402,1.05216,-7.56131
55403,1.05514,-8.30217
55404,1.0587,-8.04307
55405,1.06078,-7.87042
55406,1.06441,-7.82002
55407,1.06069,-8.17822
55408,1.05613,-8.71871
55409,1.05831,-8.45257
55410,1.04002,-9.58681
55411,1.05553,-8.80211
55412,1.05554,-8.84074
55413,1.05973,-8.24793
55414,1.04967,-9.05073
55415,1.04817,-9.07892
55416,1.06972,-7.18378
55417,1.07751,-5.87507
55418,1.09414,-4.5737
55419,1.07965,-5.7997
55420,1.07854,-5.83745
55421,1.09993,-4.17236
55422,1.07844,-6.08725
55423,1.07474,-6.40366
55424,1.07144,-6.80038
55425,1.07075,-6.83826
55426,1.07047,-6.84985
55427,1.06926,-6.84205
55428,1.07564,-6.13841
55429,1.05096,-8.34896
55430,1.05727,-6.94419
55431,1.07746,-5.76128
55432,1.04991,-8.15504
55433,1.0805,-5.24572
55434,1.06979,-6.84451
55435,1.09526,-4.40705
55436,1.08099,-6.1869
55437,1.09707,-4.41164
55438,1.08136,-5.93443
55439,1.08139,-5.92419
55440,1.08154,-5.89809
55441,1.07539,-6.30476
55442,1.07569,-6.26163
55443,1.07665,-6.22702
55444,1.07601,-6.25766
55445,1.07571,-6.27577
55446,1.0756,-6.23454
55447,1.07111,-6.77772
55448,1.07598,-6.23305
55449,1.07094,-6.79856
55450,1.0707,-6.80012
55451,1.08269,-5.79014
55452,1.0713,-6.77879
55453,1.08309,-5.76372
55454,1.08344,-5.74182
55455,1.09461,-4.48027
55456,1.0944,-4.50101
55457,1.07921,-6.00674
55458,1.06931,-5.33956
55459,1.09835,-4.32104
55460,1.09345,21.2042
55461,1.04716,-3.53914
55462,1.02849,-7.07671
55463,1.04842,-3.36584
55464,1.04618,-3.88293
55465,1.04286,-5.08289
55466,1.09354,10.3501
55467,1.08902,5.25161
55468,1.07426,2.5532
55469,1.05541,0.768411
55470,1.04316,0.519925
55471,1.04387,0.596167
55472,1.04463,0.687218
55473,1.0662,3.03028
55474,1.05512,2.03574
55475,1.04873,27.9828
55476,1.05986,29.8222
55477,1.06102,29.9973
55478,1.05909,29.6886
55479,1.05856,29.5818
55480,1.05979,29.6661
55481,1.06008,30.0215
55482,1.08056,-5.05174
55483,1.07861,-5.08552
55484,1.07333,-5.29442
55485,1.06542,-4.95899
55486,1.06483,-4.99701
55487,1.04395,-7.84796
55488,1.05847,-6.33767
55489,1.07061,-5.35046
55490,1.07127,-5.3218
55491,1.07932,-5.08757
55492,1.07107,-5.30828
55493,1.06876,-5.28623
55494,1.06712,-5.23675
55495,1.06715,-5.28025
55496,1.04835,-6.75253
55497,1.03344,-8.04876
55498,1.05234,-6.7312
55499,1.05355,-6.69379
55500,1.07041,-5.26805
55501,1.07208,-5.59948
55502,1.05428,-6.55874
55503,1.07904,-5.42583
55504,1.07425,-5.43331
55505,1.06732,-6.31022
55506,1.05676,-7.24945
55507,1.05678,-6.5198
55508,1.08404,8.35339
55509,1.08429,8.33151
55510,1.08308,8.23639
55511,1.08345,8.23867
55512,1.08248,8.13704
55513,1.08152,8.01241
55514,1.08237,8.16597
55515,1.06391,6.76253
55516,1.06247,6.71632
55517,1.08037,7.86465
55518,1.08254,8.39267
55519,1.08653,8.55904
55520,1.08834,8.76797
55521,1.0861,8.71916
55522,1.09721,9.62197
55523,1.09396,9.37565
55524,1.08317,8.20775
55525,1.07722,7.46487
55526,1.06184,6.7128
55527,1.07942,7.70139
55528,1.06775,6.65025
55529,1.08916,8.82037
55530,1.08403,7.8039
55531,1.09441,9.16556
55532,1.0787,7.96064
55533,1.0847,0.888316
55534,1.06154,-3.07858
55535,1.07835,-1.70161
55536,1.09372,2.20193
55537,1.09915,1.77727
55538,1.0757,-0.257095
55539,1.08367,5.10986
55540,1.08827,5.53854
55541,1.07091,3.9289
55542,1.08137,5.0028
55543,1.08476,4.93351
55544,1.071,3.40406
55545,1.07696,4.08122
55546,1.08427,5.2139
55547,1.07365,4.61698
55548,1.07749,4.77915
55549,1.07464,4.39033
55550,1.08499,5.29048
55551,1.08198,5.08459
55552,1.0831,5.16576
55553,1.06496,3.70505
55554,1.06937,4.01123
55555,1.05978,2.86192
55556,1.06549,3.71661
55557,1.06733,3.8633
55558,1.06555,3.72045
55559,1.06731,3.86015
55560,1.06581,3.7532
55561,1.06832,3.82595
55562,1.07351,4.30446
55563,1.06715,3.84992
55564,1.06217,3.60046
55565,1.06112,3.22968
55566,1.08491,5.02835
55567,1.07734,4.95944
55568,1.08702,27.1625
55569,1.08706,27.8377
55570,1.08765,27.8525
55571,1.0807,26.6814
55572,1.07783,26.227
55573,1.0973,29.6294
55574,1.08181,27.7113
55575,1.07629,25.6016
55576,1.0712,26.3292
55577,1.07878,19.7332
55578,1.08435,2.70572
55579,1.07567,2.26838
55580,1.0778,2.37055
55581,1.09318,40.6938
55582,1.08147,36.8708
55583,1.0696,14.6507
55584,1.07984,-4.38084
55585,1.07593,-6.16143
55586,1.08475,-4.08346
55587,1.0679,-5.30382
55588,1.08436,-3.89146
55589,1.08691,-4.29942
55590,1.08797,-4.23964
55591,1.09064,-3.56406
55592,1.08759,-3.66272
55593,1.08546,-3.64847
55594,1.08333,-3.59466
55595,1.06201,-5.92547
55596,1.04764,-7.98208
55597,1.04423,-8.30016
55598,1.04683,-8.13026
55599,1.04457,-8.22673
55600,1.04613,-8.09559
55601,1.04722,-8.11792
55602,1.04894,-8.09754
55603,1.04672,-8.106
55604,1.04806,-8.1493
55605,1.05066,-8.04619
55606,1.04756,-8.18371
55607,1.04002,-9.10094
55608,1.04115,-9.07116
55609,1.04728,-8.2066
55610,1.05287,-7.97815
55611,1.05217,-8.10726
55612,1.04617,-8.21267
55613,1.05205,-8.16338
55614,1.0791,-4.01024
55615,1.04788,-7.97859
55616,1.0464,-8.05566
55617,1.05364,-7.17664
55618,1.04752,-7.89406
55619,1.05259,-7.13023
55620,1.04755,-7.85804
55621,1.04969,-7.77006
55622,1.0504,-7.76494
55623,1.05182,-7.54995
55624,1.05068,-7.54414
55625,1.04988,-7.56657
55626,1.05299,-6.85377
55627,1.0484,-7.68396
55628,1.05274,-6.97961
55629,1.05309,-6.87432
55630,1.05417,-6.69713
55631,1.05346,-6.78852
55632,1.04895,-7.42803
55633,1.05038,-7.34815
55634,1.05016,-7.40941
55635,1.05088,-7.40365
55636,1.05365,-7.29379
55637,1.05217,-7.12676
55638,1.05392,-6.71143
55639,1.05208,-6.90099
55640,1.05257,-6.79003
55641,1.05288,-6.8308
55642,1.05236,-6.79527
55643,1.05924,-6.0474
55644,1.05003,-7.22722
55645,1.07666,-4.24724
55646,1.06058,-6.1292
55647,1.05093,-7.28507
55648,1.05167,-7.25415
55649,1.0498,-7.29782
55650,1.04883,-7.97385
55651,1.07109,-6.12687
55652,1.05535,-7.50067
55653,1.05196,-7.72049
55654,1.05385,-7.44869
55655,1.06998,-6.07167
55656,1.07007,-6.01473
55657,1.06083,-7.10547
55658,1.05916,-7.40615
55659,1.06117,-7.15887
55660,1.09823,-4.62056
55661,1.06197,-7.18383
55662,1.06141,-7.17145
55663,1.05634,-7.31563
55664,1.05758,-7.26221
55665,1.05811,-7.22825
55666,1.0711,-5.77612
55667,1.05446,-7.45189
55668,1.04921,-8.00021
55669,1.04679,-8.24574
55670,1.05149,-7.30837
55671,1.04547,-8.4135
55672,1.06327,-7.16581
55673,1.0655,-7.09676
55674,1.08257,-5.7231
55675,1.07436,-6.66085
55676,1.07254,-6.63605
55677,1.06715,-7.12423
55678,1.06529,-7.25984
55679,1.06643,-7.19304
55680,1.06726,-7.14402
55681,1.05662,-8.04686
55682,1.06351,-7.15958
55683,1.06663,-7.04389
55684,1.0723,-6.8208
55685,1.07153,-6.88369
55686,1.07002,-6.99858
55687,1.07713,-6.56904
55688,1.07376,-6.75809
55689,1.06779,-7.16119
55690,1.07614,-6.09033
55691,1.05626,-8.14011
55692,1.05617,-8.14092
55693,1.04571,-8.72388
55694,1.05798,-7.79878
55695,1.07212,-6.10572
55696,1.07475,-6.06429
55697,1.05899,-6.02182
55698,1.07929,-3.7215
55699,1.0608,-5.82412
55700,1.0529,-6.64407
55701,1.05888,-5.96934
55702,1.0503,-6.45524
55703,1.06078,-5.78793
55704,1.05103,-6.38761
55705,1.05881,-5.87772
55706,1.0496,-7.84996
55707,1.04815,-8.19086
55708,1.04609,-6.7601
55709,1.05482,-5.88365
55710,1.04959,-6.57068
55711,1.04945,-6.55657
55712,1.0489,-6.56369
55713,1.05585,-5.81286
55714,1.04341,-7.98192
55715,1.05355,-7.20762
55716,1.05217,-7.39169
55717,1.04521,-8.45083
55718,1.05238,-7.39795
55719,1.05393,-7.33383
55720,1.05454,-7.27859
55721,1.05568,-7.24521
55722,1.054,-7.27991
55723,1.05286,-7.36335
55724,1.0456,-8.11101
55725,1.04857,-8.01155
55726,1.04889,-7.94421
55727,1.05502,-6.98323
55728,1.04741,-7.87667
55729,1.04558,-8.07908
55730,1.04774,-7.66477
55731,1.04757,-7.83412
55732,1.05084,-7.40224
55733,1.04991,-7.48757
55734,1.05532,-6.47371
55735,1.05446,-6.84334
55736,1.05431,-6.7195
55737,1.04644,-6.83661
55738,1.06174,-6.77513
55739,1.07833,-6.15839
55740,1.07059,-6.52972
55741,1.0723,-6.45663
55742,1.06409,-6.86782
55743,1.07436,-6.36101
55744,1.08874,-5.33562
55745,1.07564,-6.62829
55746,1.07939,-6.36253
55747,1.09697,-4.76025
55748,1.09578,-4.88272
55749,1.09056,-5.28833
55750,1.06908,-6.60307
55751,1.07143,-6.42099
55752,1.08556,-5.87356
55753,1.07474,-6.38057
55754,1.08187,-6.44944
55755,1.08585,-6.10412
55756,1.08693,-5.86817
55757,1.0887,-5.22611
55758,1.08705,-5.91269
55759,1.08501,-6.11591
55760,1.0858,-6.06345
55761,1.09283,-5.4122
55762,1.0995,-4.84542
55763,1.09099,-5.63996
55764,1.09888,-4.93905
55765,1.09015,-5.77244
55766,1.09852,-4.94052
55767,1.08987,-5.80131
55768,1.09792,-4.96547
55769,1.09721,-4.99745
55770,1.08358,-5.97201
55771,1.0482,-8.07164
55772,1.03996,-9.00589
55773,1.03962,-9.03675
55774,1.04781,-8.18524
55775,1.04784,-8.25764
55776,1.03889,-9.14722
55777,1.03866,-9.15307
55778,1.03826,-9.22796
55779,1.0384,-9.24899
55780,1.03926,-9.27015
55781,1.03946,-9.20327
55782,1.03927,-9.16149
55783,1.03952,-9.1592
55784,1.05055,-8.34823
55785,1.04042,-9.12163
55786,1.03996,-9.11886
55787,1.03853,-9.13617
55788,1.03878,-9.09759
55789,1.04401,-7.79861
55790,1.04448,-7.73884
55791,1.04501,-7.67055
55792,1.04102,-8.84812
55793,1.04149,-8.62677
55794,1.04177,-8.62027
55795,1.04172,-8.51157
55796,1.04344,-8.39476
55797,1.04225,-8.60332
55798,1.04363,-7.9658
55799,1.04626,-7.50882
55800,1.04306,-8.40388
55801,1.07705,-3.0203
55802,1.04359,-7.97421
55803,1.03789,-9.01514
55804,1.04548,-7.50299
55805,1.03915,-8.89695
55806,1.04005,-8.77141
55807,1.04073,-8.70784
55808,1.04214,-8.57169
55809,1.04646,-7.38413
55810,1.04504,-8.38236
55811,1.04459,-8.20883
55812,1.04752,-7.79227
55813,1.04627,-8.02809
55814,1.04078,-9.09071
55815,1.0543,-8.16759
55816,1.05596,-8.09565
55817,1.04394,-8.94483
55818,1.04503,-8.88925
55819,1.04101,-8.9163
55820,1.05158,-7.61111
55821,1.04715,-8.4962
55822,1.04598,-8.59534
55823,1.0438,-8.77515
55824,1.05931,-7.82312
55825,1.04572,-8.65414
55826,1.04228,-8.84833
55827,1.04305,-8.79389
55828,1.04219,-8.85993
55829,1.04395,-8.82563
55830,1.04713,-8.7137
55831,1.05055,-8.62304
55832,1.05554,-8.40769
55833,1.06379,-7.41387
55834,1.0602,-7.70251
55835,1.06399,-7.39962
55836,1.07253,-6.82853
55837,1.08239,-4.70506
55838,1.06826,-7.10589
55839,1.06559,-7.27604
55840,1.06069,-7.70708
55841,1.06185,-7.67227
55842,1.06139,-7.68828
55843,1.06064,-7.70811
55844,1.0439,-8.90681
55845,1.04233,-8.90947
55846,1.06052,-7.78321
55847,1.06229,-7.70594
55848,1.04917,-8.87994
55849,1.0449,-8.9231
55850,1.04624,-8.9093
55851,1.06715,-7.38389
55852,1.06067,-7.901
55853,1.08043,-4.46388
55854,1.07547,-6.07139
55855,1.08172,-2.66454
55856,1.05916,-5.0365
55857,1.05599,-5.24098
55858,1.05901,-4.47573
55859,1.04731,-7.00764
55860,1.06769,-3.69919
55861,1.06383,-4.63433
55862,1.08267,-2.48345
55863,1.08335,-2.35996
55864,1.05141,-6.32946
55865,1.04686,-7.48952
55866,1.04273,-8.50533
55867,1.04351,-8.41337
55868,1.05584,-6.14502
55869,1.04353,-8.39075
55870,1.04269,-8.00359
55871,1.04176,-8.19983
55872,1.04251,-8.41708
55873,1.04175,-8.56714
55874,1.04226,-8.54128
55875,1.0415,-8.62289
55876,1.04048,-8.68915
55877,1.03858,-8.91202
55878,1.03776,-9.12376
55879,1.04042,-8.77618
55880,1.04096,-8.67267
55881,1.04093,-8.82868
55882,1.03963,-8.93797
55883,1.03847,-9.08674
55884,1.03841,-9.12548
55885,1.03944,-9.09458
55886,1.03876,-9.02589
55887,1.03874,-8.97009
55888,1.03896,-8.89804
55889,1.03988,-8.88845
55890,1.0775,-4.40395
55891,1.039,-8.87177
55892,1.04227,-8.71996
55893,1.0769,-4.1044
55894,1.051,-7.06219
55895,1.03397,-9.00038
55896,1.04948,-7.82303
55897,1.04846,-7.93465
55898,1.03795,-9.22932
55899,1.03662,-9.36922
55900,1.08107,-2.79245
55901,1.05201,-8.68439
55902,1.06461,-6.82255
55903,1.06397,-7.82672
55904,1.05676,-9.03984
55905,1.04812,-9.08015
55906,1.05533,-8.70763
55907,1.05324,-8.72133
55908,1.05148,-8.72622
55909,1.04744,-9.06412
55910,1.05002,-8.68854
55911,1.0501,-8.90069
55912,1.04372,-9.18326
55913,1.04612,-9.12911
55914,1.04835,-8.5772
55915,1.04278,-9.29408
55916,1.05235,-8.75845
55917,1.05312,-8.72699
55918,1.05114,-8.75306
55919,1.07375,-6.97853
55920,1.05522,-9.0773
55921,1.05521,-8.98756
55922,1.05566,-9.19314
55923,1.0671,-7.59192
55924,1.06792,-7.58443
55925,1.06826,-7.50015
55926,1.04654,-8.91363
55927,1.06497,-7.47628
55928,1.06609,-7.44116
55929,1.06807,-7.35038
55930,1.07441,-6.74064
55931,1.08669,-4.93066
55932,1.0892,-4.95131
55933,1.09207,-4.97477
55934,1.07461,-6.97812
55935,1.07244,-7.16866
55936,1.06162,-9.39931
55937,1.07764,-6.37415
55938,1.09273,-5.11704
55939,1.0804,-6.13605
55940,1.09437,-5.03148
55941,1.09396,-5.28182
55942,1.03333,-9.59391
55943,1.03488,-9.4748
55944,1.0339,-9.55281
55945,1.04057,-9.18233
55946,1.04358,-9.11838
55947,1.04111,-9.2571
55948,1.04638,-8.28008
55949,1.03774,-9.35765
55950,1.04645,-8.30586
55951,1.04738,-8.32192
55952,1.04834,-7.80132
55953,1.04794,-7.76331
55954,1.04174,-8.5063
55955,1.04043,-8.55596
55956,1.04034,-8.56514
55957,1.04167,-8.53283
55958,1.04105,-8.54962
55959,1.04079,-8.5583
55960,1.04084,-8.55629
55961,1.04055,-8.5485
55962,1.04116,-8.53269
55963,1.04054,-8.54795
55964,1.03984,-8.57147
55965,1.04185,-8.38438
55966,1.04222,-7.98394
55967,1.0417,-8.40484
55968,1.04619,-7.28523
55969,1.04111,-8.49326
55970,1.0464,-7.257
55971,1.04266,-7.95715
55972,1.04635,-7.31084
55973,1.04076,-8.54326
55974,1.04674,-7.33062
55975,1.04698,-7.32768
55976,1.04616,-7.38439
55977,1.04653,-7.31896
55978,1.0465,-7.29979
55979,1.04693,-7.61155
55980,1.04662,-7.27011
55981,1.04679,-7.23437
55982,1.04706,-7.24358
55983,1.04788,-7.25127
55984,1.04685,-7.29076
55985,1.04667,-7.32953
55986,1.04383,-7.83214
55987,1.04633,-7.36312
55988,1.04851,-7.60271
55989,1.04855,-6.92261
55990,1.05558,-6.08639
55991,1.05509,-6.12598
55992,1.05507,-6.10069
55993,1.05473,-6.09389
55994,1.05476,-6.10624
55995,1.05474,-6.15065
55996,1.04676,-7.40133
55997,1.0475,-7.16486
55998,1.04712,-7.18055
55999,1.04718,-7.1643
56000,1.04238,-7.98774
56001,1.04301,-7.87207
56002,1.04322,-7.88073
56003,1.04877,-6.965
56004,1.04346,-7.86286
56005,1.04183,-7.97401
56006,1.04218,-7.96702
56007,1.04771,-7.09721
56008,1.04799,-7.08912
56009,1.04768,-7.31814
56010,1.04728,-7.36141
56011,1.05432,-6.18324
56012,1.04874,-6.88376
56013,1.05456,-6.10247
56014,1.04798,-6.9712
56015,1.05463,-6.09879
56016,1.04872,-6.90691
56017,1.04759,-6.94054
56018,1.0481,-6.92286
56019,1.05402,-6.2076
56020,1.04846,-7.21649
56021,1.04763,-7.24711
56022,1.04966,-6.79362
56023,1.05072,-6.59886
56024,1.05217,-6.35439
56025,1.04811,-6.94846
56026,1.08669,-1.55305
56027,1.05183,-6.52304
56028,1.06673,-4.30668
56029,1.04869,-6.91513
56030,1.05536,-6.04571
56031,1.0488,-6.8703
56032,1.05013,-6.76563
56033,1.05096,-6.64774
56034,1.04801,-6.91919
56035,1.04211,-8.04943
56036,1.04348,-7.8833
56037,1.04792,-6.95096
56038,1.04564,-7.48181
56039,1.04556,-7.4475
56040,1.04735,-7.09373
56041,1.04782,-7.04888
56042,1.04857,-6.96363
56043,1.04711,-7.12011
56044,1.05058,-6.53926
56045,1.04949,-6.71218
56046,1.04964,-6.70029
56047,1.04511,-7.61728
56048,1.04755,-7.0233
56049,1.04739,-7.05406
56050,1.04723,-7.0948
56051,1.04706,-7.12025
56052,1.04694,-7.13539
56053,1.04212,-7.97493
56054,1.04349,-7.85806
56055,1.04266,-7.94576
56056,1.04135,-8.02169
56057,1.04335,-7.93327
56058,1.0465,-7.21813
56059,1.04667,-7.22419
56060,1.04171,-8.03384
56061,1.04281,-7.85826
56062,1.04794,-6.97658
56063,1.04945,-6.73514
56064,1.04619,-7.25463
56065,1.04521,-7.28998
56066,1.04932,-6.7633
56067,1.04416,-7.71362
56068,1.04329,-7.83955
56069,1.04207,-8.01628
56070,1.04433,-7.64669
56071,1.04512,-7.59818
56072,1.04414,-7.35144
56073,1.04538,-7.24402
56074,1.04529,-7.28838
56075,1.04498,-7.30279
56076,1.04498,-7.2903
56077,1.04524,-7.28707
56078,1.04564,-7.26107
56079,1.04626,-7.20084
56080,1.04628,-7.22344
56081,1.05342,-6.22568
56082,1.05275,-6.27777
56083,1.04858,-6.99415
56084,1.05273,-6.25664
56085,1.0553,-5.26212
56086,1.05004,-6.78748
56087,1.06118,-4.70016
56088,1.04995,-6.68778
56089,1.04958,-6.6789
56090,1.04932,-6.69805
56091,1.04989,-6.66053
56092,1.04969,-6.77858
56093,1.05192,-6.36879
56094,1.05144,-6.44052
56095,1.0452,-7.23357
56096,1.04484,-7.23336
56097,1.04461,-7.2303
56098,1.04865,-6.84672
56099,1.04791,-6.88867
56100,1.04758,-6.90239
56101,1.04928,-6.67717
56102,1.0485,-6.79811
56103,1.04917,-6.71019
56104,1.05049,-6.61151
56105,1.04924,-6.69583
56106,1.0561,-5.42287
56107,1.04925,-6.65884
56108,1.05042,-6.37003
56109,1.05306,-5.72375
56110,1.05244,-5.78454
56111,1.05246,-5.78137
56112,1.04563,-7.16952
56113,1.0448,-7.2503
56114,1.0445,-7.28877
56115,1.04485,-7.27275
56116,1.04534,-7.20075
56117,1.05179,-5.84764
56118,1.05538,-5.49855
56119,1.04962,-6.49912
56120,1.04366,-7.26511
56121,1.04417,-7.24151
56122,1.04369,-7.26796
56123,1.0433,-7.27422
56124,1.04461,-7.30221
56125,1.04955,-6.53005
56126,1.05128,-6.37702
56127,1.0424,-7.47838
56128,1.0504,-6.44998
56129,1.04254,-7.47458
56130,1.04329,-7.39454
56131,1.04407,-7.30836
56132,1.04321,-7.23152
56133,1.04975,-6.50649
56134,1.04605,-7.05351
56135,1.04489,-7.19316
56136,1.04809,-6.59968
56137,1.05139,-6.12852
56138,1.05223,-6.06083
56139,1.05132,-6.0157
56140,1.0685,-3.67594
56141,1.05225,-6.0084
56142,1.05061,-6.01291
56143,1.04486,-6.58007
56144,1.0488,-5.98086
56145,1.05088,-5.41375
56146,1.04697,-6.01264
56147,1.0512,-5.32371
56148,1.04809,-5.93244
56149,1.04783,-5.53582
56150,1.0517,-5.20028
56151,1.05224,-5.09457
56152,1.04978,-5.48628
56153,1.05325,-4.92287
56154,1.04787,-7.93695
56155,1.0438,-8.39416
56156,1.04273,-8.3857
56157,1.04626,-8.14505
56158,1.04295,-8.39604
56159,1.04334,-8.37102
56160,1.04763,-7.69226
56161,1.04263,-8.32308
56162,1.04804,-7.4482
56163,1.04724,-7.20836
56164,1.04394,-8.16163
56165,1.04703,-7.25362
56166,1.04455,-8.12206
56167,1.04614,-8.14472
56168,1.04422,-8.18276
56169,1.04447,-8.17805
56170,1.04521,-8.09195
56171,1.04484,-8.16185
56172,1.04791,-7.12692
56173,1.04267,-8.02638
56174,1.04877,-7.01856
56175,1.04932,-6.94101
56176,1.05025,-6.78157
56177,1.05059,-6.71283
56178,1.0434,-7.66586
56179,1.04322,-7.68034
56180,1.04653,-7.3158
56181,1.04777,-7.1378
56182,1.04995,-6.68652
56183,1.04873,-7.06275
56184,1.05148,-6.58299
56185,1.0522,-6.46909
56186,1.06621,-3.88395
56187,1.05161,-6.65939
56188,1.0491,-6.70833
56189,1.04776,-6.96844
56190,1.05326,-6.28499
56191,1.05265,-6.36073
56192,1.05107,-6.54317
56193,1.04686,-7.21165
56194,1.04593,-7.39318
56195,1.04602,-7.34365
56196,1.04667,-7.22398
56197,1.04724,-7.11692
56198,1.04873,-6.84001
56199,1.04967,-6.83251
56200,1.04724,-7.22579
56201,1.04591,-8.01564
56202,1.04661,-7.94387
56203,1.0459,-7.96271
56204,1.04847,-7.11746
56205,1.04837,-7.43058
56206,1.04906,-7.03624
56207,1.04888,-7.06618
56208,1.04467,-7.64641
56209,1.04512,-7.60711
56210,1.04565,-7.58621
56211,1.0463,-7.54781
56212,1.04653,-7.5169
56213,1.04683,-7.48079
56214,1.04514,-7.58862
56215,1.04593,-7.56454
56216,1.0499,-6.9434
56217,1.0513,-6.76524
56218,1.05298,-6.55919
56219,1.04648,-7.46579
56220,1.04731,-7.44547
56221,1.05287,-6.52177
56222,1.0538,-6.33597
56223,1.05546,-6.22087
56224,1.05766,-6.06917
56225,1.05773,-6.08064
56226,1.05803,-6.07876
56227,1.05618,-6.24574
56228,1.05526,-6.32944
56229,1.05122,-7.03614
56230,1.05063,-7.10389
56231,1.04985,-7.17523
56232,1.04923,-7.19132
56233,1.05015,-7.23196
56234,1.05679,-6.18272
56235,1.05509,-6.53069
56236,1.05629,-6.36136
56237,1.05792,-6.14312
56238,1.05898,-5.96571
56239,1.05973,-5.91698
56240,1.06079,-5.79164
56241,1.06223,-5.63328
56242,1.06353,-5.5165
56243,1.06048,-5.85409
56244,1.08233,-3.34812
56245,1.06455,-5.37958
56246,1.06124,-5.72508
56247,1.05107,-6.87366
56248,1.05005,-6.91265
56249,1.05061,-6.85374
56250,1.0667,-3.66876
56251,1.04758,-6.92037
56252,1.0487,-6.11256
56253,1.04281,-7.57893
56254,1.03966,-7.70054
56255,1.03901,-7.76424
56256,1.05087,-6.01382
56257,1.04882,-6.23579
56258,1.04394,-7.07046
56259,1.04876,-6.15904
56260,1.04925,-5.99303
56261,1.04999,-5.77006
56262,1.04608,-6.64805
56263,1.04251,-7.12317
56264,1.04137,-7.23182
56265,1.04833,-5.96345
56266,1.04315,-7.10404
56267,1.04223,-7.19737
56268,1.04919,-6.06529
56269,1.04961,-5.95159
56270,1.05008,-5.82027
56271,1.04194,-7.25964
56272,1.05153,-5.79924
56273,1.043,-6.70289
56274,1.05082,-5.75384
56275,1.05061,-5.71501
56276,1.05061,-5.68287
56277,1.03862,-7.42313
56278,1.05208,-5.31932
56279,1.05056,-5.62957
56280,1.05069,-5.54098
56281,1.05066,-5.47891
56282,1.04886,-5.50769
56283,1.05357,-4.8656
56284,1.0543,-4.77133
56285,1.0548,-4.74325
56286,1.05337,-5.00786
56287,1.05591,-4.78943
56288,1.05195,-5.39912
56289,1.04018,-7.30047
56290,1.08487,-0.781125
56291,1.06603,-3.78126
56292,1.05913,-5.95696
56293,1.05937,-5.87534
56294,1.05889,-5.87535
56295,1.05733,-5.92636
56296,1.05023,-7.27982
56297,1.05029,-6.67398
56298,1.06011,-5.80326
56299,1.06079,-5.71825
56300,1.05282,-6.3758
56301,1.06149,-5.63672
56302,1.0642,-5.35733
56303,1.05271,-6.40068
56304,1.07072,-4.54038
56305,1.06276,-5.35386
56306,1.06106,-5.54988
56307,1.06155,-5.41917
56308,1.05877,-5.84178
56309,1.0655,-5.17047
56310,1.06544,-5.19523
56311,1.05059,-6.86998
56312,1.04696,-7.10687
56313,1.04888,-6.91675
56314,1.04892,-6.95941
56315,1.05216,-6.00181
56316,1.04611,-7.1016
56317,1.04485,-7.11274
56318,1.04468,-7.09549
56319,1.04495,-7.02023
56320,1.04561,-6.94665
56321,1.0453,-6.91884
56322,1.04607,-6.80718
56323,1.04411,-6.8756
56324,1.05078,-6.52348
56325,1.0472,-6.85043
56326,1.05983,-5.38375
56327,1.05807,-5.42737
56328,1.05635,-5.45489
56329,1.05085,-6.78301
56330,1.05044,-6.75636
56331,1.0489,-6.80318
56332,1.04999,-6.76542
56333,1.05112,-6.68455
56334,1.0507,-6.69136
56335,1.05631,-5.92125
56336,1.05043,-6.69817
56337,1.05612,-5.87869
56338,1.05637,-5.83352
56339,1.05671,-5.7835
56340,1.05193,-6.57293
56341,1.05894,-5.55157
56342,1.05207,-6.6273
56343,1.05939,-5.44365
56344,1.05976,-5.41459
56345,1.05223,-6.52929
56346,1.05126,-6.71127
56347,1.05068,-6.76676
56348,1.05161,-6.5379
56349,1.05125,-6.53873
56350,1.05331,-5.48994
56351,1.05447,-5.47208
56352,1.05353,-5.49808
56353,1.05175,-5.46258
56354,1.05157,-5.2384
56355,1.05161,-5.02483
56356,1.04962,-5.65662
56357,1.05291,-5.47742
56358,1.05349,-5.40492
56359,1.05397,-5.44609
56360,1.0468,-6.46296
56361,1.04534,-6.60092
56362,1.0466,-6.3925
56363,1.06053,-5.00249
56364,1.05969,-5.34383
56365,1.06523,-4.78576
56366,1.06535,-4.68596
56367,1.06556,-4.57369
56368,1.06154,-4.71594
56369,1.06181,-4.58713
56370,1.05068,-5.8538
56371,1.05083,-5.9345
56372,1.04969,-6.09956
56373,1.05524,-4.85892
56374,1.05381,-5.17843
56375,1.04563,-4.93003
56376,1.04902,-4.81004
56377,1.05223,-4.59677
56378,1.05455,-3.48708
56379,1.05285,-7.2915
56380,1.06939,-5.04508
56381,1.04766,4.71258
56382,1.06411,8.55972
56383,1.03412,1.29754
56384,1.08995,9.33309
56385,1.06531,8.10602
56386,1.06896,8.32352
56387,1.07198,8.48729
56388,1.08993,10.0734
56389,1.0682,8.26694
56390,1.08846,9.86841
56391,1.093,9.72736
56392,1.1,10.8007
56393,1.0912,9.53867
56394,1.08126,8.53505
56395,1.09718,31.478
56396,1.08714,9.50389
56397,1.08756,10.2787
56398,1.0666,2.74667
56399,1.0663,2.71551
56400,1.0662,2.71262
56401,1.05052,1.33352
56402,1.06457,2.51995
56403,1.07027,3.2021
56404,1.06868,2.97121
56405,1.06539,2.53412
56406,1.06435,2.36812
56407,1.06446,2.2971
56408,1.03664,-0.344079
56409,1.04365,0.253661
56410,1.04255,-0.976628
56411,1.03831,-1.24163
56412,1.02945,-0.674515
56413,1.03105,-2.32746
56414,1.03676,-1.66139
56415,1.06033,1.14782
56416,1.07855,3.34733
56417,1.06499,2.10357
56418,1.06112,2.24713
56419,1.05949,2.09423
56420,1.05943,2.05797
56421,1.04338,1.03361
56422,1.04487,1.05402
56423,1.02239,26.5893
56424,1.06383,2.89259
56425,1.06434,2.24723
56426,1.06654,1.47807
56427,1.07072,1.11939
56428,1.06407,-0.300526
56429,1.07395,-0.247346
56430,1.07394,-0.389286
56431,1.0762,-0.920854
56432,1.08195,0.42702
56433,1.07444,0.0902691
56434,1.08787,2.29945
56435,1.07572,0.524891
56436,1.07822,1.23714
56437,1.074,1.14704
56438,1.06963,1.1872
56439,1.06946,1.25984
56440,1.05443,0.970092
56441,1.06274,-18.8038
56442,1.07436,-18.118
56443,1.06905,-18.8031
56444,1.07501,-18.0106
56445,1.06551,-18.6191
56446,1.06165,-18.8345
56447,1.06999,-18.1083
56448,1.07585,-17.905
56449,1.07106,-18.2215
56450,1.06193,-18.8124
56451,1.06263,-18.7819
56452,1.05502,-19.2925
56453,1.06632,-18.4521
56454,1.06763,-18.3012
56455,1.05129,-19.6842
56456,1.05961,-19.0633
56457,1.07029,-18.0237
56458,1.05334,-19.3159
56459,1.06916,-18.1519
56460,1.05332,-19.2806
56461,1.06964,-18.1003
56462,1.05449,-19.2695
56463,1.07196,-17.8584
56464,1.07091,-17.94
56465,1.05876,-19.0454
56466,1.08447,-16.6136
56467,1.05718,-19.1303
56468,1.06749,-18.1608
56469,1.05193,-19.6734
56470,1.0519,-19.7091
56471,1.0481,-19.7644
56472,1.03684,-20.5223
56473,1.03126,-20.7795
56474,1.042,-20.0745
56475,1.04571,-19.9495
56476,1.04669,-19.8445
56477,1.04294,-20.0984
56478,1.04914,-19.8419
56479,1.04512,-19.9036
56480,1.04555,-19.8968
56481,1.0506,-19.543
56482,1.0471,-19.738
56483,1.04161,-19.9766
56484,1.04075,-19.9865
56485,1.04414,-19.8622
56486,1.04585,-19.7617
56487,1.04025,-19.8198
56488,1.03362,-20.1633
56489,1.03268,-20.1785
56490,1.03877,-20.3656
56491,1.03845,-20.0901
56492,1.03101,-20.2689
56493,1.03355,-22.0086
56494,1.03814,-21.6315
56495,1.0319,-22.1455
56496,1.02995,-22.2513
56497,1.05687,-19.4296
56498,1.0306,-22.1866
56499,1.03487,-21.8885
56500,1.03701,-21.8152
56501,1.0403,-21.5463
56502,1.04196,-21.2301
56503,1.04135,-21.1798
56504,1.05218,-19.8612
56505,1.04158,-21.4389
56506,1.0413,-21.4864
56507,1.03975,-21.5459
56508,1.03428,-22.0391
56509,1.03931,-21.529
56510,1.03945,-21.4799
56511,1.05027,-19.9813
56512,1.04318,-21.0745
56513,1.04551,-20.993
56514,1.08124,-16.7098
56515,1.07947,-16.943
56516,1.05349,-18.9397
56517,1.05852,-18.9697
56518,1.07489,-17.524
56519,1.07336,-17.1082
56520,1.05618,-18.2247
56521,1.07119,-17.3426
56522,1.04291,-19.5821
56523,1.04703,-19.2718
56524,1.07678,-17.1444
56525,1.05966,-18.7316
56526,1.07024,-17.7535
56527,1.0735,-17.5046
56528,1.07776,-17.306
56529,1.06619,-18.2913
56530,1.07819,-17.2717
56531,1.09801,-15.0358
56532,1.05364,-19.215
56533,1.05604,-19.2205
56534,1.05774,-19.1635
56535,1.06319,-19.0254
56536,1.05775,-19.2036
56537,1.07366,-18.1785
56538,1.05035,-19.3033
56539,1.07731,-16.464
56540,1.05527,-19.2364
56541,1.05952,-19.1427
56542,1.06819,-18.5364
56543,1.06355,-19.312
56544,1.07209,-18.5214
56545,1.07678,-18.1414
56546,1.07309,-15.9835
56547,1.06724,-17.1103
56548,1.04515,-19.2604
56549,1.05081,-19.1434
56550,1.0653,-17.7593
56551,1.06274,-18.3394
56552,1.061,-18.7886
56553,1.05082,-19.7014
56554,1.07247,-0.811504
56555,1.08597,1.21693
56556,1.08858,1.46825
56557,1.08937,1.5259
56558,1.08888,1.48815
56559,1.06022,-2.51898
56560,1.06393,-2.51485
56561,1.07357,-1.56689
56562,1.06403,-2.49677
56563,1.07066,-2.59297
56564,1.05507,-0.73801
56565,1.06223,25.0974
56566,1.05484,24.3559
56567,1.04087,21.517
56568,1.0522,23.4323
56569,1.05033,23.2226
56570,1.03753,19.9405
56571,1.03451,20.2234
56572,1.08969,2.53176
56573,1.08082,1.9095
56574,1.09932,3.99152
56575,1.09103,2.59633
56576,1.09318,2.70961
56577,1.08845,2.42387
56578,1.08785,1.5853
56579,1.09102,3.07375
56580,1.09974,4.75366
56581,1.07357,3.37072
56582,1.08107,4.59072
56583,1.08665,3.73527
56584,1.09087,6.18139
56585,1.08633,4.93079
56586,1.08969,5.58297
56587,1.09003,5.76347
56588,1.08987,5.68915
56589,1.09294,7.16489
56590,1.08584,5.13607
56591,1.03879,-0.509626
56592,1.08112,3.09868
56593,1.04629,-0.119145
56594,1.04781,-0.0410699
56595,1.062,1.32766
56596,1.06366,1.10152
56597,1.07125,1.24657
56598,1.08957,14.366
56599,1.09399,12.6794
56600,1.0938,11.88
56601,1.0965,12.3811
56602,1.09274,11.8368
56603,1.09876,12.7213
56604,1.09392,11.8513
56605,1.09527,12.0121
56606,1.09308,11.7876
56607,1.09816,11.7744
56608,1.03688,-11.2305
56609,1.06897,1.0223
56610,1.06738,-0.229823
56611,1.0852,-2.36676
56612,1.08872,-1.32208
56613,1.08241,3.8943
56614,1.07262,1.93047
56615,1.08465,2.03694
56616,1.0925,-1.06089
56617,1.08813,-0.981224
56618,1.08433,-0.834225
56619,1.08349,0.672022
56620,1.08273,-0.660359
56621,1.08264,-0.180791
56622,1.08211,-0.942914
56623,1.07641,-2.47653
56624,1.08364,-0.71951
56625,1.08405,0.107919
56626,1.08429,0.653601
56627,1.07465,-0.198277
56628,1.0711,32.9207
56629,1.07861,32.6003
56630,1.08481,32.92
56631,1.08627,33.0563
56632,1.0838,32.7853
56633,1.08371,32.7474
56634,1.094,34.2397
56635,1.06785,3.91752
56636,1.07985,2.30843
56637,1.09506,3.0344
56638,1.09465,2.55254
56639,1.07972,2.94412
56640,1.08337,3.91019
56641,1.08408,3.88151
56642,1.06571,-1.9895
56643,1.06547,-2.33437
56644,1.06482,-2.46501
56645,1.06602,-2.48515
56646,1.06847,-2.75437
56647,1.07363,-2.18762
56648,1.09156,-2.82411
56649,1.09305,-2.75003
56650,1.04467,-4.0195
56651,1.07608,-5.73681
56652,1.0841,-4.85934
56653,1.07458,-5.86608
56654,1.0834,-5.0746
56655,1.08326,-5.24751
56656,1.08305,-5.38692
56657,1.08363,-5.29664
56658,1.07019,-6.09282
56659,1.08317,-5.19007
56660,1.08679,-5.18511
56661,1.08358,-5.31247
56662,1.07184,-6.00617
56663,1.0729,-5.98568
56664,1.07288,-5.97248
56665,1.08486,-5.09794
56666,1.07993,-5.59033
56667,1.0834,-5.22734
56668,1.08397,-5.24402
56669,1.08272,-5.46895
56670,1.07764,-5.76896
56671,1.08135,-5.75151
56672,1.08522,-5.16438
56673,1.08481,-5.19071
56674,1.08457,-5.20569
56675,1.08415,-5.23195
56676,1.08129,-5.68914
56677,1.08146,-5.72253
56678,1.08279,-5.46596
56679,1.08147,-5.76037
56680,1.08771,-4.98348
56681,1.07543,-6.35673
56682,1.07907,-6.13421
56683,1.08755,-5.06642
56684,1.08734,-5.06582
56685,1.09298,-4.58733
56686,1.0929,-4.59409
56687,1.08798,-5.05739
56688,1.07839,-6.14065
56689,1.0872,-5.05994
56690,1.09276,-4.43686
56691,1.08772,-5.08703
56692,1.08761,-5.10824
56693,1.09365,-4.47904
56694,1.07851,-6.01567
56695,1.08751,-5.14166
56696,1.07984,-6.00061
56697,1.07674,-5.87664
56698,1.07742,-5.8677
56699,1.08345,-5.48145
56700,1.08852,-5.04019
56701,1.08801,-5.02269
56702,1.08764,-4.99791
56703,1.08921,-5.04374
56704,1.09608,-4.27614
56705,1.0946,-4.35685
56706,1.0887,-5.09449
56707,1.08573,-5.45391
56708,1.09418,-4.37612
56709,1.08449,-5.58303
56710,1.09061,-4.75272
56711,1.09326,-4.30273
56712,1.07767,-6.22679
56713,1.07929,-6.06558
56714,1.07343,-6.54029
56715,1.05678,-7.6972
56716,1.06995,-6.85463
56717,1.08912,-5.06694
56718,1.08147,-5.26044
56719,1.08724,-5.23109
56720,1.09356,-4.23817
56721,1.08845,-5.02343
56722,1.07617,-6.04169
56723,1.08217,-11.557
56724,1.08339,-13.2051
56725,1.032,-10.4533
56726,1.05147,-11.8361
56727,1.02643,-14.5422
56728,1.02475,-14.6489
56729,1.03021,-14.2775
56730,1.02879,-14.3123
56731,1.0662,-12.0024
56732,1.0943,2.70425
56733,1.06886,-2.4186
56734,1.06938,-2.33022
56735,1.06795,-2.66239
56736,1.06508,-2.61082
56737,1.06777,-2.26004
56738,1.06985,-2.20501
56739,1.08017,-0.41007
56740,1.09199,2.13946
56741,1.0914,1.9897
56742,1.07577,-1.26715
56743,1.09154,2.01303
56744,1.07227,-1.33602
56745,1.07563,-0.887112
56746,1.06172,-4.10548
56747,1.06315,-3.60427
56748,1.06204,-4.3443
56749,1.06206,-3.83259
56750,1.06772,-1.99237
56751,1.06526,-2.97468
56752,1.06985,-1.4613
56753,1.08413,1.04131
56754,1.08712,1.60821
56755,1.08071,0.346256
56756,1.08075,0.322444
56757,1.06895,-0.641714
56758,1.08115,0.462029
56759,1.0808,0.385148
56760,1.0878,9.61183
56761,1.08728,9.841
56762,1.08823,10.6426
56763,1.09094,11.5087
56764,1.08735,10.0991
56765,1.08706,10.5425
56766,1.07397,2.4003
56767,1.04225,-0.266866
56768,1.0416,-0.742481
56769,1.07509,1.2649
56770,1.08259,-4.6425
56771,1.07054,-6.13077
56772,1.07543,-4.94379
56773,1.07759,-4.85487
56774,1.08031,-4.63099
56775,1.07535,-3.42329
56776,1.07439,-3.30974
56777,1.09492,-3.09328
56778,1.07724,-2.35214
56779,1.07284,-3.76523
56780,1.07435,-1.4858
56781,1.07666,-2.2039
56782,1.07371,-3.62337
56783,1.06969,-3.50014
56784,1.07096,-3.4689
56785,1.07421,-1.32819
56786,1.07384,-2.42795
56787,1.07478,-1.05879
56788,1.03704,-4.91442
56789,1.03505,-5.05661
56790,1.03709,-5.26513
56791,1.03777,-4.50147
56792,1.03548,-3.60323
56793,1.03813,-4.66347
56794,1.09284,-10.8312
56795,1.09187,22.2791
56796,1.04221,-4.14012
56797,1.03141,-7.28826
56798,1.04426,-4.79169
56799,1.04771,-4.18467
56800,1.03317,-7.08027
56801,1.03565,-6.92061
56802,1.0331,-7.22694
56803,1.03479,-7.00666
56804,1.02883,-7.36913
56805,1.03748,-5.76984
56806,1.05586,-2.50027
56807,1.05611,-2.44237
56808,1.0794,10.9163
56809,1.05692,-3.59633
56810,1.09253,-8.4034
56811,1.07527,-9.55498
56812,1.07391,-9.76783
56813,1.07296,-9.89282
56814,1.0737,-9.7587
56815,1.0808,10.2249
56816,1.08244,8.86559
56817,1.09677,5.41064
56818,1.09731,5.48314
56819,1.08921,4.49719
56820,1.0729,4.22152
56821,1.08885,6.41053
56822,1.08815,4.90678
56823,1.09229,5.07534
56824,1.09928,5.59618
56825,1.09806,6.01803
56826,1.0935,6.56008
56827,1.07868,4.38912
56828,1.09039,6.43096
56829,1.08767,29.3858
56830,1.09175,31.1063
56831,1.08596,30.0737
56832,1.07231,27.8501
56833,1.06911,26.7712
56834,1.06648,1.17302
56835,1.0596,-0.176199
56836,1.06284,0.398008
56837,1.06163,0.0805797
56838,1.06177,0.0716317
56839,1.08697,-5.39476
56840,1.02842,-1.2293
56841,1.03864,0.0177076
56842,1.04557,0.260714
56843,1.04488,0.42078
56844,1.04017,0.90738
56845,1.05045,1.24803
56846,1.08979,3.99613
56847,1.08631,2.64855
56848,1.094,3.76146
56849,1.08917,2.95448
56850,1.07511,3.33028
56851,1.09582,5.63148
56852,1.09885,5.80991
56853,1.07291,-4.29953
56854,1.07692,-4.35605
56855,1.06798,-5.13342
56856,1.07203,-5.08613
56857,1.07552,-4.35965
56858,1.07678,-4.49703
56859,1.06994,-5.88814
56860,1.06956,-5.77899
56861,1.06728,-5.67656
56862,1.08211,-6.01541
56863,1.09205,-5.47899
56864,1.09117,-5.48523
56865,1.06866,-6.18129
56866,1.09005,-5.40881
56867,1.06424,0.735983
56868,1.07853,2.28085
56869,1.07937,2.30719
56870,1.08053,2.58168
56871,1.07655,2.45414
56872,1.08083,2.28553
56873,1.08973,4.31926
56874,1.09528,3.91748
56875,1.01178,25.7337
56876,1.00874,25.3089
56877,1.05828,-0.553706
56878,1.04945,-4.03103
56879,1.04403,-5.44645
56880,1.01313,-9.01303
56881,1.06305,0.191836
56882,1.06348,0.157304
56883,1.04594,-0.557266
56884,1.07952,0.783018
56885,1.07196,0.469854
56886,1.06385,0.118331
56887,1.05349,4.54788
56888,1.05659,20.5993
56889,1.05663,21.4624
56890,1.05342,20.3749
56891,1.05064,20.2225
56892,1.0556,21.1547
56893,1.0467,20.0578
56894,1.04747,20.0951
56895,1.04192,20.0045
56896,1.046,20.0753
56897,1.05531,20.9619
56898,1.05256,20.2989
56899,1.05327,20.3258
56900,1.05249,20.2849
56901,1.05447,20.3771
56902,1.05996,20.7406
56903,1.06267,20.8838
56904,1.06644,21.0898
56905,1.05228,20.2207
56906,1.05197,20.2215
56907,1.05146,20.2238
56908,1.0568,20.8059
56909,1.04721,20.044
56910,1.05566,20.8278
56911,1.05255,20.8276
56912,1.0403,19.6744
56913,1.05169,20.8866
56914,1.03288,19.5217
56915,1.04263,19.8136
56916,1.04491,19.9366
56917,1.04633,19.9956
56918,1.04147,19.6959
56919,1.0397,19.6143
56920,1.04779,20.0421
56921,1.04268,19.72
56922,1.04085,19.636
56923,1.04919,20.087
56924,1.05017,20.1348
56925,1.04361,19.7256
56926,1.04348,19.7271
56927,1.04631,19.8547
56928,1.04532,19.7915
56929,1.04733,19.8745
56930,1.05847,20.8211
56931,1.06204,20.9037
56932,1.09416,22.306
56933,1.05175,21.2812
56934,1.04332,20.9172
56935,1.03934,20.3991
56936,1.05428,22.7253
56937,1.05296,22.3044
56938,1.0414,20.0092
56939,1.03774,19.603
56940,1.03295,19.526
56941,1.05083,21.2297
56942,1.03477,19.6445
56943,1.03432,19.5473
56944,1.02916,19.3447
56945,1.03871,19.5982
56946,1.04019,19.628
56947,1.04435,19.7635
56948,1.0451,19.834
56949,1.06051,20.9739
56950,1.03786,19.593
56951,1.04199,19.6911
56952,1.05761,20.8054
56953,1.08807,22.4517
56954,1.08866,22.7189
56955,1.05615,20.5929
56956,1.07009,21.5389
56957,1.07771,22.0063
56958,1.06963,20.2664
56959,1.06215,0.905179
56960,1.06111,0.452563
56961,1.0643,2.04664
56962,1.04541,-2.47483
56963,1.04684,-2.37093
56964,1.04535,-2.39396
56965,1.04591,-2.45928
56966,1.04699,-2.44126
56967,1.0486,-2.34375
56968,1.05015,-2.22019
56969,1.05904,-0.875211
56970,1.04749,-2.40239
56971,1.05892,-0.862553
56972,1.04668,-2.44633
56973,1.05816,-0.859039
56974,1.05684,-0.841523
56975,1.04517,-2.39455
56976,1.05669,-0.757004
56977,1.05718,-0.575739
56978,1.05457,-0.564551
56979,1.04619,-2.39328
56980,1.08463,1.28191
56981,1.04827,-2.34754
56982,1.06091,-0.799909
56983,1.05972,-0.871951
56984,1.05045,-1.80285
56985,1.06114,-0.817463
56986,1.061,-0.797852
56987,1.06029,-0.83269
56988,1.05276,-1.50494
56989,1.0602,-0.815937
56990,1.05546,-0.872544
56991,1.06158,-0.715678
56992,1.04875,-1.98281
56993,1.04779,-2.008
56994,1.04949,-1.87553
56995,1.06509,0.115317
56996,1.07893,1.25301
56997,1.08722,1.6705
56998,1.07079,0.361291
56999,1.04775,-1.38539
57000,1.05096,-1.26303
57001,1.07669,0.802388
57002,1.0573,-1.0671
57003,1.05004,-1.56145
57004,1.05456,-1.64248
57005,1.05829,-0.882474
57006,1.04858,-1.60383
57007,1.04972,-1.79395
57008,1.06468,-0.488789
57009,1.05934,-0.75716
57010,1.05126,-1.51084
57011,1.06301,-0.683153
57012,1.056,-1.48775
57013,1.06229,-2.98041
57014,1.07867,2.57656
57015,1.09059,2.19433
57016,1.09413,3.57562
57017,1.0986,3.30258
57018,1.05782,6.89335
57019,1.09103,9.24302
57020,1.09776,9.91012
57021,1.08478,8.75245
57022,1.05758,10.4438
57023,1.08016,10.0894
57024,1.05178,-1.89071
57025,1.05479,-1.47616
57026,1.09689,3.23788
57027,1.09646,2.60712
57028,1.09197,1.77142
57029,1.09739,3.87312
57030,1.09049,2.87585
57031,1.08878,2.93117
57032,1.08799,2.85325
57033,1.07629,3.28653
57034,1.07676,3.51049
57035,1.08663,3.37705
57036,1.04988,-8.56058
57037,1.0394,-13.1744
57038,1.0404,-13.0904
57039,1.03566,-13.6419
57040,1.03792,-13.3394
57041,1.0364,-13.5629
57042,1.0384,-13.3217
57043,1.03896,-13.2971
57044,1.07292,-5.38721
57045,1.04215,-1.40918
57046,1.03815,-3.37596
57047,1.0623,-1.96177
57048,1.05461,-1.32615
57049,1.05158,-0.726424
57050,1.0467,-1.58482
57051,1.07084,-1.67128
57052,1.06599,-1.57049
57053,1.06286,-1.08395
57054,1.04128,7.66118
57055,1.04068,7.6463
57056,1.03481,7.33105
57057,1.03512,7.33216
57058,1.0358,7.402
57059,1.03782,7.48949
57060,1.03425,7.32068
57061,1.03434,7.30117
57062,1.03514,7.26368
57063,1.03305,7.18543
57064,1.03889,7.4497
57065,1.03836,7.43792
57066,1.03822,7.43299
57067,1.03995,7.47911
57068,1.03066,6.9861
57069,1.03023,7.02633
57070,1.04582,8.02143
57071,1.03583,7.42785
57072,1.03425,7.32554
57073,1.04841,8.19749
57074,1.04644,8.07653
57075,1.06059,8.34652
57076,1.06076,9.20393
57077,1.05638,8.12728
57078,1.03694,7.38809
57079,1.03134,7.06247
57080,1.03381,7.26214
57081,1.04152,-1.43291
57082,1.06311,1.61892
57083,1.04602,-0.7338
57084,1.05443,0.0512625
57085,1.03856,-0.934158
57086,1.07007,1.79472
57087,1.08065,2.50721
57088,1.08092,4.13009
57089,1.07509,2.9445
57090,1.09593,14.7406
57091,1.09751,14.2851
57092,1.04208,-5.52591
57093,1.04624,-4.30466
57094,1.04646,-4.28201
57095,1.05793,-1.97055
57096,1.05926,-1.8409
57097,1.0474,-4.97743
57098,1.04687,-5.1113
57099,1.05952,-3.72863
57100,1.05801,-4.34175
57101,1.04754,-4.92523
57102,1.0677,-3.36224
57103,1.06369,-4.02767
57104,1.06729,-3.87717
57105,1.08036,-2.57234
57106,1.06225,-4.34121
57107,1.06271,-4.5043
57108,1.06471,-4.28321
57109,1.06489,-4.23905
57110,1.06416,-4.33592
57111,1.06362,-4.40807
57112,1.06354,-4.48653
57113,1.06293,-4.46872
57114,1.06267,-4.60846
57115,1.06269,-4.67979
57116,1.06253,-4.65754
57117,1.06257,-4.71624
57118,1.06159,-4.83121
57119,1.06757,-4.09798
57120,1.06096,-4.69509
57121,1.0599,-5.03397
57122,1.05861,-5.19221
57123,1.04646,-6.86563
57124,1.06094,-4.77145
57125,1.05485,-5.30535
57126,1.05466,-6.1608
57127,1.05357,-6.60119
57128,1.05672,-6.18542
57129,1.05073,-5.80858
57130,1.04908,-6.10658
57131,1.05345,-5.44079
57132,1.06382,-5.2101
57133,1.06051,-5.65529
57134,1.06804,-4.46274
57135,1.07854,-1.5128
57136,1.0689,-3.4523
57137,1.06774,-3.56308
57138,1.04762,-5.35082
57139,1.0695,-3.54731
57140,1.07008,-3.34672
57141,1.07244,-3.19048
57142,1.07234,-3.20932
57143,1.0783,-2.65304
57144,1.06075,-4.29462
57145,1.07704,-2.82948
57146,1.06576,-3.58396
57147,1.04854,-5.08751
57148,1.04583,-5.26656
57149,1.09301,-1.1302
57150,1.08789,-1.79095
57151,1.08516,-1.5666
57152,1.06638,-3.18721
57153,1.0766,-2.43805
57154,1.07225,-2.92213
57155,1.0719,-2.66757
57156,1.08776,-0.944261
57157,1.06621,31.5289
57158,1.09404,32.615
57159,1.09299,32.5278
57160,1.08004,31.6045
57161,1.07929,8.03344
57162,1.09954,10.6344
57163,1.08524,8.97718
57164,1.09169,25.7692
57165,1.07185,5.09179
57166,1.0565,2.44766
57167,1.05401,1.09396
57168,1.05155,0.318279
57169,1.06316,3.4688
57170,1.04458,-0.215915
57171,1.05291,1.40404
57172,1.05793,2.15767
57173,1.05719,1.92988
57174,1.04532,0.320954
57175,1.0542,1.22353
57176,1.05252,1.33431
57177,1.03667,-1.40895
57178,1.07173,-2.0523
57179,1.07273,-1.43789
57180,1.07096,-2.0735
57181,1.05607,-1.84943
57182,1.05886,-2.15671
57183,1.09105,2.37606
57184,1.08761,1.68358
57185,1.05822,-2.14479
57186,1.07284,-0.615765
57187,1.07478,0.449185
57188,1.08711,2.80463
57189,1.08285,1.33986
57190,1.07768,-2.54638
57191,1.09845,-1.71004
57192,1.09633,12.6819
57193,1.09801,14.0699
57194,1.09742,14.1129
57195,1.09774,14.0912
57196,1.09508,12.8146
57197,1.08866,-6.48193
57198,1.09945,-5.37115
57199,1.09531,-5.51865
57200,1.08301,-6.95524
57201,1.08645,-6.63461
57202,1.08672,-6.59498
57203,1.08765,-6.54051
57204,1.08616,-6.49715
57205,1.08592,-6.63
57206,1.09293,-5.93976
57207,1.08324,-6.78683
57208,1.07544,-7.73222
57209,1.07199,-8.03317
57210,1.0691,-8.2544
57211,1.06708,-8.36508
57212,1.06998,-8.20364
57213,1.0657,-8.404
57214,1.06665,-8.39794
57215,1.06872,-8.27137
57216,1.06979,-8.19664
57217,1.08398,-6.73694
57218,1.07083,-8.11206
57219,1.08207,-7.02189
57220,1.07508,-7.56907
57221,1.08034,-7.23168
57222,1.06822,-8.31153
57223,1.06689,-8.40953
57224,1.06587,-8.45496
57225,1.07775,-7.53154
57226,1.07955,-7.27354
57227,1.06524,-8.53632
57228,1.06313,-8.5973
57229,1.06449,-8.56241
57230,1.06274,-8.60032
57231,1.06361,-8.52992
57232,1.06253,-8.58331
57233,1.06246,-8.56316
57234,1.07417,-7.68888
57235,1.06902,-8.27452
57236,1.07645,-7.6859
57237,1.07916,-7.65097
57238,1.06689,-8.53323
57239,1.06306,-8.56037
57240,1.06331,-8.582
57241,1.07621,-7.73546
57242,1.06407,-8.57532
57243,1.06256,-8.627
57244,1.06206,-8.63478
57245,1.0624,-8.65657
57246,1.06582,-8.46037
57247,1.0648,-8.52938
57248,1.07731,-7.92517
57249,1.07995,-8.89174
57250,1.07991,-8.85024
57251,1.07861,-7.55575
57252,1.07772,-8.99899
57253,1.07005,-7.0288
57254,1.05998,-8.79631
57255,1.07349,-8.48929
57256,1.06378,-8.59934
57257,1.07549,-7.90567
57258,1.0751,-8.0176
57259,1.06169,-8.62379
57260,1.06229,-8.61993
57261,1.05892,-8.79245
57262,1.06181,-8.65759
57263,1.06035,-8.78265
57264,1.06031,-8.76942
57265,1.05952,-8.80825
57266,1.06096,-8.78985
57267,1.06102,-10.1901
57268,1.07395,-9.14502
57269,1.07248,-9.15092
57270,1.06148,-9.42779
57271,1.06059,-10.2498
57272,1.0682,-9.32203
57273,1.0819,-8.51578
57274,1.07587,-7.4811
57275,1.09525,-5.46793
57276,1.08916,-6.22677
57277,1.06804,-8.2661
57278,1.03938,29.2994
57279,1.02067,27.165
57280,1.0221,27.2569
57281,1.07163,30.0309
57282,1.09204,-3.93225
57283,1.09964,-3.69042
57284,1.09172,-4.21534
57285,1.06261,-6.2319
57286,1.09226,-4.05809
57287,1.092,-4.05542
57288,1.09296,-3.6583
57289,1.09264,-2.8159
57290,1.09103,-3.7695
57291,1.09193,-3.87954
57292,1.08892,-4.3706
57293,1.07407,-5.41953
57294,1.06843,-5.81029
57295,1.08663,-4.62207
57296,1.08593,-4.92423
57297,1.08794,-4.61068
57298,1.08739,-4.75367
57299,1.08605,-5.01759
57300,1.089,-4.73907
57301,1.09279,-4.56709
57302,1.09954,-3.86758
57303,1.08544,3.84949
57304,1.09598,4.89022
57305,1.09488,4.07125
57306,1.09502,3.44534
57307,1.0884,2.7774
57308,1.09498,3.01322
57309,1.09508,3.25315
57310,1.09392,3.17729
57311,1.09396,3.24979
57312,1.03667,2.47881
57313,1.08689,9.26402
57314,1.06188,5.02686
57315,1.08276,8.03555
57316,1.08477,7.85468
57317,1.06542,6.40478
57318,1.08826,0.786001
57319,1.07977,0.0829363
57320,1.08893,1.18884
57321,1.08976,1.61546
57322,1.08622,-0.378817
57323,1.08189,-1.36982
57324,1.08741,-0.466651
57325,1.08302,-1.17582
57326,1.08462,-0.700676
57327,1.09443,1.17398
57328,1.08856,-0.0544478
57329,1.09413,1.68205
57330,1.09418,2.40187
57331,1.09232,2.44084
57332,1.08741,2.30355
57333,1.08634,-0.0548975
57334,1.08454,-0.470697
57335,1.0875,0.205241
57336,1.08248,-0.972222
57337,1.09559,33.1574
57338,1.07482,31.03
57339,1.09162,4.33128
57340,1.02813,-5.84226
57341,1.02924,-5.78257
57342,1.05277,-3.5732
57343,1.05103,-4.99688
57344,1.07112,-3.11596
57345,1.06413,-2.92827
57346,1.06597,-3.44685
57347,1.06293,-2.60119
57348,1.06341,-2.46582
57349,1.06266,-1.93884
57350,1.06486,-1.94843
57351,1.07797,0.617424
57352,1.07072,-2.29617
57353,1.06005,30.4115
57354,1.06011,30.4388
57355,1.0603,30.4782
57356,1.06119,30.5451
57357,1.0642,30.7944
57358,1.06582,30.9554
57359,1.06625,30.9748
57360,1.06368,30.7552
57361,1.06019,30.475
57362,1.06614,30.9092
57363,1.06077,30.5104
57364,1.05946,30.468
57365,1.06481,30.839
57366,1.06586,30.8992
57367,1.07927,32.3303
57368,1.0759,32.0331
57369,1.07528,31.9791
57370,1.06249,30.6376
57371,1.0621,30.7393
57372,1.07378,31.7215
57373,1.07649,32.0627
57374,1.08215,32.6016
57375,1.05066,28.7925
57376,1.07365,31.8053
57377,1.07591,32.0438
57378,1.06279,30.6849
57379,1.07447,31.9256
57380,1.07821,32.2413
57381,1.07742,32.1518
57382,1.08812,33.5046
57383,1.08579,33.2657
57384,1.07412,31.9051
57385,1.07418,31.9068
57386,1.07411,31.8693
57387,1.03771,-5.18974
57388,1.03895,-7.78363
57389,1.08666,3.57305
57390,1.08554,2.42319
57391,1.06544,30.8843
57392,1.0599,30.4071
57393,1.06018,30.4525
57394,1.06199,30.5413
57395,1.06274,30.5919
57396,1.06638,30.978
57397,1.06749,31.0081
57398,1.0655,30.8993
57399,1.06058,30.4135
57400,1.06587,30.9202
57401,1.05996,30.3914
57402,1.06546,30.8944
57403,1.05972,30.3322
57404,1.06545,30.6443
57405,1.06533,30.8826
57406,1.05897,30.3481
57407,1.06549,30.7599
57408,1.06037,30.2697
57409,1.06514,30.6218
57410,1.06529,30.6184
57411,1.06508,30.6112
57412,1.06187,30.2879
57413,1.06454,30.2746
57414,1.06811,30.3219
57415,1.05761,29.4053
57416,1.05864,29.454
57417,1.06564,29.4809
57418,1.06624,30.7963
57419,1.09631,34.5358
57420,1.07635,6.08365
57421,1.04347,-5.75675
57422,1.05899,6.5909
57423,1.07587,7.76916
57424,1.07084,7.2222
57425,1.06751,6.93667
57426,1.04139,-0.965959
57427,1.04011,-0.886532
57428,1.03959,-0.933291
57429,1.03942,-0.977899
57430,1.04328,-2.2844
57431,1.07604,0.35387
57432,1.07202,-1.22719
57433,1.03645,30.3847
57434,1.09941,5.26336
57435,1.09564,5.21499
57436,1.09585,4.33227
57437,1.06961,2.41278
57438,1.08144,2.72006
57439,1.07887,-3.81767
57440,1.07823,-3.97909
57441,1.07985,-3.45693
57442,1.07909,-4.28453
57443,1.08441,-2.37843
57444,1.08332,-1.41887
57445,1.08025,-2.80114
57446,1.08092,-3.73566
57447,1.08151,-4.11383
57448,1.07597,-4.22297
57449,1.0774,-4.69003
57450,1.06107,5.77047
57451,1.0605,5.72349
57452,1.0524,5.79968
57453,1.07333,6.91018
57454,1.09613,9.5872
57455,1.07367,7.92103
57456,1.06903,6.66364
57457,1.07199,6.98489
57458,1.08825,7.84829
57459,1.0802,7.39587
57460,1.09902,9.67291
57461,1.08601,7.57386
57462,1.08607,7.54533
57463,1.08121,7.31153
57464,1.08493,7.14829
57465,1.0708,5.3541
57466,1.082,6.50972
57467,1.04976,0.395853
57468,1.05712,-0.236736
57469,1.04921,-0.301143
57470,1.05724,1.36923
57471,1.05565,1.78855
57472,1.06083,-0.175402
57473,1.05647,-4.99238
57474,1.06305,-3.14894
57475,1.06252,-2.94748
57476,1.05765,-2.53896
57477,1.08112,-5.6889
57478,1.08272,-5.65096
57479,1.08952,-5.21032
57480,1.08405,-6.30015
57481,1.09081,-5.84606
57482,1.09088,-5.27391
57483,1.08961,-5.31496
57484,1.09394,-5.23076
57485,1.09729,-4.9758
57486,1.07742,-7.39004
57487,1.07582,-7.54244
57488,1.04345,-9.74122
57489,1.07124,-8.04685
57490,1.05052,-9.85309
57491,1.01473,-8.97406
57492,1.01887,-8.85947
57493,1.05926,0.875043
57494,1.06265,0.487483
57495,1.05272,0.941431
57496,1.0909,17.1779
57497,1.09667,17.7832
57498,1.09556,16.836
57499,1.0948,15.7145
57500,1.09322,8.55997
57501,1.05601,3.64922
57502,1.07543,5.76977
57503,1.05586,3.25562
57504,1.05611,3.13004
57505,1.06072,3.24307
57506,1.05103,1.47344
57507,1.078,31.4549
57508,1.05492,1.97051
57509,1.05319,1.93642
57510,1.06127,2.87839
57511,1.0653,3.38852
57512,1.05386,1.90172
57513,1.062,2.88302
57514,1.07254,4.29543
57515,1.05254,1.78181
57516,1.05916,2.47545
57517,1.06254,2.91815
57518,1.05797,2.41423
57519,1.05707,2.29889
57520,1.05602,2.22652
57521,1.05891,2.42953
57522,1.0578,2.40127
57523,1.06434,2.28187
57524,1.06404,2.7482
57525,1.06224,3.36115
57526,1.06426,4.15166
57527,1.06384,2.94859
57528,1.06372,3.21986
57529,1.05306,1.85527
57530,1.06255,3.60154
57531,1.07176,4.90393
57532,1.06706,3.77701
57533,1.0573,2.37724
57534,1.05442,2.09221
57535,1.05428,1.91593
57536,1.05392,1.7602
57537,1.05477,1.68881
57538,1.0523,1.97813
57539,1.05642,2.2717
57540,1.05546,2.15447
57541,1.05477,2.02217
57542,1.06686,3.78942
57543,1.05359,1.70683
57544,1.06806,4.14649
57545,1.07323,5.05903
57546,1.07036,4.67485
57547,1.06867,4.27164
57548,1.0527,1.84553
57549,1.09351,3.62277
57550,1.08434,2.69217
57551,1.05496,-18.0248
57552,1.01688,-23.1587
57553,1.01936,-22.9817
57554,1.02454,-22.2877
57555,1.02636,-22.2729
57556,1.01623,-22.6308
57557,1.03356,-22.0687
57558,1.0146,-23.7371
57559,1.0194,-23.2086
57560,1.03774,-21.356
57561,1.03988,-20.2464
57562,1.02432,-22.4255
57563,1.02286,-22.6323
57564,1.01638,-23.6566
57565,1.01545,-23.691
57566,1.07789,5.56298
57567,1.08252,5.69328
57568,1.09642,6.64093
57569,1.09719,11.1943
57570,1.08976,11.3815
57571,1.08405,1.15496
57572,1.07726,28.4908
57573,1.08059,28.2619
57574,1.08321,28.0475
57575,1.06889,-4.37641
57576,1.0692,-4.25392
57577,1.07028,-3.61927
57578,1.07782,-2.47364
57579,1.06896,-4.0882
57580,1.07219,-3.40474
57581,1.06982,-3.86584
57582,1.07197,-3.42095
57583,1.06545,-4.42852
57584,1.08352,-1.30593
57585,1.08083,-1.84191
57586,1.07914,-2.18042
57587,1.07853,-2.30636
57588,1.0709,-4.78944
57589,1.05838,-5.68434
57590,1.07623,-4.71791
57591,1.07758,-4.54778
57592,1.07345,-4.70362
57593,1.07052,-5.35667
57594,1.07502,-4.64271
57595,1.06748,-5.65018
57596,1.05888,-5.64573
57597,1.06928,-3.95118
57598,1.08,-2.00662
57599,1.06587,-3.90934
57600,1.07012,-3.60416
57601,1.0659,-3.9719
57602,1.07398,-3.02532
57603,1.07122,-3.37578
57604,1.06602,-4.21542
57605,1.07106,-3.41796
57606,1.06669,-3.88465
57607,1.06967,-3.74971
57608,1.06948,-3.82954
57609,1.06298,-4.97542
57610,1.07417,-4.49255
57611,1.07578,-4.49198
57612,1.07694,-4.4981
57613,1.07375,-4.46616
57614,1.07474,-4.4814
57615,1.07107,-4.35083
57616,1.06123,-5.03895
57617,1.06865,-3.91328
57618,1.06066,-4.92886
57619,1.06818,-4.00899
57620,1.06776,-4.10426
57621,1.06704,-4.16677
57622,1.06637,-4.21412
57623,1.06111,-5.01153
57624,1.05903,-5.63281
57625,1.07012,-4.7312
57626,1.07103,-4.30089
57627,1.07118,-4.27803
57628,1.07242,-4.42151
57629,1.05995,-5.03846
57630,1.06114,-4.96349
57631,1.06077,-5.07808
57632,1.06228,-4.747
57633,1.06109,-4.95701
57634,1.06142,-4.91031
57635,1.06862,-4.5427
57636,1.06841,-4.37788
57637,1.07685,-2.78567
57638,1.06669,-5.02304
57639,1.06079,-6.21525
57640,1.0728,-3.09731
57641,1.06377,-3.75793
57642,1.07313,-3.0207
57643,1.07293,-3.05316
57644,1.06937,-3.7881
57645,1.0641,-4.52318
57646,1.07096,-3.47996
57647,1.07265,-3.24764
57648,1.06857,-3.37508
57649,1.05886,-4.38615
57650,1.06907,-3.36448
57651,1.07255,-3.26503
57652,1.07129,-3.27894
57653,1.06032,-4.27121
57654,1.06192,-4.39986
57655,1.05804,-4.42914
57656,1.07033,-3.319
57657,1.06965,-3.3472
57658,1.06666,-3.54315
57659,1.06721,-3.48027
57660,1.06757,-3.44102
57661,1.06827,-3.36484
57662,1.06094,-5.07062
57663,1.06116,-5.03581
57664,1.06516,-5.12229
57665,1.06074,-5.0934
57666,1.07948,-1.46408
57667,1.06244,-4.75393
57668,1.07178,-4.36545
57669,1.07106,-4.2693
57670,1.06991,-4.75962
57671,1.07373,-4.41931
57672,1.07507,-4.44957
57673,1.07205,-4.54027
57674,1.06795,-5.88105
57675,1.07492,-4.89586
57676,1.07217,-4.74894
57677,1.06985,-5.4812
57678,1.07028,-5.34394
57679,1.07265,-5.16534
57680,1.07349,-5.09534
57681,1.0903,-3.34734
57682,1.0728,-5.22346
57683,1.06815,-5.89338
57684,1.06861,-5.86612
57685,1.07843,-4.21103
57686,1.06308,-6.22044
57687,1.06589,-4.41686
57688,1.06422,-4.74906
57689,1.07582,-3.53857
57690,1.06959,-4.75142
57691,1.06907,-4.64758
57692,1.06704,-5.10562
57693,1.07614,-3.27506
57694,1.06962,-4.83391
57695,1.06143,-5.77991
57696,1.07167,-3.41145
57697,1.07078,-3.58597
57698,1.06893,-3.53336
57699,1.07189,-3.22708
57700,1.06924,-3.32547
57701,1.06595,-3.95058
57702,1.07194,-3.20742
57703,1.0739,-2.90132
57704,1.07523,-2.70718
57705,1.07364,-2.90583
57706,1.07943,-2.09815
57707,1.07896,-2.24512
57708,1.0668,-3.84905
57709,1.07316,-3.24431
57710,1.08391,-2.78698
57711,1.07889,-2.26674
57712,1.08321,-2.72926
57713,1.06158,-5.02909
57714,1.06851,-3.45315
57715,1.07038,-2.24241
57716,1.06874,-0.94389
57717,1.06894,-3.08039
57718,1.06863,-3.2502
57719,1.06132,-3.3169
57720,1.07091,-2.10048
57721,1.07007,-2.23217
57722,1.07303,-1.8186
57723,1.07583,-1.25689
57724,1.07045,-4.18155
57725,1.07075,-4.17916
57726,1.07084,-4.1637
57727,1.062,-4.78246
57728,1.05874,-4.65112
57729,1.06496,-3.63505
57730,1.06261,-4.54816
57731,1.06278,-5.16646
57732,1.0619,-4.84128
57733,1.051,-6.23689
57734,1.05662,-6.02346
57735,1.06128,-4.88251
57736,1.05153,-7.0352
57737,1.05068,-7.09091
57738,1.06106,-5.04162
57739,1.04956,-7.41746
57740,1.05066,-7.28932
57741,1.06319,-5.05398
57742,1.06418,-4.99265
57743,1.0653,-4.79645
57744,1.06275,-4.95172
57745,1.06249,-5.24293
57746,1.06165,-5.58535
57747,1.06279,-5.15658
57748,1.06564,-6.28087
57749,1.07205,-5.19967
57750,1.05475,-7.44431
57751,1.05554,-7.42053
57752,1.06218,-5.55482
57753,1.05842,-7.31011
57754,1.06554,-5.62499
57755,1.06378,-5.69016
57756,1.06675,-5.57021
57757,1.05488,-6.97161
57758,1.06855,-5.45576
57759,1.07108,-5.15078
57760,1.05655,-6.63222
57761,1.06239,-6.53184
57762,1.06339,-5.6565
57763,1.0558,-6.66987
57764,1.06283,-5.57261
57765,1.05549,-7.57351
57766,1.053,-7.76479
57767,1.05225,-7.80593
57768,1.05046,-7.96101
57769,1.0527,-7.14573
57770,1.05183,-7.1917
57771,1.05826,-6.60586
57772,1.06207,-5.44984
57773,1.06216,-5.34451
57774,1.07008,-5.28104
57775,1.06332,-6.49753
57776,1.04974,-7.42078
57777,1.04883,-7.6291
57778,1.04909,-7.68474
57779,1.06209,-5.25553
57780,1.05673,-6.24847
57781,1.06899,-5.40947
57782,1.06258,-6.38101
57783,1.07696,-2.61391
57784,1.07713,-2.6179
57785,1.06779,-5.65965
57786,1.06356,-6.8165
57787,1.06864,-5.63407
57788,1.06954,-5.53634
57789,1.06096,-6.89663
57790,1.06745,-5.7737
57791,1.06781,-5.72726
57792,1.06457,-6.29999
57793,1.06118,-6.94367
57794,1.06086,-6.99799
57795,1.06114,-6.90427
57796,1.06058,-6.92162
57797,1.06817,-5.12164
57798,1.0586,-6.52233
57799,1.06331,-5.96544
57800,1.06801,-5.1097
57801,1.06787,-5.43185
57802,1.0651,-5.64923
57803,1.06479,-5.69555
57804,1.06703,-5.40723
57805,1.0668,-5.45467
57806,1.06426,-5.77474
57807,1.06661,-5.51299
57808,1.06199,-6.2567
57809,1.06873,-5.32299
57810,1.06649,-5.95676
57811,1.06683,-5.57747
57812,1.06662,-5.608
57813,1.06806,-5.46698
57814,1.05972,-6.78858
57815,1.0667,-5.59106
57816,1.05365,-7.98916
57817,1.05176,-8.1467
57818,1.06519,-5.80181
57819,1.06532,-5.78123
57820,1.05486,-7.76478
57821,1.06435,-5.97703
57822,1.05237,-8.0872
57823,1.05178,-8.13462
57824,1.0516,-8.15203
57825,1.04993,-8.27096
57826,1.04914,-8.31593
57827,1.06072,-6.64342
57828,1.05754,-7.20889
57829,1.06403,-5.81365
57830,1.06392,-5.8386
57831,1.0662,-5.646
57832,1.06513,-5.77851
57833,1.05997,-6.77373
57834,1.05816,-6.88837
57835,1.05939,-6.76402
57836,1.0599,-6.75106
57837,1.05731,-7.10216
57838,1.05779,-7.09
57839,1.06132,-6.46368
57840,1.06436,-5.86049
57841,1.06538,-5.73675
57842,1.05798,-7.05893
57843,1.05628,-7.34495
57844,1.0558,-7.31159
57845,1.05677,-6.93615
57846,1.05599,-7.18984
57847,1.05685,-7.47618
57848,1.0733,-4.51611
57849,1.05472,-7.5074
57850,1.04885,-8.32921
57851,1.05539,-7.47809
57852,1.0561,-7.4597
57853,1.06481,-5.56629
57854,1.06577,-5.56611
57855,1.06639,-5.413
57856,1.06748,-5.30839
57857,1.06847,-5.13083
57858,1.058,-6.52158
57859,1.05773,-6.54425
57860,1.06221,-6.11751
57861,1.05788,-7.00186
57862,1.05704,-6.59219
57863,1.0554,-7.33929
57864,1.0528,-7.48602
57865,1.0612,-6.32172
57866,1.06124,-6.57198
57867,1.05478,-6.77587
57868,1.06109,-5.9794
57869,1.06107,-6.19974
57870,1.06641,-5.16379
57871,1.06628,-5.31401
57872,1.06625,-5.2507
57873,1.06485,-5.19041
57874,1.05965,-6.31445
57875,1.06201,-5.61233
57876,1.06395,-5.07665
57877,1.06095,-5.98189
57878,1.06173,-5.96227
57879,1.06113,-5.97736
57880,1.06601,-4.63863
57881,1.0494,-7.20533
57882,1.05978,-5.92443
57883,1.05231,-6.97402
57884,1.06728,-4.55253
57885,1.06536,-4.33851
57886,1.06844,-4.20475
57887,1.07132,-3.55547
57888,1.06939,-3.95369
57889,1.07743,-2.81296
57890,1.07093,-3.73746
57891,1.092,-0.858762
57892,1.08009,-1.89119
57893,1.08133,-1.91434
57894,1.08147,-1.72572
57895,1.07286,-2.83609
57896,1.07036,-3.0989
57897,1.07203,-5.33423
57898,1.07075,-5.4618
57899,1.07005,-5.53303
57900,1.07282,-5.10426
57901,1.07191,-5.052
57902,1.07251,-4.72702
57903,1.06624,-5.46887
57904,1.06584,-5.54908
57905,1.06799,-5.71943
57906,1.06927,-5.60793
57907,1.06876,-5.65172
57908,1.06151,-7.01573
57909,1.06081,-7.07141
57910,1.06025,-7.10812
57911,1.06138,-6.95854
57912,1.06257,-6.79598
57913,1.0637,-6.6186
57914,1.07873,-4.18501
57915,1.06309,-6.44274
57916,1.06365,-6.42217
57917,1.06778,-5.50222
57918,1.06568,-6.00763
57919,1.06966,-5.40178
57920,1.06828,-5.48327
57921,1.06773,-5.51332
57922,1.06716,-5.55115
57923,1.06631,-5.60166
57924,1.07109,-3.33867
57925,1.06971,-4.25159
57926,1.06969,-3.99183
57927,1.06916,-3.99852
57928,1.0687,-4.09438
57929,1.06085,-5.5161
57930,1.0686,-4.13916
57931,1.05023,-7.88929
57932,1.08676,10.181
57933,1.08669,10.25
57934,1.08669,10.2984
57935,1.08185,9.91049
57936,1.0867,10.3395
57937,1.08671,10.3627
57938,1.08401,10.1474
57939,1.08109,9.86464
57940,1.08659,10.1897
57941,1.08662,10.2649
57942,1.08414,10.1919
57943,1.07604,9.59775
57944,1.08678,10.4363
57945,1.08455,10.288
57946,1.08673,10.3548
57947,1.08088,9.85959
57948,1.08027,9.85219
57949,1.08218,9.92923
57950,1.08212,9.94717
57951,1.08195,10.0004
57952,1.08679,10.4065
57953,1.08187,10.0617
57954,1.08685,10.4535
57955,1.08694,10.4945
57956,1.08232,10.1379
57957,1.08305,10.2211
57958,1.0833,10.2908
57959,1.08748,10.7097
57960,1.08771,10.7816
57961,1.08446,10.4456
57962,1.06829,8.83686
57963,1.08682,10.0987
57964,1.08725,10.6431
57965,1.07506,10.0401
57966,1.08158,9.65444
57967,1.07464,10.9863
57968,1.09054,11.4032
57969,1.08187,9.81199
57970,1.09226,3.86179
57971,1.02818,17.9242
57972,1.03065,18.0644
57973,1.03236,18.2759
57974,1.06205,8.86173
57975,1.07329,7.49725
57976,1.09064,9.20611
57977,1.08724,8.86588
57978,1.09162,9.50721
57979,1.08924,9.07139
57980,1.07483,7.84408
57981,1.07507,7.91842
57982,1.07576,7.92009
57983,1.05827,3.12444
57984,1.05668,2.8626
57985,1.05807,2.9524
57986,1.05714,2.91386
57987,1.05674,2.58377
57988,1.04593,1.24456
57989,1.04899,1.47629
57990,1.05012,1.64095
57991,1.05586,2.81381
57992,1.04848,1.98704
57993,1.05246,2.1427
57994,1.05213,2.19452
57995,1.05511,2.76295
57996,1.04899,1.95424
57997,1.05499,2.75942
57998,1.05057,1.8224
57999,1.04721,1.30275
58000,1.05641,1.75132
58001,1.06313,4.00765
58002,1.05867,3.15291
58003,1.05503,2.77009
58004,1.05539,2.80927
58005,1.04567,1.76299
58006,1.05647,2.85527
58007,1.04651,1.84147
58008,1.06916,0.84617
58009,1.06405,0.48487
58010,1.07097,0.947604
58011,1.07069,0.916318
58012,1.07075,1.0176
58013,1.06556,0.537568
58014,1.07255,1.01158
58015,1.07379,1.38495
58016,1.07137,0.987059
58017,1.07475,1.41653
58018,1.06951,0.932418
58019,1.07365,1.03904
58020,1.07323,1.06662
58021,1.07351,1.02032
58022,1.07388,1.00716
58023,1.07168,0.935109
58024,1.05762,-0.22084
58025,1.0669,0.338559
58026,1.07417,1.36989
58027,1.0711,1.15304
58028,1.07315,1.01604
58029,1.07293,1.00627
58030,1.07281,1.00106
58031,1.07233,1.15808
58032,1.06314,0.325041
58033,1.06343,0.0491096
58034,1.06887,0.862934
58035,1.06761,0.874577
58036,1.04868,-0.353075
58037,1.06826,0.914526
58038,1.0508,-0.234024
58039,1.05318,-0.101146
58040,1.05749,0.115413
58041,1.05804,0.143938
58042,1.05871,0.204924
58043,1.06759,0.77814
58044,1.07243,1.16181
58045,1.0682,0.895838
58046,1.06943,0.953752
58047,1.05246,-0.522927
58048,1.05776,-0.267738
58049,1.0542,-0.455247
58050,1.05834,-0.152253
58051,1.05613,-0.352319
58052,1.04495,-0.797201
58053,1.04756,-0.7192
58054,1.04716,-0.761536
58055,1.04731,-0.33711
58056,1.04629,-0.360732
58057,1.05077,-0.456175
58058,1.04376,-0.758429
58059,1.04921,-0.713303
58060,1.06164,0.466795
58061,1.04703,-0.700107
58062,1.044,-0.370708
58063,1.04289,-0.434792
58064,1.04546,0.0345071
58065,1.05371,0.834265
58066,1.04425,-0.390364
58067,1.04096,-0.480458
58068,1.03312,-3.08032
58069,1.03582,-2.76159
58070,1.08256,2.70643
58071,1.04286,-0.370941
58072,1.04427,-0.308207
58073,1.04142,-0.420882
58074,1.0442,-0.468253
58075,1.05991,0.682467
58076,1.04927,-0.710234
58077,1.04984,-0.70487
58078,1.0487,-0.633457
58079,1.08369,2.8048
58080,1.04595,-0.720481
58081,1.04493,-0.716247
58082,1.04654,-0.711817
58083,1.04687,-0.796208
58084,1.04381,-1.26448
58085,1.03078,-3.47136
58086,1.03701,-2.04038
58087,1.05476,-1.25595
58088,1.03079,-2.57254
58089,1.04553,-0.246812
58090,1.05519,0.94164
58091,1.0324,-2.92331
58092,1.04204,-0.36862
58093,1.03378,-2.43688
58094,1.04246,-0.402492
58095,1.04806,0.0568428
58096,1.04193,-0.456716
58097,1.04207,-0.462278
58098,1.03393,-2.88207
58099,1.03426,-3.31541
58100,1.03235,-3.30747
58101,1.04828,-0.594464
58102,1.04723,-0.63985
58103,1.04347,-1.64772
58104,1.04293,-1.66529
58105,1.08173,2.63846
58106,1.06218,0.572019
58107,1.06989,1.09587
58108,1.06823,0.977433
58109,1.05208,-0.551035
58110,1.07426,1.44301
58111,1.07241,1.24699
58112,1.06907,1.07678
58113,1.0486,-0.716103
58114,1.0671,0.89703
58115,1.05167,-0.558834
58116,1.06591,0.812071
58117,1.05113,-0.581539
58118,1.04976,-0.488882
58119,1.05043,-0.4702
58120,1.05261,-0.343878
58121,1.05095,-0.422657
58122,1.05546,-0.153988
58123,1.05379,-0.271295
58124,1.053,-0.340868
58125,1.06633,0.930973
58126,1.06937,1.12329
58127,1.06293,0.729638
58128,1.06113,0.630246
58129,1.05022,-0.399288
58130,1.05986,0.644779
58131,1.06225,0.835081
58132,1.05022,-0.477602
58133,1.05068,-0.460529
58134,1.05034,-0.456109
58135,1.05169,-0.375865
58136,1.05119,-0.412628
58137,1.06089,0.594278
58138,1.0849,2.90943
58139,1.05262,-0.358907
58140,1.05907,0.55066
58141,1.05951,0.551899
58142,1.06243,1.22637
58143,1.04481,-0.512826
58144,1.06664,1.16803
58145,1.04813,-0.520244
58146,1.0444,-0.541763
58147,1.05874,0.853414
58148,1.05062,-0.387047
58149,1.05797,0.517737
58150,1.05817,0.562252
58151,1.05994,0.558011
58152,1.04854,-0.545899
58153,1.0497,-0.337294
58154,1.05356,0.362446
58155,1.05175,-0.358485
58156,1.05006,-0.346997
58157,1.04696,-0.978005
58158,1.05199,-0.496213
58159,1.04307,-0.610223
58160,1.0434,-0.543573
58161,1.0531,0.266447
58162,1.04492,-0.669579
58163,1.04801,-0.628382
58164,1.05278,-0.325866
58165,1.04831,-0.327156
58166,1.04859,-0.313525
58167,1.04906,-0.323382
58168,1.04935,-0.305772
58169,1.07656,1.58965
58170,1.07356,1.28208
58171,1.09373,3.69077
58172,1.09391,3.71025
58173,1.08949,2.98653
58174,1.07167,1.1755
58175,1.07744,1.68199
58176,1.07634,1.63454
58177,1.08714,2.82858
58178,1.0764,1.6755
58179,1.07666,1.71137
58180,1.09722,3.99332
58181,1.08384,2.21497
58182,1.09539,3.87782
58183,1.05684,0.461694
58184,1.06199,0.617067
58185,1.09782,4.16331
58186,1.09805,4.10603
58187,1.06105,0.268371
58188,1.05635,0.0797057
58189,1.05369,-0.0947817
58190,1.07965,1.86657
58191,1.07832,1.88642
58192,1.0715,1.40784
58193,1.06116,0.36805
58194,1.05901,0.207361
58195,1.05952,0.248308
58196,1.06382,0.573539
58197,1.06236,0.448151
58198,1.08683,2.42609
58199,1.04695,-0.365114
58200,1.04947,-0.266233
58201,1.04388,-0.299406
58202,1.0461,-0.370491
58203,1.04614,-0.372951
58204,1.06939,1.3135
58205,1.05485,0.0984619
58206,1.05926,0.392703
58207,1.05259,0.0351005
58208,1.04742,-0.112989
58209,1.04719,-0.164081
58210,1.04562,-0.196107
58211,1.04566,-0.255301
58212,1.04953,0.0579348
58213,1.05236,0.306835
58214,1.04996,-0.0367038
58215,1.05709,1.70461
58216,1.04924,-0.00480235
58217,1.05032,0.0523493
58218,1.08621,2.79049
58219,1.05946,0.494223
58220,1.0876,2.56948
58221,1.0602,2.04112
58222,1.07409,1.56792
58223,1.06778,1.13336
58224,1.04645,-0.699195
58225,1.08149,2.05776
58226,1.04706,-1.65518
58227,1.06213,-0.82394
58228,1.05368,-0.952384
58229,1.05335,-1.25536
58230,1.05257,-1.20824
58231,1.05783,-3.18431
58232,1.06403,-3.61002
58233,1.06261,-3.57146
58234,1.07691,-3.27516
58235,1.07212,-3.31375
58236,1.09868,9.94061
58237,1.08764,8.31869
58238,1.08331,7.79457
58239,1.08443,7.97431
58240,1.0769,6.59444
58241,1.07746,7.31108
58242,1.08612,8.26749
58243,1.04064,1.58582
58244,1.06821,4.20913
58245,1.0613,-2.75911
58246,1.06121,-3.67449
58247,1.0435,-6.17555
58248,1.04208,-6.20454
58249,1.04597,-5.97385
58250,1.07627,-3.07819
58251,1.0965,-0.960582
58252,1.07931,-2.95741
58253,1.08877,-2.20052
58254,1.09692,-0.937321
58255,1.08857,-2.22882
58256,1.08099,-2.91111
58257,1.07701,-3.06847
58258,1.09426,0.459446
58259,1.0801,-2.93065
58260,1.06774,2.03396
58261,1.06552,1.99922
58262,1.07052,0.0942932
58263,1.0715,-0.8203
58264,1.07081,-0.539687
58265,1.05573,1.04674
58266,1.05223,0.862121
58267,1.0646,1.76112
58268,1.05382,0.665492
58269,1.04828,-0.956609
58270,1.09552,5.75758
58271,1.094,5.6859
58272,1.09266,5.73589
58273,1.09952,6.3862
58274,1.09339,5.76349
58275,1.09112,5.63843
58276,1.0914,5.63687
58277,1.09139,5.63678
58278,1.09834,6.33538
58279,1.09766,6.25482
58280,1.09252,5.50836
58281,1.08178,4.70368
58282,1.09603,3.63509
58283,1.09271,5.75105
58284,1.09278,6.36768
58285,1.0894,5.62742
58286,1.09099,5.75703
58287,1.0898,5.633
58288,1.09055,5.64079
58289,1.09588,6.0176
58290,1.09085,5.43502
58291,1.09119,2.17605
58292,1.09399,5.7445
58293,1.06718,-0.35328
58294,1.05821,-1.56393
58295,1.06883,-1.25856
58296,1.06744,-2.41461
58297,1.08399,-0.831698
58298,1.08174,0.399112
58299,1.07559,-0.785289
58300,1.05843,-1.86304
58301,1.05579,-1.93646
58302,1.0596,-1.83401
58303,1.06482,-2.74158
58304,1.07587,-0.202059
58305,1.05904,-2.27575
58306,1.06123,-1.89389
58307,1.06643,-1.18371
58308,1.05192,-3.75177
58309,1.05836,2.8602
58310,1.08045,7.75922
58311,1.08567,7.27247
58312,1.06095,0.463613
58313,1.07607,1.00819
58314,1.07318,0.281886
58315,1.075,0.71436
58316,1.07088,0.854308
58317,1.07193,-0.382398
58318,1.07292,-12.6106
58319,1.07122,-12.761
58320,1.07154,-12.7534
58321,1.07075,-12.8157
58322,1.07014,-12.881
58323,1.07032,-12.8265
58324,1.07357,-12.4882
58325,1.0743,-12.3858
58326,1.075,-12.2187
58327,1.07612,-12.098
58328,1.07549,-12.2151
58329,1.07496,-12.292
58330,1.07509,-12.351
58331,1.07689,-12.1785
58332,1.07463,-12.391
58333,1.07369,-12.5408
58334,1.07209,-12.6381
58335,1.07244,-12.6316
58336,1.07511,-12.4073
58337,1.07406,-12.4424
58338,1.07436,-12.4758
58339,1.07421,-12.4395
58340,1.07591,-12.2435
58341,1.07534,-12.2713
58342,1.07679,-12.0901
58343,1.07834,-11.9322
58344,1.07767,-11.9363
58345,1.08358,-11.5171
58346,1.09209,-10.8998
58347,1.08769,-10.7615
58348,1.07341,-11.9372
58349,1.09299,-10.8519
58350,1.08234,-11.4679
58351,1.07755,-9.43748
58352,1.07905,-5.80971
58353,1.08418,-10.2077
58354,1.07222,-11.4553
58355,1.07186,-12.0106
58356,1.08143,-11.4441
58357,1.08169,-11.5338
58358,1.08344,-11.5626
58359,1.09208,-10.7431
58360,1.08596,-10.7005
58361,1.08245,-11.5191
58362,1.08116,-11.3045
58363,1.07248,-11.8021
58364,1.06962,-12.9389
58365,1.06583,-13.3727
58366,1.06832,-13.0747
58367,1.06464,-13.4422
58368,1.06892,-12.0263
58369,1.07215,-12.7027
58370,1.08061,-11.1234
58371,1.08455,-9.32718
58372,1.07988,-11.0671
58373,1.09206,-9.20468
58374,1.06912,-12.0647
58375,1.06005,-14.5637
58376,1.05656,-15.4019
58377,1.07369,-12.3978
58378,1.07736,-11.9818
58379,1.05148,-1.78753
58380,1.07489,0.076659
58381,1.07505,0.611734
58382,1.07622,0.383695
58383,1.0744,-0.174281
58384,1.07321,-0.764474
58385,1.07322,0.644226
58386,1.07543,0.994773
58387,1.04272,-1.81433
58388,1.07291,0.964006
58389,1.07699,2.13364
58390,1.03494,26.6321
58391,1.01805,24.9316
58392,1.04507,-1.50254
58393,1.04841,-1.30089
58394,1.04864,-1.11934
58395,1.04373,-1.51767
58396,1.0501,-1.26891
58397,1.05051,-1.26467
58398,1.05698,0.861374
58399,1.04942,-1.28567
58400,1.05825,0.502276
58401,1.06409,1.00874
58402,1.03926,-1.97215
58403,1.04367,-1.51678
58404,1.03551,-2.24198
58405,1.04231,-1.76382
58406,1.04365,-1.70144
58407,1.04155,-1.7804
58408,1.04553,-1.59914
58409,1.06096,-0.516123
58410,1.04729,-1.44338
58411,1.04074,-1.86494
58412,1.06235,-0.145206
58413,1.0669,-0.0848216
58414,1.06249,-0.445367
58415,1.05185,-1.20644
58416,1.06811,0.267093
58417,1.06881,0.798383
58418,1.05838,0.867051
58419,1.06604,0.939298
58420,1.05884,0.773519
58421,1.06215,0.942799
58422,1.07617,2.96243
58423,1.06891,1.86646
58424,1.06729,1.59969
58425,1.08209,2.77548
58426,1.08457,4.62833
58427,1.08536,3.60488
58428,1.06242,0.946305
58429,1.08613,5.67078
58430,1.06904,7.928
58431,1.06995,6.37856
58432,1.08049,5.60702
58433,1.06992,-15.9091
58434,1.07211,-15.3925
58435,1.05447,-16.6655
58436,1.05075,-16.693
58437,1.07314,-14.9694
58438,1.05969,1.14359
58439,1.07498,2.06622
58440,1.06419,1.38993
58441,1.0786,2.63858
58442,1.03932,-1.74865
58443,1.03977,-1.67227
58444,1.06482,1.34186
58445,1.04216,-1.65737
58446,1.07907,2.72602
58447,1.06651,1.45686
58448,1.06555,1.36615
58449,1.07223,1.63101
58450,1.05501,-0.663824
58451,1.05741,1.11619
58452,1.05323,-0.780855
58453,1.04591,-1.52851
58454,1.04058,-1.67181
58455,1.045,-1.39792
58456,1.04986,-0.667022
58457,1.04357,-1.73843
58458,1.04691,-1.3223
58459,1.05105,-1.35997
58460,1.04645,-1.34697
58461,1.04619,-0.933451
58462,1.04626,-1.36531
58463,1.04613,-0.852409
58464,1.0427,-1.63941
58465,1.04384,-1.59724
58466,1.04132,-1.58384
58467,1.04809,-0.702769
58468,1.04164,-1.5955
58469,1.04046,-1.72769
58470,1.04182,-1.54153
58471,1.04428,-1.50871
58472,1.04332,-1.35771
58473,1.04217,-1.65118
58474,1.04849,-0.589283
58475,1.04705,-0.597989
58476,1.0494,-0.54543
58477,1.05057,-0.49295
58478,1.04939,-0.576554
58479,1.04781,-0.613797
58480,1.05699,-0.0189994
58481,1.08105,2.58293
58482,1.05059,-0.425735
58483,1.04849,-0.544551
58484,1.05085,-0.295316
58485,1.05283,-0.289936
58486,1.05427,-0.2464
58487,1.0533,-0.446613
58488,1.05842,-0.00778213
58489,1.0806,2.52809
58490,1.05192,-0.276857
58491,1.06005,0.570206
58492,1.04225,-1.59554
58493,1.04763,-1.06942
58494,1.05285,-0.142914
58495,1.05864,0.524113
58496,1.05306,-0.114242
58497,1.04786,-0.28628
58498,1.05938,0.55922
58499,1.04818,-0.314655
58500,1.06009,0.838401
58501,1.04869,-0.204829
58502,1.05029,0.112122
58503,1.04637,-0.313781
58504,1.04879,-0.13362
58505,1.06147,1.15459
58506,1.05934,0.944652
58507,1.07033,2.05227
58508,1.06372,1.33959
58509,1.06225,1.22766
58510,1.04823,-0.033715
58511,1.04886,-0.0290523
58512,1.04801,-0.0678622
58513,1.04084,-0.37796
58514,1.06338,1.06643
58515,1.07866,2.67239
58516,1.07864,2.56399
58517,1.05004,-0.27065
58518,1.06228,0.775622
58519,1.05863,0.471235
58520,1.06141,0.696064
58521,1.05899,0.525904
58522,1.07865,2.49062
58523,1.04901,-0.303118
58524,1.0633,0.440652
58525,1.05816,0.554832
58526,1.0729,1.76201
58527,1.06366,3.65992
58528,1.06301,3.54305
58529,1.06803,3.84577
58530,1.07659,5.0324
58531,1.06735,3.5375
58532,1.07976,4.20384
58533,1.07904,3.86094
58534,1.08625,5.3911
58535,1.08257,4.55748
58536,1.04793,1.26998
58537,1.07383,3.22392
58538,1.06378,8.15423
58539,1.06468,8.31127
58540,1.07726,11.4525
58541,1.05671,-5.17695
58542,1.0653,-3.42422
58543,1.06805,-2.7263
58544,1.0556,-4.11632
58545,1.07246,-0.667291
58546,1.09043,1.14913
58547,1.05647,-2.34466
58548,1.07624,-1.06773
58549,1.06152,-2.18695
58550,1.06378,-4.21068
58551,1.06482,-3.95862
58552,1.0807,6.5366
58553,1.09323,7.51115
58554,1.07941,5.31689
58555,1.08894,5.36403
58556,1.07069,3.28716
58557,1.06909,4.71712
58558,1.0733,5.23759
58559,1.0754,5.59134
58560,1.07174,3.96836
58561,1.07071,3.74611
58562,1.07248,20.5434
58563,1.07938,20.4959
58564,1.05897,4.07308
58565,1.09955,6.46006
58566,1.07903,4.19822
58567,1.09986,6.13322
58568,1.03066,-21.4847
58569,1.0321,-21.423
58570,1.03922,-20.5853
58571,1.08047,-3.5429
58572,1.05447,-5.90728
58573,1.073,-4.75385
58574,1.06351,-6.37958
92581,1.09271,4.45929
92582,1.09079,4.28472
92583,1.09733,3.92846
92584,1.0985,4.83908
92585,1.09813,4.77206
92586,1.09806,4.81029
92587,1.09903,7.73451
92588,1.09704,6.30675
92589,1.09643,5.94742
92590,1.09694,9.66899
92591,1.09615,9.59395
92592,1.09174,-5.5634
92593,1.09643,10.7598
92594,1.09642,10.8008
92595,1.09479,5.78797
92596,1.09115,5.90479
92597,1.09638,5.17616
92598,1.09129,4.17151
92599,1.08863,3.77418
92600,1.09822,5.19072
92601,1.09736,5.32904
92602,1.09083,-1.1048
92603,1.08849,-1.49891
92604,1.08764,-1.60749
92605,1.09728,-3.74675
92606,1.09592,4.3359
92607,1.09327,3.88116
92608,1.09297,3.79207
92609,1.09509,9.28156
92610,1.09491,9.26094
92611,1.0949,5.1443
92612,1.09121,4.18113
92613,1.08972,3.81333
92614,1.09575,32.4988
92615,1.09416,32.1306
92616,1.09243,6.51906
92617,1.09516,10.0898
92618,1.0959,3.26505
92619,1.09266,2.84779
92620,1.09225,2.8033
92621,1.09427,2.01504
92622,1.07612,-6.80249
92623,1.06029,-9.71977
92624,1.09193,6.48163
92625,1.08066,0.58223
92626,1.08255,0.812686
92627,1.09043,3.53011
92628,1.09121,3.29867
92629,1.07792,-4.49857
92630,1.08231,-4.41612
92631,1.08224,-4.43028
92632,1.09043,33.7889
92633,1.08251,32.5272
92634,1.0805,32.0663
92635,1.07755,-5.38791
92636,1.09877,-10.2539
92637,1.09848,-10.0678
92638,1.0825,5.00946
92639,1.0796,4.58139
92640,1.09552,-15.794
92641,1.08311,-16.7622
92642,1.08221,-16.8445
92643,1.09463,14.634
92644,1.08662,5.13742
92645,1.09086,22.5744
92646,1.09613,3.14689
92647,1.09436,1.32909
92648,1.09559,1.59315
92649,1.08699,5.39895
92650,1.07406,3.60485
92651,1.07143,3.22133
92652,1.09523,-4.3271
92653,1.09298,-4.5585
92654,1.08696,1.46295
92655,1.0958,13.647
92656,1.06221,-7.52903
92657,1.09037,11.7452
92658,1.08996,11.6407
92659,1.08915,11.5572
92660,1.09361,-5.40485
92661,1.09335,-5.50916
92662,1.09381,14.2927
92663,1.09089,-1.13342
92664,1.09599,-9.87194
92665,1.09047,-1.40127
92666,1.08916,9.04842
92667,1.08439,9.32497
92668,1.09619,11.8355
92669,1.09762,11.7497
92670,1.08846,-4.76669
92671,1.08351,-4.58416
92672,1.08994,-6.40499
92673,1.09652,-2.71946
92674,1.09624,-2.7563
92675,1.08581,2.31208
92676,1.08803,2.43085
92677,1.09654,5.81292
92678,1.09503,4.59749
92679,1.09008,3.80369
92680,1.08814,3.61959
92681,1.09135,-5.21477
92682,1.08948,-5.43779
92683,1.09646,-5.61618
92684,1.09554,-5.87876
92685,1.08241,-7.45785
92686,1.08901,5.60755
92687,1.08651,5.30481
92688,1.09032,2.92479
92689,1.08523,2.40344
92690,1.08472,-5.87528
92691,1.08822,-5.69302
92692,1.09215,-0.0208157
92693,1.09172,-0.0387116
92694,1.09081,7.90529
92695,1.09062,7.88707
92696,1.09729,10.0143
92697,1.09205,9.22394
92698,1.083,-5.81571
92699,1.07799,-6.53538
92700,1.09034,-1.64974
92701,1.09679,23.6231
92702,1.09478,23.0842
92703,1.0806,-0.125261
92704,1.07782,-0.746516
92705,1.09039,7.62559
92706,1.08204,5.92635
92707,1.08015,5.53903
92708,1.08467,-16.7037
92709,1.06703,10.0684
92710,1.09413,6.9567
92711,1.09206,6.49565
92712,1.09983,5.25318
92713,1.08504,20.4527
92714,1.08233,20.2239
92715,1.07418,-18.4778
92716,1.09787,6.38684
92717,1.09774,6.82303
92718,1.08847,5.85066
92719,1.08203,5.08343
92720,1.0795,4.79098
92721,1.09068,-5.30433
92722,1.09229,-5.12171
92723,1.09491,9.43811
92724,1.09309,9.26162
92725,1.09937,2.66333
92726,1.09742,2.47896
92727,1.09582,9.98412
92728,1.09422,9.91394
92729,1.08422,-4.55915
92730,1.08304,-4.62675
92731,1.08938,11.8033
92732,1.09719,1.79209
92733,1.1,1.83944
92734,1.09599,3.35427
92735,1.09655,3.45503
92736,1.09925,-4.42731
92737,1.09745,-4.93122
92738,1.0935,8.36043
92739,1.08928,30.319
92740,1.08709,30.1744
92741,1.09745,20.713
92742,1.09051,1.65915
92743,1.093,2.05437
92744,1.06794,0.380011
92745,1.09934,14.2168
92746,1.09671,26.6879
92747,1.09704,26.4454
92748,1.09619,4.31342
92749,1.07712,1.85849
92750,1.09538,-9.1745
92751,1.09539,1.0259
92752,1.09031,3.84127
92753,1.07707,-4.89018
92754,1.07193,-5.94052
92755,1.07184,-5.9613
92756,1.08387,-11.5342
92757,1.08177,-2.18033
92758,1.08245,9.98098
92759,1.07594,9.93729
92760,1.09817,4.0367
92761,1.09773,3.98627
92762,1.08601,33.0964
92763,1.08927,-4.97351
92764,1.08267,-5.72182
92765,1.09398,3.44924
92766,1.08254,-0.346534
92767,1.09775,-4.14072
92768,1.09237,11.7241
92769,1.07855,-2.79428
92770,1.07993,-2.40316
92771,1.09051,-1.63165
92772,1.09804,12.43
92773,1.1,14.4548
92774,1.09947,14.3698
92775,1.1,14.3014
92776,1.07601,4.74551
92777,1.09475,2.82719
92778,1.09367,5.09557
92779,1.0879,-3.87454
92780,1.06833,-18.5411
92781,1.07149,-4.56222
92782,1.08475,-6.2539
92783,1.09063,-5.30283
92784,1.0856,-5.93596
92785,1.08065,-3.94908
92786,1.09008,-1.51151
92787,1.08838,-1.63601
92788,1.08706,-1.80364
92789,1.08693,-20.8399
92790,1.08425,30.4751
92791,1.09473,39.9642
92792,1.08978,1.8036
92793,1.0961,-4.54001
92794,1.06306,-8.3284
92795,1.06867,-7.57825
92796,1.06797,10.0995
92797,1.06699,9.93312
92798,1.08149,-5.7613
92799,1.06984,-6.91693
92800,1.09568,10.4429
92801,1.08376,1.02954
92802,1.09097,-7.54904
92803,1.09419,6.9668
92804,1.09455,3.66978
92805,1.1,25.6645
92806,1.08157,-6.08299
92807,1.03585,-11.3372
92808,1.07554,3.22294
92809,1.07313,-6.69214
92810,1.06557,0.121521
92811,1.0737,-4.18046
92812,1.06663,-5.10347
92813,1.07757,21.6556
92814,1.09858,4.1083
92815,1.0615,-24.768
92816,1.0905,32.748
92817,1.09328,30.8566
92818,1.09259,30.6492
92819,1.07995,-7.91261
92820,1.08462,-4.41684
92821,1.07686,-9.47541
92822,1.09486,2.91491
92823,1.09902,9.9921
92824,1.08858,-5.82933
92825,1.08691,-5.79087
92826,1.08856,-4.90479
92827,1.08582,-5.12055
92828,1.08449,-5.31255
92829,1.09711,9.97212
92830,1.0962,9.56364
92831,1.09002,-5.03289
92832,1.09657,12.6479
92833,1.08809,0.00226075
92834,1.1,0.562065
92835,1.08549,-7.14678
92836,1.08566,-6.10382
92837,1.09926,-4.52684
92838,1.09724,-4.93599
92839,1.09561,-4.94247
92840,1.08537,1.44436
92841,1.09238,-5.14153
92842,1.09451,-5.88815
92843,1.06342,-0.100508
93752,1.0761,2.3921
93753,1.05149,1.38864
93754,1.06316,1.94755
93755,1.07872,13.2524
93756,1.07514,13.2788
93757,1.06841,12.7957
93758,1.04602,-1.12636
93759,1.03513,-4.06223
93760,1.06056,-0.678141
93761,1.05734,-1.36406
93762,1.06325,-5.07405
93763,1.06553,2.17658
93764,1.0598,2.48152
93765,1.08201,1.05915
93766,1.07843,0.659943
93767,1.064,-1.67887
93768,1.05999,0.746419
93769,1.06658,1.88561
93770,1.08104,2.86489
93771,1.07512,6.2178
93772,1.03475,-6.65664
93773,1.04232,-3.07481
93774,1.04404,-2.9617
93775,1.04039,-3.16595
93776,1.04188,-3.57855
93777,1.04282,-3.45413
93778,1.04569,-2.81018
93779,1.04735,-2.41379
93780,1.0546,-1.18789
93781,1.05563,-1.25972
93782,1.0569,-1.08255
93783,1.06267,0.4842
93784,1.0721,1.43244
93785,1.06565,0.549131
93786,1.06118,0.0711123
93787,1.06425,0.239158
93788,1.05967,-0.697541
93789,1.06045,-0.00963643
93790,1.05158,1.61362
93791,1.05511,2.18566
93792,1.04982,1.39855
93793,1.06086,2.73155
93794,1.05665,2.08876
93795,1.0503,1.67211
93796,1.04641,0.950587
93797,1.05117,1.362
93798,1.06404,3.4885
93799,1.07785,4.8472
93800,1.0748,4.45817
93801,1.05469,2.03994
93802,1.05976,3.19672
93803,1.06079,3.05448
93804,1.04818,0.883368
93805,1.06445,3.40431
93806,1.05794,2.44547
93807,1.07748,4.84115
93808,1.06652,3.56231
93809,1.06,2.66577
93810,1.07202,4.53104
93811,1.07953,5.22823
93812,1.08105,5.36297
93813,1.05074,3.85111
93814,1.07106,4.16894
93815,1.06329,3.25874
93816,1.06049,2.81952
93817,1.0663,3.70028
93818,1.07068,3.82082
93819,1.07442,4.58773
93820,1.05405,1.85592
93821,1.06316,2.97679
93822,1.0668,3.14029
93823,1.06761,3.24404
93824,1.07053,3.42154
93825,1.08013,4.26029
93826,1.08032,5.06165
93827,1.0556,2.11331
93828,1.05351,2.02091
93829,1.05429,1.52722
93830,1.05948,2.5451
93831,1.06053,2.46257
93832,1.05409,1.813
93833,1.06506,2.7008
93834,1.0558,1.23554
93835,1.06049,0.67934
93836,1.05639,1.9153
93837,1.0537,1.86954
93838,1.05472,1.66966
93839,1.05334,1.51193
93840,1.05847,1.86505
93841,1.05141,0.405817
93842,1.0462,-0.0982895
93843,1.04345,-0.459473
93844,1.04796,0.280391
93845,1.05029,1.15983
93846,1.04395,-0.12658
93847,1.0486,1.25755
93848,1.0439,-0.252768
93849,1.04454,-0.211994
93850,1.04454,-0.244837
93851,1.04917,0.937632
93852,1.04234,-0.586009
93853,1.04395,-0.254217
93854,1.04362,-0.259948
93855,1.04411,-0.334397
93856,1.05078,0.894551
93857,1.04566,-0.168233
93858,1.05441,2.13672
93859,1.04886,1.39266
93860,1.03813,-0.308983
93861,1.05073,1.30193
93862,1.06534,3.54277
93863,1.04305,-0.113215
93864,1.06323,2.77465
93865,1.04833,-0.184531
93866,1.04891,-2.13736
93867,1.05938,1.45563
93868,1.05476,2.0365
93869,1.0496,0.997525
93870,1.06686,3.1303
93871,1.0614,-1.18419
93872,1.07546,1.11687
93873,1.01427,-1.13376
93874,1.03303,2.94391
93875,1.03874,3.83472
93876,1.04085,3.89349
93877,1.05816,6.18965
93878,1.03746,-8.75815
93879,1.03888,-8.17992
93880,1.03539,-9.37342
93881,1.04098,-8.0309
93882,1.05219,-5.84166
93883,1.03596,-8.25111
93884,1.05665,-6.01428
93885,1.04844,-6.48413
93886,1.0645,-5.79341
93887,1.0821,-4.40978
93888,1.08236,-4.46395
93889,1.09049,0.140972
93890,1.08155,-1.43018
93891,1.09163,0.895132
93892,1.08165,-0.769429
93893,1.0885,-1.51036
93894,1.0869,-1.78701
93895,1.08453,-1.94004
93896,1.08966,-1.43856
93897,1.08846,-1.71993
93898,1.08923,-1.74686
93899,1.07502,-3.15968
93900,1.03258,-9.80036
93901,1.07908,-2.38564
93902,1.08428,-0.54977
93903,1.08922,2.68452
93904,1.08952,2.33041
93905,1.08934,1.69321
93906,1.08273,0.868385
93907,1.07251,0.166656
93908,1.07877,0.785742
93909,1.07812,0.739614
93910,1.07917,0.857998
93911,1.07862,0.848107
93912,1.07926,1.21967
93913,1.08832,1.52217
93914,1.08691,1.37544
93915,1.07918,0.738458
93916,1.07947,0.755135
93917,1.04652,-4.80712
93918,1.09735,7.59568
93919,1.09627,7.48407
93920,1.09978,7.40908
93921,1.09876,7.29548
93922,1.09776,7.24401
93923,1.09701,7.16731
93924,1.09748,7.19425
93925,1.09668,7.02998
93926,1.09749,7.16165
93927,1.07639,1.3594
93928,1.08527,2.31926
93929,1.08333,2.09747
93930,1.07748,0.696227
93931,1.07739,0.616114
93932,1.0941,2.04728
93933,1.09485,1.92493
93934,1.08855,9.13825
93935,1.09147,8.58809
93936,1.05971,-19.9239
93937,1.03915,-21.4267
93938,1.06551,-18.8738
93939,1.06374,-19.3247
93940,1.03864,-21.4634
93941,1.05729,-19.7654
93942,1.05157,-20.5268
93943,1.04258,-21.1392
93944,1.04434,-20.3263
93945,1.06003,-23.5491
93946,1.05611,-25.2541
93947,1.05292,-23.7031
93948,1.06075,-25.1517
93949,1.05967,-19.4213
93950,1.09413,9.13068
93951,1.06998,30.0305
93952,1.04337,3.91751
93953,1.04281,4.27808
93954,1.06822,28.8688
93955,1.07704,-6.97229
93956,1.08095,-6.49482
93957,1.0896,-5.84115
93958,1.08207,-6.21758
93959,1.0771,5.9888
93960,1.05526,2.5032
93961,1.0578,3.07976
93962,1.06083,0.24984
93963,1.06903,21.5776
93964,1.08105,7.34943
93965,1.08187,7.3671
93966,1.0667,-5.11551
93967,1.06496,-6.15062
93968,1.05263,-8.8458
93969,1.05561,-8.28614
93970,1.05231,-8.98038
93971,1.05122,-9.53323
93972,1.05579,-8.49706
93973,1.05932,-7.46809
93974,1.07419,-5.16065
93975,1.07975,-3.19629
93976,1.07427,-5.13371
93977,1.07335,-5.14155
93978,1.06997,-5.97248
93979,1.07691,-4.35691
93980,1.07489,-4.83432
93981,1.07047,-5.85543
93982,1.07121,-5.77372
93983,1.07093,-5.89925
93984,1.07014,-5.61137
93985,1.07117,-5.59373
93986,1.07021,-5.75965
93987,1.06754,-6.46182
93988,1.06645,-6.52164
93989,1.06394,-7.39922
93990,1.05778,-8.3895
93991,1.06021,-8.1022
93992,1.05698,-8.83269
93993,1.05437,-9.40712
93994,1.05087,-10.391
93995,1.05167,-9.98031
93996,1.05654,-8.72198
93997,1.06048,-8.02189
93998,1.06266,-7.27616
93999,1.0648,-6.9935
94000,1.06836,-6.26261
94001,1.06948,-6.1515
94002,1.05906,-8.10729
94003,1.07384,4.32946
94004,1.08194,5.04694
94005,1.08059,4.74676
94006,1.07819,4.45431
94007,1.07284,3.71071
94008,1.07045,3.43052
94009,1.08802,5.38478
94010,1.07965,4.34366
94011,1.09202,5.70547
94012,1.08195,4.76015
94013,1.03244,-9.24605
94014,1.0572,-0.759852
94015,1.06243,-0.0113349
94016,1.0512,-1.96829
94017,1.05583,-0.937091
94018,1.06278,-7.17811
94019,1.05759,-7.98427
94020,1.0531,-8.33584
94021,1.06993,-5.52963
94022,1.06826,-6.07236
94023,1.05612,-8.14599
94024,1.0553,-8.22029
94025,1.05835,-7.71549
94026,1.05846,-7.70833
94027,1.05911,-7.88661
94028,1.06298,-7.1557
94029,1.06168,-7.27036
94030,1.05761,-7.9332
94031,1.05542,-8.18189
94032,1.06151,-7.27509
94033,1.05981,-7.65556
94034,1.06221,-7.20975
94035,1.05923,-7.69349
94036,1.05367,-8.54742
94037,1.05368,-8.59927
94038,1.05992,-7.82089
94039,1.06088,-7.97951
94040,1.06056,-7.54255
94041,1.05945,-7.93652
94042,1.05975,-7.83176
94043,1.05996,-7.78609
94044,1.0584,-7.95124
94045,1.06363,-7.13598
94046,1.0554,-8.34579
94047,1.05473,-8.4665
94048,1.06444,-7.07137
94049,1.0661,-6.68672
94050,1.0646,-6.96687
94051,1.06432,-6.98903
94052,1.06131,-7.97292
94053,1.05458,-8.58007
94054,1.05685,-9.0368
94055,1.05904,-8.2253
94056,1.05522,-8.92989
94057,1.05558,-8.50038
94058,1.05999,-7.47523
94059,1.06166,-7.32505
94060,1.05939,-7.7913
94061,1.06935,-5.49991
94062,1.06031,-7.24952
94063,1.05965,-7.50601
94064,1.06321,-6.85165
94065,1.06044,-7.60828
94066,1.06254,-7.45764
94067,1.05753,-8.21077
94068,1.05411,-8.99626
94069,1.05078,-9.11505
94070,1.06232,-7.31662
94071,1.07399,-5.5319
94072,1.06975,-6.15779
94073,1.06751,-6.65373
94074,1.06905,-6.29338
94075,1.06954,-6.25986
94076,1.06361,-7.15948
94077,1.06744,-6.46063
94078,1.07056,-6.10768
94079,1.07133,-5.82513
94080,1.06487,-7.04905
94081,1.05533,-8.76421
94082,1.05344,-9.84013
94083,1.04948,-10.3645
94084,1.05079,-10.3428
94085,1.05602,-9.20726
94086,1.05537,-8.54786
94087,1.05432,-9.65237
94088,1.05089,-9.84789
94089,1.0529,-8.60817
94090,1.05725,-7.98717
94091,1.05623,-8.18596
94092,1.05631,-7.80165
94093,1.06608,-6.53298
94094,1.06709,-6.53212
94095,1.05982,-7.43136
94096,1.05305,-8.16077
94097,1.05254,-8.59886
94098,1.06091,-7.96829
94099,1.05869,-8.21764
94100,1.05127,-9.59262
94101,1.05049,-7.72978
94102,1.05136,-9.5058
94103,1.05035,-7.76674
94104,1.05369,-9.01323
94105,1.05324,-9.03835
94106,1.05284,-8.846
94107,1.05302,-9.31803
94108,1.05013,-9.55872
94109,1.067,-6.76617
94110,1.06699,-6.80902
94111,1.07431,-5.78364
94112,1.07163,-6.20685
94113,1.07288,-5.95374
94114,1.07266,-5.8414
94115,1.07129,-6.16058
94116,1.07326,-5.86992
94117,1.06731,-6.68462
94118,1.07415,-5.65684
94119,1.07257,-5.94343
94120,1.0716,-6.04768
94121,1.06813,-6.62375
94122,1.08196,-6.49043
94123,1.07931,-4.80275
94124,1.08279,-4.26968
94125,1.0777,-4.97289
94126,1.07352,-5.70922
94127,1.07531,-5.5246
94128,1.07172,-5.57324
94129,1.07529,-4.98904
94130,1.07794,-5.18149
94131,1.0705,-5.74919
94132,1.07408,-5.41066
94133,1.07744,-5.11243
94134,1.07609,-5.34699
94135,1.06983,-6.21999
94136,1.06611,-7.02737
94137,1.06867,-6.42729
94138,1.06585,-7.12376
94139,1.06773,-6.45838
94140,1.06133,-7.48579
94141,1.05775,-8.02938
94142,1.06338,-7.19281
94143,1.06149,-7.84195
94144,1.0571,-8.50501
94145,1.05574,-9.01986
94146,1.06091,-7.86061
94147,1.05797,-8.0233
94148,1.05339,-8.41882
94149,1.06175,-7.36943
94150,1.05358,-8.3417
94151,1.05161,-10.1405
94152,1.06423,-6.79204
94153,1.06498,-6.91987
94154,1.06508,29.5282
94155,1.04707,-8.54369
94156,1.0496,-9.31302
94157,1.04824,-9.59921
94158,1.05314,-7.52613
94159,1.05467,-6.84439
94160,1.06821,-6.02883
94161,1.05023,-7.55221
94162,1.0448,-8.72893
94163,1.0515,-7.43793
94164,1.05059,-7.78923
94165,1.04536,-8.74816
94166,1.04244,-8.59136
94167,1.04525,-8.67331
94168,1.04804,-8.64879
94169,1.0485,-8.6069
94170,1.04997,-9.63012
94171,1.04762,-8.6971
94172,1.0466,-8.90455
94173,1.04981,-9.2306
94174,1.05073,-9.68362
94175,1.04953,-8.62142
94176,1.04975,-8.59214
94177,1.05157,-9.2742
94178,1.04892,-10.2158
94179,1.05086,-9.52668
94180,1.05127,-9.40098
94181,1.05187,-9.48643
94182,1.05086,-9.82671
94183,1.05141,-9.83477
94184,1.05308,-9.2096
94185,1.0899,3.81287
94186,1.0874,3.87342
94187,1.06577,-7.55624
94188,1.09521,6.12658
94189,1.09419,5.99754
94190,1.0952,7.08708
94191,1.07033,10.3434
94192,1.06399,9.8665
94193,1.06496,9.7183
94194,1.0634,9.73615
94195,1.06934,10.0689
94196,1.06554,9.67515
94197,1.06065,9.44908
94198,1.06693,9.86266
94199,1.07248,9.51901
94200,1.06937,9.3678
94201,1.04904,8.54984
94202,1.06737,9.88777
94203,1.06477,9.61014
94204,1.05213,-8.72682
94205,1.05368,-8.64226
94206,1.05719,-7.58691
94207,1.05613,-7.12613
94208,1.05682,-6.76897
94209,1.05428,-6.85988
94210,1.05352,-7.89534
94211,1.05797,-5.97228
94212,1.07242,-19.6527
94213,1.07387,-19.9364
94214,1.07439,-19.8818
94215,1.07696,-20.2535
94216,1.0782,-20.6762
94217,1.0762,-20.1763
94218,1.07991,-20.8795
94219,1.07446,-21.4762
94220,1.07659,-21.6047
94221,1.0843,-21.3127
94222,1.08872,-19.6631
94223,1.0865,-20.5962
94224,1.08749,-20.8685
94225,1.09194,-19.8081
94226,1.09087,-20.3102
94227,1.08992,-20.6928
94228,1.08701,-21.7599
94229,1.08851,-21.0005
94230,1.08879,-20.9931
94231,1.08654,-21.2571
94232,1.08704,-21.1598
94233,1.08609,-21.6529
94234,1.0879,-21.5347
94235,1.07349,-19.7701
94236,1.07092,-19.2029
94237,1.06881,-20.4681
94238,1.08706,-21.6879
94239,1.08641,-21.7899
94240,1.09118,-20.1059
94241,1.08981,-20.6196
94242,1.0826,-20.3612
94243,1.08363,-22.1412
94244,1.09193,-19.713
94245,1.08491,-22.5169
94246,1.0959,5.12095
94247,1.09267,4.77681
94248,1.09529,4.91116
94249,1.07204,-2.86184
94250,1.06965,-3.12781
94251,1.07368,-2.45333
94252,1.08051,2.19067
94253,1.07377,2.12429
94254,1.07217,1.38406
94255,1.08422,24.4191
94256,1.06301,-4.45848
94257,1.06062,-4.42713
94258,1.06358,-4.19208
94259,1.05882,-4.47964
94260,1.07394,-3.37051
94261,1.07363,-3.52039
94262,1.06725,-3.51569
94263,1.07236,-3.43358
94264,1.05725,-5.17093
94265,1.05364,-6.10241
94266,1.05858,-5.0344
94267,1.05021,-5.20185
94268,1.05129,-5.19514
94269,1.04845,-4.90176
94270,1.05126,-4.01679
94271,1.06341,-3.89502
94272,1.06752,-3.39185
94273,1.07615,-2.90096
94274,1.07303,-3.21312
94275,1.07444,-3.06667
94276,1.07476,-2.94749
94277,1.08264,-2.10129
94278,1.08182,-2.18103
94279,1.07704,-2.514
94280,1.07091,-2.93072
94281,1.07263,-2.09875
94282,1.06459,-3.12397
94283,1.07073,-2.20013
94284,1.08001,-1.92562
94285,1.07857,-1.88939
94286,1.07667,-1.28938
94287,1.05914,-2.65503
94288,1.08393,7.67497
94289,1.09227,7.88627
94290,1.09432,3.83239
94291,1.0882,3.2885
94292,1.08584,4.46596
94293,1.07933,-2.99481
94294,1.06003,17.1262
94295,1.04075,-9.25151
94296,1.0379,-9.13702
94297,1.03696,-8.66911
94298,1.03756,-9.32525
94299,1.05558,-8.71059
94300,1.0394,-9.68575
94301,1.05557,-8.93496
94302,1.06108,-8.10801
94303,1.08362,-5.63173
94304,1.07087,-6.83017
94305,1.04921,-8.19572
94306,1.07001,-5.80395
94307,1.08326,-6.07173
94308,1.08326,-5.77992
94309,1.08046,-6.10733
94310,1.0756,-6.30822
94311,1.07171,-6.77378
94312,1.08411,-5.70253
94313,1.08066,-5.99564
94314,1.08046,-6.37429
94315,1.04576,-4.24989
94316,1.05985,30.0386
94317,1.08492,-4.89818
94318,1.07155,-5.47329
94319,1.05963,-5.94707
94320,1.06079,-6.23164
94321,1.07372,-5.27166
94322,1.06121,-6.23476
94323,1.0586,-6.27994
94324,1.06364,-6.10209
94325,1.06006,-6.40142
94326,1.07221,-5.94959
94327,1.07411,-5.90177
94328,1.07313,-5.02477
94329,1.07996,8.36646
94330,1.06837,6.96473
94331,1.07437,7.2231
94332,1.08365,8.40423
94333,1.08681,8.48966
94334,1.08879,8.76496
94335,1.08845,8.7859
94336,1.07492,7.78459
94337,1.08105,8.07272
94338,1.08945,8.27429
94339,1.08362,7.57547
94340,1.08028,7.25113
94341,1.07733,-0.186102
94342,1.07249,-2.26577
94343,1.07401,4.11738
94344,1.08075,4.15236
94345,1.06095,2.00024
94346,1.07802,4.6627
94347,1.07188,4.25908
94348,1.0658,3.71192
94349,1.06111,2.87848
94350,1.06713,3.76024
94351,1.06695,3.75892
94352,1.07855,4.16415
94353,1.0836,26.9188
94354,1.08368,26.9638
94355,1.07958,26.5494
94356,1.08927,27.9717
94357,1.06668,25.5523
94358,1.07518,19.1068
94359,1.09048,39.7197
94360,1.04687,13.5635
94361,1.06783,-6.898
94362,1.0707,-5.26674
94363,1.07942,-4.15135
94364,1.04908,-7.8446
94365,1.04913,-7.91094
94366,1.04473,-8.24901
94367,1.04609,-8.12019
94368,1.04767,-8.07181
94369,1.04555,-8.14124
94370,1.04139,-9.05668
94371,1.04347,-8.93997
94372,1.04528,-8.84642
94373,1.06838,-5.96487
94374,1.05119,-8.15017
94375,1.04344,-8.94064
94376,1.04712,-7.96765
94377,1.04813,-7.76662
94378,1.04939,-7.57169
94379,1.04943,-7.36193
94380,1.0479,-7.58243
94381,1.04738,-7.43574
94382,1.05237,-6.89719
94383,1.05328,-6.76187
94384,1.07002,-5.21291
94385,1.06153,-6.05039
94386,1.05597,-6.73732
94387,1.05378,-7.15276
94388,1.05747,-7.5271
94389,1.06053,-7.04319
94390,1.05859,-7.27144
94391,1.05875,-7.17549
94392,1.06196,-7.21149
94393,1.05709,-7.60341
94394,1.05706,-7.30898
94395,1.05722,-7.16508
94396,1.07604,-6.52966
94397,1.07379,-6.6291
94398,1.06419,-7.21616
94399,1.05925,-7.93272
94400,1.05725,-8.06464
94401,1.05743,-8.02464
94402,1.06935,-6.93859
94403,1.06372,-7.47275
94404,1.05018,-8.44251
94405,1.05797,-7.79585
94406,1.05918,-7.83317
94407,1.05366,-6.61679
94408,1.07121,-4.74038
94409,1.06358,-5.61871
94410,1.06213,-5.82362
94411,1.0537,-6.62437
94412,1.05506,-6.30422
94413,1.05399,-6.37052
94414,1.04993,-6.50125
94415,1.04523,-7.86138
94416,1.04608,-8.3942
94417,1.04911,-7.99661
94418,1.04663,-8.33082
94419,1.05058,-7.69757
94420,1.05019,-7.55494
94421,1.05179,-7.31815
94422,1.05966,-6.81894
94423,1.06935,-6.55707
94424,1.07172,-6.47355
94425,1.07876,-6.36268
94426,1.08836,-5.38739
94427,1.08122,-6.20082
94428,1.07023,-7.59102
94429,1.08317,-6.11598
94430,1.07342,-6.57814
94431,1.08159,-5.94681
94432,1.08566,-6.21372
94433,1.09265,-5.50749
94434,1.08799,-5.89977
94435,1.09346,-5.34763
94436,1.09287,-5.4782
94437,1.09213,-5.59184
94438,1.09306,-5.51568
94439,1.09107,-5.68418
94440,1.09196,-5.66316
94441,1.09018,-5.82621
94442,1.04036,-9.05608
94443,1.04244,-8.99706
94444,1.03959,-9.05739
94445,1.04176,-8.79202
94446,1.04415,-7.95273
94447,1.06369,-5.19864
94448,1.04829,-7.20969
94449,1.04639,-7.87492
94450,1.03865,-8.98866
94451,1.04362,-8.45156
94452,1.04227,-9.03225
94453,1.0547,-8.4994
94454,1.04123,-8.89364
94455,1.04658,-8.64428
94456,1.05649,-8.32107
94457,1.04484,-8.83148
94458,1.06202,-7.64868
94459,1.06274,-7.62474
94460,1.07116,-6.88926
94461,1.0615,-7.68345
94462,1.06225,-7.62227
94463,1.06162,-7.67043
94464,1.0496,-8.85755
94465,1.05052,-8.83603
94466,1.04826,-8.8368
94467,1.04736,-8.90662
94468,1.0604,-7.61867
94469,1.05473,-8.15063
94470,1.06518,-4.62835
94471,1.06927,-3.64872
94472,1.0457,-6.8511
94473,1.04513,-8.22162
94474,1.06949,-6.15785
94475,1.05247,-7.54365
94476,1.04926,-8.30954
94477,1.05425,-7.00269
94478,1.04752,-8.13337
94479,1.03516,-8.94327
94480,1.03615,-8.98635
94481,1.03903,-9.21073
94482,1.0582,-5.87679
94483,1.05495,-6.65667
94484,1.05976,-8.15631
94485,1.05415,-8.58875
94486,1.04902,-9.06417
94487,1.04722,-9.03191
94488,1.04461,-9.22686
94489,1.04379,-9.45816
94490,1.05656,-8.44318
94491,1.0463,-9.2593
94492,1.05619,-8.64424
94493,1.06031,-8.21163
94494,1.05471,-9.06197
94495,1.07723,-6.60786
94496,1.07348,-7.03653
94497,1.07845,-6.57973
94498,1.07041,-8.98789
94499,1.0665,-7.42962
94500,1.08327,-5.89048
94501,1.08726,-5.4253
94502,1.07476,-6.45635
94503,1.06062,-9.97433
94504,1.05817,-9.80669
94505,1.03894,-9.28744
94506,1.03618,-9.03689
94507,1.04298,-8.47995
94508,1.0424,-8.29015
94509,1.04246,-8.40767
94510,1.04452,-8.34659
94511,1.04659,-7.60896
94512,1.04743,-7.27561
94513,1.04754,-7.58787
94514,1.04408,-7.82561
94515,1.0492,-6.91474
94516,1.04875,-7.18191
94517,1.05439,-5.35171
94518,1.05044,-6.83124
94519,1.04644,-7.42338
94520,1.04378,-7.87333
94521,1.04414,-7.79385
94522,1.04291,-7.92305
94523,1.04302,-7.92481
94524,1.049,-6.8999
94525,1.0498,-7.0594
94526,1.04636,-7.50323
94527,1.04894,-6.98339
94528,1.0483,-6.97711
94529,1.06768,-4.13573
94530,1.0536,-6.12828
94531,1.05262,-6.40784
94532,1.05598,-6.0002
94533,1.04915,-6.86278
94534,1.04449,-7.78669
94535,1.04744,-7.13175
94536,1.04754,-7.10647
94537,1.04606,-7.50464
94538,1.04589,-7.45135
94539,1.04342,-7.87329
94540,1.04395,-7.84953
94541,1.04281,-7.96131
94542,1.04461,-7.68492
94543,1.04489,-7.60957
94544,1.04852,-7.03624
94545,1.0487,-6.99094
94546,1.0494,-6.93727
94547,1.05325,-6.17518
94548,1.05147,-6.6193
94549,1.04579,-7.18529
94550,1.05005,-6.62456
94551,1.04811,-6.85136
94552,1.04599,-7.10611
94553,1.05124,-6.34528
94554,1.04894,-6.96319
94555,1.04304,-7.4615
94556,1.04398,-7.21139
94557,1.05779,-5.17144
94558,1.05426,-5.90872
94559,1.04807,-5.94034
94560,1.04951,-5.50228
94561,1.05106,-5.33278
94562,1.04301,-8.39904
94563,1.04294,-8.41751
94564,1.04469,-8.15532
94565,1.04472,-8.09554
94566,1.04525,-8.05442
94567,1.04475,-8.16691
94568,1.04415,-7.87514
94569,1.0475,-7.42626
94570,1.04418,-7.60589
94571,1.04843,-7.07121
94572,1.04947,-7.00934
94573,1.05447,-6.14816
94574,1.05396,-6.38439
94575,1.04885,-6.96254
94576,1.04745,-7.18152
94577,1.04377,-7.65679
94578,1.0444,-7.73001
94579,1.04501,-7.64956
94580,1.04612,-7.94717
94581,1.04825,-7.43182
94582,1.04757,-7.48101
94583,1.0487,-7.31795
94584,1.04837,-7.33134
94585,1.05043,-6.95317
94586,1.05215,-6.93947
94587,1.05117,-7.07022
94588,1.05061,-7.07896
94589,1.05384,-6.65394
94590,1.05334,-6.63572
94591,1.05446,-6.62223
94592,1.05962,-5.85214
94593,1.06017,-5.81928
94594,1.06357,-5.5664
94595,1.05375,-6.69106
94596,1.05322,-5.87102
94597,1.05249,-6.15778
94598,1.04352,-7.55414
94599,1.0405,-7.68105
94600,1.04756,-7.04087
94601,1.0443,-7.06108
94602,1.04529,-6.95998
94603,1.04737,-6.54469
94604,1.04284,-7.11327
94605,1.04331,-7.15875
94606,1.04611,-6.56531
94607,1.0474,-6.47147
94608,1.04511,-6.5599
94609,1.07563,-1.92865
94610,1.0622,-3.84511
94611,1.06029,-4.12543
94612,1.06312,-4.42812
94613,1.05551,-5.65937
94614,1.05122,-6.59878
94615,1.05449,-6.36334
94616,1.05538,-6.31406
94617,1.05208,-6.56483
94618,1.0516,-7.18645
94619,1.05113,-6.68465
94620,1.05388,-6.36676
94621,1.05348,-6.39208
94622,1.05987,-5.83298
94623,1.063,-5.46787
94624,1.06367,-5.34408
94625,1.05185,-7.18667
94626,1.05279,-6.65483
94627,1.0535,-6.6681
94628,1.05054,-6.82369
94629,1.05064,-6.57983
94630,1.05125,-6.64501
94631,1.05289,-6.23355
94632,1.05303,-6.50355
94633,1.05338,-6.42838
94634,1.05174,-6.36096
94635,1.05133,-6.42884
94636,1.04991,-5.56557
94637,1.05041,-5.66147
94638,1.05068,-5.64995
94639,1.04863,-6.42626
94640,1.04951,-6.53952
94641,1.05761,-5.68256
94642,1.06283,-4.71527
94643,1.04907,-6.21507
94644,1.05081,-4.71653
94645,1.05043,-3.87265
94646,1.04061,-8.77587
94647,1.05619,-6.92718
94648,1.05221,-7.67912
94649,1.04614,3.52387
94650,1.07944,8.89763
94651,1.07494,8.68444
94652,1.08874,9.19573
94653,1.09869,11.115
94654,1.09095,30.8287
94655,1.08587,30.3978
94656,1.08428,9.25537
94657,1.05177,1.38196
94658,1.05423,1.39024
94659,1.06311,2.24488
94660,1.05929,1.56903
94661,1.05027,0.0175935
94662,1.06689,1.83875
94663,1.06955,2.12854
94664,1.05206,1.3589
94665,1.05416,1.77614
94666,1.00872,25.2101
94667,1.06012,2.24225
94668,1.061,1.05055
94669,1.06399,0.10131
94670,1.07521,-0.15775
94671,1.07048,-0.245233
94672,1.0644,0.700267
94673,1.06748,-18.5947
94674,1.06544,-18.6655
94675,1.06718,-18.5935
94676,1.06497,-18.6656
94677,1.05036,-19.7281
94678,1.05759,-19.1836
94679,1.06648,-18.5801
94680,1.06411,-18.7028
94681,1.05885,-19.0655
94682,1.06876,-18.0449
94683,1.05618,-19.1674
94684,1.05373,-19.6042
94685,1.04365,-21.1777
94686,1.0429,-21.318
94687,1.04269,-21.2123
94688,1.06308,-18.712
94689,1.05967,-18.2153
94690,1.06122,-18.4682
94691,1.05452,-18.9215
94692,1.05006,-19.4529
94693,1.06072,-18.6885
94694,1.06392,-18.6709
94695,1.06811,-18.2576
94696,1.09574,-15.6571
94697,1.08225,-16.8837
94698,1.0594,-19.1473
94699,1.05529,-19.504
94700,1.06538,-19.2394
94701,1.05563,-18.953
94702,1.08293,0.926013
94703,1.08399,0.977195
94704,1.06561,-2.43455
94705,1.04353,21.6048
94706,1.08376,2.47606
94707,1.09672,3.556
94708,1.08511,1.98453
94709,1.085,1.77136
94710,1.08544,3.52905
94711,1.08553,4.1155
94712,1.08672,5.37557
94713,1.08666,4.90175
94714,1.07863,3.0611
94715,1.05775,0.462414
94716,1.06543,0.693638
94717,1.09221,11.7899
94718,1.09561,11.9564
94719,1.09098,11.6497
94720,1.07421,2.24998
94721,1.08327,0.468868
94722,1.08222,0.132584
94723,1.07922,-1.80575
94724,1.07792,-0.114712
94725,1.07382,32.0182
94726,1.08597,32.9734
94727,1.08271,32.7105
94728,1.08453,32.8088
94729,1.08979,33.6206
94730,1.08381,32.8122
94731,1.0857,32.8389
94732,1.06878,3.41432
94733,1.08812,2.3729
94734,1.07522,2.71058
94735,1.07473,2.77823
94736,1.06495,-2.78962
94737,1.08673,-3.22282
94738,1.08838,-3.0349
94739,1.08873,-2.8878
94740,1.07723,-5.65308
94741,1.07891,-5.74508
94742,1.07243,-6.07491
94743,1.08371,-5.31272
94744,1.07908,-5.74148
94745,1.0756,-5.89501
94746,1.07484,-6.39826
94747,1.08198,-5.54687
94748,1.08161,-5.79032
94749,1.08891,-4.9896
94750,1.07939,-6.13309
94751,1.0778,-5.86383
94752,1.08736,-4.96283
94753,1.09019,-4.65218
94754,1.0834,-5.48755
94755,1.09196,-4.72965
94756,1.08568,-5.50276
94757,1.08046,-5.9099
94758,1.08403,-5.44338
94759,1.08839,-4.7623
94760,1.08886,-5.02364
94761,1.07787,-6.03431
94762,1.09146,-4.67538
94763,1.08568,-5.50134
94764,1.08751,-4.99625
94765,1.07517,-6.42534
94766,1.0746,-6.47995
94767,1.07028,-6.80585
94768,1.06482,-7.39268
94769,1.08693,-5.30851
94770,1.08343,-5.72817
94771,1.08062,-6.0937
94772,1.08441,-5.19076
94773,1.08096,-5.58155
94774,1.08013,-14.1209
94775,1.04045,-13.3791
94776,1.06506,-2.64351
94777,1.06776,-2.39208
94778,1.07479,-0.924402
94779,1.08563,0.563259
94780,1.08191,0.0619654
94781,1.08216,0.219136
94782,1.06966,-1.98441
94783,1.0659,-1.94366
94784,1.07017,-0.628396
94785,1.08466,9.43642
94786,1.06558,1.79758
94787,1.0731,-5.99081
94788,1.08151,-3.29121
94789,1.07863,-3.42795
94790,1.07259,-2.79988
94791,1.0394,-5.80777
94792,1.04282,-5.50397
94793,1.0888,-8.57034
94794,1.08445,-9.05642
94795,1.08122,9.85164
94796,1.07852,8.99557
94797,1.08191,3.39766
94798,1.08675,30.4319
94799,1.08526,29.7912
94800,1.06699,26.9978
94801,1.05704,-0.837591
94802,1.07924,-6.91312
94803,1.09102,3.14796
94804,1.07899,2.03022
94805,1.09441,4.99663
94806,1.09562,5.22119
94807,1.0749,-4.86848
94808,1.06998,-5.69741
94809,1.06306,-6.26558
94810,1.07433,-6.31908
94811,1.08756,-5.76057
94812,1.08678,-5.96119
94813,1.08401,-6.27806
94814,1.06904,-6.54833
94815,1.07933,-6.29568
94816,1.07326,2.10483
94817,1.07687,2.4409
94818,1.07652,1.98747
94819,1.08752,3.74389
94820,1.09013,3.48593
94821,1.05879,-1.43882
94822,1.05745,-0.436235
94823,1.05497,20.6507
94824,1.0507,20.2774
94825,1.04984,20.201
94826,1.05231,20.2624
94827,1.04845,20.0817
94828,1.04656,20.0486
94829,1.04335,20.02
94830,1.05174,20.2186
94831,1.05179,20.1534
94832,1.06827,21.1027
94833,1.06838,21.1738
94834,1.04224,20.0537
94835,1.06566,21.0858
94836,1.04574,19.8415
94837,1.08118,21.8935
94838,1.08027,21.8842
94839,1.07557,21.0277
94840,1.05314,-1.48908
94841,1.04602,-2.30917
94842,1.04969,-1.93464
94843,1.05066,-1.87627
94844,1.07222,-0.0124931
94845,1.07578,0.397379
94846,1.05421,-1.24804
94847,1.0523,-2.05391
94848,1.05172,-1.76478
94849,1.05315,-1.48827
94850,1.06291,-0.741981
94851,1.06303,-0.715688
94852,1.05637,-1.48271
94853,1.0507,-2.19686
94854,1.09401,2.8432
94855,1.09243,2.70008
94856,1.0759,7.54745
94857,1.05298,-1.85898
94858,1.0942,3.09343
94859,1.09266,2.94412
94860,1.06735,-6.65
94861,1.04826,-3.08449
94862,1.0585,-1.54226
94863,1.03463,7.23071
94864,1.03404,7.28426
94865,1.03317,7.20322
94866,1.03247,7.01455
94867,1.0378,7.50771
94868,1.03807,7.50438
94869,1.04098,6.64881
94870,1.0522,8.45052
94871,1.0478,8.08723
94872,1.03522,7.26485
94873,1.07093,2.00769
94874,1.0421,-5.44067
94875,1.05091,-4.78547
94876,1.05746,-4.94684
94877,1.07259,-3.3161
94878,1.06627,-4.04004
94879,1.06355,-4.37967
94880,1.05486,-5.36403
94881,1.05959,-4.66826
94882,1.06283,-4.44632
94883,1.06144,-4.62985
94884,1.06261,-4.46598
94885,1.06148,-4.62469
94886,1.05833,-5.18441
94887,1.05749,-5.2052
94888,1.06373,-4.56596
94889,1.06361,-4.58053
94890,1.05686,-5.08111
94891,1.049,-6.84267
94892,1.04897,-7.58432
94893,1.05077,-6.54968
94894,1.05576,-5.22298
94895,1.06797,-3.69195
94896,1.06599,-4.14586
94897,1.05113,-5.22929
94898,1.05562,-5.03684
94899,1.06774,-3.79454
94900,1.06901,-3.08068
94901,1.08613,31.7002
94902,1.08717,31.8849
94903,1.08272,31.8039
94904,1.07357,6.82168
94905,1.09757,10.0898
94906,1.08658,9.02294
94907,1.09154,25.2374
94908,1.04543,-0.97025
94909,1.05451,1.46434
94910,1.04636,-0.153429
94911,1.04477,0.219947
94912,1.06481,-2.11106
94913,1.06594,-2.20852
94914,1.08036,0.135728
94915,1.06322,-1.68364
94916,1.07823,0.0122601
94917,1.09713,-2.44152
94918,1.0966,-2.42997
94919,1.09712,12.8819
94920,1.09649,12.978
94921,1.09477,-5.82773
94922,1.08765,-6.61092
94923,1.07128,-8.17334
94924,1.0762,-7.71884
94925,1.08332,-6.45049
94926,1.08732,-6.27697
94927,1.08435,-6.40545
94928,1.08498,-6.67138
94929,1.07311,-7.94114
94930,1.07565,-7.56398
94931,1.07062,-8.18396
94932,1.06638,-8.47275
94933,1.06643,-8.47352
94934,1.07049,-8.23704
94935,1.0705,-8.36102
94936,1.06464,-8.53695
94937,1.07693,-8.49894
94938,1.0774,-8.25126
94939,1.06106,-9.802
94940,1.06422,-8.59592
94941,1.06518,-10.0029
94942,1.0576,-9.67367
94943,1.07323,-9.44808
94944,1.06437,-9.40005
94945,1.0689,-8.66319
94946,1.0317,27.9968
94947,1.09218,-4.26801
94948,1.07846,-5.3733
94949,1.0687,-5.99363
94950,1.07705,-5.49747
94951,1.09381,-4.26641
94952,1.09492,4.66588
94953,1.09409,3.3397
94954,1.09513,3.14253
94955,1.09433,3.12156
94956,1.08921,2.7822
94957,1.04531,3.02939
94958,1.06663,5.64615
94959,1.07178,6.46295
94960,1.0803,0.0971394
94961,1.08047,0.166549
94962,1.07006,-1.84632
94963,1.07654,-1.7492
94964,1.08218,-1.55502
94965,1.07856,-1.66213
94966,1.09139,0.531524
94967,1.08695,1.5967
94968,1.08994,2.42476
94969,1.08361,-0.460926
94970,1.08033,-1.80971
94971,1.08535,31.4269
94972,1.08383,31.1773
94973,1.09039,3.73681
94974,1.05059,-4.03211
94975,1.05951,-4.23294
94976,1.06073,-2.67485
94977,1.07167,-0.484951
94978,1.05786,30.3125
94979,1.06712,30.961
94980,1.06721,31.0237
94981,1.06707,30.95
94982,1.07677,32.0734
94983,1.06503,30.8287
94984,1.06468,30.8462
94985,1.06015,30.4025
94986,1.06194,30.4986
94987,1.06248,30.5458
94988,1.06022,30.4301
94989,1.05994,30.3789
94990,1.05986,30.3732
94991,1.05937,30.3511
94992,1.06152,30.2289
94993,1.06178,29.9577
94994,1.05924,29.6026
94995,1.06113,29.345
94996,1.07552,31.9451
94997,1.07146,31.239
94998,1.07167,7.17107
94999,1.06963,-0.904342
95000,1.07876,2.48256
95001,1.08083,-3.41692
95002,1.08168,-2.21768
95003,1.07801,-3.52271
95004,1.07927,-4.41591
95005,1.06498,5.96232
95006,1.09259,8.38902
95007,1.08677,7.59741
95008,1.08509,7.46154
95009,1.08159,6.41448
95010,1.05476,1.55976
95011,1.05901,-0.287283
95012,1.07963,-6.70466
95013,1.0938,-5.36259
95014,1.09343,-5.30491
95015,1.05245,-9.38894
95016,1.0579,0.495874
95017,1.06991,4.85161
95018,1.05641,2.77905
95019,1.06621,3.50249
95020,1.06391,2.96081
95021,1.06212,2.41659
95022,1.0602,2.76317
95023,1.05703,1.93067
95024,1.08629,2.72974
95025,1.08555,5.72867
95026,1.08845,11.1553
95027,1.0769,-0.233671
95028,1.07266,-0.912103
95029,1.07181,-3.54044
95030,1.07107,-3.6028
95031,1.07307,-3.07751
95032,1.072,-3.23975
95033,1.07317,-3.19795
95034,1.07025,-3.48442
95035,1.07271,-3.37162
95036,1.07214,-5.49602
95037,1.07146,-5.32626
95038,1.06684,-3.89134
95039,1.06764,-3.80663
95040,1.06704,-4.18148
95041,1.06697,-3.86789
95042,1.06826,-5.61457
95043,1.06038,-4.98092
95044,1.05986,-5.57943
95045,1.06196,-4.95296
95046,1.07057,-4.6774
95047,1.07106,-4.64282
95048,1.06256,-5.70682
95049,1.06821,-4.55388
95050,1.06707,-4.8199
95051,1.06217,-6.12648
95052,1.06482,-3.74896
95053,1.06563,-4.6987
95054,1.06581,-4.44944
95055,1.06844,-2.93118
95056,1.06344,-4.54097
95057,1.07033,-3.8317
95058,1.06692,-4.45974
95059,1.0696,-4.70891
95060,1.07,-4.77541
95061,1.07477,-5.04907
95062,1.07648,-4.30739
95063,1.06603,-5.75823
95064,1.06569,-6.05794
95065,1.05293,-8.0453
95066,1.07019,-4.81111
95067,1.06915,-5.05956
95068,1.06844,-4.87023
95069,1.06885,-4.83366
95070,1.06656,-4.40002
95071,1.06716,-3.90603
95072,1.06894,-3.33327
95073,1.07438,-3.22901
95074,1.0786,-2.38931
95075,1.06378,-3.12364
95076,1.0642,-4.01409
95077,1.06301,-4.33252
95078,1.06409,-3.06433
95079,1.07018,-2.44674
95080,1.06622,-5.05503
95081,1.06022,-4.56553
95082,1.06082,-4.60447
95083,1.05747,-6.20861
95084,1.05118,-6.28025
95085,1.05755,-5.96352
95086,1.05142,-7.18201
95087,1.06279,-5.52115
95088,1.06254,-5.65463
95089,1.06664,-6.25548
95090,1.05888,-6.44745
95091,1.05743,-7.26924
95092,1.05719,-6.78871
95093,1.06649,-5.85143
95094,1.05907,-6.55755
95095,1.05428,-6.81419
95096,1.06389,-6.27671
95097,1.07356,-4.38019
95098,1.06399,-6.30769
95099,1.0625,-6.90982
95100,1.07644,-4.32205
95101,1.06776,-5.75453
95102,1.06476,-6.68204
95103,1.06439,-6.7442
95104,1.06493,-6.29083
95105,1.06538,-5.84052
95106,1.06088,-6.47792
95107,1.06526,-5.83883
95108,1.06248,-6.23728
95109,1.06234,-6.24155
95110,1.06661,-5.93917
95111,1.06156,-6.59215
95112,1.06051,-6.72616
95113,1.06251,-6.37315
95114,1.05567,-7.73447
95115,1.06112,-6.72583
95116,1.06173,-6.43742
95117,1.0587,-7.0351
95118,1.06119,-6.85975
95119,1.05788,-7.31759
95120,1.06552,-5.5266
95121,1.05919,-6.96238
95122,1.05706,-6.60963
95123,1.05816,-6.99017
95124,1.06609,-5.2084
95125,1.06333,-5.83688
95126,1.06051,-6.1893
95127,1.05712,-6.51446
95128,1.05392,-6.06761
95129,1.05699,-6.59736
95130,1.06747,-5.4288
95131,1.06521,-4.72913
95132,1.06639,-4.28355
95133,1.07811,-2.57597
95134,1.07212,-3.34181
95135,1.07609,-2.49454
95136,1.06706,-5.44906
95137,1.0615,-6.84816
95138,1.06543,-6.29484
95139,1.06735,-5.4854
95140,1.0654,-6.34332
95141,1.06383,-6.41181
95142,1.06667,-5.98855
95143,1.06645,-5.85197
95144,1.06584,-6.22391
95145,1.06027,-5.50811
95146,1.06204,-5.02048
95147,1.06157,-5.48958
95148,1.0823,9.91316
95149,1.07697,9.60145
95150,1.08387,9.98511
95151,1.08391,10.0688
95152,1.08167,9.865
95153,1.08484,10.3539
95154,1.08342,10.235
95155,1.08244,10.207
95156,1.08456,10.5431
95157,1.08395,10.4773
95158,1.07262,9.09208
95159,1.083,10.2416
95160,1.0681,8.69456
95161,1.07642,7.78895
95162,1.0781,7.99325
95163,1.05574,2.7219
95164,1.05861,2.49879
95165,1.05002,1.53041
95166,1.05135,2.01312
95167,1.0569,2.25481
95168,1.04966,1.9691
95169,1.05361,2.28404
95170,1.06525,0.519605
95171,1.06611,0.570626
95172,1.07285,1.31003
95173,1.06991,0.934947
95174,1.07011,0.75297
95175,1.05952,-0.122614
95176,1.0605,-0.13091
95177,1.07121,1.15154
95178,1.07042,0.757585
95179,1.06598,0.422421
95180,1.06516,0.394961
95181,1.0598,-0.0556861
95182,1.05732,0.0917841
95183,1.05094,-0.661479
95184,1.04233,-1.60703
95185,1.04614,-0.221026
95186,1.06,0.20146
95187,1.04738,-0.319724
95188,1.04211,-1.72374
95189,1.04398,-2.62239
95190,1.04889,0.157773
95191,1.05823,0.0296909
95192,1.05324,-0.504148
95193,1.05207,-0.550174
95194,1.052,-0.401153
95195,1.0542,-0.291185
95196,1.05378,-0.273502
95197,1.04936,-0.397115
95198,1.04862,-0.41194
95199,1.05294,-0.366102
95200,1.06438,0.712343
95201,1.05256,-0.399506
95202,1.04869,-0.530289
95203,1.05933,0.806837
95204,1.04428,-0.842796
95205,1.05269,0.066106
95206,1.05251,-0.25576
95207,1.04967,-0.265944
95208,1.0514,-0.399963
95209,1.0485,-0.227731
95210,1.04548,-1.49542
95211,1.07504,1.46437
95212,1.08728,2.84252
95213,1.07859,1.75835
95214,1.08885,2.96991
95215,1.07271,1.22252
95216,1.06399,0.547578
95217,1.07633,1.65649
95218,1.07759,1.83771
95219,1.06792,0.8709
95220,1.08942,3.01314
95221,1.08079,2.02779
95222,1.06676,0.791898
95223,1.0602,0.32199
95224,1.05242,-0.0464082
95225,1.0525,0.447914
95226,1.0721,1.46301
95227,1.06683,0.899841
95228,1.05909,1.82809
95229,1.0565,-1.08982
95230,1.06179,-3.88091
95231,1.0733,-3.28894
95232,1.06879,-3.57565
95233,1.09729,9.76225
95234,1.09539,9.48
95235,1.05443,-4.85065
95236,1.08918,-2.13796
95237,1.08024,-2.92961
95238,1.0905,-2.11171
95239,1.08959,-2.20152
95240,1.0828,-2.8794
95241,1.06544,1.88237
95242,1.06097,1.12078
95243,1.09457,5.8251
95244,1.09236,5.66993
95245,1.08672,4.73747
95246,1.09157,5.68189
95247,1.08904,5.37063
95248,1.06082,-1.04263
95249,1.06296,-2.13716
95250,1.06023,-3.47805
95251,1.07719,-0.22483
95252,1.06152,-1.76377
95253,1.05812,-4.15497
95254,1.0596,-3.8001
95255,1.07175,-1.32208
95256,1.06947,-1.65461
95257,1.06144,-1.69752
95258,1.07408,8.31826
95259,1.08078,7.71913
95260,1.08288,7.3519
95261,1.06943,0.549021
95262,1.07736,-12.1766
95263,1.07771,-11.9811
95264,1.08427,-11.5135
95265,1.06928,-9.78668
95266,1.0842,-9.32175
95267,1.0759,-9.80609
95268,1.08213,-11.295
95269,1.0821,-11.5639
95270,1.08296,-11.4542
95271,1.07294,-12.6381
95272,1.07083,-11.9778
95273,1.06618,-0.477982
95274,1.06717,0.119628
95275,1.07157,1.89735
95276,1.02931,25.9256
95277,1.05005,-1.09929
95278,1.04831,-1.43991
95279,1.0535,-1.12808
95280,1.06656,0.542556
95281,1.06452,1.14698
95282,1.06254,0.947628
95283,1.07299,1.20323
95284,1.07318,1.26706
95285,1.08079,3.53274
95286,1.073,6.48493
95287,1.06066,-16.4736
95288,1.06715,1.43242
95289,1.07585,2.18004
95290,1.06491,0.508118
95291,1.05057,-1.07698
95292,1.04529,-1.67348
95293,1.04523,-1.45649
95294,1.06412,0.564622
95295,1.07745,2.05502
95296,1.05957,0.0368825
95297,1.04958,-1.00934
95298,1.04939,-0.283563
95299,1.05434,-0.0383841
95300,1.05823,0.652549
95301,1.05211,-0.0107368
95302,1.05029,0.00850747
95303,1.07601,2.2477
95304,1.0703,1.66276
95305,1.07592,2.2415
95306,1.06873,1.42049
95307,1.05336,-0.133958
95308,1.05132,-0.224242
95309,1.07547,2.11254
95310,1.06424,0.899838
95311,1.06083,0.544205
95312,1.05893,0.361829
95313,1.0676,0.914182
95314,1.07312,3.61118
95315,1.08011,4.7623
95316,1.06719,2.15077
95317,1.0679,8.72808
95318,1.0649,-3.37221
95319,1.06337,-2.24743
95320,1.06122,-4.4331
95321,1.09258,7.57136
95322,1.08922,6.94322
95323,1.0873,6.63952
95324,1.07391,4.76337
95325,1.08601,5.43796
95326,1.08397,5.1299
95327,1.07061,4.58151
95328,1.06771,3.44882
95329,1.08086,20.336
95330,1.0807,4.24917
95331,1.06852,-5.57122
95332,1.08871,-4.99993
