bus_id,Vm,Va_deg
39875,1.08396,-25.9876
39876,1.06747,-16.1508
39877,1.08461,-27.3597
39878,1.07098,-30.1568
39879,1.0845,-26.9278
39880,1.07077,-27.601
39881,1.07518,-28.504
39882,1.08271,-23.8059
39883,1.07745,-20.9551
39884,1.07819,-26.8689
39885,1.08206,-19.6459
39886,1.07285,-22.5919
39887,1.07057,-27.856
39888,1.0815,-25.9108
39889,1.07602,-27.1466
39890,1.06857,-16.2016
39891,1.07665,-27.0994
39892,1.07043,-25.3627
39893,1.08933,-26.4152
39894,1.0558,-23.2273
39895,1.08656,-24.8563
39896,1.05746,-25.5558
39897,1.06638,-21.5298
39898,1.07695,-30.1336
39899,1.07396,-26.8054
39900,1.07137,-24.7302
39901,1.07473,-29.3958
39902,1.06443,-25.8168
39903,1.06134,-24.4041
39904,1.07259,-29.2095
39905,1.07304,-29.3722
39906,1.08013,-25.5763
39907,1.08089,-26.0316
39908,1.08096,-24.6061
39909,1.08349,-26.9633
39910,1.08012,-30.9714
39911,1.0571,-31.0296
39912,1.08401,-28.803
39913,1.06441,-29.2589
39914,1.08443,-27.3659
39915,1.083,-19.313
39916,1.06651,-30.2674
39917,1.05835,-25.6863
39918,1.05352,-27.791
39919,1.08832,-26.3719
39920,1.07715,-15.485
39921,1.0729,-26.6671
39922,1.07389,-28.6119
39923,1.06292,-25.818
39924,1.07514,-26.9475
39925,1.08325,-23.6436
39926,1.08513,-30.9297
39927,1.08443,-27.365
39928,1.07474,-26.5579
39929,1.08109,-30.6836
39930,1.07424,-29.6376
39931,1.06553,-29.1351
39932,1.07291,-29.1858
39933,1.08384,-32.1122
39934,1.09105,-26.6123
39935,1.0677,-30.5149
39936,1.09096,-26.7777
39937,1.07975,-25.9029
39938,1.07614,-27.1531
39939,1.07316,-28.3721
39940,1.07311,-29.704
39941,1.0616,-26.3595
39942,1.09151,-30.3321
39943,1.07597,-29.4005
39944,1.07335,-29.5952
39945,1.05319,-23.7779
39946,1.06847,-28.4483
39947,1.05728,-29.8924
39948,1.05562,-31.1881
39949,1.05879,-27.0118
39950,1.09087,-24.3011
39951,1.08957,-28.0959
39952,1.07172,-28.4538
39953,1.08603,-26.354
39954,1.08078,-32.6873
39955,1.08761,-23.6355
39956,1.07157,-17.6982
39957,1.08676,-27.4649
39958,1.08412,-26.1724
39959,1.07203,-21.3802
39960,1.08938,-28.2997
39961,1.05882,-14.4022
39962,1.09525,-3.02854
39963,1.0842,-9.66907
39964,1.08366,-19.6509
39965,1.07937,-20.5341
39966,1.07939,-12.3045
39967,1.07382,-36.2293
39968,1.08956,-28.3213
39969,1.08217,-35.2625
39970,1.09536,-24.2449
39971,1.07556,-35.3666
39972,1.09901,1.53172
39973,1.0816,-30.0815
39974,1.08248,-26.6002
39975,1.08749,-23.9114
39976,1.08246,-35.3407
39977,1.07499,-20.5514
39978,1.09074,-28.3329
39979,1.08495,-31.1644
39980,1.09566,1.11241
39981,1.08927,-26.8438
39982,1.07501,-8.67819
39983,1.05896,-35.6384
39984,1.05901,-35.6255
39985,1.06312,-37.0702
39986,1.07085,-25.6844
39987,1.07084,-15.9645
39988,1.07702,-21.7177
39989,1.08994,-19.9647
39990,1.07441,-8.33471
39991,1.07835,-34.4158
39992,1.06729,-7.55012
39993,1.07566,-16.3115
39994,1.07858,-13.8847
39995,1.08862,-23.436
39996,1.08035,-29.7087
39997,1.07121,-34.9022
39998,1.07492,-20.1236
39999,1.0673,-16.3492
40000,1.08808,-33.4344
40001,1.09311,-30.4878
40002,1.0741,-30.392
40003,1.07687,-14.1059
40004,1.08187,-24.8501
40005,1.1,-13.9924
40006,1.07336,-27.8081
40007,1.07172,-26.3444
40008,1.0839,-7.22093
40009,1.08083,-32.969
40010,1.08385,-24.4797
40011,1.0715,-17.7203
40012,1.07816,-13.6337
40013,1.09486,-9.64229
40014,1.0832,-33.1812
40015,1.1,1.73339
40016,1.07054,-26.5188
40017,1.07013,-36.9408
40018,1.07743,-30.2709
40019,1.08705,-23.5875
40020,1.0737,-22.8783
40021,1.07832,-16.9944
40022,1.08558,-3.18942
40023,1.0776,-34.6894
40024,1.07709,-29.4785
40025,1.08851,-26.9636
40026,1.0745,-25.97
40027,1.0852,-3.90398
40028,1.07024,-17.8373
40029,1.06322,-21.1723
40030,1.0761,-25.9341
40031,1.0721,-34.4968
40032,1.05386,-37.9979
40033,1.06338,-17.0868
40034,1.05977,-18.9373
40035,1.07447,-27.7185
40036,1.05967,-15.1107
40037,1.06994,-36.5426
40038,1.07763,-21.692
40039,1.07451,-34.5923
40040,1.05535,-22.617
40041,1.04698,-34.9327
40042,1.04797,-35.7406
40043,1.05383,-34.7888
40044,1.03187,-38.4753
40045,1.06289,-33.1747
40046,1.08281,-22.0086
40047,1.05249,-35.4135
40048,1.03756,-21.2185
40049,1.03332,-38.6844
40050,1.04002,-37.9387
40051,1.04598,-36.6847
40052,1.07742,-27.0531
40053,1.06667,-31.4852
40054,1.0398,-22.0006
40055,1.06653,-29.5424
40056,1.02542,-21.4813
40057,1.06932,-26.6488
40058,1.06512,-31.911
40059,1.07086,-30.8691
40060,1.05903,-33.6794
40061,1.07135,-27.2191
40062,1.07176,-30.1337
40063,1.0704,-26.7282
40064,1.08616,-24.1131
40065,1.07494,-21.6807
40066,1.07167,-15.7255
40067,1.03694,-28.5802
40068,1.03181,-37.9954
40069,1.06261,-33.1925
40070,1.0436,-35.1324
40071,1.0722,-30.5344
40072,1.01963,-39.8033
40073,1.0599,-24.7021
40074,1.04104,-37.3431
40075,1.05958,-26.5463
40076,1.07412,-23.0724
40077,1.04437,-13.8406
40078,1.06179,-24.0025
40079,1.06189,-27.5123
40080,1.02544,-21.4816
40081,1.02952,-39.785
40082,1.04168,-36.5845
40083,1.03816,-45.9346
40084,1.03039,-38.9339
40085,1.06397,-21.1536
40086,1.03537,-28.3534
40087,1.05985,-33.5987
40088,1.04034,-34.9329
40089,1.04672,-32.9743
40091,1.0395,-37.3554
40092,1.03549,-29.2132
40093,1.04564,-32.998
40094,1.03149,-39.4909
40095,1.06637,-17.4509
40096,1.06072,-22.6464
40097,1.06351,-33.0859
40098,1.05174,-36.296
40099,1.05652,-36.2887
40100,1.06049,-22.7
40101,1.07105,-30.3513
40102,1.02542,-39.9965
40103,1.053,-35.075
40104,1.04595,-22.5991
40105,1.03939,-36.6849
40106,1.02913,-37.7234
40107,1.06435,-27.6765
40108,1.06707,-29.469
40109,1.07963,-35.5353
40110,1.0792,-30.6802
40111,1.0764,-35.1482
40112,1.06246,-31.477
40113,1.07243,-31.1499
40114,1.08504,-34.3749
40115,1.07171,-35.7647
40116,1.07359,-34.8344
40117,1.04932,-35.5255
40118,1.0648,-39.4466
40119,1.06371,-36.0408
40120,1.06282,-31.3842
40121,1.07263,-37.1516
40122,1.07755,-32.7997
40123,1.07446,-34.5493
40124,1.07532,-33.9711
40125,1.07623,-37.0244
40126,1.06068,-33.6332
40127,1.09074,-29.9655
40128,1.08121,-35.5706
40129,1.07481,-34.6374
40130,1.08256,-35.5152
40131,1.07436,-37.2679
40132,1.06966,-33.7086
40133,1.08153,-31.6053
40134,1.07075,-35.7265
40135,1.06699,-35.4091
40136,1.07876,-31.1914
40137,1.06324,-36.1582
40138,1.06734,-35.2597
40139,1.08976,-31.0463
40140,1.06517,-39.7581
40141,1.06412,-37.1174
40142,1.06853,-34.8453
40143,1.06579,-31.9756
40144,1.06972,-33.7004
40145,1.05909,-38.8061
40146,1.07791,-35.0992
40147,1.06934,-35.9811
40148,1.07083,-34.8379
40149,1.05925,-38.1057
40150,1.0707,-37.6063
40151,1.09075,-29.9657
40152,1.05538,-38.6493
40153,1.06775,-35.2242
40154,1.06094,-36.7023
40155,1.06926,-39.1643
40156,1.07373,-33.6509
40157,1.08061,-35.0444
40158,1.07509,-35.2878
40159,1.06494,-39.7177
40160,1.08578,-31.0857
40161,1.06544,-36.5454
40162,1.07734,-31.4954
40163,1.05591,-40.8051
40164,1.04709,-38.4397
40165,1.04684,-39.6588
40166,1.07125,-36.3115
40167,1.07775,-34.781
40168,1.05191,-37.8042
40169,1.08331,-36.8755
40170,1.08404,-31.967
40171,1.06517,-39.7581
40172,1.08206,-24.6696
40173,1.07761,-25.4571
40174,1.07916,-24.9454
40175,1.07842,-25.3862
40176,1.07816,-25.4111
40177,1.07944,-24.9186
40178,1.07882,-24.9689
40179,1.07892,-24.9745
40180,1.07918,-24.9476
40181,1.07969,-24.8961
40182,1.07948,-24.9165
40183,1.081,-24.7167
40184,1.08628,-24.9497
40185,1.08032,-25.8009
40186,1.07656,-25.1776
40187,1.07621,-25.2784
40188,1.0772,-25.4908
40189,1.08417,-23.8192
40190,1.08048,-1.84021
40191,1.08424,-1.59705
40192,1.08567,-1.44225
40193,1.08396,-1.63297
40194,1.07015,-13.1983
40195,1.07815,-10.4395
40196,1.06136,-14.0384
40197,1.07916,-9.89882
40198,1.06282,-35.9247
40199,1.06,-36.2205
40200,1.05888,-36.341
40201,1.06418,-35.7819
40202,1.06121,-36.1379
40203,1.06517,-36.3657
40204,1.0662,-36.0022
40205,1.06246,-23.2334
40206,1.05655,-25.475
40207,1.06943,-28.5185
40208,1.06297,-29.0422
40209,1.06827,-26.8651
40210,1.07598,-26.0463
40211,1.0721,-26.8152
40212,1.07415,-26.3955
40213,1.06948,-26.7192
40214,1.07227,-26.2768
40215,1.06941,-26.578
40216,1.06313,-27.9406
40217,1.07293,-20.8134
40218,1.06768,-17.8569
40219,1.08294,-31.3421
40220,1.08302,-29.795
40221,1.08146,-29.7764
40222,1.08239,-30.284
40223,1.06954,-30.2305
40224,1.08342,-29.0933
40225,1.06365,-20.4172
40226,1.06549,-21.213
40227,1.06765,-22.0568
40228,1.06614,-22.4813
40229,1.06664,-22.4261
40230,1.06527,-18.3954
40231,1.05962,-18.9469
40232,1.05951,-18.9567
40233,1.05988,-18.9241
40234,1.05973,-18.9391
40235,1.0596,-18.969
40236,1.06376,-18.5863
40237,1.06604,-18.4566
40238,1.06387,-18.7
40239,1.06115,-18.9134
40240,1.06135,-18.8852
40241,1.05967,-18.986
40242,1.05969,-19.0054
40243,1.05857,-19.0781
40244,1.0569,-19.1473
40245,1.05772,-19.1946
40246,1.05812,-19.1381
40247,1.05877,-19.0356
40248,1.05641,-19.2192
40249,1.05663,-19.2267
40250,1.06717,-18.2016
40251,1.0657,-18.3301
40252,1.05824,-19.1754
40253,1.05805,-19.1762
40254,1.05695,-19.2807
40255,1.06004,-18.9078
40256,1.05591,-19.3568
40257,1.06064,-18.8576
40258,1.06081,-18.8396
40259,1.05611,-19.2926
40260,1.06304,-21.3696
40261,1.06169,-21.114
40262,1.06357,-20.9542
40263,1.06255,-21.1983
40264,1.06682,-20.6213
40265,1.06536,-18.3601
40266,1.06523,-18.5344
40267,1.06959,-17.6688
40268,1.06513,-18.6618
40269,1.04914,-18.9459
40270,1.04889,-19.2042
40271,1.0626,-18.667
40272,1.0605,-18.8738
40273,1.06655,-14.429
40274,1.06126,-12.4067
40275,1.06163,-14.8118
40276,1.06113,-15.0618
40277,1.06144,-15.0717
40278,1.05355,-16.7225
40279,1.04094,-17.7982
40280,1.03822,-18.4086
40281,1.03871,-18.3599
40282,1.06067,-16.1756
40283,1.05972,-17.6382
40284,1.05934,-18.125
40285,1.0702,-15.9577
40286,1.06427,-16.4841
40287,1.07965,-7.07166
40288,1.07527,-5.86725
40289,1.06966,-7.57695
40290,1.07361,-7.57005
40291,1.08037,-12.2311
40292,1.0795,-9.34249
40293,1.07879,-9.27399
40294,1.07004,-8.7993
40295,1.07401,-8.72299
40296,1.07429,-8.38162
40297,1.07414,-9.17716
40298,1.07642,-8.97409
40299,1.04557,-18.9035
40300,1.08015,-14.3109
40301,1.07793,-14.3771
40302,1.05769,-16.5119
40303,1.04978,-17.2643
40304,1.04092,-18.0999
40305,1.04747,-17.5334
40306,1.04879,-17.391
40307,1.0484,-17.4312
40308,1.07834,-14.1664
40309,1.07896,-14.1093
40310,1.07788,-14.2738
40311,1.05959,-37.6108
40312,1.05909,-37.6642
40313,1.05898,-37.674
40314,1.05834,-37.7294
40315,1.05805,-37.7489
40316,1.05803,-37.7588
40317,1.05817,-37.7356
40318,1.05784,-37.784
40319,1.05813,-37.7512
40320,1.05851,-37.7195
40321,1.05827,-37.7397
40322,1.05902,-37.6571
40323,1.06068,-37.4717
40324,1.06062,-37.4745
40325,1.05997,-37.5391
40326,1.05912,-37.6281
40327,1.05848,-37.6854
40328,1.05977,-37.549
40329,1.05934,-37.5868
40330,1.05937,-37.5849
40331,1.06,-37.5032
40332,1.05867,-37.6561
40333,1.05898,-37.617
40334,1.05844,-37.6766
40335,1.05816,-37.7048
40336,1.05704,-37.8762
40337,1.05712,-37.8637
40338,1.05724,-37.8504
40339,1.05737,-37.8361
40340,1.05735,-37.8393
40341,1.05806,-37.7134
40342,1.05706,-37.8751
40343,1.0572,-37.8614
40344,1.05701,-37.8822
40345,1.05698,-37.8978
40346,1.05697,-37.8952
40347,1.05704,-37.8955
40348,1.057,-37.8996
40349,1.05716,-37.8888
40350,1.05701,-37.8983
40351,1.05699,-37.9394
40352,1.05686,-37.9546
40353,1.05852,-37.7578
40354,1.05779,-37.829
40355,1.05721,-37.8926
40356,1.05714,-37.9041
40357,1.05755,-37.8824
40358,1.05728,-37.8955
40359,1.05745,-37.8827
40360,1.05753,-37.8654
40361,1.05969,-37.6695
40362,1.05973,-37.6655
40363,1.05785,-37.8515
40364,1.05776,-37.744
40365,1.05753,-37.7856
40366,1.0579,-37.7375
40367,1.05652,-37.8826
40368,1.05769,-37.7907
40369,1.05793,-37.7862
40370,1.05776,-37.7933
40371,1.05694,-37.8414
40372,1.05721,-37.8269
40373,1.05772,-37.7939
40374,1.05764,-37.7959
40375,1.05772,-37.7891
40376,1.05727,-37.8212
40377,1.05858,-37.7057
40378,1.05854,-37.7335
40379,1.06006,-37.5711
40380,1.05926,-37.6359
40381,1.05923,-37.6383
40382,1.05907,-37.6476
40383,1.06006,-37.5713
40384,1.06009,-37.5684
40385,1.06119,-37.4715
40386,1.06158,-37.4327
40387,1.05958,-37.6723
40388,1.05977,-37.6544
40389,1.05848,-37.7396
40390,1.05873,-37.7263
40391,1.05935,-37.6975
40392,1.05852,-37.7982
40393,1.05859,-37.7932
40394,1.05879,-37.7752
40395,1.05899,-37.746
40396,1.05927,-37.7073
40397,1.05954,-37.6711
40398,1.05914,-37.7501
40399,1.0595,-37.7225
40400,1.05942,-37.7313
40401,1.05958,-37.7152
40402,1.05928,-37.7353
40403,1.05921,-37.7414
40404,1.0602,-37.601
40405,1.06017,-37.6035
40406,1.06005,-37.5715
40407,1.06165,-37.4352
40408,1.06163,-37.4525
40409,1.06038,-37.6726
40410,1.06046,-37.6657
40411,1.06054,-37.6486
40412,1.06016,-37.6682
40413,1.06044,-37.6446
40414,1.06086,-37.5957
40415,1.0608,-37.6012
40416,1.06082,-37.613
40417,1.06048,-37.6548
40418,1.06136,-37.5624
40419,1.06168,-37.5225
40420,1.06208,-37.4842
40421,1.06212,-37.4776
40422,1.06248,-37.434
40423,1.06292,-37.382
40424,1.06342,-37.3218
40425,1.06334,-37.3218
40426,1.0627,-37.3283
40427,1.06478,-37.2049
40428,1.06473,-37.2101
40429,1.06254,-37.4472
40430,1.06263,-37.4379
40431,1.06231,-37.4712
40432,1.0636,-37.3512
40433,1.0634,-37.3673
40434,1.06386,-37.3272
40435,1.0635,-37.3583
40436,1.06526,-37.186
40437,1.06554,-37.1625
40438,1.06561,-37.1568
40439,1.0655,-37.1671
40440,1.06465,-37.2513
40441,1.06665,-37.053
40442,1.06651,-37.0664
40443,1.06647,-37.0709
40444,1.06644,-37.0745
40445,1.06618,-37.1107
40446,1.06612,-37.1238
40447,1.06563,-37.1778
40448,1.06744,-37.015
40449,1.06782,-36.9047
40450,1.06789,-36.891
40451,1.06806,-36.8715
40452,1.06852,-36.8227
40453,1.06844,-36.8319
40454,1.06344,-36.8624
40455,1.06239,-36.9825
40456,1.06237,-36.9768
40457,1.05952,-37.3491
40458,1.06169,-37.117
40459,1.06101,-37.1455
40460,1.06177,-37.031
40461,1.0618,-36.9842
40462,1.05995,-37.2344
40463,1.05944,-37.2758
40464,1.05793,-37.512
40465,1.05748,-37.5617
40466,1.05908,-37.3136
40467,1.05675,-37.6393
40468,1.05685,-37.6458
40469,1.05624,-37.7028
40470,1.05915,-37.3343
40471,1.05896,-37.4325
40472,1.05718,-37.6912
40473,1.05656,-37.6918
40474,1.06294,-36.9974
40475,1.05677,-37.7333
40476,1.05995,-37.5289
40477,1.05664,-37.8725
40478,1.05679,-37.8305
40479,1.05703,-37.7694
40480,1.05719,-37.7507
40481,1.0564,-37.7444
40482,1.05666,-37.7902
40483,1.05656,-37.7992
40484,1.05688,-37.7871
40485,1.0569,-37.8136
40486,1.0571,-37.7886
40487,1.05679,-37.8447
40488,1.05648,-37.743
40489,1.05613,-37.7256
40490,1.05628,-37.6704
40491,1.05709,-37.5194
40492,1.05668,-37.6004
40493,1.05725,-37.5059
40494,1.05558,-37.7654
40495,1.05578,-37.7544
40496,1.05684,-37.756
40497,1.05668,-37.7397
40498,1.05704,-37.728
40499,1.05638,-37.7425
40500,1.05563,-37.7542
40501,1.0565,-37.7739
40502,1.05656,-37.8004
40503,1.05644,-37.8136
40504,1.0582,-37.688
40505,1.05767,-37.7431
40506,1.05838,-37.7
40507,1.05684,-37.8394
40508,1.05677,-37.846
40509,1.0575,-37.7784
40510,1.05847,-37.6907
40511,1.05889,-37.616
40512,1.05871,-37.6268
40513,1.05694,-37.7579
40514,1.0585,-37.6344
40515,1.05823,-37.6482
40516,1.05973,-37.2192
40517,1.05707,-37.5136
40518,1.06013,-37.1669
40519,1.06135,-36.9837
40520,1.06259,-36.868
40521,1.06325,-36.7833
40522,1.06333,-36.775
40523,1.0616,-36.9581
40524,1.06415,-36.6798
40525,1.05933,-37.2416
40526,1.05704,-37.5065
40527,1.0591,-37.2601
40528,1.05818,-37.6411
40529,1.0579,-37.6548
40530,1.05624,-37.7238
40531,1.05718,-37.4851
40532,1.05583,-37.7269
40533,1.05753,-37.4446
40534,1.05626,-37.6764
40535,1.05646,-37.705
40536,1.05668,-37.6872
40537,1.05777,-37.6481
40538,1.05763,-37.6614
40539,1.05835,-37.5841
40540,1.05822,-37.5754
40541,1.05721,-37.6395
40542,1.05651,-37.6062
40543,1.05698,-37.5655
40544,1.05852,-37.6212
40545,1.05935,-37.5468
40546,1.05902,-37.559
40547,1.05875,-37.5655
40548,1.059,-37.5514
40549,1.05889,-37.6605
40550,1.05854,-37.6164
40551,1.05945,-37.5551
40552,1.0592,-37.572
40553,1.05944,-37.5511
40554,1.05923,-37.5625
40555,1.05887,-37.6261
40556,1.05901,-37.6208
40557,1.05922,-37.6093
40558,1.05881,-37.6022
40559,1.05886,-37.5982
40560,1.05891,-37.5901
40561,1.05917,-37.5476
40562,1.05904,-37.5668
40563,1.05901,-37.5698
40564,1.05902,-37.5802
40565,1.05932,-37.5216
40566,1.05908,-37.5524
40567,1.05942,-37.5151
40568,1.05907,-37.5543
40569,1.05917,-37.5446
40570,1.05934,-37.5295
40571,1.05981,-37.4979
40572,1.05973,-37.5052
40573,1.06007,-37.4874
40574,1.06016,-37.4657
40575,1.06032,-37.3997
40576,1.05979,-37.4534
40577,1.05983,-37.4502
40578,1.05973,-37.4664
40579,1.05968,-37.4784
40580,1.05998,-37.4289
40581,1.06002,-37.4252
40582,1.06009,-37.4338
40583,1.06012,-37.4302
40584,1.05933,-37.5128
40585,1.05982,-37.4641
40586,1.06116,-37.3103
40587,1.06113,-37.3139
40588,1.06042,-37.3792
40589,1.06182,-37.2115
40590,1.06165,-37.2338
40591,1.06211,-37.1522
40592,1.0645,-37.195
40593,1.0672,-36.9605
40594,1.06057,-37.4233
40595,1.06034,-37.3991
40596,1.06038,-37.3945
40597,1.06035,-37.3972
40598,1.06055,-37.3641
40599,1.06143,-37.3307
40600,1.06131,-37.3468
40601,1.06128,-37.3553
40602,1.06126,-37.358
40603,1.06737,-36.9395
40604,1.06729,-36.9533
40605,1.06532,-37.1321
40606,1.06603,-37.0435
40607,1.06505,-37.105
40608,1.06409,-37.1661
40609,1.06322,-37.2195
40610,1.06244,-37.2629
40611,1.06201,-37.2876
40612,1.06173,-37.2972
40613,1.06116,-37.3072
40614,1.06315,-37.1745
40615,1.06321,-37.1687
40616,1.06343,-37.154
40617,1.06373,-37.1334
40618,1.06363,-37.1413
40619,1.0652,-37.0706
40620,1.06512,-37.0788
40621,1.06736,-36.8
40622,1.05887,-37.485
40623,1.0581,-37.5515
40624,1.05705,-37.5506
40625,1.06126,-36.938
40626,1.05769,-37.4845
40627,1.05864,-37.4499
40628,1.05972,-37.3946
40629,1.06167,-37.1899
40630,1.06153,-37.2022
40631,1.05955,-37.3448
40632,1.05857,-37.3973
40633,1.05967,-37.245
40634,1.06066,-37.2237
40635,1.06101,-37.2065
40636,1.06145,-37.1754
40637,1.06214,-37.0925
40638,1.06152,-37.1107
40639,1.06087,-37.1074
40640,1.06231,-36.9645
40641,1.06265,-36.9771
40642,1.06393,-36.8874
40643,1.06403,-36.8785
40644,1.06295,-37.0453
40645,1.06322,-37.0093
40646,1.06363,-36.9651
40647,1.06378,-36.9455
40648,1.06434,-36.8947
40649,1.06425,-36.9035
40650,1.06406,-36.9345
40651,1.06409,-36.9312
40652,1.06462,-36.8791
40653,1.06468,-36.8644
40654,1.06404,-36.936
40655,1.06379,-36.9824
40656,1.06378,-36.9803
40657,1.06389,-36.9587
40658,1.06408,-36.935
40659,1.06582,-36.7261
40660,1.07042,-36.5391
40661,1.06479,-37.049
40662,1.06475,-36.8818
40663,1.06473,-36.8832
40664,1.07189,-36.318
40665,1.06512,-36.8651
40666,1.06509,-36.8679
40667,1.06968,-36.5841
40668,1.06975,-36.5781
40669,1.07097,-36.4449
40670,1.06612,-36.6802
40671,1.06879,-36.3415
40672,1.06807,-36.5849
40673,1.06981,-36.232
40674,1.07054,-36.1443
40675,1.06763,-36.4906
40676,1.07076,-36.1223
40677,1.07064,-36.1326
40678,1.07066,-36.1613
40679,1.07108,-36.1298
40680,1.07134,-36.1224
40681,1.07175,-36.1021
40682,1.07021,-36.3871
40683,1.07159,-36.0534
40684,1.07111,-36.0696
40685,1.07104,-36.0769
40686,1.07094,-36.0179
40687,1.07039,-36.1069
40688,1.07184,-35.953
40689,1.07325,-36.2062
40690,1.07328,-36.203
40691,1.07328,-36.1937
40692,1.07332,-36.1833
40693,1.07342,-36.1623
40694,1.07017,-36.48
40695,1.07001,-36.4836
40696,1.06988,-36.4774
40697,1.06788,-36.9742
40698,1.06939,-36.6467
40699,1.07438,-35.9408
40700,1.06566,-37.0691
40701,1.06793,-36.8571
40702,1.07092,-36.5145
40703,1.07088,-36.5241
40704,1.06622,-36.9433
40705,1.06574,-36.9924
40706,1.06379,-37.2279
40707,1.07083,-36.5276
40708,1.06372,-37.2322
40709,1.06315,-37.2869
40710,1.06309,-37.2951
40711,1.0654,-37.0268
40712,1.06313,-37.2892
40713,1.06168,-37.4259
40714,1.06288,-37.3118
40715,1.06471,-37.1076
40716,1.06277,-37.2984
40717,1.06017,-37.534
40718,1.06215,-37.3407
40719,1.0622,-37.349
40720,1.06217,-37.3197
40721,1.06211,-37.3437
40722,1.06022,-37.5288
40723,1.06033,-37.5466
40724,1.06036,-37.5435
40725,1.06072,-37.5117
40726,1.05976,-37.5915
40727,1.05973,-37.5997
40728,1.05943,-37.6352
40729,1.05905,-37.6758
40730,1.05862,-37.6115
40731,1.05868,-37.6047
40732,1.05883,-37.5809
40733,1.05775,-37.6621
40734,1.05853,-37.7335
40735,1.05875,-37.7106
40736,1.0596,-37.6126
40737,1.05955,-37.6178
40738,1.05878,-37.7082
40739,1.05858,-37.729
40740,1.05845,-37.7461
40741,1.05847,-37.7529
40742,1.05847,-37.7475
40743,1.05852,-37.7396
40744,1.05821,-37.7897
40745,1.05638,-37.8669
40746,1.05634,-37.872
40747,1.0566,-37.8165
40748,1.05665,-37.8124
40749,1.05769,-37.6682
40750,1.05675,-37.7943
40751,1.05668,-37.8028
40752,1.05587,-37.8528
40753,1.0586,-37.8128
40754,1.05933,-37.7895
40755,1.05821,-37.8295
40756,1.05792,-37.8507
40757,1.05762,-37.8727
40758,1.0583,-37.8301
40759,1.05908,-37.787
40760,1.05927,-37.7942
40761,1.05942,-37.7681
40762,1.05864,-37.8114
40763,1.06021,-37.7158
40764,1.06059,-37.6931
40765,1.06006,-37.7283
40766,1.06021,-37.721
40767,1.05631,-37.9113
40768,1.05743,-37.8751
40769,1.05545,-37.9344
40770,1.05469,-37.9597
40771,1.05478,-37.9411
40772,1.05389,-37.9025
40773,1.05476,-37.9616
40774,1.05583,-37.945
40775,1.0549,-37.9579
40776,1.05984,-37.7271
40777,1.06626,-37.3067
40778,1.06402,-37.45
40779,1.06389,-37.453
40780,1.06173,-37.6132
40781,1.06147,-37.6298
40782,1.06131,-37.6341
40783,1.06495,-37.3782
40784,1.06552,-37.343
40785,1.06784,-37.1476
40786,1.0559,-37.939
40787,1.05945,-37.8828
40788,1.05798,-37.828
40789,1.05695,-37.883
40790,1.05958,-37.872
40791,1.0668,-37.242
40792,1.05429,-37.9304
40793,1.05453,-37.9577
40794,1.05431,-37.9809
40795,1.05326,-37.7978
40796,1.05318,-37.8049
40797,1.05435,-37.9796
40798,1.05317,-37.9567
40799,1.05375,-37.9711
40800,1.05326,-37.9268
40801,1.05316,-37.8734
40802,1.05297,-37.8535
40803,1.05284,-37.8946
40804,1.05284,-37.9272
40805,1.05632,-37.9332
40806,1.05497,-37.9836
40807,1.05469,-38.015
40808,1.06914,-36.9428
40809,1.06883,-36.9722
40810,1.05997,-37.7751
40811,1.06955,-36.9902
40812,1.0696,-36.9542
40813,1.06513,-37.2036
40814,1.06489,-37.2239
40815,1.06308,-37.2731
40816,1.06182,-37.2983
40817,1.05269,-37.9057
40818,1.05312,-37.779
40819,1.05392,-37.5612
40820,1.05457,-37.464
40821,1.05352,-37.6984
40822,1.05353,-37.7091
40823,1.05451,-37.5352
40824,1.05282,-37.8397
40825,1.05142,-37.8411
40826,1.05236,-37.9137
40827,1.0604,-37.3441
40828,1.05601,-37.6143
40829,1.07189,-35.5521
40830,1.07295,-35.325
40831,1.06659,-36.3402
40832,1.06716,-36.3009
40833,1.07604,-34.6778
40834,1.08058,-33.5015
40835,1.07745,-34.1622
40836,1.07766,-34.1423
40837,1.07841,-34.1768
40838,1.07335,-35.7086
40839,1.0706,-35.795
40840,1.06808,-36.2327
40841,1.06348,-36.7912
40842,1.06689,-36.3973
40843,1.07244,-36.0188
40844,1.0731,-35.8675
40845,1.07398,-35.6959
40846,1.07246,-35.8496
40847,1.07159,-36.0605
40848,1.07124,-36.0714
40849,1.07095,-36.1241
40850,1.06975,-36.1947
40851,1.07045,-36.1144
40852,1.07075,-36.1929
40853,1.06992,-36.2776
40854,1.06944,-36.3836
40855,1.07106,-36.4906
40856,1.07155,-36.3315
40857,1.07084,-36.3655
40858,1.07016,-36.5036
40859,1.06919,-36.2596
40860,1.06441,-37.0106
40861,1.06421,-37.167
40862,1.06251,-37.2191
40863,1.06273,-37.1798
40864,1.06292,-37.1453
40865,1.06359,-37.0702
40866,1.06382,-37.0326
40867,1.06427,-36.9667
40868,1.06397,-36.9866
40869,1.06395,-36.9982
40870,1.0639,-37.0022
40871,1.06211,-37.191
40872,1.06207,-37.1986
40873,1.06205,-37.2013
40874,1.06365,-36.7771
40875,1.06611,-36.485
40876,1.06506,-36.6175
40877,1.06383,-36.7446
40878,1.06403,-36.9818
40879,1.06564,-36.7724
40880,1.06337,-36.7852
40881,1.06455,-36.8385
40882,1.06419,-36.9462
40883,1.0635,-36.8982
40884,1.06336,-36.8501
40885,1.06654,-36.3015
40886,1.07376,-34.8098
40887,1.07883,-34.0087
40888,1.0797,-33.5864
40889,1.07148,-35.1739
40890,1.0667,-36.2893
40891,1.06533,-36.4846
40892,1.06381,-36.7997
40893,1.06505,-36.653
40894,1.06379,-36.7853
40895,1.06259,-36.9035
40896,1.06242,-36.8821
40897,1.06349,-36.7311
40898,1.06204,-37.0195
40899,1.06192,-37.0196
40900,1.06302,-36.892
40901,1.06185,-36.9878
40902,1.06172,-37.0786
40903,1.06069,-37.2016
40904,1.0616,-37.0922
40905,1.06062,-37.1359
40906,1.0595,-37.2894
40907,1.06008,-37.2141
40908,1.06152,-37.2188
40909,1.06128,-37.2271
40910,1.06132,-37.2137
40911,1.06138,-37.1987
40912,1.06153,-37.171
40913,1.06111,-37.1959
40914,1.06084,-37.2425
40915,1.0608,-37.2645
40916,1.06055,-37.3006
40917,1.06035,-37.2627
40918,1.06035,-37.2545
40919,1.06039,-37.2417
40920,1.06052,-37.2234
40921,1.05964,-37.3059
40922,1.05991,-37.2911
40923,1.05855,-37.4084
40924,1.05858,-37.4053
40925,1.05863,-37.3947
40926,1.0615,-37.2215
40927,1.06012,-37.3603
40928,1.05844,-37.5667
40929,1.05897,-37.48
40930,1.05782,-37.5493
40931,1.05711,-37.6286
40932,1.0572,-37.5839
40933,1.05733,-37.5739
40934,1.05658,-37.6984
40935,1.05635,-37.7965
40936,1.05589,-37.8503
40937,1.05554,-37.8954
40938,1.05626,-37.8067
40939,1.05565,-37.7598
40940,1.05477,-37.8166
40941,1.05455,-37.837
40942,1.05541,-37.9247
40943,1.05614,-37.9262
40944,1.05869,-37.321
40945,1.0619,-36.6541
40946,1.06165,-36.6804
40947,1.06194,-36.5166
40948,1.06015,-36.9857
40949,1.05999,-36.9991
40950,1.05791,-37.3845
40951,1.05756,-37.4086
40952,1.05465,-37.815
40953,1.0572,-37.566
40954,1.0573,-37.5396
40955,1.0576,-37.4929
40956,1.05718,-37.5144
40957,1.05482,-37.7663
40958,1.05486,-37.7623
40959,1.05464,-37.8039
40960,1.0546,-37.8155
40961,1.05435,-37.8054
40962,1.05541,-37.6784
40963,1.05618,-37.5799
40964,1.05533,-37.6319
40965,1.05411,-37.7682
40966,1.05436,-37.8027
40967,1.05551,-37.5915
40968,1.05456,-37.6216
40969,1.0548,-37.6229
40970,1.05555,-37.4122
40971,1.05547,-37.4208
40972,1.05501,-37.4811
40973,1.05478,-37.5355
40974,1.05428,-37.7813
40975,1.05475,-37.6937
40976,1.0543,-37.7515
40977,1.05502,-37.6553
40978,1.05397,-37.7211
40979,1.05333,-37.7907
40980,1.05358,-37.7474
40981,1.05339,-37.7187
40982,1.05979,-36.8556
40983,1.05943,-36.872
40984,1.06072,-36.7572
40985,1.06297,-36.452
40986,1.05342,-37.6816
40987,1.05497,-37.4769
40988,1.05922,-36.9042
40989,1.05875,-36.9563
40990,1.05536,-37.376
40991,1.05359,-37.6276
40992,1.06249,-36.8598
40993,1.06326,-36.6597
40994,1.06223,-36.8927
40995,1.06612,-36.2401
40996,1.07162,-35.3248
40997,1.07761,-34.4046
40998,1.06695,-36.5061
40999,1.06741,-36.2921
41000,1.06583,-36.4947
41001,1.06735,-36.2429
41002,1.06405,-36.7084
41003,1.06371,-36.622
41004,1.06156,-37.023
41005,1.0622,-36.903
41006,1.05509,-37.8032
41007,1.05524,-37.7868
41008,1.05462,-37.8558
41009,1.05386,-37.9979
41010,1.05404,-37.9612
41011,1.05459,-37.9636
41012,1.05548,-37.7881
41013,1.0545,-37.8653
41014,1.05613,-37.7277
41015,1.05509,-37.8405
41016,1.05499,-37.9252
41017,1.05637,-38.5065
41018,1.05672,-38.4733
41019,1.05719,-37.6203
41020,1.06025,-37.2814
41021,1.06961,-36.3052
41022,1.06835,-36.2908
41023,1.06112,-37.1354
41024,1.06182,-37.0627
41025,1.06804,-36.3464
41026,1.05979,-37.3084
41027,1.05995,-37.2468
41028,1.05919,-37.3211
41029,1.05444,-37.8578
41030,1.05513,-37.7995
41031,1.05669,-37.6465
41032,1.06311,-36.963
41033,1.06568,-36.7366
41034,1.06476,-36.6679
41035,1.0608,-37.214
41036,1.05911,-37.4092
41037,1.05943,-37.3464
41038,1.06477,-36.6515
41039,1.06284,-37.1571
41040,1.06296,-37.1467
41041,1.06393,-36.9931
41042,1.06658,-36.7792
41043,1.06818,-36.401
41044,1.06793,-36.4279
41045,1.06166,-36.9359
41046,1.06127,-37.0591
41047,1.06141,-37.0455
41048,1.0614,-36.9996
41049,1.0613,-37.0082
41050,1.06085,-36.9796
41051,1.05971,-37.0708
41052,1.06165,-36.9812
41053,1.06263,-36.8641
41054,1.06106,-37.0599
41055,1.05872,-37.3298
41056,1.05984,-37.281
41057,1.05941,-37.2697
41058,1.05968,-37.3423
41059,1.05805,-37.3847
41060,1.06052,-37.2589
41061,1.06547,-36.6568
41062,1.06347,-36.8382
41063,1.05896,-37.3116
41064,1.0587,-37.3047
41065,1.06263,-36.967
41066,1.06281,-36.9503
41067,1.06423,-36.5777
41068,1.06123,-37.0293
41069,1.06492,-36.5189
41070,1.06707,-36.2284
41071,1.06113,-37.0073
41072,1.0598,-37.1819
41073,1.05836,-37.332
41074,1.059,-37.2687
41075,1.0678,-36.3435
41076,1.06602,-36.463
41077,1.05814,-37.3767
41078,1.058,-37.3903
41079,1.06431,-36.6887
41080,1.06557,-36.5834
41081,1.06183,-36.9799
41082,1.06315,-36.8653
41083,1.06564,-36.3928
41084,1.06588,-36.3737
41085,1.06765,-36.0541
41086,1.07198,-35.6871
41087,1.07087,-35.5725
41088,1.0694,-35.7997
41089,1.07061,-35.6436
41090,1.07042,-35.6627
41091,1.07794,-34.6521
41092,1.07339,-35.4541
41093,1.07472,-34.8549
41094,1.07747,-34.504
41095,1.07516,-34.7599
41096,1.07646,-34.597
41097,1.07678,-34.5565
41098,1.07643,-34.6969
41099,1.076,-34.726
41100,1.07598,-34.7145
41101,1.07631,-34.6861
41102,1.07717,-34.6202
41103,1.07605,-34.5697
41104,1.07658,-34.5945
41105,1.07942,-34.2863
41106,1.0773,-34.531
41107,1.07821,-34.4417
41108,1.07739,-34.4415
41109,1.07672,-34.4901
41110,1.07375,-35.2884
41111,1.06969,-35.3751
41112,1.06971,-35.3062
41113,1.07053,-35.4823
41114,1.07019,-35.4293
41115,1.07,-35.4286
41116,1.06996,-35.4101
41117,1.07505,-34.9166
41118,1.07093,-35.382
41119,1.07047,-35.4738
41120,1.07091,-35.4428
41121,1.07105,-35.3627
41122,1.07367,-35.0335
41123,1.07249,-35.1747
41124,1.0704,-35.5153
41125,1.07048,-35.5504
41126,1.07064,-35.4576
41127,1.07124,-35.3486
41128,1.07177,-35.1996
41129,1.07614,-34.5256
41130,1.07466,-34.9187
41131,1.07627,-34.5321
41132,1.07313,-35.082
41133,1.0714,-35.2956
41134,1.07194,-35.2127
41135,1.07018,-35.3697
41136,1.06358,-36.7534
41137,1.06526,-36.5836
41138,1.06397,-36.7334
41139,1.06555,-36.5629
41140,1.06619,-36.303
41141,1.06557,-36.3667
41142,1.06325,-36.8832
41143,1.06503,-36.6119
41144,1.06193,-36.9974
41145,1.06146,-37.0271
41146,1.06775,-36.3329
41147,1.06787,-36.2313
41148,1.0629,-36.9317
41149,1.0616,-37.1405
41150,1.06341,-36.9288
41151,1.0626,-37.0218
41152,1.06374,-36.8945
41153,1.06247,-37.0351
41154,1.06521,-36.4917
41155,1.06375,-36.835
41156,1.06176,-37.0362
41157,1.0647,-36.6428
41158,1.06236,-36.8728
41159,1.06572,-36.5282
41160,1.0669,-36.3433
41161,1.06436,-36.6499
41162,1.06341,-36.8014
41163,1.06396,-36.7475
41164,1.0634,-36.7709
41165,1.0633,-36.8159
41166,1.06315,-36.8553
41167,1.06067,-36.9595
41168,1.05995,-37.0344
41169,1.05929,-37.0838
41170,1.06193,-36.8495
41171,1.06341,-36.7204
41172,1.06448,-36.6138
41173,1.06466,-36.6175
41174,1.06571,-36.4879
41175,1.06634,-36.4795
41176,1.06506,-36.5746
41177,1.05642,-37.6944
41178,1.05567,-37.7936
41179,1.05718,-37.7005
41180,1.05704,-37.7178
41181,1.05743,-37.6758
41182,1.05781,-37.543
41183,1.05977,-37.2965
41184,1.05782,-37.5984
41185,1.06286,-36.9675
41186,1.06677,-36.5242
41187,1.06699,-36.5
41188,1.05898,-37.5142
41189,1.06032,-37.3972
41190,1.06052,-37.3148
41191,1.06266,-37.0876
41192,1.06261,-37.1885
41193,1.05957,-37.2961
41194,1.06161,-37.1386
41195,1.06332,-37.0214
41196,1.05762,-37.6201
41197,1.06173,-37.1822
41198,1.06262,-37.0805
41199,1.05958,-37.395
41200,1.0581,-38.1993
41201,1.05733,-38.3547
41202,1.05517,-37.8519
41203,1.05539,-37.8303
41204,1.05527,-37.883
41205,1.05544,-37.8977
41206,1.05769,-38.2416
41207,1.05577,-37.9029
41208,1.05615,-37.8661
41209,1.05823,-37.6996
41210,1.05852,-37.6785
41211,1.06,-37.5965
41212,1.05978,-37.6483
41213,1.05998,-37.6304
41214,1.06011,-37.5878
41215,1.06024,-37.5661
41216,1.06194,-37.3284
41217,1.06183,-37.3403
41218,1.06219,-36.9564
41219,1.06205,-36.9447
41220,1.0618,-37.0209
41221,1.05947,-37.2639
41222,1.06419,-36.6748
41223,1.06477,-36.5942
41224,1.0643,-36.6547
41225,1.06286,-36.7668
41226,1.06315,-36.7246
41227,1.06558,-36.5216
41228,1.07038,-35.8612
41229,1.06397,-36.2907
41230,1.07059,-35.5836
41231,1.06958,-35.6953
41232,1.06921,-35.7287
41233,1.07,-35.6612
41234,1.06684,-36.2708
41235,1.06017,-36.63
41236,1.06172,-36.3962
41237,1.06448,-36.149
41238,1.0618,-36.784
41239,1.062,-36.6656
41240,1.06017,-37.0243
41241,1.06083,-36.9957
41242,1.06067,-36.9416
41243,1.06087,-36.9015
41244,1.06049,-36.9949
41245,1.06143,-37.0141
41246,1.06134,-37.0267
41247,1.06131,-36.9317
41248,1.06061,-36.9441
41249,1.0607,-36.9364
41250,1.06108,-36.8949
41251,1.06192,-36.9434
41252,1.06241,-36.8915
41253,1.06132,-36.8788
41254,1.0665,-36.5611
41255,1.06536,-36.6853
41256,1.06426,-36.7671
41257,1.06392,-36.7587
41258,1.06453,-36.7188
41259,1.06865,-36.2837
41260,1.06809,-36.3641
41261,1.06821,-36.3512
41262,1.06834,-36.3009
41263,1.06746,-36.3694
41264,1.06691,-36.4137
41265,1.06831,-36.2896
41266,1.07509,-35.3185
41267,1.07264,-35.6709
41268,1.07065,-35.9715
41269,1.06814,-36.2383
41270,1.06323,-36.8026
41271,1.06186,-36.8342
41272,1.06313,-36.7241
41273,1.06366,-36.7302
41274,1.06405,-36.7167
41275,1.06496,-36.6126
41276,1.0663,-36.466
41277,1.06383,-36.6429
41278,1.06468,-36.5455
41279,1.06718,-36.2956
41280,1.06376,-36.4316
41281,1.06388,-36.5467
41282,1.06336,-36.527
41283,1.06103,-36.0084
41284,1.06165,-36.6818
41285,1.06181,-36.6536
41286,1.0626,-36.5462
41287,1.06488,-36.1977
41288,1.06805,-35.8942
41289,1.06497,-36.1705
41290,1.06533,-36.1457
41291,1.06486,-36.1724
41292,1.06435,-36.2305
41293,1.0644,-36.1089
41294,1.06108,-36.2856
41295,1.06476,-35.9992
41296,1.06416,-36.1503
41297,1.06476,-36.0609
41298,1.06487,-36.0943
41299,1.06484,-36.1585
41300,1.06471,-36.1733
41301,1.06476,-36.2229
41302,1.06437,-36.3018
41303,1.06441,-36.3251
41304,1.06542,-36.1411
41305,1.06658,-36.0802
41306,1.06993,-35.5454
41307,1.06427,-35.9649
41308,1.06578,-35.909
41309,1.06558,-35.8675
41310,1.06526,-35.8232
41311,1.06438,-35.7663
41312,1.06393,-35.6843
41313,1.06285,-36.009
41314,1.06109,-36.0024
41315,1.06121,-35.9784
41316,1.06214,-35.9006
41317,1.06395,-35.6098
41318,1.06466,-36.3322
41319,1.06359,-36.3085
41320,1.06157,-35.9123
41321,1.06233,-35.8353
41322,1.06265,-35.8565
41323,1.06433,-35.609
41324,1.06387,-35.5316
41325,1.06434,-35.4955
41326,1.0679,-34.9843
41327,1.06594,-35.2908
41328,1.06694,-35.1475
41329,1.0684,-34.9097
41330,1.06606,-35.4218
41331,1.06652,-35.2788
41332,1.06833,-34.7287
41333,1.06354,-35.53
41334,1.07586,-34.2536
41335,1.07843,-33.9455
41336,1.06537,-35.633
41337,1.0641,-35.8555
41338,1.06382,-35.6313
41339,1.0644,-35.6542
41340,1.06495,-35.4558
41341,1.06438,-35.5034
41342,1.06974,-36.054
41343,1.08086,-33.4675
41344,1.06645,-35.9905
41345,1.06524,-36.1675
41346,1.06373,-36.0391
41347,1.06382,-36.1434
41348,1.06372,-36.2169
41349,1.06386,-36.2598
41350,1.0569,-37.1695
41351,1.05602,-37.2107
41352,1.05584,-37.2892
41353,1.05544,-37.3447
41354,1.05664,-37.2642
41355,1.05641,-37.2967
41356,1.05877,-36.9479
41357,1.05704,-37.2319
41358,1.05616,-37.3338
41359,1.06134,-36.5681
41360,1.06149,-36.4831
41361,1.06075,-36.6217
41362,1.06248,-36.2978
41363,1.06296,-36.2394
41364,1.0627,-36.214
41365,1.05918,-36.1963
41366,1.0631,-36.1774
41367,1.06415,-35.9541
41368,1.06547,-35.6914
41369,1.06062,-36.6442
41370,1.06119,-36.5577
41371,1.06333,-36.1765
41372,1.06087,-36.6105
41373,1.05907,-36.2067
41374,1.06257,-35.8626
41375,1.066,-35.5351
41376,1.07036,-34.922
41377,1.06972,-35.0248
41378,1.06905,-35.2763
41379,1.06748,-35.6155
41380,1.06726,-35.6173
41381,1.06035,-36.7332
41382,1.06115,-36.707
41383,1.05869,-36.9881
41384,1.07044,-34.94
41385,1.06469,-35.8594
41386,1.07567,-33.6374
41387,1.07262,-34.608
41388,1.06817,-34.8833
41389,1.05953,-36.1298
41390,1.06578,-35.2535
41391,1.06598,-35.2323
41392,1.0758,-33.5555
41393,1.07106,-34.5053
41394,1.07142,-34.3436
41395,1.07118,-34.8162
41396,1.07263,-33.9626
41397,1.07416,-33.7512
41398,1.07587,-33.5199
41399,1.0798,-32.1967
41400,1.08053,-32.746
41401,1.08201,-31.9888
41402,1.07779,-32.3696
41403,1.07233,-33.6948
41404,1.07357,-33.4574
41405,1.075,-33.2864
41406,1.07784,-32.8095
41407,1.07502,-32.7174
41408,1.07406,-33.0038
41409,1.07294,-33.4482
41410,1.07287,-33.4114
41411,1.07464,-33.5074
41412,1.07878,-32.3823
41413,1.07831,-32.4779
41414,1.07671,-32.966
41415,1.07797,-32.7755
41416,1.07636,-33.2444
41417,1.06306,-36.0015
41418,1.06684,-35.5518
41419,1.07133,-34.5683
41420,1.07244,-34.2533
41421,1.07106,-34.4467
41422,1.07471,-33.6209
41423,1.0708,-34.7126
41424,1.07043,-34.83
41425,1.06504,-35.6689
41426,1.06429,-35.7104
41427,1.05878,-36.5236
41428,1.06506,-35.3952
41429,1.06784,-35.0711
41430,1.06558,-35.3459
41431,1.0729,-33.8036
41432,1.07394,-33.5811
41433,1.07435,-33.5444
41434,1.072,-33.8981
41435,1.06354,-35.4279
41436,1.05956,-35.9799
41437,1.06219,-35.5593
41438,1.06586,-35.0129
41439,1.06101,-35.8241
41440,1.05226,-37.904
41441,1.04417,-38.4158
41442,1.05042,-37.9822
41443,1.04936,-38.0368
41444,1.04987,-38.0322
41445,1.04987,-38.0312
41446,1.0485,-38.0456
41447,1.0489,-38.0734
41448,1.04804,-37.9948
41449,1.04926,-37.8866
41450,1.04828,-37.973
41451,1.04827,-38.0434
41452,1.04835,-38.0797
41453,1.04795,-38.0999
41454,1.05145,-37.6527
41455,1.05186,-37.5819
41456,1.05237,-37.4771
41457,1.05435,-37.1254
41458,1.05613,-36.8902
41459,1.05607,-36.8955
41460,1.0553,-37.1427
41461,1.05511,-37.0837
41462,1.05029,-37.7128
41463,1.05484,-37.0898
41464,1.05575,-36.8691
41465,1.0559,-36.9712
41466,1.05679,-36.6097
41467,1.05711,-36.4989
41468,1.04894,-37.8166
41469,1.04858,-37.8195
41470,1.04905,-37.6425
41471,1.04958,-37.5242
41472,1.04861,-37.6306
41473,1.04812,-37.9246
41474,1.04889,-37.796
41475,1.0485,-37.8342
41476,1.05198,-37.3955
41477,1.05419,-37.1428
41478,1.05282,-37.0642
41479,1.05786,-36.2947
41480,1.05543,-36.6066
41481,1.07091,-35.4495
41482,1.07011,-35.5366
41483,1.05642,-36.8966
41484,1.06048,-36.4529
41485,1.0582,-36.2325
41486,1.05788,-36.2721
41487,1.05734,-36.4406
41488,1.05904,-36.6464
41489,1.05894,-36.1366
41490,1.05804,-36.2875
41491,1.06483,-35.6109
41492,1.06396,-35.7486
41493,1.06785,-35.212
41494,1.06521,-35.3453
41495,1.0637,-35.5378
41496,1.06586,-35.2844
41497,1.06749,-35.1216
41498,1.07025,-34.852
41499,1.07006,-34.9922
41500,1.07313,-34.6898
41501,1.0718,-35.2439
41502,1.05983,-36.009
41503,1.07002,-34.2778
41504,1.06633,-34.8406
41505,1.07271,-33.8462
41506,1.07385,-33.5518
41507,1.07018,-34.3001
41508,1.06286,-35.6408
41509,1.07239,-34.1935
41510,1.0718,-34.205
41511,1.07292,-33.8259
41512,1.06757,-35.0779
41513,1.07183,-34.3284
41514,1.06776,-35.0609
41515,1.06965,-34.8243
41516,1.07214,-34.5493
41517,1.07482,-35.4782
41518,1.05854,-37.6771
41519,1.05755,-37.87
41520,1.0595,-37.6785
41521,1.0604,-37.4966
41522,1.06003,-37.4768
41523,1.06002,-37.5111
41524,1.05909,-37.535
41525,1.0595,-37.4164
41526,1.06452,-36.8019
41527,1.05765,-37.4318
41528,1.05913,-37.2506
41529,1.05671,-37.7766
41530,1.05824,-37.658
41531,1.05906,-37.7056
41532,1.0591,-37.7431
41533,1.05856,-37.7908
41534,1.06,-37.4949
41535,1.06422,-37.2436
41536,1.05991,-37.4783
41537,1.0649,-37.1789
41538,1.06373,-37.3364
41539,1.06535,-36.9854
41540,1.06768,-36.7716
41541,1.06821,-36.7321
41542,1.06981,-36.5734
41543,1.06656,-37.2685
41544,1.05406,-37.8862
41545,1.05744,-37.8816
41546,1.0577,-37.8459
41547,1.05647,-37.8476
41548,1.05877,-37.5855
41549,1.05946,-37.5118
41550,1.06054,-37.3598
41551,1.05979,-37.4143
41552,1.05773,-37.5579
41553,1.06253,-37.027
41554,1.06281,-37.0721
41555,1.06607,-36.3701
41556,1.06425,-37.1627
41557,1.06224,-37.2952
41558,1.06332,-37.2473
41559,1.06273,-37.3017
41560,1.06294,-37.3067
41561,1.0616,-37.4331
41562,1.05961,-37.5603
41563,1.05792,-37.8001
41564,1.05957,-37.6152
41565,1.06348,-37.2502
41566,1.06311,-37.2922
41567,1.06203,-37.1841
41568,1.06176,-37.24
41569,1.0628,-37.0589
41570,1.06331,-37.033
41571,1.06384,-36.9815
41572,1.06245,-37.1511
41573,1.06396,-36.9459
41574,1.06479,-36.8747
41575,1.06413,-37.0479
41576,1.06452,-36.9689
41577,1.06544,-36.9747
41578,1.0667,-36.8492
41579,1.06656,-37.0615
41580,1.06657,-36.6323
41581,1.06589,-36.6995
41582,1.05749,-37.7539
41583,1.07473,-35.9027
41584,1.07036,-36.557
41585,1.06384,-37.2155
41586,1.0637,-37.2321
41587,1.06313,-37.2922
41588,1.06933,-36.5945
41589,1.06625,-36.9418
41590,1.0677,-36.7927
41591,1.06631,-36.9346
41592,1.07095,-36.5112
41593,1.07219,-36.3893
41594,1.0717,-36.1176
41595,1.0698,-36.4008
41596,1.06891,-36.5015
41597,1.07169,-36.0438
41598,1.0642,-37.1884
41599,1.07029,-36.6075
41600,1.06991,-36.4502
41601,1.07034,-36.3298
41602,1.07011,-36.1927
41603,1.06824,-36.3949
41604,1.06938,-36.2742
41605,1.06939,-36.272
41606,1.05539,-37.9119
41607,1.07515,-35.8114
41608,1.06406,-37.1956
41609,1.06444,-36.9285
41610,1.06614,-37.1082
41611,1.06785,-36.8557
41612,1.0545,-37.8962
41613,1.05728,-37.6862
41614,1.06961,-36.4301
41615,1.07144,-36.003
41616,1.06863,-36.652
41617,1.06466,-36.8758
41618,1.06816,-36.4019
41619,1.07419,-36.0456
41620,1.06709,-36.6758
41621,1.0689,-36.318
41622,1.07284,-36.043
41623,1.05993,-37.5671
41624,1.05891,-37.6758
41625,1.06242,-37.2551
41626,1.05818,-37.8077
41627,1.06293,-36.6918
41628,1.06575,-36.3642
41629,1.06771,-16.2797
41630,1.07146,-15.9616
41631,1.07379,-16.7042
41632,1.07467,-16.7842
41633,1.08936,-16.1795
41634,1.07048,-17.1505
41635,1.06541,-15.1647
41636,1.06962,-13.5784
41637,1.0905,-10.1211
41638,1.06725,-35.292
41639,1.06961,-34.4502
41640,1.0843,-30.8463
41641,1.07904,-33.5679
41642,1.07363,-32.7232
41643,1.0697,-33.3836
41644,1.07099,-33.159
41645,1.07811,-31.6101
41646,1.07549,-32.1147
41647,1.07775,-32.6579
41648,1.07654,-32.5712
41649,1.07419,-32.3446
41650,1.07527,-32.1643
41651,1.07602,-31.9044
41652,1.07947,-33.0212
41653,1.07306,-32.1754
41654,1.07684,-30.8652
41655,1.07374,-30.7189
41656,1.07247,-31.0535
41657,1.07118,-31.0523
41658,1.07599,-32.4527
41659,1.06921,-18.3948
41660,1.07142,-17.3267
41661,1.07162,-18.6246
41662,1.06916,-18.1386
41663,1.07003,-18.061
41664,1.04678,-18.5134
41665,1.05697,-17.4359
41666,1.07874,-14.47
41667,1.06459,-16.1831
41668,1.08386,-14.016
41669,1.07403,-34.8816
41670,1.06938,-35.7409
41671,1.07005,-35.6147
41672,1.06737,-35.8625
41673,1.071,-35.4749
41674,1.06707,-36.1519
41675,1.07078,-35.0329
41676,1.07156,-34.9523
41677,1.07129,-34.9767
41678,1.06188,-36.2243
41679,1.05915,-36.6903
41680,1.0629,-36.2963
41681,1.0605,-36.4266
41682,1.06118,-36.3636
41683,1.05956,-36.6545
41684,1.06073,-36.518
41685,1.07073,-35.1585
41686,1.06894,-35.0767
41687,1.0718,-34.9331
41688,1.07042,-35.0592
41689,1.06849,-35.0265
41690,1.06852,-35.0116
41691,1.06848,-35.0543
41692,1.07051,-35.1199
41693,1.06982,-35.2675
41694,1.07012,-35.2036
41695,1.07292,-34.9058
41696,1.0722,-34.9209
41697,1.07171,-35.1079
41698,1.07502,-34.5774
41699,1.07126,-34.9731
41700,1.07144,-34.98
41701,1.07214,-34.9148
41702,1.07455,-34.5652
41703,1.07156,-34.9503
41704,1.06655,-35.328
41705,1.07118,-34.9256
41706,1.07062,-34.7863
41707,1.07059,-34.6654
41708,1.07097,-34.9434
41709,1.07093,-34.8184
41710,1.07072,-34.7946
41711,1.0694,-34.9848
41712,1.07318,-34.5534
41713,1.07118,-35.0937
41714,1.06995,-35.1784
41715,1.06995,-35.1417
41716,1.06969,-35.1871
41717,1.07573,-34.5518
41718,1.07631,-34.4987
41719,1.07574,-34.5528
41720,1.07521,-34.5497
41721,1.0744,-34.6163
41722,1.07426,-34.632
41723,1.0742,-34.5861
41724,1.07365,-34.5828
41725,1.07191,-34.676
41726,1.07388,-34.5631
41727,1.07462,-34.3114
41728,1.07501,-34.5277
41729,1.07496,-34.2028
41730,1.07496,-33.8599
41731,1.07441,-34.0332
41732,1.07404,-34.2639
41733,1.07575,-33.9787
41734,1.07572,-33.9752
41735,1.079,-33.3592
41736,1.08045,-33.0046
41737,1.07641,-33.9238
41738,1.07773,-33.1266
41739,1.082,-32.7146
41740,1.06946,-34.8393
41741,1.07348,-34.1592
41742,1.06936,-34.8606
41743,1.07203,-34.7256
41744,1.07043,-34.4014
41745,1.07281,-34.1341
41746,1.06992,-34.65
41747,1.07081,-34.3602
41748,1.07055,-34.7805
41749,1.07106,-34.7435
41750,1.07057,-34.7639
41751,1.07091,-34.7188
41752,1.07109,-34.2644
41753,1.07133,-34.2606
41754,1.07627,-33.4182
41755,1.07406,-33.7505
41756,1.07255,-34.0842
41757,1.07427,-33.5772
41758,1.07323,-33.8545
41759,1.07372,-34.1145
41760,1.07213,-34.0765
41761,1.0734,-34.2089
41762,1.07174,-34.4429
41763,1.07127,-34.694
41764,1.07089,-34.7441
41765,1.07235,-34.5643
41766,1.07409,-34.0124
41767,1.06053,-36.3376
41768,1.05952,-36.4548
41769,1.06437,-35.8607
41770,1.06576,-35.7465
41771,1.06993,-35.0113
41772,1.07108,-34.8963
41773,1.07044,-34.9503
41774,1.0714,-34.8288
41775,1.07162,-34.7609
41776,1.06867,-35.1274
41777,1.06961,-35.0205
41778,1.06736,-35.2978
41779,1.06597,-35.5373
41780,1.06099,-36.26
41781,1.0625,-36.054
41782,1.06129,-36.2004
41783,1.06069,-36.2857
41784,1.07054,-34.8837
41785,1.06809,-35.1636
41786,1.07122,-34.8196
41787,1.07054,-34.8533
41788,1.07061,-34.7887
41789,1.06763,-35.1837
41790,1.06803,-35.1652
41791,1.07077,-34.727
41792,1.06715,-35.1595
41793,1.06769,-35.1992
41794,1.06718,-35.1774
41795,1.06562,-35.5445
41796,1.06539,-35.6969
41797,1.07194,-34.5195
41798,1.06771,-35.1594
41799,1.06793,-34.9582
41800,1.07142,-34.4968
41801,1.06896,-34.7918
41802,1.07163,-34.382
41803,1.07236,-34.4824
41804,1.07292,-34.4414
41805,1.06971,-34.8778
41806,1.06798,-35.0311
41807,1.07057,-34.4908
41808,1.07063,-34.5055
41809,1.07121,-34.4379
41810,1.07268,-34.218
41811,1.07253,-34.2639
41812,1.07267,-34.2279
41813,1.07118,-34.5783
41814,1.07246,-34.3022
41815,1.07264,-34.2849
41816,1.07102,-34.4364
41817,1.07044,-34.5856
41818,1.07236,-34.1775
41819,1.0718,-34.2969
41820,1.07301,-33.9817
41821,1.07255,-34.1323
41822,1.07324,-34.1112
41823,1.07862,-33.1069
41824,1.07203,-34.2403
41825,1.07471,-33.9563
41826,1.07558,-33.1667
41827,1.07433,-33.6827
41828,1.07278,-34.2149
41829,1.07236,-34.2366
41830,1.0721,-34.1916
41831,1.07037,-34.557
41832,1.07296,-34.3102
41833,1.0729,-34.186
41834,1.07377,-33.9848
41835,1.07521,-33.8555
41836,1.07484,-33.4878
41837,1.07421,-33.8182
41838,1.07683,-32.9866
41839,1.0776,-33.352
41840,1.07269,-33.0338
41841,1.07336,-33.44
41842,1.07214,-33.1086
41843,1.07201,-33.1248
41844,1.07156,-33.0895
41845,1.07145,-33.0406
41846,1.07216,-33.109
41847,1.07267,-33.0646
41848,1.07426,-33.4007
41849,1.07529,-33.4604
41850,1.07403,-33.8218
41851,1.07456,-33.6197
41852,1.07497,-33.5522
41853,1.07566,-33.3292
41854,1.07403,-33.6923
41855,1.07366,-33.5422
41856,1.07419,-33.7673
41857,1.07459,-33.681
41858,1.08046,-32.5219
41859,1.08117,-32.4606
41860,1.07445,-33.2681
41861,1.0755,-33.2681
41862,1.0813,-32.9188
41863,1.08057,-32.987
41864,1.07845,-32.9568
41865,1.08311,-32.7556
41866,1.07434,-32.9071
41867,1.07217,-33.342
41868,1.07242,-33.3497
41869,1.07199,-33.397
41870,1.072,-33.0587
41871,1.07127,-32.7299
41872,1.07243,-33.0219
41873,1.07166,-33.1314
41874,1.07117,-33.2657
41875,1.07146,-33.1502
41876,1.07478,-33.236
41877,1.07297,-32.9126
41878,1.07185,-32.8534
41879,1.07273,-32.9358
41880,1.07221,-32.822
41881,1.07207,-34.9033
41882,1.07132,-34.9695
41883,1.07178,-34.935
41884,1.0722,-34.8341
41885,1.08199,-17.6951
41886,1.08561,-19.5043
41887,1.07722,-17.9075
41888,1.08064,-17.4313
41889,1.07178,-17.8627
41890,1.07208,-14.0977
41891,1.07734,-13.292
41892,1.07556,-13.6706
41893,1.07943,-14.2244
41894,1.07114,-10.5328
41895,1.06987,-9.70567
41896,1.06756,-11.7366
41897,1.07905,-12.0422
41898,1.08351,-14.6767
41899,1.08146,-14.8827
41900,1.07165,-13.3033
41901,1.08306,-7.33302
41902,1.08198,-7.40784
41903,1.0724,-11.2169
41904,1.07864,-9.59195
41905,1.07837,-9.02167
41906,1.07867,-9.03261
41907,1.06511,-9.92829
41908,1.07461,-24.6564
41909,1.06958,-22.329
41910,1.06553,-22.3376
41911,1.08662,-20.5959
41912,1.08676,-20.1377
41913,1.08542,-5.256
41914,1.08604,-4.72177
41915,1.08572,-4.51581
41916,1.08587,-3.9845
41917,1.08106,-6.88303
41918,1.08548,-5.88216
41919,1.08116,-6.22113
41920,1.07065,-7.02873
41921,1.07117,-6.97129
41922,1.07216,-6.89797
41923,1.07089,-6.99178
41924,1.0741,-7.52012
41925,1.0741,-22.6463
41926,1.075,-22.3886
41927,1.07381,-23.9724
41928,1.07992,-20.4926
41929,1.0808,-20.3139
41930,1.07543,-21.8501
41931,1.07621,-21.5219
41932,1.07737,-21.3636
41933,1.07545,-21.5952
41934,1.08153,-20.1875
41935,1.08305,-20.1086
41936,1.073,-21.1678
41937,1.05209,-11.7026
41938,1.0559,-11.1883
41939,1.06196,-19.0611
41940,1.05788,-21.7495
41941,1.07003,-20.9452
41942,1.05801,-21.4055
41943,1.0652,-20.1522
41944,1.08399,-27.4499
41945,1.08942,-26.4392
41946,1.08373,-26.3435
41947,1.0876,-26.3313
41948,1.0855,-26.2696
41949,1.08186,-26.3008
41950,1.08283,-25.0796
41951,1.07365,-28.496
41952,1.08323,-26.2203
41953,1.08975,-24.9816
41954,1.05688,-11.623
41955,1.05503,-11.1653
41956,1.05985,-12.0824
41957,1.08275,-25.5117
41958,1.08472,-26.6523
41959,1.08685,-26.5865
41960,1.08622,-26.625
41961,1.08813,-26.5069
41962,1.08745,-25.6948
41963,1.08296,-26.385
41964,1.0603,-7.92062
41965,1.05658,-9.47943
41966,1.07786,-26.2008
41967,1.07722,-26.2236
41968,1.07835,-25.5134
41969,1.0747,-27.5735
41970,1.0578,-29.0854
41971,1.07895,-29.6704
41972,1.07607,-27.9166
41973,1.07437,-27.7116
41974,1.07441,-27.6936
41975,1.0675,-28.0337
41976,1.06299,-28.3949
41977,1.06643,-27.8473
41978,1.06146,-28.5274
41979,1.06668,-27.6764
41980,1.07048,-27.4477
41981,1.08435,-30.0103
41982,1.05957,-29.1996
41983,1.06096,-28.0007
41984,1.06208,-27.8913
41985,1.06677,-28.0181
41986,1.07913,-28.4073
41987,1.06321,-26.5128
41988,1.06345,-25.1678
41989,1.07971,-28.512
41990,1.08447,-27.0002
41991,1.07271,-3.56157
41992,1.08073,-3.73548
41993,1.08945,-0.718109
41994,1.07683,-2.82625
41995,1.07768,-2.60726
41996,1.07584,-3.02172
41997,1.08537,-2.57382
41998,1.08184,-3.51844
41999,1.07601,-3.41988
42000,1.07276,-4.14718
42001,1.07082,-4.95859
42002,1.07081,-4.84281
42003,1.06945,-4.99808
42004,1.07129,-4.62652
42005,1.07079,-13.2376
42006,1.07856,-11.1327
42007,1.0815,-9.83441
42008,1.08249,-7.20613
42009,1.08216,-7.33479
42010,1.08468,-6.6905
42011,1.08172,-7.39575
42012,1.08318,-7.3012
42013,1.08139,-7.66479
42014,1.0803,-7.75778
42015,1.08339,-7.27212
42016,1.08321,-7.36277
42017,1.08259,-7.43519
42018,1.08531,-7.18009
42019,1.06064,-17.7496
42020,1.06701,-16.4474
42021,1.07101,-17.0222
42022,1.07199,-17.6261
42023,1.07025,-18.7233
42024,1.06829,-17.5832
42025,1.07247,-34.4611
42026,1.07971,-32.7502
42027,1.06935,-34.3374
42028,1.08109,-31.455
42029,1.08406,-31.1616
42030,1.08418,-31.3495
42031,1.06848,-6.09228
42032,1.07969,-4.40744
42033,1.07872,-3.73985
42034,1.07462,-4.34951
42035,1.0693,-35.6252
42036,1.07097,-35.4665
42037,1.06992,-35.5991
42038,1.06998,-35.5498
42039,1.07454,-35.0124
42040,1.07486,-34.9844
42041,1.07056,-35.4334
42042,1.07164,-35.3313
42043,1.07481,-35.0076
42044,1.06885,-35.4993
42045,1.0736,-35.2083
42046,1.07664,-34.5227
42047,1.07229,-34.9166
42048,1.07782,-33.8357
42049,1.07048,-35.353
42050,1.07228,-35.0719
42051,1.07253,-35.0682
42052,1.07255,-35.067
42053,1.07331,-34.9645
42054,1.07226,-35.0641
42055,1.07459,-34.8534
42056,1.07479,-34.8323
42057,1.07288,-35.0302
42058,1.07291,-34.8722
42059,1.07416,-34.7658
42060,1.06844,-35.323
42061,1.06999,-34.9808
42062,1.07026,-35.1286
42063,1.07407,-34.7978
42064,1.07457,-34.7749
42065,1.06778,-35.0684
42066,1.07087,-34.6433
42067,1.0696,-34.9044
42068,1.07174,-34.4848
42069,1.07218,-34.4868
42070,1.0736,-34.0536
42071,1.07523,-33.8674
42072,1.07331,-34.1422
42073,1.0728,-34.2947
42074,1.07637,-33.8646
42075,1.07738,-33.3222
42076,1.076,-33.6671
42077,1.07438,-33.9082
42078,1.07541,-33.8109
42079,1.07497,-33.6784
42080,1.07659,-33.5696
42081,1.07289,-33.4941
42082,1.07161,-33.5965
42083,1.0767,-33.2522
42084,1.07543,-33.3819
42085,1.07473,-33.2997
42086,1.07138,-33.2014
42087,1.07389,-33.1226
42088,1.07186,-33.3502
42089,1.07331,-33.3107
42090,1.07274,-33.1603
42091,1.07632,-33.0227
42092,1.07274,-33.1267
42093,1.07295,-33.1831
42094,1.07373,-33.021
42095,1.07447,-33.0351
42096,1.07337,-33.0306
42097,1.07344,-33.125
42098,1.07251,-33.2772
42099,1.07183,-33.2869
42100,1.07146,-33.1568
42101,1.07234,-33.0313
42102,1.07322,-33.0234
42103,1.07324,-32.8899
42104,1.07616,-32.4728
42105,1.07485,-32.7128
42106,1.07422,-32.813
42107,1.07319,-32.9362
42108,1.07305,-32.9423
42109,1.07328,-32.9033
42110,1.07724,-33.2384
42111,1.06809,-32.7636
42112,1.06589,-33.0189
42113,1.07149,-35.1396
42114,1.07466,-32.8041
42115,1.07688,-33.5545
42116,1.07136,-35.0995
42117,1.03172,-36.2278
42118,1.05801,-31.5138
42119,1.04593,-34.6836
42120,1.07554,-27.276
42121,1.05553,-32.0621
42122,1.05261,-32.617
42123,1.05211,-32.788
42124,1.04802,-33.7621
42125,1.03997,-34.8249
42126,1.04094,-34.7313
42127,1.03685,-35.6421
42128,1.03314,-36.2502
42129,1.05169,-31.5109
42130,1.05052,-32.832
42131,1.0485,-33.3314
42132,1.04718,-33.7013
42133,1.04678,-33.8553
42134,1.04699,-33.9704
42135,1.04777,-33.9438
42136,1.04804,-33.936
42137,1.04787,-33.9549
42138,1.04763,-33.971
42139,1.04629,-34.0917
42140,1.04752,-34.043
42141,1.04699,-34.0893
42142,1.04827,-33.88
42143,1.05072,-33.6463
42144,1.05818,-32.8067
42145,1.06126,-29.0732
42146,1.07846,-32.1136
42147,1.07776,-31.7506
42148,1.07702,-32.3013
42149,1.07646,-32.389
42150,1.07526,-32.5079
42151,1.0761,-32.4119
42152,1.07628,-31.4579
42153,1.07031,-31.6136
42154,1.05241,-32.0232
42155,1.05368,-31.8864
42156,1.05646,-28.2585
42157,1.06764,-27.024
42158,1.07228,-25.6295
42159,1.07575,-25.4018
42160,1.07424,-25.6558
42161,1.07364,-25.5192
42162,1.07269,-25.5944
42163,1.07329,-25.5398
42164,1.07567,-25.5323
42165,1.07281,-25.5977
42166,1.07225,-25.4458
42167,1.07214,-25.2666
42168,1.0734,-25.1207
42169,1.07142,-24.8884
42170,1.06977,-24.8488
42171,1.06977,-24.2597
42172,1.08106,-35.527
42173,1.08052,-35.5735
42174,1.07882,-35.7254
42175,1.07931,-35.682
42176,1.08057,-35.5529
42177,1.07949,-35.6685
42178,1.07964,-35.6056
42179,1.07965,-35.645
42180,1.07958,-35.6678
42181,1.06484,-37.125
42182,1.06232,-37.485
42183,1.05835,-37.9042
42184,1.06163,-37.6772
42185,1.06172,-37.6127
42186,1.06599,-37.0887
42187,1.06503,-37.3046
42188,1.0666,-37.1095
42189,1.06571,-37.0891
42190,1.06608,-37.1029
42191,1.06576,-37.1184
42192,1.06593,-37.3146
42193,1.06834,-36.9674
42194,1.06997,-36.7828
42195,1.06244,-37.4846
42196,1.06441,-37.3298
42197,1.06495,-37.3707
42198,1.06629,-37.1891
42199,1.06674,-37.2489
42200,1.06205,-37.5225
42201,1.06508,-37.2032
42202,1.06266,-37.4772
42203,1.06297,-37.4515
42204,1.06322,-37.4202
42205,1.06472,-37.396
42206,1.06491,-37.2282
42207,1.06364,-37.3735
42208,1.06391,-37.3372
42209,1.06433,-37.3565
42210,1.06321,-37.4054
42211,1.0628,-37.4535
42212,1.07512,-36.1308
42213,1.07492,-36.2431
42214,1.07566,-36.1556
42215,1.07559,-36.1613
42216,1.07602,-35.9738
42217,1.07492,-36.1134
42218,1.07519,-36.0064
42219,1.07331,-36.3754
42220,1.07495,-36.2914
42221,1.06913,-36.8214
42222,1.07185,-36.5603
42223,1.07587,-36.0165
42224,1.07403,-36.2093
42225,1.07437,-36.178
42226,1.08088,-35.3884
42227,1.08061,-35.4728
42228,1.07899,-35.5975
42229,1.0794,-35.6392
42230,1.07889,-35.6269
42231,1.0755,-36.0713
42232,1.0786,-35.6977
42233,1.07981,-35.5809
42234,1.08057,-35.4829
42235,1.07952,-35.5681
42236,1.0801,-35.5375
42237,1.07974,-35.5614
42238,1.07875,-35.6231
42239,1.08038,-35.2689
42240,1.07604,-35.9291
42241,1.07533,-36.0495
42242,1.07495,-36.1119
42243,1.08031,-35.3688
42244,1.07435,-36.1546
42245,1.07849,-35.6763
42246,1.07921,-35.4318
42247,1.07505,-35.9897
42248,1.07514,-36.0363
42249,1.07495,-36.0118
42250,1.07724,-35.8031
42251,1.07591,-35.9233
42252,1.07531,-35.996
42253,1.07481,-36.0441
42254,1.07244,-36.0937
42255,1.07266,-36.1679
42256,1.07154,-36.4917
42257,1.07133,-36.4115
42258,1.07,-36.5853
42259,1.07111,-36.4857
42260,1.07498,-36.0839
42261,1.07335,-36.2319
42262,1.06916,-36.6212
42263,1.06944,-36.6229
42264,1.06886,-36.6438
42265,1.06841,-36.7499
42266,1.06614,-36.978
42267,1.06781,-36.7605
42268,1.06978,-36.5173
42269,1.07031,-36.4937
42270,1.065,-37.0763
42271,1.06564,-37.0217
42272,1.06685,-36.7561
42273,1.06794,-36.6007
42274,1.06749,-36.8058
42275,1.06888,-36.5364
42276,1.07003,-36.1324
42277,1.06833,-36.5894
42278,1.06948,-36.2237
42279,1.07034,-36.0439
42280,1.06992,-36.2225
42281,1.05849,-37.3862
42282,1.06038,-37.2373
42283,1.0697,-36.4816
42284,1.07065,-36.3776
42285,1.06797,-36.5532
42286,1.06534,-36.7776
42287,1.06779,-36.5122
42288,1.06631,-36.6736
42289,1.07102,-36.3743
42290,1.06874,-36.6476
42291,1.05553,-37.8862
42292,1.05618,-37.8353
42293,1.06983,-36.5202
42294,1.06947,-36.5257
42295,1.05854,-37.4603
42296,1.05904,-37.4111
42297,1.05687,-37.6558
42298,1.05711,-37.6329
42299,1.05738,-37.6354
42300,1.05787,-37.5805
42301,1.06954,-36.4892
42302,1.07035,-36.4459
42303,1.06846,-36.5718
42304,1.07096,-36.2444
42305,1.06941,-36.3829
42306,1.06852,-36.4407
42307,1.06835,-36.4381
42308,1.07032,-36.2062
42309,1.06857,-36.4334
42310,1.06802,-36.5051
42311,1.07094,-36.1396
42312,1.0654,-36.7596
42313,1.06601,-36.7293
42314,1.06621,-36.6743
42315,1.0652,-36.7765
42316,1.06543,-36.7362
42317,1.06435,-36.8181
42318,1.06492,-36.771
42319,1.06574,-36.6875
42320,1.06775,-36.528
42321,1.07809,-35.9182
42322,1.07958,-35.6241
42323,1.07257,-36.2714
42324,1.07135,-30.5925
42325,1.07376,-29.5704
42326,1.07888,-28.1137
42327,1.06111,-30.6471
42328,1.06152,-30.245
42329,1.07447,-27.5916
42330,1.06169,-27.9822
42331,1.08081,-27.4918
42332,1.08361,-25.7387
42333,1.0817,-25.6177
42334,1.07962,-25.7098
42335,1.08468,-24.859
42336,1.08413,-24.9114
42337,1.07685,-25.7949
42338,1.07412,-26.3316
42339,1.0736,-26.5334
42340,1.08225,-24.9284
42341,1.0771,-25.7682
42342,1.08418,-24.3994
42343,1.08559,-24.3992
42344,1.08518,-24.5962
42345,1.08593,-23.8816
42346,1.08468,-23.9639
42347,1.0846,-23.9408
42348,1.0859,-24.2427
42349,1.08324,-24.1117
42350,1.08459,-23.9393
42351,1.08465,-23.9408
42352,1.0963,-16.6928
42353,1.08289,-15.5445
42354,1.08481,-15.4529
42355,1.08656,-15.9715
42356,1.08715,-15.9266
42357,1.07534,-30.8663
42358,1.0802,-29.1033
42359,1.07846,-29.7991
42360,1.0779,-30.1059
42361,1.08042,-29.2051
42362,1.07992,-29.2856
42363,1.07871,-29.4563
42364,1.07814,-29.325
42365,1.07402,-30.3905
42366,1.08969,-24.8917
42367,1.08707,-24.408
42368,1.08521,-23.6106
42369,1.08458,-23.5512
42370,1.08659,-23.3861
42371,1.08569,-23.0571
42372,1.08456,-22.6696
42373,1.08333,-22.3517
42374,1.08201,-23.16
42375,1.07254,-22.9578
42376,1.07265,-19.6258
42377,1.07186,-19.8045
42378,1.07342,-19.3058
42379,1.07202,-19.3938
42380,1.07251,-19.1615
42381,1.07452,-19.0005
42382,1.07512,-17.7551
42383,1.06598,-19.1954
42384,1.07651,-24.5047
42385,1.07718,-25.2213
42386,1.07112,-25.5986
42387,1.07192,-25.5397
42388,1.07232,-25.5317
42389,1.07673,-24.9861
42390,1.07419,-25.19
42391,1.07546,-25.3572
42392,1.06746,-24.8019
42393,1.08063,-25.0119
42394,1.03746,-39.2087
42395,1.0561,-38.0578
42396,1.06512,-36.6088
42397,1.06256,-37.0834
42398,1.06435,-36.8759
42399,1.0685,-36.2064
42400,1.0658,-36.3734
42401,1.06402,-36.8612
42402,1.06147,-37.262
42403,1.06282,-37.2681
42404,1.06314,-37.1243
42405,1.06532,-36.9304
42406,1.06605,-36.85
42407,1.05903,-37.6679
42408,1.06592,-37.1722
42409,1.06978,-35.9042
42410,1.07219,-35.4523
42411,1.06943,-36.1338
42412,1.06734,-36.5021
42413,1.06827,-36.3859
42414,1.06626,-36.7846
42415,1.06833,-36.3878
42416,1.07126,-35.6554
42417,1.06562,-36.3641
42418,1.06403,-36.5565
42419,1.06489,-36.4653
42420,1.06401,-35.985
42421,1.06481,-35.695
42422,1.07053,-35.6954
42423,1.07307,-35.2972
42424,1.07359,-35.168
42425,1.07054,-35.6684
42426,1.07161,-35.5647
42427,1.07097,-35.638
42428,1.07369,-35.113
42429,1.07235,-35.5241
42430,1.07077,-35.6794
42431,1.07006,-35.6502
42432,1.07102,-35.6263
42433,1.07107,-35.6201
42434,1.07041,-35.6833
42435,1.06941,-36.0047
42436,1.07036,-35.9799
42437,1.07033,-36.1075
42438,1.06844,-36.0805
42439,1.07034,-36.0499
42440,1.06936,-35.7425
42441,1.07199,-35.6452
42442,1.07257,-35.6882
42443,1.06884,-35.7331
42444,1.07185,-35.4897
42445,1.07262,-35.5822
42446,1.07468,-20.7182
42447,1.074,-20.8883
42448,1.07196,-21.1136
42449,1.07438,-20.8472
42450,1.0753,-20.7108
42451,1.07574,-20.7698
42452,1.07399,-20.8878
42453,1.07397,-20.8933
42454,1.07386,-20.9105
42455,1.07397,-20.921
42456,1.07354,-20.9421
42457,1.07109,-21.1131
42458,1.07447,-20.1892
42459,1.07227,-20.9869
42460,1.07222,-20.9848
42461,1.07171,-21.0382
42462,1.07428,-20.8585
42463,1.07451,-20.8332
42464,1.07443,-20.8397
42465,1.07558,-20.6401
42466,1.07541,-20.6543
42467,1.07452,-20.722
42468,1.07559,-20.6121
42469,1.07541,-20.5879
42470,1.07482,-20.6537
42471,1.0743,-20.7148
42472,1.07324,-20.8812
42473,1.07269,-20.9361
42474,1.07337,-20.9088
42475,1.06208,-22.9948
42476,1.07644,-20.9065
42477,1.07693,-21.0765
42478,1.07326,-19.4031
42479,1.0688,-20.6919
42480,1.07044,-20.0708
42481,1.06393,-22.3227
42482,1.06807,-21.8332
42483,1.08006,-20.6362
42484,1.0747,-20.6377
42485,1.07405,-20.7471
42486,1.07651,-20.0088
42487,1.07078,-17.8086
42488,1.07262,-17.4231
42489,1.07462,-17.1612
42490,1.07449,-17.1775
42491,1.07448,-17.2032
42492,1.07324,-17.3153
42493,1.06573,-18.4975
42494,1.06797,-18.2869
42495,1.0716,-17.5901
42496,1.07239,-17.4454
42497,1.06905,-17.3786
42498,1.07483,-16.847
42499,1.0751,-17.025
42500,1.07295,-17.1381
42501,1.07235,-17.2853
42502,1.07176,-17.4567
42503,1.07401,-17.2593
42504,1.07207,-17.529
42505,1.06316,-18.9125
42506,1.06373,-18.4609
42507,1.0671,-18.1763
42508,1.06754,-18.3271
42509,1.06616,-18.4552
42510,1.06572,-19.777
42511,1.06936,-17.3502
42512,1.06675,-16.816
42513,1.06901,-15.8017
42514,1.05915,-19.9778
42515,1.06288,-18.6442
42516,1.06566,-18.2688
42517,1.06151,-18.9727
42518,1.06767,-18.0139
42519,1.06468,-18.4888
42520,1.07496,-17.3056
42521,1.04837,-17.6214
42522,1.0493,-17.794
42523,1.05293,-19.4252
42524,1.03511,-18.4561
42525,1.03442,-18.7896
42526,1.02946,-19.2465
42527,1.06528,-16.9812
42528,1.06961,-16.1202
42529,1.05471,-15.7375
42530,1.04078,-17.1353
42531,1.04202,-17.0397
42532,1.04537,-16.6661
42533,1.05643,-15.5862
42534,1.06945,-14.6613
42535,1.07221,-14.4505
42536,1.06703,-14.9065
42537,1.07278,-14.3146
42538,1.07603,-13.9203
42539,1.06835,-14.7221
42540,1.06734,-14.7418
42541,1.06882,-14.4784
42542,1.0684,-14.7418
42543,1.06655,-14.8115
42544,1.06276,-15.0005
42545,1.0735,-14.4783
42546,1.0764,-14.2145
42547,1.07598,-14.2522
42548,1.07661,-14.1852
42549,1.07674,-14.3307
42550,1.07724,-14.2886
42551,1.0753,-14.3303
42552,1.07431,-14.5652
42553,1.07382,-14.4567
42554,1.0749,-14.4231
42555,1.07121,-14.6756
42556,1.05403,-15.7637
42557,1.06211,-15.192
42558,1.07643,-14.4596
42559,1.07382,-14.8655
42560,1.07347,-15.2112
42561,1.07418,-14.9697
42562,1.07641,-14.3584
42563,1.07457,-14.7149
42564,1.07553,-14.5391
42565,1.07472,-15.2523
42566,1.07124,-16.1831
42567,1.07258,-15.3061
42568,1.07491,-14.606
42569,1.07302,-14.9667
42570,1.07166,-14.6819
42571,1.05038,-16.1518
42572,1.05113,-16.0708
42573,1.05016,-16.1511
42574,1.05544,-15.6608
42575,1.05324,-15.6436
42576,1.05725,-14.8528
42577,1.06619,-13.209
42578,1.06588,-13.1339
42579,1.0653,-13.1863
42580,1.0664,-13.1897
42581,1.06745,-13.2227
42582,1.06695,-12.2945
42583,1.0667,-12.2334
42584,1.05865,-14.7195
42585,1.06562,-14.8509
42586,1.06368,-12.4715
42587,1.06342,-12.5017
42588,1.06101,-12.6773
42589,1.06233,-12.6276
42590,1.0625,-12.0988
42591,1.05936,-15.6096
42592,1.06087,-14.0584
42593,1.07062,-14.5297
42594,1.07393,-14.3913
42595,1.06782,-9.29042
42596,1.06992,-8.6596
42597,1.06075,-9.32445
42598,1.07683,-7.30145
42599,1.07304,-7.72686
42600,1.07419,-7.41376
42601,1.06725,-9.16332
42602,1.07658,-7.61337
42603,1.06597,-8.78311
42604,1.0613,-9.05851
42605,1.06283,-9.04698
42606,1.06115,-9.18748
42607,1.0799,-23.8886
42608,1.07697,-25.0476
42609,1.07271,-25.1953
42610,1.07901,-23.7803
42611,1.08055,-23.7686
42612,1.07607,-20.9291
42613,1.08223,-19.7486
42614,1.08199,-19.8318
42615,1.0783,-20.1759
42616,1.07203,-19.8561
42617,1.06973,-20.0638
42618,1.08243,-2.32853
42619,1.08473,-0.7181
42620,1.08502,-0.924997
42621,1.08606,-0.603975
42622,1.06601,-19.1734
42623,1.06202,-19.7474
42624,1.06319,-19.5073
42625,1.0801,-26.7563
42626,1.08435,-25.6318
42627,1.08354,-25.8574
42628,1.0812,-25.7255
42629,1.08697,-15.4032
42630,1.08385,-15.0635
42631,1.07238,-11.2008
42632,1.07967,-13.9748
42633,1.07671,-11.6387
42634,1.07769,-10.1435
42635,1.07432,-16.5766
42636,1.07725,-15.7845
42637,1.04869,-17.2253
42638,1.03364,-17.8727
42639,1.03611,-17.6985
42640,1.03788,-17.4946
42641,1.08387,-15.2029
42642,1.07634,-12.331
42643,1.06341,-21.6904
42644,1.06075,-21.0431
42645,1.06541,-20.5408
42646,1.06464,-20.709
42647,1.0642,-20.758
42648,1.06849,-20.1236
42649,1.06798,-20.0225
42650,1.06449,-20.3184
42651,1.05652,-20.5247
42652,1.01704,-24.3809
42653,1.08065,-19.7237
42654,1.07779,-20.0441
42655,1.07557,-17.7291
42656,1.08029,-18.7408
42657,1.0643,-35.0729
42658,1.08251,-32.0224
42659,1.0815,-32.0149
42660,1.07493,-33.5162
42661,1.08362,-30.6018
42662,1.07771,-31.3446
42663,1.0782,-32.3451
42664,1.08088,-32.443
42665,1.07911,-31.3895
42666,1.08053,-30.6781
42667,1.0743,-33.7761
42668,1.07471,-22.5522
42669,1.07515,-22.4464
42670,1.07468,-22.5994
42671,1.07384,-22.8672
42672,1.07442,-22.6265
42673,1.07532,-22.5181
42674,1.07322,-22.9225
42675,1.07393,-22.8632
42676,1.07564,-22.7248
42677,1.07483,-22.7817
42678,1.07376,-22.8418
42679,1.07425,-22.7653
42680,1.07314,-22.9184
42681,1.07329,-22.9292
42682,1.07303,-22.9536
42683,1.07326,-23.218
42684,1.07276,-23.244
42685,1.07464,-22.8021
42686,1.07279,-23.2188
42687,1.07109,-23.1531
42688,1.07,-23.289
42689,1.06931,-23.3783
42690,1.07336,-23.238
42691,1.06968,-23.4118
42692,1.06769,-23.5257
42693,1.06835,-23.502
42694,1.07454,-23.2198
42695,1.07249,-23.3045
42696,1.07481,-23.4391
42697,1.07555,-23.4534
42698,1.07575,-23.8414
42699,1.07566,-24.0646
42700,1.07151,-24.7236
42701,1.06826,-26.0913
42702,1.06174,-25.7735
42703,1.07266,-22.6314
42704,1.06424,-23.8616
42705,1.06778,-23.4522
42706,1.07273,-23.3056
42707,1.07307,-23.2386
42708,1.07388,-22.6784
42709,1.06834,-23.2499
42710,1.07203,-22.752
42711,1.07313,-22.6555
42712,1.0748,-22.4712
42713,1.0628,-22.7016
42714,1.07316,-22.5841
42715,1.07428,-22.7472
42716,1.08208,-4.46927
42717,1.08459,-3.19717
42718,1.07424,-3.76609
42719,1.08596,-3.55144
42720,1.08371,-4.38786
42721,1.08648,-3.50696
42722,1.07308,-17.2849
42723,1.06548,-17.3069
42724,1.06104,-17.1826
42725,1.07231,-16.8166
42726,1.05617,-25.5312
42727,1.07578,-24.6692
42728,1.07843,-23.636
42729,1.05759,-25.1344
42730,1.07149,-23.6188
42731,1.06274,-7.32512
42732,1.08387,-1.08569
42733,1.08987,-0.429056
42734,1.08563,-1.29911
42735,1.08204,-24.6385
42736,1.0812,-24.8158
42737,1.07338,-4.61576
42738,1.07671,-4.4185
42739,1.09141,-3.20178
42740,1.08648,-5.61033
42741,1.08108,-5.39389
42742,1.08801,-2.85392
42743,1.07188,-4.42428
42744,1.08076,-4.09256
42745,1.08774,-2.46955
42746,1.04384,-16.3355
42747,1.04591,-16.1331
42748,1.04512,-16.2265
42749,1.04518,-16.1877
42750,1.04062,-16.6107
42751,1.07633,-27.6448
42752,1.07484,-27.4654
42753,1.07487,-27.444
42754,1.07483,-27.7331
42755,1.07572,-27.2623
42756,1.07527,-27.3613
42757,1.07476,-27.426
42758,1.07414,-27.5856
42759,1.07379,-27.6188
42760,1.07216,-27.9869
42761,1.07257,-27.8904
42762,1.07428,-27.605
42763,1.07469,-27.5666
42764,1.07505,-27.475
42765,1.07449,-27.6229
42766,1.07466,-27.617
42767,1.07166,-27.9677
42768,1.0715,-27.9588
42769,1.07221,-27.8935
42770,1.07124,-28.0934
42771,1.07336,-27.7807
42772,1.07232,-27.9235
42773,1.07103,-28.102
42774,1.0716,-28.0303
42775,1.07147,-28.0676
42776,1.07138,-28.0184
42777,1.06915,-28.232
42778,1.06747,-28.39
42779,1.07101,-28.0891
42780,1.07092,-28.102
42781,1.06594,-28.5205
42782,1.06685,-28.4449
42783,1.0714,-28.0669
42784,1.07722,-27.1994
42785,1.07757,-27.1075
42786,1.08078,-26.396
42787,1.07682,-27.2545
42788,1.07462,-27.6601
42789,1.06631,-28.4865
42790,1.07297,-27.871
42791,1.0698,-13.4147
42792,1.06982,-13.3686
42793,1.06965,-13.4065
42794,1.0667,-13.5031
42795,1.0656,-13.5604
42796,1.06506,-13.5236
42797,1.06567,-13.3975
42798,1.06415,-13.3764
42799,1.06203,-13.3258
42800,1.05967,-12.9455
42801,1.06057,-12.8615
42802,1.0606,-13.1168
42803,1.0618,-13.3462
42804,1.0628,-11.6633
42805,1.06174,-11.8864
42806,1.06443,-11.4595
42807,1.0721,-13.7926
42808,1.06999,-13.2793
42809,1.0731,-12.9054
42810,1.06949,-13.4405
42811,1.07059,-13.0927
42812,1.06488,-13.568
42813,1.07226,-13.0002
42814,1.06543,-13.513
42815,1.06504,-13.5533
42816,1.0635,-13.5291
42817,1.06497,-13.5108
42818,1.0707,-14.3103
42819,1.06053,-13.4024
42820,1.05174,-12.6907
42821,1.06231,-13.4404
42822,1.06259,-11.7693
42823,1.06271,-11.6683
42824,1.06079,-12.9869
42825,1.06361,-11.7907
42826,1.0707,-10.6698
42827,1.06809,-11.0248
42828,1.07148,-10.5938
42829,1.06286,-12.596
42830,1.06735,-12.4478
42831,1.07017,-13.1403
42832,1.06893,-13.2391
42833,1.06695,-11.6707
42834,1.06783,-11.5897
42835,1.08809,-7.86275
42836,1.07468,-9.64494
42837,1.08134,-9.08387
42838,1.07059,-10.0013
42839,1.06823,-10.1648
42840,1.07652,-7.41279
42841,1.07074,-6.76998
42842,1.08685,-10.9952
42843,1.08748,-8.99225
42844,1.07098,-11.5317
42845,1.07219,-11.2908
42846,1.06916,-11.8628
42847,1.07302,-11.213
42848,1.06905,-11.9324
42849,1.07312,-13.2455
42850,1.07048,-13.4301
42851,1.04845,-10.8995
42852,1.04853,-11.016
42853,1.04712,-11.0281
42854,1.05651,-9.74993
42855,1.04534,-10.8952
42856,1.04598,-10.8352
42857,1.04836,-10.5621
42858,1.05534,-9.76273
42859,1.05205,-9.73447
42860,1.06293,-17.3071
42861,1.06181,-17.3362
42862,1.06196,-17.3293
42863,1.06269,-17.1743
42864,1.06305,-17.1508
42865,1.06524,-16.904
42866,1.06341,-17.07
42867,1.06503,-16.9227
42868,1.06971,-16.2758
42869,1.06385,-16.9941
42870,1.06474,-16.8994
42871,1.06366,-17.0098
42872,1.06202,-17.3088
42873,1.05879,-17.3233
42874,1.05886,-17.3152
42875,1.06363,-16.861
42876,1.06425,-16.7522
42877,1.06401,-16.8238
42878,1.0639,-16.8618
42879,1.06397,-16.8298
42880,1.06794,-16.4335
42881,1.06417,-16.788
42882,1.06458,-16.7105
42883,1.06441,-16.7395
42884,1.05753,-17.2609
42885,1.06433,-16.6438
42886,1.06431,-16.7353
42887,1.06498,-16.6584
42888,1.07043,-16.0944
42889,1.06784,-16.3615
42890,1.06588,-16.563
42891,1.06703,-16.2107
42892,1.06464,-16.5528
42893,1.06533,-16.4329
42894,1.05631,-17.3804
42895,1.06499,-16.3664
42896,1.06295,-16.3359
42897,1.06251,-16.3807
42898,1.05622,-16.2477
42899,1.05981,-15.8854
42900,1.05582,-16.1247
42901,1.05026,-17.0343
42902,1.03534,-22.6264
42903,1.06202,-17.7902
42904,1.05591,-17.4087
42905,1.05131,-17.6993
42906,1.05488,-17.4649
42907,1.05913,-18.3415
42908,1.06936,-16.3941
42909,1.06523,-16.9562
42910,1.06189,-14.9108
42911,1.05964,-15.126
42912,1.06397,-18.0352
42913,1.07793,-24.0723
42914,1.07443,-23.5166
42915,1.06992,-22.5056
42916,1.05598,-22.5779
42917,1.05452,-22.6882
42918,1.05156,-16.8579
42919,1.04563,-15.3154
42920,1.05052,-14.865
42921,1.07608,-13.7165
42922,1.08047,-10.6007
42923,1.05019,-10.534
42924,1.06672,-27.2316
42925,1.06033,-27.5436
42926,1.06625,-34.7813
42927,1.06945,-34.6858
42928,1.0689,-35.2286
42929,1.08376,-31.3651
42930,1.08332,-31.5967
42931,1.08236,-32.3672
42932,1.08268,-31.9661
42933,1.08187,-32.2553
42934,1.08311,-31.6568
42935,1.08302,-31.7934
42936,1.08278,-31.832
42937,1.08202,-32.1234
42938,1.08103,-32.2152
42939,1.07576,-22.5793
42940,1.07676,-22.3528
42941,1.07633,-22.3716
42942,1.07509,-22.4686
42943,1.07408,-22.3988
42944,1.07322,-22.3774
42945,1.07407,-22.3304
42946,1.07312,-22.3752
42947,1.07401,-22.2132
42948,1.0727,-22.2474
42949,1.07158,-22.4196
42950,1.07208,-22.1976
42951,1.07527,-22.9591
42952,1.07591,-22.6281
42953,1.07633,-22.5704
42954,1.07711,-22.0446
42955,1.07766,-22.2701
42956,1.077,-22.2042
42957,1.0779,-22.0684
42958,1.07788,-22.0235
42959,1.07789,-21.4696
42960,1.07255,-21.7795
42961,1.07525,-21.254
42962,1.07582,-21.1497
42963,1.07529,-20.6137
42964,1.07568,-20.2462
42965,1.07671,-22.7334
42966,1.07641,-22.6363
42967,1.07701,-22.6145
42968,1.07678,-22.5058
42969,1.07452,-4.87421
42970,1.08555,0.365521
42971,1.08305,-1.57715
42972,1.08368,-1.5275
42973,1.08381,-1.58456
42974,1.07176,-17.754
42975,1.07047,-17.8708
42976,1.06982,-17.9307
42977,1.06413,-18.354
42978,1.06843,-17.8551
42979,1.07111,-17.8095
42980,1.07851,-16.8633
42981,1.07883,-16.8316
42982,1.07912,-16.7624
42983,1.0723,-17.2634
42984,1.08086,-16.1776
42985,1.08214,-27.7744
42986,1.08396,-25.1294
42987,1.07598,-18.6316
42988,1.07053,-17.3965
42989,1.07048,-17.6781
42990,1.07898,-17.0805
42991,1.07483,-17.4897
42992,1.07091,-18.0182
42993,1.06733,-18.7079
42994,1.06867,-17.7122
42995,1.07542,-17.415
42996,1.07751,-17.2685
42997,1.06814,-18.0803
42998,1.06467,-16.0539
42999,1.06059,-16.082
43000,1.0596,-16.1502
43001,1.06172,-15.8785
43002,1.07457,-26.3452
43003,1.06763,-26.2436
43004,1.07337,-26.0302
43005,1.07338,-26.3373
43006,1.07313,-26.3414
43007,1.06109,-8.09772
43008,1.06943,-7.75147
43009,1.0739,-6.84181
43010,1.07949,-5.40727
43011,1.09113,-13.7801
43012,1.07672,-7.39042
43013,1.1,-13.3327
43014,1.09656,-13.164
43015,1.07676,-12.0408
43016,1.05506,-13.2413
43017,1.05586,-13.0472
43018,1.05831,-13.7755
43019,1.04998,-13.1284
43020,1.06206,-11.6473
43021,1.08023,-29.1177
43022,1.08057,-29.1001
43023,1.08147,-28.2919
43024,1.0837,-27.634
43025,1.08377,-27.5715
43026,1.08161,-27.6866
43027,1.07914,-28.2431
43028,1.07421,-29.3723
43029,1.07867,-29.3353
43030,1.08105,-28.8672
43031,1.07995,-29.2169
43032,1.0811,-29.0059
43033,1.08123,-29.0234
43034,1.07719,-29.5005
43035,1.07821,-29.3965
43036,1.07796,-29.3777
43037,1.07893,-29.3004
43038,1.07842,-29.1757
43039,1.07438,-32.5235
43040,1.07849,-32.3913
43041,1.07608,-32.6614
43042,1.07649,-33.0897
43043,1.07735,-32.9103
43044,1.07685,-32.9874
43045,1.07792,-32.7583
43046,1.0789,-32.352
43047,1.07872,-32.3689
43048,1.07696,-32.9935
43049,1.07656,-33.0494
43050,1.07411,-32.8602
43051,1.07082,-32.6641
43052,1.0726,-32.5594
43053,1.07429,-31.9014
43054,1.08045,-32.2151
43055,1.08413,-31.05
43056,1.07726,-31.4891
43057,1.06906,-32.7256
43058,1.06969,-32.7161
43059,1.06715,-32.6242
43060,1.06758,-32.5825
43061,1.06958,-32.7526
43062,1.06998,-32.0078
43063,1.0667,-32.6591
43064,1.07718,-31.3877
43065,1.07099,-33.0709
43066,1.07312,-32.884
43067,1.07732,-31.3794
43068,1.07892,-30.0737
43069,1.07692,-30.7955
43070,1.07752,-30.7385
43071,1.07569,-31.0206
43072,1.08324,-29.5317
43073,1.08281,-29.3568
43074,1.08065,-29.915
43075,1.08263,-29.2612
43076,1.08151,-29.6685
43077,1.08267,-29.1481
43078,1.08313,-28.9762
43079,1.08365,-28.8228
43080,1.08214,-29.3032
43081,1.0808,-31.234
43082,1.07755,-31.1947
43083,1.08486,-30.7752
43084,1.07805,-30.9157
43085,1.08312,-30.8449
43086,1.08323,-30.7335
43087,1.08392,-30.6157
43088,1.08462,-30.2335
43089,1.08104,-29.9689
43090,1.08316,-29.6758
43091,1.08458,-29.5012
43092,1.07966,-32.0033
43093,1.07692,-32.3675
43094,1.07644,-32.4478
43095,1.07651,-32.4803
43096,1.07925,-32.0204
43097,1.08165,-30.8254
43098,1.08238,-30.8286
43099,1.07606,-32.5449
43100,1.07705,-32.3881
43101,1.08172,-31.4897
43102,1.08454,-30.7525
43103,1.08537,-29.7566
43104,1.08561,-30.6174
43105,1.08491,-30.6804
43106,1.08595,-30.5425
43107,1.08364,-31.0931
43108,1.08374,-30.9757
43109,1.08217,-31.4096
43110,1.08591,-29.6306
43111,1.08602,-29.6333
43112,1.0858,-29.6687
43113,1.08459,-29.4782
43114,1.08475,-29.5055
43115,1.08489,-29.452
43116,1.08676,-29.0992
43117,1.08599,-29.2032
43118,1.08535,-29.2949
43119,1.08621,-29.2286
43120,1.08549,-29.3404
43121,1.08649,-29.2063
43122,1.08693,-29.4521
43123,1.08659,-29.5652
43124,1.08627,-29.5897
43125,1.08689,-29.543
43126,1.08683,-29.4876
43127,1.08916,-28.8189
43128,1.0881,-28.8694
43129,1.08941,-28.798
43130,1.08775,-28.9763
43131,1.08697,-29.104
43132,1.08779,-28.999
43133,1.08829,-28.9059
43134,1.08893,-28.2986
43135,1.08775,-29.3998
43136,1.09004,-28.3065
43137,1.08805,-28.9642
43138,1.08782,-28.9864
43139,1.08463,-29.1485
43140,1.08548,-29.1164
43141,1.08413,-28.3662
43142,1.08765,-27.7401
43143,1.08726,-27.9495
43144,1.08612,-28.9261
43145,1.08553,-28.3936
43146,1.08671,-28.1529
43147,1.0861,-27.8553
43148,1.06106,-31.1709
43149,1.08675,-27.7744
43150,1.07698,-29.4636
43151,1.0881,-28.614
43152,1.08037,-27.895
43153,1.08347,-27.6611
43154,1.08451,-31.6692
43155,1.07607,-33.0877
43156,1.09093,-30.7018
43157,1.08987,-30.6591
43158,1.08595,-30.6966
43159,1.07723,-33.069
43160,1.07982,-32.6444
43161,1.07647,-33.3571
43162,1.08087,-31.9229
43163,1.0818,-31.8601
43164,1.08049,-31.9309
43165,1.07932,-32.1167
43166,1.07988,-32.347
43167,1.07902,-32.3108
43168,1.07437,-34.3624
43169,1.07652,-34.2979
43170,1.07734,-34.2051
43171,1.0786,-34.0718
43172,1.07571,-34.4552
43173,1.08194,-33.9253
43174,1.0821,-33.9068
43175,1.08424,-33.8756
43176,1.08772,-33.4705
43177,1.0693,-34.7822
43178,1.07877,-34.4964
43179,1.0851,-33.8018
43180,1.06107,-35.3656
43181,1.08627,-31.5361
43182,1.08865,-31.3145
43183,1.08536,-26.4293
43184,1.0859,-26.3934
43185,1.08544,-26.4352
43186,1.06928,-29.2096
43187,1.08145,-30.5607
43188,1.08256,-30.3136
43189,1.06664,-30.536
43190,1.08256,-30.1665
43191,1.07744,-4.76414
43192,1.07975,-4.55709
43193,1.08022,-4.14205
43194,1.08184,-4.70675
43195,1.08199,-4.56112
43196,1.08167,-4.65551
43197,1.08589,-4.19303
43198,1.07328,-6.51007
43199,1.06498,-8.31917
43200,1.07797,-5.50309
43201,1.08353,-4.67389
43202,1.08048,-5.02996
43203,1.08171,-4.92814
43204,1.08078,-4.95433
43205,1.07424,-5.19198
43206,1.06262,-35.872
43207,1.06108,-35.9224
43208,1.06277,-35.8844
43209,1.06301,-35.827
43210,1.06015,-35.9554
43211,1.05715,-36.2572
43212,1.05552,-36.4165
43213,1.05594,-36.3765
43214,1.05642,-36.3272
43215,1.05287,-36.666
43216,1.05473,-36.5855
43217,1.05895,-36.0797
43218,1.05468,-36.5797
43219,1.05515,-36.5411
43220,1.05817,-36.3152
43221,1.05556,-36.5241
43222,1.05644,-36.466
43223,1.05319,-36.6588
43224,1.05456,-36.5819
43225,1.05573,-36.3969
43226,1.05816,-36.1367
43227,1.05915,-36.0173
43228,1.05828,-36.0495
43229,1.06002,-35.9252
43230,1.05801,-36.0761
43231,1.05895,-36.1516
43232,1.05922,-36.1227
43233,1.05623,-36.3482
43234,1.05555,-36.4035
43235,1.05714,-36.261
43236,1.0596,-36.0318
43237,1.05759,-36.0555
43238,1.05789,-36.0218
43239,1.05805,-35.8481
43240,1.05782,-35.8444
43241,1.05789,-36.4006
43242,1.05864,-36.3981
43243,1.05668,-36.3733
43244,1.05696,-36.3415
43245,1.05748,-36.2798
43246,1.05783,-36.1211
43247,1.05796,-36.1067
43248,1.05827,-36.1992
43249,1.05755,-36.2099
43250,1.05691,-36.3125
43251,1.05633,-36.3971
43252,1.05591,-36.4309
43253,1.05646,-36.3539
43254,1.05688,-36.2891
43255,1.05724,-36.5181
43256,1.05546,-36.4791
43257,1.05643,-36.3908
43258,1.05697,-36.3988
43259,1.0566,-36.4036
43260,1.05245,-36.6192
43261,1.05347,-36.4956
43262,1.05277,-36.5872
43263,1.0536,-36.5548
43264,1.05345,-36.5898
43265,1.05259,-36.6983
43266,1.06292,-35.1038
43267,1.0635,-36.2591
43268,1.06308,-36.3282
43269,1.06166,-36.6473
43270,1.06385,-35.6321
43271,1.06488,-35.6882
43272,1.06126,-36.0334
43273,1.0623,-37.0987
43274,1.06532,-36.625
43275,1.06315,-36.5341
43276,1.06679,-36.459
43277,1.0637,-36.9886
43278,1.063,-37.0472
43279,1.05663,-37.5342
43280,1.06271,-36.2771
43281,1.04881,-37.1135
43282,1.05801,-35.9654
43283,1.07945,-23.4014
43284,1.08242,-23.3566
43285,1.07949,-22.8944
43286,1.07922,-22.6218
43287,1.07168,-23.5974
43288,1.07122,-23.8923
43289,1.07629,-22.8622
43290,1.0775,-21.8485
43291,1.0794,-22.7952
43292,1.07249,-21.4366
43293,1.06815,-23.5255
43294,1.06714,-23.1009
43295,1.07676,-23.0291
43296,1.07633,-23.7333
43297,1.0844,-31.2445
43298,1.0853,-31.6599
43299,1.08686,-31.5971
43300,1.08314,-31.7695
43301,1.08752,-31.5255
43302,1.07445,-29.7594
43303,1.07031,-29.7406
43304,1.0665,-30.2637
43305,1.06547,-30.5021
43306,1.06482,-30.5659
43307,1.07518,-20.7839
43308,1.07575,-20.7284
43309,1.08092,-19.7158
43310,1.08202,-28.2375
43311,1.08298,-28.2148
43312,1.08312,-28.0571
43313,1.08407,-27.7336
43314,1.08083,-28.6336
43315,1.08506,-28.0815
43316,1.08672,-27.5426
43317,1.07446,-29.68
43318,1.0756,-29.5445
43319,1.07671,-29.4279
43320,1.07574,-29.5505
43321,1.07495,-29.6556
43322,1.0743,-29.6924
43323,1.07141,-30.0447
43324,1.07667,-29.573
43325,1.07648,-29.5901
43326,1.07632,-29.4712
43327,1.07716,-29.38
43328,1.07777,-29.3461
43329,1.07874,-29.2266
43330,1.07828,-29.2283
43331,1.08136,-27.9541
43332,1.07771,-29.39
43333,1.07773,-29.3624
43334,1.07802,-29.493
43335,1.07451,-29.7384
43336,1.07594,-29.6588
43337,1.07319,-29.8739
43338,1.07161,-30.0308
43339,1.07396,-29.8236
43340,1.07382,-29.6703
43341,1.0745,-29.6187
43342,1.07416,-29.6285
43343,1.07394,-29.6522
43344,1.07595,-29.5087
43345,1.0767,-29.4169
43346,1.07744,-29.3211
43347,1.06916,-29.9862
43348,1.0796,-29.9028
43349,1.06761,-30.5002
43350,1.07628,-29.9191
43351,1.07634,-29.6068
43352,1.08025,-29.1288
43353,1.07918,-29.2563
43354,1.07976,-29.0903
43355,1.06418,-27.4069
43356,1.06695,-26.9027
43357,1.06647,-26.8633
43358,1.06633,-26.71
43359,1.06845,-26.7853
43360,1.06386,-25.9203
43361,1.06633,-26.2837
43362,1.08411,-30.7879
43363,1.08304,-30.8847
43364,1.08491,-30.7107
43365,1.06519,-30.7747
43366,1.08138,-30.9598
43367,1.07918,-31.5605
43368,1.0839,-30.6476
43369,1.08214,-31.1604
43370,1.07681,-30.862
43371,1.07329,-30.9688
43372,1.07436,-30.4324
43373,1.07478,-30.4008
43374,1.076,-30.4307
43375,1.07516,-29.931
43376,1.0529,-26.1706
43377,1.05661,-25.0081
43378,1.04611,-25.9334
43379,1.04348,-25.4542
43380,1.04788,-24.8352
43381,1.05248,-24.2465
43382,1.08249,-30.3606
43383,1.08105,-29.8669
43384,1.08084,-30.2989
43385,1.06956,-29.596
43386,1.08245,-30.2739
43387,1.05991,-26.4024
43388,1.0574,-25.6403
43389,1.05674,-26.7502
43390,1.06037,-25.3261
43391,1.06516,-24.1704
43392,1.06825,-22.3818
43393,1.0668,-23.3186
43394,1.06415,-23.6289
43395,1.06157,-22.7975
43396,1.06507,-22.4318
43397,1.08288,-19.8553
43398,1.07836,-20.179
43399,1.07943,-21.5154
43400,1.08377,-19.9426
43401,1.07995,-20.102
43402,1.06733,-29.2932
43403,1.07348,-29.0053
43404,1.07139,-28.8843
43405,1.07223,-28.3944
43406,1.07335,-28.1367
43407,1.07702,-27.9367
43408,1.07681,-27.7192
43409,1.07632,-27.9668
43410,1.07704,-28.058
43411,1.07761,-28.319
43412,1.07377,-27.337
43413,1.07264,-27.5298
43414,1.07659,-26.9425
43415,1.07747,-27.9085
43416,1.07703,-27.8916
43417,1.07636,-27.999
43418,1.0633,-23.6682
43419,1.06272,-23.9424
43420,1.06736,-22.2315
43421,1.05804,-23.4143
43422,1.08281,-31.2902
43423,1.07833,-31.5768
43424,1.08015,-31.673
43425,1.07799,-31.879
43426,1.07823,-26.5242
43427,1.0813,-26.6039
43428,1.07596,-26.1502
43429,1.05998,-26.7019
43430,1.06332,-26.3562
43431,1.06054,-26.3464
43432,1.0651,-25.568
43433,1.07525,-33.0446
43434,1.08649,-31.3174
43435,1.08643,-31.0214
43436,1.0854,-30.8184
43437,1.08302,-31.0872
43438,1.08134,-31.2866
43439,1.0842,-27.3414
43440,1.08292,-27.0779
43441,1.08445,-27.2487
43442,1.08334,-27.4124
43443,1.0827,-27.3027
43444,1.08282,-27.472
43445,1.08231,-27.5264
43446,1.08391,-26.9768
43447,1.08436,-28.0425
43448,1.08358,-28.8155
43449,1.08567,-28.9711
43450,1.08006,-27.804
43451,1.06592,-21.5872
43452,1.06877,-20.9415
43453,1.0702,-19.6483
43454,1.06366,-21.3654
43455,1.06501,-21.5873
43456,1.06965,-24.8409
43457,1.06856,-24.5131
43458,1.06482,-24.9715
43459,1.06531,-24.9215
43460,1.06792,-23.9096
43461,1.04991,-25.6875
43462,1.04935,-26.4873
43463,1.05674,-26.8344
43464,1.05676,-26.8365
43465,1.05732,-26.7739
43466,1.05659,-26.8201
43467,1.05724,-26.7285
43468,1.05427,-27.0543
43469,1.05676,-26.8895
43470,1.05444,-27.0916
43471,1.09969,-27.5357
43472,1.0909,-28.3644
43473,1.08747,-27.054
43474,1.08919,-26.1333
43475,1.08747,-26.889
43476,1.07999,-31.3926
43477,1.08035,-31.0601
43478,1.08344,-30.5103
43479,1.08289,-29.9734
43480,1.07903,-25.9191
43481,1.07936,-25.9747
43482,1.07948,-25.7885
43483,1.079,-25.8473
43484,1.07872,-25.8909
43485,1.07862,-25.936
43486,1.07918,-26.1692
43487,1.07906,-26.0087
43488,1.08115,-26.0692
43489,1.07498,-27.3271
43490,1.07505,-27.5542
43491,1.06291,-25.8178
43492,1.05613,-27.1916
43493,1.06047,-27.2283
43494,1.06052,-27.4574
43495,1.05794,-26.9837
43496,1.08453,-32.0199
43497,1.0844,-32.0344
43498,1.08325,-32.3194
43499,1.08341,-32.2174
43500,1.08335,-32.2059
43501,1.08344,-32.1844
43502,1.08386,-32.1398
43503,1.08345,-32.2078
43504,1.08323,-32.1859
43505,1.0835,-32.1856
43506,1.08301,-32.2374
43507,1.0831,-32.2321
43508,1.08316,-32.2206
43509,1.08401,-32.1173
43510,1.08341,-32.387
43511,1.08361,-32.3067
43512,1.08318,-32.2367
43513,1.08345,-32.4763
43514,1.08242,-32.4759
43515,1.07833,-32.6114
43516,1.0823,-32.3049
43517,1.07944,-32.2814
43518,1.07823,-31.7635
43519,1.07955,-32.0778
43520,1.07845,-32.1534
43521,1.08448,-31.4826
43522,1.0489,-29.4447
43523,1.05342,-28.7455
43524,1.05618,-28.438
43525,1.05627,-28.2421
43526,1.0822,-31.6828
43527,1.08129,-31.3503
43528,1.08173,-30.9809
43529,1.08209,-30.9673
43530,1.0802,-31.0236
43531,1.08494,-31.5378
43532,1.07971,-31.8785
43533,1.0785,-30.6549
43534,1.08003,-29.6442
43535,1.08132,-30.4214
43536,1.08221,-30.8127
43537,1.07993,-30.9127
43538,1.07757,-29.2479
43539,1.07648,-28.9273
43540,1.07421,-28.7004
43541,1.08318,-22.3532
43542,1.07395,-21.6074
43543,1.07457,-22.1078
43544,1.06557,-25.4447
43545,1.06595,-25.0865
43546,1.06599,-24.8868
43547,1.06645,-24.5816
43548,1.07649,-29.2387
43549,1.06883,-29.6408
43550,1.07107,-29.391
43551,1.07251,-29.0321
43552,1.06797,-23.0522
43553,1.07433,-21.3897
43554,1.06193,-23.5347
43555,1.05963,-29.5788
43556,1.06541,-28.4754
43557,1.05728,-29.8924
43558,1.05513,-30.1312
43559,1.06329,-28.1166
43560,1.07464,-27.4296
43561,1.07286,-26.9402
43562,1.06613,-28.3484
43563,1.06307,-28.9235
43564,1.07084,-29.1
43565,1.06875,-29.0935
43566,1.06417,-29.3012
43567,1.06402,-28.8244
43568,1.07337,-28.0021
43569,1.07275,-28.6401
43570,1.07987,-17.3469
43571,1.07939,-17.104
43572,1.07826,-16.9432
43573,1.07811,-16.6869
43574,1.0763,-16.9911
43575,1.08013,-28.1555
43576,1.07162,-28.4926
43577,1.07286,-28.3803
43578,1.07572,-27.9788
43579,1.07681,-27.3861
43580,1.08624,-31.4399
43581,1.08189,-31.3054
43582,1.07532,-30.5905
43583,1.07516,-32.6961
43584,1.06544,-32.6789
43585,1.06904,-32.4282
43586,1.06833,-32.3375
43587,1.05283,-23.5479
43588,1.05062,-23.8748
43589,1.05091,-23.4983
43590,1.04762,-32.1242
43591,1.06692,-30.4283
43592,1.08143,-30.1742
43593,1.07341,-30.5172
43594,1.08412,-29.5423
43595,1.08174,-30.0926
43596,1.07967,-30.2539
43597,1.08249,-30.2488
43598,1.08556,-29.1506
43599,1.08393,-29.4396
43600,1.08503,-26.8319
43601,1.07985,-26.097
43602,1.08302,-25.951
43603,1.08413,-26.0109
43604,1.08333,-26.0097
43605,1.08309,-25.9958
43606,1.08049,-25.2527
43607,1.08169,-25.6557
43608,1.08036,-27.4293
43609,1.09336,-27.608
43610,1.09756,-27.2835
43611,1.09682,-27.3532
43612,1.09663,-27.3909
43613,1.05482,-31.2449
43614,1.05567,-31.1637
43615,1.05215,-31.5715
43616,1.05361,-31.3985
43617,1.05186,-31.5764
43618,1.05481,-31.2515
43619,1.05549,-31.1993
43620,1.05562,-31.1657
43621,1.05729,-31.0112
43622,1.0581,-30.9728
43623,1.05827,-30.955
43624,1.05739,-31.0021
43625,1.05627,-31.1024
43626,1.05845,-30.9048
43627,1.05754,-30.7447
43628,1.05795,-30.8719
43629,1.05584,-31.1442
43630,1.0562,-31.1088
43631,1.04796,-32.0584
43632,1.05993,-31.0108
43633,1.0557,-31.4358
43634,1.05241,-31.6103
43635,1.06357,-30.8692
43636,1.05838,-30.1091
43637,1.08118,-29.6848
43638,1.07996,-29.5776
43639,1.0738,-29.6251
43640,1.08417,-29.3613
43641,1.08053,-29.7182
43642,1.0914,-28.1317
43643,1.08633,-29.2232
43644,1.08847,-28.7391
43645,1.09116,-28.4199
43646,1.05236,-30.3233
43647,1.05795,-28.6442
43648,1.05272,-29.8275
43649,1.05431,-28.9004
43650,1.05466,-28.8925
43651,1.05509,-28.7167
43652,1.08777,-27.23
43653,1.08568,-27.3604
43654,1.08236,-27.301
43655,1.09252,-27.1911
43656,1.09333,-26.9526
43657,1.09019,-26.7517
43658,1.08913,-26.507
43659,1.08717,-26.6141
43660,1.08885,-26.4269
43661,1.08864,-26.3942
43662,1.08521,-27.335
43663,1.07673,-29.148
43664,1.07611,-29.0928
43665,1.0749,-29.2505
43666,1.07627,-29.0245
43667,1.07471,-29.2244
43668,1.07696,-29.0152
43669,1.0762,-29.1359
43670,1.07624,-29.1674
43671,1.07633,-29.1403
43672,1.07744,-28.9115
43673,1.07748,-29.0109
43674,1.07656,-29.1285
43675,1.07604,-29.1443
43676,1.07434,-29.3456
43677,1.0742,-29.367
43678,1.07478,-29.3278
43679,1.07537,-29.2749
43680,1.07411,-29.4482
43681,1.07436,-29.3678
43682,1.07411,-29.44
43683,1.07531,-29.2465
43684,1.07575,-29.2183
43685,1.0758,-29.303
43686,1.07476,-29.4174
43687,1.07392,-29.4772
43688,1.07475,-29.3549
43689,1.07356,-29.5134
43690,1.07331,-29.5914
43691,1.07413,-29.4897
43692,1.075,-29.4348
43693,1.07351,-29.5785
43694,1.07342,-29.603
43695,1.07302,-29.587
43696,1.07511,-29.4237
43697,1.07301,-29.6276
43698,1.07492,-29.4705
43699,1.0703,-30.1167
43700,1.08322,-28.9315
43701,1.08246,-28.2701
43702,1.08333,-28.3832
43703,1.07422,-29.483
43704,1.0757,-29.2805
43705,1.0808,-28.1373
43706,1.06978,-30.0761
43707,1.07428,-29.2855
43708,1.08378,-26.6635
43709,1.08588,-27.3975
43710,1.08401,-26.329
43711,1.08943,-27.4918
43712,1.08465,-27.1976
43713,1.0857,-27.4251
43714,1.08452,-27.8099
43715,1.0803,-23.545
43716,1.07988,-23.1492
43717,1.07129,-24.0576
43718,1.04673,-27.904
43719,1.04584,-27.9606
43720,1.04328,-28.1693
43721,1.09153,-28.1494
43722,1.09194,-27.4899
43723,1.08163,-28.5177
43724,1.07961,-29.0248
43725,1.08004,-28.9246
43726,1.07923,-29.0677
43727,1.08012,-28.8727
43728,1.08808,-25.9497
43729,1.09102,-26.7695
43730,1.09089,-26.7271
43731,1.07261,-27.9511
43732,1.07546,-27.9493
43733,1.07391,-27.9855
43734,1.07087,-28.1181
43735,1.07937,-28.0792
43736,1.08152,-27.69
43737,1.08259,-26.8435
43738,1.08106,-26.7749
43739,1.08331,-27.1051
43740,1.08302,-27.4731
43741,1.08346,-27.3104
43742,1.08332,-27.3053
43743,1.08223,-27.4777
43744,1.08303,-27.4437
43745,1.08294,-27.3417
43746,1.1,-24.0947
43747,1.07468,-20.076
43748,1.07082,-18.5415
43749,1.07101,-19.4556
43750,1.07135,-19.4262
43751,1.07265,-30.253
43752,1.07073,-30.3108
43753,1.07267,-30.3176
43754,1.07288,-18.4697
43755,1.07292,-16.6205
43756,1.07481,-17.0237
43757,1.07677,-17.6738
43758,1.09248,-27.6206
43759,1.08659,-28.0897
43760,1.09479,-27.3266
43761,1.09166,-25.8055
43762,1.09109,-26.3437
43763,1.09104,-26.1484
43764,1.09176,-26.9265
43765,1.07607,-27.2487
43766,1.07578,-26.6524
43767,1.06587,-28.6094
43768,1.07997,-26.9587
43769,1.07442,-27.2231
43770,1.07276,-27.3306
43771,1.07255,-27.383
43772,1.07362,-27.2636
43773,1.0733,-27.2993
43774,1.07665,-26.9586
43775,1.0691,-25.0646
43776,1.07793,-23.8193
43777,1.0835,-23.08
43778,1.06567,-23.9101
43779,1.06039,-25.0722
43780,1.08002,-24.9795
43781,1.09207,-27.4386
43782,1.09189,-24.4469
43783,1.09009,-24.3554
43784,1.09179,-27.555
43785,1.09194,-27.7101
43786,1.09219,-27.8873
43787,1.05435,-27.5285
43788,1.05595,-27.3971
43789,1.05439,-27.9177
43790,1.05767,-27.2207
43791,1.08572,-20.1183
43792,1.08684,-19.5545
43793,1.07592,-22.3176
43794,1.08182,-21.0301
43795,1.07383,-21.6248
43796,1.07271,-21.3825
43797,1.05556,-27.2897
43798,1.05297,-27.25
43799,1.0575,-26.2109
43800,1.07952,-24.4774
43801,1.07962,-24.465
43802,1.08075,-24.2782
43803,1.07915,-24.4999
43804,1.08238,-24.0373
43805,1.0802,-24.4456
43806,1.07601,-24.8786
43807,1.07634,-24.8472
43808,1.07585,-24.9195
43809,1.0732,-25.1642
43810,1.07596,-24.98
43811,1.07218,-25.3673
43812,1.07429,-25.1422
43813,1.07197,-25.4261
43814,1.07103,-25.4991
43815,1.0698,-25.6205
43816,1.06875,-25.7085
43817,1.06866,-25.6593
43818,1.06892,-25.5894
43819,1.07095,-25.3607
43820,1.07161,-25.2874
43821,1.07557,-24.9094
43822,1.07632,-24.8234
43823,1.07976,-24.4607
43824,1.08001,-24.4235
43825,1.07916,-24.5208
43826,1.06965,-25.4746
43827,1.06884,-25.5433
43828,1.06794,-25.6639
43829,1.06739,-25.7025
43830,1.06849,-25.6834
43831,1.06842,-25.7027
43832,1.06833,-25.7134
43833,1.06614,-25.8209
43834,1.08216,-23.8908
43835,1.08337,-23.4637
43836,1.0646,-25.971
43837,1.06382,-26.1206
43838,1.07175,-25.1301
43839,1.0773,-24.7007
43840,1.07445,-24.8254
43841,1.0781,-24.3795
43842,1.07246,-25.0368
43843,1.07104,-25.1921
43844,1.07122,-25.1575
43845,1.07079,-25.2072
43846,1.06972,-25.4389
43847,1.07102,-25.213
43848,1.07489,-24.962
43849,1.0734,-25.1081
43850,1.07232,-25.2212
43851,1.06935,-25.4502
43852,1.07767,-24.6599
43853,1.08272,-23.8566
43854,1.07775,-25.4603
43855,1.07137,-25.5703
43856,1.06675,-26.1631
43857,1.06671,-26.1378
43858,1.06825,-25.9856
43859,1.06804,-26.0305
43860,1.07023,-25.8611
43861,1.07187,-25.73
43862,1.07375,-25.5298
43863,1.07142,-25.482
43864,1.07011,-25.6035
43865,1.07229,-25.4091
43866,1.07191,-25.4408
43867,1.06973,-25.635
43868,1.07131,-25.4896
43869,1.0714,-25.5823
43870,1.07796,-24.7166
43871,1.07915,-24.7495
43872,1.07482,-25.1463
43873,1.07647,-25.0294
43874,1.07874,-24.6776
43875,1.07802,-24.8264
43876,1.08111,-24.1047
43877,1.08342,-24.0853
43878,1.06337,-26.2775
43879,1.06345,-26.2443
43880,1.0636,-26.2306
43881,1.05801,-26.6682
43882,1.05897,-26.5858
43883,1.05803,-26.6067
43884,1.06412,-26.2109
43885,1.06387,-26.2193
43886,1.06359,-26.2354
43887,1.06395,-26.1997
43888,1.06807,-25.807
43889,1.06654,-25.9651
43890,1.06789,-25.8698
43891,1.06719,-25.8966
43892,1.07075,-25.1102
43893,1.07495,-25.2477
43894,1.06188,-26.6234
43895,1.06318,-26.1754
43896,1.07284,-25.3687
43897,1.07568,-25.0892
43898,1.06913,-15.8146
43899,1.0771,-16.001
43900,1.07005,-17.3817
43901,1.0806,-19.7989
43902,1.07498,-17.6841
43903,1.07197,-17.2026
43904,1.07551,-19.9336
43905,1.07498,-19.6098
43906,1.07618,-15.8254
43907,1.07297,-15.7993
43908,1.07201,-15.8339
43909,1.07119,-15.7417
43910,1.0714,-15.7192
43911,1.07182,-15.8503
43912,1.07175,-15.7944
43913,1.07215,-15.8021
43914,1.0719,-15.7769
43915,1.0733,-15.7692
43916,1.07195,-15.6437
43917,1.07555,-15.6677
43918,1.07565,-15.6571
43919,1.07571,-15.7569
43920,1.07577,-15.7341
43921,1.0723,-15.5486
43922,1.07379,-15.564
43923,1.07611,-16.5347
43924,1.07685,-15.8715
43925,1.0752,-16.6231
43926,1.07554,-15.8868
43927,1.0772,-16.3085
43928,1.07449,-30.9529
43929,1.0866,-30.6002
43930,1.08953,-30.3131
43931,1.08795,-30.0811
43932,1.08161,-30.8412
43933,1.07759,-27.1391
43934,1.07975,-26.9119
43935,1.05697,-24.4439
43936,1.06208,-23.5373
43937,1.06357,-23.9336
43938,1.06045,-24.7156
43939,1.07876,-27.1362
43940,1.07806,-27.2356
43941,1.05568,-29.2073
43942,1.05799,-28.9994
43943,1.07341,-28.3014
43944,1.07034,-28.2146
43945,1.07268,-27.9432
43946,1.07244,-27.9567
43947,1.07229,-27.9798
43948,1.07261,-27.9573
43949,1.07228,-27.9869
43950,1.06956,-28.2219
43951,1.07356,-27.8685
43952,1.07248,-27.9706
43953,1.07249,-27.9706
43954,1.07234,-27.9645
43955,1.07221,-27.9664
43956,1.07222,-28.0048
43957,1.07211,-28.0178
43958,1.0728,-27.9554
43959,1.0737,-27.812
43960,1.07466,-27.6506
43961,1.07445,-27.7348
43962,1.06937,-28.264
43963,1.06922,-28.277
43964,1.06814,-28.3243
43965,1.07418,-27.7545
43966,1.07381,-27.8121
43967,1.07309,-28.007
43968,1.07335,-27.8628
43969,1.07248,-28.019
43970,1.07262,-28.0044
43971,1.07265,-27.9757
43972,1.0726,-27.9329
43973,1.07217,-27.9443
43974,1.07254,-27.9049
43975,1.0721,-27.9608
43976,1.07388,-27.758
43977,1.07397,-27.7501
43978,1.07442,-27.681
43979,1.07453,-27.6452
43980,1.07391,-27.7411
43981,1.07376,-27.7529
43982,1.07602,-27.4198
43983,1.07377,-27.751
43984,1.0744,-27.6547
43985,1.07475,-27.647
43986,1.05554,-22.4971
43987,1.05344,-22.6253
43988,1.05568,-22.4022
43989,1.05457,-22.5751
43990,1.08894,-22.117
43991,1.08227,-22.2629
43992,1.06796,-23.3265
43993,1.06743,-23.567
43994,1.08069,-21.7211
43995,1.08645,-21.027
43996,1.07904,-22.3038
43997,1.07212,-27.107
43998,1.07299,-26.7563
43999,1.07271,-26.7813
44000,1.07297,-26.7098
44001,1.07306,-26.6694
44002,1.07174,-26.8806
44003,1.07258,-26.6943
44004,1.0728,-26.6754
44005,1.07388,-26.6372
44006,1.07312,-26.6838
44007,1.07273,-26.7021
44008,1.07272,-26.7033
44009,1.07206,-26.8444
44010,1.07087,-26.9349
44011,1.0811,-25.2027
44012,1.07929,-25.7055
44013,1.08227,-25.2065
44014,1.07856,-25.9846
44015,1.07942,-26.496
44016,1.06716,-27.7623
44017,1.08568,-27.8381
44018,1.07934,-28.7849
44019,1.08123,-28.1221
44020,1.08472,-27.5553
44021,1.08682,-27.2602
44022,1.0878,-27.1821
44023,1.0753,-26.5217
44024,1.08428,-27.2243
44025,1.09567,-27.6462
44026,1.07505,-25.0433
44027,1.07725,-23.9735
44028,1.07962,-24.5294
44029,1.07451,-24.3463
44030,1.09796,-27.3807
44031,1.0976,-27.6432
44032,1.09489,-27.8456
44033,1.09431,-27.9374
44034,1.09587,-27.8246
44035,1.09615,-27.7397
44036,1.09684,-27.6761
44037,1.09396,-27.9712
44038,1.09157,-28.2064
44039,1.09341,-28.0186
44040,1.09648,-27.7106
44041,1.09551,-27.7841
44042,1.09801,-27.3296
44043,1.07085,-25.2309
44044,1.06822,-25.7454
44045,1.0669,-25.8563
44046,1.07511,-25.4479
44047,1.07361,-26.3597
44048,1.05413,-27.7399
44049,1.05438,-27.718
44050,1.05411,-27.7487
44051,1.05313,-27.826
44052,1.05356,-27.7733
44053,1.06062,-28.0868
44054,1.04796,-28.2037
44055,1.0673,-30.4654
44056,1.08952,-28.0631
44057,1.08319,-28.7997
44058,1.08234,-28.8939
44059,1.08075,-29.0381
44060,1.09113,-27.5111
44061,1.08929,-27.4842
44062,1.0834,-28.0431
44063,1.05351,-28.7762
44064,1.05478,-28.574
44065,1.05654,-28.1838
44066,1.05472,-28.5205
44067,1.05178,-28.9751
44068,1.05409,-28.5241
44069,1.05462,-28.5503
44070,1.05194,-28.5722
44071,1.0506,-29.3844
44072,1.06047,-27.6918
44073,1.05616,-27.739
44074,1.05976,-27.2438
44075,1.07169,-28.9288
44076,1.0674,-28.9621
44077,1.06774,-28.5836
44078,1.088,-31.5334
44079,1.08623,-31.7669
44080,1.08583,-31.7569
44081,1.08734,-31.5819
44082,1.08698,-31.4752
44083,1.06741,-19.7549
44084,1.06598,-20.0236
44085,1.06544,-20.1309
44086,1.06497,-20.172
44098,1.06574,-19.6985
44099,1.06508,-19.3992
44100,1.06562,-19.5803
44101,1.06542,-19.3705
44102,1.06575,-19.2978
44103,1.05875,-21.0814
44104,1.06593,-20.9225
44105,1.06419,-20.1919
44106,1.06227,-19.0058
44107,1.068,-18.256
44108,1.06365,-30.6405
44109,1.07259,-29.253
44110,1.07262,-29.5156
44111,1.05406,-29.05
44112,1.05427,-32.094
44113,1.05213,-29.6384
44114,1.0704,-28.6624
44115,1.05645,-31.8984
44116,1.06868,-25.6014
44117,1.06927,-22.4927
44118,1.06748,-28.1723
44119,1.05987,-33.8565
44120,1.06418,-31.6766
44121,1.06536,-29.5787
44122,1.05393,-35.8661
44123,1.05321,-36.4081
44124,1.04913,-36.5787
44125,1.0377,-37.4524
44126,1.04475,-37.0447
44127,1.04742,-36.5223
44128,1.04582,-36.8051
44129,1.04256,-36.7482
44130,1.02735,-38.0493
44131,1.03716,-37.4148
44132,1.02856,-37.9897
44133,1.03278,-37.7906
44134,1.02858,-37.96
44135,1.03077,-37.7597
44136,1.03112,-37.729
44137,1.02893,-37.9208
44138,1.02742,-38.0503
44139,1.02746,-38.0618
44140,1.0375,-37.0738
44141,1.03739,-37.0992
44142,1.03258,-37.5812
44143,1.03277,-37.547
44144,1.0342,-37.4083
44145,1.03764,-37.0891
44146,1.03266,-36.9989
44147,1.04182,-36.2782
44148,1.03897,-36.5743
44149,1.03176,-37.0797
44150,1.03765,-37.4929
44151,1.03349,-37.7197
44152,1.02511,-38.9779
44153,1.03716,-36.6154
44154,1.02904,-37.8677
44155,1.02937,-37.8499
44156,1.02914,-37.8628
44157,1.02908,-37.8523
44158,1.02912,-37.8681
44159,1.02763,-37.9729
44160,1.02878,-37.8255
44161,1.02653,-37.8852
44162,1.028,-37.9158
44163,1.02714,-37.994
44164,1.02895,-37.8372
44165,1.02981,-37.7339
44166,1.02682,-37.9849
44167,1.02729,-37.9674
44168,1.02653,-37.9017
44169,1.02712,-38.0587
44170,1.02607,-37.9174
44171,1.02669,-37.8665
44172,1.02657,-38.0349
44173,1.02725,-38.031
44174,1.0257,-37.9575
44175,1.02618,-37.9719
44176,1.02574,-38.001
44177,1.02632,-37.9203
44178,1.02553,-38.0076
44179,1.02302,-38.3928
44180,1.02328,-38.3679
44181,1.0288,-37.4889
44182,1.03078,-37.433
44183,1.02901,-37.507
44184,1.02898,-37.6264
44185,1.0277,-37.7214
44186,1.02728,-37.8105
44187,1.02829,-37.5334
44188,1.02778,-37.601
44189,1.02332,-38.2851
44190,1.02367,-38.2828
44191,1.02561,-38.1314
44192,1.02325,-38.4362
44193,1.0228,-38.3777
44194,1.02272,-38.5639
44195,1.0231,-38.5604
44196,1.02418,-38.4901
44197,1.02288,-38.6627
44198,1.02221,-38.7681
44199,1.02263,-38.7223
44200,1.02252,-38.7339
44201,1.02934,-38.0856
44202,1.02994,-38.0927
44203,1.03065,-38.0754
44204,1.0478,-36.6012
44205,1.04619,-29.748
44206,1.0733,-25.4533
44207,1.07277,-26.8572
44208,1.07046,-27.2072
44209,1.07536,-26.6186
44210,1.07644,-26.4375
44211,1.07618,-26.4979
44212,1.06847,-27.7
44213,1.06794,-28.5609
44214,1.06337,-27.1095
44215,1.05282,-15.8151
44216,1.06173,-18.4469
44217,1.06117,-18.908
44218,1.07782,-22.2296
44219,1.08043,-21.8006
44220,1.05977,-17.3781
44221,1.05707,-17.6535
44222,1.0606,-17.291
44223,1.08164,-21.6998
44224,1.06447,-19.1025
44225,1.03058,-37.704
44226,1.02605,-38.1112
44227,1.0285,-37.8692
44228,1.02472,-38.4405
44229,1.02659,-38.4265
44230,1.0269,-38.3475
44231,1.02769,-38.3348
44232,1.02993,-38.167
44233,1.03386,-37.8011
44234,1.07235,-33.5893
44235,1.0743,-33.5483
44236,1.06982,-33.0649
44237,1.05759,-33.7694
44238,1.06614,-32.774
44239,1.06627,-32.6736
44240,1.06468,-32.8349
44241,1.06474,-32.8633
44242,1.06208,-33.1448
44243,1.06247,-33.078
44244,1.0562,-34.0909
44245,1.0303,-36.1695
44246,1.03246,-35.672
44247,1.06176,-33.1436
44248,1.06134,-33.1908
44249,1.06447,-32.8503
44250,1.06757,-32.0986
44251,1.0428,-34.2626
44252,1.06188,-33.1273
44253,1.03114,-39.5127
44254,1.02707,-39.3245
44255,1.02824,-39.4695
44256,1.03023,-39.5003
44257,1.07654,-32.3351
44258,1.0738,-33.451
44259,1.05556,-29.6578
44260,1.05733,-33.7314
44261,1.03546,-28.991
44262,1.03467,-29.474
44263,1.03488,-28.7851
44264,1.03849,-30.2292
44265,1.04083,-30.7526
44266,1.04222,-31.9028
44267,1.03792,-28.2008
44268,1.01815,-39.9763
44269,1.01323,-40.5716
44270,1.01875,-40.0524
44271,1.02064,-39.951
44272,1.02419,-39.9802
44273,1.0249,-39.9074
44274,1.02589,-39.2918
44275,1.02609,-39.2712
44276,1.02634,-39.2156
44277,1.02694,-39.1083
44278,1.02673,-39.13
44279,1.02627,-39.3013
44280,1.02956,-38.87
44281,1.02611,-39.7631
44282,1.02736,-39.4419
44283,1.02374,-40.2575
44284,1.01363,-41.0586
44285,1.00769,-41.3649
44286,1.00839,-41.39
44287,1.0766,-22.4362
44288,1.06585,-23.4151
44289,1.06151,-20.1105
44290,1.05884,-21.6543
44291,1.05837,-22.5135
44292,1.05922,-22.8144
44293,1.05559,-23.1716
44294,1.06734,-28.2594
44295,1.06757,-30.9655
44296,1.06981,-29.8436
44297,1.05875,-30.8534
44298,1.05697,-31.7006
44299,1.0688,-29.7219
44300,1.0714,-29.3972
44301,1.04887,-36.7947
44302,1.03126,-38.8608
44303,1.02971,-38.8044
44304,1.03243,-38.4936
44305,1.04481,-37.2855
44306,1.03616,-38.1199
44307,1.03732,-38.406
44308,1.03769,-38.1479
44309,1.03871,-38.555
44310,1.04277,-38.5846
44311,1.09312,-32.7882
44312,1.09189,-32.9729
44313,1.09219,-32.9477
44314,1.09176,-32.9875
44315,1.1,-33.2272
44316,1.09763,-33.1171
44317,1.08089,-31.8115
44318,1.09935,-33.1674
44319,1.08989,-32.7038
44320,1.08449,-31.4894
44321,1.08249,-31.7161
44322,1.07021,-29.5031
44323,1.07631,-30.5025
44324,1.03745,-15.6216
44325,1.04393,-14.5402
44326,1.03078,-17.6212
44327,1.07551,-22.6476
44328,1.07387,-22.651
44329,1.06183,-28.3639
44330,1.06139,-27.5835
44331,1.06247,-27.547
44332,1.0643,-27.6753
44333,1.06943,-25.9926
44334,1.07184,-27.0308
44335,1.06665,-30.1582
44336,1.06539,-30.5112
44337,1.06272,-30.7747
44338,1.06937,-27.9447
44339,1.06903,-28.9644
44340,1.06824,-30.4686
44341,1.06462,-31.4314
44342,1.06909,-30.3104
44343,1.0681,-30.8725
44344,1.06763,-30.9173
44345,1.06898,-30.8142
44346,1.06965,-31.1185
44347,1.05661,-33.0854
44348,1.07047,-28.2445
44349,1.03018,-38.805
44350,1.03193,-38.6778
44351,1.03274,-38.5986
44352,1.03285,-38.5769
44353,1.03208,-38.6798
44354,1.02921,-38.9557
44355,1.02934,-38.9431
44356,1.02981,-38.76
44357,1.02998,-38.7491
44358,1.02996,-38.7332
44359,1.03027,-38.6825
44360,1.03167,-38.4946
44361,1.0325,-38.3734
44362,1.03355,-38.3984
44363,1.03233,-38.5123
44364,1.03215,-38.4119
44365,1.0378,-37.8877
44366,1.03389,-38.2592
44367,1.03296,-38.5927
44368,1.03193,-38.6817
44369,1.03197,-38.6325
44370,1.03353,-38.5143
44371,1.02906,-39.154
44372,1.03428,-38.4983
44373,1.03467,-38.5099
44374,1.03501,-38.4883
44375,1.03563,-38.4178
44376,1.03487,-38.4023
44377,1.0327,-38.3752
44378,1.03626,-38.3237
44379,1.03443,-38.4643
44380,1.03223,-38.6312
44381,1.03517,-38.3258
44382,1.03539,-38.2237
44383,1.03473,-38.3694
44384,1.03524,-38.2475
44385,1.03525,-38.2177
44386,1.03561,-38.1769
44387,1.03612,-38.344
44388,1.03603,-38.3541
44389,1.03657,-38.2996
44390,1.03572,-38.4363
44391,1.03558,-38.4513
44392,1.03312,-38.5668
44393,1.03232,-38.7519
44394,1.03105,-38.8802
44395,1.03771,-38.1879
44396,1.03844,-38.1201
44397,1.03394,-38.507
44398,1.03013,-38.9883
44399,1.03863,-38.0976
44400,1.03928,-38.0663
44401,1.03529,-38.3821
44402,1.03573,-38.3558
44403,1.03605,-38.3511
44404,1.02867,-39.156
44405,1.02918,-39.1037
44406,1.02104,-39.7677
44407,1.0261,-39.3598
44408,1.02663,-39.2999
44409,1.02462,-39.4377
44410,1.02404,-39.5623
44411,1.02226,-39.5452
44412,1.02094,-39.6884
44413,1.02352,-39.6125
44414,1.02663,-39.1999
44415,1.02264,-39.6095
44416,1.03644,-38.2979
44417,1.02624,-39.2363
44418,1.02596,-39.2681
44419,1.03431,-38.2209
44420,1.02916,-38.6852
44421,1.02159,-39.7119
44422,1.02555,-39.1883
44423,1.01843,-39.978
44424,1.0156,-40.2317
44425,1.01462,-40.3302
44426,1.02055,-39.7599
44427,1.01712,-40.093
44428,1.04443,-36.4003
44429,1.04555,-36.3878
44430,1.03545,-37.7135
44431,1.03312,-38.1271
44432,1.03322,-38.1167
44433,1.03716,-37.4593
44434,1.0394,-37.125
44435,1.04812,-36.3716
44436,1.04874,-36.1994
44437,1.04898,-36.1761
44438,1.0486,-36.2273
44439,1.04968,-36.1295
44440,1.0504,-35.8625
44441,1.0493,-35.7801
44442,1.01217,-40.5179
44443,1.00827,-40.7487
44444,1.03827,-35.8868
44445,1.03576,-35.4811
44446,1.02283,-37.3492
44447,1.04766,-33.8901
44448,1.03881,-35.4316
44449,1.08515,-28.3192
44450,1.09012,-29.4485
44451,1.07797,-30.7014
44452,1.08247,-29.8791
44453,1.0872,-29.3854
44454,1.08767,-28.9816
44455,1.08408,-29.668
44456,1.08054,-29.8992
44457,1.08617,-28.7266
44458,1.06752,-31.5951
44459,1.0653,-31.3903
44460,1.05527,-31.3955
44461,1.05452,-31.5011
44462,1.0643,-30.4425
44463,1.06399,-31.7861
44464,1.08182,-31.9517
44465,1.07705,-31.5099
44466,1.07328,-30.9811
44467,1.0812,-31.6045
44468,1.08093,-31.3522
44469,1.08041,-32.3264
44470,1.05288,-33.3343
44471,1.0582,-32.6131
44472,1.06329,-30.9927
44473,1.06345,-31.712
44474,1.06299,-31.7722
44475,1.06573,-31.3224
44476,1.06379,-31.5933
44477,1.06331,-31.6332
44478,1.06351,-31.618
44479,1.05332,-32.3688
44480,1.05291,-35.028
44481,1.05339,-34.8481
44482,1.0508,-35.1816
44483,1.0533,-34.9879
44484,1.04786,-35.4649
44485,1.04399,-36.2023
44486,1.04698,-35.9164
44487,1.01012,-38.4506
44488,1.04101,-36.107
44489,1.04337,-36.16
44490,1.06664,-27.1175
44491,1.06885,-28.6351
44492,1.02857,-37.9376
44493,1.02856,-38.0188
44494,1.02956,-37.8955
44495,1.03264,-37.936
44496,1.03162,-38.0705
44497,1.03257,-37.9912
44498,1.02792,-38.7672
44499,1.02617,-39.0053
44500,1.02453,-39.2409
44501,1.02644,-39.014
44502,1.02686,-39.031
44503,1.02693,-39.024
44504,1.0254,-39.2336
44505,1.02457,-39.3321
44506,1.02441,-39.3465
44507,1.02695,-39.1287
44508,1.02847,-38.9735
44509,1.02714,-39.0906
44510,1.02846,-38.9682
44511,1.02863,-38.9533
44512,1.02867,-38.9443
44513,1.02955,-38.772
44514,1.0277,-39.0877
44515,1.02924,-38.8867
44516,1.02929,-38.9214
44517,1.02924,-38.8826
44518,1.02913,-38.9092
44519,1.0303,-38.7789
44520,1.03194,-38.6356
44521,1.03249,-38.573
44522,1.03167,-38.6727
44523,1.03131,-38.7068
44524,1.02883,-38.9374
44525,1.0332,-38.4899
44526,1.03185,-38.6798
44527,1.03166,-38.6958
44528,1.0318,-38.0543
44529,1.03305,-37.9651
44530,1.03009,-37.5455
44531,1.03176,-36.6898
44532,1.03007,-37.5624
44533,1.03146,-37.3188
44534,1.02987,-37.6018
44535,1.02824,-37.8661
44536,1.02751,-38.0055
44537,1.02679,-38.0496
44538,1.02982,-37.9238
44539,1.03045,-37.7189
44540,1.02942,-37.9655
44541,1.03039,-38.2252
44542,1.03015,-37.9208
44543,1.03012,-38.2996
44544,1.03132,-38.1635
44545,1.03006,-37.9314
44546,1.03032,-37.9355
44547,1.03026,-37.9534
44548,1.02939,-38.5418
44549,1.02831,-38.0569
44550,1.02845,-38.045
44551,1.0297,-38.1703
44552,1.03023,-38.208
44553,1.02585,-38.7769
44554,1.02545,-38.9049
44555,1.03072,-38.3666
44556,1.02951,-38.5545
44557,1.02895,-38.6905
44558,1.03059,-38.3874
44559,1.0276,-38.8485
44560,1.0304,-38.5449
44561,1.02956,-38.641
44562,1.02769,-38.8544
44563,1.02574,-39.1478
44564,1.0264,-39.0737
44565,1.02911,-38.8039
44566,1.02886,-38.847
44567,1.03047,-38.5643
44568,1.03034,-38.5772
44569,1.02939,-38.819
44570,1.03072,-38.5772
44571,1.02851,-38.8882
44572,1.03097,-38.5684
44573,1.02474,-39.2616
44574,1.02439,-39.3125
44575,1.02388,-39.375
44576,1.02794,-38.9625
44577,1.0276,-39.0035
44578,1.02948,-38.8442
44579,1.02787,-38.9975
44580,1.02917,-38.885
44581,1.02919,-38.8832
44582,1.02899,-38.9082
44583,1.03284,-38.5523
44584,1.02913,-38.8903
44585,1.02997,-38.8079
44586,1.0288,-38.9324
44587,1.02941,-38.8624
44588,1.02916,-38.8885
44589,1.02936,-38.8814
44590,1.03006,-38.8146
44591,1.03101,-38.7324
44592,1.03439,-38.3694
44593,1.03522,-38.2747
44594,1.03612,-38.1781
44595,1.03516,-38.2949
44596,1.03669,-38.1367
44597,1.03776,-38.0355
44598,1.035,-38.3094
44599,1.03591,-38.2187
44600,1.03685,-38.1209
44601,1.03597,-38.2083
44602,1.03669,-38.1462
44603,1.03731,-38.0942
44604,1.03936,-37.9538
44605,1.03873,-38.001
44606,1.03832,-37.9566
44607,1.03809,-38.0276
44608,1.03515,-38.3374
44609,1.03312,-38.5282
44610,1.03157,-38.6428
44611,1.03163,-38.7084
44612,1.03329,-38.4281
44613,1.03678,-38.162
44614,1.0357,-38.2533
44615,1.0324,-38.7268
44616,1.03243,-38.7575
44617,1.03155,-38.6438
44618,1.02986,-38.7965
44619,1.03145,-38.584
44620,1.03432,-38.105
44621,1.02385,-39.4262
44622,1.02393,-39.4177
44623,1.03338,-38.4972
44624,1.02443,-39.36
44625,1.02578,-39.2605
44626,1.02713,-39.144
44627,1.0301,-38.8616
44628,1.03306,-38.562
44629,1.02973,-38.8557
44630,1.02953,-38.8788
44631,1.02694,-39.1608
44632,1.03004,-38.8249
44633,1.0235,-39.4367
44634,1.02395,-39.3954
44635,1.02557,-39.2734
44636,1.02186,-39.5509
44637,1.02118,-39.6157
44638,1.02105,-39.6513
44639,1.0212,-39.6424
44640,1.02366,-39.3968
44641,1.02153,-39.6117
44642,1.02238,-39.4808
44643,1.0213,-39.5982
44644,1.02607,-39.0526
44645,1.02598,-39.0853
44646,1.02447,-39.2486
44647,1.03126,-38.1596
44648,1.02751,-38.9106
44649,1.02892,-38.1427
44650,1.02844,-38.1951
44651,1.02897,-38.2733
44652,1.02825,-38.4343
44653,1.02542,-38.8147
44654,1.03307,-37.9964
44655,1.03134,-38.2951
44656,1.03145,-38.3183
44657,1.03154,-38.2661
44658,1.03175,-38.2817
44659,1.03195,-38.2291
44660,1.02829,-38.3133
44661,1.02755,-38.3829
44662,1.02863,-37.8842
44663,1.03324,-37.3464
44664,1.03202,-37.4401
44665,1.02957,-37.8593
44666,1.02741,-38.0116
44667,1.02824,-38.0643
44668,1.02883,-38.003
44669,1.0307,-37.6013
44670,1.02816,-37.9844
44671,1.02712,-38.2704
44672,1.02772,-38.1405
44673,1.0318,-37.4491
44674,1.03133,-37.5155
44675,1.03234,-37.039
44676,1.03193,-36.6132
44677,1.02606,-38.065
44678,1.03094,-37.1635
44679,1.0305,-37.1746
44680,1.03187,-37.312
44681,1.0319,-37.3032
44682,1.03104,-37.4144
44683,1.02841,-37.7066
44684,1.02981,-37.4059
44685,1.02882,-37.5828
44686,1.03015,-37.7932
44687,1.03118,-37.6093
44688,1.03481,-37.2682
44689,1.03086,-37.6451
44690,1.04097,-36.7123
44691,1.04078,-36.5956
44692,1.03757,-36.8363
44693,1.03697,-37.3097
44694,1.03279,-37.9577
44695,1.03539,-37.4765
44696,1.02793,-38.638
44697,1.02735,-38.696
44698,1.02828,-38.6787
44699,1.02981,-38.2983
44700,1.02122,-39.6057
44701,1.02676,-39.0062
44702,1.02703,-38.9009
44703,1.02505,-39.2054
44704,1.03155,-38.0234
44705,1.03081,-38.3682
44706,1.03036,-38.4748
44707,1.03,-37.8473
44708,1.03111,-37.6832
44709,1.03064,-37.9986
44710,1.02963,-38.4954
44711,1.03084,-37.8212
44712,1.02417,-39.2927
44713,1.03177,-38.3087
44714,1.02858,-38.6359
44715,1.02458,-39.2515
44716,1.02924,-38.6148
44717,1.03047,-38.4636
44718,1.02791,-38.7336
44719,1.02646,-38.968
44720,1.02523,-39.1387
44721,1.02978,-38.5437
44722,1.03274,-38.2195
44723,1.02654,-39.0045
44724,1.02633,-39.1038
44725,1.02475,-39.22
44726,1.02552,-39.1978
44727,1.02641,-39.094
44728,1.02498,-39.2204
44729,1.02563,-39.1867
44730,1.02527,-39.2451
44731,1.03141,-38.6756
44732,1.03031,-38.59
44733,1.02548,-39.2493
44734,1.02658,-39.1958
44735,1.02715,-39.1311
44736,1.03023,-38.6091
44737,1.02532,-39.2662
44738,1.02579,-39.2254
44739,1.02456,-39.3275
44740,1.02747,-39.077
44741,1.02638,-39.1731
44742,1.02571,-39.2333
44743,1.02505,-39.2974
44744,1.02698,-39.1757
44745,1.02782,-39.1156
44746,1.03004,-38.6442
44747,1.02974,-38.6951
44748,1.02788,-39.0432
44749,1.02608,-39.1976
44750,1.02813,-39.0126
44751,1.02831,-39.0704
44752,1.02787,-39.11
44753,1.02955,-38.9765
44754,1.03008,-38.6566
44755,1.02852,-39.0143
44756,1.0294,-38.9335
44757,1.0302,-38.7634
44758,1.02958,-38.9525
44759,1.0301,-38.9049
44760,1.03022,-38.6425
44761,1.02867,-38.9508
44762,1.02863,-38.9495
44763,1.02886,-38.9256
44764,1.02954,-38.9216
44765,1.03089,-38.6843
44766,1.02904,-38.9159
44767,1.02938,-38.8753
44768,1.03027,-38.7765
44769,1.02988,-38.9006
44770,1.0297,-38.9335
44771,1.03003,-38.9092
44772,1.02961,-38.8633
44773,1.02967,-38.8508
44774,1.03089,-38.7156
44775,1.02935,-38.8715
44776,1.02864,-38.9611
44777,1.02874,-38.9523
44778,1.03145,-38.689
44779,1.03075,-38.7496
44780,1.02743,-38.9654
44781,1.0284,-38.8812
44782,1.0374,-38.0326
44783,1.02687,-39.1809
44784,1.02635,-38.9787
44785,1.02668,-39.1586
44786,1.02608,-39.2155
44787,1.02628,-39.176
44788,1.02497,-39.2801
44789,1.02634,-39.1317
44790,1.03337,-38.5832
44791,1.07276,-33.7652
44792,1.07123,-33.5392
44793,1.08048,-32.5133
44794,1.08279,-32.114
44795,1.0845,-31.5766
44796,1.04472,-18.703
44797,1.075,-22.8875
44798,1.07642,-22.6684
44799,1.08233,-24.2347
44800,1.04816,-29.5135
44801,1.04565,-29.7647
44802,1.08276,-24.8359
44803,1.04576,-36.7416
44804,1.05086,-36.5854
44805,1.04861,-36.625
44806,1.05124,-36.3251
44807,1.0367,-37.8939
44808,1.04487,-36.9378
44809,1.04299,-37.175
44810,1.04302,-36.7778
44811,1.0685,-19.6924
44812,1.07659,-18.4622
44813,1.0693,-19.3747
44814,1.0678,-20.3018
44815,1.06052,-22.1175
44816,1.06841,-18.1979
44817,1.06554,-17.5259
44818,1.06636,-17.4507
44819,1.07485,-18.2772
44820,1.06896,-20.1463
44821,1.06966,-19.075
44822,1.06958,-27.2339
44823,1.03353,-23.3666
44824,1.08732,-25.7276
44825,1.0772,-27.002
44826,1.02733,-38.3778
44827,1.03223,-37.7677
44828,1.03145,-37.9476
44829,1.0275,-38.2712
44830,1.06413,-33.8847
44831,1.04585,-36.9585
44832,1.06778,-33.5865
44833,1.04752,-36.3326
44834,1.05869,-34.5604
44835,1.06489,-33.8271
44836,1.06768,-33.5942
44837,1.06636,-33.6586
44838,1.06345,-33.9626
44839,1.06319,-34.004
44840,1.07043,-33.0826
44841,1.06057,-32.9986
44842,1.07608,-11.2709
44843,1.08062,-10.801
44847,1.08746,-19.3488
44848,1.06853,-30.2703
44849,1.06914,-29.3839
44850,1.07155,-28.6811
44851,1.06528,-22.9966
44852,1.06232,-24.0913
44853,1.06139,-26.5175
44854,1.06631,-13.0929
44855,1.03013,-38.5965
44856,1.02187,-39.7989
44857,1.04776,-36.3467
44858,1.05069,-35.7816
44859,1.0561,-34.709
44860,1.02989,-38.5383
44861,1.05094,-24.6266
44862,1.04606,-22.5541
44863,1.08249,-28.4503
44864,1.08598,-28.5752
44865,1.08485,-28.6675
44866,1.08177,-27.9368
44867,1.08807,-28.1321
44868,1.06165,-25.4815
44869,1.05721,-27.2732
44870,1.02041,-47.2544
44871,1.03486,-36.4367
44872,1.03856,-35.6375
44873,1.03981,-35.6933
44874,1.04035,-36.5045
44875,1.03112,-46.0791
44876,1.03577,-46.0152
44877,1.05421,-26.1051
44878,1.04232,-14.8891
44879,1.06015,-8.39753
44880,1.05613,-7.25745
44881,1.07361,-13.8276
44882,1.07545,-14.6231
44883,1.04893,-31.5368
44884,1.05383,-30.4507
44885,1.0572,-30.0645
44886,1.05334,-30.011
44887,1.06155,-30.0988
44888,1.06707,-29.8744
44889,1.00949,-39.2761
44890,1.05401,-35.1364
44891,1.0569,-34.8249
44892,1.06136,-34.3939
44893,1.0598,-34.5432
44894,1.06872,-33.5445
44895,1.03783,-36.9799
44896,1.03833,-36.5553
44897,1.04946,-35.9712
44898,1.04579,-36.2231
44899,1.06584,-32.8888
44900,1.05395,-34.1326
44901,1.04491,-35.4189
44902,1.04705,-36.9819
44903,1.05065,-36.629
44904,1.0676,-32.5822
44905,1.04991,-34.4224
44906,1.03236,-37.0478
44907,1.05299,-34.822
44908,1.05217,-35.1805
44909,1.04446,-36.0519
44910,1.04574,-33.0231
44911,1.04582,-32.9371
44912,1.04554,-32.9815
44913,1.04703,-32.7617
44914,1.04796,-32.6726
44915,1.04657,-32.837
44916,1.04722,-32.8148
44917,1.05371,-32.0988
44918,1.05457,-32.5825
44919,1.07099,-30.3102
44920,1.0708,-30.7076
44921,1.06118,-25.7585
44922,1.07231,-23.6334
44923,1.05643,-26.5424
44924,1.02628,-39.6955
44925,1.02037,-39.7812
44926,1.03251,-38.2301
44927,1.02737,-38.8012
44928,1.05976,-33.7966
44929,1.06147,-33.3
44930,1.06193,-33.2011
44931,1.03888,-22.3527
44932,1.03291,-21.7058
44933,1.04817,-24.7564
44934,1.03663,-23.0113
44935,1.03602,-23.7254
44936,1.03779,-24.0315
44937,1.05003,-26.6578
44938,1.07447,-24.456
44939,1.07168,-27.4153
44940,1.05879,-33.6898
44941,1.05801,-33.735
44942,1.05851,-33.6834
44943,1.05909,-33.6393
44944,1.05871,-33.7057
44945,1.05827,-33.743
44946,1.06193,-33.4545
44947,1.06226,-33.2399
44948,1.06513,-33.27
44949,1.0615,-33.404
44950,1.06153,-33.3877
44951,1.05997,-33.5352
44952,1.06292,-33.0955
44953,1.06311,-33.1297
44954,1.05808,-33.8633
44955,1.0577,-33.8993
44956,1.0566,-34.0659
44957,1.05086,-34.8428
44958,1.05616,-33.9826
44959,1.05696,-33.8956
44960,1.05682,-33.9094
44961,1.05847,-33.7567
44962,1.05851,-33.7595
44963,1.06001,-33.6693
44964,1.05493,-34.1622
44965,1.05531,-34.1015
44966,1.05389,-34.2497
44967,1.04376,-35.0898
44968,1.0464,-35.4364
44969,1.07129,-32.3424
44970,1.05633,-33.1674
44971,1.06493,-32.506
44972,1.05966,-33.6726
44973,1.07467,-25.2769
44974,1.06978,-26.948
44975,1.06855,-27.2791
44976,1.07403,-26.2583
44977,1.07766,-24.5442
44978,1.08031,-26.0759
44979,1.06776,-26.7509
44980,1.06463,-26.5128
44981,1.05305,-27.6005
44982,1.06119,-26.3064
44983,1.06125,-26.0873
44984,1.06571,-26.3857
44985,1.08244,-27.0632
44986,1.07456,-25.8596
44987,1.07535,-30.4215
44988,1.06594,-26.7471
44989,1.06406,-26.5776
44990,1.04829,-9.90854
44991,1.06389,-6.351
44992,1.05605,-8.01459
44993,1.0649,-6.26494
44994,1.06173,-6.88011
44995,1.04728,-33.2222
44996,1.05039,-33.0952
44997,1.05431,-34.9495
44998,1.05837,-35.8167
44999,1.05403,-35.7819
45000,1.0582,-36.3343
45001,1.05623,-36.2101
45002,1.05533,-36.34
45003,1.04536,-22.6949
45004,1.06715,-23.8748
45005,1.06971,-23.9564
45006,1.08135,-24.0612
45007,1.08985,-23.337
45008,1.08616,-19.8093
45009,1.08416,-19.6387
45010,1.08506,-19.7003
45011,1.0794,-15.3995
45012,1.09726,-17.3874
45013,1.09728,-20.0373
45014,1.09799,-19.9224
45015,1.07625,-21.8475
45016,1.0577,-23.556
45017,1.03826,-16.7684
45018,1.06791,-33.0892
45019,1.07957,-30.4781
45020,1.07642,-30.9156
45021,1.07659,-31.3339
45022,1.0269,-39.194
45023,1.0249,-39.412
45024,1.02483,-39.4228
45025,1.02629,-39.3332
45026,1.02579,-39.3972
45027,1.02579,-39.4041
45028,1.02549,-39.4374
45029,1.02407,-39.5646
45030,1.02143,-39.5144
45031,1.02185,-39.4246
45032,1.02251,-39.4734
45033,1.0261,-39.3425
45034,1.02872,-39.1007
45035,1.02437,-39.5318
45036,1.02473,-39.4759
45037,1.02719,-39.2781
45038,1.02635,-39.317
45039,1.02817,-39.1534
45040,1.02888,-39.0829
45041,1.02521,-39.4188
45042,1.02598,-39.3313
45043,1.02276,-39.4457
45044,1.02221,-39.4722
45045,1.0218,-39.4808
45046,1.02765,-39.1563
45047,1.02771,-39.1936
45048,1.02735,-39.2362
45049,1.02731,-39.2507
45050,1.02738,-39.2541
45051,1.02784,-39.2281
45052,1.02804,-39.2065
45053,1.02837,-39.205
45054,1.02816,-39.228
45055,1.02911,-39.0346
45056,1.02874,-38.9757
45057,1.02748,-39.199
45058,1.02852,-39.1098
45059,1.02974,-39.0149
45060,1.02838,-39.1738
45061,1.02918,-39.144
45062,1.02989,-39.0801
45063,1.02891,-39.1217
45064,1.03017,-39.0581
45065,1.02999,-39.0725
45066,1.03001,-38.9635
45067,1.02947,-39.0136
45068,1.0286,-39.0097
45069,1.02882,-38.9767
45070,1.02665,-39.1887
45071,1.0256,-39.286
45072,1.02449,-39.3348
45073,1.02343,-39.3774
45074,1.02918,-39.0484
45075,1.02901,-39.0702
45076,1.02932,-39.0414
45077,1.02926,-39.0593
45078,1.0293,-39.0675
45079,1.03021,-39.0535
45080,1.02948,-39.0654
45081,1.03044,-39.0353
45082,1.03094,-38.9906
45083,1.03235,-38.775
45084,1.02994,-38.8637
45085,1.03007,-38.977
45086,1.03033,-38.9515
45087,1.03144,-38.841
45088,1.03228,-38.7391
45089,1.03212,-38.7707
45090,1.03175,-38.862
45091,1.03189,-38.848
45092,1.03324,-38.6749
45093,1.03252,-38.5375
45094,1.03039,-38.8045
45095,1.02431,-39.3518
45096,1.02658,-39.1761
45097,1.03192,-38.7769
45098,1.03186,-38.7608
45099,1.03166,-38.7608
45100,1.0377,-37.0539
45101,1.0348,-37.7515
45102,1.0308,-38.0936
45103,1.02923,-38.2345
45104,1.02616,-38.5609
45105,1.0245,-38.7259
45106,1.03177,-38.1255
45107,1.02381,-38.9412
45108,1.02764,-38.5854
45109,1.02579,-38.9091
45110,1.01894,-39.627
45111,1.02015,-39.5144
45112,1.02652,-39.0225
45113,1.02778,-38.9897
45114,1.02434,-38.0268
45115,1.02221,-39.0292
45116,1.02282,-38.973
45117,1.02336,-38.8444
45118,1.02966,-38.7962
45119,1.02986,-38.7778
45120,1.02491,-37.9733
45121,1.02333,-38.4529
45122,1.02391,-38.1406
45123,1.02295,-38.4239
45124,1.03173,-38.0343
45125,1.0244,-38.4699
45126,1.02508,-38.4019
45127,1.02595,-38.3773
45128,1.03203,-37.8672
45129,1.02752,-38.2674
45130,1.02618,-39.2736
45131,1.03465,-37.9064
45132,1.02687,-39.117
45133,1.02658,-39.1267
45134,1.02309,-39.595
45135,1.02478,-39.4894
45136,1.0244,-39.5322
45137,1.02605,-39.2634
45138,1.02544,-39.3429
45139,1.02612,-39.2789
45140,1.02912,-38.9305
45141,1.0214,-39.6805
45142,1.02067,-39.6483
45143,1.02502,-39.4675
45144,1.02506,-39.4783
45145,1.01943,-39.881
45146,1.02315,-39.6485
45147,1.02249,-39.0037
45148,1.02153,-39.3402
45149,1.022,-39.4175
45150,1.0247,-39.2169
45151,1.02437,-39.3507
45152,1.02284,-38.9675
45153,1.02343,-38.8968
45154,1.02177,-39.1886
45155,1.02865,-39.1
45156,1.02957,-39.0575
45157,1.02984,-38.9804
45158,1.02961,-38.8723
45159,1.04154,-13.417
45160,1.04681,-10.3734
45161,1.05402,-30.8576
45162,1.0673,-30.3565
45163,1.06442,-30.4658
45164,1.06405,-29.4645
45165,1.05809,-28.6172
45166,1.05989,-27.7451
45167,1.02855,-37.5992
45168,1.05629,-32.63
45169,1.06209,-31.857
45170,1.06923,-30.9043
45171,1.0601,-32.2415
45172,1.04614,-31.7374
45173,1.04098,-37.268
45174,1.02144,-39.3975
45175,1.04026,-37.2154
45176,1.03117,-38.0109
45177,1.00919,-40.7607
45178,1.01031,-40.4864
45179,1.01054,-40.4574
45180,1.00846,-40.8228
45181,1.0108,-40.4008
45182,1.03083,-38.4631
45183,1.02895,-38.6504
45184,1.03102,-38.4311
45185,1.02906,-38.6361
45186,1.08344,-23.5549
45187,1.07518,-23.9151
45188,1.07405,-23.9133
45189,1.07098,-11.725
45190,1.06992,-10.9829
45191,1.07339,-10.5773
45192,1.07018,-12.4916
45193,1.06284,-9.97639
45194,1.05014,-27.2905
45195,1.051,-27.3237
45196,1.04738,-27.7257
45197,1.05375,-27.2129
45198,1.04844,-27.3675
45199,1.04977,-27.3353
45200,1.04743,-27.3955
45201,1.04417,-27.6842
45202,1.0458,-27.5696
45203,1.04555,-27.5482
45204,1.04427,-27.5996
45205,1.04462,-27.6445
45206,1.04603,-27.5112
45207,1.04285,-27.7629
45208,1.04401,-27.6786
45209,1.04094,-27.9032
45210,1.04107,-27.89
45211,1.04105,-27.7395
45212,1.02953,-29.0208
45213,1.03745,-28.0698
45214,1.03816,-28.0054
45215,1.03753,-28.0353
45216,1.03725,-28.1303
45217,1.03676,-28.0647
45218,1.03653,-28.0678
45219,1.03635,-28.0849
45220,1.03687,-28.1912
45221,1.03652,-28.4056
45222,1.03775,-28.5685
45223,1.03703,-28.1892
45224,1.03764,-28.4299
45225,1.04195,-28.1432
45226,1.05663,-26.8887
45227,1.05344,-27.2664
45228,1.05706,-26.6494
45229,1.03877,-27.8563
45230,1.045,-26.841
45231,1.05593,-23.5983
45232,1.05917,-25.7685
45233,1.06497,-20.8813
45234,1.06336,-21.2065
45235,1.06372,-21.2327
45236,1.06433,-21.2317
45237,1.06339,-21.2676
45238,1.06324,-21.7377
45239,1.06344,-21.6814
45240,1.06228,-22.0806
45241,1.06043,-22.6991
45242,1.06115,-22.5746
45243,1.0603,-22.8071
45244,1.05703,-23.5706
45245,1.05582,-23.7113
45246,1.06041,-23.0635
45247,1.06008,-23.5645
45248,1.06079,-24.2626
45249,1.05677,-25.3076
45250,1.06267,-24.6161
45251,1.06749,-24.6964
45252,1.05964,-22.2097
45253,1.0468,-26.2948
45254,1.07796,-24.5533
45255,1.07351,-24.6845
45256,1.07736,-25.3102
45257,1.03823,-27.9985
45258,1.04878,-27.4045
45259,1.03564,-28.3242
45260,1.03284,-38.7897
45261,1.03637,-38.3785
45262,1.03293,-38.7322
45263,1.02984,-39.0893
45264,1.03004,-39.0152
45265,1.0285,-39.2142
45266,1.03003,-39.0392
45267,1.02571,-39.5733
45268,1.02475,-40.0622
45269,1.02549,-39.9978
45270,1.02524,-39.926
45271,1.02555,-40.0148
45272,1.02094,-40.0428
45273,1.02462,-39.6383
45274,1.02812,-39.1774
45275,1.04,-37.4366
45276,1.02805,-39.22
45277,1.03256,-38.6109
45278,1.03507,-38.3009
45279,1.02248,-39.4641
45280,1.01205,-40.9287
45281,1.04655,-35.1999
45282,1.04315,-36.3439
45283,1.04833,-35.3634
45284,1.03816,-36.7341
45285,1.04541,-35.5134
45286,1.04553,-35.4247
45287,1.04589,-35.3178
45288,1.04093,-36.7042
45289,1.04069,-36.699
45290,1.04023,-36.7554
45291,1.03469,-37.6508
45292,1.0088,-41.2432
45293,1.04559,-37.2839
45294,1.01704,-40.417
45295,1.01359,-40.7045
45296,1.03208,-37.9141
45297,1.03367,-37.7595
45298,1.04127,-37.0034
45299,1.03642,-37.4664
45300,1.04512,-36.6551
45301,1.0266,-38.4236
45302,1.02736,-38.3523
45303,1.02639,-38.4366
45304,1.02856,-38.2413
45305,1.02821,-38.3232
45306,1.05135,-35.742
45307,1.02673,-38.3775
45308,1.02471,-38.6074
45309,1.03261,-37.7049
45310,1.04623,-36.3831
45311,1.07075,-34.2876
45312,1.04092,-36.7397
45313,1.07298,-33.8685
45314,1.07151,-33.9388
45315,1.02624,-39.1565
45316,1.04439,-37.7594
45317,1.0362,-37.755
45318,1.04394,-35.9922
45319,1.04885,-36.187
45320,1.044,-37.0206
45321,1.05857,-35.2182
45322,1.03887,-37.3478
45323,1.06109,-34.5905
45324,1.03111,-38.0204
45325,1.02482,-37.917
45326,1.02678,-37.8742
45327,1.02923,-37.7698
45328,1.03039,-37.641
45329,1.0382,-36.053
45330,1.03063,-37.4236
45331,1.03019,-37.4593
45332,1.05493,-33.784
45333,1.06966,-30.7076
45334,1.07219,-29.9517
45335,1.07385,-30.5039
45336,1.06831,-30.9032
45337,1.07099,-30.6204
45338,1.0737,-30.1967
45339,1.06988,-30.4102
45340,1.05454,-34.5327
45341,1.08111,-28.2555
45342,1.08033,-29.7038
45343,1.04879,-37.7949
45344,1.07464,-33.2445
45345,1.0735,-32.8006
45346,1.07423,-32.0402
45347,1.07386,-33.5761
45348,1.06743,-32.8624
45349,1.07084,-33.3839
45350,1.06676,-32.2313
45351,1.06018,-32.8908
45352,1.04793,-35.0412
45353,1.04526,-35.525
45354,1.05879,-33.3584
45355,1.06255,-33.4349
45356,1.08189,-25.857
45357,1.08066,-26.8887
45358,1.08103,-27.3151
45359,1.05107,-34.8599
45360,1.05303,-33.7419
45361,1.05266,-34.1926
45362,1.04938,-34.6924
45363,1.05336,-34.2162
45364,1.04202,-36.9783
45365,1.04066,-37.041
45366,1.03997,-37.1055
45367,1.04024,-36.9608
45368,1.04232,-36.566
45369,1.03804,-37.0028
45370,1.03663,-37.9433
45371,1.03817,-37.407
45372,1.03681,-37.1823
45373,1.03454,-37.5331
45374,1.0351,-37.4686
45375,1.03777,-37.1612
45376,1.04248,-36.5692
45377,1.03468,-37.4208
45378,1.02484,-38.599
45379,1.04281,-36.5338
45380,1.04298,-36.5095
45381,1.045,-36.3112
45382,1.04558,-36.0397
45383,1.03335,-37.3636
45384,1.04626,-35.9818
45385,1.04709,-35.8126
45386,1.04727,-35.8363
45387,1.0466,-35.9351
45388,1.02741,-38.3057
45389,1.02582,-38.5414
45390,1.02209,-39.1505
45391,1.02089,-39.5227
45392,1.02152,-39.3176
45393,1.02131,-39.4343
45394,1.02277,-39.4599
45395,1.03342,-38.3611
45396,1.02174,-39.5033
45397,1.02144,-39.514
45398,1.02182,-39.4686
45399,1.02507,-39.1814
45400,1.02428,-39.2476
45401,1.02552,-39.0799
45402,1.02272,-39.3627
45403,1.02597,-39.0351
45404,1.02162,-39.4814
45405,1.0262,-38.9793
45406,1.04338,-36.7112
45407,1.04277,-36.8961
45408,1.03629,-37.7824
45409,1.04074,-37.2383
45410,1.03972,-37.3127
45411,1.04147,-37.1612
45412,1.03381,-38.1462
45413,1.04174,-36.9802
45414,1.04284,-33.6807
45415,1.03987,-32.9066
45416,1.0407,-32.7101
45417,1.03345,-31.1352
45418,1.03878,-30.6087
45419,1.06858,-33.3918
45420,1.06817,-33.5055
45421,1.07021,-33.279
45422,1.06826,-33.482
45423,1.06803,-33.5144
45424,1.07041,-33.13
45425,1.06877,-33.4301
45426,1.07455,-33.5248
45427,1.07401,-32.8095
45428,1.07614,-32.1932
45429,1.04309,-36.2729
45430,1.04157,-36.0386
45431,1.04241,-35.8251
45432,1.04068,-36.1209
45433,1.0424,-35.539
45434,1.03994,-35.9126
45435,1.03648,-36.2238
45436,1.03922,-36.8206
45437,1.04224,-36.1934
45438,1.03642,-37.9728
45439,1.03423,-36.9691
45440,1.03426,-37.2268
45441,1.04038,-36.5164
45442,1.03853,-36.7729
45443,1.0061,-39.6889
45444,1.01181,-39.2403
45445,1.01376,-38.7687
45446,1.06036,-30.4535
45447,1.07212,-26.993
45448,1.07372,-28.5515
45449,1.07256,-30.4057
45450,1.08621,-35.7647
45451,1.09001,-36.2761
45452,1.09055,-35.5309
45453,1.09694,-35.6559
45454,1.09302,-35.8523
45455,1.09563,-35.807
45456,1.08573,-37.2406
45457,1.0899,-32.3909
45458,1.08711,-31.3275
45459,1.08624,-31.2001
45460,1.0924,-31.981
45461,1.09368,-32.8053
45462,1.09432,-33.7893
45463,1.07869,-27.8801
45464,1.08175,-36.2625
45465,1.07527,-36.849
45466,1.07384,-36.7447
45467,1.08044,-36.3622
45468,1.09002,-35.549
45469,1.0844,-36.0407
45470,1.07873,-36.6824
45471,1.07381,-36.5697
45472,1.07359,-37.0464
45473,1.07134,-37.5331
45474,1.08133,-31.3348
45475,1.07513,-29.5945
45476,1.08505,-30.9322
45477,1.06761,-32.606
45478,1.05781,-34.7894
45479,1.05912,-34.2446
45480,1.0573,-34.331
45481,1.05658,-34.2421
45482,1.05665,-34.4016
45483,1.05705,-34.2807
45484,1.05723,-34.1793
45485,1.06079,-33.7467
45486,1.05822,-34.0435
45487,1.05972,-33.8469
45488,1.05909,-33.8455
45489,1.06382,-32.9554
45490,1.05933,-33.8879
45491,1.06074,-33.3463
45492,1.06065,-33.3568
45493,1.05952,-33.7545
45494,1.05889,-33.7539
45495,1.05839,-33.7274
45496,1.06012,-33.3951
45497,1.05548,-33.8322
45498,1.05374,-33.9852
45499,1.05403,-33.9265
45500,1.05494,-33.9218
45501,1.05399,-34.0048
45502,1.05275,-34.101
45503,1.05173,-35.1147
45504,1.04936,-35.5049
45505,1.05029,-35.323
45506,1.04536,-36.3558
45507,1.05238,-34.1231
45508,1.06243,-33.8649
45509,1.06144,-33.9672
45510,1.06675,-33.172
45511,1.06476,-33.517
45512,1.0634,-33.817
45513,1.04789,-34.4286
45514,1.04459,-34.9801
45515,1.04533,-34.76
45516,1.04818,-34.5342
45517,1.05841,-34.0138
45518,1.0568,-34.2664
45519,1.05667,-34.2933
45520,1.05666,-34.2946
45521,1.05402,-34.7287
45522,1.05784,-34.0769
45523,1.05513,-34.3912
45524,1.05994,-33.8394
45525,1.05498,-34.582
45526,1.04109,-37.085
45527,1.0394,-37.2393
45528,1.06993,-33.9211
45529,1.05222,-35.6103
45530,1.05579,-34.3331
45531,1.05632,-34.2911
45532,1.0562,-34.277
45533,1.07166,-32.5654
45534,1.07467,-33.1507
45535,1.06905,-32.6993
45536,1.06293,-31.3391
45537,1.05669,-34.3484
45538,1.0763,-36.8454
45539,1.06208,-37.1477
45540,1.0736,-36.8828
45541,1.06717,-36.9623
45542,1.05903,-37.2156
45543,1.04417,-38.4159
45544,1.07597,-33.4409
45545,1.0765,-33.4699
45546,1.06218,-36.2234
45547,1.06173,-36.1811
45548,1.06403,-35.6705
45549,1.06199,-36.038
45550,1.07471,-33.9748
45551,1.07685,-33.5197
45552,1.06927,-34.4243
45553,1.0633,-35.8441
45554,1.06182,-36.1885
45555,1.06741,-35.0199
45556,1.06514,-35.2605
45557,1.07514,-34.9227
45558,1.0697,-34.7095
45559,1.0809,-34.6235
45560,1.07634,-35.2367
45561,1.07238,-36.2049
45562,1.06878,-37.7178
45563,1.05975,-37.7204
45564,1.0529,-37.6936
45565,1.05145,-36.9956
45566,1.08509,-34.4144
45567,1.07989,-35.2672
45568,1.07526,-36.5784
45569,1.08199,-36.081
45570,1.08297,-35.1743
45571,1.08604,-35.466
45572,1.08711,-35.474
45573,1.08428,-35.6655
45574,1.05832,-39.4058
45575,1.06384,-39.2539
45576,1.08128,-38.0373
45577,1.08242,-38.0985
45578,1.07733,-38.4746
45579,1.08155,-38.1918
45580,1.06614,-39.7182
45581,1.06653,-39.549
45582,1.06603,-39.7321
45583,1.01307,-47.7268
45584,1.01524,-47.4789
45585,1.01665,-47.1008
45586,1.0792,-32.4495
45587,1.08164,-32.0296
45588,1.07954,-33.218
45589,1.07537,-33.0262
45590,1.07947,-32.6253
45591,1.08086,-32.574
45592,1.06709,-39.5566
45593,1.06725,-39.5403
45594,1.06841,-39.3006
45595,1.06888,-39.2995
45596,1.06624,-39.6352
45597,1.06677,-39.4417
45598,1.0694,-39.2682
45599,1.06611,-39.6057
45600,1.06509,-39.7375
45601,1.06497,-39.7684
45602,1.06588,-39.6306
45603,1.0673,-39.5542
45604,1.06504,-39.7161
45605,1.06413,-39.7885
45606,1.0642,-39.7622
45607,1.06483,-39.7395
45608,1.06956,-39.2502
45609,1.06653,-39.566
45610,1.06932,-39.2702
45611,1.0649,-39.7575
45612,1.06943,-39.2598
45613,1.06352,-39.9028
45614,1.06391,-39.8603
45615,1.06255,-39.9925
45616,1.07096,-39.0244
45617,1.07161,-38.9393
45618,1.06972,-39.2058
45619,1.06849,-39.341
45620,1.06888,-39.3048
45621,1.06791,-39.4234
45622,1.06345,-39.9129
45623,1.06388,-39.868
45624,1.06455,-39.8085
45625,1.06337,-39.9213
45626,1.06466,-39.7975
45627,1.06481,-39.7877
45628,1.06511,-39.7643
45629,1.06565,-39.7548
45630,1.06581,-39.7401
45631,1.06023,-40.2495
45632,1.06354,-39.9537
45633,1.06695,-39.6565
45634,1.06679,-39.6998
45635,1.06958,-39.4371
45636,1.06663,-39.7185
45637,1.07041,-39.3601
45638,1.07072,-39.3323
45639,1.05631,-40.7238
45640,1.07189,-38.9723
45641,1.05499,-40.8917
45642,1.05768,-40.4686
45643,1.06561,-39.6733
45644,1.06387,-39.8568
45645,1.05704,-40.5277
45646,1.05568,-40.8273
45647,1.0616,-40.1175
45648,1.05743,-40.6487
45649,1.0663,-39.5911
45650,1.06549,-39.7783
45651,1.06579,-39.6575
45652,1.06593,-39.6289
45653,1.06838,-39.3844
45654,1.06732,-39.4047
45655,1.06996,-39.0934
45656,1.06608,-39.5993
45657,1.06542,-39.548
45658,1.0641,-39.6949
45659,1.06966,-39.1082
45660,1.0647,-39.794
45661,1.06856,-39.3388
45662,1.06601,-39.6641
45663,1.06571,-39.6957
45664,1.05642,-40.6975
45665,1.05976,-40.3792
45666,1.06233,-40.146
45667,1.05873,-40.4708
45668,1.05983,-40.2984
45669,1.06566,-39.7937
45670,1.05844,-40.3477
45671,1.06707,-39.5849
45672,1.06672,-39.6166
45673,1.0678,-39.5039
45674,1.06052,-40.159
45675,1.05982,-40.229
45676,1.0528,-40.797
45677,1.06014,-39.9765
45678,1.05968,-40.2793
45679,1.05823,-40.1538
45680,1.05297,-39.1989
45681,1.05531,-39.992
45682,1.05967,-39.7988
45683,1.05706,-39.8414
45684,1.06203,-39.7505
45685,1.06326,-39.6482
45686,1.06301,-39.7032
45687,1.06959,-38.9982
45688,1.07165,-38.7079
45689,1.07062,-38.7745
45690,1.06889,-39.1822
45691,1.06932,-39.1665
45692,1.06971,-39.0238
45693,1.07009,-39.4336
45694,1.05761,-41.084
45695,1.0562,-41.2078
45696,1.06561,-39.4154
45697,1.06848,-39.3581
45698,1.07208,-35.9211
45699,1.07494,-36.2466
45700,1.07921,-36.4273
45701,1.07555,-36.8252
45702,1.07286,-37.1502
45703,1.06631,-37.8145
45704,1.07354,-37.0231
45705,1.07307,-37.0672
45706,1.07147,-37.3628
45707,1.07089,-37.4535
45708,1.0633,-36.9791
45709,1.06498,-36.8319
45710,1.06339,-36.8014
45711,1.06205,-37.175
45712,1.07334,-37.1819
45713,1.07052,-37.4341
45714,1.06836,-37.2894
45715,1.00915,-47.7944
45716,1.07172,-37.0313
45717,1.07675,-36.2947
45718,1.067,-34.3292
45719,1.05877,-34.9458
45720,1.06007,-34.8076
45721,1.05974,-34.5012
45722,1.04805,-35.3257
45723,1.06105,-34.3578
45724,1.06229,-34.0692
45725,1.05411,-34.9032
45726,1.0472,-35.4404
45727,1.03002,-28.9759
45728,1.02857,-29.21
45729,1.03137,-28.9011
45730,1.03166,-28.8731
45731,1.03427,-28.6026
45732,1.02715,-29.7314
45733,1.02758,-29.4595
45734,1.02895,-30.1691
45735,1.03384,-28.4676
45736,1.0452,-30.3197
45737,1.02485,-31.3765
45738,1.0296,-34.199
45739,1.06966,-35.9185
45740,1.06803,-35.6956
45741,1.06787,-35.5413
45742,1.06974,-34.8863
45743,1.06858,-35.2942
45744,1.06799,-35.1152
45745,1.066,-35.582
45746,1.06529,-35.6469
45747,1.07,-36.1661
45748,1.06832,-35.4326
45749,1.06389,-35.5473
45750,1.07072,-35.2018
45751,1.07035,-34.9181
45752,1.06942,-34.8611
45753,1.06766,-35.0433
45754,1.071,-34.7161
45755,1.07127,-34.7161
45756,1.07197,-34.6434
45757,1.07176,-34.6656
45758,1.07194,-34.7307
45759,1.06899,-34.8954
45760,1.07057,-34.7493
45761,1.07044,-34.7528
45762,1.07076,-34.6111
45763,1.07039,-34.701
45764,1.06989,-34.7532
45765,1.07718,-33.4908
45766,1.07166,-34.5723
45767,1.07256,-35.7756
45768,1.07177,-35.9026
45769,1.06943,-35.2588
45770,1.06978,-35.2201
45771,1.07112,-35.121
45772,1.07144,-35.0812
45773,1.07076,-35.1723
45774,1.07212,-35.0747
45775,1.07008,-35.2458
45776,1.0692,-35.3537
45777,1.06975,-35.2874
45778,1.06953,-35.3207
45779,1.06748,-35.4753
45780,1.06048,-37.4067
45781,1.05258,-39.0555
45782,1.05058,-39.4592
45783,1.05865,-38.2593
45784,1.06595,-37.2857
45785,1.07408,-35.2672
45786,1.07427,-34.462
45787,1.0739,-34.1797
45788,1.06382,-36.736
45789,1.08567,-35.303
45790,1.08215,-35.281
45791,1.08629,-35.1097
45792,1.08638,-35.5309
45793,1.08492,-33.9713
45794,1.07803,-34.0847
45795,1.0873,-33.2399
45796,1.08391,-32.197
45797,1.0845,-32.1237
45798,1.0858,-33.2619
45799,1.08482,-32.7816
45800,1.0766,-33.7162
45801,1.08143,-33.7092
45802,1.08378,-33.4933
45803,1.07839,-33.5467
45804,1.07738,-32.9691
45805,1.05066,-38.6229
45806,1.06822,-38.4013
45807,1.06144,-37.441
45808,1.0608,-37.1325
45809,1.0609,-36.9842
45810,1.06135,-36.8776
45811,1.06245,-36.7979
45812,1.062,-37.3108
45813,1.07813,-39.9385
45814,1.08121,-40.0576
45815,1.04752,-39.8528
45816,1.05008,-39.5711
45817,1.06799,-38.434
45818,1.06087,-38.6712
45819,1.07311,-37.5587
45820,1.07832,-35.577
45821,1.07932,-35.3148
45822,1.08008,-35.6715
45823,1.07532,-36.8364
45824,1.07884,-35.1842
45825,1.08929,-33.1447
45826,1.08935,-32.971
45827,1.09648,-40.7649
45828,1.06752,-36.7321
45829,1.08456,-35.1763
45830,1.0791,-35.2533
45831,1.07562,-35.7897
45832,1.08495,-35.3005
45833,1.07722,-36.1922
45834,1.07685,-36.2857
45835,1.07342,-36.7629
45836,1.03334,-41.3445
45837,1.04038,-40.6664
45838,1.03976,-40.7381
45839,1.0671,-38.6115
45840,1.05302,-38.6828
45841,1.06742,-37.6153
45842,1.07175,-37.1241
45843,1.04794,-39.5226
45844,1.04977,-39.3911
45845,1.06404,-39.5454
45846,1.06615,-37.9502
45847,1.06498,-38.4967
45848,1.06258,-38.4349
45849,1.06377,-38.6319
45850,1.07422,-36.896
45851,1.0667,-37.1276
45852,1.0746,-36.5496
45853,1.07793,-37.3021
45854,1.08104,-36.8268
45855,1.08149,-36.9698
45856,1.08871,-36.4091
45857,1.08937,-36.2201
45858,1.08754,-35.406
45859,1.08852,-36.3286
45860,1.07029,-36.6212
45861,1.06606,-36.8059
45862,1.06574,-36.8356
45863,1.06799,-36.7037
45864,1.06472,-37.3375
45865,1.06856,-36.6549
45866,1.06861,-36.514
45867,1.06677,-36.6695
45868,1.06685,-36.6605
45870,1.06691,-36.6301
45871,1.06711,-36.6077
45872,1.0689,-36.4571
45873,1.06968,-36.3402
45874,1.06836,-36.4437
45883,1.07141,-36.0531
45884,1.07184,-36.0139
45885,1.07205,-35.9139
45886,1.08273,-35.1076
45887,1.07822,-35.7691
45888,1.07817,-35.9038
45889,1.07563,-36.2386
45890,1.0653,-37.0798
45891,1.07645,-36.1652
45892,1.07544,-36.2658
45893,1.05212,-38.7126
45894,1.05124,-38.6491
45895,1.04267,-35.3802
45896,1.04368,-35.4482
45897,1.05027,-34.1304
45898,1.05655,-33.3928
45899,1.07492,-33.8227
45900,1.07293,-33.796
45901,1.07484,-33.4441
45902,1.06775,-34.2351
45903,1.07345,-33.7738
45904,1.06728,-34.3298
45905,1.06744,-34.3137
45906,1.0662,-34.3511
45907,1.06402,-34.487
45908,1.06418,-34.4883
45909,1.06399,-34.5262
45910,1.06292,-34.7339
45911,1.06367,-34.5524
45912,1.06885,-36.0597
45913,1.07791,-33.2306
45914,1.0736,-35.4382
45915,1.07248,-33.8151
45916,1.07377,-33.6901
45917,1.07541,-33.2466
45918,1.0762,-33.2766
45919,1.0829,-34.5345
45920,1.07652,-34.2382
45921,1.07575,-34.3092
45922,1.06197,-34.8347
45923,1.07741,-32.616
45924,1.07236,-35.0022
45925,1.0779,-34.5108
45926,1.08042,-34.0592
45927,1.07561,-34.3867
45928,1.07378,-34.7959
45929,1.08642,-33.6828
45930,1.08769,-33.4732
45931,1.08758,-33.6035
45932,1.0891,-34.1998
45933,1.08786,-33.2935
45934,1.08778,-33.4957
45935,1.08839,-35.7305
45936,1.09295,-33.8801
45937,1.0839,-34.6069
45938,1.08799,-33.938
45939,1.09269,-33.4421
45940,1.08762,-33.48
45941,1.09186,-33.2367
45942,1.08582,-33.562
45943,1.08862,-33.1929
45944,1.08896,-33.1568
45945,1.07791,-31.3586
45946,1.07742,-31.5803
45947,1.07706,-31.6712
45948,1.07874,-31.2023
45949,1.0789,-31.1916
45950,1.0784,-31.2145
45951,1.07752,-31.3537
45952,1.07772,-31.3534
45953,1.0777,-31.3311
45954,1.07861,-31.2189
45955,1.07787,-31.3524
45956,1.0773,-31.4205
45957,1.07882,-31.2639
45958,1.07645,-32.0169
45959,1.07624,-32.9052
45960,1.0767,-32.8253
45961,1.07975,-30.9089
45962,1.08125,-30.9253
45963,1.07249,-34.0726
45964,1.08289,-32.2207
45965,1.08321,-32.2374
45966,1.08456,-31.9445
45967,1.08552,-31.852
45968,1.08481,-31.9491
45969,1.08453,-32.0068
45970,1.0837,-32.0973
45971,1.08325,-32.2005
45972,1.0813,-32.0893
45973,1.08,-32.0402
45974,1.08217,-31.4634
45975,1.08614,-31.9356
45976,1.08531,-31.9665
45977,1.08011,-31.7869
45978,1.08536,-31.6542
45979,1.08397,-31.9657
45980,1.08622,-31.6829
45981,1.08662,-31.4707
45982,1.08664,-32.4053
45983,1.08725,-32.3745
45984,1.08252,-33.2195
45985,1.08354,-32.8786
45986,1.0805,-33.2659
45987,1.08337,-35.072
45988,1.08493,-35.4604
45989,1.08492,-33.6119
45990,1.08702,-32.1447
45991,1.07115,-35.0581
45992,1.0789,-35.0376
45993,1.071,-34.7004
45994,1.07938,-34.4731
45995,1.07666,-34.2079
45996,1.06888,-34.3904
45997,1.07292,-34.0199
45998,1.06457,-34.5929
45999,1.06763,-33.9121
46000,1.06888,-33.9023
46001,1.06056,-34.4815
46002,1.05384,-35.1963
46003,1.08755,-37.0939
46004,1.08139,-37.6896
46005,1.07655,-38.0533
46006,1.07589,-38.6384
46007,1.09766,-36.0104
46008,1.08021,-33.9007
46009,1.08329,-33.8888
46010,1.07443,-36.6024
46011,1.07513,-36.5308
46012,1.06706,-38.0123
46013,1.07246,-37.0615
46014,1.07116,-37.5581
46015,1.07221,-37.4165
46016,1.07277,-37.1873
46017,1.07199,-37.4381
46018,1.06979,-37.7091
46019,1.07117,-37.5917
46020,1.07368,-36.8951
46021,1.07611,-36.5276
46022,1.0752,-36.5586
46023,1.07391,-36.7994
46024,1.0723,-37.0227
46025,1.07423,-36.9771
46026,1.07339,-36.9281
46027,1.07353,-36.9448
46028,1.07582,-36.543
46029,1.07459,-36.7538
46030,1.07392,-36.8529
46031,1.07327,-36.9575
46032,1.07278,-37.0482
46033,1.07463,-36.7418
46034,1.07402,-36.8729
46035,1.07336,-36.9703
46036,1.07352,-37.0542
46037,1.07327,-37.1338
46038,1.07335,-37.1705
46039,1.07376,-37.1412
46040,1.07353,-37.0935
46041,1.0735,-37.0983
46042,1.07351,-37.0989
46043,1.07367,-37.0747
46044,1.07391,-37.0431
46045,1.07417,-37.0078
46046,1.07363,-37.079
46047,1.07389,-37.0443
46048,1.07214,-37.1814
46049,1.07167,-37.2884
46050,1.07364,-37.081
46051,1.0735,-37.1029
46052,1.07328,-37.1773
46053,1.07335,-37.17
46054,1.07328,-37.1778
46055,1.07357,-37.093
46056,1.07424,-37.0591
46057,1.07344,-37.1778
46058,1.07359,-37.1839
46059,1.07462,-37.1498
46060,1.07365,-37.1988
46061,1.07365,-37.1868
46062,1.07352,-37.1806
46063,1.07357,-37.1783
46064,1.07333,-37.1776
46065,1.07258,-37.2557
46066,1.0722,-37.2811
46067,1.07204,-37.2588
46068,1.07203,-37.2884
46069,1.07171,-37.3079
46070,1.07184,-37.308
46071,1.07245,-37.2689
46072,1.072,-37.3138
46073,1.0719,-37.3427
46074,1.07222,-37.2999
46075,1.07442,-37.0154
46076,1.07448,-37.0092
46077,1.07398,-37.1242
46078,1.07371,-37.165
46079,1.07347,-37.1868
46080,1.07353,-37.1806
46081,1.07388,-37.1766
46082,1.07393,-37.2065
46083,1.0738,-37.1967
46084,1.07514,-37.1186
46085,1.07416,-37.2037
46086,1.07371,-37.2527
46087,1.07347,-37.2807
46088,1.07302,-37.334
46089,1.07281,-37.36
46090,1.07286,-37.3524
46091,1.07285,-37.356
46092,1.07301,-37.341
46093,1.07312,-37.3247
46094,1.07321,-37.3136
46095,1.07347,-37.2788
46096,1.07369,-37.2537
46097,1.0739,-37.2166
46098,1.07427,-37.1002
46099,1.07429,-37.0978
46100,1.0742,-37.1057
46101,1.07411,-37.1131
46102,1.07405,-37.1166
46103,1.07553,-36.9177
46104,1.07499,-36.9649
46105,1.0749,-36.9758
46106,1.07487,-36.9818
46107,1.07492,-36.9804
46108,1.07486,-36.9854
46109,1.07565,-36.9291
46110,1.07665,-36.8187
46111,1.0766,-36.8229
46112,1.07562,-36.9357
46113,1.07414,-37.2375
46114,1.07401,-37.2781
46115,1.07297,-37.3534
46116,1.07364,-37.3006
46117,1.07422,-37.2509
46118,1.07406,-37.2728
46119,1.07425,-37.2483
46120,1.07422,-37.2516
46121,1.07439,-37.1081
46122,1.07574,-36.9207
46123,1.07424,-37.0805
46124,1.07324,-37.1989
46125,1.07183,-37.3709
46126,1.07154,-37.3919
46127,1.07145,-37.4147
46128,1.07114,-37.4552
46129,1.07053,-37.6204
46130,1.07518,-36.9951
46131,1.07523,-36.9913
46132,1.07519,-36.9957
46133,1.07446,-37.101
46134,1.07453,-37.0889
46135,1.07479,-37.1922
46136,1.07414,-37.2592
46137,1.07406,-37.2586
46138,1.07455,-37.1271
46139,1.07449,-37.1199
46140,1.07449,-37.1077
46141,1.07519,-36.9952
46142,1.07718,-36.8824
46143,1.07575,-37.0198
46144,1.0755,-37.0157
46145,1.07601,-36.908
46146,1.07299,-37.2847
46147,1.0754,-37.0235
46148,1.07471,-37.1234
46149,1.07702,-36.8943
46150,1.07201,-37.4811
46151,1.07276,-37.3954
46152,1.07316,-37.3422
46153,1.07364,-37.2822
46154,1.07327,-37.2813
46155,1.07216,-37.3672
46156,1.07239,-37.3744
46157,1.07201,-37.3885
46158,1.07208,-37.3831
46159,1.07199,-37.3964
46160,1.07031,-37.55
46161,1.07021,-37.5582
46162,1.06964,-37.7659
46163,1.06837,-37.8521
46164,1.06681,-37.9635
46165,1.06469,-38.1349
46166,1.06606,-38.0174
46167,1.06953,-37.7746
46168,1.06511,-38.0873
46169,1.06756,-37.8351
46170,1.06863,-37.732
46171,1.07193,-37.4017
46172,1.06795,-37.847
46173,1.06975,-37.6863
46174,1.06741,-37.922
46175,1.06964,-37.7024
46176,1.06969,-37.7075
46177,1.06727,-37.9057
46178,1.06734,-37.9104
46179,1.06909,-37.7947
46180,1.06813,-37.867
46181,1.06886,-37.8123
46182,1.06347,-38.6549
46183,1.0669,-37.9528
46184,1.0666,-37.9633
46185,1.06596,-38.0478
46186,1.06552,-38.0525
46187,1.0661,-38.0002
46188,1.06619,-37.9835
46189,1.06488,-38.1058
46190,1.06483,-38.1077
46191,1.06474,-38.1306
46192,1.06431,-38.1753
46193,1.06403,-38.1768
46194,1.06476,-38.162
46195,1.06517,-38.1456
46196,1.06552,-38.0975
46197,1.06539,-38.1087
46198,1.06602,-38.132
46199,1.06622,-38.1119
46200,1.07186,-37.2173
46201,1.06361,-38.646
46202,1.07641,-36.2574
46203,1.07508,-36.7119
46204,1.07519,-36.7024
46205,1.07233,-36.9263
46206,1.07337,-36.7667
46207,1.07248,-36.9093
46208,1.07167,-37.1
46209,1.07202,-37.0703
46210,1.074,-37.1061
46211,1.07529,-36.8874
46212,1.07452,-37.0334
46213,1.07497,-36.9742
46214,1.0745,-37.1675
46215,1.07455,-37.1451
46216,1.07441,-37.1593
46217,1.07355,-37.273
46218,1.07132,-37.4067
46219,1.07131,-37.4705
46220,1.07053,-37.5484
46221,1.07208,-37.3838
46222,1.07179,-37.3479
46223,1.07191,-37.3377
46224,1.07204,-37.3356
46225,1.07203,-37.3305
46226,1.07179,-37.3437
46227,1.07197,-37.3277
46228,1.07165,-37.3712
46229,1.07191,-37.3391
46230,1.07061,-37.6112
46231,1.07043,-37.6432
46232,1.07028,-37.5499
46233,1.07021,-37.5703
46234,1.06953,-37.8527
46235,1.07013,-37.5784
46236,1.07199,-37.3519
46237,1.07289,-37.2756
46238,1.07323,-37.2249
46239,1.07285,-37.2419
46240,1.06704,-37.9113
46241,1.06734,-37.8815
46242,1.06746,-37.8676
46243,1.06935,-37.8714
46244,1.06985,-37.7795
46245,1.06979,-37.6968
46246,1.06976,-37.7869
46247,1.06892,-37.8097
46248,1.0718,-37.4814
46249,1.07244,-37.3513
46250,1.07337,-37.12
46251,1.06763,-37.8994
46252,1.06743,-37.9092
46253,1.06712,-37.9368
46254,1.06788,-37.8878
46255,1.06373,-38.6312
46256,1.06346,-38.659
46257,1.06401,-38.5641
46258,1.0699,-37.5925
46259,1.06918,-37.6754
46260,1.06699,-37.8868
46261,1.06736,-37.8565
46262,1.06304,-38.6946
46263,1.06916,-37.6034
46264,1.06351,-38.0822
46265,1.06667,-37.7896
46266,1.06782,-37.7374
46267,1.07308,-37.1287
46268,1.07201,-37.148
46269,1.07155,-37.2448
46270,1.06984,-37.4502
46271,1.07217,-37.1225
46272,1.06895,-37.4693
46273,1.06836,-37.5447
46274,1.07084,-37.2184
46275,1.07119,-37.2015
46276,1.07056,-37.205
46277,1.07067,-37.2212
46278,1.07088,-37.178
46279,1.06497,-37.912
46280,1.06514,-37.8951
46281,1.06458,-37.9537
46282,1.06666,-37.7466
46283,1.06796,-37.598
46284,1.06326,-38.2094
46285,1.0637,-38.1616
46286,1.07193,-37.388
46287,1.07495,-37.0217
46288,1.07391,-37.2201
46289,1.07418,-37.2341
46290,1.07371,-37.247
46291,1.07443,-37.103
46292,1.07403,-37.1969
46293,1.07423,-37.2244
46294,1.07447,-37.0994
46295,1.07451,-37.1312
46296,1.07619,-37.0906
46297,1.07433,-37.1234
46298,1.07292,-37.4198
46299,1.07345,-37.3281
46300,1.07612,-36.8954
46301,1.07331,-37.328
46302,1.07306,-37.3478
46303,1.06639,-37.7578
46304,1.07154,-37.1824
46305,1.07462,-37.2021
46306,1.08637,-35.8081
46307,1.08733,-35.3181
46308,1.06454,-36.5722
46309,1.06802,-36.3897
46310,1.08497,-35.9021
46311,1.08887,-35.5582
46312,1.08538,-35.8685
46313,1.07878,-36.261
46314,1.07044,-35.8378
46315,1.08828,-34.2277
46316,1.08416,-34.3702
46317,1.05989,-35.7064
46318,1.06452,-35.3309
46319,1.06148,-35.2696
46320,1.06183,-34.8444
46321,1.0573,-35.2233
46322,1.06111,-34.8806
46323,1.06508,-34.8999
46324,1.06307,-34.6726
46325,1.08873,-36.0921
46326,1.08941,-35.906
46327,1.09394,-35.5577
46328,1.08954,-36.4356
46329,1.09372,-35.5996
46330,1.09229,-35.8555
46331,1.08846,-40.0527
46332,1.08651,-38.3904
46333,1.08846,-36.7548
46334,1.086,-37.6834
46335,1.08943,-36.6469
46336,1.08751,-39.6206
46337,1.0945,-35.5094
46338,1.09406,-35.6405
46339,1.06326,-36.0492
46340,1.06278,-36.1496
46341,1.06342,-36.066
46342,1.06329,-36.0502
46343,1.0648,-35.7741
46344,1.06185,-36.1437
46345,1.06288,-36.1362
46346,1.06363,-35.9307
46347,1.05786,-36.7317
46348,1.058,-36.7165
46349,1.06233,-36.2178
46350,1.06243,-36.2794
46351,1.06245,-36.1927
46352,1.06329,-36.0471
46353,1.06289,-36.0858
46354,1.06287,-36.0933
46355,1.06103,-36.201
46356,1.06468,-35.7683
46357,1.06339,-35.9453
46358,1.06588,-35.6149
46359,1.06557,-35.7036
46360,1.06534,-35.5823
46361,1.06673,-35.3777
46362,1.06811,-34.9899
46363,1.06775,-35.2242
46364,1.07101,-35.0802
46365,1.05725,-36.5888
46366,1.05843,-36.4734
46367,1.05967,-36.565
46368,1.06094,-36.412
46369,1.05582,-37.2195
46370,1.05416,-37.4223
46371,1.05609,-37.3818
46372,1.05628,-37.0501
46373,1.05254,-36.6568
46374,1.05495,-36.8271
46375,1.05582,-35.8552
46376,1.05845,-36.9994
46377,1.07107,-35.1342
46378,1.05229,-36.0862
46379,1.06627,-35.2533
46380,1.07967,-32.9111
46381,1.06495,-36.2739
46382,1.07847,-33.6556
46383,1.07894,-33.3755
46384,1.0705,-34.8519
46385,1.07096,-36.1403
46386,1.07513,-35.3219
46387,1.06938,-36.4784
46388,1.06871,-36.652
46389,1.06798,-36.8228
46390,1.06925,-36.52
46391,1.06683,-37.3256
46392,1.06808,-37.2292
46393,1.06562,-37.4223
46394,1.06585,-37.4781
46395,1.06697,-37.463
46396,1.07715,-35.3285
46397,1.07134,-33.688
46398,1.05073,-35.281
46399,1.06442,-35.0584
46400,1.05367,-35.6207
46401,1.05481,-35.7528
46402,1.05369,-35.7711
46403,1.05154,-35.9263
46404,1.05497,-34.4675
46405,1.05283,-35.3408
46406,1.0589,-35.0439
46407,1.06752,-37.2874
46408,1.0474,-38.3862
46409,1.0687,-37.2695
46410,1.06432,-37.2331
46411,1.06023,-37.7227
46412,1.04856,-38.393
46413,1.03863,-37.8937
46414,1.05176,-37.3356
46415,1.0658,-36.5719
46416,1.07005,-36.5898
46417,1.05412,-37.3997
46418,1.08152,-33.5712
46419,1.06733,-35.6213
46420,1.06795,-35.5669
46421,1.0663,-35.7502
46422,1.07925,-35.0405
46423,1.07718,-35.1192
46424,1.06839,-35.821
46425,1.06708,-35.8077
46426,1.06939,-35.3756
46427,1.07078,-35.2038
46428,1.07778,-34.3955
46429,1.07049,-35.1386
46430,1.08301,-35.9834
46431,1.09319,-34.47
46432,1.09775,-34.0713
46433,1.09175,-35.1295
46434,1.08645,-36.0207
46435,1.08804,-34.9591
46436,1.09053,-34.6613
46437,1.07599,-36.33
46438,1.07307,-36.7274
46439,1.07329,-36.7078
46440,1.07608,-36.3219
46441,1.07323,-36.6389
46442,1.07216,-36.7162
46443,1.06677,-37.1813
46444,1.06596,-37.3487
46445,1.06922,-36.9746
46446,1.07243,-36.4619
46447,1.07136,-36.6287
46448,1.06811,-37.0627
46449,1.0696,-36.9242
46450,1.07107,-36.7895
46451,1.06835,-37.1566
46452,1.07683,-36.114
46453,1.07397,-36.4335
46454,1.07798,-35.8623
46455,1.07789,-35.8684
46456,1.07836,-35.8616
46457,1.08252,-34.9509
46458,1.07931,-35.6886
46459,1.07863,-35.8144
46460,1.07857,-35.8039
46461,1.07549,-35.9273
46462,1.07643,-36.1541
46463,1.07548,-36.2032
46464,1.06215,-37.8632
46465,1.05806,-38.2953
46466,1.06773,-37.2176
46467,1.07475,-36.2662
46468,1.07831,-36.1916
46469,1.07678,-36.2978
46470,1.06921,-37.3383
46471,1.06312,-38.0933
46472,1.06547,-37.7956
46473,1.07289,-36.9146
46474,1.05131,-39.1395
46475,1.05218,-39.0405
46476,1.0549,-38.7567
46477,1.0623,-38.0836
46478,1.0535,-38.9526
46479,1.05816,-38.5808
46480,1.07692,-36.3298
46481,1.08626,-34.6268
46482,1.08822,-33.9749
46483,1.08871,-33.8245
46484,1.08865,-33.7697
46485,1.0881,-33.696
46486,1.05912,-37.7764
46487,1.05784,-37.9173
46488,1.05916,-37.7709
46489,1.05984,-37.5815
46490,1.05417,-38.3509
46491,1.05582,-38.1531
46492,1.05536,-38.1923
46493,1.05662,-38.0511
46494,1.05639,-38.0702
46495,1.06089,-37.5675
46496,1.06114,-37.4117
46497,1.06243,-37.1754
46498,1.0521,-38.6711
46499,1.05812,-37.7429
46500,1.0573,-38.0309
46501,1.05577,-38.1405
46502,1.06506,-36.9588
46503,1.0662,-36.4841
46504,1.06523,-36.5956
46505,1.06496,-36.6465
46506,1.06517,-36.5351
46507,1.06606,-36.4954
46508,1.06495,-36.624
46509,1.06473,-36.7022
46510,1.06444,-36.7373
46511,1.06526,-36.4739
46512,1.06645,-36.2412
46513,1.0655,-36.4154
46514,1.0667,-36.3121
46515,1.06534,-36.538
46516,1.05523,-37.7081
46517,1.05851,-37.7442
46518,1.04361,-39.5056
46519,1.05451,-39.0606
46520,1.05532,-38.9571
46521,1.0457,-39.3591
46522,1.06465,-37.4453
46523,1.06029,-37.2601
46524,1.05152,-39.1296
46525,1.05064,-39.4836
46526,1.05145,-39.3386
46527,1.04753,-39.4827
46528,1.04549,-39.7289
46529,1.04079,-36.7652
46530,1.04107,-36.7401
46531,1.03799,-37.0003
46532,1.04021,-36.8111
46533,1.05257,-35.2265
46534,1.05652,-35.6756
46535,1.05897,-35.8201
46536,1.06056,-35.9337
46537,1.05504,-36.3355
46538,1.05935,-36.033
46539,1.05238,-35.9979
46540,1.0482,-36.3947
46541,1.05849,-35.6935
46542,1.05933,-35.7858
46543,1.07388,-38.7127
46544,1.08346,-36.9884
46545,1.07362,-38.6995
46546,1.0724,-38.8562
46547,1.07176,-38.9664
46548,1.07053,-39.0763
46549,1.06654,-38.9773
46550,1.06809,-39.257
46551,1.06837,-37.5589
46552,1.08031,-36.6492
46553,1.07766,-37.4705
46554,1.07906,-37.3337
46555,1.06432,-37.9196
46556,1.04813,-37.7143
46557,1.07249,-37.4066
46558,1.05149,-36.4061
46559,1.0456,-40.6401
46560,1.09162,-35.375
46561,1.04369,-40.9186
46562,1.07265,-34.4943
46563,1.07521,-34.342
46564,1.08069,-33.8499
46565,1.07657,-34.2544
46566,1.07653,-34.2478
46567,1.08295,-33.4551
46568,1.08287,-33.2738
46569,1.08535,-32.9179
46570,1.0712,-34.9525
46571,1.07379,-34.3788
46572,1.06921,-34.8161
46573,1.07726,-32.382
46574,1.07734,-32.3703
46575,1.07729,-32.4208
46576,1.07758,-32.4775
46577,1.07611,-32.6297
46578,1.07754,-32.346
46579,1.07845,-32.2441
46580,1.07847,-32.4403
46581,1.08073,-31.6817
46582,1.08135,-31.669
46583,1.08165,-31.4777
46584,1.07839,-32.1407
46585,1.07246,-33.9378
46586,1.07309,-34.0796
46587,1.07463,-33.7418
46588,1.07394,-33.5897
46589,1.07546,-32.9889
46590,1.07632,-32.7627
46591,1.08051,-31.983
46592,1.08037,-31.933
46593,1.07392,-33.3305
46594,1.07348,-33.7658
46595,1.06819,-34.4435
46596,1.07331,-33.9955
46597,1.08046,-32.3202
46598,1.07803,-32.2831
46599,1.08553,-34.2088
46600,1.08009,-35.7065
46601,1.07673,-36.6619
46602,1.08358,-34.7371
46603,1.08775,-33.9574
46604,1.08596,-34.1997
46605,1.0744,-34.9056
46606,1.07285,-34.1043
46607,1.06421,-35.0631
46608,1.07179,-35.3349
46609,1.06358,-35.7022
46610,1.05737,-35.2371
46611,1.07162,-33.5103
46612,1.06844,-35.8229
46613,1.0877,-34.1765
46614,1.07458,-34.6263
46615,1.07505,-33.6711
46616,1.07862,-32.5412
46617,1.07834,-32.5869
46618,1.07648,-32.0105
46619,1.07315,-31.8855
46620,1.09249,-40.1754
46621,1.08883,-40.4664
46622,1.08803,-40.0455
46623,1.09286,-41.1235
46624,1.09186,-40.3142
46625,1.05884,-38.7489
46626,1.05799,-38.7701
46627,1.05975,-38.5704
46628,1.06928,-37.4357
46629,1.0609,-38.298
46630,1.0702,-37.3559
46631,1.07124,-37.2987
46632,1.07091,-37.25
46633,1.05876,-37.8694
46634,1.05497,-38.3957
46635,1.05453,-38.4905
46636,1.05565,-38.5097
46637,1.05749,-38.6346
46638,1.05746,-38.5977
46639,1.05182,-39.0576
46640,1.05423,-38.6905
46641,1.05375,-38.813
46642,1.05794,-38.45
46643,1.05545,-38.4767
46644,1.05693,-38.2113
46645,1.0539,-38.6759
46646,1.05848,-38.1511
46647,1.03993,-35.7604
46648,1.04782,-36.4991
46649,1.0738,-37.262
46650,1.07471,-36.8468
46651,1.06276,-37.0301
46652,1.06207,-36.9996
46653,1.06323,-36.3085
46654,1.06592,-36.7568
46655,1.06055,-37.1694
46656,1.06846,-36.9623
46657,1.06015,-37.2776
46658,1.06065,-37.2384
46659,1.05981,-37.351
46660,1.05996,-37.4217
46661,1.06086,-37.34
46662,1.05998,-37.3872
46663,1.05979,-37.3783
46664,1.06512,-37.3358
46665,1.06939,-36.963
46666,1.07017,-36.9615
46667,1.07031,-36.9018
46668,1.06974,-37.2388
46669,1.06946,-36.9945
46670,1.07004,-36.8866
46671,1.06916,-37.142
46672,1.07022,-36.879
46673,1.07197,-36.7736
46674,1.07053,-37.376
46675,1.07307,-37.4015
46676,1.07133,-37.1488
46677,1.07067,-37.4985
46678,1.06861,-37.414
46679,1.06851,-37.6136
46680,1.07209,-37.5776
46681,1.0696,-37.6165
46682,1.0686,-37.684
46683,1.07024,-37.7365
46684,1.06819,-37.9141
46685,1.07143,-37.6827
46686,1.07103,-37.6297
46687,1.06784,-37.91
46688,1.06856,-37.8341
46689,1.06763,-37.9059
46690,1.06831,-38.0041
46691,1.06569,-38.1509
46692,1.06531,-38.1922
46693,1.06858,-37.7615
46694,1.06816,-37.8002
46695,1.06945,-37.6695
46696,1.06815,-37.8371
46697,1.07037,-37.6029
46698,1.0653,-38.2032
46699,1.06514,-38.1805
46700,1.06613,-38.0651
46701,1.06663,-38.0023
46702,1.07223,-37.3914
46703,1.07157,-37.508
46704,1.07358,-37.2049
46705,1.07261,-37.3239
46706,1.06851,-37.7703
46707,1.06762,-37.904
46708,1.06816,-37.8457
46709,1.06471,-38.1401
46710,1.06432,-38.1431
46711,1.06325,-38.1975
46712,1.06053,-38.4704
46713,1.06583,-38.0243
46714,1.06286,-38.1668
46715,1.06034,-38.593
46716,1.06068,-38.4627
46717,1.06395,-38.4053
46718,1.06356,-38.4305
46719,1.06798,-38.0687
46720,1.06311,-38.5322
46721,1.0638,-38.4651
46722,1.06567,-38.2913
46723,1.06857,-38.0177
46724,1.06658,-38.2103
46725,1.06324,-38.4154
46726,1.06536,-38.3207
46727,1.06512,-38.344
46728,1.06232,-38.4912
46729,1.06337,-38.3728
46730,1.06393,-38.3222
46731,1.0659,-38.2816
46732,1.06118,-38.7323
46733,1.06059,-38.7943
46734,1.06483,-38.3733
46735,1.05796,-38.9692
46736,1.05592,-39.1772
46737,1.07438,-37.2955
46738,1.05867,-38.8981
46739,1.06921,-38.0288
46740,1.07233,-37.7107
46741,1.07177,-37.7123
46742,1.07271,-37.669
46743,1.07043,-38.0048
46744,1.07137,-37.9199
46745,1.06373,-38.4461
46746,1.05509,-39.2343
46747,1.05506,-39.2466
46748,1.055,-39.2081
46749,1.05938,-38.6674
46750,1.05695,-39.0316
46751,1.06043,-38.5748
46752,1.0654,-38.1158
46753,1.06516,-38.2993
46754,1.05895,-38.6992
46755,1.05844,-38.7408
46756,1.07007,-37.516
46757,1.06511,-38.0766
46758,1.06606,-37.9916
46759,1.06309,-37.9721
46760,1.06897,-37.4642
46761,1.06672,-37.6572
46762,1.06554,-37.9442
46763,1.06841,-37.4448
46764,1.06496,-37.9075
46765,1.06562,-37.8325
46766,1.06599,-36.2557
46767,1.03424,-39.3297
46768,1.04241,-38.5034
46769,1.03553,-39.1751
46770,1.07263,-36.247
46771,1.06792,-36.7731
46772,1.03053,-39.4928
46773,1.04365,-38.6539
46774,1.04639,-38.3184
46775,1.07029,-36.5942
46776,1.06409,-36.5683
46777,1.04154,-38.716
46778,1.06183,-36.8666
46779,1.06541,-37.061
46780,1.08916,-36.5409
46781,1.08962,-37.0351
46782,1.07809,-39.7015
46783,1.07797,-39.5771
46784,1.09198,-36.8141
46785,1.07152,-34.9
46786,1.07107,-34.9306
46787,1.07091,-34.9245
46788,1.07143,-34.927
46789,1.07083,-34.9628
46790,1.07122,-34.9371
46791,1.07092,-34.9586
46792,1.0696,-35.1612
46793,1.06963,-35.1126
46794,1.07032,-35.0762
46795,1.07217,-34.7759
46796,1.07139,-34.9717
46797,1.07247,-34.7652
46798,1.07127,-34.9756
46799,1.07086,-34.9568
46800,1.06734,-35.4728
46801,1.06549,-35.5413
46802,1.06685,-35.4757
46803,1.06714,-35.4491
46804,1.07332,-35.2603
46805,1.07734,-37.9887
46806,1.06232,-36.6608
46807,1.06469,-36.3533
46808,1.0642,-36.5905
46809,1.05916,-36.4097
46810,1.06275,-36.2397
46811,1.06131,-36.3575
46812,1.06133,-36.34
46813,1.06328,-35.9937
46814,1.06186,-36.2894
46815,1.06347,-35.987
46816,1.06223,-36.2472
46817,1.06406,-35.9437
46818,1.06001,-36.4035
46819,1.05744,-36.6499
46820,1.05758,-36.6357
46821,1.06529,-35.7888
46822,1.05539,-36.8271
46823,1.0571,-36.6753
46824,1.06604,-35.6921
46825,1.06704,-35.5307
46826,1.08574,-33.4644
46827,1.08554,-34.6947
46828,1.08185,-35.9116
46829,1.0841,-35.5203
46830,1.08399,-35.5443
46831,1.08226,-35.8672
46832,1.0855,-35.4348
46833,1.05545,-37.737
46834,1.05116,-37.9616
46835,1.06222,-36.3748
46836,1.05959,-36.546
46837,1.05277,-37.607
46838,1.05474,-37.3141
46839,1.05402,-37.4779
46840,1.05326,-37.5604
46841,1.08127,-36.0197
46842,1.0692,-36.3777
75433,1.08385,-26.0619
75434,1.08319,-25.8304
75435,1.08286,-25.5784
75436,1.06628,-15.7148
75437,1.06958,-16.0966
75438,1.08497,-27.4522
75439,1.08448,-27.0773
75440,1.08367,-26.5172
75441,1.07492,-28.5753
75442,1.07461,-28.4008
75443,1.08331,-23.4887
75444,1.08267,-23.1803
75445,1.0776,-20.2065
75446,1.07615,-19.8922
75447,1.07875,-26.9862
75448,1.07811,-26.4346
75449,1.08203,-19.138
75450,1.08205,-19.0628
75451,1.07331,-21.7724
75452,1.07118,-27.8572
75453,1.07278,-27.8841
75454,1.07009,-27.2316
75455,1.08165,-26.3926
75456,1.08205,-26.2793
75457,1.07974,-25.3468
75458,1.07626,-26.9223
75459,1.06622,-15.7081
75460,1.07641,-27.0141
75461,1.07673,-26.5975
75462,1.08866,-26.4149
75463,1.08934,-26.4013
75464,1.09113,-26.2914
75465,1.05465,-23.0795
75466,1.08958,-24.6206
75467,1.06656,-21.523
75468,1.07566,-29.8663
75469,1.07507,-26.7771
75470,1.07437,-26.5102
75471,1.07617,-29.0798
75472,1.06469,-25.8484
75473,1.06536,-25.632
75474,1.06076,-24.4311
75475,1.07326,-29.2803
75476,1.07954,-25.4642
75477,1.07924,-25.2859
75478,1.08019,-25.9588
75479,1.08339,-25.8337
75480,1.08434,-27.228
75481,1.08414,-27.0309
75482,1.08339,-26.4688
75483,1.06057,-30.2266
75484,1.08733,-26.9388
75485,1.08391,-27.5682
75486,1.08278,-19.209
75487,1.05871,-25.751
75488,1.05725,-25.5192
75489,1.08858,-26.3627
75490,1.08773,-26.1274
75491,1.07697,-15.2407
75492,1.07278,-13.6637
75493,1.06816,-11.3287
75494,1.07325,-26.4903
75495,1.07395,-28.6029
75496,1.08354,-23.6507
75497,1.08267,-23.2019
75498,1.08665,-31.2703
75499,1.08659,-31.1876
75500,1.08347,-30.4621
75501,1.08395,-27.1772
75502,1.08514,-26.8278
75503,1.07632,-26.2008
75504,1.08191,-30.6113
75505,1.08192,-30.7506
75506,1.0646,-28.8822
75507,1.0678,-28.6694
75508,1.07324,-29.2699
75509,1.0902,-26.1437
75510,1.06727,-30.9595
75511,1.06976,-30.3878
75512,1.09213,-27.1182
75513,1.07986,-25.6476
75514,1.07554,-27.2327
75515,1.06321,-26.3546
75516,1.09358,-30.3174
75517,1.07856,-28.9078
75518,1.05303,-23.6635
75519,1.05313,-23.738
75520,1.07156,-28.2606
75521,1.07258,-28.5355
75522,1.08743,-26.0484
75523,1.08904,-24.9838
75524,1.1,-28.5759
75525,1.08207,-32.4762
75526,1.08639,-31.9282
75527,1.09879,-30.3398
75528,1.08826,-23.3463
75529,1.09474,-20.7586
75530,1.07176,-17.5335
75531,1.07132,-16.9042
75532,1.06952,-16.0154
75533,1.06125,-15.0655
75534,1.08769,-27.271
75535,1.08987,-26.4231
75536,1.09088,-26.2389
75537,1.0915,-25.5452
75538,1.09747,-23.6447
75539,1.07433,-21.5609
75540,1.075,-21.7635
75541,1.06669,-20.649
75542,1.09029,-28.0391
75543,1.09072,-27.415
75544,1.05838,-13.9558
75545,1.05402,-12.4854
75546,1.04839,-10.9538
75547,1.09408,-3.51891
75548,1.09675,-2.60001
75549,1.1,-1.56768
75550,1.0847,-9.02053
75551,1.08919,-7.07826
75552,1.08246,-19.7016
75553,1.08418,-19.1319
75554,1.07933,-20.5926
75555,1.07904,-20.2553
75556,1.08081,-11.4165
75557,1.08052,-11.1213
75558,1.08531,-12.9147
75559,1.08309,-34.1739
75560,1.09091,-28.042
75561,1.08132,-35.3177
75562,1.08466,-34.7185
75563,1.09019,-24.464
75564,1.09089,-23.631
75565,1.1,-24.0531
75566,1.07967,-34.399
75567,1.0845,-33.8676
75568,1.1,2.1621
75569,1.08286,-29.3624
75570,1.08239,-26.2119
75571,1.08675,-23.674
75572,1.08621,-23.5921
75573,1.08182,-35.3933
75574,1.08388,-35.0058
75575,1.07602,-20.2952
75576,1.07705,-19.7177
75577,1.09154,-28.2299
75578,1.0943,-28.4505
75579,1.08456,-31.3256
75580,1.08646,-30.996
75581,1.09476,-29.8321
75582,1.08852,-1.47817e-12
75583,1.08855,-27.3238
75584,1.09034,-26.1057
75585,1.07646,-8.81858
75586,1.07497,-8.07854
75587,1.0637,-33.8397
75588,1.06693,-36.3701
75589,1.07076,-25.4686
75590,1.07393,-21.7032
75591,1.07022,-21.0627
75592,1.0802,-21.1938
75593,1.09092,-19.4943
75594,1.07638,-7.92922
75595,1.07642,-7.79414
75596,1.07668,-34.575
75597,1.07924,-34.2271
75598,1.08169,-33.7915
75599,1.06636,-2.55238
75600,1.07565,-16.472
75601,1.07592,-15.7861
75602,1.07994,-13.4066
75603,1.08838,-23.1106
75604,1.08034,-29.5419
75605,1.0799,-29.1993
75606,1.07712,-28.5902
75607,1.07153,-34.6377
75608,1.07472,-20.0226
75609,1.06609,-16.3043
75610,1.06907,-15.9407
75611,1.07376,-15.2255
75612,1.09176,-32.777
75613,1.09381,-29.8494
75614,1.09685,-27.8333
75615,1.08244,-24.4151
75616,1.07943,-33.0324
75617,1.08023,-32.5779
75618,1.0897,-31.7167
75619,1.08417,-24.4016
75620,1.07242,-17.378
75621,1.08252,-12.993
75622,1.09594,-9.3655
75623,1.09755,-8.82775
75624,1.08523,-32.8296
75625,1.09647,-30.4297
75626,1.07796,-35.8939
75627,1.07844,-29.9605
75628,1.08724,-23.3068
75629,1.08346,-16.2916
75630,1.08519,-3.22528
75631,1.08541,-2.96772
75632,1.07751,-34.7213
75633,1.0798,-34.0617
75634,1.08835,-26.3751
75635,1.08964,-26.2892
75636,1.088,-3.7139
75637,1.08836,-2.86682
75638,1.07235,-17.3079
75639,1.07356,-17.0845
75640,1.06361,-17.1587
75641,1.07949,-21.5706
75642,1.075,-34.5791
75643,1.04751,-34.6441
75644,1.04867,-33.8837
75645,1.04476,-31.578
75646,1.0412,-26.3857
75647,1.04936,-35.4932
75648,1.04974,-34.8327
75649,1.05364,-34.6343
75650,1.05334,-33.7682
75651,1.05299,-32.9382
75652,1.0506,-31.6911
75653,1.03294,-38.1099
75654,1.03659,-37.7337
75655,1.06796,-32.249
75656,1.07035,-31.6862
75657,1.07378,-31.5055
75658,1.08058,-21.5051
75659,1.05303,-35.295
75660,1.05402,-34.9526
75661,1.0327,-20.2179
75662,1.0339,-38.3613
75663,1.04799,-36.4887
75664,1.03909,-37.9791
75665,1.04303,-37.4698
75666,1.05013,-35.8931
75667,1.07923,-26.8815
75668,1.06704,-31.5375
75669,1.06584,-31.4783
75670,1.03284,-21.4826
75671,1.06769,-28.9971
75672,1.06867,-29.356
75673,1.06297,-26.411
75674,1.06623,-31.8132
75675,1.06585,-31.4799
75676,1.06192,-33.2619
75677,1.07009,-27.249
75678,1.0725,-27.11
75679,1.07211,-30.1341
75680,1.07121,-30.0287
75681,1.07241,-26.8498
75682,1.07175,-26.3434
75683,1.1,-23.6997
75684,1.09409,-26.1412
75685,1.07783,-21.9894
75686,1.07018,-20.788
75687,1.07424,-16.7595
75688,1.07097,-15.8887
75689,1.06895,-14.827
75690,1.03738,-28.6484
75691,1.03724,-28.5114
75692,1.06123,-24.5724
75693,1.04025,-37.4823
75694,1.04352,-36.4257
75695,1.06042,-25.9845
75696,1.06202,-23.7455
75697,1.06049,-24.2096
75698,1.04144,-36.603
75699,1.04174,-36.4357
75700,1.0643,-21.0711
75701,1.06162,-33.2938
75702,1.05152,-36.3191
75703,1.03967,-36.6083
75704,1.06962,-29.45
75705,1.06467,-26.5364
75706,1.07814,-35.9894
75707,1.08105,-35.2573
75708,1.08846,-33.4905
75709,1.07961,-30.8898
75710,1.07914,-30.552
75711,1.07948,-29.3655
75712,1.08515,-34.6711
75713,1.08869,-33.7186
75714,1.06249,-31.3707
75715,1.06133,-31.2859
75716,1.07145,-31.0049
75717,1.08832,-33.5396
75718,1.08988,-33.5561
75719,1.09111,-33.1246
75720,1.07318,-34.6195
75721,1.07491,-34.6911
75722,1.06685,-39.0762
75723,1.0659,-39.3406
75724,1.06487,-35.8316
75725,1.06523,-35.7766
75726,1.06264,-31.3827
75727,1.06012,-30.7378
75728,1.07236,-37.1308
75729,1.07847,-35.8214
75730,1.07802,-32.7421
75731,1.07866,-32.5625
75732,1.07841,-33.6974
75733,1.07897,-33.157
75734,1.07557,-33.9227
75735,1.07479,-33.8378
75736,1.07643,-36.9438
75737,1.08013,-36.5084
75738,1.06371,-32.7956
75739,1.0905,-29.729
75740,1.08581,-34.5651
75741,1.07419,-34.8387
75742,1.07468,-34.4907
75743,1.07487,-34.0294
75744,1.08315,-35.1852
75745,1.07462,-37.0613
75746,1.07814,-36.7801
75747,1.08142,-31.7759
75748,1.08233,-31.1282
75749,1.06758,-35.0486
75750,1.07911,-31.0936
75751,1.06013,-36.5087
75752,1.06776,-34.9435
75753,1.0848,-30.797
75754,1.07965,-29.8461
75755,1.1,-29.4397
75756,1.06973,-34.6228
75757,1.06864,-34.5413
75758,1.07387,-32.642
75759,1.06622,-35.8359
75760,1.06992,-34.7519
75761,1.06301,-36.2947
75762,1.06934,-39.1297
75763,1.07496,-35.1832
75764,1.08679,-31.1114
75765,1.08484,-30.8426
75766,1.07787,-31.7938
75767,1.0776,-31.6736
75768,1.06691,-39.4308
75769,1.08495,-24.0363
75770,1.07779,-25.0724
75771,1.08609,-23.3564
75772,1.08005,-10.8761
75773,1.07922,-9.6365
75774,1.06684,-35.0486
75775,1.07059,-34.9464
75776,1.07608,-34.3488
75777,1.08179,-33.4675
75778,1.0857,-32.1721
75779,1.06549,-35.7553
75780,1.06327,-28.4014
75781,1.07639,-25.7045
75782,1.07537,-26.2028
75783,1.07091,-26.4516
75784,1.06925,-26.5611
75785,1.06475,-27.7187
75786,1.08291,-31.1221
75787,1.08287,-29.5504
75788,1.08116,-29.3882
75789,1.08248,-29.6885
75790,1.08169,-29.9652
75791,1.08271,-30.2769
75792,1.08349,-28.9547
75793,1.06419,-20.3769
75794,1.06834,-21.7502
75795,1.06816,-18.0299
75796,1.06843,-17.9391
75797,1.06953,-17.5616
75798,1.06901,-17.9142
75799,1.07171,-16.7965
75800,1.06378,-20.6173
75801,1.06356,-20.4457
75802,1.06652,-18.2266
75803,1.06702,-18.1928
75804,1.06967,-17.9251
75805,1.07043,-17.416
75806,1.07175,-16.8403
75807,1.06679,-18.1336
75808,1.06657,-14.1698
75809,1.05168,-11.4357
75810,1.06159,-14.4277
75811,1.06202,-14.3622
75812,1.07285,-15.4024
75813,1.07724,-5.86017
75814,1.06719,-3.27865
75815,1.07432,-6.81141
75816,1.07967,-9.49864
75817,1.07965,-9.06911
75818,1.07395,-8.33102
75819,1.0743,-8.47075
75820,1.07577,-8.23448
75821,1.08355,-13.2659
75822,1.05877,-37.5731
75823,1.05875,-37.5714
75824,1.05892,-37.5408
75825,1.0591,-37.5188
75826,1.05883,-37.5537
75827,1.06108,-37.2945
75828,1.06203,-37.1758
75829,1.06527,-36.6989
75830,1.064,-36.6126
75831,1.06413,-36.5964
75832,1.06419,-36.6031
75833,1.06241,-37.0875
75834,1.06507,-36.6075
75835,1.06718,-36.2257
75836,1.07369,-35.2514
75837,1.07592,-36.0116
75838,1.0804,-33.5217
75839,1.08004,-33.5512
75840,1.07092,-35.776
75841,1.07913,-33.6719
75842,1.08006,-33.5453
75843,1.0802,-33.5292
75844,1.08055,-33.474
75845,1.08058,-33.4691
75846,1.06907,-35.6119
75847,1.06897,-35.7269
75848,1.06778,-35.7794
75849,1.06656,-35.7699
75850,1.06735,-35.4386
75851,1.07604,-34.6142
75852,1.07948,-34.0265
75853,1.08583,-32.6857
75854,1.07413,-35.0079
75855,1.07249,-35.2328
75856,1.07724,-34.3291
75857,1.08629,-32.3141
75858,1.06824,-35.9623
75859,1.07006,-35.6848
75860,1.06527,-36.4161
75861,1.07444,-35.2642
75862,1.06953,-35.9903
75863,1.06942,-36.0536
75864,1.06899,-36.0962
75865,1.07136,-35.9591
75866,1.07054,-36.0107
75867,1.0716,-35.7981
75868,1.07396,-35.2169
75869,1.06959,-35.983
75870,1.06877,-35.987
75871,1.06926,-35.8786
75872,1.07191,-35.6679
75873,1.06902,-35.9307
75874,1.07878,-34.2592
75875,1.07306,-35.5626
75876,1.0779,-34.4023
75877,1.07684,-34.4858
75878,1.0767,-34.5187
75879,1.07667,-34.5332
75880,1.07858,-34.3201
75881,1.0769,-34.4272
75882,1.07766,-34.4361
75883,1.07852,-34.2996
75884,1.07876,-34.2714
75885,1.08094,-33.9057
75886,1.07844,-34.3631
75887,1.07977,-34.0843
75888,1.07967,-34.0958
75889,1.07766,-34.4202
75890,1.07363,-35.2751
75891,1.07625,-34.7617
75892,1.07851,-34.2436
75893,1.07645,-34.5663
75894,1.07343,-35.0038
75895,1.07502,-34.7378
75896,1.07565,-34.663
75897,1.07589,-34.5909
75898,1.07186,-35.3878
75899,1.06945,-35.7082
75900,1.06419,-36.6488
75901,1.06453,-36.588
75902,1.06746,-36.0914
75903,1.06498,-36.5
75904,1.06662,-36.2416
75905,1.06635,-36.3175
75906,1.06769,-36.0608
75907,1.06408,-36.6639
75908,1.06881,-35.8972
75909,1.06724,-36.2215
75910,1.07192,-35.3499
75911,1.06386,-36.7488
75912,1.06397,-36.8041
75913,1.06681,-36.2606
75914,1.06481,-36.5696
75915,1.06884,-35.942
75916,1.07422,-34.9362
75917,1.08542,-32.6102
75918,1.06783,-36.1434
75919,1.06773,-36.1774
75920,1.06591,-36.4417
75921,1.06623,-36.3947
75922,1.06547,-36.4045
75923,1.06655,-36.1509
75924,1.06626,-36.185
75925,1.06733,-36.0139
75926,1.06821,-35.8533
75927,1.07758,-34.2957
75928,1.06748,-35.678
75929,1.07756,-34.2308
75930,1.06913,-35.7422
75931,1.07719,-34.2372
75932,1.07,-35.4518
75933,1.07427,-34.7609
75934,1.07871,-33.9882
75935,1.08691,-32.1775
75936,1.09271,-29.5761
75937,1.06792,-35.6019
75938,1.07462,-35.0966
75939,1.07805,-34.3989
75940,1.08102,-33.9142
75941,1.07553,-34.8654
75942,1.06822,-35.7391
75943,1.06828,-35.6624
75944,1.072,-35.0512
75945,1.07701,-34.1284
75946,1.06936,-35.2909
75947,1.06821,-34.6392
75948,1.06986,-34.4166
75949,1.07067,-34.5255
75950,1.06843,-34.5931
75951,1.0725,-34.2839
75952,1.07756,-33.4779
75953,1.08107,-33.1292
75954,1.09467,-29.6657
75955,1.08008,-33.5172
75956,1.08143,-33.3509
75957,1.07205,-34.7573
75958,1.07539,-33.8595
75959,1.07728,-34.613
75960,1.08245,-33.6787
75961,1.09255,-30.061
75962,1.08318,-33.104
75963,1.09271,-30.0514
75964,1.06989,-35.3016
75965,1.07887,-33.6985
75966,1.08148,-33.4162
75967,1.08857,-32.0027
75968,1.06806,-35.5895
75969,1.06271,-36.1344
75970,1.07109,-34.7419
75971,1.07035,-34.9155
75972,1.06945,-35.1332
75973,1.0772,-33.9433
75974,1.06799,-35.3609
75975,1.07187,-34.6339
75976,1.07541,-33.7625
75977,1.0758,-33.544
75978,1.07284,-34.256
75979,1.07185,-34.5229
75980,1.07575,-33.5356
75981,1.08001,-32.1732
75982,1.079,-32.7479
75983,1.08636,-31.6577
75984,1.08357,-31.6593
75985,1.0782,-32.7426
75986,1.07838,-32.6983
75987,1.07922,-32.4116
75988,1.07901,-32.4569
75989,1.07941,-32.3909
75990,1.07968,-32.3389
75991,1.07772,-32.8171
75992,1.07749,-32.8854
75993,1.07021,-34.7976
75994,1.07294,-34.0053
75995,1.07443,-33.7411
75996,1.07696,-32.9963
75997,1.07132,-34.5169
75998,1.06135,-36.4628
75999,1.06431,-35.6706
76000,1.07764,-34.2681
76001,1.0819,-33.9283
76002,1.06819,-35.9576
76003,1.06991,-35.8504
76004,1.06705,-36.4523
76005,1.07865,-34.864
76006,1.07027,-36.0791
76007,1.0659,-36.4871
76008,1.08196,-34.2197
76009,1.07072,-35.9863
76010,1.08002,-34.6494
76011,1.08152,-34.4612
76012,1.0679,-36.1457
76013,1.07349,-35.1026
76014,1.07984,-34.7798
76015,1.07119,-35.9141
76016,1.08177,-34.1694
76017,1.07149,-35.6855
76018,1.08155,-33.7806
76019,1.07984,-34.6364
76020,1.08295,-34.1468
76021,1.0791,-34.6234
76022,1.06577,-36.3176
76023,1.07161,-14.0297
76024,1.06756,-35.0172
76025,1.06985,-34.0654
76026,1.07915,-33.4852
76027,1.07955,-33.2624
76028,1.07288,-32.7902
76029,1.07976,-32.8825
76030,1.08064,-32.1616
76031,1.08376,-30.997
76032,1.07508,-32.1772
76033,1.07779,-31.3368
76034,1.07307,-30.7977
76035,1.07504,-32.1984
76036,1.07137,-17.0919
76037,1.07069,-17.8994
76038,1.08703,-13.4488
76039,1.08876,-12.7833
76040,1.07714,-34.3208
76041,1.07296,-34.9604
76042,1.07273,-34.885
76043,1.07242,-34.8851
76044,1.07215,-34.851
76045,1.072,-34.8575
76046,1.07531,-34.5756
76047,1.07201,-34.8792
76048,1.07191,-34.8998
76049,1.07571,-34.3405
76050,1.07219,-34.8295
76051,1.07305,-34.7293
76052,1.0753,-34.3478
76053,1.07239,-34.5961
76054,1.07324,-34.5508
76055,1.07475,-34.1997
76056,1.07263,-34.529
76057,1.07417,-34.2588
76058,1.07623,-34.4414
76059,1.07734,-34.4479
76060,1.07494,-34.5788
76061,1.07375,-34.3944
76062,1.07448,-34.2244
76063,1.07549,-33.9776
76064,1.07535,-33.9824
76065,1.07566,-33.9188
76066,1.07688,-33.5595
76067,1.07589,-33.9415
76068,1.08144,-32.7953
76069,1.07544,-34.0105
76070,1.07239,-34.5802
76071,1.07256,-34.4888
76072,1.07319,-34.2678
76073,1.06839,-35.1786
76074,1.06874,-35.146
76075,1.07161,-34.6785
76076,1.07215,-34.6104
76077,1.07297,-34.4884
76078,1.06769,-35.1978
76079,1.06758,-35.1752
76080,1.06914,-34.878
76081,1.07298,-34.3501
76082,1.07299,-34.3412
76083,1.06999,-34.7358
76084,1.07272,-34.3718
76085,1.07051,-34.4097
76086,1.07068,-34.53
76087,1.07166,-34.3756
76088,1.07317,-34.1883
76089,1.07292,-34.2139
76090,1.07294,-34.2005
76091,1.07779,-33.25
76092,1.08057,-32.779
76093,1.07532,-33.7781
76094,1.0734,-34.1329
76095,1.07279,-33.9273
76096,1.07471,-34.0573
76097,1.0747,-33.8608
76098,1.07823,-33.2783
76099,1.07549,-33.6012
76100,1.07488,-33.7044
76101,1.07581,-33.5565
76102,1.07875,-33.2121
76103,1.07589,-33.3427
76104,1.07561,-33.3878
76105,1.07522,-33.5052
76106,1.08063,-32.846
76107,1.08696,-31.9015
76108,1.08475,-32.432
76109,1.08782,-31.868
76110,1.07332,-32.6097
76111,1.07314,-32.6347
76112,1.07293,-34.7911
76113,1.07237,-34.7745
76114,1.07321,-34.6915
76115,1.07364,-34.5806
76116,1.07646,-34.0161
76117,1.08162,-17.4618
76118,1.08327,-16.9971
76119,1.0843,-11.6864
76120,1.07854,-9.17804
76121,1.07909,-9.4061
76122,1.07834,-8.89313
76123,1.07822,-23.7869
76124,1.07078,-21.9649
76125,1.06643,-22.3103
76126,1.08861,-20.346
76127,1.08875,-19.7166
76128,1.08616,-5.30019
76129,1.08638,-4.61349
76130,1.08644,-3.86888
76131,1.08788,-5.56899
76132,1.08749,-5.38077
76133,1.07451,-22.4813
76134,1.07578,-22.17
76135,1.07503,-22.4047
76136,1.07798,-21.3345
76137,1.07827,-20.6764
76138,1.08292,-19.8081
76139,1.08341,-19.6769
76140,1.07289,-21.5857
76141,1.06434,-18.9418
76142,1.06428,-19.5412
76143,1.08972,-26.3369
76144,1.08537,-26.1259
76145,1.08649,-26.2792
76146,1.08703,-26.0352
76147,1.08208,-25.3761
76148,1.08634,-26.2174
76149,1.08825,-26.38
76150,1.08671,-26.4115
76151,1.08363,-26.2973
76152,1.07889,-26.1287
76153,1.07521,-27.7733
76154,1.07459,-27.5981
76155,1.07542,-27.5676
76156,1.06918,-27.8477
76157,1.06803,-27.6729
76158,1.07207,-27.1433
76159,1.06023,-28.4196
76160,1.0607,-27.6068
76161,1.0619,-27.3525
76162,1.06421,-27.714
76163,1.06393,-26.3777
76164,1.06468,-25.2484
76165,1.08767,-1.81384
76166,1.0802,-10.2191
76167,1.08426,-7.14073
76168,1.0829,-7.23426
76169,1.08519,-6.48571
76170,1.08376,-7.18753
76171,1.08424,-7.25142
76172,1.08345,-7.18396
76173,1.08439,-7.09345
76174,1.08502,-7.03743
76175,1.08606,-6.88713
76176,1.07216,-17.4164
76177,1.07353,-34.5455
76178,1.08179,-32.2219
76179,1.08478,-30.9346
76180,1.08442,-31.2872
76181,1.07556,-34.7841
76182,1.07588,-34.7488
76183,1.07678,-34.5267
76184,1.07818,-34.1135
76185,1.07422,-34.7889
76186,1.07426,-34.7289
76187,1.07841,-33.7104
76188,1.07877,-33.7312
76189,1.07449,-34.8137
76190,1.07407,-34.82
76191,1.07505,-34.7509
76192,1.0745,-34.7993
76193,1.0731,-34.6457
76194,1.07309,-34.7656
76195,1.07612,-34.5933
76196,1.07348,-34.2041
76197,1.07415,-33.9974
76198,1.07632,-33.8156
76199,1.0741,-34.0256
76200,1.07685,-33.7925
76201,1.07895,-33.2342
76202,1.07695,-33.4107
76203,1.07513,-33.7777
76204,1.07621,-33.6096
76205,1.07617,-33.6049
76206,1.07686,-33.2398
76207,1.07668,-33.1642
76208,1.07531,-32.8628
76209,1.07656,-32.9137
76210,1.07667,-32.7408
76211,1.07526,-32.714
76212,1.07688,-32.3025
76213,1.07775,-31.979
76214,1.0748,-32.703
76215,1.07499,-32.7
76216,1.07429,-32.7094
76217,1.07417,-32.6779
76218,1.07745,-33.4381
76219,1.07869,-33.3754
76220,1.07547,-32.6832
76221,1.07912,-33.5048
76222,1.07986,-30.5402
76223,1.06746,-27.4236
76224,1.07777,-31.9123
76225,1.08082,-31.5195
76226,1.07757,-31.6127
76227,1.07713,-32.1084
76228,1.07702,-32.1224
76229,1.07726,-31.1186
76230,1.07282,-31.2278
76231,1.07686,-25.2757
76232,1.07459,-25.3438
76233,1.07442,-25.3622
76234,1.0758,-25.1818
76235,1.07654,-25.0325
76236,1.07376,-24.944
76237,1.07312,-24.9217
76238,1.0816,-35.4056
76239,1.08312,-35.081
76240,1.08003,-35.5691
76241,1.08009,-35.5586
76242,1.08037,-35.4747
76243,1.06442,-37.3924
76244,1.06819,-36.8394
76245,1.06618,-36.9106
76246,1.06688,-36.9213
76247,1.06634,-36.9786
76248,1.06752,-37.2142
76249,1.06772,-37.207
76250,1.06552,-37.3276
76251,1.06671,-37.2627
76252,1.06618,-37.2372
76253,1.06535,-37.0859
76254,1.06514,-37.1045
76255,1.06578,-37.1404
76256,1.07705,-35.9093
76257,1.07505,-36.075
76258,1.0752,-36.0501
76259,1.07443,-36.1654
76260,1.07398,-36.1864
76261,1.07647,-35.9742
76262,1.07376,-36.2263
76263,1.0751,-36.0819
76264,1.07386,-36.2128
76265,1.07502,-36.0868
76266,1.07953,-35.6075
76267,1.08078,-35.3915
76268,1.08166,-35.2295
76269,1.08324,-34.9165
76270,1.08074,-35.3338
76271,1.08035,-35.283
76272,1.08064,-35.4057
76273,1.08005,-35.2505
76274,1.07958,-35.418
76275,1.07974,-35.2618
76276,1.07881,-35.4767
76277,1.07911,-35.4329
76278,1.07643,-35.7289
76279,1.07129,-36.1093
76280,1.07308,-36.0783
76281,1.07194,-36.3849
76282,1.0727,-36.227
76283,1.07038,-36.4951
76284,1.07115,-36.4438
76285,1.07657,-35.7968
76286,1.07485,-35.9367
76287,1.06951,-36.5185
76288,1.06932,-36.5566
76289,1.06924,-36.5647
76290,1.06989,-36.5211
76291,1.06842,-36.6215
76292,1.06914,-36.5258
76293,1.06775,-36.7232
76294,1.06814,-36.4198
76295,1.06794,-36.7195
76296,1.07049,-36.2848
76297,1.0694,-36.4066
76298,1.07063,-36.0109
76299,1.07157,-35.8851
76300,1.07153,-36.0928
76301,1.07254,-36.0002
76302,1.06901,-36.099
76303,1.07225,-35.9795
76304,1.06886,-36.5771
76305,1.07,-36.4329
76306,1.06988,-36.3149
76307,1.0708,-36.1511
76308,1.07078,-36.0964
76309,1.07041,-36.1427
76310,1.07084,-36.0602
76311,1.07,-36.1589
76312,1.07108,-36.1108
76313,1.07906,-35.7149
76314,1.08315,-35.0958
76315,1.07504,-35.9069
76316,1.07269,-30.3387
76317,1.07907,-27.8641
76318,1.07649,-26.7641
76319,1.07801,-26.7726
76320,1.08143,-27.1553
76321,1.0845,-25.5727
76322,1.08439,-24.6288
76323,1.08509,-24.6829
76324,1.08476,-24.5719
76325,1.07509,-26.4331
76326,1.08335,-24.5368
76327,1.08354,-24.4685
76328,1.08487,-24.2767
76329,1.0857,-24.3172
76330,1.08605,-23.9421
76331,1.08472,-23.9314
76332,1.08484,-23.8944
76333,1.08607,-24.156
76334,1.08364,-24.0522
76335,1.08465,-23.9405
76336,1.08322,-15.2858
76337,1.08711,-15.5276
76338,1.07758,-28.6748
76339,1.08012,-29.5106
76340,1.07978,-29.3361
76341,1.0793,-30.2173
76342,1.07955,-29.3067
76343,1.07952,-29.0768
76344,1.077,-29.9035
76345,1.09039,-24.9411
76346,1.09054,-24.9258
76347,1.08587,-23.4706
76348,1.08586,-23.4161
76349,1.08311,-22.1674
76350,1.08325,-23.0665
76351,1.08372,-22.9686
76352,1.07324,-19.4816
76353,1.07254,-19.7913
76354,1.07433,-19.104
76355,1.07554,-18.5592
76356,1.07551,-17.7095
76357,1.07737,-24.3398
76358,1.07698,-25.1085
76359,1.0767,-24.9611
76360,1.07622,-25.029
76361,1.07686,-25.1444
76362,1.0762,-25.0665
76363,1.08053,-24.8316
76364,1.06647,-36.4435
76365,1.06798,-36.1593
76366,1.0637,-36.6733
76367,1.06528,-36.5402
76368,1.06972,-35.9013
76369,1.06428,-36.9193
76370,1.06425,-36.9302
76371,1.06475,-36.8985
76372,1.06624,-36.7268
76373,1.0685,-36.1314
76374,1.07188,-35.5068
76375,1.06867,-36.3419
76376,1.07177,-35.5254
76377,1.07441,-34.9178
76378,1.06558,-35.531
76379,1.06555,-35.3954
76380,1.07305,-35.1422
76381,1.07378,-35.0953
76382,1.07421,-35.0066
76383,1.07264,-35.2965
76384,1.07361,-35.1293
76385,1.07241,-35.343
76386,1.07175,-35.5717
76387,1.07089,-35.9851
76388,1.07337,-35.2827
76389,1.07365,-35.2229
76390,1.0736,-35.4419
76391,1.07613,-34.6022
76392,1.07338,-35.2887
76393,1.07473,-20.716
76394,1.07495,-20.6756
76395,1.07483,-20.7042
76396,1.07504,-20.6665
76397,1.07516,-20.649
76398,1.07599,-20.6372
76399,1.07491,-20.7091
76400,1.07505,-20.6459
76401,1.07503,-20.6793
76402,1.07586,-20.5709
76403,1.07631,-20.4907
76404,1.07564,-20.5953
76405,1.07602,-20.6277
76406,1.07605,-20.5961
76407,1.07514,-20.6169
76408,1.07539,-20.5899
76409,1.07479,-20.5287
76410,1.07439,-20.7521
76411,1.07638,-20.7667
76412,1.07657,-20.9024
76413,1.07343,-19.3243
76414,1.07494,-20.4233
76415,1.07535,-20.594
76416,1.07729,-20.0477
76417,1.07757,-20.0374
76418,1.07503,-17.0334
76419,1.07474,-17.0198
76420,1.07658,-17.0294
76421,1.07158,-17.4536
76422,1.07551,-16.8552
76423,1.07523,-16.6166
76424,1.07552,-16.9454
76425,1.07669,-17.0219
76426,1.07368,-17.2994
76427,1.07306,-17.3577
76428,1.07494,-17.1101
76429,1.07941,-17.2162
76430,1.1,-17.6157
76431,1.06985,-16.4475
76432,1.06178,-19.5411
76433,1.07467,-17.1696
76434,1.07715,-17.0198
76435,1.04934,-17.374
76436,1.06724,-16.8016
76437,1.05763,-15.2044
76438,1.07604,-14.0427
76439,1.077,-13.8414
76440,1.07746,-13.8392
76441,1.07684,-13.9821
76442,1.07746,-14.0393
76443,1.07793,-13.7942
76444,1.0776,-14.16
76445,1.07886,-13.6584
76446,1.0746,-14.3072
76447,1.07471,-14.2836
76448,1.07545,-14.5714
76449,1.07514,-15.0942
76450,1.07345,-14.9936
76451,1.06974,-12.6558
76452,1.06631,-12.113
76453,1.06121,-13.9625
76454,1.07652,-13.8918
76455,1.07586,-7.11351
76456,1.0755,-7.03114
76457,1.07816,-7.41579
76458,1.07866,-7.28975
76459,1.08101,-23.8089
76460,1.08025,-23.7631
76461,1.07203,-25.3228
76462,1.07965,-23.6896
76463,1.08151,-23.5823
76464,1.08172,-23.7019
76465,1.07825,-20.48
76466,1.07702,-20.9255
76467,1.08271,-19.5827
76468,1.08222,-19.7368
76469,1.07235,-19.7024
76470,1.07127,-19.7934
76471,1.0666,-18.8751
76472,1.06331,-19.4062
76473,1.08035,-26.6175
76474,1.08486,-25.632
76475,1.04987,-16.9836
76476,1.06435,-21.151
76477,1.06938,-19.7761
76478,1.07004,-19.5095
76479,1.08255,-31.9182
76480,1.08404,-32.029
76481,1.0794,-32.8097
76482,1.08299,-30.5805
76483,1.08366,-30.0554
76484,1.08334,-32.1164
76485,1.07885,-31.1083
76486,1.0821,-30.2721
76487,1.07534,-22.4212
76488,1.0751,-22.466
76489,1.0751,-22.4544
76490,1.07514,-22.4712
76491,1.07494,-22.5641
76492,1.07537,-22.5034
76493,1.07641,-22.3997
76494,1.07481,-22.5524
76495,1.07592,-22.4777
76496,1.07546,-22.7495
76497,1.07534,-22.7198
76498,1.07554,-22.6478
76499,1.076,-22.473
76500,1.07437,-22.7382
76501,1.0746,-22.6593
76502,1.07422,-22.7828
76503,1.07404,-22.9687
76504,1.07521,-22.9832
76505,1.07518,-23.0129
76506,1.07504,-23.045
76507,1.07575,-23.1783
76508,1.07752,-22.6755
76509,1.07591,-23.3597
76510,1.07628,-24.0054
76511,1.07682,-23.6797
76512,1.06987,-25.6933
76513,1.07056,-25.9615
76514,1.07411,-22.4645
76515,1.07612,-22.2203
76516,1.07773,-22.2064
76517,1.08165,-21.316
76518,1.07454,-22.3259
76519,1.07426,-22.2528
76520,1.07509,-22.4684
76521,1.06764,-21.9547
76522,1.0738,-22.421
76523,1.07474,-22.6593
76524,1.08483,-3.07139
76525,1.08573,-3.02417
76526,1.08626,-3.34728
76527,1.08591,-3.20031
76528,1.08637,-3.44315
76529,1.07418,-16.8838
76530,1.07482,-16.49
76531,1.07886,-23.4936
76532,1.08103,-24.6661
76533,1.08285,-24.4061
76534,1.08338,-24.2031
76535,1.08752,-5.16799
76536,1.0887,-2.11006
76537,1.07932,-27.1084
76538,1.07554,-27.2759
76539,1.07584,-27.2234
76540,1.07592,-27.1651
76541,1.0744,-27.4701
76542,1.07379,-27.5754
76543,1.07381,-27.5701
76544,1.07506,-27.4448
76545,1.07513,-27.4931
76546,1.07487,-27.5196
76547,1.07301,-27.8146
76548,1.078,-27.0086
76549,1.08176,-26.0659
76550,1.07716,-27.1834
76551,1.07614,-27.3517
76552,1.07666,-27.255
76553,1.0746,-27.6118
76554,1.07634,-27.2904
76555,1.07756,-27.0549
76556,1.07758,-11.9503
76557,1.07814,-11.7721
76558,1.07483,-11.9589
76559,1.09019,-7.55268
76560,1.09445,-5.70997
76561,1.07362,-10.9689
76562,1.0769,-12.6252
76563,1.06364,-17.1841
76564,1.06358,-17.1576
76565,1.07039,-15.9598
76566,1.06217,-17.2349
76567,1.06185,-17.2378
76568,1.07015,-15.923
76569,1.07022,-15.8358
76570,1.07291,-15.5718
76571,1.06832,-15.78
76572,1.0628,-16.2693
76573,1.06102,-15.8139
76574,1.0625,-17.8042
76575,1.07072,-15.9883
76576,1.06563,-17.0468
76577,1.06314,-15.1401
76578,1.06154,-14.5553
76579,1.06478,-17.9024
76580,1.07621,-23.5423
76581,1.06968,-22.1454
76582,1.07898,-10.356
76583,1.0676,-27.16
76584,1.08383,-31.1838
76585,1.08337,-32.0756
76586,1.08295,-31.9444
76587,1.08262,-31.8898
76588,1.08294,-31.7058
76589,1.08305,-31.7431
76590,1.08301,-31.7525
76591,1.08278,-31.8327
76592,1.08289,-31.8435
76593,1.07564,-22.4478
76594,1.07595,-22.3575
76595,1.07527,-22.3048
76596,1.07488,-22.1552
76597,1.07609,-21.8061
76598,1.07531,-22.0123
76599,1.07574,-21.9329
76600,1.07599,-22.737
76601,1.07816,-22.2304
76602,1.07775,-22.1473
76603,1.07784,-22.0587
76604,1.07768,-22.0796
76605,1.07792,-21.9577
76606,1.07799,-21.5251
76607,1.07812,-21.4775
76608,1.07341,-21.6076
76609,1.07608,-21.1264
76610,1.07571,-20.695
76611,1.07608,-20.1101
76612,1.07765,-22.4745
76613,1.07812,-22.3323
76614,1.07969,-16.9055
76615,1.07136,-17.2583
76616,1.07796,-17.0396
76617,1.07797,-17.1789
76618,1.078,-16.7663
76619,1.07513,-26.2896
76620,1.07404,-25.9552
76621,1.07381,-26.2376
76622,1.07384,-26.2661
76623,1.08022,-5.10203
76624,1.07706,-7.17719
76625,1.06482,-11.185
76626,1.08068,-28.9203
76627,1.08186,-29.0525
76628,1.08175,-28.0308
76629,1.08378,-27.276
76630,1.08404,-27.7515
76631,1.08193,-27.3932
76632,1.0765,-29.0137
76633,1.08111,-29.0075
76634,1.08102,-28.9556
76635,1.08107,-28.9757
76636,1.08106,-28.9736
76637,1.07971,-29.1099
76638,1.08076,-29.0417
76639,1.08092,-28.8955
76640,1.07727,-32.8776
76641,1.08059,-32.1003
76642,1.0812,-31.9414
76643,1.08452,-31.2937
76644,1.08454,-31.2723
76645,1.07802,-31.084
76646,1.07439,-32.5149
76647,1.08,-30.0237
76648,1.0834,-28.8273
76649,1.08417,-31.3088
76650,1.08388,-30.0305
76651,1.08287,-30.6985
76652,1.08338,-30.5251
76653,1.08487,-30.1733
76654,1.08045,-31.5059
76655,1.07931,-32.3242
76656,1.08202,-30.8644
76657,1.08507,-29.9283
76658,1.08629,-30.0271
76659,1.08433,-30.5609
76660,1.08374,-30.7379
76661,1.08341,-30.8116
76662,1.08598,-29.6672
76663,1.08588,-29.6467
76664,1.08792,-28.8373
76665,1.08729,-29.2889
76666,1.08688,-29.4474
76667,1.08657,-29.5451
76668,1.0886,-28.7603
76669,1.09071,-27.9965
76670,1.08807,-28.8163
76671,1.08889,-28.5434
76672,1.08949,-28.2787
76673,1.08916,-28.4862
76674,1.09016,-28.0901
76675,1.09075,-27.5596
76676,1.08791,-29.1715
76677,1.08943,-28.5017
76678,1.08708,-28.0179
76679,1.08837,-27.38
76680,1.08772,-27.6664
76681,1.08759,-27.6904
76682,1.08645,-28.2534
76683,1.08578,-28.2748
76684,1.08722,-27.7689
76685,1.08746,-27.5669
76686,1.08789,-27.2072
76687,1.09053,-26.5996
76688,1.09132,-26.2365
76689,1.09411,-28.3115
76690,1.08356,-31.7308
76691,1.0866,-30.9568
76692,1.09135,-30.6958
76693,1.08001,-32.4568
76694,1.07855,-32.7037
76695,1.08009,-32.2888
76696,1.0798,-32.3744
76697,1.08144,-33.5789
76698,1.08217,-33.3995
76699,1.08303,-33.5793
76700,1.08399,-29.9319
76701,1.08432,-30.0759
76702,1.08662,-4.00915
76703,1.08715,-4.01868
76704,1.08806,-3.91987
76705,1.0629,-35.3935
76706,1.06546,-35.5505
76707,1.06267,-35.3486
76708,1.06848,-34.1703
76709,1.07128,-33.8273
76710,1.08963,-32.217
76711,1.1,-30.0673
76712,1.06659,-34.0063
76713,1.0662,-35.8955
76714,1.0654,-35.621
76715,1.06523,-35.6184
76716,1.06577,-35.5475
76717,1.06308,-35.6991
76718,1.07217,-35.5272
76719,1.08585,-33.5779
76720,1.08857,-32.7102
76721,1.06575,-35.7265
76722,1.07992,-23.4872
76723,1.08252,-23.2415
76724,1.08459,-23.3561
76725,1.08096,-23.0942
76726,1.07971,-22.7004
76727,1.07841,-22.5139
76728,1.07933,-22.5218
76729,1.07743,-22.819
76730,1.07836,-21.8135
76731,1.07717,-21.3864
76732,1.08036,-22.642
76733,1.07704,-23.2589
76734,1.08584,-31.6215
76735,1.08772,-31.4752
76736,1.07721,-20.0638
76737,1.08354,-27.9123
76738,1.08523,-27.9463
76739,1.08575,-27.7039
76740,1.07784,-29.3833
76741,1.07764,-29.4308
76742,1.07819,-29.3517
76743,1.0798,-28.1946
76744,1.078,-29.3609
76745,1.07807,-29.4573
76746,1.07798,-29.3682
76747,1.07744,-29.3772
76748,1.07771,-29.1139
76749,1.07817,-28.8441
76750,1.07811,-29.2178
76751,1.07753,-29.5162
76752,1.07752,-29.4528
76753,1.08069,-28.9739
76754,1.07898,-29.2176
76755,1.07991,-28.9557
76756,1.06833,-26.5768
76757,1.06826,-26.7435
76758,1.06976,-26.6747
76759,1.06766,-26.1236
76760,1.06653,-25.7465
76761,1.08452,-30.4928
76762,1.08625,-30.6259
76763,1.08136,-30.2295
76764,1.0858,-30.593
76765,1.08236,-31.1707
76766,1.07542,-30.1389
76767,1.07698,-30.1218
76768,1.05487,-26.1239
76769,1.05762,-25.039
76770,1.05331,-23.5127
76771,1.08311,-30.3696
76772,1.0814,-30.153
76773,1.08255,-30.3045
76774,1.08276,-30.1856
76775,1.05849,-25.9968
76776,1.05802,-26.8437
76777,1.06575,-24.1828
76778,1.06625,-23.4518
76779,1.06595,-23.9753
76780,1.08359,-19.9743
76781,1.08346,-19.737
76782,1.08492,-19.8466
76783,1.07265,-28.81
76784,1.0729,-28.4379
76785,1.07321,-27.3999
76786,1.07735,-27.7486
76787,1.07712,-27.4248
76788,1.0773,-27.7921
76789,1.07719,-27.6615
76790,1.0771,-27.9863
76791,1.07762,-28.0168
76792,1.07708,-27.795
76793,1.07642,-28.0473
76794,1.06258,-23.5233
76795,1.06424,-23.5819
76796,1.06959,-22.03
76797,1.06781,-22.0711
76798,1.08378,-31.2289
76799,1.08127,-31.4737
76800,1.08169,-31.3535
76801,1.08059,-31.5246
76802,1.07986,-26.3317
76803,1.06073,-26.6029
76804,1.06569,-25.6965
76805,1.06579,-25.5362
76806,1.08671,-31.2989
76807,1.08669,-31.2436
76808,1.08742,-30.7586
76809,1.08718,-30.9041
76810,1.0845,-27.4341
76811,1.08472,-27.3958
76812,1.08363,-26.5824
76813,1.08387,-27.2253
76814,1.08433,-27.3367
76815,1.08382,-27.4602
76816,1.08441,-26.6207
76817,1.08439,-27.72
76818,1.08602,-28.9914
76819,1.08569,-28.7685
76820,1.06947,-20.5904
76821,1.06538,-20.9368
76822,1.0645,-21.2124
76823,1.0663,-24.6
76824,1.06902,-23.7426
76825,1.1,-27.4449
76826,1.09247,-28.0479
76827,1.08953,-25.6545
76828,1.08037,-31.3388
76829,1.08394,-30.3607
76830,1.08462,-30.2355
76831,1.07977,-25.8881
76832,1.07963,-25.7205
76833,1.07994,-25.9071
76834,1.07975,-25.7761
76835,1.07956,-25.6565
76836,1.08045,-26.0051
76837,1.07647,-26.9679
76838,1.07822,-27.4608
76839,1.06143,-27.0854
76840,1.06212,-27.4119
76841,1.08551,-31.8559
76842,1.0874,-30.9779
76843,1.0844,-32.0408
76844,1.08445,-32.3663
76845,1.08382,-32.1559
76846,1.08508,-32.1829
76847,1.08381,-32.3434
76848,1.08057,-32.2305
76849,1.07931,-31.9923
76850,1.05829,-27.9128
76851,1.08315,-31.5525
76852,1.08223,-30.9394
76853,1.08099,-30.8415
76854,1.08213,-30.8943
76855,1.07726,-30.2693
76856,1.08135,-29.9519
76857,1.08217,-30.4671
76858,1.08195,-30.4185
76859,1.08192,-30.757
76860,1.07667,-28.7218
76861,1.07365,-28.6261
76862,1.07924,-21.2657
76863,1.06633,-25.354
76864,1.06637,-25.1049
76865,1.0666,-24.6299
76866,1.07747,-29.2278
76867,1.07347,-28.9457
76868,1.07475,-21.1112
76869,1.0617,-29.1794
76870,1.06738,-28.0808
76871,1.07525,-27.1232
76872,1.06339,-28.5704
76873,1.07131,-28.8646
76874,1.07123,-28.8648
76875,1.08056,-17.5215
76876,1.07874,-16.8708
76877,1.07881,-16.8588
76878,1.07834,-16.5868
76879,1.07786,-27.7614
76880,1.07625,-27.1658
76881,1.08598,-31.2395
76882,1.08842,-31.3375
76883,1.05428,-23.2458
76884,1.08371,-30.1518
76885,1.08555,-29.2149
76886,1.08557,-28.9143
76887,1.0851,-29.2965
76888,1.08453,-26.4903
76889,1.08503,-26.4446
76890,1.08319,-25.8155
76891,1.08387,-25.8006
76892,1.08398,-25.9347
76893,1.09687,-27.3021
76894,1.09711,-27.242
76895,1.097,-27.3159
76896,1.06187,-30.245
76897,1.06475,-30.581
76898,1.07949,-29.3138
76899,1.09159,-28.0618
76900,1.08653,-29.235
76901,1.09156,-28.2566
76902,1.05575,-28.5482
76903,1.05534,-28.45
76904,1.08898,-27.089
76905,1.08857,-27.0494
76906,1.08166,-27.2641
76907,1.09396,-26.8914
76908,1.09043,-26.6894
76909,1.08909,-26.4582
76910,1.08896,-26.4418
76911,1.08846,-26.431
76912,1.08907,-26.4217
76913,1.07886,-28.7551
76914,1.07844,-28.8685
76915,1.07803,-28.8116
76916,1.07891,-28.5463
76917,1.07694,-28.9617
76918,1.07748,-28.9069
76919,1.07822,-28.7451
76920,1.07762,-28.8836
76921,1.07624,-29.103
76922,1.0766,-29.0291
76923,1.0764,-29.0566
76924,1.07705,-28.9537
76925,1.07671,-29.0122
76926,1.07652,-29.0595
76927,1.07626,-29.1109
76928,1.07599,-29.1806
76929,1.08318,-27.7856
76930,1.08349,-27.8438
76931,1.07461,-29.1137
76932,1.08656,-27.2959
76933,1.08753,-27.214
76934,1.08381,-26.1767
76935,1.08629,-27.5145
76936,1.07978,-23.2151
76937,1.08053,-22.9051
76938,1.09273,-27.983
76939,1.09257,-27.9035
76940,1.09237,-27.4758
76941,1.0888,-25.6107
76942,1.08219,-27.4276
76943,1.08359,-27.1952
76944,1.08335,-27.136
76945,1.08329,-27.3631
76946,1.08379,-27.2106
76947,1.0729,-30.0613
76948,1.07203,-30.1514
76949,1.07204,-29.9677
76950,1.07441,-30.2875
76951,1.07316,-18.2755
76952,1.07353,-16.6664
76953,1.07463,-16.8975
76954,1.07381,-16.7454
76955,1.07669,-17.2914
76956,1.07752,-17.3331
76957,1.09637,-27.3757
76958,1.09686,-27.139
76959,1.0959,-26.9392
76960,1.09589,-27.246
76961,1.0766,-27.0124
76962,1.08132,-26.7168
76963,1.08322,-26.3466
76964,1.08418,-26.1349
76965,1.08036,-26.2545
76966,1.08047,-25.8007
76967,1.08173,-25.7411
76968,1.0901,-24.4492
76969,1.0909,-24.2737
76970,1.05459,-27.5959
76971,1.05774,-27.1359
76972,1.0869,-19.6437
76973,1.08951,-20.4553
76974,1.08514,-18.9078
76975,1.07657,-22.0833
76976,1.07298,-21.8103
76977,1.07565,-21.7196
76978,1.05468,-27.2651
76979,1.05788,-25.9127
76980,1.07894,-24.4637
76981,1.08177,-24.018
76982,1.0829,-23.7955
76983,1.07893,-24.4591
76984,1.08316,-23.7566
76985,1.08424,-23.5574
76986,1.07787,-24.5526
76987,1.07708,-24.6824
76988,1.08152,-24.0469
76989,1.08073,-24.1525
76990,1.08111,-24.0734
76991,1.08321,-23.6463
76992,1.08369,-23.3949
76993,1.08341,-23.4106
76994,1.07689,-24.6228
76995,1.0829,-23.7312
76996,1.08374,-23.6204
76997,1.08334,-23.6134
76998,1.0837,-23.5936
76999,1.07635,-25.5026
77000,1.07653,-24.8721
77001,1.07318,-25.0209
77002,1.07748,-24.3566
77003,1.07861,-24.571
77004,1.08319,-23.8193
77005,1.08608,-23.2639
77006,1.08987,-21.1648
77007,1.07878,-24.6031
77008,1.08009,-24.8308
77009,1.07967,-24.5672
77010,1.08399,-23.9132
77011,1.08453,-23.927
77012,1.07083,-25.3563
77013,1.07018,-25.4163
77014,1.07733,-16.021
77015,1.07683,-15.8032
77016,1.07693,-15.6088
77017,1.07542,-15.3655
77018,1.0766,-15.7899
77019,1.07389,-14.9558
77020,1.07663,-15.8044
77021,1.07717,-15.7371
77022,1.09267,-30.2572
77023,1.08349,-30.5851
77024,1.05763,-24.3757
77025,1.0632,-23.2459
77026,1.06126,-24.6036
77027,1.08166,-26.5814
77028,1.07966,-26.8567
77029,1.07442,-27.5809
77030,1.07329,-27.7931
77031,1.07336,-27.7894
77032,1.07476,-27.6047
77033,1.0737,-27.7466
77034,1.07406,-27.7112
77035,1.07497,-27.5653
77036,1.07481,-27.596
77037,1.07468,-27.5948
77038,1.07321,-27.9912
77039,1.07332,-27.8801
77040,1.07488,-27.4928
77041,1.07506,-27.4735
77042,1.07551,-27.4272
77043,1.0767,-27.1882
77044,1.07836,-27.0055
77045,1.08974,-21.7762
77046,1.09109,-22.131
77047,1.07983,-21.876
77048,1.08831,-20.5327
77049,1.08791,-19.9271
77050,1.08031,-22.1034
77051,1.07487,-26.5068
77052,1.07331,-26.4815
77053,1.07349,-26.4549
77054,1.0763,-26.1598
77055,1.08172,-24.8882
77056,1.08237,-24.8744
77057,1.08251,-24.8165
77058,1.07843,-26.2939
77059,1.08022,-26.3973
77060,1.08011,-28.8614
77061,1.08798,-27.1895
77062,1.0879,-27.0375
77063,1.08802,-26.9161
77064,1.07977,-23.9367
77065,1.07788,-23.0514
77066,1.08058,-24.307
77067,1.09811,-27.2967
77068,1.09569,-27.6575
77069,1.09781,-27.5287
77070,1.09819,-27.4771
77071,1.09781,-27.3503
77072,1.09016,-27.9628
77073,1.08557,-28.2847
77074,1.09103,-27.2095
77075,1.05402,-28.6954
77076,1.05601,-28.2471
77077,1.0587,-27.6871
77078,1.05368,-28.5365
77079,1.05464,-28.4412
77080,1.05512,-28.3882
77081,1.0535,-28.9005
77082,1.05985,-26.9218
77083,1.0606,-27.3611
77084,1.05689,-27.4685
77085,1.07269,-28.7134
77086,1.08803,-31.4953
77087,1.08744,-31.6105
77088,1.08768,-31.5949
77089,1.08662,-31.6234
77090,1.08761,-31.5318
77091,1.08705,-31.4535
77092,1.07632,-17.9733
77093,1.0774,-17.3575
77094,1.06528,-20.8583
77095,1.07397,-16.6507
77096,1.07289,-29.1202
77097,1.07311,-29.1465
77098,1.07288,-29.1323
77099,1.06888,-22.5017
77100,1.06711,-27.7668
77101,1.06194,-33.8705
77102,1.05253,-35.6035
77103,1.05491,-35.757
77104,1.05333,-36.266
77105,1.0582,-35.8313
77106,1.05026,-36.4653
77107,1.0472,-36.6932
77108,1.0461,-36.7093
77109,1.03378,-37.3469
77110,1.03483,-37.2647
77111,1.03701,-37.0728
77112,1.03988,-36.6872
77113,1.03402,-36.873
77114,1.03334,-36.6548
77115,1.04157,-36.3001
77116,1.03413,-36.6501
77117,1.0304,-37.5749
77118,1.02953,-37.5471
77119,1.02999,-37.5768
77120,1.02809,-37.5873
77121,1.02852,-37.4921
77122,1.03206,-36.9987
77123,1.03185,-36.4316
77124,1.03314,-36.9563
77125,1.03009,-37.1768
77126,1.03244,-35.7126
77127,1.03818,-29.1986
77128,1.04854,-36.5296
77129,1.07636,-26.4371
77130,1.0769,-26.2999
77131,1.07661,-26.3979
77132,1.07649,-26.4061
77133,1.07665,-26.3838
77134,1.05868,-15.9832
77135,1.06127,-16.6767
77136,1.03848,-36.8243
77137,1.06621,-32.688
77138,1.06759,-32.3421
77139,1.06846,-32.2142
77140,1.06959,-31.8605
77141,1.0651,-32.8118
77142,1.06528,-32.7854
77143,1.06725,-31.9989
77144,1.06778,-31.9777
77145,1.06629,-30.3499
77146,1.03853,-28.4671
77147,1.03736,-28.5817
77148,1.037,-29.3773
77149,1.04108,-30.5441
77150,1.02414,-39.3991
77151,1.02748,-38.9845
77152,1.02716,-38.9519
77153,1.02907,-38.8761
77154,1.08011,-22.9448
77155,1.07587,-21.4081
77156,1.06934,-28.8637
77157,1.0699,-29.7887
77158,1.07282,-29.0705
77159,1.04546,-36.6837
77160,1.04697,-36.5614
77161,1.07912,-30.3726
77162,1.07652,-22.4808
77163,1.06177,-27.4699
77164,1.06483,-27.308
77165,1.07012,-26.4483
77166,1.06857,-30.3112
77167,1.06924,-27.8647
77168,1.06768,-30.0508
77169,1.0689,-30.4013
77170,1.06921,-30.6601
77171,1.06933,-30.6588
77172,1.06947,-27.8101
77173,1.03292,-38.5314
77174,1.03329,-38.4897
77175,1.03351,-38.4278
77176,1.03493,-38.2501
77177,1.03933,-37.439
77178,1.03336,-38.5282
77179,1.03421,-38.3328
77180,1.03481,-38.4322
77181,1.03533,-38.2902
77182,1.0358,-38.1536
77183,1.03636,-38.0665
77184,1.03767,-38.0853
77185,1.0367,-38.2758
77186,1.03263,-38.6033
77187,1.03888,-38.0217
77188,1.04174,-37.6092
77189,1.03324,-38.5435
77190,1.02748,-39.0365
77191,1.02571,-39.1973
77192,1.03682,-38.1362
77193,1.03652,-38.141
77194,1.04511,-36.2096
77195,1.04875,-35.3532
77196,1.04908,-36.1113
77197,1.04927,-36.0911
77198,1.05026,-35.9817
77199,1.09787,-28.957
77200,1.0878,-28.9628
77201,1.0891,-29.0324
77202,1.08685,-28.8632
77203,1.09306,-28.9255
77204,1.06697,-31.1328
77205,1.06728,-31.0233
77206,1.0655,-31.6723
77207,1.06651,-31.6454
77208,1.08064,-32.0288
77209,1.08088,-31.9347
77210,1.08234,-31.769
77211,1.07799,-31.4583
77212,1.07761,-31.3378
77213,1.07203,-30.5969
77214,1.08188,-31.4623
77215,1.08269,-31.3609
77216,1.08084,-32.3717
77217,1.06286,-31.8095
77218,1.06761,-31.0099
77219,1.06892,-30.4317
77220,1.06427,-31.5408
77221,1.06406,-31.6067
77222,1.0532,-34.8741
77223,1.05303,-34.7371
77224,1.05512,-34.7734
77225,1.04319,-35.9926
77226,1.04456,-35.9487
77227,1.06582,-26.8994
77228,1.06888,-28.4178
77229,1.03086,-37.5524
77230,1.03035,-37.9109
77231,1.03242,-37.7549
77232,1.03013,-38.6062
77233,1.02946,-38.743
77234,1.02951,-38.7723
77235,1.0296,-38.7621
77236,1.03001,-38.6453
77237,1.02998,-38.651
77238,1.02954,-38.7923
77239,1.02942,-38.7909
77240,1.0294,-38.7945
77241,1.03168,-38.635
77242,1.03423,-38.2952
77243,1.03291,-37.9711
77244,1.03342,-37.821
77245,1.03132,-37.2581
77246,1.03164,-36.6624
77247,1.03164,-36.7449
77248,1.03031,-37.7171
77249,1.03027,-37.7345
77250,1.03025,-37.8017
77251,1.03017,-37.8929
77252,1.03029,-37.8692
77253,1.03089,-37.8244
77254,1.0312,-38.1939
77255,1.03123,-38.0798
77256,1.03096,-38.0305
77257,1.031,-38.0376
77258,1.03004,-37.7935
77259,1.03003,-37.8335
77260,1.0308,-37.9259
77261,1.03089,-37.9902
77262,1.03119,-38.2636
77263,1.03164,-38.1428
77264,1.03109,-38.2745
77265,1.03082,-38.4992
77266,1.03115,-38.2639
77267,1.03018,-38.48
77268,1.03001,-38.5331
77269,1.03035,-38.5593
77270,1.03031,-38.5959
77271,1.03027,-38.591
77272,1.03903,-37.6919
77273,1.04074,-37.7109
77274,1.04038,-37.7369
77275,1.03778,-38.0188
77276,1.03996,-37.6311
77277,1.04051,-37.2534
77278,1.03444,-38.4777
77279,1.03418,-38.4954
77280,1.03284,-38.2608
77281,1.04086,-36.9191
77282,1.02823,-38.8442
77283,1.03757,-37.6854
77284,1.02758,-39.0079
77285,1.02791,-38.9882
77286,1.03124,-38.3943
77287,1.03298,-37.9024
77288,1.02938,-37.7681
77289,1.0351,-37.5551
77290,1.03971,-36.8637
77291,1.03147,-37.437
77292,1.03119,-37.5176
77293,1.02992,-37.6929
77294,1.03245,-37.1343
77295,1.03208,-36.7599
77296,1.03171,-36.6772
77297,1.03227,-37.3081
77298,1.03274,-37.0554
77299,1.03232,-37.3272
77300,1.03234,-36.9584
77301,1.02945,-37.4257
77302,1.03003,-37.2638
77303,1.03192,-37.4964
77304,1.03447,-37.2297
77305,1.03638,-36.9181
77306,1.04392,-35.8268
77307,1.04362,-36.1063
77308,1.04438,-36.2265
77309,1.03859,-36.8281
77310,1.03458,-37.5755
77311,1.02904,-38.4276
77312,1.02773,-38.6725
77313,1.03131,-38.0577
77314,1.03199,-37.8842
77315,1.03089,-37.6232
77316,1.03149,-37.5346
77317,1.03152,-37.9008
77318,1.03188,-37.6782
77319,1.03046,-37.8846
77320,1.03256,-38.0307
77321,1.03308,-37.9936
77322,1.0344,-37.7957
77323,1.0322,-38.2252
77324,1.03525,-37.7447
77325,1.04074,-37.1584
77326,1.03157,-38.358
77327,1.0308,-38.527
77328,1.03117,-38.4303
77329,1.02957,-38.7127
77330,1.03032,-38.6987
77331,1.0304,-38.5774
77332,1.03005,-38.777
77333,1.03011,-38.7742
77334,1.03066,-38.7532
77335,1.0308,-38.5799
77336,1.03041,-38.5793
77337,1.03021,-38.7822
77338,1.03127,-38.5565
77339,1.03036,-38.7647
77340,1.03051,-38.7697
77341,1.03933,-37.6185
77342,1.04061,-37.2244
77343,1.03007,-38.5707
77344,1.03471,-38.3384
77345,1.03769,-37.8423
77346,1.08094,-32.3458
77347,1.08057,-32.4332
77348,1.08332,-31.8996
77349,1.0848,-31.3459
77350,1.05201,-36.3879
77351,1.05016,-36.3161
77352,1.0793,-18.4861
77353,1.06805,-20.2519
77354,1.06856,-18.035
77355,1.06751,-18.041
77356,1.06695,-16.741
77357,1.06908,-19.7137
77358,1.08825,-25.8823
77359,1.08057,-26.7576
77360,1.08598,-26.754
77361,1.06826,-33.5225
77362,1.0686,-33.4434
77363,1.06867,-33.2223
77364,1.07068,-32.9
77365,1.07124,-32.926
77366,1.08099,-10.1331
77367,1.09098,-11.7514
77368,1.08877,-18.906
77369,1.07144,-28.5284
77370,1.06241,-26.9042
77371,1.06192,-26.2606
77372,1.04925,-35.8664
77373,1.05184,-35.1966
77374,1.05625,-34.6507
77375,1.0869,-28.2767
77376,1.09022,-28.1668
77377,1.09569,-27.6007
77378,1.06932,-29.5257
77379,1.06392,-33.9084
77380,1.05182,-35.5399
77381,1.06953,-32.3806
77382,1.06993,-32.205
77383,1.06925,-32.0824
77384,1.07157,-30.1501
77385,1.06172,-26.9199
77386,1.03576,-21.3491
77387,1.07387,-27.607
77388,1.06217,-33.2559
77389,1.06752,-32.4282
77390,1.06249,-33.2076
77391,1.06308,-33.0104
77392,1.06305,-33.0228
77393,1.06368,-32.9932
77394,1.0641,-32.7965
77395,1.06048,-33.434
77396,1.06153,-33.4567
77397,1.07013,-32.3536
77398,1.06566,-32.3616
77399,1.06899,-26.8836
77400,1.06808,-26.9138
77401,1.07556,-26.318
77402,1.08277,-25.2868
77403,1.08093,-24.8789
77404,1.07831,-23.7158
77405,1.08187,-25.9947
77406,1.06647,-26.6479
77407,1.06501,-26.5378
77408,1.06342,-26.4734
77409,1.06488,-26.4187
77410,1.08054,-6.52186
77411,1.05024,-4.41468
77412,1.05003,-33.0583
77413,1.05704,-35.2852
77414,1.06089,-35.8138
77415,1.05919,-35.7531
77416,1.05519,-35.4906
77417,1.05778,-36.2277
77418,1.05673,-36.2289
77419,1.08556,-23.9094
77420,1.0941,-23.5015
77421,1.08383,-15.2553
77422,1.06566,-24.3859
77423,1.07998,-30.4515
77424,1.07779,-30.7467
77425,1.02724,-39.139
77426,1.02823,-38.9712
77427,1.02783,-38.9974
77428,1.03096,-38.4624
77429,1.02994,-38.8243
77430,1.02917,-38.8896
77431,1.03233,-38.4331
77432,1.03114,-38.702
77433,1.02939,-38.8621
77434,1.03121,-38.6293
77435,1.03227,-38.6365
77436,1.03247,-38.6208
77437,1.03307,-38.5555
77438,1.03289,-38.54
77439,1.03352,-38.4741
77440,1.03365,-38.4658
77441,1.03868,-36.8
77442,1.03832,-36.8716
77443,1.03115,-38.3358
77444,1.03243,-38.2154
77445,1.03302,-37.8509
77446,1.0291,-37.6411
77447,1.03293,-37.8519
77448,1.03037,-37.8053
77449,1.03996,-37.1518
77450,1.02603,-39.2395
77451,1.02563,-39.2659
77452,1.02648,-39.2134
77453,1.03096,-38.7346
77454,1.03257,-38.381
77455,1.06659,-30.3733
77456,1.0601,-27.5987
77457,1.07018,-30.7216
77458,1.04173,-37.1579
77459,1.03153,-38.1472
77460,1.03287,-38.1015
77461,1.08796,-23.499
77462,1.07824,-23.886
77463,1.07689,-9.84987
77464,1.04891,-27.4343
77465,1.06087,-26.7448
77466,1.04986,-27.3101
77467,1.04831,-27.383
77468,1.04673,-27.4052
77469,1.04755,-27.451
77470,1.04586,-27.5097
77471,1.04496,-27.5141
77472,1.04493,-27.5344
77473,1.04412,-27.6092
77474,1.04359,-27.6314
77475,1.04484,-27.5356
77476,1.04143,-27.7457
77477,1.04021,-27.7222
77478,1.03704,-27.9656
77479,1.03663,-28.0353
77480,1.03653,-28.0115
77481,1.03674,-28.2204
77482,1.03685,-28.2494
77483,1.03719,-28.4298
77484,1.05596,-26.9033
77485,1.06002,-26.3508
77486,1.05401,-27.2205
77487,1.04581,-27.0098
77488,1.04512,-26.4518
77489,1.06426,-21.1013
77490,1.06454,-21.0785
77491,1.06337,-21.4345
77492,1.06356,-21.6364
77493,1.06158,-22.3188
77494,1.06138,-22.7095
77495,1.06145,-22.3604
77496,1.03926,-27.8555
77497,1.03849,-27.7862
77498,1.03661,-28.048
77499,1.03496,-38.424
77500,1.03631,-38.2579
77501,1.0391,-37.7621
77502,1.03896,-37.4951
77503,1.04404,-36.4151
77504,1.05527,-34.4955
77505,1.03304,-38.4388
77506,1.03599,-38.0645
77507,1.04846,-35.2654
77508,1.04593,-34.8735
77509,1.04914,-35.2086
77510,1.04627,-35.3078
77511,1.04671,-34.8444
77512,1.04182,-36.4909
77513,1.04166,-36.4586
77514,1.04798,-36.044
77515,1.05274,-35.476
77516,1.07264,-33.9488
77517,1.07337,-33.8043
77518,1.07162,-33.6827
77519,1.07289,-33.6799
77520,1.05212,-35.5668
77521,1.05637,-35.0851
77522,1.05724,-34.8061
77523,1.06244,-34.3314
77524,1.02876,-37.6458
77525,1.03228,-37.5061
77526,1.05713,-33.3217
77527,1.07226,-29.6834
77528,1.07534,-30.3919
77529,1.07411,-30.0306
77530,1.07968,-29.8373
77531,1.08056,-29.5296
77532,1.0748,-32.2716
77533,1.07495,-32.9648
77534,1.06679,-32.1303
77535,1.06397,-33.5872
77536,1.06606,-33.4599
77537,1.08102,-27.1839
77538,1.05202,-35.0624
77539,1.05642,-33.3889
77540,1.04339,-36.6846
77541,1.04245,-36.4021
77542,1.0432,-36.1438
77543,1.04841,-35.332
77544,1.03553,-37.9871
77545,1.0487,-35.3243
77546,1.05163,-33.777
77547,1.06986,-33.3141
77548,1.06984,-33.2634
77549,1.0706,-33.1447
77550,1.06909,-33.3997
77551,1.06896,-33.408
77552,1.06998,-33.346
77553,1.07024,-33.0785
77554,1.06964,-32.8777
77555,1.07415,-32.7259
77556,1.07695,-32.2754
77557,1.04328,-36.0878
77558,1.04263,-35.906
77559,1.04202,-36.0077
77560,1.04103,-36.2974
77561,1.03918,-36.8309
77562,1.04063,-36.3486
77563,1.0751,-26.9497
77564,1.07348,-28.3366
77565,1.0852,-35.8203
77566,1.09057,-35.4607
77567,1.0958,-35.5612
77568,1.09822,-35.4036
77569,1.09347,-35.8298
77570,1.08658,-31.1417
77571,1.08809,-31.3053
77572,1.0926,-31.9718
77573,1.09436,-32.7135
77574,1.07559,-36.7231
77575,1.07695,-36.6868
77576,1.08278,-36.0783
77577,1.07967,-36.3792
77578,1.08837,-35.588
77579,1.1,-34.025
77580,1.07419,-36.5826
77581,1.07475,-36.4979
77582,1.07307,-37.2263
77583,1.07673,-29.9669
77584,1.07634,-29.6078
77585,1.08358,-30.6705
77586,1.08569,-30.9268
77587,1.06631,-32.0568
77588,1.0915,-32.8719
77589,1.06623,-32.2167
77590,1.06888,-31.6843
77591,1.06906,-32.9309
77592,1.06785,-32.5192
77593,1.06359,-33.0657
77594,1.07114,-33.7663
77595,1.07069,-32.4108
77596,1.07427,-32.9105
77597,1.07608,-36.8504
77598,1.07508,-36.8506
77599,1.06799,-36.9251
77600,1.06074,-36.9244
77601,1.07672,-33.132
77602,1.0771,-33.4371
77603,1.07737,-33.3927
77604,1.07782,-33.291
77605,1.06947,-34.6769
77606,1.06858,-34.5884
77607,1.08289,-33.9503
77608,1.08454,-33.9162
77609,1.07294,-37.2539
77610,1.0861,-33.9814
77611,1.08333,-36.0119
77612,1.08639,-35.3544
77613,1.0872,-35.4259
77614,1.08929,-35.1915
77615,1.08566,-37.5801
77616,1.07691,-38.3979
77617,1.08383,-32.1152
77618,1.08418,-31.9114
77619,1.06862,-39.2684
77620,1.0687,-39.2576
77621,1.06891,-39.2568
77622,1.06942,-39.1536
77623,1.067,-39.412
77624,1.06886,-39.235
77625,1.06668,-39.4546
77626,1.07211,-38.6842
77627,1.07107,-38.8581
77628,1.07095,-38.7874
77629,1.06736,-39.3741
77630,1.07235,-38.956
77631,1.07451,-38.5883
77632,1.07448,-38.3695
77633,1.07881,-37.5131
77634,1.09187,-35.0186
77635,1.06978,-38.9396
77636,1.07138,-38.7997
77637,1.06609,-39.3725
77638,1.06992,-39.0644
77639,1.06985,-39.0723
77640,1.06957,-39.1428
77641,1.06916,-39.1384
77642,1.06859,-39.2166
77643,1.06508,-39.5041
77644,1.06997,-38.8883
77645,1.07181,-38.6155
77646,1.0698,-39.0776
77647,1.07019,-39.0009
77648,1.07199,-39.0099
77649,1.07295,-38.8516
77650,1.06619,-39.2393
77651,1.07036,-38.9123
77652,1.07412,-35.5481
77653,1.07633,-36.0434
77654,1.08066,-35.8825
77655,1.08549,-35.1017
77656,1.07633,-36.6883
77657,1.07833,-36.1718
77658,1.0642,-34.0121
77659,1.06412,-33.3471
77660,1.03468,-28.3728
77661,1.0349,-28.3091
77662,1.02553,-27.6208
77663,1.00668,-26.9193
77664,1.03586,-28.0083
77665,1.03453,-27.8857
77666,1.06888,-35.7223
77667,1.06861,-35.5094
77668,1.06989,-34.6479
77669,1.07037,-34.6738
77670,1.06848,-35.1448
77671,1.06825,-35.171
77672,1.06804,-35.3095
77673,1.0679,-35.2545
77674,1.07569,-34.3038
77675,1.07917,-33.7617
77676,1.08584,-32.8043
77677,1.06995,-34.676
77678,1.07259,-34.4493
77679,1.07235,-34.5209
77680,1.07389,-34.4315
77681,1.07245,-34.5252
77682,1.07131,-34.5964
77683,1.07143,-34.5338
77684,1.07103,-34.5796
77685,1.07069,-34.5683
77686,1.07058,-34.6257
77687,1.07057,-34.6227
77688,1.07233,-34.5029
77689,1.07148,-35.0281
77690,1.07184,-35.0064
77691,1.07451,-34.576
77692,1.07476,-35.0293
77693,1.07495,-34.2786
77694,1.08627,-34.8927
77695,1.08538,-33.7952
77696,1.08627,-33.6894
77697,1.08693,-32.9796
77698,1.08583,-32.4861
77699,1.08596,-33.1965
77700,1.08555,-32.8952
77701,1.0816,-33.8596
77702,1.08449,-33.4088
77703,1.08471,-33.3817
77704,1.06891,-38.2525
77705,1.06981,-38.6229
77706,1.06235,-37.3152
77707,1.06209,-37.1097
77708,1.06277,-36.5862
77709,1.0627,-36.979
77710,1.06268,-37.1332
77711,1.07335,-37.1636
77712,1.07331,-37.9576
77713,1.07826,-35.4135
77714,1.08121,-35.7776
77715,1.0817,-34.9764
77716,1.07761,-34.8231
77717,1.07961,-35.1032
77718,1.0863,-35.0778
77719,1.08825,-34.8297
77720,1.06739,-38.2519
77721,1.07465,-36.8344
77722,1.07608,-36.3738
77723,1.08995,-36.093
77724,1.08999,-36.0299
77725,1.09012,-36.0472
77726,1.0893,-35.7203
77727,1.08493,-34.7164
77728,1.0806,-35.4275
77729,1.07544,-33.3361
77730,1.07477,-33.485
77731,1.07484,-33.1648
77732,1.07474,-33.4798
77733,1.0755,-33.223
77734,1.07551,-33.1397
77735,1.07446,-33.5517
77736,1.07525,-33.156
77737,1.07574,-33.1516
77738,1.0759,-33.4505
77739,1.07557,-33.0975
77740,1.07532,-33.6905
77741,1.07646,-32.2895
77742,1.08093,-33.9642
77743,1.07379,-34.6891
77744,1.08832,-33.6012
77745,1.08922,-34.2122
77746,1.08847,-33.2509
77747,1.08789,-32.8441
77748,1.0881,-33.3242
77749,1.09373,-33.6432
77750,1.09446,-33.6685
77751,1.09237,-33.3387
77752,1.08946,-32.857
77753,1.07872,-31.3142
77754,1.07861,-31.1762
77755,1.07827,-31.4805
77756,1.07757,-31.6733
77757,1.07864,-31.1815
77758,1.07917,-31.0814
77759,1.07922,-31.1239
77760,1.07911,-30.6729
77761,1.07848,-31.2128
77762,1.07869,-31.2001
77763,1.07817,-31.1983
77764,1.07853,-31.2246
77765,1.07792,-31.2251
77766,1.07875,-31.241
77767,1.077,-31.9857
77768,1.0792,-30.7257
77769,1.08164,-30.9094
77770,1.07383,-33.8455
77771,1.08567,-31.7707
77772,1.08608,-31.7037
77773,1.08523,-31.8044
77774,1.0857,-31.8395
77775,1.08514,-31.7997
77776,1.08557,-31.6724
77777,1.08574,-31.656
77778,1.07989,-30.0673
77779,1.0866,-31.9657
77780,1.08653,-31.7678
77781,1.08603,-31.8011
77782,1.08469,-31.0856
77783,1.08434,-31.0527
77784,1.08593,-31.8244
77785,1.08623,-30.9764
77786,1.08726,-32.2219
77787,1.08694,-32.1745
77788,1.08449,-32.9299
77789,1.08529,-35.2554
77790,1.08563,-35.3274
77791,1.08571,-33.522
77792,1.08684,-31.7124
77793,1.07119,-34.618
77794,1.08047,-34.8919
77795,1.07889,-34.4548
77796,1.07367,-33.878
77797,1.08875,-36.8251
77798,1.07734,-37.9643
77799,1.1,-35.6868
77800,1.07715,-35.8355
77801,1.07186,-37.1676
77802,1.07507,-36.7438
77803,1.07777,-35.6566
77804,1.08126,-34.2643
77805,1.0729,-37.1226
77806,1.07279,-37.1853
77807,1.07295,-37.1349
77808,1.07275,-37.1874
77809,1.07711,-35.9536
77810,1.07519,-36.6758
77811,1.07687,-35.8379
77812,1.0747,-36.7496
77813,1.0742,-36.9608
77814,1.07463,-36.813
77815,1.07498,-36.7601
77816,1.07717,-35.9893
77817,1.07449,-36.8181
77818,1.0741,-36.901
77819,1.07442,-36.8866
77820,1.07427,-37.0073
77821,1.07428,-36.9748
77822,1.07425,-37.0146
77823,1.0742,-36.9914
77824,1.07427,-36.9387
77825,1.07443,-36.8519
77826,1.07425,-36.8789
77827,1.07388,-36.9868
77828,1.07395,-36.9779
77829,1.07431,-37.0571
77830,1.07578,-36.8734
77831,1.07427,-37.0875
77832,1.07401,-37.1469
77833,1.07246,-37.2529
77834,1.07247,-37.2822
77835,1.0737,-37.1677
77836,1.07439,-37.1035
77837,1.07637,-36.8344
77838,1.07834,-36.3525
77839,1.07846,-36.2999
77840,1.07895,-35.8856
77841,1.07196,-37.3599
77842,1.07594,-36.9721
77843,1.07905,-36.5172
77844,1.07487,-37.0863
77845,1.074,-37.1352
77846,1.07052,-37.5283
77847,1.07016,-37.5821
77848,1.06993,-37.5979
77849,1.07004,-37.5877
77850,1.07113,-37.3148
77851,1.077,-35.536
77852,1.07597,-36.4669
77853,1.07491,-36.9692
77854,1.0751,-36.8648
77855,1.0753,-36.7736
77856,1.07505,-36.9748
77857,1.07555,-36.9047
77858,1.07497,-37.0077
77859,1.07548,-36.9152
77860,1.07494,-37.0051
77861,1.07264,-37.2194
77862,1.07282,-37.1972
77863,1.07264,-37.2275
77864,1.07271,-37.2311
77865,1.07251,-37.2806
77866,1.07282,-37.259
77867,1.07207,-37.343
77868,1.07166,-37.4071
77869,1.07137,-37.4388
77870,1.07385,-37.0514
77871,1.07401,-37.0264
77872,1.07316,-37.1577
77873,1.07284,-37.2433
77874,1.07741,-36.5374
77875,1.07357,-37.0809
77876,1.07076,-37.2563
77877,1.07382,-36.9427
77878,1.07586,-36.6265
77879,1.07509,-36.6184
77880,1.07514,-36.5092
77881,1.07263,-37.2396
77882,1.07915,-36.6024
77883,1.07603,-36.971
77884,1.07593,-36.9755
77885,1.07418,-37.1317
77886,1.07852,-36.3874
77887,1.07958,-35.7702
77888,1.06891,-37.2375
77889,1.07153,-37.1065
77890,1.09155,-34.3142
77891,1.09172,-33.1119
77892,1.09294,-31.9588
77893,1.08284,-29.7182
77894,1.08989,-35.1594
77895,1.0909,-35.1142
77896,1.08573,-34.2006
77897,1.06735,-34.4044
77898,1.09911,-34.0049
77899,1.1,-33.5533
77900,1.06363,-35.9351
77901,1.06367,-35.9313
77902,1.06376,-35.9316
77903,1.0645,-35.8271
77904,1.06503,-35.7293
77905,1.06377,-35.9333
77906,1.06376,-35.933
77907,1.06317,-36.0522
77908,1.06382,-35.9093
77909,1.06375,-35.9184
77910,1.0642,-35.8152
77911,1.06582,-35.4697
77912,1.06417,-35.8721
77913,1.06691,-35.4527
77914,1.06869,-35.0226
77915,1.06897,-35.0895
77916,1.07375,-34.7559
77917,1.05906,-36.844
77918,1.07767,-34.2776
77919,1.07217,-33.7841
77920,1.07179,-33.6151
77921,1.05456,-35.6809
77922,1.05637,-35.456
77923,1.05448,-34.3282
77924,1.05255,-34.9915
77925,1.05972,-34.9114
77926,1.06896,-37.1594
77927,1.07072,-37.0358
77928,1.06688,-36.3482
77929,1.07151,-36.4035
77930,1.07032,-36.4365
77931,1.08217,-33.6588
77932,1.07961,-34.7333
77933,1.07991,-34.8512
77934,1.07967,-34.6191
77935,1.07975,-34.589
77936,1.08202,-33.8269
77937,1.08091,-33.391
77938,1.08273,-35.892
77939,1.09857,-33.7799
77940,1.09943,-33.7065
77941,1.09253,-34.6803
77942,1.09263,-34.3878
77943,1.07568,-36.1671
77944,1.07733,-35.8528
77945,1.07778,-35.8724
77946,1.07773,-35.8186
77947,1.07495,-36.0951
77948,1.07777,-35.8992
77949,1.07834,-35.8185
77950,1.0787,-35.6855
77951,1.08011,-35.4417
77952,1.07917,-35.7022
77953,1.07868,-35.6935
77954,1.07689,-35.9122
77955,1.07864,-35.5841
77956,1.0692,-36.7404
77957,1.07999,-35.3366
77958,1.08644,-34.1927
77959,1.07986,-35.7656
77960,1.07514,-36.3024
77961,1.08862,-33.7298
77962,1.08864,-33.672
77963,1.06373,-36.8583
77964,1.07086,-35.6829
77965,1.06614,-36.006
77966,1.06627,-36.3431
77967,1.06626,-37.1599
77968,1.05549,-35.5482
77969,1.05635,-35.6244
77970,1.06217,-35.9926
77971,1.06068,-35.7554
77972,1.06128,-35.6924
77973,1.05056,-35.8456
77974,1.05881,-35.643
77975,1.05982,-35.7748
77976,1.08584,-36.6572
77977,1.07484,-38.3601
77978,1.06891,-39.1611
77979,1.08087,-36.4827
77980,1.0787,-37.3568
77981,1.08023,-33.9138
77982,1.08109,-33.7098
77983,1.07701,-34.2124
77984,1.0776,-34.0155
77985,1.08334,-33.3636
77986,1.08583,-32.7126
77987,1.08565,-32.77
77988,1.07419,-34.203
77989,1.08025,-32.0174
77990,1.08003,-32.066
77991,1.08167,-31.2479
77992,1.07588,-33.5504
77993,1.08151,-31.529
77994,1.08126,-31.6076
77995,1.07551,-33.081
77996,1.07734,-36.7497
77997,1.08902,-33.0976
77998,1.07476,-34.6911
77999,1.08681,-33.8529
78000,1.07954,-32.2807
78001,1.0793,-32.3409
78002,1.07531,-31.8328
78003,1.06442,-37.9068
78004,1.06106,-38.2708
78005,1.07161,-37.1187
78006,1.07124,-37.1411
78007,1.06017,-37.5761
78008,1.05721,-38.3561
78009,1.05813,-38.4123
78010,1.06022,-38.0502
78011,1.05809,-38.1222
78012,1.0786,-36.4672
78013,1.06906,-36.5393
78014,1.07057,-36.5281
78015,1.0718,-36.5867
78016,1.07087,-36.6701
78017,1.07092,-36.7607
78018,1.07334,-36.5552
78019,1.07272,-36.9567
78020,1.07346,-36.81
78021,1.07384,-37.1444
78022,1.07114,-37.2035
78023,1.07315,-37.1779
78024,1.07333,-37.0898
78025,1.06719,-37.9797
78026,1.06697,-37.9709
78027,1.07419,-36.9946
78028,1.07206,-37.3538
78029,1.07465,-36.9247
78030,1.08198,-35.6187
78031,1.07051,-37.4348
78032,1.06808,-37.885
78033,1.06879,-37.8141
78034,1.07179,-37.3301
78035,1.06777,-37.8758
78036,1.07379,-37.3623
78037,1.07504,-37.2121
78038,1.06702,-37.8695
78039,1.0666,-37.9743
78040,1.07335,-36.5693
78041,1.0677,-35.432
78042,1.07174,-36.3345
78043,1.07264,-36.3495
78044,1.07145,-36.3508
78045,1.06518,-36.5917
78046,1.09185,-36.5301
78047,1.09087,-36.5771
78048,1.09272,-36.5283
78049,1.0725,-34.7377
78050,1.07083,-34.9819
78051,1.07122,-34.9493
78052,1.07208,-34.7699
78053,1.07241,-34.6554
78054,1.07195,-34.7987
78055,1.07007,-35.0633
78056,1.06971,-35.1103
78057,1.07231,-34.6973
78058,1.07244,-34.7646
78059,1.07228,-34.7053
78060,1.07257,-34.7281
78061,1.07296,-34.5479
78062,1.07098,-34.9234
78063,1.07242,-34.6102
78064,1.06959,-35.0996
78065,1.06854,-35.2196
78066,1.0683,-35.2396
78067,1.07301,-34.8424
78068,1.06437,-35.9015
78069,1.06319,-35.9854
78070,1.06369,-35.9765
78071,1.06372,-35.975
78072,1.06394,-35.952
78073,1.06684,-35.5551
78074,1.08526,-33.2385
78075,1.08535,-34.9708
78076,1.08649,-35.1926
78077,1.08618,-35.2813
78078,1.06456,-36.0049
78079,1.08411,-35.8587
