bus_id,Pg,Qg
1,6.26046e-06,9.05391e-06
1,6.26046e-06,9.05391e-06
2,1.20665e-05,1.38361e-05
3,1.20664e-05,1.38361e-05
3,1.20664e-05,1.38361e-05
4,1.20664e-05,1.38361e-05
4,1.20664e-05,1.38361e-05
5,1.20664e-05,1.38361e-05
5,1.20665e-05,1.38361e-05
5,1.20664e-05,1.38361e-05
6,1.20664e-05,1.38361e-05
6,1.20664e-05,1.38361e-05
6,1.20664e-05,1.38361e-05
7,1.20664e-05,1.38361e-05
7,1.20664e-05,1.38361e-05
7,1.20664e-05,1.38361e-05
8,-2.39731e-06,-6.23215e-07
9,-2.3973e-06,-6.23215e-07
10,-2.3973e-06,-6.23215e-07
10,-2.3973e-06,-6.23214e-07
11,-2.3973e-06,-6.23214e-07
13,-2.3973e-06,-6.23214e-07
13,1.70307e-06,3.32128e-06
14,1.70307e-06,3.32128e-06
14,1.70308e-06,3.32128e-06
14,1.70307e-06,3.32128e-06
14,1.67373e-06,1.80494e-05
15,1.67373e-06,1.80494e-05
15,3.77357e-06,7.13392e-06
15,3.77357e-06,7.13392e-06
15,3.77357e-06,7.13392e-06
15,3.77357e-06,7.13392e-06
16,3.61374e-06,1.00421e-05
16,3.61374e-06,1.00421e-05
17,3.61374e-06,1.00421e-05
17,3.61373e-06,1.00421e-05
18,8.23222e-06,1.22077e-05
18,8.23222e-06,1.22077e-05
18,8.2322e-06,1.22077e-05
18,8.23221e-06,1.22077e-05
19,8.23219e-06,1.22077e-05
20,8.23219e-06,1.22077e-05
21,8.23221e-06,1.22077e-05
21,2.07158e-06,4.11013e-06
21,2.07158e-06,4.11013e-06
21,2.07158e-06,4.11014e-06
23,7.77823e-06,1.1358e-05
25,7.77827e-06,1.1358e-05
26,7.77827e-06,1.1358e-05
26,7.77827e-06,1.1358e-05
26,7.77827e-06,1.1358e-05
27,7.77827e-06,1.1358e-05
28,7.77827e-06,1.1358e-05
29,7.77829e-06,1.13581e-05
30,7.77823e-06,1.13581e-05
31,7.77823e-06,1.1358e-05
31,7.77823e-06,1.1358e-05
31,7.77822e-06,1.1358e-05
31,7.77822e-06,1.1358e-05
31,7.77823e-06,1.1358e-05
32,7.77823e-06,1.1358e-05
32,7.77827e-06,1.1358e-05
33,7.77827e-06,1.1358e-05
33,2.34538e-06,1.06261e-05
33,2.34538e-06,1.06261e-05
33,2.34538e-06,1.06261e-05
33,3.42218e-06,1.019e-05
33,3.42217e-06,1.019e-05
33,3.42218e-06,1.019e-05
33,-2.22465e-07,-6.4299e-08
33,-2.22465e-07,-6.4299e-08
33,-2.22465e-07,-6.4299e-08
33,-2.22465e-07,-6.4299e-08
33,-2.22466e-07,-6.42991e-08
34,-2.22466e-07,-6.42991e-08
34,2.24016e-05,8.27649e-06
35,2.24016e-05,8.27649e-06
36,3.6169e-06,1.0096e-05
36,3.61709e-06,1.0096e-05
37,3.61709e-06,1.0096e-05
37,3.61709e-06,1.0096e-05
38,3.61709e-06,1.0096e-05
38,3.61709e-06,1.0096e-05
38,3.61709e-06,1.0096e-05
38,3.61709e-06,1.0096e-05
38,3.61709e-06,1.0096e-05
38,3.61709e-06,1.0096e-05
38,3.61709e-06,1.0096e-05
39,3.6169e-06,1.0096e-05
39,3.61692e-06,1.0096e-05
39,3.61693e-06,1.0096e-05
40,3.61694e-06,1.0096e-05
40,3.61694e-06,1.0096e-05
40,3.6169e-06,1.0096e-05
40,3.6169e-06,1.0096e-05
40,3.6169e-06,1.0096e-05
40,3.6169e-06,1.0096e-05
40,3.6169e-06,1.0096e-05
41,3.61709e-06,1.0096e-05
41,3.61709e-06,1.0096e-05
41,1.17827e-05,8.03423e-06
41,1.17827e-05,8.03423e-06
42,1.17827e-05,8.03423e-06
42,1.17827e-05,8.03423e-06
42,1.17827e-05,8.03423e-06
42,1.17827e-05,8.03423e-06
43,1.17827e-05,8.03423e-06
43,1.17827e-05,8.03423e-06
44,1.17827e-05,8.03423e-06
45,1.17827e-05,8.03423e-06
47,1.29183e-05,7.7117e-06
47,1.24667e-05,2.00868e-05
47,1.24667e-05,2.00868e-05
50,1.2467e-05,2.00868e-05
51,1.2467e-05,2.00868e-05
51,1.35708e-05,1.31347e-05
51,1.35708e-05,1.31347e-05
51,1.35707e-05,1.31347e-05
51,1.35707e-05,1.31347e-05
51,2.23235e-05,9.1025e-06
52,1.43046e-05,4.21313e-06
52,6.88447e-06,1.59961e-05
52,6.88448e-06,1.59961e-05
53,-2.20228e-08,1.92161e-06
53,1.86224e-07,2.06e-06
54,1.86225e-07,2.06e-06
56,1.32123e-05,7.83168e-06
56,1.59193e-07,-3.74391e-08
56,1.9544e-05,3.46456e-06
57,1.9544e-05,3.46456e-06
57,1.9544e-05,3.46456e-06
57,1.9544e-05,3.46456e-06
58,-2.6287e-07,-8.48306e-07
58,-2.6287e-07,-8.48306e-07
58,-2.6287e-07,-8.48306e-07
58,5.98767e-06,9.01494e-06
59,5.9877e-06,9.01495e-06
60,2.86593e-05,2.18361e-05
60,-3.11636e-06,9.19572e-06
61,-3.11636e-06,9.19572e-06
61,-3.11636e-06,9.19572e-06
62,1.47314e-06,1.01956e-06
62,1.47314e-06,1.01956e-06
62,1.47314e-06,1.01955e-06
63,1.47314e-06,1.01955e-06
63,-2.94632e-06,3.86894e-06
63,-2.94631e-06,3.86894e-06
64,1.39253e-05,1.09423e-05
64,1.39253e-05,1.09423e-05
65,1.12133e-05,3.28312e-06
65,1.12132e-05,3.28311e-06
65,3.62397e-06,4.92726e-06
65,3.62395e-06,4.92726e-06
65,1.00208e-05,1.75686e-05
65,2.05626e-05,-4.45405e-07
65,2.05628e-05,-4.45405e-07
65,1.79028e-06,1.28077e-07
65,-1.56314e-06,-1.26497e-06
65,-1.56312e-06,-1.26496e-06
66,-2.05948e-07,-1.11353e-06
67,-2.05946e-07,-1.11353e-06
67,-2.05948e-07,-1.11353e-06
67,-2.05946e-07,-1.11353e-06
68,-2.05946e-07,-1.11353e-06
68,-2.05946e-07,-1.11353e-06
68,-2.05948e-07,-1.11353e-06
69,-2.05946e-07,-1.11353e-06
69,-2.05948e-07,-1.11353e-06
71,-2.05946e-07,-1.11353e-06
75,-2.05946e-07,-1.11353e-06
75,-2.05948e-07,-1.11353e-06
75,-2.05946e-07,-1.11353e-06
77,-2.05949e-07,-1.11353e-06
77,-2.05947e-07,-1.11353e-06
77,-2.05946e-07,-1.11353e-06
78,6.18172e-06,1.29673e-05
78,6.18174e-06,1.29673e-05
78,6.18173e-06,1.29673e-05
78,6.18173e-06,1.29673e-05
78,6.18173e-06,1.29673e-05
78,6.18174e-06,1.29673e-05
78,6.18174e-06,1.29673e-05
78,6.18174e-06,1.29673e-05
78,6.18174e-06,1.29673e-05
78,6.18174e-06,1.29673e-05
78,1.80053e-05,1.33199e-05
78,1.80053e-05,1.33199e-05
78,1.75567e-05,-2.36088e-07
78,1.09297e-05,4.38281e-05
78,1.27162e-07,5.20523e-06
78,1.27161e-07,5.20523e-06
78,1.27134e-07,5.20522e-06
78,1.27128e-07,5.20522e-06
78,3.31036e-07,1.41792e-05
78,2.96829e-05,1.90975e-05
78,1.30954e-05,1.92581e-05
78,1.30954e-05,1.92581e-05
78,1.30954e-05,1.92581e-05
78,1.20959e-06,1.86315e-06
78,1.20961e-06,1.86317e-06
78,1.20961e-06,1.86317e-06
78,4.28511e-05,2.58723e-05
78,7.5737e-06,9.2204e-06
78,1.58583e-05,1.67559e-05
78,1.58583e-05,1.67559e-05
78,1.79313e-05,2.28694e-05
79,1.79313e-05,2.28694e-05
82,7.0473e-06,1.48499e-05
83,2.20278e-05,1.63773e-05
83,2.20278e-05,1.63773e-05
83,2.27313e-05,1.65837e-05
84,2.27313e-05,1.65837e-05
84,2.8338e-05,2.23758e-05
84,1.20336e-05,1.69108e-05
84,-5.27388e-07,3.50553e-06
85,-5.27207e-07,3.50547e-06
85,1.06312e-06,7.08543e-06
86,1.50739e-05,1.79673e-05
87,1.50739e-05,1.79673e-05
87,1.23375e-05,1.031e-05
87,1.23375e-05,1.031e-05
87,1.23375e-05,1.031e-05
87,1.6529e-05,2.62746e-05
87,2.52435e-05,1.6284e-05
88,2.52435e-05,1.6284e-05
89,2.52435e-05,1.6284e-05
90,2.52435e-05,1.6284e-05
91,2.52435e-05,1.6284e-05
93,1.49048e-05,1.35474e-05
93,1.49048e-05,1.35474e-05
94,1.73227e-05,2.54576e-05
94,1.73227e-05,2.54576e-05
94,2.03761e-05,2.82986e-06
94,2.90515e-05,6.66337e-06
94,2.90515e-05,6.66337e-06
94,2.66105e-05,2.14688e-05
94,1.37139e-05,1.42559e-05
94,1.37139e-05,1.42559e-05
94,6.12159e-06,7.958e-06
94,6.12159e-06,7.958e-06
94,6.12159e-06,7.958e-06
94,6.12159e-06,7.958e-06
94,6.12159e-06,7.958e-06
95,6.12159e-06,7.958e-06
95,3.95882e-07,4.3239e-07
96,3.95883e-07,4.3239e-07
96,3.95882e-07,4.3239e-07
98,3.95883e-07,4.3239e-07
99,9.13303e-06,1.59199e-05
99,9.13302e-06,1.59199e-05
99,9.13303e-06,1.59199e-05
99,9.92834e-06,1.12444e-05
99,6.07016e-06,4.42028e-06
99,4.27471e-06,7.63807e-06
100,4.27471e-06,7.63808e-06
101,4.27471e-06,7.63808e-06
102,4.27471e-06,7.63808e-06
102,1.81423e-05,1.91203e-05
102,1.81423e-05,1.91203e-05
104,1.81423e-05,1.91203e-05
105,4.7631e-06,1.82824e-05
106,1.47924e-05,4.98198e-05
107,1.47924e-05,4.98198e-05
107,1.47924e-05,4.98198e-05
107,1.47924e-05,4.98198e-05
108,1.47924e-05,4.98198e-05
108,1.41279e-05,2.4287e-05
108,4.79531e-06,5.23831e-06
109,3.55457e-05,2.61065e-05
109,3.55457e-05,2.61065e-05
109,2.35891e-06,4.53599e-06
109,2.71519e-05,-9.8914e-07
110,2.71519e-05,-9.8914e-07
110,5.51738e-06,8.47765e-06
110,5.51738e-06,8.47765e-06
110,7.09649e-06,1.29399e-05
112,1.21794e-05,5.79385e-06
113,1.21794e-05,5.79385e-06
114,1.21794e-05,5.79385e-06
115,1.33023e-05,1.19805e-05
116,1.33023e-05,1.19805e-05
116,1.76684e-05,2.204e-05
116,1.76684e-05,2.204e-05
117,1.76684e-05,2.204e-05
117,1.76684e-05,2.204e-05
118,1.76684e-05,2.204e-05
118,1.76684e-05,2.204e-05
118,1.76684e-05,2.204e-05
118,1.76684e-05,2.204e-05
118,1.76684e-05,2.204e-05
118,1.76684e-05,2.204e-05
119,1.76683e-05,2.204e-05
119,1.76683e-05,2.204e-05
119,1.76684e-05,2.204e-05
120,1.76684e-05,2.204e-05
120,1.76684e-05,2.204e-05
120,1.76683e-05,2.204e-05
124,8.18223e-06,2.01001e-05
125,8.18223e-06,2.01001e-05
125,1.31163e-05,1.27601e-05
125,1.31163e-05,1.27601e-05
126,1.31163e-05,1.27601e-05
126,-3.63186e-06,-2.7634e-06
126,1.47406e-05,1.51147e-05
128,1.9559e-06,3.60345e-06
128,1.52327e-05,1.50131e-05
128,1.52327e-05,1.50131e-05
129,9.69123e-06,1.26683e-05
130,9.69123e-06,1.26683e-05
130,9.69123e-06,1.26683e-05
130,9.69123e-06,1.26683e-05
130,9.69123e-06,1.26683e-05
130,9.69124e-06,1.26683e-05
130,9.69122e-06,1.26683e-05
131,9.69126e-06,1.26683e-05
3502,9.69123e-06,1.26683e-05
3503,9.69123e-06,1.26683e-05
3504,9.69123e-06,1.26683e-05
3504,9.69123e-06,1.26683e-05
3505,9.69123e-06,1.26683e-05
3506,9.69123e-06,1.26683e-05
3507,9.69123e-06,1.26683e-05
3508,9.69122e-06,1.26683e-05
3508,1.43608e-05,1.60001e-06
3509,1.43608e-05,1.60001e-06
3509,1.43608e-05,1.60001e-06
3510,1.43608e-05,1.60001e-06
3510,1.43608e-05,1.60001e-06
3511,1.43608e-05,1.60001e-06
3512,1.43608e-05,1.60001e-06
3512,1.43608e-05,1.60001e-06
3512,1.43608e-05,1.60001e-06
3512,1.43608e-05,1.60001e-06
3512,1.43608e-05,1.60001e-06
3512,1.43608e-05,1.60001e-06
3513,3.59914e-05,1.34024e-06
3513,1.05111e-06,1.94091e-06
3513,8.62253e-07,1.91755e-06
3513,8.62357e-07,1.91756e-06
3514,8.62344e-07,1.91756e-06
3514,9.45612e-07,1.16968e-06
3515,8.12251e-06,1.08138e-05
3515,8.12251e-06,1.08138e-05
3515,5.63273e-06,7.86081e-06
3515,5.6328e-06,7.86081e-06
3515,5.6328e-06,7.86081e-06
3515,1.39631e-07,3.7284e-07
3515,9.55334e-07,1.99466e-06
3515,1.03218e-06,4.7229e-06
3515,1.03218e-06,4.7229e-06
3515,6.0509e-06,8.10484e-06
3515,6.05091e-06,8.10484e-06
3515,6.0509e-06,8.10484e-06
3515,6.0509e-06,8.10484e-06
3515,6.0509e-06,8.10484e-06
3516,6.05083e-06,8.10484e-06
3516,6.05084e-06,8.10484e-06
3516,6.05085e-06,8.10484e-06
3516,6.05087e-06,8.10484e-06
3516,6.05091e-06,8.10484e-06
3516,4.86084e-06,7.75703e-06
3517,4.86085e-06,7.75703e-06
3517,4.86084e-06,7.75703e-06
3517,4.86085e-06,7.75703e-06
3517,-4.47125e-06,3.31587e-06
3518,-4.47125e-06,3.31587e-06
3518,-4.47125e-06,3.31587e-06
3519,-1.07774e-06,5.97787e-06
3519,7.30587e-06,7.76497e-06
3519,7.30587e-06,7.76497e-06
3519,7.30587e-06,7.76497e-06
3520,7.30587e-06,7.76497e-06
3520,7.30564e-06,7.76497e-06
3520,7.30564e-06,7.76497e-06
3520,7.30562e-06,7.76497e-06
3521,7.30564e-06,7.76497e-06
3521,6.10278e-06,8.80684e-06
3521,6.10278e-06,8.80684e-06
3521,6.10278e-06,8.80684e-06
3521,6.10279e-06,8.80684e-06
3521,6.1027e-06,8.80684e-06
3521,-2.67445e-06,5.00244e-06
3522,-2.67445e-06,5.00244e-06
3522,5.24974e-06,8.72634e-06
3522,5.24973e-06,8.72634e-06
3523,5.24973e-06,8.72634e-06
3523,5.24973e-06,8.72634e-06
3523,5.24973e-06,8.72634e-06
3523,5.24973e-06,8.72634e-06
3523,5.24974e-06,8.72634e-06
3523,5.24974e-06,8.72634e-06
3523,5.24974e-06,8.72634e-06
3523,6.0653e-06,7.72008e-06
3523,6.0653e-06,7.72008e-06
3523,6.0653e-06,7.72008e-06
3523,8.66641e-07,4.58138e-06
3523,8.66689e-07,4.58138e-06
3523,8.66684e-07,4.58138e-06
3523,9.53768e-07,8.37279e-07
3523,9.53767e-07,8.37279e-07
3523,-7.15268e-06,8.56184e-06
3523,-7.15272e-06,8.56184e-06
3524,-7.15271e-06,8.56184e-06
3524,-7.15271e-06,8.56184e-06
3524,-7.15268e-06,8.56184e-06
3525,-7.15269e-06,8.56184e-06
3525,-7.15268e-06,8.56184e-06
3525,-7.1528e-06,8.56184e-06
3526,-7.15282e-06,8.56184e-06
3526,-7.15282e-06,8.56184e-06
3526,-7.1528e-06,8.56184e-06
3526,-7.15271e-06,8.56184e-06
3526,6.95079e-06,9.87871e-06
3526,6.95079e-06,9.87871e-06
3527,6.95079e-06,9.87871e-06
3527,6.95079e-06,9.87871e-06
3528,6.9508e-06,9.87871e-06
3528,6.9508e-06,9.87871e-06
3528,1.35244e-05,6.9644e-06
3528,1.35244e-05,6.96438e-06
3528,6.19204e-06,4.78987e-06
3528,6.19218e-06,4.78989e-06
3528,6.19203e-06,4.78987e-06
3528,6.19204e-06,4.78987e-06
3528,6.19203e-06,4.78987e-06
3528,6.19213e-06,4.78989e-06
3528,6.19213e-06,4.78989e-06
3528,6.19213e-06,4.78989e-06
3528,6.19213e-06,4.78989e-06
3528,6.19212e-06,4.78989e-06
3528,3.24847e-06,6.81357e-06
3528,3.24847e-06,6.81357e-06
3528,3.24845e-06,6.81357e-06
3528,3.24847e-06,6.81357e-06
3528,5.28793e-06,8.01375e-06
3528,5.28793e-06,8.01375e-06
3528,5.28793e-06,8.01375e-06
3528,5.28793e-06,8.01375e-06
3528,3.10949e-06,7.37648e-06
3529,3.10949e-06,7.37648e-06
3529,3.10949e-06,7.37651e-06
3529,3.10949e-06,7.37651e-06
3529,6.91849e-06,9.61532e-06
3529,6.91848e-06,9.61532e-06
3529,6.91848e-06,9.61532e-06
3529,4.42169e-06,1.00692e-05
3529,4.4217e-06,1.00692e-05
3529,4.4217e-06,1.00692e-05
3529,4.42177e-06,1.00692e-05
3530,4.4217e-06,1.00692e-05
3531,4.4217e-06,1.00692e-05
3531,4.42169e-06,1.00692e-05
3531,4.42169e-06,1.00692e-05
3531,4.4217e-06,1.00692e-05
3532,4.4217e-06,1.00692e-05
3532,4.4217e-06,1.00692e-05
3532,4.4217e-06,1.00692e-05
3532,6.07387e-06,9.52949e-06
3533,6.07387e-06,9.52949e-06
3534,6.07387e-06,9.52949e-06
3535,6.07387e-06,9.52949e-06
3535,6.07404e-06,9.5295e-06
3536,6.07387e-06,9.52949e-06
3537,6.07387e-06,9.52949e-06
3537,6.07387e-06,9.52949e-06
3538,6.07387e-06,9.52949e-06
3540,6.07387e-06,9.52949e-06
3541,6.07387e-06,9.52949e-06
3541,6.07387e-06,9.52949e-06
3541,6.07387e-06,9.52949e-06
3541,1.23403e-06,1.38224e-06
3542,1.23406e-06,1.38224e-06
3542,9.00375e-07,1.12668e-05
3542,9.0037e-07,1.12668e-05
3543,6.33104e-06,9.61618e-06
3543,6.33104e-06,9.61618e-06
3544,1.6104e-06,7.82217e-06
3545,7.99475e-06,6.6804e-06
3545,7.99475e-06,6.6804e-06
3545,7.99475e-06,6.6804e-06
3547,7.99475e-06,6.6804e-06
3547,7.99475e-06,6.6804e-06
3547,7.99474e-06,6.6804e-06
3547,7.99474e-06,6.6804e-06
3548,5.35689e-06,2.10208e-06
3548,5.35689e-06,2.10208e-06
3549,7.98769e-06,5.41684e-06
3549,7.98768e-06,5.41684e-06
3550,9.126e-06,9.51983e-06
3550,5.17733e-06,1.21232e-06
3551,5.17733e-06,1.21232e-06
3551,4.30895e-06,6.7848e-07
3553,4.30893e-06,6.78473e-07
3554,7.5876e-06,3.57173e-06
3554,7.58764e-06,3.57177e-06
3555,7.77963e-06,3.66234e-06
3556,7.77967e-06,3.66239e-06
3556,7.77967e-06,3.66239e-06
3557,3.72052e-06,1.85359e-07
3557,3.72052e-06,1.85359e-07
3557,3.72052e-06,1.85359e-07
3557,4.8597e-06,1.41209e-06
3557,4.50623e-06,-1.43025e-07
3557,3.32857e-06,8.59301e-07
3557,3.32857e-06,8.59301e-07
3557,3.32857e-06,8.59301e-07
3557,5.26251e-06,5.63338e-06
3557,5.26251e-06,5.63338e-06
3557,2.54317e-06,3.6252e-06
3557,2.54317e-06,3.6252e-06
3557,2.54317e-06,3.6252e-06
3557,6.64919e-06,4.3998e-06
3557,6.64933e-06,4.39982e-06
3557,6.64933e-06,4.39982e-06
3558,6.64933e-06,4.39982e-06
3558,5.61427e-06,3.34414e-06
3558,5.61427e-06,3.34414e-06
3558,5.61427e-06,3.34414e-06
3558,1.19864e-05,7.85331e-06
3558,1.19864e-05,7.85331e-06
3558,1.19864e-05,7.85331e-06
3558,1.19864e-05,7.85331e-06
3558,1.19864e-05,7.85331e-06
3558,1.19864e-05,7.85331e-06
3559,1.63941e-06,1.70099e-06
3559,5.95487e-06,4.25958e-06
3560,5.95487e-06,4.25958e-06
3563,5.95487e-06,4.25958e-06
3564,4.67353e-06,6.88598e-06
3564,4.67353e-06,6.88598e-06
3564,4.67353e-06,6.88598e-06
3564,4.67353e-06,6.88598e-06
3566,4.67353e-06,6.88598e-06
3567,4.67353e-06,6.88598e-06
3572,7.16814e-07,1.85261e-06
3572,7.16812e-07,1.85261e-06
3572,7.16813e-07,1.85261e-06
3573,7.16814e-07,1.85261e-06
3573,5.66505e-06,1.59935e-06
3573,5.66505e-06,1.59935e-06
3575,5.66505e-06,1.59935e-06
3577,7.50563e-06,6.33075e-06
3578,7.50563e-06,6.33075e-06
3578,7.50563e-06,6.33075e-06
3579,7.50563e-06,6.33075e-06
3579,4.35481e-06,1.79833e-07
3580,4.35481e-06,1.79833e-07
3581,4.35481e-06,1.79833e-07
3581,4.3548e-06,1.79833e-07
3582,2.31665e-06,8.47788e-07
3582,2.31664e-06,8.47788e-07
3583,2.31664e-06,8.47788e-07
3584,1.8317e-05,2.66176e-06
3585,1.8317e-05,2.66176e-06
3585,1.52214e-05,8.82303e-06
3586,1.52214e-05,8.82303e-06
3588,8.11575e-06,1.70288e-06
3588,7.82972e-06,6.9107e-06
3589,7.82972e-06,6.9107e-06
3589,7.82972e-06,6.9107e-06
3589,7.82972e-06,6.9107e-06
3590,7.82972e-06,6.9107e-06
3591,7.82972e-06,6.9107e-06
3591,7.82972e-06,6.9107e-06
3591,7.82972e-06,6.9107e-06
3591,5.74787e-06,2.77199e-06
3591,5.74787e-06,2.77199e-06
3592,5.74787e-06,2.77199e-06
3592,5.74787e-06,2.77199e-06
3594,5.74787e-06,2.77199e-06
3594,5.74787e-06,2.77199e-06
3595,5.74787e-06,2.77199e-06
3596,5.74787e-06,2.77199e-06
3596,8.51071e-06,7.26517e-06
3597,8.51071e-06,7.26517e-06
3598,8.51071e-06,7.26517e-06
3598,8.51071e-06,7.26517e-06
3599,5.28403e-06,-2.76402e-07
3599,9.2639e-06,1.14628e-06
3599,3.03309e-05,3.55923e-05
3599,3.77766e-06,3.76823e-06
3599,3.77766e-06,3.76823e-06
3599,3.77766e-06,3.76823e-06
3600,3.77766e-06,3.76823e-06
3600,6.72395e-06,1.84337e-07
3600,2.84783e-05,1.58317e-05
3600,1.06323e-06,2.14816e-06
3601,7.59743e-06,4.34267e-07
3601,8.78347e-07,2.21251e-06
3601,8.78347e-07,2.21251e-06
3602,8.78346e-07,2.21251e-06
3603,8.78347e-07,2.21251e-06
3604,8.7835e-07,2.21251e-06
3604,8.78346e-07,2.21251e-06
3604,8.78369e-07,2.21252e-06
3604,8.78374e-07,2.21252e-06
3605,9.76133e-06,9.28071e-06
3605,9.76133e-06,9.28071e-06
3605,9.76133e-06,9.28071e-06
3607,9.76133e-06,9.28071e-06
3608,9.76133e-06,9.28071e-06
3608,8.37589e-06,8.95837e-06
3608,8.37589e-06,8.95837e-06
3608,8.3759e-06,8.95837e-06
3608,8.3759e-06,8.95837e-06
3609,1.39902e-05,8.80441e-06
3610,1.39902e-05,8.8044e-06
3611,1.39902e-05,8.8044e-06
3611,1.39902e-05,8.8044e-06
3613,1.39902e-05,8.8044e-06
3614,1.39902e-05,8.8044e-06
3614,1.39902e-05,8.80441e-06
3615,7.19045e-06,1.05021e-06
3615,9.20871e-06,1.00548e-05
3616,9.20871e-06,1.00548e-05
3617,9.20871e-06,1.00548e-05
3617,9.20871e-06,1.00548e-05
3617,9.20871e-06,1.00548e-05
3618,9.20871e-06,1.00548e-05
3618,9.20871e-06,1.00548e-05
3619,9.20871e-06,1.00548e-05
3619,8.92716e-06,4.56499e-06
3619,1.00008e-05,4.62004e-06
3619,1.00008e-05,4.62004e-06
3619,1.00008e-05,4.62004e-06
3619,1.00008e-05,4.62004e-06
3619,1.00008e-05,4.62004e-06
3619,1.00008e-05,4.62004e-06
3619,1.00008e-05,4.62004e-06
3619,1.29045e-05,3.9802e-06
3619,1.29045e-05,3.9802e-06
3619,1.29045e-05,3.9802e-06
3619,1.29045e-05,3.9802e-06
3619,7.98431e-06,-2.56949e-07
3619,2.84712e-05,1.55456e-05
3619,2.84713e-05,1.55456e-05
3620,2.84713e-05,1.55456e-05
3620,2.84712e-05,1.55456e-05
3621,2.84712e-05,1.55456e-05
3621,5.62587e-06,-1.51918e-07
3621,9.30302e-07,2.0464e-06
3623,9.30301e-07,2.0464e-06
3624,9.30302e-07,2.0464e-06
3625,1.80641e-05,1.22987e-05
3626,2.17375e-05,1.67992e-05
3626,6.4487e-06,8.26697e-06
3627,2.33896e-05,1.07788e-05
3627,1.62377e-05,1.46686e-05
3627,1.62377e-05,1.46686e-05
3627,1.62377e-05,1.46686e-05
3627,1.62377e-05,1.46686e-05
3627,1.62377e-05,1.46686e-05
3627,1.62377e-05,1.46686e-05
3627,1.62377e-05,1.46686e-05
3627,9.77097e-06,2.36283e-06
3627,1.22479e-05,9.39437e-06
3627,1.22479e-05,9.39437e-06
3627,5.65001e-06,2.08685e-06
3627,5.65001e-06,2.08685e-06
3627,5.65001e-06,2.08685e-06
3627,5.65001e-06,2.08685e-06
3627,6.4205e-06,3.371e-06
3628,8.85545e-06,5.85489e-06
3628,6.40573e-06,1.51321e-06
3628,6.40572e-06,1.51321e-06
3628,7.75165e-06,2.71305e-06
3628,7.75165e-06,2.71305e-06
3628,1.05404e-05,6.52099e-06
3628,1.05404e-05,6.52099e-06
3628,1.23688e-05,9.60335e-06
3628,1.49184e-05,7.54102e-06
3628,1.49184e-05,7.54102e-06
3628,1.49184e-05,7.54102e-06
3628,1.49184e-05,7.54102e-06
3629,1.49184e-05,7.54102e-06
8510,8.37662e-06,2.73009e-06
8511,8.37663e-06,2.73009e-06
8511,1.30499e-05,1.12063e-05
8511,1.65285e-05,9.06077e-06
8512,1.75244e-05,8.67003e-06
8513,1.75244e-05,8.67003e-06
8513,3.53972e-05,1.88454e-05
8514,1.84674e-05,1.64674e-05
8514,1.84674e-05,1.64674e-05
8514,7.49428e-06,5.92183e-06
8515,7.49428e-06,5.92183e-06
8516,7.49428e-06,5.92183e-06
8517,7.49428e-06,5.92183e-06
8517,7.49428e-06,5.92183e-06
8518,7.49428e-06,5.92183e-06
8518,7.49428e-06,5.92183e-06
8518,7.49428e-06,5.92183e-06
8518,7.49428e-06,5.92183e-06
8518,7.49428e-06,5.92183e-06
8518,7.49428e-06,5.92183e-06
8518,7.49428e-06,5.92183e-06
8518,2.44971e-05,6.87916e-06
8518,2.44971e-05,6.87916e-06
8518,2.44971e-05,6.87916e-06
8519,6.64708e-06,5.66867e-06
8519,6.64707e-06,5.66867e-06
8519,6.64708e-06,5.66867e-06
8519,9.80202e-06,5.47733e-06
8521,4.51589e-06,5.51729e-06
8521,4.51622e-06,5.51729e-06
8521,4.51622e-06,5.51729e-06
8522,8.73924e-06,5.36313e-06
8523,8.73924e-06,5.36313e-06
8523,9.86902e-06,6.61178e-06
8523,8.71302e-06,9.78316e-06
8523,8.71302e-06,9.78316e-06
8523,1.34006e-05,3.64631e-06
8523,3.77785e-05,1.52401e-05
8523,3.77785e-05,1.52401e-05
8523,5.11653e-06,-2.72493e-06
8524,5.11653e-06,-2.72493e-06
8524,5.11653e-06,-2.72493e-06
8524,5.11653e-06,-2.72493e-06
8524,2.00574e-05,1.57925e-05
8524,1.80936e-05,9.4455e-06
8525,1.80936e-05,9.4455e-06
8525,1.80936e-05,9.4455e-06
8526,1.80936e-05,9.4455e-06
8526,7.32569e-06,5.709e-06
8526,7.32569e-06,5.709e-06
8526,7.32569e-06,5.709e-06
8526,7.32569e-06,5.709e-06
8526,7.32582e-06,5.70902e-06
8526,7.32582e-06,5.70902e-06
8526,8.35682e-06,8.34689e-06
8526,1.21637e-05,8.28652e-06
8528,1.21637e-05,8.28652e-06
8528,1.21637e-05,8.28652e-06
8528,2.64388e-06,3.00827e-06
8529,2.64388e-06,3.00827e-06
8529,2.64388e-06,3.00827e-06
8529,9.87418e-07,1.81254e-06
8530,9.87418e-07,1.81254e-06
8530,9.87418e-07,1.81254e-06
8531,9.87419e-07,1.81254e-06
8531,9.87419e-07,1.81254e-06
8531,9.87416e-07,1.81254e-06
8531,9.87416e-07,1.81254e-06
8531,9.87416e-07,1.81254e-06
8531,3.82866e-06,5.75261e-06
8531,3.82866e-06,5.75261e-06
8531,3.82867e-06,5.75261e-06
8531,3.82867e-06,5.75261e-06
8531,3.82867e-06,5.75261e-06
8531,1.2692e-07,1.12878e-06
8531,1.26918e-07,1.12878e-06
8532,1.2692e-07,1.12878e-06
8532,1.26923e-07,1.12878e-06
8532,1.10829e-06,1.45797e-06
8532,1.1083e-06,1.45797e-06
8532,1.10829e-06,1.45797e-06
8532,-4.7988e-08,2.25876e-06
8533,-4.7989e-08,2.25876e-06
8533,-4.79892e-08,2.25876e-06
8535,6.86644e-06,5.70539e-06
8535,1.93586e-06,1.25806e-06
8535,1.93586e-06,1.25806e-06
8535,3.41042e-06,1.30501e-06
8535,3.41042e-06,1.30501e-06
8535,1.01268e-05,4.90866e-06
8535,1.15874e-06,2.8794e-06
8535,1.15874e-06,2.8794e-06
8535,2.92642e-06,6.19223e-06
8535,2.92642e-06,6.19223e-06
8536,1.37154e-06,5.19232e-06
8536,1.37154e-06,5.19232e-06
8536,1.37154e-06,5.19232e-06
8536,1.37154e-06,5.19232e-06
8537,1.37154e-06,5.19231e-06
8537,1.37154e-06,5.19232e-06
8537,1.37154e-06,5.19232e-06
8537,1.37154e-06,5.19232e-06
8538,1.37154e-06,5.19232e-06
8538,1.37154e-06,5.19232e-06
8538,6.43087e-07,4.19564e-06
8538,6.43087e-07,4.19564e-06
8540,6.43087e-07,4.19564e-06
8540,6.43087e-07,4.19564e-06
8540,6.43087e-07,4.19564e-06
8542,6.43087e-07,4.19564e-06
8542,6.43098e-07,4.19565e-06
8542,6.43098e-07,4.19565e-06
8542,7.6891e-06,8.93695e-06
8542,7.6891e-06,8.93695e-06
8542,7.6891e-06,8.93695e-06
8542,7.6891e-06,8.93695e-06
8542,7.6891e-06,8.93695e-06
8542,3.8808e-06,4.71848e-06
8542,3.8808e-06,4.71848e-06
8542,3.8808e-06,4.71848e-06
8542,3.8808e-06,4.71848e-06
8543,3.88081e-06,4.71848e-06
8543,6.99233e-07,3.8217e-06
8543,6.99233e-07,3.8217e-06
8543,4.76715e-06,5.07718e-06
8543,4.76715e-06,5.07718e-06
8543,4.76715e-06,5.07718e-06
8543,4.76715e-06,5.07718e-06
8543,-1.25428e-07,-1.94531e-07
8543,1.56457e-05,1.27964e-05
8543,1.56457e-05,1.27964e-05
8543,1.56457e-05,1.27964e-05
8543,1.56457e-05,1.27964e-05
8543,1.56457e-05,1.27964e-05
8544,1.56457e-05,1.27964e-05
8544,1.56457e-05,1.27964e-05
8545,1.56457e-05,1.27964e-05
8545,-8.42145e-07,3.93153e-06
8546,-8.42138e-07,3.93153e-06
8546,-8.42144e-07,3.93153e-06
8549,-2.67202e-06,2.72328e-06
8552,-2.67202e-06,2.72328e-06
8552,-2.67201e-06,2.72329e-06
8552,-2.672e-06,2.72329e-06
8552,1.46867e-05,1.38144e-05
8552,1.37374e-06,8.26757e-07
8552,1.37374e-06,8.26757e-07
8552,1.37373e-06,8.26747e-07
8553,1.37373e-06,8.26747e-07
8553,1.37373e-06,8.26747e-07
8554,1.37373e-06,8.26747e-07
8554,1.37373e-06,8.26747e-07
8555,1.37373e-06,8.26747e-07
8556,3.15806e-06,6.13676e-07
8556,3.15806e-06,6.13676e-07
8557,3.15806e-06,6.13676e-07
8557,3.15806e-06,6.13676e-07
8558,3.15806e-06,6.13676e-07
8558,3.15806e-06,6.13676e-07
8559,3.15806e-06,6.13676e-07
8559,3.15806e-06,6.13676e-07
8559,1.98593e-05,2.0615e-05
8560,3.59056e-06,5.42661e-06
8560,3.59055e-06,5.4266e-06
8560,-2.0622e-06,6.40007e-07
8561,-2.0622e-06,6.40007e-07
8562,-9.17048e-07,9.69547e-07
8563,-9.17049e-07,9.69547e-07
8563,2.23428e-06,3.90854e-06
8563,1.70265e-06,2.42187e-06
8564,1.21046e-06,2.10666e-06
8564,1.21047e-06,2.10666e-06
8565,1.21047e-06,2.10666e-06
8565,1.21046e-06,2.10666e-06
8565,8.10245e-07,1.86354e-06
8566,8.10245e-07,1.86354e-06
8566,8.10246e-07,1.86354e-06
8566,8.10244e-07,1.86354e-06
8566,8.10245e-07,1.86354e-06
8567,8.10245e-07,1.86354e-06
8567,8.10244e-07,1.86354e-06
8567,8.10246e-07,1.86354e-06
8568,8.2842e-07,2.18202e-06
8568,8.28423e-07,2.18202e-06
8568,8.28421e-07,2.18202e-06
8568,8.28421e-07,2.18202e-06
8568,8.28422e-07,2.18202e-06
8568,8.28422e-07,2.18202e-06
8569,2.25092e-06,4.91062e-06
8570,2.25092e-06,4.91062e-06
8570,2.25092e-06,4.91062e-06
8570,2.25092e-06,4.91062e-06
8571,2.25092e-06,4.91062e-06
8571,4.36587e-06,8.05505e-06
8571,4.36587e-06,8.05505e-06
8571,4.36587e-06,8.05505e-06
8571,4.36587e-06,8.05505e-06
8571,4.36587e-06,8.05505e-06
8572,-1.8571e-06,3.07718e-08
8572,-1.8571e-06,3.07718e-08
8572,-1.8571e-06,3.07718e-08
8572,-1.8571e-06,3.07718e-08
8574,-1.8571e-06,3.07718e-08
8574,-3.16484e-07,1.20438e-06
8574,-3.16484e-07,1.20438e-06
8575,-3.16486e-07,1.20438e-06
8575,-3.16485e-07,1.20438e-06
8575,-3.16486e-07,1.20438e-06
8575,2.35145e-06,4.11259e-06
8576,2.35145e-06,4.11259e-06
8576,2.35145e-06,4.11259e-06
8576,2.35145e-06,4.11259e-06
8576,-2.09567e-06,2.33898e-07
8577,-2.09567e-06,2.33898e-07
8577,-2.09567e-06,2.33899e-07
8577,-2.09567e-06,2.33899e-07
8578,-2.09567e-06,2.33899e-07
8578,-2.09567e-06,2.33899e-07
8579,-2.09567e-06,2.33898e-07
8579,-2.09567e-06,2.33898e-07
8580,-2.91731e-06,6.11583e-08
8581,-2.91731e-06,6.11583e-08
8581,-2.91731e-06,6.11583e-08
8581,-2.91731e-06,6.11583e-08
8581,5.25623e-06,8.76926e-06
8581,5.25623e-06,8.76926e-06
8581,5.25623e-06,8.76926e-06
8581,5.25622e-06,8.76926e-06
8581,5.25623e-06,8.76926e-06
8582,5.25623e-06,8.76926e-06
8582,-3.02692e-06,2.32514e-06
8582,-3.02692e-06,2.32514e-06
8582,-4.53333e-06,-3.22412e-06
8582,-4.53333e-06,-3.22412e-06
8582,-2.2957e-06,-1.84924e-06
8582,-2.2957e-06,-1.84924e-06
8582,-2.2957e-06,-1.84924e-06
8583,-2.2957e-06,-1.84924e-06
8583,8.50476e-06,9.25819e-06
8583,1.75421e-05,1.92606e-05
8583,1.75421e-05,1.92606e-05
8584,2.31945e-06,3.93571e-06
8586,2.31945e-06,3.93571e-06
8587,2.31945e-06,3.93571e-06
8588,2.31945e-06,3.93571e-06
8588,2.31945e-06,3.93571e-06
8588,2.31945e-06,3.93571e-06
8588,1.7341e-05,2.7334e-05
8589,1.61603e-05,2.72053e-05
8590,1.61603e-05,2.72053e-05
8592,1.61603e-05,2.72053e-05
8594,1.61603e-05,2.72053e-05
8595,1.61603e-05,2.72053e-05
8595,1.61603e-05,2.72053e-05
8595,1.07105e-05,1.9705e-05
8595,5.23802e-06,5.27406e-06
8595,5.23802e-06,5.27406e-06
8595,5.23802e-06,5.27406e-06
8595,7.24755e-06,6.90177e-06
8595,7.24755e-06,6.90177e-06
8596,7.24755e-06,6.90177e-06
8596,7.24755e-06,6.90177e-06
8596,9.86116e-06,1.32188e-05
8596,-303337,5.59278e-06
8596,2.7185e-06,3.5766e-06
8597,2.7185e-06,3.5766e-06
8597,2.71851e-06,3.5766e-06
8597,2.30298e-06,3.17464e-06
8597,2.30298e-06,3.17464e-06
8598,2.30298e-06,3.17464e-06
8598,2.30298e-06,3.17464e-06
8598,2.30298e-06,3.17464e-06
8598,2.30298e-06,3.17464e-06
8598,2.30298e-06,3.17464e-06
8598,7.25202e-08,4.59595e-06
8598,7.25189e-08,4.59595e-06
8599,7.25201e-08,4.59595e-06
8600,7.2519e-08,4.59595e-06
8600,7.2525e-08,4.59595e-06
8600,5.29685e-06,7.69281e-06
8600,5.29684e-06,7.69281e-06
8600,5.29684e-06,7.69281e-06
8600,-305824,1.16869e-05
8600,-401371,1.16869e-05
8600,-441904,1.78601e-05
8601,-227544,1.78601e-05
8602,-341995,1.78601e-05
8602,8.36345e-06,6.22448e-06
8602,5.44242e-06,5.15509e-06
8602,4.71832e-06,4.71687e-06
8602,4.71832e-06,4.71687e-06
8602,4.71832e-06,4.71687e-06
8602,1.43332e-05,1.52289e-05
8603,1.43332e-05,1.52289e-05
8603,1.43332e-05,1.52289e-05
8603,4.04301e-06,6.08696e-06
8603,4.04301e-06,6.08696e-06
8605,1.11131e-05,1.98961e-05
8607,7.86435e-06,8.48028e-06
8607,7.86435e-06,8.48028e-06
8607,7.86435e-06,8.48028e-06
8607,7.86435e-06,8.48028e-06
8607,7.86435e-06,8.48028e-06
8608,7.86435e-06,8.48028e-06
8609,7.86436e-06,8.48028e-06
8609,7.86435e-06,8.48028e-06
8609,7.86435e-06,8.48028e-06
8610,9.50732e-06,9.75738e-06
8611,2.34631e-05,1.60821e-05
8612,3.48051e-06,4.57238e-06
8613,3.48051e-06,4.57238e-06
8614,3.48052e-06,4.57238e-06
8614,-1.03782e+06,2.2202e-05
8614,-406682,2.2202e-05
8614,-1.23045e+06,1.31355e-05
8614,-263658,1.31355e-05
8614,-258470,1.31355e-05
8614,-171089,1.56922e-05
8615,-508942,1.56922e-05
8616,-397285,1.56922e-05
8616,8.36627e-06,9.35814e-06
8617,8.36628e-06,9.35814e-06
8617,8.36627e-06,9.35814e-06
8617,8.36628e-06,9.35814e-06
8617,3.10725e-06,3.97818e-06
8618,3.10726e-06,3.97818e-06
8619,3.10725e-06,3.97818e-06
8623,3.10725e-06,3.97818e-06
8623,3.10725e-06,3.97818e-06
8624,3.10725e-06,3.97818e-06
8624,3.10725e-06,3.97818e-06
8625,3.10726e-06,3.97818e-06
8625,3.10726e-06,3.97818e-06
8629,3.10726e-06,3.97818e-06
8630,3.63976e-05,4.78125e-05
8630,3.63976e-05,4.78125e-05
8630,-288393,6.74046e-06
8630,1.66937e-06,6.74046e-06
8630,1.66939e-06,6.74046e-06
8632,6.49401e-06,1.26381e-05
8632,-1.76785e-06,3.45398e-06
8633,-1.76785e-06,3.45398e-06
8635,-1.76785e-06,3.45398e-06
8636,-1.76784e-06,3.45398e-06
8636,-1.76785e-06,3.45398e-06
8637,2.21393e-06,1.73283e-06
8640,2.21392e-06,1.73283e-06
8640,2.34358e-06,4.90527e-06
8641,2.34358e-06,4.90527e-06
8641,2.34358e-06,4.90527e-06
8641,2.34358e-06,4.90527e-06
8641,2.34358e-06,4.90527e-06
8641,2.34358e-06,4.90527e-06
8641,2.34358e-06,4.90527e-06
8641,2.34358e-06,4.90527e-06
8641,2.34358e-06,4.90527e-06
8641,2.34358e-06,4.90527e-06
8641,6.90505e-07,3.62347e-06
8641,6.90502e-07,3.62347e-06
8641,2.41372e-06,7.20301e-08
8642,2.41373e-06,7.20301e-08
8642,2.41373e-06,7.20301e-08
8642,2.41372e-06,7.20301e-08
8643,2.41373e-06,7.20301e-08
8643,2.41373e-06,7.20301e-08
8643,7.6355e-07,-3.09768e-07
8644,7.63548e-07,-3.09768e-07
8646,-5.6053e-09,-1.58637e-07
8646,1.46091e-06,7.22163e-06
8646,1.46091e-06,7.22163e-06
8647,1.46091e-06,7.22163e-06
8647,-1.72458e-06,4.78525e-07
8648,-1.72458e-06,4.78525e-07
8649,-1.72458e-06,4.78525e-07
8649,1.27193e-06,-1.58079e-06
8650,1.27193e-06,-1.58079e-06
8651,1.27193e-06,-1.58079e-06
8651,1.27193e-06,-1.58079e-06
8652,1.41167e-06,8.91791e-07
8652,1.41167e-06,8.91791e-07
8652,1.41167e-06,8.91791e-07
8652,1.41167e-06,8.91791e-07
8653,1.41167e-06,8.91791e-07
8654,3.79506e-06,3.51657e-06
8654,3.79506e-06,3.51657e-06
8654,3.79506e-06,3.51657e-06
8654,3.90515e-06,3.59337e-06
8657,3.90515e-06,3.59337e-06
8657,3.90515e-06,3.59337e-06
8657,3.90515e-06,3.59337e-06
8657,8.98629e-06,1.17777e-05
8657,8.98626e-06,1.17777e-05
8657,8.98626e-06,1.17777e-05
8661,8.98628e-06,1.17777e-05
8662,8.98628e-06,1.17777e-05
8662,8.98628e-06,1.17777e-05
8662,8.98628e-06,1.17777e-05
13881,8.98626e-06,1.17777e-05
13881,8.98629e-06,1.17777e-05
13881,8.98629e-06,1.17777e-05
13882,8.98629e-06,1.17777e-05
13882,8.98629e-06,1.17777e-05
13882,8.98629e-06,1.17777e-05
13882,8.98629e-06,1.17777e-05
13882,8.98629e-06,1.17777e-05
13882,8.98626e-06,1.17777e-05
13882,1.94802e-06,3.3742e-06
13882,1.94802e-06,3.3742e-06
13883,1.94802e-06,3.3742e-06
13883,1.94802e-06,3.3742e-06
13883,1.94802e-06,3.3742e-06
13883,1.04778e-05,1.37198e-05
13883,1.04778e-05,1.37198e-05
13884,1.04778e-05,1.37198e-05
13884,2.26498e-07,2.43675e-08
13884,2.26498e-07,2.43674e-08
13884,2.26498e-07,2.43674e-08
13885,2.26497e-07,2.43674e-08
13885,2.26497e-07,2.43674e-08
13885,2.26497e-07,2.43674e-08
13886,2.26497e-07,2.43674e-08
13886,-1.14625e-07,7.40933e-07
13886,-1.14624e-07,7.40933e-07
13888,-1.14624e-07,7.40933e-07
13889,-1.14625e-07,7.40933e-07
13889,-1.14627e-07,7.40933e-07
13890,-1.14622e-07,7.40933e-07
13890,-1.14626e-07,7.40932e-07
13891,-1.14628e-07,7.40932e-07
13892,-3.09091e-07,3.75212e-07
13892,-3.09082e-07,3.75217e-07
13893,-3.09099e-07,3.75209e-07
13893,-3.091e-07,3.75209e-07
13894,-3.091e-07,3.75209e-07
13894,-3.091e-07,3.75209e-07
13894,-3.09099e-07,3.75209e-07
13894,-5.53463e-07,4.59395e-06
13894,-5.53466e-07,4.59395e-06
13894,-5.53463e-07,4.59395e-06
13894,-5.53466e-07,4.59395e-06
13894,4.57522e-06,1.01181e-05
13894,4.57522e-06,1.01181e-05
13894,1.38595e-05,1.53821e-05
13895,1.38595e-05,1.53821e-05
13895,1.38595e-05,1.53821e-05
13895,1.38595e-05,1.53821e-05
13895,1.38595e-05,1.53821e-05
13895,1.38595e-05,1.53821e-05
13895,1.38595e-05,1.53821e-05
13895,1.38595e-05,1.53821e-05
13895,1.38595e-05,1.53821e-05
13897,-8.56733e-07,2.54184e-07
13897,-8.56733e-07,2.54184e-07
13897,-8.56737e-07,2.54184e-07
13897,-8.56733e-07,2.54184e-07
13897,2.37997e-06,1.78088e-07
13898,2.37997e-06,1.78088e-07
13898,2.37997e-06,1.78088e-07
13898,2.37997e-06,1.78088e-07
13898,2.37997e-06,1.78088e-07
13898,1.0386e-05,1.90199e-05
13899,1.0386e-05,1.90199e-05
13899,1.0386e-05,1.90199e-05
13900,1.0386e-05,1.90199e-05
13900,-4.76555e-07,3.56819e-06
13900,2.46207e-06,1.13907e-06
13900,1.31325e-05,1.4871e-05
13901,2.83429e-06,1.38915e-06
13902,2.83429e-06,1.38915e-06
13902,1.20946e-06,-1.10023e-06
13902,1.20946e-06,-1.10023e-06
13902,3.59303e-06,5.57012e-06
13902,3.59303e-06,5.57012e-06
13902,3.59303e-06,5.57012e-06
13902,3.59303e-06,5.57012e-06
13902,3.59303e-06,5.57013e-06
13903,3.59303e-06,5.57013e-06
13903,4.21542e-06,9.32271e-06
13903,4.21542e-06,9.32271e-06
13904,-1.66084e-06,1.55458e-06
13904,-1.66084e-06,1.55458e-06
13904,-1.66084e-06,1.55458e-06
13904,-1.66084e-06,1.55458e-06
13905,-1.66084e-06,1.55458e-06
13908,-1.66084e-06,1.55458e-06
13908,-1.66084e-06,1.55458e-06
13908,1.29341e-05,1.29629e-05
13908,1.29341e-05,1.29629e-05
13908,1.45682e-07,3.91757e-06
13908,1.45679e-07,3.91757e-06
13908,2.23012e-06,2.4719e-06
13908,2.23013e-06,2.4719e-06
13912,2.23013e-06,2.4719e-06
13912,2.23012e-06,2.4719e-06
13912,2.9401e-06,8.29619e-06
13912,2.9401e-06,8.29619e-06
13912,2.9401e-06,8.29619e-06
13912,2.9401e-06,8.29619e-06
13912,2.9401e-06,8.29619e-06
13912,2.80447e-06,2.93183e-06
13917,2.80447e-06,2.93183e-06
13920,2.80447e-06,2.93183e-06
13920,2.80447e-06,2.93183e-06
13921,2.80447e-06,2.93183e-06
13921,2.80447e-06,2.93183e-06
13922,1.99932e-06,1.37134e-06
13922,1.99932e-06,1.37134e-06
13923,1.31627e-05,1.76192e-05
13924,1.31627e-05,1.76192e-05
13925,1.68148e-05,2.00781e-05
13925,1.68148e-05,2.00781e-05
13925,6.89428e-06,1.33701e-05
13925,6.89429e-06,1.33701e-05
13926,6.89429e-06,1.33701e-05
13926,6.89428e-06,1.33701e-05
13926,3.10247e-06,2.18286e-06
13926,1.30713e-06,-4.97501e-06
13926,1.30713e-06,-4.97501e-06
13926,1.30713e-06,-4.97501e-06
13926,1.30713e-06,-4.97501e-06
13926,1.30713e-06,-4.97501e-06
13927,1.30713e-06,-4.97501e-06
13927,1.40305e-05,1.85431e-05
13927,1.40305e-05,1.85431e-05
13927,1.40305e-05,1.85431e-05
13927,1.40305e-05,1.85431e-05
13927,2.4642e-06,-3.29066e-06
13928,2.4642e-06,-3.29066e-06
13928,2.4642e-06,-3.29066e-06
13928,2.32721e-06,1.79828e-06
13928,2.32721e-06,1.79828e-06
13928,1.24421e-05,1.37208e-05
13929,1.24421e-05,1.37208e-05
13929,1.24421e-05,1.37208e-05
13929,-1.78778e-06,-7.03752e-08
13929,-4.54122e-07,1.55666e-08
13929,-4.54099e-07,1.55672e-08
13930,-4.54119e-07,1.55672e-08
13930,1.3795e-06,-1.06459e-06
13930,1.3795e-06,-1.06459e-06
13930,1.96385e-06,-4.86447e-07
13930,1.96385e-06,-4.86447e-07
13931,1.96385e-06,-4.86447e-07
13931,1.28778e-06,-1.24421e-06
13931,1.28777e-06,-1.24421e-06
13931,2.67007e-06,-1.13322e-07
13931,2.67007e-06,-1.13322e-07
13932,3.84599e-06,1.28021e-07
13932,3.84599e-06,1.28021e-07
13932,3.84599e-06,1.28021e-07
13932,1.5619e-06,-1.09522e-06
13933,1.5619e-06,-1.09522e-06
13933,1.5619e-06,-1.09522e-06
13933,6.39195e-07,-1.74896e-06
13933,6.39199e-07,-1.74896e-06
13933,-1.92834e-06,-5.09272e-08
13933,-1.92834e-06,-5.09272e-08
13933,-1.92834e-06,-5.09272e-08
13933,-1.92834e-06,-5.09272e-08
13934,-1.92834e-06,-5.09271e-08
13934,3.72575e-06,3.74716e-06
13934,3.09488e-06,-9.52155e-07
13934,3.09488e-06,-9.52155e-07
13936,-3.68006e-06,-1.46111e-06
13936,-3.68006e-06,-1.46111e-06
13936,-3.68006e-06,-1.46111e-06
13936,-3.68006e-06,-1.46111e-06
13936,-3.68006e-06,-1.46111e-06
13936,-3.68006e-06,-1.46111e-06
13937,3.38465e-06,-3.31926e-07
13937,3.38464e-06,-3.31926e-07
13938,3.38464e-06,-3.31926e-07
13938,2.64384e-06,-2.20952e-06
13940,3.52897e-06,-2.70611e-06
13940,-2.41821e-06,4.85123e-07
13940,-2.41821e-06,4.85123e-07
13940,-2.41821e-06,4.85123e-07
13941,-2.41821e-06,4.85123e-07
13942,-2.41821e-06,4.85123e-07
13942,-2.41821e-06,4.85123e-07
13943,8.12251e-07,-1.66434e-06
13943,8.1225e-07,-1.66434e-06
13943,5.31125e-07,2.17282e-06
13943,5.31129e-07,2.17282e-06
13943,5.31125e-07,2.17282e-06
13943,5.31128e-07,2.17282e-06
13945,1.13456e-06,-2.98031e-06
13946,1.13456e-06,-2.98031e-06
13946,2.48977e-07,-2.3844e-07
13946,2.48867e-07,-2.38353e-07
13946,-1.16136e-06,4.49093e-07
13946,-1.16136e-06,4.49093e-07
13946,-1.16136e-06,4.49093e-07
13948,-1.16136e-06,4.49093e-07
13949,-1.16136e-06,4.49093e-07
13949,-2.06765e-06,1.27395e-05
13949,-2.06765e-06,1.27395e-05
13950,-2.06765e-06,1.27395e-05
13950,4.28132e-07,-5.04675e-08
13950,4.28138e-07,-5.04675e-08
13950,4.81978e-07,9.06979e-07
13951,4.81958e-07,9.06979e-07
13953,4.81984e-07,9.06979e-07
13954,2.43421e-07,-1.02347e-07
13954,2.4335e-07,-1.02347e-07
13954,2.43402e-07,-1.02352e-07
13955,2.4341e-07,-1.02349e-07
13955,-1.16285e-06,-2.45552e-07
13955,-1.16284e-06,-2.45552e-07
13955,-1.16284e-06,-2.45553e-07
13955,-1.16285e-06,-2.45553e-07
13955,2.47728e-06,6.83818e-07
13955,2.47728e-06,6.83818e-07
13956,2.47728e-06,6.83818e-07
13956,2.47728e-06,6.83818e-07
13956,2.47728e-06,6.83818e-07
13956,2.47728e-06,6.83818e-07
13956,-4.46869e-07,-1.81347e-07
13957,-4.4687e-07,-1.81347e-07
13957,-4.46868e-07,-1.81348e-07
13957,4.64755e-06,7.30994e-06
13958,1.61739e-07,1.41996e-05
13958,1.61752e-07,1.41996e-05
13959,1.61774e-07,1.41996e-05
13959,-2.80335e-06,1.80033e-05
13959,-2.80335e-06,1.80033e-05
13960,-2.80335e-06,1.80033e-05
13961,3.23847e-06,1.15247e-06
13962,3.23847e-06,1.15247e-06
13962,3.23847e-06,1.15247e-06
13962,3.23847e-06,1.15247e-06
13963,3.23847e-06,1.15247e-06
13963,3.23847e-06,1.15247e-06
13963,5.68242e-06,3.24597e-06
13964,5.68244e-06,3.24598e-06
13964,5.68244e-06,3.24598e-06
13965,5.68241e-06,3.24597e-06
13966,5.68242e-06,3.24597e-06
13966,5.68242e-06,3.24597e-06
13966,5.68242e-06,3.24597e-06
13966,5.68242e-06,3.24597e-06
13966,5.68244e-06,3.24598e-06
13966,5.68243e-06,3.24598e-06
13966,5.68244e-06,3.24598e-06
13966,5.68244e-06,3.24598e-06
13966,-4.02537e-07,-3.25348e-07
13968,-4.02538e-07,-3.25348e-07
13969,-4.02538e-07,-3.25348e-07
13970,-4.02537e-07,-3.25349e-07
13970,2.24053e-07,1.5831e-05
13970,3.15143e-06,1.12009e-06
13971,3.15143e-06,1.12009e-06
13971,3.15143e-06,1.12009e-06
13972,3.15143e-06,1.12009e-06
13972,-2.74815e-06,1.79656e-05
13972,-2.74814e-06,1.79656e-05
13973,-2.74814e-06,1.79656e-05
13973,-2.74814e-06,1.79656e-05
13973,-2.74814e-06,1.79656e-05
13974,-2.74814e-06,1.79656e-05
13974,-2.74815e-06,1.79656e-05
13974,-2.74814e-06,1.79656e-05
13974,2.28622e-06,-7.46482e-08
13975,2.28622e-06,-7.46482e-08
13975,2.28622e-06,-7.46482e-08
13975,2.28622e-06,-7.46482e-08
13975,4.51195e-06,9.24161e-06
13975,4.51195e-06,9.24161e-06
13975,-7.6923e-07,1.70067e-05
13975,-7.69225e-07,1.70067e-05
13975,-7.69226e-07,1.70067e-05
13975,-7.69226e-07,1.70067e-05
13975,-1.29586e-06,-7.91352e-07
13976,-1.29586e-06,-7.91352e-07
13976,-1.29586e-06,-7.91352e-07
13977,-1.29586e-06,-7.91352e-07
13977,1.82226e-06,4.62623e-07
13977,1.82226e-06,4.62623e-07
13978,1.82226e-06,4.62623e-07
13979,1.82225e-06,4.62623e-07
13979,1.82226e-06,4.62623e-07
13979,1.82226e-06,4.62623e-07
13979,1.82226e-06,4.62623e-07
13979,-6.38987e-07,-3.21875e-07
13980,-6.38985e-07,-3.21875e-07
13980,1.3552e-06,5.73182e-06
13981,1.5175e-07,6.6086e-06
13981,1.51746e-07,6.6086e-06
13981,1.51742e-07,6.60859e-06
13981,1.51743e-07,6.60859e-06
13981,9.56218e-07,5.62167e-06
13981,-4.20742e-08,5.47498e-06
13981,-5.09656e-06,1.91287e-05
13981,-5.75175e-06,1.91345e-05
13981,-1.11241e-06,1.99469e-05
13981,-1.11237e-06,1.99469e-05
13982,-1.11237e-06,1.99469e-05
13982,-1.11237e-06,1.99469e-05
13983,-1.11237e-06,1.99469e-05
13983,-1.11237e-06,1.99469e-05
13983,-1.11237e-06,1.99469e-05
13983,5.01162e-07,1.00585e-06
13983,5.01162e-07,1.00585e-06
13983,5.01161e-07,1.00585e-06
13984,5.01165e-07,1.00585e-06
13984,5.01162e-07,1.00585e-06
13985,5.01164e-07,1.00585e-06
13986,5.0116e-07,1.00585e-06
13986,5.01161e-07,1.00585e-06
13986,5.87338e-06,3.62431e-06
13987,5.87338e-06,3.62431e-06
13987,5.87338e-06,3.62431e-06
13987,5.87338e-06,3.62431e-06
13988,2.9703e-06,3.28224e-06
13988,2.97031e-06,3.28224e-06
13988,2.97031e-06,3.28224e-06
13988,2.9703e-06,3.28224e-06
13989,2.9703e-06,3.28224e-06
13989,2.97031e-06,3.28224e-06
13989,3.79165e-06,1.61676e-05
13989,1.3183e-05,7.25257e-06
13989,1.3183e-05,7.25257e-06
13990,1.3183e-05,7.25257e-06
13990,1.3183e-05,7.25257e-06
13990,1.3183e-05,7.25257e-06
13991,1.70704e-05,1.73703e-05
13991,1.70704e-05,1.73703e-05
13991,1.70704e-05,1.73703e-05
13991,1.70704e-05,1.73703e-05
13992,1.28361e-06,1.44052e-05
13992,1.28361e-06,1.44052e-05
13992,1.28361e-06,1.44052e-05
13992,9.15093e-06,9.77365e-06
13992,9.15071e-06,9.77362e-06
13992,9.15074e-06,9.77363e-06
13992,9.15074e-06,9.77363e-06
13992,9.15077e-06,9.77366e-06
13992,9.15077e-06,9.77366e-06
13992,1.31912e-05,1.24476e-05
13992,1.31912e-05,1.24476e-05
13992,1.64477e-05,1.09065e-05
13992,1.64477e-05,1.09065e-05
13992,1.64477e-05,1.09065e-05
13992,4.93517e-07,-1.55775e-06
13992,4.93512e-07,-1.55775e-06
13993,4.93519e-07,-1.55774e-06
13993,1.67729e-05,1.23515e-05
13993,1.67729e-05,1.23515e-05
13993,2.56354e-06,3.20196e-06
13993,6.27347e-06,1.2929e-05
13994,4.69048e-06,2.94848e-06
13994,4.69048e-06,2.94848e-06
13994,1.67271e-05,-5.89855e-08
13995,1.67271e-05,-5.89855e-08
13995,1.67271e-05,-5.89855e-08
13995,1.67271e-05,-5.89855e-08
13995,1.28509e-05,4.38754e-06
13995,1.28509e-05,4.38754e-06
13995,2.50498e-06,-6.90567e-06
13995,2.50498e-06,-6.90567e-06
13996,2.50498e-06,-6.90567e-06
13996,-2.09095e-06,-9.42581e-07
13996,-2.09088e-06,-9.42593e-07
13996,-2.09089e-06,-9.42593e-07
13996,-2.09089e-06,-9.42593e-07
13996,-2.09089e-06,-9.42593e-07
13996,-2.09089e-06,-9.42593e-07
13996,-2.09089e-06,-9.42593e-07
13998,-2.09089e-06,-9.42593e-07
13998,-2.09089e-06,-9.42593e-07
13998,-2.09095e-06,-9.42581e-07
13998,-2.09095e-06,-9.42581e-07
13998,-2.09096e-06,-9.42585e-07
13998,-2.09096e-06,-9.42585e-07
13998,-2.09089e-06,-9.42593e-07
13999,-2.09089e-06,-9.42593e-07
13999,-2.09089e-06,-9.42593e-07
13999,-2.09089e-06,-9.42593e-07
13999,3.85099e-06,2.47153e-06
14000,3.85099e-06,2.47153e-06
14000,1.80874e-06,5.08028e-07
14001,1.67961e-06,2.753e-06
14001,1.67961e-06,2.753e-06
14001,1.67961e-06,2.753e-06
14001,1.67961e-06,2.753e-06
14001,1.67961e-06,2.753e-06
14001,-5.12651e-06,-1.06031e-07
14001,-5.12651e-06,-1.06031e-07
14001,-5.12651e-06,-1.06031e-07
14001,-5.12651e-06,-1.06031e-07
14003,-5.12651e-06,-1.06031e-07
14003,-5.12651e-06,-1.06031e-07
14003,-1.71674e-07,1.0843e-06
14003,-1.71671e-07,1.0843e-06
14005,-1.71673e-07,1.0843e-06
14005,-1.89641e-06,6.42922e-07
14005,-1.89642e-06,6.42922e-07
14005,-1.89642e-06,6.42922e-07
14005,2.00587e-06,7.59562e-07
14006,2.00587e-06,7.59562e-07
14006,2.00587e-06,7.59562e-07
14006,2.00587e-06,7.59562e-07
14006,2.00588e-06,7.59562e-07
14007,2.00587e-06,7.59562e-07
14008,-7.29904e-06,6.71031e-06
14009,-7.29904e-06,6.71032e-06
14010,-7.29904e-06,6.71032e-06
14010,-7.29904e-06,6.71032e-06
14011,-7.29904e-06,6.71032e-06
14011,-7.29904e-06,6.71031e-06
14012,-7.29904e-06,6.71031e-06
14012,-7.29904e-06,6.71031e-06
14012,-7.29904e-06,6.71032e-06
14012,-7.29904e-06,6.71032e-06
14012,-7.29904e-06,6.71032e-06
14012,-7.29904e-06,6.71032e-06
14013,-7.29905e-06,6.71032e-06
14013,-1.59588e-06,1.28242e-06
14014,-1.59588e-06,1.28242e-06
14014,-1.59588e-06,1.28242e-06
14014,-1.59588e-06,1.28242e-06
14014,-1.59588e-06,1.28242e-06
14014,-3.36954e-07,1.13365e-06
14014,-3.36955e-07,1.13365e-06
14014,-3.36955e-07,1.13365e-06
14015,-3.36954e-07,1.13365e-06
14015,-3.68943e-06,1.93272e-06
14016,-3.68942e-06,1.93272e-06
14016,-3.68942e-06,1.93272e-06
14017,-3.68942e-06,1.93272e-06
14017,6.55492e-06,1.74396e-05
14017,6.55492e-06,1.74396e-05
14017,6.55492e-06,1.74397e-05
14018,6.55492e-06,1.74397e-05
14018,6.55492e-06,1.74397e-05
14018,6.55492e-06,1.74397e-05
14018,6.55493e-06,1.74397e-05
14018,6.55493e-06,1.74397e-05
14020,-2.27253e-06,-3.79111e-07
14020,-2.27253e-06,-3.79111e-07
14020,2.87577e-07,9.21605e-06
14020,-2.2743e-06,-2.95832e-07
14020,-2.2743e-06,-2.95832e-07
14020,-2.2743e-06,-2.95832e-07
14021,-2.2743e-06,-2.95832e-07
14021,-2.2743e-06,-2.95838e-07
14022,-2.2743e-06,-2.95838e-07
14022,-2.34835e-06,7.24082e-07
14023,2.61208e-06,2.61547e-06
14023,2.61208e-06,2.61547e-06
14024,2.61208e-06,2.61547e-06
14024,7.52828e-06,6.35198e-06
14024,7.52828e-06,6.35198e-06
14024,7.52828e-06,6.35198e-06
14025,-6.12553e-08,6.01823e-07
14027,-6.12553e-08,6.01823e-07
14027,-6.12556e-08,6.01823e-07
14027,-6.1257e-08,6.01823e-07
14027,-4.81396e-07,1.94373e-06
14027,-4.81398e-07,1.94373e-06
14027,-4.81402e-07,1.94373e-06
14028,-4.81397e-07,1.94373e-06
14028,8.88163e-06,5.89258e-06
14028,8.88162e-06,5.89258e-06
14028,8.88163e-06,5.89258e-06
14030,8.88162e-06,5.89258e-06
14030,-1.20181e-05,1.07898e-05
14030,-1.20181e-05,1.07898e-05
14031,-1.20181e-05,1.07898e-05
14031,-1.20181e-05,1.07898e-05
14032,-1.20181e-05,1.07898e-05
14032,-9.74947e-07,-1.00152e-06
14032,-9.74943e-07,-1.00152e-06
14033,-1.2759e-06,2.40475e-06
14034,1.63616e-06,3.67748e-06
14034,1.63616e-06,3.67748e-06
14034,1.63616e-06,3.67748e-06
14035,1.63616e-06,3.67748e-06
14035,4.86689e-06,7.0723e-06
14036,4.86689e-06,7.0723e-06
14036,4.86689e-06,7.0723e-06
14036,4.86689e-06,7.0723e-06
14037,4.8669e-06,7.07228e-06
14037,4.8669e-06,7.07228e-06
14038,4.86691e-06,7.07228e-06
14038,7.99702e-07,1.52843e-05
14039,7.04087e-06,8.50086e-06
14039,7.04086e-06,8.50086e-06
14039,7.04087e-06,8.50086e-06
14040,7.04086e-06,8.50086e-06
14040,7.04086e-06,8.50086e-06
14040,7.04087e-06,8.50086e-06
14042,7.04086e-06,8.50086e-06
14042,7.04087e-06,8.50086e-06
14043,7.04087e-06,8.50086e-06
14043,1.39586e-05,1.3751e-05
14043,3.13399e-06,1.27846e-05
14043,3.1565e-06,2.78304e-05
14043,3.15649e-06,2.78304e-05
14044,3.15649e-06,2.78304e-05
14045,3.15649e-06,2.78304e-05
14045,3.1565e-06,2.78304e-05
14047,-3.25647e-06,5.58229e-06
14047,-3.25647e-06,5.58229e-06
14047,-3.25647e-06,5.58229e-06
14047,-3.25648e-06,5.58229e-06
14047,-3.25647e-06,5.58229e-06
14047,-3.25647e-06,5.58229e-06
14049,-1.20815e-05,1.05164e-05
14049,-1.20815e-05,1.05164e-05
14049,-1.20815e-05,1.05164e-05
14050,-1.20815e-05,1.05164e-05
14051,-7.46112e-06,6.34506e-06
14052,-1.10691e-06,7.72553e-07
14052,-1.10691e-06,7.72553e-07
14052,-1.10691e-06,7.72549e-07
14052,-1.66058e-06,1.2628e-05
14052,2.55017e-06,3.25509e-06
14052,2.55017e-06,3.25509e-06
14053,-3.7788e-06,5.73556e-06
14053,-3.77879e-06,5.73556e-06
14058,-3.7788e-06,5.73556e-06
14058,8.26275e-06,1.70919e-05
14058,-2.75571e-05,8.83e-06
14058,-9.15161e-06,2.05016e-05
14060,-9.15161e-06,2.05016e-05
14060,-9.15163e-06,2.05016e-05
20401,-9.15163e-06,2.05016e-05
20401,-9.15167e-06,2.05015e-05
20402,-5.15279e-06,3.81363e-06
20402,-5.15279e-06,3.81363e-06
20402,-2.76232e-05,-1.78726e-05
20402,-1.83409e-06,-2.83017e-07
20402,-4.54955e-06,-4.41766e-06
20403,-4.54955e-06,-4.41766e-06
20403,-4.54955e-06,-4.41766e-06
20403,-3.83716e-05,1.97983e-05
20404,-3.83716e-05,1.97983e-05
20404,-3.83716e-05,1.97983e-05
20405,-3.83716e-05,1.97983e-05
20405,-3.83716e-05,1.97983e-05
20405,-3.60796e-05,5.24927e-06
20406,-3.60796e-05,5.24927e-06
20406,-3.47715e-05,8.32105e-07
20406,1.08544e-06,1.23908e-06
20406,1.08544e-06,1.23908e-06
20407,1.08544e-06,1.23908e-06
20407,1.08544e-06,1.23908e-06
20407,1.08544e-06,1.23908e-06
20407,1.08544e-06,1.23908e-06
20408,1.08544e-06,1.23908e-06
20408,-2.44167e-06,-3.36082e-07
20408,-2.44163e-06,-3.36089e-07
20408,-4.47616e-06,1.45055e-06
20408,-4.47616e-06,1.45055e-06
20408,-4.47616e-06,1.45055e-06
20409,9.86379e-07,2.84724e-05
20409,-2.53647e-05,-2.31062e-05
20409,-2.53647e-05,-2.31062e-05
20410,-2.53647e-05,-2.31062e-05
20411,-5.71458e-06,1.82608e-05
20411,4.11755e-06,1.24115e-06
20411,8.39558e-06,6.26963e-07
20412,3.21636e-06,-5.79662e-07
20412,3.21631e-06,-5.79635e-07
20412,1.11051e-05,5.58773e-06
20413,4.34579e-06,7.07654e-07
20413,4.34583e-06,7.07655e-07
20413,4.63052e-06,5.44779e-07
20413,4.63052e-06,5.44779e-07
20413,4.63052e-06,5.44779e-07
20413,3.62526e-06,2.00996e-07
20414,3.62526e-06,2.00996e-07
20414,3.62526e-06,2.00996e-07
20414,3.62526e-06,2.00996e-07
20414,1.64807e-05,1.25047e-05
20414,1.64807e-05,1.25047e-05
20414,1.64807e-05,1.25047e-05
20414,1.64807e-05,1.25047e-05
20414,1.64807e-05,1.25047e-05
20414,1.64807e-05,1.25047e-05
20414,1.64807e-05,1.25047e-05
20414,1.64807e-05,1.25047e-05
20414,1.27979e-05,4.86942e-06
20415,3.70801e-06,9.31502e-08
20415,3.70801e-06,9.31502e-08
20415,3.70801e-06,9.31501e-08
20415,3.70801e-06,9.31501e-08
20416,3.70801e-06,9.315e-08
20417,2.55115e-06,-8.00489e-07
20417,2.55115e-06,-8.00489e-07
20417,2.55115e-06,-8.00489e-07
20417,2.55115e-06,-8.00489e-07
20418,2.55115e-06,-8.00489e-07
20418,3.23135e-06,-6.10602e-07
20418,3.23135e-06,-6.10601e-07
20418,3.23135e-06,-6.10601e-07
20418,1.38433e-05,1.32641e-05
20418,1.38433e-05,1.32641e-05
20418,1.38433e-05,1.32641e-05
20418,3.17647e-06,4.98718e-07
20419,3.17647e-06,4.98718e-07
20419,3.17647e-06,4.98718e-07
20419,3.17647e-06,4.98718e-07
20419,3.17647e-06,4.98718e-07
20421,6.6225e-06,2.10226e-06
20421,6.6225e-06,2.10226e-06
20422,6.6225e-06,2.10226e-06
20422,6.6225e-06,2.10226e-06
20422,6.6225e-06,2.10226e-06
20422,6.6225e-06,2.10226e-06
20423,6.6225e-06,2.10226e-06
20423,2.90926e-06,-6.69707e-07
20423,2.90926e-06,-6.69707e-07
20423,2.90926e-06,-6.69707e-07
20425,2.90926e-06,-6.69707e-07
20425,1.33319e-05,7.95148e-06
20425,1.33319e-05,7.95148e-06
20425,1.33319e-05,7.95148e-06
20425,1.33319e-05,7.95148e-06
20425,3.1958e-06,-7.3577e-07
20425,3.1958e-06,-7.3577e-07
20428,3.1958e-06,-7.3577e-07
20428,3.1958e-06,-7.3577e-07
20429,3.1958e-06,-7.3577e-07
20430,3.1958e-06,-7.3577e-07
20430,7.08053e-06,3.3786e-06
20430,7.08053e-06,3.3786e-06
20430,7.08053e-06,3.3786e-06
20431,7.08053e-06,3.3786e-06
20432,6.30888e-06,6.8814e-06
20433,6.30888e-06,6.8814e-06
20434,6.30888e-06,6.8814e-06
20435,1.94295e-05,1.10471e-05
20435,1.94295e-05,1.10471e-05
20435,1.94295e-05,1.10471e-05
20435,8.15221e-06,9.18582e-06
20435,8.15221e-06,9.18582e-06
20435,8.15221e-06,9.18582e-06
20435,8.15221e-06,9.18582e-06
20436,8.15221e-06,9.18582e-06
20436,8.15221e-06,9.18582e-06
20436,8.15221e-06,9.18582e-06
20436,1.11569e-05,3.15287e-06
20436,1.11569e-05,3.15287e-06
20436,1.11569e-05,3.15287e-06
20436,1.11569e-05,3.15287e-06
20436,1.11569e-05,3.15287e-06
20437,1.11569e-05,3.15287e-06
20437,4.91732e-06,2.4106e-06
20437,4.91732e-06,2.4106e-06
20437,4.91731e-06,2.4106e-06
20438,4.91732e-06,2.4106e-06
20438,4.91731e-06,2.4106e-06
20438,4.91731e-06,2.4106e-06
20438,4.91731e-06,2.4106e-06
20438,4.91731e-06,2.4106e-06
20438,4.91731e-06,2.4106e-06
20439,4.91732e-06,2.4106e-06
20440,9.9458e-06,1.20598e-05
20440,2.84044e-06,-1.08855e-06
20440,2.84044e-06,-1.08855e-06
20440,2.84044e-06,-1.08855e-06
20440,1.10174e-05,1.0627e-05
20442,1.10174e-05,1.0627e-05
20442,1.10174e-05,1.0627e-05
20442,1.10174e-05,1.0627e-05
20442,1.10174e-05,1.0627e-05
20444,1.10174e-05,1.0627e-05
20444,1.17494e-05,1.06279e-05
20444,1.17494e-05,1.06279e-05
20445,1.17494e-05,1.06279e-05
20445,1.17494e-05,1.06279e-05
20445,7.38645e-06,5.58127e-06
20445,7.38645e-06,5.58127e-06
20445,7.38645e-06,5.58127e-06
20445,7.38645e-06,5.58127e-06
20446,7.38645e-06,5.58127e-06
20446,7.38645e-06,5.58127e-06
20448,7.38645e-06,5.58127e-06
20448,7.38645e-06,5.58127e-06
20448,1.48977e-05,3.78087e-06
20449,1.48978e-05,3.78087e-06
20449,1.48977e-05,3.78087e-06
20449,1.38996e-05,4.17264e-06
20450,1.38996e-05,4.17264e-06
20450,1.38996e-05,4.17264e-06
20451,1.38996e-05,4.17264e-06
20452,1.38996e-05,4.17264e-06
20453,1.38996e-05,4.17264e-06
20453,1.38996e-05,4.17264e-06
20454,1.13644e-05,1.04741e-05
20454,1.13644e-05,1.04741e-05
20454,1.13644e-05,1.04741e-05
20454,9.33178e-06,7.99578e-06
20455,9.33186e-06,7.99578e-06
20455,9.33186e-06,7.99578e-06
20457,9.33186e-06,7.99578e-06
20457,9.33186e-06,7.99578e-06
20457,9.33186e-06,7.99578e-06
20458,9.33186e-06,7.99578e-06
20458,1.09301e-05,6.76663e-06
20458,1.09301e-05,6.76663e-06
20458,1.09301e-05,6.76663e-06
20458,1.09301e-05,6.76663e-06
20458,1.09301e-05,6.76663e-06
20458,1.09301e-05,6.76661e-06
20458,2.87376e-06,-1.76849e-06
20458,3.57534e-06,7.98359e-07
20458,3.57534e-06,7.98359e-07
20458,3.57534e-06,7.98359e-07
20458,3.57534e-06,7.98359e-07
20458,3.57537e-06,7.98365e-07
20458,3.57537e-06,7.98365e-07
20458,3.57538e-06,7.98365e-07
20458,2.15176e-05,1.6175e-05
20458,2.15176e-05,1.6175e-05
20459,2.15176e-05,1.6175e-05
20459,2.15176e-05,1.6175e-05
20460,6.75309e-06,5.67515e-07
20461,6.75299e-06,5.67689e-07
20461,6.75298e-06,5.67689e-07
20461,6.75299e-06,5.67689e-07
20461,6.75299e-06,5.67689e-07
20461,1.58506e-05,5.17286e-06
20462,3.00143e-05,9.11621e-06
20462,3.00143e-05,9.11621e-06
20462,3.00143e-05,9.11621e-06
20462,3.00143e-05,9.11621e-06
20462,2.19338e-05,1.64198e-05
20462,2.19338e-05,1.64198e-05
20463,2.19338e-05,1.64198e-05
20463,2.78846e-05,9.03979e-06
20463,3.52639e-06,5.335e-06
20464,3.52639e-06,5.335e-06
20464,1.28294e-05,5.35321e-06
20464,8.44248e-06,8.65542e-06
20465,-2.60393e-06,-2.81201e-06
20465,8.94644e-06,6.24516e-06
20465,8.94644e-06,6.24516e-06
20465,8.94643e-06,6.24516e-06
20465,8.94644e-06,6.24516e-06
20465,8.94643e-06,6.24516e-06
20466,8.94644e-06,6.24516e-06
20466,-9.78628e-07,4.41273e-11
20466,-9.78646e-07,4.25587e-11
20466,-9.78665e-07,3.79446e-11
20466,6.07323e-06,3.40604e-06
20466,6.07323e-06,3.40604e-06
20466,6.07323e-06,3.40604e-06
20466,9.30992e-06,4.72456e-08
20466,9.30992e-06,4.72456e-08
20466,2.58937e-08,-4.23323e-06
20466,2.58894e-08,-4.23323e-06
20466,3.30553e-06,-1.59071e-06
20466,3.30553e-06,-1.59071e-06
20467,3.30553e-06,-1.59071e-06
20467,1.91956e-05,5.60608e-06
20467,1.91956e-05,5.60608e-06
20467,1.91956e-05,5.60608e-06
20467,2.4844e-05,1.48546e-05
20468,2.4844e-05,1.48546e-05
20468,2.4844e-05,1.48546e-05
20468,2.42153e-05,2.20401e-05
20468,-3.83576e-06,7.19659e-08
20469,-3.83576e-06,7.19659e-08
20469,9.30686e-08,3.54819e-06
20469,9.3057e-08,3.54819e-06
20469,-5.48539e-07,3.63777e-06
20470,-5.48551e-07,3.63777e-06
20470,-2.7418e-07,2.82748e-06
20470,-2.74181e-07,2.82748e-06
20470,-1.83625e-06,2.65943e-06
20470,-1.83626e-06,2.65943e-06
20470,-1.83624e-06,2.65943e-06
20470,-1.83625e-06,2.65943e-06
20470,-2.31423e-06,6.41095e-07
20471,-2.31423e-06,6.41095e-07
20471,-2.31423e-06,6.41095e-07
20472,-2.31423e-06,6.41095e-07
20473,-2.31424e-06,6.41095e-07
20473,-6.33353e-08,8.67518e-07
20473,-6.33209e-08,8.67518e-07
20473,-6.33287e-08,8.67518e-07
20473,-6.33417e-08,8.67518e-07
20473,-6.33476e-08,8.67518e-07
20475,-3.58807e-06,4.90595e-07
20476,-3.58807e-06,4.90595e-07
20476,-3.10353e-06,2.97844e-06
20476,-3.10353e-06,2.97844e-06
20477,-3.10353e-06,2.97844e-06
20477,-3.10353e-06,2.97844e-06
20477,-3.10352e-06,2.97844e-06
20479,-191327,2.97844e-06
20479,-3.33709e-06,2.61296e-06
20479,-3.33709e-06,2.61296e-06
20479,-4.35858e-06,9.33736e-07
20480,-4.35858e-06,9.33736e-07
20480,-4.35858e-06,9.33736e-07
20480,-4.35858e-06,9.33736e-07
20480,-4.35858e-06,9.33736e-07
20481,-4.35858e-06,9.33736e-07
20481,-4.35858e-06,9.33736e-07
20481,-4.35858e-06,9.33736e-07
20481,-5.21841e-07,3.68234e-06
20483,-5.21841e-07,3.68234e-06
20483,-5.21841e-07,3.68234e-06
20483,-5.21841e-07,3.68234e-06
20483,-5.21853e-07,3.68234e-06
20483,-5.2184e-07,3.68234e-06
20485,-5.21841e-07,3.68234e-06
20485,-5.0148e-07,3.38348e-06
20487,4.56333e-07,1.23628e-06
20489,4.56332e-07,1.23628e-06
20489,4.56333e-07,1.23628e-06
20489,4.56332e-07,1.23628e-06
20489,4.56331e-07,1.23628e-06
20490,-4.69025e-06,-1.32164e-06
20490,-4.69025e-06,-1.32164e-06
20490,-1.06377e-06,5.42638e-06
20490,-1.06377e-06,5.42638e-06
20490,-1.06377e-06,5.42638e-06
20490,-1.06377e-06,5.42638e-06
20490,-1.06378e-06,5.42638e-06
20493,-1.06377e-06,5.42638e-06
20494,-1.06377e-06,5.42638e-06
20494,-1.06377e-06,5.42638e-06
20494,-1.06377e-06,5.42638e-06
20494,-3.19384e-06,1.69648e-06
20494,-3.19384e-06,1.69648e-06
20494,-3.19384e-06,1.69648e-06
20494,-2.98213e-06,1.93672e-06
20494,-2.98213e-06,1.93672e-06
20494,-5.06161e-06,2.58196e-07
20496,-5.06162e-06,2.58196e-07
20497,-3.41102e-06,6.61087e-08
20498,-3.41102e-06,6.61087e-08
20498,-3.41102e-06,6.61087e-08
20498,-6.65586e-07,9.09437e-07
20498,-6.65589e-07,9.09437e-07
20498,-6.65586e-07,9.09436e-07
20500,-6.65583e-07,9.09437e-07
20500,-6.65586e-07,9.09436e-07
20500,-6.65587e-07,9.09437e-07
20500,-4.88887e-06,4.45587e-07
20500,-4.88887e-06,4.45587e-07
20500,-4.88888e-06,4.45587e-07
20502,-4.88887e-06,4.45587e-07
20502,-4.88887e-06,4.45587e-07
20502,-7.60101e-06,-6.69469e-07
20502,-7.60101e-06,-6.69469e-07
20504,-3.55398e-06,1.59958e-07
20505,-3.55398e-06,1.59958e-07
20505,-3.55398e-06,1.59958e-07
20505,-3.55398e-06,1.59958e-07
20506,-3.55398e-06,1.59958e-07
20507,-3.55398e-06,1.59958e-07
20507,-2.96983e-06,1.08224e-06
20509,-2.96983e-06,1.08224e-06
20509,-2.96983e-06,1.08224e-06
20509,-1.54691e-06,1.62421e-06
20510,-1.54691e-06,1.62421e-06
20512,-1.5469e-06,1.62421e-06
20513,-1.5469e-06,1.62421e-06
20513,-1.54691e-06,1.62421e-06
20513,-1.5469e-06,1.62421e-06
20513,-1.5469e-06,1.62421e-06
20513,-1.5469e-06,1.62421e-06
20514,-1.5469e-06,1.62421e-06
20514,-1.5469e-06,1.62421e-06
20515,-1.5469e-06,1.62421e-06
20516,-1.5469e-06,1.62421e-06
20517,-1.5469e-06,1.62421e-06
20517,-3.24728e-06,1.58e-06
20517,-3.24728e-06,1.58e-06
20518,-3.24728e-06,1.58e-06
20518,-3.24728e-06,1.58e-06
20518,-3.24728e-06,1.58e-06
20518,-3.24728e-06,1.58e-06
20518,-3.24728e-06,1.58e-06
20520,-3.24728e-06,1.57999e-06
20520,-3.24728e-06,1.58e-06
20522,-3.24728e-06,1.58e-06
20523,-3.24728e-06,1.58e-06
20523,-3.24729e-06,1.58e-06
20523,-3.24729e-06,1.58e-06
20523,-3.24728e-06,1.58e-06
20523,-3.24728e-06,1.58e-06
20523,-3.24728e-06,1.58e-06
20523,-3.24728e-06,1.58e-06
20524,-3.24728e-06,1.58e-06
20524,-3.24728e-06,1.58e-06
20527,-3.24728e-06,1.58e-06
20527,-3.24728e-06,1.58e-06
20527,-3.24728e-06,1.58e-06
20528,-1.74213e-06,2.89591e-06
20529,-1.74213e-06,2.89591e-06
20529,-1.74213e-06,2.89591e-06
20529,-1.74213e-06,2.89591e-06
20530,-1.74213e-06,2.89591e-06
20531,-1.74213e-06,2.89591e-06
20532,-1.74213e-06,2.89591e-06
20533,-1.74213e-06,2.89591e-06
20533,-1.74213e-06,2.89591e-06
20534,-1.74213e-06,2.89591e-06
20535,-1.74213e-06,2.89591e-06
20535,-2.67645e-06,4.47499e-07
20536,-2.67645e-06,4.47499e-07
20536,-2.67645e-06,4.47499e-07
20536,-2.67645e-06,4.47499e-07
20537,-2.67645e-06,4.47499e-07
20537,-2.67645e-06,4.47499e-07
20537,-2.67645e-06,4.47499e-07
20537,-4.23696e-06,-1.38821e-07
20538,-4.23696e-06,-1.38821e-07
20538,-4.23696e-06,-1.38821e-07
20538,-4.23696e-06,-1.38821e-07
20538,-4.23696e-06,-1.38821e-07
20538,-4.23696e-06,-1.38821e-07
20538,-4.23696e-06,-1.38821e-07
20538,-4.23696e-06,-1.38821e-07
20538,-4.23696e-06,-1.38821e-07
20540,-4.23696e-06,-1.38821e-07
20541,-4.23696e-06,-1.38821e-07
20541,-4.23696e-06,-1.38821e-07
20541,-4.23696e-06,-1.38821e-07
20541,-1.74507e-06,9.33365e-07
20541,-1.74507e-06,9.33365e-07
20542,-1.74507e-06,9.33365e-07
20542,-1.74507e-06,9.33365e-07
20542,-1.74507e-06,9.33365e-07
20542,-1.74507e-06,9.33365e-07
20542,-1.74507e-06,9.33365e-07
20543,-1.74507e-06,9.33365e-07
20543,-1.74507e-06,9.33365e-07
20543,-2.75957e-06,2.21885e-06
20544,-2.75957e-06,2.21885e-06
20544,-2.75957e-06,2.21885e-06
20544,-2.75957e-06,2.21885e-06
20545,-2.75957e-06,2.21885e-06
20545,-2.75957e-06,2.21885e-06
20545,-2.75957e-06,2.21885e-06
20545,-2.75957e-06,2.21885e-06
20545,-2.75957e-06,2.21885e-06
20546,-2.75957e-06,2.21885e-06
20546,-2.75957e-06,2.21885e-06
20546,-2.75957e-06,2.21885e-06
20546,-2.75957e-06,2.21885e-06
20546,-2.75957e-06,2.21885e-06
20546,-2.75957e-06,2.21885e-06
20546,-2.75957e-06,2.21885e-06
20547,-2.75957e-06,2.21885e-06
20547,-2.75957e-06,2.21885e-06
20547,-2.75957e-06,2.21885e-06
20547,-2.75957e-06,2.21885e-06
20548,-2.75957e-06,2.21885e-06
20548,-2.75957e-06,2.21885e-06
20548,-2.75957e-06,2.21885e-06
20548,-2.75957e-06,2.21885e-06
20549,-2.75957e-06,2.21885e-06
20549,-2.75957e-06,2.21885e-06
20549,-2.75957e-06,2.21885e-06
20549,-2.75957e-06,2.21885e-06
20549,-2.75957e-06,2.21885e-06
20549,-2.75957e-06,2.21885e-06
20550,-1.83196e-06,3.07169e-06
20550,-1.83196e-06,3.07169e-06
20550,-7.93959e-07,4.43464e-06
20550,-7.9396e-07,4.43464e-06
20551,-7.9396e-07,4.43464e-06
20551,-7.93961e-07,4.43464e-06
20551,-3.39594e-06,1.40503e-07
20552,-3.39594e-06,1.40503e-07
20552,-3.39594e-06,1.40503e-07
20552,-3.39594e-06,1.40503e-07
20553,-1.61359e-06,3.791e-06
20553,-1.61359e-06,3.791e-06
20553,-1.61359e-06,3.791e-06
20553,-1.61359e-06,3.791e-06
20553,9.01832e-07,2.6549e-06
20553,9.01833e-07,2.6549e-06
20553,9.01833e-07,2.6549e-06
20554,-3.74139e-06,4.09024e-08
20554,-3.74139e-06,4.09024e-08
20554,-3.74139e-06,4.09024e-08
20554,-3.74139e-06,4.09024e-08
20554,-3.74139e-06,4.09024e-08
20554,-3.74139e-06,4.09024e-08
20555,-3.74139e-06,4.09024e-08
20555,-3.74139e-06,4.09024e-08
20555,-3.74139e-06,4.09024e-08
20555,-3.74139e-06,4.09024e-08
20555,-3.74139e-06,4.09024e-08
20555,-3.74139e-06,4.09024e-08
20555,-1.95918e-06,2.40507e-06
20555,-1.95918e-06,2.40507e-06
20555,-1.95917e-06,2.40507e-06
20555,-1.95918e-06,2.40507e-06
20556,-1.95918e-06,2.40507e-06
20557,-1.95918e-06,2.40507e-06
20557,-2.78519e-06,1.18551e-06
20557,4.78374e-07,1.65858e-06
20559,6.78284e-06,9.96419e-06
20559,6.78284e-06,9.96419e-06
20559,6.78284e-06,9.96419e-06
20559,6.78284e-06,9.96419e-06
20559,6.78284e-06,9.96419e-06
20559,6.78284e-06,9.96419e-06
20560,6.78284e-06,9.96419e-06
20560,6.78284e-06,9.96419e-06
20560,6.21043e-06,9.69136e-06
20560,-2.09464e-06,1.58153e-06
20561,-2.09464e-06,1.58153e-06
20561,-1.76187e-06,2.80206e-06
20561,-1.76187e-06,2.80206e-06
20561,-1.76187e-06,2.80206e-06
20561,-1.76187e-06,2.80206e-06
20561,-1.76188e-06,2.80206e-06
20561,-1.76187e-06,2.80206e-06
20561,-1.76187e-06,2.80206e-06
20562,-1.76187e-06,2.80206e-06
20562,-1.76187e-06,2.80206e-06
20562,-1.76187e-06,2.80206e-06
20563,-1.99268e-06,2.62336e-06
20563,-1.99268e-06,2.62336e-06
20563,-1.99268e-06,2.62336e-06
20563,-1.99268e-06,2.62336e-06
20563,-1.99268e-06,2.62336e-06
20563,-1.99268e-06,2.62336e-06
20563,-1.99268e-06,2.62336e-06
20564,-1.99268e-06,2.62336e-06
20564,-1.99268e-06,2.62336e-06
20564,-1.99268e-06,2.62336e-06
20565,-1.99268e-06,2.62336e-06
20565,-1.99268e-06,2.62336e-06
20565,-1.99268e-06,2.62336e-06
20565,-1.99268e-06,2.62336e-06
20565,-7.06373e-07,4.02563e-06
20565,-7.06373e-07,4.02563e-06
20565,-7.06374e-07,4.02563e-06
20566,-7.06373e-07,4.02563e-06
20566,4.41906e-07,4.15931e-06
20566,4.41906e-07,4.15931e-06
20566,4.41906e-07,4.15931e-06
20566,4.41906e-07,4.15931e-06
20566,4.41906e-07,4.15931e-06
20567,4.41905e-07,4.15931e-06
20568,1.17405e-07,2.33207e-06
20568,1.17404e-07,2.33207e-06
20568,-2.58337e-06,9.30891e-07
20568,-2.58338e-06,9.30891e-07
20568,-2.58338e-06,9.30891e-07
20568,1.19182e-06,2.17522e-06
20568,1.19182e-06,2.17522e-06
20569,2.63536e-06,6.57936e-06
20569,2.63536e-06,6.57936e-06
20569,-2.27698e-06,2.86449e-06
20569,-2.20043e-07,6.02585e-06
20570,5.15522e-06,2.03421e-06
20570,5.15521e-06,2.03421e-06
20570,5.15521e-06,2.03421e-06
20570,5.15521e-06,2.03421e-06
20570,5.15521e-06,2.03421e-06
20571,5.15521e-06,2.03421e-06
20572,-2.86182e-06,2.18045e-06
20572,-2.86181e-06,2.18045e-06
20572,-2.86181e-06,2.18045e-06
20572,-2.86181e-06,2.18045e-06
20573,-2.86181e-06,2.18045e-06
20573,-2.86182e-06,2.18045e-06
20573,-2.86182e-06,2.18045e-06
20575,-2.86182e-06,2.18045e-06
20577,-2.86182e-06,2.18045e-06
20577,-2.86182e-06,2.18045e-06
20578,-2.86181e-06,2.18045e-06
20579,-2.86182e-06,2.18045e-06
20580,-2.86181e-06,2.18045e-06
20581,-2.86181e-06,2.18045e-06
20581,-2.86181e-06,2.18045e-06
20581,-2.86181e-06,2.18045e-06
20581,-4.19127e-06,-1.95201e-06
20581,-4.19127e-06,-1.952e-06
20581,-4.19127e-06,-1.952e-06
20584,5.54934e-06,7.86773e-06
20584,5.54934e-06,7.86773e-06
20584,5.54934e-06,7.86773e-06
20585,-3.0398e-06,1.48755e-05
20585,-3.0398e-06,1.48755e-05
20585,-3.0398e-06,1.48755e-05
20587,-3.0398e-06,1.48755e-05
20587,-1.19267e-06,9.73927e-07
20588,-1.19267e-06,9.73927e-07
20588,5.56894e-07,5.45513e-06
20589,5.56894e-07,5.45513e-06
20589,6.33363e-06,7.9158e-06
20589,-1.71891e-06,2.15775e-06
20590,2.56606e-06,1.6412e-06
20590,2.56607e-06,1.6412e-06
20590,2.56607e-06,1.6412e-06
20591,2.56607e-06,1.6412e-06
20591,-3.63798e-07,5.44486e-06
20591,-3.638e-07,5.44486e-06
20592,2.44578e-06,8.04153e-06
27810,2.44578e-06,8.04153e-06
27810,2.44578e-06,8.04153e-06
27811,1.28232e-06,3.66572e-06
27811,-2.68748e-06,7.67464e-07
27812,-2.68748e-06,7.67464e-07
27812,-2.68748e-06,7.67465e-07
27813,-2.68748e-06,7.67465e-07
27813,-1.25908e-06,6.97154e-06
27814,-1.25908e-06,6.97154e-06
27814,8.62103e-06,4.24355e-06
27814,8.62103e-06,4.24355e-06
27814,5.66531e-06,1.13726e-05
27815,5.66532e-06,1.13726e-05
27815,-5.09843e-06,-1.63059e-07
27815,-2.8108e-06,2.24262e-06
27815,-2.8108e-06,2.24262e-06
27815,-2.8108e-06,2.24262e-06
27816,-2.8108e-06,2.24262e-06
27816,-2.8108e-06,2.24263e-06
27816,-2.8108e-06,2.24263e-06
27816,-2.8108e-06,2.24263e-06
27816,-2.8108e-06,2.24263e-06
27817,-2.8108e-06,2.24262e-06
27817,-2.8108e-06,2.24262e-06
27819,-2.8108e-06,2.24262e-06
27819,-2.8108e-06,2.24262e-06
27819,-2.8108e-06,2.24262e-06
27819,-2.8108e-06,2.24262e-06
27819,-2.8108e-06,2.24262e-06
27819,-2.8108e-06,2.24262e-06
27820,1.17617e-05,1.79584e-05
27820,1.17617e-05,1.79584e-05
27821,1.17617e-05,1.79584e-05
27821,1.17617e-05,1.79584e-05
27821,-8.7452e-07,2.64396e-06
27821,-8.74519e-07,2.64396e-06
27821,-4.63621e-06,8.08001e-06
27821,-4.63621e-06,8.08001e-06
27821,-4.63621e-06,8.08001e-06
27821,-4.63621e-06,8.08001e-06
27822,-4.63621e-06,8.08001e-06
27822,-4.63621e-06,8.08001e-06
27822,-4.6362e-06,8.08001e-06
27822,-4.6362e-06,8.08001e-06
27822,2.47785e-06,3.87015e-06
27822,-1.40259e-06,2.02741e-06
27822,-1.40259e-06,2.02741e-06
27823,-1.40259e-06,2.02741e-06
27824,-1.40259e-06,2.02741e-06
27824,-1.40259e-06,2.02741e-06
27824,-7.3861e-07,3.6763e-06
27824,-6.27639e-06,2.49139e-06
27824,3.30172e-06,3.79906e-06
27825,4.58512e-06,1.12013e-05
27825,4.58512e-06,1.12013e-05
27826,-4.2084e-06,-5.76685e-07
27826,-3.60016e-06,7.27892e-06
27826,-3.60016e-06,7.27892e-06
27826,-1.42922e-06,3.2547e-06
27826,-1.07889e+06,1.26306e-05
27826,-1.16887e+06,1.26306e-05
27826,-1.00287e+06,1.26306e-05
27826,-1.09456e+06,1.26306e-05
27826,-967193,1.26306e-05
27827,-1.10048e+06,1.26306e-05
27827,-1.01919e+06,1.26306e-05
27827,-412192,1.26306e-05
27828,7.62524e-06,4.45774e-06
27828,-2.0077e-06,3.49389e-06
27829,-6.22016e-07,3.39553e-06
27829,-6.22019e-07,3.39553e-06
27830,-3.40789e-06,-3.96558e-07
27830,-3.40789e-06,-3.96558e-07
27830,-4.93536e-06,3.24179e-07
27831,-4.93536e-06,3.24179e-07
27831,-4.93536e-06,3.24179e-07
27831,-4.04464e-06,1.44376e-07
27831,-4.04467e-06,1.44371e-07
27831,-4.04465e-06,1.44376e-07
27831,-4.04467e-06,1.44371e-07
27832,-2.95921e-06,-7.47836e-07
27832,-2.95922e-06,-7.47835e-07
27832,2.69097e-06,4.12095e-06
27832,2.69075e-06,4.12094e-06
27832,2.69076e-06,4.12094e-06
27833,2.69097e-06,4.12095e-06
27833,2.69097e-06,4.12095e-06
27834,-2.5265e-06,2.33391e-06
27834,-2.5265e-06,2.33391e-06
27834,-2.5265e-06,2.33391e-06
27834,-2.5265e-06,2.33391e-06
27834,-2.5265e-06,2.33391e-06
27834,-2.5265e-06,2.33391e-06
27835,-2.52649e-06,2.33391e-06
27835,-2.5265e-06,2.33391e-06
27835,-2.5265e-06,2.33391e-06
27836,-2.5265e-06,2.33391e-06
27836,-2.5265e-06,2.33391e-06
27836,-2.5265e-06,2.33391e-06
27836,-3.51256e-06,3.72105e-08
27836,-3.51256e-06,3.72105e-08
27836,-3.51256e-06,3.72105e-08
27836,-3.51256e-06,3.72105e-08
27836,-3.51256e-06,3.72105e-08
27836,-3.51256e-06,3.72105e-08
27836,-3.51256e-06,3.72105e-08
27836,-3.51256e-06,3.72105e-08
27836,-3.51256e-06,3.72105e-08
27836,-3.51256e-06,3.72105e-08
27837,-3.51256e-06,3.72105e-08
27837,-3.51256e-06,3.72105e-08
27837,-3.51256e-06,3.72105e-08
27837,-4.73475e-06,-8.50164e-07
27837,-4.73475e-06,-8.50164e-07
27837,-4.73474e-06,-8.50164e-07
27837,-4.73474e-06,-8.50164e-07
27837,7.30493e-06,9.03435e-06
27837,7.30493e-06,9.03435e-06
27837,7.3049e-06,9.03435e-06
27837,7.3049e-06,9.03435e-06
27837,5.38342e-07,1.55796e-08
27837,5.38335e-07,1.55796e-08
27837,5.38337e-07,1.55796e-08
27837,-3.03516e-06,-1.44615e-07
27837,-3.03516e-06,-1.44615e-07
27837,-3.03516e-06,-1.44615e-07
27837,-3.03516e-06,-1.44615e-07
27837,-3.03516e-06,-1.44615e-07
27837,-3.03516e-06,-1.44615e-07
27837,-5.19277e-06,2.72877e-07
27837,-5.19277e-06,2.72877e-07
27838,-5.19277e-06,2.72877e-07
27838,-5.19277e-06,2.72877e-07
27838,-5.19277e-06,2.72877e-07
27838,-5.19277e-06,2.72877e-07
27838,-3.37745e-06,-1.27888e-07
27838,-3.37745e-06,-1.27888e-07
27838,-3.37745e-06,-1.27888e-07
27838,-6.49306e-06,-2.01893e-06
27838,-6.49306e-06,-2.01893e-06
27838,-6.49306e-06,-2.01893e-06
27838,-6.49306e-06,-2.01893e-06
27839,-9.31202e-06,3.80683e-06
27839,-9.31202e-06,3.80683e-06
27839,-5.56972e-06,1.25106e-08
27839,-5.56972e-06,1.25106e-08
27839,-5.56972e-06,1.25106e-08
27839,-5.56972e-06,1.25106e-08
27839,-5.56972e-06,1.25106e-08
27840,-5.56972e-06,1.25106e-08
27840,-5.11599e-06,9.74187e-07
27840,-5.11599e-06,9.74187e-07
27840,-2.96118e-06,-1.13068e-07
27840,-2.96118e-06,-1.13068e-07
27840,-2.96118e-06,-1.13068e-07
27840,-2.96118e-06,-1.13068e-07
27840,-2.96118e-06,-1.13068e-07
27840,-2.96118e-06,-1.13068e-07
27840,-2.96118e-06,-1.13068e-07
27840,-2.96118e-06,-1.13068e-07
27840,-2.96118e-06,-1.13068e-07
27840,-5.22147e-06,2.71064e-07
27841,-5.22147e-06,2.71064e-07
27841,-5.22147e-06,2.71064e-07
27841,-5.36405e-07,1.05931e-06
27841,-5.36406e-07,1.05931e-06
27841,-5.36405e-07,1.05931e-06
27841,-5.36407e-07,1.05931e-06
27841,-5.25078e-06,-2.05673e-07
27841,-5.25078e-06,-2.05673e-07
27841,-5.25078e-06,-2.05673e-07
27842,-5.39538e-06,-2.39532e-07
27842,-5.39538e-06,-2.39532e-07
27842,-5.39538e-06,-2.39532e-07
27842,-9.10306e-06,3.91198e-06
27842,-9.10306e-06,3.91198e-06
27842,-9.10306e-06,3.91198e-06
27842,8.32801e-06,5.88332e-06
27842,8.32801e-06,5.88332e-06
27842,8.32801e-06,5.88332e-06
27842,8.32801e-06,5.88332e-06
27842,2.70392e-06,9.13068e-07
27842,2.70393e-06,9.13068e-07
27842,2.70392e-06,9.13068e-07
27842,2.70392e-06,9.13068e-07
27842,2.70392e-06,9.13068e-07
27842,2.70392e-06,9.13068e-07
27842,1.4315e-06,1.89947e-06
27842,1.4315e-06,1.89947e-06
27842,1.4315e-06,1.89947e-06
27842,1.4315e-06,1.89947e-06
27842,3.90912e-06,5.49749e-06
27842,3.90912e-06,5.49749e-06
27842,3.90912e-06,5.49749e-06
27842,3.90912e-06,5.49749e-06
27842,-2.45988e-06,2.88203e-06
27842,-2.45988e-06,2.88203e-06
27842,-2.45988e-06,2.88203e-06
27842,-2.45989e-06,2.88203e-06
27842,-2.45989e-06,2.88203e-06
27842,-2.45988e-06,2.88203e-06
27843,-2.45988e-06,2.88203e-06
27843,-1.75945e-06,-5.34432e-07
27844,-1.75945e-06,-5.34432e-07
27844,-1.75945e-06,-5.34432e-07
27844,-1.75945e-06,-5.34432e-07
27844,-4.40185e-06,-4.94339e-07
27845,-4.40185e-06,-4.94339e-07
27845,-6.63538e-06,1.63696e-06
27845,-6.63538e-06,1.63696e-06
27845,-6.63538e-06,1.63696e-06
27846,-6.63538e-06,1.63696e-06
27846,-6.63538e-06,1.63696e-06
27846,-6.63538e-06,1.63696e-06
27846,-8.37799e-08,1.85782e-06
27847,-8.37796e-08,1.85782e-06
27847,-8.37764e-08,1.85782e-06
27847,-1.41866e-06,1.01705e-06
27848,-1.41866e-06,1.01705e-06
27848,-1.24196e-05,7.86092e-07
27848,-1.24196e-05,7.86092e-07
27848,-1.24196e-05,7.86092e-07
27848,-1.24196e-05,7.86092e-07
27848,-1.24196e-05,7.86092e-07
27848,-1.24196e-05,7.86092e-07
27848,-1.24196e-05,7.86092e-07
27848,-1.24196e-05,7.86092e-07
27848,-1.24196e-05,7.86092e-07
27848,-1.24196e-05,7.86092e-07
27848,-6.44423e-06,-1.53754e-06
27849,-6.44423e-06,-1.53754e-06
27849,-6.44423e-06,-1.53754e-06
27849,-6.44423e-06,-1.53754e-06
27849,-6.44423e-06,-1.53754e-06
27849,-6.44423e-06,-1.53754e-06
27849,-6.44423e-06,-1.53754e-06
27850,-6.44423e-06,-1.53754e-06
27851,-154094,9.6845e-07
27852,-1.11001e+06,9.6845e-07
27852,-562148,9.6845e-07
27852,-229397,9.6845e-07
27852,-397581,9.6845e-07
27852,-3.02843e-06,-4.16369e-07
27852,-3.02844e-06,-4.16369e-07
27852,-3.02843e-06,-4.16369e-07
27852,-3.02843e-06,-4.16369e-07
27853,-3.02843e-06,-4.16369e-07
27854,-3.02843e-06,-4.16369e-07
27854,-3.02843e-06,-4.16369e-07
27855,-389701,2.84214e-06
27855,-407286,2.84214e-06
27855,-1.24383e+06,2.84214e-06
27855,-1.27674e+06,2.84214e-06
27855,-375993,2.84214e-06
27855,-251783,2.84214e-06
27855,-204450,2.84214e-06
27855,-462261,2.84214e-06
27855,-1.34535e-06,2.68672e-06
27855,-1.34535e-06,2.68672e-06
27856,-1.34535e-06,2.68672e-06
27856,-1.34535e-06,2.68672e-06
27856,-1.17752e+06,1.60696e-05
27856,-1.1737e+06,1.60696e-05
27856,-1.11022e+06,1.60696e-05
27856,-1.05124e+06,1.60696e-05
27856,-528256,1.60696e-05
27856,-480073,1.60696e-05
27856,-2.51134e-06,1.97117e-06
27856,-2.51134e-06,1.97117e-06
27856,-1.04927e-05,5.25097e-06
27856,-1.04927e-05,5.25097e-06
27856,-1.04927e-05,5.25097e-06
27856,-1.04927e-05,5.25097e-06
27857,-1.04927e-05,5.25097e-06
27857,2.93536e-06,1.5929e-05
27857,2.93536e-06,1.5929e-05
27857,5.92568e-07,1.75239e-05
27860,5.92568e-07,1.75239e-05
27860,5.92568e-07,1.75239e-05
27860,5.92568e-07,1.75239e-05
27860,-7.27241e-06,-3.22057e-06
27860,-7.27241e-06,-3.22057e-06
27860,-7.27241e-06,-3.22057e-06
27861,-7.27241e-06,-3.22057e-06
27861,-7.27241e-06,-3.22057e-06
27863,-7.27241e-06,-3.22057e-06
27863,-3.04424e-06,1.64142e-06
27863,-3.04424e-06,1.64142e-06
27864,-3.04424e-06,1.64142e-06
27864,-3.04424e-06,1.64142e-06
27866,5.56335e-06,1.08032e-05
27866,5.56335e-06,1.08032e-05
27868,1.04155e-05,5.82394e-06
27869,1.04155e-05,5.82394e-06
27870,-2.47705e-06,2.16639e-06
27870,-2.47705e-06,2.16639e-06
27870,-2.47705e-06,2.16639e-06
27870,4.00563e-06,6.96763e-06
27870,-237584,1.53281e-05
27870,-255734,1.53281e-05
27871,-471223,1.53281e-05
27871,-405644,1.53281e-05
27871,1.21317e-05,9.92882e-06
27871,1.21317e-05,9.92882e-06
27871,3.30779e-06,6.13808e-06
27871,3.30779e-06,6.13808e-06
27871,3.30779e-06,6.13808e-06
27871,3.30779e-06,6.13808e-06
27871,-3.17531e-06,2.22413e-07
27871,-3.17532e-06,2.22413e-07
27871,-185954,5.69503e-06
27871,-1.19116e+06,5.69503e-06
27871,1.32952e-06,2.45239e-06
27871,1.32952e-06,2.45239e-06
27871,1.32954e-06,2.45239e-06
27871,1.32952e-06,2.45239e-06
27872,-1.06739e+06,6.21677e-06
27872,-1.29215e+06,6.21677e-06
27872,-1.12874e+06,6.21677e-06
27873,-499609,6.21677e-06
27873,-1.09916e+06,6.21677e-06
27873,-1.15657e+06,6.21677e-06
27874,-1.1991e+06,6.21677e-06
27874,-971563,6.21677e-06
27874,-1.15869e+06,6.21677e-06
27874,-1.09621e+06,6.21677e-06
27877,-1.03705e+06,6.21677e-06
27877,-927699,6.21677e-06
27879,-3.12801e-06,-4.60533e-07
27879,-3.12801e-06,-4.60533e-07
27882,-3.12802e-06,-4.60533e-07
27883,-3.12801e-06,-4.60533e-07
27884,-213362,1.5937e-05
27884,-250630,1.5937e-05
27884,-200983,1.5937e-05
27884,-1.61552e-05,-2.98244e-06
27885,-1.61552e-05,-2.98244e-06
27885,8.05067e-06,1.15903e-05
27886,-1.78295e-06,-1.78896e-08
27886,-1.7831e-06,-1.78895e-08
27886,-1.78273e-06,3.56159e-06
27887,-1.94109e-06,1.88318e-07
27888,-1.94109e-06,1.88318e-07
27888,-3.50049e-07,4.27638e-06
27888,-1.30537e-06,3.81209e-06
27888,-1.30537e-06,3.81209e-06
27890,-1.3054e-06,3.8121e-06
27890,-2.37173e-06,3.6224e-06
27891,-2.37173e-06,3.6224e-06
27891,-2.37173e-06,3.6224e-06
27892,-2.21782e-06,2.97968e-07
27892,-2.21782e-06,2.97968e-07
27893,-2.21782e-06,2.97968e-07
27895,-2.21782e-06,2.97968e-07
27895,-2.39469e-06,-5.32987e-07
27895,-2.00183e-06,1.2491e-06
27895,-2.00183e-06,1.2491e-06
27895,-1.49043e-06,1.46198e-06
27895,-1.49043e-06,1.46198e-06
27895,-1.49043e-06,1.46198e-06
27895,-1.49043e-06,1.46198e-06
27895,-2.78159e-06,2.13707e-06
27895,-2.78159e-06,2.13707e-06
27895,-2.88595e-06,-5.21608e-08
27895,-2.88595e-06,-5.21608e-08
27895,-2.88595e-06,-5.21608e-08
27895,-2.88595e-06,-5.21608e-08
27895,-4.29241e-06,1.54262e-05
27895,-4.29241e-06,1.54262e-05
27897,-4.29241e-06,1.54262e-05
27897,-4.29241e-06,1.54262e-05
27897,-4.29241e-06,1.54262e-05
27897,-4.29241e-06,1.54262e-05
27899,-4.29241e-06,1.54262e-05
27899,-4.29241e-06,1.54262e-05
27900,-4.29241e-06,1.54262e-05
27900,-4.29241e-06,1.54262e-05
27900,-4.29241e-06,1.54262e-05
27900,-4.29241e-06,1.54262e-05
27900,-4.29241e-06,1.54262e-05
27900,-4.29241e-06,1.54262e-05
27900,-2.4325e-06,1.79993e-06
27900,-2.4325e-06,1.79993e-06
27901,-2.4325e-06,1.79993e-06
27902,-2.4325e-06,1.79993e-06
27902,-2.4325e-06,1.79993e-06
27902,-3.45765e-07,4.6968e-06
27902,-3.45765e-07,4.6968e-06
27902,-3.45764e-07,4.6968e-06
27903,-5.40622e-07,4.73323e-06
27904,-5.40622e-07,4.73323e-06
27905,-5.40619e-07,4.73323e-06
27906,-5.40622e-07,4.73323e-06
27906,-4.59669e-06,1.47051e-06
27907,-4.59669e-06,1.47051e-06
27908,-4.59669e-06,1.47051e-06
27908,-4.59669e-06,1.47051e-06
27910,-4.59669e-06,1.47051e-06
27911,-4.59669e-06,1.47051e-06
27911,-4.59669e-06,1.47051e-06
27911,-4.59669e-06,1.47051e-06
27911,-3.3959e-08,5.40044e-06
27911,-3.39586e-08,5.40044e-06
27911,-2.07619e-06,-3.93984e-08
27911,-2.07619e-06,-3.93984e-08
27911,-2.07619e-06,-3.93984e-08
27912,5.99152e-06,2.26648e-05
27913,5.99152e-06,2.26648e-05
27914,5.99152e-06,2.26648e-05
27914,5.99152e-06,2.26648e-05
27915,5.99152e-06,2.26648e-05
27915,5.99152e-06,2.26648e-05
27916,5.99152e-06,2.26648e-05
27916,5.99152e-06,2.26648e-05
27916,-4.46403e-06,2.468e-06
27917,-4.46403e-06,2.468e-06
27917,-4.46403e-06,2.468e-06
27917,-4.46403e-06,2.468e-06
27917,-4.46403e-06,2.468e-06
27918,-4.46403e-06,2.468e-06
27918,-4.46403e-06,2.468e-06
27919,-4.46403e-06,2.468e-06
27919,-4.46403e-06,2.468e-06
27919,-4.46403e-06,2.468e-06
27919,1.53744e-06,9.50127e-06
27919,1.53744e-06,9.50127e-06
27920,1.53744e-06,9.50127e-06
27920,1.53744e-06,9.50127e-06
27920,-2.36061e-06,8.83607e-07
27920,-2.36061e-06,8.83607e-07
27920,-2.36061e-06,8.83607e-07
27920,-2.36061e-06,8.83607e-07
27920,-2.36061e-06,8.83607e-07
27920,-2.36061e-06,8.83607e-07
27920,-2.36061e-06,8.83607e-07
27920,-2.36061e-06,8.83607e-07
27920,1.36275e-06,6.00096e-06
27920,-2.73269e-07,5.12466e-06
27921,-2.73269e-07,5.12466e-06
27921,-2.73265e-07,5.12466e-06
27921,-2.73266e-07,5.12466e-06
27921,3.28692e-06,1.77209e-05
27921,3.28692e-06,1.77209e-05
27921,-1.25427e-06,2.886e-06
27921,-1.25427e-06,2.886e-06
27921,1.03957e-06,5.30703e-06
27921,1.03957e-06,5.30703e-06
27921,1.03957e-06,5.30703e-06
27921,1.03957e-06,5.30703e-06
27921,-2.43233e-06,2.12266e-06
27921,-2.43233e-06,2.12266e-06
27922,-2.43233e-06,2.12266e-06
27922,-2.43233e-06,2.12266e-06
27922,-2.43233e-06,2.12266e-06
27922,-2.43233e-06,2.12266e-06
27923,-2.43233e-06,2.12266e-06
27923,-2.43233e-06,2.12266e-06
27923,-2.43233e-06,2.12266e-06
27923,-2.43233e-06,2.12266e-06
27924,-2.43233e-06,2.12266e-06
27924,-2.43233e-06,2.12266e-06
27924,-2.43233e-06,2.12266e-06
27925,-1.1595e-06,4.43274e-06
27925,-1.1595e-06,4.43274e-06
27925,-1.1595e-06,4.43274e-06
27925,-1.1595e-06,4.43274e-06
27925,-1.15949e-06,4.43274e-06
27925,-1.1595e-06,4.43274e-06
27926,-1.1595e-06,4.43274e-06
27926,-1.15949e-06,4.43274e-06
27926,-239540,1.31439e-06
27926,-1.17246e+06,1.31439e-06
27926,-393472,1.31439e-06
27926,-330574,1.31439e-06
27927,9.95652e-07,3.60087e-06
27927,9.95657e-07,3.60087e-06
27927,-493984,1.4907e-05
27928,-427178,1.4907e-05
27928,-245996,1.4907e-05
27928,-247878,1.4907e-05
27928,-144245,1.4907e-05
27929,-5.51187e-06,8.59825e-06
27929,-5.51187e-06,8.59825e-06
27930,-5.51185e-06,8.59825e-06
27930,-5.51187e-06,8.59825e-06
27930,-5.51187e-06,8.59825e-06
27930,-5.51187e-06,8.59825e-06
27930,-5.51187e-06,8.59825e-06
27930,1.68912e-06,7.36419e-06
27931,-1.15849e-06,5.98389e-06
27931,-1.15849e-06,5.98389e-06
27932,-332955,7.33311e-06
27932,-116987,7.33311e-06
27932,-350659,7.33311e-06
27932,1.24966e-06,6.92198e-06
27932,1.24966e-06,6.92198e-06
27932,1.24966e-06,6.92198e-06
27932,-443480,6.88837e-06
27932,-390928,6.88837e-06
27932,-229651,6.88837e-06
27933,-216990,6.88837e-06
27933,-492366,6.88837e-06
27933,3.66659e-06,1.02251e-05
27934,3.66659e-06,1.02251e-05
27934,3.66659e-06,1.02251e-05
27934,-4.00336e-06,1.42966e-06
27934,-4.00336e-06,1.42966e-06
27935,-4.00336e-06,1.42966e-06
27935,-4.00336e-06,1.42966e-06
27935,-4.00336e-06,1.42966e-06
27936,-4.00336e-06,1.42966e-06
27936,-4.23932e-06,1.26112e-05
27936,-4.23932e-06,1.26112e-05
27937,-4.23932e-06,1.26112e-05
27937,-6.12209e-06,5.60111e-06
27937,-6.12209e-06,5.60111e-06
27938,-6.12209e-06,5.60111e-06
27938,-6.12209e-06,5.60111e-06
27938,-6.12209e-06,5.60111e-06
27938,-6.12209e-06,5.60111e-06
27939,-6.12209e-06,5.60111e-06
27939,-6.12209e-06,5.60111e-06
27939,-3.7971e-06,2.41116e-07
27939,-8.48748e-07,3.71383e-06
27939,-8.48749e-07,3.71383e-06
27939,-8.48747e-07,3.71383e-06
27940,-1.24829e+06,6.57308e-06
27940,-1.12884e+06,6.57308e-06
27940,-1.16971e+06,6.57308e-06
27940,-388342,6.57308e-06
27941,-328261,6.57308e-06
27941,-1.14177e+06,6.57308e-06
27941,-315983,6.57308e-06
27941,-1.08221e+06,6.57308e-06
27942,-1.22251e-05,5.23095e-07
27942,-1.22251e-05,5.23095e-07
27942,-1.22251e-05,5.23095e-07
27942,-2.38344e-06,-1.87508e-07
27942,-2.38345e-06,-1.87507e-07
27942,-1.11172e-05,-2.72513e-08
27942,-1.11172e-05,-2.72513e-08
27943,-1.11172e-05,-2.72513e-08
27943,-1.11172e-05,-2.72513e-08
27943,-1.42884e-06,1.8178e-07
27943,-1.42884e-06,1.8178e-07
27944,-1.42884e-06,1.8178e-07
27944,-1.42884e-06,1.8178e-07
27945,-1.97958e-06,1.00104e-07
27945,-1.97958e-06,1.00104e-07
27945,-1.97957e-06,1.00106e-07
27945,-1.97958e-06,1.00104e-07
27945,-1.97958e-06,1.00104e-07
27945,-1.97958e-06,1.00104e-07
27946,-1.97958e-06,1.00104e-07
27946,-1.97958e-06,1.00104e-07
27946,-1.97957e-06,1.00106e-07
27947,-1.97957e-06,1.00106e-07
27947,-1.97957e-06,1.00106e-07
27948,-9.87729e-06,4.85071e-07
27948,-9.87729e-06,4.8507e-07
27948,-9.87724e-06,4.85072e-07
27948,-9.87729e-06,4.85071e-07
27948,-9.87729e-06,4.85071e-07
27948,-9.87729e-06,4.85071e-07
27948,-1.15911e-05,-1.794e-06
27948,-1.15911e-05,-1.794e-06
27948,-1.15911e-05,-1.794e-06
27948,-1.15911e-05,-1.794e-06
27949,-1.15911e-05,-1.794e-06
27949,-1.15911e-05,-1.794e-06
27949,-1.15911e-05,-1.794e-06
27949,-1.15911e-05,-1.794e-06
27949,-1.15911e-05,-1.794e-06
27949,-1.15911e-05,-1.794e-06
27949,-1.15911e-05,-1.794e-06
27949,-8.92465e-06,-1.7191e-06
27950,-8.92465e-06,-1.7191e-06
27950,-8.92465e-06,-1.7191e-06
27950,-3.50277e-06,1.98595e-06
27950,-3.50277e-06,1.98595e-06
27950,-1.18639e-05,1.10121e-07
27951,-1.18639e-05,1.10121e-07
27951,-1.18639e-05,1.10121e-07
27951,-1.18639e-05,1.10121e-07
27951,-1.19858e-05,3.92564e-07
27951,-1.19858e-05,3.92564e-07
27951,-1.19858e-05,3.92564e-07
27951,-1.19858e-05,3.92564e-07
27952,-6.67488e-06,-2.16722e-06
27952,-6.67488e-06,-2.16722e-06
27952,-6.67488e-06,-2.16722e-06
27952,-6.67488e-06,-2.16722e-06
27952,-6.67488e-06,-2.16722e-06
27952,-6.67488e-06,-2.16722e-06
27952,-6.67488e-06,-2.16722e-06
27952,-6.67488e-06,-2.16722e-06
27953,-6.67488e-06,-2.16722e-06
27953,-1.38773e-05,-8.72321e-08
27953,-1.38773e-05,-8.7234e-08
27953,-1.38773e-05,-8.7234e-08
27954,-1.38773e-05,-8.7234e-08
27954,-1.38773e-05,-8.7231e-08
27954,-1.38773e-05,-8.72321e-08
27954,-1.38773e-05,-8.72321e-08
27954,-1.38773e-05,-8.72321e-08
27954,-1.38773e-05,-8.7234e-08
27955,-1.38773e-05,-8.7234e-08
27955,-1.38773e-05,-8.7234e-08
27956,-1.38773e-05,-8.7234e-08
27956,-1.38773e-05,-8.7234e-08
27956,-8.11363e-06,1.11296e-06
27956,-8.11363e-06,1.11296e-06
27956,-8.11363e-06,1.11296e-06
27957,-8.11363e-06,1.11296e-06
27957,-8.97233e-06,7.33989e-07
27958,-8.97233e-06,7.33989e-07
27958,-8.97233e-06,7.33989e-07
27958,-8.97233e-06,7.33989e-07
27958,-8.97233e-06,7.33989e-07
27959,-8.97233e-06,7.33989e-07
27959,-1.04784e-05,-1.27977e-06
27959,-1.04784e-05,-1.27977e-06
27959,-1.04784e-05,-1.27977e-06
27959,-1.04784e-05,-1.27977e-06
27959,-1.05018e-05,-1.27602e-06
27960,-1.05018e-05,-1.27602e-06
27960,-1.05018e-05,-1.27602e-06
27960,-1.05018e-05,-1.27602e-06
27960,8.4476e-07,8.63992e-07
27961,8.4476e-07,8.63992e-07
27961,8.4476e-07,8.63992e-07
27962,8.44758e-07,8.63992e-07
27962,8.4476e-07,8.63992e-07
27963,8.4476e-07,8.63992e-07
27963,8.44753e-07,8.63991e-07
27963,8.44756e-07,8.63991e-07
27964,-1.12432e-05,-2.1852e-07
27965,-1.12432e-05,-2.1852e-07
27965,-1.12432e-05,-2.1852e-07
27965,-1.12432e-05,-2.1852e-07
27965,-1.12432e-05,-2.1852e-07
27966,-2.45826e-06,-2.54848e-07
27966,-2.45826e-06,-2.54848e-07
27967,-2.45826e-06,-2.54848e-07
27967,-2.45826e-06,-2.54848e-07
27967,-8.95559e-06,1.16335e-06
27967,-8.95558e-06,1.16335e-06
27968,-7.37686e-06,3.7872e-06
27968,-7.37685e-06,3.7872e-06
27969,-9.52668e-06,2.22626e-06
27969,-9.52668e-06,2.22626e-06
27970,-9.52667e-06,2.22626e-06
27970,-4.29695e-06,4.57524e-06
27970,-4.29695e-06,4.57524e-06
27970,-1.25472e-05,-3.99181e-08
27971,-1.25472e-05,-3.99181e-08
27971,-3.46234e-06,-8.29185e-07
27971,-3.46234e-06,-8.29185e-07
27971,-3.46234e-06,-8.29185e-07
27971,-8.11597e-06,2.39903e-07
27971,-8.11596e-06,2.39903e-07
27971,-1.17741e-05,3.58698e-07
27971,-6.88136e-06,-2.61246e-06
27971,-6.88136e-06,-2.61246e-06
27971,-8.15162e-06,3.79029e-06
27971,-8.15162e-06,3.79029e-06
27971,-8.15161e-06,3.79029e-06
27974,-8.15164e-06,3.79029e-06
27974,-9.92318e-06,-8.96542e-07
27974,-9.92318e-06,-8.96542e-07
27974,-2.74295e-06,-1.22375e-06
27975,-2.74295e-06,-1.22375e-06
27975,-7.80913e-06,4.11539e-06
27975,-7.80913e-06,4.11539e-06
27976,-7.80913e-06,4.11539e-06
27976,2.11829e-06,9.63263e-06
27977,2.11829e-06,9.63263e-06
27978,2.11829e-06,9.63263e-06
27978,-6.73044e-06,5.59284e-06
27979,-6.73044e-06,5.59284e-06
27980,-8.78017e-06,6.29998e-07
27980,-8.78017e-06,6.29998e-07
27981,-8.25327e-06,-2.81916e-06
27982,-8.25327e-06,-2.81916e-06
27982,-8.25327e-06,-2.81916e-06
27982,-8.25327e-06,-2.81916e-06
27983,-8.25327e-06,-2.81916e-06
27983,-8.25327e-06,-2.81916e-06
27983,-6.07048e-06,-1.16029e-06
27984,-6.07048e-06,-1.16029e-06
27984,2.06258e-06,4.93831e-06
27984,2.06257e-06,4.93831e-06
27984,-1.28614e-05,9.04996e-08
27985,-1.28614e-05,9.05002e-08
27986,-1.28615e-05,9.05002e-08
27986,-1.28614e-05,9.04997e-08
27987,-1.28614e-05,9.04996e-08
27987,-1.28614e-05,9.04996e-08
27987,-1.28614e-05,9.04996e-08
27987,-1.28614e-05,9.04996e-08
27988,-1.28614e-05,9.04996e-08
27988,-1.28614e-05,9.04996e-08
27989,-1.28615e-05,9.04996e-08
27989,-7.74794e-06,-7.54703e-07
27989,-7.74794e-06,-7.54703e-07
27989,-7.74794e-06,-7.54703e-07
27990,-8.873e-06,2.79266e-06
27990,-8.873e-06,2.79266e-06
27990,-1.28088e-05,-1.90392e-06
27990,-1.28088e-05,-1.90392e-06
27990,-1.28088e-05,-1.90392e-06
27990,-1.28088e-05,-1.90392e-06
27990,-1.28088e-05,-1.90392e-06
27990,-1.28088e-05,-1.90392e-06
27990,-1.66784e-06,4.22714e-06
27990,-1.66784e-06,4.22714e-06
27990,-1.66784e-06,4.22714e-06
27990,-2.10863e-07,1.16117e-05
27990,-2.10869e-07,1.16117e-05
27990,-2.10879e-07,1.16117e-05
27991,-2.10879e-07,1.16117e-05
27991,-4.40342e-06,5.30256e-06
27991,-4.40342e-06,5.30256e-06
27991,-303346,1.14411e-06
27991,-973612,1.14411e-06
27992,-471161,1.14411e-06
27992,-578734,1.14411e-06
27992,-7.60398e-06,4.74409e-06
27993,-7.60397e-06,4.74409e-06
27993,-4.49289e-06,-2.34678e-06
27993,-4.49289e-06,-2.34678e-06
27993,-4.49291e-06,-2.34678e-06
27994,-5.19092e-06,4.87952e-06
27994,-5.19092e-06,4.87952e-06
27994,-5.19092e-06,4.87952e-06
27994,-1.43705e-05,-5.63242e-07
27994,-1.43705e-05,-5.63243e-07
27994,-1.43705e-05,-5.63243e-07
27994,-1.43705e-05,-5.63243e-07
27994,-1.43705e-05,-5.63243e-07
27995,-1.43705e-05,-5.63243e-07
27995,-1.43705e-05,-5.63243e-07
27996,-1.43705e-05,-5.63243e-07
27996,-1.43705e-05,-5.63242e-07
27996,-1.43705e-05,-5.63243e-07
27997,-1.43705e-05,-5.63243e-07
27997,-1.43705e-05,-5.63242e-07
27997,-1.43705e-05,-5.63243e-07
27997,-1.43705e-05,-5.63243e-07
27997,-1.43705e-05,-5.63242e-07
27997,-1.43705e-05,-5.63244e-07
27997,-1.43705e-05,-5.63243e-07
27997,-1.43705e-05,-5.63244e-07
27998,-1.43705e-05,-5.63243e-07
27998,-1.43705e-05,-5.63243e-07
27998,-1.43705e-05,-5.63243e-07
27998,-8.74684e-06,-2.88301e-07
27998,-8.74684e-06,-2.88301e-07
27998,-8.74684e-06,-2.88301e-07
27998,-8.74684e-06,-2.88301e-07
27998,-1.32485e-05,-2.37621e-06
27998,-1.32485e-05,-2.37621e-06
27998,-1.32485e-05,-2.37621e-06
27999,-1.32485e-05,-2.37621e-06
27999,-9.9535e-06,3.12627e-06
27999,-9.9535e-06,3.12627e-06
27999,-9.9535e-06,3.12627e-06
28000,-9.95351e-06,3.12627e-06
28000,-1.64349e-05,1.16132e-06
28000,-1.89968e-05,-6.67818e-08
28000,-1.89968e-05,-6.67834e-08
28000,-1.89968e-05,-6.67834e-08
28000,-1.71113e-05,1.27269e-06
28000,-1.71113e-05,1.27269e-06
28000,-1.71113e-05,1.27269e-06
28001,-1.71113e-05,1.27269e-06
28002,-1.71113e-05,1.27269e-06
28002,-1.71113e-05,1.27269e-06
28002,-1.71113e-05,1.27269e-06
28002,-1.59176e-05,1.13145e-06
28003,-1.59176e-05,1.13145e-06
28003,-1.59176e-05,1.13145e-06
28004,-1.59176e-05,1.13145e-06
28004,-1.93064e-05,-1.29769e-07
28005,-1.9028e-05,2.01326e-06
28005,-1.9028e-05,2.01326e-06
28005,-1.9028e-05,2.01326e-06
28005,-1.9028e-05,2.01326e-06
28006,-1.21371e-05,1.01787e-06
28006,-1.21371e-05,1.01787e-06
28006,-1.21371e-05,1.01787e-06
28006,-1.21371e-05,1.01787e-06
28006,-1.94802e-05,-1.51299e-07
28006,-1.94802e-05,-1.51299e-07
28006,-2.75065e-06,1.56276e-07
28006,-2.75065e-06,1.56277e-07
28006,-2.79311e-06,1.74496e-07
28006,-2.79311e-06,1.74496e-07
28006,-2.79311e-06,1.74496e-07
28006,-2.79311e-06,1.74496e-07
28006,-2.79311e-06,1.74496e-07
28007,-1.98584e-05,1.79301e-06
28007,-1.98584e-05,1.79301e-06
28007,-1.98584e-05,1.79301e-06
28007,-2.00334e-05,-3.61655e-07
28007,-2.00334e-05,-3.61655e-07
28007,-1.94448e-05,4.47355e-07
28007,-1.94448e-05,4.47355e-07
28007,-1.94448e-05,4.47355e-07
28008,-1.66018e-05,-2.85479e-06
28008,-1.66018e-05,-2.85479e-06
28008,-1.66018e-05,-2.85479e-06
28008,-1.66018e-05,-2.85479e-06
28009,-1.66018e-05,-2.85479e-06
28009,-1.66018e-05,-2.85479e-06
28010,-1.66018e-05,-2.85479e-06
28010,-1.66018e-05,-2.85479e-06
28010,-1.66018e-05,-2.85479e-06
28010,-1.66018e-05,-2.85479e-06
28010,-1.88918e-05,2.1655e-06
28011,-1.88918e-05,2.1655e-06
28011,-1.88918e-05,2.1655e-06
28011,-2.18863e-05,3.41409e-07
28011,-2.18863e-05,3.41409e-07
28011,-1.19521e-05,2.73073e-06
28011,-1.19521e-05,2.73073e-06
28011,-1.19521e-05,2.73073e-06
28012,-1.19521e-05,2.73073e-06
28013,-1.19521e-05,2.73073e-06
28013,-1.19521e-05,2.73073e-06
28014,-1.19521e-05,2.73073e-06
28014,-1.19521e-05,2.73073e-06
28014,-1.19521e-05,2.73073e-06
28015,-1.19521e-05,2.73073e-06
28015,4.21401e-06,2.53638e-05
28015,4.21401e-06,2.53638e-05
28016,-1.18401e-05,2.28318e-06
28016,-1.18401e-05,2.28318e-06
28016,-1.18401e-05,2.28318e-06
28016,-1.18401e-05,2.28318e-06
28016,-1.18401e-05,2.28318e-06
28018,-1.18401e-05,2.28318e-06
28018,-1.18401e-05,2.28318e-06
28018,-1.18401e-05,2.28318e-06
28019,-1.18401e-05,2.28318e-06
28019,-1.9554e-05,2.2391e-07
28019,-1.67039e-05,-2.71158e-06
28019,-1.67039e-05,-2.71158e-06
28019,-1.67039e-05,-2.71158e-06
28019,-1.67039e-05,-2.71158e-06
28020,-1.67039e-05,-2.71158e-06
28020,-1.67039e-05,-2.71158e-06
28020,-1.67039e-05,-2.71158e-06
28021,-1.67039e-05,-2.71158e-06
28021,-2.91854e-05,9.05676e-06
28021,-2.91854e-05,9.05676e-06
28021,-2.91854e-05,9.05676e-06
28021,-2.91854e-05,9.05676e-06
28021,-2.91854e-05,9.05676e-06
28021,-2.91854e-05,9.05676e-06
28021,-2.91854e-05,9.05676e-06
28023,-2.91854e-05,9.05676e-06
28024,-1.3751e-05,4.09887e-06
28024,-1.0279e-05,2.02307e-05
28024,-1.68468e-05,-3.0583e-06
28025,-1.68468e-05,-3.0583e-06
28025,-300593,1.86572e-05
28025,-466802,1.86572e-05
28025,-469569,1.86572e-05
28025,-358233,1.86572e-05
28025,-319667,1.86572e-05
28025,-288517,1.86572e-05
28025,-2.27321e-05,2.67632e-06
35250,-2.27322e-05,2.67632e-06
35250,-1.65261e-05,2.65281e-06
35250,-1.65261e-05,2.65281e-06
35251,-1.65261e-05,2.65281e-06
35251,-1.43636e-05,2.80852e-06
35252,-1.43636e-05,2.80852e-06
35252,-1.43636e-05,2.80852e-06
35252,-1.43636e-05,2.80852e-06
35252,-1.7065e-05,-2.72507e-06
35253,-1.41631e-05,5.6253e-06
35253,-1.41631e-05,5.6253e-06
35253,-1.41631e-05,5.6253e-06
35253,-6.26136e-06,7.1331e-06
35254,-1.50745e-05,-6.01674e-07
35254,-1.70454e-06,3.32065e-07
35254,-1.70454e-06,3.32065e-07
35254,-1.70454e-06,3.32065e-07
35254,-1.70454e-06,3.32065e-07
35254,-1.70454e-06,3.32065e-07
35254,-1.70454e-06,3.32065e-07
35254,-1.70454e-06,3.32065e-07
35254,-1.70454e-06,3.32065e-07
35254,-1.27512e-05,2.8647e-07
35254,-1.27512e-05,2.8647e-07
35255,-1.4368e-05,-2.92392e-06
35255,-1.33732e-05,-3.01224e-06
35255,-1.33732e-05,-3.01224e-06
35255,-1.33732e-05,-3.01224e-06
35255,-3.71492e-06,6.9986e-07
35255,-3.71492e-06,6.9986e-07
35256,-1.41584e-05,5.9458e-07
35256,-1.41584e-05,5.9458e-07
35256,-1.41584e-05,5.9458e-07
35256,-1.41584e-05,5.9458e-07
35256,-1.41584e-05,5.9458e-07
35256,-1.41584e-05,5.9458e-07
35256,-1.77793e-05,7.52201e-06
35256,-1.77793e-05,7.52201e-06
35256,-1.77793e-05,7.52201e-06
35256,-1.77793e-05,7.52201e-06
35256,-1.77793e-05,7.52201e-06
35257,-1.77793e-05,7.52201e-06
35257,-1.35189e-05,-2.24689e-06
35257,-1.35189e-05,-2.24689e-06
35258,-1.35189e-05,-2.24689e-06
35258,-1.35189e-05,-2.24689e-06
35259,-8.8416e-06,6.49889e-06
35259,-8.8416e-06,6.49889e-06
35259,-8.8416e-06,6.49889e-06
35259,-8.8416e-06,6.49889e-06
35260,-8.8416e-06,6.49889e-06
35260,-8.8416e-06,6.49889e-06
35260,-1.30094e-05,4.89365e-06
35260,-1.30094e-05,4.89365e-06
35261,-1.30094e-05,4.89365e-06
35261,-1.59016e-05,-5.57901e-07
35261,-1.59017e-05,-5.57901e-07
35261,-1.59016e-05,-5.57901e-07
35261,-8.83467e-06,3.41556e-07
35261,-8.83467e-06,3.41556e-07
35261,-8.83467e-06,3.41556e-07
35261,-8.83467e-06,3.41556e-07
35261,-8.83467e-06,3.41556e-07
35262,-8.83467e-06,3.41556e-07
35262,-1.25024e-05,-2.97123e-06
35262,-1.25024e-05,-2.97123e-06
35262,-1.25024e-05,-2.97123e-06
35262,-1.25024e-05,-2.97123e-06
35262,-1.25024e-05,-2.97123e-06
35262,-1.25024e-05,-2.97123e-06
35262,-1.50048e-05,1.81958e-06
35262,-1.50048e-05,1.81958e-06
35262,-1.50048e-05,1.81958e-06
35262,-1.50048e-05,1.81958e-06
35262,-8.68863e-06,5.61142e-06
35262,-8.68863e-06,5.61142e-06
35263,-8.68863e-06,5.61142e-06
35263,-1.91403e-05,-4.16017e-06
35263,-1.91403e-05,-4.16017e-06
35263,-1.91403e-05,-4.16017e-06
35264,-1.91403e-05,-4.16017e-06
35264,-1.24357e-05,1.95635e-07
35264,-1.24357e-05,1.95635e-07
35264,-1.24357e-05,1.95635e-07
35264,-1.24357e-05,1.95635e-07
35264,-1.24357e-05,1.95635e-07
35265,-1.24357e-05,1.95635e-07
35265,-6.67294e-06,1.08763e-05
35265,-9.38343e-06,3.80712e-06
35265,-9.38343e-06,3.80712e-06
35266,-9.38342e-06,3.80712e-06
35266,-9.38343e-06,3.80712e-06
35266,-9.38342e-06,3.80712e-06
35266,-1.29766e-05,-8.50468e-07
35268,-4.19082e-06,1.07904e-05
35268,-4.19082e-06,1.07904e-05
35268,-4.19082e-06,1.07904e-05
35268,-1.32872e-05,-3.73612e-06
35268,-1.32872e-05,-3.73612e-06
35268,-2.9318e-06,1.24741e-05
35268,-2.9318e-06,1.24741e-05
35268,-2.9318e-06,1.24741e-05
35269,-1.76838e-06,7.76519e-08
35269,-1.76838e-06,7.76518e-08
35269,-1.76838e-06,7.76513e-08
35269,-1.76838e-06,7.76519e-08
35269,-1.76838e-06,7.76519e-08
35270,-1.76838e-06,7.76517e-08
35270,-1.20832e-05,-4.52596e-07
35270,-1.20832e-05,-4.52596e-07
35270,-6.66047e-06,7.45889e-06
35271,-6.66047e-06,7.45889e-06
35271,-2.5568e-06,1.21936e-06
35272,-2.55679e-06,1.21936e-06
35272,-2.5568e-06,1.21936e-06
35274,-1.5762e-07,8.43837e-07
35274,-1.57619e-07,8.43837e-07
35274,-1.77777e-05,-4.29093e-06
35276,-1.77777e-05,-4.29093e-06
35276,-1.69365e-05,2.22931e-06
35277,-3.54159e-06,1.07974e-05
35277,-1.63613e-05,-1.67267e-07
35278,-1.63615e-05,-1.67364e-07
35278,6.9604e-07,3.83024e-06
35278,-1.52533e-07,4.87139e-07
35279,-1.52534e-07,4.87139e-07
35279,-3.83639e-07,7.632e-06
35280,2.11721e-07,-4.08915e-07
35281,2.1172e-07,-4.08915e-07
35281,2.11721e-07,-4.08915e-07
35282,2.11719e-07,-4.08915e-07
35282,-1.34498e-05,4.54091e-06
35282,-1.34498e-05,4.54091e-06
35282,-1.34498e-05,4.54091e-06
35283,-1.34498e-05,4.54091e-06
35283,-1.34498e-05,4.54091e-06
35284,-1.34498e-05,4.54091e-06
35284,-1.34498e-05,4.54091e-06
35286,-1.34498e-05,4.54091e-06
35286,-1.34498e-05,4.54091e-06
35286,-1.34498e-05,4.54091e-06
35287,-1.34498e-05,4.54091e-06
35287,-1.34498e-05,4.54091e-06
35287,-1.34498e-05,4.54091e-06
35288,-1.34498e-05,4.54091e-06
35288,-1.34498e-05,4.54091e-06
35289,-1.34498e-05,4.54091e-06
35289,-1.34498e-05,4.54091e-06
35290,-1.34498e-05,4.54091e-06
35290,-1.34498e-05,4.54091e-06
35290,-1.34498e-05,4.54091e-06
35290,-1.34498e-05,4.54091e-06
35290,-1.34498e-05,4.54091e-06
35290,-1.34498e-05,4.54091e-06
35291,3.36352e-06,1.48077e-05
35291,3.36352e-06,1.48077e-05
35292,3.36352e-06,1.48077e-05
35292,3.36352e-06,1.48077e-05
35293,-1.72606e-05,2.38381e-07
35293,-1.72606e-05,2.38381e-07
35293,-1.72606e-05,2.38381e-07
35293,1.00015e-07,5.35764e-06
35293,1.00013e-07,5.35764e-06
35293,1.00015e-07,5.35764e-06
35293,1.00015e-07,5.35764e-06
35293,1.00016e-07,5.35764e-06
35293,1.00015e-07,5.35764e-06
35293,1.00015e-07,5.35764e-06
35293,1.00015e-07,5.35764e-06
35294,1.00014e-07,5.35764e-06
35294,-1.43274e-05,2.54843e-06
35294,-1.43274e-05,2.54843e-06
35295,-1.43274e-05,2.54843e-06
35295,-1.43274e-05,2.54843e-06
35296,-1.43274e-05,2.54843e-06
35296,-1.43274e-05,2.54843e-06
35296,-1.43274e-05,2.54843e-06
35296,-1.43274e-05,2.54843e-06
35296,-1.43274e-05,2.54843e-06
35296,-1.43274e-05,2.54843e-06
35297,-1.43274e-05,2.54843e-06
35297,-1.43274e-05,2.54843e-06
35297,-1.43274e-05,2.54843e-06
35298,-1.43274e-05,2.54843e-06
35298,-1.43274e-05,2.54843e-06
35298,-1.54973e-05,-4.33155e-08
35298,-1.54973e-05,-4.33153e-08
35299,-1.54973e-05,-4.33159e-08
35299,-1.54973e-05,-4.33159e-08
35300,-1.54973e-05,-4.33159e-08
35300,-1.54973e-05,-4.33159e-08
35300,-1.54973e-05,-4.33163e-08
35300,-1.54973e-05,-4.33163e-08
35301,-1.54973e-05,-4.33163e-08
35301,-1.54973e-05,-4.33163e-08
35302,-1.54973e-05,-4.33163e-08
35302,-1.54973e-05,-4.33155e-08
35302,-1.54973e-05,-4.33163e-08
35303,-1.54973e-05,-4.33163e-08
35303,-1.54973e-05,-4.33163e-08
35303,-1.54973e-05,-4.33163e-08
35304,-1.54973e-05,-4.33163e-08
35304,-1.54973e-05,-4.33163e-08
35304,-1.54973e-05,-4.33163e-08
35304,-1.54973e-05,-4.33163e-08
35304,-1.54973e-05,-4.33163e-08
35304,-1.54973e-05,-4.33163e-08
35304,-1.54973e-05,-4.33155e-08
35304,-1.54973e-05,-4.33163e-08
35304,-1.54973e-05,-4.33155e-08
35304,-1.54973e-05,-4.33154e-08
35304,-1.54973e-05,-4.33154e-08
35304,-1.54973e-05,-4.33153e-08
35304,-1.54973e-05,-4.33153e-08
35304,-1.54973e-05,-4.33153e-08
35304,-1.14364e-05,5.78134e-06
35304,-1.14364e-05,5.78134e-06
35304,-1.14364e-05,5.78134e-06
35304,-1.14364e-05,5.78134e-06
35304,-7.74756e-06,4.46597e-06
35304,-7.74756e-06,4.46597e-06
35304,-7.74756e-06,4.46597e-06
35305,-7.74756e-06,4.46597e-06
35305,-7.74755e-06,4.46597e-06
35305,-7.74755e-06,4.46597e-06
35305,-7.74755e-06,4.46597e-06
35306,-7.74755e-06,4.46597e-06
35306,7.81678e-06,3.2762e-06
35306,7.81678e-06,3.2762e-06
35306,7.81678e-06,3.2762e-06
35307,7.81677e-06,3.2762e-06
35307,-1.03572e+06,3.22902e-05
35307,-292452,3.22902e-05
35307,-1.13438e+06,3.22902e-05
35308,1.03624e-05,2.59835e-05
35309,4.17969e-06,6.83587e-06
35309,4.17969e-06,6.83587e-06
35309,4.17969e-06,6.83587e-06
35310,-313331,2.05201e-05
35310,-863019,2.05201e-05
35310,-264347,2.05201e-05
35310,3.18467e-06,3.41926e-06
35310,3.18467e-06,3.41926e-06
35310,-1.09599e-05,4.71262e-06
35310,-1.09599e-05,4.71262e-06
35311,-1.09599e-05,4.71262e-06
35311,-1.09599e-05,4.71262e-06
35311,-1.096e-05,4.71262e-06
35311,-1.096e-05,4.71262e-06
35312,-7.04197e-07,-2.21338e-06
35313,-7.04197e-07,-2.21338e-06
35313,-7.04198e-07,-2.21338e-06
35313,-7.04198e-07,-2.21338e-06
35313,5.18582e-05,5.54727e-05
35314,-391418,3.1126e-06
35314,-323361,3.1126e-06
35314,-288159,3.1126e-06
35314,5.43638e-07,5.64432e-06
35315,5.43637e-07,5.64432e-06
35315,2.17721e-06,6.99961e-06
35316,2.17721e-06,6.99961e-06
35316,2.1772e-06,6.99961e-06
35317,2.1772e-06,6.99961e-06
35317,3.07442e-05,2.10104e-05
35317,3.07442e-05,2.10104e-05
35317,-344471,1.04225e-05
35317,-1.08652e+06,1.04225e-05
35318,-180915,1.04225e-05
35318,1.13909e-05,1.69312e-05
35318,1.13909e-05,1.69312e-05
35319,1.13909e-05,1.69312e-05
35319,1.13909e-05,1.69312e-05
35320,1.35877e-05,1.64903e-05
35320,1.35877e-05,1.64903e-05
35320,1.35877e-05,1.64903e-05
35321,1.35877e-05,1.64903e-05
35321,1.20052e-05,2.78209e-05
35321,1.20052e-05,2.78209e-05
35321,1.20052e-05,2.78209e-05
35321,4.48328e-06,5.56815e-06
35321,8.09952e-05,3.48743e-05
35321,8.09952e-05,3.48743e-05
35321,-1.22368e+06,1.47724e-06
35321,1.64867e-06,9.57669e-06
35321,-155971,3.98118e-06
35322,-540979,3.98118e-06
35322,-421144,3.98118e-06
35322,2.09383e-07,3.98118e-06
35323,-2.40781e-07,1.8626e-05
35323,-1.03542e-05,4.5304e-06
35324,-1.03542e-05,4.5304e-06
35324,3.28254e-06,1.17872e-05
35324,3.28254e-06,1.17872e-05
35324,3.28254e-06,1.17872e-05
35324,3.28254e-06,1.17872e-05
35324,3.28254e-06,1.17872e-05
35324,3.28254e-06,1.17872e-05
35324,3.28254e-06,1.17872e-05
35324,3.28254e-06,1.17872e-05
35324,3.28254e-06,1.17872e-05
35325,3.28254e-06,1.17872e-05
35325,3.28254e-06,1.17872e-05
35327,2.55403e-05,1.60964e-05
35327,2.55403e-05,1.60964e-05
35327,2.55403e-05,1.60964e-05
35327,2.55403e-05,1.60964e-05
35327,2.55403e-05,1.60964e-05
35327,2.55403e-05,1.60964e-05
35327,2.55403e-05,1.60964e-05
35327,2.55403e-05,1.60964e-05
35327,2.55403e-05,1.60964e-05
35328,2.55403e-05,1.60964e-05
35329,2.55403e-05,1.60964e-05
35329,-6.36738e-05,5.08684e-07
35329,-5.39794e-05,9.5651e-07
35329,-6.89358e-05,2.23968e-06
35329,-7.99474e-05,-1.09711e-06
35329,-7.60849e-05,-1.05071e-06
35329,-5.84908e-05,2.53257e-06
35329,-5.84908e-05,2.53257e-06
35330,-5.84908e-05,2.53257e-06
35330,-4.46158e-05,3.09787e-06
35330,-7.68651e-05,-4.81292e-07
35330,-7.68651e-05,-4.81292e-07
35330,-7.68651e-05,-4.81293e-07
35330,-4.36956e-05,2.44329e-07
35330,-5.44462e-05,5.0476e-06
35330,-6.17923e-05,5.72516e-06
35332,-6.14595e-05,5.88204e-06
35333,-5.37536e-05,9.52058e-07
35334,-5.37535e-05,9.52062e-07
35334,-5.37574e-05,9.51813e-07
35335,-7.18466e-05,1.22107e-06
35335,-4.971e-05,1.01014e-05
35335,-4.971e-05,1.01014e-05
35335,-4.971e-05,1.01014e-05
35335,-4.971e-05,1.01014e-05
35335,-4.971e-05,1.01014e-05
35337,-4.971e-05,1.01014e-05
35337,-4.971e-05,1.01014e-05
35339,-4.971e-05,1.01014e-05
35339,-6.2439e-05,3.00861e-07
35339,-7.0019e-05,-5.87273e-07
35340,-7.00189e-05,-5.87261e-07
35340,-7.14081e-05,-1.78344e-06
35340,-5.22714e-05,3.38252e-06
35340,-7.54372e-05,2.48949e-06
35341,-7.49672e-05,4.95007e-07
35342,-4.69338e-05,3.77408e-06
35342,-4.69338e-05,3.77408e-06
35342,-4.69338e-05,3.77408e-06
35343,-7.11675e-05,-2.59696e-06
35344,-7.11674e-05,-2.59695e-06
35345,-6.64335e-05,-8.63929e-07
35345,-7.79914e-05,-1.70562e-06
35345,-7.92973e-05,-1.696e-06
35345,-5.28743e-05,8.38755e-07
35345,-5.28742e-05,8.38769e-07
35345,-5.28742e-05,8.38769e-07
35345,-5.28742e-05,8.38769e-07
35345,-5.28742e-05,8.38769e-07
35346,-4.45657e-05,9.89327e-06
35346,-4.45657e-05,9.89327e-06
35347,-8.23654e-05,-9.71741e-07
35348,-8.23654e-05,-9.71741e-07
35348,-7.15874e-05,5.73141e-06
35348,-6.42825e-05,3.4754e-06
35349,-6.42825e-05,3.4754e-06
35349,-6.42825e-05,3.4754e-06
35350,-6.42825e-05,3.4754e-06
35350,-6.79341e-05,3.84667e-06
35350,-6.79341e-05,3.84667e-06
35350,-6.79341e-05,3.84667e-06
35350,-7.33016e-05,-8.70255e-07
35350,-6.92261e-05,2.43894e-06
35351,-6.92261e-05,2.43894e-06
35351,-6.92261e-05,2.43894e-06
35351,-4.77398e-05,1.38901e-06
35351,-4.77398e-05,1.38901e-06
35351,-4.77398e-05,1.38901e-06
35351,-6.26828e-05,3.21401e-06
35352,-6.26828e-05,3.21401e-06
35352,-6.26828e-05,3.21402e-06
35352,-4.13851e-05,-1.77693e-07
35352,-4.13851e-05,-1.77693e-07
35353,-4.13851e-05,-1.77694e-07
35353,-3.99679e-05,2.79393e-07
35353,-3.99679e-05,2.79392e-07
35353,-3.99679e-05,2.79393e-07
35353,-3.99679e-05,2.79393e-07
35353,-7.09857e-05,-2.20911e-06
35354,-7.5011e-05,-1.30908e-06
35354,-8.27191e-05,1.19298e-06
35354,-8.27193e-05,1.19298e-06
35355,-6.80004e-05,2.31697e-06
35355,-6.80004e-05,2.31697e-06
35355,-6.80007e-05,2.31698e-06
35356,-8.50625e-05,1.10984e-05
35356,-6.54589e-05,4.29393e-06
35356,-6.5459e-05,4.29393e-06
35356,-7.86184e-05,-1.80364e-06
35356,-8.45375e-05,1.33182e-06
35356,-8.45374e-05,1.33182e-06
35357,-5.78477e-05,7.13959e-06
35357,-5.78477e-05,7.13959e-06
35357,-5.78477e-05,7.13959e-06
35357,-5.78477e-05,7.13959e-06
35357,-5.78477e-05,7.13959e-06
35357,-5.78477e-05,7.13959e-06
35359,-5.78477e-05,7.13959e-06
35359,-5.78477e-05,7.13959e-06
35359,-5.78477e-05,7.13959e-06
35359,-5.78477e-05,7.13959e-06
35360,-5.78477e-05,7.13959e-06
35360,-5.78477e-05,7.13959e-06
35360,-5.78477e-05,7.13959e-06
35361,-5.78477e-05,7.13959e-06
35361,-7.97716e-05,-1.49348e-06
35361,-7.97716e-05,-1.4935e-06
35361,-6.86663e-05,4.77024e-07
35362,-6.86663e-05,4.7702e-07
35362,-6.33389e-05,-2.66094e-06
35362,-6.33389e-05,-2.66094e-06
35362,-6.33389e-05,-2.66094e-06
35362,-6.33389e-05,-2.66094e-06
35362,-6.33389e-05,-2.66094e-06
35363,-6.33389e-05,-2.66094e-06
35364,-6.33389e-05,-2.66094e-06
35364,-6.33389e-05,-2.66094e-06
35364,-6.33389e-05,-2.66094e-06
35364,-6.33389e-05,-2.66094e-06
35364,-6.33389e-05,-2.66094e-06
35365,-6.33389e-05,-2.66094e-06
35366,-8.97943e-05,1.28128e-05
35366,-7.14361e-05,-2.7207e-06
35366,-6.58503e-05,4.13466e-06
35367,-6.58503e-05,4.13466e-06
35367,-6.97816e-05,2.42079e-06
35368,-6.97811e-05,2.42078e-06
35368,-6.97815e-05,2.42079e-06
35368,-7.18941e-05,2.48994e-06
35369,-5.89397e-05,7.43554e-07
35369,-5.89396e-05,7.43616e-07
35369,-7.84367e-05,-9.47931e-07
35369,-7.84367e-05,-9.47931e-07
35369,-7.84367e-05,-9.47931e-07
35369,-7.84367e-05,-9.47931e-07
35370,-7.84367e-05,-9.47931e-07
35370,-7.84367e-05,-9.47931e-07
35371,-6.54063e-05,4.18595e-06
35371,-6.59599e-05,8.79344e-06
35372,-6.59599e-05,8.79344e-06
35372,-6.59599e-05,8.79344e-06
35372,-6.84581e-05,-8.45995e-07
35373,-5.66081e-05,1.07994e-07
35373,-5.66081e-05,1.07994e-07
35374,-7.5941e-05,-1.00245e-06
35374,-1.33738e-05,1.36418e-05
35375,-1.3373e-05,1.36416e-05
35376,-0.000123883,7.42915e-07
35377,-0.000123883,7.42915e-07
35377,-1.78502e-05,7.91332e-06
35378,-1.78502e-05,7.91332e-06
35379,-1.73118e-05,1.80992e-06
35379,-1.30504e-05,1.40345e-05
35380,-1.30496e-05,1.40344e-05
35381,-8.01086e-05,5.90152e-09
35381,-8.01086e-05,5.90152e-09
35381,-3.87558e-05,2.8544e-08
35381,-3.87556e-05,2.85812e-08
35382,-1.167e-05,1.36676e-05
35382,-1.16691e-05,1.36675e-05
35382,-2.12187e-05,-5.28881e-07
35382,-2.12187e-05,-5.28881e-07
35382,-1.65614e-05,-3.90974e-08
35382,-1.65614e-05,-3.90974e-08
35382,-1.65614e-05,-3.90979e-08
35382,-5.38015e-06,4.05546e-07
35382,-5.38015e-06,4.05546e-07
35382,-3.60659e-05,6.21266e-08
35382,-3.60659e-05,6.2126e-08
35382,-3.60659e-05,6.2126e-08
35382,-3.60659e-05,6.2126e-08
35382,-3.60659e-05,6.2126e-08
35382,-3.60659e-05,6.2126e-08
35382,-4.29367e-05,9.73232e-08
35382,-1.71955e-05,-3.51447e-07
35382,-1.71955e-05,-3.51447e-07
35382,-1.20661e-05,2.41536e-05
35382,-1.20662e-05,2.41536e-05
35382,-1.20662e-05,2.41536e-05
35382,-1.20662e-05,2.41536e-05
35382,-1.20662e-05,2.41536e-05
35383,-1.20662e-05,2.41536e-05
35383,-1.20662e-05,2.41536e-05
35383,-1.20662e-05,2.41536e-05
35383,-1.20662e-05,2.41536e-05
35385,-5.17605e-05,1.50487e-05
35385,-5.17605e-05,1.50487e-05
35385,-5.17605e-05,1.50487e-05
35386,-5.17605e-05,1.50487e-05
35386,-5.17605e-05,1.50487e-05
35386,-5.17605e-05,1.50487e-05
35386,-1.5248e-05,8.49257e-06
35386,-1.23479e-05,2.4237e-05
35386,-1.23479e-05,2.4237e-05
35386,-1.79193e-05,-2.04302e-06
35386,-1.79193e-05,-2.04302e-06
35386,-1.79193e-05,-2.04302e-06
35387,-1.79193e-05,-2.04302e-06
35387,-7.96771e-05,4.46744e-08
35387,-7.96771e-05,4.46745e-08
35387,-7.96771e-05,4.46745e-08
35387,-1.57066e-05,8.85154e-06
35387,-6.44882e-05,1.02018e-05
35387,-6.44882e-05,1.02018e-05
35387,-6.44882e-05,1.02018e-05
35387,-1.93709e-05,2.77191e-06
35387,-1.93709e-05,2.77191e-06
35387,-1.20494e-05,1.41935e-05
35387,-1.20494e-05,1.41935e-05
35387,-1.20494e-05,1.41935e-05
35387,-1.20486e-05,1.41934e-05
35387,-1.20486e-05,1.41934e-05
35388,-1.20486e-05,1.41934e-05
35388,-1.20486e-05,1.41934e-05
35388,-1.20486e-05,1.41934e-05
35388,-1.20486e-05,1.41934e-05
35388,-1.01094e-05,1.51194e-05
35388,-1.01094e-05,1.51194e-05
35388,-1.01094e-05,1.51194e-05
35388,-1.01094e-05,1.51194e-05
35388,-1.38021e-05,-2.4218e-06
35388,-1.38021e-05,-2.4218e-06
35388,-1.38021e-05,-2.4218e-06
35388,-1.38021e-05,-2.4218e-06
35388,-1.38021e-05,-2.4218e-06
35388,-1.38021e-05,-2.4218e-06
35388,-1.61786e-05,1.20552e-05
35388,-1.61786e-05,1.20552e-05
35388,-1.61786e-05,1.20552e-05
35388,-1.61786e-05,1.20552e-05
35388,-1.61786e-05,1.20552e-05
35388,-1.61786e-05,1.20552e-05
35388,-1.61786e-05,1.20552e-05
35388,-1.61786e-05,1.20552e-05
35388,-1.24139e-05,-1.42263e-07
35388,-1.24139e-05,-1.42263e-07
35388,-1.24139e-05,-1.42265e-07
35388,-0.000131514,2.67446e-06
35388,-0.000131485,2.92059e-06
35388,-0.000131485,2.92059e-06
35388,-1.81389e-05,2.49894e-05
35388,-1.81389e-05,2.49894e-05
35389,-135085,5.23037e-07
35389,-2.62094e-05,-2.58715e-07
35389,-3.83407e-05,-6.71474e-08
35389,-3.83408e-05,-6.71477e-08
35390,-3.83408e-05,-6.7148e-08
35390,-1.865e-05,1.81117e-06
35390,-1.865e-05,1.81117e-06
35390,-1.27967e-05,-3.66333e-07
35390,-1.27967e-05,-3.66333e-07
35390,7.99086e-06,1.56065e-05
35390,7.99086e-06,1.56065e-05
35390,7.99086e-06,1.56065e-05
35391,7.99086e-06,1.56065e-05
35391,-9.65855e-06,-6.89282e-07
35391,-9.65855e-06,-6.89282e-07
35391,-9.65855e-06,-6.89282e-07
35393,-9.65855e-06,-6.89282e-07
35393,-1.52465e-05,6.57073e-07
35393,-1.52465e-05,6.57073e-07
35395,-1.52465e-05,6.57073e-07
35396,-1.52465e-05,6.57073e-07
35396,-1.52465e-05,6.57073e-07
35396,-1.52465e-05,6.57073e-07
35398,-1.9601e-05,2.37756e-07
35398,-1.9601e-05,2.37757e-07
35398,-1.9601e-05,2.37757e-07
35399,-1.9601e-05,2.37757e-07
35399,-1.9601e-05,2.37756e-07
35400,-459143,4.3453e-06
35400,-8.61212e-05,2.3007e-06
35400,-8.61212e-05,2.3007e-06
35400,-8.61212e-05,2.3007e-06
35400,-8.61212e-05,2.3007e-06
35400,-8.61212e-05,2.3007e-06
35401,-8.61212e-05,2.3007e-06
35401,-8.61212e-05,2.3007e-06
35401,-8.61212e-05,2.3007e-06
35401,-9.90612e-05,3.01192e-06
35402,-2.74569e-05,1.83028e-06
35403,-2.27745e-05,-5.02536e-07
35403,-2.27745e-05,-5.02535e-07
35403,-2.27745e-05,-5.02536e-07
35404,-2.27745e-05,-5.02536e-07
35404,-1.98021e-05,1.38233e-05
35405,-1.98021e-05,1.38233e-05
35405,-1.98021e-05,1.38233e-05
35405,-1.98021e-05,1.38233e-05
35405,-7.49054e-06,1.48311e-05
35406,-7.49053e-06,1.48311e-05
35406,-7.49053e-06,1.48311e-05
35408,-7.49053e-06,1.48311e-05
35408,-7.49053e-06,1.48311e-05
35408,-7.49053e-06,1.48311e-05
35409,-7.49053e-06,1.48311e-05
35409,-7.49054e-06,1.48311e-05
35409,-4.88424e-05,3.19702e-06
35409,-1.83247e-05,2.29874e-06
35410,-5.05743e-05,2.34597e-07
35410,-5.05743e-05,2.34596e-07
35410,-1.61833e-05,3.82709e-06
35410,-1.61833e-05,3.82708e-06
35412,-6.91682e-05,1.35624e-06
35412,-6.91682e-05,1.35624e-06
35412,-6.91682e-05,1.35624e-06
35413,-6.91682e-05,1.35624e-06
35414,-5.35957e-05,1.06053e-06
35414,-1.27249e-05,-4.9853e-07
35415,-8.16283e-06,1.48733e-05
35416,-8.16283e-06,1.48733e-05
35417,-8.16283e-06,1.48733e-05
35417,-8.16283e-06,1.48733e-05
35417,-8.16283e-06,1.48733e-05
35417,-8.16283e-06,1.48733e-05
35418,-8.16283e-06,1.48733e-05
35421,-8.16283e-06,1.48733e-05
35421,-8.16283e-06,1.48733e-05
35422,-8.16283e-06,1.48733e-05
35422,-4.41408e-05,2.54644e-06
35422,-4.41408e-05,2.54644e-06
35422,-4.41408e-05,2.54644e-06
35422,-4.41408e-05,2.54644e-06
35422,-1.84786e-05,1.78468e-06
35422,-1.84786e-05,1.78469e-06
35422,-1.84786e-05,1.78468e-06
35422,-1.84786e-05,1.78468e-06
35422,-1.84786e-05,1.78468e-06
35422,-7.01918e-06,1.11621e-06
35423,-7.01918e-06,1.11621e-06
35423,-7.01918e-06,1.11621e-06
35423,-7.01918e-06,1.11621e-06
35423,-7.01918e-06,1.11621e-06
35423,-7.01918e-06,1.11621e-06
35423,-7.01918e-06,1.11621e-06
35423,-7.01918e-06,1.11621e-06
35423,-1.14759e-05,1.50139e-05
35423,-1.14759e-05,1.50139e-05
35423,-1.14759e-05,1.50139e-05
35423,-1.14759e-05,1.50139e-05
39875,-1.14759e-05,1.50139e-05
39876,-1.14759e-05,1.50139e-05
39877,-5.34995e-05,1.16303e-06
39878,-2.19526e-05,2.60161e-05
39880,-2.19526e-05,2.60161e-05
39882,-2.19526e-05,2.60161e-05
39882,-2.19526e-05,2.60161e-05
39882,-2.19526e-05,2.60161e-05
39883,-2.19526e-05,2.60161e-05
39884,-2.19526e-05,2.60161e-05
39884,-2.19526e-05,2.60161e-05
39884,-4.31536e-05,4.59461e-06
39885,-1.55474e-05,4.83888e-06
39886,-1.55474e-05,4.83888e-06
39888,-1.55474e-05,4.83888e-06
39889,-1.55474e-05,4.83888e-06
39890,-1.51663e-05,-1.26177e-06
39890,-1.51663e-05,-1.26177e-06
39890,-1.51662e-05,-1.26177e-06
39891,-1.51662e-05,-1.26177e-06
39892,-1.51662e-05,-1.26177e-06
39892,-1.51662e-05,-1.26177e-06
39892,-1.51662e-05,-1.26177e-06
39892,-1.51662e-05,-1.26177e-06
39892,0.000116347,6.73588e-06
39892,0.000116347,6.73588e-06
39892,0.000116347,6.73588e-06
39892,0.000116347,6.73588e-06
39894,-5.37462e-05,1.35951e-07
39895,-5.37462e-05,1.35951e-07
39895,-5.37462e-05,1.35951e-07
39896,-5.37462e-05,1.35951e-07
39897,-5.37462e-05,1.35951e-07
39898,-5.37462e-05,1.35951e-07
39899,-5.37462e-05,1.35951e-07
39900,-5.37462e-05,1.35951e-07
39900,-1.88744e-05,-1.04636e-06
39900,-1.88744e-05,-1.04636e-06
39902,-1.88744e-05,-1.04636e-06
39902,-1.88744e-05,-1.04636e-06
39903,-1.88744e-05,-1.04636e-06
39904,-1.88744e-05,-1.04636e-06
39905,-1.88744e-05,-1.04636e-06
39906,-1.5191e-05,2.06216e-06
39906,-1.5191e-05,2.06216e-06
39906,-1.5191e-05,2.06216e-06
39906,-1.5191e-05,2.06216e-06
39906,-1.5191e-05,2.06216e-06
39908,-1.5191e-05,2.06216e-06
39908,-1.5191e-05,2.06216e-06
39909,-1.5191e-05,2.06216e-06
39909,-1.5191e-05,2.06216e-06
39910,-1.5191e-05,2.06216e-06
39911,-1.5191e-05,2.06216e-06
39911,-1.5191e-05,2.06216e-06
39911,-1.5191e-05,2.06216e-06
39911,-1.5191e-05,2.06216e-06
39912,-1.5191e-05,2.06216e-06
39912,-4.69474e-05,8.3985e-07
39912,-4.69474e-05,8.3985e-07
39913,-4.69474e-05,8.3985e-07
39914,-4.69474e-05,8.3985e-07
39914,-4.69474e-05,8.3985e-07
39914,-4.69474e-05,8.3985e-07
39915,-4.69474e-05,8.3985e-07
39915,-4.69474e-05,8.3985e-07
39915,-4.69474e-05,8.3985e-07
39917,2.40805e-06,1.96381e-05
39917,2.40805e-06,1.96381e-05
39917,2.40805e-06,1.96381e-05
39919,2.40805e-06,1.96381e-05
39919,2.40805e-06,1.96381e-05
39919,-3.70256e-05,2.84364e-05
39920,-3.70256e-05,2.84364e-05
39920,-3.70256e-05,2.84364e-05
39920,-3.47372e-05,2.22133e-06
39920,-3.47372e-05,2.22134e-06
39923,-3.47372e-05,2.22134e-06
39924,-3.47372e-05,2.22133e-06
39926,-3.47372e-05,2.22134e-06
39926,-3.47372e-05,2.22134e-06
39927,-3.47372e-05,2.22134e-06
39927,-3.47372e-05,2.22134e-06
39927,-3.47372e-05,2.22134e-06
39930,-3.47372e-05,2.22134e-06
39931,-3.47372e-05,2.22134e-06
39931,-7.30277e-05,3.2575e-06
39932,-7.30277e-05,3.2575e-06
39933,-7.30277e-05,3.2575e-06
39933,-7.30277e-05,3.2575e-06
39934,-7.30277e-05,3.2575e-06
39934,-7.30277e-05,3.2575e-06
39934,-7.30277e-05,3.2575e-06
39934,-1.97782e-05,1.88874e-06
39934,-1.97782e-05,1.88874e-06
39934,-1.97782e-05,1.88874e-06
39934,-1.97782e-05,1.88874e-06
39934,-2.74041e-05,8.01884e-07
39934,-2.74041e-05,8.01884e-07
39934,-2.8059e-05,1.55723e-06
39934,-2.8059e-05,1.55723e-06
39934,-2.8059e-05,1.55723e-06
39934,-2.8059e-05,1.55723e-06
39934,-2.8059e-05,1.55723e-06
39935,-7.56839e-05,2.10529e-06
39935,-7.56839e-05,2.10529e-06
39938,-7.56839e-05,2.10529e-06
39938,-0.000102703,1.23809e-06
39939,-8.09113e-05,1.89953e-06
39939,-8.09107e-05,1.89984e-06
39939,-8.11568e-05,6.72992e-07
39939,-8.11568e-05,6.72992e-07
39939,-7.42249e-05,9.2996e-07
39939,-7.42249e-05,9.2996e-07
39939,-6.81956e-05,3.46671e-07
39939,-8.03112e-05,7.39534e-07
39939,-8.03112e-05,7.39534e-07
39939,-6.80103e-05,-3.09199e-07
39939,-7.80317e-05,5.66558e-06
39939,-7.80317e-05,5.66558e-06
39940,-7.80317e-05,5.66558e-06
39941,-8.35363e-05,3.94172e-06
39942,-8.35363e-05,3.94172e-06
39942,-7.25724e-05,-3.74373e-07
39943,-8.04419e-05,-1.45868e-06
39943,-8.04419e-05,-1.45868e-06
39943,-8.04419e-05,-1.45868e-06
39944,-7.43446e-05,-1.94752e-06
39945,-7.43446e-05,-1.94752e-06
39945,-7.43446e-05,-1.94752e-06
39946,-7.43446e-05,-1.94752e-06
39946,-7.43446e-05,-1.94752e-06
39946,-6.17465e-05,1.1907e-06
39946,-7.32182e-05,-6.36025e-07
39946,-8.05941e-05,-2.35448e-06
39946,-8.29356e-05,-9.68266e-07
39947,-8.29356e-05,-9.68266e-07
39948,-8.29356e-05,-9.68266e-07
39948,-8.29356e-05,-9.68266e-07
39948,-8.29357e-05,-9.68292e-07
39949,-8.29356e-05,-9.68267e-07
39951,-7.18356e-05,-1.11323e-06
39951,-8.03258e-05,-1.81337e-06
39952,-7.31861e-05,-4.78804e-07
39953,-7.31861e-05,-4.78804e-07
39953,-7.31861e-05,-4.78804e-07
39954,-7.31861e-05,-4.78804e-07
39954,-7.31861e-05,-4.78804e-07
39955,-7.31861e-05,-4.78804e-07
39955,-7.87816e-05,-4.87074e-06
39956,-7.87816e-05,-4.87074e-06
39957,-7.87816e-05,-4.87074e-06
39957,-7.30341e-05,-5.01016e-07
39958,-7.30341e-05,-5.01016e-07
39958,-7.30341e-05,-5.01014e-07
39959,-7.30341e-05,-5.01012e-07
39959,-7.51718e-05,7.70704e-06
39960,-7.51718e-05,7.70704e-06
39960,-7.51718e-05,7.70704e-06
39961,-7.51718e-05,7.70704e-06
39961,-7.51718e-05,7.70704e-06
39962,-7.51718e-05,7.70704e-06
39962,-7.89923e-05,-3.98511e-06
39962,-7.89923e-05,-3.98511e-06
39963,-7.89923e-05,-3.98511e-06
39963,-7.89923e-05,-3.98511e-06
39964,-7.38374e-05,3.99596e-07
39964,-7.38374e-05,3.99585e-07
39964,-7.38374e-05,3.99586e-07
39964,-5.74676e-05,1.67149e-06
39964,-7.09503e-05,7.89076e-06
39964,-7.61772e-05,6.50248e-06
39965,-7.61772e-05,6.50248e-06
39966,-7.61772e-05,6.50248e-06
39966,-7.61772e-05,6.50248e-06
39967,-6.12103e-05,1.57853e-06
39967,-6.12103e-05,1.57853e-06
39967,-6.20083e-05,9.55501e-07
39967,-7.09413e-05,-1.62739e-07
39967,-6.76583e-05,-6.79796e-07
39967,-6.18758e-05,1.08863e-06
39967,-7.21498e-05,7.38348e-06
39967,-7.6319e-05,6.91771e-06
39967,-7.6319e-05,6.91771e-06
39969,-7.6319e-05,6.91771e-06
39969,-7.6319e-05,6.91768e-06
39969,-7.6319e-05,6.91765e-06
39969,-7.76029e-05,2.40284e-06
39969,-7.76029e-05,2.40284e-06
39969,-7.76029e-05,2.40284e-06
39970,-7.76029e-05,2.40284e-06
39971,-7.76029e-05,2.40284e-06
39971,-7.76029e-05,2.40284e-06
39972,-7.76029e-05,2.40284e-06
39972,-7.76029e-05,2.40284e-06
39972,-7.76029e-05,2.40284e-06
39972,-7.93066e-05,8.71373e-06
39974,-7.55549e-05,6.06806e-06
39974,-7.55549e-05,6.06806e-06
39974,-8.85293e-05,-4.18127e-06
39975,-8.62616e-05,-1.23547e-05
39976,-8.62616e-05,-1.23547e-05
39976,-8.62616e-05,-1.23547e-05
39976,-8.62616e-05,-1.23547e-05
39977,-8.62616e-05,-1.23547e-05
39977,-7.55066e-05,2.99311e-06
39978,-7.42917e-05,7.30391e-06
39978,-7.42917e-05,7.3039e-06
39978,-8.36181e-05,-3.06914e-06
39978,-8.36181e-05,-3.06914e-06
39978,-8.36181e-05,-3.06914e-06
39978,-8.36181e-05,-3.06914e-06
39978,-7.44528e-05,-2.46042e-06
39978,-7.44528e-05,-2.46042e-06
39978,-7.62026e-05,-9.03413e-07
39979,-7.62026e-05,-9.03413e-07
39979,-8.87615e-05,1.21955e-05
39979,-8.13836e-05,1.99142e-05
39979,-7.94871e-05,2.80601e-06
39980,-8.06724e-05,-2.60082e-06
39980,-8.06724e-05,-2.60082e-06
39980,-8.66419e-05,-2.3147e-06
39980,-8.66419e-05,-2.3147e-06
39980,-6.00682e-05,1.40186e-06
39980,-7.24194e-05,8.16092e-06
39981,-7.24194e-05,8.16092e-06
39981,-7.24194e-05,8.16092e-06
39981,-7.24194e-05,8.16092e-06
39981,-7.24194e-05,8.16092e-06
39981,-7.24194e-05,8.16092e-06
39981,-8.00941e-05,-3.49321e-07
39981,-8.41083e-05,1.03643e-06
39981,-7.26868e-05,2.64252e-07
39982,-8.22347e-05,5.12577e-07
39982,-8.22369e-05,5.12712e-07
39982,-8.22369e-05,5.12712e-07
39983,-6.62315e-05,6.63025e-06
39984,-6.62305e-05,6.62961e-06
39984,-8.23746e-05,-4.67673e-07
39985,-8.28583e-05,6.39985e-07
39985,-7.4797e-05,1.48822e-06
39986,-7.4797e-05,1.48822e-06
39987,-7.4797e-05,1.48822e-06
39988,-7.4797e-05,1.48822e-06
39988,-0.00012209,3.9729e-07
39988,-0.00012209,3.9729e-07
39989,-0.00012209,3.9729e-07
39989,-0.00010344,4.13332e-07
39990,-0.00010344,4.13332e-07
39990,-0.00010344,4.13332e-07
39991,-9.09212e-05,1.14497e-07
39991,-0.000106142,1.7025e-06
39991,-0.000106142,1.7025e-06
39991,-0.000106142,1.7025e-06
39992,-8.8144e-05,2.00447e-06
39992,-8.8144e-05,2.00447e-06
39992,-8.24383e-05,-7.41894e-07
39992,-8.24383e-05,-7.41894e-07
39993,-8.24383e-05,-7.41894e-07
39993,-8.24383e-05,-7.41894e-07
39993,-8.24383e-05,-7.41894e-07
39993,-8.24384e-05,-7.41897e-07
39993,-8.24384e-05,-7.41899e-07
39993,-0.00011358,2.54649e-06
39994,-0.00011358,2.54648e-06
39994,-8.40643e-05,5.08455e-07
39994,-8.40643e-05,5.08455e-07
39994,-7.95117e-05,-1.25809e-06
39994,-7.95117e-05,-1.25809e-06
39995,-7.95117e-05,-1.25809e-06
39996,-7.95117e-05,-1.25809e-06
39996,-7.95117e-05,-1.25809e-06
39996,-7.95128e-05,-1.25742e-06
39996,-8.20566e-05,1.03461e-06
39996,-6.95483e-05,-5.68297e-06
39996,-6.95483e-05,-5.68297e-06
39996,-8.45145e-05,1.38113e-06
39996,-8.45145e-05,1.38113e-06
39997,-0.000107698,1.44048e-06
39998,-0.000107698,1.44048e-06
39999,-0.000107698,1.44048e-06
39999,-0.000107698,1.44048e-06
39999,-8.98615e-05,1.76968e-06
39999,-8.98615e-05,1.76968e-06
40000,-8.98615e-05,1.76968e-06
40000,-8.98615e-05,1.76968e-06
40000,-7.55632e-05,2.49159e-06
40000,-7.55632e-05,2.49159e-06
40001,-7.55632e-05,2.49159e-06
40001,-7.55632e-05,2.49159e-06
40001,-9.61322e-05,1.9695e-06
40001,-9.61322e-05,1.9695e-06
40001,-9.61322e-05,1.9695e-06
40001,-9.61322e-05,1.9695e-06
40001,-9.61316e-05,1.96903e-06
40001,-8.69534e-05,4.59446e-07
40002,-8.1183e-05,3.30013e-07
40003,-8.11832e-05,3.30028e-07
40004,-8.11832e-05,3.30029e-07
40004,-9.01092e-05,1.7836e-06
40005,-9.3541e-05,4.04517e-06
40005,-9.3541e-05,4.04517e-06
40006,-9.3541e-05,4.04517e-06
40006,-9.3541e-05,4.04517e-06
40006,-9.35412e-05,4.04513e-06
40006,-8.2722e-05,3.71365e-07
40007,-8.27219e-05,3.71364e-07
40008,-8.27224e-05,3.71364e-07
40009,-8.27224e-05,3.71358e-07
40009,-0.000107253,3.68709e-06
40009,-9.63482e-05,3.31526e-06
40009,-8.80849e-05,2.55758e-06
40009,-8.80849e-05,2.55758e-06
40009,-8.00014e-05,1.47921e-06
40009,-8.00011e-05,1.47919e-06
40009,-8.00006e-05,1.47918e-06
40009,-8.0001e-05,1.47919e-06
40009,-8.00005e-05,1.4792e-06
40010,-8.74225e-05,-2.59138e-07
40010,-8.74225e-05,-2.59138e-07
40010,-8.74234e-05,-2.59117e-07
40010,-0.00011188,2.19579e-06
40012,-0.000120513,1.74927e-07
40012,-0.000120513,1.74927e-07
40012,-0.000120513,1.74922e-07
40012,-0.000120513,1.74931e-07
40012,-0.000120513,1.74931e-07
40013,-8.74604e-05,2.73138e-06
40013,-8.74604e-05,2.73138e-06
40013,-8.35053e-05,9.87468e-06
40013,-8.35053e-05,9.87468e-06
40013,-8.35053e-05,9.87468e-06
40013,-8.35053e-05,9.87468e-06
40013,-8.38687e-05,1.53733e-06
40013,-8.30753e-05,1.07085e-05
40014,-8.30753e-05,1.07085e-05
40014,-8.30753e-05,1.07085e-05
40014,-0.000105444,-3.98934e-07
40014,-0.000105444,-3.98934e-07
40014,-0.000105444,-3.98934e-07
40014,-9.33468e-05,2.39384e-05
40016,-9.33468e-05,2.39384e-05
40017,-9.33468e-05,2.39384e-05
40017,-9.33468e-05,2.39384e-05
40017,-9.33468e-05,2.39384e-05
40017,-9.33468e-05,2.39384e-05
40017,-9.33468e-05,2.39384e-05
40017,-9.33468e-05,2.39384e-05
40017,-8.5699e-05,9.53319e-07
40017,-8.5699e-05,9.53319e-07
40018,-8.79153e-05,1.23909e-05
40021,-9.28584e-05,3.20278e-06
40021,-9.28586e-05,3.20284e-06
40021,-8.13628e-05,3.43149e-06
40021,-8.13629e-05,3.43149e-06
40022,-8.1363e-05,3.43145e-06
40022,-9.11131e-05,-2.21868e-06
40022,-0.000104672,1.3849e-05
40022,-8.89375e-05,3.32336e-05
40022,-8.89375e-05,3.32336e-05
40022,-8.89375e-05,3.32336e-05
40022,-8.89375e-05,3.32336e-05
40022,-8.89375e-05,3.32336e-05
40023,-8.89375e-05,3.32336e-05
40023,-8.89375e-05,3.32336e-05
40023,-8.89375e-05,3.32336e-05
40023,-8.15776e-05,2.04555e-05
40026,-8.15776e-05,2.04555e-05
40026,-8.15776e-05,2.04555e-05
40026,-9.32073e-05,7.68212e-06
40026,-9.32073e-05,7.68212e-06
40026,-8.67184e-05,7.23687e-06
40026,-8.67184e-05,7.23687e-06
40026,-8.67184e-05,7.23687e-06
40026,-8.67184e-05,7.23687e-06
40028,-8.67184e-05,7.23687e-06
40028,-8.67184e-05,7.23687e-06
40028,-495787,7.55711e-06
40028,-358235,7.55711e-06
40028,-1.30252e+06,7.55711e-06
40028,-7.68668e-05,2.72423e-05
40028,-7.68668e-05,2.72423e-05
40029,-7.68668e-05,2.72423e-05
40029,-7.68668e-05,2.72423e-05
40029,-8.67735e-05,-5.20097e-07
40029,-8.67735e-05,-5.20097e-07
40029,-0.000107166,4.70983e-06
40029,-0.000107167,4.70985e-06
40029,-0.000107166,4.70984e-06
40029,-0.000107167,4.70985e-06
40029,-0.000107167,4.70985e-06
40029,-1.50609e-05,-9.10955e-07
40029,-1.50609e-05,-9.10938e-07
40029,-1.33839e-05,-1.36033e-06
40029,-1.33838e-05,-1.36031e-06
40029,-1.54236e-05,-3.55534e-06
40029,-1.54236e-05,-3.55534e-06
40030,-1.49272e-05,-2.48885e-07
40030,-1.42977e-05,1.99782e-06
40030,-1.49833e-05,-7.46115e-07
40030,-1.49833e-05,-7.46116e-07
40030,-1.27881e-05,-5.13258e-07
40030,-1.27881e-05,-5.13258e-07
40030,-1.27881e-05,-5.13258e-07
40030,-1.5767e-05,-4.42469e-06
40030,-1.5767e-05,-4.42469e-06
40031,-1.5767e-05,-4.42469e-06
40031,-1.23542e-05,-2.41116e-07
40031,-1.23542e-05,-2.41116e-07
40031,-1.23542e-05,-2.41116e-07
40031,-1.14282e-05,-8.7619e-07
40032,-1.14282e-05,-8.7619e-07
40032,-1.14282e-05,-8.7619e-07
40032,-1.14282e-05,-8.7619e-07
40034,-1.14282e-05,-8.7619e-07
40034,-1.14282e-05,-8.7619e-07
40034,-1.14282e-05,-8.7619e-07
40034,-1.14282e-05,-8.7619e-07
40034,-1.14282e-05,-8.7619e-07
40034,-1.14282e-05,-8.7619e-07
40034,-1.14282e-05,-8.7619e-07
40034,-1.14282e-05,-8.7619e-07
40034,-7.89581e-06,6.74957e-06
40034,-1.26212e-05,-2.18793e-06
40034,-1.53734e-05,-3.42128e-06
40035,-1.42167e-05,1.73841e-06
40035,-1.42167e-05,1.73841e-06
40035,-1.42167e-05,1.73841e-06
40035,-1.42167e-05,1.73841e-06
40035,-1.24967e-05,1.5774e-06
40035,-1.24967e-05,1.5774e-06
40035,-1.62662e-05,-4.73012e-06
40036,-1.62662e-05,-4.73012e-06
40036,-1.16376e-05,1.44513e-05
40036,-1.16376e-05,1.44513e-05
40036,-1.33657e-05,-3.66326e-07
40038,-1.33657e-05,-3.66326e-07
40038,-1.33657e-05,-3.66326e-07
40040,-1.33657e-05,-3.66326e-07
40040,-1.33657e-05,-3.66326e-07
40040,-1.33657e-05,-3.66326e-07
40040,-1.33657e-05,-3.66326e-07
40040,-1.33657e-05,-3.66326e-07
40041,-1.33657e-05,-3.66326e-07
40041,-1.04234e-05,1.1757e-05
40041,-1.04234e-05,1.1757e-05
40042,-1.47853e-05,5.10642e-06
40043,-1.47853e-05,5.10642e-06
40043,-1.27962e-05,-6.23073e-07
40044,-1.27962e-05,-6.23073e-07
40044,-1.27962e-05,-6.23073e-07
40045,-1.27962e-05,-6.23073e-07
40045,-1.12597e-05,8.5486e-07
40046,-1.12597e-05,8.5486e-07
40047,-1.55709e-05,4.96758e-06
40047,-1.55709e-05,4.96758e-06
40048,-1.55709e-05,4.96758e-06
40049,-1.55709e-05,4.96758e-06
40049,-1.55709e-05,4.96758e-06
40049,-1.55709e-05,4.96758e-06
40050,-1.55709e-05,4.96758e-06
40050,-1.55709e-05,4.96758e-06
40052,-1.02393e-05,5.26483e-07
40053,-1.02393e-05,5.26483e-07
40053,-8.58248e-06,1.14071e-05
40053,-8.58248e-06,1.14071e-05
40055,-8.58248e-06,1.14071e-05
40055,-9.58309e-06,9.52465e-06
40055,-9.58309e-06,9.52465e-06
40055,-9.58309e-06,9.52465e-06
40055,-1.62562e-05,-4.61254e-07
40056,-1.62562e-05,-4.61254e-07
40057,-8.03018e-06,5.89717e-06
40059,-8.03018e-06,5.89717e-06
40060,-6.01617e-06,1.02284e-05
40060,-6.01617e-06,1.02284e-05
40060,-1.09665e-05,2.61463e-06
40060,-2.20071e-06,5.06289e-07
40060,-2.27606e-06,9.83835e-07
40060,-5.55397e-06,1.0784e-06
40061,-3.40238e-06,8.90531e-07
40062,-4.72926e-06,1.21434e-07
40063,-4.72926e-06,1.21434e-07
40063,-4.72926e-06,1.21434e-07
40063,-4.72926e-06,1.21434e-07
40063,-4.72926e-06,1.21434e-07
40063,-6.58306e-06,4.31228e-07
40063,-6.58306e-06,4.31228e-07
40065,-6.58306e-06,4.31228e-07
40065,-2.0707e-06,8.47117e-07
40065,-2.0707e-06,8.47117e-07
40066,-2.0707e-06,8.47117e-07
40066,-2.1451e-06,5.50978e-07
40066,-2.1451e-06,5.50978e-07
40066,-2.1451e-06,5.50978e-07
40067,-4.68431e-06,1.17462e-06
40067,-4.68431e-06,1.17462e-06
40067,-4.68431e-06,1.17462e-06
40067,-4.68431e-06,1.17462e-06
40067,-4.68431e-06,1.17462e-06
40067,-4.68431e-06,1.17462e-06
40068,-1.12262e-05,3.58913e-07
40068,-1.12262e-05,3.58913e-07
40068,-1.12262e-05,3.58913e-07
40068,-1.12262e-05,3.58913e-07
40070,-1.12262e-05,3.58913e-07
40070,-1.12262e-05,3.58913e-07
40070,-1.12262e-05,3.58913e-07
40071,-1.12262e-05,3.58913e-07
40072,-1.12262e-05,3.58913e-07
40074,-1.12262e-05,3.58913e-07
40074,-1.12262e-05,3.58913e-07
40074,-1.12262e-05,3.58913e-07
40074,-1.12262e-05,3.58913e-07
40075,-1.12262e-05,3.58913e-07
40075,-1.12262e-05,3.58913e-07
40076,-1.12262e-05,3.58913e-07
40077,-1.11223e-05,1.08273e-06
40079,-1.11223e-05,1.08273e-06
40080,-1.11223e-05,1.08273e-06
40081,-1.11223e-05,1.08273e-06
40082,-3.18633e-06,8.45973e-07
40082,-3.18633e-06,8.45973e-07
40082,-3.18633e-06,8.45973e-07
40082,-3.18633e-06,8.45973e-07
40082,-3.18633e-06,8.45973e-07
40083,-4.84598e-06,6.29738e-08
40083,-4.84598e-06,6.29738e-08
40083,-4.84598e-06,6.29738e-08
40083,-4.08667e-06,6.82321e-07
40083,-4.08667e-06,6.82321e-07
40083,-4.08667e-06,6.82321e-07
40083,-4.08667e-06,6.82321e-07
40083,-4.08667e-06,6.82322e-07
40083,-2.40853e-06,1.28025e-06
40084,-2.40853e-06,1.28025e-06
40086,-2.40853e-06,1.28025e-06
40086,-4.59097e-06,4.03906e-06
40089,-4.59097e-06,4.03906e-06
40090,-4.59097e-06,4.03906e-06
40090,-1.14565e-05,-3.45364e-07
40090,-1.14565e-05,-3.45364e-07
40090,-1.14565e-05,-3.45364e-07
40090,-1.14565e-05,-3.45364e-07
40091,-1.14565e-05,-3.45364e-07
40092,-1.14565e-05,-3.45364e-07
40092,-2.03994e-06,8.29716e-07
40093,-2.03994e-06,8.29716e-07
40093,-2.03994e-06,8.29716e-07
40093,-2.03994e-06,8.29716e-07
40093,-2.82964e-06,6.19208e-07
40095,-2.82964e-06,6.19208e-07
40095,-2.82964e-06,6.19208e-07
40097,-2.82964e-06,6.19208e-07
40097,-2.82964e-06,6.19208e-07
40098,-2.97462e-06,8.3165e-07
40099,-2.97462e-06,8.3165e-07
40100,-2.97462e-06,8.3165e-07
40101,-2.97462e-06,8.3165e-07
40101,-5.21302e-06,1.59344e-06
40103,-5.21302e-06,1.59344e-06
40103,-5.21302e-06,1.59344e-06
40104,-5.21302e-06,1.59344e-06
40105,-5.21302e-06,1.59344e-06
40105,-5.21302e-06,1.59344e-06
40105,-5.21302e-06,1.59344e-06
40105,-5.21302e-06,1.59344e-06
40105,-2.74735e-06,2.11095e-07
40105,-2.74735e-06,2.11095e-07
40106,-2.74735e-06,2.11095e-07
40107,-5.03615e-06,1.69213e-06
40109,1.12279e-06,5.15448e-06
40110,-3.36209e-06,8.98715e-07
40110,-3.36209e-06,8.98715e-07
40110,-3.36209e-06,8.98715e-07
40111,-3.36209e-06,8.98715e-07
40111,-3.36209e-06,8.98715e-07
40112,-3.36209e-06,8.98715e-07
40113,-3.36209e-06,8.98715e-07
40114,-3.36209e-06,8.98715e-07
40114,-7.47732e-06,3.3874e-06
40114,-7.47733e-06,3.3874e-06
40114,-7.47733e-06,3.3874e-06
40115,-7.47733e-06,3.3874e-06
40115,-7.47733e-06,3.3874e-06
40115,-7.47733e-06,3.3874e-06
40116,-1.62443e-06,7.65561e-07
40116,-1.62443e-06,7.65561e-07
40116,-1.62443e-06,7.65561e-07
40117,-1.62443e-06,7.6556e-07
40118,-1.62442e-06,7.6556e-07
40118,-2.93546e-06,1.42485e-06
40118,-2.93546e-06,1.42485e-06
40119,-1.13979e-05,-5.48977e-08
40119,-1.13979e-05,-5.48976e-08
40120,-1.13979e-05,-5.48976e-08
40120,-1.13979e-05,-5.48977e-08
40120,-6.77515e-06,1.97101e-06
40120,-6.77515e-06,1.97101e-06
40120,-4.22526e-06,3.09944e-06
40120,-4.22526e-06,3.09944e-06
40120,-4.22526e-06,3.09944e-06
40121,-6.25604e-06,-3.7198e-07
40121,-6.25603e-06,-3.7198e-07
40122,-6.25604e-06,-3.7198e-07
40122,-6.25604e-06,-3.7198e-07
40123,-6.25604e-06,-3.7198e-07
40123,-6.25603e-06,-3.7198e-07
40123,-6.25603e-06,-3.7198e-07
40123,-6.25604e-06,-3.7198e-07
40123,-6.25603e-06,-3.7198e-07
40123,-6.25603e-06,-3.7198e-07
40124,-6.25604e-06,-3.7198e-07
40125,-6.25603e-06,-3.7198e-07
40125,-6.25604e-06,-3.7198e-07
40127,-6.25603e-06,-3.7198e-07
40127,-4.17178e-06,-2.92853e-07
40128,-4.17178e-06,-2.92853e-07
40128,-3.84535e-06,3.77616e-06
40128,-3.84535e-06,3.77616e-06
40128,4.65882e-07,6.28139e-06
40129,4.65882e-07,6.28139e-06
40129,-8.03299e-07,6.2545e-06
40129,-8.033e-07,6.2545e-06
40129,-1.64122e-06,1.17967e-05
40130,-1.64122e-06,1.17967e-05
40130,3.10798e-06,1.45212e-05
40130,3.10798e-06,1.45212e-05
40130,-3.03829e-06,8.01581e-07
40131,-3.03829e-06,8.01581e-07
40131,-3.03829e-06,8.01581e-07
40131,-3.60201e-06,3.79099e-06
40131,-3.60201e-06,3.79099e-06
40131,-3.60201e-06,3.79099e-06
40132,-3.60201e-06,3.79099e-06
40133,-3.60201e-06,3.79099e-06
40133,6.61272e-06,1.89621e-05
40133,6.61272e-06,1.89621e-05
40134,6.61272e-06,1.89621e-05
40137,6.61271e-06,1.89621e-05
40137,6.61271e-06,1.89621e-05
40137,-2.49687e-06,7.96103e-07
40137,-2.49687e-06,7.96103e-07
40137,-2.49687e-06,7.96102e-07
40139,-1.64775e-06,2.06273e-06
40139,-1.64775e-06,2.06273e-06
40139,3.09149e-06,1.48346e-05
40139,3.09149e-06,1.48346e-05
40140,1.09042e-05,2.03607e-05
40141,1.61947e-05,4.1026e-05
40142,1.61947e-05,4.1026e-05
40142,1.61947e-05,4.1026e-05
40143,1.61947e-05,4.1026e-05
40143,1.61947e-05,4.1026e-05
40143,1.61947e-05,4.1026e-05
40143,1.61947e-05,4.1026e-05
40143,-5.69755e-06,3.0329e-06
40144,-5.69756e-06,3.0329e-06
40144,-9.33199e-06,1.24956e-06
40144,-9.33199e-06,1.24956e-06
40145,-2.57434e-05,1.49987e-07
40147,-2.78439e-05,5.97802e-07
40147,-2.78439e-05,5.97803e-07
40147,-1.62414e-05,-5.08299e-06
40147,-1.62414e-05,-5.08299e-06
40147,-1.70991e-05,-2.22163e-06
40148,-1.70991e-05,-2.22163e-06
40148,-2.88258e-05,4.21883e-06
40149,-2.88258e-05,4.21883e-06
40149,-2.88258e-05,4.21883e-06
40149,-1.99614e-05,3.26298e-07
40149,-1.99614e-05,3.26298e-07
40151,-1.99614e-05,3.26298e-07
40152,-1.99614e-05,3.26298e-07
40152,-2.11991e-05,1.04788e-06
40152,-2.11991e-05,1.04788e-06
40153,-2.73279e-05,2.90496e-06
40153,-2.73279e-05,2.90496e-06
40153,-2.73279e-05,2.90496e-06
40155,-2.73279e-05,2.90496e-06
40155,-2.73279e-05,2.90496e-06
40155,-2.73279e-05,2.90496e-06
40155,-2.73279e-05,2.90496e-06
40155,-2.73279e-05,2.90496e-06
40155,-2.73279e-05,2.90496e-06
40155,-2.73279e-05,2.90496e-06
40155,-2.73279e-05,2.90496e-06
40156,-2.73279e-05,2.90496e-06
40156,-2.73279e-05,2.90496e-06
40157,-2.73279e-05,2.90496e-06
40158,-2.73279e-05,2.90496e-06
40158,-2.73279e-05,2.90496e-06
40160,-2.73279e-05,2.90496e-06
40160,-1.68399e-05,-5.9423e-06
40160,-1.68399e-05,-5.9423e-06
40162,-1.81832e-05,9.48287e-06
40163,-1.81832e-05,9.48288e-06
40164,-1.81832e-05,9.48287e-06
40164,-2.4918e-05,9.29191e-07
40164,-2.4918e-05,9.29191e-07
40164,-2.4918e-05,9.29191e-07
40164,-1.83543e-05,5.81276e-06
40164,-1.83543e-05,5.81276e-06
40164,-1.83543e-05,5.81276e-06
40164,-1.83543e-05,5.81276e-06
40165,-2.70883e-05,3.45317e-06
40165,-2.70883e-05,3.45317e-06
40165,-2.70883e-05,3.45317e-06
40166,-3.24905e-05,1.25266e-07
40166,-3.24905e-05,1.25267e-07
40167,-3.24905e-05,1.25266e-07
40167,-3.86309e-05,4.80138e-07
40167,-3.86309e-05,4.80138e-07
40167,-579198,3.55048e-06
40167,-3.53262e-05,1.33357e-06
40167,-1.7633e-05,-2.50217e-07
40168,-1.7633e-05,-2.50217e-07
40168,-1.7633e-05,-2.50216e-07
40168,-1.7633e-05,-2.50216e-07
40169,-1.7633e-05,-2.50216e-07
40169,-1.7633e-05,-2.50216e-07
40169,-1.8144e-05,-6.32129e-06
40169,-2.49977e-05,3.20136e-06
40170,-2.49977e-05,3.20136e-06
40170,-2.49977e-05,3.20136e-06
40171,-2.96186e-05,5.61908e-07
40171,-2.96186e-05,5.61908e-07
40171,-2.96186e-05,5.61908e-07
40171,-2.96186e-05,5.61908e-07
40171,-2.96186e-05,5.61908e-07
46843,-2.96186e-05,5.61908e-07
46843,-2.96186e-05,5.61908e-07
46844,-2.96186e-05,5.61908e-07
46844,-2.77695e-05,2.69025e-06
46845,-2.77695e-05,2.69025e-06
46845,-2.77695e-05,2.69025e-06
46846,-2.77695e-05,2.69025e-06
46847,-2.59731e-05,3.23347e-06
46848,-2.64098e-05,5.16157e-06
46848,-2.64098e-05,5.16157e-06
46849,-2.64098e-05,5.16157e-06
46849,-2.64098e-05,5.16157e-06
46849,-2.75754e-05,4.82332e-06
46850,-2.88565e-05,3.84433e-06
46850,-3.23514e-05,5.19015e-07
46850,-1.67016e-05,8.38849e-06
46851,-1.67016e-05,8.38849e-06
46851,-1.67016e-05,8.38849e-06
46851,-1.67016e-05,8.38849e-06
46853,-2.90878e-05,5.77325e-07
46853,-2.90878e-05,5.77325e-07
46853,-2.90878e-05,5.77325e-07
46853,-2.90878e-05,5.77325e-07
46853,-1.74538e-05,9.92171e-06
46853,-1.74538e-05,9.92171e-06
46853,-3.66021e-05,3.51629e-06
46853,-1.95355e-05,7.45664e-06
46853,-3.7706e-05,7.70751e-07
46853,-3.41156e-05,4.92862e-06
46853,-3.41156e-05,4.92862e-06
46853,-3.41156e-05,4.92862e-06
46854,-2.45257e-05,2.23443e-06
46855,-3.08958e-05,3.99581e-06
46857,-3.08958e-05,3.99581e-06
46858,-3.08958e-05,3.99581e-06
46858,-3.08958e-05,3.99581e-06
46858,-3.23283e-05,4.77218e-06
46858,-3.23283e-05,4.77218e-06
46860,-2.93821e-05,6.58458e-06
46860,-2.93821e-05,6.58458e-06
46861,-2.89565e-05,3.10248e-06
46861,-2.89565e-05,3.10248e-06
46862,-2.24417e-05,-1.21628e-05
46862,-2.24417e-05,-1.21628e-05
46863,-2.24417e-05,-1.21628e-05
46863,-2.24417e-05,-1.21628e-05
46863,-2.24416e-05,-1.21628e-05
46863,-1.62077e-05,-4.77025e-06
46863,-137416,7.99712e-07
46863,-253335,7.99711e-07
46863,-5.00529e-05,2.29541e-06
46863,-5.00529e-05,2.29541e-06
46863,-2.68613e-05,-6.27508e-06
46864,-2.68613e-05,-6.27508e-06
46864,-2.68613e-05,-6.27508e-06
46866,-2.68613e-05,-6.27508e-06
46866,-2.68613e-05,-6.27508e-06
46868,-2.68613e-05,-6.27508e-06
46868,-2.68613e-05,-6.27508e-06
46868,-2.68613e-05,-6.27508e-06
46868,-2.68613e-05,-6.27508e-06
46869,-2.68613e-05,-6.27508e-06
46869,-1.44146e-05,5.01121e-06
46870,-1.44146e-05,5.01121e-06
46870,-1.44146e-05,5.01121e-06
46870,-2.87061e-05,9.33866e-06
46870,-2.87061e-05,9.33866e-06
46870,-2.26263e-05,1.56222e-06
46870,-1.70326e-05,7.43073e-06
46870,-1.70326e-05,7.43073e-06
46870,-1.70326e-05,7.43073e-06
46871,-1.70326e-05,7.43073e-06
46871,-1.70326e-05,7.43073e-06
46872,-1.70326e-05,7.43073e-06
46872,-1.70326e-05,7.43073e-06
46872,-1.70326e-05,7.43073e-06
46873,-2.56585e-05,4.04682e-06
46873,-1.61532e-05,-6.10768e-08
46873,-1.93467e-05,6.05522e-08
46874,-1.93467e-05,6.05522e-08
46874,-1.93467e-05,6.05522e-08
46875,-2.31718e-05,3.77498e-07
46875,-2.31718e-05,3.77497e-07
46878,-1.02739e-05,-7.52735e-07
46878,-1.57386e-05,5.13183e-06
46883,-1.57386e-05,5.13183e-06
46884,-1.57386e-05,5.13183e-06
46885,-1.57386e-05,5.13183e-06
46886,-2.5892e-05,2.92038e-06
46887,-2.5892e-05,2.92038e-06
46888,-1.50849e-05,1.14264e-06
46888,-1.11363e-05,1.24239e-07
46888,-1.69569e-05,1.08051e-06
46888,-1.0502e-05,-7.18086e-07
46888,-1.694e-05,1.06257e-06
46889,-1.12462e-05,-6.09346e-07
46889,-1.54705e-05,2.02788e-06
46889,-1.54705e-05,2.02788e-06
46890,-1.54705e-05,2.02788e-06
46890,-1.54705e-05,2.02788e-06
46890,-1.54705e-05,2.02788e-06
46891,-1.32094e-05,3.9302e-06
46891,-1.32094e-05,3.9302e-06
46891,-1.62403e-05,3.33688e-06
46892,-1.62403e-05,3.33688e-06
46892,-1.62403e-05,3.33688e-06
46892,-1.62403e-05,3.33688e-06
46892,-1.92885e-05,-1.84816e-07
46892,-1.69821e-05,1.39727e-06
46892,-1.69821e-05,1.39727e-06
46893,-1.69821e-05,1.39727e-06
46893,-1.69821e-05,1.39727e-06
46893,-1.24133e-05,5.52834e-06
46893,-1.92062e-05,1.95046e-06
46893,-1.92062e-05,1.95046e-06
46893,-1.92062e-05,1.95046e-06
46893,-1.92062e-05,1.95046e-06
46893,-1.55137e-05,1.19415e-06
46893,-2.71379e-05,4.21777e-06
46893,-2.71379e-05,4.21777e-06
46893,-2.71379e-05,4.21777e-06
46893,-2.71379e-05,4.21777e-06
46893,-2.01429e-05,6.45594e-06
46893,-1.3288e-05,-5.20137e-07
46893,-1.3288e-05,-5.20137e-07
46893,-1.3288e-05,-5.20137e-07
46894,-1.3288e-05,-5.20137e-07
46894,-1.3288e-05,-5.20137e-07
46894,-1.3288e-05,-5.20137e-07
46894,-1.3288e-05,-5.20137e-07
46895,-1.3288e-05,-5.20137e-07
46895,-1.3288e-05,-5.20137e-07
46895,-1.70775e-05,1.68228e-06
46895,-1.70775e-05,1.68228e-06
46895,-1.70775e-05,1.68228e-06
46896,-1.68137e-05,7.61424e-07
46896,-1.73714e-05,-9.2229e-07
46896,-1.73714e-05,-9.2229e-07
46897,-1.73714e-05,-9.2229e-07
46897,-1.73714e-05,-9.2229e-07
46897,-1.73714e-05,-9.2229e-07
46897,-1.73714e-05,-9.2229e-07
46897,-1.73714e-05,-9.2229e-07
46898,-2.63227e-05,7.52403e-06
46898,-2.63227e-05,7.52403e-06
46898,-2.63227e-05,7.52403e-06
46899,-9.76169e-06,4.41223e-06
46899,-1.10869e-05,4.49808e-06
46899,-1.1187e-05,4.32964e-06
46900,-1.80352e-05,8.49216e-07
46900,-1.80352e-05,8.49216e-07
46900,-1.80352e-05,8.49216e-07
46900,-1.12486e-05,-4.69738e-07
46900,-1.12486e-05,-4.69738e-07
46900,-1.38193e-05,3.95583e-06
46901,-1.38193e-05,3.95583e-06
46901,-1.38193e-05,3.95583e-06
46901,-1.38193e-05,3.95583e-06
46901,-1.36138e-05,4.04831e-06
46903,-1.65625e-05,2.58221e-07
46903,-1.51663e-05,5.99375e-06
46903,-1.51663e-05,5.99375e-06
46903,-1.8482e-05,4.48433e-06
46903,-1.68023e-05,-1.39052e-06
46904,-2.20545e-05,-3.25389e-06
46904,-2.20545e-05,-3.25389e-06
46904,-2.20545e-05,-3.25389e-06
46904,-1.21962e-05,7.65253e-06
46905,-1.21962e-05,7.65253e-06
46905,-1.21962e-05,7.65253e-06
46905,-1.21962e-05,7.65253e-06
46905,-1.21962e-05,7.65253e-06
46905,-1.21962e-05,7.65253e-06
46905,-1.67086e-05,5.29173e-06
46905,-1.67086e-05,5.29173e-06
46905,-1.67086e-05,5.29173e-06
46908,-1.67086e-05,5.29173e-06
46908,-3.58737e-05,-1.46069e-06
46908,-3.58737e-05,-1.46069e-06
46911,-3.58737e-05,-1.46069e-06
46912,-3.58737e-05,-1.46069e-06
46914,-3.58737e-05,-1.46069e-06
46914,-3.58737e-05,-1.46069e-06
46914,-3.58737e-05,-1.46069e-06
46914,-3.58737e-05,-1.46069e-06
46914,-2.71317e-05,-6.7497e-06
46914,-2.71317e-05,-6.7497e-06
46914,-2.71317e-05,-6.7497e-06
46914,-2.71317e-05,-6.7497e-06
46915,-2.71317e-05,-6.7497e-06
46915,-2.71317e-05,-6.7497e-06
46915,-2.71317e-05,-6.7497e-06
46915,-2.71317e-05,-6.7497e-06
46915,-2.71317e-05,-6.7497e-06
46915,-2.71317e-05,-6.7497e-06
46916,-1.10628e-05,4.4268e-06
46916,-1.31834e-05,4.52524e-06
46916,-3.94415e-05,1.474e-07
46916,-3.94415e-05,1.474e-07
46916,-3.72706e-05,-3.47602e-07
46917,-3.8179e-05,-4.9453e-07
46917,-3.8179e-05,-4.9453e-07
46918,-3.89253e-05,-4.91585e-07
46918,-3.89253e-05,-4.91585e-07
46918,-3.63992e-05,-3.92713e-07
46918,-3.63992e-05,-3.92714e-07
46920,-3.65263e-05,-3.97605e-07
46920,-3.0813e-05,3.92152e-06
46921,-3.52144e-05,1.02608e-05
46921,-2.24029e-05,2.20911e-05
46921,-3.56044e-05,8.37526e-06
46922,-3.58744e-05,8.16798e-06
46922,-2.93539e-05,9.93968e-06
46922,-3.53314e-05,2.37526e-06
46922,-3.53314e-05,2.37526e-06
46922,-3.53314e-05,2.37526e-06
46922,-3.53314e-05,2.37526e-06
46922,-3.53314e-05,2.37526e-06
46922,-3.61124e-05,7.38056e-07
46922,-3.55839e-05,8.85198e-06
46922,-3.31703e-05,5.33761e-06
46922,-3.81881e-05,-1.14493e-06
46922,-3.81881e-05,-1.14493e-06
46922,-3.58711e-05,8.43744e-06
46922,-3.61003e-05,-9.05683e-08
46923,-3.61995e-05,8.1717e-06
46923,-3.59978e-05,1.09586e-05
46924,-3.51286e-05,1.0672e-05
46924,-3.69452e-05,-1.75462e-06
46926,-3.68512e-05,1.24708e-08
46926,-3.4268e-05,6.54685e-06
46927,-3.4268e-05,6.54685e-06
46927,-3.05054e-05,6.46882e-07
46928,-1.04974e-05,-3.14229e-07
46928,-1.04973e-05,-3.14144e-07
46929,-3.24078e-05,7.02918e-07
46929,-3.24078e-05,7.02917e-07
46931,-4.2904e-05,1.23714e-06
46931,-3.38012e-05,7.93507e-07
46931,-3.38012e-05,7.93507e-07
46934,-9.24486e-06,-7.91624e-07
46934,-2.69881e-05,2.76185e-06
46934,-4.02746e-05,6.06528e-07
46934,-4.02746e-05,6.06527e-07
46934,-4.02746e-05,6.06528e-07
46936,-4.02746e-05,6.06528e-07
46936,-4.02746e-05,6.06528e-07
46936,-1.98493e-05,8.80573e-06
46936,-1.98493e-05,8.80573e-06
46936,-1.98493e-05,8.80573e-06
46937,-2.81172e-05,8.64799e-06
46937,-2.10985e-05,2.09094e-06
46937,-2.10985e-05,2.09094e-06
46939,-2.10984e-05,2.09094e-06
46939,-2.10984e-05,2.09094e-06
46940,-2.47748e-05,1.51257e-05
46940,-2.47749e-05,1.51257e-05
46941,-2.47749e-05,1.51257e-05
46942,-2.47749e-05,1.51257e-05
46942,-2.48875e-05,-1.39563e-06
46942,-2.16551e-05,4.87292e-06
46942,-2.16551e-05,4.87292e-06
46942,-2.16551e-05,4.87292e-06
46942,-1.35518e-05,3.17381e-06
46942,-3.89134e-05,1.98433e-06
46943,-3.89134e-05,1.98433e-06
46943,-3.89134e-05,1.98433e-06
46944,-3.89134e-05,1.98433e-06
46944,-3.89135e-05,1.98433e-06
46945,-9.81066e-06,4.43362e-06
46946,-2.68337e-05,8.76374e-06
46946,-2.68337e-05,8.76374e-06
46947,-2.68337e-05,8.76374e-06
46947,-1.12958e-05,-1.78572e-06
46948,-1.12958e-05,-1.78572e-06
46948,-1.2076e-05,7.90579e-08
46949,-3.8212e-05,4.04194e-06
46949,-3.8212e-05,4.04193e-06
46949,-3.8212e-05,4.04194e-06
46950,-1.34883e-05,7.98801e-07
46950,-1.32872e-05,5.29812e-07
46950,-3.66184e-05,2.99167e-06
46950,-3.66184e-05,2.99167e-06
46951,-3.66184e-05,2.99167e-06
46951,-3.66184e-05,2.99167e-06
46952,-3.66184e-05,2.99167e-06
46952,-3.66184e-05,2.99167e-06
46952,-3.66184e-05,2.99167e-06
46952,-3.66184e-05,2.99167e-06
46952,-1.18139e-05,-2.00859e-06
46952,-1.18139e-05,-2.00859e-06
46952,-1.07697e-05,-1.61721e-06
46952,-1.07697e-05,-1.61721e-06
46952,-2.97672e-05,-1.02203e-06
46952,-2.97673e-05,-1.02203e-06
46952,-2.97673e-05,-1.02203e-06
46952,-2.97672e-05,-1.02203e-06
46952,-2.97673e-05,-1.02203e-06
46952,-2.97673e-05,-1.02203e-06
46952,-1.42972e-05,4.34684e-07
46952,-1.42972e-05,4.34685e-07
46952,-1.42972e-05,4.34685e-07
46956,-1.42972e-05,4.34685e-07
46956,-1.19814e-05,2.36148e-06
46957,-1.19814e-05,2.36148e-06
46957,-1.42801e-05,1.39932e-06
46957,-1.42801e-05,1.39932e-06
46958,-1.32643e-05,1.22871e-06
46958,-1.32643e-05,1.22871e-06
46958,-1.32643e-05,1.22871e-06
46959,-1.32643e-05,1.22871e-06
46959,-1.32643e-05,1.22871e-06
46959,-1.32643e-05,1.22871e-06
46959,-7.50608e-06,1.11421e-07
46960,-1.00052e-05,4.85847e-06
46960,-1.00052e-05,4.85847e-06
46960,-1.00052e-05,4.85847e-06
46961,-1.00052e-05,4.85847e-06
46961,-1.00052e-05,4.85847e-06
46961,-1.00052e-05,4.85847e-06
46962,-1.00052e-05,4.85847e-06
46962,-1.00052e-05,4.85847e-06
46963,-9.65384e-06,7.71678e-07
46964,-9.65384e-06,7.71678e-07
46965,-9.65384e-06,7.71678e-07
46965,-9.65384e-06,7.71678e-07
46965,-9.65384e-06,7.71678e-07
46965,-9.65384e-06,7.71678e-07
46965,-1.39023e-05,7.85555e-07
46965,-1.39023e-05,7.85555e-07
46966,-1.39023e-05,7.85555e-07
46967,-1.39023e-05,7.85555e-07
46967,-1.39023e-05,7.85555e-07
46967,-1.39023e-05,7.85555e-07
46968,-9.34307e-06,6.21646e-06
46968,-9.34307e-06,6.21646e-06
46968,-9.34307e-06,6.21646e-06
46968,-1.42748e-05,1.57336e-06
46968,-1.42748e-05,1.57336e-06
46968,-1.42748e-05,1.57336e-06
46968,-1.3831e-05,1.38466e-06
46968,-1.3831e-05,1.38466e-06
46969,-1.3831e-05,1.38466e-06
46969,-1.3831e-05,1.38466e-06
46969,-1.3831e-05,1.38466e-06
46969,-1.3831e-05,1.38466e-06
46970,-1.02816e-05,8.04064e-06
46972,-1.02816e-05,8.04064e-06
46972,-5.23498e-06,2.10422e-06
46972,-2.09162e-06,6.636e-06
46972,-5.58637e-06,1.87539e-06
46973,-5.04724e-06,8.37755e-06
46974,-3.16691e-06,4.56906e-06
46975,-1.57606e-06,8.89642e-06
46976,-1.57606e-06,8.89642e-06
46976,-1.04599e-05,2.68115e-06
46976,-1.04599e-05,2.68115e-06
46976,-1.04599e-05,2.68115e-06
46977,-5.85877e-06,4.09184e-06
46977,-5.85877e-06,4.09184e-06
46977,-5.85877e-06,4.09184e-06
46977,-5.85877e-06,4.09184e-06
46978,-5.85877e-06,4.09184e-06
46978,-1.30866e-05,1.05473e-06
46979,-1.30866e-05,1.05473e-06
46981,-1.30866e-05,1.05473e-06
46983,-1.30866e-05,1.05473e-06
46984,-2.64218e-06,5.5858e-06
46984,-2.64218e-06,5.5858e-06
46984,-2.64219e-06,5.5858e-06
46987,-8.14424e-06,3.5103e-06
46990,-8.14424e-06,3.5103e-06
46990,-8.14424e-06,3.5103e-06
46990,-8.14424e-06,3.5103e-06
46990,-8.14424e-06,3.5103e-06
46993,-8.14424e-06,3.5103e-06
46993,-8.14424e-06,3.5103e-06
46994,-9.79528e-06,8.48205e-06
46994,-9.79528e-06,8.48205e-06
46995,-9.79528e-06,8.48205e-06
46995,-9.79528e-06,8.48205e-06
46996,-1.27054e-05,1.89709e-06
46996,-1.27054e-05,1.89709e-06
46996,-1.27054e-05,1.89709e-06
46996,-1.27054e-05,1.89709e-06
46996,-6.8442e-06,1.14066e-05
46997,-6.8442e-06,1.14066e-05
46998,-8.33282e-06,2.91287e-07
46998,-8.33282e-06,2.91287e-07
46999,-8.1102e-06,5.0793e-06
46999,-8.1102e-06,5.0793e-06
47000,-8.12302e-06,6.99416e-07
47000,-8.12302e-06,6.99416e-07
47000,-8.12302e-06,6.99416e-07
47000,-6.23106e-06,4.07058e-06
47000,-6.23106e-06,4.07058e-06
47000,-1.60982e-05,1.481e-05
47000,-1.60982e-05,1.481e-05
47000,-1.60982e-05,1.481e-05
47000,-1.60982e-05,1.481e-05
47000,-1.66671e-05,5.07057e-06
47001,-1.66671e-05,5.07057e-06
47001,-1.66671e-05,5.07057e-06
47001,-1.66671e-05,5.07057e-06
47004,-1.66671e-05,5.07057e-06
47004,-1.66671e-05,5.07057e-06
47005,-7.0881e-06,7.70914e-06
47009,-7.0881e-06,7.70914e-06
47009,-7.08808e-06,7.70914e-06
47009,-7.08809e-06,7.70914e-06
47009,-7.0881e-06,7.70914e-06
47009,-7.0881e-06,7.70914e-06
47009,-3.69093e-06,7.01882e-06
47009,-3.69093e-06,7.01882e-06
47009,-1.07796e-05,8.74683e-06
47010,-1.07796e-05,8.74683e-06
50134,-1.73943e-05,6.43867e-06
50135,-1.73943e-05,6.43867e-06
50135,-1.64471e-05,3.15926e-06
50135,-1.64471e-05,3.15926e-06
50136,-1.64471e-05,3.15926e-06
50136,-1.64471e-05,3.15926e-06
50137,-1.10812e-05,7.25102e-06
50138,-1.10812e-05,7.25102e-06
50138,-1.10812e-05,7.25102e-06
50138,-9.79147e-06,1.01234e-05
50138,-9.79148e-06,1.01234e-05
50139,-9.79148e-06,1.01234e-05
50139,-9.79147e-06,1.01234e-05
50140,-9.59543e-06,4.56176e-06
50141,-9.59543e-06,4.56176e-06
50142,-9.59543e-06,4.56176e-06
50143,-9.59543e-06,4.56176e-06
50144,-9.59543e-06,4.56176e-06
50145,-9.59543e-06,4.56176e-06
50146,-1.33664e-05,1.35207e-06
50146,-1.33664e-05,1.35207e-06
50146,-1.33664e-05,1.35207e-06
50146,-1.0047e-05,3.68665e-06
50146,-1.0047e-05,3.68665e-06
50147,-1.0047e-05,3.68665e-06
50147,-1.0047e-05,3.68665e-06
50148,-1.0047e-05,3.68665e-06
50148,-1.0047e-05,3.68665e-06
50148,-1.0047e-05,3.68665e-06
50148,-1.0047e-05,3.68665e-06
50149,-1.0047e-05,3.68665e-06
50150,-1.0047e-05,3.68665e-06
50150,-1.0047e-05,3.68665e-06
50150,-7.96879e-06,1.62593e-06
50150,-7.96879e-06,1.62593e-06
50151,-7.96879e-06,1.62593e-06
50152,-7.96879e-06,1.62593e-06
50152,-2.01229e-05,2.33271e-06
50152,-2.01229e-05,2.33271e-06
50152,-1.1695e-05,6.48475e-06
50153,-1.1695e-05,6.48475e-06
50154,-1.1695e-05,6.48475e-06
50154,-3.55271e-05,8.07721e-07
50154,-2.83273e-05,3.28304e-06
50154,-1.49711e-05,7.76689e-06
50155,-1.49711e-05,7.76689e-06
50156,-1.49711e-05,7.7669e-06
50156,-3.15042e-05,-2.74315e-06
50156,-3.15042e-05,-2.74315e-06
50156,-3.15042e-05,-2.74315e-06
50156,-3.15042e-05,-2.74315e-06
50156,-3.15042e-05,-2.74315e-06
50156,-3.15042e-05,-2.74315e-06
50156,-3.15042e-05,-2.74315e-06
50156,-2.98525e-05,1.21308e-06
50157,-3.21344e-05,1.85477e-06
50157,-3.21344e-05,1.85477e-06
50157,-1.25646e-06,-2.22874e-06
50159,-1.25646e-06,-2.22874e-06
50160,-2.79404e-05,2.96921e-06
50160,-3.10538e-05,-3.58371e-06
50160,-3.10538e-05,-3.58371e-06
50160,-3.10538e-05,-3.58371e-06
50160,-3.10538e-05,-3.58371e-06
50160,-3.10538e-05,-3.58371e-06
50160,-3.10538e-05,-3.58371e-06
50161,-3.10538e-05,-3.58371e-06
50161,-3.10538e-05,-3.58371e-06
50161,-2.64552e-05,4.22145e-07
50162,-2.95185e-05,3.90822e-06
50163,-2.23829e-05,6.71983e-06
50164,-2.81162e-05,6.62868e-07
50165,-3.22422e-05,-6.60225e-07
50165,-3.22422e-05,-6.60225e-07
50165,-3.22422e-05,-6.60225e-07
50166,-3.22422e-05,-6.60225e-07
50166,-3.22422e-05,-6.60225e-07
50167,-3.22422e-05,-6.60225e-07
50167,-3.22422e-05,-6.60225e-07
50167,-3.22422e-05,-6.60225e-07
50167,-2.54762e-05,7.16184e-06
50168,-2.5669e-05,3.38674e-06
50169,-2.18597e-05,4.92239e-06
50170,-3.25238e-06,3.26342e-07
50170,-3.25238e-06,3.26342e-07
50171,-2.22819e-06,5.01917e-07
50172,-2.22819e-06,5.01917e-07
50173,-9.77378e-08,2.79177e-07
50173,-1.80261e-06,-4.30453e-08
50173,-1.80261e-06,-4.30456e-08
50174,-4.55224e-06,2.62919e-07
50174,-4.55222e-06,2.62935e-07
50174,-4.55222e-06,2.62935e-07
50174,-1.2253e-06,3.68498e-06
50174,-1.22529e-06,3.68498e-06
50174,-5.87479e-06,-3.20775e-08
50175,-3.02252e-06,6.59767e-07
50175,-2.27622e-06,6.67494e-07
50175,-4.42849e-06,-5.67637e-07
50175,1.8941e-08,4.04776e-06
50176,1.89427e-08,4.04776e-06
50176,1.8953e-08,4.04776e-06
50176,1.8949e-08,4.04776e-06
50176,1.89588e-08,4.04776e-06
50176,1.89438e-08,4.04776e-06
50176,1.8941e-08,4.04776e-06
50176,1.89436e-08,4.04776e-06
50176,-4.42831e-06,3.73791e-07
50177,-4.42831e-06,3.73791e-07
50177,-1.78343e-06,3.52591e-07
50177,-1.78343e-06,3.52591e-07
50177,-5.12813e-06,2.88557e-07
50177,-5.12813e-06,2.88557e-07
50177,-5.12813e-06,2.88557e-07
50177,-1.96081e-06,8.39359e-07
50177,-4.28137e-06,-3.39596e-07
50177,-4.28138e-06,-3.39596e-07
50177,-1.64384e-06,6.57688e-07
50178,-1.64383e-06,6.57688e-07
50179,-5.20941e-06,-9.67683e-09
50180,-5.20941e-06,-9.67683e-09
50180,-5.20941e-06,-9.67683e-09
50181,-3.23629e-07,1.5998e-06
50182,-3.23628e-07,1.5998e-06
50182,-3.2362e-07,1.5998e-06
50183,6.52867e-07,2.03691e-06
50183,3.071e-06,7.72495e-06
50184,3.071e-06,7.72495e-06
50184,3.071e-06,7.72495e-06
50185,3.071e-06,7.72495e-06
50186,3.071e-06,7.72495e-06
50187,3.071e-06,7.72495e-06
50188,-1.85381e-06,5.80714e-07
50189,-1.85381e-06,5.80714e-07
50190,-3.99369e-07,1.25506e-06
50191,-1.79999e-06,6.09105e-07
50192,-1.79998e-06,6.09105e-07
50192,-1.29379e-07,1.32161e-06
50192,-3.60825e-07,2.91411e-06
50192,-3.60829e-07,2.91411e-06
50192,-3.60831e-07,2.91411e-06
50193,-6.80005e-07,5.27533e-06
50194,-6.80005e-07,5.27533e-06
50195,-5.7752e-06,5.77298e-07
50196,-5.7752e-06,5.77298e-07
50196,-5.7752e-06,5.77298e-07
50197,3.81758e-06,6.50452e-06
50198,3.81758e-06,6.50452e-06
50199,-397493,1.72374e-06
50200,-1.82585e-06,-2.75244e-08
50201,-1.94245e-06,2.19532e-06
50203,-1.94244e-06,2.19532e-06
50204,-7.58083e-07,2.38654e-06
50205,-7.58082e-07,2.38654e-06
50205,-7.58081e-07,2.38654e-06
50206,-3.0086e-06,-2.40817e-06
50207,-3.40091e-06,-6.22914e-07
50207,-3.40091e-06,-6.22914e-07
50208,-4.62403e-06,2.00602e-06
50208,-4.62403e-06,2.00602e-06
50209,-1.80305e-06,9.17465e-07
50210,-1.80305e-06,9.17465e-07
50210,-1.80305e-06,9.17465e-07
50211,-2.17295e-06,1.18955e-06
50212,-2.17295e-06,1.18955e-06
50215,-2.17295e-06,1.18955e-06
50215,-1.27966e-06,1.31611e-06
50215,-1.27966e-06,1.31611e-06
50215,-1.27966e-06,1.31611e-06
50215,-1.27967e-06,1.31611e-06
50216,-3.03239e-06,-1.83765e-06
50216,-3.99848e-06,5.06295e-07
50216,-3.99848e-06,5.06295e-07
50217,-3.99848e-06,5.06295e-07
50219,-3.99848e-06,5.06295e-07
50219,-3.99848e-06,5.06295e-07
50219,-1.73296e-06,6.01099e-07
50219,9.08601e-06,1.13143e-05
50220,9.08601e-06,1.13143e-05
50220,9.08601e-06,1.13143e-05
50220,-2.9102e-06,-2.58992e-06
50220,-2.9102e-06,-2.58992e-06
50221,-2.9102e-06,-2.58992e-06
50223,-1.42314e-06,3.47832e-06
50223,-1.42315e-06,3.47832e-06
50223,-1.42314e-06,3.47832e-06
50224,-1.42314e-06,3.47832e-06
50225,-3.11857e-06,-2.27443e-06
50225,3.17997e-06,4.65667e-06
50225,3.17997e-06,4.65667e-06
50225,3.17997e-06,4.65667e-06
50225,3.17997e-06,4.65667e-06
50226,3.17997e-06,4.65667e-06
50227,3.17997e-06,4.65667e-06
50227,3.17997e-06,4.65667e-06
50227,3.17997e-06,4.65667e-06
50228,3.17997e-06,4.65667e-06
50228,3.17997e-06,4.65667e-06
50230,3.17997e-06,4.65667e-06
50231,3.17997e-06,4.65667e-06
50231,3.17997e-06,4.65667e-06
50231,3.17997e-06,4.65667e-06
50232,3.17997e-06,4.65667e-06
50233,3.17997e-06,4.65667e-06
50234,3.17997e-06,4.65667e-06
50234,3.17997e-06,4.65667e-06
50234,3.17997e-06,4.65667e-06
50234,3.17997e-06,4.65667e-06
50234,3.17997e-06,4.65667e-06
50234,3.17997e-06,4.65667e-06
50234,3.17997e-06,4.65667e-06
50234,3.17997e-06,4.65667e-06
50235,-1.45611e-06,1.13696e-06
50235,-7.65429e-07,1.54979e-06
50236,-1.73054e-07,4.05924e-06
50236,-1.73053e-07,4.05924e-06
50237,-1.73053e-07,4.05924e-06
50237,-2.52939e-06,-2.9168e-06
50237,-2.38818e-06,-3.07226e-06
50237,-2.17762e-06,-6.96367e-07
50237,-3.82879e-06,7.68034e-07
50237,-3.82879e-06,7.68034e-07
50238,-3.82879e-06,7.68034e-07
50238,-4.79343e-06,1.66384e-07
50238,-4.79343e-06,1.66384e-07
50238,-4.79343e-06,1.66384e-07
50239,-3.83564e-06,8.65841e-07
50239,-3.83564e-06,8.65841e-07
50240,-3.83564e-06,8.65841e-07
50240,-3.83564e-06,8.65841e-07
50241,-3.83564e-06,8.6584e-07
50241,-3.83564e-06,8.6584e-07
50241,-3.83564e-06,8.6584e-07
50241,-3.83564e-06,8.6584e-07
50241,-3.31965e-06,1.53237e-06
50241,-3.31965e-06,1.53237e-06
50242,-3.31965e-06,1.53237e-06
50243,-3.31965e-06,1.53237e-06
50243,-3.31965e-06,1.53237e-06
50243,-3.31965e-06,1.53237e-06
50243,-3.31965e-06,1.53237e-06
50243,-3.31965e-06,1.53237e-06
50243,-3.72226e-06,-2.18469e-06
50243,-9.03418e-06,-6.92469e-07
50243,-9.03418e-06,-6.92469e-07
50244,-2.24101e-06,4.19327e-07
50244,-2.24101e-06,4.19327e-07
50244,-2.24101e-06,4.19327e-07
50244,-2.42822e-06,4.47426e-06
50244,-2.42821e-06,4.47426e-06
50244,-2.42821e-06,4.47426e-06
50245,-2.42821e-06,4.47426e-06
50245,-2.42821e-06,4.47426e-06
50245,-4.64129e-06,2.26775e-07
50245,-4.64129e-06,2.26775e-07
50245,-4.64129e-06,2.26775e-07
50245,-2.89119e-06,9.28405e-07
50246,-2.89119e-06,9.28405e-07
50246,-2.89119e-06,9.28405e-07
50246,-2.89119e-06,9.28405e-07
50247,-1.63923e-06,9.20427e-08
50247,-1.63924e-06,9.20427e-08
50247,-1.63924e-06,9.20427e-08
50248,-1.63923e-06,9.20427e-08
50248,-2.87956e-06,1.03885e-06
50248,-2.87956e-06,1.03885e-06
50248,-2.87956e-06,1.03885e-06
50248,-6.09984e-07,4.73302e-06
50248,-6.0998e-07,4.73302e-06
50249,-6.0998e-07,4.73302e-06
50249,-6.09981e-07,4.73302e-06
50250,-1.02431e-07,2.57025e-06
50252,-1.0243e-07,2.57025e-06
50254,-1.0243e-07,2.57025e-06
50255,-1.02427e-07,2.57025e-06
50256,-4.23504e-06,1.29778e-06
50257,-4.23504e-06,1.29778e-06
50257,-4.23504e-06,1.29778e-06
50258,-4.23504e-06,1.29778e-06
50258,-5.07122e-06,5.13786e-07
50258,-5.07122e-06,5.13786e-07
50260,-5.07122e-06,5.13786e-07
50260,-2.35251e-07,5.49672e-06
50260,-2.3525e-07,5.49672e-06
50260,-2.35254e-07,5.49672e-06
50260,-2.35251e-07,5.49672e-06
50261,-2.35249e-07,5.49672e-06
50261,-7.23844e-06,8.92951e-07
50261,-7.23844e-06,8.9295e-07
50261,9.91751e-07,3.85188e-06
50262,-1.39575e-06,3.6369e-06
50262,-1.39575e-06,3.6369e-06
50262,-1.39575e-06,3.6369e-06
50264,-1.5938e-06,1.58279e-06
50264,-1.5938e-06,1.58279e-06
50264,-3.9253e-06,1.28346e-06
50264,-3.9253e-06,1.28346e-06
50264,-2.14151e-07,2.58375e-06
50264,-2.14152e-07,2.58375e-06
50264,-2.14154e-07,2.58375e-06
50265,-4.80178e-06,-7.77381e-07
50265,-4.80178e-06,-7.77381e-07
50265,-4.80178e-06,-7.77381e-07
50265,-4.80178e-06,-7.77381e-07
50266,-4.80178e-06,-7.77381e-07
50266,-4.80178e-06,-7.77381e-07
50266,-1.24826e-06,1.0399e-06
50266,-1.24826e-06,1.0399e-06
50267,-1.24826e-06,1.0399e-06
50267,2.67932e-06,8.32299e-06
50270,2.67932e-06,8.32299e-06
50270,2.67932e-06,8.32299e-06
50271,2.67932e-06,8.32299e-06
50271,2.67933e-06,8.32299e-06
50272,-9.86341e-07,4.20969e-07
50272,-9.86341e-07,4.20969e-07
50272,-4.4863e-06,1.61736e-07
50273,-4.4863e-06,1.61736e-07
50273,-4.4863e-06,1.61736e-07
50274,6.31443e-07,3.15901e-06
50274,6.31442e-07,3.15901e-06
50274,6.31441e-07,3.15901e-06
50274,-6.08826e-06,-6.92228e-07
50275,-6.08826e-06,-6.92228e-07
50275,-6.08826e-06,-6.92228e-07
50275,-6.08826e-06,-6.92228e-07
50275,-6.08826e-06,-6.92228e-07
50275,-6.08826e-06,-6.92228e-07
50275,-3.99833e-07,1.81381e-06
50276,-3.99833e-07,1.81381e-06
50276,-3.99833e-07,1.81381e-06
50276,-3.99833e-07,1.81381e-06
50276,-3.99832e-07,1.81381e-06
50276,-3.99832e-07,1.81381e-06
50276,-2.94379e-06,-2.67095e-06
50277,-5.43834e-06,9.03581e-08
50277,-5.43833e-06,9.03581e-08
50278,-5.43833e-06,9.03581e-08
50278,-4.63785e-06,-3.88856e-07
50280,-4.63785e-06,-3.88856e-07
50280,-4.63786e-06,-3.88856e-07
50281,-2.08228e-06,1.29041e-06
50281,-2.08228e-06,1.29041e-06
50281,-2.08228e-06,1.29041e-06
50281,-4.89643e-06,3.23604e-07
50282,-4.89643e-06,3.23604e-07
50282,-4.89643e-06,3.23604e-07
50282,-4.94108e-06,4.8858e-07
50283,-4.94108e-06,4.8858e-07
50283,-1.54611e-07,4.74403e-06
50283,-1.54614e-07,4.74403e-06
50283,-1.54615e-07,4.74403e-06
50284,-1.5461e-07,4.74403e-06
50284,-1.54612e-07,4.74403e-06
50284,-1.54611e-07,4.74403e-06
50284,-1.54602e-07,4.74402e-06
50284,-1.54619e-07,4.74402e-06
50284,-2.03277e-06,-9.42362e-07
50285,2.08032e-07,6.68941e-06
50285,2.08032e-07,6.68941e-06
50285,2.08033e-07,6.68941e-06
50286,2.08034e-07,6.68941e-06
50286,2.08032e-07,6.68941e-06
50286,-1.29918e-06,7.42978e-07
50286,-1.29918e-06,7.42978e-07
50286,-1.29918e-06,7.42978e-07
50286,-1.29918e-06,7.42978e-07
50286,-1.29918e-06,7.42978e-07
50286,-1.29918e-06,7.42978e-07
50286,-5.222e-06,4.33677e-08
50286,-5.222e-06,4.33677e-08
50286,-5.222e-06,4.33677e-08
50287,-2.70965e-06,-2.56164e-06
50287,-1.07424e-06,3.23304e-06
50287,-4.36685e-06,-7.63172e-07
50287,-4.32857e-06,-2.16843e-06
50288,-2.4371e-06,1.07712e-06
50288,-2.4371e-06,1.07712e-06
50290,-2.4371e-06,1.07712e-06
50290,-2.4371e-06,1.07712e-06
50290,-2.4371e-06,1.07712e-06
50291,4.67132e-07,5.20166e-06
50292,4.67132e-07,5.20166e-06
50293,4.67132e-07,5.20166e-06
50293,4.67132e-07,5.20166e-06
50293,4.67133e-07,5.20166e-06
50294,4.67131e-07,5.20166e-06
50294,4.67132e-07,5.20166e-06
50294,4.67132e-07,5.20166e-06
50294,3.46316e-07,1.71996e-06
50294,5.09169e-06,8.65217e-06
50294,-5.09761e-06,-1.42944e-07
50294,-5.09761e-06,-1.42944e-07
50295,-5.09761e-06,-1.42944e-07
50296,-5.09761e-06,-1.42944e-07
50296,7.58863e-07,1.88179e-06
50297,-2.18285e-06,3.54003e-07
50297,-2.18285e-06,3.54003e-07
50298,-2.18285e-06,3.54003e-07
50299,2.49877e-06,6.10064e-06
50299,2.49877e-06,6.10064e-06
50299,2.49876e-06,6.10064e-06
50299,-3.2467e-06,-1.60473e-06
50299,3.56611e-06,7.43571e-06
50299,3.56611e-06,7.43571e-06
50299,-4.26295e-06,-2.29624e-06
50299,-3.75486e-06,-1.99446e-06
50300,-2.19517e-06,-3.60692e-07
50301,-1.61843e-06,2.57627e-06
50302,-1.61843e-06,2.57627e-06
50303,-1.61843e-06,2.57627e-06
50304,-2.30921e-06,1.25442e-07
50304,-2.90139e-06,-2.68586e-06
50304,-3.929e-06,-2.269e-06
50304,-3.08904e-06,-5.84564e-07
50304,-7.16113e-06,5.87505e-06
50304,-7.16113e-06,5.87505e-06
50304,-1.73895e-06,-2.59568e-07
50304,-2.95483e-06,-2.6588e-06
50306,-3.57545e-06,1.10392e-05
50308,-5.73682e-06,6.31463e-07
50309,-5.73682e-06,6.31463e-07
50310,-5.73682e-06,6.31463e-07
50310,-4.1439e-06,9.53336e-07
50311,-4.14389e-06,9.53336e-07
50311,-4.14389e-06,9.53336e-07
50312,-4.14389e-06,9.53336e-07
50313,-4.14389e-06,9.53336e-07
50313,-4.14389e-06,9.53336e-07
50314,-4.14389e-06,9.53336e-07
50314,-2.11594e-06,-5.99234e-07
50314,-2.11594e-06,-5.99234e-07
50315,-2.11594e-06,-5.99233e-07
50315,-2.11594e-06,-5.99233e-07
50316,1.84415e-07,6.75673e-06
50317,1.84414e-07,6.75673e-06
50318,1.84415e-07,6.75673e-06
50319,1.84415e-07,6.75673e-06
50320,-4.16694e-06,-2.9183e-07
50320,-2.83361e-06,-3.61678e-07
50320,-3.85843e-06,-2.48607e-06
50320,-3.85843e-06,-2.48607e-06
50320,-3.85843e-06,-2.48607e-06
50320,-6.40915e-07,4.39931e-06
50320,-6.40913e-07,4.39931e-06
50320,-6.40913e-07,4.39931e-06
50321,-6.40915e-07,4.39931e-06
50321,-1.84382e-06,3.15034e-06
50322,-1.84382e-06,3.15034e-06
50322,-1.84382e-06,3.15034e-06
50323,-1.84382e-06,3.15034e-06
50323,-1.84382e-06,3.15034e-06
50323,-1.84383e-06,3.15034e-06
50324,-1.84382e-06,3.15034e-06
50325,-2.90745e-06,-2.12568e-06
50325,-2.48236e-06,-3.59792e-07
50326,-3.1256e-06,-2.11595e-06
50326,-3.12559e-06,-2.11595e-06
50327,-3.1256e-06,-2.11595e-06
50327,-3.12559e-06,-2.11595e-06
50327,-3.1256e-06,-2.11595e-06
50328,-3.1256e-06,-2.11595e-06
50328,-3.12559e-06,-2.11595e-06
50328,-3.12559e-06,-2.11595e-06
50329,-2.73197e-06,-4.96848e-07
50330,-2.73197e-06,-4.96848e-07
50330,-2.73197e-06,-4.96848e-07
50330,-2.73197e-06,-4.96848e-07
50330,-2.73197e-06,-4.96848e-07
50330,-2.73197e-06,-4.96848e-07
50330,-2.73197e-06,-4.96848e-07
50331,-1.79355e-06,9.56923e-07
50331,-1.79355e-06,9.56923e-07
50332,-1.79355e-06,9.56923e-07
50333,-1.79355e-06,9.56923e-07
50333,-1.79355e-06,9.56923e-07
50334,6.53983e-07,5.64841e-06
50335,6.53981e-07,5.64841e-06
50335,-6.44793e-06,-1.02995e-06
50335,-6.44793e-06,-1.02995e-06
50336,-6.44793e-06,-1.02995e-06
50336,-2.34417e-06,3.15063e-06
50337,-2.34417e-06,3.15063e-06
50337,-5.34393e-06,-2.38188e-06
50337,-5.34393e-06,-2.38188e-06
50338,-5.34393e-06,-2.38188e-06
50338,-5.34393e-06,-2.38188e-06
50339,-5.34393e-06,-2.38188e-06
50340,-5.34393e-06,-2.38188e-06
50341,-5.34393e-06,-2.38188e-06
50341,-5.34393e-06,-2.38188e-06
50342,8.26273e-07,7.20157e-06
50342,8.26274e-07,7.20157e-06
50342,-6.11259e-06,1.67884e-06
50343,-6.11257e-06,1.67884e-06
50344,-6.11257e-06,1.67884e-06
50344,-6.11257e-06,1.67884e-06
50345,-2.62994e-06,4.29135e-06
50345,-2.62994e-06,4.29135e-06
50346,-2.62994e-06,4.29135e-06
50346,-2.62994e-06,4.29135e-06
50346,-2.62994e-06,4.29135e-06
50347,-2.62994e-06,4.29135e-06
50347,-2.62993e-06,4.29135e-06
50347,-3.84455e-06,-2.30125e-06
50348,-1.04463e-06,5.24399e-06
50348,-1.04463e-06,5.24399e-06
50348,-1.04463e-06,5.24399e-06
50348,-1.04463e-06,5.24399e-06
50349,-2.26768e-06,1.23763e-07
50350,-3.42864e-06,-1.70401e-06
50350,-4.61022e-06,1.04569e-05
50350,-7.23396e-07,2.73539e-06
50350,-7.23394e-07,2.73539e-06
50350,-4.646e-06,4.74135e-06
50351,5.57104e-08,6.63022e-06
50353,5.56928e-08,6.63022e-06
50353,5.56917e-08,6.63022e-06
50353,4.48845e-07,5.82564e-06
50354,4.48848e-07,5.82564e-06
50354,-3.85826e-06,-3.00801e-07
50354,-3.85826e-06,-3.00801e-07
50355,-3.85826e-06,-3.00801e-07
50355,1.03161e-05,1.20186e-05
50355,1.03161e-05,1.20186e-05
50355,1.03161e-05,1.20186e-05
50356,1.03161e-05,1.20186e-05
50357,-1.67193e-06,-9.09802e-09
50357,-4.93436e-06,-6.29699e-07
50357,-4.93435e-06,-6.29699e-07
50357,-4.93436e-06,-6.29699e-07
50357,-4.93436e-06,-6.29699e-07
50357,-4.93436e-06,-6.29699e-07
50357,-4.93436e-06,-6.29699e-07
50357,-3.87236e-06,-2.19086e-06
50357,-3.87235e-06,-2.19086e-06
50357,-1.1839e-07,5.91502e-06
50357,-1.18391e-07,5.91502e-06
50357,-1.18391e-07,5.91502e-06
50357,-1.18391e-07,5.91502e-06
50357,-1.18393e-07,5.91502e-06
50357,-1.18393e-07,5.91502e-06
50357,-1.18391e-07,5.91502e-06
50357,-2.80843e-06,-1.02821e-06
50357,-2.80843e-06,-1.02821e-06
50357,-2.80843e-06,-1.02821e-06
50357,-3.38197e-06,-2.82393e-06
50357,-1.38346e-06,9.3048e-07
50357,-1.38346e-06,9.3048e-07
50357,-1.38346e-06,9.3048e-07
50357,-1.38346e-06,9.3048e-07
50358,-1.38346e-06,9.3048e-07
50360,-1.38346e-06,9.3048e-07
50361,-1.38346e-06,9.3048e-07
50361,-4.66573e-06,-2.64368e-06
50361,-4.66573e-06,-2.64368e-06
50362,-4.66573e-06,-2.64368e-06
50363,-3.37108e-06,-3.24434e-06
50364,-4.09817e-06,-9.54553e-07
50365,-4.09817e-06,-9.54553e-07
50365,-3.48659e-06,6.59565e-08
50365,-3.16716e-06,3.00965e-06
50366,-3.16716e-06,3.00965e-06
50366,-3.16716e-06,3.00965e-06
50366,-3.16716e-06,3.00965e-06
50367,7.5077e-07,3.81869e-06
50367,7.5077e-07,3.81869e-06
50367,7.50771e-07,3.81869e-06
50367,7.5077e-07,3.81869e-06
50367,7.50772e-07,3.81869e-06
50367,7.50771e-07,3.81869e-06
50367,-4.26322e-06,7.20287e-06
50367,-4.26323e-06,7.20287e-06
50368,1.297e-06,3.04975e-06
50368,1.297e-06,3.04975e-06
50368,1.297e-06,3.04975e-06
50368,1.15023e-06,7.51208e-06
50368,1.15009e-06,7.51208e-06
50368,1.15009e-06,7.51208e-06
50368,1.15009e-06,7.51208e-06
50368,1.15009e-06,7.51208e-06
50369,1.15009e-06,7.51208e-06
50370,1.15009e-06,7.51208e-06
50370,1.15009e-06,7.51208e-06
50371,1.15023e-06,7.51208e-06
50371,1.15023e-06,7.51208e-06
50371,1.15023e-06,7.51208e-06
50372,1.15023e-06,7.51208e-06
50372,1.15018e-06,7.51208e-06
50372,1.15018e-06,7.51208e-06
50372,1.15023e-06,7.51208e-06
50372,1.15009e-06,7.51208e-06
50373,-2.38112e-06,1.42262e-06
50373,-2.38112e-06,1.42262e-06
50373,-2.38112e-06,1.42262e-06
50374,-2.38112e-06,1.42262e-06
50374,-2.38114e-06,1.42262e-06
50374,-2.38115e-06,1.42262e-06
50374,-1.18018e-06,5.24371e-06
50375,-1.18018e-06,5.24371e-06
50375,-1.18018e-06,5.24371e-06
50375,-1.18018e-06,5.24371e-06
50375,3.63069e-06,5.18549e-06
50376,3.63069e-06,5.18548e-06
50376,3.63069e-06,5.18549e-06
50376,3.63069e-06,5.18549e-06
50377,-1.83548e-06,-1.22407e-06
50377,-1.83548e-06,-1.22407e-06
50377,-1.83548e-06,-1.22407e-06
50377,-8.1178e-06,-2.00575e-06
50378,-4.07505e-06,-3.5258e-07
50378,-4.07505e-06,-3.5258e-07
50378,-4.07505e-06,-3.5258e-07
50378,-4.07505e-06,-3.5258e-07
50379,1.93084e-05,1.21758e-05
50379,-2.4651e-06,4.72152e-06
50379,-4.43286e-06,1.03856e-06
50379,-4.43286e-06,1.03856e-06
50380,-5.20814e-07,4.4695e-06
50380,-3.27485e-06,6.4115e-06
50380,-3.27485e-06,6.4115e-06
50381,-3.81467e-06,2.26762e-06
50381,-3.81467e-06,2.26762e-06
50381,-3.81467e-06,2.26762e-06
50381,-3.81463e-06,2.26762e-06
50381,-3.81463e-06,2.26762e-06
50382,3.9973e-06,4.79918e-06
50382,3.9973e-06,4.79918e-06
50384,-2.71979e-06,1.42858e-06
50385,-2.71979e-06,1.42858e-06
50385,-2.71979e-06,1.42858e-06
50385,-2.71979e-06,1.42858e-06
50386,-4.71031e-06,4.6634e-07
50386,-4.7103e-06,4.6634e-07
50387,-6.26115e-06,1.24486e-06
50387,-4.55314e-06,-9.26984e-08
50388,-4.55314e-06,-9.26984e-08
50388,-4.55314e-06,-9.26984e-08
50388,-4.55314e-06,-9.26987e-08
50389,-9.17978e-06,4.13234e-06
50389,-2.61107e-06,-2.27365e-06
50389,-3.95919e-06,4.62126e-07
50389,-3.95919e-06,4.62126e-07
50389,-3.95919e-06,4.62126e-07
50389,-1.94647e-06,9.20296e-06
50390,1.52421e-06,5.41673e-06
50390,-3.60911e-06,-2.00461e-07
50390,3.67031e-05,4.19602e-05
50391,3.67031e-05,4.19602e-05
50391,3.67031e-05,4.19602e-05
50391,-5.55437e-06,5.5394e-06
50391,-4.00552e-06,4.69892e-07
50391,-4.00552e-06,4.69892e-07
50392,-2.89107e-07,1.04496e-05
50392,-2.89107e-07,1.04496e-05
50393,-1.08112e-05,2.73828e-07
50393,-1.08112e-05,2.73828e-07
50393,-1.08112e-05,2.73828e-07
50394,-1.08112e-05,2.73828e-07
50394,-1.08112e-05,2.73828e-07
50394,-1.08112e-05,2.73828e-07
50395,-1.08112e-05,2.73828e-07
50395,-1.08112e-05,2.73828e-07
50395,-7.01104e-06,1.0419e-06
50395,-7.01104e-06,1.0419e-06
50395,-7.01104e-06,1.0419e-06
50395,-7.01104e-06,1.04191e-06
50396,-7.01104e-06,1.04191e-06
50396,-2.73921e-06,8.45615e-06
50396,-2.73921e-06,8.45615e-06
50396,-2.26029e-07,3.86106e-06
50396,-2.26029e-07,3.86106e-06
50396,-2.26072e-07,3.86106e-06
50397,-2.26071e-07,3.86106e-06
50398,-2.26072e-07,3.86106e-06
50398,-2.26072e-07,3.86106e-06
50398,-3.82769e-06,-8.19019e-07
50399,-3.97241e-06,1.13932e-05
50399,-3.97241e-06,1.13932e-05
50399,-3.97241e-06,1.13932e-05
50400,-3.97241e-06,1.13932e-05
50400,-2.54337e-06,1.16008e-06
50400,-1.65984e-06,1.08502e-05
50401,-1.65984e-06,1.08502e-05
50401,-1.65984e-06,1.08502e-05
50401,-1.65984e-06,1.08502e-05
50402,-1.65984e-06,1.08502e-05
50402,-4.3309e-06,1.81401e-06
50403,-4.3309e-06,1.81401e-06
50403,-4.33091e-06,1.814e-06
50403,-4.33091e-06,1.814e-06
50403,-4.33091e-06,1.814e-06
50403,-4.33091e-06,1.814e-06
50403,-4.33091e-06,1.814e-06
50403,-1.9372e-06,-1.19712e-06
50403,-1.9372e-06,-1.19712e-06
50404,-1.9372e-06,-1.19712e-06
50406,-1.9372e-06,-1.19712e-06
50406,-7.63064e-06,4.51838e-06
50406,1.23909e-06,7.248e-06
50406,1.23909e-06,7.248e-06
50406,1.23909e-06,7.248e-06
50407,1.23909e-06,7.248e-06
50407,2.30542e-06,2.0292e-06
50407,2.30542e-06,2.0292e-06
50407,2.30542e-06,2.0292e-06
50407,2.30542e-06,2.0292e-06
50407,-1.37827e-06,-4.24393e-06
50408,-1.37827e-06,-4.24393e-06
50408,-1.37827e-06,-4.24393e-06
50408,-1.37827e-06,-4.24393e-06
50409,6.35193e-06,8.69005e-06
50410,-1.43104e-06,2.68728e-06
50411,-1.43104e-06,2.68728e-06
50412,-3.64733e-06,2.58109e-06
50413,-3.64733e-06,2.58109e-06
50413,-3.64733e-06,2.58109e-06
50413,-1.88503e-05,-1.64062e-06
50413,-1.88503e-05,-1.64062e-06
50413,-1.88503e-05,-1.64062e-06
50414,-1.88503e-05,-1.64062e-06
50414,2.33864e-06,9.76585e-06
50414,7.15815e-06,7.73334e-06
50414,1.37965e-05,2.06929e-05
50414,-6.61434e-06,8.4247e-06
50414,-6.61434e-06,8.4247e-06
50414,4.11062e-07,2.26363e-06
50414,4.11065e-07,2.26363e-06
50418,6.47757e-07,1.04097e-06
50419,6.47757e-07,1.04097e-06
50420,-1.24249e-06,1.39417e-06
50420,-1.24249e-06,1.39417e-06
50420,-1.24249e-06,1.39417e-06
50420,-1.24249e-06,1.39417e-06
50421,-1.24249e-06,1.39417e-06
50422,-1.24249e-06,1.39417e-06
50422,-1.81312e-06,2.60573e-08
50422,-1.81313e-06,2.60615e-08
50423,-1.81313e-06,2.60615e-08
50423,-1.81312e-06,2.60615e-08
50423,-2.04306e-06,2.06703e-06
50424,-2.04306e-06,2.06703e-06
50425,4.90652e-06,1.2339e-05
50425,1.03398e-05,1.14587e-05
50426,1.03398e-05,1.14587e-05
50427,1.52102e-06,2.73902e-06
50428,1.52102e-06,2.73902e-06
50429,1.52102e-06,2.73902e-06
50429,1.52102e-06,2.73902e-06
50429,1.52102e-06,2.73902e-06
50430,1.52102e-06,2.73902e-06
50431,1.52102e-06,2.73902e-06
50433,1.52102e-06,2.73902e-06
50434,1.52102e-06,2.73902e-06
50435,1.52102e-06,2.73902e-06
50435,1.52102e-06,2.73902e-06
50436,1.52102e-06,2.73902e-06
50437,1.52102e-06,2.73902e-06
50438,1.52102e-06,2.73902e-06
50439,1.52102e-06,2.73902e-06
50439,1.52102e-06,2.73902e-06
50439,1.52102e-06,2.73902e-06
50440,1.52102e-06,2.73902e-06
50440,1.52102e-06,2.73902e-06
50440,1.52102e-06,2.73902e-06
50440,1.52102e-06,2.73902e-06
50440,-2.73211e-06,4.95555e-06
50440,-2.73211e-06,4.95555e-06
50440,9.42597e-07,1.15357e-06
50441,9.42597e-07,1.15357e-06
50441,9.42597e-07,1.15357e-06
50441,9.42597e-07,1.15357e-06
50441,9.42597e-07,1.15357e-06
50442,9.42597e-07,1.15357e-06
50442,9.42597e-07,1.15357e-06
50442,9.42597e-07,1.15357e-06
50442,9.42597e-07,1.15357e-06
50443,9.42597e-07,1.15357e-06
50444,9.42597e-07,1.15357e-06
50447,9.42597e-07,1.15357e-06
50447,9.42597e-07,1.15357e-06
50447,9.42597e-07,1.15357e-06
50448,9.42597e-07,1.15357e-06
50448,9.82666e-07,4.37604e-06
50448,2.53858e-06,6.22933e-06
50448,2.53858e-06,6.22933e-06
50449,2.53858e-06,6.22933e-06
50449,2.53858e-06,6.22933e-06
50449,2.53858e-06,6.22933e-06
50449,2.53858e-06,6.22933e-06
50449,2.53858e-06,6.22933e-06
50449,2.53858e-06,6.22933e-06
50449,2.53858e-06,6.22933e-06
50450,2.53858e-06,6.22933e-06
50451,1.0825e-05,1.7033e-05
50452,7.88474e-06,1.32558e-05
50452,2.22203e-05,1.78433e-05
50452,1.6489e-05,9.02761e-07
50452,1.6489e-05,9.0276e-07
50452,8.24558e-06,1.24533e-05
50452,8.24563e-06,1.24533e-05
50452,-7.51542e-06,7.25121e-06
50452,-7.51541e-06,7.25121e-06
50453,-2.31035e-05,6.67393e-06
50453,-2.31035e-05,6.67393e-06
50453,-3.62966e-06,1.0564e-05
50453,-3.62966e-06,1.0564e-05
50453,1.14279e-05,1.16624e-05
50453,1.1428e-05,1.16624e-05
50453,2.71241e-06,4.19062e-06
50454,2.71268e-06,4.19061e-06
50454,6.07568e-06,3.02092e-06
50454,6.07568e-06,3.02092e-06
50454,6.07568e-06,3.02092e-06
50454,6.07568e-06,3.02092e-06
50455,2.27114e-05,1.83517e-05
50455,2.27114e-05,1.83517e-05
50456,2.27114e-05,1.83517e-05
50456,1.53525e-05,5.67613e-06
50456,7.47057e-06,8.97615e-07
50457,2.8851e-05,1.86343e-05
50457,2.8851e-05,1.86343e-05
50458,2.8851e-05,1.86343e-05
50458,2.8851e-05,1.86343e-05
50458,2.8851e-05,1.86343e-05
50458,2.8851e-05,1.86343e-05
50458,6.83129e-06,9.61235e-07
50458,-3.76641e-06,-3.20486e-06
50458,5.21882e-06,8.14073e-06
50458,5.21881e-06,8.14073e-06
50459,5.21882e-06,8.14073e-06
50459,5.86371e-07,1.81481e-06
50460,5.86337e-07,1.81481e-06
50460,-9.06736e-06,3.07724e-06
50460,-9.06736e-06,3.07724e-06
50460,-9.06736e-06,3.07724e-06
50461,5.12737e-06,8.74487e-06
50461,-1.36807e-06,3.48921e-06
50461,-1.36806e-06,3.48921e-06
50461,5.78863e-06,6.30492e-06
50461,5.78861e-06,6.30491e-06
50461,5.78862e-06,6.30491e-06
50461,1.19829e-05,1.35787e-05
50462,1.19829e-05,1.35787e-05
50463,3.17769e-06,7.79458e-06
50463,-3.13966e-06,1.27136e-05
50463,-3.13966e-06,1.27136e-05
50463,-3.13967e-06,1.27136e-05
50464,-2.49356e-06,7.19199e-07
50467,-2.49356e-06,7.19199e-07
50469,-2.49356e-06,7.19199e-07
50470,5.81601e-06,5.07304e-06
50470,5.81601e-06,5.07304e-06
50471,5.81601e-06,5.07304e-06
50472,5.81601e-06,5.07304e-06
50472,5.81601e-06,5.07304e-06
50472,5.816e-06,5.07304e-06
50473,5.81601e-06,5.07304e-06
50473,5.81601e-06,5.07304e-06
50474,5.81601e-06,5.07304e-06
50474,5.81601e-06,5.07304e-06
50474,9.50559e-06,1.99948e-07
50475,1.30757e-05,3.87832e-06
50475,3.3155e-06,8.80833e-06
50475,3.31549e-06,8.80833e-06
50475,3.3155e-06,8.80833e-06
50476,3.3155e-06,8.80833e-06
50477,8.2578e-06,-5.3668e-07
50477,1.35246e-05,5.94111e-06
50477,2.8239e-05,2.40271e-05
50477,1.02456e-05,6.6176e-06
50477,1.10572e-05,7.23127e-06
50477,2.50106e-05,1.78274e-05
50478,2.50106e-05,1.78274e-05
50478,8.30761e-06,6.73609e-06
50479,8.30761e-06,6.73609e-06
50479,1.16297e-05,1.0281e-05
50479,5.79217e-06,2.05836e-06
50479,5.79217e-06,2.05836e-06
50479,5.79217e-06,2.05836e-06
50479,5.79218e-06,2.05836e-06
50479,4.63766e-06,1.17128e-06
50481,4.63765e-06,1.17128e-06
50481,1.57281e-05,9.87695e-06
50481,1.57281e-05,9.87695e-06
50483,8.34635e-06,1.43132e-06
50485,1.47235e-05,8.98825e-06
50485,8.75213e-06,1.33884e-05
50485,8.75208e-06,1.33884e-05
50485,1.01583e-05,5.70566e-06
50485,1.01583e-05,5.70566e-06
50485,8.01803e-06,9.13776e-06
50485,8.01803e-06,9.13776e-06
50486,8.01803e-06,9.13776e-06
50486,1.27996e-05,7.08693e-06
50486,1.27996e-05,7.08693e-06
50488,1.27996e-05,7.08693e-06
50489,-2.3073e-06,1.52485e-06
50489,4.04539e-06,-2.09977e-07
50492,1.72759e-06,5.74842e-06
50493,1.33015e-06,5.79183e-06
50493,1.33016e-06,5.79183e-06
50493,1.33016e-06,5.79183e-06
50493,3.64716e-06,-8.81827e-07
50494,9.04538e-06,1.06137e-05
50494,7.14587e-06,1.07739e-05
50494,5.78644e-06,3.66567e-06
50494,5.78645e-06,3.66568e-06
50494,3.11966e-06,1.84088e-08
50494,3.11966e-06,1.84088e-08
50495,3.11966e-06,1.84088e-08
50495,3.11966e-06,1.84088e-08
50496,3.11966e-06,1.84088e-08
50496,3.11966e-06,1.84088e-08
50496,3.11966e-06,1.84088e-08
50497,3.11966e-06,1.84088e-08
50497,3.11966e-06,1.84088e-08
50497,3.11966e-06,1.84088e-08
50497,-5.44535e-07,-1.59864e-06
50497,-5.44526e-07,-1.59864e-06
50497,2.00198e-05,2.1477e-05
50497,2.00198e-05,2.1477e-05
50497,2.83806e-06,6.98908e-06
50497,2.83806e-06,6.98908e-06
50497,2.83806e-06,6.98908e-06
50497,2.83806e-06,6.98908e-06
50497,3.60316e-06,-6.04282e-07
50497,3.60316e-06,-6.04282e-07
50497,1.88036e-07,5.18123e-06
50497,1.88039e-07,5.18123e-06
50497,1.88034e-07,5.18123e-06
50499,1.68371e-06,2.0012e-06
50499,1.20616e-06,1.40852e-06
50499,1.20616e-06,1.40852e-06
50499,1.20616e-06,1.40852e-06
50499,1.20616e-06,1.40852e-06
50499,1.20616e-06,1.40852e-06
50500,-4.32379e-06,-6.48477e-06
50500,-4.32379e-06,-6.48477e-06
50500,-4.32379e-06,-6.48477e-06
50500,-2.76388e-06,-1.23936e-06
50501,1.31719e-05,1.03317e-05
50501,1.31719e-05,1.03317e-05
50501,1.31719e-05,1.03317e-05
50501,1.31719e-05,1.03317e-05
50503,1.31719e-05,1.03317e-05
50503,1.31719e-05,1.03317e-05
50503,1.31719e-05,1.03317e-05
50504,1.31719e-05,1.03317e-05
50505,1.31719e-05,1.03317e-05
50505,1.31719e-05,1.03317e-05
50505,1.31719e-05,1.03317e-05
50505,1.31719e-05,1.03317e-05
50506,1.31719e-05,1.03317e-05
50510,1.31719e-05,1.03317e-05
50511,1.31719e-05,1.03317e-05
50511,1.31719e-05,1.03317e-05
50512,1.31719e-05,1.03317e-05
50513,1.31719e-05,1.03317e-05
50513,1.31719e-05,1.03317e-05
50515,-5.28714e-07,1.33197e-07
50515,-5.28717e-07,1.33197e-07
50515,-5.28714e-07,1.33197e-07
50515,2.2288e-06,-2.39377e-07
50515,2.2288e-06,-2.39377e-07
50516,2.22881e-06,-2.39376e-07
50516,2.22881e-06,-2.39376e-07
50517,-1.91542e-06,1.53274e-06
50517,-1.91541e-06,1.53275e-06
50517,-1.91541e-06,1.53275e-06
50517,-1.91541e-06,1.53275e-06
50518,-1.91541e-06,1.53275e-06
50518,-5.82027e-06,1.81219e-06
50519,1.3061e-05,2.1251e-05
50520,1.3061e-05,2.1251e-05
50520,1.3061e-05,2.1251e-05
50520,1.3061e-05,2.1251e-05
50520,5.28272e-06,6.52782e-06
50522,5.28272e-06,6.52782e-06
50523,5.28272e-06,6.52782e-06
50524,5.28272e-06,6.52782e-06
50524,-4.42986e-08,1.69264e-06
50524,-4.42976e-08,1.69264e-06
50525,1.87365e-06,-1.76098e-06
50526,2.90741e-06,-1.27558e-06
50527,3.73394e-06,5.50035e-06
50530,3.73394e-06,5.50035e-06
50530,9.32199e-07,-1.76955e-06
50530,9.322e-07,-1.76955e-06
50531,2.74815e-06,-1.91353e-06
50532,2.74815e-06,-1.91353e-06
50532,-7.65888e-07,-1.53358e-06
50533,-7.65885e-07,-1.53358e-06
50533,6.22005e-07,-1.40217e-06
50534,6.22004e-07,-1.40217e-06
50534,6.22004e-07,-1.40217e-06
50534,-383385,8.12284e-06
50534,-2.43994e-06,-1.65125e-06
50534,-2.43994e-06,-1.65125e-06
50534,1.9574e-07,7.46835e-06
50534,9.54922e-06,1.01761e-05
50534,9.54922e-06,1.01761e-05
50535,9.54922e-06,1.01761e-05
50535,9.54922e-06,1.01761e-05
50535,9.54922e-06,1.01761e-05
50535,9.54922e-06,1.01761e-05
50535,1.86227e-06,1.08078e-06
50536,1.86227e-06,1.08078e-06
50536,1.86227e-06,1.08078e-06
50537,1.86227e-06,1.08078e-06
50537,-3.83592e-06,-1.97952e-06
50537,-3.83592e-06,-1.97952e-06
50537,1.2462e-05,1.08701e-05
50537,1.2462e-05,1.08701e-05
50537,-1.8357e-07,4.84089e-06
50539,-7.41501e-06,8.19672e-07
50540,-7.41501e-06,8.19672e-07
50540,-2.07505e-05,-1.35441e-05
50540,-2.07505e-05,-1.35441e-05
50540,-2.07505e-05,-1.35441e-05
50541,-2.07507e-05,-1.35441e-05
50542,-2.07507e-05,-1.35441e-05
50542,-6.40496e-06,-7.74064e-07
50542,-6.40496e-06,-7.74066e-07
50542,-3.40526e-06,-9.13892e-07
50542,9.03773e-07,3.05711e-06
50543,-3.3864e-06,1.11381e-05
50543,1.41273e-06,1.12292e-05
50543,1.41273e-06,1.12292e-05
50543,1.41273e-06,1.12292e-05
50543,1.41273e-06,1.12292e-05
50543,1.49131e-06,1.10598e-05
50543,1.49132e-06,1.10598e-05
50544,1.49131e-06,1.10598e-05
50544,1.49131e-06,1.10598e-05
50544,1.49131e-06,1.10598e-05
50544,1.49131e-06,1.10598e-05
50547,-2.18485e-06,5.65122e-06
50549,5.34079e-06,1.41669e-05
50549,5.34079e-06,1.41669e-05
50549,5.34079e-06,1.41669e-05
50549,-9.36651e-06,3.08645e-06
75451,-2.36351e-05,1.24678e-05
75451,-2.36351e-05,1.24678e-05
75451,-2.36351e-05,1.24678e-05
75451,-2.36351e-05,1.24678e-05
75461,-2.36351e-05,1.24678e-05
75461,-2.36351e-05,1.24678e-05
75461,-2.36351e-05,1.24678e-05
75461,-2.36351e-05,1.24678e-05
75462,-2.36351e-05,1.24678e-05
75493,-2.36351e-05,1.24678e-05
75493,-2.36351e-05,1.24678e-05
75496,-2.36351e-05,1.24678e-05
75496,-2.36351e-05,1.24678e-05
75496,-2.36351e-05,1.24678e-05
75497,-2.36351e-05,1.24678e-05
75497,-2.36351e-05,1.24678e-05
75497,-2.36351e-05,1.24678e-05
75497,-2.36351e-05,1.24678e-05
75503,-2.36351e-05,1.24678e-05
75508,-2.36351e-05,1.24678e-05
75509,-2.36351e-05,1.24678e-05
75510,-2.36351e-05,1.24678e-05
75510,-2.36351e-05,1.24678e-05
75511,-2.36351e-05,1.24678e-05
75511,-2.36351e-05,1.24678e-05
75514,-2.36351e-05,1.24678e-05
75514,-2.36351e-05,1.24678e-05
75517,-2.36351e-05,1.24678e-05
75517,-2.36351e-05,1.24678e-05
75517,-2.36351e-05,1.24678e-05
75517,-2.36351e-05,1.24678e-05
75517,-2.36351e-05,1.24678e-05
75517,-2.36351e-05,1.24678e-05
75518,-2.36351e-05,1.24678e-05
75518,-2.36351e-05,1.24678e-05
75518,-2.36351e-05,1.24678e-05
75518,-2.36351e-05,1.24678e-05
75527,-2.36351e-05,1.24678e-05
75527,-2.36351e-05,1.24678e-05
75530,-2.36351e-05,1.24678e-05
75534,-2.36351e-05,1.24678e-05
75534,-2.36351e-05,1.24678e-05
75546,-2.36351e-05,1.24678e-05
75546,-2.36351e-05,1.24678e-05
75546,-2.36351e-05,1.24678e-05
75546,-2.36351e-05,1.24678e-05
75546,-2.36351e-05,1.24678e-05
75546,-2.36351e-05,1.24678e-05
75546,-2.36351e-05,1.24678e-05
75546,-2.36351e-05,1.24678e-05
75546,-2.36351e-05,1.24678e-05
75546,-2.36351e-05,1.24678e-05
75546,-2.36351e-05,1.24678e-05
75546,-2.36351e-05,1.24678e-05
75546,-2.36351e-05,1.24678e-05
75546,-2.36351e-05,1.24678e-05
75546,-2.36351e-05,1.24678e-05
75546,-2.36351e-05,1.24678e-05
75546,-2.36351e-05,1.24678e-05
75546,-2.36351e-05,1.24678e-05
75546,-2.36351e-05,1.24678e-05
75546,-2.36351e-05,1.24678e-05
75546,-2.36351e-05,1.24678e-05
75553,-2.36351e-05,1.24678e-05
75553,-2.36351e-05,1.24678e-05
75554,-2.36351e-05,1.24678e-05
75554,-2.36351e-05,1.24678e-05
75554,-2.36351e-05,1.24678e-05
75554,-2.36351e-05,1.24678e-05
75554,-2.36351e-05,1.24678e-05
75554,-2.36351e-05,1.24678e-05
75554,-2.36351e-05,1.24678e-05
75554,-2.36351e-05,1.24678e-05
75554,-1.63149e-05,-1.81279e-07
75554,-1.63148e-05,-1.81286e-07
75554,-3.7051e-05,2.45809e-06
75554,-3.70493e-05,2.45897e-06
75554,-3.705e-05,2.45964e-06
75554,-1.30576e-05,9.17263e-06
75554,-1.30576e-05,9.17263e-06
75555,-1.30576e-05,9.17263e-06
75557,-1.41507e-06,2.6187e-06
75557,-1.41506e-06,2.6187e-06
75557,3.35267e-06,5.90049e-06
75557,3.35267e-06,5.90049e-06
75557,-2.59114e-05,-7.08576e-06
75557,-2.59109e-05,-7.08595e-06
75557,8.62086e-06,-6.83085e-08
75557,4.48665e-06,3.98894e-06
75557,5.61445e-06,7.51763e-06
75557,2.03376e-05,1.29748e-05
76506,-2.83403e-07,7.97425e-07
76516,-2.83408e-07,7.97425e-07
76524,6.8813e-06,3.62614e-06
76530,6.8813e-06,3.62614e-06
76530,-7.35254e-06,-4.99131e-06
76532,-7.35255e-06,-4.99131e-06
76532,-7.35248e-06,-4.99131e-06
76535,1.53838e-05,1.78455e-05
76535,1.53838e-05,1.78455e-05
76537,-4.06451e-06,-6.67918e-07
76537,-2.59764e-06,3.71398e-06
76538,-3.80883e-06,-7.47803e-07
76538,-3.80883e-06,-7.47803e-07
76539,-3.80883e-06,-7.47803e-07
76539,-3.80883e-06,-7.47803e-07
76540,-3.80883e-06,-7.47803e-07
76540,-1.66524e-06,3.22115e-06
76543,-1.66524e-06,3.22115e-06
76543,-1.66524e-06,3.22115e-06
76543,-1.66524e-06,3.22115e-06
76543,-1.66524e-06,3.22115e-06
76545,-6.51341e-06,-1.42151e-06
76545,-6.51341e-06,-1.42151e-06
76545,-6.51341e-06,-1.42151e-06
76550,-6.51341e-06,-1.42151e-06
76553,-6.51341e-06,-1.42151e-06
76558,-6.51341e-06,-1.42151e-06
76558,5.50172e-06,8.59994e-06
76558,-3.80696e-06,3.20647e-06
76558,-3.80696e-06,3.20647e-06
76558,-2.41808e-06,9.82286e-07
76558,-2.41808e-06,9.82286e-07
76561,-2.41808e-06,9.82285e-07
76564,-930883,7.00476e-06
77631,-1.1301e+06,7.00476e-06
77631,-1.08201e+06,7.00476e-06
77631,-420645,7.00476e-06
77642,-1.14821e+06,7.00476e-06
77642,-1.09025e+06,7.00476e-06
77648,-389348,7.00476e-06
77648,-1.14884e+06,7.00476e-06
77648,-1.0281e+06,7.00476e-06
77655,-1.08127e+06,7.00476e-06
77656,-437665,7.00476e-06
77656,-1.14262e+06,7.00476e-06
77660,-1.17592e+06,7.00476e-06
77660,-1.12274e+06,7.00476e-06
77660,-1.10317e+06,7.00476e-06
77661,-403524,7.00476e-06
77661,-984526,7.00476e-06
77662,-922888,7.00476e-06
77663,-1.13116e+06,7.00476e-06
77663,-1.18234e+06,7.00476e-06
77663,1.38999e-06,2.14809e-06
77702,1.38999e-06,2.14809e-06
77702,1.38999e-06,2.14809e-06
77702,1.38999e-06,2.14809e-06
77720,1.38999e-06,2.14809e-06
77720,1.38998e-06,2.14809e-06
77720,3.54918e-06,8.33647e-06
77720,3.54918e-06,8.33647e-06
77720,3.54917e-06,8.33647e-06
77720,5.3103e-06,8.79411e-06
77720,-2.64466e-06,-2.16188e-06
77720,-2.64466e-06,-2.16188e-06
77720,-1.56997e-06,4.19223e-06
77720,-1.56997e-06,4.19223e-06
77724,-2.90562e-06,1.04933e-06
77725,-2.90561e-06,1.04932e-06
77732,-3.70523e-05,8.19456e-07
77732,-3.70523e-05,8.19456e-07
77732,-1.12541e+06,8.1946e-07
77732,-3.7052e-05,8.19462e-07
77733,8.88223e-06,2.23664e-05
77741,8.88223e-06,2.23664e-05
77742,8.88223e-06,2.23664e-05
77743,8.88223e-06,2.23664e-05
77747,-2.22097e-06,3.93113e-06
77748,-2.22097e-06,3.93113e-06
77748,2.75906e-06,9.16467e-06
77749,2.75906e-06,9.16467e-06
77749,-871020,-9.43657e-07
77751,-1.15492e+06,-9.43657e-07
77753,-284886,-9.43657e-07
77753,-5.24517e-06,-2.06115e-07
77753,-5.24517e-06,-2.06115e-07
77753,-5.24517e-06,-2.06115e-07
77755,-5.24517e-06,-2.06108e-07
77755,-5.24517e-06,-2.06108e-07
77756,-5.24517e-06,-2.06108e-07
77756,-2.39268e-06,-3.44225e-07
77761,-2.39267e-06,-3.44225e-07
77765,-938737,9.00267e-07
77766,-1.14578e+06,9.00267e-07
77766,-1.09711e+06,9.00267e-07
77770,-1.05464e-05,-1.56023e-06
77770,-1.94709e-05,-4.93769e-07
77771,-1.94709e-05,-4.93769e-07
77771,-1.96941e-05,-7.49067e-07
77771,-1.96941e-05,-7.49067e-07
77772,-1.69761e-05,-2.83429e-06
77772,-1.69761e-05,-2.83429e-06
77772,-1.69761e-05,-2.83429e-06
79474,-1.69761e-05,-2.83429e-06
79486,-1.69761e-05,-2.83429e-06
79500,-142486,-2.74259e-06
79501,-1.22796e+06,-2.74259e-06
79501,-286590,-2.74259e-06
79501,-1.08151e+06,-2.74259e-06
79503,-1.49099e-05,-3.60106e-06
79504,-1.49099e-05,-3.60106e-06
79505,5.44197e-06,2.21553e-05
79506,5.44197e-06,2.21553e-05
79506,5.44196e-06,2.21553e-05
79508,5.44197e-06,2.21553e-05
79508,5.44197e-06,2.21553e-05
79508,5.44196e-06,2.21553e-05
79508,5.44197e-06,2.21553e-05
79508,5.44197e-06,2.21553e-05
79508,5.44197e-06,2.21553e-05
79508,5.44196e-06,2.21553e-05
79508,5.44197e-06,2.21553e-05
79508,5.44197e-06,2.21553e-05
79508,5.44197e-06,2.21553e-05
79509,5.44197e-06,2.21553e-05
79509,5.44197e-06,2.21553e-05
79510,5.44197e-06,2.21553e-05
79510,5.44197e-06,2.21553e-05
79511,5.44197e-06,2.21553e-05
79511,5.44197e-06,2.21553e-05
79511,1.49726e-07,3.2107e-06
79511,1.49726e-07,3.2107e-06
79513,1.49727e-07,3.2107e-06
79513,1.49728e-07,3.2107e-06
79540,2.77739e-06,6.96652e-06
79540,2.77739e-06,6.96652e-06
79540,2.77739e-06,6.96652e-06
79546,7.22423e-06,6.16959e-06
79550,6.72221e-07,3.96841e-06
79550,6.72026e-07,3.96841e-06
79550,6.72026e-07,3.96841e-06
79550,6.72027e-07,3.96841e-06
79550,6.72014e-07,3.96841e-06
79554,8.21399e-06,2.28524e-05
79554,8.21399e-06,2.28524e-05
79554,1.54925e-06,-3.80759e-07
79558,1.54925e-06,-3.80759e-07
79571,1.54922e-06,-3.80761e-07
79571,1.54921e-06,-3.80762e-07
79571,2.4229e-06,5.0965e-06
79571,2.4229e-06,5.0965e-06
79571,-8.31561e-05,-9.96595e-07
79571,-7.33716e-05,2.19118e-06
79571,-7.61104e-05,-8.48682e-07
79571,-4.28395e-05,2.57775e-07
79571,-4.28395e-05,2.57775e-07
79571,-4.28395e-05,2.57775e-07
79571,-4.28395e-05,2.57775e-07
79571,-4.28395e-05,2.57775e-07
79571,-4.28395e-05,2.57775e-07
79571,-4.28395e-05,2.57775e-07
79571,-4.28395e-05,2.57775e-07
79571,-4.28395e-05,2.57775e-07
79571,-4.28395e-05,2.57775e-07
79571,-4.28395e-05,2.57775e-07
79571,-4.28395e-05,2.57775e-07
79610,-4.28395e-05,2.57775e-07
79610,-4.28395e-05,2.57775e-07
79610,-4.28395e-05,2.57775e-07
79617,-7.39019e-05,4.31674e-07
79617,-7.39019e-05,4.31674e-07
79617,-7.39019e-05,4.31674e-07
79617,-7.39019e-05,4.31674e-07
79619,-7.39019e-05,4.31674e-07
79619,-7.39019e-05,4.31674e-07
79619,-5.51245e-05,3.04679e-07
79619,-5.51245e-05,3.04679e-07
79619,-5.51245e-05,3.04679e-07
79632,-5.51245e-05,3.04679e-07
79637,-6.56474e-05,-4.30404e-06
79637,-6.56474e-05,-4.30404e-06
79637,-6.56474e-05,-4.30404e-06
79637,-6.56474e-05,-4.30404e-06
79638,-6.56474e-05,-4.30404e-06
79638,-6.1514e-05,-1.23419e-06
79638,-6.1514e-05,-1.23419e-06
79638,-6.1514e-05,-1.23419e-06
79654,-6.1514e-05,-1.23419e-06
79654,-6.1514e-05,-1.23419e-06
79662,-6.1514e-05,-1.23419e-06
79666,-6.1514e-05,-1.23419e-06
79671,-4.97412e-05,1.1744e-05
79671,-4.97412e-05,1.1744e-05
79672,-4.97412e-05,1.1744e-05
79672,-4.97412e-05,1.1744e-05
79673,-8.02121e-05,-2.04375e-06
79673,-8.02121e-05,-2.04375e-06
79674,-5.77232e-05,3.71544e-06
79674,-5.77232e-05,3.71544e-06
79675,-5.77233e-05,3.71544e-06
79675,-6.94486e-05,3.50267e-06
79675,-6.94485e-05,3.50266e-06
81895,-7.33417e-05,5.22363e-06
81900,-7.33417e-05,5.22363e-06
81900,-5.76289e-05,6.03691e-06
81904,-6.91599e-05,4.81628e-07
81905,-6.91599e-05,4.81628e-07
81905,-6.91598e-05,4.81633e-07
81905,-1.20431e+06,-6.6746e-07
81905,-1.05375e+06,-6.6746e-07
81905,-1.14273e+06,-6.6746e-07
81905,-1.04959e+06,-6.6746e-07
81917,-1.17557e+06,-6.6746e-07
81917,-1.18086e+06,-6.6746e-07
81917,-1.19819e+06,-6.6746e-07
81917,-828221,-6.6746e-07
81921,-1.18804e+06,-6.6746e-07
81921,-1.08517e+06,-6.6746e-07
81925,-1.15025e-05,1.32517e-05
81925,-3.37296e-05,4.36829e-06
81927,-2.0525e-05,-2.44443e-06
81952,-1.41924e-05,-2.4e-06
81952,-1.41924e-05,-2.4e-06
81959,-1.41924e-05,-2.4e-06
81959,-1.41924e-05,-2.4e-06
81959,-1.41924e-05,-2.4e-06
81959,-2.00439e-05,2.35801e-06
81959,-2.00439e-05,2.35801e-06
81967,-2.00439e-05,2.35801e-06
81967,-3.89373e-05,-1.02701e-06
81970,-3.89373e-05,-1.02701e-06
81972,-3.89373e-05,-1.02701e-06
81975,-1.45893e-05,1.01762e-05
81978,-1.45892e-05,1.01762e-05
81978,-1.45892e-05,1.01762e-05
81978,-1.45892e-05,1.01762e-05
81978,-1.54799e-05,1.02309e-05
81979,-1.54799e-05,1.02309e-05
81979,-1.54799e-05,1.02309e-05
81979,-1.548e-05,1.02309e-05
81979,-1.25745e-05,-1.88099e-06
81979,-1.25746e-05,-1.88099e-06
81979,-1.25746e-05,-1.88099e-06
81981,-1.25746e-05,-1.88099e-06
81982,-1.25745e-05,-1.88099e-06
81982,-1.25745e-05,-1.88099e-06
81982,-2.85044e-05,-1.11342e-06
81985,-1.90292e-05,3.03458e-05
81987,-1.90294e-05,3.03458e-05
81987,-1.90292e-05,3.03458e-05
81987,-1.90292e-05,3.03458e-05
81987,-1.90292e-05,3.03458e-05
81987,-1.90292e-05,3.03458e-05
81987,-1.90292e-05,3.03458e-05
81987,-1.90292e-05,3.03458e-05
81987,-1.90294e-05,3.03458e-05
81987,-1.90294e-05,3.03458e-05
81987,9.53433e-07,2.08082e-05
81987,-8.07594e-05,2.59142e-06
81987,-8.07594e-05,2.59142e-06
81987,-5.30114e-05,2.28544e-06
81987,-8.06494e-05,-2.21555e-06
81987,-6.42926e-05,1.46504e-06
81987,-7.72694e-05,-1.17562e-06
81987,-7.72694e-05,-1.17562e-06
81987,-7.72694e-05,-1.17562e-06
81987,-7.72694e-05,-1.17562e-06
81987,-7.9188e-05,-3.08407e-06
81987,-7.9188e-05,-3.08407e-06
81987,-7.89056e-05,-3.06684e-06
81987,-7.89056e-05,-3.06684e-06
81987,-7.56462e-05,-3.84419e-06
81987,-7.56462e-05,-3.84419e-06
81987,-7.56462e-05,-3.84419e-06
81987,-8.13756e-05,-2.23154e-06
81987,-8.13757e-05,-2.23155e-06
81987,-7.98604e-05,-1.98051e-06
81987,-7.35709e-05,-2.69894e-06
81987,-7.35709e-05,-2.69894e-06
81987,-7.3571e-05,-2.69889e-06
81987,-7.3571e-05,-2.69889e-06
81987,-7.3571e-05,-2.69889e-06
81987,-7.82835e-05,-3.34483e-06
81987,-7.82835e-05,-3.34483e-06
81987,-7.59752e-05,5.76978e-06
81987,-5.09637e-05,4.14233e-06
81987,-8.38139e-05,-3.66331e-07
81987,-8.38139e-05,-3.66331e-07
81987,-8.38139e-05,-3.66331e-07
81987,-8.38139e-05,-3.66331e-07
81987,-8.38139e-05,-3.66331e-07
81987,-8.38141e-05,-3.66347e-07
81987,-8.38142e-05,-3.66318e-07
81987,-8.38148e-05,-3.6627e-07
81987,-0.000108991,-7.3203e-07
81987,-0.000108991,-7.32028e-07
81987,-8.99515e-05,-3.07655e-06
81987,-8.99493e-05,-3.07655e-06
81987,-8.99505e-05,-3.07654e-06
81987,-0.000106828,-6.12842e-07
81987,-8.77885e-05,3.64259e-06
81987,-8.77885e-05,3.64259e-06
81987,-8.77885e-05,3.64259e-06
81987,-8.77885e-05,3.64259e-06
81987,-8.77885e-05,3.64259e-06
81987,-8.77885e-05,3.64259e-06
81987,-6.52625e-05,-6.94109e-06
81987,-6.52625e-05,-6.94109e-06
81987,-9.76489e-05,5.4909e-06
81987,-9.76492e-05,5.49089e-06
81987,-0.000102613,8.83606e-06
81987,-0.000102613,8.83606e-06
81987,-0.000125694,-1.84514e-06
81987,-0.000125694,-1.84514e-06
81987,-1.44111e-05,-3.60585e-06
81987,-1.44111e-05,-3.60585e-06
81987,-1.46613e-05,7.12771e-07
81987,-1.46613e-05,7.12771e-07
81987,-1.24519e-05,2.15003e-06
81987,-1.24519e-05,2.15003e-06
81987,-1.24519e-05,2.15003e-06
81988,-1.24519e-05,2.15003e-06
81988,-8.43751e-06,7.41876e-06
81990,-8.43751e-06,7.41876e-06
81990,-8.43751e-06,7.41876e-06
81990,-1.50368e-05,-5.15227e-07
81991,-1.50368e-05,-5.15227e-07
81991,-1.50368e-05,-5.15227e-07
81991,-1.50368e-05,-5.15227e-07
81992,-9.38978e-06,5.53378e-06
81992,-9.38978e-06,5.53378e-06
81993,-9.38978e-06,5.53378e-06
81993,-1.22691e-05,-3.50993e-06
81994,-1.22691e-05,-3.50993e-06
81994,-1.22691e-05,-3.50993e-06
82010,-1.37862e-05,5.45367e-06
82037,-1.37862e-05,5.45367e-06
82052,-1.62472e-05,-7.686e-06
82053,-1.62472e-05,-7.686e-06
82056,-1.62472e-05,-7.686e-06
82056,-1.62472e-05,-7.686e-06
82057,-1.62472e-05,-7.686e-06
82057,-1.47255e-05,4.50095e-07
82058,-1.47255e-05,4.50095e-07
82058,-1.47255e-05,4.50095e-07
82058,-1.47255e-05,4.50095e-07
82060,-1.47255e-05,4.50095e-07
82060,-1.56869e-05,-4.96215e-06
84656,-1.56869e-05,-4.96215e-06
84718,-1.56869e-05,-4.96215e-06
84719,-5.29588e-06,-8.43314e-08
84719,-5.29588e-06,-8.43314e-08
84719,-1.81405e-06,9.67848e-07
84719,-1.81405e-06,9.67848e-07
84719,-1.81405e-06,9.67848e-07
84724,-1.81405e-06,9.67848e-07
84724,-5.67591e-06,2.45023e-06
84724,-4.42113e-06,1.15063e-06
84724,-4.42113e-06,1.15063e-06
84724,-4.42113e-06,1.15063e-06
84731,-4.42113e-06,1.15063e-06
84731,-3.43246e-06,7.01881e-07
84731,-3.43246e-06,7.01881e-07
84731,-3.43246e-06,7.01881e-07
84731,-6.19395e-06,1.26644e-06
84731,3.75376e-06,1.97126e-05
84732,3.75376e-06,1.97126e-05
84739,3.75376e-06,1.97126e-05
84739,3.75376e-06,1.97126e-05
84740,3.75376e-06,1.97126e-05
84740,3.75376e-06,1.97126e-05
84740,-1.77362e-06,4.76389e-06
84742,-1.77362e-06,4.76389e-06
84742,-1.43599e-05,7.8194e-08
84742,-1.43599e-05,7.81938e-08
84742,-1.43599e-05,7.81936e-08
84742,-5.11451e-06,3.91258e-06
84742,-5.11451e-06,3.91258e-06
84742,-5.11451e-06,3.91258e-06
84742,-5.11451e-06,3.91258e-06
84742,-4.50102e-06,-2.14332e-06
84742,-4.50102e-06,-2.14332e-06
84742,-4.50102e-06,-2.14332e-06
84742,-2.71775e-06,3.8312e-06
84742,-2.71775e-06,3.8312e-06
84742,-2.71775e-06,3.8312e-06
84742,-2.71775e-06,3.8312e-06
84742,-2.71775e-06,3.8312e-06
84742,-2.71775e-06,3.8312e-06
84742,-2.71775e-06,3.8312e-06
84742,-2.71775e-06,3.8312e-06
84742,-5.89001e-07,3.06095e-06
84743,-5.89001e-07,3.06095e-06
84743,-1.6284e-05,-6.05489e-06
84743,-1.64134e-05,-6.57038e-06
84743,-1.64134e-05,-6.57038e-06
84743,-2.05248e-05,4.37373e-06
84743,-2.13179e-05,3.81122e-06
84745,-2.98854e-05,3.98994e-06
84745,-2.98854e-05,3.98994e-06
84745,-2.98854e-05,3.98994e-06
84746,-2.98854e-05,3.98994e-06
84748,-2.98854e-05,3.98994e-06
84748,-2.98854e-05,3.98994e-06
84751,-3.76944e-05,-1.25917e-08
84751,-1.60053e-05,4.70327e-06
84752,-1.60053e-05,4.70327e-06
84752,-1.60053e-05,4.70327e-06
84755,-1.60053e-05,4.70327e-06
84755,-1.45981e-05,3.51753e-06
84755,-2.19532e-05,5.53654e-06
84755,-2.19532e-05,5.53654e-06
84823,-2.19532e-05,5.53654e-06
84823,-2.19532e-05,5.53654e-06
84823,-2.19532e-05,5.53654e-06
84823,-2.19532e-05,5.53654e-06
84824,-2.19532e-05,5.53654e-06
84824,-2.19532e-05,5.53654e-06
84872,-2.19532e-05,5.53654e-06
84872,-1.88848e-05,-1.12985e-05
84874,-1.88848e-05,-1.12985e-05
84874,-1.88848e-05,-1.12985e-05
84874,-1.88848e-05,-1.12985e-05
87110,-1.88848e-05,-1.12985e-05
87110,-1.88848e-05,-1.12985e-05
87110,-1.88848e-05,-1.12985e-05
87110,-1.88848e-05,-1.12985e-05
87110,-1.88848e-05,-1.12985e-05
87110,-3.05758e-05,6.31322e-06
87120,-3.05758e-05,6.31322e-06
87120,-3.42346e-05,5.08933e-06
87121,-4.62362e-05,6.76042e-07
87121,-4.62362e-05,6.7604e-07
87121,-4.62362e-05,6.7604e-07
87127,-3.11064e-05,6.41384e-06
87168,-3.11064e-05,6.41384e-06
87168,-3.37511e-05,4.30023e-06
87171,-3.3751e-05,4.30023e-06
87171,-1.56838e-05,7.15634e-06
87174,-1.56838e-05,7.15634e-06
87174,-1.56838e-05,7.15634e-06
87174,-1.56838e-05,7.15634e-06
87174,-1.56838e-05,7.15634e-06
87174,-1.56838e-05,7.15634e-06
87176,-1.56838e-05,7.15634e-06
87176,-1.69555e-05,1.94146e-06
87176,-1.69555e-05,1.94146e-06
87176,-1.04451e-05,-1.15314e-06
87199,-1.04452e-05,-1.15314e-06
87199,-3.60678e-05,-5.99479e-07
87224,-3.60678e-05,-5.99464e-07
87224,-2.28238e-05,1.93646e-06
87224,-2.28238e-05,1.93646e-06
87224,-2.28238e-05,1.93646e-06
87224,-1.43605e-05,1.09777e-06
87224,-5.25721e-05,-1.50647e-06
87224,-5.25722e-05,-1.50647e-06
87224,-2.80501e-05,-2.46896e-05
87224,-3.39608e-05,8.61707e-07
87224,-3.39608e-05,8.61707e-07
87224,-3.39608e-05,8.61707e-07
87224,-3.39608e-05,8.61707e-07
87224,-3.39608e-05,8.61707e-07
87224,-3.39608e-05,8.61707e-07
87224,-3.72697e-06,2.73978e-06
87224,-8.3994e-06,1.05529e-07
87224,-8.56788e-06,7.85909e-08
87224,-3.94292e-06,3.01436e-06
87224,-7.77421e-06,1.07981e-06
87239,-1.04139e-05,5.06466e-06
87239,-1.04139e-05,5.06466e-06
87239,-1.04139e-05,5.06466e-06
87239,-1.04139e-05,5.06466e-06
87241,-1.28922e-05,4.4481e-07
87241,-1.54073e-05,1.01175e-05
87241,-1.54073e-05,1.01175e-05
87243,-1.54073e-05,1.01175e-05
87246,-1.54073e-05,1.01175e-05
87246,-1.54073e-05,1.01175e-05
87246,-1.54073e-05,1.01175e-05
87246,-3.66615e-05,4.86767e-06
87246,-3.48119e-05,5.36308e-06
87249,-3.48119e-05,5.36308e-06
87249,-3.48119e-05,5.36308e-06
87251,-3.48119e-05,5.36308e-06
87251,-3.48119e-05,5.36308e-06
87251,-2.86978e-06,-2.35398e-06
87251,-1.24587e-06,1.32177e-06
87252,-3.92881e-06,7.71797e-07
87252,-4.24908e-06,-1.23473e-06
88792,-4.24908e-06,-1.23473e-06
88793,-4.24908e-06,-1.23473e-06
88801,-4.24908e-06,-1.23473e-06
88805,-4.24908e-06,-1.23473e-06
88805,-4.24907e-06,-1.23473e-06
88805,-4.24907e-06,-1.23473e-06
88805,-3.09493e-06,-2.20529e-06
88805,-4.16533e-06,-1.04913e-06
88805,-2.06433e-06,-3.45035e-07
88805,2.80856e-06,5.71119e-06
88805,-4.5075e-06,8.85947e-07
88805,-4.50751e-06,8.85946e-07
88805,-4.50749e-06,8.85947e-07
88805,-4.50749e-06,8.85947e-07
88805,-4.50749e-06,8.85947e-07
88805,-2.96001e-06,-2.48242e-06
88805,-5.10998e-06,2.23139e-06
88805,-3.77427e-06,-2.56175e-06
88810,-4.43462e-06,5.9511e-06
88810,-1.84988e-06,5.64515e-07
88810,-1.84988e-06,5.64515e-07
88810,-2.23686e-06,-4.95316e-07
88810,-2.23686e-06,-4.95316e-07
88810,-2.23686e-06,-4.95316e-07
88813,-2.23686e-06,-4.95316e-07
88813,3.18922e-06,9.04604e-06
88813,3.18921e-06,9.04604e-06
88813,-1.87477e-06,-1.54471e-06
88816,-1.87477e-06,-1.54471e-06
88816,-1.87477e-06,-1.54471e-06
88816,-1.87477e-06,-1.54471e-06
88816,-3.49123e-06,-1.93171e-06
88816,3.7413e-06,6.98341e-06
88818,3.7413e-06,6.98341e-06
88818,3.7413e-06,6.98341e-06
88818,3.7413e-06,6.98341e-06
88818,-7.90611e-06,6.88493e-06
88818,-7.90611e-06,6.88493e-06
88818,-7.90611e-06,6.88493e-06
88818,-7.90611e-06,6.88493e-06
88821,-334747,-2.07104e-06
88821,-3.89343e-06,1.73684e-06
88821,-2.34271e-06,5.38343e-06
88821,-8.51711e-07,3.12015e-06
88822,-4.85992e-06,-3.34982e-07
88822,-5.90684e-06,-3.04491e-07
88823,-350569,1.42673e-06
88823,-1.14183e+06,1.42673e-06
88823,-3.14267e-07,3.3802e-07
88826,-3.14267e-07,3.3802e-07
88826,-5.61738e-06,3.47328e-07
88827,-5.61738e-06,3.47328e-07
88827,-5.61737e-06,3.47328e-07
88829,-5.61738e-06,3.47328e-07
88830,-3.72021e-06,-2.44834e-06
88830,-3.72021e-06,-2.44834e-06
88830,-2.61555e-06,2.60436e-06
88831,-2.61555e-06,2.60436e-06
88831,-2.61555e-06,2.60436e-06
88831,-2.61555e-06,2.60436e-06
88831,-4.12085e-06,3.72955e-07
88831,-4.12085e-06,3.72955e-07
88831,1.01719e-06,0.412817
88831,1.01719e-06,0.412817
88831,5.13325e-06,0.412817
88831,3.44021e-06,0.412817
88831,3.44021e-06,0.412817
88860,3.77972e-06,210.353
88869,3.77972e-06,73.18
88908,3.11299e-06,5.59628
88912,3.11299e-06,0.355723
88912,3.11299e-06,0.355723
88912,3.4563e-06,0.355723
88912,3.4563e-06,5.74792
88912,3.4563e-06,5.74792
88916,1.1137e-05,2.47616
88916,1.1137e-05,2.62752
88916,1.1137e-05,11.6238
88917,1.50182e-05,1.69887
88917,8.71502e-06,1.69887
88917,-3.45767e-07,1.69887
88921,-3.45768e-07,8.23045
88921,3.49756e-06,4.1611
88921,8.86829e-06,4.1611
88921,8.8683e-06,4.1611
88922,1.95181e-06,13.6091
88922,1.95181e-06,13.6091
88922,1.95181e-06,13.6091
88922,1.95181e-06,25.6475
88924,8.36896e-06,-10.2644
88924,8.36896e-06,3.46251
88924,8.36896e-06,3.46251
88924,8.36896e-06,3.46251
88924,8.36896e-06,4.29003
88924,1.96862e-05,4.29003
88928,1.96862e-05,1.63295
88930,2.67471e-05,1.0791
88930,2.67471e-05,2.02979
88930,1.83684e-05,1.0791
88930,1.83684e-05,1.0791
88930,1.83684e-05,1.0791
88930,1.83684e-05,1.0791
88930,9.83471e-06,1.0791
88930,5.62634e-06,1.0791
88930,9.55857e-06,2.02979
88930,9.55857e-06,2.02979
88931,9.55857e-06,0.92247
88949,9.55857e-06,44.3444
88949,1.97554e-05,20.4442
88955,2.39917e-05,13.1122
88958,2.22306e-05,-11.2932
88964,2.22306e-05,5.65408
88969,2.22306e-05,2.33506
88969,9.4525e-06,2.33506
88969,3.064e-05,2.33506
88969,3.41548e-05,2.33506
88972,2.28566e-05,2.10295
88972,2.29523e-05,2.10295
88977,2.29523e-05,-0.020977
88977,2.29523e-05,4.44547
88980,2.29523e-05,1.56035
88980,2.29523e-05,1.56035
88980,4.13194e-06,1.56035
88981,4.13194e-06,-0.815684
88981,5.28369e-06,-1.65038
88982,5.28369e-06,-0.869277
88984,5.28369e-06,2.47423
88984,5.28369e-06,2.62557
88984,5.28369e-06,1.14749
88984,5.28369e-06,1.14749
88984,5.28369e-06,1.14749
88985,5.28369e-06,1.73685
88985,5.28369e-06,1.73685
88986,5.28369e-06,5.28271
88987,5.28369e-06,0.712296
89012,5.28369e-06,3.85797
89012,2.88412e-06,3.85797
89012,2.88412e-06,3.85797
89012,4.59751e-06,3.85797
89012,4.78706e-06,3.85797
89012,4.78706e-06,2.01427
89012,3.9244e-06,3.95767
89012,3.9244e-06,8.44322
89021,4.63524e-06,6.9633
89021,4.63524e-06,7.81356
89022,4.63524e-06,3.91145
89022,4.63524e-06,3.40205
89022,4.63524e-06,4.13162
89023,4.63524e-06,7.23648
89027,4.63524e-06,1.31546
89027,4.29822e-06,1.31546
89027,4.29822e-06,1.31546
89027,4.29822e-06,1.31546
89027,4.8986e-06,1.31546
89027,4.8986e-06,1.31546
89031,4.8986e-06,0
89031,4.8986e-06,0
89032,4.8986e-06,11.009
89032,4.8986e-06,7.92365
89033,4.8986e-06,8.27837
89033,2.61114e-06,8.27837
89034,2.61114e-06,2.39194
89034,2.61114e-06,2.39194
91068,2.61114e-06,-23.5467
91068,4.36351e-06,-0.802129
91076,4.36351e-06,7.35945
91076,4.36351e-06,14.6979
91080,4.36351e-06,2.73363
91080,5.40705e-06,2.73363
91080,5.40705e-06,2.73363
91080,3.0391e-06,2.73363
91088,5.22302e-06,9.588
91088,4.5325e-06,9.588
91088,4.5325e-06,10.259
91090,4.5325e-06,-0.249288
91090,5.83751e-06,-0.249288
91090,4.70577e-06,-0.249288
91090,4.70577e-06,-0.249288
91101,4.70577e-06,0.835632
91101,4.70577e-06,0.835632
91101,4.70577e-06,0.835632
91102,4.70577e-06,0.634697
91102,3.35396e-06,2.2374
91102,3.35395e-06,2.36217
91104,3.35395e-06,6.67979
91104,1.80118e-05,6.67979
91105,1.80118e-05,0.97509
91105,6.30247e-06,0.739965
91105,5.69577e-06,-4.3377
91105,5.69577e-06,-5.08989
91105,5.69577e-06,-5.08989
91108,1.52822e-05,0.054459
91108,1.52822e-05,0.054459
91108,1.52822e-05,0.054459
91108,1.27309e-05,0.054459
91108,1.27309e-05,0.054459
91109,1.27309e-05,1.61392
91109,1.27309e-05,1.6979
91109,1.18888e-05,1.05195
91136,4.35979e-06,24.5908
91136,4.35979e-06,23.3348
91144,1.16557e-05,0.721709
91144,1.16557e-05,0.139322
91144,3.0041e-05,4.53063
91144,3.0041e-05,4.53063
91145,3.0041e-05,39.0366
91148,1.0448e-05,22.5751
91148,1.0448e-05,22.5751
91148,1.0448e-05,22.5751
91148,9.39855e-06,22.5751
91151,9.39855e-06,19.1645
91151,1.11587e-05,19.1645
91151,1.11587e-05,19.1645
91154,1.11587e-05,16.1267
91161,1.11587e-05,1.906
91161,1.11587e-05,1.906
91161,1.11587e-05,1.906
91161,1.11587e-05,1.23168
91161,1.11587e-05,1.23168
91161,1.11587e-05,1.23168
91168,1.11587e-05,0
91168,1.02872e-05,0
91169,3.84403e-06,3.07798
91169,3.84403e-06,4.61314
91169,3.84403e-06,9.30182
91170,3.63451e-05,3.0172
91170,3.63451e-05,3.85303
91170,3.63451e-05,5.86904
91170,2.29819e-05,5.86904
91171,2.29819e-05,1.45327
91171,1.29811e-05,3.47394
91171,1.99499e-06,4.16389
91173,1.99499e-06,0.659568
91173,1.99499e-06,0.659568
91173,2.41502e-06,0.659568
91173,2.41502e-06,0.659568
91173,2.41502e-06,0.659568
91173,2.11742e-06,0.659568
91173,2.11742e-06,0.659568
91173,2.11742e-06,0.659568
91175,2.11742e-06,4.32
91175,2.11742e-06,4.32
91194,2.11742e-06,-61.3364
91196,2.11742e-06,-60.0749
91196,2.11742e-06,-60.0749
91200,2.11742e-06,39.9613
91221,2.11742e-06,12.8009
91225,2.11742e-06,4.58884
91225,2.11742e-06,4.58884
91225,2.11742e-06,2.67886
91225,2.11742e-06,2.67886
91225,2.11742e-06,2.67886
91225,2.11742e-06,2.67886
91227,2.11742e-06,-0.0138526
91230,2.11742e-06,3.36594
91230,2.11742e-06,3.36594
91230,2.11742e-06,3.36594
91230,2.11742e-06,3.36594
91232,2.11742e-06,7.15405
91234,2.11742e-06,1.07214
91234,2.11742e-06,1.07214
91234,2.11742e-06,1.07214
91234,2.11742e-06,1.07214
91234,2.11742e-06,1.07214
91234,2.11742e-06,1.07214
91234,2.11742e-06,1.07214
91234,2.11742e-06,1.07214
91234,2.11742e-06,1.07214
91235,1.58256e-06,0.770807
91235,4.78271e-06,0.770807
91235,1.18896e-05,0.770807
91235,1.18896e-05,0.770807
91235,1.18896e-05,0.770807
91235,8.6815e-07,0.770807
91235,8.6815e-07,0.770807
91235,8.6815e-07,0.770807
91235,8.6815e-07,0.770807
91237,2.88886e-05,7.40541
91237,2.88886e-05,7.40541
91238,7.45217e-06,0
91240,1.20057e-06,6.22546
91240,1.20057e-06,3.8658
91240,1.20057e-06,3.8658
91241,1.20057e-06,5.37882
91241,1.20057e-06,5.37882
91242,1.20057e-06,1.17796
91242,1.17821e-05,8.20848
91243,1.33157e-05,21.5346
91243,2.88234e-06,13.9142
91243,1.14062e-05,5.23448
91243,2.47994e-05,5.23448
91243,2.47994e-05,45.9126
91243,3.18653e-05,28.7155
91243,3.18653e-05,31.0751
91246,3.18653e-05,5.30424
91246,3.18653e-05,6.3788
92475,3.18653e-05,2.71063
92475,3.18653e-05,2.71063
92500,3.18653e-05,0
92500,3.18653e-05,8.62923
92506,3.18653e-05,23.6613
92506,3.18653e-05,17.9096
92506,3.18653e-05,17.9096
92507,3.18653e-05,8.74205
92512,3.18653e-05,1.97484
92512,5.34506e-06,1.97484
92515,5.34506e-06,-17.3145
92518,4.392e-06,0.866849
92518,4.392e-06,0.866849
92518,2.91758e-06,0.866849
92518,1.47959e-05,0.866849
92518,1.47959e-05,0.866849
92518,1.47959e-05,0.866849
92538,1.47959e-05,27.8533
92539,1.47959e-05,0.820139
92546,1.47959e-05,0.379592
92550,9.49787e-06,10.7987
92554,6.06623e-06,7.40228
92555,1.12431e-05,2.31419
92555,1.12431e-05,2.31419
92555,1.12431e-05,2.31419
92555,1.16754e-05,2.31419
92560,5.74019e-06,5.68256
92567,3.04077e-06,3.72969
92567,5.37592e-06,3.72969
92567,5.37592e-06,3.72969
92567,5.37592e-06,3.72969
92567,3.22116e-06,3.72969
92567,3.22116e-06,3.72969
92579,3.22116e-06,10.3686
92580,2.3834e-06,3.41574
92580,2.3834e-06,3.41574
92580,2.3834e-06,3.41574
92580,2.3834e-06,3.41574
92580,5.18795e-06,5.64724
92655,5.18795e-06,-27.9746
92664,5.18795e-06,38.01
92701,5.18795e-06,24.938
92733,2.26206e-05,4.01492
92733,2.72579e-05,4.01492
92733,2.59806e-05,4.01492
92733,1.75182e-05,4.01492
92733,1.94682e-06,1.94541
92733,1.94682e-06,1.94541
92733,1.94682e-06,4.04655
92745,3.72336e-06,-23.4088
92746,3.72336e-06,-12.2929
92748,2.76004e-06,-4.17102
92758,2.76004e-06,30.0604
92767,2.76004e-06,3.42905
92767,2.76004e-06,1.72152
92767,2.76004e-06,8.40465
92767,2.76004e-06,6.29305
92767,3.09949e-06,6.29305
92768,3.09949e-06,-12.6188
92787,3.09949e-06,1.65026
92789,2.55746e-06,-1.22118
92790,2.55746e-06,13.4963
92800,2.55746e-06,1.18371
92800,1.93273e-05,1.56205
92801,1.93889e-05,0
92801,1.93889e-05,0
92801,1.93889e-05,0
92801,1.39759e-05,0
92802,1.39759e-05,16.6541
92802,1.39759e-05,26.415
92804,1.71594e-06,5.13164
92804,1.71594e-06,5.13164
92804,1.71594e-06,5.13164
92804,4.52473e-06,5.13164
92805,1.76557e-05,-2.94219
92806,1.76557e-05,20.8428
92806,1.76557e-05,20.8428
92806,1.76557e-05,20.8428
92806,1.76557e-05,20.8428
92813,1.76557e-05,3.20578
92813,2.86891e-05,3.1482
92813,1.19582e-06,3.1482
92813,1.17908e-06,3.1482
92816,2.06853e-07,-2.18268
92819,2.06853e-07,9.0932
92820,1.04409e-05,17.913
92821,2.82552e-09,6.10791
92823,9.38929e-07,5.41241
92831,4.56042e-08,5.17143
92833,4.56033e-08,1.43045
92833,2.2773e-06,1.43045
92834,2.2773e-06,2.6711
92834,4.54641e-07,2.6711
92839,4.54641e-07,1.26019
92839,6.93277e-06,1.26019
92839,3.48442e-06,1.26019
92839,3.48442e-06,1.26019
92840,3.48442e-06,1.05449
92840,3.48441e-06,1.05449
92841,3.48441e-06,0.405545
92841,3.48441e-06,0.405545
92841,9.89442e-06,0.405545
92841,9.89442e-06,0.405545
92842,9.89442e-06,2.33298
92842,9.89442e-06,2.33298
